/*--------------------------------*- C++ -*----------------------------------*\
  =========                 |
  \\      /  F ield         | OpenFOAM: The Open Source CFD Toolbox
   \\    /   O peration     | Website:  https://openfoam.org
    \\  /    A nd           | Version:  10
     \\/     M anipulation  |
\*---------------------------------------------------------------------------*/
FoamFile
{
    format      ascii;
    class       volScalarField;
    location    "0.02";
    object      p;
}
// * * * * * * * * * * * * * * * * * * * * * * * * * * * * * * * * * * * * * //

dimensions      [1 -1 -2 0 0 0 0];

internalField   nonuniform List<scalar> 
32768
(
101334.52982500901
101338.01228303288
101335.48618963727
101340.57374690901
101338.25273783188
101341.30813639441
101338.43629928432
101339.85514495557
101318.43865093353
101310.96154617463
101316.43728523336
101315.90271819838
101323.60672943319
101324.85515116781
101332.50082511084
101333.29090933707
101335.35629505722
101332.4425744789
101328.98478990518
101323.89182484748
101318.28102027517
101315.18725658426
101310.96262035685
101313.1670720384
101336.22493459212
101340.01634755032
101339.52969159535
101341.23257171293
101339.55773298413
101338.47416035153
101336.61687230386
101335.38509922144
101332.48729682248
101335.86505489179
101333.04860378135
101338.3711311552
101335.87805406281
101339.88514586017
101336.59084132712
101336.49047282162
101320.52663172004
101310.94468885307
101318.02513809863
101317.5585377457
101326.38966895462
101327.7779273858
101335.51518455397
101336.38374293709
101337.99948052343
101335.20312338126
101331.93045543969
101326.55434950687
101320.70276674259
101316.11350254071
101311.98549216677
101315.55161943057
101332.48036970723
101338.56191747132
101338.25845673789
101339.18277582762
101337.33421801195
101336.24415530793
101334.63901117331
101333.4105583983
101328.09351826461
101331.4690007993
101328.81131821859
101334.40907320775
101331.5713168091
101336.09679720594
101331.62064675718
101333.49515706135
101319.26484270205
101310.79592158552
101316.73958395614
101316.62466736285
101324.44912310361
101326.12687522813
101333.82036567778
101334.95470431476
101336.65389814932
101333.48276136276
101330.17321494487
101324.70341009815
101319.5790038905
101314.97301926315
101312.31903792749
101314.25120844074
101329.63838977834
101333.95639427354
101334.34156964193
101334.76146048856
101333.25623026607
101331.79062206284
101330.38018188877
101328.79998288272
101324.09339145302
101326.95490035503
101324.0628546634
101329.52231851066
101326.72252151814
101331.69495470889
101327.05308983085
101330.72951202435
101319.17335606241
101313.39095297475
101320.43376942928
101320.76582086319
101329.27433151266
101331.25943105019
101338.17932008405
101339.1255499002
101340.31142169636
101337.56897198802
101334.64824563492
101329.15808209681
101324.35108574203
101318.83082415223
101315.38422773665
101315.1574695241
101327.99288476339
101329.05809617226
101329.88191011589
101329.32986917734
101328.55886203071
101326.75612808367
101326.05564964746
101324.65340911099
101317.60704296647
101320.07862598337
101318.29867850743
101323.41167969652
101320.76761047293
101325.80345515019
101321.42130839049
101325.45641292956
101316.58170727851
101311.60426682078
101318.02315286704
101319.04576474855
101327.04002052841
101329.81353852522
101336.90547356676
101338.12526169562
101339.23415806447
101336.3730962127
101332.92848454796
101327.2618405816
101322.263802942
101317.14800566554
101313.86409826738
101313.14246945447
101323.02261090561
101323.3923471774
101324.51243578678
101323.11178329482
101322.82249029727
101320.25618686469
101319.47147736956
101317.97018729003
101315.60962300368
101316.63715017204
101315.15355108269
101318.97235836652
101316.74329663492
101321.09729437323
101318.10394914258
101322.4944101336
101316.54765063793
101314.94308883676
101321.5119004435
101323.63825359843
101331.12675059936
101333.82662741389
101339.23795197428
101340.09151782992
101340.67885597123
101339.01719881486
101336.13004753621
101331.31947312054
101326.38776046314
101320.95545633609
101316.94814654705
101315.04044268912
101321.01348496719
101319.66354067382
101320.33162163653
101318.54166127632
101318.77505382526
101316.42915176714
101316.27519193647
101315.80384407603
101311.22084193039
101311.83602533632
101312.01765356188
101314.83895265119
101312.83445703304
101316.04345934649
101313.98002240004
101317.79022831515
101314.79248469186
101313.26069905443
101318.69210459941
101320.46055561645
101327.07436359345
101330.38824725823
101336.67503152027
101338.86739902395
101339.13842456759
101337.34124462969
101332.74693697946
101327.68819441924
101322.62219074664
101318.4845516545
101314.63277988466
101313.68480635612
101317.33566111111
101314.98058225511
101315.93994484091
101314.11416019571
101314.62223185415
101312.36984120133
101311.85868775523
101310.97563262563
101313.65356836483
101316.72661748438
101315.4444617308
101316.09869738763
101313.82891668708
101315.06862902988
101313.62605043448
101316.15058155988
101316.24199054943
101317.21191244115
101321.89026825948
101324.19465909633
101329.56965105415
101331.74482504316
101335.13411693796
101338.75382493666
101339.06824918184
101335.85468703801
101333.34321738375
101330.06681498719
101325.27635448378
101322.16909518771
101317.98833925548
101316.26552012365
101316.64240666824
101313.95943150097
101315.19606859992
101313.66861103722
101315.74064417132
101315.02859827595
101316.47402620288
101313.83742680997
101337.24414154801
101333.6348174172
101331.20962027815
101328.38932535317
101323.78999447645
101321.19173478552
101317.51461800482
101316.53588603115
101316.40232643852
101314.39861973481
101316.09894849962
101315.76120586804
101318.10946438804
101317.96926729349
101319.32607965622
101317.37290059093
101317.19657867205
101319.59678805752
101318.5127877326
101318.46497136734
101316.04660363108
101316.19876750102
101314.52822533621
101316.25593587363
101316.30437425277
101316.99052571184
101321.00492925631
101322.92332590792
101328.28749110163
101329.95993030221
101332.93580310818
101336.86481926547
101340.19298614419
101338.55652508003
101333.93041414637
101328.76331696518
101323.39520099331
101319.18536599299
101315.11059681182
101313.90446898356
101317.1046075559
101314.37691734117
101314.97509701946
101312.93724309033
101313.59303325528
101311.7222840972
101311.79112528084
101311.35652159978
101311.65411656213
101311.68657414582
101311.48871411575
101313.97397954605
101311.76969275593
101315.23910336674
101313.26469113627
101317.36893691737
101314.86588129921
101313.70496089775
101319.40480395548
101321.31055080744
101328.02229645764
101331.49726799128
101337.59720539817
101339.87909980223
101339.90534059751
101338.44935582754
101335.17903190323
101330.36387402132
101325.53394050954
101320.49766888295
101316.77718223707
101315.1454913535
101320.94693782434
101319.83610492181
101320.64700034152
101318.9162563291
101319.38810404843
101317.2795496875
101317.2538459497
101316.52718843796
101316.33259701366
101317.79654606065
101316.15745871718
101319.73367231549
101317.240599121
101321.42354301848
101318.23424437629
101322.44644306733
101316.62642516328
101314.87293460267
101321.10907114661
101322.88809746226
101330.05438063064
101332.82520041891
101338.42878865448
101339.40184041782
101340.83546732405
101338.31461696944
101334.53318873973
101328.64106488299
101323.41432769234
101318.00110578725
101314.48244328242
101313.22972754638
101322.6309467377
101322.31619184876
101323.09014321752
101321.14661959256
101320.76775655893
101318.61481318614
101317.97716488151
101316.7679923924
101316.51012014711
101318.42325838847
101316.83227584189
101321.4251930707
101318.91100236078
101324.17822202799
101320.22750064699
101324.78844107014
101316.4086767236
101312.19807222878
101318.78981451775
101320.0098698073
101328.17775642975
101331.42491321059
101338.59574114277
101339.97956209915
101339.91207059287
101337.15836995264
101334.07457680021
101328.71279047886
101323.98925233822
101318.64209473504
101315.29061383949
101314.93858025855
101327.67956470305
101328.82264825792
101329.69919391983
101329.06090605968
101328.38654816548
101326.42058256539
101325.72498649204
101324.20240285814
101323.62777149038
101326.60250862778
101323.88691364053
101329.46083762308
101326.45422871631
101331.48250750758
101326.76849676704
101330.40400364835
101318.97793268214
101313.21533169126
101320.20421167275
101320.32718860992
101328.59717433571
101330.69264828293
101337.63188594043
101338.56128229431
101338.36471494281
101335.32190720201
101331.77444636439
101326.17160611438
101320.81909035722
101315.80354438021
101312.64204424093
101314.00241987697
101329.38241958716
101332.65913957157
101332.95742105205
101332.98521876567
101331.22916661543
101329.1486696588
101327.62356056814
101325.96941253837
101325.33344677424
101328.76460425887
101326.30736016364
101332.26295758103
101329.79052298501
101334.77305775075
101330.28102994955
101332.72353239873
101318.97439107863
101310.91981358142
101317.17626760654
101317.66450782779
101325.82000883199
101327.64539647191
101335.41645002164
101336.51550048887
101337.39829465489
101334.58924234475
101331.29591002713
101326.11254220824
101320.48618450233
101316.08093462157
101312.14302719725
101315.51907909135
101332.21942426819
101338.03805577365
101338.14326085508
101339.33927093979
101337.47414323596
101336.15777989096
101334.44897662906
101332.98711103848
101332.07686990572
101335.78342077795
101333.05152000666
101338.61737230021
101336.13979093492
101339.89389263433
101336.20190214129
101336.10474274492
101320.37223044192
101311.10565801684
101317.98138951127
101317.37082367013
101326.05675755434
101327.18249363758
101334.70801630673
101335.57134671549
101335.74845294232
101332.8617338262
101329.3300602372
101324.19973763655
101318.54043594406
101315.36944707148
101310.96388913071
101313.18412734821
101335.92069745943
101339.92650786453
101339.2082247564
101340.60116758051
101338.64651118682
101337.24119344188
101335.27371486023
101333.98219584521
101333.05132205873
101336.75533728649
101334.31138796385
101339.74278476722
101337.52000223183
101340.88076549349
101338.24295650303
101339.6443580753
101318.63246116163
101310.82051736576
101316.56057449346
101316.05675283202
101323.98591064825
101325.19922895469
101332.85267981798
101333.69709894215
101335.35528008058
101332.44176513143
101328.98413946536
101323.89183375878
101318.28116842275
101315.18751540138
101310.96295006268
101313.16708562296
101336.2244562251
101340.0157688019
101339.52982504657
101341.23250358536
101339.55698251905
101338.47409916035
101336.61659103411
101335.3853294549
101334.5299300676
101338.01406135675
101335.4846175454
101340.57359614586
101338.25265457845
101341.30704137398
101338.43598981921
101339.85481598988
101318.43814678169
101310.96109757181
101316.43668578906
101315.90217911932
101323.60564570315
101324.85486605784
101332.50071567213
101333.29223366381
101338.00105922049
101335.20431607003
101331.93108711488
101326.55482549114
101320.70298063771
101316.1140320069
101311.98578174657
101315.55141038247
101332.48003936451
101338.5610225991
101338.25735869844
101339.18309695426
101337.33271434988
101336.24398209171
101334.63839056993
101333.41060798768
101332.48717635265
101335.8660383332
101333.04670976926
101338.36990354737
101335.8779926876
101339.88502940084
101336.59088294682
101336.49033430903
101320.52631511135
101310.94450268472
101318.02467220198
101317.55835353539
101326.38972397843
101327.77926717247
101335.51110799598
101336.38732491659
101336.65049300078
101333.48211095601
101330.17392209137
101324.70312379583
101319.57794415098
101314.97248848517
101312.3188298576
101314.25093042446
101329.63837172896
101333.95643420657
101334.34213489863
101334.76242702047
101333.25511651013
101331.79088395277
101330.3796375509
101328.7999127345
101328.09338857605
101331.46925278688
101328.81052914975
101334.40771705078
101331.57135320774
101336.09735646335
101331.62104852412
101333.49533033537
101319.26471418902
101310.79591637416
101316.73889013536
101316.62366087946
101324.44583495133
101326.12574967479
101333.83129993649
101334.94528397673
101340.31419025404
101337.56969487673
101334.64940173105
101329.15872773711
101324.35119614234
101318.83345874169
101315.38529437015
101315.15747325665
101327.99174675197
101329.05655621851
101329.88164455045
101329.33048892286
101328.5587791094
101326.75681915238
101326.05613630242
101324.65369650186
101324.09352208921
101326.95475932736
101324.06221791891
101329.5216622453
101326.72251283374
101331.69523032013
101327.05308582811
101330.72940220592
101319.17323274016
101313.39146318272
101320.4335142725
101320.76421230675
101329.26963025428
101331.26012947781
101338.18131459864
101339.12319356645
101339.23682877685
101336.37428577803
101332.92908134039
101327.25978113383
101322.261846769
101317.14332597918
101313.86261887725
101313.14196460557
101323.02192707962
101323.3920109099
101324.51316511346
101323.11177884651
101322.82146664627
101320.25625640943
101319.47135380542
101317.97025848985
101317.60708222556
101320.07850080883
101318.29825768372
101323.41119128451
101320.76725187495
101325.80326093989
101321.42073705948
101325.45596647657
101316.58120783159
101311.60372212206
101318.02231349461
101319.04452120743
101327.03834884832
101329.81553577723
101336.90639773631
101338.12728279945
101340.67958514272
101339.01759598083
101336.13025217174
101331.3182989792
101326.38805629652
101320.95640230065
101316.94825562698
101315.03984365398
101321.01220024518
101319.66137741857
101320.32960914585
101318.54078638862
101318.77611556392
101316.42946637461
101316.2759452115
101315.80418554737
101315.60982943099
101316.63727505054
101315.15364090323
101318.9723510094
101316.74295431552
101321.09680259356
101318.10321338732
101322.49396823831
101316.54717642562
101314.94369092039
101321.51378542364
101323.64170313584
101331.11901103061
101333.82853469574
101339.2369978307
101340.09163333615
101339.13866180592
101337.34133044622
101332.74821411591
101327.68807683641
101322.62155051575
101318.48597417866
101314.63268091969
101313.68463797032
101317.33547482746
101314.98110234964
101315.94127736482
101314.11367357077
101314.61963629854
101312.36914629643
101311.858600665
101310.97570030858
101311.22093091742
101311.83601160286
101312.01768830094
101314.83929663734
101312.83461656983
101316.04348443433
101313.98027189712
101317.79061551872
101314.79260143405
101313.26104687041
101318.69190687427
101320.45830256194
101327.0746113818
101330.39162918425
101336.67589713456
101338.86785311419
101339.06802960885
101335.85459192742
101333.3418454779
101330.06859355984
101325.27657346395
101322.16919515528
101317.98837739284
101316.2660657878
101316.64470083054
101313.96038273207
101315.19520565166
101313.66929956732
101315.7408373855
101315.02901703355
101316.47436720514
101313.83761506439
101313.65379896839
101316.72700465676
101315.4441430385
101316.09977009897
101313.82703960835
101315.06779749095
101313.62649510504
101316.15126329409
101316.24247436122
101317.21204184381
101321.89009356221
101324.19364468908
101329.57282069491
101331.74399763229
101335.13411251087
101338.75380699633
101317.19707621433
101319.59782052411
101318.51428642847
101318.46629496248
101316.04713431801
101316.19935368234
101314.52672874767
101316.25664825407
101316.30699331724
101316.99176362816
101321.00471025119
101322.92337404766
101328.28811084037
101329.95962033817
101332.93614410018
101336.86495855346
101337.24427021379
101333.63492984168
101331.20897133875
101328.3904264835
101323.78976557372
101321.19094412607
101317.51479935713
101316.53626772205
101316.4027620087
101314.39885889746
101316.09880441191
101315.76085386059
101318.10983436674
101317.96870249249
101319.32596311791
101317.37307247936
101311.65389183449
101311.68620363093
101311.48827167093
101313.97386547724
101311.77121753509
101315.2391605413
101313.26364742951
101317.36910397418
101314.86598920415
101313.70407360102
101319.40606914804
101321.31003154609
101328.02287322177
101331.49641448545
101337.59748983444
101339.87925519666
101340.19320783732
101338.55657003101
101333.92999484626
101328.76289686086
101323.39472024157
101319.18472205721
101315.11073022195
101313.9049090757
101317.10497117083
101314.37674546259
101314.97453105272
101312.93688118416
101313.59291522639
101311.72238601072
101311.79080625043
101311.3562418756
101316.33208452983
101317.79590042697
101316.1566024229
101319.73323790041
101317.24057202713
101321.42355757901
101318.23392021739
101322.44617917546
101316.6258284967
101314.87218640847
101321.10906384126
101322.88750871926
101330.05491998399
101332.82483801946
101338.42902364547
101339.40208174718
101339.90557827515
101338.44935689421
101335.17866501215
101330.36335631726
101325.53341923234
101320.4969629063
101316.77735844493
101315.14572357066
101320.94738367919
101319.83625959887
101320.64612372182
101318.91601734608
101319.38650033232
101317.2778870983
101317.25241957496
101316.52657558999
101316.51002189468
101318.42277035526
101316.83187332393
101321.4250733048
101318.91060452635
101324.17855303529
101320.22722198826
101324.7885248432
101316.40864281903
101312.19835446849
101318.79082435684
101320.0099929353
101328.17874085472
101331.42461952819
101338.59544632395
101339.97938666721
101340.83504539412
101338.31445761067
101334.53307432377
101328.64054230973
101323.41403022234
101318.00032871505
101314.48247937129
101313.22902704788
101322.63118562326
101322.31769498625
101323.08854435426
101321.1477219217
101320.76829486564
101318.61634067212
101317.97549541594
101316.76820476368
101323.62928892775
101326.60416271626
101323.88774478508
101329.4607662104
101326.45324579121
101331.48183439582
101326.76815983848
101330.40388270824
101318.97794024847
101313.21491123828
101320.20379080738
101320.3269879591
101328.59794865192
101330.69219797154
101337.63116602958
101338.56146085459
101339.91068675731
101337.1579187037
101334.07450445436
101328.71254802092
101323.98922077809
101318.6413316619
101315.29030111435
101314.93662894066
101327.67892909033
101328.82688873103
101329.69576784855
101329.06264660021
101328.38641612361
101326.42809312145
101325.72661441177
101324.20503443027
101325.33472355029
101328.7644966974
101326.30866276503
101332.26312295134
101329.7895897069
101334.77227345722
101330.2809380391
101332.72395448117
101318.97491382837
101310.92015324323
101317.17699930281
101317.66551647443
101325.82069931949
101327.64376347499
101335.41045607903
101336.52032518972
101338.36390403412
101335.32219396341
101331.77455983528
101326.17158638172
101320.81921498134
101315.80284301232
101312.64149725207
101313.99993336556
101329.37429223761
101332.66767768693
101332.9561350546
101332.98743918093
101331.22605144361
101329.14517936515
101327.6219092401
101325.96985252007
101332.07771874267
101335.78240271515
101333.0536602642
101338.61708812816
101336.13930606241
101339.89381419648
101336.20193082056
101336.10500355522
101320.37280810237
101311.10611334186
101317.98181482976
101317.3712114903
101326.05742746987
101327.17835096296
101334.70223506656
101335.57486726549
101337.39845826899
101334.58933225098
101331.29569837623
101326.11209064901
101320.48586785127
101316.08069117996
101312.1427066662
101315.5179907394
101332.21898223083
101338.03922139175
101338.14257664619
101339.33997691012
101337.47371760824
101336.15846457479
101334.44815086049
101332.98866610488
101333.05052325416
101336.75400193893
101334.31382468742
101339.74265521021
101337.52051966118
101340.88168041252
101338.24334513905
101339.64464799657
101318.63298302716
101310.82102395225
101316.56102813843
101316.05707320827
101323.9870965867
101325.20157965746
101332.85616900781
101333.68841667294
101335.74681760352
101332.86172836946
101329.33044375126
101324.19949782554
101318.54010968249
101315.36906668558
101310.96352568903
101313.1839336961
101335.92107580932
101339.92753642783
101339.20801406138
101340.60127023429
101338.64592230706
101337.24027892121
101335.27300217703
101333.98193512796
101334.52283865154
101337.93989230275
101335.36176608637
101340.37343137999
101338.0512404593
101341.16602167077
101338.07625990432
101337.71594327745
101320.89190001726
101310.81958734762
101316.3968046143
101315.97170169039
101323.52074898079
101325.09392841827
101332.50671940627
101333.28542435972
101335.25919391045
101332.22355687144
101329.21024563423
101323.63009228688
101318.6378272755
101314.59734368781
101311.60060413348
101316.00865334814
101332.94818808055
101340.38863739956
101339.28850707693
101341.08216610239
101339.18043087944
101338.29654655376
101336.51356145032
101335.38686935631
101332.26424308214
101335.53448654358
101332.85505100903
101338.02342948134
101335.6753897298
101339.48076687727
101336.28260576744
101336.20494477084
101320.87480290115
101311.22717373617
101318.01150354372
101317.69459246579
101326.20806650218
101327.96686343547
101335.45457936017
101336.28736173493
101337.91981783125
101334.92769016311
101331.99677309576
101326.23807153141
101320.94923618587
101315.88039355158
101312.51415177013
101316.20277619669
101331.74507731099
101338.36440963853
101337.78437355949
101338.89065256996
101336.94073810337
101335.97491685839
101334.31137457128
101333.17048610386
101328.3380429477
101331.58843523613
101328.99374735003
101334.27387834655
101331.588409916
101335.78795035143
101331.72757198306
101333.11680910796
101319.51892361429
101310.92991213659
101316.91868240274
101316.79003826295
101324.54007660897
101326.34931533232
101333.73807057807
101334.86880886958
101336.47811865524
101333.29652117757
101330.32795089782
101324.72124738316
101319.97575293158
101315.09106742041
101312.58888408431
101314.73241605659
101329.10551985269
101334.0835400053
101334.05199980279
101334.68782769216
101333.14181555164
101331.91345875585
101330.51230314549
101329.05625382757
101323.78110868814
101326.61657554864
101324.13026379628
101329.29079143109
101326.69914342606
101331.36649475501
101327.16416145243
101330.34641163734
101319.21937113884
101313.55168044487
101320.39721044476
101320.87967163514
101329.06507456962
101331.1836895075
101337.9725217224
101338.8780044334
101340.11211571695
101337.26148144862
101334.48710016353
101328.89026292948
101324.37606465761
101318.80824393415
101315.48306423314
101315.25991542966
101327.62874462488
101329.21435067533
101329.60223058854
101329.23731508464
101328.31568828727
101326.71808396219
101325.73963209749
101324.33957635178
101317.84706539781
101320.33407228878
101318.60223943453
101323.47030418873
101321.03266916992
101325.65643593275
101321.65272855814
101325.26865287995
101316.68288503279
101311.98190920378
101318.20598277435
101319.33132935296
101327.0230673043
101329.8403838371
101336.6776226434
101337.95886159476
101339.02314948833
101336.17802979131
101332.89855335024
101327.2351319364
101322.50237625571
101317.34439461827
101314.13832722357
101313.25528969633
101322.85032815629
101323.61152563368
101324.42710769006
101323.31471982587
101322.86389616154
101320.61307920716
101319.72855729636
101318.26276222999
101314.99776679745
101316.44849438503
101315.23889272803
101318.93525251019
101316.95688027085
101320.92051419357
101318.13893678668
101322.25390780348
101316.48240759832
101315.06034717699
101321.33382821875
101323.57793576465
101330.84833131527
101333.54443993134
101338.92530775789
101339.96910576886
101340.65895431873
101338.72237337384
101335.84350637936
101331.03080391388
101326.22854475449
101320.8004491727
101316.99925453073
101314.9726552979
101320.79639798672
101319.67342778105
101320.20203342444
101318.64420792412
101318.686540967
101316.59634320745
101316.09051146093
101315.24198860857
101311.24324109196
101312.28091264423
101312.10814353288
101314.9291046078
101313.07154946393
101316.17272281685
101314.16421604928
101317.77993770757
101314.76469565746
101313.38337078942
101318.69902009258
101320.64491004664
101327.12919785912
101330.55305907005
101336.29171829786
101338.41494993409
101338.77089858706
101336.97574291284
101332.84509415619
101327.82684729391
101322.81962267672
101318.50308039674
101314.79489309908
101313.61037351722
101317.24232914616
101315.14932836837
101316.01621859524
101314.33390442503
101314.68803714754
101312.55953568452
101312.28247878473
101311.30285522706
101317.03487828821
101317.45141791282
101315.98663154175
101316.21058366493
101313.90892387678
101315.02027309715
101313.56236294753
101315.99502501165
101316.10694781611
101317.17594166377
101321.66736267103
101324.02206340342
101329.18144893298
101331.40086308144
101334.7378007934
101336.69413143559
101336.88912213617
101335.45879383034
101332.95072445161
101329.6669453667
101325.07740602907
101321.90836502169
101317.98093730721
101316.10182368351
101316.48091906395
101313.89195028729
101315.13512207425
101313.77881933071
101315.82378172255
101315.48583944104
101317.23068644942
101316.92719540591
101333.89342008255
101332.77702707172
101330.44401669435
101328.16239397558
101323.5954919439
101320.97340020663
101317.42339758918
101316.37743411036
101316.26423578663
101314.30067839837
101316.02368054311
101315.8460350825
101318.14702254521
101318.21144410117
101319.7405727056
101319.77963912471
101319.86240997756
101319.96287151772
101318.74281514189
101318.48350563576
101316.13544476467
101316.12682791342
101314.51032082952
101316.15182673128
101316.17906816359
101316.91239943603
101320.78685961248
101322.75628982743
101327.86753071757
101329.66428441953
101332.12953613795
101333.67344287068
101340.41312123074
101338.3260391834
101334.11104226456
101328.85802914633
101323.59244995668
101319.20726055485
101315.28420989317
101313.81884128107
101316.99504697186
101314.49738083353
101315.06636831231
101313.14564287972
101313.73106184058
101311.8195161722
101312.04449783225
101311.31984040482
101311.45436233311
101312.07655785853
101311.51447461425
101314.07518935917
101312.13988498811
101315.35042458291
101313.42628846093
101317.35438214139
101314.84039490217
101313.83226651585
101319.39246522884
101321.48775098375
101328.14022765019
101331.72707544881
101337.46903107475
101339.88608231829
101339.83989528546
101338.16594168758
101334.99688946825
101330.11630549682
101325.41774603703
101320.36401969309
101316.81435210968
101315.06858794829
101320.71805118307
101319.8189217539
101320.50857510044
101319.04622979056
101319.31621132196
101317.43985365136
101317.16379240001
101316.31323436285
101316.094661287
101317.68467798815
101316.30166149784
101319.73508570554
101317.44849202776
101321.22501072244
101318.27149517056
101322.21649209458
101316.55654137724
101314.9866927603
101320.94322520607
101322.87619219936
101329.83445083098
101332.55630185692
101338.16937225238
101339.33067271653
101340.76401024322
101338.13114134972
101334.53492543413
101328.59875092717
101323.61175792807
101318.16509395748
101314.76714834597
101313.32954372672
101322.46502745281
101322.55027784598
101323.05374689132
101321.39592141504
101320.88282161695
101318.84887655238
101318.07484598043
101316.86152118517
101316.57236804612
101318.56505393106
101317.06459733733
101321.55772963064
101319.25305251754
101324.11009717165
101320.45726588399
101324.60259404678
101316.49042422141
101312.46144418477
101318.94485797427
101320.29643215724
101328.17485587692
101331.42294178602
101338.44598243896
101339.8538978705
101339.65080732948
101336.89511662054
101333.96046787946
101328.44755216052
101323.9965479841
101318.63304271008
101315.36479545668
101315.04514914338
101327.29610770407
101328.92364816474
101329.44651010739
101329.00679342399
101328.14162607644
101326.433939771
101325.4838548323
101324.00088329194
101323.45730969365
101326.33561220452
101323.93362855697
101329.21553711752
101326.48096374712
101331.18557960242
101326.84040887313
101330.00316699441
101319.00617697723
101313.39207217121
101320.16640719479
101320.42277090685
101328.39815008065
101330.63575136334
101337.44192572481
101338.34583915265
101338.16951256475
101335.08483689892
101331.8958328834
101326.15693744345
101321.17861948603
101316.01227373151
101312.92005935093
101314.45939960494
101328.7007612914
101332.84221315889
101332.7239911518
101332.99101133154
101331.13982371337
101329.35272302502
101327.8586710113
101326.25541145573
101325.56564942046
101328.95351317285
101326.55379392192
101332.18764505556
101329.86038621742
101334.48188213041
101330.43564660795
101332.37165316929
101319.20575757511
101311.10792682247
101317.42027451674
101317.8708286281
101325.87783932223
101327.84580690414
101335.31224897515
101336.43309654074
101337.25058515523
101334.30015121322
101331.36857584654
101325.82362585362
101320.75287975901
101315.8427066608
101312.68279912454
101316.15909547283
101331.46515035992
101337.90173745307
101337.72976105781
101339.11747119647
101337.10061777128
101336.06494413535
101334.38234152905
101333.10075613664
101332.10460487647
101335.71222018098
101332.9549605619
101338.32086311158
101335.90440370947
101339.53942745349
101335.86673902337
101335.75647795187
101320.77023487116
101311.38827307009
101317.91604028083
101317.49030678582
101325.87874004577
101327.38705570021
101334.68497055607
101335.5316883068
101335.64494740046
101332.6198318989
101329.5432069844
101323.94019845911
101318.90411228394
101314.78507873148
101311.66016300324
101315.90240175734
101332.8466150286
101340.12399308899
101338.95234673457
101340.41761829855
101338.33403306078
101337.17343267119
101335.31884291882
101334.10792237718
101333.20586932106
101336.72875905281
101334.29867558784
101339.51730021184
101337.36196092502
101340.67414114806
101337.83262841671
101337.61273558172
101320.8695605346
101310.82012123501
101316.53210710229
101316.14444499213
101323.90389200633
101325.41853578379
101332.85757302048
101333.69283081006
101335.25793643146
101332.22280814886
101329.20979027657
101323.6300770685
101318.6378026254
101314.59753933937
101311.60051689643
101316.00817837348
101332.94792623844
101340.3884585155
101339.28914498154
101341.0813785146
101339.17947068361
101338.29628317679
101336.51273201202
101335.38693484801
101334.5227708681
101337.9409483785
101335.36098824567
101340.37171555375
101338.05139632008
101341.16633776613
101338.07627763825
101337.71569044766
101320.89151006317
101310.81925138828
101316.39649119036
101315.97135532949
101323.52014453147
101325.09364201884
101332.50629808461
101333.28499754734
101337.91990505757
101334.92803023777
101331.99726710215
101326.23832752052
101320.94939264489
101315.88056769839
101312.51415976239
101316.20232232696
101331.74492198051
101338.36456535418
101337.78527385034
101338.89029209217
101336.93910714173
101335.97499125013
101334.31012031095
101333.17035214245
101332.26394211492
101335.53510829297
101332.8546584061
101338.02189579557
101335.67525739585
101339.4809876332
101336.28259446345
101336.20462838057
101320.87441834243
101311.22699095152
101318.01108684664
101317.69431690624
101326.20775223637
101327.96643987749
101335.4524947765
101336.28860755207
101336.47686194026
101333.29616653646
101330.32840522061
101324.72126980056
101319.97543221815
101315.09076592055
101312.5885432424
101314.73194311264
101329.10558716656
101334.08417760274
101334.05375334012
101334.6881098789
101333.14041998738
101331.91390379852
101330.51139678562
101329.05616814217
101328.3378173582
101331.58871796355
101328.99352695711
101334.27284975884
101331.58842391489
101335.78830374006
101331.72778287726
101333.11659424058
101319.51870837892
101310.92994523321
101316.91832321452
101316.78906567078
101324.53851698195
101326.34966208873
101333.74098994388
101334.86630875987
101340.11281484863
101337.26166028019
101334.48781115885
101328.89083136237
101324.37712304769
101318.80929833683
101315.48331371184
101315.25963353462
101327.62803834348
101329.2135391375
101329.60301144668
101329.23771043067
101328.31509406111
101326.71876820335
101325.73986225398
101324.33999059128
101323.78135445871
101326.61674175742
101324.12994853074
101329.29002742043
101326.6991486583
101331.36678315402
101327.16434932417
101330.34624726666
101319.21941368424
101313.55246941777
101320.39791781855
101320.87852595959
101329.0626645796
101331.18495700847
101337.97334533595
101338.8759381516
101339.02434331676
101336.17899546967
101332.89881759341
101327.23433516656
101322.50162654785
101317.34162796901
101314.13715963309
101313.25477797296
101322.84989605028
101323.61140595915
101324.42772385705
101323.31484435211
101322.86313037797
101320.61306329601
101319.72854044427
101318.26292046878
101317.84722765407
101320.33413611152
101318.60206199538
101323.46996684003
101321.03265844283
101325.65642355385
101321.65267484124
101325.26831798472
101316.68270461993
101311.98206010909
101318.20544972832
101319.33026946924
101327.02273818289
101329.84176241078
101336.67803702291
101337.95926625769
101340.65935879563
101338.72318049331
101335.84402286168
101331.03059999082
101326.22896967299
101320.80235524339
101316.99955328001
101314.97171429804
101320.79535783213
101319.67202885725
101320.20148405991
101318.6442696443
101318.6863649337
101316.59632562546
101316.09090381842
101315.24220418402
101314.99795679684
101316.44861343535
101315.23894148205
101318.93527508187
101316.957039172
101320.92049248701
101318.13889023346
101322.25374518598
101316.48226322784
101315.06096768945
101321.33496341438
101323.57868452578
101330.84685801881
101333.54533952748
101338.92487160505
101339.96908383323
101338.77114347492
101336.97646326004
101332.84579193231
101327.82691943544
101322.81958232804
101318.50204504786
101314.79409512348
101313.60936159533
101317.24222827909
101315.14981735058
101316.01721545878
101314.33400591635
101314.68717929118
101312.55877067504
101312.28225000198
101311.30274969665
101311.24318787808
101312.28087357446
101312.10801775972
101314.92915472374
101313.07185930657
101316.17284129336
101314.16445231381
101317.78034506233
101314.7650152359
101313.38378628838
101318.69885585588
101320.64400807658
101327.12991144086
101330.5544521859
101336.29211443152
101338.4151945107
101336.88923353373
101335.4589885902
101332.95050161873
101329.66837975894
101325.07895763175
101321.90847499728
101317.98053159865
101316.10067854417
101316.48192695034
101313.89253216259
101315.13574673524
101313.77851330311
101315.8235823556
101315.4858655404
101317.23081596586
101316.92727593987
101317.03496199941
101317.45140351386
101315.98635416137
101316.21071533007
101313.90858989011
101315.01998209678
101313.56243182169
101315.99531264567
101316.10736766325
101317.17595451153
101321.66728888548
101324.02187573901
101329.18333702444
101331.39990995852
101334.73784215777
101336.69428534525
101319.86262340283
101319.9633111841
101318.74317911442
101318.48454513479
101316.13646581376
101316.12905818819
101314.50736931752
101316.14951689377
101316.1801258881
101316.91273502071
101320.78752236678
101322.75615122808
101327.86776136328
101329.66404831222
101332.12972887371
101333.67352898311
101333.89345951969
101332.77691942683
101330.4436054776
101328.16238222586
101323.59518664834
101320.97296128243
101317.42329961163
101316.37761642379
101316.26431636621
101314.30073186869
101316.0235997595
101315.84592181774
101318.14702871502
101318.21091608428
101319.74049157242
101319.7797725905
101311.4540442838
101312.07649124881
101311.51376372002
101314.07737306959
101312.1379814743
101315.34847182999
101313.42376306624
101317.35359218639
101314.83995383048
101313.83183257877
101319.39265216709
101321.48771294414
101328.14021105898
101331.72697934313
101337.46901993293
101339.88598884881
101340.41338236778
101338.32593137126
101334.11063916369
101328.85762513944
101323.59205949435
101319.20683889379
101315.2841639947
101313.81901423341
101316.99517456199
101314.4971887851
101315.06577087668
101313.14510829204
101313.73040607048
101311.81924913256
101312.0440176353
101311.31950455732
101316.09443510199
101317.68451354247
101316.29993814867
101319.73571426308
101317.44797797869
101321.22466751593
101318.27055870756
101322.21599204444
101316.55568990602
101314.98562616768
101320.94300488388
101322.87598333784
101329.83491716707
101332.55653788004
101338.1700586595
101339.33116034695
101339.84023686363
101338.16594798006
101334.99655249895
101330.11576823812
101325.41739571617
101320.36355380387
101316.81437805248
101315.06860225437
101320.71815741499
101319.81891415642
101320.50776258447
101319.0458278544
101319.31491680254
101317.43934658237
101317.16306400494
101316.31304470933
101316.57273781949
101318.5655355535
101317.06469715541
101321.56006553968
101319.25302443236
101324.10996734518
101320.45598333613
101324.60243130536
101316.49013200312
101312.46140074267
101318.94514175874
101320.29657906023
101328.17536137714
101331.42302109301
101338.44617733036
101339.85439042193
101340.76399025242
101338.13109635071
101334.53481432122
101328.59818507016
101323.61147222867
101318.16446114499
101314.76711173347
101313.32914644039
101322.46468351482
101322.55070979011
101323.05249149953
101321.39655329139
101320.88228088147
101318.84938782261
101318.07351448458
101316.86191586677
101323.45701118956
101326.33533950265
101323.93337948623
101329.21545984726
101326.48012184999
101331.18485134126
101326.83964066103
101330.0027076744
101319.00591904081
101313.39158228139
101320.16602363293
101320.42243863721
101328.39809803467
101330.63531664254
101337.44170052213
101338.34661498951
101339.64989014044
101336.89479126123
101333.96052362956
101328.44719045635
101323.99644757074
101318.63239797726
101315.3646555298
101315.04444885398
101327.29565752464
101328.92508076297
101329.44508002386
101329.00803372137
101328.14164775978
101326.43749920021
101325.4837960751
101324.00177725332
101325.56584249594
101328.95343860205
101326.55489745985
101332.18820357027
101329.86011882612
101334.48142402901
101330.43539604206
101332.372000666
101319.20617253004
101311.10808515084
101317.42060198236
101317.87111654409
101325.87750435478
101327.84387625291
101335.30909631931
101336.43576338283
101338.16859946202
101335.08503167494
101331.89585877841
101326.15660238246
101321.17852299473
101316.01181257758
101312.91991153234
101314.4601136917
101328.69973257607
101332.84428490221
101332.72208454927
101332.99187705547
101331.13753329161
101329.35133544543
101327.85715899584
101326.25600312689
101332.10460906965
101335.71137547979
101332.95576868905
101338.32115944462
101335.90447512062
101339.53925634795
101335.86648631802
101335.75656570597
101320.7705332895
101311.38845844011
101317.91625384857
101317.49032795636
101325.87865276754
101327.38383644958
101334.68268724976
101335.53668154847
101337.25153391053
101334.30054469989
101331.36830492255
101325.82312420152
101320.75267852483
101315.84237222078
101312.6828120501
101316.15950557604
101331.46523770003
101337.90265712702
101337.72850433378
101339.11786597194
101337.10049863133
101336.06582241578
101334.38214294461
101333.10179209229
101333.20607731389
101336.72781735123
101334.2997388932
101339.51892398906
101337.36271085931
101340.67427855905
101337.83248783348
101337.61282814949
101320.8698672686
101310.82027076322
101316.53226575963
101316.14456080436
101323.90458621089
101325.41899689806
101332.85793316549
101333.69127099887
101335.64486071971
101332.61992183946
101329.54344348234
101323.93999697153
101318.90397179744
101314.78475992622
101311.66033825147
101315.9026261228
101332.84662267551
101340.12494621983
101338.9517750456
101340.41788516608
101338.33385442337
101337.17281542692
101335.31869741254
101334.10793781368
101333.78910415327
101337.00476383594
101334.54560005487
101339.37220605846
101337.05164883132
101340.1187327597
101335.91848672779
101336.00385934454
101321.8161171517
101313.24135103262
101317.10053764803
101316.53718181512
101323.33071446441
101325.16103705156
101331.7222109206
101332.61748416326
101334.32202853706
101331.16449942041
101329.02211514373
101323.19218601323
101319.52293873922
101315.16429423141
101314.6192562489
101317.10682819065
101331.37260167387
101337.43967088545
101338.18285136542
101339.95283955301
101338.22867175566
101337.38868594248
101335.67150988382
101334.71380424159
101331.24859096734
101334.36755802252
101331.98532286109
101336.90407242722
101334.76517866082
101338.30993535684
101334.7688998493
101335.21553220705
101321.41638582939
101313.47277026609
101318.65728155097
101318.34912954649
101325.80447783438
101327.86150418085
101334.61132768638
101335.43218022605
101336.89992273241
101333.76096993231
101331.55944056962
101325.67643032828
101321.64553086234
101316.50936842043
101314.99666410474
101316.84192370911
101330.71933179804
101336.50877351478
101336.55404217535
101337.7433199668
101335.91376509568
101334.96398560172
101333.2358407179
101332.1312136284
101328.31282362289
101331.30356958348
101328.87238558581
101333.59049857587
101331.26942546599
101335.10169684813
101331.42678699954
101332.39157964238
101320.0347998183
101312.49691303675
101317.43874461378
101317.43295296181
101324.48117683669
101326.36280491753
101332.92009860964
101334.16694240719
101335.58464319295
101332.43728415605
101330.06818861139
101324.43385270445
101320.73934788903
101315.76116953939
101313.98810604069
101315.43662649668
101328.53413914519
101333.46114620991
101333.37219994712
101334.15609395952
101332.61293581591
101331.69034206381
101330.31122305222
101329.06982681507
101323.27902084077
101326.07116380161
101324.0429999137
101328.69936247135
101326.60172471553
101330.90733781661
101327.40149323983
101329.86731449407
101319.57827229552
101314.4879024643
101320.49048841026
101321.23262005555
101328.44389542461
101330.63456680467
101337.01699917713
101338.08624610143
101339.24118653782
101336.31878929021
101333.81245617224
101328.23979580571
101324.44144532413
101318.96999348895
101316.22941710004
101315.78112067652
101326.99186060089
101329.43484800748
101329.29657789871
101329.0590371477
101327.84358673112
101326.51108439009
101325.29079220939
101323.86105236551
101318.73386953014
101321.08954071504
101319.33763894571
101323.69564052951
101321.63301653499
101325.71684658794
101322.34384822614
101325.37774115845
101317.31130429168
101313.14064661248
101318.79499169266
101320.05438873167
101326.91158105119
101329.59987498604
101335.72217459047
101337.02947757739
101338.00296211787
101335.30575096163
101332.51865652477
101327.05967187215
101322.87946315893
101317.79783616672
101315.07198117478
101314.23149312267
101322.93327526904
101324.15896814043
101324.58553015639
101323.79686239336
101323.08848457281
101321.34003132746
101320.46543940998
101319.1881544335
101315.39265196995
101317.01295930144
101315.72043117647
101319.15679616519
101317.56294660378
101321.11704506837
101318.83603126321
101322.48869289405
101317.06784393699
101315.90032675503
101321.53668522125
101323.8049759194
101330.31056050416
101332.88573495485
101337.9034323075
101338.98581756088
101339.64833964271
101337.69204673389
101335.15539319662
101330.5934885915
101326.17536829795
101321.01110581911
101317.73983707011
101315.63246706601
101321.10579618803
101320.27390792781
101320.49473525202
101319.13612580567
101318.86257227141
101317.09089760618
101316.61137408941
101315.67783531672
101314.34359599887
101314.70807379749
101313.48976544591
101315.70828705333
101314.20271824721
101317.0375425831
101315.1380064593
101318.51519048493
101315.52031835474
101314.43653290409
101319.41374911126
101321.50709424188
101327.41664040175
101330.42439415904
101334.92587389029
101336.08048525812
101336.51937425768
101335.32244440781
101332.48104472211
101328.07157855426
101323.39413977947
101319.15942657483
101315.77612129188
101314.61120264945
101317.81552022636
101316.1196403956
101316.8078418981
101315.25812323134
101315.41425750262
101313.84782965331
101314.38139985841
101314.37901041482
101318.47830883836
101318.17453071631
101316.73750158705
101316.69165397351
101314.72380813104
101315.7138575799
101314.59493859093
101316.65259332003
101316.72501907301
101317.77502623308
101321.95270995189
101324.27157377728
101328.9870383876
101330.69968129258
101333.92335463352
101334.86582946265
101335.10709117481
101334.40295986187
101332.17180336246
101329.22477632575
101325.20850883405
101322.19535789572
101318.63672536175
101316.77459480849
101317.09365095508
101314.9139648625
101315.85156662375
101314.8205729817
101316.27593262588
101316.29384338111
101317.88760947787
101318.31329648237
101332.14965276308
101331.56838777917
101329.59420917397
101327.91889782289
101323.7249573583
101321.30379356425
101318.02465031543
101316.91659873504
101316.94326719581
101315.24660544613
101316.63598834883
101316.55953093697
101318.60722427585
101318.78746892142
101320.20603813339
101320.72155388063
101320.83156667391
101320.53540611158
101319.23969873707
101318.84270371482
101316.8198398543
101316.74541418911
101315.17357067743
101316.76228474161
101316.81260076317
101317.53644007331
101321.14320986126
101323.02651907012
101327.43973601432
101329.03875960302
101331.22887832302
101331.9596774973
101337.15281712507
101336.22316993668
101333.55240939673
101328.98868543128
101324.14455530515
101319.83615250321
101316.24989824672
101314.81389751518
101317.61724087071
101315.449351812
101315.8756252029
101314.21984008305
101314.58953344889
101313.26317905422
101313.83927988504
101313.92409569667
101313.92937869034
101314.20782040498
101312.98429912167
101314.88783727666
101313.26738083684
101316.15690769989
101314.46892333342
101318.05963307519
101315.54348940263
101314.86393335949
101320.02981515854
101322.32202172805
101328.41199323769
101331.49782360741
101335.78600991768
101336.70474472307
101338.77905430233
101336.98889438873
101334.31693857197
101329.6611152929
101325.42757347606
101320.62392387516
101317.55532723755
101315.72561803157
101321.03477321965
101320.42811343158
101320.76620056327
101319.57703902843
101319.46196556601
101317.99830064698
101317.71172758218
101316.81661138755
101316.61260540236
101318.23100556132
101316.7935121745
101319.87711451942
101318.03550567276
101321.41052008225
101319.0128602456
101322.44584009271
101317.1555000743
101315.81823000805
101321.17570014912
101323.17632539188
101329.39248710698
101331.96154692114
101337.1027161823
101338.16661766657
101339.65452038337
101337.09661309082
101334.10167702945
101328.35748592895
101323.96771714468
101318.63693275173
101315.6970244768
101314.39725889335
101322.65436550876
101323.27377694058
101323.37639821002
101322.14388388958
101321.27083263315
101319.54127770614
101318.75109742701
101317.56556729112
101317.20348869267
101319.32892056568
101317.69651574615
101321.89708157575
101319.95825835188
101324.32779537623
101321.36063061742
101324.8177705009
101317.18050780661
101313.65892499199
101319.55602730488
101321.01584498226
101328.06029536252
101331.1091647291
101337.44059431445
101338.7863660282
101338.84038056996
101336.01561518267
101333.40367531605
101327.86052102523
101324.08965483037
101318.81911758494
101316.15518424052
101315.62289471578
101326.73697542443
101329.16029552207
101329.11744647249
101328.87186013049
101327.62270103846
101326.25288477856
101325.10247515913
101323.66719165981
101323.09216934188
101325.93975449839
101323.81980389016
101328.5273196155
101326.38514713589
101330.65500359154
101327.09602905683
101329.57535381353
101319.39308106073
101314.32917404136
101320.26064933452
101320.80794452115
101327.86331523547
101330.13883513384
101336.52962181819
101337.63425736447
101337.22183213901
101334.10646110646
101331.60724719436
101325.83496240973
101321.89472989677
101316.63391144414
101314.24865333459
101315.22286712294
101328.07729344796
101332.3594700437
101332.06465379217
101332.54730980484
101330.69637811913
101329.33039066639
101327.85850987096
101326.49061562933
101325.75655942313
101328.95178056227
101326.59987663664
101331.65025723717
101329.67087836014
101333.76758914816
101330.30277439889
101331.73392453858
101319.74829302741
101312.59342107033
101318.03933688365
101318.49431925373
101325.79848779869
101327.79639271759
101334.50767935652
101335.73963943988
101336.28570689449
101333.1832672286
101331.02119388447
101325.30840735903
101321.42070008875
101316.42060655277
101314.92627500185
101316.71333030006
101330.5196220832
101336.21010343778
101336.55558966109
101337.91267296407
101335.99692073847
101334.9592275547
101333.27203744768
101332.12796996725
101331.19751682927
101334.50068163716
101332.09509484118
101337.11007051679
101334.92547931062
101338.30882345709
101334.47700163335
101334.95829722956
101321.23966856502
101313.34211138649
101318.42409604767
101318.1056451379
101325.48102079112
101327.31732256102
101333.94773883269
101334.7801082606
101334.69730005912
101331.51833883133
101329.3467250762
101323.49365650753
101319.78448051383
101315.34931885275
101314.68104506191
101317.0244784152
101331.27014017451
101337.17399249577
101337.77360800235
101339.40147453225
101337.51111368593
101336.51080240111
101334.72386236595
101333.71730267747
101332.78151038301
101336.09548244282
101333.71009614019
101338.66730111332
101336.4850819682
101339.69370808726
101335.62286794018
101335.87258633494
101321.76336310199
101313.26370309308
101317.23397177841
101316.75171353873
101323.6819386995
101325.45618891879
101332.0795975763
101333.02137730023
101334.32158416708
101331.16466897979
101329.02240481341
101323.19227973433
101319.52271913525
101315.16419894084
101314.61919908338
101317.10640196597
101331.37211816195
101337.43869425781
101338.18414302351
101339.95279279719
101338.22681342316
101337.38928261554
101335.67044031314
101334.71389812851
101333.78856273137
101337.00691809067
101334.54091643089
101339.3803456584
101337.04981052522
101340.11540909953
101335.9180070342
101336.0037186009
101321.81586271495
101313.24122806263
101317.10044631539
101316.53695542038
101323.33056045976
101325.16113843766
101331.72223831562
101332.6171465294
101336.90002324397
101333.76165171352
101331.56002183321
101325.67655509684
101321.64535623757
101316.50926654915
101314.99686199764
101316.8420558934
101330.72016475724
101336.51020956165
101336.54764942413
101337.74532490157
101335.90982597775
101334.96587877789
101333.23438967568
101332.13135168
101331.24792037696
101334.36942008542
101331.98318678606
101336.9070742747
101334.76428042144
101338.30818616449
101334.76853459964
101335.21540163161
101321.41622137759
101313.4728776517
101318.65704005075
101318.34862159612
101325.80369552644
101327.86127252167
101334.61122467133
101335.43231117334
101335.5847595081
101332.43736165055
101330.06814059851
101324.43318323132
101320.73847659987
101315.7595320346
101313.98740997186
101315.4366304142
101328.53503209849
101333.46320557331
101333.37087253554
101334.15842143801
101332.60999760634
101331.69195427407
101330.31022203105
101329.07013227131
101328.31261061184
101331.30444541514
101328.87212755579
101333.5900433257
101331.26921665335
101335.10160801545
101331.42692954857
101332.39153918633
101320.03474817604
101312.49694352178
101317.43832060852
101317.43186845507
101324.48003065534
101326.36292848711
101332.92084950145
101334.16700991213
101339.24150484811
101336.3190209991
101333.81257259965
101328.2402132987
101324.44221139335
101318.97041925549
101316.22931962973
101315.78105928343
101326.99182689641
101329.4345953335
101329.29670219166
101329.06032953513
101327.84234083515
101326.51215012609
101325.2908660149
101323.86158322179
101323.27928523932
101326.07145148169
101324.04291096627
101328.69867455463
101326.60166504113
101330.90748638715
101327.40166541337
101329.86728834917
101319.57838401463
101314.48841286119
101320.49093173593
101321.23094161521
101328.44175923258
101330.63467407046
101337.01718628153
101338.08617772163
101338.00315262339
101335.30581698325
101332.51799706988
101327.05822625976
101322.87881121486
101317.79188841427
101315.06971795825
101314.23064360383
101322.93270715434
101324.15858693092
101324.58543478893
101323.79693358159
101323.08776076802
101321.34015821948
101320.46555109895
101319.18844266608
101318.73413304417
101321.08966579611
101319.33749214657
101323.69533107219
101321.63309733391
101325.71694277349
101322.34377599435
101325.37751587063
101317.31122862155
101313.14077847535
101318.79435480459
101320.05404914999
101326.91153725947
101329.60018381602
101335.72222267538
101337.02975676858
101339.6484354499
101337.69265946471
101335.15566886115
101330.59465610328
101326.17690142615
101321.01763865908
101317.74150288936
101315.63098645855
101321.10440633059
101320.27247812097
101320.49402227401
101319.13569845734
101318.86205162338
101317.09079465829
101316.61150814952
101315.67793654784
101315.39276762448
101317.01301121038
101315.72033810319
101319.15670462363
101317.56304843005
101321.11711264627
101318.83596299113
101322.48847796471
101317.06752094814
101315.90024277983
101321.53656193141
101323.80551433127
101330.30941875867
101332.88540866874
101337.90306775481
101338.98580131315
101336.51926816083
101335.32331602139
101332.48074004838
101328.07262999509
101323.39448340129
101319.16045861508
101315.77649554648
101314.61022266926
101317.81509411827
101316.1193309799
101316.80762821711
101315.25762144719
101315.41391273619
101313.84749605763
101314.38132750335
101314.37891075326
101314.343547861
101314.70796584753
101313.48955666761
101315.7081117202
101314.20267039238
101317.03753797078
101315.13808360776
101318.51532752575
101315.52035853855
101314.4367558646
101319.41373760541
101321.50728462629
101327.41682563377
101330.42429590558
101334.92558212648
101336.08036949601
101335.10709973339
101334.40344364101
101332.17145699273
101329.2258480748
101325.2100259572
101322.19338494397
101318.63574027711
101316.77391874026
101317.09413150483
101314.91385514557
101315.85198953837
101314.81997812218
101316.27567209354
101316.29371863556
101317.88778017025
101318.31342646564
101318.47838226074
101318.17450386871
101316.73736399169
101316.69152312138
101314.72347687054
101315.71354226032
101314.59482420559
101316.65262469371
101316.72515197461
101317.77501621537
101321.95249210004
101324.27159116141
101328.98758919025
101330.6992330725
101333.92329788183
101334.8658569524
101320.83175493139
101320.53584400023
101319.23984453571
101318.84381535373
101316.82059298863
101316.74478772869
101315.17224417848
101316.76091986214
101316.81293797946
101317.53649716577
101321.14356324065
101323.02619643623
101327.4396455564
101329.03859841783
101331.22909091774
101331.95983789011
101332.14973178561
101331.56834933881
101329.59399661023
101327.91867306703
101323.72457390714
101321.30339307072
101318.02443680077
101316.91654854084
101316.94307372726
101315.24639063145
101316.63597188535
101316.55942447111
101318.60710087307
101318.78730602791
101320.20615299304
101320.72175691355
101313.92938201003
101314.20790103432
101312.98403018201
101314.88939245891
101313.26669842553
101316.15579962502
101314.4675752874
101318.05921863332
101315.54345788505
101314.86371677768
101320.02987348023
101322.32201448505
101328.41205777775
101331.49796860496
101335.78631641952
101336.70505325997
101337.15306837828
101336.22321935844
101333.5522353898
101328.98840451517
101324.14429200535
101319.83573726581
101316.24966481188
101314.81369371325
101317.61707404183
101315.44909249491
101315.87524803283
101314.21953369645
101314.58907635239
101313.26349011014
101313.83955618105
101313.92407181578
101316.6141322937
101318.23229225246
101316.79358663016
101319.87807635902
101318.03553738979
101321.41012433154
101319.01224843462
101322.4456049202
101317.15511008548
101315.81769613849
101321.1756075303
101323.17633279225
101329.39303024916
101331.96198781123
101337.10323275963
101338.1667130697
101338.77905501684
101336.98888808276
101334.31680683512
101329.66070001935
101325.42741098825
101320.62352268651
101317.55518495817
101315.72526584471
101321.03450882011
101320.42787448816
101320.76570545349
101319.57673058713
101319.46139804757
101317.99857318401
101317.71172757119
101316.81758667385
101317.20539672048
101319.33070476803
101317.69730634426
101321.89845430123
101319.95855139779
101324.32795872689
101321.35996282121
101324.81820938083
101317.1808787234
101313.65934263689
101319.55639874753
101321.01619336594
101328.06087471626
101331.10926340845
101337.44069868141
101338.78622426132
101339.65416474902
101337.09645990342
101334.10168076969
101328.35706982053
101323.96767274154
101318.63644241659
101315.69712927319
101314.39646577902
101322.65398230412
101323.27362975493
101323.37588930536
101322.14416314388
101321.27085143274
101319.5422861338
101318.75113544255
101317.5667490123
101323.09004326367
101325.93825010369
101323.81938829771
101328.52739977061
101326.38469893229
101330.65451839355
101327.09543823815
101329.57518813516
101319.39318957909
101314.32914580595
101320.26031281022
101320.80820918591
101327.86372193616
101330.13891689516
101336.52963740585
101337.63394701623
101338.83985132042
101336.0154045386
101333.40378335104
101327.86016348634
101324.08976016306
101318.81865171256
101316.15554544334
101315.62125770547
101326.73744696974
101329.16066744272
101329.11667640196
101328.87224744982
101327.6222907709
101326.25385887221
101325.10159028693
101323.666485234
101325.75773004898
101328.95200512477
101326.60024315561
101331.65072076209
101329.67105674639
101333.76750231806
101330.30262292767
101331.73430075808
101319.74874133563
101312.59365822951
101318.03930357927
101318.49472121723
101325.79873354481
101327.79613066513
101334.50781339544
101335.74094487276
101337.22223879636
101334.10668906609
101331.60721944696
101325.83459539959
101321.89489638674
101316.63391726473
101314.24975077642
101315.22119418273
101328.07688888274
101332.36095885966
101332.06366624843
101332.54752155373
101330.6954186152
101329.33023476962
101327.85749583274
101326.49128060098
101331.19709563539
101334.49927866616
101332.09544963273
101337.11077075444
101334.92574947013
101338.30886032767
101334.47694615291
101334.95832550747
101321.2397372558
101313.34198226922
101318.42397042736
101318.10577680185
101325.48108285178
101327.31671623161
101333.94727411904
101334.78102298662
101336.28543286902
101333.18295446751
101331.02080983874
101325.30802030518
101321.42063793073
101316.42058072564
101314.92643136991
101316.71432344205
101330.51884056763
101336.21083927466
101336.55413503885
101337.91254508184
101335.996671895
101334.9590147335
101333.27142525934
101332.12770654008
101332.78214356492
101336.09380582976
101333.7127757619
101338.66481268717
101336.48596866509
101339.69548667633
101335.62311104334
101335.8725860691
101321.76347194886
101313.26366384065
101317.23381743589
101316.75175458312
101323.68213832894
101325.45605489501
101332.07884081933
101333.02080724025
101334.69696205667
101331.51781673779
101329.34637284442
101323.49338502539
101319.78450102535
101315.34932271388
101314.68122444602
101317.0244867961
101331.26994987164
101337.17486783068
101337.77308488952
101339.40154862512
101337.5117328894
101336.51010964812
101334.72424557086
101333.71739522918
101333.16857805036
101335.98099623693
101334.16185371159
101338.18709184662
101336.19133548409
101338.53495712118
101335.13602746149
101334.872339008
101321.83761031079
101314.39335566887
101318.05296564651
101317.61843789351
101323.39570173428
101325.42372869464
101330.95145260342
101332.34522639726
101333.66095420139
101330.46300661282
101328.88459942801
101323.04836859516
101320.51523345555
101316.15992161927
101315.84070109754
101317.26810837988
101330.46507939106
101336.71249729823
101336.54579923765
101338.66689193019
101337.02172119738
101336.74639473911
101334.91887225976
101334.11527504484
101330.462713304
101333.22852042125
101331.56793087196
101335.67931507384
101333.95965105589
101336.76530264938
101333.7839335967
101333.87041445209
101321.5268289244
101315.2278195387
101319.41507114226
101319.2960264609
101325.46905975261
101327.68304200553
101333.38902642364
101334.7446108203
101335.94115713843
101332.74095204739
101331.02321562167
101325.06566040919
101322.32623985878
101317.46014054789
101316.66945543639
101317.39428678277
101329.82413576607
101335.35258939311
101334.95630215565
101336.52419784953
101334.68771827317
101334.25838044882
101332.32216747297
101331.36540958114
101328.14602340951
101330.71344880087
101329.1428529298
101332.90908323156
101331.08438439562
101334.03899261735
101331.13092241621
101331.32659684132
101320.31582713177
101314.1253548415
101318.29735277881
101318.63782980856
101324.6367267123
101326.97065556083
101332.45056437713
101333.9051347174
101335.09507563706
101332.03994007553
101330.24779540853
101324.32333372424
101321.60883364946
101316.78267677077
101315.75187689527
101315.98397628727
101327.78160320883
101332.80880977653
101332.33861130037
101333.56407466068
101331.982545003
101331.66543364446
101329.89378609143
101328.95493743822
101323.17073628496
101325.53756928074
101324.07557926539
101327.91205955716
101326.39262727654
101329.95087727609
101327.42705127725
101328.86601007116
101319.61452544766
101315.49482394761
101320.32784619457
101321.65406206679
101327.72848201229
101330.21027946801
101335.71627694512
101337.14610011163
101338.12957448592
101335.23440429301
101333.11957905399
101327.51236235864
101324.49891468431
101318.95198051065
101317.11863833756
101316.27709758886
101325.93966658226
101329.20426887007
101328.52579891549
101328.63687187615
101327.15344939262
101326.36045451948
101324.86127317867
101323.81418222084
101319.73733132494
101321.8635339569
101320.54898724223
101323.92928043957
101322.34462283988
101325.53105197429
101323.34750623912
101324.95760382141
101317.53664685585
101314.54801580132
101319.11162319037
101320.92922731557
101326.7826527322
101329.61012488813
101334.84137591899
101336.24323001895
101337.08179074722
101334.51572748598
101332.18800686125
101326.8183713352
101323.49028468787
101318.22972301349
101316.27548026151
101314.89234613764
101322.71873078952
101324.87850904869
101324.51797871201
101324.22940844174
101323.33938335322
101322.37743567115
101321.28806740211
101320.19697562384
101316.39195127257
101317.90282616692
101316.70725450767
101319.18895373584
101317.97544391875
101320.80197483004
101319.50999635542
101322.11020333866
101317.18010731073
101316.58907613673
101321.14768883141
101323.84785877028
101329.43238323308
101332.04241821668
101336.31772675613
101337.58583219493
101338.22018905729
101336.2448769856
101334.07083990696
101329.66733256144
101325.93686347026
101320.70487821763
101318.14894092946
101315.83068946622
101320.7776203211
101320.7529942574
101320.22929809641
101319.36674419862
101318.84244746578
101317.96479152798
101317.4865289701
101316.69651634824
101315.51168924535
101316.36878308564
101315.04165924393
101316.58051601199
101315.49358156476
101317.61413533156
101316.45221930675
101318.83801581571
101315.83987719896
101315.77046576256
101319.87873595118
101322.57761389992
101327.5690877134
101330.29117036513
101334.08468875477
101335.21288321525
101335.75800420069
101334.30493344826
101332.06118039295
101328.06128775376
101324.23711506175
101319.81667994805
101317.04343529028
101315.15050509691
101318.02197551305
101317.29685519706
101317.33516175552
101316.4101125577
101316.24485354898
101315.62275454952
101315.98244072111
101315.63449698538
101318.43308496484
101318.41520370098
101317.14605212973
101316.96539855545
101315.2029581426
101315.90547403482
101315.16056549184
101316.72989681593
101316.67716898468
101318.10693020119
101321.55667136196
101323.98440478873
101328.11382907143
101329.818284551
101332.59006167206
101333.59317891342
101333.76587586352
101333.02625350392
101331.05784316007
101328.33770659777
101324.77164416361
101321.78753199233
101318.84198437746
101316.78743774876
101316.91310598268
101315.41996276859
101315.92797130582
101315.34256141796
101316.50768229878
101316.69202385219
101318.19397388193
101318.30093004426
101331.25302683887
101330.61189929866
101328.72520671618
101327.05483648725
101323.38054905609
101320.9687546691
101318.25553631835
101316.79852524653
101316.83129361842
101315.6928694626
101316.65035329558
101316.79421361776
101318.78612021181
101319.20136879552
101320.37521277786
101320.74117713135
101320.85373519282
101320.64118086331
101319.52271146183
101319.00425444031
101317.07731709073
101316.77626918236
101315.6458716623
101316.77719050678
101316.74780197174
101317.77692536438
101320.81511113206
101322.76198052443
101326.4735074788
101328.12150904421
101330.2911536928
101331.03944435259
101336.31527565327
101334.99074369718
101332.92143965834
101328.85230391669
101324.9222988126
101320.40298893214
101317.41700431025
101315.27231632073
101317.78763755673
101316.67371389127
101316.52665593779
101315.46815436002
101315.44282068982
101314.98232141093
101315.4308351597
101315.02662604487
101314.93263101661
101315.82385906918
101314.50468100347
101315.78487795104
101314.60756750198
101316.77998220226
101315.75110518346
101318.42589534858
101315.86709234709
101316.11555934745
101320.37652894409
101323.30220490934
101328.46606259733
101331.22190561093
101334.86668074684
101335.84340608028
101337.09208163216
101335.34848628141
101333.22322367036
101328.82494238555
101325.31100298979
101320.33805264418
101317.94383457649
101315.85887377427
101320.67471028752
101320.79089837207
101320.47062415183
101319.79604299107
101319.34884966702
101318.7176314106
101318.48048488829
101317.7638135973
101317.51970267252
101318.9865257122
101317.61666207944
101319.8552547479
101318.45537995707
101321.05363391408
101319.59691874219
101322.04434166398
101317.22422348606
101316.47862950675
101320.81932497761
101323.31425782366
101328.59209113414
101331.14809733878
101335.40986747883
101336.50481027996
101338.47685070038
101336.02427201105
101333.56145048807
101327.9909994945
101324.43962684556
101318.98481114939
101316.79610797271
101315.04517810079
101322.46161100724
101324.12320112587
101323.51520992682
101322.88475353975
101321.62262487694
101320.57148028587
101319.63889865673
101318.6688602975
101318.24443056394
101320.17055170107
101318.91290152023
101322.28954929466
101320.95291597603
101324.39393887871
101322.51194043556
101324.52248872761
101317.48044953079
101314.99847739185
101319.77904120962
101321.84764319318
101327.86227940793
101330.90475027353
101336.34144221642
101337.68733063337
101337.70350745271
101334.91223716087
101332.72474117248
101327.15553716413
101324.16938157681
101318.84487654347
101317.00578364721
101316.17579773431
101325.74473848382
101329.04743396144
101328.42256537035
101328.57667583773
101327.01271637531
101326.1412333153
101324.74477494515
101323.71230437668
101323.09484543609
101325.51253962872
101323.97243649903
101327.79429773024
101326.27828516619
101329.77066854844
101327.23740575516
101328.61385142998
101319.48010458279
101315.33194243872
101320.07770744959
101321.28821857928
101327.22926942009
101329.71360003953
101335.2818822694
101336.69989869898
101336.58958515465
101333.57903347143
101331.66666985179
101325.61319854108
101322.66068781161
101317.53016866263
101316.06632762351
101315.93734719367
101327.36081651054
101331.82091874075
101331.19838256344
101332.13316884598
101330.29127046918
101329.70310278513
101327.90190589568
101326.90033149879
101326.09477230001
101328.7902912272
101327.25545410041
101331.21903986939
101329.67718380477
101332.87627162081
101330.16980674378
101330.75966433181
101320.099836622
101314.37805808958
101318.87213684172
101319.59782871594
101325.79740970749
101328.26808345004
101334.00812914243
101335.37127930622
101335.4749857665
101332.32151007472
101330.65077161652
101324.78052076868
101322.08481596649
101317.36699334087
101316.50853230376
101317.26771952001
101329.60797969213
101335.14448103306
101334.89027932609
101336.55456728698
101334.72280091651
101334.2669184999
101332.37977886865
101331.449294832
101330.53805022757
101333.37808489322
101331.70390993601
101335.79877172636
101334.02853759825
101336.69326789812
101333.59580085566
101333.62368631714
101321.35284520184
101315.04516462317
101319.11645643688
101319.07912519225
101325.14731196268
101327.29006456825
101332.99588722939
101334.28316236401
101334.01098562349
101330.78779936672
101329.2716803042
101323.32813411903
101320.74586192849
101316.34924417334
101315.91356656761
101317.21560101454
101330.33340735012
101336.46810759409
101336.18250517479
101338.23698464087
101336.49859259222
101336.12391552122
101334.29136144857
101333.48605952352
101332.5270841262
101335.37937788123
101333.5511046824
101337.67172301034
101335.75515384064
101338.19386509238
101334.82030251836
101334.72710643461
101321.77557704734
101314.44739241032
101318.17778570153
101317.84534897751
101323.67171100384
101325.73956419717
101331.36909124284
101332.73948019455
101333.66030486276
101330.46296748605
101328.88488468075
101323.04842585187
101320.51502863489
101316.15971722803
101315.84051240591
101317.26769945968
101330.46466055159
101336.71310522901
101336.54641809006
101338.66667390008
101337.02017420727
101336.74717790293
101334.91830986331
101334.11550194029
101333.16816017086
101335.9822222353
101334.16068655459
101338.18895967116
101336.19236654742
101338.53370150029
101335.13566432105
101334.8724124291
101321.83752497323
101314.39344801825
101318.05286251356
101317.61790134522
101323.39522885635
101325.42364998226
101330.95115697129
101332.34438834935
101335.94134395241
101332.74122652548
101331.02340484763
101325.06561219823
101322.32599107234
101317.45995121133
101316.66962728804
101317.3942200398
101329.82430170609
101335.35425253502
101334.95487955505
101336.5248738993
101334.68495666793
101334.2598682955
101332.32136417303
101331.36568114717
101330.46222508422
101333.22952204003
101331.56718451697
101335.67989479158
101333.96157066051
101336.76422570056
101333.78353431923
101333.87039860626
101321.52689589685
101315.2283321078
101319.41518768674
101319.29534507039
101325.46818201341
101327.68273534645
101333.38876645581
101334.74477095075
101335.09535632636
101332.04001048344
101330.24742443432
101324.32267529472
101321.60799951662
101316.78144905888
101315.75139402979
101315.98387147955
101327.78209355196
101332.8095337945
101332.33846110717
101333.56563163342
101331.98042897847
101331.66677909771
101329.89324207386
101328.95531192458
101328.14588382591
101330.71392525718
101329.14271070933
101332.90831115389
101331.08482214577
101334.03937924658
101331.13115735583
101331.32660573079
101320.31592782846
101314.12533057702
101318.29752935536
101318.63684913082
101324.63632760759
101326.97037676278
101332.45042995948
101333.90551171596
101338.12989460354
101335.23455085019
101333.11921407517
101327.51231378733
101324.49883084645
101318.95163330714
101317.11840889674
101316.27684546972
101325.93954408154
101329.20462816439
101328.52638692639
101328.63746522243
101327.15237358969
101326.36126283319
101324.86117963829
101323.81459639211
101323.17088734542
101325.53774171442
101324.0754779405
101327.91143766169
101326.39277862846
101329.95120599469
101327.42720026846
101328.86616599688
101319.61492577715
101315.49717006905
101320.33500853633
101321.65430507832
101327.72779829781
101330.2099946246
101335.71571407693
101337.14652841467
101337.08151560865
101334.51526329601
101332.18680829697
101326.81755652075
101323.49011350735
101318.22747206785
101316.27449633529
101314.89203838019
101322.71818152018
101324.87786057396
101324.51783854976
101324.22927072119
101323.33866419821
101322.37747881007
101321.28803749324
101320.1971113742
101319.73740295526
101321.86352709662
101320.54880590798
101323.92905989529
101322.34479590179
101325.53120157011
101323.34736452281
101324.95740310666
101317.53651204291
101314.54808470492
101319.11005755163
101320.9286844162
101326.78420447324
101329.60986924275
101334.84130763283
101336.24343361877
101338.21999574311
101336.24483105491
101334.07027148372
101329.66749050644
101325.93741233091
101320.70648425071
101318.14899730202
101315.82946796942
101320.77643041036
101320.75190679758
101320.22867208587
101319.36628068607
101318.84185945595
101317.96454877165
101317.48640687813
101316.69648860721
101316.39195131397
101317.90273209206
101316.70705523508
101319.18887448052
101317.97552684016
101320.80199129855
101319.5097439177
101322.10973588019
101317.17915642846
101316.58798160947
101321.14458652036
101323.84773961648
101329.43208206228
101332.04180221536
101336.31757039046
101337.58600836218
101335.75770651228
101334.30530588652
101332.06035336484
101328.06195382166
101324.23714040741
101319.81759177329
101317.04389016322
101315.15045507044
101318.02169716368
101317.29630941572
101317.33464986723
101316.40959394521
101316.24435235873
101315.62236885267
101315.98225486475
101315.63433970707
101315.51153547985
101316.36861187508
101315.04143123195
101316.58036519964
101315.49346623869
101317.61407443046
101316.45212417755
101318.83785472477
101315.83961440755
101315.77085994043
101319.87779045341
101322.57731582578
101327.56927356668
101330.29093816507
101334.08433918943
101335.21280659284
101333.76594562746
101333.02654379918
101331.05735749113
101328.33858626006
101324.77224800791
101321.78664636993
101318.84195574406
101316.7874843613
101316.91326730823
101315.41978319123
101315.92780940433
101315.34203792787
101316.50738696285
101316.69194900966
101318.19416980358
101318.30114287043
101318.4331962507
101318.41519587513
101317.14595919916
101316.96520888599
101315.2026765253
101315.9051772065
101315.16043029093
101316.72985052886
101316.67743341513
101318.10725272165
101321.55624816738
101323.98447224215
101328.11394623351
101329.81813302796
101332.59045721781
101333.59333852197
101320.85380739244
101320.64142470204
101319.52277859849
101319.00524225493
101317.07808751106
101316.77536747033
101315.6461276473
101316.77729616695
101316.74806689794
101317.77687501255
101320.81502321341
101322.76150245956
101326.47323390999
101328.12145463085
101330.29147063527
101331.03978676266
101331.2532301844
101330.61194734777
101328.72511168993
101327.05458510356
101323.3802219232
101320.9684013532
101318.25531110159
101316.79846771499
101316.83117057219
101315.69296241328
101316.65089076254
101316.79437368974
101318.78597154647
101319.20131515236
101320.37576654495
101320.74130932819
101314.93267304158
101315.82411792593
101314.5046322673
101315.78594508562
101314.60771820965
101316.77974544583
101315.7508227504
101318.42605286367
101315.86720890795
101316.11557017689
101320.37649649518
101323.30208125322
101328.46630249964
101331.22260203029
101334.86754591802
101335.84397667293
101336.31572710624
101334.99108032044
101332.92153338701
101328.85216056132
101324.92213845959
101320.4026341253
101317.41674115352
101315.27214751791
101317.78756919675
101316.67333168339
101316.52635177079
101315.46810162034
101315.44254290021
101314.98215874282
101315.43086978694
101315.02650573867
101317.52067228335
101318.98750081666
101317.61695023524
101319.85590648334
101318.4554514678
101321.05325151188
101319.59655102671
101322.04424762758
101317.22415141066
101316.47859352722
101320.81935605497
101323.31442178201
101328.59257477433
101331.14886986991
101335.41095994462
101336.50547010757
101337.09261408646
101335.34890413751
101333.22342911742
101328.82479450201
101325.31100590178
101320.33773040026
101317.94358934552
101315.85846612936
101320.67432663697
101320.79051108776
101320.4705575062
101319.79604012283
101319.34855219633
101318.71769993284
101318.48038721853
101317.76482676956
101318.24538304818
101320.17183287554
101318.91366822799
101322.29020466156
101320.9530796988
101324.3940163755
101322.51187135671
101324.52290786561
101317.48087705008
101314.9988190993
101319.77927919239
101321.84805404034
101327.86257754661
101330.90506939414
101336.342233776
101337.68949419384
101338.4772400556
101336.02419998134
101333.56156177481
101327.99079023956
101324.43975286835
101318.98444098947
101316.79601679216
101315.04485999701
101322.46130131205
101324.12306428203
101323.51518660977
101322.88484484705
101321.62255746205
101320.57216956546
101319.63933069233
101318.66986948563
101323.09423989266
101325.51222906903
101323.9726552957
101327.79456099578
101326.27815530451
101329.77034273962
101327.23718952453
101328.61400117892
101319.48050996807
101315.33205722722
101320.07758569049
101321.28883454848
101327.22974407111
101329.7139129617
101335.28153948767
101336.69931544302
101337.70233921308
101334.91153590115
101332.72488587507
101327.15544608177
101324.16959575594
101318.84459915667
101317.00602362791
101316.17511377756
101325.74486132714
101329.0475263383
101328.42231626363
101328.57656468629
101327.01209808802
101326.14107739957
101324.74400440174
101323.71202893116
101326.09542010789
101328.79034073192
101327.25578628104
101331.21951641048
101329.67715064925
101332.87578175306
101330.16952299081
101330.75990499658
101320.10036229558
101314.37792413047
101318.8721522913
101319.59851421161
101325.79801180089
101328.26825376679
101334.00514826308
101335.3634393119
101336.58848124053
101333.57876582305
101331.66665741146
101325.61287849936
101322.66076153287
101317.52998813137
101316.06654571617
101315.93730195721
101327.36159015543
101331.82151338563
101331.19812729352
101332.13319434847
101330.29130829932
101329.70360877064
101327.90199908553
101326.90080235119
101330.53800168129
101333.37736371013
101331.70441297129
101335.7992808923
101334.02857215355
101336.6927439374
101333.59532154958
101333.62339744336
101321.35274946174
101315.0447427333
101319.11640815935
101319.07926378959
101325.14745444142
101327.29032159297
101332.99694888869
101334.28772967003
101335.47684054293
101332.32162556805
101330.65023587577
101324.78020464219
101322.0848224722
101317.36704315667
101316.50867624006
101317.26819117522
101329.60810265805
101335.14457258055
101334.88940573244
101336.55416728809
101334.72260159696
101334.26634932858
101332.37925688492
101331.44896719986
101332.52770850342
101335.37864772073
101333.55249463132
101337.67107131488
101335.75536349993
101338.19336064874
101334.81989273244
101334.72678396474
101321.7754719675
101314.44715726103
101318.17762729377
101317.84554914577
101323.67207712795
101325.73951902938
101331.36811238597
101332.7395717168
101334.01097645165
101330.78749961893
101329.27124817442
101323.32792793994
101320.7459271243
101316.34933041532
101315.91382364216
101317.21574931519
101330.33347301626
101336.46796922952
101336.18209764636
101338.23687415276
101336.49936508469
101336.12338285279
101334.29179053496
101333.48607616963
101331.13391931841
101333.40537394512
101332.29343308386
101335.63355704433
101334.69057393253
101336.49980973118
101334.14030428079
101332.60521602767
101321.92108045549
101316.40987895904
101318.99420969808
101318.93553857548
101323.35764760835
101325.21247724566
101329.41662098936
101330.54340850515
101331.57442577099
101328.94760626975
101328.2532061992
101322.9188188648
101321.42676219711
101317.28344520456
101317.71318996437
101317.93856586808
101329.0849534267
101335.46831032734
101334.73167531463
101336.74015009607
101334.57609168832
101334.50367313235
101332.50987685655
101332.02868500617
101328.87059236439
101331.07888471957
101330.07330306561
101333.25222307976
101332.68863625571
101334.81948251589
101332.87910247683
101331.88260465644
101321.88090302412
101317.29809413136
101320.09402817299
101320.43560718192
101324.98043975032
101327.01694238176
101331.22782916811
101332.40299941199
101333.34885346249
101330.70265106202
101329.98701460563
101324.52668664877
101322.89507534188
101318.42062262777
101318.57338536916
101318.12966703266
101328.53073401797
101334.16634444425
101333.17336309483
101334.76471158137
101332.44316197842
101332.31328747791
101330.32234662885
101329.72801594765
101327.53517314482
101329.66667631202
101328.67514589302
101331.46260304897
101330.49116175729
101332.63951766232
101330.76442746763
101330.19051566168
101320.93554743465
101316.50580112028
101319.46679483957
101320.16049288021
101324.6979450623
101326.86822400903
101330.88711922879
101332.16248677453
101333.05355549429
101330.51372551822
101329.61944790515
101324.36544374356
101322.65513352882
101318.04149581054
101318.04789477712
101317.67506328503
101327.04324865121
101332.11358430592
101331.1793829688
101332.58018528359
101330.75345229465
101330.78817850872
101328.97806541563
101328.35025131065
101322.97214535116
101324.96190170138
101324.18908669837
101327.06233790085
101326.21058753264
101328.9048573605
101327.58520224477
101327.94622303237
101320.25242208679
101317.59278871561
101320.74955493117
101322.39826201359
101326.93327493794
101329.36266385006
101333.24458715439
101334.8392348911
101335.56245305132
101332.92712304188
101331.75043720128
101326.72257862093
101324.66953749601
101319.57934888329
101319.10263148001
101317.74046378981
101325.52129080248
101328.90396424977
101327.7398841737
101328.09209473757
101326.38806691158
101326.02596244236
101324.39793384747
101323.61515691866
101320.91051517121
101322.61727478947
101321.89891383851
101324.3215741802
101323.34712621789
101325.81221214079
101324.47310398878
101325.31471743245
101318.91277482521
101317.23018422672
101320.33988273112
101322.25600561099
101326.62623668458
101329.28837413405
101333.35257900994
101334.84328132831
101335.45430582322
101333.21815719048
101331.44376449459
101326.63428798103
101324.28629645859
101319.5599960923
101318.61423701896
101317.02625947095
101323.30692157379
101325.77544522609
101324.92905620293
101324.95613931181
101323.8040204024
101323.35172665444
101322.13354431385
101321.42659390475
101317.57413362864
101318.90937592278
101318.14355917045
101319.86768651797
101319.32587189876
101321.51979787298
101320.97272690685
101322.65203196075
101318.48819080929
101318.55744088397
101321.77378964241
101324.3934013409
101328.52078846176
101330.92814156724
101334.35743927264
101335.73534288938
101336.21942731398
101334.42538799858
101332.70377325361
101328.68773585359
101326.16109221059
101321.43150915003
101319.80441311213
101317.35335628866
101321.47433840917
101322.01942791681
101321.02720605736
101320.55147227582
101319.56111062985
101319.08132409625
101318.5487411221
101317.92762073854
101317.36984456949
101318.30599648031
101317.51406790179
101318.63281633615
101317.91213707918
101319.40132876133
101319.06406123129
101320.45160998605
101317.96285717233
101318.52349698123
101321.24113116847
101323.82664073475
101327.70408616272
101330.13252697061
101333.10346168313
101334.16940173818
101334.63175717884
101333.32083030073
101331.59798431545
101328.11297844218
101325.22592137851
101321.23026201455
101319.56916836654
101317.32793134639
101319.75072706665
101319.82558612482
101319.1897187571
101318.73644893567
101318.38225529008
101318.06348724671
101318.00701684368
101317.57648459109
101318.90886906799
101318.93615946066
101318.11049714964
101318.0544044157
101317.27004900273
101317.44811941739
101317.36696373198
101318.35661851379
101318.33890960042
101319.90932975264
101322.12309876873
101324.43518616114
101327.31407012782
101329.03863550776
101330.79162062696
101331.51899959802
101331.67064950863
101331.09426578434
101329.74077183798
101327.4981971066
101325.05091156578
101322.36070364717
101320.45999864805
101318.43656419426
101318.4263578922
101317.63881664081
101317.49052905425
101317.42845220654
101318.00076180321
101318.26291718052
101318.73156300347
101318.93552892606
101329.81133795579
101329.31123723136
101327.8931415072
101326.10400076152
101323.79736453688
101321.66159058115
101319.96835687399
101318.42032870647
101318.38836626463
101317.88367058334
101318.06847991893
101318.4781777679
101319.46406852923
101320.11401090576
101320.96784771442
101321.10386906177
101321.15519205503
101321.13909419418
101320.30189628669
101319.53572652893
101318.40845204054
101318.12211382641
101317.79843819328
101318.39895075194
101318.37749657949
101319.61149078782
101321.50467029393
101323.3274744316
101325.78313208421
101327.32038471178
101329.00916962847
101329.65919933055
101335.22463504408
101333.91180494351
101332.21585153895
101328.79374399045
101325.83882673396
101321.74743994662
101319.88253171733
101317.4469701006
101319.55746559646
101319.3347912457
101318.55871676849
101317.97279031013
101317.63558305669
101317.22474810079
101317.42572897117
101317.02695788706
101316.84222381929
101317.77024875951
101316.78503296527
101317.85593220389
101317.2704506928
101318.73476135776
101318.53195691897
101320.12697440849
101317.96219263739
101318.86560349228
101321.69442458241
101324.45401195348
101328.42151669013
101330.81437490277
101333.67089997348
101334.83119240074
101335.20515009873
101333.52711886844
101331.94519611042
101328.10830175874
101325.66603577109
101321.17142772664
101319.63491279862
101317.37614318906
101321.40110980022
101322.04207915287
101321.22749682122
101320.93605246718
101320.08469042352
101319.66576805913
101319.32179753481
101318.80421506881
101318.46548851245
101319.71425428419
101318.75521693843
101320.42551935706
101319.80609142827
101321.72559998979
101321.03745939756
101322.56334554017
101318.5006847769
101318.47978256024
101321.5296430787
101323.97302142344
101327.94597110694
101330.21716726219
101333.52648616537
101334.74525606478
101336.52483359382
101334.34668530177
101332.60695223813
101327.65603244668
101325.11179107281
101320.26848457308
101319.07746421872
101317.17227635706
101323.12248401085
101325.16031494892
101324.12057330045
101323.9260686434
101322.54443184767
101321.82115387243
101320.63932821569
101319.91750818699
101319.42081847358
101321.1614308198
101320.42654396777
101323.03272855935
101322.30166060652
101324.88402298588
101323.79752294524
101324.97413242797
101318.89935756767
101317.63956298913
101320.9668335887
101323.09567563131
101327.61344913139
101330.44130387341
101334.5184483202
101335.95828465454
101335.11197159303
101332.6278949878
101331.49577214463
101326.4088707987
101324.3912869241
101319.52607227865
101319.00746853248
101317.76507844172
101325.44150241035
101328.80565524884
101327.70907737884
101328.11107643887
101326.4065315639
101325.959703236
101324.34885756321
101323.69771578992
101323.02372107249
101324.96479328113
101324.17259376511
101327.05645838579
101326.19405500031
101328.79937104558
101327.43827335622
101327.79079683153
101320.18047568112
101317.52131208716
101320.59097207544
101322.15912645256
101326.56569571188
101329.00981382653
101332.8957101336
101334.43749702354
101334.30357144264
101331.77878078999
101330.93773799582
101325.38099860396
101323.52758713919
101318.67480035251
101318.43027344155
101317.82121087276
101326.80034348092
101331.39098625744
101330.23733385126
101331.3975853786
101329.45187994615
101329.23074672485
101327.26303719147
101326.56937620971
101325.77714664207
101328.00671745442
101327.16577215363
101330.14743506479
101329.30036126755
101331.64411853973
101330.03512571008
101329.71455174245
101320.834969537
101316.8034266202
101319.97149359166
101320.94994533357
101325.66117074886
101328.04545123999
101332.143784593
101333.44850719438
101332.98923281256
101330.4028952771
101329.72099219135
101324.30136467468
101322.69565365162
101318.30964660225
101318.45478426346
101318.05932632837
101328.38142879921
101333.98032883622
101333.05133948091
101334.74923427599
101332.48829044824
101332.40780985513
101330.4668914853
101329.94609857204
101329.06460183367
101331.30139084251
101330.25812831441
101333.33795070236
101332.67211125404
101334.68468756032
101332.69496990905
101331.72173950303
101321.77559988834
101317.13329847946
101319.91445911929
101320.21232415267
101324.7028802962
101326.71270950479
101330.91036665317
101332.02613137021
101331.96766468089
101329.3091291387
101328.6709446936
101323.15568138318
101321.63510974491
101317.44220166049
101317.80730222867
101317.95483738408
101328.995901185
101335.25932740557
101334.48361689257
101336.45875563523
101334.25273467194
101334.11574897477
101332.0720007959
101331.57992205763
101330.68031196659
101332.97975829037
101331.90429236056
101335.28311449966
101334.40685423184
101336.26517826387
101333.90003915594
101332.51265788093
101321.90241565277
101316.49058942715
101319.13222541159
101319.13885782755
101323.61858134162
101325.54501633528
101329.82784688294
101330.97542680257
101331.57424607022
101328.94763740487
101328.25340167448
101322.91888058612
101321.42667415648
101317.28330124488
101317.71310888256
101317.93832189796
101329.08464097754
101335.46793493512
101334.73196120918
101336.74012146448
101334.57524905723
101334.50403342265
101332.50968541336
101332.0289045363
101331.13381767669
101333.4060745216
101332.2934423694
101335.63370052163
101334.69114906214
101336.49983558114
101334.14025318071
101332.6052212105
101321.92108765719
101316.41002428308
101318.99406289351
101318.93514924399
101323.35724792507
101325.21234249513
101329.41644470787
101330.54311814236
101333.34900625955
101330.70278438876
101329.98705437998
101324.52660618593
101322.89492540465
101318.42061396062
101318.57356888524
101318.12959939688
101328.53068099375
101334.16632229579
101333.17350830199
101334.7645957426
101332.44212511662
101332.31381744459
101330.32203157616
101329.72823563573
101328.87044691481
101331.07938800253
101330.0732256374
101333.2519003568
101332.68937116498
101334.81973575988
101332.87902580586
101331.88254551159
101321.88099530347
101317.29863340971
101320.09367258387
101320.43503294238
101324.97980834385
101327.01668774584
101331.22776361127
101332.40309842149
101333.05359527582
101330.51362033021
101329.61904523903
101324.36493535523
101322.65456413318
101318.0409805032
101318.04772376679
101317.6748905398
101327.04320325678
101332.11352105261
101331.17979685673
101332.58050530893
101330.75248732814
101330.78865985569
101328.97784722285
101328.35054626784
101327.53515567261
101329.66687154866
101328.67497776807
101331.46200169498
101330.49156344844
101332.64020104984
101330.76465691045
101330.19048325767
101320.93570021127
101316.50613132524
101319.46623466378
101320.16010059623
101324.69775072366
101326.86790594662
101330.88698012668
101332.16254108577
101335.56259033256
101332.92705696846
101331.75004013491
101326.72227175822
101324.66925060196
101319.57895244061
101319.10239085718
101317.74018981184
101325.52096024147
101328.90357781001
101327.74017534216
101328.0921867966
101326.3872864931
101326.02612609667
101324.39787739898
101323.61536177513
101322.97221149782
101324.96189362707
101324.18888695995
101327.0619793978
101326.21079383681
101328.90521705239
101327.58524000201
101327.94613377703
101320.25250557139
101317.59355356536
101320.75141202834
101322.39926683228
101326.93303456773
101329.36221248153
101333.24432918741
101334.83943168807
101335.4539909438
101333.21764161969
101331.44275724598
101326.63379823418
101324.28617817872
101319.559258141
101318.61386087837
101317.02586912045
101323.30637308522
101325.77469255774
101324.92880759759
101324.95588298616
101323.80345304546
101323.35159428927
101322.13343684521
101321.42656293877
101320.9104667167
101322.61715539769
101321.8987077731
101324.32149114476
101323.34729483127
101325.8123325675
101324.47293047752
101325.31453753242
101318.91264471374
101317.23059858751
101320.34036528734
101322.25632328881
101326.6265719482
101329.28813612633
101333.35252707764
101334.8433164843
101336.21920563691
101334.42508987762
101332.7030603841
101328.68759206116
101326.16142840042
101321.43179023502
101319.80400299691
101317.35269702318
101321.47359062324
101322.01851354974
101321.02664288876
101320.55102555836
101319.56062754436
101319.08106013558
101318.54856315331
101317.9274577928
101317.57399247524
101318.90921530555
101318.14337566651
101319.86763667475
101319.32589290786
101321.51973261965
101320.97237296819
101322.65147659447
101318.48742262713
101318.55682499451
101321.77266126747
101324.39257245662
101328.52068863146
101330.92778309382
101334.35740684478
101335.73542369831
101334.63145739969
101333.3208487165
101331.59743344728
101328.11347242471
101325.22607698993
101321.23060971776
101319.56906284361
101317.32781989928
101319.75048842917
101319.82504505813
101319.18926813289
101318.7359987847
101318.38181688102
101318.06319503135
101318.00684539272
101317.57633331217
101317.36969590938
101318.30582811098
101317.51389227851
101318.63270282344
101317.91200081701
101319.40120092453
101319.0638890808
101320.45127003602
101317.96252518901
101318.52417281561
101321.24049133758
101323.82617896784
101327.70484195935
101330.13227841952
101333.10295520774
101334.16932845794
101331.67052721667
101331.09437137708
101329.7406653839
101327.49885526646
101325.05127132262
101322.36025704976
101320.45996990732
101318.43663601227
101318.42635836627
101317.63859339718
101317.49021260197
101317.42797888393
101318.00042726594
101318.26284880996
101318.73174387067
101318.93575539035
101318.90901523308
101318.93618944267
101318.11038654103
101318.05423887429
101317.26977110619
101317.44785768112
101317.3668006574
101318.35649895268
101318.33943974042
101319.90961737439
101322.12217766153
101324.43558360569
101327.31435524527
101329.0383403422
101330.79054041357
101331.51905243166
101321.15545031017
101321.13922032263
101320.30181793819
101319.5361898488
101318.40862027582
101318.12173562491
101317.79858360838
101318.39905966133
101318.37764353327
101319.61139142913
101321.50445763333
101323.32702661873
101325.78294043333
101327.3204729811
101329.00940851674
101329.65952822458
101329.81156760883
101329.31133763734
101327.89308430484
101326.10380917181
101323.79707436779
101321.66128220646
101319.9680958449
101318.42022649219
101318.38847317707
101317.88362344068
101318.06843460693
101318.47818862996
101319.46351063298
101320.11390133483
101320.96859657366
101321.1041822719
101316.84283414661
101317.7704347657
101316.78515960566
101317.85644113371
101317.27054272742
101318.73451574704
101318.53196190455
101320.12705489952
101317.96234653094
101318.86571152955
101321.69448125116
101324.45390124622
101328.42163483266
101330.8147638292
101333.67138825476
101334.83173299419
101335.22511823878
101333.91214327693
101332.21595818576
101328.79367026435
101325.83867762583
101321.74711748681
101319.88224364611
101317.44683372167
101319.55738691307
101319.33386578014
101318.55789539494
101317.97271844615
101317.63555312893
101317.22720885757
101317.43120134035
101317.02662174006
101318.46555014866
101319.71472207627
101318.755537574
101320.42575993769
101319.80603750504
101321.72527073084
101321.03738091447
101322.56339085189
101318.50085575593
101318.47998942071
101321.52976824515
101323.97323788531
101327.94623743636
101330.21759874953
101333.52727040232
101334.74557042414
101335.20543297638
101333.52731723725
101331.9453582376
101328.10825667993
101325.6660344526
101321.17116612708
101319.6345878756
101317.37574462501
101321.40065095526
101322.04154748314
101321.22744179667
101320.93598515695
101320.08413266462
101319.66456654246
101319.31823027226
101318.80441373952
101319.42152401907
101321.1621409138
101320.42707466577
101323.03289802483
101322.30174184249
101324.88402377717
101323.79769348199
101324.97452268626
101318.89979068235
101317.63991966181
101320.96690800235
101323.09601541798
101327.6134267302
101330.44154204134
101334.51894155593
101335.95848311219
101336.52474177552
101334.34652828732
101332.60707075406
101327.65599829951
101325.11188636978
101320.26824825844
101319.07732058509
101317.17188946255
101323.12213597549
101325.16019689794
101324.12066188871
101323.92623946993
101322.54475687395
101321.82223533503
101320.64018363479
101319.91813720824
101323.02336307723
101324.96478624192
101324.17286372501
101327.05661045571
101326.19390435814
101328.79925919732
101327.43831185014
101327.79100466197
101320.18082542284
101317.52196232068
101320.59052167821
101322.15973804091
101326.56573721385
101329.01012822482
101332.89521967576
101334.43681796685
101335.11122166493
101332.62744364521
101331.49605418654
101326.40883216458
101324.39139598058
101319.52589072847
101319.00750047575
101317.76475678847
101325.4412475695
101328.80561137121
101327.7090253989
101328.11086371809
101326.40591229823
101325.95898442455
101324.34759711793
101323.69730493591
101325.7777305997
101328.00687086415
101327.16624507183
101330.14770389481
101329.30016157383
101331.6437636675
101330.03482994079
101329.71454754958
101320.83530373432
101316.80522680984
101319.9705901148
101320.95070099797
101325.66124781487
101328.04573693444
101332.14235746973
101333.4454877524
101334.30289872724
101331.7783628374
101330.93765805918
101325.38081944647
101323.5276917156
101318.67477975236
101318.43039525257
101317.8210051057
101326.80018879687
101331.39126435279
101330.23742567605
101331.39791430953
101329.45256760847
101329.2317239676
101327.26359986544
101326.56993761307
101329.06461674797
101331.30107895906
101330.25863221938
101333.33834996502
101332.6719429839
101334.68410146194
101332.69446298409
101331.72163929387
101321.77549599996
101317.13276037693
101319.91427166079
101320.21239804287
101324.70274298059
101326.71266876637
101330.91088266953
101332.02766700306
101332.98988594823
101330.40273482043
101329.72051772654
101324.30111155176
101322.69569401376
101318.30976388967
101318.45492736659
101318.05924534837
101328.38145824263
101333.98044218305
101333.05095148581
101334.74897985985
101332.48816092331
101332.40730617437
101330.4663669013
101329.94580868597
101330.68064900997
101332.97930091355
101331.90468740073
101335.28319777545
101334.40673640951
101336.26472018848
101333.8995086065
101332.51247736067
101321.90225251774
101316.49038252469
101319.13199140433
101319.13912305374
101323.61891952464
101325.54514173711
101329.82730757912
101330.97477832327
101331.96717833495
101329.30870788316
101328.67065198912
101323.15553511606
101321.6351513206
101317.44232815882
101317.80742797656
101317.95498060719
101328.99610463873
101335.2595418384
101334.48326096275
101336.45872861441
101334.25331942846
101334.11562795367
101332.0722602607
101331.57994492342
101329.13775914622
101330.81503316436
101330.68148379774
101332.49712072519
101332.69805495489
101333.74377679786
101332.7674669371
101330.18353594854
101322.30340714581
101318.59377603653
101320.33329753907
101320.69287824286
101323.72872349
101325.5072848899
101327.78421783497
101328.89301484197
101329.51183865135
101327.50231036855
101327.56238068677
101323.37093571344
101322.59435760169
101318.70690935965
101319.89297671927
101319.52142412557
101327.59422976943
101333.7007212591
101332.18747290991
101334.3728026399
101331.83156440353
101332.50082273112
101330.14718686519
101330.00325448115
101327.33191655124
101328.90975208451
101328.80162489229
101330.87574677145
101330.88852384682
101332.16542678016
101331.75158245923
101329.6624052056
101322.22108965294
101319.27217154697
101321.12435055224
101321.82384784256
101324.87990853838
101326.73073362539
101329.01974151391
101330.17349435492
101330.81591999772
101328.70419115822
101328.75664723826
101324.43813758492
101323.67261177403
101319.61105623604
101320.58581398304
101319.69324884824
101327.157038039
101332.64854498612
101330.86518896121
101332.52131945261
101330.23049032781
101330.59439681134
101328.29898291218
101328.13994780686
101327.15555552847
101328.58523199809
101328.14136679398
101330.03474394899
101329.69728263772
101330.81823081255
101330.2643728041
101328.54797577875
101321.63759492409
101319.17670313435
101320.89474187689
101321.94012179182
101324.94425760329
101326.92466215152
101329.44451609635
101330.70119680581
101331.27683625258
101329.17892395981
101328.8488402302
101324.72392264774
101323.80607845853
101319.75619406444
101320.5036049021
101319.37535625181
101326.17362483856
101331.17736535531
101329.7684809471
101331.18802777886
101329.4312575935
101329.75595704284
101328.05368980119
101328.05638978013
101323.37432469973
101324.76476931963
101324.50110700892
101326.2980759327
101326.03632963031
101327.63603636842
101327.48364965056
101326.79555825825
101320.92994051533
101319.98435072608
101321.71248553257
101323.35256182605
101326.25082023157
101328.46151245476
101330.86376460442
101332.0073131393
101332.46557245089
101330.64822057179
101330.1502118276
101326.05919316653
101324.93700071875
101320.77709868393
101321.11583761308
101319.1096929276
101324.87405119477
101328.32967786532
101326.78369457883
101327.41700191927
101325.81063123289
101325.86235426621
101324.31669510323
101323.98774440875
101322.27972487011
101323.55132790528
101323.23158512438
101324.68471811988
101324.40252651492
101325.67689426667
101325.6325729762
101325.18916072164
101320.42894800028
101319.87757942005
101321.62016232419
101323.60762036084
101326.4057032837
101328.89480424277
101331.33960311588
101332.82399998313
101333.27927657669
101331.30492434863
101330.40555930344
101326.35512938202
101325.12048281428
101321.01160933943
101321.00803429678
101318.96471091826
101323.69152462605
101326.48280644191
101325.1030669194
101325.64718617994
101324.29504428415
101324.36458615676
101323.10577323088
101322.79512479588
101319.04853516832
101320.06797619651
101319.7798477523
101320.97933665226
101320.83608009547
101322.26002720614
101322.54464821174
101323.04205474057
101319.88751816931
101320.72916087606
101322.46358222223
101324.77325681271
101327.37528398374
101329.67712812277
101331.74207544426
101333.11325067432
101333.44481707859
101331.85428247087
101330.84512699308
101327.44304153378
101325.8859418674
101322.19160088296
101321.74286684809
101319.05591127597
101322.15401750938
101323.32288966703
101321.94464486653
101321.82427271632
101320.71923561706
101320.57866997052
101319.72404203779
101319.44565589369
101319.62314355807
101320.37216438868
101319.94242952362
101320.7396285569
101320.43500556075
101321.34591642706
101321.7105242429
101321.92487842725
101320.00842726744
101321.33316074227
101322.71011282731
101325.19664419477
101327.56400684992
101329.85156600244
101331.87133940791
101332.8561881481
101333.09512008762
101332.04088939943
101330.8465987329
101327.78255753369
101326.12476554923
101322.73966648012
101322.22266557861
101319.56861942358
101321.46130722191
101322.34902020438
101321.2310079147
101321.20896142369
101320.61732910278
101320.53593310974
101320.10372908102
101319.87225996052
101319.87739948786
101320.09276712187
101319.79682863624
101319.40140634758
101319.13768278483
101319.17532020369
101319.59256545604
101320.06969405602
101320.01905641766
101321.59616027158
101322.66969330647
101324.54134427856
101326.225653075
101327.75766006084
101328.90465447871
101329.47634384128
101329.57656885471
101329.12160579878
101328.09392150081
101326.42570519002
101324.89436975072
101322.84328667707
101321.94309879311
101320.1727809171
101320.04993906982
101319.85321111526
101319.24970525416
101319.35026079402
101319.35499992028
101319.8303396578
101319.97859287493
101319.96628705108
101328.17310460747
101327.75942110816
101326.74625027619
101325.26720119192
101323.98919001136
101322.33609880033
101321.58819546808
101320.12405276972
101320.00547614395
101320.01008230948
101319.6642363545
101320.09586725451
101320.33613437391
101321.00470865174
101321.5707784843
101321.73683881879
101321.71350263695
101321.69723762781
101321.11336428415
101320.403824739
101319.96237997329
101319.61781333527
101319.92104340914
101320.02975039967
101320.02080246716
101321.406732559
101322.20774221953
101323.76713595801
101325.07730652193
101326.43283526284
101327.54409111859
101328.08447355271
101333.53309008267
101332.50358598898
101331.23544454393
101328.20497314
101326.51828306248
101323.17242877789
101322.39340018206
101319.7078193023
101321.34088372698
101321.9942092261
101320.79546977839
101320.60737809833
101320.03302590633
101319.87537876506
101319.40074911082
101319.18925740935
101318.92949587031
101319.63803565499
101319.26742493216
101320.16958585291
101319.91910279072
101320.88307322076
101321.35666636511
101321.74094033267
101320.03314746376
101321.64631154141
101323.09225519764
101325.67987570827
101328.01092304417
101330.25611278809
101332.28798462779
101333.29774639757
101332.59942173451
101331.18895129715
101330.30341750653
101327.07793735388
101325.59725867362
101322.07112587847
101321.54512594304
101319.11611185115
101322.1173037493
101323.33973995563
101322.12650406215
101322.14987163628
101321.1733207753
101321.1565256461
101320.36254802902
101320.19545623916
101319.79313813426
101320.68706806497
101320.3308782551
101321.43340917608
101321.1884041352
101322.42812695415
101322.58055694234
101322.96892804999
101319.90276260317
101320.68316159629
101322.31334176788
101324.53210268084
101326.99647483054
101329.17100304761
101331.10130932719
101332.29611126914
101334.18490201869
101332.21129331527
101331.18312020563
101327.15592743899
101325.78933718824
101321.59174549679
101321.41699324326
101319.12576952502
101323.61782787103
101326.12580121933
101324.63594843181
101324.97016151012
101323.45290104793
101323.30323660198
101321.94220399085
101321.61510041135
101321.10236979445
101322.38991599086
101322.18134689538
101323.84455717608
101323.66475462614
101325.11922969254
101325.19303512199
101325.02072367218
101320.47197236624
101320.23661309326
101322.16268582005
101324.33249235396
101327.17788503981
101329.73460122716
101332.29155792613
101333.75823673229
101332.17285998896
101330.39283258395
101329.89362505557
101325.87158501687
101324.77168233614
101320.72358146532
101321.03287460985
101319.13434838068
101324.83638439291
101328.31838874779
101326.828145543
101327.48570372074
101325.89590476378
101325.9330576559
101324.37978432792
101324.13179216659
101323.49199493974
101324.91227142555
101324.62447348087
101326.36405435506
101326.06098338096
101327.57577485092
101327.41611200891
101326.71462927017
101320.91639601362
101319.92510293591
101321.58703788064
101323.16545540317
101326.00912543476
101328.16968802435
101330.59245724202
101331.7209404671
101332.33216729618
101330.2663978592
101329.81586023254
101325.4147590459
101324.50538789491
101320.25247033263
101320.85134228117
101319.47232563798
101326.07801450611
101330.73670694654
101329.19025258799
101330.41766603908
101328.50053382487
101328.65491516716
101326.87412906796
101326.730013436
101325.96832135029
101327.47693159482
101327.14196767968
101329.08014743724
101328.8619048331
101330.14598478499
101329.73391552003
101328.4401381052
101321.62885034626
101319.48628134403
101321.32742886002
101322.56236052631
101325.66440278724
101327.76401623848
101330.46803556502
101331.7623245492
101330.53710770172
101328.44875876037
101328.4973261214
101324.27729385714
101323.47608122362
101319.48494134462
101320.4887345568
101319.67575733177
101327.08115588722
101332.55289551827
101330.76677676334
101332.50594407028
101330.29467667529
101330.71863914486
101328.44448046341
101328.36126547874
101327.49497900148
101329.0939696002
101328.95015561326
101330.94988453577
101330.86616668011
101332.05416154055
101331.63511231577
101329.57117655703
101322.16726772848
101319.16126685063
101320.95912231422
101321.5969309706
101324.61125810296
101326.44744587227
101328.75132232404
101329.88578139171
101329.9958808536
101327.95432105061
101328.06903582453
101323.62015804584
101322.8419611893
101318.92526828128
101320.03153842459
101319.5877415405
101327.55811381941
101333.58149962784
101332.01803674987
101334.14605558594
101331.62408659852
101332.26618423648
101329.88621174985
101329.79125459983
101328.90062085325
101330.56560930051
101330.44257502304
101332.3043648211
101332.4735279374
101333.55476273135
101332.63434180219
101330.1420139494
101322.33497483899
101318.71128242435
101320.53357864711
101320.92726036163
101324.03124662393
101325.88757355111
101328.25067445546
101329.38472955748
101329.51186809297
101327.50231850614
101327.56245669912
101323.37098422728
101322.59434388249
101318.70683043361
101319.89292296147
101319.5212677619
101327.59397510513
101333.70052423446
101332.18759313085
101334.37290554489
101331.83128268261
101332.50095753411
101330.14722873365
101330.00345186351
101329.13783376204
101330.81536406599
101330.68162998659
101332.49659143078
101332.6983116276
101333.74403917887
101332.76754121948
101330.18347262875
101322.30336380834
101318.59381165061
101320.33311193911
101320.69260829088
101323.72837230991
101325.50710213378
101327.78418743392
101328.89302158046
101330.81595667747
101328.70416891489
101328.75656114935
101324.43809540386
101323.6726135171
101319.61110121055
101320.58586342943
101319.69316470591
101327.15688191108
101332.64853889676
101330.86539121262
101332.52133031702
101330.23003080131
101330.59458557898
101328.29900582168
101328.14013098084
101327.33197063413
101328.90997037753
101328.80163204376
101330.87528690133
101330.88878268117
101332.16577523065
101331.75164275957
101329.66228023643
101322.22102086295
101319.27227648371
101321.12416613223
101321.82356176997
101324.87946840204
101326.73043071352
101329.01968459578
101330.17351929739
101331.27671869176
101329.17869539499
101328.84852062872
101324.72363688922
101323.80585951975
101319.75613106463
101320.50357196995
101319.3751899286
101326.17339500843
101331.17721740057
101329.76873678822
101331.18784812462
101329.43071590125
101329.75594775676
101328.05362646944
101328.05643459488
101327.15552936679
101328.58514340724
101328.14107792779
101330.03435388018
101329.69754985969
101330.81863178256
101330.26444987486
101328.54779296397
101321.63759798488
101319.17694996014
101320.89459913987
101321.94000525036
101324.94397917953
101326.92429843634
101329.44428569215
101330.70108638503
101332.46547700457
101330.6480366561
101330.14982642527
101326.05886054844
101324.93683709804
101320.77694191903
101321.11573889697
101319.10948941699
101324.87372608889
101328.32917315706
101326.78364841835
101327.41677206183
101325.81013787766
101325.86227775653
101324.31658688946
101323.98770025092
101323.37423397767
101324.76460597845
101324.50083792213
101326.29794804612
101326.03662778277
101327.63630687314
101327.48357208047
101326.79533660703
101320.92981083351
101319.98440956684
101321.71287743017
101323.35296319905
101326.25089747339
101328.46117622685
101330.86357759408
101332.00722710211
101333.27902345658
101331.30450173115
101330.40519693999
101326.35470320209
101325.1201299633
101321.01160592926
101321.00793262293
101318.96441786687
101323.6910846938
101326.48214523552
101325.10269901007
101325.6468524583
101324.29460942338
101324.3643897228
101323.10561377602
101322.79499103567
101322.27959633133
101323.55116538177
101323.23140905795
101324.68471778862
101324.40267065944
101325.67693268429
101325.63236374408
101325.18894241042
101320.4288302777
101319.87806312038
101321.62091720854
101323.60793924566
101326.40635717347
101328.89471952182
101331.33951981275
101332.82387791989
101333.44471695046
101331.85413228528
101330.84479973711
101327.44289506663
101325.88596353297
101322.1913953503
101321.74236724316
101319.0555795136
101322.15355000398
101323.32222653073
101321.94414216469
101321.82386752983
101320.7188522926
101320.57846559095
101319.72388077987
101319.44549719166
101319.04838740884
101320.06781798994
101319.77971444554
101320.97930468876
101320.83605343623
101322.25990945057
101322.54426971005
101323.04152145729
101319.88687940277
101320.72878399644
101322.46340715139
101324.77253136606
101327.375485799
101329.67697362535
101331.74194418735
101333.11319076769
101333.09505818869
101332.04087420375
101330.84645848455
101327.78286270004
101326.12491575968
101322.73972032074
101322.22228538551
101319.56842984768
101321.46099870869
101322.34850609345
101321.23057570725
101321.20857622064
101320.61703067229
101320.53577266668
101320.10358302899
101319.87214555079
101319.62301031541
101320.37201633738
101319.94230318503
101320.73955709844
101320.4348698205
101321.34578762943
101321.71028047333
101321.92456692297
101320.00813257806
101321.33355971402
101322.70985334201
101325.19624643965
101327.56467914143
101329.85161548658
101331.87123261816
101332.8561922848
101329.57651243002
101329.12161706859
101328.09387793728
101326.42621624423
101324.89425985746
101322.84316066458
101321.94301892088
101320.17272073156
101320.04977919253
101319.85293594828
101319.24939018983
101319.3498789739
101319.35482780245
101319.83035223349
101319.9785200279
101319.96629763821
101319.87738537668
101320.09269977725
101319.79673386915
101319.40127519728
101319.13746354915
101319.17510135131
101319.59233673073
101320.06952199334
101320.01895030169
101321.59590845476
101322.66968935859
101324.54099411743
101326.22558559202
101327.75749563784
101328.90433886368
101329.47636546564
101321.71358027123
101321.69726347008
101321.11332515086
101320.40405853881
101319.9623026921
101319.61771088856
101319.92112464287
101320.02986497563
101320.02089632672
101321.40664678819
101322.20755151757
101323.76684782469
101325.07732498381
101326.43291314994
101327.54417266641
101328.08465591927
101328.17323840848
101327.75945654338
101326.74617391745
101325.26705295984
101323.98897057734
101322.33587117626
101321.58799250166
101320.12387043861
101320.00558681571
101320.00992651236
101319.6643213119
101320.09539176853
101320.33567772768
101321.00429110994
101321.56966102708
101321.73675900555
101318.93016527896
101319.63821278006
101319.26751915808
101320.16972997242
101319.91899663824
101320.88297893287
101321.35677626973
101321.74119862753
101320.03343602826
101321.64659830254
101323.09246040569
101325.6798601671
101328.01108408175
101330.25635943904
101332.2881245527
101333.29801146477
101333.53330331869
101332.50367496823
101331.23543618919
101328.20487989433
101326.51813369637
101323.17218884487
101322.39316031245
101319.70764523374
101321.3408177716
101321.99355724225
101320.79467069448
101320.60695286484
101320.03293038849
101319.87700848468
101319.40387850979
101319.18932137647
101319.79305679235
101320.68722167925
101320.33108129064
101321.43358295885
101321.1882489921
101322.42800649191
101322.58073607006
101322.96930959211
101319.90318103079
101320.68361288476
101322.31358268941
101324.53224392142
101326.99634931832
101329.17096100784
101331.10189354251
101332.29633117924
101332.59969696842
101331.18911167639
101330.30344838083
101327.07785621224
101325.59716129958
101322.07091852833
101321.54484330179
101319.11583743455
101322.1170473422
101323.33941150413
101322.12636647619
101322.14972711637
101321.17291308407
101321.15589360152
101320.3620808698
101320.19552041586
101321.10270893788
101322.39014642223
101322.18160607303
101323.84464673951
101323.664696091
101325.11926288671
101325.19334470962
101325.02117905907
101320.47235045559
101320.23689944205
101322.16268033837
101324.33262754258
101327.17741260307
101329.7344796067
101332.292105634
101333.75824315807
101334.18493228467
101332.21128426047
101331.18318522918
101327.15586394854
101325.78931710876
101321.59160924554
101321.41678800166
101319.1255064162
101323.61759381941
101326.12575421728
101324.63606475055
101324.97037058869
101323.4532323641
101323.30405280473
101321.94293657239
101321.61537960693
101323.49177468164
101324.91229701629
101324.62471262607
101326.36409322763
101326.0609187372
101327.57586432189
101327.41647705439
101326.71492269551
101320.9165708436
101319.92539678178
101321.58680507146
101323.1656016685
101326.00881658708
101328.16993810369
101330.59256980385
101331.72058291812
101332.17270467014
101330.39264145885
101329.89372006308
101325.87158430283
101324.77175497951
101320.72352600968
101321.0327774074
101319.13406552302
101324.836074013
101328.3182721373
101326.82818097818
101327.4855914661
101325.89552874496
101325.93260486804
101324.37916887963
101324.13152842021
101325.96873198466
101327.47720702468
101327.14240378801
101329.08032340431
101328.86172817601
101330.14589792832
101329.73409552325
101328.4402236153
101321.62894054755
101319.4871359369
101321.32743085682
101322.56305562079
101325.66455064573
101327.76396475924
101330.46771195505
101331.76141616091
101332.33168421686
101330.26604857099
101329.81579439386
101325.41467459592
101324.50545045933
101320.25247082349
101320.85129069985
101319.47210134199
101326.07785612406
101330.73672901443
101329.19042730241
101330.41810875614
101328.50132617784
101328.65595658156
101326.87476722039
101326.73042034467
101327.49495049627
101329.09382424902
101328.95047873243
101330.95016057193
101330.8659693849
101332.05380047162
101331.63504065562
101329.57119292782
101322.16728137623
101319.16107179868
101320.95914395436
101321.59686773081
101324.61091951856
101326.44687713528
101328.7510306558
101329.8855211162
101330.53678408937
101328.44817148479
101328.49690145953
101324.27713856916
101323.47610498508
101319.48498633734
101320.48869672758
101319.6756869191
101327.08112936348
101332.55293062086
101330.76667064906
101332.50581597445
101330.29465995058
101330.71840268967
101328.44414222249
101328.36104431764
101328.90071341608
101330.56541239598
101330.44264426442
101332.3047946094
101332.47339080375
101333.55436731309
101332.6341684317
101330.1419611759
101322.33485598808
101318.71110621313
101320.53352050486
101320.92765598054
101324.03175594224
101325.88779931914
101328.25032752662
101329.38414651895
101329.99535355097
101327.9540393613
101328.06890471224
101323.62011483448
101322.84200343897
101318.9253891929
101320.03158723051
101319.58781495216
101327.55827356431
101333.58162363306
101332.01785212757
101334.14599071693
101331.62439271811
101332.26627802616
101329.88630035585
101329.79123304356
101328.46705954408
101329.25537617921
101329.35070656172
101329.71353402894
101330.00077496398
101329.87440984485
101330.64538839816
101327.63901422964
101322.11230588102
101321.90373565699
101322.24772894618
101323.02880364319
101324.51728800155
101326.22536523351
101327.44231105501
101328.41381138962
101328.73437798722
101327.52547461409
101327.49442238183
101324.23286784167
101324.18153862716
101320.87788629349
101322.47407666747
101320.92370661844
101325.97137594382
101331.18381897314
101329.32559209374
101330.99023712412
101329.35316175663
101330.29269930355
101328.81942017007
101329.10936368452
101327.31702740563
101328.12356923443
101328.21666860631
101328.63856965794
101329.12474502627
101329.22193836649
101329.89267206496
101327.29074114357
101322.09943678626
101322.26430057173
101322.63616167412
101323.66038722033
101325.15593293727
101326.91090144489
101328.07542822089
101328.99594475747
101329.2786324943
101328.06322148189
101328.10702807203
101324.90377658443
101324.77285208186
101321.40216765908
101322.82673170045
101321.06070820476
101325.63043862578
101330.47548026274
101328.54494310454
101330.15013089785
101328.24957794117
101329.12895691817
101327.64610918287
101327.93045407957
101327.2317907408
101328.05291877533
101328.16027321023
101328.48404350629
101328.58787883553
101328.59600917454
101328.98282933686
101326.50816879423
101322.04014176663
101322.57550682555
101322.57749300408
101324.10871158411
101325.45106205448
101327.37858666746
101328.48547675235
101329.43407910921
101329.67478418667
101328.52590132234
101328.49879572343
101325.41839517873
101325.09792000665
101321.75537051639
101323.12955734464
101320.89519306541
101325.03389562902
101329.41421126234
101327.93700635045
101329.50013624859
101328.11187536901
101329.03959322977
101327.65733978929
101327.82452963344
101324.21687605152
101325.05287490659
101325.26722418336
101325.69531778581
101325.86276574883
101326.14020210225
101327.02403985879
101325.18281566951
101321.61933421793
101322.28482565697
101322.5005566467
101324.22548151185
101325.65915791506
101327.51995647429
101328.5671020708
101329.40917933843
101329.64712970088
101328.51102605012
101328.45023910383
101325.60208049015
101325.21624570058
101321.91969255565
101322.90967873805
101320.63692088966
101323.98562783818
101327.54360706653
101325.73578654013
101326.71083017255
101325.38571522132
101325.94963360953
101324.76497555881
101324.77202994803
101323.98180392981
101324.71165247684
101324.78029867137
101325.00065476763
101324.96023990822
101324.82293010283
101325.67390269724
101324.07041876084
101321.18032044798
101322.41553336488
101322.56875319293
101324.60303807349
101326.07637494108
101328.05531485655
101329.34854088878
101330.1333881554
101330.30001976271
101329.40313178327
101328.92528373652
101326.15814746203
101325.40654455427
101322.32221236963
101322.77120187183
101320.5729558567
101323.09300107053
101326.09612095884
101324.51257937941
101325.67332427902
101324.75442801147
101325.39448245164
101324.36137308544
101324.4167542698
101321.17129279049
101321.75450686432
101321.79949301081
101322.03609826534
101322.16840738172
101322.35885149427
101323.12611010416
101322.57603000691
101320.51712664454
101321.90859340514
101322.41866840303
101324.35589014491
101325.98138761475
101327.86611724857
101328.92847882364
101329.53997488059
101329.72836181537
101329.05346876543
101328.55610509453
101326.13637204558
101324.96444900463
101322.4203576329
101322.22029571712
101320.33054823597
101322.06649387568
101323.53832092651
101322.20068970548
101322.68651692432
101321.90922045361
101322.25707553866
101321.51663779505
101321.50879097308
101322.28843592748
101322.69987438081
101322.92850214925
101322.75357064427
101322.59018357257
101322.12501876295
101322.60596470057
101321.75437202264
101320.38403000214
101322.41623409516
101323.12809778746
101325.4113511414
101327.05848410501
101328.83903689341
101329.94186462821
101330.70688398133
101330.83780387252
101330.09577997639
101329.19622103169
101327.26087121951
101325.96565388925
101323.3211096419
101322.70586362766
101320.50414609995
101321.65036752968
101322.75793126637
101322.06324301474
101322.8852333111
101322.75924392662
101323.24285180724
101322.59120785854
101322.52053837842
101321.22524163213
101321.3225166247
101321.08447161144
101320.70665606724
101320.54303186157
101320.3041775068
101320.37892997255
101320.54968439584
101320.64175624975
101321.5861139194
101322.32146579788
101323.66958025457
101324.78687896629
101326.0293705792
101326.78698311541
101327.19992568895
101327.23235832163
101326.90913666938
101326.20618808888
101324.92456040683
101323.80431619228
101322.44680725863
101321.77727439154
101320.55463109977
101320.61264483674
101320.44602786562
101320.35955326134
101320.69375302637
101320.73374952763
101321.14710138028
101321.29160567212
101321.30600825789
101326.2831809023
101325.97350020657
101325.32080410804
101324.22730516607
101323.20716975954
101322.11711626399
101321.69023994793
101320.5635064196
101320.64380429591
101320.41122186554
101320.42385479438
101320.97800276389
101321.29254247269
101321.81415672987
101321.81278089476
101321.79313652849
101321.71289435349
101321.79863774097
101321.77703843235
101321.31478959406
101320.89323502274
101320.39934317513
101320.35612099833
101320.62742329367
101320.65778641154
101321.54924038777
101322.06241849704
101323.12298836806
101324.1037944938
101325.18211316387
101325.85238215319
101326.26025380174
101331.12533543902
101330.43458647691
101329.4618054499
101327.55584486025
101326.18510964623
101323.57784680584
101322.77300351919
101320.55687903755
101321.5571153124
101322.65832651252
101321.9448978853
101322.69706010407
101322.43961705963
101322.96502132688
101322.39251068718
101322.2824548847
101322.0521343296
101322.42976348192
101322.63935386225
101322.42861822572
101322.46575265708
101321.99140454673
101322.48144747768
101321.68735492694
101320.42922625701
101322.54078080798
101323.37545549138
101325.69624949963
101327.37534733147
101329.08673941428
101330.2412341884
101330.99216366382
101329.50173956937
101328.77420228912
101328.27279688409
101325.97585785248
101324.81971202578
101322.31776163544
101322.18116281365
101320.38934363359
101322.07959471384
101323.49859856171
101322.27955297692
101322.83311251309
101322.21273842282
101322.63854074891
101322.14243572378
101322.23236980611
101321.9234578623
101322.38170970745
101322.21076648458
101322.31728119499
101322.34494059536
101322.40961081941
101323.10667702564
101322.52114787283
101320.50184469789
101321.8804734086
101322.34479207624
101324.22139068527
101325.84938416323
101327.59110610276
101328.63250788995
101329.31889674641
101330.89980388489
101330.03093788015
101329.48566327734
101326.64563151731
101325.81342139561
101322.64766899458
101322.94890229692
101320.67206292134
101323.09010821344
101325.90024106114
101324.26685681715
101325.33603427549
101324.34214085658
101324.86243161096
101323.74290755272
101323.76657752712
101323.36497659693
101324.10321302744
101324.27033948478
101324.54873588549
101324.65650236994
101324.57111017031
101325.4370130274
101324.01563510408
101321.2350089808
101322.5904710513
101322.86633292231
101325.02888804491
101326.59439089273
101328.60805305772
101329.98256778836
101330.74904394825
101329.54697666688
101328.38091653479
101328.35036617442
101325.49295368677
101325.04861651405
101321.91452284083
101322.90933325654
101320.70851141949
101323.99859631309
101327.50850453987
101325.74519980904
101326.75724659221
101325.48077991582
101326.08298577975
101324.83734348028
101324.95075370323
101324.45428860732
101325.26969891237
101325.33674882936
101325.76519147868
101325.87695554615
101326.08631524548
101326.97158148608
101325.12802805947
101321.62177232803
101322.28932079417
101322.44184961743
101324.13993343541
101325.54473254042
101327.34635313149
101328.4362607254
101329.29175431989
101330.27234411282
101329.05501671795
101329.04376960958
101325.76996550937
101325.49511573582
101322.05273299351
101323.3446460292
101321.00774100029
101325.02356985709
101329.26861968297
101327.60314692065
101329.03399498398
101327.55394186117
101328.43585229474
101327.0056969532
101327.17126503612
101326.58764835547
101327.46927705001
101327.58289677341
101327.94347092709
101328.06138059314
101328.19760503685
101328.82273630005
101326.44550152028
101322.12086868155
101322.82261962444
101322.81468670409
101324.46150508722
101325.87761869168
101327.86718033259
101329.02592256127
101330.00735636835
101329.07986918112
101327.83618832595
101327.94053822114
101324.77966336647
101324.58504317555
101321.28701752074
101322.76513127885
101321.07816523525
101325.61335510961
101330.40728502168
101328.4689020239
101330.12377133933
101328.28693969551
101329.13375752021
101327.67402456934
101327.92393321201
101327.27356571301
101328.13233494452
101328.21335549314
101328.66383641402
101329.08463585071
101329.13129377566
101329.80993519191
101327.2624709667
101322.09849594146
101322.27573391268
101322.52531808708
101323.47802837388
101324.92631417405
101326.67091345784
101327.84551630248
101328.77778094381
101329.12466619871
101327.87802807816
101327.84463474169
101324.53083445021
101324.43524544295
101321.1005023146
101322.64467858526
101320.9981064094
101325.97433023321
101331.1232569328
101329.22670646703
101330.91695313665
101329.22625875566
101330.17214716329
101328.67790109178
101328.97704798382
101328.30574010672
101329.1224248549
101329.23007145463
101329.59481674361
101329.89655258706
101329.77330450216
101330.57467162587
101327.63595412381
101322.14180947469
101322.06153257258
101322.43585218124
101323.25674363537
101324.79782926
101326.56360926174
101327.83167938546
101328.82542948108
101328.73428276926
101327.52537379941
101327.49439023307
101324.23291515294
101324.18156375072
101320.87787395641
101322.47410755363
101320.92364243823
101325.97128149329
101331.18374344932
101329.32579370067
101330.990352058
101329.35304141828
101330.292630034
101328.81943973449
101329.10944665478
101328.46709394691
101329.25534541048
101329.35052304927
101329.71325732942
101330.00085516238
101329.87464470883
101330.6453803444
101327.63879807391
101322.11208631014
101321.9034891677
101322.24753518027
101323.02865405087
101324.51705586407
101326.22509713851
101327.44219037503
101328.41371880427
101329.27854506283
101328.06306317565
101328.10690400234
101324.90375091069
101324.77293047108
101321.40222130249
101322.8267706629
101321.06065806087
101325.63029933124
101330.47539036679
101328.54515541202
101330.15022426222
101328.24939434334
101329.12894269652
101327.64613023074
101327.93048563693
101327.31699023799
101328.12341130667
101328.21631780974
101328.63823535077
101329.12489548643
101329.22221401674
101329.89267148443
101327.29053924774
101322.09920086968
101322.26403117356
101322.63605391348
101323.66034908584
101325.15575244618
101326.91056164227
101328.07529419781
101328.99583805645
101329.67459131186
101328.52564579403
101328.49855020628
101325.4181970403
101325.09787556177
101321.75540137301
101323.12958464438
101320.89509113267
101325.03367816265
101329.41393361086
101327.93702873657
101329.5000582127
101328.1115725368
101329.03951136429
101327.65727577888
101327.82445100759
101327.23166396323
101328.05270256734
101328.15997261762
101328.48387800391
101328.58814264678
101328.59626503677
101328.98279424895
101326.50801505698
101322.0399945407
101322.57537766382
101322.57752484748
101324.10882687985
101325.45089416493
101327.37824974311
101328.48524846406
101329.43386994573
101329.6469929662
101328.51078018245
101328.4499240781
101325.60187934249
101325.21625639817
101321.91970294653
101322.90972772457
101320.63685833903
101323.98533772623
101327.54310522336
101325.73553814794
101326.71056189167
101325.38543996152
101325.94948960275
101324.76484537235
101324.77187255869
101324.21667799998
101325.05261888658
101325.2669624884
101325.69528123498
101325.86295256438
101326.14030709147
101327.02392108506
101325.18265205348
101321.61921199548
101322.28463919113
101322.50055918244
101324.22536756107
101325.65953733536
101327.51970375731
101328.56696684736
101329.4090014214
101330.29990665274
101329.40288676208
101328.92491681557
101326.15785961658
101325.40634560773
101322.32217267332
101322.77105564671
101320.57270966166
101323.09264431908
101326.09560193404
101324.5122021697
101325.67301886241
101324.75414766512
101325.39430781301
101324.36120781349
101324.41656438734
101323.98162710457
101324.71147246323
101324.7801739596
101325.00068860094
101324.96029735952
101324.82291609926
101325.67372570117
101324.07023137479
101321.18013166764
101322.41553322363
101322.56918141674
101324.60314729423
101326.07724261747
101328.05530025947
101329.34846615975
101330.13323382562
101329.72837351132
101329.05345371159
101328.55595359192
101326.13627621969
101324.96430658529
101322.42007461724
101322.21997284878
101320.33021346384
101322.06613118364
101323.53787356001
101322.20031073934
101322.68622759523
101321.90894985161
101322.25693860931
101321.51647651973
101321.50860447343
101321.17112541053
101321.75436116787
101321.79942262467
101322.03609959167
101322.16837831972
101322.35876942991
101323.12587678361
101322.57569689209
101320.51679980129
101321.90830515731
101322.41860760355
101324.35573126005
101325.98165286287
101327.86612140607
101328.92834442298
101329.53989753456
101330.83788152157
101330.09584677761
101329.19624802505
101327.261001194
101325.96558759102
101323.32091129394
101322.70570663267
101320.50389468516
101321.65004182101
101322.75752503303
101322.06292790991
101322.88504424914
101322.75910366478
101323.24278922973
101322.59106311909
101322.52035791053
101322.28826104706
101322.6997276428
101322.92841032005
101322.75352944998
101322.59011823614
101322.12488059714
101322.60565990297
101321.75407259107
101320.383808082
101322.41611186627
101323.12828132758
101325.41141421805
101327.05899966376
101328.83922735206
101329.94187423044
101330.7069420458
101327.23235666053
101326.90913040798
101326.20618259071
101324.9247176315
101323.80428732584
101322.44674457138
101321.77723779359
101320.55450085396
101320.61249609521
101320.44579434396
101320.3593872077
101320.69365645458
101320.73372325164
101321.14714289118
101321.2915727956
101321.30593370492
101321.22514335877
101321.32240798943
101321.08437442036
101320.70657574621
101320.54293019096
101320.30400659045
101320.37867550869
101320.54944996728
101320.64170163742
101321.58602931186
101322.3212445813
101323.66933044679
101324.78671839897
101326.02918143633
101326.78689654235
101327.1999379109
101321.71290896136
101321.79858146954
101321.77700996152
101321.3148556902
101320.8931688289
101320.39936253231
101320.35627124467
101320.62752951361
101320.65789954152
101321.5493433457
101322.06250201161
101323.12300349733
101324.10401133621
101325.18220903669
101325.85245356963
101326.26025214567
101326.28311273998
101325.97338492455
101325.32067885391
101324.22718850693
101323.2070507911
101322.11695811937
101321.69004248401
101320.56325592936
101320.64373847042
101320.41104688766
101320.42360351235
101320.97759247904
101321.29217666386
101321.81393834183
101321.8130491504
101321.79312280353
101322.05213379413
101322.42968881413
101322.63927885583
101322.42851688097
101322.46567064433
101321.99150621446
101322.48183391706
101321.6877496767
101320.42961023202
101322.54119597656
101323.37576980951
101325.69628314955
101327.37545551572
101329.08698831519
101330.2413997742
101330.99217978868
101331.12528460402
101330.43446870676
101329.46165439941
101327.55567445249
101326.18497178727
101323.57769757447
101322.77284703506
101320.55671852527
101321.55694787763
101322.65814529968
101321.94451213408
101322.69673242094
101322.43941439159
101322.96515597575
101322.3924475133
101322.28239915232
101321.92332820926
101322.38165553036
101322.21075204475
101322.31726186402
101322.34487193936
101322.40964934064
101323.10690577094
101322.52153338792
101320.50228036809
101321.88097067611
101322.34497966374
101324.22124246438
101325.84898897383
101327.5909450441
101328.63293214227
101329.31898864929
101329.50187856372
101328.77422497433
101328.27270425551
101325.97565663127
101324.81951643279
101322.31758442738
101322.18100775161
101320.38922323284
101322.079427422
101323.49834637725
101322.2793344953
101322.83302524385
101322.21258245363
101322.63831641858
101322.14187243945
101322.23226955575
101323.36506923246
101324.10321754763
101324.27038805425
101324.54869697758
101324.65644513833
101324.57112828878
101325.43728122106
101324.01596223917
101321.23534333617
101322.59065730835
101322.86603680643
101325.02840679878
101326.59366159589
101328.60773950649
101329.98294272505
101330.74896170788
101330.89980926532
101330.03096468648
101329.48564562056
101326.64550903485
101325.81330283542
101322.64755648086
101322.94875881608
101320.67193967063
101323.08997106078
101325.90020875097
101324.26697538249
101325.33628188381
101324.34243590663
101324.86275171672
101323.74306786401
101323.76669187055
101324.45412567205
101325.2695632976
101325.33672972892
101325.76511314954
101325.87690047643
101326.08637856151
101326.97187221456
101325.12822466984
101321.62189897751
101322.28934655512
101322.44157849877
101324.13974101585
101325.54440602225
101327.34656749296
101328.43660687491
101329.29170712415
101329.54700156863
101328.38095593204
101328.35044259179
101325.49295038576
101325.04867100992
101321.91450283084
101322.90920009685
101320.70838584528
101323.99838036235
101327.50836146162
101325.74522965949
101326.75731749412
101325.4807490142
101326.08281719187
101324.83701110953
101324.95054830563
101326.58786478365
101327.46936542065
101327.5830695731
101327.94345562109
101328.06121044626
101328.19755569079
101328.82296448186
101326.4456756432
101322.12109871149
101322.82282658599
101322.81496885026
101324.46204024975
101325.87796772485
101327.86748809667
101329.02622061936
101330.00720125827
101330.2721260323
101329.05493146877
101329.04376066299
101325.769954205
101325.49520667779
101322.05272603256
101323.3445776157
101321.00759036184
101325.02333831022
101329.26851484367
101327.60328816083
101329.03443936576
101327.55469998744
101328.43675632049
101327.00617096323
101327.17152936211
101327.27344168762
101328.13219536591
101328.21352939495
101328.66395058441
101329.08439839441
101329.13106961982
101329.81000684256
101327.26271604132
101322.0987206687
101322.27588446523
101322.52537332055
101323.47789976132
101324.92589395429
101326.67055931113
101327.84517197858
101328.77728131021
101329.07945786035
101327.83594032671
101327.94035075486
101324.77954513751
101324.58505820858
101321.28697948316
101322.76507746617
101321.07811178135
101325.61324116369
101330.40720396207
101328.468823955
101330.12377241213
101328.28708527773
101329.13378638562
101327.6738955113
101327.92375819986
101328.30572562324
101329.12241233613
101329.23025672641
101329.59504628129
101329.89637114744
101329.77307285227
101330.574646126
101327.63612459987
101322.14190127338
101322.06164637471
101322.43597038512
101323.25708238366
101324.79824918009
101326.56392839456
101327.83162511357
101328.82521923319
101329.1244271472
101327.87793093806
101327.84461084972
101324.53079177359
101324.43524868711
101321.10052253721
101322.64463512301
101320.99810181637
101325.97433100615
101331.12324854806
101329.22651317084
101330.91688719011
101329.22646397761
101330.17235086842
101328.6779756958
101328.97701422009
101327.51715673503
101327.65055165891
101328.09341258925
101327.20464990198
101327.6696749783
101326.80298974623
101327.91270757417
101325.60393990195
101323.81296975474
101324.99264041125
101323.99319270698
101325.25045705673
101325.76862819663
101326.92644265987
101327.12886159137
101327.54434225634
101327.62169012061
101327.28414536781
101327.31575245387
101325.88235108813
101325.59446434371
101323.5750674881
101324.95931564124
101323.56176569081
101325.03777347451
101327.691307567
101326.79567739779
101328.17550580765
101327.00015615621
101328.45921120248
101327.4434329783
101327.83545152815
101327.16443981795
101327.27025624368
101327.66518626144
101326.91846173993
101327.27190144142
101326.62286620517
101327.56676468891
101325.42905916183
101323.71343091843
101324.88972859814
101324.04156295721
101325.31218521531
101325.8369019907
101326.96589483807
101327.13484457383
101327.5439561004
101327.58000356739
101327.18990789479
101327.32115657043
101325.94965793016
101325.67364677174
101323.6558867386
101324.93839798323
101323.51925229731
101324.79907551661
101327.35833763634
101326.60827348879
101327.73296272516
101326.72378164524
101328.00060607101
101326.99591686108
101327.42778063178
101327.17823869101
101327.33631655383
101327.60313279147
101326.89439926221
101327.0187786138
101326.21232186069
101326.88503845637
101324.96649835163
101323.5472519098
101325.00323840878
101324.26300487404
101325.68712722554
101326.21815907737
101327.37905373024
101327.6647475316
101328.16080903822
101328.22053016852
101327.81377439309
101327.73968931248
101326.30653960173
101325.99965114638
101323.90911064154
101325.01775644385
101323.41874471902
101324.46649703229
101326.7392611134
101326.21830446688
101327.38847697702
101326.6648873778
101327.84473744482
101327.05160005768
101327.4911092965
101325.80872960451
101325.97512308284
101326.22155811082
101325.68071541766
101325.76379460865
101324.9384498997
101325.58007412685
101324.01749724218
101323.32382776584
101324.20215610212
101323.7299208091
101325.19942822667
101325.55363463852
101326.56182275234
101326.74874198569
101327.10320813552
101327.15892972356
101326.8964339167
101326.8635338944
101325.64669839635
101325.32171227537
101323.57933576868
101324.34417396459
101323.20690433345
101323.6056823454
101325.43179061274
101325.00766978627
101326.00671112112
101325.49735922168
101326.39739168636
101325.69300634204
101326.05845960518
101325.52705368497
101325.70783317459
101325.90707057061
101325.33804111996
101325.07683344607
101324.44109343171
101324.5317533182
101323.23004243289
101322.59100052936
101323.60250315613
101323.48782932591
101325.00595799951
101325.68228314807
101326.831295133
101327.26281734429
101327.72295037052
101327.80996552701
101327.4048898344
101327.17411086404
101325.89874176442
101325.21348235142
101323.48432515383
101323.70343087727
101322.71269719421
101322.76201210188
101324.48560406249
101324.51646186851
101325.34553425846
101325.19198994644
101326.01086186113
101325.43898667212
101325.7408959712
101323.62982170362
101323.76184200957
101323.95097706554
101323.60699924857
101323.37233888048
101323.20416788872
101323.17780727116
101322.37042387491
101321.96189579093
101322.82520474562
101323.24697243428
101324.36067047504
101324.86995429848
101325.96114905695
101326.49465685338
101326.73731903989
101326.79683304045
101326.61668400383
101326.25637549374
101324.98018736082
101324.50146680679
101323.25014493277
101322.98634906291
101322.00381985775
101322.02594729629
101323.22449785443
101323.2558759371
101323.6295987022
101323.5287122845
101324.04207327458
101323.61585064202
101323.78291598437
101324.95803957517
101324.965616541
101325.0044144909
101324.3164595878
101323.63157938153
101322.92303112504
101322.48729375933
101322.20340190741
101321.87742440743
101322.41440092507
101323.08252412858
101324.38249638959
101325.42546641795
101326.69058207961
101327.42998930189
101327.83743984163
101327.86450732987
101327.53085960672
101326.87345280516
101325.57158882715
101324.56814538993
101323.21799066206
101322.56688103756
101321.8880495984
101322.11044554113
101322.58976823755
101322.8784829221
101323.7265449386
101324.20870927055
101325.04648421804
101324.89669290037
101325.07260559258
101323.5554347471
101323.51055072498
101323.35303690386
101323.11655336987
101322.59068693452
101321.94468642396
101321.878417525
101321.68075357495
101321.67989625773
101322.17038914544
101322.30783812056
101323.04315550768
101323.77930177463
101324.7296116643
101325.22582488788
101325.45885009137
101325.45694660695
101325.24720129251
101324.79614986831
101323.89045742519
101323.09572166504
101322.30369675191
101322.20919833389
101321.71196368759
101321.72945066863
101321.97232612291
101321.91850532746
101322.58245984772
101323.21882924174
101323.5010689255
101323.50162906981
101323.62220476173
101325.15420791958
101324.93809139085
101324.5492900337
101323.69020641973
101322.84138583763
101322.12438177233
101322.13991865743
101321.72540778466
101321.72632535698
101321.94425261578
101321.94705296263
101322.57014975736
101323.22854949195
101323.59582390469
101323.61431209712
101323.80151965281
101323.73940462923
101323.63637865665
101323.43803777792
101323.19937835811
101322.55179319416
101321.94416024465
101321.89726777768
101321.671470674
101321.7175456679
101322.1321566327
101322.16371392281
101322.83085376312
101323.60697408396
101324.50456279426
101324.91358902
101325.15505406293
101327.7876596635
101327.47055974229
101326.82634795022
101325.52761152397
101324.56748888755
101323.25538078083
101322.61767618351
101321.98054793816
101322.1264059571
101322.57441835868
101322.82290681064
101323.73335163016
101324.14568301835
101325.10587767638
101324.88766869501
101325.13060458354
101325.02636206443
101324.97153203453
101325.00839523427
101324.26097329064
101323.60144561484
101322.86839112986
101322.45342943716
101322.21646728096
101321.94110117592
101322.50645805881
101323.17944251148
101324.39121232441
101325.41863090311
101326.64943214394
101327.35275989119
101327.75672566614
101326.86612730415
101326.70407367297
101326.35599056628
101325.09979417242
101324.59128526764
101323.30797017585
101322.9772489274
101321.98650299458
101322.0681276236
101323.21819109269
101323.26820615397
101323.65374405522
101323.63000403627
101324.26484929593
101323.90242900475
101324.08301044899
101323.93821292781
101324.07000781115
101324.18779430824
101323.740037768
101323.425656284
101323.21863817291
101323.1331946986
101322.39580095158
101322.00426519151
101322.81760871135
101323.28054200059
101324.44406961818
101324.97335006911
101326.04520233648
101326.55951698442
101326.80139874914
101328.16560037326
101327.74363623082
101327.45432142555
101326.08211534057
101325.40767025223
101323.65896810922
101323.77575420204
101322.73445340054
101322.78696113237
101324.43285646777
101324.48155375493
101325.30268603412
101325.20603363556
101325.9727655905
101325.32550058812
101325.63402729787
101325.43652904496
101325.58859587779
101325.81336141094
101325.31023938926
101325.01041995114
101324.39915996286
101324.47904950066
101323.23506144034
101322.65456443618
101323.70904142215
101323.66301254259
101325.22488824654
101325.93647982985
101327.12383451313
101327.61176186275
101328.0765511826
101327.10233316811
101326.83287096953
101326.78884864096
101325.58685774679
101325.28983530075
101323.58155233218
101324.31536915546
101323.29678697392
101323.60063204127
101325.42082437087
101324.98360699715
101325.98305179003
101325.5449817716
101326.42887949981
101325.71190923204
101326.07585629009
101325.82550486835
101326.00201984323
101326.23857371051
101325.66069653942
101325.66913279585
101324.89463412871
101325.52595930558
101323.98307485337
101323.358471246
101324.16835744833
101323.70065094609
101325.18342961124
101325.54521406823
101326.51326118947
101326.70484566172
101327.04157436301
101328.46126461198
101328.00935134667
101327.89304850288
101326.42328168015
101326.06551075631
101323.98258539294
101325.08156295892
101323.53426364386
101324.49717820625
101326.6842888449
101326.1100201004
101327.23419477649
101326.55610015561
101327.68952275274
101326.89175444315
101327.32387007587
101327.0502479901
101327.2023784958
101327.44160798073
101326.72699191154
101326.81471472478
101326.04457279982
101326.81303128068
101324.97604175375
101323.68175862209
101325.09665899418
101324.34819666328
101325.80102694548
101326.34412980752
101327.51490665281
101327.87834469049
101328.39293487491
101327.50704890164
101327.09836570887
101327.18724888207
101325.79855902454
101325.52087734287
101323.57577522803
101324.93700637188
101323.55234924282
101324.82966787319
101327.33247827225
101326.55657011108
101327.66475418728
101326.65196191231
101327.90735837887
101326.92342769724
101327.37344392652
101327.09617911027
101327.1964713105
101327.57153801582
101326.8173585375
101327.16491789352
101326.53854720741
101327.52456972604
101325.43329571982
101323.73331604233
101324.87961977077
101323.98590097544
101325.18590626496
101325.67640830483
101326.79521422015
101327.02151859697
101327.46216260121
101327.79119664959
101327.43176232601
101327.500299552
101326.02235767824
101325.71346945528
101323.66238432549
101325.02354351248
101323.61416945585
101325.05444904773
101327.68933473228
101326.77023993662
101328.12861598455
101326.9678561136
101328.4200357424
101327.40996517391
101327.80833827684
101327.49867124573
101327.64430680995
101328.06286292072
101327.17255425264
101327.61638951357
101326.77024925634
101327.89998304467
101325.61447340742
101323.86523996617
101325.06892571419
101324.09167251611
101325.36700109925
101325.90762625771
101327.07609430249
101327.29547388392
101327.72308406547
101327.62168171817
101327.2841367964
101327.31575328644
101325.88241524156
101325.59452578613
101323.57507055221
101324.95943760038
101323.56165396115
101325.03778160343
101327.69138183085
101326.79590802072
101328.17559629781
101327.00000248647
101328.45896651546
101327.44338215339
101327.83547556502
101327.51724949347
101327.65071116042
101328.09337480141
101327.20457818957
101327.66976990743
101326.80313724256
101327.9126231893
101325.60368218769
101323.81260795427
101324.99229571379
101323.99298338505
101325.25033868718
101325.76838198303
101326.92617052377
101327.12868664088
101327.54429728659
101327.57989350875
101327.18982775773
101327.32108145465
101325.94965927809
101325.67374576104
101323.65590153291
101324.93841686136
101323.51919031794
101324.79902280461
101327.35835062517
101326.60848015669
101327.73305759217
101326.72369009147
101328.00046379679
101326.99585043447
101327.42774219779
101327.16439370168
101327.27017371483
101327.66501957329
101326.91834272398
101327.27195667151
101326.62300596651
101327.56671007167
101325.42886017414
101323.71314206523
101324.88935952008
101324.04130028783
101325.31218448948
101325.83688844832
101326.96568849757
101327.1346665848
101327.54379340103
101328.22026408985
101327.81351499105
101327.73945969148
101326.30641755069
101325.99970130801
101323.90914627508
101325.0177272711
101323.41865803003
101324.46634115883
101326.73909386118
101326.21832123406
101327.38848582572
101326.66480329858
101327.84461321602
101327.05150491456
101327.49099641581
101327.1780781874
101327.33609261768
101327.60293711715
101326.89433302419
101327.0188408469
101326.21241179349
101326.88497454135
101324.96634757778
101323.54707571812
101325.00299325227
101324.26279939138
101325.68725010594
101326.21808561852
101327.37876764683
101327.66442229145
101328.16048848159
101327.15873845601
101326.89620146592
101326.86333415486
101325.64663379316
101325.32178602918
101323.57948678419
101324.34424134383
101323.20684596241
101323.60548910996
101325.43151976076
101325.00750009916
101326.00661762335
101325.49727031877
101326.39727401917
101325.69284126916
101326.05826420944
101325.8084920718
101325.97487024376
101326.22140223572
101325.6806896238
101325.76379772565
101324.93843879626
101325.57998654143
101324.01738581179
101323.32375889779
101324.20197770178
101323.72928319898
101325.19859100899
101325.55493622219
101326.56182503048
101326.74866898319
101327.10297740711
101327.8098830946
101327.40472865113
101327.17392252057
101325.89861708182
101325.2134820651
101323.48440651907
101323.7033096348
101322.71245229285
101322.76172176012
101324.48529357265
101324.51623059063
101325.34539341003
101325.19187887361
101326.0107373931
101325.43882234732
101325.74071515408
101325.52686240558
101325.70766047129
101325.90700035609
101325.33805917588
101325.0768674351
101324.44106826681
101324.53167322546
101323.22997284713
101322.59091909343
101323.60236432205
101323.48763314546
101325.00661251866
101325.68208556424
101326.83097014365
101327.26271531946
101327.7228074867
101326.79685854734
101326.6167061796
101326.25635275217
101324.98019728796
101324.50142899758
101323.2500282415
101322.98611892411
101322.0035390516
101322.02570059287
101323.22422705752
101323.25570715612
101323.62950218949
101323.52863640775
101324.04197656881
101323.61573466167
101323.78277309374
101323.62969913792
101323.76175330031
101323.95095962922
101323.60704326304
101323.37238603216
101323.20415920587
101323.17771363331
101322.37032241342
101321.96176991523
101322.82516303354
101323.24717402234
101324.36123145442
101324.86956307276
101325.9610842969
101326.49458251164
101326.73729475102
101327.86457104553
101327.53090149253
101326.8734284571
101325.57153667478
101324.56803463973
101323.21781641446
101322.56664410357
101321.88777386371
101322.11020756126
101322.58959789094
101322.87840466185
101323.72656673056
101324.20874683258
101325.04644659076
101324.89657427618
101325.07241867132
101324.95788318843
101324.96550839252
101325.00438069781
101324.31650129418
101323.63164104236
101322.92301117766
101322.48719137863
101322.20327067413
101321.87734361363
101322.41446194898
101323.08282109004
101324.3826809926
101325.42557387987
101326.69066172434
101327.43000018749
101327.83751211059
101325.45696633079
101325.24721255802
101324.79610876263
101323.8904155256
101323.09559119123
101322.30360093738
101322.20906658252
101321.71182066195
101321.72935660515
101321.97230673596
101321.91853682479
101322.58253739073
101323.21892615408
101323.50103017116
101323.50157430561
101323.62201139735
101323.55524242077
101323.51039310949
101323.35294552117
101323.116541964
101322.59070566489
101321.9446706563
101321.87829381027
101321.68060525777
101321.67976092093
101322.17031227765
101322.30786215814
101323.04311851974
101323.7791946529
101324.72952007581
101325.22575977785
101325.45889673804
101323.73932662029
101323.63626444142
101323.43793709468
101323.19924004402
101322.55167740346
101321.94417974676
101321.89736329942
101321.67158992954
101321.71768997729
101322.13230821176
101322.16391056689
101322.83077657012
101323.60699805725
101324.50462652207
101324.91359342121
101325.15476816674
101325.15386665266
101324.93777402038
101324.54907401312
101323.69005749295
101322.84133612119
101322.1243474712
101322.13984348527
101321.72529838581
101321.72626724317
101321.94404961605
101321.94689326111
101322.56982379005
101323.22824786232
101323.59553722576
101323.61418147723
101323.80146660705
101325.02625652695
101324.9713409176
101325.0081912678
101324.26078544633
101323.60136930787
101322.86854126099
101322.45369374692
101322.2168030248
101321.94140529456
101322.50666187752
101323.17950071262
101324.39094142194
101325.41856707136
101326.6495215937
101327.35271719101
101327.75644980183
101327.78732360074
101327.47021442666
101326.82606872327
101325.52739689979
101324.56736014318
101323.25532633696
101322.6176344297
101321.98047885988
101322.12630029803
101322.57423279193
101322.82268678883
101323.73313157607
101324.14551761953
101325.10581443364
101324.88774233201
101325.13058883064
101323.93820095161
101324.0699115751
101324.18767020488
101323.7399362618
101323.42564523465
101323.21882103375
101323.13352049197
101322.3961542348
101322.004561594
101322.81774901712
101323.28037115783
101324.44371676102
101324.97293088889
101326.04487902098
101326.5594806525
101326.80119796275
101326.86591479596
101326.70386485488
101326.35574340727
101325.09951040328
101324.59101929123
101323.3077988063
101322.97719039982
101321.98648958973
101322.0679992433
101323.21808066583
101323.26814275481
101323.65384633417
101323.63018087004
101324.26494727271
101323.90248513967
101324.08300297437
101325.43660423726
101325.58854778043
101325.81325799804
101325.31013013271
101325.01038872389
101324.39927273938
101324.47927932229
101323.23530093813
101322.65473159395
101323.70893828257
101323.66246534974
101325.22442860142
101325.93604035913
101327.1233962905
101327.61180007624
101328.07650723694
101328.16563381041
101327.74365014474
101327.45428060374
101326.0819523354
101325.40751786384
101323.65879206924
101323.77568415293
101322.73444311594
101322.78689009378
101324.43282851603
101324.48168008348
101325.30302390823
101325.20640304787
101325.97307603723
101325.32567927282
101325.63412354964
101325.8254750507
101326.00185502724
101326.23837945578
101325.66052102266
101325.66906316117
101324.89470603957
101325.52615189052
101323.98324035357
101323.35854119374
101324.16829025099
101323.70036503302
101325.18333757205
101325.54527239657
101326.51316137696
101326.70480744673
101327.04143351494
101327.10226674487
101326.8328639886
101326.78893228274
101325.58686824211
101325.28986694447
101323.58148559049
101324.31534348326
101323.29675721968
101323.60047927126
101325.42068491795
101324.98369640118
101325.98336315472
101325.5454112624
101326.42921001095
101325.71198348791
101326.0757600705
101327.05035380236
101327.20227005199
101327.44147135559
101326.72679572133
101326.81456680891
101326.04456625422
101326.81322480435
101324.97627792052
101323.6820342541
101325.09693709118
101324.34840586581
101325.8013411443
101326.34437196342
101327.51510607227
101327.87852647449
101328.39300896358
101328.46130462867
101328.00943542123
101327.89317431556
101326.42327264576
101326.06557084796
101323.9825131563
101325.08160424224
101323.53421633247
101324.49699663682
101326.68412947105
101326.11010952413
101327.23459550798
101326.5568317377
101327.69029289336
101326.89211026623
101327.32403097823
101327.09612647982
101327.19619756818
101327.57143985417
101326.81724913651
101327.16472540876
101326.53844152999
101327.52475940672
101325.43363072781
101323.7336789523
101324.87989065061
101323.98600116966
101325.18579418943
101325.67612965457
101326.79493118901
101327.02119968167
101327.46165597525
101327.50653090583
101327.0981340298
101327.18716285969
101325.79846551263
101325.52084020617
101323.57566796096
101324.93693477803
101323.55233060973
101324.82947978193
101327.3323260507
101326.55651192041
101327.66488692007
101326.65237945717
101327.90782613962
101326.92341126062
101327.37345097076
101327.49852503955
101327.64412710202
101328.06281593924
101327.17254755324
101327.61622585563
101326.77009078658
101327.90008615036
101325.61474570965
101323.86554865097
101325.06921926173
101324.09191782182
101325.36725250076
101325.90794618444
101327.07639656964
101327.2955726496
101327.72300715683
101327.79109308482
101327.43168423485
101327.50026482018
101326.02226675951
101325.71341584182
101323.66237729088
101325.02345031446
101323.61422386227
101325.05437226876
101327.68922342596
101326.7700598162
101328.1286037769
101326.9681264166
101328.42041190741
101327.41006208913
101327.80830736339
101327.61975286479
101327.31791592174
101327.33418797891
101325.96364903719
101325.64985127043
101323.69215386732
101325.09984260271
101323.73501244483
101324.93725230725
101327.4677387121
101326.75699843893
101328.03625910217
101326.97964746108
101328.39000549604
101327.41956543639
101327.82969488266
101327.52792910473
101327.60712116669
101328.05422960476
101327.16560893171
101327.54524954577
101326.73384787825
101327.6582511797
101325.45946715098
101323.96249896396
101325.12474588833
101324.07508346009
101325.37551515848
101325.83999678904
101326.93962733638
101327.16069606591
101327.56018297674
101327.55719734877
101327.1804916182
101327.3017809772
101325.99359411439
101325.71163996968
101323.76786215526
101325.06483376147
101323.68642758486
101324.69084490785
101327.14223258999
101326.57092894609
101327.62244310287
101326.72834059625
101327.97503879087
101327.02795760783
101327.46492217369
101327.21007845533
101327.26281941694
101327.67859620732
101326.91594375808
101327.18944593859
101326.57053135989
101327.32579825271
101325.25848398394
101323.84574942676
101324.98909253333
101324.1038867474
101325.40844980224
101325.88556518727
101326.94059995892
101327.13332806912
101327.52792983819
101328.18482944024
101327.81643701319
101327.71599422296
101326.33440715297
101326.01948756167
101324.00121569936
101325.12254684123
101323.5793778498
101324.42038162117
101326.57173905565
101326.17338951997
101327.27522227961
101326.61595782236
101327.79546084776
101327.04456426582
101327.51776468016
101327.20171242559
101327.33401560831
101327.59763697389
101326.85300748701
101326.91449003103
101326.16043936028
101326.69375604988
101324.84441303863
101323.67988391285
101325.08813444898
101324.33461073744
101325.78060423853
101326.26646075472
101327.3484678706
101327.65741529156
101328.13364311682
101327.09415255842
101326.88173582384
101326.81228552276
101325.6263438231
101325.3142605452
101323.66732105943
101324.45403024125
101323.36124965835
101323.55584135588
101325.29676604811
101324.98079839871
101325.91755116591
101325.48277629953
101326.43762111968
101325.75972413624
101326.15853069877
101325.91422597894
101326.04097243198
101326.29544946943
101325.6769063674
101325.69335051352
101324.91423216576
101325.41976862875
101323.93046019609
101323.42053754011
101324.27345113292
101323.80245719443
101325.21177930178
101325.5739786425
101326.49789723908
101326.71519031949
101327.04252549291
101327.67398377853
101327.31371324664
101327.06321430483
101325.81788055273
101325.19721554178
101323.52844581781
101323.82669072434
101322.7981566345
101322.66514640454
101324.36240496555
101324.49051260998
101325.31026304567
101325.18492229594
101326.01853321007
101325.46074335443
101325.79384460751
101325.58713212321
101325.73298192002
101325.93976730495
101325.34758463346
101325.04741064987
101324.43914415661
101324.39399877304
101323.11889946545
101322.6925276963
101323.71929687745
101323.54980546005
101325.00668594411
101325.63243861645
101326.73252913616
101327.16334579304
101327.59198856707
101326.72126315779
101326.55597558198
101326.20572055673
101324.95497883756
101324.50405748215
101323.27117368924
101322.97017212023
101322.02796088284
101322.01810367094
101323.19163541954
101323.25615572256
101323.66179314666
101323.58745443952
101324.11334228606
101323.71141564127
101323.89664957528
101323.74638051083
101323.86995804324
101324.02339380092
101323.69439224651
101323.39761288755
101323.21859705439
101323.08412749457
101322.36507923772
101322.00365848719
101322.80692860742
101323.26148572422
101324.3694313977
101324.84617573634
101325.91478885502
101326.42851250917
101326.66363978645
101327.6324083831
101327.31584284837
101326.70009158677
101325.42605859942
101324.43462458227
101323.14987234431
101322.54135376695
101321.92436327343
101322.12075056795
101322.60203426563
101322.83388785276
101323.79337439919
101324.27576226924
101325.13494617316
101325.00147732395
101325.20323245387
101325.08684748788
101325.07372806856
101325.09904837719
101324.40754376727
101323.74498188203
101322.90600372608
101322.46500282221
101322.22483478968
101321.89220089492
101322.45537157409
101323.06763161698
101324.26241811083
101325.29200264107
101326.52623668505
101327.21813624681
101327.60356311931
101325.34881470918
101325.11927469376
101324.72738657487
101323.82785718811
101322.98952268215
101322.29022990465
101322.22873266475
101321.7222443497
101321.72831183225
101321.98597022975
101321.94893707406
101322.67696215893
101323.31965114891
101323.6453269546
101323.64145673145
101323.77294655073
101323.70196176044
101323.65286262654
101323.50407695824
101323.24604364848
101322.67294148562
101321.9680020754
101321.90029274176
101321.70254913866
101321.69382537366
101322.17998473237
101322.28574999498
101322.94919842783
101323.72775241527
101324.64943288545
101325.10377531862
101325.34529026583
101323.90811556291
101323.79501285317
101323.58911533449
101323.33022419819
101322.62680683566
101321.97478540039
101321.90651714704
101321.69930659726
101321.7205483704
101322.13519286846
101322.11399816821
101322.71324425275
101323.53303787687
101324.430033724
101324.76785620555
101325.0286836334
101325.01940408
101324.78712229451
101324.47409282939
101323.61959361745
101322.72996058261
101322.10335973196
101322.1571503101
101321.72170244803
101321.72892872535
101321.96337775423
101321.98199741033
101322.67839708217
101323.35374253584
101323.74089650554
101323.77149267794
101323.96429852526
101325.16913974921
101325.07679057561
101325.10173386193
101324.3493247989
101323.71811163923
101322.84309652643
101322.4671364587
101322.23257008004
101321.95136099259
101322.53415625278
101323.12927978134
101324.26947775816
101325.26313453545
101326.4741370843
101327.12041443234
101327.52145443093
101327.54679008928
101327.23456571935
101326.64074655838
101325.37032076329
101324.42833833318
101323.22897168806
101322.63767134497
101322.0203830417
101322.13515338964
101322.58618568932
101322.83478173403
101323.80839790568
101324.22757299617
101325.1781804754
101324.99321862422
101325.26330785849
101324.03277952898
101324.13484165483
101324.27255437546
101323.82880010353
101323.47413949839
101323.24904418275
101323.0909569902
101322.39395125251
101322.04393920812
101322.84005741401
101323.30004039907
101324.45412055534
101324.94588936647
101326.01596782789
101326.52058258225
101326.76309623607
101326.82729934012
101326.66788428561
101326.29830358541
101325.06183852536
101324.56816073319
101323.29600576822
101322.92699777031
101322.01664527037
101322.06135743823
101323.15902628281
101323.27134162438
101323.69809581447
101323.70405358146
101324.32600142964
101323.96340756564
101324.16827839929
101325.55256985848
101325.67537684637
101325.88902035866
101325.33663259487
101325.01410596179
101324.40152315029
101324.33270533058
101323.12467513734
101322.75212046973
101323.79887365534
101323.71757661583
101325.22281144247
101325.85384742191
101327.02844164275
101327.49336432015
101327.92577358558
101328.00939359001
101327.62030837846
101327.33754967448
101325.98875637946
101325.37725146129
101323.69827059268
101323.87966658556
101322.81687361066
101322.69113784727
101324.31890664627
101324.47564806911
101325.27500529776
101325.21262885729
101326.00419876471
101325.40486296845
101325.74023749988
101325.89789696888
101326.04975004456
101326.30279133697
101325.68034846077
101325.61905380154
101324.86870159677
101325.37241165662
101323.90181910638
101323.45286830534
101324.24430622834
101323.78668036316
101325.21155791113
101325.56318853112
101326.46058011221
101326.68913487115
101327.00160017064
101327.0643252626
101326.83763107425
101326.74167415367
101325.56453594672
101325.27745928415
101323.65766669603
101324.41252922456
101323.44488975499
101323.55425668156
101325.28294838921
101324.95058317258
101325.8936773235
101325.53293918011
101326.4666345954
101325.75367886449
101326.14483933836
101327.05802412715
101327.18883711261
101327.4187673406
101326.67822537178
101326.72143349095
101325.99320836658
101326.62523864218
101324.83591387123
101323.80860815042
101325.1685379043
101324.408447861
101325.88177820851
101326.37912410383
101327.47671562815
101327.8499266062
101328.34148598376
101328.40405092145
101327.99202832734
101327.85292990757
101326.44361422621
101326.07774264572
101324.07312295098
101325.18773290853
101323.70215582571
101324.44650744392
101326.51965602132
101326.07328908557
101327.13005032946
101326.49577991382
101327.62839568908
101326.87226285507
101327.32602117656
101327.12293525402
101327.17180190433
101327.56467043783
101326.80346754257
101327.07909484804
101326.48373461577
101327.29106556679
101325.27807005873
101323.86872712072
101324.98094487251
101324.04621907584
101325.27915652315
101325.72784920005
101326.77622060166
101327.03513042178
101327.45291782469
101327.49215202274
101327.11167080277
101327.17549054862
101325.84870637071
101325.55431589726
101323.67730079047
101325.05792778078
101323.71664955284
101324.71836438445
101327.11557336325
101326.51925830371
101327.55587087691
101326.64467099977
101327.87496309019
101326.94958436822
101327.40101402572
101327.51026925023
101327.62245144616
101328.0329764917
101327.13744177249
101327.49258947303
101326.69925671893
101327.64574003358
101325.46292328337
101324.00905535129
101325.19407830447
101324.16596272869
101325.48644454881
101325.97471919176
101327.08001238186
101327.32076028177
101327.72798827526
101327.77173762204
101327.46131201113
101327.5104923905
101326.09917183136
101325.76877838395
101323.78269061995
101325.17319579478
101323.79328478647
101324.95859407901
101327.46944639678
101326.73541009774
101327.99275057408
101326.94722594018
101328.35718355686
101327.39900797224
101327.80937948782
101327.52790683661
101327.60720658096
101328.05417800679
101327.16568924369
101327.5452842534
101326.73382788344
101327.6584436689
101325.4593571943
101323.96251137005
101325.12492501941
101324.0753300536
101325.37551457636
101325.83967666527
101326.93936855241
101327.16065490057
101327.56013558635
101327.61976425459
101327.31795629197
101327.33426909731
101325.9637141758
101325.64977193096
101323.69212074621
101325.09973720924
101323.73475615229
101324.9368583472
101327.467356136
101326.75673608958
101328.03614168584
101326.97944675884
101328.38980090957
101327.41936463595
101327.82961263842
101327.20991808761
101327.26278923309
101327.67851361577
101326.91595856732
101327.18955764995
101326.5704971083
101327.32584417096
101325.25844547534
101323.84580039061
101324.98921825053
101324.10411408855
101325.40851674297
101325.88531896412
101326.94035637836
101327.13332737391
101327.52788563707
101327.55720516066
101327.18050181579
101327.30177633342
101325.99353756291
101325.71144996208
101323.76781421878
101325.06483359855
101323.68627863939
101324.69052416616
101327.14188426305
101326.57066615467
101327.62243412016
101326.72829099339
101327.97486878115
101327.02778356236
101327.46474126543
101327.20141572137
101327.33371959114
101327.59736740476
101326.85292846328
101326.91456620733
101326.16049182971
101326.6937490376
101324.84434130877
101323.67980301003
101325.08809399771
101324.33471660377
101325.78066907603
101326.26624013488
101327.348262896
101327.65732543661
101328.13357984312
101328.18476177979
101327.81639044944
101327.71597914808
101326.33439892832
101326.01931575107
101324.00117092569
101325.12253999712
101323.57930827726
101324.42017114411
101326.57148555
101326.17314211052
101327.27522923492
101326.61589219846
101327.79526905788
101327.04438495601
101327.51745534856
101325.91391047496
101326.04063785443
101326.29523345629
101325.67690364415
101325.69350296177
101324.9145136828
101325.41992685091
101323.93047855436
101323.42048838413
101324.27337201452
101323.80248984337
101325.21177390152
101325.5738417924
101326.49774538314
101326.71505525675
101327.04238822423
101327.09399316795
101326.88159144127
101326.8122352052
101325.62631835442
101325.31412912415
101323.66728583642
101324.45400587848
101323.36115809801
101323.55574052001
101325.29663843215
101324.98059515961
101325.91760216308
101325.48296652717
101326.43742186553
101325.75965687
101326.15821579349
101325.58689637955
101325.7327835137
101325.9396667465
101325.347596958
101325.04762810897
101324.43944733191
101324.39407617616
101323.11882694182
101322.69238144616
101323.71914463148
101323.54972857232
101325.00659339572
101325.63233103922
101326.73239918037
101327.16319389378
101327.59185267967
101327.67382483778
101327.31357732587
101327.06317095543
101325.81788948651
101325.19719319965
101323.52845986454
101323.82668651025
101322.79812810304
101322.66513079287
101324.36236033504
101324.49024040969
101325.31054255756
101325.18467510874
101326.01840040437
101325.46067073983
101325.79359278588
101323.74626258379
101323.86989031415
101324.02338687454
101323.69441692971
101323.39780873463
101323.21880989912
101323.08418151716
101322.36494583702
101322.00342547987
101322.80674336033
101323.2613758135
101324.36929334933
101324.84605967964
101325.91467694055
101326.42840417178
101326.66353768768
101326.72116301075
101326.5559159151
101326.20573823343
101324.95505178036
101324.50412814875
101323.27123478975
101322.97018736615
101322.02796231283
101322.01810402941
101323.19164061979
101323.25626354
101323.6619934128
101323.58705480267
101324.11345363162
101323.71138172493
101323.89659413147
101325.08681927333
101325.07366586139
101325.09895018222
101324.40732746723
101323.74489145653
101322.90582710972
101322.4647416864
101322.22454756571
101321.89194088806
101322.45521187701
101323.06751009385
101324.26232241243
101325.29193571632
101326.52615226446
101327.21802358219
101327.60341177596
101327.63227932851
101327.31576514435
101326.7000936726
101325.42612172753
101324.43471860731
101323.14994039969
101322.54137254563
101321.92432623293
101322.12066130432
101322.60198393321
101322.83402260407
101323.79347809505
101324.27566801904
101325.13513562959
101325.00153705526
101325.20333339549
101323.70189482495
101323.65279058961
101323.50389215925
101323.24584385425
101322.67283322362
101321.96791779052
101321.90013864907
101321.70235843686
101321.69369124144
101322.17992425115
101322.28568333483
101322.94912651149
101323.7276810745
101324.64931945907
101325.10363410758
101325.34504306086
101325.34859908889
101325.11912317554
101324.72733924662
101323.82787590615
101322.98959963753
101322.2902940332
101322.22873221117
101321.7221579114
101321.72815271784
101321.98583836594
101321.94892895072
101322.67694861531
101323.31959486238
101323.64541042903
101323.64144603288
101323.7729860195
101325.01928484927
101324.78695490659
101324.47391039437
101323.61941975408
101322.72997245587
101322.10346384681
101322.15722228837
101321.7217523811
101321.72895065058
101321.96334731662
101321.981930672
101322.6782530038
101323.35361946255
101323.74071901965
101323.771270468
101323.96383791803
101323.90767406528
101323.79464286385
101323.58887328762
101323.33009965938
101322.62681118616
101321.97482469148
101321.90653301685
101321.69927556554
101321.72047224773
101322.13510214572
101322.11397186828
101322.71318085145
101323.53297712453
101324.42997979799
101324.76776908667
101325.02864409066
101327.54666732103
101327.23436227898
101326.64049817102
101325.37013379067
101324.42834912914
101323.22914457205
101322.63787330747
101322.02053890603
101322.13520528896
101322.58606746652
101322.83455640569
101323.80812759325
101324.22734773127
101325.17797694298
101324.99311403198
101325.26288048939
101325.16870187382
101325.07633730183
101325.1013768397
101324.34901421879
101323.71792691652
101322.84305469554
101322.46712692146
101322.23254349278
101321.95130168027
101322.5341601854
101323.12933821198
101324.26947378853
101325.26310055809
101326.47411594847
101327.1203881745
101327.52141399501
101326.82733431987
101326.66782891363
101326.29812363557
101325.06174765332
101324.56828383094
101323.29629465008
101322.92728165913
101322.01684540691
101322.061351041
101323.15881364267
101323.27100379371
101323.69778214877
101323.70379491473
101324.32568973576
101323.96322903949
101324.167949843
101324.03245464919
101324.13448571005
101324.27228773442
101323.82846986756
101323.47384078843
101323.24880004392
101323.09083095597
101322.39389939253
101322.04386298104
101322.84006057083
101323.30013422995
101324.4542914512
101324.94602481606
101326.01603703063
101326.52057386296
101326.76318531131
101328.00956670544
101327.62031392023
101327.3374106737
101325.98865783532
101325.37728575626
101323.69843124645
101323.87987810772
101322.81702592238
101322.69116734352
101324.31884064474
101324.4754056564
101325.27485321436
101325.21261635124
101326.00390254571
101325.40462279187
101325.74017350252
101325.55257691375
101325.67532955082
101325.88905923025
101325.33652192513
101325.01403603623
101324.40130784991
101324.33263004693
101323.12465319991
101322.75197837259
101323.7988117405
101323.71768064209
101325.22311285054
101325.8541395775
101327.02860025577
101327.49336018569
101327.92586162893
101327.06442244872
101326.83744030856
101326.74139140105
101325.56433139797
101325.27741701817
101323.6577517312
101324.41269943312
101323.4450478504
101323.55439792057
101325.28302817998
101324.95051427616
101325.89363348021
101325.53306389014
101326.4666732094
101325.75380768717
101326.14505185233
101325.89815616372
101326.04990195482
101326.30304337018
101325.6803444789
101325.61917605481
101324.86853492411
101325.37249790716
101323.90181953242
101323.45270905373
101324.24415458566
101323.78670786045
101325.21181804946
101325.56355729021
101326.46078589295
101326.68924234535
101327.00172094165
101328.40409695485
101327.99183058989
101327.85263475649
101326.44332049489
101326.07761913144
101324.07311737645
101325.18786514038
101323.70236115639
101324.4467560851
101326.51990566231
101326.07347069893
101327.13017160742
101326.49598191604
101327.62869466384
101326.87253480345
101327.32636688814
101327.05833350567
101327.18893952605
101327.41900162661
101326.6780746337
101326.72160714243
101325.99294817317
101326.62544055191
101324.83593627265
101323.80850336944
101325.16842576359
101324.4085232675
101325.88220411347
101326.37964805693
101327.47695086697
101327.85005288439
101328.34159475318
101327.49213300183
101327.11150804504
101327.1752521568
101325.84849178547
101325.55426590962
101323.67732674208
101325.05810077366
101323.71697809486
101324.71873125726
101327.11589963999
101326.51948239043
101327.55591741687
101326.64468965806
101327.87498866112
101326.94943501669
101327.40099666639
101327.12301189415
101327.17163588871
101327.56479351336
101326.8032030602
101327.07927540499
101326.48341631018
101327.29148090979
101325.27812796108
101323.86856604088
101324.98072816615
101324.04614254962
101325.27942945149
101325.72827634217
101326.77632845302
101327.03514964864
101327.45292663961
101327.77168251781
101327.46113873951
101327.51029691832
101326.09898346676
101325.76873679071
101323.78266217097
101325.17330171936
101323.79356929331
101324.95898987915
101327.46982661185
101326.7356989875
101327.99292924638
101326.94745665623
101328.35742478183
101327.39917362898
101327.80943572019
101327.51028876433
101327.62232403204
101328.03304839648
101327.13726743034
101327.49266802899
101326.69904276635
101327.64593456556
101325.46302283488
101324.00879794352
101325.19385508433
101324.16576731457
101325.4865663386
101325.97506673538
101327.08021600592
101327.32074543333
101327.72797900594
101328.72389905683
101327.55343168211
101327.4912680753
101324.29610236861
101324.26585581218
101320.96460868671
101322.58102467496
101321.0207255181
101325.91898492075
101331.02125328725
101329.1905605011
101330.85434234887
101329.24194428403
101330.23693595386
101328.7840663854
101329.08944569626
101328.46139777795
101329.24355059909
101329.33387848205
101329.59698002014
101329.88461819907
101329.69688449145
101330.48949130683
101327.49947382833
101322.14765733307
101322.05141730077
101322.33813997872
101323.13780155622
101324.56116239584
101326.26520001191
101327.45592628009
101328.41889850779
101329.24697952815
101328.05746634214
101328.07300180328
101324.93641016874
101324.83823345564
101321.47270403212
101322.9196413412
101321.15409972626
101325.59210776893
101330.3352339257
101328.4458029105
101330.04395015471
101328.16205797755
101329.10905079698
101327.64940343276
101327.95945921572
101327.35838876377
101328.15044188521
101328.24715782123
101328.54955090543
101329.03786110789
101329.085752078
101329.75345420223
101327.15432827829
101322.1505374602
101322.38250240845
101322.69565040544
101323.75114566239
101325.16912723289
101326.91669548486
101328.0586330728
101328.9743980217
101329.65272509714
101328.53778524091
101328.46823543387
101325.43263969624
101325.15156607865
101321.83324181163
101323.22253526289
101321.01237242701
101325.00617276304
101329.28096410315
101327.83941119198
101329.39222680502
101328.02918177824
101328.99070856243
101327.6365974681
101327.82706174944
101327.24435756037
101328.04847794783
101328.14721634189
101328.40145953839
101328.50457647513
101328.49633116843
101328.84959426611
101326.38668599483
101322.09126657028
101322.70822532689
101322.64793985503
101324.20653593572
101325.45474084953
101327.38768837278
101328.48190426725
101329.41706109098
101329.54759743412
101328.44089327852
101328.35739570473
101325.58813989429
101325.24237148167
101321.97035844979
101322.97629661277
101320.75128735622
101323.97740501325
101327.47222284667
101325.69977801265
101326.68019773955
101325.37664516621
101325.96093429168
101324.79337595505
101324.82860768508
101324.27859120702
101325.09769408443
101325.31275856818
101325.6890382835
101325.83262691915
101326.10127367185
101326.9845537512
101325.08769300199
101321.63420815596
101322.39155494244
101322.54602046241
101324.25734368652
101325.63986833474
101327.4808618782
101328.4839064198
101329.30952058731
101330.17919632504
101329.29780230107
101328.8266677036
101326.13605537896
101325.40521414705
101322.35838201083
101322.80437963014
101320.64670225204
101323.06344472241
101326.02298380496
101324.48482391008
101325.65272859567
101324.76420540285
101325.4407290274
101324.40864879267
101324.48441985501
101324.05157961002
101324.76983952677
101324.85813850116
101325.03671500436
101324.95193065927
101324.78468942734
101325.63427911172
101323.9906479076
101321.22292577675
101322.5089274107
101322.59380448142
101324.61936106277
101326.04601578521
101327.99445687867
101329.24223509358
101330.00364834424
101329.5720312566
101328.93577435547
101328.44510358182
101326.092335052
101324.94204061768
101322.43438123247
101322.23881188684
101320.39821018677
101322.09756163866
101323.53919736027
101322.20037886918
101322.70399678257
101321.95733142561
101322.32322026926
101321.59226104873
101321.60755107351
101321.26684175091
101321.8294388033
101321.88319910041
101322.08511485549
101322.19234625131
101322.35108538767
101323.14444020216
101322.54570681287
101320.51153589824
101321.9328283066
101322.41031840057
101324.35579694323
101325.95215940343
101327.79441849212
101328.80534899147
101329.38344222764
101330.68035920931
101329.96263593432
101329.07342648298
101327.21131222678
101325.92240129449
101323.36742740565
101322.67912247013
101320.50684258074
101321.63954544466
101322.74551300854
101322.05153700869
101322.90875307067
101322.81316612416
101323.33641440385
101322.67574838648
101322.62717385593
101322.39115063252
101322.7808018233
101323.03040697123
101322.83608053977
101322.63174660478
101322.12443053206
101322.59974961678
101321.76676794648
101320.39498584214
101322.44449422832
101323.16084336374
101325.40187074264
101327.01898395819
101328.71964346312
101329.80431520293
101330.54902209608
101327.12295311538
101326.8104950799
101326.12582935989
101324.86575595543
101323.74715717019
101322.43400656006
101321.80141309413
101320.61042631749
101320.67515741826
101320.46371675367
101320.40624609965
101320.76548216767
101320.81924404288
101321.22140852678
101321.35651757468
101321.38102164399
101321.29683249739
101321.38986419482
101321.15731217981
101320.77410743962
101320.61397147292
101320.35109795754
101320.36731347363
101320.6077592424
101320.68066336002
101321.62123389744
101322.29993742294
101323.61563605833
101324.72613846007
101325.95416639964
101326.68803474645
101327.08934391517
101321.81770853304
101321.90611258069
101321.86297616643
101321.37341887401
101320.9459557769
101320.45826081073
101320.3716156117
101320.69268406613
101320.68828574484
101321.5537118912
101322.07295821895
101323.07599188166
101324.02516734687
101325.10247588843
101325.74257091786
101326.14725243249
101326.16618724007
101325.86133445179
101325.23602506542
101324.16049838526
101323.1706225895
101322.13675806305
101321.71282059171
101320.63772141647
101320.68759900119
101320.45517216352
101320.4478664497
101321.04485028151
101321.35061757945
101321.89216116472
101321.91849687292
101321.88613394182
101322.17591214686
101322.53051483081
101322.76208365953
101322.54143920625
101322.55836056467
101322.01089104536
101322.50345715349
101321.71280573061
101320.4579854029
101322.55516509405
101323.37408129557
101325.6471785929
101327.29631378155
101328.95336884096
101330.09912971298
101330.82577358156
101330.95702009511
101330.28759063853
101329.32805150285
101327.48637090756
101326.1170172682
101323.58301099314
101322.76375304998
101320.55822057714
101321.56225855777
101322.6687918911
101321.98549540029
101322.77007408954
101322.54731001516
101323.07679577057
101322.48668942967
101322.40771142996
101322.01620395939
101322.44828853525
101322.29398489106
101322.38345568298
101322.3786179512
101322.39854248318
101323.12453166346
101322.50199800731
101320.50473411099
101321.92895326382
101322.33469027086
101324.2123144301
101325.80683481698
101327.51885369235
101328.52423746469
101329.1708131888
101329.35379772459
101328.65915791462
101328.15175581315
101325.92627428743
101324.77751799252
101322.31292200201
101322.18133208473
101320.44778621782
101322.1060149401
101323.49820438775
101322.2818197372
101322.84437798391
101322.26199109029
101322.69888385545
101322.20946574323
101322.32523774456
101323.47280487086
101324.1979568933
101324.38933339778
101324.5832999933
101324.65912917134
101324.53508020678
101325.41413830462
101323.94528908624
101321.27966543345
101322.67718073283
101322.86699306656
101325.02852247286
101326.55336920114
101328.54391234588
101329.86914610819
101330.60426214886
101330.76323904138
101329.91490965258
101329.38082847185
101326.61322557471
101325.79652181275
101322.67628372712
101322.98304167256
101320.76552173476
101323.0695175179
101325.84186460931
101324.25291532869
101325.3185334794
101324.37306189782
101324.91950843213
101323.81391741695
101323.86396149648
101324.51388001187
101325.31614857055
101325.37889217345
101325.74458490599
101325.84181080063
101326.03999340601
101326.93837220436
101325.0355678874
101321.6443372728
101322.41725015725
101322.48639598493
101324.18478906825
101325.53055577203
101327.31776316972
101328.35778358539
101329.19062927584
101329.43977043223
101328.30846992269
101328.26188676652
101325.48567679478
101325.07446722932
101321.96648397269
101322.96953012372
101320.8223851215
101323.98236170869
101327.42714324356
101325.69874587319
101326.6978758355
101325.4631293471
101326.08627387644
101324.86269085734
101324.99884118453
101326.61309627615
101327.47974776253
101327.58758742643
101327.88234949266
101328.00131612706
101328.11310312773
101328.70548837047
101326.32980273936
101322.16760290758
101322.95020128842
101322.87558348969
101324.5506045915
101325.86485632326
101327.85944459758
101328.99977652566
101329.96600177328
101330.22335991575
101329.03721360603
101328.99663927327
101325.79005832816
101325.54897264528
101322.13139192938
101323.4375010746
101321.13011470271
101324.99573987095
101329.12527708849
101327.5272953067
101328.94433593869
101327.50695497679
101328.41277069374
101326.9942729273
101327.18505442973
101327.2837787941
101328.11904541982
101328.20183992349
101328.54839939621
101328.98329899325
101328.98842035528
101329.67964134892
101327.12503330059
101322.15028864812
101322.39563660137
101322.57952671738
101323.56768269785
101324.94211331075
101326.68596757375
101327.83751513599
101328.75964511765
101329.05242747962
101327.84150490366
101327.91212379982
101324.81043698108
101324.64787827359
101321.35864588778
101322.85988066166
101321.168332656
101325.57378773129
101330.26504119966
101328.36609653026
101330.01133099108
101328.19088766527
101329.08939844774
101327.64682767013
101327.9222041832
101328.30124472594
101329.1060349438
101329.21318701167
101329.47786250796
101329.77705980821
101329.59500395025
101330.42176998788
101327.49191929236
101322.17463796712
101322.20260890776
101322.52217235725
101323.36816984499
101324.83988658265
101326.6002805379
101327.84066544181
101328.82125959599
101329.10779442629
101327.89652497225
101327.8411287354
101324.59408686288
101324.51814544955
101321.18886244511
101322.75277545315
101321.10106247778
101325.92279988431
101330.9610060702
101329.09411779228
101330.78134908644
101329.11990853136
101330.11774807304
101328.64243233527
101328.9551720614
101328.46152937069
101329.24370293945
101329.33372390553
101329.59709632814
101329.8845858297
101329.69719975026
101330.48991148706
101327.49872581013
101322.14747841275
101322.05168748186
101322.3383717601
101323.13778366614
101324.56091282595
101326.26492739328
101327.45602662314
101328.41878952294
101328.72381044942
101327.5535026405
101327.49136386978
101324.29620478729
101324.26539268624
101320.96435574975
101322.58092129616
101321.02054901721
101325.91877117028
101331.02086884365
101329.19028517729
101330.85423748939
101329.24188645993
101330.23682997019
101328.78403960058
101329.08955337659
101327.3583200381
101328.15038774032
101328.24700998346
101328.5495579058
101329.03792278291
101329.08567511558
101329.75359497932
101327.1541268889
101322.15056536447
101322.38267308137
101322.695816772
101323.75111844434
101325.16873286625
101326.91630216681
101328.05869136995
101328.97439425741
101329.24700373123
101328.05760203785
101328.07294770986
101324.93643688427
101324.83752750643
101321.47232149747
101322.91954453316
101321.15414930326
101325.59192737608
101330.33487498165
101328.4455405053
101330.04391628268
101328.16210345778
101329.10898159548
101327.64938822921
101327.95940348416
101327.24409407072
101328.04822659507
101328.1469840371
101328.40128314993
101328.50464150487
101328.49633991362
101328.84963900851
101326.38647653422
101322.09112262064
101322.70830207864
101322.64809469388
101324.20649443055
101325.4543165417
101327.38737386596
101328.48195243068
101329.41710838501
101329.65281735609
101328.53792139734
101328.46823065029
101325.43269470989
101325.15100627727
101321.83306638409
101323.22265794658
101321.01242391924
101325.00604358634
101329.28064468285
101327.83912451231
101329.39212126251
101328.02917283551
101328.99070508327
101327.63659971743
101327.82685444571
101324.27821491507
101325.0973734381
101325.31258854219
101325.68906595014
101325.8328711123
101326.10157522649
101326.98487307243
101325.08773850396
101321.63423414719
101322.39166474923
101322.54621938014
101324.25737895873
101325.63964295838
101327.48067122456
101328.48380690726
101329.30949080321
101329.54757034274
101328.44091078479
101328.35740683072
101325.58809651285
101325.24193145377
101321.97030948158
101322.9763696021
101320.75125156055
101323.97727650352
101327.47199665516
101325.6994768507
101326.67994344782
101325.3765843407
101325.96084760435
101324.7933154878
101324.82824080292
101324.05129446319
101324.76969140289
101324.85813206104
101325.03688009949
101324.95192309759
101324.78501724347
101325.63457688653
101323.99070823958
101321.22297530121
101322.50898156958
101322.5939059634
101324.61935202261
101326.04585942764
101327.99425735426
101329.24204520318
101330.003521545
101330.17905575139
101329.29772061638
101328.82666581539
101326.13605934185
101325.40505097606
101322.35839379492
101322.80437600924
101320.64664616188
101323.06339087138
101326.02292292581
101324.48465800707
101325.65272246867
101324.76401965457
101325.44069510256
101324.40861103902
101324.48415669895
101321.26659322817
101321.82931110702
101321.88319571219
101322.08518215999
101322.19243375343
101322.35136069363
101323.14476132898
101322.54569620371
101320.51145038279
101321.93285460849
101322.41027688925
101324.35564713145
101325.95199326033
101327.79425810714
101328.80518762287
101329.38334466307
101329.57193260925
101328.93572647132
101328.44514655434
101326.09242031039
101324.94207761141
101322.43446917635
101322.23884315944
101320.39820336974
101322.09755003607
101323.53920392078
101322.20035594757
101322.70396507153
101321.95720114357
101322.32334511851
101321.59224286751
101321.60741073306
101322.39098440942
101322.78069869174
101323.0301839023
101322.83581042341
101322.63162872416
101322.12447105904
101322.59957881704
101321.76657116662
101320.39486867553
101322.44444344226
101323.1607662758
101325.40171186982
101327.01883365109
101328.71953067784
101329.80418724289
101330.54892732359
101330.68029720888
101329.96261885314
101329.07348093254
101327.21142043387
101325.92247589491
101323.36753986738
101322.67913146164
101320.50679619222
101321.6394651437
101322.74548117591
101322.05154223338
101322.90876457519
101322.81320269634
101323.33664765792
101322.6758565394
101322.62718301557
101321.29672269385
101321.38974993375
101321.15715406169
101320.77398393952
101320.61410903679
101320.35121018905
101320.36727794541
101320.60761979139
101320.6805610017
101321.62114972659
101322.29980529251
101323.61543651845
101324.72596056706
101325.95397000024
101326.68776268806
101327.08904239073
101327.12269592189
101326.81029703173
101326.12576521124
101324.86577448015
101323.7471978227
101322.43408773557
101321.80145901044
101320.61037287168
101320.67502495374
101320.46360752566
101320.40622328097
101320.76551118618
101320.81932401532
101321.22152080158
101321.35650420518
101321.38103906733
101326.16610099078
101325.861182154
101325.23585932034
101324.16042965282
101323.17080128517
101322.13698150738
101321.71291560929
101320.63771609913
101320.68754392207
101320.45505116913
101320.44767578279
101321.04459940777
101321.35040736725
101321.89193777779
101321.91814022444
101321.88562312523
101321.81724544392
101321.90572486867
101321.86276276101
101321.37333297521
101320.94593456609
101320.45831629811
101320.37167256477
101320.69266849756
101320.6882149084
101321.55365732455
101322.07299442615
101323.07607919858
101324.02523094165
101325.10249058538
101325.74249735792
101326.14721912828
101330.95695316978
101330.28740630113
101329.32777996162
101327.48618799979
101326.11713973565
101323.58319427026
101322.76385877906
101320.5582327283
101321.56212565444
101322.66849243286
101321.98506589505
101322.769697285
101322.54698959355
101323.07646944384
101322.48640608243
101322.40722183484
101322.17548440103
101322.53013049319
101322.76179615637
101322.54117906382
101322.55816225904
101322.0108126439
101322.50354560991
101321.71282398548
101320.45796014738
101322.55518852755
101323.37420481346
101325.64732621639
101327.29639323881
101328.95334054726
101330.09899622799
101330.82572337332
101329.35393404258
101328.65918379601
101328.15161098981
101325.92622186294
101324.77776268285
101322.31320925869
101322.18150805008
101320.44777749866
101322.10583013967
101323.49783786557
101322.28147050599
101322.84416871282
101322.26188204787
101322.69869857321
101322.20926701443
101322.3249977193
101322.01598550015
101322.44803856367
101322.29381595933
101322.38323101957
101322.37837468511
101322.39830016516
101323.12431720167
101322.50192778357
101320.50467055479
101321.92895277348
101322.33475257404
101324.21237565036
101325.8067503135
101327.51887367554
101328.52423511505
101329.17092160738
101330.76352767213
101329.91498298492
101329.38064172039
101326.61305547247
101325.79660640578
101322.67638830136
101322.98314917037
101320.76554302828
101323.06949697658
101325.84178407163
101324.25285027923
101325.31858008201
101324.37319414652
101324.91954087958
101323.8138054382
101323.86404208805
101323.47292534789
101324.19799382151
101324.38948831217
101324.58327910124
101324.65912769706
101324.53487495906
101325.41399459577
101323.94522256624
101321.27950557611
101322.67704833249
101322.86700905154
101325.02862139186
101326.55340046324
101328.54397426292
101329.8691438328
101330.60418113081
101329.44001061436
101328.30849966065
101328.26173797488
101325.4855251876
101325.0744267813
101321.96654103555
101322.96967048952
101320.82254399336
101323.98250449017
101327.42727880113
101325.69880675449
101326.69793692409
101325.46324543547
101326.08633820046
101324.86271050302
101324.99890535716
101324.51401225987
101325.31615517368
101325.37913889358
101325.74451982439
101325.84195827492
101326.03979440124
101326.93836240006
101325.03541957011
101321.64415291122
101322.41710061874
101322.4864563517
101324.18503591217
101325.53055068819
101327.31752394987
101328.35748306094
101329.19056397799
101330.22378678336
101329.03730137453
101328.9964185025
101325.78978518373
101325.54888747819
101322.13132959187
101323.43752628754
101321.13026160104
101324.99593146709
101329.12547387186
101327.52740870039
101328.94441785934
101327.50715118053
101328.41314682693
101326.99452897361
101327.18522918067
101326.61322476139
101327.47962893431
101327.58777555986
101327.88201283787
101328.00149544697
101328.11267960773
101328.70599113237
101326.3298115886
101322.16754429995
101322.95018913322
101322.87568696785
101324.55092889964
101325.86491379426
101327.85922258913
101328.99957571579
101329.96655216461
101329.05269542002
101327.84156104314
101327.9119496132
101324.81024241596
101324.64802697007
101321.35869572617
101322.8599425884
101321.1685441999
101325.57404144424
101330.26531907238
101328.36629773643
101330.01141992278
101328.19099794597
101329.08953950842
101327.64692950805
101327.92215347242
101327.28370374456
101328.11876494347
101328.20195642955
101328.54799933842
101328.98371685222
101328.98761203757
101329.6812883559
101327.12399531428
101322.14980691575
101322.39531433363
101322.57937309417
101323.56770600277
101324.94208569873
101326.68572159787
101327.83733208466
101328.7598441677
101329.1079365146
101327.89645676382
101327.84092471917
101324.59385339494
101324.51839671492
101321.18894737567
101322.75281788303
101321.10124899326
101325.92305028962
101330.96139484395
101329.09442505655
101330.78153815896
101329.12008572937
101330.11796776255
101328.64256245375
101328.95512946272
101328.30115924147
101329.10583251629
101329.21334458464
101329.47758590447
101329.77723226168
101329.59389540173
101330.42322558202
101327.49199545868
101322.17388162974
101322.2022679427
101322.52197633106
101323.36818558493
101324.83998297682
101326.60039610186
101327.8404611905
101328.82138737699
101329.4637632969
101327.48574666514
101327.55959914869
101323.4128787056
101322.66171662248
101318.79372672547
101320.01434565928
101319.60349957737
101327.49734823752
101333.57587685256
101332.04249242421
101334.22995912295
101331.69198282025
101332.38937292894
101330.05819952054
101329.94931438113
101329.09436981405
101330.73248063138
101330.59411077412
101332.34486886977
101332.57490568014
101333.58547175798
101332.64118451811
101330.05064868018
101322.33599273721
101318.70226889475
101320.41156684743
101320.78971824511
101323.75584202526
101325.54481386903
101327.75362824149
101328.86674576032
101330.73926423016
101328.66469725058
101328.73705353928
101324.45634930229
101323.71480359582
101319.67876508414
101320.69107851162
101319.76657819728
101327.06491029992
101332.53914901603
101330.74480367657
101332.40560934534
101330.13983554782
101330.52117821848
101328.25898262081
101328.13794080977
101327.33915264497
101328.87714090077
101328.75754435227
101330.78922687631
101330.79239593739
101332.02628325066
101331.62706379687
101329.53029636775
101322.24788357518
101319.36464863298
101321.17492303855
101321.90254366084
101324.88423216551
101326.74844067369
101328.97572700182
101330.1165941106
101331.19818296735
101329.11896958732
101328.81536754871
101324.73553401565
101323.86128803223
101319.84144887481
101320.64829806237
101319.4569257485
101326.10894580351
101331.10081932825
101329.67194864132
101331.09147900404
101329.37037755089
101329.72030957685
101328.06512563454
101328.09300690502
101327.20384250722
101328.61205044817
101328.13277571797
101329.98416041606
101329.63268597623
101330.72647159788
101330.20964897487
101328.42823839004
101321.67575344272
101319.30881810635
101320.96034866768
101322.0271362647
101324.94989375363
101326.94423863466
101329.39687177219
101330.64559857531
101332.32540660785
101330.56858858683
101330.07997762006
101326.03318935036
101324.95463585138
101320.82542297461
101321.20122954188
101319.18286049519
101324.83516077313
101328.28135972243
101326.73673239528
101327.37189776766
101325.79106910554
101325.86674679114
101324.33210212964
101324.03176739975
101323.42544166847
101324.81235020855
101324.53124811903
101326.27708055091
101326.01363954842
101327.56646440396
101327.43993185172
101326.71594091532
101320.96224567665
101320.09119993597
101321.74614341088
101323.39339708307
101326.22516175569
101328.42322635833
101330.76860253075
101331.87689398941
101333.10653953589
101331.16581272894
101330.292297087
101326.32868065036
101325.15585280601
101321.09333786656
101321.15415318756
101319.06868067053
101323.68361777466
101326.46712255446
101325.08281210111
101325.65235824414
101324.30529051957
101324.40647932461
101323.12123070311
101322.83055433964
101322.31421303915
101323.58195462197
101323.29357143553
101324.68487117749
101324.44682497586
101325.65719954265
101325.64207680243
101325.138678371
101320.48751045894
101320.01324136037
101321.69072137994
101323.66925848329
101326.38342677339
101328.8438151173
101331.20731043609
101332.66774272149
101333.29545817422
101331.72542600436
101330.72767596478
101327.38812989047
101325.86198570296
101322.22757482438
101321.76765228182
101319.14725766986
101322.17338455298
101323.35044256345
101321.94653561825
101321.85937379225
101320.74713747944
101320.64155058128
101319.78004442577
101319.52857834662
101319.12428978218
101320.12522707976
101319.8679449122
101321.0096859948
101320.8918499877
101322.26730000526
101322.57065754912
101323.00744110164
101319.91309373784
101320.81360034275
101322.4877479337
101324.78568161544
101327.31903930211
101329.6109724808
101331.63136153111
101332.97101197473
101332.96069399218
101331.92556105615
101330.77741740659
101327.73499493492
101326.11386627382
101322.78394010713
101322.33782339041
101319.66637470841
101321.48579351585
101322.43057546522
101321.2803526865
101321.30000290679
101320.67253382177
101320.63760720653
101320.16034417748
101319.9544868097
101319.70092279295
101320.44141634248
101320.07257228951
101320.82676074264
101320.56581715868
101321.40289632221
101321.83953570726
101321.93544769558
101320.051777808
101321.45365622499
101322.75807593009
101325.22132444174
101327.52205932945
101329.80754244459
101331.75560638658
101332.72420763124
101329.47309809405
101329.02705317666
101328.03191244819
101326.38713639916
101324.85877424835
101322.82881744197
101321.953592198
101320.19700001861
101320.09009255379
101319.9104439294
101319.28720061391
101319.41816528435
101319.40140610546
101319.89838364902
101320.04687289053
101320.04859318574
101319.95733137416
101320.16772486398
101319.87302859446
101319.43869021803
101319.2073829578
101319.23130995149
101319.66164289597
101320.10077672263
101320.03736463528
101321.63124982979
101322.66207532764
101324.5265894757
101326.18896771134
101327.69685877097
101328.8101018708
101329.37245652862
101321.77423855767
101321.74491733045
101321.1758176861
101320.48227291644
101320.05557421871
101319.6695606501
101319.99055518037
101320.06263050807
101320.04058359552
101321.4273767836
101322.19077193801
101323.72984001551
101325.01234445807
101326.36208963246
101327.44201501792
101327.97308864193
101328.06045257849
101327.6501095531
101326.66264644125
101325.19506235109
101323.95211444156
101322.33049339647
101321.6074546169
101320.16141763891
101320.05255401703
101320.08149103154
101319.71448092235
101320.19673699253
101320.42230500715
101321.06551788477
101321.61874251535
101321.79700626773
101319.03884843038
101319.7235982226
101319.42188681696
101320.2995487369
101320.08487761638
101320.96293515555
101321.46359771607
101321.76823568434
101320.09756214191
101321.75799984713
101323.11528571979
101325.67332022454
101327.92761440217
101330.18720018124
101332.15930004764
101333.14182385494
101333.37422326212
101332.3623981682
101331.12637776372
101328.12716847961
101326.4805890953
101323.20965843306
101322.50503693789
101319.82067037167
101321.37912173197
101322.10235115631
101320.87876077244
101320.75452486657
101320.14563159816
101320.02432243347
101319.4930665477
101319.30096206372
101319.87003115799
101320.76731194927
101320.43510865222
101321.49406036995
101321.26188203647
101322.42071975084
101322.62942245994
101322.96364438251
101319.96210838898
101320.78044502155
101322.32003702987
101324.53225411025
101326.9404263148
101329.10033110081
101330.97737324891
101332.14199284738
101332.43449937085
101331.03691017161
101330.17339873104
101327.00955341378
101325.55413846683
101322.07762175679
101321.58704213976
101319.20699329501
101322.13527077982
101323.37510363075
101322.1431583763
101322.20686287156
101321.20794913729
101321.23007656647
101320.42779994443
101320.27166590189
101321.21013594525
101322.48792285788
101322.27837070153
101323.86032067821
101323.69569304609
101325.09172807056
101325.21945698955
101324.97975380921
101320.54305366489
101320.37579794292
101322.21540737087
101324.37625553664
101327.14582207074
101329.67256832696
101332.16891313333
101333.60185636801
101334.01007509846
101332.07228467063
101331.09343622535
101327.12009817032
101325.80440304546
101321.66598756412
101321.56200866934
101319.23524014761
101323.61782717788
101326.1259738295
101324.62196069371
101324.9822265663
101323.47317463293
101323.35399592166
101322.01442658182
101321.71267760711
101323.54236425694
101324.96110458564
101324.66644045834
101326.31643615548
101326.03929539227
101327.52482985804
101327.39376196999
101326.64397940286
101320.95461650952
101320.04249318832
101321.63000335105
101323.21855553704
101325.99733005436
101328.14110512857
101330.51305379829
101331.60340031394
101332.04612598868
101330.31777893062
101329.82828863767
101325.85472952118
101324.7928481139
101320.76665731976
101321.11179754118
101319.20655235377
101324.80113188559
101328.26246584184
101326.77120404353
101327.44030304896
101325.87026891213
101325.93990415512
101324.40375107317
101324.1651975979
101325.99129871649
101327.48336231665
101327.14184450108
101329.03366050114
101328.82165970502
101330.07389518387
101329.68956867279
101328.33502202261
101321.66792830851
101319.62178560795
101321.39024767021
101322.64375845516
101325.66176549272
101327.76319348933
101330.38979533674
101331.68626053332
101332.23969962951
101330.19966027599
101329.76161665397
101325.42682287586
101324.55540135026
101320.3391838635
101320.98688164442
101319.55966050796
101326.0207320789
101330.6753472316
101329.11636993685
101330.3442962558
101328.46237915655
101328.63017263384
101326.86825459165
101326.73398934826
101327.47419153815
101329.03469120662
101328.86722513329
101330.83980076385
101330.77056892533
101331.91729277905
101331.5266298678
101329.44051920934
101322.19213867155
101319.25922921117
101321.01323895318
101321.66956733659
101324.62187724067
101326.47563788129
101328.71217924255
101329.83534552042
101330.46320145085
101328.41017961872
101328.47794425406
101324.30004610833
101323.52073339457
101319.55169441015
101320.59607552359
101319.74527721405
101326.99117005253
101332.44271594877
101330.65058516079
101332.39147271184
101330.19681905262
101330.61400606489
101328.39007451272
101328.32831599811
101328.85655554055
101330.48026668011
101330.34998972656
101332.15342505633
101332.35476515701
101333.40302351766
101332.5143353264
101330.00461645961
101322.36014936533
101318.82184616743
101320.61931559084
101321.02708628353
101324.06273128869
101325.92431363105
101328.21843984352
101329.35515416366
101329.94787785977
101327.94150748616
101328.06042586159
101323.66494846635
101322.91716678062
101319.02011937491
101320.15894466202
101319.67334341063
101327.46436972989
101333.45841568676
101331.87589983949
101334.007037556
101331.48806874006
101332.15087178859
101329.79625206918
101329.73883339504
101329.09463958042
101330.73274151199
101330.59396397621
101332.34483310135
101332.57476314636
101333.58551278044
101332.64111754
101330.05037539429
101322.33593489691
101318.70244504653
101320.41169763364
101320.78964762419
101323.75559501277
101325.54453524174
101327.75386658337
101328.8667262246
101329.46363549324
101327.48576553655
101327.55950986876
101323.41301678601
101322.66127100631
101318.7936634111
101320.01396201929
101319.60350401214
101327.49740754586
101333.57553561417
101332.04230264635
101334.22995044451
101331.6920657061
101332.3895388711
101330.05841983366
101329.94965466789
101327.3391250904
101328.87707866603
101328.75730802503
101330.78907073269
101330.79216908847
101332.02618174479
101331.62712342772
101329.5301154593
101322.24786990124
101319.36485129564
101321.17506814592
101321.90240037334
101324.88361661344
101326.74798189421
101328.97593442202
101330.11656882006
101330.73927145841
101328.66476275685
101328.73682887634
101324.45661464613
101323.71437724269
101319.67888647228
101320.69079866074
101319.76663213267
101327.06493549343
101332.53881311913
101330.74460101475
101332.40557758888
101330.13992445587
101330.52135575641
101328.25909314926
101328.13802767386
101327.20353967366
101328.61188099154
101328.1324492836
101329.98405817669
101329.63272960583
101330.72639499305
101330.20943995391
101328.42797759906
101321.67559879567
101319.30895377937
101320.96047954456
101322.02688642862
101324.94923226009
101326.94394714427
101329.39704284526
101330.64562478354
101331.19845811315
101329.11937047602
101328.81525497632
101324.7357071342
101323.86079116425
101319.84129960887
101320.64854529491
101319.4568747067
101326.10878932579
101331.10039453584
101329.67165359981
101331.09135396541
101329.37040194753
101329.72047625431
101328.06514222224
101328.09272766687
101323.42505063536
101324.81215606511
101324.53106548288
101326.27720554937
101326.01357848356
101327.56667373073
101327.44039479629
101326.71607936543
101320.96236621622
101320.09142947631
101321.74639598599
101323.39335150234
101326.22476592918
101328.42306458819
101330.76853240585
101331.87686341288
101332.32548328345
101330.56877626467
101330.07994944956
101326.03337629282
101324.95410744287
101320.82533454723
101321.20142714361
101319.18273068797
101324.8349042935
101328.28101199862
101326.73642310234
101327.37172213339
101325.79098805519
101325.86674293123
101324.33196745558
101324.03131917227
101322.31407924154
101323.58196557155
101323.29356342368
101324.68517055726
101324.44671422584
101325.65736531813
101325.64249432017
101325.13906369258
101320.4878141613
101320.01349571488
101321.69086301442
101323.66921162012
101326.38318790271
101328.84358371733
101331.20709051222
101332.66753496126
101333.10641347864
101331.16580265442
101330.2923418798
101326.32880240635
101325.15563204735
101321.09338760491
101321.15424811587
101319.06855321021
101323.68346036845
101326.46697743118
101325.08264747952
101325.65226047896
101324.30517232939
101324.40655936778
101323.12133441072
101322.83062003677
101319.12405115846
101320.12523473846
101319.86818678463
101321.00992490441
101320.89222557275
101322.26804997242
101322.57145537046
101323.00786468262
101319.91337315489
101320.81380087974
101322.48776553752
101324.78553202187
101327.31884357551
101329.61078303159
101331.63112909249
101332.97086126402
101333.2953631046
101331.72540339353
101330.72774477591
101327.38823831486
101325.86201441882
101322.22768825102
101321.76768791808
101319.14720646589
101322.17333439055
101323.35042249961
101321.94647633508
101321.85929782606
101320.74709294908
101320.64166750379
101319.77994015653
101319.5284059039
101319.70064637283
101320.44139175443
101320.07238523122
101320.82665106331
101320.56548237032
101321.40288678897
101321.83929677423
101321.93543964131
101320.05174648279
101321.45362931353
101322.75804753412
101325.22114042689
101327.52188078892
101329.80744313166
101331.75544165664
101332.72411801583
101332.96066240259
101331.92558485587
101330.77752873623
101327.73510222831
101326.11394009652
101322.78404560252
101322.33790258779
101319.66634934403
101321.48573060121
101322.430547735
101321.28037105112
101321.29997868296
101320.67260817398
101320.63783688226
101320.16030380331
101319.95431762616
101319.95714956181
101320.16756149216
101319.87289487253
101319.43842494799
101319.20774187898
101319.23165863476
101319.66175255885
101320.10072801721
101320.03730858929
101321.63121613834
101322.66197234261
101324.52635135985
101326.18868794436
101327.69662167804
101328.80983280587
101329.37222316691
101329.47294583832
101329.02696528831
101328.03190206013
101326.38723277727
101324.85878633345
101322.82887410947
101321.95365647272
101320.19697115819
101320.08999264606
101319.91039956504
101319.28719197166
101319.41814231986
101319.40146625326
101319.89844115227
101320.04683497081
101320.04853438424
101328.06042024243
101327.64997038293
101326.66246924651
101325.19476766264
101323.95244739908
101322.33084379302
101321.60759664257
101320.16145695532
101320.05254690787
101320.08140224451
101319.71431735698
101320.1964945668
101320.42202753189
101321.06530531692
101321.61843763114
101321.79666266931
101321.77399847526
101321.7447714349
101321.17577310257
101320.48225048371
101320.05550420111
101319.66956885069
101319.99063324783
101320.06263683429
101320.04054116826
101321.42734174633
101322.19076782258
101323.72981063456
101325.01236791174
101326.36205736132
101327.44193064881
101327.97309607905
101333.37433926761
101332.36232571711
101331.12607158197
101328.12693286741
101326.4807139247
101323.2097483793
101322.50484380855
101319.82052427629
101321.37894916121
101322.10197423969
101320.87835901046
101320.75415163982
101320.14528793606
101320.02380778136
101319.49252884109
101319.30039076816
101319.03839636318
101319.72320856417
101319.42159491485
101320.29930822157
101320.08459911046
101320.96274828356
101321.46361395274
101321.76826266192
101320.09758642052
101321.75812035752
101323.1154246532
101325.67337451546
101327.92761226225
101330.18710061219
101332.15910318427
101333.1418885837
101332.43469438524
101331.03689767745
101330.173212257
101327.0094201288
101325.55438565329
101322.07785396674
101321.58707656605
101319.20684864496
101322.13502523984
101323.374685385
101322.14290385917
101322.2067877026
101321.20783363844
101321.22980548968
101320.42757483959
101320.27158209779
101319.86999331179
101320.76720895829
101320.4350218483
101321.49389688866
101321.26162170096
101322.42040988161
101322.62920483448
101322.96354065834
101319.96201494907
101320.78041038604
101322.32001640146
101324.53220280676
101326.94040840704
101329.10036140532
101330.97748342188
101332.14217044759
101334.01011150566
101332.07234052708
101331.09320642267
101327.11994954084
101325.80443819815
101321.66596971307
101321.56198404191
101319.23520834283
101323.61780034049
101326.12598963872
101324.62211433209
101324.98250576606
101323.47334127556
101323.35401929732
101322.01433976993
101321.71280848639
101321.21029399839
101322.48796496465
101322.27861069705
101323.86037690009
101323.69564251715
101325.091564424
101325.21936506216
101324.97955473293
101320.54283022774
101320.37558702947
101322.21523222438
101324.37617203062
101327.14563788133
101329.67250355087
101332.16906792976
101333.60244608951
101332.04593667647
101330.31799321748
101329.82815182886
101325.8545923428
101324.79282840416
101320.76664610277
101321.11188758015
101319.20671402189
101324.80128972356
101328.26262820432
101326.77129360632
101327.4404206246
101325.87034517791
101325.93976856064
101324.40357410899
101324.1651696716
101323.54242001983
101324.96101579134
101324.66666245912
101326.31636380289
101326.03923807792
101327.52466297286
101327.39388615027
101326.64383758306
101320.95448008674
101320.04239491239
101321.63001873656
101323.21872486835
101325.99714061295
101328.14025051382
101330.51269951949
101331.60339248115
101332.23955483097
101330.19981282213
101329.76148273979
101325.42662283113
101324.55535794707
101320.33905628216
101320.98681817375
101319.55972638205
101326.02080874733
101330.67539993381
101329.11637142437
101330.34435530956
101328.46259673625
101328.63041073745
101326.86838932715
101326.73406197621
101325.99132175438
101327.48308011921
101327.14191878108
101329.03328713984
101328.82161332511
101330.07352346515
101329.68971804027
101328.33480223207
101321.66793171002
101319.62176414765
101321.39030381385
101322.64387816316
101325.66130570363
101327.76221111907
101330.38885650362
101331.68630216866
101330.46357462727
101328.4104015973
101328.47789418543
101324.29991265156
101323.52098000649
101319.55167044612
101320.59607609823
101319.7453600077
101326.99124066916
101332.44288771684
101330.65068102059
101332.39155909097
101330.19695740944
101330.6141314542
101328.39027062771
101328.32826054093
101327.4740817064
101329.03435954746
101328.86732522158
101330.83954941978
101330.77089891203
101331.91698337185
101331.527267596
101329.44004877425
101322.1919528275
101319.25910769684
101321.01299764452
101321.66938368525
101324.62137847769
101326.47511742286
101328.71190330765
101329.83582996859
101329.9480088851
101327.94149671096
101328.06035395362
101323.66471319873
101322.91751475222
101319.02011905979
101320.15918297737
101319.67340013364
101327.46441871398
101333.45875103088
101331.87613744262
101334.00714935877
101331.48816322684
101332.15089403804
101329.79621519803
101329.73864708941
101328.85639365748
101330.48002960565
101330.35018291954
101332.15337670725
101332.3550784883
101333.40287558726
101332.51498350438
101330.00447101354
101322.35993950001
101318.82162564649
101320.61913090482
101321.02698869983
101324.06257009806
101325.92439278969
101328.21807966592
101329.35513981889
101331.54126494539
101328.93031143615
101328.24145900345
101322.95598323764
101321.4929456403
101317.35270644834
101317.8109966332
101317.98930647539
101329.00501811728
101335.37686788154
101334.61655940152
101336.61597381112
101334.47698269023
101334.42735325816
101332.46037257259
101331.99694401769
101331.11117147314
101333.35215313498
101332.22633253384
101335.55693832149
101334.57318011006
101336.36031827235
101334.06411367455
101332.47545475139
101321.94052101541
101316.51549459697
101319.05637505074
101319.01135278775
101323.35838215536
101325.24623357455
101329.38954093668
101330.52365645675
101333.30718652156
101330.667784661
101329.95256637168
101324.53296413198
101322.9426434452
101318.48487986038
101318.66425370923
101318.17154388812
101328.44657844104
101334.09118039752
101333.06606371203
101334.6521861206
101332.34236682909
101332.27624650556
101330.31635540027
101329.74226105692
101328.89562210493
101331.07096631492
101330.06027607685
101333.19496277595
101332.58636956124
101334.6941120228
101332.8097032778
101331.75474537669
101321.89244973815
101317.39011665898
101320.15197992235
101320.48175184341
101324.95584831681
101327.01973268109
101331.1956355422
101332.37658942091
101332.97594085828
101330.4595184432
101329.59006565706
101324.37688074654
101322.70457665675
101318.11030079401
101318.1623947903
101317.75524510068
101326.99136076654
101332.06572029345
101331.11384693519
101332.52370362109
101330.69718835595
101330.76948716467
101328.9847997842
101328.37559229889
101327.56317539371
101329.66732336386
101328.68689452574
101331.43085750043
101330.44986858964
101332.53572851661
101330.73252479588
101330.14028202667
101320.96930940849
101316.61419318215
101319.51049370316
101320.2165394429
101324.69161320801
101326.87840804769
101330.85133772384
101332.10492642823
101335.44631831563
101332.82436828093
101331.64949748907
101326.68326337371
101324.6933330949
101319.62931296727
101319.19040299483
101317.79852741794
101325.47544602164
101328.87071033918
101327.69039886798
101328.05719309766
101326.35879760396
101326.00759576194
101324.37542983973
101323.64930338079
101323.01073851608
101324.966643789
101324.19098320612
101327.03711540166
101326.20695680521
101328.84495887312
101327.55587694646
101327.89115421518
101320.28797783901
101317.6839174714
101320.77882738161
101322.4592215922
101326.91660619972
101329.29925334283
101333.12336154505
101334.74082731354
101335.30560518148
101333.08380691058
101331.38683277657
101326.59979199638
101324.32478444686
101319.61404957165
101318.72054471404
101317.10981668379
101323.32895278926
101325.81022117792
101324.9356951392
101324.97080123372
101323.81864479932
101323.38591527776
101322.16217291393
101321.47416914722
101320.96358367054
101322.65109483649
101321.92915544703
101324.31271311746
101323.38785933475
101325.82909461597
101324.52447531118
101325.30932952769
101318.95380022508
101317.33795982294
101320.38586562348
101322.30057927365
101326.59344540704
101329.23375273697
101333.20918267335
101334.70196652744
101336.08020936405
101334.29692713026
101332.62367466357
101328.63545542724
101326.16216521277
101321.45236437164
101319.86424069808
101317.40361451574
101321.48644103474
101322.03978074476
101321.0299066787
101320.57378197811
101319.58205962682
101319.13204575985
101318.59943704298
101318.00298314462
101317.64151781838
101318.98052003318
101318.2030279727
101319.88620956357
101319.36509422262
101321.54316988366
101321.01611673449
101322.66496859443
101318.52527827717
101318.63014257318
101321.82265945345
101324.43851973352
101328.46761372063
101330.8674805241
101334.25781210123
101335.60434601235
101334.56771258579
101333.26430100373
101331.57367335691
101328.09729687047
101325.28214825972
101321.27336799087
101319.67927256801
101317.43777049368
101319.83848488874
101319.92250465185
101319.22848629041
101318.81528071374
101318.42792939888
101318.12609310632
101318.05778428943
101317.6511976285
101317.43336312944
101318.36374931852
101317.61215049349
101318.70461774131
101318.00407554922
101319.44411508393
101319.17676823196
101320.52510734723
101318.05906979316
101318.6735757401
101321.29997164206
101323.86466320438
101327.69865950814
101330.11578849085
101333.05196188853
101334.11531091339
101331.57090398468
101330.99825356451
101329.68301273098
101327.47569068527
101325.09083899776
101322.39101468961
101320.51382483909
101318.53099059948
101318.49981382306
101317.71397434945
101317.52259428421
101317.49824224056
101318.03419040141
101318.31160181752
101318.76327524884
101318.96370140472
101318.93512912928
101318.94769759935
101318.17306964894
101318.10373456917
101317.33019478255
101317.46982492675
101317.44787186058
101318.43896646738
101318.43589607521
101320.00312571817
101322.15439369304
101324.46378412897
101327.28162401999
101329.02578381488
101330.69885656214
101331.41759716759
101321.19086488335
101321.16763740306
101320.36409812907
101319.61051566407
101318.52054733734
101318.18754062525
101317.88825493872
101318.47569500087
101318.47564809991
101319.67732693069
101321.4976711799
101323.34240258785
101325.72022265573
101327.25524092864
101328.93296438581
101329.57766911996
101329.72723182873
101329.21792229655
101327.82210500073
101326.02911746246
101323.79269702092
101321.65046354983
101320.02270636613
101318.51435188029
101318.47282938627
101317.99335070112
101318.13457151892
101318.56914512647
101319.53360601862
101320.18429452348
101320.99237573244
101321.14525556202
101316.9493235273
101317.86001304211
101316.92262078312
101317.98174382784
101317.42969217179
101318.81565478971
101318.66547920412
101320.21952427857
101318.07329749844
101319.00441576431
101321.72128988503
101324.49506726912
101328.365293158
101330.75023659742
101333.56999316922
101334.69174954607
101335.08892039218
101333.78541489191
101332.12372069756
101328.7301549335
101325.84820279155
101321.77766443367
101319.9956667865
101317.57337667246
101319.66201213033
101319.46874878264
101318.63859028483
101318.09793298836
101317.75216790992
101317.33969182192
101317.51749426336
101317.14016774668
101318.52108973473
101319.77595660047
101318.84594393028
101320.48191525592
101319.8633371522
101321.73122701803
101321.08361246919
101322.59737063963
101318.56202927117
101318.55910301735
101321.53902296802
101323.9779951122
101327.87859661753
101330.15923056229
101333.41094106193
101334.62298542439
101335.06491584197
101333.39795225747
101331.85795979439
101328.03421402772
101325.64114487609
101321.17529430579
101319.68097257272
101317.42945647621
101321.42199885748
101322.08998913417
101321.25774202307
101320.99286752564
101320.13441280002
101319.72950005718
101319.36700813219
101318.86708630084
101319.49335079285
101321.2494904413
101320.48087716136
101323.04760106714
101322.33130295281
101324.90637505738
101323.84566282028
101324.98085929452
101318.95840111784
101317.75105424933
101321.00503916912
101323.13051121132
101327.56860174189
101330.38504237146
101334.38718830464
101335.82978342098
101336.38529919916
101334.21316717096
101332.54084341208
101327.61920641144
101325.1470911442
101320.31692354774
101319.17530970546
101317.25666078586
101323.153111274
101325.20833902035
101324.13901414737
101323.95954968377
101322.57025876455
101321.86818904003
101320.71916803725
101319.99837869723
101323.02466861607
101324.95981985299
101324.19424176558
101327.01367010688
101326.16653303464
101328.74803749826
101327.42850669249
101327.73206212684
101320.20532216887
101317.61542157826
101320.63797015951
101322.23447436877
101326.54867927477
101328.96477588336
101332.78377422772
101334.35182769116
101335.01334675317
101332.52335644222
101331.41952703097
101326.39176995217
101324.42656275132
101319.58022327303
101319.09639230769
101317.80751524199
101325.39293589178
101328.76330280925
101327.65441734776
101328.0723376309
101326.3718498463
101325.95752019838
101324.33722238836
101323.68457723162
101325.7739332974
101327.94837473788
101327.13523903093
101330.09154361425
101329.28414195754
101331.58182070512
101330.01254566184
101329.6598240239
101320.88044500501
101316.9182358041
101320.01605564287
101321.02235014953
101325.66347335844
101328.04265968445
101332.0837582516
101333.38084536596
101334.22090656546
101331.72168444097
101330.91919767685
101325.39716434432
101323.58482227512
101318.74439703547
101318.54557249459
101317.90611209566
101326.75321412673
101331.34723636166
101330.19103756794
101331.36265579563
101329.40737493918
101329.1979237528
101327.19111410964
101326.5552989807
101329.04086720839
101331.23674487992
101330.19337676639
101333.25914373745
101332.59391548461
101334.56539904725
101332.63387531965
101331.60041808472
101321.79445167859
101317.23605925936
101319.98506376654
101320.26223803686
101324.69602145607
101326.7337348024
101330.88696048672
101332.01855810299
101332.96126366107
101330.3842046675
101329.70668676519
101324.32484679933
101322.7508326223
101318.36929503616
101318.5462445427
101318.10800157078
101328.30292745018
101333.89765089267
101332.94657431905
101334.63798693601
101332.37766839463
101332.32981540725
101330.4093732622
101329.91622939942
101330.65063845311
101332.91797926166
101331.82702076758
101335.20327872546
101334.29807471705
101336.1302598835
101333.82745315778
101332.38455207822
101321.92383174566
101316.60139851828
101319.19914673596
101319.21609880654
101323.62562676604
101325.58056943878
101329.79641166402
101330.9523549056
101331.92959206825
101329.2935855898
101328.66555413982
101323.19870577828
101321.70706505158
101317.51554624988
101317.90788687173
101318.01387877065
101328.92245555996
101335.16862634788
101334.374135452
101336.34091289031
101334.15672931148
101334.03570828545
101332.01481085227
101331.54289821417
101331.11150596643
101333.35255036922
101332.22621616683
101335.55660372923
101334.57302621496
101336.36042517822
101334.06389884156
101332.47531668995
101321.94031645192
101316.5153205669
101319.05630537384
101319.01128141076
101323.35851495116
101325.24582426655
101329.39010150786
101330.52359699443
101331.54101845645
101328.93027647167
101328.24102115896
101322.9561462125
101321.4922587935
101317.353047169
101317.81039423058
101317.9896141231
101329.00524757484
101335.37656047268
101334.61652746427
101336.61604223185
101334.47707255049
101334.42752857997
101332.46065468137
101331.99746482799
101328.89542573899
101331.0707161289
101330.05973518397
101333.19413076523
101332.58575319583
101334.69389391279
101332.80963329881
101331.75463577916
101321.89225026386
101317.39005621083
101320.15194154694
101320.48147906965
101324.95530126609
101327.01895048577
101331.19598639113
101332.37646381688
101333.30726689417
101330.66784994007
101329.95194228369
101324.5332637128
101322.94188941657
101318.48517929703
101318.66289242098
101318.17173639598
101328.44684827724
101334.09114188682
101333.06600276471
101334.6521645785
101332.34243895023
101332.2763336746
101330.31633450289
101329.74224240347
101327.56324087211
101329.66750454766
101328.68695968916
101331.43100920548
101330.45092404734
101332.53625790714
101330.73237034543
101330.13986550915
101320.96904665438
101316.61421614468
101319.51052843874
101320.21606400667
101324.69104056022
101326.87796946983
101330.85172204084
101332.10474594588
101332.97634381781
101330.46004263386
101329.58980544523
101324.37720193478
101322.70388047441
101318.11010691826
101318.16256877713
101317.7554844918
101326.99137920515
101332.06541610052
101331.11351170998
101332.52349445416
101330.69727895511
101330.7698772094
101328.98516651495
101328.37595195694
101323.01037848945
101324.96638300053
101324.19061178017
101327.03675081681
101326.20668372198
101328.84529192797
101327.55617834418
101327.89126597575
101320.28809846962
101317.6841930745
101320.77912137139
101322.45903499336
101326.91617234307
101329.29908172613
101333.12361275045
101334.740599524
101335.44656248973
101332.82474496028
101331.64935591802
101326.68359304235
101324.69285029589
101319.62906173064
101319.19072729719
101317.79847830326
101325.47525659652
101328.87028044867
101327.6899971636
101328.05693057818
101326.35869952168
101326.0074854765
101324.37509952762
101323.6490971556
101320.96320626582
101322.65110483901
101321.92889594521
101324.313527746
101323.38745167726
101325.82873161376
101324.52466552561
101325.30975580313
101318.95422199761
101317.33844619297
101320.38590285106
101322.30044265135
101326.59313238687
101329.23351318695
101333.20903937709
101334.70166895076
101335.30550819481
101333.08385157166
101331.38679273889
101326.60000659092
101324.32465262568
101319.61400279144
101318.72072320661
101317.10964164106
101323.32869136492
101325.8099168827
101324.935416344
101324.97057172525
101323.81852262086
101323.38583457375
101322.16224337363
101321.47424692966
101317.64119351916
101318.98073861287
101318.2033920504
101319.88667699519
101319.36518680616
101321.54397355646
101321.01700067581
101322.66553971714
101318.52575604354
101318.63036075309
101321.8225720039
101324.43841143633
101328.46732727381
101330.86726974184
101334.25752877333
101335.60412624222
101336.08011435086
101334.29698373663
101332.62369684951
101328.63552451553
101326.16211623816
101321.45238831147
101319.86428588282
101317.40351297345
101321.48633031199
101322.03969608508
101321.02981383182
101320.57367805707
101319.58214006787
101319.13225342351
101318.59919336872
101318.00245071686
101317.43297266279
101318.36384962658
101317.61195881219
101318.70468644863
101318.00242851285
101319.44387247933
101319.17640615751
101320.52505482014
101318.05902394507
101318.67347309273
101321.29990151474
101323.86450924663
101327.69846954891
101330.11572321187
101333.05174314007
101334.11526693658
101334.56779758399
101333.26452617803
101331.5737701106
101328.09739536374
101325.28208735437
101321.27337135281
101319.67933060319
101317.43775049612
101319.83845210749
101319.92248192659
101319.22852793934
101318.81526575747
101318.42802253
101318.12612786682
101318.05734628804
101317.65073061446
101318.93516858222
101318.94755883381
101318.17315292604
101318.10358608185
101317.33145806949
101317.47055619612
101317.44808768992
101318.43899250755
101318.43587639053
101320.00312350661
101322.1543677127
101324.46360497052
101327.28126113465
101329.02566317926
101330.69863267266
101331.41742953492
101331.57086131899
101330.99824768762
101329.6830552663
101327.4757439157
101325.09073931335
101322.39096497567
101320.51387911636
101318.5310153036
101318.49978676485
101317.71396875341
101317.52264474776
101317.49820103547
101318.03420488248
101318.31162380338
101318.76323861016
101318.96390834516
101329.72727842517
101329.21784488138
101327.82204451381
101326.02870581385
101323.79311965348
101321.65093169393
101320.02293483846
101318.51441253569
101318.47287929992
101317.99331789874
101318.1345118866
101318.56899900362
101319.53333798503
101320.1840698778
101320.99211080981
101321.14510688451
101321.19084792899
101321.16766415088
101320.36412764042
101319.61057199015
101318.52040830748
101318.1874457146
101317.88832699647
101318.47574390212
101318.47569903597
101319.67737425785
101321.49772186365
101323.34237319962
101325.72019324327
101327.25519269472
101328.93285701638
101329.57769747534
101335.08901537645
101333.78540184672
101332.12351145656
101328.72991209583
101325.84830469635
101321.77776885407
101319.99551973646
101317.57323758735
101319.66188145198
101319.46838990613
101318.63830284994
101318.09779305228
101317.75194043914
101317.33930364021
101317.51697466432
101317.13977452459
101316.94908339099
101317.85978869925
101316.9224034712
101317.98148484093
101317.42934361279
101318.81539804072
101318.66552561143
101320.2196330826
101318.07344614514
101319.0046996288
101321.72146471284
101324.49511791904
101328.36521715447
101330.75020641113
101333.56961574782
101334.69153852979
101335.06523610726
101333.39781567779
101331.8576231364
101328.03400159007
101325.64127091567
101321.17544366984
101319.6809468768
101317.42927220248
101321.42175190819
101322.08961283427
101321.25757951062
101320.99287607821
101320.13423748681
101319.72929162398
101319.36684997019
101318.86714112043
101318.52117504254
101319.77594318302
101318.84598994089
101320.48176435778
101319.86297445252
101321.73091308455
101321.0834413382
101322.59726111748
101318.56193089968
101318.55909069531
101321.53889601669
101323.97796726724
101327.87855972799
101330.15915456318
101333.41120296488
101334.62354408277
101336.38493909576
101334.21305020593
101332.54054455043
101327.61909552637
101325.14705909841
101320.31685243508
101319.17525067963
101317.25664250315
101323.15313553317
101325.20844635628
101324.13922102045
101323.95975650061
101322.5703086718
101321.86805854819
101320.71908986339
101319.9986814428
101319.49356769664
101321.24948612569
101320.48121361368
101323.04768056468
101322.33110437574
101324.90626724911
101323.84566316585
101324.98071621802
101318.9582074896
101317.75089999923
101321.00470493062
101323.13019369695
101327.56801457432
101330.38440263632
101334.38717458767
101335.83143145475
101335.01273600683
101332.52378077109
101331.41950138197
101326.39167395725
101324.42650868703
101319.58014943798
101319.09644715385
101317.80763452647
101325.39305956388
101328.76345874942
101327.65449709454
101328.07225331456
101326.37171725967
101325.95710116169
101324.33694850873
101323.68450936255
101323.02453659424
101324.95937437451
101324.19452913708
101327.01356749817
101326.16641554785
101328.7479662931
101327.42859518441
101327.73191878272
101320.2052224746
101317.6154794696
101320.63788205359
101322.23456491223
101326.54838171697
101328.96399742147
101332.78248179598
101334.35681922449
101334.22033105142
101331.72219046504
101330.91910516887
101325.3970012847
101323.58483364357
101318.74429734316
101318.54550498679
101317.90607762111
101326.7531472143
101331.34716884667
101330.19096700978
101331.36269566127
101329.40774940648
101329.19828627845
101327.19176913354
101326.55544728393
101325.77395808253
101327.94767805857
101327.13548499074
101330.09142151946
101329.28399596068
101331.58163419655
101330.01266930597
101329.65973189884
101320.88042682482
101316.91855286898
101320.01608061483
101321.0219451116
101325.66249807604
101328.04285087388
101332.08225390545
101333.38115597983
101332.96190835972
101330.38446711308
101329.70660754776
101324.32472960447
101322.75131552209
101318.36938536227
101318.54630942168
101318.10793260693
101328.30284142037
101333.89768343946
101332.94662292989
101334.63812384024
101332.37780903661
101332.32999543723
101330.40930717318
101329.91591680878
101329.04049134749
101331.23606566046
101330.193568377
101333.25901986682
101332.59413587993
101334.56521115948
101332.63421450643
101331.6001594026
101321.79425649717
101317.23605518536
101319.98481447637
101320.26139163099
101324.69482539882
101326.73470525761
101330.88626846625
101332.0201847907
101331.92990125291
101329.29360264109
101328.66577635104
101323.19849083052
101321.70770082908
101317.51541170193
101317.90823697331
101318.01382972414
101328.92243301522
101335.16899272843
101334.37424759651
101336.34093411392
101334.1567334955
101334.03555099343
101332.0145917348
101331.54250500492
101330.65041778024
101332.91760324509
101331.82733285625
101335.20362415307
101334.2984953111
101336.13034484074
101333.82799860035
101332.38455092019
101321.92386451189
101316.60154552331
101319.1991395136
101319.21590786766
101323.62516891379
101325.58078310806
101329.79577434182
101330.95248333128
101333.60090688363
101330.41227642485
101328.88148524074
101323.07612964993
101320.57451535336
101316.22650983879
101315.90259275469
101317.26589292778
101330.38813264623
101336.65592932024
101336.48850875164
101338.60761759407
101336.94580889045
101336.71063551599
101334.87376485839
101334.08935900975
101333.13324850691
101335.92802199276
101334.12292000145
101338.10714802498
101336.12857062372
101338.46697779786
101335.10474135121
101334.77470124139
101321.82445658193
101314.48488360189
101318.11102323505
101317.68386011259
101323.38675025637
101325.42185240313
101330.91209667971
101332.29462938393
101335.87777407865
101332.67089232782
101330.99737458465
101325.05919175339
101322.36201431896
101317.53499368965
101316.73853108853
101317.39675298808
101329.75667175508
101335.29177641556
101334.88626712417
101336.47711244151
101334.6410844257
101334.24428780537
101332.30629073408
101331.36110763365
101330.46577726488
101333.20198949015
101331.57181481892
101335.63231791594
101333.90749098067
101336.68865495056
101333.73446252398
101333.7852091681
101321.53149008976
101315.31139358484
101319.44395025613
101319.3517927283
101325.44366475297
101327.65962076023
101333.34666858531
101334.69633963505
101335.02351950452
101331.98084896686
101330.22203498348
101324.3211667414
101321.66865800487
101316.84664236204
101315.83535732541
101316.02340287986
101327.73210132436
101332.76824691812
101332.28548218391
101333.54027027951
101331.95419164425
101331.66967636309
101329.91750876221
101328.99336739033
101328.18057750448
101330.72039324425
101329.1693987889
101332.88091648724
101331.05440576753
101333.98235781133
101331.091424085
101331.27847249423
101320.33942418659
101314.21924796069
101318.34016966453
101318.72006563414
101324.6485416053
101326.95535592531
101332.40271754036
101333.84539103651
101338.00790337326
101335.12185347536
101333.0785163777
101327.45687867753
101324.51927710505
101318.99127869021
101317.1913523899
101316.28366965152
101325.88878801759
101329.18358016881
101328.49195120503
101328.61579342243
101327.11654361732
101326.35493142554
101324.8281807352
101323.8144239453
101323.18149615504
101325.50793949084
101324.0911596112
101327.88637702735
101326.36384685829
101329.91004583739
101327.43301616416
101328.81282441788
101319.62961570871
101315.56254529042
101320.34350986849
101321.707380707
101327.68483985672
101330.16457053281
101335.58327290234
101337.02699370668
101337.02964278843
101334.45356050438
101332.13928223882
101326.78228977598
101323.52873340961
101318.25878075462
101316.37014630299
101315.00000479902
101322.73698739323
101324.91346093881
101324.52465876317
101324.26894686509
101323.35587987787
101322.40446578877
101321.28713114215
101320.22620861165
101319.76792974336
101321.86320141862
101320.59625537539
101323.92088668462
101322.38179982998
101325.53987938797
101323.38180058336
101324.96745260831
101317.59650122418
101314.65992249633
101319.1361635916
101320.96900850775
101326.76051621299
101329.58035783199
101334.73468798208
101336.20349412077
101338.16843843162
101336.18877180283
101334.02060901636
101329.61638521013
101325.94479484142
101320.70653376645
101318.22049748246
101315.87371652239
101320.77798142427
101320.78342469633
101320.21150742953
101319.38802627801
101318.84783153285
101318.00401603796
101317.50958434177
101316.74577863541
101316.4406048736
101317.96056013877
101316.76412732989
101319.1801790905
101318.01780452645
101320.82202376645
101319.56359390284
101322.10637381539
101317.21038373663
101316.678351564
101321.16511984379
101323.87531262227
101329.39590043903
101332.00214726865
101336.25626354112
101337.54790637325
101335.70887976243
101334.2544630168
101332.04638894106
101328.07585234974
101324.28635392843
101319.88321870666
101317.14133411902
101315.26030301861
101318.09339918458
101317.37278286235
101317.37509720253
101316.47303911006
101316.2674777763
101315.68336080079
101316.00296750222
101315.664984205
101315.53390165069
101316.39920451803
101315.12312412557
101316.63232565264
101315.58171496281
101317.66698751076
101316.52768895696
101318.89858071783
101315.95079748382
101315.87228399146
101319.95029452404
101322.64305850268
101327.58932493642
101330.28378850625
101334.0444290669
101335.17082894691
101333.69854597925
101332.96000792814
101331.0144210928
101328.32951937716
101324.81830052464
101321.80178538035
101318.89538695849
101316.83926714255
101316.93262861273
101315.47221791292
101315.90766765494
101315.42175783296
101316.48889928253
101316.73258528723
101318.20514339126
101318.30150413309
101318.4328418386
101318.42577085458
101317.17089491276
101316.96018124437
101315.27739650967
101315.91082784857
101315.23485250845
101316.78240027951
101316.75000006166
101318.17784122506
101321.57248877524
101324.02328772967
101328.07675204972
101329.80849219183
101332.53296305882
101333.52879632208
101320.86817654769
101320.66627495165
101319.55938591112
101319.05350769262
101317.17516320027
101316.82321595715
101315.78047323022
101316.8347947185
101316.80879069837
101317.81454770913
101320.79349087416
101322.76229947046
101326.4097347897
101328.07221378277
101330.22838551358
101330.96974842946
101331.18422438714
101330.54272891462
101328.6739065858
101326.98968919138
101323.37035423714
101320.94587615432
101318.29075046899
101316.85834797476
101316.87093204152
101315.79050309371
101316.68752461998
101316.88399111465
101318.82302070779
101319.24875730448
101320.39911610089
101320.75697461239
101315.02440193028
101315.91723701835
101314.62581199796
101315.88409236494
101314.75458600451
101316.90622009177
101315.85240666213
101318.50970934985
101315.99324439141
101316.21098260833
101320.41139413767
101323.34120030077
101328.42145168496
101331.15353855382
101334.78699798633
101335.74546159447
101336.21652487891
101334.88012839125
101332.84683204981
101328.80714683518
101324.94288846666
101320.43456755368
101317.50317550267
101315.38206461273
101317.86954562241
101316.77571438237
101316.61443259782
101315.61267315302
101315.53190972868
101315.08835782585
101315.52224247847
101315.12771720011
101317.54829871783
101319.03612383871
101317.68497475985
101319.86805879892
101318.49702347805
101321.07342736392
101319.65059010661
101322.0550988125
101317.26570160933
101316.55126481105
101320.81946907594
101323.32424160719
101328.53919447355
101331.07532584321
101335.30180776956
101336.42694244607
101337.00705469516
101335.25209496592
101333.13418717356
101328.75993712185
101325.3025067157
101320.34325414289
101318.00530247886
101315.89958185339
101320.69086375611
101320.86740873306
101320.49954751635
101319.84617193272
101319.37276428562
101318.7628664723
101318.51274857089
101317.79967347192
101318.32354290072
101320.26667096411
101318.96330335553
101322.29740373415
101321.00230618035
101324.41922841538
101322.57776937142
101324.54024672743
101317.54304415123
101315.10181764272
101319.79748950692
101321.88614545952
101327.82784372593
101330.88095450329
101336.22943221622
101337.607851804
101338.39478569239
101335.94511825459
101333.51850342363
101327.9711371369
101324.47389326734
101319.01549943746
101316.88693740394
101315.15734053872
101322.48653163477
101324.17331487252
101323.53226094175
101322.93389161272
101321.6419808902
101320.62852461102
101319.72846837883
101318.76161125078
101323.10137850749
101325.51305474786
101323.98007253101
101327.75374593234
101326.24755964932
101329.72307449571
101327.2401697293
101328.57048007933
101319.50383987898
101315.40704802051
101320.08257979418
101321.33506257756
101327.20484989167
101329.69760592788
101335.21165771327
101336.6436533989
101337.63639456032
101334.85743240602
101332.7061812914
101327.12525173278
101324.20387867015
101318.89336632553
101317.08450236337
101316.18075471043
101325.69192985199
101329.0071451861
101328.36482760651
101328.55042061684
101326.96871213333
101326.15043288264
101324.77961724113
101323.72464049488
101326.04481696317
101328.69858945934
101327.22198964759
101331.17310768466
101329.63647046156
101332.82165480623
101330.15372654147
101330.71441868071
101320.13439916752
101314.49000740849
101318.92847440456
101319.68100633859
101325.82017905588
101328.27888212667
101333.95186279542
101335.30435766002
101336.51187467323
101333.51872441158
101331.66871025288
101325.63608672621
101322.71840092825
101317.58545667135
101316.15924146798
101315.97984269143
101327.31505759663
101331.78248342444
101331.15444823456
101332.10891568511
101330.25501138678
101329.64833760638
101327.79809780038
101326.83477455405
101330.48016093019
101333.28141276767
101331.64263801562
101335.70257882708
101333.97632297176
101336.61959721186
101333.55127662387
101333.5454367468
101321.3632820145
101315.13982723685
101319.1641158651
101319.14398355846
101325.13819353082
101327.30060232298
101332.95560793069
101334.25737831622
101335.43681605303
101332.2822142142
101330.66391924917
101324.80381458785
101322.12610291623
101317.42723355266
101316.57440162185
101317.27686288221
101329.54181298609
101335.06735126176
101334.82170737893
101336.49583546477
101334.64452098688
101334.20722824747
101332.29643946853
101331.38781964134
101332.47555296714
101335.30860992306
101333.50993919672
101337.5926597667
101335.70116813059
101338.12916257718
101334.78874616507
101334.63191367872
101321.76802929798
101314.54662164794
101318.23804700386
101317.91177535414
101323.66215741252
101325.74646538179
101331.31923375154
101332.68441355284
101333.94363414749
101330.73698774629
101329.28340366264
101323.36558555663
101320.81038008889
101316.41548043583
101315.97671023924
101317.22112070165
101330.26201959964
101336.40575249118
101336.12334552096
101338.17625133284
101336.42296440891
101336.09649854868
101334.25110915667
101333.43923949006
101333.13346680682
101335.92883453191
101334.12252516764
101338.10656771055
101336.12852039158
101338.46715296571
101335.10449530368
101334.77440938246
101321.82411973242
101314.48450087101
101318.11076806707
101317.6834746393
101323.38783693903
101325.42117492745
101330.9119164388
101332.29525252267
101333.60067238258
101330.41232883514
101328.88098275253
101323.07678397059
101320.57321808922
101316.22680185156
101315.89962802011
101317.26792833817
101330.38873195332
101336.6558804361
101336.4886805948
101338.60776561021
101336.94579737421
101336.71052002636
101334.87393668812
101334.08993203596
101330.46522677243
101333.20172724896
101331.57048935068
101335.6304222685
101333.90614825903
101336.68788556193
101333.73400385046
101333.78493992727
101321.5311289017
101315.31104909886
101319.44386388564
101319.35104860234
101325.44341036781
101327.65800782839
101333.34730466272
101334.6963306995
101335.87808856765
101332.67121354309
101330.99644131216
101325.05988703293
101322.36088625253
101317.53671047644
101316.73689693307
101317.39651790386
101329.75734552405
101335.29198553439
101334.88631968138
101336.47723092009
101334.64117407822
101334.24416033302
101332.3058580909
101331.36083875736
101328.18121432631
101330.7207306426
101329.16976661941
101332.88066214924
101331.05700910569
101333.98355983425
101331.09150961621
101331.27830539914
101320.33921940325
101314.21920797297
101318.34017264869
101318.71951368585
101324.64816794815
101326.95464308819
101332.40346284237
101333.84491463218
101335.02408374072
101331.98147935809
101330.22188413717
101324.32212519528
101321.66826873468
101316.84675525341
101315.83604618712
101316.02243214234
101327.73188486886
101332.76807703005
101332.28517277179
101333.54018619754
101331.95444143059
101331.67026730305
101329.9183850361
101328.99497128891
101323.18170060411
101325.50764082218
101324.09048175
101327.88448923762
101326.36236359557
101329.90704541648
101327.43255449929
101328.81275495709
101319.62953081381
101315.56260083868
101320.34424349305
101321.70715983424
101327.68464955612
101330.1642638201
101335.58432752003
101337.02662168028
101338.00818075481
101335.12221377579
101333.07855730498
101327.45749074232
101324.5189865401
101318.99100226766
101317.19176360128
101316.2834963215
101325.88847835151
101329.18307967624
101328.49145783846
101328.61549108347
101327.11642420641
101326.3545106886
101324.82782106931
101323.81710546957
101319.76599582823
101321.86305345371
101320.59588930433
101323.92301833921
101322.38109892173
101325.53879370558
101323.38172119024
101324.96782443859
101317.59678698797
101314.66033311213
101319.13614767315
101320.969095302
101326.7602193636
101329.58023295894
101334.73495720184
101336.20314298957
101337.02959524069
101334.45360628236
101332.13928091986
101326.78296743426
101323.52867339023
101318.25864672383
101316.37034726683
101314.9997865115
101322.73662684459
101324.91308404323
101324.52432063749
101324.26861935915
101323.35567702274
101322.40446777422
101321.28608758486
101320.22282894727
101316.43955022893
101317.96094599272
101316.76439031966
101319.18094981639
101318.01778802634
101320.82230645884
101319.56423244672
101322.10711109768
101317.21100730993
101316.67831479418
101321.16479697818
101323.87533399271
101329.39544771038
101332.00198800766
101336.25601392839
101337.54766751268
101338.16840487081
101336.18895945366
101334.02058619642
101329.61669948862
101325.94475442023
101320.70641321914
101318.22045765552
101315.87353585605
101320.77777767341
101320.78326856806
101320.21136629929
101319.38787900961
101318.84798976935
101318.00474471398
101317.5097907779
101316.74384754838
101315.53387965668
101316.39934151118
101315.12326764224
101316.63330727851
101315.58050807458
101317.66647798779
101316.52779149369
101318.89885859977
101315.95082086371
101315.8723458187
101319.9501936208
101322.64299385161
101327.5890791651
101330.2837793662
101334.04407645414
101335.17063470463
101335.70882737442
101334.25459694839
101332.04641353157
101328.07598551115
101324.28639324052
101319.88316016835
101317.14134518315
101315.2602412868
101318.09334383758
101317.37272412797
101317.37510301507
101316.47300618037
101316.26757037781
101315.68340091831
101316.00290584107
101315.66540672486
101318.43305662858
101318.42561927999
101317.17061802979
101316.95885401261
101315.27846080938
101315.91188860663
101315.23526867892
101316.78270220131
101316.75017350083
101318.17799767765
101321.57248103846
101324.02316744786
101328.07632997146
101329.80842352222
101332.53279519769
101333.52877443293
101333.698634316
101332.96015400445
101331.01446555155
101328.32953298755
101324.81815345491
101321.80168198512
101318.89543981705
101316.83931455974
101316.93264553584
101315.47220975965
101315.90780553417
101315.42172926274
101316.48890920311
101316.73249607846
101318.20521844181
101318.3019117793
101331.18438479496
101330.54275773294
101328.67384238729
101326.9893206258
101323.37057281636
101320.94632270079
101318.29104669028
101316.85852367281
101316.87110473345
101315.79054276945
101316.68749680932
101316.88395279642
101318.82279622198
101319.24853862936
101320.3988185597
101320.75696182298
101320.86829363831
101320.6664158597
101319.55948943328
101319.05351185938
101317.17502074243
101316.82300389526
101315.78057963596
101316.83486600441
101316.80888596064
101317.81460930046
101320.79355701273
101322.76230002669
101326.40981507864
101328.07219207281
101330.22829104387
101330.96990210086
101336.21696537713
101334.88041113483
101332.84680361758
101328.80694903435
101324.94305514639
101320.43478336988
101317.50322877338
101315.3820089099
101317.86949834855
101316.77541972908
101316.61421389546
101315.61274673077
101315.53194677895
101315.08817459112
101315.52177922227
101315.12750660288
101315.02435161846
101315.9171215746
101314.62566487803
101315.88385966136
101314.75412685201
101316.90598843762
101315.85247901772
101318.50988374818
101315.9935105878
101316.21139626057
101320.41159168934
101323.34119389355
101328.42035093215
101331.15312325157
101334.78652974944
101335.74559703085
101337.00732186541
101335.25205737016
101333.13400761907
101328.75966354291
101325.30250125755
101320.34327686748
101318.00520593706
101315.89942659515
101320.69067659133
101320.86710692549
101320.49946466509
101319.84629795965
101319.37296261589
101318.76304136463
101318.51274850372
101317.79983727034
101317.54845837956
101319.03609115617
101317.68505629143
101319.86784859175
101318.49640127383
101321.07313880662
101319.65053749274
101322.05501471979
101317.26561604845
101316.5515427646
101320.81944345271
101323.32452536104
101328.54029206121
101331.07485679199
101335.30192600575
101336.42770553558
101338.39415774697
101335.94527530375
101333.51846365088
101327.97089973264
101324.47381295959
101319.01540694783
101316.88691706414
101315.15735192678
101322.48659966598
101324.17348416473
101323.53244758103
101322.93389302809
101321.6418522645
101320.62851752556
101319.72895401344
101318.76214342403
101318.32364225358
101320.26642400135
101318.96361839332
101322.29722285514
101321.00187882286
101324.41924068538
101322.57787226803
101324.54016667888
101317.54298485485
101315.10179877612
101319.79715046565
101321.88565265345
101327.82739674348
101330.88018735903
101336.22710616478
101337.61137185703
101337.63407853965
101334.85790945977
101332.70640164547
101327.12511596896
101324.20378471872
101318.89324661656
101317.08452395895
101316.18083277125
101325.69199456082
101329.00729697527
101328.36490134799
101328.55014835125
101326.96808400264
101326.149373387
101324.77804239553
101323.7243482474
101323.10083173082
101325.51211352319
101323.98061587077
101327.75325718502
101326.24713393768
101329.72340088947
101327.24033590786
101328.57042688569
101319.50382271674
101315.40739581065
101320.08246844262
101321.33451298336
101327.20472852938
101329.6959309036
101335.20498656946
101336.65220245953
101336.51077919079
101333.51922856242
101331.66860266747
101325.63575276932
101322.71840045103
101317.58542589961
101316.15930459012
101315.97970606125
101327.3149171197
101331.78240073541
101331.15446927425
101332.10909028775
101330.255201049
101329.64822059005
101327.79847358268
101326.83506285041
101326.04481673168
101328.69734870401
101327.22267792388
101331.17222580596
101329.63668215679
101332.82243796531
101330.15380245293
101330.71451906243
101320.13439407061
101314.49059299205
101318.92866962885
101319.67958807308
101325.81894568834
101328.28103051611
101333.94861745412
101335.30488172654
101335.43737988529
101332.2823173207
101330.66381844398
101324.80354895398
101322.12666904306
101317.42729377732
101316.5746330937
101317.27665014355
101329.54164566778
101335.06732476964
101334.82191556055
101336.4965408118
101334.64562957548
101334.20791317213
101332.29603150542
101331.38709836252
101330.47959751918
101333.28021772482
101331.64309337131
101335.70264270071
101333.97637238234
101336.61962105917
101333.55180749192
101333.54561524486
101321.36331984102
101315.13993801866
101319.16371329408
101319.14215237599
101325.13022418498
101327.30500962406
101332.95296541382
101334.25882866587
101333.94372517687
101330.73689935819
101329.28365186234
101323.36499397096
101320.8113420702
101316.41530619406
101315.97774782128
101317.22083329878
101330.26198815138
101336.40585324739
101336.12327093314
101338.17609746786
101336.42269825992
101336.09572671022
101334.25039884061
101333.43855983581
101332.47515816656
101335.30763881182
101333.51047478367
101337.59324780734
101335.70180802437
101338.12967924833
101334.78934940377
101334.632237225
101321.76827313467
101314.54692860386
101318.23820159736
101317.91173702256
101323.6592679371
101325.74660267486
101331.31965519518
101332.68372794153
101334.34080431324
101331.17650001585
101329.05869232287
101323.25707823726
101319.57630763992
101315.18895627139
101314.67307658137
101317.11796958305
101331.3393474834
101337.35610914507
101338.10886358612
101339.93859414854
101338.18813411806
101337.41240275523
101335.71078650982
101334.76114857293
101333.82408291695
101337.02643795325
101334.548418616
101339.32382822057
101336.99103802748
101340.01195411237
101335.88258009216
101335.99510468902
101321.80113294345
101313.30562977857
101317.18342617694
101316.60068050501
101323.33629830377
101325.18323294571
101331.71486799233
101332.65208821298
101336.90107441177
101333.7610998725
101331.57471937165
101325.66884742542
101321.71434305899
101316.55946225577
101315.06441292012
101316.86908941728
101330.68996796341
101336.42638748704
101336.47391009048
101337.73138391062
101335.8861328479
101334.97554830379
101333.26366163183
101332.16721845618
101331.27252553919
101334.38766809089
101332.00442356909
101336.86694513129
101334.7169184552
101338.22050856198
101334.71044663797
101335.1797815654
101321.43523921283
101313.57772175988
101318.69922019054
101318.40468781159
101325.80710730985
101327.87294354504
101334.59737490298
101335.44372449178
101335.53038477882
101332.38468705601
101330.05773051133
101324.4286206824
101320.80434976
101315.82761005356
101314.0367384415
101315.44227472616
101328.48917776701
101333.4089761886
101333.34777029106
101334.15038552585
101332.5981233074
101331.6979961473
101330.33180758903
101329.12182387002
101328.36580130037
101331.30636207513
101328.87239840816
101333.55476482629
101331.25804016416
101335.05129884054
101331.40265354555
101332.3504386295
101320.05620060657
101312.56906920248
101317.46491414543
101317.49786651011
101324.4979201665
101326.35101834746
101332.85669584057
101334.09652053822
101339.16513134926
101336.2267883188
101333.74611368084
101328.1985467326
101324.44977098241
101318.98327856022
101316.24634975113
101315.77627595756
101326.93408823092
101329.42928787401
101329.27289379077
101329.05620660914
101327.83023512158
101326.50475939979
101325.27610678101
101323.86747653077
101323.29879235971
101326.04289751608
101324.0341878443
101328.65138718231
101326.57941731028
101330.88047230033
101327.40020208767
101329.82399873166
101319.5820780655
101314.51701563547
101320.49048045874
101321.26268871714
101328.38135938242
101330.56045685531
101336.92217000802
101338.00200754372
101337.94125560326
101335.26509279493
101332.49043661951
101327.02629276433
101322.88615891096
101317.81441577055
101315.10340481246
101314.22193535107
101322.90372385668
101324.16015571188
101324.55804034436
101323.81118646948
101323.08296577814
101321.36149869404
101320.4990146621
101319.21958238803
101318.77173489047
101321.11714108349
101319.37172462171
101323.69385990755
101321.63508696829
101325.69534659672
101322.36693958261
101325.37720332274
101317.33548258017
101313.19849908671
101318.81122778005
101320.05024176606
101326.88363695233
101329.58595401133
101335.67466331986
101336.97939509145
101339.60049372818
101337.6298691261
101335.10804475383
101330.55572827373
101326.14950841568
101320.98704506728
101317.74409487963
101315.63014528749
101321.08679086126
101320.25607128246
101320.45977663966
101319.13378683091
101318.85037744021
101317.1143950499
101316.63281235372
101315.72014839874
101315.43275686855
101317.07031844856
101315.75251097245
101319.14207515314
101317.56611728758
101321.10973848605
101318.82679012888
101322.46293582654
101317.07253915526
101315.90154868025
101321.5244571841
101323.80249652659
101330.27937878418
101332.83647776776
101337.82112635659
101338.94263478485
101336.47049392769
101335.27690061113
101332.46712087261
101328.08714843431
101323.41220467447
101319.16259685926
101315.78842632977
101314.59974253674
101317.80034731523
101316.11021940441
101316.78928950919
101315.25709644074
101315.41269716468
101313.88202301583
101314.42154733972
101314.4240068465
101314.36964630915
101314.76587577237
101313.52488843726
101315.72285792312
101314.2115993218
101317.02593215107
101315.12889149037
101318.50293361902
101315.49776547139
101314.43944217809
101319.40281839838
101321.5461437784
101327.43021591241
101330.41928850494
101334.90579164299
101336.02735273979
101335.07330787773
101334.35130088314
101332.13727613364
101329.21022948317
101325.19841828819
101322.18557026838
101318.61965485608
101316.7578681453
101317.07068632527
101314.87847012238
101315.82764824489
101314.79649783277
101316.28230298597
101316.29698904135
101317.89181080263
101318.31334955993
101318.4748941916
101318.17625968139
101316.73728152223
101316.69307565369
101314.7077890498
101315.69797006233
101314.56580423545
101316.63212979041
101316.70752740488
101317.75365760099
101321.93557245185
101324.27329437627
101328.95855733834
101330.68376274375
101333.8862677976
101334.83582758799
101320.84184188387
101320.53668148982
101319.25998244892
101318.8706484773
101316.84249389808
101316.76817263832
101315.1470043712
101316.72917277596
101316.78836768455
101317.4964494211
101321.10212854491
101322.98509252181
101327.38609395977
101328.99281916533
101331.18805956523
101331.91775290258
101332.11470254775
101331.52247570254
101329.53955111923
101327.86089264674
101323.68271104326
101321.27193294386
101317.99229600196
101316.89981268159
101316.91505284901
101315.21838624708
101316.65513450616
101316.57352768937
101318.64206433881
101318.82303900601
101320.21319920149
101320.72397080752
101313.98177779157
101314.30494269224
101313.07606752528
101314.94211218876
101313.32501239397
101316.19642467859
101314.48501800308
101318.06740731696
101315.52394835331
101314.87774650546
101320.01066859115
101322.30957489595
101328.37226811147
101331.42899167017
101335.70199990846
101336.60197415497
101337.05496151872
101336.11132366741
101333.48740774817
101328.94795081505
101324.12976831484
101319.81137237912
101316.2485494459
101314.80345040388
101317.60263869038
101315.44859754492
101315.88887938403
101314.29346971975
101314.63915415565
101313.36413848403
101313.93414853895
101313.99915272268
101316.67579822408
101318.30248558769
101316.83265045259
101319.88729621444
101318.05561095307
101321.40941206405
101319.0177264657
101322.43079607245
101317.1722757612
101315.8136300809
101321.14613412353
101323.14820403681
101329.34945798884
101331.89483356963
101337.01030539037
101338.08395592441
101338.69538505688
101336.90343291726
101334.25193399345
101329.60457577927
101325.40548426332
101320.5807130902
101317.53230532659
101315.71994420778
101321.0150558514
101320.42162269141
101320.76889065414
101319.61435922069
101319.45922134211
101318.02303627707
101317.75363539667
101316.88601687152
101317.28928709451
101319.39806136329
101317.71996961869
101321.90018612918
101319.98323268993
101324.32660793568
101321.36628150838
101324.79592769896
101317.1899493168
101313.69144496361
101319.56185920929
101321.02253524811
101328.01340754851
101331.07228457996
101337.35573821825
101338.70309122695
101339.57699615623
101337.0083155696
101334.04555735194
101328.33263618841
101323.97456185325
101318.65487677234
101315.72909054752
101314.38858596035
101322.62054772022
101323.2686314688
101323.36818212955
101322.1529503028
101321.27487153411
101319.58315717049
101318.8044470466
101317.65141689032
101323.09495416206
101325.93407056193
101323.80638112994
101328.47620586294
101326.36381982174
101330.61103707842
101327.1093188321
101329.54541986517
101319.40790959587
101314.38710852255
101320.26985157418
101320.84697748171
101327.83452204101
101330.13306514488
101336.48872638821
101337.58835409512
101338.77779750663
101335.97030991237
101333.38920117223
101327.84316179782
101324.10576694588
101318.84030277099
101316.18929022549
101315.63885292786
101326.68474485622
101329.14405476559
101329.08557950803
101328.84474831774
101327.5879511018
101326.25684262702
101325.11790997793
101323.66997677903
101325.80397382239
101328.94932741878
101326.59948999251
101331.57744633172
101329.64970411031
101333.72191658286
101330.28616117442
101331.69991147771
101319.77113518838
101312.68102408541
101318.07759665931
101318.55688395175
101325.84412620983
101327.79759209478
101334.45878942628
101335.72316185592
101337.19168071143
101334.08292952423
101331.61966535302
101325.86201615384
101321.94982354816
101316.67220147331
101314.3167082705
101315.23538746257
101328.03657770401
101332.31199980837
101332.03240121089
101332.51931346391
101330.64299447797
101329.33003573306
101327.88007637388
101326.53856339501
101331.14604888592
101334.42069212686
101332.03984892499
101337.02263101828
101334.8686323133
101338.22861986424
101334.44903277136
101334.91432239371
101321.25635800936
101313.4547900602
101318.49281956242
101318.16400222344
101325.4917290247
101327.32610300256
101333.93915678606
101334.80147800947
101336.30205759773
101333.20962717656
101331.07764404292
101325.36072540752
101321.46300086209
101316.45677707221
101314.99366424289
101316.72532603821
101330.47410484638
101336.12541211226
101336.48597033149
101337.86457791326
101335.94643004317
101334.92553144055
101333.20772696934
101332.07128455795
101332.79639005568
101336.09848931388
101333.70190641943
101338.61578904452
101336.4191262289
101339.58072829465
101335.58179318762
101335.86189802087
101321.74407077378
101313.34416914789
101317.32667678865
101316.82132597026
101323.6896192767
101325.48355954576
101332.06969860336
101333.05658313318
101334.71727807424
101331.53758902985
101329.39307166041
101323.57113475379
101319.83756562549
101315.38118147003
101314.74223954816
101317.0370044092
101331.23182473633
101337.07853717647
101337.69969998061
101339.38458541392
101337.46648842561
101336.51551002717
101334.74158891811
101333.75148742988
101333.82375915578
101337.02749132123
101334.54691276155
101339.32328332619
101336.99132350789
101340.01256216891
101335.88248727655
101335.99465891109
101321.80062362699
101313.30473676241
101317.18291554102
101316.59979342963
101323.33837681868
101325.18309171675
101331.71052140582
101332.65493525943
101334.34065533745
101331.17630776131
101329.05847329236
101323.25750799532
101319.57565703144
101315.18902251453
101314.67254599014
101317.11839768881
101331.3392616397
101337.35604204015
101338.1090206029
101339.93882703957
101338.18780988047
101337.41198406294
101335.71011025323
101334.76093613435
101331.27180806303
101334.38783234287
101332.00212078125
101336.86444906749
101334.71546695023
101338.21925878144
101334.70933712923
101335.17923980791
101321.43472771427
101313.57713427322
101318.69930324679
101318.40345252531
101325.80982150642
101327.8678182188
101334.59835990515
101335.4445433147
101336.90138872285
101333.76083343974
101331.57447027678
101325.66888572174
101321.7130587358
101316.55923982967
101315.06495396937
101316.86795520742
101330.68967649763
101336.4261574869
101336.47393299596
101337.73175293597
101335.88643388562
101334.97537788033
101333.2629181942
101332.16672571935
101328.36787354408
101331.3066387572
101328.87244436835
101333.55267793112
101331.25776821043
101335.05320412791
101331.40364185625
101332.35102600392
101320.05628871059
101312.56902536828
101317.46497798125
101317.49721701618
101324.49912477477
101326.34946708592
101332.85781021483
101334.09557086004
101335.53101094127
101332.38518401232
101330.05756499885
101324.42945092748
101320.80447331414
101315.82764625651
101314.03698599104
101315.44152116777
101328.48878316482
101333.40864224589
101333.34749199721
101334.15051104952
101332.59858052919
101331.69878985075
101330.33379162295
101329.12666088823
101323.30017091575
101326.04195526813
101324.03402831114
101328.64932046067
101326.57820408969
101330.87977936327
101327.39886652517
101329.82367481745
101319.5818034602
101314.51642304406
101320.49185223177
101321.26264634509
101328.38200981512
101330.56010611296
101336.92294665688
101338.00204969873
101339.16572162454
101336.22681079838
101333.74661556131
101328.1984884745
101324.44905512816
101318.98293152594
101316.24622782295
101315.77589736856
101326.93369270557
101329.42880711833
101329.27243879765
101329.05595142291
101327.8300983271
101326.50400540192
101325.27607493949
101323.87716327711
101318.76844355432
101321.11601573665
101319.37156349818
101323.6935032208
101321.63717831188
101325.69616969317
101322.36677483757
101325.37777373748
101317.33620951728
101313.20085845524
101318.80989451747
101320.05005091462
101326.88305412559
101329.5860015017
101335.67511956577
101336.97951734663
101337.94159244598
101335.2652482394
101332.49027027782
101327.0261636606
101322.88557167078
101317.81396015329
101315.10317504953
101314.22155162241
101322.90336094386
101324.15985659337
101324.55776769147
101323.81087298892
101323.08285098766
101321.36099191732
101320.49487890203
101319.20994110627
101315.43072147014
101317.07067222585
101315.75270963178
101319.14158118331
101317.56750810139
101321.11113450277
101318.8279627411
101322.46374842717
101317.07366041587
101315.90228972152
101321.52359218241
101323.80261977031
101330.27847409631
101332.83629067699
101337.82098833619
101338.94254043204
101339.60066349077
101337.63021393665
101335.1077471945
101330.55579485299
101326.14965415568
101320.98680119176
101317.74378907876
101315.62992480336
101321.08664314281
101320.25599758893
101320.45967209255
101319.13361922529
101318.85066101694
101317.11587690236
101316.63397864136
101315.71423665786
101314.36933829171
101314.76559357625
101313.52513442474
101315.72297740307
101314.21396587986
101317.02786268921
101315.13106704365
101318.50426802314
101315.49876667005
101314.439880768
101319.40241634005
101321.54615248254
101327.429711351
101330.41928681641
101334.90546122876
101336.02705146366
101336.47036478811
101335.27697327403
101332.46686591589
101328.08719703574
101323.41247605529
101319.16266378901
101315.78841286639
101314.59974208345
101317.8003954039
101316.1102995018
101316.78939584878
101315.25705759434
101315.41283931043
101313.88219019526
101314.42210827211
101314.42562430754
101318.47519187859
101318.17628837352
101316.73697926538
101316.69245037297
101314.70640277691
101315.69812681893
101314.56640108107
101316.63287154156
101316.70776209221
101317.75411701834
101321.93556383757
101324.27325710576
101328.95801922581
101330.68371145679
101333.88606892625
101334.83572359472
101335.07332780959
101334.35138312468
101332.13726742308
101329.21015283294
101325.19831036351
101322.18547648595
101318.61975331555
101316.75803504584
101317.07091370839
101314.87868977366
101315.82791846964
101314.79642388133
101316.28236777519
101316.29693469596
101317.89190632178
101318.31367907239
101332.1149790327
101331.5224569049
101329.53935235195
101327.86028472839
101323.68205701161
101321.27194643355
101317.9925465892
101316.90003419231
101316.91525211824
101315.21864275061
101316.65518073791
101316.57357242318
101318.64190074199
101318.82286089871
101320.21291486427
101320.72394614911
101320.84193975604
101320.53682750664
101319.26006714821
101318.87056124923
101316.84227641807
101316.76794869851
101315.14694466098
101316.72934901781
101316.78851111014
101317.49657487504
101321.10222793238
101322.98489877349
101327.38599263581
101328.99258547426
101331.18810398912
101331.9181272577
101337.05506123052
101336.11146884455
101333.48727815245
101328.94780641182
101324.12992360906
101319.81174676117
101316.24896983337
101314.8036628314
101317.60265405958
101315.44839752997
101315.88876126046
101314.29375922293
101314.63940887677
101313.36407487815
101313.93363348133
101313.99907961694
101313.98181632308
101314.30482343458
101313.07596423112
101314.94191059057
101313.32449672754
101316.19613755426
101314.48505193672
101318.06760757571
101315.52416620139
101314.87802699271
101320.01087584716
101322.30936552062
101328.37206919226
101331.42948676963
101335.70201693437
101336.60202100666
101338.69529821485
101336.90356887916
101334.25195242916
101329.60434061132
101325.40520635384
101320.58041802296
101317.53210872687
101315.71980629033
101321.0149434698
101320.42153272488
101320.76890318902
101319.61456171688
101319.45972624519
101318.02383292317
101317.75388188432
101316.88602346196
101316.67587967633
101318.30235771029
101316.83265938945
101319.88720767741
101318.05490463998
101321.40910324841
101319.01769983616
101322.43076948433
101317.17222974043
101315.81390082868
101321.14608594446
101323.14878870794
101329.34965234862
101331.8941593121
101337.00975377882
101338.08459863908
101339.57588482792
101337.00847044868
101334.04542793869
101328.33225173809
101323.9744004415
101318.6547886864
101315.72918985896
101314.38870385259
101322.62072280762
101323.26902979448
101323.36844686395
101322.15285526558
101321.27471949137
101319.58429731816
101318.80615335394
101317.65141094365
101317.28932357699
101319.39757321458
101317.72010419045
101321.90019069708
101319.98292142621
101324.32685628602
101321.36636801311
101324.79582070214
101317.18987944939
101313.69170961974
101319.56176290198
101321.02243449099
101328.01375043462
101331.07259377606
101337.35623391424
101338.70402455455
101338.77531769447
101335.97037275255
101333.38947570469
101327.84308273677
101324.10567986914
101318.84019102916
101316.18932078459
101315.63892571602
101326.68481873325
101329.14430442979
101329.08566531727
101328.84442863613
101327.58674580372
101326.25606048395
101325.11681206514
101323.66964914915
101323.09484102254
101325.93271893276
101323.80713136012
101328.47566368652
101326.36517548504
101330.61204982942
101327.10904184356
101329.5452875458
101319.40777963877
101314.38737155941
101320.26964278864
101320.84620300027
101327.83428506719
101330.13685720383
101336.4917242661
101337.58343361947
101337.19050284401
101334.08264773661
101331.61945111099
101325.86157287478
101321.94969559222
101316.67217868357
101314.31684168972
101315.23540463581
101328.03656673395
101332.31202513991
101332.03257624242
101332.51971572801
101330.6424529431
101329.32713544043
101327.87731078159
101326.54108098429
101325.80430472258
101328.94744285975
101326.60156095981
101331.57429485554
101329.6534656821
101333.72257872518
101330.28542428996
101331.70019102012
101319.77132342695
101312.68172998939
101318.07851882259
101318.55540298592
101325.84074426994
101327.8034166227
101334.45740209811
101335.72251434195
101336.30174029253
101333.20965455571
101331.07777836159
101325.36055210394
101321.46332423564
101316.45689885091
101314.99390041693
101316.72529149169
101330.47414732446
101336.12555356207
101336.48638029254
101337.86623423308
101335.94884143103
101334.92935262533
101333.20996369359
101332.07051598055
101331.1462071834
101334.41910019377
101332.04181380465
101337.02257743356
101334.86901116891
101338.22880675248
101334.44938501352
101334.91476366004
101321.25666399028
101313.45529826997
101318.49402158703
101318.16248684147
101325.48415628842
101327.33908281586
101333.94146770559
101334.80131511929
101334.71731962312
101331.53760218005
101329.39315716855
101323.57068304924
101319.8380621
101315.38117658137
101314.74252341758
101317.03703173678
101331.23195408663
101337.07858471495
101337.69972158746
101339.3842248259
101337.46608180765
101336.51387210096
101334.74055121315
101333.75154152245
101332.79613159806
101336.0968003757
101333.70284331251
101338.61569708001
101336.41973186235
101339.58056458089
101335.58197635323
101335.86235761018
101321.74449742396
101313.34502547549
101317.327488743
101316.82239247931
101323.68901755444
101325.48027527564
101332.07550827118
101333.05509951778
101335.21436872441
101332.19443608886
101329.17883490851
101323.66333062676
101318.66576005649
101314.57710758707
101311.76330682788
101316.08568033831
101332.85444931168
101340.28845934648
101339.26362834967
101341.06135814766
101339.18102408535
101338.29048006954
101336.50628950262
101335.38233490448
101334.51091779119
101337.93364316941
101335.34660405052
101340.35916454015
101338.03901732879
101341.24183457412
101338.02252366462
101337.47095466559
101320.95621778103
101310.89820838458
101316.43785180282
101316.06983136026
101323.50542955127
101325.09106565008
101332.48471578895
101333.25764591867
101337.87978082823
101334.89597879737
101331.96931850267
101326.2343014277
101320.97819811906
101315.8833363091
101312.57657645212
101316.24299988567
101331.70622105323
101338.29049994318
101337.73477271941
101338.88317296351
101336.93329166112
101335.97693310851
101334.32133975918
101333.18944307447
101332.27374184062
101335.56053994165
101332.86233070801
101337.99408020424
101335.66673571948
101339.47745926227
101336.22663121912
101336.14551531183
101320.89934471333
101311.25719939471
101318.04612871571
101317.77139069398
101326.18878176103
101327.97408324818
101335.43989910788
101336.25458636014
101336.42167252544
101333.24229090572
101330.29689693061
101324.6943219713
101320.03191969459
101315.12864476864
101312.61208376975
101314.7580927956
101329.0799568801
101334.06092639852
101334.03249797452
101334.69916569802
101333.13041926922
101331.90953243009
101330.50701984005
101329.06778400094
101328.35162432693
101331.57446174471
101328.98220235875
101334.24092043898
101331.58032574029
101335.77962071836
101331.73643152186
101333.10835475181
101319.5345098305
101310.98986703678
101316.93010725049
101316.82799155117
101324.5563775607
101326.33138766747
101333.66161357581
101334.81284733737
101340.09103608484
101337.23585572161
101334.44657952602
101328.85802409533
101324.38034397671
101318.83598174926
101315.50293131554
101315.25558797254
101327.5982625617
101329.22581394415
101329.595087122
101329.24572891653
101328.31318774466
101326.71212201318
101325.71807865414
101324.3270530412
101323.77578905011
101326.57212593305
101324.10998863574
101329.25195746581
101326.70363041505
101331.36806278903
101327.17821267642
101330.33110664852
101319.23578599092
101313.59029353855
101320.39822838029
101320.9020964018
101329.00662408194
101331.14206372363
101337.93281009597
101338.85592341857
101339.01206245602
101336.16124411931
101332.88847587473
101327.21188064333
101322.51642837335
101317.36555590754
101314.16770032677
101313.28365935896
101322.85505862442
101323.64246356822
101324.42505981654
101323.32425967403
101322.86998217164
101320.62860408184
101319.74087778732
101318.27852708507
101317.86835782374
101320.34921940076
101318.62647856589
101323.4804838378
101321.04912065329
101325.66144710364
101321.68160858213
101325.27987301486
101316.71279906841
101312.04167618189
101318.23173238752
101319.36007538017
101327.00356088436
101329.84657417702
101336.64909940593
101337.95140180617
101340.68823024063
101338.72831784925
101335.83015141923
101331.01731862909
101326.22416565087
101320.80553042995
101317.03302176554
101315.00232864343
101320.80978890543
101319.68869626017
101320.19311021133
101318.65391386174
101318.69596905606
101316.60217043661
101316.08817767768
101315.23495397189
101314.9828721965
101316.46206656314
101315.24886232323
101318.93693674663
101316.97151021136
101320.92442958243
101318.15888024609
101322.2598238201
101316.50549169534
101315.09191732868
101321.34162746341
101323.59329462054
101330.83180641958
101333.52755008392
101338.90108280802
101339.99375553019
101338.69591129037
101336.89529880656
101332.8455295266
101327.84206105192
101322.85814385297
101318.53891764156
101314.84532807526
101313.6476495596
101317.27980915122
101315.18563779812
101316.03639221644
101314.34411284563
101314.68313324852
101312.57932129809
101312.37940126905
101311.53659001082
101311.47514125484
101312.37481128497
101312.15757495922
101314.94827605478
101313.10427239654
101316.18731970752
101314.19888052545
101317.80994003481
101314.79958291672
101313.42401530147
101318.72354810828
101320.69239131211
101327.15105706839
101330.57685528304
101336.24377273786
101338.34866032127
101336.74003972638
101335.36941962017
101332.94960702481
101329.66000807732
101325.09841661352
101321.93951530686
101318.01551940638
101316.1371276916
101316.51141374918
101313.91545585266
101315.14734293852
101313.79777228288
101315.82333859347
101315.51098735756
101317.26956300842
101316.98082344091
101317.09710901081
101317.49940906317
101315.99933939104
101316.21459366499
101313.93945826344
101315.0389075756
101313.59044294068
101316.02609130138
101316.15036079395
101317.2136336448
101321.68249622063
101324.04031497965
101329.16981842673
101331.38781450149
101334.69484667717
101336.54329831494
101319.90240271328
101320.00809764858
101318.75215640952
101318.50552135109
101316.18513224935
101316.18414589179
101314.55043479701
101316.17650278582
101316.20932310892
101316.93149869976
101320.78277634057
101322.75213091567
101327.84462485611
101329.64356550119
101332.08754920376
101333.56852399044
101333.7908025045
101332.71460223466
101330.4150487578
101328.14019261936
101323.6009708069
101320.98044462313
101317.45032353772
101316.41968254787
101316.30100487643
101314.34143559643
101316.05704107665
101315.87769214387
101318.16338834913
101318.23942508876
101319.76515594011
101319.8084452514
101311.52098137162
101312.1686151093
101311.56547167327
101314.11771058476
101312.22244184531
101315.41089677316
101313.47271502019
101317.38699145216
101314.88563426274
101313.87600166327
101319.40186663337
101321.50534892154
101328.12676855744
101331.701723087
101337.39919055316
101339.77828340822
101340.27672955624
101338.21971159014
101334.07258035205
101328.844417065
101323.61075977497
101319.2310639659
101315.3290996244
101313.85738655391
101317.03441707886
101314.54538209694
101315.10579875749
101313.20247342874
101313.77501668959
101311.88509231212
101312.0468013247
101311.5310931507
101316.11455789697
101317.71347638032
101316.32640642179
101319.73450346835
101317.47671449109
101321.24784885041
101318.31043920877
101322.23709977411
101316.59847144727
101315.02032265655
101320.93635601735
101322.88075240634
101329.82045767149
101332.5290770453
101338.13996096989
101339.29223548471
101339.8075554567
101338.1361397108
101334.97586186734
101330.08810359029
101325.4089768074
101320.36596054131
101316.83589000005
101315.0958948256
101320.73291362663
101319.84460850232
101320.52722211351
101319.09571994976
101319.33455422139
101317.46772428983
101317.19092875445
101316.30941953893
101316.62453551371
101318.60393007961
101317.08549905097
101321.5743622208
101319.28833153765
101324.13537022888
101320.50362990961
101324.61757316756
101316.52352429887
101312.51323724263
101318.97026576343
101320.32624509456
101328.1601728206
101331.40729483218
101338.4035941675
101339.80720321822
101340.73250540915
101338.1010709477
101334.51467278005
101328.59808103839
101323.61263533981
101318.18424630171
101314.80851702685
101313.36251823815
101322.46486881546
101322.5781732668
101323.089095459
101321.44601383644
101320.89169979801
101318.86252222858
101318.12277970274
101316.90225070156
101323.46031990676
101326.33450599664
101323.9183024559
101329.16673817908
101326.4557855829
101331.14963186966
101326.85570621915
101329.99174780295
101319.01986392126
101313.43325115877
101320.17120268072
101320.44160580126
101328.37545466308
101330.62155362913
101337.41032442784
101338.32310822692
101339.62722816995
101336.87277504607
101333.95653122265
101328.45905591511
101323.98760317964
101318.64352239158
101315.39430570317
101315.05717660679
101327.27179595034
101328.91370991153
101329.43204485832
101328.97881829944
101328.12128440081
101326.44018867999
101325.49222407101
101323.99915431076
101325.57879737359
101328.94538923696
101326.55312768827
101332.12762825332
101329.84875328917
101334.46015094558
101330.46733501021
101332.35355765875
101319.21294467473
101311.18100967498
101317.44551420797
101317.90661696253
101325.90663492432
101327.83271466458
101335.2642491767
101336.41428024846
101338.13699628913
101335.05138087386
101331.88994498494
101326.18825756085
101321.2006828507
101316.02512774046
101312.94574549653
101314.49289684597
101328.68539276424
101332.81736986127
101332.69981490428
101332.97828458672
101331.11525454556
101329.35652664295
101327.87038124047
101326.26808607546
101332.02412203894
101335.61377870591
101332.8915508897
101338.2647926558
101335.86748690657
101339.52855025744
101335.81294673373
101335.68595503297
101320.78628660958
101311.39907648625
101317.96998460754
101317.57518510697
101325.85356970566
101327.38571680211
101334.66502742628
101335.51128566472
101337.21105130186
101334.27827450108
101331.37237987235
101325.87570213991
101320.77795828067
101315.84776170914
101312.76369653175
101316.19738004504
101331.42087291024
101337.82509449768
101337.70018759454
101339.09946591553
101337.08566872966
101335.99905349952
101334.26722305077
101333.0516757834
101333.19171516248
101336.7186903118
101334.2786746639
101339.51197525364
101337.34780631252
101340.72315307171
101337.7793000802
101337.35728936006
101320.91482648079
101310.97094142484
101316.5658711655
101316.24534039247
101323.87724245299
101325.41619417528
101332.83915682229
101333.66502467064
101335.60165236311
101332.58998458207
101329.52132487029
101323.98832994161
101318.93359339256
101314.77039441332
101311.81895075281
101315.97818777282
101332.75404319656
101340.01573002302
101338.92926128162
101340.40437943886
101338.32315675632
101337.15164480192
101335.30118730252
101334.09097808323
101334.51063876128
101337.93275781084
101335.34395765989
101340.35950484771
101338.04005838823
101341.24302700201
101338.02280087981
101337.47052993687
101320.95579497742
101310.89715433655
101316.43711831354
101316.06788603264
101323.50855946954
101325.09172158092
101332.4860559706
101333.25721727927
101335.21412919567
101332.19406805237
101329.17880501997
101323.66363563488
101318.66548926997
101314.57728200904
101311.76300668724
101316.08555782984
101332.85431406122
101340.28848575687
101339.26378490283
101341.06150549943
101339.18057810355
101338.29001887774
101336.50578615628
101335.38212361289
101332.27330110034
101335.560491993
101332.85994665087
101337.99234074088
101335.66593987495
101339.47487100637
101336.2253233347
101336.14462459106
101320.89837283551
101311.25593897358
101318.04592680209
101317.76567397374
101326.19878202309
101327.96888485948
101335.43978869387
101336.25431652924
101337.87987423122
101334.8957198018
101331.96973651796
101326.2334734833
101320.97617667392
101315.88288700698
101312.57630666332
101316.24252659055
101331.70589869071
101338.29029126975
101337.73481017523
101338.88360607642
101336.93381546959
101335.97720764016
101334.32126878723
101333.18982034914
101328.35201100622
101331.5737713689
101328.98297009073
101334.23967757214
101331.58011142565
101335.78490989015
101331.73895503898
101333.11036664651
101319.53471913357
101310.98910258977
101316.93037318607
101316.82622873251
101324.56061163948
101326.32969057202
101333.66341120568
101334.81122541243
101336.42204447754
101333.24237979573
101330.29569748163
101324.69544923023
101320.03342967664
101315.12922569241
101312.61229274365
101314.75743126776
101329.07951789294
101334.06054461825
101334.03227846188
101334.69937019078
101333.13095958364
101331.91018027109
101330.50769109126
101329.06906224365
101323.77517163688
101326.57129951319
101324.11088415697
101329.24973058824
101326.70342558736
101331.35955016405
101327.17347465012
101330.33032548928
101319.2351997207
101313.58770579399
101320.40103545776
101320.9013210499
101329.00827813786
101331.14168993071
101337.93396834728
101338.85630178852
101340.09292563674
101337.23647128235
101334.44841109143
101328.85350484037
101324.37757218591
101318.8355563377
101315.50273970312
101315.25485361164
101327.5977953004
101329.22535947167
101329.59463978445
101329.24550376815
101328.31320013796
101326.71189401708
101325.71725028724
101324.32759280372
101317.86719064528
101320.34855776087
101318.62737577999
101323.47597115253
101321.05740327502
101325.66361258838
101321.67837610954
101325.27980686954
101316.71322885105
101312.0441160108
101318.23134714179
101319.3589064518
101327.00309077307
101329.84660498644
101336.64946199575
101337.95168741522
101339.01252367964
101336.1618200556
101332.88836689098
101327.21585318158
101322.51626793003
101317.36517087773
101314.16753165974
101313.28330593233
101322.8547987393
101323.64233834579
101324.42485733789
101323.32403218764
101322.8698587699
101320.62823329192
101319.73974670147
101318.27657490497
101314.98203614037
101316.46166556262
101315.24922900475
101318.93486162764
101316.97657370052
101320.92777946805
101318.1588196737
101322.2590567134
101316.50596115641
101315.09274877317
101321.3405164014
101323.59272903469
101330.83078493245
101333.52703044128
101338.90068184263
101339.99381000816
101340.68838348697
101338.72852187286
101335.8295633298
101331.01912599643
101326.22498741132
101320.80547229704
101317.03283142715
101315.00222105334
101320.80980723328
101319.68878441428
101320.19301494889
101318.65366585733
101318.69599291663
101316.60241126531
101316.08839314453
101315.2344072366
101311.47471180015
101312.3745092569
101312.15783149711
101314.9480243189
101313.10602484275
101316.18967167209
101314.20129806917
101317.81087111692
101314.80000624122
101313.4245965959
101318.72262813436
101320.69220944923
101327.15032082959
101330.57704003507
101336.24312483128
101338.34799531801
101338.69547555773
101336.8949105935
101332.844948244
101327.84242028135
101322.85885104451
101318.53926485854
101314.84545445195
101313.64776193173
101317.28003946987
101315.18605511557
101316.03672829273
101314.34404197245
101314.68334473655
101312.57924343484
101312.37943395566
101311.53657222076
101317.09742568081
101317.49951046472
101315.9993262762
101316.21408857334
101313.93915170798
101315.03902399949
101313.59106925728
101316.02696709262
101316.14985417816
101317.21364704701
101321.68276259342
101324.04003696506
101329.16907088886
101331.38771878068
101334.69449879068
101336.54312085503
101336.74002526172
101335.36944283593
101332.94946838118
101329.65992772556
101325.09838112484
101321.93949045426
101318.01588136869
101316.13732988012
101316.5119995748
101313.91590353148
101315.14764327803
101313.79761148061
101315.8231708793
101315.51085300824
101317.26974556374
101316.98116140955
101333.79105456106
101332.71484637599
101330.41521618367
101328.13950553403
101323.6010016379
101320.98045081126
101317.4506237506
101316.41968506982
101316.30090721288
101314.34144512654
101316.05746593032
101315.87770849848
101318.16325262337
101318.23916207516
101319.76493710776
101319.80837185335
101319.90247206452
101320.00816393518
101318.75220680024
101318.50541928521
101316.18488930658
101316.18394730405
101314.550533869
101316.1770409633
101316.20958984572
101316.93201028337
101320.78330822285
101322.75186943516
101327.84471121585
101329.6432159985
101332.08775429407
101333.56882611918
101340.27677591219
101338.21986464119
101334.07193779413
101328.84438381303
101323.6111764879
101319.23152214047
101315.32979519633
101313.85766423671
101317.03418298111
101314.54528267655
101315.1059432888
101313.20261773863
101313.77531696398
101311.88471915289
101312.04695152439
101311.53117658709
101311.52110330772
101312.16847010152
101311.56534435619
101314.11752148277
101312.22191079354
101315.4106092235
101313.47260557985
101317.38728076193
101314.88590530018
101313.87576498103
101319.40237126802
101321.50564131493
101328.12719299644
101331.7018942556
101337.39950895881
101339.77879685987
101339.80721297272
101338.13614998115
101334.97648112454
101330.0880679565
101325.40874904417
101320.36559927124
101316.83569635473
101315.09579150919
101320.73276029207
101319.84461792272
101320.52727450967
101319.09595694006
101319.33505264259
101317.46841959623
101317.19117802617
101316.30924510691
101316.11465009346
101317.71333932172
101316.32643908678
101319.73460334563
101317.47611005428
101321.24732791456
101318.3102519074
101322.2372401531
101316.59832076685
101315.0196994531
101320.9352937292
101322.8811670173
101329.82028491361
101332.52889611913
101338.13968612191
101339.29219413491
101340.73336065773
101338.10104803249
101334.513966799
101328.59737317068
101323.61232102498
101318.1841386031
101314.80870142716
101313.36268506416
101322.4651332311
101322.57881626306
101323.08941875663
101321.44596715082
101320.89142906984
101318.86487871215
101318.12670233546
101316.90141889683
101316.62483051748
101318.60345532191
101317.08561758611
101321.57487490418
101319.28827090219
101324.13528930357
101320.5034587681
101324.61756107802
101316.52350319976
101312.513761309
101318.97018207486
101320.32575171944
101328.16115632617
101331.40721499846
101338.40356765712
101339.80863686759
101339.62731604699
101336.87296626836
101333.95688537639
101328.45898376664
101323.98744333518
101318.6433856142
101315.39434872204
101315.05730400475
101327.27198184389
101328.91405408744
101329.43211884829
101328.97869539598
101328.11999549335
101326.44196806202
101325.49580562796
101323.99605163094
101323.46036028821
101326.33319792672
101323.91880257244
101329.16691153267
101326.45668107919
101331.14979479418
101326.85541935328
101329.99147456324
101319.01950601969
101313.43263996596
101320.17036369652
101320.440466278
101328.37427133261
101330.62254646713
101337.41077504824
101338.32410616253
101338.13654085627
101335.05101808938
101331.88932281977
101326.18746837351
101321.20026850959
101316.02507222991
101312.94591923963
101314.49302168103
101328.68549014327
101332.8175035672
101332.69997708473
101332.97885177759
101331.1139299608
101329.34826866322
101327.85555827734
101326.27347952734
101325.57941410554
101328.94334102626
101326.5564828224
101332.12770924187
101329.85239506341
101334.45830681956
101330.46678890155
101332.35411421381
101319.21345587182
101311.18209214813
101317.44754606976
101317.90672418779
101325.90203728709
101327.83421031313
101335.26356823785
101336.41570335875
101337.21145837109
101334.27852021359
101331.37243423209
101325.8755381479
101320.77804068869
101315.84788821577
101312.76393886222
101316.19744118516
101331.42100164769
101337.82526610191
101337.70060309957
101339.10039982425
101337.0883737953
101336.00488200827
101334.27596469584
101333.05302163954
101332.02491109309
101335.6128724942
101332.89706711918
101338.26101804271
101335.86864596736
101339.52919928575
101335.81318781243
101335.6864471118
101320.78674243568
101311.39977092393
101317.97421134758
101317.57618000598
101325.84450387911
101327.38776322041
101334.66656673481
101335.51289663409
101335.60207957905
101332.59030475577
101329.52115341701
101323.98788047336
101318.93373330451
101314.77036799645
101311.81920956956
101315.97838936404
101332.75417988515
101340.01570894946
101338.92931880507
101340.4043872336
101338.32302162636
101337.14948075809
101335.29868085324
101334.09189086554
101333.19121264844
101336.71975472764
101334.27879124747
101339.5088759959
101337.34865303898
101340.72267925259
101337.77918350116
101337.35764090848
101320.91518169262
101310.97228624304
101316.56730607148
101316.2470792065
101323.87496851227
101325.41232203376
101332.83864078143
101333.66582659335
101335.37300459579
101332.45994566067
101329.01841369865
101323.90060357322
101318.27647860916
101315.16802390919
101310.88657774407
101313.16553151679
101336.18671905345
101340.09651652409
101339.52560700274
101341.22582471624
101339.5634597485
101338.47531514912
101336.62872576962
101335.40634373606
101334.54817691946
101338.0265361552
101335.48161695519
101340.56983980497
101338.24243708627
101341.29123199733
101338.4358998769
101339.88081657086
101318.49889885672
101310.87497471554
101316.41069549137
101315.93343598493
101323.61490908127
101324.88669349872
101332.51995321328
101333.31047454107
101338.0138587291
101335.21202574468
101331.9438654971
101326.56360028974
101320.71394934968
101316.11322558907
101311.93805055741
101315.54242247871
101332.49142060229
101338.58952231973
101338.25338310719
101339.18248389386
101337.33924052669
101336.24647355641
101334.65879226523
101333.43116018212
101332.5071303752
101335.88769331484
101333.0509637729
101338.36249331769
101335.87053994772
101339.8824722352
101336.60009981453
101336.49997754364
101320.51959665128
101310.90226172993
101318.00830636868
101317.59155302899
101326.37897438501
101327.82206369194
101335.53167506392
101336.39588874805
101336.6387478027
101333.47379579989
101330.16785718423
101324.70377767472
101319.58453780449
101314.9798270739
101312.30333766312
101314.2511251181
101329.63092760101
101333.96657574397
101334.33484227872
101334.76458667364
101333.25283856968
101331.7935344415
101330.38924577637
101328.81537362788
101328.10919230421
101331.48144731103
101328.81132373861
101334.39781438316
101331.57017284058
101336.09200489629
101331.63579183689
101333.47244486814
101319.25405838594
101310.78451900654
101316.74282505132
101316.63686731952
101324.45035649485
101326.12979473521
101333.81290556348
101334.93387003927
101340.2958202179
101337.55338499669
101334.6215929704
101329.14905028511
101324.35033016377
101318.83795608429
101315.38754972184
101315.15371672195
101327.97856910268
101329.05111633886
101329.87728998966
101329.32995223536
101328.55148010979
101326.75493238939
101326.0578183976
101324.66444972952
101324.1076642844
101326.95581594284
101324.066981071
101329.51860973088
101326.72218269765
101331.6876437225
101327.04401823861
101330.71366020844
101319.16181186502
101313.38322527135
101320.43222308156
101320.76814047339
101329.26536900667
101331.25527157725
101338.17206495882
101339.11036636485
101339.23384010178
101336.36646095836
101332.92538455559
101327.25339257244
101322.25776009815
101317.14900387076
101313.86870643808
101313.14035420016
101323.01217459972
101323.38139908339
101324.50108488215
101323.11150967728
101322.81729465118
101320.25556813675
101319.4673403668
101317.95826985312
101317.59959470024
101320.07500880028
101318.29736226321
101323.41144624956
101320.76486825882
101325.79956058966
101321.40822437455
101325.44730404679
101316.57677100744
101311.59753846284
101318.02117873561
101319.03565015024
101327.02550324104
101329.81065942401
101336.89940507333
101338.12426842292
101340.67055216312
101339.00178930636
101336.12462823841
101331.30723120979
101326.37988852241
101320.95067763179
101316.94828668103
101315.03766074518
101321.00536953667
101319.65297726306
101320.32013904018
101318.53908344748
101318.77177348317
101316.42754378519
101316.27114311475
101315.79352905366
101315.59605035676
101316.636576188
101315.15021688516
101318.9691218411
101316.73894873082
101321.09151502303
101318.0907768812
101322.48614213811
101316.54374107893
101314.94113360369
101321.5058096915
101323.62413557744
101331.11673028258
101333.81807185843
101339.22480375714
101340.08361047511
101339.17727716477
101337.36671689159
101332.75418223957
101327.68732794508
101322.6141622065
101318.4815224714
101314.62279860501
101313.67109594501
101317.32910805746
101314.96511718484
101315.93870615395
101314.11164452316
101314.61436335304
101312.35509713327
101311.81259831603
101310.91794822135
101311.14291039956
101311.79355258607
101312.00262825056
101314.83490151617
101312.82575334082
101316.03427459605
101313.96732414467
101317.78095817528
101314.784139772
101313.24385071137
101318.67986406578
101320.43981963149
101327.06187842364
101330.39379055946
101336.69872139636
101338.90259481002
101339.11741303442
101335.88319386338
101333.32887662358
101330.06018241869
101325.27111197477
101322.16830275777
101317.97192714692
101316.25466370626
101316.62919922269
101313.94338558908
101315.19445202219
101313.66590298727
101315.73661066453
101315.02664138369
101316.46823899026
101313.85231273665
101313.71464257239
101316.72066916208
101315.44584583819
101316.09928110278
101313.82700305602
101315.06002067472
101313.60948126476
101316.14207962147
101316.23809482073
101317.20988794831
101321.88600541142
101324.19023247759
101329.55366815951
101331.7413386869
101335.15265019258
101338.81970730698
101317.27167883315
101319.58637197838
101318.51156389214
101318.46769120749
101316.05231368651
101316.20539152299
101314.52183270252
101316.24512354586
101316.29469114506
101316.98115756777
101320.99744372749
101322.91397104718
101328.27701362119
101329.94722695416
101332.94873844952
101336.88080108682
101337.24843037715
101333.64925588234
101331.20533554669
101328.38105958595
101323.78138877969
101321.18048219886
101317.50582774988
101316.5318056471
101316.39640247831
101314.38498270363
101316.10250422763
101315.76391610995
101318.10780160432
101317.96794955926
101319.32179781501
101317.39528438698
101311.59022662067
101311.65116949682
101311.4916132689
101313.98128188023
101311.77556238322
101315.24426230825
101313.25481473863
101317.36399930033
101314.86103490542
101313.69291980132
101319.39831481654
101321.29479663684
101328.00978510724
101331.48901367483
101337.61990700522
101339.92821246928
101340.27757458077
101338.59710261102
101333.9295646299
101328.7537866652
101323.38107862473
101319.16900936973
101315.09790896675
101313.88206116456
101317.10067170075
101314.36891168219
101314.976115299
101312.94226232581
101313.60381132632
101311.73630686555
101311.79998506008
101311.27985672576
101316.3187296793
101317.80566845092
101316.16316232222
101319.73871859012
101317.24136379515
101321.42087666978
101318.22786636882
101322.44079836216
101316.62732959074
101314.87433303198
101321.10841900168
101322.8726842914
101330.04466312172
101332.80809906367
101338.41123488222
101339.39607569382
101339.88020141709
101338.43654740433
101335.16642021238
101330.35660068101
101325.52554116826
101320.48595422857
101316.77085691859
101315.1451245677
101320.94179414815
101319.83032017798
101320.64669151721
101318.92223313975
101319.38840426842
101317.28444224538
101317.25000883805
101316.52688797667
101316.52031336643
101318.42349457239
101316.83735495506
101321.42002289885
101318.90374600994
101324.16631890142
101320.2125951098
101324.77864471698
101316.40490135955
101312.18909118997
101318.78620306498
101320.00321652512
101328.17075911765
101331.41580097898
101338.57877680153
101339.96695231328
101340.81624395002
101338.30615579095
101334.52470551357
101328.63758001532
101323.41181021101
101317.99825377323
101314.48285051949
101313.23067759493
101322.62214906122
101322.29932025104
101323.07826320743
101321.1384287657
101320.76782339402
101318.61706932991
101317.97936056499
101316.77955313298
101323.65024487549
101326.6138629483
101323.88528267179
101329.4433174335
101326.43882050421
101331.46915444933
101326.75537178261
101330.3914608223
101318.97555686091
101313.22150267562
101320.20693525631
101320.32326827204
101328.59687130844
101330.68598473078
101337.61819974529
101338.54761889986
101339.8977486275
101337.14690935997
101334.06850361171
101328.70784408103
101323.9943959771
101318.64357578338
101315.29211006939
101314.93559727844
101327.66525618023
101328.80598828115
101329.68785137279
101329.04147660805
101328.37230921777
101326.42623091009
101325.73259011583
101324.21891644984
101325.35454855852
101328.7822758673
101326.31112782485
101332.23787583878
101329.78112722172
101334.76539553374
101330.29438653748
101332.70982702076
101318.96520471912
101310.91070151012
101317.1817991064
101317.67617544027
101325.83014447719
101327.64783557496
101335.40492446136
101336.51895005992
101338.357543162
101335.31779373134
101331.77524778855
101326.17734162859
101320.83720199773
101315.81508946465
101312.63415564368
101313.99417378
101329.37024809243
101332.64782933494
101332.94917669012
101332.98600576588
101331.21559498704
101329.15249298143
101327.63926149523
101325.98391387671
101332.09638095954
101335.80168636146
101333.03868282198
101338.61097864286
101336.12916353092
101339.89361645191
101336.21937531896
101336.11244355942
101320.36218483387
101311.10323096105
101317.9703809294
101317.39890973513
101326.05826306259
101327.20393639573
101334.72139456565
101335.58852993124
101337.4014780127
101334.59842256214
101331.3162699563
101326.12839610002
101320.50039632039
101316.08095703779
101312.10072000354
101315.50151683137
101332.22865199264
101338.06876944442
101338.13891631141
101339.34373807955
101337.47629824524
101336.14839588318
101334.471778675
101333.01315865765
101333.0682745911
101336.76453917814
101334.30691020639
101339.74308941537
101337.50602599535
101340.87147479647
101338.25171982231
101339.69542883095
101318.62346823362
101310.73216836175
101316.55011032682
101316.09011230993
101323.99071766391
101325.22737915657
101332.87415917372
101333.70962520654
101335.76315932044
101332.87863865457
101329.36960745859
101324.20542120867
101318.5381365925
101315.35170198415
101310.88720826844
101313.1507656568
101335.92707472599
101339.99379918048
101339.20697104362
101340.60471901816
101338.64981303991
101337.23978547563
101335.28345708619
101334.00221925499
101334.54840177482
101338.02471126457
101335.47792810391
101340.57056983619
101338.24358768578
101341.29368576649
101338.43693038219
101339.88076206131
101318.49860394906
101310.8748053959
101316.41187425453
101315.93278767887
101323.61833916127
101324.88462144365
101332.51975981439
101333.30984836945
101335.3725790333
101332.45912379483
101329.01810563596
101323.9008076844
101318.2766785284
101315.16812451725
101310.88630577225
101313.16512280003
101336.18648698964
101340.09659734402
101339.52600885734
101341.22570630554
101339.56317256449
101338.47469457312
101336.62809209898
101335.40634305187
101332.50663234682
101335.88761153126
101333.04827806323
101338.36168588912
101335.86992309414
101339.88105587194
101336.59929948379
101336.49924572205
101320.51790829336
101310.90190143399
101318.01021477024
101317.58789433938
101326.3995300612
101327.80860140377
101335.52831186567
101336.39499620961
101338.01360296131
101335.21180304517
101331.94450760397
101326.56230955233
101320.71216122521
101316.11262867379
101311.93774818708
101315.54187537567
101332.49097758363
101338.58939332837
101338.25352918226
101339.1828565366
101337.33969993271
101336.24660776439
101334.6584558616
101333.43135987551
101328.10856404925
101331.48028594446
101328.81195504841
101334.39872102829
101331.57019081697
101336.10729605379
101331.63960226421
101333.47578969858
101319.25431863396
101310.78440167019
101316.74367236665
101316.63568852976
101324.45683602171
101326.12781341016
101333.81597008232
101334.9322509474
101336.6394790302
101333.47265277014
101330.16605399789
101324.70532933404
101319.58719906771
101314.98041836086
101312.30326133542
101314.25055511927
101329.6304199555
101333.96638112685
101334.33482505503
101334.76480593687
101333.25330041467
101331.793944156
101330.38918152978
101328.81532874188
101324.10682708136
101326.95505232997
101324.06815121122
101329.5169790154
101326.7202795098
101331.67363280027
101327.03571546746
101330.71262040224
101319.16096258022
101313.38233863578
101320.43386813306
101320.76845801921
101329.2667201804
101331.25530785936
101338.17331493758
101339.11030586455
101340.29882061771
101337.55622103505
101334.62787242196
101329.14236413363
101324.34606964156
101318.83732590551
101315.38717283316
101315.15313619436
101327.97826505252
101329.05078182582
101329.87690061409
101329.32967554902
101328.55141887048
101326.75488146671
101326.05729684248
101324.66386075641
101317.5990134342
101320.07420519491
101318.29850390783
101323.39987556104
101320.78077233808
101325.80295121708
101321.40015165454
101325.44798115491
101316.57656773737
101311.59377145942
101318.02430607725
101319.03643356121
101327.02531906308
101329.81082020869
101336.89956452406
101338.12457060242
101339.23433864224
101336.36646742663
101332.92274944039
101327.25413642199
101322.25860985613
101317.14837856093
101313.86845513644
101313.14021844688
101323.01212173661
101323.38149116591
101324.50087530704
101323.11121903108
101322.81711749242
101320.25553775858
101319.46736912863
101317.95824620783
101315.59527633083
101316.63586530127
101315.15047996401
101318.96580964091
101316.74628206668
101321.09684948003
101318.09108842611
101322.48344206509
101316.54318772934
101314.94052326046
101321.50665015697
101323.62348438441
101331.1160200288
101333.81748452151
101339.22359082311
101340.08284287542
101340.67119009179
101339.0015617863
101336.12358462457
101331.30920022311
101326.38067414313
101320.95045593692
101316.94811589934
101315.03764576963
101321.00547212214
101319.65308004383
101320.31982601949
101318.53863842573
101318.7715436171
101316.42737715805
101316.27092329219
101315.79328118415
101311.1427562067
101311.79345483475
101312.00302812329
101314.83471603194
101312.82890081189
101316.03663093378
101313.97053704181
101317.78149795807
101314.78436549897
101313.24557711842
101318.67849681646
101320.44027227131
101327.06075633109
101330.39466946125
101336.6978506711
101338.90098110632
101339.17660157902
101337.36607077021
101332.75353247854
101327.68763199117
101322.61468492269
101318.48169370272
101314.62284860318
101313.67116148658
101317.32921525315
101314.9656757078
101315.93886635981
101314.11136189356
101314.61446249533
101312.35498303879
101311.81245763108
101310.91811248143
101313.71496480829
101316.72103048931
101315.44593671807
101316.09908198123
101313.82663542117
101315.05952490622
101313.61020059136
101316.14373652908
101316.23757118246
101317.20938983942
101321.8867469409
101324.18891558818
101329.5530689172
101331.74108463529
101335.1521460565
101338.81947031975
101339.11748371375
101335.88319804016
101333.32871588282
101330.06000986065
101325.27108703324
101322.16830905732
101317.97235073707
101316.25468023508
101316.62979076651
101313.94366871229
101315.19438799149
101313.66535243575
101315.73634998605
101315.02634163247
101316.46812397879
101313.85263544515
101337.24883112147
101333.64896216153
101331.20559536383
101328.38045741172
101323.78148907624
101321.1801341258
101317.50616094975
101316.53182819385
101316.39616120755
101314.38523504366
101316.10309018573
101315.76316713222
101318.10785403577
101317.96764272262
101319.32140167747
101317.39513563673
101317.27173799946
101319.58642419156
101318.5116063707
101318.46758606323
101316.05210499361
101316.20522680362
101314.52189924938
101316.24580648579
101316.29492849455
101316.98212501028
101320.9985780245
101322.91308008527
101328.27696796412
101329.94650677821
101332.94865592518
101336.88089833947
101340.27878574026
101338.59776298674
101333.927203142
101328.75358996756
101323.38152775679
101319.16941837178
101315.09868605166
101313.88237413715
101317.10021386571
101314.36895344342
101314.97650174701
101312.9421174669
101313.60421546982
101311.73592004483
101311.79980332975
101311.27973403034
101311.59025841898
101311.65097364431
101311.49145267751
101313.98111499436
101311.77510513597
101315.24405768793
101313.2545942154
101317.36432993656
101314.86127191719
101313.69257877831
101319.39970291535
101321.29525479036
101328.01045903334
101331.4886996883
101337.62016486363
101339.92845247318
101339.87889832258
101338.44016267666
101335.1688396518
101330.3568707541
101325.52539682997
101320.48553690787
101316.77070386735
101315.14502120852
101320.94156452344
101319.83037689448
101320.64673112863
101318.92245894046
101319.38874591113
101317.28442243754
101317.250042509
101316.5268838543
101316.31887131267
101317.8055654253
101316.16322987735
101319.73890490449
101317.24086875432
101321.4204702539
101318.22760745548
101322.44122512774
101316.62755657674
101314.87188564255
101321.10325071408
101322.87702694981
101330.04499850293
101332.80834691071
101338.4111781463
101339.39635449665
101340.81646594306
101338.30516783978
101334.52351416166
101328.63660736529
101323.41154322549
101317.99820247674
101314.48311311932
101313.23087676396
101322.62246830102
101322.30007188708
101323.07850419186
101321.13839109075
101320.76767485219
101318.61719416836
101317.9808059655
101316.7796847937
101316.52092276033
101318.42298375347
101316.83739768071
101321.42073619718
101318.90374764051
101324.16609227312
101320.21231753852
101324.77879364311
101316.40529843056
101312.19138312849
101318.7874711242
101320.00259687995
101328.1721454394
101331.41558492172
101338.57905063438
101339.96736432731
101339.89747992011
101337.14737187832
101334.0692874807
101328.70798942071
101323.99432203763
101318.64349317629
101315.29220662227
101314.93573067765
101327.66551217651
101328.80627334227
101329.68763871121
101329.04106664067
101328.37139037219
101326.42692276668
101325.7391380169
101324.21990194892
101323.65187259587
101326.61257285358
101323.88513094258
101329.4442949349
101326.43940996499
101331.46895122892
101326.75463594272
101330.39086317933
101318.97477257112
101313.2196069374
101320.2055560568
101320.32242100814
101328.59623546847
101330.68649326544
101337.61831691758
101338.54730799681
101338.35713583723
101335.31754535348
101331.77463155056
101326.17649285172
101320.83673818412
101315.81509655902
101312.63438377605
101313.99434613533
101329.37038993704
101332.64793496314
101332.94911657643
101332.98612835526
101331.21480172276
101329.14910293146
101327.63190143726
101325.98322810205
101325.35407680382
101328.77507658894
101326.31566584445
101332.24005155297
101329.78138634379
101334.76711348702
101330.29471271604
101332.71046331531
101318.96563556566
101310.91160332144
101317.18321329706
101317.67652195026
101325.83114490574
101327.64808901228
101335.40439971184
101336.51888812541
101337.40213341033
101334.59935419317
101331.31665591388
101326.12831371653
101320.50036873281
101316.08113256557
101312.10095372489
101315.50168118902
101332.2288278761
101338.06892710621
101338.13921351905
101339.34448439853
101337.47818583055
101336.15003767186
101334.47057005377
101333.0119471084
101332.09456339966
101335.8039081866
101333.05055821149
101338.60362986993
101336.12781750457
101339.89629295385
101336.21934829926
101336.11273408702
101320.36231277687
101311.10286438935
101317.96887655901
101317.39828092032
101326.05669101
101327.20486140778
101334.72100762355
101335.58907293652
101335.76370327953
101332.87936530518
101329.3695934686
101324.2049967271
101318.53795916526
101315.35173220886
101310.88746627123
101313.15106959174
101335.92727939854
101339.99372558153
101339.2068639085
101340.60524886879
101338.64977589695
101337.23870544834
101335.28104594462
101334.00172144047
101333.06720589717
101336.7717653717
101334.3021785187
101339.73600214397
101337.50951234846
101340.87283438582
101338.25138383203
101339.69570929576
101318.6236576729
101310.73200780657
101316.54964391113
101316.08981755566
101323.98773485252
101325.22868848356
101332.87457988317
101333.71022493661
101335.35685451861
101332.44288019293
101328.98498206356
101323.89179001216
101318.28106754803
101315.18768434839
101310.96331015902
101313.16733756955
101336.22444559462
101340.01557437985
101339.52960067584
101341.23267624772
101339.55737011399
101338.47486475224
101336.6177757605
101335.38540218172
101334.52959704481
101338.01346752355
101335.48724090842
101340.57336325053
101338.25201190266
101341.30760272242
101338.43599469659
101339.85491467625
101318.43834286829
101310.96104259172
101316.43626074328
101315.90197542553
101323.60638649395
101324.85581674443
101332.50084929618
101333.29160043798
101337.99851465141
101335.20198282946
101331.93062753874
101326.55552148804
101320.70407543538
101316.11456897127
101311.986168667
101315.551788319
101332.48025852835
101338.56088771818
101338.25700460997
101339.18301369771
101337.33275868904
101336.24427303499
101334.63926599841
101333.41071276895
101332.48728102198
101335.86509338136
101333.04878033549
101338.37137944729
101335.8779209998
101339.88473393119
101336.59071132881
101336.49054584841
101320.52691881928
101310.94375944787
101318.02424721456
101317.55724478878
101326.38637278993
101327.78267648959
101335.51017016493
101336.38284741688
101336.65641745969
101333.48576212002
101330.17579317873
101324.70165592666
101319.5767542893
101314.97245365889
101312.31899676532
101314.251362187
101329.63875673486
101333.95633978548
101334.34185542686
101334.76216669366
101333.25474979576
101331.7904664755
101330.37979930128
101328.80007479238
101328.09352204989
101331.46890319421
101328.8116271797
101334.40915550702
101331.57137966729
101336.09663558166
101331.62070205787
101333.49534413424
101319.26497917986
101310.79572919282
101316.73889522979
101316.62326346869
101324.44452833517
101326.12683059306
101333.83062381211
101334.95278842196
101340.31017132364
101337.56425311882
101334.64899907963
101329.15918309297
101324.35202608486
101318.83316035112
101315.385009327
101315.15763959946
101327.99199141665
101329.05686354479
101329.88191783777
101329.33065803905
101328.5586768083
101326.75650261277
101326.05626476026
101324.65414232468
101324.09396998711
101326.95514735972
101324.06321696451
101329.52204328471
101326.72218066643
101331.69458550276
101327.05271532122
101330.72937437208
101319.17329414379
101313.39123557873
101320.43295866795
101320.76294216422
101329.26959939628
101331.26000231336
101338.18180201053
101339.1236518518
101339.23489160313
101336.37570517047
101332.9281736285
101327.26171083258
101322.26414071843
101317.14553799818
101313.86324966961
101313.14203043751
101323.02200471234
101323.39222170353
101324.51350630961
101323.11224473834
101322.82157750224
101320.25603021251
101319.47100060777
101317.97012585597
101317.60720176825
101320.07888955221
101318.29883249017
101323.41124527727
101320.76679848772
101325.80273834195
101321.42047573964
101325.45569875129
101316.58106283812
101311.60417983971
101318.02261510401
101319.04443337319
101327.0398107693
101329.81505019797
101336.90593674053
101338.12513454379
101340.67994144824
101339.0191182608
101336.13033475229
101331.31682644058
101326.38668287445
101320.95514371026
101316.94779290697
101315.03977473124
101321.01205133603
101319.66132971957
101320.33011623619
101318.54180870726
101318.77668303186
101316.42968783392
101316.27580945558
101315.80404275112
101315.60979471379
101316.63745159925
101315.15389586355
101318.97225394605
101316.742571468
101321.09625592068
101318.10323538257
101322.49406474494
101316.54723590832
101314.94386166298
101321.51336491753
101323.64195632518
101331.12004931265
101333.82878618871
101339.23720532659
101340.09141193765
101339.13929445898
101337.34220778671
101332.74820748603
101327.68717427405
101322.62166404874
101318.48600007317
101314.6328346635
101313.68431949826
101317.33498308991
101314.98025282859
101315.94160122389
101314.11453993121
101314.61981874252
101312.36932783222
101311.85844800374
101310.975580504
101311.22082878173
101311.83612073874
101312.01781507497
101314.83926659677
101312.83423830094
101316.04306387091
101313.9798334901
101317.79031671674
101314.79174544234
101313.2589878311
101318.6967986083
101320.45769406974
101327.07589974153
101330.39094794534
101336.67605113276
101338.86797998355
101339.0684154169
101335.85510244139
101333.34399585097
101330.06690126547
101325.27567274362
101322.16957750799
101317.98796159093
101316.26501650435
101316.64144349161
101313.95890024552
101315.19562501265
101313.66997071318
101315.74142286126
101315.02923822799
101316.47443895307
101313.83767335606
101313.65372833225
101316.72708038794
101315.4443162306
101316.10002502523
101313.82715814382
101315.06775837063
101313.62640282007
101316.15127019671
101316.2433289443
101317.21358888772
101321.88724698621
101324.19611256776
101329.57294058178
101331.74410956196
101335.13433209351
101338.75394105465
101317.19670765624
101319.59711260014
101318.51330899914
101318.46548851967
101316.04781799433
101316.19961369675
101314.52796892196
101316.25493620511
101316.30354437043
101316.98824275986
101321.00237292725
101322.92427627176
101328.28812132534
101329.96053733639
101332.93602606819
101336.86496342992
101337.24416304468
101333.63496845149
101331.20912217328
101328.39078534786
101323.78989316797
101321.19106239086
101317.51493752663
101316.53631466543
101316.40379839248
101314.39930620961
101316.09507106076
101315.76177771881
101318.10923963934
101317.96862545768
101319.32597361626
101317.37295532945
101311.65397500384
101311.68672521166
101311.48901314409
101313.97438895561
101311.77172167461
101315.23930943335
101313.26459663056
101317.36823332941
101314.86533578875
101313.70420368915
101319.40363909825
101321.31265389443
101328.02234517426
101331.49725133785
101337.59735064764
101339.87926345451
101340.19305240351
101338.55670060309
101333.93036130417
101328.76332769732
101323.39492718062
101319.18495413208
101315.11070518638
101313.90498522398
101317.10551943906
101314.37644344739
101314.97336445234
101312.93761215839
101313.59268270266
101311.72230782745
101311.7910824549
101311.35632258095
101316.3322148103
101317.79631227387
101316.15683081749
101319.73266124577
101317.24128502424
101321.4236876033
101318.23402387909
101322.44560163088
101316.62613416839
101314.87923260538
101321.12071062511
101322.87759061565
101330.05431925107
101332.82448622535
101338.42885845709
101339.40152209706
101339.90530114832
101338.44964129919
101335.1791116831
101330.36388133054
101325.53364542701
101320.49724628302
101316.77718711537
101315.14558923796
101320.94708297335
101319.83550800534
101320.64660786878
101318.915785669
101319.38683463316
101317.27756173073
101317.25302542778
101316.52663106099
101316.51027094887
101318.42351424693
101316.83245078466
101321.42521768509
101318.9113402395
101324.17826670114
101320.22739195422
101324.78797688399
101316.40793761914
101312.1931763449
101318.7845817222
101320.00950125145
101328.17705179758
101331.42573686583
101338.5954596032
101339.9795017358
101340.83518363842
101338.31489701669
101334.53344083732
101328.64107946042
101323.41422748569
101318.00086256875
101314.48227266798
101313.22944479497
101322.63055945556
101322.31529385239
101323.08986731186
101321.14674698854
101320.76916882594
101318.61561692858
101317.97597556558
101316.76815350076
101323.62766689248
101326.6024217954
101323.88727622728
101329.45968860025
101326.45320773778
101331.48211181798
101326.76914105013
101330.40493930933
101318.97938665118
101313.21816590069
101320.20570760958
101320.32683059059
101328.59820188538
101330.69262971991
101337.63145569558
101338.5620329861
101339.91091872199
101337.15852224038
101334.07483462399
101328.71309242587
101323.98939423126
101318.64207360704
101315.29053944812
101314.93823059808
101327.67933821527
101328.82238154463
101329.69904170546
101329.06101648734
101328.38813969537
101326.42695351328
101325.72660731131
101324.20299839209
101325.33534500183
101328.76595946329
101326.30905202497
101332.26185653906
101329.78964862516
101334.77209731982
101330.28015143199
101332.72301859301
101318.97423367688
101310.91916138231
101317.17467725772
101317.66453942753
101325.81755743166
101327.6444318693
101335.41209670229
101336.52290917095
101338.36400303972
101335.32232853831
101331.77468560557
101326.17206788438
101320.81946900496
101315.8037824553
101312.64218283906
101314.0019490483
101329.38177764537
101332.65929487521
101332.9576059565
101332.98558478948
101331.22737005874
101329.1444151716
101327.62275610663
101325.96969733488
101332.07734987125
101335.78236323864
101333.05197413125
101338.61262488601
101336.14007145631
101339.89404490967
101336.20156862526
101336.10441119254
101320.37224240776
101311.10591439274
101317.98269557784
101317.37076491682
101326.05391111187
101327.178522865
101334.70406921064
101335.57779007693
101337.39783561107
101334.58853747614
101331.29545049784
101326.11245117061
101320.48627890687
101316.08117163258
101312.14313345302
101315.51888122925
101332.21897515884
101338.03808767945
101338.1434255608
101339.33933582625
101337.47465116336
101336.15837224892
101334.44932335564
101332.98834642819
101333.05050562411
101336.75455460591
101334.31246127843
101339.74259733403
101337.51906136025
101340.88141417125
101338.24317895522
101339.64397870733
101318.63226612931
101310.82016338331
101316.55977256266
101316.05579484723
101323.98841476193
101325.20101275823
101332.85688000792
101333.69020834976
101335.74693476716
101332.86107424213
101329.33015981533
101324.19982367224
101318.54059525054
101315.36962675548
101310.96403384468
101313.18398022311
101335.92036513885
101339.92680705083
101339.20888107798
101340.59962625726
101338.64623009677
101337.24043607997
101335.2738625074
101333.98206535194
101334.52933754619
101338.01254205723
101335.48417738653
101340.57301334571
101338.25261329323
101341.30983628832
101338.43688171954
101339.85459876935
101318.43804523739
101310.96072227161
101316.43635992034
101315.90203840446
101323.60708901145
101324.85516671653
101332.50142551292
101333.29137549094
101335.35680900441
101332.44222185109
101328.98445872185
101323.89204965955
101318.28141286236
101315.18768687258
101310.96300077729
101313.16694820279
101336.22423310127
101340.01577987663
101339.53058320819
101341.23168314062
101339.55717155874
101338.47430416316
101336.61697928925
101335.38509140222
101332.48706180582
101335.86547562202
101333.04595497488
101338.37073808286
101335.87675907489
101339.88487552914
101336.59059060027
101336.48981140414
101320.5261127149
101310.94402612458
101318.02477311731
101317.55851879212
101326.39136831944
101327.77683606268
101335.50544442079
101336.3822879341
101337.99805772598
101335.20252730549
101331.93038414486
101326.55471104912
101320.70305980106
101316.11405615375
101311.98569200333
101315.55132897726
101332.47989208557
101338.56082944605
101338.25710303486
101339.18302747043
101337.333186704
101336.24456963637
101334.63916838357
101333.41105411111
101328.09273182141
101331.4684915812
101328.81074542608
101334.4096409521
101331.56849633435
101336.10143601804
101331.62215988802
101333.49741694906
101319.26534757175
101310.79526499065
101316.7394310407
101316.62349321609
101324.44644650226
101326.12752725971
101333.83971678141
101334.95322054884
101336.65794948032
101333.48401747558
101330.17402558228
101324.703480617
101319.57860489696
101314.9727897968
101312.31877983623
101314.25090573882
101329.63836481809
101333.95621992763
101334.34187793493
101334.76227344296
101333.25506231521
101331.79067937761
101330.37940533126
101328.79953762959
101324.0935038648
101326.95486286885
101324.06238061092
101329.52383068974
101326.71914191026
101331.69733110847
101327.04925319029
101330.72912746182
101319.17347089273
101313.39059135872
101320.43390407924
101320.76356173246
101329.27054206144
101331.26179887222
101338.18322704811
101339.12280847263
101340.31393575894
101337.57103476589
101334.64991579074
101329.15876309547
101324.35094141509
101318.83295824144
101315.3847195663
101315.15726750364
101327.99183748456
101329.05664194384
101329.88155782624
101329.33034750387
101328.5585865264
101326.75655563196
101326.0560727244
101324.65386654153
101317.60642922948
101320.07896837778
101318.29784442732
101323.40977623296
101320.76253869032
101325.80348702284
101321.40821959796
101325.45998145298
101316.5835026795
101311.60470331449
101318.02409746361
101319.04494237553
101327.03939535761
101329.81493594765
101336.90458771684
101338.12468991944
101339.23502533018
101336.37441150262
101332.92956791708
101327.26038577995
101322.26299299402
101317.1446621764
101313.86292373975
101313.14195510039
101323.02205271163
101323.39237860983
101324.51324012011
101323.11186802253
101322.82131340292
101320.2557869672
101319.47033588747
101317.96937698749
101315.60836276007
101316.63677469727
101315.15312425849
101318.97222487586
101316.74250435361
101321.1021582228
101318.10038184111
101322.49057361737
101316.54851623069
101314.94436567281
101321.51418659103
101323.64149635511
101331.11929349558
101333.82804261518
101339.2367832821
101340.09126760616
101340.67992987772
101339.01752336296
101336.130924308
101331.31757766561
101326.38683548011
101320.95483008254
101316.94764168338
101315.03979741373
101321.01218821059
101319.66138281561
101320.32967136658
101318.54119457156
101318.776141223
101316.42916938143
101316.27519655548
101315.80361191527
101311.22014000633
101311.83590659552
101312.01769047091
101314.83968961614
101312.83500347515
101316.04476800146
101313.98512653288
101317.78809629267
101314.79209902193
101313.26212857447
101318.69189852539
101320.45817581171
101327.07444635543
101330.39155267822
101336.67581737693
101338.8673392818
101339.13879844989
101337.34150513004
101332.74769539165
101327.68740574605
101322.62209250109
101318.48600254032
101314.63277194524
101313.68435198229
101317.33506859417
101314.98092252435
101315.94177102974
101314.11397651836
101314.61961831115
101312.36906943299
101311.85826187268
101310.97528471274
101313.65391838914
101316.72724673233
101315.44441108285
101316.09991380214
101313.82680676329
101315.06712329222
101313.62769138053
101316.1526400118
101316.24258878187
101317.21283506701
101321.89007499117
101324.19365860691
101329.57256281875
101331.74379430964
101335.13400838288
101338.75373173575
101339.06843578242
101335.85508038812
101333.3438220883
101330.0667150777
101325.27569913834
101322.16974264769
101317.98841740246
101316.26497984728
101316.6421140442
101313.9593578717
101315.19582950076
101313.66904225186
101315.7409447135
101315.02923796004
101316.4744945979
101313.83784952432
101337.24415458186
101333.63441602945
101331.20892561988
101328.39027018331
101323.78989422106
101321.19062059383
101317.51551180088
101316.53617016241
101316.40312084393
101314.39907319019
101316.09881546587
101315.76088148283
101318.10972430681
101317.96839340408
101319.32566766361
101317.3728002744
101317.19669879062
101319.59709671131
101318.51331146671
101318.46535838724
101316.04757560063
101316.19947905376
101314.52802951695
101316.25570814332
101316.30394345708
101316.99028075617
101321.00508097067
101322.92274801538
101328.28796519405
101329.95965262313
101332.93619810438
101336.86485918544
101340.19344544
101338.55555761108
101333.9294879036
101328.76327032335
101323.39540820129
101319.18530447359
101315.11160284557
101313.90542195672
101317.10502629841
101314.37674045414
101314.97450220126
101312.9372643973
101313.59332143671
101311.72208046522
101311.79107278984
101311.35621958337
101311.65392223837
101311.68654024097
101311.48875084161
101313.97416113858
101311.77127598264
101315.23918569923
101313.26451497336
101317.36879435911
101314.86590630595
101313.70498122436
101319.40667293749
101321.31030383377
101328.02260383182
101331.49611077382
101337.59747756136
101339.87953259732
101339.90554353871
101338.45145990179
101335.18024459314
101330.36389311864
101325.53349398624
101320.49680915312
101316.77709350351
101315.14544954363
101320.94684784977
101319.8358292621
101320.64665174474
101318.91606824087
101319.38719251596
101317.27741016494
101317.25296673058
101316.5266500838
101316.33230065471
101317.79629403776
101316.15686324378
101319.73279022102
101317.24077617771
101321.42345084697
101318.234004338
101322.44620753059
101316.62624812385
101314.8723352621
101321.10853635616
101322.88757094975
101330.05485101393
101332.82475662595
101338.42876125012
101339.40213632159
101340.83544769572
101338.31463786568
101334.53257397178
101328.64022805871
101323.41399784308
101318.00082042898
101314.48257474277
101313.22966186686
101322.63090651465
101322.31611908301
101323.09005976023
101321.14683635738
101320.76922263249
101318.61568052482
101317.976549566
101316.76826027915
101316.51060036634
101318.42322358985
101316.83234611673
101321.42567440667
101318.91117226129
101324.1782964248
101320.22743429619
101324.78821635802
101316.4086237428
101312.19805480132
101318.79031007488
101320.0095840303
101328.17854597744
101331.42475712599
101338.59541822042
101339.97979421998
101339.91115886573
101337.15880966578
101334.07510063138
101328.71292846001
101323.98928594656
101318.64200494553
101315.2906520501
101314.93835370704
101327.67957112267
101328.82261416162
101329.69873393948
101329.06067159126
101328.3873387807
101326.42633116629
101325.72686647253
101324.20285599715
101323.6281706438
101326.60136469458
101323.88689800221
101329.4605045584
101326.45371390205
101331.48205430902
101326.76839013719
101330.40402741244
101318.97805466448
101313.21511952928
101320.20370174639
101320.32625338106
101328.59660073509
101330.69241260801
101337.63143149969
101338.56215777146
101338.36404422911
101335.32235099591
101331.77408884944
101326.17118039602
101320.81903711802
101315.8038308806
101312.64244299325
101314.00210728214
101329.38192154841
101332.65931757278
101332.95746336291
101332.98555147418
101331.22699763167
101329.14287341025
101327.62004836043
101325.96933752441
101325.33564981568
101328.76400816205
101326.3102536941
101332.2639470103
101329.79034646705
101334.77179117633
101330.28035535333
101332.72349961309
101318.97457382639
101310.92025464155
101317.17697111974
101317.66455676098
101325.81851632975
101327.64336557107
101335.41168101353
101336.52254240777
101337.39861320455
101334.5895626438
101331.29575335441
101326.112282626
101320.48623789888
101316.08140332495
101312.14340488114
101315.51903742514
101332.21915110707
101338.03811182614
101338.14335811368
101339.34010143635
101337.47644482375
101336.16065588887
101334.45066780636
101332.98865959674
101332.0775223512
101335.78318136043
101333.0553222007
101338.61765675762
101336.13924272271
101339.89339287103
101336.20143533422
101336.10468342327
101320.37243213189
101311.10602270215
101317.98185448561
101317.37027012653
101326.05476193139
101327.17749430588
101334.70343497131
101335.57793844139
101335.74726814803
101332.86178190944
101329.33021167068
101324.19937742203
101318.54035796305
101315.36974548158
101310.96433436252
101313.18430443585
101335.92057810734
101339.92639591216
101339.20817858729
101340.60123852199
101338.64604020263
101337.23977635796
101335.27269324768
101333.98197615946
101333.04975008397
101336.75486733086
101334.31262441745
101339.74127147038
101337.52003381515
101340.88115576291
101338.24285097615
101339.64432923659
101318.63267146639
101310.82076278795
101316.56032787263
101316.05642642945
101323.98632206964
101325.20138863478
101332.85645295531
101333.6902536023
101335.25975917383
101332.2239300712
101329.21045735196
101323.63017353407
101318.6379668249
101314.59778108979
101311.60074344682
101316.00833433584
101332.94785441019
101340.38835951098
101339.28908739373
101341.08155013042
101339.17972609367
101338.29678530859
101336.51372672152
101335.38712956497
101334.52317025352
101337.9404132917
101335.36241091348
101340.3731851584
101338.050605831
101341.16539691617
101338.07584033252
101337.71596399766
101320.89175283202
101310.81909191616
101316.39634315674
101315.97134507462
101323.52084366085
101325.09408831611
101332.50644271389
101333.28563606905
101337.91944455565
101334.92714354505
101331.99759016711
101326.23902753415
101320.95019636262
101315.88099752835
101312.51447073539
101316.20255369288
101331.74503160189
101338.36447791362
101337.78510445217
101338.89036888273
101336.93913931868
101335.97520152443
101334.31091493354
101333.17073661706
101332.26442026984
101335.53458505569
101332.85568236114
101338.02356493
101335.67506366911
101339.48033680835
101336.28226205772
101336.20483678934
101320.87461260745
101311.22653800991
101318.01105618884
101317.69480354327
101326.20819704892
101327.96656308796
101335.45209255788
101336.28697323226
101336.47976951275
101333.29855412898
101330.32915893843
101324.72090978498
101319.97509244687
101315.09118789897
101312.58890876442
101314.73228203553
101329.10584196576
101334.0841361848
101334.05367651695
101334.68818212235
101333.14029915398
101331.9136345919
101330.51165420143
101329.05662952102
101328.33826398071
101331.58854968369
101328.99422184049
101334.27410798604
101331.58838433956
101335.78780916586
101331.72734922088
101333.11663822425
101319.51869147905
101310.9294963703
101316.91822252455
101316.78930432095
101324.53924410688
101326.34970438352
101333.74086358611
101334.86861151195
101340.11162417731
101337.25924716875
101334.48945980487
101328.89235252698
101324.37735776749
101318.80870510841
101315.48282623346
101315.25964096664
101327.62821471857
101329.21373325234
101329.60338189425
101329.2381674041
101328.31525339928
101326.7186027889
101325.73981677071
101324.3402392373
101323.78165132305
101326.61693296254
101324.1306216802
101329.29075736518
101326.69891364264
101331.36629636731
101327.16379181309
101330.34614744816
101319.21915967076
101313.55142846928
101320.39653539506
101320.87774565376
101329.06325469825
101331.18439857793
101337.9734793052
101338.87702506848
101339.02368889042
101336.17937819569
101332.89826938545
101327.23506960846
101322.50252625349
101317.3436965836
101314.13783513209
101313.25459086185
101322.84967816103
101323.61131905775
101324.42812869778
101323.31551932274
101322.86346023601
101320.61300620312
101319.72830186415
101318.26274609982
101317.84716471081
101320.33427962256
101318.6024366801
101323.4701643704
101321.03229946262
101325.65608272181
101321.65222555998
101325.26816324677
101316.68233484394
101311.98118384639
101318.20564088116
101319.33007166331
101327.0239244977
101329.84121491326
101336.6781937028
101337.95888653515
101340.65951458614
101338.72412374262
101335.8434811215
101331.02942268852
101326.22828617404
101320.80002917426
101316.99856620055
101314.97164524804
101320.7951500061
101319.67220682242
101320.20205875891
101318.64521107657
101318.68673072183
101316.59639661611
101316.09086307834
101315.24209497507
101314.99777498718
101316.44856426826
101315.23907441759
101318.93529113734
101316.95675684455
101320.92026210345
101318.13870834725
101322.25379285672
101316.48227349586
101315.06080060755
101321.33510422762
101323.57910586536
101330.84757349222
101333.54528090663
101338.9251428237
101339.96911752045
101338.7718231435
101336.97701890816
101332.84590970067
101327.8261697033
101322.81958472675
101318.50349851795
101314.79452964445
101313.60964524199
101317.2416269379
101315.14871861129
101316.01675308855
101314.33442472937
101314.68709684598
101312.55857294281
101312.2824137664
101311.30274016692
101311.24296442626
101312.28079470602
101312.10805205919
101314.92919838279
101313.07162250055
101316.17259743616
101314.16397176884
101317.77990338374
101314.76458025609
101313.38359921363
101318.70094586772
101320.64382395036
101327.13088276939
101330.55392261028
101336.29254415614
101338.41565604563
101336.88953505417
101335.45920195054
101332.95154604482
101329.66760910534
101325.078128779
101321.90846452017
101317.98028740137
101316.10125578992
101316.47986676237
101313.89127129012
101315.13487574356
101313.77854238296
101315.82334029004
101315.48532713161
101317.23112468031
101316.92759318191
101317.03497273833
101317.45138643016
101315.98646788295
101316.21098283885
101313.90876537238
101315.02001458711
101313.56229209344
101315.99531044517
101316.1077121596
101317.17705975342
101321.66541195012
101324.02280228521
101329.18333150556
101331.40027438052
101334.73842201043
101336.69466894878
101319.86264741435
101319.96319832149
101318.74335816922
101318.48393384165
101316.13596185601
101316.12699116445
101314.50988419587
101316.15069343834
101316.1783406413
101316.91090641284
101320.78541025803
101322.75685234282
101327.86818002998
101329.66390394427
101332.1299731617
101333.67378759867
101333.89338982999
101332.77684879593
101330.44362854975
101328.16278676366
101323.59537443033
101320.9731099123
101317.42331708063
101316.37762915963
101316.26480484456
101314.30101613115
101316.02204873296
101315.84622759451
101318.14677711455
101318.2111227392
101319.74087233018
101319.77989770351
101311.45428091109
101312.07671927685
101311.51443419427
101314.07757529995
101312.13905412734
101315.3493223079
101313.42572794914
101317.35351919131
101314.83975433746
101313.83250599168
101319.39179731012
101321.48763152258
101328.13857390397
101331.72758334423
101337.46931834539
101339.88646422872
101340.41320750453
101338.32588531819
101334.11081976636
101328.85792513569
101323.59226213602
101319.20709297419
101315.28412986356
101313.81917756646
101316.99556480617
101314.49678988564
101315.06474247898
101313.14566422446
101313.73060469548
101311.81967824603
101312.04463234826
101311.319843417
101316.09435299711
101317.68421494823
101316.30005875522
101319.7353857963
101317.44899563209
101321.22485726104
101318.27100669082
101322.21573557772
101316.55631317667
101314.98968567819
101320.94732966996
101322.87350698012
101329.8355243602
101332.55658395607
101338.17020466395
101339.33166548754
101339.84026683043
101338.1661269311
101334.99673128757
101330.1160739749
101325.41756914165
101320.36384999883
101316.81429280019
101315.06867182764
101320.71815889832
101319.81834066188
101320.50790843178
101319.04577062921
101319.31525793491
101317.43904664848
101317.16329383757
101316.31272393964
101316.57224355079
101318.56522595946
101317.06495330299
101321.55988735633
101319.2541385286
101324.1097020257
101320.4568589907
101324.60243598701
101316.48994318438
101312.45853774945
101318.94337517014
101320.29711165777
101328.17383983743
101331.4242511943
101338.4460996588
101339.85424752759
101340.76396935779
101338.13143095755
101334.53503164888
101328.59855907614
101323.61159727367
101318.16490724227
101314.7669571814
101313.32943925659
101322.46469594733
101322.5494129631
101323.05334731721
101321.39605083629
101320.88277715641
101318.84868598523
101318.0737055319
101316.86138643193
101323.4569321931
101326.3351025728
101323.93351958533
101329.21489551102
101326.4808611357
101331.18547120178
101326.84121908262
101330.00387024602
101319.00696362852
101313.39332087744
101320.16745018806
101320.42306869815
101328.39836829083
101330.63607745037
101337.44152640678
101338.34648068433
101339.6499381047
101336.89542299369
101333.96091819438
101328.44768934691
101323.99654273907
101318.63294932549
101315.36451268087
101315.04516488055
101327.2960019116
101328.92346598023
101329.44651319657
101329.00736265033
101328.14293224827
101326.43678852732
101325.48415193634
101324.00107811824
101325.56589437395
101328.95368729768
101326.55561730884
101332.18826575999
101329.86015870885
101334.48079644433
101330.43482618731
101332.37113552497
101319.20537430451
101311.10636807114
101317.41913199218
101317.87055418119
101325.87522912023
101327.84503242014
101335.30911446623
101336.43610651747
101338.16806684661
101335.08507722375
101331.89612409157
101326.1571953542
101321.17869213085
101316.01235487856
101312.91972925843
101314.46018246564
101328.70006145778
101332.84224995199
101332.72344450452
101332.99128943399
101331.13855933622
101329.35075224961
101327.85780358707
101326.25520452634
101332.10469713868
101335.71147757237
101332.95581803075
101338.32134774566
101335.90392873672
101339.53879922509
101335.86611665893
101335.75634101196
101320.77023540979
101311.38818396961
101317.91722410222
101317.49158708849
101325.87676922223
101327.38442601042
101334.68299746794
101335.53689918085
101337.25088960676
101334.2998893758
101331.36828604083
101325.82361475614
101320.75300333949
101315.84284261163
101312.68269432234
101316.1593972109
101331.46459403263
101337.90088316608
101337.72674233522
101339.11952746575
101337.10172252964
101336.06605720846
101334.38326632297
101333.10138700811
101333.20621565191
101336.728349479
101334.29950762322
101339.51847299776
101337.36205549297
101340.67413129426
101337.83210549333
101337.61226162346
101320.86939416187
101310.81979500942
101316.53157533558
101316.14428195145
101323.90515954632
101325.41865644501
101332.85747436994
101333.69155899005
101335.64447805341
101332.61896283152
101329.54317164409
101323.94034133603
101318.90435254089
101314.78518437842
101311.66014734197
101315.90233628874
101332.84621403777
101340.12370164643
101338.95060875601
101340.41717904736
101338.33602369792
101337.17301677595
101335.31922681825
101334.10801536308
101334.52268944007
101337.94029272652
101335.36065359463
101340.372563974
101338.05047779411
101341.16634608174
101338.07620231409
101337.71520541815
101320.89137472711
101310.81883169722
101316.3962825835
101315.97135724776
101323.52120297798
101325.09323557946
101332.50487056685
101333.28283099656
101335.25833681985
101332.22297789784
101329.20993642291
101323.6302315752
101318.63811147647
101314.59763343498
101311.60042880871
101316.00821014859
101332.94779795673
101340.38922764215
101339.2915629721
101341.07743137135
101339.18006353609
101338.29650301037
101336.51326374782
101335.38683685624
101332.26447894427
101335.53518766476
101332.85311259658
101338.02259664863
101335.67372635522
101339.48065499966
101336.28221617619
101336.20428443335
101320.87439323425
101311.22650939427
101318.01123759508
101317.69458357387
101326.20923787824
101327.96413347761
101335.45274514596
101336.29009845621
101337.91612560381
101334.92584355205
101331.99638324424
101326.23818277176
101320.94949900503
101315.88048947754
101312.514021432
101316.20232942568
101331.74484190092
101338.36463685763
101337.78540246552
101338.8896431677
101336.93948887044
101335.97558575969
101334.31106803745
101333.17116666376
101328.33707251587
101331.58867931407
101328.99221069238
101334.27325993103
101331.58540725832
101335.78928799302
101331.72688287125
101333.11725529899
101319.51926159704
101310.92952519987
101316.91853586568
101316.78910064687
101324.53926833843
101326.35169655897
101333.74569058043
101334.86872383361
101336.48365536582
101333.29843423783
101330.32893551909
101324.7217198525
101319.97590453469
101315.09105555272
101312.58848119325
101314.73202324893
101329.10566143531
101334.08408362482
101334.05363092272
101334.68792294772
101333.14023137066
101331.91345834947
101330.51075134054
101329.05532673906
101323.78272415075
101326.61755582764
101324.12880050219
101329.29137532458
101326.69765569261
101331.36709442128
101327.16191118174
101330.34677897769
101319.21988614264
101313.55150595972
101320.39729232088
101320.8780727237
101329.0635931931
101331.18695189725
101337.97408060344
101338.87527108233
101340.11491423138
101337.26393884768
101334.48864906453
101328.89077932759
101324.37668891958
101318.80842800815
101315.48249815499
101315.25944129183
101327.62815799157
101329.21365353045
101329.60303484646
101329.23765411986
101328.31492636434
101326.71851209756
101325.74009240005
101324.34105973606
101317.84361980387
101320.335585525
101318.60181295153
101323.47154291748
101321.03108558789
101325.65884398097
101321.64757219751
101325.27119265091
101316.68451638718
101311.9814538895
101318.20624573636
101319.3305230813
101327.02348578043
101329.84158775408
101336.67737037195
101337.95816701734
101339.02384950651
101336.17958496812
101332.89958428031
101327.23496505758
101322.50180390954
101317.34301390975
101314.13746620502
101313.2545187646
101322.84974414442
101323.61140914944
101324.42777476352
101323.31492754622
101322.86305820323
101320.61258842694
101319.72707556894
101318.25857343167
101314.99705205027
101316.4468281585
101315.23787717386
101318.93682769805
101316.95630013132
101320.92357570963
101318.13626085789
101322.2540754541
101316.48377639338
101315.06159805082
101321.33578571802
101323.57892808729
101330.84711166179
101333.54486652117
101338.92485934086
101339.969225749
101340.65933833297
101338.72304595899
101335.84419369957
101331.03021318697
101326.22822957144
101320.7996547497
101316.99848224319
101314.97169588818
101320.79531561071
101319.67226988159
101320.20170249861
101318.64469269739
101318.68655152338
101316.59617696027
101316.09033896946
101315.24317863953
101311.2449092381
101312.28028106091
101312.10774661959
101314.92994712017
101313.0718294254
101316.1740102582
101314.16645619328
101317.77977295013
101314.76493406645
101313.38421528594
101318.698738448
101320.64391207616
101327.12975673184
101330.55417061466
101336.29217253183
101338.41531509462
101338.77131453615
101336.97619615878
101332.8455710526
101327.8264154255
101322.81998504017
101318.50340667387
101314.79429539092
101313.60962649409
101317.24173972705
101315.14924462835
101316.0170451556
101314.33418824486
101314.68723988079
101312.55912259789
101312.28275967699
101311.30447508671
101317.0350732115
101317.451262466
101315.98651129377
101316.21091075116
101313.90871469732
101315.01983377237
101313.5632391078
101315.99662227216
101316.10729539779
101317.17650449454
101321.66718420407
101324.02175702379
101329.18305346681
101331.39988171231
101334.73801305983
101336.69450632921
101336.8895114476
101335.45926006706
101332.95125679721
101329.66752262198
101325.07802417176
101321.90873337505
101317.98087602961
101316.10127660088
101316.48054175574
101313.89175190715
101315.13519470286
101313.77857985198
101315.82375809383
101315.48614761195
101317.23101604094
101316.92756522345
101333.8935144913
101332.77682365626
101330.44351616746
101328.16232433887
101323.5953382583
101320.97281232753
101317.42390730752
101316.3776293431
101316.26484378582
101314.30098679838
101316.02357357462
101315.84585934499
101318.14708014387
101318.21086585493
101319.74048275877
101319.77973334538
101319.86260604141
101319.96320125191
101318.74333237609
101318.4839391631
101316.13597280318
101316.12662217396
101314.50988984908
101316.15142789565
101316.17871948206
101316.91218386061
101320.78684528788
101322.75604722575
101327.86771130386
101329.66411252305
101332.12992181999
101333.67364209286
101340.41327324204
101338.3259965473
101334.11093490077
101328.8579919363
101323.5926572992
101319.2073604445
101315.28494025119
101313.81954135219
101316.99528864105
101314.49721031637
101315.06579985168
101313.14555906507
101313.73102927786
101311.81929816268
101312.04429639406
101311.31962273319
101311.45423744377
101312.07659993334
101311.51417597153
101314.07732524518
101312.13871836367
101315.34902907332
101313.42581388223
101317.35409369718
101314.84017305366
101313.83204814089
101319.39276639291
101321.48758334509
101328.13987123802
101331.72659059873
101337.46913660842
101339.8863566666
101339.8403041256
101338.1662626239
101334.9972406568
101330.11606105075
101325.4174912154
101320.36348156389
101316.81427921672
101315.06850704931
101320.71787996886
101319.81856146133
101320.50818430062
101319.04604015281
101319.31540382163
101317.43857796596
101317.16311857157
101316.31284625725
101316.09450632434
101317.68440882894
101316.30009847065
101319.73555133041
101317.44860396137
101321.22484924285
101318.27126164857
101322.21617946506
101316.55609714039
101314.98606180612
101320.94291699158
101322.87591004667
101329.83482333469
101332.55629527157
101338.16967655868
101339.33115862458
101340.76402403213
101338.13108646145
101334.5345519782
101328.59808095303
101323.61151751192
101318.16488603996
101314.76725280241
101313.32960058891
101322.46491654856
101322.55008394903
101323.05356714997
101321.39616446086
101320.88254626398
101318.84813160003
101318.07373453121
101316.86155138837
101316.57254547316
101318.565327306
101317.06494079708
101321.56016987922
101319.25372208623
101324.10982330001
101320.45681579746
101324.6022358059
101316.49008159913
101312.46085168292
101318.94462672548
101320.29597465567
101328.17513409679
101331.42313432657
101338.4462625974
101339.8545263999
101339.65028210121
101336.89540453658
101333.96077511317
101328.44744734587
101323.99648255458
101318.63292746137
101315.36465520014
101315.04527920298
101327.29614497405
101328.92367454473
101329.44629844411
101329.00711241024
101328.1423656374
101326.4361063332
101325.4841353112
101324.00116831693
101323.45715424031
101326.33489548852
101323.933235134
101329.21555922428
101326.48091442358
101331.18524798294
101326.84015310911
101330.00305820865
101319.00610220319
101313.39156755252
101320.16589428742
101320.42200173039
101328.39771292647
101330.63541321832
101337.44178142473
101338.34682505691
101338.16881368472
101335.08542381137
101331.89561483296
101326.15649950165
101321.17844610193
101316.01247526903
101312.91999965567
101314.46032603913
101328.70021496997
101332.84230956378
101332.72379272536
101332.99120811305
101331.13845680018
101329.35024162548
101327.85718301749
101326.25484606012
101325.56589837465
101328.9533327566
101326.55555351675
101332.18893582858
101329.86054717613
101334.48113722436
101330.43489799977
101332.37148420667
101319.20585387383
101311.10769447185
101317.42027954702
101317.8705330599
101325.87723811874
101327.84391361504
101335.30940948494
101336.43599135175
101337.25202155628
101334.30120982953
101331.36855883813
101325.82342702714
101320.75301109758
101315.84310688553
101312.68294710691
101316.15953222723
101331.46482784004
101337.90169818641
101337.72978424528
101339.11814344405
101337.10210120727
101336.06676875375
101334.38351417771
101333.10160293164
101332.10525721282
101335.71181743179
101332.95658228503
101338.3211165602
101335.9041214351
101339.53856298643
101335.86599343104
101335.75645747931
101320.77034675413
101311.38827229282
101317.91592659947
101317.48964896364
101325.87813704473
101327.38374115156
101334.68268227795
101335.53706312331
101335.6453461386
101332.62026507678
101329.54342563254
101323.94007211362
101318.90423983161
101314.78539882202
101311.660452599
101315.90247907389
101332.84633729167
101340.12396132325
101338.95239710444
101340.41767680304
101338.33361217202
101337.17247564727
101335.31862936131
101334.107933415
101333.20639073738
101336.72840475819
101334.30002775521
101339.51837655292
101337.36207009577
101340.67354115161
101337.83201152337
101337.61289779951
101320.8697431586
101310.82010667538
101316.53189750494
101316.14395174033
101323.90453504591
101325.41900923756
101332.85778459883
101333.6917626225
101334.32235970971
101331.16481756674
101329.0223553934
101323.192281289
101319.52305344817
101315.16450553192
101314.61936920705
101317.10645079307
101331.37197745337
101337.43862642378
101338.18411712286
101339.95302556813
101338.22704591512
101337.38956903694
101335.67115487925
101334.71431962347
101333.78951074166
101337.00487185315
101334.54594237058
101339.37234807963
101337.05139729138
101340.11850255058
101335.91814141365
101336.00360935523
101321.81601490171
101313.24123738808
101317.10051593646
101316.53676740322
101323.33067679833
101325.16112173091
101331.7223257845
101332.61768808306
101336.90003448659
101333.76097965223
101331.55977722759
101325.67671818865
101321.6457883316
101316.50952598469
101314.99705329249
101316.84209583384
101330.72014482951
101336.51004722377
101336.54743732719
101337.74539761513
101335.90985506214
101334.96581686677
101333.23481892289
101332.13186591621
101331.24891856586
101334.36778926333
101331.98571861623
101336.90419698061
101334.76486629827
101338.30968677625
101334.76839732527
101335.21521909372
101321.4162292963
101313.47258741148
101318.65709306338
101318.34834953859
101325.80490190293
101327.86115284586
101334.61104357764
101335.43212530132
101335.58539595065
101332.43802111827
101330.06856862796
101324.43355123808
101320.73902794563
101315.76110105043
101313.98816098826
101315.43673642426
101328.53515815141
101333.4630712778
101333.37075880724
101334.158553192
101332.60995926631
101331.69163659093
101330.31024441301
101329.07056239931
101328.3132779829
101331.30397092154
101328.87281806256
101333.5906808633
101331.2692225787
101335.10163236706
101331.42638112471
101332.39132003587
101320.0344836548
101312.49627422549
101317.43881188786
101317.43233201237
101324.48146814601
101326.36295887109
101332.92109469812
101334.16748513517
101339.24152992651
101336.3187230317
101333.81308543406
101328.23979497966
101324.44144276301
101318.96962392033
101316.22895890838
101315.78089493257
101326.99197841994
101329.43469714742
101329.29704339255
101329.06086946631
101327.84262295677
101326.51214162176
101325.29078041569
101323.86173501782
101323.27950492759
101326.07151634412
101324.04328767015
101328.6994388812
101326.60139694848
101330.90721269939
101327.40091495481
101329.86697469221
101319.5780288409
101314.48702298212
101320.49027169563
101321.23089077363
101328.44287331548
101330.63413944356
101337.01708769784
101338.08619316608
101338.00334337038
101335.30621385513
101332.51869707745
101327.05955126736
101322.87959642451
101317.79781669119
101315.07167485429
101314.23102106174
101322.93275378444
101324.15872967546
101324.58610266734
101323.79781069662
101323.08836999878
101321.34052412296
101320.46541914569
101319.18827792123
101318.73394649306
101321.08965882748
101319.33781794204
101323.69565071676
101321.63276520345
101325.7167897188
101322.34333453092
101325.37772215999
101317.31111214479
101313.13932940336
101318.79576189545
101320.05394949138
101326.91279028366
101329.60031088945
101335.72250983397
101337.02980807588
101339.64859598118
101337.6928393179
101335.15552826006
101330.5930075052
101326.17565732224
101321.01123718814
101317.73969212701
101315.63185285815
101321.1050651783
101320.27325339409
101320.49504324696
101319.13671828968
101318.86270129037
101317.09125134788
101316.61159610194
101315.67790571986
101315.39250715311
101317.01286331828
101315.72048870663
101319.1568712101
101317.56287548831
101321.11717501383
101318.83579206764
101322.48860839868
101317.06770309669
101315.90021671374
101321.53778064117
101323.80485629631
101330.31024909051
101332.88530874634
101337.90317588727
101338.98572037934
101336.51981165545
101335.32315388118
101332.48132983583
101328.07137923629
101323.39425736395
101319.15936481513
101315.77586239285
101314.61067719148
101317.81495798538
101316.11895035701
101316.80768589419
101315.25840149351
101315.4151232733
101313.84652534057
101314.3813636514
101314.37895913763
101314.3433245623
101314.70782232635
101313.48969868754
101315.70836231389
101314.20267832369
101317.03752838158
101315.1377539946
101318.51497789886
101315.520025986
101314.43649484208
101319.41416531506
101321.50686276416
101327.41729370414
101330.42409817608
101334.92607221013
101336.08072561734
101335.10752002706
101334.40336922128
101332.17225722535
101329.22524800774
101325.20936327189
101322.195341431
101318.63628194509
101316.77408459605
101317.09292705948
101314.91323344233
101315.85113848487
101314.82063699608
101316.27677150929
101316.29113216078
101317.88762173742
101318.31377769713
101318.47835965046
101318.17438499237
101316.73744693652
101316.69183418967
101314.72376620602
101315.71370273951
101314.59474459552
101316.65238155979
101316.72473900477
101317.77479055345
101321.95232675933
101324.27187036576
101328.9879599633
101330.6995370871
101333.92394904367
101334.86628049825
101320.83184342853
101320.53566072902
101319.24002298208
101318.84316211227
101316.81995002284
101316.74524505365
101315.17320545176
101316.76153919513
101316.81185100376
101317.53558539454
101321.14247992364
101323.02479638493
101327.44050800623
101329.03899733194
101331.22782916229
101331.95935150508
101332.14941417795
101331.56814085822
101329.59402337208
101327.91903071509
101323.72493839203
101321.30361753565
101318.02442785147
101316.91641395816
101316.94293902535
101315.24623604567
101316.63550131193
101316.55938824028
101318.60730451097
101318.78754534651
101320.20652233518
101320.72192161369
101313.92951907756
101314.20800272221
101312.98448915429
101314.88917735397
101313.26742504939
101316.15654374266
101314.46820869038
101318.05878866254
101315.54227272539
101314.86370577113
101320.02918697878
101322.31959865856
101328.4088610325
101331.50352012615
101335.78731968129
101336.70623925239
101337.15319465559
101336.22283305686
101333.55233254163
101328.9886359746
101324.14454256061
101319.83598105256
101316.24965779476
101314.81373017651
101317.61703448604
101315.44891966207
101315.87526875114
101314.21995939367
101314.58947634432
101313.26358949076
101313.83984207531
101313.92431788739
101316.61257312287
101318.23078987797
101316.79337233814
101319.87791092368
101318.03656482574
101321.41020450006
101319.01167052999
101322.44498452565
101317.15503170389
101315.81893492342
101321.17559092271
101323.17560518789
101329.39346474492
101331.96396321125
101337.10458572603
101338.17198447166
101338.78051964611
101336.98979348521
101334.31708204244
101329.66091816247
101325.42759500444
101320.62376773918
101317.55518548397
101315.72543639273
101321.03470920384
101320.42798482082
101320.7661261732
101319.57700673622
101319.46172493292
101317.99847512096
101317.71183305283
101316.81656522959
101317.2034890163
101319.32912164676
101317.69713780624
101321.89803175899
101319.95954197104
101324.32677252806
101321.36028796728
101324.81813342386
101317.18064121567
101313.65814811968
101319.55548080341
101321.01572368361
101328.05971515007
101331.11133294922
101337.44028919553
101338.78106587737
101339.65296370038
101337.09702476524
101334.10199503598
101328.35741899061
101323.96783376244
101318.6367058005
101315.69701159801
101314.39652593862
101322.65405590362
101323.27333685178
101323.37629797698
101322.14408098478
101321.2709592974
101319.54160768187
101318.75079977931
101317.56541805128
101323.0920116983
101325.93916424825
101323.81983805096
101328.5268994901
101326.38562584817
101330.65492568508
101327.09694894182
101329.57609469167
101319.39401139994
101314.33013345687
101320.26043197612
101320.8089099374
101327.86330709842
101330.13993760702
101336.52928032519
101337.63213617625
101338.83914604095
101336.01585775599
101333.40422699126
101327.86064293595
101324.08983004591
101318.81880933096
101316.15526378222
101315.62138612039
101326.73746098985
101329.16015345458
101329.11757352587
101328.87225249034
101327.62302653752
101326.25359759093
101325.10223984213
101323.66702489981
101325.75707946441
101328.95192565816
101326.60091153577
101331.65042505269
101329.6712640094
101333.76691825551
101330.30219937967
101331.73358599443
101319.74833811658
101312.59307713961
101318.03802112126
101318.49404768553
101325.79607865207
101327.79614343966
101334.50672395009
101335.73995598152
101337.22115926785
101334.10660583914
101331.60760430184
101325.83512232006
101321.89502283819
101316.63408450494
101314.24941079874
101315.22131417462
101328.07690451467
101332.36018130583
101332.06453680193
101332.54726067698
101330.69559794766
101329.32954005497
101327.85783088856
101326.49045673909
101331.19777446342
101334.49972037473
101332.09560420884
101337.10980744709
101334.92544810372
101338.30851043874
101334.47681837696
101334.958552223
101321.24005728569
101313.34230693642
101318.4241938678
101318.10629688602
101325.4803946973
101327.3167254227
101333.94713606959
101334.78085129461
101336.28483309352
101333.18255606994
101331.02099568078
101325.30842741653
101321.42086453826
101316.42075595104
101314.92612779238
101316.71410256451
101330.51845797905
101336.20987033918
101336.5542484832
101337.91268890895
101335.99701063227
101334.95950214419
101333.27217005914
101332.12799125312
101332.78243098521
101336.09423351257
101333.71277596235
101338.66442200713
101336.48574575791
101339.69547221983
101335.62277408142
101335.87242513589
101321.7633427585
101313.26342588049
101317.23338511454
101316.75161096119
101323.68192118444
101325.45608089936
101332.07769214155
101333.02025690247
101334.69600411045
101331.51696755186
101329.34641913099
101323.49373031549
101319.78471600119
101315.34946330867
101314.68103764197
101317.02421223823
101331.26953178798
101337.17368768468
101337.7723415879
101339.4021485259
101337.51162242627
101336.5109507439
101334.72419746722
101333.71764272093
101333.78904620542
101337.00513264946
101334.54486715338
101339.37169891445
101337.05099799532
101340.11901323489
101335.91824271313
101336.0035116472
101321.81575728451
101313.2408691101
101317.10020077972
101316.53699277728
101323.33104082939
101325.16091329744
101331.7207480486
101332.61612812332
101334.32115463083
101331.16384658878
101329.02208801181
101323.19233131592
101319.52299976523
101315.1643018062
101314.61906937438
101317.10636751066
101331.37189747044
101337.43876207329
101338.18437216588
101339.95249537349
101338.22716785391
101337.38960681527
101335.6707859812
101334.71396772852
101331.24903971293
101334.36842158575
101331.98422845072
101336.90374884944
101334.76385432135
101338.31018084174
101334.76841100896
101335.21525414406
101321.41619455733
101313.47242270541
101318.65703482463
101318.34888257949
101325.80509926
101327.86085815491
101334.61118239695
101335.43224853391
101336.8984405979
101333.76001498949
101331.55935657361
101325.67648694338
101321.64546278535
101316.50912642787
101314.99661287012
101316.8419929533
101330.72005335541
101336.51014293545
101336.54756108052
101337.74523856788
101335.90998406932
101334.96614611044
101333.23505312894
101332.13222667696
101328.31194432071
101331.30407310961
101328.87014979549
101333.59061533117
101331.26768466635
101335.10373990239
101331.42499005089
101332.39050425458
101320.03494019253
101312.49641804847
101317.43866426629
101317.43224521531
101324.48083072835
101326.36404465315
101332.92292941165
101334.16846726714
101335.58699080486
101332.43849986143
101330.06862835777
101324.43392637202
101320.73925611668
101315.76077279613
101313.98772626382
101315.43664720512
101328.53507762535
101333.46311586596
101333.37067735646
101334.15820174426
101332.60967470042
101331.69124549045
101330.30928254654
101329.06933819744
101323.27992566397
101326.07192561298
101324.04200916681
101328.70031392251
101326.59952317349
101330.90976872198
101327.39860566896
101329.86911971387
101319.57921219643
101314.48742248227
101320.49064831629
101321.23146139095
101328.44279661308
101330.63569406772
101337.01795104316
101338.08624347605
101339.24310513902
101336.32061807354
101333.81302385406
101328.2398070269
101324.4415174099
101318.96955125399
101316.22879816152
101315.78088153253
101326.9920328093
101329.43474138578
101329.29673387304
101329.06026296724
101327.84219223865
101326.51190939439
101325.2909992692
101323.86239819441
101318.7321616354
101321.09022291153
101319.33642819322
101323.69804547689
101321.63038217914
101325.72381100369
101322.33592752845
101325.37586474542
101317.3133348269
101313.1413574076
101318.79554153266
101320.05416716366
101326.91186452397
101329.60027882476
101335.72251683577
101337.02975200652
101338.00420115123
101335.30689913308
101332.51902412515
101327.05933895764
101322.87907940606
101317.79730804772
101315.07130050493
101314.23094321898
101322.93278545782
101324.15872154207
101324.58566150971
101323.79711735233
101323.08783352017
101321.3399313713
101320.46463917721
101319.18675513311
101315.39229871864
101317.01269162999
101315.71985141722
101319.15862021463
101317.56110817484
101321.11983887528
101318.83366838282
101322.48732200376
101317.06850721665
101315.90076556546
101321.5374374603
101323.80516257195
101330.30969126477
101332.88540771753
101337.90331288977
101338.98642896183
101339.6489190529
101337.6927415688
101335.15570979225
101330.59342913094
101326.17552344254
101321.01123211866
101317.73994123525
101315.63194951565
101321.10520089821
101320.2732503939
101320.49469655388
101319.13628984281
101318.86237580383
101317.09071161397
101316.61099658554
101315.67785364841
101314.34364123637
101314.70781222425
101313.4893630046
101315.70896865411
101314.20184409732
101317.03807334819
101315.13835271844
101318.51466055184
101315.52019116058
101314.43641742671
101319.41359962425
101321.50691253548
101327.41660516257
101330.42429811144
101334.9258384648
101336.08078071754
101336.51966542596
101335.32280681119
101332.48116738847
101328.07139115458
101323.3942746135
101319.15862150688
101315.77506919033
101314.61046174733
101317.81492406969
101316.11903773868
101316.80766541054
101315.25795816135
101315.41422728586
101313.84778825889
101314.38154536238
101314.37928309009
101318.47833196326
101318.17446765526
101316.73731515626
101316.69164032911
101314.7232434389
101315.71340941614
101314.59530478033
101316.65299818429
101316.72476180282
101317.77501153108
101321.95245644504
101324.27142818925
101328.98736027212
101330.69940280399
101333.9236167044
101334.86624774788
101335.10755998633
101334.40345744623
101332.17205103033
101329.22546055162
101325.20934586118
101322.19773458599
101318.63693467161
101316.77438078704
101317.09333454666
101314.91363612533
101315.85149833474
101314.82059312542
101316.27588029923
101316.29399643975
101317.88795976556
101318.31354101984
101332.14979641784
101331.56835625446
101329.59382526814
101327.91863252601
101323.72463473761
101321.30336521767
101318.02489967954
101316.91653880638
101316.94354076797
101315.24667512285
101316.63572006635
101316.55930557134
101318.60721631037
101318.78732405179
101320.20617292137
101320.72184613039
101320.83185064455
101320.53575029735
101319.24001152607
101318.84310257097
101316.81928389246
101316.74287919985
101315.17267250571
101316.7620093725
101316.81228862514
101317.53615733916
101321.14318905181
101323.02644995858
101327.43973941857
101329.03879397227
101331.22918340161
101331.95992843182
101337.15310340369
101336.22333335357
101333.55238546494
101328.98855809067
101324.1446998286
101319.83612712423
101316.25021001764
101314.81406229126
101317.6172369039
101315.44923168154
101315.87526633262
101314.21977482898
101314.58948126924
101313.26316913433
101313.83946571426
101313.92412471925
101313.92937646966
101314.20790082512
101312.98417112496
101314.8888887444
101313.26704132624
101316.15645088244
101314.46936522574
101318.05962359296
101315.54326869657
101314.86353748203
101320.02965743757
101322.3216833593
101328.41169708435
101331.49769336988
101335.78616935188
101336.70502952009
101338.77902273198
101336.98882449538
101334.31682426132
101329.66058332269
101325.42751943905
101320.62355723979
101317.55526780838
101315.72532688377
101321.03455070677
101320.42790787523
101320.76591805195
101319.57695952019
101319.46173638679
101317.99816224496
101317.71179399865
101316.81674007993
101316.61274266573
101318.23109256411
101316.79323338778
101319.87778529536
101318.03584805074
101321.41029884771
101319.01257515016
101322.44557958253
101317.15514053675
101315.81773963108
101321.17531795221
101323.17599165067
101329.3927482297
101331.96184311681
101337.1029223643
101338.16659694508
101339.65432963474
101337.09657949751
101334.10170029753
101328.35707450206
101323.96781415734
101318.63671916569
101315.69723884403
101314.39664396862
101322.65412997434
101323.27366927857
101323.37638652558
101322.14423520792
101321.2710120829
101319.54140269251
101318.75097811858
101317.5656833042
101317.20370519962
101319.32943410466
101317.69693360035
101321.89812375187
101319.9586629376
101324.32746198446
101321.36012537981
101324.81745185441
101317.18024116929
101313.65847614553
101319.55560180066
101321.0155350805
101328.06061551109
101331.10948319902
101337.44080074977
101338.78644310949
101338.84007851919
101336.01563903784
101333.40385613072
101327.86026280528
101324.08975517262
101318.81884474578
101316.15543298195
101315.62154346924
101326.73758889387
101329.16035696262
101329.11747411109
101328.87227556112
101327.62297113812
101326.25339116153
101325.10223533231
101323.66704626611
101323.09198208102
101325.9394301446
101323.81964771112
101328.52760411371
101326.3852577339
101330.65476823438
101327.09573384078
101329.57522423254
101319.39302474368
101314.32895845844
101320.26009286847
101320.807840216
101327.86349376893
101330.13908502663
101336.52963516783
101337.63406914109
101337.22238380296
101334.10685537328
101331.60713170105
101325.83461639538
101321.89491175707
101316.63424500989
101314.24969537107
101315.22147007954
101328.07705185196
101332.36028123315
101332.06445606945
101332.54746184175
101330.69574820853
101329.32945538303
101327.85763074423
101326.49034097837
101325.75681114668
101328.95156733684
101326.60073058844
101331.65102180296
101329.67080712818
101333.76718858405
101330.30215096404
101331.73367099857
101319.74830303914
101312.59334728934
101318.03903631093
101318.49430080842
101325.79848203772
101327.79610732515
101334.50786555051
101335.74091221992
101336.2857939181
101333.18329144278
101331.02095391125
101325.30819145535
101321.42091653479
101316.42098617528
101314.92636745781
101316.71420892965
101330.51859684885
101336.21016668915
101336.5551057923
101337.91313253209
101335.99743232057
101334.96000350056
101333.27258539025
101332.12833231644
101331.19782929058
101334.49938406709
101332.09581155072
101337.11049956229
101334.92525133725
101338.30882994759
101334.47658326333
101334.95800809204
101321.23958572504
101313.34193821115
101318.42392285229
101318.10542075445
101325.48094886942
101327.31668488051
101333.94739931021
101334.78128336676
101334.69723189446
101331.51807026179
101329.34649693378
101323.49352066196
101319.7847557338
101315.34968862818
101314.68130416129
101317.0243133723
101331.26963771353
101337.17400511753
101337.77368213642
101339.40169743703
101337.51097434464
101336.51049253004
101334.72410686224
101333.71764763229
101332.78251444065
101336.0937583746
101333.71318957937
101338.6651563964
101336.48557953627
101339.69506518972
101335.6228901673
101335.87233303733
101321.76340180937
101313.26367424702
101317.23384627626
101316.75140557374
101323.68184909046
101325.45606873151
101332.07907645797
101333.02103427677
101333.66123893479
101330.46334537353
101328.8847839028
101323.04843437581
101320.51528882537
101316.15999287317
101315.84062232486
101317.26774983478
101330.46460957262
101336.71312080306
101336.54629570156
101338.66684875751
101337.02036935682
101336.7473082746
101334.91859612075
101334.11591325141
101333.16896432536
101335.98125043753
101334.16169060048
101338.18723153387
101336.19161156633
101338.5345184172
101335.1357345088
101334.87251354264
101321.83764310277
101314.393519627
101318.05324081174
101317.61798091659
101323.39579671388
101325.42359705252
101330.95176949012
101332.34529100041
101335.94142910457
101332.74130773176
101331.02335622945
101325.06571853004
101322.32628004819
101317.46011574738
101316.66962931049
101317.39422029154
101329.82424362082
101335.35409608575
101334.9545411876
101336.5248155812
101334.68492764882
101334.25965106799
101332.32142320726
101331.36604401123
101330.46307870347
101333.22876124739
101331.56801952745
101335.67942937798
101333.95951964596
101336.76535650782
101333.78335882975
101333.87029455087
101321.52680523439
101315.22787354428
101319.41510182289
101319.29523193701
101325.46906063365
101327.68275658399
101333.3892620414
101334.74462770381
101335.09559749758
101332.0403158548
101330.24786289138
101324.32317009786
101321.60876810744
101316.78265043361
101315.7519200642
101315.9839027766
101327.7820660693
101332.80941063164
101332.33825323313
101333.56566380431
101331.9803917938
101331.66648953472
101329.89315146224
101328.95557306879
101328.14643572128
101330.71375775218
101329.14309464456
101332.90929497301
101331.08402123781
101334.03917546592
101331.13041922657
101331.32633543637
101320.31546620811
101314.12404778005
101318.29850200268
101318.63745772914
101324.63772705995
101326.97069826907
101332.45121648724
101333.90553862414
101338.1299635382
101335.23473394853
101333.11957974092
101327.51211899417
101324.49880036458
101318.95173746503
101317.11828614796
101316.27674295135
101325.93950911678
101329.20452797468
101328.52649501145
101328.63785485181
101327.15258263068
101326.3612155804
101324.86108059801
101323.8146479478
101323.17100760767
101325.53779849665
101324.07573192652
101327.91227364086
101326.39205481592
101329.95101614873
101327.42622031216
101328.86565026701
101319.61479314488
101315.49431232219
101320.32812003163
101321.65287132932
101327.72851362938
101330.20960244737
101335.71590613086
101337.14622355739
101337.0823855974
101334.5159871314
101332.18787588981
101326.81813691712
101323.49018066112
101318.22950071012
101316.27512795929
101314.89186127644
101322.71816649068
101324.87805686412
101324.51844677379
101324.23007607317
101323.33914940439
101322.37769050297
101321.2879394186
101320.19698100057
101319.73720808372
101321.86351882272
101320.5490769301
101323.92946595894
101322.34421074542
101325.53141006225
101323.34702819758
101324.95782055067
101317.53683795288
101314.54442857257
101319.11285391326
101320.92883225603
101326.78458415372
101329.60988083654
101334.84235383492
101336.24421325022
101338.22037612548
101336.24503947493
101334.07094869213
101329.66739590182
101325.93721211764
101320.70502840112
101318.14885792517
101315.83031336214
101320.77716128874
101320.75262141843
101320.22965513819
101319.36729355202
101318.84264817808
101317.9650919595
101317.48658583553
101316.69651063072
101316.39171028722
101317.90261780962
101316.70725587322
101319.18905857435
101317.97532920568
101320.80220665666
101319.50970851109
101322.10998545284
101317.17979455538
101316.58780622804
101321.14867695334
101323.84700109833
101329.43287610308
101332.04124288558
101336.31781244071
101337.58584681881
101335.75820917715
101334.30516874613
101332.06129223581
101328.06134836366
101324.23734998207
101319.81672381885
101317.04325670839
101315.15026062961
101318.02166741615
101317.29667416018
101317.33541355591
101316.41054715151
101316.24545272642
101315.6224230513
101315.98246372005
101315.63454735979
101315.51132588567
101316.3684785748
101315.04163160837
101316.58063904327
101315.49361189902
101317.61423617622
101316.45195594974
101318.8377222447
101315.83936433871
101315.76969116341
101319.87891570613
101322.5771244714
101327.56969436587
101330.2909135222
101334.08512641543
101335.21285609397
101333.76613142712
101333.02644258171
101331.05805151741
101328.33797501339
101324.77198758928
101321.78756729318
101318.84186028996
101316.7872487361
101316.91291351845
101315.41994035686
101315.92799232723
101315.34269714789
101316.50830570524
101316.69087614451
101318.19433652289
101318.30136688451
101318.4330989165
101318.41501098181
101317.1459841024
101316.9655247437
101315.20293508767
101315.90545972958
101315.16035568647
101316.72966151795
101316.67675825553
101318.10671773586
101321.55652641387
101323.98465689721
101328.1147100574
101329.81823830583
101332.59044277313
101333.5934686363
101320.85390259091
101320.64129681113
101319.52290306648
101319.00458384976
101317.07752572841
101316.77630351331
101315.6458545537
101316.77701481133
101316.74756313517
101317.77667934468
101320.81503950465
101322.76142727773
101326.47362745069
101328.12237627906
101330.29117166693
101331.03948114839
101331.25286905664
101330.61168672408
101328.7251101469
101327.05488178953
101323.3805246438
101320.9686273844
101318.25534215871
101316.79825465349
101316.8309584333
101315.69276181098
101316.65015314249
101316.79418662123
101318.78637163185
101319.20160447055
101320.37564960289
101320.74140397747
101314.93290627684
101315.82401012238
101314.50493345645
101315.78531079846
101314.607934632
101316.78004486235
101315.75076099482
101318.42549423361
101315.86672713765
101316.11469332459
101320.37608024836
101323.30099311759
101328.46530321686
101331.22359880686
101334.86718652796
101335.84450624228
101336.31560822279
101334.99082681323
101332.92154723514
101328.85234053548
101324.92229809605
101320.40275484134
101317.41674785109
101315.27200931075
101317.78734250519
101316.67368222112
101316.52686658385
101315.46837440596
101315.44302836512
101314.98277595123
101315.43133410739
101315.0269786491
101317.51991843674
101318.98632785853
101317.61730073791
101319.85517816583
101318.45616858186
101321.05322969718
101319.59592776893
101322.04384683828
101317.22364550298
101316.47798880955
101320.81809160826
101323.31380467143
101328.59280749633
101331.14999758259
101335.41137701328
101336.50701270043
101337.09283062376
101335.3487626868
101333.22351072764
101328.82491193002
101325.31105891403
101320.33778938552
101317.9435871965
101315.85864407323
101320.67459746091
101320.79107356668
101320.47095822869
101319.79627001214
101319.34885409271
101318.71788591731
101318.4807600054
101317.76399651715
101318.24454790817
101320.17021455771
101318.91400533853
101322.28892714508
101320.95469397891
101324.39190155953
101322.51210255304
101324.52275406712
101317.48058276795
101314.9984314593
101319.77802237184
101321.84737403992
101327.86176582363
101330.90605948622
101336.34060874586
101337.68693333985
101338.4763114836
101336.02445040041
101333.56194917348
101327.99101702661
101324.43982779833
101318.98450654477
101316.79596415702
101315.04490419777
101322.46140210438
101324.12313785582
101323.51535607265
101322.88482978506
101321.62252165383
101320.57161654459
101319.63890313311
101318.66880582558
101323.09503459882
101325.51221980836
101323.97337839237
101327.79394132303
101326.27898120611
101329.76997920658
101327.23848988148
101328.6144696058
101319.4809252265
101315.33283039814
101320.07816353969
101321.28972192903
101327.22805665238
101329.71608559633
101335.27972222635
101336.70048829122
101337.70211229031
101334.91201359108
101332.72538454717
101327.1557345035
101324.16964963914
101318.84458445918
101317.00585542888
101316.17506617507
101325.74476755879
101329.04721740693
101328.42267190169
101328.57675138903
101327.01261046162
101326.14121091955
101324.74457973102
101323.71224871087
101326.09529577354
101328.79010428375
101327.25658587349
101331.21929745821
101329.67786381108
101332.87563936005
101330.16946391991
101330.75971381617
101320.10044484909
101314.37791984346
101318.87297677527
101319.59853018296
101325.79182555978
101328.27100910488
101334.00300225122
101335.36348919992
101336.58780967715
101333.57881002378
101331.66709954489
101325.61327477184
101322.66090036712
101317.53003567815
101316.06635826401
101315.9371374742
101327.36128680273
101331.82106010496
101331.1984126723
101332.13318543021
101330.29095430931
101329.70272596666
101327.90153424146
101326.90033240276
101330.53873621713
101333.37759863093
101331.70470694797
101335.79886851189
101334.02856382697
101336.69255516253
101333.59546729573
101333.62363624451
101321.35318409986
101315.04508766368
101319.11579377219
101319.07869686789
101325.14829852765
101327.2905663624
101332.99651328071
101334.28886156548
101335.47723390018
101332.32186200292
101330.65053986663
101324.7805012461
101322.08494207761
101317.36706404683
101316.50841940151
101317.26787265172
101329.60769987068
101335.14419786536
101334.88985538666
101336.55453595167
101334.72276754273
101334.26688891137
101332.37978062166
101331.44954731409
101332.52804228381
101335.37890538209
101333.55263274007
101337.67096807665
101335.75525165172
101338.19333120294
101334.8196428774
101334.72679169696
101321.77559960073
101314.44721390988
101318.17736715922
101317.84524544746
101323.6718867595
101325.73986409642
101331.36693437868
101332.73926546048
101334.01049577043
101330.78732665436
101329.27153341558
101323.3282171562
101320.74601530322
101316.34933514881
101315.91350423076
101317.21545003389
101330.33313692204
101336.46796617858
101336.18222336932
101338.23727729356
101336.49872601267
101336.1240608925
101334.29157364702
101333.48650662972
101333.16874282164
101335.98138938819
101334.16148506239
101338.18690619708
101336.19089634667
101338.53511060688
101335.13581659886
101334.87214709558
101321.83746330463
101314.39316117708
101318.05270374288
101317.61826770157
101323.39611936672
101325.42410839474
101330.95143738951
101332.34553920824
101333.66093135496
101330.46296436351
101328.88478073271
101323.04853503589
101320.51522145896
101316.15980377872
101315.84037234375
101317.26767355538
101330.46454768392
101336.71302290561
101336.54627973864
101338.66697712577
101337.02036626819
101336.74732609976
101334.91847321438
101334.11575725442
101330.46291031326
101333.22892036907
101331.56726420722
101335.67946118591
101333.95900285743
101336.76553463119
101333.78355634137
101333.87009277056
101321.52672646075
101315.22755540407
101319.41484918314
101319.29558541508
101325.46933640222
101327.68336733864
101333.38911619769
101334.7432316475
101335.94078802952
101332.74098416886
101331.02338915545
101325.06572591577
101322.32613359185
101317.45987108687
101316.66932824315
101317.39411514872
101329.82421683524
101335.35420131109
101334.95470065775
101336.52480234973
101334.6849236516
101334.25983435757
101332.32157210802
101331.36610990905
101328.14602825514
101330.71508426071
101329.14155461639
101332.908965888
101331.08338545868
101334.04011600891
101331.12983379938
101331.3255179363
101320.31554970788
101314.12468030237
101318.29797674074
101318.63756961303
101324.63676629719
101326.97106049678
101332.45102902826
101333.90403859725
101335.09506951174
101332.04050591061
101330.24783367827
101324.32323403106
101321.60865653296
101316.78228578733
101315.75151973958
101315.98380086056
101327.78206008939
101332.80951388668
101332.33829593504
101333.56541867982
101331.98015536511
101331.66630858087
101329.89279960936
101328.95513541652
101323.17078958274
101325.53747017941
101324.07528483782
101327.91294083712
101326.39162725655
101329.95168870411
101327.4262860188
101328.86646485164
101319.61456861996
101315.49440197312
101320.32833291628
101321.65366187305
101327.72809348357
101330.21026699927
101335.7174344114
101337.14736904454
101338.13079431919
101335.23579581927
101333.11956623572
101327.51222197007
101324.49877181229
101318.95157750514
101317.11816078899
101316.27685125153
101325.93965220732
101329.20470238748
101328.52640469105
101328.63741263543
101327.15231632478
101326.3610926159
101324.86109815279
101323.81472747093
101319.73659658313
101321.86354638677
101320.54813892582
101323.93069408936
101322.34335971648
101325.5329410611
101323.34541250086
101324.95677134313
101317.53663999643
101314.54791321263
101319.11207882181
101320.92945245668
101326.78307329179
101329.60931973567
101334.84044221434
101336.24493745854
101337.08330109305
101334.51580409068
101332.18793723229
101326.8181016709
101323.49005512582
101318.22911915588
101316.27475174017
101314.89170989327
101322.71814542307
101324.8780049684
101324.51807784903
101324.22946240089
101323.3388070316
101322.37741723383
101321.28772008949
101320.19646862941
101316.39144467309
101317.9028877324
101316.70638002711
101319.19013498056
101317.9742184779
101320.8029768542
101319.50898383118
101322.10945391309
101317.17995828886
101316.5888173073
101321.14786579838
101323.84807663594
101329.43262491924
101332.04205138246
101336.31738448222
101337.58589620967
101338.22045155603
101336.245113746
101334.07078545667
101329.66738617186
101325.93653588358
101320.70478606762
101318.14908033918
101315.8305047172
101320.77726906477
101320.75249491086
101320.22924238724
101319.36678086752
101318.84217764706
101317.96454336218
101317.48618423352
101316.69621931433
101315.51141047514
101316.36900479862
101315.04096574713
101316.58099165723
101315.49272719871
101317.61405532454
101316.45177722225
101318.83737411091
101315.83944248206
101315.77009969778
101319.87854756336
101322.57749008179
101327.56910340315
101330.29104631601
101334.08461402837
101335.21334225203
101335.75816215543
101334.30508919097
101332.06121261141
101328.06133836182
101324.23749362084
101319.8159059507
101317.04255805483
101315.14979045858
101318.02137963568
101317.29616649834
101317.33482896966
101316.40997918362
101316.2446536794
101315.62248052344
101315.98230224565
101315.63434066766
101318.43313337173
101318.41512068525
101317.14579250339
101316.96523529067
101315.20254625367
101315.9050890693
101315.16053313797
101316.72983897816
101316.67695655985
101318.10684937723
101321.55633286646
101323.98419286164
101328.11381429169
101329.81836420263
101332.59035021382
101333.5935854573
101333.76635262906
101333.02672503117
101331.0578420964
101328.3379743032
101324.76988120214
101321.78804314752
101318.84299308444
101316.78730343143
101316.91291624118
101315.41958739521
101315.92776180548
101315.34243455713
101316.50768088977
101316.69214335116
101318.19425211838
101318.30119606809
101331.25311543244
101330.61188237058
101328.72493520229
101327.05449150388
101323.38024665693
101320.96842564137
101318.25560703776
101316.79846699644
101316.83147736725
101315.69294678471
101316.65003485444
101316.79398564593
101318.78614350648
101319.20145514463
101320.37540691641
101320.74144593588
101320.85399017281
101320.64148621052
101319.52311935593
101319.00520487347
101317.08093371589
101316.77773582967
101315.64504864466
101316.77702647232
101316.74752929943
101317.7766291428
101320.81495445262
101322.76184804525
101326.47347856665
101328.12154663821
101330.2913963888
101331.03968036539
101336.31561895288
101334.99102466911
101332.92148813643
101328.85226190859
101324.92225348971
101320.40276617619
101317.41699506181
101315.27229929011
101317.78770310483
101316.67386967651
101316.52656257543
101315.46806334135
101315.44274862896
101314.98242957614
101315.43104593817
101315.0269054346
101314.93284646611
101315.82408360537
101314.50469342057
101315.78520106171
101314.60754277262
101316.77943262692
101315.75124680907
101318.42608401414
101315.86713242627
101316.11524464593
101320.37619593521
101323.301809886
101328.46592070194
101331.22232250481
101334.86728086839
101335.84379759687
101337.09246068913
101335.34869164454
101333.22325596437
101328.82467242616
101325.31100858095
101320.33774179846
101317.9437316682
101315.8586931788
101320.6745871771
101320.79087549791
101320.47048830918
101319.79597975011
101319.34878994594
101318.71778088823
101318.48073074805
101317.76412816165
101317.51997013025
101318.98682660401
101317.61690654363
101319.85566659961
101318.45592079418
101321.0534044802
101319.59650030811
101322.04412716834
101317.22397147468
101316.47831764506
101320.8189314387
101323.31397744064
101328.59219185781
101331.14883974391
101335.41071251989
101336.50538202193
101338.47736516132
101336.02421553488
101333.56157768471
101327.99081055913
101324.4398304838
101318.9845318908
101316.79607555539
101315.04495125014
101322.46141668725
101324.12318322679
101323.51533581778
101322.88493954978
101321.62267342818
101320.57167838604
101319.63904238609
101318.6691001774
101318.24469976533
101320.17086955953
101318.91329636407
101322.28977807767
101320.95277461989
101324.39346956866
101322.51145480605
101324.52227281472
101317.48032218398
101314.99809994531
101319.77863043803
101321.84761870088
101327.8625108656
101330.90541241431
101336.34218431421
101337.68975529802
101337.70237584441
101334.91148957801
101332.72481173632
101327.15535594508
101324.16955078996
101318.84463163702
101317.00601697138
101316.17526494009
101325.74493945231
101329.04745264872
101328.42279730621
101328.57690902751
101327.01278293188
101326.14129073903
101324.74459896624
101323.71234983308
101323.09499286613
101325.51269532606
101323.97306899629
101327.79477125721
101326.27848437839
101329.7704644378
101327.23705653222
101328.61381519296
101319.48022821164
101315.33178501655
101320.07732935098
101321.28858851588
101327.22978584889
101329.71413182936
101335.28135311013
101336.69936353719
101336.58849465968
101333.57872771483
101331.66653493515
101325.61284581413
101322.66080971928
101317.53016103341
101316.066587712
101315.93730988918
101327.36145199087
101331.82125181046
101331.19852575431
101332.13333224411
101330.29111131505
101329.70282209897
101327.90154631619
101326.90029801277
101326.09507201785
101328.79019173965
101327.25624432818
101331.21955730396
101329.67742060388
101332.8752473652
101330.16885585329
101330.75963026583
101320.10001464126
101314.37774265956
101318.87194481518
101319.59808410043
101325.79754869449
101328.26824154264
101334.00502496283
101335.36332131372
101335.47696430383
101332.32170495657
101330.65022790311
101324.78024830928
101322.08493835482
101317.36720618112
101316.50861146407
101317.2679698718
101329.60780931906
101335.14433955683
101334.8900357169
101336.55471907875
101334.72291733712
101334.2670427985
101332.37984279165
101331.44950036364
101330.53857693629
101333.37769377789
101331.70451681662
101335.79929433197
101334.02978562104
101336.69038546503
101333.59505895323
101333.62410630244
101321.35279000908
101315.04496042844
101319.11642012963
101319.07892429933
101325.14711046811
101327.2902846348
101332.99714322557
101334.28774937511
101334.01110305339
101330.7876924314
101329.27133845194
101323.3280007365
101320.74603765747
101316.34950629986
101315.91372186368
101317.21553509381
101330.3332316264
101336.46815469529
101336.18249141714
101338.2372274028
101336.49867226588
101336.1239018843
101334.29153669093
101333.48647288443
101332.52795682072
101335.37883373015
101333.55165335812
101337.67214549638
101335.75575842417
101338.19215219216
101334.82064528238
101334.7273829827
101321.77563956685
101314.447450839
101318.17779871606
101317.84515834281
101323.6719060438
101325.73932573662
101331.36836582908
101332.73953773543
101331.57463058157
101328.94788939158
101328.25339206254
101322.91893842423
101321.42682236948
101317.28344687056
101317.7131623966
101317.9383793693
101329.08466591248
101335.46791801028
101334.73184421641
101336.74018997092
101334.57538895011
101334.50416686718
101332.50986281148
101332.02925863102
101331.13451187251
101333.4053210558
101332.29426586366
101335.63309028352
101334.69036711621
101336.49973434325
101334.14010008701
101332.6050554903
101321.9210321494
101316.41005577431
101318.99442384574
101318.93528554869
101323.35768480468
101325.21227566506
101329.41689616608
101330.54333843818
101333.34905920312
101330.70294017778
101329.98721146634
101324.52682103369
101322.89516084241
101318.42070755953
101318.57354721204
101318.1296283526
101328.53069899129
101334.16621767508
101333.17318921303
101334.76445419263
101332.44211259927
101332.3137148455
101330.32204168192
101329.72853655144
101328.87109180383
101331.07912678932
101330.07356264656
101333.25229646431
101332.68812465054
101334.81974835225
101332.87860082001
101331.88252857259
101321.88105307506
101317.29850604032
101320.09394144847
101320.43516574938
101324.98050636015
101327.01660207109
101331.22802465777
101332.40285471897
101333.05398795506
101330.51396682611
101329.61951709785
101324.36544476027
101322.65518242786
101318.04152911274
101318.04789794332
101317.67490976196
101327.04317944541
101332.11343935918
101331.17955658586
101332.58044576396
101330.75251181956
101330.78851031045
101328.97778469314
101328.35076681603
101327.53560587353
101329.66697452773
101328.6752493174
101331.4628848655
101330.49057914205
101332.63996069523
101330.76392500474
101330.19045755088
101320.93499690507
101316.50463000624
101319.46796297249
101320.16034130022
101324.69961559366
101326.86831205906
101330.88804008663
101332.16263362448
101335.56273623252
101332.92728273555
101331.75045653779
101326.72252722493
101324.66958692067
101319.57934413473
101319.10250827807
101317.74014224389
101325.52082927569
101328.90342393708
101327.74012943311
101328.0924141053
101326.38746161417
101326.02603970184
101324.39783352851
101323.61541198092
101322.9723424009
101324.96209253393
101324.18907382444
101327.06274658356
101326.20961427237
101328.9055185387
101327.58399831722
101327.94607636206
101320.2530267938
101317.59202401529
101320.75022883483
101322.39689257371
101326.93349142253
101329.36165818313
101333.24462761407
101334.83908871662
101335.45490999045
101333.21832421536
101331.4436177782
101326.63409634252
101324.28625956154
101319.55988007689
101318.61402019844
101317.0258842414
101323.30639289846
101325.77485638547
101324.92928138617
101324.9565178254
101323.80376021059
101323.35157681236
101322.13342217371
101321.42651672286
101320.91039508722
101322.61726847717
101321.89888743783
101324.32191930768
101323.34645092979
101325.8129906114
101324.47338768576
101325.31610053623
101318.91253050658
101317.2232444212
101320.34533009763
101322.25525165009
101326.62900750263
101329.28810360192
101333.35394510302
101334.84374614101
101336.2194960356
101334.42540479699
101332.70379299551
101328.68785320724
101326.16137558655
101321.43162866813
101319.80436013214
101317.35311024167
101321.47399401091
101322.01903670766
101321.02736526012
101320.55187402102
101319.56120292566
101319.08129875344
101318.54865679576
101317.92742476484
101317.57380551336
101318.90918516812
101318.14350408528
101319.86788458259
101319.32568271809
101321.52031181543
101320.97278176132
101322.65208467592
101318.48713349381
101318.55464230719
101321.77579741761
101324.39203234618
101328.52074772419
101330.92681499274
101334.35736138353
101335.73498457782
101334.63167422757
101333.32070712869
101331.598035631
101328.11312750231
101325.22613665632
101321.23027931305
101319.56896029158
101317.32766499012
101319.7504764933
101319.8255521003
101319.19006541518
101318.73674867979
101318.38229470488
101318.06324518329
101318.00690474585
101317.57634051432
101317.36949282853
101318.30576777886
101317.51405276277
101318.63296563461
101317.91217300971
101319.40151483072
101319.06387962008
101320.45125012289
101317.96214360962
101318.52241825945
101321.24114298236
101323.82589775205
101327.70523497088
101330.13247192485
101333.10378421919
101334.16916752109
101331.67064594904
101331.0942683465
101329.7408209745
101327.49839904244
101325.05115401342
101322.36080104926
101320.45993586299
101318.43645546518
101318.42631123695
101317.63886808965
101317.49069803281
101317.42852593579
101318.00075374424
101318.26284214207
101318.73174315196
101318.93570225571
101318.9085974183
101318.93586332121
101318.11041266714
101318.05438845932
101317.2699688213
101317.44799956908
101317.36674213472
101318.35642151882
101318.33860215354
101319.90932574637
101322.12293814673
101324.43529694145
101327.31584057127
101329.03835388787
101330.79175145378
101331.51895795416
101321.15523409448
101321.13904345284
101320.30180561624
101319.53577547854
101318.40842234844
101318.12227173478
101317.79839054939
101318.39887209225
101318.37741606832
101319.61141393159
101321.50473789808
101323.32722267583
101325.78303451779
101327.32028313159
101329.00921346741
101329.65932783179
101329.81108997625
101329.31097818045
101327.89308520302
101326.10401135833
101323.79728487387
101321.6614286384
101319.96818658782
101318.42017866977
101318.38814225623
101317.88362763473
101318.06824515105
101318.47804693866
101319.46385508261
101320.11400663439
101320.96797984072
101321.10385217724
101316.84249919948
101317.77023437034
101316.78545841892
101317.85612850623
101317.27041683857
101318.73477801867
101318.53157963525
101320.12665856558
101317.96183958613
101318.86489843452
101321.69402234208
101324.45331830192
101328.42086051442
101330.81457262419
101333.67078105718
101334.83051363133
101335.22468071934
101333.91192172843
101332.21606959717
101328.79381037928
101325.83877547213
101321.74717377954
101319.88230256329
101317.44670280612
101319.5572135845
101319.33477180504
101318.55871208872
101317.97280466379
101317.6357600668
101317.22507226611
101317.42613388853
101317.02717623384
101318.46583806581
101319.7140448842
101318.7563821607
101320.42560510329
101319.80744080138
101321.72534435373
101321.03619392528
101322.56306344933
101318.50032381169
101318.47918887049
101321.5285849097
101323.9726875029
101327.94636020198
101330.21794510924
101333.52612930701
101334.74385895403
101335.20534408114
101333.5275616443
101331.94562345509
101328.10834847866
101325.6660244802
101321.17112493767
101319.63460984641
101317.37591596613
101321.40097915134
101322.04218358532
101321.22774516648
101320.93627958187
101320.08478783997
101319.66602710026
101319.3220913832
101318.804395817
101319.42109814756
101321.16092648548
101320.42805933054
101323.03192922896
101322.30568572493
101324.87977617905
101323.7967456125
101324.97480170769
101318.8993367746
101317.63965177549
101320.96579829986
101323.09565137673
101327.61321547645
101330.442011287
101334.51815574961
101335.95903844005
101336.52610700314
101334.34733553401
101332.607507325
101327.65617426687
101325.11192396574
101320.26825118004
101319.07731399454
101317.17196193329
101323.12224766187
101325.16026344753
101324.12067862584
101323.92609766223
101322.54438587991
101321.82128644576
101320.63949597139
101319.91762480341
101323.0240523817
101324.96443055532
101324.17373971223
101327.0554134354
101326.19546255181
101328.79535828675
101327.44118383448
101327.79209511433
101320.1810903968
101317.52226235285
101320.59049785786
101322.16000622566
101326.56517603152
101329.01123472422
101332.89707055403
101334.44292515748
101335.11126832302
101332.62757597845
101331.49599793636
101326.40894882512
101324.39139130125
101319.52582738674
101319.00739763651
101317.76476975388
101325.4412277893
101328.80551705217
101327.70903592241
101328.11106684775
101326.40638643697
101325.95961458707
101324.34876325316
101323.69777603772
101325.7776311013
101328.0064882747
101327.16723178075
101330.14737641958
101329.30163851744
101331.64302848399
101330.03457050938
101329.71471358392
101320.83530261782
101316.80488411145
101319.97059639837
101320.95068977617
101325.65964939148
101328.04620232705
101332.13971771879
101333.44196610308
101334.301270027
101331.77823116332
101330.93796057528
101325.38097123709
101323.52772065364
101318.6747265462
101318.43024870542
101317.82099763126
101326.80008708048
101331.39095292959
101330.23726823481
101331.39761954427
101329.45181495967
101329.23060974992
101327.26285160042
101326.56947246828
101329.06523702896
101331.30120073534
101330.25909846852
101333.33792342918
101332.67222265367
101334.683499322
101332.6946259847
101331.72209057321
101321.77593517725
101317.1328382668
101319.91414936293
101320.21265730419
101324.70351541042
101326.71298337974
101330.91168960865
101332.02900661116
101332.99048324082
101330.40306892617
101329.72076020605
101324.30124623174
101322.6957264103
101318.30969951718
101318.45467566411
101318.05910994067
101328.38122529887
101333.98019138009
101333.0511921431
101334.74930856677
101332.48834834844
101332.40784948805
101330.46692828313
101329.94639309481
101330.68098884195
101332.97954338595
101331.90503728387
101335.28320801034
101334.40683814933
101336.26480421794
101333.89932234501
101332.51260469209
101321.90247430331
101316.49046281724
101319.13191794301
101319.1391206168
101323.61888374801
101325.54502534951
101329.82595928342
101330.97369491655
101331.96627659122
101329.30847759169
101328.67081844827
101323.15567036718
101321.63520410536
101317.44221053194
101317.80716447809
101317.95474202103
101328.99578014281
101335.25931939748
101334.48349826087
101336.45894835991
101334.2528787545
101334.11586408483
101332.07214512212
101331.58030188587
101331.13426119905
101333.40572439147
101332.29343699865
101335.63359017156
101334.6904295627
101336.49995784115
101334.14017203105
101332.605169243
101321.92112878225
101316.4098484283
101318.99388615516
101318.93548304553
101323.35787098826
101325.2128059259
101329.41675419896
101330.54348863821
101331.57434029001
101328.94760780389
101328.25334522457
101322.91887069269
101321.42673887426
101317.28326670501
101317.71293519005
101317.93827290862
101329.08461030996
101335.46795005114
101334.73188076264
101336.74029611571
101334.57539817141
101334.50417072195
101332.50981984104
101332.02919146602
101328.87075577056
101331.07907251487
101330.07280002197
101333.25234862482
101332.68839349477
101334.8196307834
101332.87882081709
101331.88240039868
101321.88088615451
101317.29826963946
101320.09344093276
101320.43537347522
101324.98047349407
101327.0173092828
101331.22785379816
101332.40241037126
101333.34868201657
101330.70270631035
101329.98713616359
101324.52668779992
101322.89499156615
101318.42046023898
101318.57327187475
101318.12950934513
101328.53066436431
101334.16633549848
101333.1734010997
101334.76454761109
101332.44211303834
101332.3138107674
101330.32209126922
101329.72846423558
101327.53537675159
101329.66770730913
101328.67494665638
101331.46292407053
101330.49074365996
101332.63991624027
101330.7640088632
101330.18986896319
101320.93533454867
101316.50560807073
101319.4663711092
101320.16046247692
101324.69780067774
101326.86826170838
101330.88699195428
101332.16146552205
101333.05334637759
101330.51384259094
101329.61937512274
101324.36529362838
101322.65498808824
101318.04122035875
101318.04757045372
101317.67474512602
101327.04314020599
101332.1135341311
101331.17973268202
101332.58039307041
101330.75240116067
101330.78845377734
101328.97761867796
101328.35055796581
101322.97208035379
101324.96233466602
101324.18773028989
101327.06262073069
101326.20979187229
101328.90507449394
101327.58439630541
101327.94608642478
101320.25226581248
101317.59240377041
101320.74979454107
101322.39825134749
101326.9333027112
101329.36238572281
101333.2447305073
101334.84084221339
101335.56304344986
101332.92709592843
101331.75017767871
101326.72239386907
101324.66933957378
101319.57901794474
101319.10228528258
101317.74009568457
101325.52090682804
101328.90361347119
101327.74022169334
101328.09220902379
101326.38733731754
101326.02613207941
101324.39782785426
101323.61535679481
101320.91030471516
101322.61748763749
101321.89826164673
101324.32211919002
101323.34632219629
101325.81271546253
101324.47215389952
101325.3144581833
101318.91270063828
101317.22993379268
101320.34011192359
101322.25606565639
101326.62644720489
101329.28813834731
101333.35237480114
101334.84376449209
101335.45441093849
101333.21791507586
101331.4434404076
101326.63403290164
101324.28621691291
101319.55956420131
101318.61367926578
101317.02577582428
101323.3063824097
101325.77484645034
101324.92903887585
101324.9560801347
101323.8036242314
101323.35166967996
101322.13336646842
101321.42659771178
101317.57378908749
101318.90939244516
101318.14276683572
101319.86786907294
101319.32504149203
101321.5200190957
101320.9722059393
101322.65164738504
101318.48783467425
101318.55698094422
101321.77369067946
101324.39342046737
101328.52094044953
101330.92800602605
101334.35721763152
101335.73497761622
101336.21937266277
101334.42538432423
101332.70353983916
101328.68768957749
101326.16084678264
101321.4311961404
101319.80425174363
101317.35314833152
101321.4740173794
101322.01892000932
101321.02702075148
101320.55140065159
101319.56092173768
101319.0811802067
101318.54858347631
101317.92744720951
101317.36959236386
101318.30603508376
101317.51342046339
101318.63282153926
101317.91154112703
101319.40119211224
101319.06372950882
101320.45116243549
101317.9625114886
101318.52317857009
101321.24082375091
101323.82640554415
101327.70404894455
101330.13242914436
101333.10331214443
101334.16942321566
101334.63182178915
101333.32090319776
101331.59803157979
101328.11321286039
101325.22659024046
101321.23036822517
101319.56881835329
101317.32742027636
101319.75023719808
101319.82505279436
101319.18946392174
101318.7363271678
101318.38207042485
101318.06322258155
101318.00683461885
101317.57630450603
101318.90882944218
101318.93624811844
101318.1100253339
101318.05410146718
101317.26971757958
101317.44793647187
101317.36695916831
101318.35653257267
101318.33880638401
101319.90927512992
101322.12279013838
101324.43494930028
101327.31411710421
101329.03872291696
101330.79181204192
101331.51924533484
101331.67094858611
101331.09457640375
101329.74076823823
101327.49843427498
101325.05018285845
101322.36009281718
101320.46011713785
101318.43634023824
101318.4261345502
101317.63851362732
101317.49033087451
101317.42832505009
101318.00063973086
101318.2627347782
101318.73179210519
101318.93563308813
101329.81139205546
101329.31123689131
101327.89284253283
101326.10371294041
101323.79711175527
101321.66137272138
101319.96839615883
101318.42034267989
101318.38845095334
101317.88376693617
101318.06826834971
101318.47798210125
101319.46409519546
101320.11412072933
101320.96803481376
101321.10409075224
101321.15544725412
101321.13932918177
101320.30211569706
101319.53627059211
101318.40884551192
101318.12334054367
101317.7981999035
101318.39888431694
101318.37735440981
101319.61125908446
101321.50446507157
101323.3272933578
101325.78304724993
101327.32037783148
101329.00935196204
101329.65937720152
101335.22486582902
101333.91197182845
101332.2157908786
101328.79360490273
101325.83871309296
101321.74720491291
101319.88248668078
101317.44702196163
101319.55762029954
101319.33503308355
101318.55865690587
101317.97268163753
101317.63550575671
101317.22485564834
101317.42593628178
101317.02719806027
101316.84243923992
101317.77037925876
101316.78516148808
101317.85585174018
101317.27049117653
101318.7342295643
101318.5317967172
101320.12709424904
101317.96222091209
101318.86540234374
101321.69410636325
101324.45361908163
101328.42127377124
101330.81440968077
101333.67127230603
101334.83151405309
101335.20529431668
101333.52706744688
101331.94511664676
101328.1080914139
101325.66601184141
101321.17118679124
101319.63478577128
101317.3760735988
101321.40107865386
101322.04206919206
101321.22738334219
101320.93593442839
101320.08459964884
101319.66593388213
101319.32205683301
101318.8044677908
101318.46574927702
101319.71446830301
101318.75561117203
101320.42574328065
101319.80663087062
101321.72568177225
101321.03734791816
101322.56328554553
101318.50061524627
101318.47953952165
101321.52924930985
101323.97275163306
101327.94590520601
101330.21745983933
101333.52697872474
101334.74556970088
101336.5249403296
101334.3465469611
101332.60704643049
101327.65598106894
101325.1119155409
101320.26826029044
101319.077371411
101317.17199837175
101323.12226284985
101325.16027985163
101324.120666638
101323.92617037581
101322.54447415577
101321.82140791796
101320.63961790774
101319.91781267777
101319.42114612457
101321.16169960104
101320.42688356333
101323.03265820103
101322.30154806674
101324.88365696518
101323.79724917372
101324.97397781939
101318.89925962714
101317.6392813172
101320.96641140019
101323.09573423222
101327.6135131028
101330.44169625777
101334.51872153205
101335.95882456869
101335.1112595993
101332.62734536073
101331.49590912761
101326.40869799744
101324.39132886307
101319.52586156766
101319.00752645535
101317.76486208623
101325.44135224172
101328.80576921688
101327.70929507402
101328.11130481283
101326.40663026986
101325.95985138699
101324.3489152347
101323.69788681105
101323.0240186934
101324.96503715239
101324.17324078252
101327.05685029269
101326.19419902946
101328.79944425054
101327.43826150193
101327.79079224073
101320.18057268971
101317.52164642571
101320.59034486298
101322.15973169426
101326.56599932905
101329.01036541104
101332.89505560123
101334.43692875258
101334.30286601245
101331.77822722439
101330.93747847356
101325.38068387267
101323.5276380482
101318.67478997094
101318.4304091024
101317.82109980327
101326.80022114851
101331.39115715394
101330.23746392527
101331.39776569649
101329.45189585559
101329.23069107349
101327.26284263213
101326.56938190485
101325.77743694221
101328.00666673768
101327.16667567132
101330.14764847721
101329.30037373926
101331.64341242377
101330.03460046877
101329.71426581292
101320.83512163509
101316.80509905536
101319.97037260424
101320.95026299618
101325.66097904519
101328.04576408153
101332.14222697396
101333.44539882799
101332.99001164547
101330.40275931598
101329.72047694359
101324.30108085991
101322.6956841823
101318.3097740716
101318.45482735196
101318.0592071143
101328.38131154297
101333.9802653347
101333.05124315294
101334.74930813149
101332.48834101982
101332.40786369366
101330.46689035662
101329.94629732173
101329.06517292219
101331.30098833179
101330.2595529651
101333.3378009625
101332.67207827714
101334.68330714734
101332.69458392801
101331.72159351151
101321.77552501284
101317.13297746537
101319.91437393791
101320.21220532889
101324.70270530033
101326.7127592894
101330.91107305084
101332.02772208137
101331.96727902452
101329.30885335334
101328.67076396046
101323.15561155003
101321.63520784776
101317.44233450858
101317.80735333738
101317.95483814088
101328.99585057021
101335.25931516603
101334.48357255055
101336.45889627437
101334.2528666179
101334.11584296204
101332.0721175978
101331.58026445236
101330.68107617686
101332.97863956321
101331.90653421279
101335.28170543424
101334.40635947821
101336.26439851902
101333.89991688372
101332.51246098148
101321.90238738238
101316.4906698624
101319.13218389162
101319.13886609591
101323.61867617611
101325.54486846228
101329.82743457424
101330.97465289368
101329.51193347873
101327.50246955038
101327.56254865593
101323.37107382678
101322.59445920962
101318.70691691435
101319.89295640882
101319.52132226985
101327.59403662551
101333.70054290847
101332.18749392443
101334.37290712869
101331.83145442297
101332.50113561745
101330.14737099293
101330.00368986008
101329.13828597277
101330.81495889803
101330.68235195364
101332.49732683832
101332.69771972742
101333.74388644539
101332.76705694885
101330.18343573579
101322.3032462509
101318.59385363794
101320.33344198028
101320.69272674898
101323.72873953675
101325.50708137498
101327.7843401745
101328.89281324844
101330.81604387605
101328.70439676163
101328.75688075967
101324.43834043272
101323.67279584262
101319.61115742126
101320.58586286081
101319.69319661814
101327.15693349768
101332.6485127343
101330.8651689165
101332.52117952051
101330.2300732735
101330.59462155453
101328.29903984246
101328.14037905246
101327.33240005393
101328.90992066986
101328.80192923786
101330.87606542531
101330.88770100249
101332.16579566128
101331.75074412434
101329.66245408346
101322.22133857357
101319.27245495394
101321.12444574201
101321.82353679716
101324.87983015121
101326.73026022193
101329.0197472576
101330.17322292842
101331.27721765061
101329.17910926873
101328.8489655349
101324.72404685113
101323.8062129577
101319.75628013743
101320.50361894924
101319.37521117645
101326.17341192075
101331.17718582904
101329.7685502441
101331.1877646723
101329.43076999366
101329.75599439646
101328.05369708533
101328.05670788916
101327.15591249363
101328.58549498867
101328.14131653271
101330.03524193403
101329.69639483286
101330.81874834382
101330.26377794391
101328.54823606739
101321.63697002489
101319.17596913406
101320.89536463158
101321.94016108225
101324.94595424064
101326.92507172246
101329.44546717216
101330.70130041838
101332.46573788147
101330.64832839792
101330.15023599216
101326.0592775949
101324.93717580065
101320.77722470502
101321.11587998977
101319.10948653557
101324.87367893485
101328.32907183461
101326.78351570155
101327.41683792644
101325.81026716522
101325.86223062636
101324.31657765864
101323.98780674214
101323.374404357
101324.76493647334
101324.50081524518
101326.29872475899
101326.03496476953
101327.63729356627
101327.48089148033
101326.79614991715
101320.93074046938
101319.98435769606
101321.71246514036
101323.35101832954
101326.25026993532
101328.46047153993
101330.86358832134
101332.00699540092
101333.27983181136
101331.30504094597
101330.40556064909
101326.35511025428
101325.12058153827
101321.01162246871
101321.00796307123
101318.9644933055
101323.69118489695
101326.48225609699
101325.10290556354
101325.64724600459
101324.29479503041
101324.36429585014
101323.10554193558
101322.79497773314
101322.27959795814
101323.55136820485
101323.23142677195
101324.68532562732
101324.40156320065
101325.67791553153
101325.63163835646
101325.18852716296
101320.42808551076
101319.87548637018
101321.62281083858
101323.60730649505
101326.40821013658
101328.89588158189
101331.3409360716
101332.82461694436
101333.44478165712
101331.85430781779
101330.84510691903
101327.44314384279
101325.88612694401
101322.1916728768
101321.74289018828
101319.05577380639
101322.15380306743
101323.32254700022
101321.94462645309
101321.82454762576
101320.71923242282
101320.57846639567
101319.72380075217
101319.44539488827
101319.04821025822
101320.06779835263
101319.77976045206
101320.97957245355
101320.83572908601
101322.2604688944
101322.54449305624
101323.04167833437
101319.88680581094
101320.72760993286
101322.46434887068
101324.77037754763
101327.37013208894
101329.67592713617
101331.74089534808
101333.11281174877
101333.09515170878
101332.0408500131
101330.84666181376
101327.78272063295
101326.12487140609
101322.73961875742
101322.22239769499
101319.56845905918
101321.46121160107
101322.34901359344
101321.23128308138
101321.2091584196
101320.6172328837
101320.53573869079
101320.10350154637
101319.87201495796
101319.62279139252
101320.37194564898
101319.94240844678
101320.73972927984
101320.43500380199
101321.34607088429
101321.71042938819
101321.92452062419
101320.00775536271
101321.33207145521
101322.70962864955
101325.19617588652
101327.56907308962
101329.8556753658
101331.87266272957
101332.85651525683
101329.57657607348
101329.12160206717
101328.09395084172
101326.42584243864
101324.89444766453
101322.84332384511
101321.94308846148
101320.1728439869
101320.04997514332
101319.85334257522
101319.24993549088
101319.35035404853
101319.3549815984
101319.83034386752
101319.97840146438
101319.96611090544
101319.87709386593
101320.09254430638
101319.79674370405
101319.40135860951
101319.13756589239
101319.17514634659
101319.592397253
101320.06948342692
101320.01893106924
101321.59616015427
101322.6697991707
101324.54241898812
101326.22897249396
101327.7560202132
101328.90466018085
101329.47633366669
101321.71353879706
101321.69715020657
101321.11316196465
101320.4038227218
101319.96230790226
101319.61790137914
101319.92108738705
101320.02978913306
101320.02094975402
101321.40681672066
101322.20789147909
101323.76708124837
101325.0771947288
101326.43286780526
101327.54407334702
101328.08440985475
101328.17283621508
101327.75921419197
101326.74615918091
101325.26714203137
101323.98905268613
101322.33591273623
101321.58802809921
101320.12396324545
101320.00516852965
101320.0100506467
101319.66416057477
101320.09564824318
101320.33471193293
101321.00424924176
101321.57042941771
101321.73670854219
101318.92981327654
101319.63803577764
101319.26793494927
101320.1696828831
101319.91893664419
101320.88303127987
101321.35659180695
101321.74092292083
101320.03307216716
101321.64599018288
101323.09189637406
101325.67953624399
101328.01055452508
101330.25550407487
101332.2877274645
101333.29761937441
101333.5331537734
101332.50385513325
101331.23562375471
101328.20493565299
101326.51809391276
101323.1721385947
101322.39324449017
101319.70760455422
101321.34063374225
101321.99409451925
101320.79531101663
101320.60689880166
101320.03266354247
101319.87557775222
101319.40098624515
101319.18943122277
101319.79342224152
101320.68693674923
101320.33191723892
101321.43344646283
101321.18886367154
101322.42806124942
101322.58047468666
101322.96894304923
101319.90261344807
101320.68275128402
101322.31261115505
101324.5318887445
101326.99657970137
101329.17133913122
101331.10109502038
101332.2957950237
101332.59977081465
101331.18956623603
101330.30376289909
101327.07789931288
101325.59706909925
101322.07080210646
101321.54481760999
101319.11589944571
101322.11713634107
101323.33972397677
101322.12657560756
101322.14999051495
101321.17349187034
101321.15663972589
101320.36275727443
101320.19553752521
101321.10258521934
101322.38956031529
101322.182461141
101323.84412799552
101323.66639168473
101325.1194535665
101325.19233296948
101325.02071872773
101320.47171756151
101320.23642618378
101322.16196596624
101324.33266264579
101327.17797495038
101329.73512262943
101332.29186783725
101333.7591991923
101334.18578571893
101332.21196459752
101331.18343585078
101327.15592611866
101325.78930736266
101321.59156165342
101321.41678996164
101319.12552461296
101323.61759241928
101326.1256195491
101324.63584225668
101324.97010047527
101323.45292128948
101323.30337959265
101321.94238277765
101321.61517799342
101323.49223482584
101324.91200832989
101324.62536512958
101326.36336651353
101326.06159207193
101327.57543669238
101327.41702495006
101326.71523567455
101320.91660126255
101319.92520434235
101321.58671768909
101323.16605836421
101326.00918052936
101328.1703112977
101330.59281812064
101331.72380429992
101332.17316145923
101330.39284445821
101329.89375486856
101325.87156949387
101324.77170040921
101320.7234291983
101321.03270644232
101319.13406936024
101324.83609036848
101328.31813348435
101326.82797019907
101327.4856493386
101325.89589601909
101325.93307519524
101324.37981444977
101324.13186246765
101325.96867948865
101327.47685687555
101327.14310469941
101329.08017797848
101328.86234443143
101330.14566350542
101329.73352155148
101328.4405796385
101321.62885679415
101319.48660094736
101321.32690726462
101322.56286400849
101325.66393859596
101327.76354415077
101330.46560727981
101331.75970183758
101332.33069593945
101330.26580529283
101329.81586147274
101325.41468543591
101324.50540613577
101320.25234804547
101320.85116165329
101319.47205532138
101326.07780620668
101330.73648727973
101329.19008902949
101330.41765421961
101328.50060340804
101328.6550112297
101326.87418005071
101326.73014152762
101327.49540509538
101329.09388075437
101328.95097867079
101330.94991527974
101330.86614290102
101332.05354077971
101331.63499500608
101329.57150816519
101322.16753590977
101319.16092423661
101320.95901057294
101321.59712474408
101324.61160675219
101326.447555911
101328.75184274073
101329.88679596552
101330.53744854857
101328.4485470478
101328.49699490305
101324.27714314272
101323.47609688283
101319.48486023133
101320.48852316246
101319.67559195278
101327.08102991169
101332.55279960574
101330.76671541765
101332.50605277417
101330.2948609851
101330.71882044761
101328.44462110107
101328.36152800902
101328.9010645127
101330.56563000477
101330.44303092328
101332.30486956896
101332.47351374771
101333.5544416945
101332.6340293877
101330.14212907015
101322.33510804561
101318.71128655979
101320.53353001548
101320.9275830689
101324.03155867968
101325.88733442027
101328.24915093213
101329.38309497273
101329.99455894268
101327.95376481739
101328.06887624387
101323.62018152927
101322.84204760846
101318.9252517416
101320.03137257072
101319.58764741781
101327.55805702857
101333.58146138627
101332.01798176501
101334.14617105041
101331.62428893839
101332.26638203012
101329.88638406698
101329.79158453873
101329.13818062611
101330.81540367943
101330.68167373921
101332.49725013366
101332.69804584517
101333.7438889222
101332.76741228376
101330.18351792253
101322.30348650772
101318.59385191553
101320.33307973796
101320.6928026581
101323.72886478572
101325.507450201
101327.78427547269
101328.89303211734
101329.51181460985
101327.50234590931
101327.56239389526
101323.37095504643
101322.594362442
101318.70676610041
101319.89274899186
101319.52117708644
101327.5939550575
101333.70051685211
101332.18754926242
101334.37298480028
101331.83145890934
101332.5011415295
101330.14737997417
101330.00373021813
101327.33217431563
101328.9100093013
101328.80142714406
101330.87585484317
101330.88845793143
101332.16553430409
101331.75154774505
101329.66225526744
101322.22109586086
101319.27235497016
101321.12417011647
101321.82378216919
101324.87996289608
101326.73085457916
101329.01972849017
101330.17333160918
101330.81584085184
101328.70419471434
101328.75665561747
101324.43815024421
101323.67262355788
101319.6109499615
101320.58562611922
101319.6930371156
101327.15684387757
101332.64852467153
101330.86532322076
101332.52129337743
101330.23009137111
101330.59464359368
101328.29904287048
101328.14032249489
101327.155654385
101328.58552100499
101328.14128670315
101330.03498143857
101329.69721422151
101330.81829844238
101330.26428612691
101328.54765426539
101321.63746350424
101319.17669162308
101320.89442026014
101321.94009114304
101324.94431251698
101326.92462402713
101329.44434046917
101330.70100340227
101331.27673189725
101329.17888873139
101328.84876229877
101324.72386119187
101323.80604537904
101319.75602712277
101320.50332431174
101319.37502986341
101326.17329613229
101331.17720299939
101329.76870902217
101331.18782335127
101329.43074231627
101329.75599409462
101328.05365089765
101328.05657103698
101323.37416509018
101324.76493428453
101324.50089773403
101326.29830094015
101326.0361307589
101327.63610836674
101327.48342047769
101326.79521756615
101320.92966749411
101319.98412291874
101321.71254702922
101323.35255932163
101326.25097075071
101328.46136684106
101330.86354820969
101332.00748186884
101332.46552874602
101330.6481096957
101330.14999109086
101326.05902498755
101324.93691533867
101320.77687247154
101321.11555847173
101319.10932278306
101324.87359992976
101328.32917565838
101326.78369318171
101327.41683334266
101325.81025725484
101325.86239224706
101324.31665525067
101323.98776513569
101322.27946918282
101323.55136413242
101323.23121275225
101324.6848699176
101324.40206586462
101325.67681171876
101325.63216008598
101325.1888271447
101320.42869824075
101319.87724014444
101321.62013562609
101323.60756279308
101326.40595613337
101328.8946915874
101331.3395964979
101332.82409932131
101333.27919406616
101331.30473142517
101330.40531299311
101326.35492058069
101325.12048723469
101321.01135951516
101321.00769624967
101318.96436904387
101323.69113189781
101326.48229942737
101325.10287667243
101325.64702716752
101324.29476349468
101324.36444676714
101323.10564505759
101322.79505914757
101319.04820805331
101320.06790547488
101319.77922076191
101320.97921330965
101320.83555560894
101322.25992127685
101322.54439674089
101323.04161437269
101319.88707679854
101320.72867346022
101322.46330027457
101324.77305999267
101327.37547449082
101329.67702437614
101331.74206683223
101333.11318912741
101333.44482227926
101331.85424189009
101330.84499030726
101327.44299126402
101325.88594504226
101322.19132898271
101321.74259485315
101319.0556304788
101322.15371289903
101323.32246482118
101321.94440126519
101321.82414830348
101320.71907626609
101320.57853503925
101319.72393142483
101319.44549364643
101319.62282159677
101320.3721246613
101319.94183178546
101320.73938074504
101320.43458325134
101321.3457268458
101321.71030287028
101321.92453810133
101320.0081184193
101321.33287965661
101322.70977351355
101325.19639771582
101327.56407846534
101329.85158091418
101331.87138404968
101332.85624947399
101333.09524279312
101332.04099111096
101330.84671386232
101327.78275121594
101326.12499857301
101322.73965251108
101322.22242484786
101319.56824650998
101321.4609400809
101322.3486221263
101321.23076720136
101321.2088166287
101320.61713239938
101320.53563369316
101320.10343668071
101319.87198191628
101319.87713957398
101320.09258179236
101319.79645832402
101319.4011026486
101319.13741831326
101319.17516210342
101319.59248593829
101320.06955651674
101320.01895650735
101321.59609621813
101322.66950017565
101324.54116506135
101326.2256606827
101327.75774989964
101328.90477929222
101329.47650358644
101329.5767729904
101329.12180895367
101328.09402716745
101326.42587620977
101324.89419658025
101322.84277266471
101321.94280447891
101320.17253623638
101320.04971277458
101319.85295858471
101319.2494982919
101319.35007754898
101319.35482044962
101319.83017134063
101319.97832261512
101319.96605122834
101328.17304951549
101327.75930890683
101326.74598228179
101325.26690161042
101323.98892907964
101322.33589383676
101321.58813625298
101320.12403318629
101320.00557886244
101320.01015514898
101319.66412959156
101320.09571169291
101320.33612676649
101321.00480312661
101321.57090699227
101321.73698474633
101321.7136943654
101321.69744032962
101321.11348951807
101320.40408439627
101319.96223844706
101319.61766929211
101319.92086183495
101320.02962293124
101320.02069599928
101321.40654409092
101322.20752699584
101323.76690728852
101325.07710890009
101326.43272027132
101327.5440745253
101328.0844880565
101333.53311799697
101332.50351890177
101331.23525407293
101328.20473178671
101326.51804684647
101323.1721693343
101322.39344007589
101319.70791327911
101321.34105602479
101321.99444499616
101320.79545802964
101320.60725366832
101320.03296291216
101319.87545737786
101319.40087479461
101319.18939919764
101318.92966246291
101319.63816037973
101319.26748575685
101320.16951029668
101319.91875633036
101320.88255904063
101321.35646786939
101321.74097296358
101320.03317048408
101321.64617414972
101323.09196457738
101325.67949693601
101328.01056563959
101330.25590820648
101332.28801862334
101333.29783291927
101332.59965327365
101331.18891306809
101330.30327716147
101327.07772359917
101325.59709123589
101322.07087210033
101321.54500135894
101319.11610414708
101322.11734460344
101323.33975726497
101322.12638154847
101322.14970773089
101321.17323262343
101321.15661589317
101320.36268073021
101320.19557075234
101319.7932763813
101320.68720639891
101320.33102870123
101321.43356219764
101321.18843807541
101322.42806632505
101322.58065907046
101322.96902458899
101319.9028226814
101320.68304855768
101322.31299145779
101324.53181955767
101326.99622572126
101329.17104388466
101331.10160209388
101332.29642270671
101334.18517160967
101332.21135606701
101331.18315950506
101327.15582276913
101325.78928238782
101321.59154612465
101321.41681027776
101319.12555983017
101323.61763439067
101326.12569991998
101324.63590618501
101324.97015794585
101323.45295954517
101323.30346958624
101321.94244775175
101321.61532088084
101321.10261947764
101322.3901364179
101322.18152393002
101323.84450841934
101323.66451213522
101325.11896312378
101325.19293557163
101325.02071010323
101320.4719001872
101320.23637757861
101322.16233948966
101324.33258803214
101327.1778680218
101329.73489412741
101332.29188389718
101333.75862762125
101332.17275540087
101330.39256590929
101329.89358003697
101325.87144018189
101324.77164975753
101320.72342397357
101321.03275999684
101319.13409870201
101324.83615483613
101328.3183110067
101326.8281982042
101327.48581549941
101325.89606698495
101325.93330951258
101324.37997056452
101324.13198735499
101323.49229031958
101324.91254571811
101324.62500752007
101326.36433506482
101326.06108841804
101327.57595374463
101327.4162955576
101326.71470372535
101320.91633755626
101319.92506904535
101321.58668869163
101323.16578381317
101326.00929671701
101328.17018025686
101330.59243665294
101331.72074845231
101332.33158441275
101330.26583423822
101329.81555257631
101325.41447785657
101324.50531357418
101320.25235467279
101320.85125144737
101319.47212664921
101326.07789376139
101330.73664843514
101329.19025914709
101330.41776466771
101328.50067165664
101328.65506181141
101326.87416058766
101326.73007790814
101325.96858021311
101327.47694637402
101327.1427910936
101329.08047877919
101328.86188379896
101330.1458635751
101329.73379412657
101328.44011325526
101321.62875906599
101319.48685290084
101321.32711696324
101322.5625151885
101325.66422502873
101327.7641151142
101330.46749446378
101331.76128467407
101330.53684921631
101328.44813633827
101328.4967954935
101324.27703726798
101323.47602802208
101319.48488623535
101320.48865008382
101319.67568590736
101327.08109772819
101332.55282940656
101330.76671788316
101332.50600261496
101330.2948023247
101330.71875733881
101328.44451864215
101328.36137650066
101327.49535310014
101329.09352860785
101328.95153303865
101330.94973596219
101330.86597770322
101332.05371760974
101331.63492819198
101329.57121594445
101322.16729601113
101319.16110884787
101320.95925180338
101321.59686041904
101324.61102633835
101326.44714246111
101328.75118069639
101329.88552281559
101329.99531485385
101327.95411274927
101328.06897999368
101323.62018159727
101322.84205436395
101318.92534321509
101320.03154590778
101319.58777069344
101327.55812556003
101333.58147968308
101332.0179650783
101334.14611313576
101331.6242752868
101332.26636777831
101329.88632609401
101329.7914579488
101328.90109752104
101330.56504404984
101330.44437733629
101332.30474134069
101332.47319804956
101333.55439178634
101332.63398587919
101330.14197771435
101322.33492751364
101318.71130356466
101320.53368798364
101320.92742575015
101324.03139278082
101325.88751527242
101328.25027665768
101329.38384026098
101328.73447983543
101327.52561983254
101327.49461037884
101324.23307579584
101324.18164181488
101320.87789511404
101322.47413252569
101320.92368415443
101325.97131321019
101331.18369306924
101329.32567423204
101330.99037424786
101329.35328064373
101330.29294255486
101328.81967878416
101329.10965155599
101328.46739623309
101329.25548609803
101329.35099810603
101329.71374482539
101330.00040055867
101329.87473450231
101330.64497092931
101327.63879916063
101322.11202052582
101321.90374243881
101322.24777188638
101323.02872133072
101324.51723904037
101326.2251489787
101327.44229153055
101328.41375098153
101329.27873006384
101328.06339660879
101328.10724716134
101324.90402510201
101324.77302118095
101321.40223154487
101322.82680660901
101321.06071463606
101325.63037185578
101330.47536826672
101328.54500306114
101330.15015576709
101328.24955408528
101329.12917322005
101327.64638435392
101327.93076951988
101327.31733815568
101328.12376425017
101328.21668106588
101328.63915424733
101329.12391204551
101329.22265630898
101329.89158612257
101327.29070546606
101322.10008179669
101322.26449286097
101322.63623681177
101323.66020923363
101325.15574672305
101326.91047102073
101328.07530088822
101328.99582703187
101329.6750709671
101328.52605061479
101328.49890722908
101325.41852537951
101325.09803634518
101321.75544114668
101323.12963704352
101320.89519476017
101325.03378742858
101329.4139625144
101327.93687377559
101329.49997321438
101328.11171300936
101329.03968445363
101327.65747532313
101327.82472811862
101327.23198807923
101328.05313082413
101328.16006201711
101328.48471296653
101328.58675375106
101328.5970753713
101328.98039534081
101326.50819603525
101322.03985108669
101322.57552344738
101322.577628588
101324.10905301827
101325.45194429078
101327.37887961173
101328.4860501146
101329.43433530533
101329.64723926657
101328.51112471076
101328.45031100654
101325.60220701023
101325.21641171389
101321.91985787134
101322.90982420644
101320.63700708695
101323.98547702022
101327.5431184574
101325.73539977503
101326.71050277332
101325.38556879031
101325.94956904984
101324.76491711868
101324.77205872667
101324.21689419021
101325.05303914528
101325.26674656678
101325.69652051173
101325.86122613229
101326.1449335737
101327.01872352001
101325.18318442121
101321.62149524206
101322.28516459017
101322.50025233415
101324.22473538858
101325.6585701138
101327.51928067603
101328.56685034544
101329.40902049103
101330.3004292773
101329.40322850712
101328.92525207605
101326.15816444786
101325.40667496584
101322.322331027
101322.7713229333
101320.57300851653
101323.09286392995
101326.09568036001
101324.51219387093
101325.67316282148
101324.754301162
101325.39423951994
101324.36116123534
101324.41660893042
101323.9817005356
101324.71175977206
101324.78009439319
101325.0016019364
101324.95930137575
101324.82476096544
101325.67265390097
101324.06967969562
101321.18076114054
101322.41623230415
101322.56948746587
101324.60388975588
101326.078098913
101328.05617736078
101329.34957987361
101330.13392907771
101329.72832795963
101329.05347094318
101328.55608690855
101326.13645348625
101324.96460337102
101322.42044645899
101322.22032625174
101320.33054266046
101322.0664007256
101323.5380746451
101322.20054956425
101322.68662029938
101321.90916764409
101322.25684847376
101321.51635399341
101321.5085321628
101321.17106603921
101321.75443665966
101321.79943991661
101322.03640397899
101322.16797256381
101322.35913573482
101323.12606272378
101322.57571370833
101320.51705268153
101321.90863698201
101322.41899334281
101324.35529175415
101325.98070825152
101327.86547031219
101328.92787242717
101329.53973942844
101330.83795056406
101330.09582198139
101329.19628386866
101327.26100770867
101325.96575836404
101323.32107959491
101322.7058764386
101320.50419921489
101321.6504191893
101322.75800665318
101322.06344422459
101322.88555706387
101322.75922199716
101323.2426628587
101322.59097288299
101322.52023670236
101322.28815658399
101322.69973817572
101322.92849092021
101322.75362684033
101322.59012984679
101322.12504680059
101322.60626206492
101321.75434324821
101320.38381444287
101322.41592204693
101323.12801021396
101325.41137780956
101327.06021836611
101328.83998936453
101329.94260977852
101330.70719875401
101327.23248928941
101326.90922257425
101326.20622989506
101324.9246091426
101323.80441047641
101322.44690935747
101321.77732067248
101320.55471922313
101320.61278119453
101320.44625299166
101320.35984674071
101320.69402853587
101320.7337399611
101321.1469917903
101321.29135624526
101321.3057022937
101321.2249511781
101321.32235202413
101321.08437112829
101320.70655776793
101320.54293536549
101320.30406531904
101320.37890237583
101320.54957338005
101320.64162549417
101321.58596223431
101322.32142612062
101323.66919776241
101324.78689219459
101326.02912241212
101326.78691987004
101327.19999888129
101321.713022476
101321.79866279359
101321.77707711842
101321.31482157377
101320.89325428451
101320.39943123727
101320.35625022907
101320.62762284791
101320.65799695777
101321.54943901055
101322.06261511176
101323.12314254479
101324.1038020605
101325.18197282447
101325.85213616565
101326.25993192293
101326.28288359
101325.97333811442
101325.32069145951
101324.22718378578
101323.20701416647
101322.11693202969
101321.69010531541
101320.56343541297
101320.64360908426
101320.41104727688
101320.42357690817
101320.9775836208
101321.29201957633
101321.81401792381
101321.8126065978
101321.79311572268
101322.05237575305
101322.42977037659
101322.63957342849
101322.42865028148
101322.46566505998
101321.99144515817
101322.48173825587
101321.68760896442
101320.42940372857
101322.54083792865
101323.37533760627
101325.69613510677
101327.37516964611
101329.08653461204
101330.24101167438
101330.99195110543
101331.12529211077
101330.43473250831
101329.46183785194
101327.55568759235
101326.18485569159
101323.57758844108
101322.77282130407
101320.55676039626
101321.55691689313
101322.65814383459
101321.94459928237
101322.69668401095
101322.43929315924
101322.96519427856
101322.39254731128
101322.28262336222
101321.92355089191
101322.38151460489
101322.21098946636
101322.31717652298
101322.34473707054
101322.40962432294
101323.10671061328
101322.52126573163
101320.50193485235
101321.88030979349
101322.34445652454
101324.22117813374
101325.84931545416
101327.59124563617
101328.63272014834
101329.31935078722
101329.50224500937
101328.77469512286
101328.2729605811
101325.97569252115
101324.81941613129
101322.31744073369
101322.18091982286
101320.3891461945
101322.07940707609
101323.49842795607
101322.27939189182
101322.8330692395
101322.21277011285
101322.63866864503
101322.14246159555
101322.23237845089
101323.3650169547
101324.10286587921
101324.27073777693
101324.54853070292
101324.65634488068
101324.57067142462
101325.43669118361
101324.01581183344
101321.23494902426
101322.59021159358
101322.8660344996
101325.02901859954
101326.59461630012
101328.60831606959
101329.98301242082
101330.74950171565
101330.90027599988
101330.03147905921
101329.48581430435
101326.64550683627
101325.81327878466
101322.64752280954
101322.94872943181
101320.67188416877
101323.08989385
101325.9000106759
101324.26668030264
101325.33596113449
101324.34220782341
101324.86258797286
101323.74292921815
101323.76654751338
101324.45427745562
101325.26934192434
101325.33700530385
101325.76480731998
101325.87691320801
101326.08570035802
101326.97169265247
101325.12833231772
101321.62178380993
101322.28900843582
101322.44169420474
101324.14038123534
101325.54514794968
101327.34675592228
101328.43662982029
101329.29227467245
101329.54723545615
101328.38114325606
101328.35039938099
101325.49286345842
101325.0485458597
101321.91439430682
101322.9091273801
101320.70831995746
101323.99832260082
101327.50823146627
101325.74501146063
101326.75725981203
101325.48094777946
101326.08315557281
101324.83732444358
101324.95068391984
101326.58774304915
101327.46910724268
101327.58345544372
101327.94345212143
101328.06136501709
101328.19748411731
101328.82269019434
101326.44567114704
101322.12094159468
101322.8222400299
101322.81454221261
101324.46191903444
101325.87829076439
101327.86758160088
101329.02557270693
101330.00697605719
101330.27187904317
101329.05485317325
101329.04370354136
101325.76990119794
101325.49509258875
101322.05261502742
101323.3444485864
101321.00750080511
101325.02331754469
101329.26839012252
101327.60302202569
101329.03407487441
101327.55420845866
101328.43612053699
101327.00575315402
101327.17127048844
101327.27381127627
101328.13241812089
101328.21392488597
101328.66391876104
101329.08441496632
101329.13098777077
101329.80988197803
101327.26280311197
101322.09878024481
101322.27565237021
101322.5253574363
101323.47829272278
101324.92678841008
101326.67126999334
101327.84565070257
101328.77791169146
101329.0799165209
101327.83616263141
101327.94040522324
101324.77955988357
101324.58502023226
101321.28689530387
101322.76494043262
101321.07800006888
101325.61319038949
101330.4071320973
101328.46884410951
101330.12392898735
101328.28727476027
101329.13414490156
101327.67422058937
101327.92412621483
101328.30609543485
101329.12273214577
101329.23062939236
101329.59518638483
101329.89640720456
101329.77313211503
101330.57455147101
101327.63618658183
101322.14205429731
101322.0616809832
101322.43600183769
101323.25704966873
101324.79821609231
101326.56363878385
101327.83103784689
101328.82477809503
101329.12413594137
101327.87785163568
101327.84463463179
101324.5308984938
101324.43530291875
101321.10041825466
101322.64448714146
101320.99796952594
101325.97420694013
101331.12313867787
101329.22662842972
101330.91704878704
101329.22655764516
101330.17250182273
101328.67816046793
101328.97737068597
101328.46749500631
101329.2557572481
101329.3510165872
101329.71371288758
101330.00081331667
101329.8744963596
101330.64535823248
101327.63900574538
101322.11238957749
101321.90370111799
101322.24761992712
101323.02872870154
101324.51739677359
101326.22542287498
101327.44226502749
101328.413820213
101328.73441597243
101327.52553996055
101327.49447828994
101324.23294621671
101324.18157839138
101320.87774784645
101322.47390193827
101320.92350490819
101325.97116837706
101331.18364413102
101329.3257094849
101330.99041349605
101329.35329961577
101330.29295285878
101328.81975018016
101329.10980235666
101327.31731503653
101328.12387950851
101328.21681370732
101328.63871172411
101329.12477441403
101329.22204514031
101329.89270689107
101327.29067092188
101322.09946445373
101322.26425972917
101322.63615106951
101323.66032750321
101325.15589448811
101326.91082405673
101328.07531311289
101328.99589061618
101329.27859441529
101328.06324913693
101328.10706922173
101324.90376341465
101324.77288776083
101321.40205725194
101322.82653512157
101321.06049516416
101325.6301894917
101330.47530782691
101328.54507444672
101330.15023356253
101328.24957470686
101329.12920663011
101327.64644728153
101327.93080080886
101327.2319512722
101328.05315483356
101328.16030158174
101328.48420505403
101328.58792236299
101328.59611278783
101328.98285913638
101326.50802002021
101322.0400265246
101322.57540273097
101322.57738338388
101324.10863267053
101325.45097151863
101327.37841812844
101328.48528856394
101329.43404198144
101329.6747581659
101328.5258736721
101328.49875644568
101325.41834909658
101325.09786843337
101321.75519990697
101323.12933476198
101320.89492215221
101325.03356862286
101329.41387670426
101327.93698086051
101329.50006006101
101328.11171571979
101329.03972046971
101327.6575403226
101327.82475919068
101324.21688009067
101325.05300255568
101325.26705350433
101325.69536547146
101325.86276543516
101326.14024947537
101327.02399620583
101325.18259716398
101321.61918521259
101322.28463136572
101322.50046056512
101324.2254155166
101325.65918074033
101327.51985020662
101328.56688384192
101329.40905749636
101329.64707078101
101328.51091270572
101328.45006786429
101325.60195102142
101325.21618562295
101321.9195199727
101322.90945036631
101320.63667532471
101323.98524916542
101327.54308966252
101325.73554988905
101326.71060486583
101325.385595481
101325.94969358426
101324.76506195449
101324.77213938991
101323.98177551338
101324.71174565911
101324.7801043146
101325.00062055477
101324.96012976104
101324.82289338962
101325.67377495472
101324.07012018119
101321.18011032321
101322.41530583971
101322.56858800359
101324.6029327913
101326.07641855192
101328.05527440525
101329.34845535165
101330.13334465108
101330.29999353809
101329.40300184554
101328.92506278059
101326.15797740771
101325.40648673588
101322.32205909808
101322.77097386486
101320.57272510737
101323.09269281596
101326.0957013008
101324.51228894842
101325.67311791146
101324.75428129408
101325.39440353858
101324.36136302826
101324.41680073773
101321.17117017553
101321.75450057446
101321.79918272031
101322.03588778659
101322.16817697298
101322.35865468861
101323.12592177943
101322.57568978865
101320.51682474058
101321.90827926013
101322.41840292084
101324.3557005153
101325.98140624509
101327.86610447706
101328.92848043033
101329.54001956987
101329.72841483472
101329.05345744542
101328.55602690479
101326.13633592313
101324.96441842518
101322.42017497521
101322.21998660537
101320.33025379662
101322.06622082143
101323.53801061073
101322.20043437534
101322.68633628548
101321.90906986562
101322.25694586613
101321.51653546367
101321.5087248994
101322.28818745993
101322.69973987759
101322.92812007632
101322.75324528497
101322.58991827308
101322.12476632508
101322.60572548085
101321.75411609953
101320.38378731129
101322.4160412487
101323.12788947835
101325.41117909065
101327.05847141365
101328.83907992367
101329.94195632703
101330.70700366708
101330.83796210578
101330.09590901244
101329.19630739873
101327.26101596077
101325.96568429859
101323.32093538831
101322.70555315838
101320.50384604171
101321.650093649
101322.75766476526
101322.06302946582
101322.88506427451
101322.75905464056
101323.24262937647
101322.59097453063
101322.52031390749
101321.22500009296
101321.3223072495
101321.08415013758
101320.70635306618
101320.54276540797
101320.30394720286
101320.37872197779
101320.54956711907
101320.6417050412
101321.58609884817
101322.32142057395
101323.669506265
101324.78688144904
101326.0294406677
101326.78707848855
101327.20002960011
101327.23249874068
101326.90928578873
101326.20630343017
101324.92469218816
101323.80431300199
101322.44671909993
101321.77703816799
101320.55442738456
101320.6124791606
101320.44584521538
101320.35937371429
101320.69356657282
101320.73353640352
101321.14686602418
101321.29137605129
101321.30579623893
101326.28297778839
101325.97319878259
101325.32047965963
101324.22700824207
101323.20687081045
101322.11686711024
101321.69012725094
101320.56351329172
101320.6438860175
101320.41131434728
101320.42388813585
101320.97795317166
101321.29252901825
101321.81422733075
101321.81284650115
101321.79319581197
101321.71300414547
101321.7987393814
101321.77714380716
101321.31491869102
101320.89320789053
101320.39929020441
101320.35605666506
101320.62737805727
101320.65775175102
101321.54914538225
101322.06224946279
101323.1227560305
101324.10355315973
101325.18187123587
101325.85218079275
101326.26007839173
101331.12524282357
101330.43446687571
101329.4615583993
101327.55550478116
101326.18476934088
101323.57756454959
101322.77291895605
101320.5569195197
101321.55727733833
101322.65849212131
101321.94493893896
101322.69698400974
101322.43957574254
101322.96509690434
101322.39258031826
101322.2825131047
101322.0522218604
101322.42982314166
101322.63937820375
101322.42852988515
101322.4657098813
101321.99140230994
101322.48146197436
101321.68746109275
101320.42929726456
101322.54073760219
101323.37524705262
101325.69590657319
101327.37496727084
101329.0864801321
101330.24111193666
101330.99210466832
101329.50200405749
101328.77434561153
101328.27267442177
101325.97558806502
101324.81938667597
101322.31746161691
101322.18102819219
101320.38936881852
101322.07965281248
101323.49862236957
101322.2794816784
101322.83297828119
101322.21268288804
101322.63861961474
101322.14245932584
101322.23236904084
101321.92348582836
101322.38171824437
101322.21074454339
101322.31727430192
101322.34488742054
101322.40964622253
101323.10686657096
101322.52129797961
101320.50196882291
101321.88046685419
101322.34457637972
101324.221082932
101325.84910441129
101327.59102412428
101328.63268151713
101329.319162917
101330.90001943
101330.0310741984
101329.48564548157
101326.64547494377
101325.81319402237
101322.64744333881
101322.94868765547
101320.67190621101
101323.08994230074
101325.90009180839
101324.26673648335
101325.33599088152
101324.34222273795
101324.86263928287
101323.74302350177
101323.76667216784
101323.36509077519
101324.10328568085
101324.27036152182
101324.54865285696
101324.6563228117
101324.57100122891
101325.43705027379
101324.01568560841
101321.23502390084
101322.59036718472
101322.86610865657
101325.02884458711
101326.59432314448
101328.60822201172
101329.98292676811
101330.7493205395
101329.54705568288
101328.38088454693
101328.35029610558
101325.49281014343
101325.0485067266
101321.91436555239
101322.90911673367
101320.70829648199
101323.99835696546
101327.50831748405
101325.74515340591
101326.75735728348
101325.4810467003
101326.08334498145
101324.83754734966
101324.95088836191
101324.45445864492
101325.269817961
101325.33695686994
101325.76528056271
101325.87696695451
101326.0864500044
101326.97174926705
101325.12803053843
101321.62167313526
101322.2891183079
101322.4417315099
101324.14010605868
101325.54483954697
101327.34673356163
101328.4366096475
101329.29187264592
101330.27197516193
101329.05471318835
101329.04352521598
101325.76977446271
101325.49500877186
101322.05258497274
101323.34446692717
101321.00751081102
101325.02335128521
101329.26845952991
101327.6031276157
101329.03415839931
101327.55425180448
101328.43620742983
101327.00583715794
101327.17129980923
101326.58775113297
101327.46926237586
101327.58325860745
101327.94357096378
101328.0613448112
101328.1975804992
101328.82285766714
101326.44552225228
101322.12085319846
101322.82244093061
101322.81471129128
101324.46162711644
101325.87767296251
101327.86749859729
101329.0259582477
101330.00705499554
101329.07955212583
101327.83596088822
101327.94030411277
101324.77949541309
101324.58498192395
101321.28693107491
101322.76504937395
101321.07808177092
101325.61325214732
101330.40714775768
101328.46880225127
101330.12386489924
101328.28717348764
101329.13403862764
101327.67411692618
101327.92394623127
101327.27366486765
101328.13219438364
101328.21397392954
101328.66398724882
101329.08450385483
101329.13117870917
101329.80990663766
101327.26258702032
101322.09858498015
101322.27572654655
101322.52549859404
101323.47811906578
101324.92621373167
101326.67082780125
101327.84529702492
101328.77738018986
101329.12441629075
101327.87801372397
101327.84473440741
101324.53092725163
101324.43530538329
101321.10051245822
101322.64466040324
101320.99809155439
101325.97429079501
101331.12314778731
101329.2265736226
101330.91699698541
101329.22650986795
101330.17246180664
101328.67807947207
101328.97715496836
101328.30593606093
101329.12243018147
101329.23070158523
101329.59508377587
101329.89633391595
101329.77333834718
101330.57449193166
101327.63601082232
101322.14181091059
101322.06165948451
101322.43603539836
101323.25690449997
101324.79791477103
101326.56359731129
101327.83144810573
101328.82504459744
101327.62181382792
101327.28429278416
101327.31589018877
101325.8825289634
101325.59456349551
101323.57506217533
101324.95949154245
101323.56173370291
101325.03779869559
101327.69134172201
101326.79580815908
101328.17573160838
101327.00042706239
101328.4594521509
101327.44358895812
101327.83555458589
101327.51728953324
101327.65054344844
101328.09364626897
101327.20465632489
101327.6694071407
101326.80313642413
101327.91242592581
101325.6036412332
101323.81272811923
101324.99257496538
101323.99315240596
101325.25039348578
101325.76845436233
101326.92618100913
101327.12875795967
101327.54432892505
101327.58015604112
101327.19006801171
101327.32131333594
101325.94984123405
101325.67378886604
101323.65588595573
101324.93850677164
101323.5193421268
101324.79913736759
101327.35840081864
101326.60841042535
101327.73314844615
101326.72402439703
101328.00088874482
101326.9961358228
101327.42792409261
101327.16457330534
101327.27026179651
101327.66528235763
101326.91871121294
101327.27144375985
101326.62321062383
101327.56636144679
101325.42864015742
101323.71348033048
101324.88977595067
101324.04155942878
101325.31206068452
101325.83667734804
101326.96562052083
101327.13485766352
101327.54394112379
101328.22067639006
101327.81382780628
101327.73969040473
101326.30658805111
101325.99971896478
101323.90914495137
101325.01786144215
101323.41887369918
101324.46655283842
101326.73923001971
101326.21828949297
101327.38855271034
101326.66508757925
101327.84498431814
101327.05175218375
101327.49121232909
101327.17829981679
101327.33639427822
101327.60307754909
101326.89469642342
101327.01802311256
101326.21271442572
101326.88448494182
101324.96602448756
101323.54700933871
101325.00316357973
101324.26296601101
101325.6873180985
101326.21851245945
101327.37925528166
101327.66501625962
101328.16092728767
101327.15897943648
101326.89645482016
101326.86351986173
101325.64675728737
101325.32182681031
101323.57950531106
101324.34440620561
101323.20715640744
101323.60577976439
101325.43169914209
101325.00747068903
101326.0066099605
101325.497453077
101326.39749473739
101325.69300764067
101326.05844704513
101325.80870917188
101325.97524011786
101326.2214334686
101325.68118352894
101325.76308983131
101324.93938157668
101325.57978285779
101324.01511816167
101323.32342587071
101324.20191096401
101323.72977165988
101325.19915618139
101325.55338385918
101326.56152841673
101326.74859246254
101327.10314066507
101327.81022204162
101327.40494662749
101327.17412657032
101325.89881801268
101325.21364707255
101323.48453690266
101323.70361442494
101322.71280859494
101322.76200990778
101324.48540757484
101324.51609368026
101325.34529334519
101325.19194899999
101326.01078699096
101325.43887832249
101325.74085055556
101325.5270340245
101325.70793771344
101325.907065512
101325.3384767898
101325.07647770672
101324.44144047031
101324.53223920111
101323.22935830566
101322.59066444376
101323.60239327382
101323.48824139853
101325.00635293178
101325.68282480128
101326.831863064
101327.26339828418
101327.72329570008
101326.79688883868
101326.61671770949
101326.25642176528
101324.98027762084
101324.50161539063
101323.25025636115
101322.98639124236
101322.00383259547
101322.02591230438
101323.22418718565
101323.25552747221
101323.62943728705
101323.52866065859
101324.04190882514
101323.61569786967
101323.78280407911
101323.62974730543
101323.76183578106
101323.95099995217
101323.60725001225
101323.37234637444
101323.20433531655
101323.17750359059
101322.36973293948
101321.96177080968
101322.82490613635
101323.24684263833
101324.359980258
101324.86906757837
101325.96077450106
101326.49449826173
101326.73731232042
101327.8647197441
101327.53098697442
101326.87353550924
101325.57166960463
101324.5682604092
101323.21808322906
101322.56687677882
101321.88797852215
101322.11031168574
101322.58961975097
101322.87844555241
101323.72672500263
101324.20878712923
101325.04635632773
101324.89649340173
101325.07239714757
101324.95789270515
101324.96553366384
101325.00439160234
101324.31649315066
101323.63162779124
101322.923092093
101322.48721836894
101322.20308805906
101321.87724870128
101322.41419783795
101323.08244914481
101324.38233075288
101325.42595761543
101326.69103770961
101327.43031369269
101327.83769919038
101325.45722473864
101325.24737290035
101324.79625472518
101323.89056924146
101323.09585073202
101322.30388511553
101322.20921476264
101321.71188624752
101321.72934214753
101321.97235095635
101321.91868254918
101322.58275814887
101323.2189370874
101323.50091299281
101323.50138875633
101323.62186059539
101323.55515710678
101323.51038208228
101323.35293826603
101323.11648161543
101322.59065181183
101321.94463920477
101321.87830918067
101321.68061180352
101321.67979244971
101322.17033858884
101322.30792832781
101323.04329372947
101323.78009865966
101324.72985667468
101325.22609395238
101325.4591630386
101323.73958114706
101323.63646183557
101323.43813920811
101323.1994838808
101322.55198156228
101321.94439304707
101321.89741911044
101321.67155348128
101321.71763730231
101322.13233755328
101322.16404270694
101322.83113820694
101323.6070104541
101324.50443512623
101324.91336680339
101325.15470019559
101325.15391894509
101324.93788205468
101324.54912536885
101323.69004627876
101322.84123308951
101322.12416581031
101322.13972747637
101321.72526880955
101321.7261339058
101321.94411149275
101321.94694656429
101322.57009264578
101323.22848658415
101323.59573785997
101323.61422246721
101323.80160960695
101325.02653749731
101324.97155280723
101325.00849397901
101324.26111707393
101323.60164575708
101322.86869107411
101322.45373477992
101322.21674877625
101321.94141165915
101322.50668454329
101323.17961011388
101324.39130361365
101325.41859525436
101326.6492670508
101327.3526031661
101327.75651030363
101327.78750564608
101327.47044767273
101326.82621742609
101325.52744796197
101324.56727930947
101323.25512979229
101322.61747612254
101321.98038264373
101322.12622648801
101322.57431610965
101322.82283062574
101323.73347026712
101324.14601552943
101325.10608042829
101324.88776145256
101325.13074881068
101323.93822495535
101324.06980570998
101324.18787809688
101323.74006482464
101323.42582545783
101323.21896091556
101323.1335352875
101322.39618244463
101322.00453691575
101322.81771413379
101323.2805036426
101324.44398068833
101324.97322265367
101326.04518911133
101326.55970527085
101326.80157397207
101326.86630161613
101326.704196095
101326.35589554069
101325.0995646501
101324.59099528962
101323.30767571407
101322.9770475223
101321.98634615757
101322.06792321111
101323.21803839749
101323.26812758038
101323.65386556865
101323.63026729648
101324.2650695319
101323.90242138162
101324.08298906953
101325.43640152628
101325.58820228619
101325.8133401118
101325.31012549219
101325.01067346512
101324.39947860663
101324.47914920184
101323.23514021451
101322.65461635881
101323.70890417902
101323.66284364797
101325.2248325931
101325.93638910828
101327.12379660565
101327.61191505282
101328.07671544977
101328.1658162704
101327.74383721592
101327.4542998523
101326.08194907992
101325.40750263708
101323.65880464663
101323.77561196008
101322.73432318043
101322.78679972376
101324.4326982185
101324.48147493179
101325.30283622388
101325.20632779738
101325.97297138239
101325.32542256033
101325.63388899151
101325.82528985626
101326.00154694247
101326.2384407355
101325.66052349692
101325.66908844675
101324.89480794266
101325.52602999259
101323.98313366043
101323.35841320144
101324.16814173239
101323.70056699787
101325.1835956834
101325.54538248286
101326.51333206211
101326.70485498868
101327.04142873554
101327.10229195005
101326.83286280603
101326.78869219193
101325.58667750983
101325.28969957076
101323.58144829817
101324.31523902439
101323.29666640858
101323.60043694667
101325.42062347944
101324.98353846149
101325.98324620751
101325.54536831722
101326.42913642965
101325.71175889127
101326.07555406506
101327.05008676225
101327.20204470363
101327.44159632313
101326.7268679509
101326.81460537833
101326.04460007252
101326.81301412229
101324.97613514958
101323.68178271003
101325.09650798002
101324.34817975163
101325.80130615942
101326.34455898494
101327.5149533239
101327.87798688987
101328.39240595643
101328.46077043192
101328.00907701018
101327.89288071415
101326.42318078966
101326.06543380574
101323.98248796219
101325.081420862
101323.53408485054
101324.49697666631
101326.6840832203
101326.11001004891
101327.23448444525
101326.5566468912
101327.68987850317
101326.89163819484
101327.32367827572
101327.09611727046
101327.19634447069
101327.57174079212
101326.81742827459
101327.16474185957
101326.53843473225
101327.52461554526
101325.43352747271
101323.73357168132
101324.87968632158
101323.98603488097
101325.1861157573
101325.67673997652
101326.79524558032
101327.021113458
101327.46158067964
101327.5063890481
101327.09811282421
101327.18712712523
101325.79855498522
101325.52085194217
101323.57566877229
101324.9368432573
101323.55217877483
101324.82943412359
101327.332275119
101326.55653529966
101327.66500347134
101326.65254678912
101327.90781049253
101326.92345480011
101327.37349152443
101327.4987196249
101327.64438214115
101328.06312474297
101327.17275189642
101327.61622256387
101326.77003973324
101327.8999609874
101325.61462105901
101323.86551739249
101325.06916667629
101324.09195688492
101325.36726640501
101325.90795153062
101327.07609944008
101327.29505556765
101327.72255404189
101327.79071976602
101327.43157109013
101327.50027058354
101326.02241735216
101325.71351575518
101323.66228157966
101325.02337324031
101323.61400366349
101325.05425018398
101327.68914734935
101326.77017675716
101328.1288093685
101326.96837396002
101328.42047608408
101327.41002139215
101327.80860051422
101327.51744451676
101327.65090184323
101328.09369262459
101327.2048378529
101327.66967240501
101326.8029730251
101327.91266087122
101325.6038759794
101323.81295054895
101324.99258903574
101323.99318647591
101325.25042200132
101325.76870057255
101326.92635729715
101327.12861843823
101327.54420095419
101327.62162568748
101327.28419427162
101327.31582122606
101325.88266632453
101325.5944083498
101323.57492043372
101324.95924612421
101323.56147564432
101325.03759069947
101327.69120615286
101326.79581127022
101328.17574217754
101327.0004781982
101328.4594328173
101327.44363074457
101327.83574041913
101327.16460698409
101327.27051211389
101327.66534966402
101326.91859438489
101327.27192055921
101326.62295692612
101327.56682528196
101325.4290388072
101323.71341133417
101324.88966950167
101324.04157829192
101325.31215399568
101325.83688590485
101326.96579866798
101327.13473257524
101327.5439722795
101327.58006141862
101327.19010827001
101327.32076483013
101325.95011303003
101325.6740105958
101323.65528550326
101324.93818760554
101323.51900689155
101324.79886641257
101327.35821678753
101326.60839107767
101327.73314296284
101326.7240657387
101328.00086542348
101326.99615508664
101327.4280285358
101327.17830454036
101327.33641599421
101327.6032317332
101326.89451554086
101327.01884331265
101326.21247504762
101326.88511529783
101324.96645569758
101323.54718287612
101325.0031260488
101324.26285578372
101325.68699924882
101326.21805371197
101327.37895191168
101327.66463230882
101328.16082707452
101328.22059835019
101327.81383337131
101327.73966141787
101326.30638954518
101325.99958214027
101323.90887438724
101325.01751663537
101323.41850773474
101324.46624332159
101326.73901576926
101326.21822539004
101327.38854397951
101326.6650936878
101327.84497545622
101327.05179973014
101327.49127769818
101325.80871111885
101325.97516393042
101326.22160015018
101325.68079785029
101325.76386778115
101324.93859813908
101325.58012092086
101324.01745519544
101323.32377266073
101324.20203411997
101323.7297419914
101325.19926551874
101325.55354913216
101326.56174964935
101326.74858632148
101327.10315400008
101327.15890315283
101326.89637351505
101326.86342442725
101325.64657386279
101325.3216046835
101323.57917594691
101324.3440074776
101323.20674041766
101323.6054478931
101325.43149207406
101325.00744542789
101326.00664584563
101325.49745256241
101326.39752768711
101325.69309937952
101326.05854082986
101325.52700425449
101325.70786392827
101325.90702285783
101325.33806116886
101325.07682488566
101324.44112055807
101324.53172061476
101323.22996442634
101322.59094789451
101323.6023885905
101323.48767164114
101325.00579778105
101325.68220151433
101326.83124063231
101327.26269706425
101327.72285628677
101327.80988058548
101327.40478408025
101327.1739712103
101325.89863951903
101325.21346356734
101323.48424888123
101323.70327651848
101322.71250431465
101322.76181162323
101324.48534049671
101324.51619180375
101325.34536332051
101325.19194936217
101326.01084741687
101325.43896613616
101325.74091072462
101323.62974233845
101323.76185441816
101323.95086599479
101323.60691678853
101323.3722188989
101323.20405411426
101323.17766266738
101322.37030660766
101321.96185012584
101322.8251318752
101323.24684226702
101324.36051486697
101324.86991464878
101325.961165897
101326.49470339378
101326.73742167644
101326.796918319
101326.61670943038
101326.25631275456
101324.98013462119
101324.50146293189
101323.25003822717
101322.98611972261
101322.00360215033
101322.02576171575
101323.22425989524
101323.25561110399
101323.6293631166
101323.52854930118
101324.04194602845
101323.6157486538
101323.78287327501
101324.95785902606
101324.96546491324
101325.00423138408
101324.31626858372
101323.63139463363
101322.92283602932
101322.48712187915
101322.20328813003
101321.87740226497
101322.41440903013
101323.08250278307
101324.38245172214
101325.42549691455
101326.6906745036
101327.43011841833
101327.83756897556
101327.86463281153
101327.53095025828
101326.87346060618
101325.57156373753
101324.56809302565
101323.21780326228
101322.56662049066
101321.88780844226
101322.11025037637
101322.58956697703
101322.87827628673
101323.7263235148
101324.20850392143
101325.04626926096
101324.89647748212
101325.07244927032
101323.55518919814
101323.51029664298
101323.35277016225
101323.11630694947
101322.59045797714
101321.94446523108
101321.87823386707
101321.68066369386
101321.67992353607
101322.17048192117
101322.3079167004
101323.04316639926
101323.77933375137
101324.72968957851
101325.225916624
101325.45892232395
101325.45704196811
101325.24728256607
101324.79616409627
101323.89042543856
101323.09559503177
101322.30348459385
101322.20895870686
101321.71176401457
101321.72929485374
101321.97218843635
101321.91834251514
101322.58227816844
101323.21861447356
101323.50080580184
101323.50135059157
101323.62195730499
101325.15395533154
101324.93763311542
101324.54887035748
101323.68988522867
101322.84112655405
101322.12413892659
101322.13975074081
101321.72536299544
101321.72640647049
101321.9443941255
101321.94718589631
101322.5702033251
101323.22858371206
101323.59590129026
101323.61436153376
101323.80155615701
101323.73947328434
101323.63641396994
101323.43803948138
101323.19929336815
101322.55156517879
101321.9439533804
101321.89718071467
101321.67142354969
101321.71754073529
101322.13211845924
101322.16363475352
101322.83065224848
101323.60671497333
101324.50426566722
101324.91328971328
101325.15477735171
101327.78744659507
101327.47019597175
101326.82599762472
101325.52726661482
101324.56717476265
101323.25509112768
101322.61752976791
101321.98054352535
101322.12649481642
101322.5745641026
101322.82303296043
101323.73341768121
101324.14577749827
101325.10597446152
101324.88769525589
101325.13059599421
101325.02637919685
101324.97150586679
101325.00831259062
101324.26085043914
101323.601256312
101322.86831998805
101322.45345763766
101322.21659381979
101321.94124316293
101322.50648822747
101323.17930468866
101324.39095955793
101325.41831939504
101326.64911148636
101327.3525038005
101327.75650021849
101326.86613509436
101326.7046030636
101326.35603887981
101325.09957329855
101324.59096459573
101323.30766412546
101322.97708356469
101321.98645155386
101322.06817780792
101323.21820872094
101323.2682298283
101323.65376924039
101323.63012419679
101324.26495147488
101323.90237046145
101324.08289132241
101323.93809859594
101324.06987795365
101324.18764887794
101323.73989314948
101323.42550244225
101323.21867951717
101323.13339053885
101322.39603762145
101322.00448370627
101322.81766464132
101323.28037914929
101324.44380608543
101324.97304825261
101326.04497158206
101326.55944995595
101326.80139328624
101328.1657176888
101327.74368463561
101327.45424230337
101326.08192000413
101325.40744844358
101323.65872463922
101323.77555121567
101322.73433695021
101322.78682245055
101324.43270786646
101324.48152539146
101325.30276674053
101325.20625455413
101325.97292631312
101325.32548447562
101325.63393641217
101325.43642446175
101325.5884547805
101325.81319131298
101325.31009404178
101325.01028745291
101324.39918604036
101324.47920702037
101323.23524829568
101322.6547185464
101323.70908496151
101323.66288715613
101325.22477978854
101325.93632659878
101327.1237870203
101327.61197037922
101328.07672296562
101327.10229483622
101326.83287287554
101326.78878837447
101325.5867384075
101325.28969759587
101323.58138941985
101324.31515068284
101323.29658970566
101323.60042506343
101325.42065244754
101324.98356777914
101325.98320859438
101325.5453573269
101326.42920906647
101325.71196403883
101326.0757121655
101325.82543669079
101326.00187634533
101326.23844895839
101325.6605345639
101325.66905863311
101324.89469292444
101325.52607732204
101323.98315334239
101323.35846331624
101324.16829819113
101323.70063929971
101325.18351211716
101325.54521573328
101326.51328114011
101326.70490111878
101327.04154597846
101328.46111346909
101328.00929562023
101327.89297696602
101326.42315813174
101326.06538970231
101323.98243708313
101325.08138814601
101323.5340518685
101324.496954004
101326.68410152165
101326.11000716629
101327.23445129165
101326.55662521895
101327.68992165505
101326.89176840328
101327.32372864506
101327.05015817136
101327.20214861093
101327.44159239276
101326.72681178834
101326.81464639348
101326.04457495318
101326.8131046679
101324.97613784009
101323.68174801674
101325.09662143576
101324.34831244421
101325.80120499845
101326.34412547719
101327.51489600644
101327.87829743291
101328.39278508254
101327.50666017699
101327.09828404468
101327.18716757081
101325.79850259174
101325.52079426555
101323.57566343507
101324.93690945768
101323.55224479627
101324.82949534516
101327.33230857451
101326.55648011884
101327.66493918837
101326.65243369689
101327.90775849325
101326.9233796987
101327.37333352918
101327.09608067721
101327.19605966656
101327.57173298142
101326.81717294719
101327.16475575205
101326.53848709411
101327.524635674
101325.43347673467
101323.73343905524
101324.87971910219
101323.98610997725
101325.18607405048
101325.67629999293
101326.79496587031
101327.02121510477
101327.46173698365
101327.7911498727
101327.43183909616
101327.50038242374
101326.0224173583
101325.71346917925
101323.66232959126
101325.02350747403
101323.61413637127
101325.05433591679
101327.68918945902
101326.77010435138
101328.12875221894
101326.96830232212
101328.42048445161
101327.41005766466
101327.80829884301
101327.49859306324
101327.64412385976
101328.06309875679
101327.1724344103
101327.61615643758
101326.77019819283
101327.89993564232
101325.61456118696
101323.86536427702
101325.0691370407
101324.09190823497
101325.3671562435
101325.90760432128
101327.07596689832
101327.29532034624
101327.72292023004
101327.52806488609
101327.60730710154
101328.05422619899
101327.16572780773
101327.54529827375
101326.73385370568
101327.65860077944
101325.45955109176
101323.96267820857
101325.12501528856
101324.07537134922
101325.37590527348
101325.84027002921
101326.93973374971
101327.1608033209
101327.56018124356
101327.6197459024
101327.31785029797
101327.33419636468
101325.96367170966
101325.64967002612
101323.69217670536
101325.09974621252
101323.73482673112
101324.93705667809
101327.46757362103
101326.75688755391
101328.03615009334
101326.97945918431
101328.38984100633
101327.41947223707
101327.82978193587
101327.21016589466
101327.26295901714
101327.67857180374
101326.91602274065
101327.18959269916
101326.57055175454
101327.32608629015
101325.25873643547
101323.84612648611
101324.98944170846
101324.1042313824
101325.40889182001
101325.88591422887
101326.94077395498
101327.13348899435
101327.52791551284
101327.55716461051
101327.18048766206
101327.30188258088
101325.99374731115
101325.71149077383
101323.76801922327
101325.06497472001
101323.68637820247
101324.69083482158
101327.14217495281
101326.57081830804
101327.62238766989
101326.72822650234
101327.97497219365
101327.02797316571
101327.46503993396
101327.2016588182
101327.33390556011
101327.59746492037
101326.85303006931
101326.91460890268
101326.1605573478
101326.69396704881
101324.84464751658
101323.68013060905
101325.088269903
101324.33480827339
101325.78093027949
101326.26679128317
101327.34866910308
101327.65762319103
101328.13366851717
101328.18482239319
101327.81651935939
101327.71614526937
101326.33467292602
101326.01932960472
101324.00141184327
101325.12240436726
101323.57933381517
101324.42037822495
101326.57170152118
101326.17328582461
101327.27526882093
101326.61600947328
101327.79550838142
101327.04464746636
101327.51773660508
101325.91413375842
101326.04083267091
101326.29535039287
101325.67698861989
101325.6934508082
101324.91447825234
101325.42003686589
101323.93077286088
101323.42089460796
101324.27362519487
101323.80261761443
101325.21202259483
101325.57428711261
101326.49804867865
101326.71531220092
101327.04257077239
101327.09416761757
101326.88181202723
101326.81242398899
101325.62672412588
101325.31436048992
101323.66756468285
101324.4543566089
101323.3609955659
101323.55607046881
101325.29697609659
101324.98085879949
101325.91763421483
101325.48269653783
101326.43760215149
101325.75972827619
101326.15843036061
101325.58711185966
101325.73296212885
101325.93974094835
101325.3477385686
101325.04758166304
101324.43949812604
101324.39430024565
101323.11919808177
101322.6927936103
101323.71926592635
101323.54971885351
101325.00662219481
101325.63248768332
101326.73255076793
101327.16338721146
101327.59200474067
101327.67397949962
101327.31373717368
101327.06331374691
101325.81820989423
101325.19742981023
101323.52856125332
101323.82687123191
101322.79810486811
101322.66537923038
101324.36272122247
101324.49073717472
101325.31039126776
101325.18494761639
101326.01865902181
101325.46084524224
101325.79381050708
101323.74650110988
101323.87005536587
101324.02349226142
101323.69451365282
101323.397750112
101323.21886079904
101323.08427005258
101322.36515267925
101322.00359267765
101322.80657559747
101323.26108422926
101324.3691261936
101324.84605999991
101325.91470402846
101326.4285031663
101326.66364175385
101326.72127454042
101326.55599018137
101326.20578384885
101324.95515661777
101324.50424728167
101323.2712843208
101322.97007869238
101322.02794328184
101322.01846978409
101323.19184665001
101323.25626041584
101323.66167927631
101323.58735309527
101324.11343767986
101323.71161583535
101323.89677677922
101325.08695109164
101325.07385601811
101325.09917727401
101324.40763405537
101323.74512343676
101322.90608099289
101322.46488949608
101322.22455939917
101321.89186888345
101322.45490237446
101323.06727138892
101324.26231139872
101325.29202452979
101326.52620768944
101327.21808796746
101327.60344274751
101327.63232179785
101327.31580850798
101326.70010496295
101325.42610561886
101324.43471502178
101323.1499364693
101322.54134193099
101321.92436779905
101322.12088806345
101322.60214616146
101322.83390607328
101323.79315114325
101324.2754465538
101325.13492097126
101325.00131382092
101325.20326916229
101323.70226328932
101323.65310287739
101323.50425792451
101323.24618209802
101322.67306230374
101321.96814096173
101321.90013312911
101321.70217383614
101321.6934344481
101322.17972609434
101322.28570717736
101322.94928678576
101323.72782713978
101324.64942235257
101325.10365530397
101325.34504928405
101325.34862765561
101325.119164584
101324.72734689859
101323.82784512956
101322.98953519147
101322.29018545785
101322.22865222547
101321.72215966889
101321.72829872856
101321.98598089133
101321.94901168949
101322.67702076471
101323.31982601117
101323.6455267516
101323.64156441797
101323.7731839694
101325.01958279579
101324.78728137538
101324.474306216
101323.61977950684
101322.73017984307
101322.1035027311
101322.15712426489
101321.7215481669
101321.72879149654
101321.96335797793
101321.98226280775
101322.67856140235
101323.35380699858
101323.7409212835
101323.77135220396
101323.96396540574
101323.90783160823
101323.79478736022
101323.58898105756
101323.33012407311
101322.62670852049
101321.974631456
101321.90632745769
101321.69914339647
101321.72040029659
101322.13514694032
101322.11410728388
101322.71333557605
101323.5331767343
101324.43011157079
101324.76779812803
101325.02881218173
101327.54689237647
101327.23462680427
101326.64088337751
101325.37049633733
101324.42855874756
101323.22919865741
101322.63786116609
101322.02055608138
101322.13537075135
101322.58652794348
101322.83511073832
101323.80841994134
101324.22755096856
101325.17816148543
101324.99320678311
101325.26310452852
101325.16892832823
101325.0765546929
101325.10155912282
101324.34915520388
101323.71793616882
101322.84290553821
101322.46690835516
101322.23236679076
101321.95116822943
101322.53405990812
101323.12925844119
101324.26963103079
101325.26330371673
101326.47432468094
101327.12044113826
101327.5215786992
101326.82734458309
101326.66787349734
101326.29836876775
101325.06190164293
101324.56822508444
101323.29624640393
101322.9272963391
101322.01693957139
101322.06176428328
101323.15945240229
101323.27153302927
101323.69790764898
101323.7038301188
101324.32597906217
101323.96353556818
101324.16825931579
101324.03267539649
101324.13466193518
101324.2723483929
101323.82859032031
101323.47392947123
101323.24881836964
101323.09074110872
101322.3937401329
101322.04374394925
101322.83993630757
101323.30007730382
101324.45440065031
101324.94617202341
101326.01625414976
101326.52071793561
101326.76324170147
101328.00930933974
101327.62004537167
101327.33743457901
101325.98877121512
101325.37728142363
101323.69845221497
101323.87985959198
101322.81703052291
101322.69134564884
101324.3190352637
101324.4757371414
101325.27488654541
101325.21244698635
101326.00420595266
101325.40493101245
101325.74011936573
101325.55249348117
101325.67522013884
101325.88883000167
101325.33646637622
101325.01395798207
101324.40136602434
101324.33258749786
101323.12456877553
101322.75192852745
101323.79876802537
101323.7176329139
101325.22313090475
101325.85404076539
101327.02851639997
101327.49315841318
101327.92567235138
101327.06426989308
101326.83726762216
101326.74150263291
101325.56446466423
101325.27747620517
101323.65775893962
101324.41253942698
101323.44485315542
101323.55433955412
101325.28304255502
101324.95071275304
101325.89376261833
101325.53301583474
101326.46684033846
101325.75394777872
101326.14475246216
101325.89790253667
101326.04955704098
101326.3025410046
101325.68015480692
101325.61893363605
101324.86858409163
101325.37229517827
101323.90168971619
101323.4526144593
101324.24413253539
101323.78674122447
101325.21192514003
101325.56361651359
101326.46080647767
101326.6891853081
101327.00161724832
101328.40378095428
101327.99159634826
101327.85264960473
101326.4435427453
101326.07774557974
101324.07319330427
101325.18772092511
101323.70213463172
101324.44657912783
101326.51970344527
101326.07341701572
101327.13020353552
101326.49603303058
101327.62871763017
101326.87256969763
101327.32599278477
101327.05803352702
101327.1887724797
101327.41868474154
101326.67816240777
101326.72139022773
101325.99312024466
101326.62514071107
101324.83578799664
101323.80847526436
101325.16841522836
101324.4085772809
101325.88235905477
101326.37972925486
101327.47685825084
101327.8497565584
101328.3412766984
101327.49209067492
101327.11163579121
101327.17554636099
101325.84878880512
101325.55433255879
101323.67724120695
101325.05794410694
101323.71670350588
101324.71853555094
101327.11573495899
101326.51946190893
101327.55604507252
101326.6449505294
101327.87535555087
101326.9496674812
101327.40102275999
101327.12290323473
101327.17187097513
101327.56466216133
101326.80349140994
101327.07913182533
101326.48366712703
101327.29096006646
101325.27790560925
101323.86848067684
101324.98070722538
101324.04626462505
101325.27964837541
101325.72854308654
101326.77653531216
101327.03511501367
101327.45274104801
101327.77169426178
101327.46137110479
101327.51063610737
101326.09928119514
101325.76867495138
101323.78242995204
101325.17307894344
101323.79334156602
101324.95880109345
101327.46968259718
101326.73566288495
101327.99289384131
101326.94743686561
101328.35730893299
101327.39890184223
101327.80926286882
101327.5101208221
101327.62232412366
101328.0329624858
101327.13754209066
101327.49259464294
101326.6991697201
101327.64562880583
101325.46275248734
101324.00882176735
101325.19386243205
101324.1659830889
101325.48692357432
101325.97536068218
101327.08051343294
101327.320889533
101327.72755528989
101327.61988982771
101327.31819606767
101327.33447477024
101325.96383276492
101325.6497183571
101323.69196878601
101325.09974680468
101323.7349064133
101324.93712772675
101327.46762623375
101326.75695407028
101328.03621100735
101326.97962738536
101328.38997480602
101327.41949649231
101327.8297300999
101327.52798529723
101327.60732675658
101328.05424703663
101327.16576375961
101327.54528419903
101326.73366467463
101327.65830281952
101325.45916711695
101323.96226846197
101325.12471012195
101324.07527572021
101325.37590316313
101325.84036303571
101326.93992223973
101327.16090694508
101327.56011425809
101327.55728113321
101327.18071159386
101327.30195823553
101325.99366548573
101325.71146395482
101323.76782831924
101325.06499882218
101323.68649722741
101324.69077663682
101327.14212720266
101326.57082693702
101327.62237944821
101326.72828657439
101327.97494414775
101327.02784843485
101327.46500889178
101327.2102468997
101327.26290361508
101327.6787473779
101326.91557424019
101327.18965800185
101326.57031868238
101327.32569005767
101325.2582481861
101323.8456206843
101324.98910039203
101324.1040866007
101325.40878229027
101325.88588369531
101326.94079494252
101327.13345328369
101327.52797774246
101328.18490812703
101327.81658382044
101327.71612639847
101326.33448445899
101326.01941365551
101324.00133123304
101325.12276289336
101323.57953846667
101324.42031252894
101326.57161782518
101326.17320907737
101327.27511020171
101326.6159157181
101327.79552740439
101327.04469930331
101327.51796608834
101327.20190444203
101327.33411270301
101327.59756569873
101326.85292012269
101326.91442246331
101326.16019771095
101326.69358345996
101324.84422007788
101323.67974247765
101325.08804165124
101324.33458823405
101325.78084178512
101326.26674470647
101327.34867716504
101327.65754377577
101328.13375870258
101327.09419956771
101326.88183600992
101326.8123913396
101325.62644253726
101325.31428906901
101323.66749911872
101324.45421268334
101323.36134206802
101323.55582285757
101325.29669241268
101324.98062963082
101325.91738610633
101325.48266197453
101326.43762268798
101325.75969475672
101326.15845786163
101325.91410371968
101326.0409001526
101326.29531513566
101325.6768097383
101325.69320021942
101324.9140860154
101325.41968478046
101323.93036127696
101323.42045738296
101324.27331292673
101323.80235909484
101325.21186635645
101325.57418192623
101326.49803136432
101326.71526265379
101327.04260007413
101327.67401611351
101327.3137864726
101327.06329591598
101325.8179481862
101325.1972714633
101323.528551929
101323.82678448202
101322.79825030369
101322.66522676681
101324.36244340843
101324.49042873425
101325.31007120016
101325.18476612442
101326.01853460401
101325.46070706224
101325.79377522953
101325.58704493751
101325.73295226134
101325.93971606201
101325.34755389583
101325.04744367251
101324.43920039118
101324.39401334993
101323.11885931782
101322.69245133133
101323.71910500035
101323.54958703385
101325.00662198623
101325.63249013983
101326.73255896919
101327.16336401846
101327.59203814977
101326.72128648878
101326.55606137931
101326.2057940591
101324.95505208863
101324.50408542537
101323.27114781628
101322.97013899899
101322.02802570608
101322.01829909837
101323.19174800857
101323.25616475604
101323.66164986334
101323.58731932941
101324.11336091695
101323.71144737747
101323.89671132906
101323.74632922006
101323.86994770319
101324.02335128681
101323.69436651502
101323.39768567341
101323.21869945832
101323.08415448324
101322.36501475828
101322.00350674102
101322.80668077666
101323.26117758699
101324.36921839762
101324.84604543027
101325.91468507631
101326.42845312387
101326.6636463404
101327.63230850489
101327.31573608286
101326.70003683158
101325.42601132087
101324.43454053556
101323.14973178442
101322.54124495215
101321.92436394971
101322.12084262507
101322.60216454486
101322.83397827836
101323.7933698883
101324.27577121522
101325.13504677525
101325.00157920175
101325.20326031317
101325.08680737467
101325.0736963872
101325.09896630883
101324.40741462179
101323.74494357646
101322.90590732022
101322.46485067651
101322.22467936075
101321.89201017431
101322.4551264703
101323.06735452412
101324.26218916129
101325.29180434416
101326.52603453994
101327.21795843053
101327.60344180831
101325.34864934989
101325.11905607386
101324.72727201114
101323.82775207046
101322.98938451399
101322.2900095059
101322.22851196208
101321.72214007466
101321.72834361419
101321.98606141699
101321.94906502045
101322.67705470553
101323.31974401543
101323.64544757444
101323.64159488044
101323.77303620387
101323.70201551428
101323.6528721278
101323.50393051507
101323.24587712961
101322.67283139516
101321.96788008169
101321.90015797302
101321.70239213287
101321.69365181687
101322.17980613749
101322.28556266759
101322.94900087762
101323.72752379152
101324.64917418592
101325.10351735042
101325.34507043489
101323.90795646989
101323.79395057147
101323.58851151401
101323.32999678099
101322.62658933885
101321.97453450919
101321.90625432978
101321.69914645553
101321.72051982889
101322.13528449307
101322.11413612722
101322.71336636449
101323.53312921636
101324.43008415691
101324.76785491347
101325.02867767146
101325.01938591345
101324.78704371335
101324.47392145472
101323.61941495196
101322.72985773576
101322.10338289045
101322.1571181101
101321.72166837224
101321.7288714647
101321.96329615006
101321.98186794858
101322.67822734095
101323.35349731475
101323.74057180861
101323.77114470339
101323.96391399573
101325.16921100735
101325.07566026796
101325.10093431965
101324.34897320642
101323.71781233401
101322.84283607345
101322.46688315514
101322.23241851405
101321.95126835394
101322.534156715
101323.12950091515
101324.26964747623
101325.26331028015
101326.474205312
101327.12043831704
101327.52143944576
101327.54674237697
101327.23445440154
101326.6405578563
101325.37014634829
101324.42825419402
101323.22903135982
101322.63777708099
101322.02050077585
101322.13522470011
101322.58616332864
101322.83466855731
101323.80821797521
101324.22728042153
101325.17781102666
101324.99292998358
101325.26307634576
101324.03234326678
101324.13796727646
101324.27341541994
101323.82870082259
101323.47389645014
101323.24880461951
101323.09074908093
101322.39379906582
101322.04383216152
101322.83996998591
101323.30024853093
101324.45429172018
101324.94608895149
101326.01603082338
101326.52056787643
101326.76310835018
101326.82724040184
101326.66780849823
101326.29809802609
101325.06165617528
101324.56810335894
101323.29614946035
101322.92721582347
101322.01686567903
101322.06148204999
101323.15901351711
101323.27123548507
101323.69789168255
101323.70376251513
101324.32569761258
101323.96316761969
101324.16814623428
101325.55233781968
101325.67456218421
101325.88876747906
101325.33646806321
101325.01394873239
101324.4013391912
101324.33253893376
101323.12455694588
101322.75194365044
101323.79868975744
101323.71771002517
101325.22298438019
101325.85401380614
101327.02842854032
101327.49326944169
101327.92574611124
101328.00946699733
101327.62027243644
101327.33739663759
101325.98862315909
101325.37724809624
101323.69843548846
101323.87991642219
101322.81706765146
101322.6912550386
101324.31895485467
101324.47560518461
101325.27490824409
101325.21247384834
101326.00404623026
101325.40479069702
101325.74012160035
101325.89786903792
101326.04996557051
101326.30288685243
101325.68028507187
101325.61896994154
101324.86857203135
101325.37223756648
101323.90164071656
101323.45265432056
101324.24420204472
101323.78671965444
101325.21179602556
101325.56347709245
101326.4606536123
101326.68921650873
101327.00167582708
101327.06439280367
101326.83744527462
101326.74142579999
101325.56434944493
101325.27741456973
101323.65775405665
101324.41263366782
101323.44495919925
101323.5543060019
101325.28296759215
101324.95065226281
101325.89370321858
101325.53290353253
101326.4666195035
101325.75374484863
101326.14485110877
101327.05808835453
101327.18882706338
101327.41877691368
101326.6781454179
101326.72135420499
101325.99308102918
101326.62510150626
101324.83574060464
101323.80836491758
101325.16840097349
101324.40853313507
101325.8821744248
101326.37957175117
101327.47677106234
101327.85001587818
101328.34158120076
101328.40409365398
101327.99181473962
101327.8527199985
101326.44340593179
101326.07761006738
101324.0731187355
101325.18775210447
101323.70216789738
101324.4465505777
101326.51971619387
101326.07350086627
101327.13020532425
101326.49582036839
101327.62839330455
101326.87232901725
101327.32612147022
101327.12296660515
101327.17188315178
101327.56473935903
101326.80342214508
101327.07904813594
101326.48364066849
101327.2910108021
101325.27796088171
101323.86856108606
101324.98081300016
101324.04622292018
101325.2795987289
101325.72833218527
101326.77626055197
101327.03514350398
101327.45298364146
101327.49223647421
101327.11148297506
101327.17535599056
101325.84851570378
101325.55416821892
101323.67728608327
101325.05797924734
101323.71673575373
101324.71847147297
101327.11568970307
101326.51950273231
101327.55603081961
101326.64470257833
101327.87487479481
101326.94941337603
101327.40099654291
101327.51038023384
101327.62254661907
101328.03304736187
101327.13745422085
101327.49257628803
101326.69921759242
101327.64578064678
101325.46293792449
101324.00899653492
101325.19396828009
101324.16590322861
101325.48682279926
101325.97524644033
101327.08021388412
101327.32076791496
101327.72797526843
101327.77169776479
101327.46107884684
101327.5103127011
101326.09899521625
101325.76860140078
101323.7826535279
101325.17321311703
101323.79336206024
101324.95875204088
101327.46963146966
101326.73563737595
101327.99285430726
101326.94726024203
101328.35716270478
101327.39904098463
101327.80947329273
101328.4615269214
101329.24363046253
101329.33366371745
101329.59711646907
101329.88466029843
101329.69728814413
101330.49026397656
101327.49906201343
101322.14777749553
101322.05191060957
101322.33860937643
101323.13826734737
101324.56135274252
101326.26510320368
101327.45594090479
101328.41879389263
101328.72378840702
101327.55332122548
101327.49121277381
101324.29610250768
101324.26549421468
101320.96451801067
101322.58099679173
101321.02064717235
101325.91887524421
101331.02097458507
101329.19038663671
101330.85418838866
101329.24184499242
101330.23693463931
101328.78416264225
101329.08965472737
101327.3584510824
101328.15044708947
101328.24694894161
101328.54957257636
101329.03798548723
101329.08583422309
101329.75398252397
101327.1546057025
101322.15105477946
101322.38303326489
101322.69619235033
101323.75174730713
101325.16941591588
101326.9166616498
101328.05869915108
101328.97434402705
101329.24691257981
101328.05741249995
101328.07291989846
101324.93647152858
101324.83780613384
101321.47262332229
101322.91972576418
101321.15427310709
101325.592101555
101330.33505449974
101328.44563186576
101330.04385017579
101328.1620260347
101329.10917094347
101327.64956273329
101327.95960103985
101327.24420564293
101328.04830429178
101328.14703768937
101328.4014858147
101328.50468984767
101328.49657299527
101328.84993986296
101326.38689510812
101322.09150014941
101322.70848385061
101322.64826030438
101324.20694276092
101325.4550062404
101327.38771941277
101328.48211903771
101329.41714638386
101329.65282493303
101328.53791575557
101328.46832609699
101325.4328841434
101325.15129881166
101321.8333022085
101323.22275057762
101321.01235503041
101325.00613999522
101329.28079759967
101327.83922945561
101329.39223362964
101328.0293666311
101328.99092339138
101327.63671523023
101327.82705442497
101324.27836927904
101325.09755133957
101325.31258968476
101325.68918843385
101325.83274788188
101326.10155961856
101326.98481359689
101325.08798910995
101321.63448436363
101322.39170130529
101322.54632582163
101324.25772571276
101325.64016778799
101327.48091667825
101328.48410396164
101329.30943946791
101329.54754982298
101328.44092448789
101328.35755886175
101325.58838850047
101325.24226739003
101321.97061410986
101322.97658169913
101320.75125222246
101323.97745169679
101327.47230910804
101325.69971626454
101326.68011645097
101325.37655275699
101325.96110785515
101324.79339104898
101324.82845950186
101324.05131750436
101324.76985180083
101324.85823415911
101325.03722175144
101324.95211403181
101324.78536554117
101325.63473138513
101323.9911364521
101321.22340142497
101322.50895530159
101322.59402772096
101324.61953034527
101326.04616149454
101327.99443015637
101329.24232678206
101330.00363866755
101330.17920126667
101329.29781640964
101328.82680706638
101326.13625501143
101325.40533153868
101322.3585070394
101322.80452704374
101320.64667922606
101323.06352666079
101326.02318444822
101324.48479174907
101325.65243232255
101324.76377586841
101325.44024916625
101324.40801575615
101324.48404153826
101321.2669743344
101321.82969783171
101321.88334866383
101322.08533203432
101322.19255183065
101322.35156366239
101323.14481337395
101322.54591931953
101320.51163440599
101321.93263463859
101322.41013211936
101324.35549236441
101325.95201349414
101327.79431596497
101328.80541164744
101329.38346798159
101329.57208480491
101328.93581278583
101328.44520392704
101326.09240291659
101324.94211037617
101322.43443991749
101322.23884833534
101320.39826334012
101322.09769345143
101323.53936030454
101322.20041764226
101322.70376141752
101321.95728506638
101322.32345171559
101321.59227990548
101321.60753990256
101322.39110956507
101322.78096365008
101323.03057707057
101322.8362239182
101322.6318218082
101322.12457326512
101322.59942413795
101321.76638918446
101320.39466466472
101322.44399608769
101323.16048966227
101325.4014924457
101327.01891612139
101328.71971163381
101329.80451171679
101330.54905358587
101330.68040282858
101329.96268765505
101329.07350724634
101327.21133686285
101325.92240205506
101323.36743008028
101322.6790868609
101320.50681931815
101321.63954160897
101322.74556280208
101322.05151909104
101322.90852501139
101322.81296907933
101323.33611016216
101322.67515459095
101322.62708805714
101321.29711875229
101321.39011361558
101321.15764392469
101320.77428960723
101320.6140630161
101320.3511575453
101320.3670271806
101320.60722106993
101320.6801751303
101321.62095185691
101322.29998687806
101323.61563457236
101324.72629760668
101325.9543412747
101326.68812027745
101327.08923368706
101327.122844371
101326.81040218069
101326.1258308277
101324.86574880303
101323.74710311214
101322.43393223286
101321.80132145778
101320.61034165272
101320.6751220563
101320.46366506038
101320.40633480003
101320.76549355028
101320.81952022271
101321.22187409978
101321.35670083128
101321.38106631306
101326.16635995783
101325.86154240112
101325.23637156314
101324.16074298133
101323.17090530893
101322.13686978711
101321.7126375646
101320.63737350731
101320.68733484544
101320.4551717428
101320.44815052082
101321.04494143094
101321.35077194707
101321.89234004912
101321.91841545542
101321.88586069769
101321.81747101883
101321.90588936863
101321.86288792649
101321.37338583739
101320.9458912798
101320.45816011235
101320.37146285429
101320.69252170893
101320.68817981117
101321.55371079783
101322.07305414289
101323.07610067613
101324.02533232914
101325.1026706828
101325.74244857507
101326.14722359896
101330.95706590347
101330.28764682572
101329.32821553672
101327.48665624986
101326.11735408535
101323.58318452994
101322.76381300626
101320.55823821171
101321.56241918897
101322.669198547
101321.98591654179
101322.76999512714
101322.54748197316
101323.07696090295
101322.48666989447
101322.40748834006
101322.17574919316
101322.5302554177
101322.76196545763
101322.54139283768
101322.55826163184
101322.01077603853
101322.50326125839
101321.71266515888
101320.45786877193
101322.55512425789
101323.37414893266
101325.64737487366
101327.29652539562
101328.95379236866
101330.09901462632
101330.82593991052
101329.35388808479
101328.65923256465
101328.15178535449
101325.92648221573
101324.77779688171
101322.31314134007
101322.18151439742
101320.44796082487
101322.10629924906
101323.49862616637
101322.28209043147
101322.8441154726
101322.26175639289
101322.69882296833
101322.20927788838
101322.32495083663
101322.01598267021
101322.44789877566
101322.29371307316
101322.3832881666
101322.37847726053
101322.39840410536
101323.12439919804
101322.50190182134
101320.50465700918
101321.92894718768
101322.33470964883
101324.21259656962
101325.80689739283
101327.51907809882
101328.52416193561
101329.17099233008
101330.76321792914
101329.91469514798
101329.38061187349
101326.61330974958
101325.79682331561
101322.67652041043
101322.9831436034
101320.76557079682
101323.0696901208
101325.84198077614
101324.25299641991
101325.31837253147
101324.3727472607
101324.91939784176
101323.81382547582
101323.86352924464
101323.47247363334
101324.19744957058
101324.38897641181
101324.58306092207
101324.65900367648
101324.53497594548
101325.41405493977
101323.94528945995
101321.27973422928
101322.67734268642
101322.86710248262
101325.02860614259
101326.55336896832
101328.54389883523
101329.86875846548
101330.60402031356
101329.43979194158
101328.30818049124
101328.26165401749
101325.48568866536
101325.07455032968
101321.96655493609
101322.96945737691
101320.82228616493
101323.98243278879
101327.42747938909
101325.69919990856
101326.69798894046
101325.46312442544
101326.08620312726
101324.86225402578
101324.99827873163
101324.51329715263
101325.31546840102
101325.37844051326
101325.74429804353
101325.84165009651
101326.03986905998
101326.9382685866
101325.03557417367
101321.6442784078
101322.41706757924
101322.4864545411
101324.18521118493
101325.5307918601
101327.31777080156
101328.3573147569
101329.19050379978
101330.22360058577
101329.03710333339
101328.99650118499
101325.79006935254
101325.5492085482
101322.13156089037
101323.4374845166
101321.13007612748
101324.99577348295
101329.12539527858
101327.52746837471
101328.94434656262
101327.50700785888
101328.41270713726
101326.99391943075
101327.18474475518
101326.61280958085
101327.47949307661
101327.58749066893
101327.88226543253
101328.00128845363
101328.11303406878
101328.70543067277
101326.32968259002
101322.16754739388
101322.95008491288
101322.87569583533
101324.55125383036
101325.86523790489
101327.85950012854
101328.99959561198
101329.96640659493
101329.05236744769
101327.84160741823
101327.91207659073
101324.81044079148
101324.64822424795
101321.35888156212
101322.85959742111
101321.16822908363
101325.57381307481
101330.26518889741
101328.36639410433
101330.01156474755
101328.19108890933
101329.0900387603
101327.64728350886
101327.92219089381
101327.2836105646
101328.11875372127
101328.20162553387
101328.54836406509
101328.98338617779
101328.98846472715
101329.67962093037
101327.12487053529
101322.15012736728
101322.39542432202
101322.57954737605
101323.5680265937
101324.94252617701
101326.68642021406
101327.83805880646
101328.75880156153
101329.10737522334
101327.8968811176
101327.84131489399
101324.59402142459
101324.51848396927
101321.188982867
101322.75255547102
101321.10105494484
101325.92292354529
101330.96110680245
101329.09428648152
101330.78145899702
101329.11985794581
101330.11776213178
101328.64226408092
101328.95484260432
101328.30085075858
101329.10572861799
101329.21298974674
101329.47783226783
101329.77709110067
101329.59495345163
101330.42179715315
101327.49176061536
101322.17447814194
101322.20244498146
101322.52225793566
101323.36868305219
101324.84035537169
101326.60156675645
101327.84258375573
101328.81785937058
101328.72365533443
101327.55363883873
101327.49137598634
101324.29612585581
101324.26567197585
101320.96452105598
101322.58082385376
101321.02061388547
101325.91897806739
101331.02102875919
101329.19044663428
101330.85434855694
101329.24193306325
101330.23701752062
101328.78419470516
101329.08961288356
101328.46151139816
101329.24369670545
101329.33366130205
101329.5969125386
101329.88470650166
101329.69704205266
101330.48989747871
101327.49855906673
101322.14728080918
101322.05150285175
101322.33841708805
101323.13834819701
101324.56158995173
101326.26580997345
101327.45684162813
101328.41769003925
101329.24692758775
101328.05760261187
101328.07302153971
101324.93641305961
101324.83773938814
101321.47241518734
101322.91962021601
101321.15436411071
101325.59217268899
101330.33507283828
101328.44567294061
101330.04394543638
101328.16207967197
101329.10908140628
101327.64949663937
101327.95958940002
101327.35843162141
101328.15033030302
101328.24742505692
101328.54882385634
101329.03774976995
101329.08566991874
101329.75348897997
101327.15399166293
101322.15038165936
101322.38258389532
101322.69584521218
101323.75164544134
101325.16938531752
101326.9167678193
101328.05881024932
101328.97422062354
101329.65282504837
101328.53794363626
101328.46828390208
101325.43273774786
101325.15113170464
101321.8331781313
101323.22288897945
101321.0126866426
101325.00625542321
101329.28078944444
101327.83920657025
101329.39215491209
101328.0293096699
101328.99104373793
101327.63693695898
101327.82724295135
101327.2444077511
101328.04852188
101328.14709142162
101328.40140968114
101328.50447700723
101328.49610966517
101328.84953326083
101326.38643557053
101322.09107679967
101322.70824892001
101322.64787309399
101324.20694678066
101325.45515311442
101327.38774953605
101328.48199702543
101329.41716944322
101329.54773196892
101328.44114169027
101328.3576498764
101325.58830149613
101325.24212980244
101321.97048848445
101322.97662508739
101320.75148604812
101323.97745004045
101327.47211745199
101325.69957419389
101326.68001736593
101325.37659849922
101325.96099012697
101324.79321559699
101324.82808754835
101324.27818084446
101325.09752230391
101325.31261378358
101325.68894534823
101325.83265829881
101326.10115457463
101326.98456566241
101325.08765239999
101321.63414961085
101322.39154934025
101322.54601892967
101324.2575970692
101325.64016896482
101327.4808732657
101328.48398000606
101329.30964240913
101330.17922728931
101329.29794531822
101328.8268578806
101326.13620431739
101325.40514648808
101322.3584817376
101322.80452881815
101320.64682573528
101323.06355249556
101326.02307214792
101324.48476672055
101325.65254700634
101324.76406255442
101325.44082323505
101324.40907576399
101324.48466072715
101324.05168765759
101324.76996444559
101324.85821720251
101325.0367935285
101324.95201432372
101324.78482362449
101325.63447260256
101323.99069417815
101321.22294473802
101322.50880747366
101322.59363757021
101324.61949759396
101326.04623806318
101327.99444760666
101329.24227091888
101330.00369781765
101329.57209003544
101328.9359266117
101328.44532337099
101326.09253690946
101324.94208983752
101322.43441855567
101322.2388160683
101320.39829285257
101322.09771177766
101323.53933919707
101322.20040858777
101322.70386696127
101321.95727480398
101322.32330724757
101321.59230412389
101321.60730539271
101321.26662826915
101321.82952044095
101321.88320939931
101322.08509269939
101322.19242128855
101322.35131698278
101323.14472850159
101322.54576778825
101320.51146567024
101321.93258073562
101322.41001713595
101324.3556982247
101325.95218185036
101327.79432273415
101328.80533110822
101329.38347722014
101330.68038704047
101329.96265862109
101329.07351489447
101327.21141871598
101325.92235048495
101323.36729761482
101322.67896475011
101320.50681170166
101321.63960124283
101322.74564725047
101322.05164823832
101322.90877229552
101322.81329276934
101323.33658471753
101322.67584430371
101322.62709848344
101322.3910354684
101322.7808487674
101323.03033883481
101322.83592866265
101322.63175544853
101322.1245732455
101322.59970224451
101321.76670200656
101320.39483569159
101322.44423255217
101323.16051936863
101325.40168547648
101327.01884848683
101328.71949624165
101329.80422717468
101330.54899631509
101327.12285638625
101326.81007801006
101326.12570099537
101324.86566843986
101323.7470234074
101322.43376710793
101321.80110301418
101320.61026007039
101320.67512861062
101320.463732859
101320.40634601915
101320.76553880257
101320.8193412218
101321.22143907211
101321.35657106002
101321.38108316643
101321.29679181155
101321.38976435694
101321.15707240862
101320.77386859429
101320.61392073715
101320.3511302141
101320.36727211814
101320.60766083832
101320.68048292072
101321.62100565455
101322.29973068458
101323.61548186358
101324.72594180224
101325.95392225622
101326.68778971476
101327.08913049204
101321.81790387821
101321.90427617067
101321.86226439587
101321.37321634861
101320.94577360975
101320.45799532089
101320.37128612965
101320.6923853496
101320.68815654672
101321.55375643796
101322.07309462092
101323.07610401999
101324.02523868006
101325.1024653147
101325.74257304225
101326.14726574032
101326.16613822892
101325.86118423383
101325.23575187961
101324.16024490393
101323.17053407957
101322.13677641118
101321.71279457901
101320.63764788449
101320.68748163598
101320.45504287061
101320.44775252897
101321.04474158109
101321.3504083235
101321.8918658794
101321.91817296146
101321.88574059229
101322.1768943262
101322.52965143989
101322.76097671528
101322.54118120599
101322.5581324404
101322.01063428723
101322.50309601764
101321.71254100229
101320.45782230559
101322.55511824832
101323.37433175503
101325.64734857602
101327.29659281948
101328.95341058959
101330.09906122999
101330.82573101927
101330.95697490376
101330.28744769908
101329.32779649981
101327.48611534362
101326.11695429348
101323.58303215377
101322.76376411406
101320.55823352342
101321.5622176037
101322.66869036929
101321.98545028824
101322.77000578909
101322.54708801841
101323.07648058196
101322.48646022794
101322.40772691842
101322.01515034934
101322.45309557274
101322.29642646815
101322.38362296709
101322.37846199753
101322.39836663066
101323.12431046374
101322.50180482029
101320.50455326548
101321.92872191858
101322.33490243813
101324.21237762655
101325.80702326875
101327.51874773834
101328.52423704983
101329.17086189621
101329.35387216958
101328.65911392555
101328.15153154121
101325.9260778751
101324.77750651554
101322.31301890667
101322.18143460686
101320.44785477189
101322.10600028475
101323.4980890053
101322.28178529264
101322.84427058269
101322.26177509609
101322.69860335244
101322.20917444356
101322.3249040513
101323.47206219535
101324.1952655854
101324.38836995525
101324.58308335711
101324.65904475623
101324.53495541215
101325.41397295888
101323.9450951241
101321.27954086298
101322.67697532776
101322.86731431368
101325.02854577106
101326.55347978683
101328.54374271186
101329.86909830545
101330.60401782968
101330.76335622565
101329.91489763741
101329.38064814576
101326.6130799042
101325.79661993388
101322.67643394182
101322.98315827284
101320.76558632831
101323.06951655922
101325.84179644083
101324.25295306664
101325.31843648483
101324.37299165411
101324.91941221457
101323.81378450883
101323.86368176338
101324.51359634477
101325.31612495521
101325.37898613508
101325.74446582321
101325.84169973721
101326.03985796831
101326.93819484419
101325.03539396521
101321.64416721795
101322.41734432381
101322.48639612255
101324.18500341265
101325.53053600033
101327.31731364141
101328.3575809602
101329.19057610247
101329.44002247426
101328.30847981888
101328.2617668848
101325.48556591744
101325.07443399369
101321.96650568751
101322.96949711852
101320.82238445106
101323.98234382729
101327.4271388054
101325.69881417121
101326.69779420023
101325.46312045386
101326.08625012593
101324.86259258031
101324.9986417747
101326.61308088781
101327.47951259449
101327.58740082399
101327.88218977148
101328.00123404847
101328.11299405203
101328.70538742948
101326.32962315438
101322.16737665159
101322.95011191793
101322.87575828008
101324.55088917285
101325.86501545357
101327.85899911412
101328.99954528469
101329.96641333534
101330.22364282219
101329.0372020489
101328.99651007945
101325.78989681925
101325.54889633284
101322.13135646508
101323.43741472118
101321.13007407618
101324.99576055098
101329.12536703146
101327.52755693963
101328.94444528004
101327.50708256787
101328.41284526655
101326.99431234681
101327.18515346909
101327.28378716174
101328.11909479313
101328.20185136098
101328.54837989871
101328.98333028173
101328.98840210843
101329.67971002124
101327.12496352776
101322.15017444074
101322.39560675
101322.57952878191
101323.56791682783
101324.94210457915
101326.68553157948
101327.83730522999
101328.75973208497
101329.05257944668
101327.84149115812
101327.91201780883
101324.81034828599
101324.6478667503
101321.3586656313
101322.85982743776
101321.16831176358
101325.57378358304
101330.26509218801
101328.36634028456
101330.01139095478
101328.19090331855
101329.08937022668
101327.64678558831
101327.92222126175
101328.30128621285
101329.10604051095
101329.21317535403
101329.47785263002
101329.77709362246
101329.59502473981
101330.42201734694
101327.49205392707
101322.17468680319
101322.20263496514
101322.52230076645
101323.36855977276
101324.84014655919
101326.60022385862
101327.84043712194
101328.8212685295
101329.10782079534
101327.89640285712
101327.84096752213
101324.59392547184
101324.51812777828
101321.18890478629
101322.75277387774
101321.10110042576
101325.92285551506
101330.96112001062
101329.09431311279
101330.78138330064
101329.11990890038
101330.11781950727
101328.64252007275
101328.9552842776
101329.09452129321
101330.73261148606
101330.59386656912
101332.34495526574
101332.57493784357
101333.58584062968
101332.64156011143
101330.05082504898
101322.33634018389
101318.70289827767
101320.41212470128
101320.79020946375
101323.75592205233
101325.54455798287
101327.75370549879
101328.86660259518
101329.46359814951
101327.48559942325
101327.55945008728
101323.41306476548
101322.66143161802
101318.79377907803
101320.01404398082
101319.60356806581
101327.497361763
101333.57550265505
101332.04241565059
101334.22981205452
101331.6920276804
101332.38963209104
101330.05847232295
101329.94967797966
101327.33916791488
101328.87713077628
101328.75721933953
101330.78928314454
101330.79233746252
101332.02641879267
101331.62749296233
101329.53066390133
101322.24837887919
101319.36541365254
101321.17563857294
101321.90321312925
101324.88436923023
101326.74826778515
101328.97589381426
101330.11643851113
101330.73912542893
101328.66453235102
101328.73678032341
101324.45673099968
101323.71468968528
101319.67909956994
101320.69101705347
101319.76675394826
101327.06496414756
101332.5389445051
101330.74475736977
101332.40545833201
101330.13961120127
101330.52139138051
101328.25922932444
101328.13813898907
101327.20349240668
101328.61180978884
101328.13246627789
101329.98443848694
101329.63280696153
101330.72679762551
101330.20968784989
101328.42850050825
101321.67590216425
101319.30912719326
101320.96070066931
101322.02738233222
101324.94985767062
101326.94397342263
101329.39723653844
101330.64541400838
101331.19823045511
101329.11909375686
101328.81523123276
101324.73591786265
101323.86119066118
101319.84150553291
101320.64878484388
101319.45683484415
101326.10880016429
101331.10043445769
101329.67176514713
101331.09161529192
101329.37080812415
101329.72056473505
101328.06517695423
101328.09275941717
101323.42517782755
101324.81229457032
101324.5309779204
101326.27725187023
101326.01310675466
101327.56642705899
101327.43999649689
101326.71616205
101320.96230564886
101320.09128029684
101321.74649639784
101323.39375076079
101326.22534524367
101328.42303646384
101330.76895978057
101331.87653088728
101332.32529023828
101330.56867651737
101330.08002239352
101326.03353833662
101324.95444303242
101320.82550063633
101321.20166079848
101319.18286803983
101324.83495259286
101328.28136500581
101326.73667067706
101327.37209678526
101325.79108419693
101325.86718209123
101324.33214866171
101324.03149629281
101322.31400453291
101323.58200397577
101323.29374524349
101324.68554890466
101324.44690756648
101325.65785767943
101325.64220158826
101325.1396980389
101320.48800712274
101320.01335770029
101321.69122151544
101323.66960668504
101326.38365033978
101328.84369110326
101331.20747484111
101332.66752325741
101333.10645545338
101331.16588914016
101330.29243949584
101326.3288951242
101325.15577678531
101321.09346199794
101321.15434411712
101319.06867078277
101323.68358342822
101326.46732552075
101325.08272314534
101325.6520812508
101324.30495857795
101324.40602525455
101323.12076017613
101322.83042619124
101319.12467659969
101320.12573208737
101319.86819033601
101321.01018815897
101320.89173765748
101322.26791461151
101322.57101327869
101323.00798781305
101319.91344381197
101320.81346076973
101322.48793362008
101324.78553758675
101327.31896526624
101329.61079601363
101331.63149489717
101332.97091052559
101333.29546713165
101331.72548514231
101330.7278307166
101327.38820001314
101325.8619096691
101322.22758685806
101321.76775669518
101319.14729860424
101322.17344287524
101323.35071344512
101321.94664827867
101321.85927072764
101320.747193469
101320.64194183961
101319.78079458303
101319.52870893759
101319.70078791174
101320.44144249395
101320.0729636179
101320.82682006643
101320.56582559047
101321.40324418142
101321.83892148457
101321.93504214709
101320.05136294334
101321.45302568714
101322.75781177837
101325.22082099193
101327.52207330491
101329.80764957043
101331.75600288187
101332.72430662593
101332.96083614537
101331.92566464705
101330.77759854223
101327.73500426658
101326.11379662908
101322.78393236389
101322.33788211572
101319.66643553349
101321.48582180169
101322.43076541944
101321.28040119853
101321.29971918902
101320.6723958154
101320.63735410817
101320.15969498249
101319.95452521725
101319.9574005836
101320.16790311667
101319.87342011085
101319.43839723266
101319.20737173656
101319.23136769061
101319.66121517975
101320.10005062903
101320.0368134445
101321.63099578692
101322.66219979922
101324.52658224864
101326.18925322514
101327.69722978634
101328.8104355062
101329.37255168289
101329.47317451703
101329.02707621522
101328.03197103471
101326.38714858134
101324.85865879114
101322.82875230021
101321.95349258409
101320.19695063776
101320.09009202957
101319.91059114189
101319.28731976662
101319.41808857695
101319.40143918674
101319.89888923564
101320.04658279577
101320.04808992575
101328.06054620979
101327.65021124398
101326.66295910525
101325.19496554305
101323.95209751981
101322.33050620355
101321.60705295633
101320.16084866595
101320.05213223983
101320.0814627517
101319.71463875457
101320.19691496891
101320.42260726064
101321.0657819022
101321.61899185731
101321.79699701794
101321.77428451033
101321.74488363137
101321.17583348122
101320.48228519276
101320.05550009363
101319.66949196717
101319.99042535518
101320.06253084479
101320.04052985409
101321.42744885149
101322.19095170403
101323.7298342126
101325.01235426086
101326.36149993852
101327.44078845576
101327.97254218768
101333.37419255405
101332.36238071471
101331.12644008244
101328.12720598045
101326.48080415381
101323.20983084569
101322.50477166291
101319.82037650958
101321.37889208565
101322.10255282928
101320.87885680355
101320.75464174335
101320.14586878888
101320.02469032156
101319.4932327414
101319.30099407487
101319.03905839908
101319.72354853146
101319.4218706472
101320.29954538625
101320.08484129011
101320.96292582901
101321.46348499137
101321.76817613649
101320.09747913889
101321.75777872012
101323.11550143601
101325.6736509467
101327.92779000949
101330.18766450035
101332.15897471075
101333.14223085668
101332.43452543198
101331.03689787842
101330.17338689734
101327.00970095549
101325.55444229592
101322.07783966479
101321.58704445377
101319.20701662598
101322.13530222852
101323.37490860382
101322.14314651844
101322.20662343272
101321.20760596883
101321.23015139965
101320.42769664645
101320.2713836904
101319.87001418209
101320.76706248148
101320.43486531281
101321.49386576141
101321.26175841493
101322.42061029597
101322.62924374244
101322.96353796376
101319.96202926653
101320.78015407085
101322.31988585819
101324.53288915014
101326.94016141506
101329.10054903294
101330.97677974783
101332.14217711984
101334.00976354429
101332.07199651576
101331.09319298442
101327.12024682752
101325.80482395654
101321.66624613745
101321.56196784107
101319.23522853048
101323.61787301514
101326.12614827619
101324.62222217648
101324.98208938522
101323.47278846083
101323.3541234952
101322.01498794455
101321.71254617188
101321.21005422008
101322.48738522921
101322.27796781156
101323.85999818155
101323.69551176712
101325.09153758312
101325.21932995935
101324.97968544409
101320.54302027174
101320.37573004482
101322.21481925018
101324.37693840438
101327.1452262524
101329.67254763035
101332.16839219631
101333.6024625985
101332.04584293872
101330.31767602797
101329.82815408433
101325.85488268215
101324.79300259675
101320.76666244693
101321.1115895749
101319.20644617752
101324.801220393
101328.26311476328
101326.77232800856
101327.4407804814
101325.87036783027
101325.9398374732
101324.40345377827
101324.16536824858
101323.54199867685
101324.96042123256
101324.66603973777
101326.3160903497
101326.03905440183
101327.52459792678
101327.3935934683
101326.64376445171
101320.95424529104
101320.04250282676
101321.62999429088
101323.21873755389
101325.99716825475
101328.14074857277
101330.51280798852
101331.6035987864
101332.23933092112
101330.19957442112
101329.76156688289
101325.42697766637
101324.55574556076
101320.33930712631
101320.98673222784
101319.55968916998
101326.02082879066
101330.67534704565
101329.1165200746
101330.34421655515
101328.46212343172
101328.62987126759
101326.86752034797
101326.73365922263
101325.99092279888
101327.4830329511
101327.14182115061
101329.03364579454
101328.82166397656
101330.07387796664
101329.68955668309
101328.33483081222
101321.66769690273
101319.62176634181
101321.39007857862
101322.64412606219
101325.66116816686
101327.76258433281
101330.38915958782
101331.6859677504
101330.46335652824
101328.4106243592
101328.47822043629
101324.30009025187
101323.52150516609
101319.55117926854
101320.59528233581
101319.74516159126
101326.99123879033
101332.44290693548
101330.6510914893
101332.39188305914
101330.19723946246
101330.61516969639
101328.39113975778
101328.32844163873
101327.47430053359
101329.03433091645
101328.86700762341
101330.83972417979
101330.77067199576
101331.91752340212
101331.52676320211
101329.44037148842
101322.1919421827
101319.25902899099
101321.01306527467
101321.66960005937
101324.62131446735
101326.47602272163
101328.71318506989
101329.8342567661
101329.95068590887
101327.94242201211
101328.06106795155
101323.66492090884
101322.91794091927
101319.01828089307
101320.15818721888
101319.67350728667
101327.46457348519
101333.45845624396
101331.87600139473
101334.00696176675
101331.48779186753
101332.15029398224
101329.79536027934
101329.7381175585
101328.85580395712
101330.47967077445
101330.34958728483
101332.15331053018
101332.35481806798
101333.40330496403
101332.51453263068
101330.00446923915
101322.35994670706
101318.82181942536
101320.61938815376
101321.02741895402
101324.06272976885
101325.92486585799
101328.21697035083
101329.3528359425
101329.46405056816
101327.48607988306
101327.55974858916
101323.41278862502
101322.66169178858
101318.79234533204
101320.01350964457
101319.60363703451
101327.49767527463
101333.57567102973
101332.04246097564
101334.23005137281
101331.69218863595
101332.38982016625
101330.05860899028
101329.94972400574
101329.09456206059
101330.73254992723
101330.59373013556
101332.34479148511
101332.57469454105
101333.58568371853
101332.64123349884
101330.0501880982
101322.33567255102
101318.70235364533
101320.41174695034
101320.79015951176
101323.75598161001
101325.54525713241
101327.75424811913
101328.86577394723
101330.73910060759
101328.66482116797
101328.7370927741
101324.45646714755
101323.71470874298
101319.67823899422
101320.69063109637
101319.76687435208
101327.06525684064
101332.53899685768
101330.74473660797
101332.40565721833
101330.13995671824
101330.52119649181
101328.25853093507
101328.13773055753
101327.33872437433
101328.87662484842
101328.75693297051
101330.78900321039
101330.79201682424
101332.02610012525
101331.62706981297
101329.52996577932
101322.24768133547
101319.36468152274
101321.17488524166
101321.90319106518
101324.88425374354
101326.74865438986
101328.97637119584
101330.11626774832
101331.19840619942
101329.11930704075
101328.8153074318
101324.73570564835
101323.86094579687
101319.84121386372
101320.64867517928
101319.45716240701
101326.10908499667
101331.10056021386
101329.67173122392
101331.09141459045
101329.37064009917
101329.72098633007
101328.06580624942
101328.09346583454
101327.20400430424
101328.61218489264
101328.13249878855
101329.984171636
101329.63278190688
101330.72635600038
101330.20958227852
101328.42792365453
101321.67556107967
101319.30890100001
101320.96041386195
101322.02757013675
101324.94986628946
101326.94417498943
101329.39697526778
101330.6456425302
101332.32563306646
101330.5689518571
101330.08018838913
101326.03361999134
101324.95433696583
101320.82545996914
101321.20168277787
101319.1829834104
101324.83513377162
101328.28111529943
101326.73644323487
101327.37168526468
101325.79104937059
101325.86677314946
101324.33168173389
101324.03050428189
101323.42480470597
101324.81202380234
101324.53096430634
101326.27691347535
101326.01321464506
101327.56620964514
101327.44001093556
101326.71589595269
101320.96220512954
101320.09127291935
101321.74629177013
101323.39355224956
101326.22533219018
101328.42309254801
101330.76865336597
101331.87701045944
101333.10659956723
101331.16599588137
101330.29256261983
101326.32900786564
101325.15577481834
101321.09344387596
101321.15436926036
101319.06872345951
101323.68363176433
101326.46710831021
101325.0826976087
101325.65211035757
101324.30507808426
101324.40644134549
101323.12103784212
101322.82988967834
101322.31372251734
101323.58199741754
101323.29350652345
101324.68503692324
101324.44663663916
101325.65718350169
101325.64232246819
101325.13885916391
101320.48762907051
101320.01320142351
101321.69066659715
101323.66949523508
101326.38369472949
101328.8437384071
101331.20736761812
101332.66773872254
101333.29555190992
101331.72561627113
101330.72796477862
101327.38844830643
101325.86213554823
101322.22764114371
101321.76774144419
101319.14730316767
101322.17348280708
101323.350574796
101321.94655410868
101321.85925684132
101320.74716799075
101320.64183582651
101319.78061184
101319.53002073638
101319.12448353578
101320.12573346679
101319.86813887305
101321.00978029145
101320.8918572759
101322.26761057074
101322.57105950305
101323.00765250341
101319.91314760777
101320.81331651683
101322.48744005234
101324.78569982717
101327.31912815914
101329.61086774047
101331.63138692273
101332.971040501
101332.96079899998
101331.92575317857
101330.77768280781
101327.73520123659
101326.11393375554
101322.78384359131
101322.33771381747
101319.66633364443
101321.48580362349
101322.43071653284
101321.28053337344
101321.3001079268
101320.67274342873
101320.6377816686
101320.16021582764
101319.95414559715
101319.70066312619
101320.4415143317
101320.07260039254
101320.82666335681
101320.5658151625
101321.40319242104
101321.83975466757
101321.93542897205
101320.05163830324
101321.45326138593
101322.75772676386
101325.22121694633
101327.52203268284
101329.80745657622
101331.75560516896
101332.72423637785
101329.4731429814
101329.02714896086
101328.03199064756
101326.387249427
101324.85872300975
101322.82862238168
101321.95334564838
101320.19683470907
101320.08996625907
101319.91050872588
101319.28732327223
101319.41819977987
101319.40146462343
101319.89831249308
101320.04673550554
101320.04845021959
101319.95711163883
101320.16745153254
101319.87274283094
101319.43836874832
101319.20736524943
101319.23149171285
101319.66172338686
101320.1006778334
101320.03716149513
101321.63096595601
101322.6617906586
101324.52636658135
101326.18873446634
101327.69664048734
101328.80995961171
101329.37238311027
101321.77432269862
101321.7448358145
101321.17568298543
101320.48227309014
101320.05547493044
101319.669384982
101319.99032384763
101320.06234953387
101320.04048137291
101321.42743516495
101322.19088162089
101323.72987465437
101325.01243259791
101326.36201140939
101327.44191360296
101327.97304534609
101328.06036649605
101327.6499091919
101326.66234505179
101325.19472551675
101323.95205318069
101322.33057922286
101321.60747079707
101320.16132083906
101320.05245882124
101320.08129678537
101319.71430446826
101320.19657274982
101320.42205138045
101321.06527505269
101321.61858330888
101321.79692853546
101319.03913207333
101319.72453227478
101319.4221810751
101320.29948506354
101320.08468946173
101320.96269427144
101321.46328342622
101321.76799830145
101320.0973864616
101321.7580076796
101323.1156255424
101325.67341830325
101327.92787717746
101330.18701578159
101332.1590941149
101333.14177326053
101333.37422920401
101332.36226077305
101331.12604096942
101328.12689146071
101326.48053524921
101323.20963218136
101322.50487372295
101319.82052942232
101321.37900151096
101322.10222416281
101320.87882827377
101320.75451333147
101320.14546335455
101320.02410642289
101319.49284202041
101319.30092024591
101319.86944820073
101320.76669764012
101320.43522201436
101321.49406609181
101321.26174180137
101322.42058686075
101322.62918147797
101322.96353162712
101319.96192698303
101320.77987805851
101322.3204941586
101324.53211483777
101326.94053690728
101329.10017443517
101330.97750849012
101332.14205943682
101332.43458560729
101331.03680905912
101330.17311810168
101327.00937241773
101325.55416056128
101322.0776510401
101321.58696283901
101319.20692075785
101322.13519804933
101323.37490101682
101322.14311392374
101322.2067521561
101321.20773962364
101321.22988550419
101320.42758718433
101320.27142546262
101321.20952629921
101322.48688957241
101322.2780250271
101323.86010889288
101323.6955328652
101325.09162110678
101325.21940739203
101324.97995612313
101320.54292009046
101320.37461598727
101322.21613628327
101324.37614323314
101327.14580012127
101329.67229150723
101332.16920330515
101333.60232756428
101334.01003630841
101332.07223826135
101331.09324747328
101327.1200674698
101325.80448008339
101321.66602314646
101321.56187689603
101319.2351528758
101323.61774966613
101326.12587453453
101324.6221177727
101324.98219346683
101323.47322458768
101323.3539925137
101322.01418017299
101321.71230070382
101323.54223192271
101324.96080026627
101324.66621411113
101326.31618551262
101326.03911941292
101327.5246574809
101327.39357787077
101326.64373944855
101320.95424907509
101320.04282037202
101321.6300150069
101323.21865530136
101325.99706145556
101328.14003130091
101330.5130170324
101331.60363840169
101332.04609744207
101330.31792150324
101329.8282108945
101325.85468939501
101324.79279303174
101320.7666185026
101321.11163593181
101319.20651781562
101324.8011062033
101328.26226485673
101326.77128840444
101327.44009130933
101325.87028825488
101325.93986518154
101324.40360287424
101324.16517829786
101325.99146215056
101327.48338012028
101327.14176205129
101329.03345999282
101328.82157420079
101330.0738272095
101329.68960008133
101328.33491207781
101321.66773865935
101319.62163336702
101321.39043182397
101322.64384045944
101325.66147977249
101327.76219695312
101330.38940114615
101331.68678660759
101332.23973272464
101330.19979374294
101329.76156579485
101325.42679541744
101324.55529970792
101320.33909824523
101320.98668864061
101319.5596075572
101326.02074389931
101330.67536856781
101329.11666195893
101330.34436252908
101328.46262574935
101328.63029509826
101326.86832167835
101326.73426195994
101327.47419365832
101329.03466894719
101328.86722557794
101330.83985369027
101330.77069183174
101331.91746253005
101331.52685357648
101329.44056802706
101322.19213628944
101319.25932488372
101321.01315336555
101321.6694484625
101324.62110203589
101326.47489491881
101328.71182774064
101329.8361115493
101330.46363225006
101328.41049560372
101328.47805761764
101324.30008358302
101323.52076583818
101319.5517019071
101320.59595133705
101319.74519767507
101326.99111736631
101332.44266522539
101330.65079235326
101332.39134766562
101330.19681870253
101330.61394836035
101328.39001079628
101328.32837288517
101328.85656522925
101330.48025609934
101330.34998395499
101332.15350066163
101332.35496684829
101333.40332982151
101332.51475037223
101330.0049076095
101322.36040347803
101318.82215154389
101320.61962369402
101321.02741198524
101324.06272294193
101325.92414876906
101328.21812692945
101329.35509170084
101329.94791659818
101327.94144164314
101328.06040184842
101323.66494779954
101322.91722065277
101319.02014749112
101320.15890456768
101319.67332644043
101327.46431961117
101333.45843577452
101331.87616166947
101334.00698712513
101331.48808862314
101332.15094201369
101329.79633175961
101329.73893181796
101331.11125972796
101333.35233643443
101332.22614415073
101335.55719481119
101334.57334246623
101336.36087934559
101334.06452892485
101332.47576550538
101321.94079200158
101316.51573294494
101319.05689424301
101319.01183430258
101323.35866850561
101325.24569578751
101329.38985465342
101330.52351763635
101331.54097844962
101328.93004403835
101328.24094540338
101322.95625781611
101321.49241646896
101317.35311428845
101317.81038302039
101317.98947878773
101329.00503899893
101335.37648473521
101334.61665724855
101336.615772663
101334.47707744912
101334.42761883429
101332.46056157928
101331.99736972652
101328.8953658572
101331.07082740162
101330.05978929088
101333.1950157703
101332.58620466109
101334.69430219535
101332.8100943459
101331.75508646489
101321.89268009426
101317.39052296161
101320.15261015567
101320.48241551171
101324.95616231875
101327.01940244107
101331.19607531303
101332.37646907373
101333.30695602219
101330.66748578267
101329.95184205954
101324.53342986018
101322.94217818927
101318.48535752969
101318.66305153546
101318.17174522752
101328.44673674912
101334.09133473336
101333.06641242524
101334.65213611498
101332.34188759307
101332.27583735544
101330.31616232585
101329.74217162305
101327.56303946108
101329.66730786186
101328.68680140217
101331.43142812744
101330.4505889664
101332.53658391659
101330.73229200834
101330.1403942758
101320.96934188521
101316.61397659699
101319.51078495418
101320.21652279333
101324.69197395546
101326.87773481426
101330.8514518882
101332.10485881023
101332.97600585033
101330.45965141922
101329.58969015047
101324.37736531772
101322.70417467634
101318.11027243087
101318.16266956468
101317.75544698145
101326.99116515313
101332.06528751159
101331.11350024203
101332.52374079618
101330.6980594639
101330.77088173648
101328.98524034888
101328.37608544773
101323.01043083155
101324.96651341204
101324.19051527549
101327.03710096865
101326.20599025606
101328.84504084567
101327.5554801767
101327.89136150802
101320.28793179375
101317.6839593677
101320.77921327377
101322.4594222593
101326.91691769473
101329.29886620451
101333.12362746321
101334.74077762525
101335.44637694518
101332.82455209935
101331.64937516575
101326.68370634361
101324.69305795057
101319.62905139255
101319.19088680291
101317.79869437225
101325.47533455327
101328.87084994672
101327.69011368808
101328.05709717398
101326.35812784146
101326.00759157435
101324.37514780513
101323.64929399439
101320.96277617382
101322.65084958902
101321.92914799094
101324.3135236399
101323.38785843219
101325.83007498586
101324.52416461764
101325.31048003559
101318.95420545879
101317.33777988679
101320.3863083068
101322.30078587767
101326.59362613977
101329.23317200979
101333.20946923287
101334.70153520993
101335.30550322396
101333.08392033308
101331.38696426914
101326.60008580636
101324.32475107591
101319.61389453728
101318.72087932104
101317.10962819969
101323.32882995423
101325.81025055931
101324.93555484372
101324.97062061002
101323.81842482909
101323.38483494216
101322.1609385242
101321.47381409381
101317.64139478115
101318.98113417225
101318.2030510359
101319.88712882556
101319.3642931888
101321.5440932745
101321.01686674805
101322.66606101206
101318.5259643193
101318.63007932434
101321.82310203645
101324.43811260654
101328.46751118582
101330.86695239533
101334.25814482941
101335.60403165725
101336.08023994617
101334.2970386594
101332.62383604533
101328.63552469813
101326.1620005834
101321.4522624711
101319.86434475957
101317.40362059868
101321.486474467
101322.04008241574
101321.03005151097
101320.57371531441
101319.58217583323
101319.13195109974
101318.59855576302
101318.00269150964
101317.43268414431
101318.36364029515
101317.61270634127
101318.70333668336
101318.00589511338
101319.44479638079
101319.17550511323
101320.52493083803
101318.05886837651
101318.67286309341
101321.29975205865
101323.86382938028
101327.69873731784
101330.11575892504
101333.05271373499
101334.11539951999
101334.56806578932
101333.26452489276
101331.57381130259
101328.09727951423
101325.28188016135
101321.2732853263
101319.67929929473
101317.43788066659
101319.83865759564
101319.922793547
101319.22850461114
101318.81493971107
101318.42793898724
101318.12558135361
101318.05320652096
101317.65094465281
101318.93640513203
101318.94724078881
101318.17408456851
101318.1034056386
101317.33047237781
101317.47044345968
101317.44735208451
101318.43832852246
101318.43531912938
101320.00272391023
101322.15423645054
101324.46380616249
101327.28205998156
101329.02599514408
101330.69926426077
101331.41773498684
101331.57108739324
101330.99829636727
101329.68304692945
101327.4756646843
101325.09056231834
101322.39090004579
101320.51375982877
101318.53115422685
101318.49999671735
101317.71427646933
101317.52275845529
101317.49807276837
101318.03443289481
101318.31356886055
101318.76888317493
101318.96375666896
101329.72776281771
101329.21782751122
101327.82266897625
101326.02863100225
101323.7925446787
101321.65071629596
101320.02243764841
101318.51387453194
101318.47233785843
101317.99322761747
101318.13423390355
101318.56966368727
101319.53392795476
101320.18445101404
101320.99270675301
101321.14527075653
101321.19104335469
101321.16765388475
101320.36414334094
101319.6105243224
101318.52037349537
101318.18744855523
101317.88816184674
101318.47575241726
101318.47586798012
101319.67752654395
101321.49791762445
101323.34225170549
101325.72050745926
101327.25660219368
101328.9354562549
101329.57747539555
101335.08767657205
101333.78494888972
101332.12364533312
101328.72983637893
101325.84847229031
101321.77798357954
101319.99547815356
101317.57289558032
101319.66156394243
101319.46831352355
101318.63778100963
101318.0989930105
101317.75243001714
101317.34010326133
101317.51760445126
101317.14004509954
101316.94941448544
101317.85993507295
101316.92256980173
101317.98170646219
101317.42958179911
101318.81570949496
101318.66547209445
101320.21974087603
101318.07346961809
101319.00400664247
101321.72156375033
101324.49517728054
101328.36489206627
101330.75046917697
101333.56548031019
101334.69159514739
101335.06509687376
101333.39771361883
101331.8575736621
101328.03419932975
101325.64151587887
101321.17556262152
101319.68090455534
101317.42913827542
101321.42138802113
101322.08754266397
101321.25784029366
101320.99571554657
101320.13407065131
101319.73000194613
101319.36633763007
101318.86663581662
101318.52108534329
101319.77557794165
101318.84558960458
101320.48166952597
101319.86312502206
101321.73117210971
101321.08352513096
101322.59747569359
101318.56220532818
101318.55827196017
101321.53812856248
101323.97945579546
101327.87808669402
101330.16058354339
101333.41028611272
101334.62403855065
101336.3846083477
101334.21271821554
101332.54045554902
101327.61944965587
101325.14755281109
101320.31724534115
101319.17519981616
101317.25659535185
101323.15331382156
101325.20860032784
101324.13862490635
101323.95909541771
101322.56950477765
101321.86842849337
101320.72017415304
101319.9985146432
101319.49340181642
101321.24870139893
101320.48028203624
101323.04720228775
101322.33101122957
101324.90622313514
101323.84571426974
101324.98092263647
101318.95879170317
101317.75091991184
101321.00190635855
101323.13172068605
101327.56715913556
101330.38495833869
101334.38600987273
101335.83172003082
101335.01304009449
101332.52367610722
101331.41983483938
101326.39214122876
101324.42666440169
101319.58032246232
101319.09602944834
101317.80734435613
101325.39305446116
101328.76418792702
101327.65617773503
101328.07334385789
101326.37209586598
101325.95810509427
101324.33758393602
101323.68596354262
101323.02416752782
101324.95870025308
101324.19374072889
101327.01329235357
101326.16622558239
101328.74765316115
101327.42831687622
101327.73179944223
101320.20531499785
101317.61576611199
101320.63730563299
101322.23514904082
101326.54828591831
101328.96478943618
101332.78332656647
101334.3578386631
101334.22066605915
101331.72282841292
101330.92034374844
101325.39729329533
101323.58514607471
101318.74474315194
101318.5453740432
101317.90622673889
101326.75344243256
101331.34715903524
101330.19087200687
101331.36245735465
101329.40651757752
101329.19587416117
101327.18455246935
101326.55462930677
101325.77317732623
101327.94699441612
101327.13506105159
101330.09164653863
101329.28425114386
101331.58182878673
101330.01257901233
101329.65947410911
101320.879951707
101316.91813509338
101320.01656719377
101321.02163446901
101325.66315585849
101328.04297691213
101332.08311260506
101333.38138463332
101332.96155566786
101330.38330921016
101329.70666972431
101324.32404693826
101322.75188077503
101318.36991626497
101318.54555393022
101318.10772279662
101328.3029231416
101333.89802106823
101332.94732390446
101334.63856267565
101332.37841434937
101332.33239726421
101330.41347699483
101329.91638236759
101329.0420256989
101331.23681881771
101330.19368931571
101333.25920591978
101332.59401823292
101334.5657995941
101332.63438131871
101331.60049670022
101321.79429919427
101317.23571732095
101319.98461840888
101320.2614927197
101324.69513451026
101326.73467368595
101330.88695925332
101332.02003103147
101331.93063788641
101329.29370004135
101328.66726955021
101323.19767735308
101321.70936624164
101317.51574287556
101317.90748282531
101318.01369713541
101328.92252777574
101335.1684923162
101334.37413557825
101336.34075017004
101334.15615098056
101334.03407276736
101332.01240569039
101331.54091409293
101330.64894072793
101332.91736636788
101331.82670214851
101335.20326031843
101334.29796969742
101336.13097422841
101333.82771746299
101332.38459518392
101321.92373928439
101316.6014329522
101319.19931552818
101319.21580944417
101323.62551017104
101325.58017165036
101329.79533549558
101330.95376771604
101331.54109168905
101328.92975279667
101328.24156219735
101322.9549891538
101321.49359997034
101317.35251551121
101317.81053592553
101317.9898650649
101329.00546550879
101335.37671413935
101334.61671771044
101336.6162034249
101334.47743628059
101334.42830131945
101332.46144569341
101331.99754970087
101331.1119457976
101333.35196337904
101332.22579580163
101335.55669645526
101334.57279242793
101336.36106405832
101334.06387101082
101332.47523725664
101321.94023717902
101316.51535356838
101319.05647549697
101319.01138281061
101323.3585814082
101325.24593921847
101329.38986363287
101330.52362803716
101333.30710685517
101330.66773824763
101329.95244089537
101324.53262194508
101322.94297789694
101318.48508059638
101318.66276822204
101318.17200601527
101328.44724751147
101334.09141757891
101333.06619822481
101334.65231412333
101332.34254326342
101332.27601314821
101330.31546272404
101329.74068774718
101328.89451589869
101331.06985078569
101330.05935891587
101333.19443133504
101332.58574040029
101334.6943136078
101332.80988515602
101331.7545386992
101321.89214378716
101317.38998814374
101320.15199993426
101320.48205098734
101324.95576998472
101327.01935568063
101331.19599921738
101332.37615359505
101332.97614972989
101330.45980982461
101329.58973462573
101324.37699595258
101322.70417177943
101318.11002438751
101318.16261819834
101317.75570858302
101326.99171274097
101332.06564409868
101331.11369747182
101332.52367009918
101330.69761841782
101330.77066895281
101328.98647338999
101328.37781907283
101327.56437330505
101329.6678743911
101328.6869149149
101331.43108494297
101330.45070067032
101332.53612490909
101330.73254821736
101330.1400278872
101320.96907177976
101316.61422529876
101319.51114989383
101320.21653389394
101324.69170777788
101326.87802802611
101330.85154406284
101332.10477840461
101335.44661060603
101332.82484707405
101331.64956059797
101326.68381895628
101324.69313871906
101319.62915663162
101319.19096502727
101317.7987396055
101325.47550516696
101328.87043022019
101327.69008745873
101328.05699488992
101326.35882686531
101326.00733405868
101324.3736608617
101323.64525257898
101323.00872987027
101324.96580059646
101324.19060691347
101327.03670742994
101326.20646119105
101328.84494032079
101327.55597117747
101327.8911529289
101320.28794140145
101317.68394232968
101320.7789897488
101322.45932321649
101326.91667369852
101329.29897928712
101333.12357212233
101334.74075983423
101335.30565034566
101333.08401215977
101331.38697281896
101326.6001890285
101324.32479894429
101319.61397600852
101318.72079736255
101317.10980519609
101323.32886134123
101325.81007033808
101324.93550295496
101324.97051152986
101323.81844741129
101323.3860325571
101322.16400775879
101321.47928354374
101320.96456191392
101322.65131640469
101321.92885677007
101324.31321244068
101323.38738528053
101325.82867302196
101324.52454905453
101325.30949980428
101318.95391679955
101317.33784905936
101320.3859149739
101322.3009062015
101326.59370021116
101329.23361872851
101333.20932067421
101334.70188047728
101336.08028529785
101334.29716138045
101332.62391991596
101328.63576780618
101326.16231774051
101321.45237030389
101319.86428664591
101317.4036088087
101321.48645061083
101322.03986006121
101321.02991247761
101320.573663036
101319.58221684764
101319.13252720304
101318.59955629848
101318.00218103352
101317.64178411123
101318.98125652398
101318.20347223351
101319.88656347494
101319.36520243526
101321.54336609739
101321.01647471012
101322.66523607851
101318.52534144561
101318.62979403845
101321.82237912508
101324.4385434635
101328.46764642853
101330.86734262011
101334.25788734332
101335.60431828375
101334.56799457647
101333.26471937724
101331.57390168523
101328.09745136699
101325.28207767762
101321.27322835874
101319.67909751159
101317.4377062072
101319.83848754477
101319.92260626804
101319.22868230368
101318.81539962602
101318.42813884909
101318.12603317032
101318.05671787458
101317.64921045658
101317.43269702946
101318.36370042549
101317.61226525965
101318.70454651566
101318.0040752533
101319.44441636575
101319.17692423228
101320.52502630572
101318.05884118889
101318.67309362805
101321.2996226752
101323.86465508948
101327.6986992725
101330.11581987566
101333.05211452678
101334.11547567762
101331.57105401819
101330.99842879054
101329.6831006118
101327.47579425841
101325.09067920575
101322.39055335146
101320.51424370689
101318.53096285324
101318.49958114269
101317.71395715489
101317.52279106197
101317.49828253253
101318.03422863239
101318.31144974902
101318.763401199
101318.96432075379
101318.93533976037
101318.94763680159
101318.17285481917
101318.1033932697
101317.33016400432
101317.4700865903
101317.44802316712
101318.43892648064
101318.43565414424
101320.00291728126
101322.15408743822
101324.46355452541
101327.28144436794
101329.02558329962
101330.69876956423
101331.4176136578
101321.19115085228
101321.16785624993
101320.36416459133
101319.61060547412
101318.52036597746
101318.18695774369
101317.88896563521
101318.47541541948
101318.4754835483
101319.6774371722
101321.49784939304
101323.34246858685
101325.72028252878
101327.25506529615
101328.93278713789
101329.57754422459
101329.72715977256
101329.21779373662
101327.82183885408
101326.02873961907
101323.79261331943
101321.65058111468
101320.02280744365
101318.51431519449
101318.47270164463
101317.99326262086
101318.13437019414
101318.56882405681
101319.53326365419
101320.1841094946
101320.99236971741
101321.14541064524
101316.94950033617
101317.86046068365
101316.92284437781
101317.98166481144
101317.42942359687
101318.81533865143
101318.66493566052
101320.21915277767
101318.07318203387
101319.00483152855
101321.72159688789
101324.49522489798
101328.36540753001
101330.75002241606
101333.56957108378
101334.69140970919
101335.08886351415
101333.78525902602
101332.12342831472
101328.72986889555
101325.84809900257
101321.7775792967
101319.9954533541
101317.57315982922
101319.66182813657
101319.46869640908
101318.63888833992
101318.09825927606
101317.75212577099
101317.33973451513
101317.51740839155
101317.14024156865
101318.52079348732
101319.77608388469
101318.84622307125
101320.48189786838
101319.8631436346
101321.73101789661
101321.08337650908
101322.59723340286
101318.56186533031
101318.55904121387
101321.53917192289
101323.97792686612
101327.87856856016
101330.15898886223
101333.41123935163
101334.62337640725
101335.06503430175
101333.39767431185
101331.85756996588
101328.03405225171
101325.64113669594
101321.17526145731
101319.68077266775
101317.42937571836
101321.42193995272
101322.0897567379
101321.25756066917
101320.99260796249
101320.13413396961
101319.72943244754
101319.3668081795
101318.86690694468
101319.49275176355
101321.24892014553
101320.48055204075
101323.04731013757
101322.33100479815
101324.90624280256
101323.84546198629
101324.98088419545
101318.95835576586
101317.75088169721
101321.00522389392
101323.13044996321
101327.56840307034
101330.38418938535
101334.38747443692
101335.8312081239
101336.38473692877
101334.21285768195
101332.54059445989
101327.61924496235
101325.14711529612
101320.3168837839
101319.17503158769
101317.25649786725
101323.15299470446
101325.20832076338
101324.13952502837
101323.95974770069
101322.57049911503
101321.86828039416
101320.71890575688
101319.99800446202
101323.02472401911
101324.95971148773
101324.19413768854
101327.01337308907
101326.16617149985
101328.74775360609
101327.42834540576
101327.73198518206
101320.20518613831
101317.61550981154
101320.63776323627
101322.2344005731
101326.54831945305
101328.96360223935
101332.7829831288
101334.35669378751
101335.01255662856
101332.52359174626
101331.41946611674
101326.39179914433
101324.42641574082
101319.58013024478
101319.096092666
101317.80749564129
101325.39298153826
101328.76304464333
101327.65455918522
101328.07204645831
101326.37187862711
101325.95746009797
101324.33714955836
101323.68488139247
101325.77387733922
101327.94814238793
101327.13514986393
101330.09139809925
101329.28395800121
101331.58180480673
101330.012746771
101329.65973614113
101320.88044370573
101316.9182244104
101320.01602408304
101321.02205587046
101325.66316226748
101328.04233623148
101332.08283424305
101333.38133149521
101334.22032228395
101331.72198358193
101330.9193484503
101325.39712308624
101323.58465232237
101318.74430621254
101318.54531881081
101317.90609012714
101326.75332659078
101331.34725094316
101330.19155649671
101331.3627828988
101329.40779119352
101329.19811290444
101327.19110722326
101326.55553815015
101329.04091637576
101331.23669157953
101330.19345616431
101333.2593018044
101332.59411269634
101334.56584966373
101332.6345653139
101331.60060351373
101321.79465604693
101317.236224141
101319.9848200921
101320.26142098501
101324.69509110655
101326.73409833439
101330.88625418508
101332.02017587538
101332.96178124656
101330.38439833607
101329.7066264317
101324.3248962177
101322.75084986501
101318.36928919662
101318.54605309355
101318.10784507173
101328.30284194759
101333.89753230094
101332.94670608926
101334.63767666348
101332.37766875884
101332.32974756227
101330.40926143301
101329.9164220666
101330.65063844773
101332.91794184753
101331.82710838357
101335.20383133208
101334.29847766114
101336.13079427772
101333.82835529358
101332.38493806162
101321.92424542303
101316.60184182321
101319.19954902938
101319.21625995815
101323.62548098044
101325.58048975987
101329.79620545085
101330.95209589587
101331.92959722147
101329.29344768038
101328.66549213651
101323.19876004964
101321.70712179814
101317.51554215005
101317.90778138627
101318.013739517
101328.92236314264
101335.16879027165
101334.37450960506
101336.34076249982
101334.15686470752
101334.03583722156
101332.01486816895
101331.54303287162
101333.13332274878
101335.9283809397
101334.12265127164
101338.10764246405
101336.12881852371
101338.46781123026
101335.10495296364
101334.77491309358
101321.82460839348
101314.48482282602
101318.11150944582
101317.68429071306
101323.38813330713
101325.42102871581
101330.91223271414
101332.29437300794
101333.60020734838
101330.41200641874
101328.88096016526
101323.07676660731
101320.57332732275
101316.22681748221
101315.89955836076
101317.26770955884
101330.38850477166
101336.65585781573
101336.48884904398
101338.60714952181
101336.94560939325
101336.7106547713
101334.87371780051
101334.0898109822
101330.46512233936
101333.20175364547
101331.57093251729
101335.63243102275
101333.90725128628
101336.68886841318
101333.73462237863
101333.7854859326
101321.53156603911
101315.31137719513
101319.4444637229
101319.35194053609
101325.44456939618
101327.65910962578
101333.34744408565
101334.69615998628
101335.87727217519
101332.67057331433
101330.99647834904
101325.06002596336
101322.36113940524
101317.53684067713
101316.73697196681
101317.39665407724
101329.75719466488
101335.29256378883
101334.88707355573
101336.47777041612
101334.64131729605
101334.24382938098
101332.30556960715
101331.36061912274
101328.18099131403
101330.72063359992
101329.16939095054
101332.88188031028
101331.05653851198
101333.98367088955
101331.0905125235
101331.27922082796
101320.33973296781
101314.21844099158
101318.34036822148
101318.71974132869
101324.64889698724
101326.95366624094
101332.40175262245
101333.84618247136
101335.02353661651
101331.98095197768
101330.22167580848
101324.32229700171
101321.66865138903
101316.84731236263
101315.83626899261
101316.02272060496
101327.73140782242
101332.7678217364
101332.28457960821
101333.53907844024
101331.95382184697
101331.67256692112
101329.91834027418
101328.99508112426
101323.18159931805
101325.50777838111
101324.09021292251
101327.88555742647
101326.36181808845
101329.90782561059
101327.43225461285
101328.81366783789
101319.62954381469
101315.56284011996
101320.34394142074
101321.70753001006
101327.68560218984
101330.1635243974
101335.58297253695
101337.02717768273
101338.0080088136
101335.1219113667
101333.07835164659
101327.45759926841
101324.51902895176
101318.99080142
101317.192249678
101316.2830692006
101325.8885713185
101329.18345351539
101328.49146595299
101328.61691521124
101327.11747683436
101326.3533050885
101324.82755260251
101323.81692800373
101319.76591254957
101321.86272163133
101320.59590341506
101323.92241354274
101322.38155210775
101325.54058265281
101323.38157862067
101324.97009290133
101317.59667588418
101314.65917217193
101319.13655398003
101320.96872798665
101326.76092417912
101329.57934169541
101334.73518589194
101336.20287744347
101337.02949155531
101334.45353262461
101332.13930707143
101326.78314062252
101323.5286468805
101318.25791424535
101316.37028201748
101315.00040048387
101322.73712480032
101324.91318366697
101324.5245691257
101324.26927929951
101323.35652428478
101322.40387879754
101321.28580759859
101320.22264572792
101316.4395816766
101317.96102540349
101316.76385311276
101319.18165919653
101318.01652657344
101320.82400674073
101319.56507801256
101322.10808910671
101317.21128818771
101316.67804136997
101321.1656499081
101323.87447520389
101329.39576122085
101332.00131445171
101336.2567307094
101337.54749401294
101338.1684634471
101336.18887285085
101334.02061934766
101329.61697404904
101325.94467976296
101320.70614726681
101318.22051080885
101315.87368662137
101320.77810921971
101320.7837220286
101320.21178488739
101319.38806102771
101318.84824596034
101318.00456741251
101317.50942068911
101316.74381138556
101315.53394275652
101316.39847368453
101315.12362894503
101316.62839169169
101315.58709403937
101317.66759152876
101316.52534267484
101318.89862480763
101315.95073956584
101315.87143149893
101319.95008153879
101322.64187506284
101327.58933841856
101330.28344061198
101334.04509391429
101335.17081287723
101335.70908519962
101334.25448666135
101332.04636363873
101328.07606287127
101324.28608053082
101319.88306783777
101317.14131044474
101315.26032365834
101318.09361656687
101317.37301039704
101317.37515562633
101316.47290514565
101316.26776808685
101315.68370591817
101316.00274092962
101315.66581215154
101318.43283891774
101318.42511779655
101317.17060406142
101316.95727242352
101315.2794209954
101315.91221155306
101315.23406839595
101316.78157069047
101316.74940470442
101318.17706300769
101321.5715962065
101324.02351003843
101328.07736702674
101329.80827025964
101332.53338049412
101333.52908452711
101333.69878508823
101332.96011372757
101331.01433317439
101328.32945735189
101324.81791228292
101321.80165521186
101318.89536767238
101316.83957662285
101316.9329442747
101315.47251798192
101315.90792125541
101315.42153262983
101316.48919016906
101316.73110971577
101318.20371279451
101318.30091196451
101331.18461884769
101330.54255625341
101328.67433999907
101326.98939202123
101323.37049508424
101320.94633684061
101318.29039823353
101316.85782049429
101316.87060831096
101315.78969186269
101316.68525024185
101316.88521974356
101318.82315519513
101319.24880023618
101320.39953228107
101320.75717769426
101320.8684079425
101320.66634290843
101319.55940512512
101319.05343937686
101317.17479819324
101316.82307763876
101315.78038269762
101316.8349019225
101316.80916905824
101317.81464212287
101320.79356362429
101322.76219974351
101326.41052413886
101328.07349006094
101330.23016028818
101330.96973038747
101336.21659404648
101334.88005639616
101332.84679857387
101328.80649359136
101324.94316265291
101320.43502998499
101317.50293797876
101315.38161760321
101317.86911064571
101316.7738368259
101316.61183594751
101315.61672348906
101315.53215727303
101315.08846026912
101315.52239032245
101315.12776010047
101315.02464699434
101315.91727105796
101314.62576652606
101315.88394317617
101314.75442052903
101316.9063247701
101315.85249182211
101318.51015390993
101315.99394781869
101316.21046105202
101320.41122882426
101323.34104553224
101328.42033827312
101331.15374638309
101334.7864808595
101335.74547357182
101337.00733827737
101335.25171112297
101333.13365078988
101328.75965588793
101325.30286517178
101320.34363801111
101318.00510545631
101315.89879671954
101320.68910984459
101320.86079969167
101320.49892030279
101319.85742780447
101319.37291899514
101318.7637257397
101318.51256755066
101317.79943820593
101317.54857626194
101319.03582474923
101317.68462001438
101319.86765657624
101318.49671430385
101321.07332948253
101319.65064783175
101322.05533051316
101317.26611360448
101316.55052836733
101320.81806066043
101323.32573812947
101328.53746735981
101331.07719552702
101335.30204448551
101336.42835656667
101338.39356022913
101335.94312952561
101333.51745155336
101327.97130921116
101324.47437145989
101319.01580348262
101316.88673722351
101315.15724241963
101322.48683592802
101324.17358340634
101323.53121897213
101322.93381129469
101321.6411407945
101320.62874328156
101319.73092736499
101318.7627950302
101318.32402851013
101320.26577097329
101318.96268453376
101322.29693798196
101321.00203903287
101324.41910798968
101322.57793237864
101324.54047039265
101317.54374132201
101315.10158813038
101319.79207030337
101321.88776750094
101327.82446749775
101330.88195683666
101336.22662998209
101337.61201991871
101337.63418484747
101334.8562734852
101332.70711228016
101327.12599000032
101324.20400289346
101318.89335324979
101317.08389492448
101316.1804373342
101325.69200857522
101329.00789501431
101328.36701271594
101328.55243502917
101326.96904664884
101326.14992587923
101324.77913581596
101323.72861418143
101323.10175898246
101325.51120108689
101323.97936936945
101327.75361905509
101326.24744022731
101329.72280654486
101327.24026717982
101328.57059002502
101319.50483571377
101315.41027671559
101320.07531334864
101321.33609459329
101327.20433685216
101329.69745806794
101335.20690450213
101336.65381919417
101336.51267949547
101333.52523459398
101331.67189793955
101325.63618823023
101322.71850645902
101317.5851086818
101316.15861463337
101315.98010632061
101327.31539049087
101331.78243980315
101331.15410520059
101332.10885130559
101330.25429419617
101329.64470197943
101327.78376592582
101326.83094943766
101326.0444278244
101328.69603715408
101327.22157798207
101331.17363434946
101329.63710392128
101332.82190993361
101330.15393166347
101330.7140568761
101320.13364602442
101314.48986609199
101318.93331886685
101319.67662771205
101325.81950905836
101328.28055891432
101333.94998799925
101335.30596607689
101335.43633716844
101332.27921575098
101330.66348278636
101324.80238346975
101322.12943227612
101317.42474557512
101316.57228026037
101317.27694426388
101329.54174603484
101335.06786634732
101334.82265952512
101336.49652291367
101334.64547445611
101334.21116618687
101332.30624788615
101331.38665200067
101330.48153873016
101333.28275294405
101331.64463467567
101335.70346698348
101333.97703069853
101336.62001104903
101333.55243527716
101333.54565448043
101321.36303415467
101315.13915812245
101319.16224253429
101319.14215248145
101325.13185625711
101327.30471552102
101332.95369711838
101334.25781870817
101333.94396765427
101330.73685063777
101329.28573290481
101323.36301324904
101320.81635468859
101316.40803993946
101315.97610045047
101317.22374279294
101330.26233350685
101336.40613173382
101336.12327574132
101338.17576803989
101336.42183670105
101336.09410041325
101334.24834732283
101333.43577642075
101332.47239754446
101335.30935643919
101333.51081727099
101337.59310507664
101335.7008724402
101338.13037303695
101334.78968522912
101334.63166608116
101321.76795749186
101314.54674701777
101318.23863793108
101317.91103378125
101323.66079123216
101325.74645045855
101331.32081147851
101332.68364514186
101333.60035610638
101330.41124374667
101328.88164571837
101323.07393516664
101320.57622105049
101316.221791547
101315.90070541992
101317.26865916047
101330.38909456583
101336.65630124325
101336.48889525644
101338.60784748846
101336.94615564335
101336.71200796375
101334.87509388347
101334.09027072768
101333.13435093434
101335.92773093937
101334.12226800113
101338.10698819779
101336.12847303587
101338.46893534015
101335.1040513039
101334.7738812368
101321.82405915609
101314.48457307606
101318.11091416722
101317.68340411239
101323.38762458398
101325.42160831808
101330.91291097831
101332.2937659599
101335.87763259899
101332.67076672899
101330.99722330854
101325.05868303087
101322.36261352072
101317.53497602171
101316.73651099163
101317.39696636825
101329.75778494301
101335.29236472437
101334.88657745245
101336.47738621788
101334.6412396486
101334.24418475429
101332.30513039615
101331.35977432373
101330.46452619912
101333.20085606832
101331.57055400161
101335.63145832528
101333.9071599048
101336.68959381635
101333.73473426588
101333.78479586358
101321.53114398725
101315.31106342337
101319.44382028181
101319.35149473851
101325.44391797882
101327.6589880673
101333.34738328792
101334.69580819589
101335.02368305161
101331.98108839724
101330.22179093282
101324.32160819415
101321.66835142605
101316.84608324531
101315.83591611662
101316.02283477245
101327.73228300273
101332.76840165359
101332.28543858258
101333.54043305926
101331.95475591937
101331.67077026897
101329.91914367354
101328.99578919848
101328.18166756303
101330.72073508237
101329.16958058407
101332.88096194994
101331.05676520105
101333.98346607373
101331.09151701961
101331.27822164903
101320.33913815275
101314.21908990837
101318.34036251756
101318.72016899161
101324.64859680898
101326.95480308673
101332.40323416532
101333.84507587217
101338.0081879498
101335.12227275528
101333.07874110059
101327.45768661168
101324.5192671439
101318.99095894088
101317.19196966913
101316.28385140352
101325.88876212022
101329.18327403851
101328.49162884708
101328.61565570126
101327.11664252679
101326.35471515046
101324.82755796044
101323.81611774834
101323.18114044472
101325.50729494283
101324.09038838863
101327.8851496382
101326.36254920482
101329.90794384983
101327.43324716277
101328.81283802274
101319.62953168119
101315.56243269697
101320.34373671382
101321.70759544114
101327.68487416235
101330.16414619409
101335.58395645161
101337.02684286785
101337.02960446777
101334.45366431584
101332.13939010857
101326.78304181287
101323.5287270952
101318.25848566808
101316.37033568775
101314.99995821484
101322.73678268211
101324.91323725891
101324.52442027139
101324.26863383324
101323.35569478611
101322.40475085087
101321.287236577
101320.2250617445
101319.76693901677
101321.86308572642
101320.59554040033
101323.92232468686
101322.38079123918
101325.53908284692
101323.38179446172
101324.96761290911
101317.59654721324
101314.6597623838
101319.13636273499
101320.96936218187
101326.76066985521
101329.58024279856
101334.73504260727
101336.20330191657
101338.16857943022
101336.18915100963
101334.02078899337
101329.61694558067
101325.94498184723
101320.70636645163
101318.2204504657
101315.8736222147
101320.77781493479
101320.78341421767
101320.21145578282
101319.38787571035
101318.84802515325
101318.0050626848
101317.51006214126
101316.74386400994
101316.43999914051
101317.96129334535
101316.76449545874
101319.1810765125
101318.01835910082
101320.82228259108
101319.5639256937
101322.10664506331
101317.21042056194
101316.67789493271
101321.16487565756
101323.8752620663
101329.39574310658
101332.00202616761
101336.25639453702
101337.54790200861
101335.70917430923
101334.25486371314
101332.04654433145
101328.07598682973
101324.2862394986
101319.8831300835
101317.1413363898
101315.26015887907
101318.09327221209
101317.37273738541
101317.37526880474
101316.4731470471
101316.26765525228
101315.68341725486
101316.00278889098
101315.66527089584
101315.53392410521
101316.39925928264
101315.12333805076
101316.63235831384
101315.58177336938
101317.66734394491
101316.52791264637
101318.89848909066
101315.95056354818
101315.87176197059
101319.94990309465
101322.64307818256
101327.58934192036
101330.28393074848
101334.04461642985
101335.17101276768
101333.69880892069
101332.96037095854
101331.01448109603
101328.32966665657
101324.81799533858
101321.80110388123
101318.89856660266
101316.83986498578
101316.93142556233
101315.47176741969
101315.90810797017
101315.42180029226
101316.48895128895
101316.73244983386
101318.20518692528
101318.30194286787
101318.43303421632
101318.42559901513
101317.17060724109
101316.95973113453
101315.27736841033
101315.91116282964
101315.23507377674
101316.78244964706
101316.74967267766
101318.17772909286
101321.57207541945
101324.02296008678
101328.07637202094
101329.8083526527
101332.53299041252
101333.52897864058
101320.8684220408
101320.66658561418
101319.55952483568
101319.0536036831
101317.17458495242
101316.82087810917
101315.78463210564
101316.83422519262
101316.80854162862
101317.81464906543
101320.79378899393
101322.76240266195
101326.40983656813
101328.07213563962
101330.22826523642
101330.9697587383
101331.18424990197
101330.54265308767
101328.67370812804
101326.98938155296
101323.37022304842
101320.94594333456
101318.29089206972
101316.85821420248
101316.87102657874
101315.7904957727
101316.6873991912
101316.88302638401
101318.82269097341
101319.24869124102
101320.39924142856
101320.75718612227
101315.02419507924
101315.91709051152
101314.62586820318
101315.88398751707
101314.75424104958
101316.9055553434
101315.84953951855
101318.50915149016
101315.99279120224
101316.21206271002
101320.41169830131
101323.34140942692
101328.42139761869
101331.15316816393
101334.78662936327
101335.74535501684
101336.21667307004
101334.88010252589
101332.84664809945
101328.8068329747
101324.94274154109
101320.43442741715
101317.50290670163
101315.38178975989
101317.869280396
101316.77561722099
101316.61506066567
101315.61346958995
101315.5320513449
101315.08890873734
101315.52227583455
101315.12771329952
101317.54797847012
101319.03563744712
101317.68463757615
101319.86796835157
101318.49685303945
101321.07322999023
101319.65035161536
101322.05517756233
101317.26568624846
101316.55173488778
101320.81957757192
101323.32430033064
101328.53890806859
101331.07490411004
101335.30199773598
101336.42779458172
101337.00718374534
101335.25196892786
101333.13402841342
101328.75975721682
101325.30245282073
101320.34315711186
101318.00504650918
101315.89953223671
101320.69093306994
101320.86717461582
101320.49883142732
101319.8456605688
101319.37202244539
101318.7628958881
101318.51219612038
101317.79945790509
101318.32298906863
101320.26548495113
101318.96269229735
101322.29693408996
101321.00195375933
101324.41912249039
101322.57757392367
101324.54043792454
101317.5430304489
101315.10202480636
101319.79765534974
101321.88620017571
101327.82751089225
101330.87990280947
101336.22759355503
101337.61110541561
101338.39373811345
101335.94487666637
101333.51851728109
101327.9711300263
101324.47384853019
101319.01537682695
101316.88657353781
101315.15711807486
101322.48640034749
101324.17323813097
101323.53296901422
101322.93439671853
101321.64229709134
101320.62871467559
101319.7279841487
101318.7617530827
101323.10220265374
101325.51351517015
101323.98052619894
101327.75379133275
101326.24730315166
101329.72282644424
101327.24006834775
101328.57069038671
101319.50362222389
101315.40722930143
101320.08224431452
101321.33481563083
101327.20475807363
101329.69549954605
101335.20552523708
101336.65178718782
101337.63374216012
101334.85761313859
101332.70661433418
101327.12528909137
101324.20372053816
101318.89327660734
101317.08415139774
101316.18080750431
101325.69202140291
101329.0066351323
101328.36475762652
101328.54998551479
101326.96869770219
101326.15051719143
101324.77998319945
101323.7262303108
101326.04400227198
101328.69773166825
101327.2219570028
101331.1732168326
101329.63629081668
101332.82178396369
101330.15418639561
101330.71455993029
101320.13470757254
101314.49019478088
101318.92835237659
101319.68011015453
101325.81958528057
101328.28043578341
101333.94895004127
101335.30380536146
101336.51045248257
101333.51919782531
101331.66901819341
101325.63595133212
101322.71819720346
101317.58538830528
101316.15900387401
101315.97988465476
101327.31540962736
101331.78223627801
101331.15526058206
101332.10906840718
101330.25559394307
101329.648533984
101327.79785907584
101326.83458782699
101330.48046531364
101333.2814083469
101331.6429881572
101335.70285111913
101333.97635218748
101336.62051070076
101333.55227979217
101333.54596373417
101321.36377736708
101315.14010275676
101319.16338380882
101319.14218304676
101325.13246093057
101327.30460661007
101332.95328486382
101334.25911085357
101335.43691788285
101332.28221193663
101330.6637813335
101324.80361461303
101322.12600973461
101317.42721466828
101316.57416307874
101317.27669462783
101329.54189924935
101335.06715364006
101334.82179239081
101336.49527909743
101334.64451092455
101334.20714341651
101332.29635474269
101331.38834533084
101332.47566352219
101335.30850065382
101333.51016181275
101337.59382912322
101335.70150694995
101338.13023045812
101334.78971089219
101334.6325981718
101321.76863181847
101314.54715505072
101318.23858359567
101317.91195089441
101323.66079148624
101325.74637926556
101331.32058002542
101332.68388759566
101333.9431184713
101330.73662583705
101329.28329634994
101323.36544302528
101320.81035460861
101316.41543088293
101315.97653019462
101317.22098966238
101330.26195257624
101336.40581404135
101336.12383958416
101338.17594250325
101336.4231480403
101336.09658920561
101334.251096985
101333.43939536186
101333.82359832144
101337.02615489898
101334.54777726298
101339.3247928388
101336.99121551783
101340.01280822462
101335.88281865043
101335.99496146747
101321.80117460093
101313.30527916842
101317.18367018778
101316.60089775691
101323.33797202712
101325.18280331217
101331.7133239308
101332.65135933229
101334.34015992252
101331.17665551262
101329.05856816479
101323.25741408726
101319.57557812848
101315.18883368255
101314.67216694342
101317.11854508281
101331.33959179258
101337.35631597452
101338.10925478788
101339.93807724242
101338.18710228108
101337.41161537246
101335.70947818187
101334.76065398147
101331.2714307773
101334.38678032167
101332.00265510492
101336.86809207912
101334.71692443072
101338.22064482767
101334.71036853176
101335.17962676202
101321.43507978971
101313.57723826237
101318.69958704388
101318.40421554366
101325.81064637474
101327.87174715687
101334.59763073387
101335.44382511129
101336.90040281773
101333.76067862073
101331.57449206052
101325.66887318918
101321.71305796843
101316.55900768566
101315.06477985208
101316.86889797347
101330.68966677799
101336.42718380332
101336.47470054601
101337.73218734391
101335.8867492228
101334.97512093102
101333.26239951569
101332.16615870198
101328.36748597166
101331.30677533211
101328.87152181966
101333.55528497261
101331.25768335583
101335.05164206732
101331.4010105819
101332.35229915709
101320.05720160189
101312.56775293512
101317.46541405738
101317.4979964763
101324.50195356942
101326.34886519253
101332.85080547271
101334.09973431846
101335.53015804428
101332.38457965065
101330.05715282136
101324.42953661786
101320.80464197708
101315.82802703614
101314.03681579654
101315.44547425647
101328.48618383372
101333.4086445404
101333.3464966036
101334.14921134493
101332.59533293002
101331.69825431876
101330.33296048373
101329.12619903035
101323.30013406402
101326.04234567788
101324.03356703688
101328.65176630302
101326.57816268103
101330.88003457316
101327.39534618214
101329.82664044049
101319.58349386287
101314.51632809796
101320.49134616417
101321.26315545067
101328.38348823534
101330.55862112329
101336.92157223116
101338.00327408229
101339.16534344987
101336.22617112541
101333.74581914827
101328.19817824019
101324.44867422621
101318.98131198339
101316.24711705072
101315.77463251768
101326.93302659823
101329.4313924828
101329.27295335653
101329.05686095523
101327.83210928443
101326.50370147784
101325.27595587606
101323.87688154072
101318.76860450616
101321.11591123864
101319.37129949637
101323.69476870389
101321.63589328913
101325.69563732664
101322.36671495142
101325.3850848923
101317.3400202966
101313.1905656734
101318.81149327369
101320.04958915935
101326.8839159791
101329.58445991619
101335.67533118321
101336.97890310483
101337.94112337311
101335.26472169929
101332.48972885949
101327.02676765612
101322.88590570973
101317.81404607295
101315.10441736926
101314.21856245218
101322.90572919752
101324.1596109659
101324.55761778563
101323.81118636004
101323.08327926391
101321.36065563906
101320.49511450049
101319.20997039523
101315.43076551275
101317.07037149664
101315.7520443331
101319.14192659386
101317.56649958773
101321.11162558191
101318.83011365702
101322.46396058911
101317.073135502
101315.89880959041
101321.52496959802
101323.80109275578
101330.27960556002
101332.83557526582
101337.82130144743
101338.94245019009
101339.60034405546
101337.62984317612
101335.10730582762
101330.55656495543
101326.14959902197
101320.98682551338
101317.74441730487
101315.63031719931
101321.08792248923
101320.25710749958
101320.46071155371
101319.13425145988
101318.85096261045
101317.11582994509
101316.63385000433
101315.71427218626
101314.36945957833
101314.76521158713
101313.52462496536
101315.72092002329
101314.21253222952
101317.02578182906
101315.1292112552
101318.50234605544
101315.49746534305
101314.43822008112
101319.40308338241
101321.54485840513
101327.43041661187
101330.41870536667
101334.90605587949
101336.02736682912
101336.47038003683
101335.27672525444
101332.46640623276
101328.08766337878
101323.41210426546
101319.16233240311
101315.78869414188
101314.60004942845
101317.80084328445
101316.10997005043
101316.78843263301
101315.25681521365
101315.41366129139
101313.88210783736
101314.42174164561
101314.42573458477
101318.47485354112
101318.17528972968
101316.73688406867
101316.68949409746
101314.70737194372
101315.69956309559
101314.56486338958
101316.63080604713
101316.70663464734
101317.75263581573
101321.93525524167
101324.27279647758
101328.9587232164
101330.68378721253
101333.88661875381
101334.83593185016
101335.07332223865
101334.35118985284
101332.13691309828
101329.2101624872
101325.19800077812
101322.18535865592
101318.61996882259
101316.75852884227
101317.07118290169
101314.87829861557
101315.82740824448
101314.796809227
101316.28331351254
101316.29752289019
101317.891368832
101318.31313016682
101332.11487508516
101331.52225441401
101329.54056437928
101327.85991019697
101323.6833182711
101321.27277393659
101317.99179378019
101316.89914171938
101316.91443383039
101315.21779661844
101316.65469630332
101316.57355173364
101318.64218769275
101318.82323324836
101320.21359849679
101320.72407559928
101320.84193853002
101320.53662160775
101319.25982022492
101318.8704407005
101316.84201159372
101316.767850797
101315.14712936584
101316.7293346935
101316.78860321429
101317.49582412187
101321.10176561444
101322.98585954355
101327.38637428534
101328.99355037117
101331.18835779664
101331.91798165525
101337.05490480828
101336.11108912321
101333.48748478742
101328.94749942553
101324.12967265832
101319.81202590375
101316.24838331813
101314.80275886392
101317.60210986176
101315.44822987124
101315.88854063477
101314.29382542381
101314.63924752243
101313.36414514449
101313.93423136584
101313.99920692103
101313.98191222857
101314.30485868573
101313.07588065752
101314.94181555005
101313.32456722911
101316.19623136733
101314.48509505202
101318.06755655765
101315.52456241871
101314.87551628174
101320.01113462323
101322.31156496354
101328.37104826953
101331.43048747127
101335.70140439937
101336.60201699425
101338.69561593166
101336.90329403417
101334.2517670876
101329.60428012918
101325.40596962777
101320.58136159598
101317.53209431842
101315.7193859602
101321.014194216
101320.4191683708
101320.76711198276
101319.61625502809
101319.45876540153
101318.02320413232
101317.75332891408
101316.88591547505
101316.67574095262
101318.30222605049
101316.83237623615
101319.88696180559
101318.05510783658
101321.40903833753
101319.01755364814
101322.43093979005
101317.17259143335
101315.81320736845
101321.14575339812
101323.1499826676
101329.34712455109
101331.89657364729
101337.0102981423
101338.08548892048
101339.57462258506
101337.00393338475
101334.04397382103
101328.33244601489
101323.97493750435
101318.65517298794
101315.72892936252
101314.38837905673
101322.62060019924
101323.26886859139
101323.36726234778
101322.15256819729
101321.27437160077
101319.58311187438
101318.80528435799
101317.6518368191
101317.28953126966
101319.3976397019
101317.7197731029
101321.90005178194
101319.98291933775
101324.32621902242
101321.36647765659
101324.79627107759
101317.19162347516
101313.69435105528
101319.5526586115
101321.02574586372
101328.01044319398
101331.07453465779
101337.35633678711
101338.7044411386
101338.7751956814
101335.9693897996
101333.39019012416
101327.84357615307
101324.10576878607
101318.84012894778
101316.18891611477
101315.63876229934
101326.68481260838
101329.14431851223
101329.08621528697
101328.84539691778
101327.58830917947
101326.25731795984
101325.1185786166
101323.67125501724
101323.0955240609
101325.9335005766
101323.80653632412
101328.47671443877
101326.36395217491
101330.61088993173
101327.10942926432
101329.54559442864
101319.41009344411
101314.39335753179
101320.255205997
101320.85184501213
101327.83472618341
101330.13770796076
101336.49286742535
101337.58504481823
101337.19452503286
101334.09607986196
101331.6234551011
101325.86204905227
101321.94957340398
101316.67196105586
101314.31661752342
101315.23559770956
101328.03676323904
101332.312061191
101332.03238154929
101332.51938173317
101330.64315369294
101329.33039797659
101327.87978774388
101326.53857294934
101325.80481164399
101328.94805087819
101326.59993220106
101331.57802148318
101329.65052606302
101333.72241287952
101330.28642932561
101331.69961624552
101319.77012133131
101312.67821622836
101318.08886800286
101318.55287009574
101325.84561474643
101327.80066397043
101334.45757263787
101335.72300238642
101336.29982442652
101333.20200289397
101331.07565144869
101325.36005645338
101321.46388072512
101316.45604601988
101314.99358122601
101316.72533426947
101330.47408571976
101336.1256694344
101336.48672632611
101337.8652332894
101335.94672183452
101334.92605514333
101333.2079951622
101332.07007023421
101331.14597136332
101334.41809175925
101332.03971351686
101337.02325950559
101334.86983604371
101338.22890655159
101334.44974899161
101334.91455056418
101321.25598680734
101313.45296025104
101318.48980565091
101318.16160005494
101325.49110621476
101327.3373519603
101333.93994008671
101334.79954793121
101334.71712356393
101331.53692177517
101329.39358862655
101323.57027996251
101319.83866673005
101315.37939629974
101314.74324877888
101317.0374547075
101331.23190314093
101337.07875665175
101337.69971718978
101339.38408928004
101337.46564076221
101336.51454509808
101334.7399422225
101333.75056933475
101332.79555808465
101336.09795146495
101333.7000571336
101338.61595571658
101336.42106741085
101339.58008227751
101335.58257248235
101335.86239978939
101321.7441383813
101313.34456435626
101317.32745749218
101316.82092489408
101323.68951605054
101325.48153679722
101332.07698855248
101333.05409529831
101334.33971958657
101331.17505210571
101329.05820345474
101323.25635310489
101319.57670705322
101315.18777823045
101314.67296199389
101317.11873470273
101331.33942778026
101337.35628600579
101338.10912336243
101339.93864495211
101338.18763398586
101337.41179814769
101335.70994092032
101334.76050558683
101333.82347925063
101337.02631535874
101334.54657921332
101339.32325603868
101336.992159421
101340.01213382749
101335.88254767723
101335.99497866801
101321.80075576404
101313.3049390774
101317.18272100799
101316.59973208683
101323.33737025401
101325.1832597435
101331.7160495478
101332.65066616746
101336.90088930691
101333.76088570018
101331.57497715985
101325.66852149177
101321.71380693093
101316.55869819237
101315.06486006037
101316.86838398645
101330.68997254015
101336.42644539391
101336.47419305443
101337.73176237408
101335.88616380372
101334.97488295352
101333.26210561878
101332.16560819036
101331.27104895754
101334.3870460871
101332.00273815583
101336.86581664564
101334.71725772032
101338.22101199052
101334.71056991068
101335.17964507469
101321.4348604109
101313.577298376
101318.69886708599
101318.40375227797
101325.80976713568
101327.87154613707
101334.59786731398
101335.4433918657
101335.53049612182
101332.38490065615
101330.0575803977
101324.4291123491
101320.804345118
101315.82725943622
101314.03694842046
101315.44179147217
101328.48904571909
101333.40893314082
101333.34782134093
101334.15080341006
101332.59881513925
101331.69907088648
101330.33397807056
101329.1264759418
101328.36774380595
101331.3065728652
101328.87224298349
101333.55267454837
101331.25734245194
101335.05166929201
101331.40266977029
101332.35022916028
101320.05601232215
101312.56883183311
101317.46497552362
101317.49772327884
101324.49926605626
101326.34991701167
101332.85738459542
101334.09573400763
101339.16545757597
101336.22676062561
101333.74671829001
101328.19862695603
101324.44932192557
101318.98305381913
101316.24648299519
101315.77613817729
101326.9338430643
101329.42897010832
101329.27267604697
101329.05621107362
101327.83039380402
101326.50429700813
101325.27613463058
101323.87675288001
101323.2999575443
101326.04197440585
101324.03344387005
101328.65175250111
101326.5789532178
101330.88064344178
101327.40026176789
101329.8239779672
101319.58201802257
101314.51674006594
101320.49068788419
101321.26296554549
101328.38189283902
101330.56001364652
101336.92264583397
101338.00196240869
101337.94150342417
101335.26524242816
101332.49031660115
101327.02599541991
101322.88534258482
101317.81372819091
101315.10308417174
101314.22162263557
101322.90336805682
101324.15985704589
101324.55784397118
101323.81098565637
101323.08304823133
101321.36153126734
101320.49581983546
101319.21100127218
101318.76902155057
101321.11582596586
101319.37069842481
101323.6944963159
101321.63534154627
101325.69592273432
101322.36697496273
101325.37755758945
101317.33554773568
101313.19829794011
101318.81160570613
101320.05057227827
101326.88342064313
101329.58594318188
101335.67515999827
101336.97955763919
101339.60074379781
101337.63045354458
101335.10782498316
101330.55612097609
101326.15007933107
101320.98705139237
101317.74388507805
101315.62997134079
101321.08662209022
101320.25594265173
101320.4597077573
101319.13366668404
101318.85077850237
101317.11625187153
101316.63443247971
101315.71451045398
101315.43102696647
101317.07080336146
101315.75248896502
101319.14234631715
101317.56617827425
101321.11053311285
101318.82712927586
101322.46284344068
101317.07244340227
101315.9010997256
101321.52432281492
101323.80227031429
101330.27882944937
101332.83639733994
101337.82129804061
101338.94282568994
101336.47074393717
101335.27728149405
101332.46719531629
101328.0870388296
101323.41206008036
101319.16230838708
101315.78810244941
101314.59969706839
101317.80038819599
101316.11026854617
101316.78925354063
101315.25708733758
101315.41289332687
101313.88225925874
101314.42217121428
101314.42554170969
101314.36945419571
101314.7656261341
101313.52482499418
101315.72287715119
101314.21170239194
101317.02640975923
101315.12929128385
101318.50271078122
101315.49747518783
101314.4390135525
101319.40233843878
101321.5460496678
101327.42995011655
101330.41946198107
101334.90593146885
101336.02755507335
101335.07345276445
101334.35155036408
101332.13703916772
101329.21072721231
101325.19862865403
101322.1857211616
101318.61994656306
101316.75789960453
101317.07085400175
101314.87877500444
101315.82805972779
101314.7965548889
101316.282276244
101316.29680622244
101317.89176886959
101318.3136491013
101318.47514555935
101318.1760818234
101316.73698186741
101316.69268408604
101314.70762886494
101315.69803089947
101314.56589331017
101316.63212721357
101316.70677519658
101317.75314767571
101321.93483527625
101324.27265961944
101328.95826718905
101330.68365475572
101333.88634068714
101334.83595868679
101320.84199216816
101320.53712135917
101319.2600946762
101318.87061100514
101316.84231784858
101316.7681429451
101315.14611399765
101316.72938757068
101316.78889219165
101317.49687029432
101321.10247240277
101322.98528005662
101327.38619280435
101328.99257252374
101331.1879524211
101331.91787737349
101332.11475162431
101331.52237482772
101329.5393254189
101327.86051722431
101323.68248282777
101321.27186565891
101317.99234118601
101316.8994951054
101316.91495165558
101315.21917756002
101316.65543641396
101316.57136389485
101318.64175588026
101318.82304229555
101320.21343134571
101320.72408334675
101313.98141829902
101314.30455675833
101313.07563818942
101314.94173233476
101313.32480369389
101316.1963851554
101314.4838463105
101318.06754055289
101315.52413179046
101314.87829135518
101320.01091241266
101322.30989711641
101328.37242192749
101331.42910285637
101335.70207033599
101336.60184922282
101337.05492111359
101336.11129012732
101333.4871611683
101328.94760628893
101324.12951797855
101319.81109142269
101316.2482231349
101314.80305842639
101317.60220258337
101315.4480560238
101315.89051217024
101314.29641499542
101314.63971359018
101313.36513495784
101313.93412960813
101313.99878951037
101316.67446722435
101318.30078788582
101316.83144191818
101319.88700613986
101318.05518252638
101321.40919074825
101319.01733280112
101322.43075877026
101317.1720663367
101315.81408676956
101321.14631779504
101323.14837430928
101329.34919710571
101331.89463119266
101337.01031572583
101338.08496934891
101338.69529429749
101336.9034730054
101334.25173623595
101329.60427107007
101325.40526193498
101320.58044150544
101317.53202132012
101315.71996192944
101321.01532923996
101320.42141361503
101320.76689144489
101319.6139222418
101319.45815631139
101318.02330946611
101317.75221721435
101316.88489820609
101317.28742239981
101319.39658557162
101317.71927674978
101321.8998209714
101319.98266853852
101324.32637258372
101321.3661438471
101324.79633377554
101317.18950667039
101313.69204763683
101319.56230544651
101321.02284288676
101328.01313469272
101331.07185670282
101337.35643014553
101338.70430027242
101339.57568739521
101337.00805657815
101334.04550613266
101328.33246015079
101323.97430738792
101318.65457180869
101315.7287968848
101314.38847523302
101322.62081648833
101323.26876501899
101323.36883065927
101322.15410423352
101321.27464479263
101319.5834657948
101318.80391159425
101317.65122973119
101323.09768034617
101325.93683211083
101323.80766741636
101328.47660714705
101326.36338503775
101330.61069068231
101327.109430749
101329.54552256178
101319.40728321442
101314.38729652822
101320.26943396709
101320.84719176947
101327.83528515683
101330.13633061711
101336.49117244879
101337.58252461292
101338.77518661012
101335.97029879913
101333.38959995031
101327.84309297192
101324.10546386617
101318.84006709608
101316.18902429394
101315.63908091075
101326.68507926476
101329.14373758662
101329.0847797622
101328.84452660207
101327.58796396796
101326.25729398645
101325.11894748265
101323.6726783382
101325.80145179402
101328.9466633819
101326.60011119657
101331.57825949133
101329.64952516202
101333.72215733698
101330.28690593348
101331.69975575316
101319.77198383634
101312.68156255248
101318.07766528768
101318.55634562953
101325.8448725497
101327.80227284247
101334.45587508311
101335.71801074318
101337.19088393266
101334.08339488329
101331.61993059749
101325.86188234315
101321.94948466652
101316.67207397877
101314.31640752603
101315.23569750389
101328.03729284595
101332.31190002125
101332.03332306995
101332.5194000396
101330.64318898549
101329.33014858028
101327.87906933813
101326.53706099968
101331.14691017331
101334.4205098993
101332.04138313999
101337.02226983364
101334.86837734381
101338.22969740015
101334.44992282591
101334.91485559649
101321.25708654353
101313.45523420288
101318.49218960704
101318.16138452601
101325.49121434361
101327.33875688021
101333.93684386059
101334.79745956557
101336.30295549783
101333.2102178568
101331.0777501346
101325.36053731544
101321.46285404696
101316.45674864715
101314.99341855166
101316.72550617818
101330.4744104079
101336.12525948256
101336.4863271341
101337.86401049467
101335.94628308032
101334.92542762987
101333.20761949623
101332.07253749548
101332.79611048804
101336.09710485584
101333.70262977894
101338.61736467823
101336.41870437654
101339.58206363572
101335.58247364369
101335.86223672787
101321.74474280946
101313.34486356721
101317.32742061073
101316.82187425622
101323.68866943449
101325.48114753018
101332.07538650859
101333.05427235564
101334.71686649253
101331.53760025326
101329.3929325482
101323.57093972751
101319.83742076068
101315.38103218713
101314.74186413511
101317.03714181464
101331.23233970131
101337.07857221163
101337.70015834532
101339.38420830628
101337.46643142655
101336.51551372182
101334.74122536178
101333.7513179934
101334.51111441044
101337.93201956285
101335.34658846675
101340.35993180949
101338.03971768821
101341.24259818098
101338.02271070266
101337.47108783516
101320.95642443953
101310.89796678911
101316.43809887211
101316.06904463092
101323.50898939383
101325.09105616402
101332.48408779022
101333.25606400293
101335.21422815204
101332.19456445094
101329.17859988207
101323.66328672096
101318.66506705825
101314.57684975414
101311.76255091434
101316.0856486944
101332.85466490744
101340.28890466259
101339.2640564975
101341.06117174696
101339.18043892404
101338.29012580658
101336.50551044343
101335.38214631956
101332.27335084684
101335.55860683093
101332.86279628282
101337.99504666492
101335.66646399871
101339.47767794023
101336.22650586817
101336.14526179575
101320.89880939631
101311.2563519813
101318.04617345256
101317.76642204648
101326.19881583218
101327.9696621266
101335.44043078912
101336.25474808122
101337.87995016429
101334.89569370798
101331.96942514574
101326.23313046737
101320.97576538325
101315.88198454793
101312.57599519071
101316.24274924993
101331.70626164417
101338.29135339931
101337.73557737013
101338.88386648611
101336.93422456096
101335.97730071729
101334.3209775897
101333.18952521593
101328.35219204832
101331.574471215
101328.98163633466
101334.24173740984
101331.58061933004
101335.78004703742
101331.73625798032
101333.10800382021
101319.53460944396
101310.98918841114
101316.93047950318
101316.82748061276
101324.5621031367
101326.32969197139
101333.65930494193
101334.81189304615
101336.42020350417
101333.2414925062
101330.29500815844
101324.69561901633
101320.03403381213
101315.12963616583
101312.61257175624
101314.7574732252
101329.07886727613
101334.06064862214
101334.03148933992
101334.69865527785
101333.13089248669
101331.9106582485
101330.50780884374
101329.06916588164
101323.77435901339
101326.57293687857
101324.10946813032
101329.25239361933
101326.70407056085
101331.36825918405
101327.17819425763
101330.33047861478
101319.23587964766
101313.58990146287
101320.39910841825
101320.90321560451
101329.00976943561
101331.14067601827
101337.93299816131
101338.85665785617
101340.09130066659
101337.23504390138
101334.4468237205
101328.85272931163
101324.37752987044
101318.83179586256
101315.50194783704
101315.25432044902
101327.59797647595
101329.22756366135
101329.59535565444
101329.24541806988
101328.31323265424
101326.7117894464
101325.71694719237
101324.32741226784
101317.86747211083
101320.34876988285
101318.62653664249
101323.48159773361
101321.05076726952
101325.66215945363
101321.68405853014
101325.27650329254
101316.71422891952
101312.04151261627
101318.23268560031
101319.36076325554
101327.00596834233
101329.84419753299
101336.64964518274
101337.95115540527
101339.01166570521
101336.16090236684
101332.887208871
101327.21793460054
101322.51705261689
101317.3704473939
101314.16942087468
101313.28395036643
101322.8551908685
101323.64159383891
101324.4234921617
101323.32288221471
101322.87101950124
101320.62818648644
101319.74040574711
101318.27675622181
101314.98206388288
101316.46137242953
101315.24830137336
101318.93708301624
101316.97276069819
101320.92599105628
101318.15974484278
101322.25927525226
101316.50568895077
101315.0908329466
101321.3416447628
101323.59228916137
101330.83236403776
101333.52632475903
101338.9015577902
101339.993638007
101340.68783169666
101338.72841625617
101335.82864560364
101331.02113167451
101326.22541902143
101320.80560335025
101317.03365188302
101315.00296501695
101320.8111704568
101319.69100053443
101320.19542321259
101318.65387092705
101318.69523309571
101316.60194143794
101316.08796425334
101315.23435471041
101311.4746201955
101312.37398963675
101312.15722249381
101314.9469438721
101313.10472672692
101316.18763375696
101314.19939218211
101317.80968072897
101314.79947851211
101313.42356619565
101318.72327361036
101320.69157718666
101327.15094731956
101330.57568435663
101336.24354851656
101338.34837053841
101338.69528072992
101336.89463915475
101332.84406468384
101327.8432271591
101322.85878878791
101318.53726892344
101314.84525612535
101313.6482440179
101317.28058050713
101315.18512158019
101316.03309648906
101314.34120279862
101314.68596517564
101312.58002846225
101312.37982663988
101311.5366650091
101317.09678921473
101317.49834194327
101315.99837920014
101316.20347717406
101313.94663699626
101315.04425067795
101313.58716511968
101316.02536928655
101316.14913300119
101317.21267044256
101321.68258006785
101324.03956404683
101329.16959194209
101331.38788552156
101334.69511453519
101336.543353553
101336.73996892982
101335.36914544467
101332.94879508395
101329.66006841432
101325.0983577259
101321.93879597596
101318.01580760474
101316.13813613167
101316.51229385179
101313.91597081795
101315.14783309968
101313.79863718904
101315.82223019289
101315.51009853724
101317.26901631767
101316.98057869027
101333.79086269261
101332.7143901667
101330.41686046743
101328.13619634978
101323.60384842291
101320.98247703302
101317.44924621872
101316.41933595759
101316.30024059884
101314.34107924483
101316.05728534826
101315.87758744106
101318.16358959701
101318.23967292026
101319.76552575655
101319.80857967693
101319.90244724267
101320.00793142403
101318.75184822976
101318.50535722151
101316.18466499259
101316.18341338416
101314.55068052423
101316.17742151141
101316.21031253086
101316.9318038143
101320.78191573187
101322.75410654314
101327.84408672116
101329.644186281
101332.08735281939
101333.56856474368
101340.27694094354
101338.21961430655
101334.07280543388
101328.84383810642
101323.61071074929
101319.23211787012
101315.32931695745
101313.85694317296
101317.03390388834
101314.54559819112
101315.10651594165
101313.20242070407
101313.77587309561
101311.88567917274
101312.04726531314
101311.53143796654
101311.52123811541
101312.16857776511
101311.56530730831
101314.11757260139
101312.22191269517
101315.41055126998
101313.47304371432
101317.38730259589
101314.88603160853
101313.87329430392
101319.39843980767
101321.50971332476
101328.12608079439
101331.70389231828
101337.3992861736
101339.77868349818
101339.80800084633
101338.13613555169
101334.97614994607
101330.08790033565
101325.4097983995
101320.36694674847
101316.83582376014
101315.09555848945
101320.73240820272
101319.84378572711
101320.52773795006
101319.09766668633
101319.33555731869
101317.46862797099
101317.19148065454
101316.30989111248
101316.11494036045
101317.71365243275
101316.32647756024
101319.73458878437
101317.47629189365
101321.24749025935
101318.31036371755
101322.23723342517
101316.59764098801
101315.01898518513
101320.93927434878
101322.88244969505
101329.81941045096
101332.53005041642
101338.14002760069
101339.2931264621
101340.73328119423
101338.10162269973
101334.51490260252
101328.59833750926
101323.61309408251
101318.18470492112
101314.80856006623
101313.36244300734
101322.46494272945
101322.57845594201
101323.0889718995
101321.44617655482
101320.89151016108
101318.86296899476
101318.12416294561
101316.90305935653
101316.62508551724
101318.60415434706
101317.08569198233
101321.57493526992
101319.28839248596
101324.13512334964
101320.5035056576
101324.6173310585
101316.52284341645
101312.51204303201
101318.97130352681
101320.32764237579
101328.15884427392
101331.40741559234
101338.40346152105
101339.80910210522
101339.62821797546
101336.87596279099
101333.95703239384
101328.45902261218
101323.9877203981
101318.64354606508
101315.39407317466
101315.05713106663
101327.2719123494
101328.91416474
101329.43273345867
101328.97911705676
101328.1213124325
101326.44037384797
101325.49264508496
101324.00018069275
101323.46179182074
101326.33473890352
101323.91856923143
101329.16759573077
101326.45665356328
101331.14995264389
101326.85545678562
101329.9911590718
101319.01864711379
101313.43129630378
101320.17645113901
101320.44274865698
101328.37486441169
101330.62169061504
101337.4109146987
101338.32462700602
101338.13547244691
101335.04713168825
101331.88821917813
101326.18764828195
101321.20054918114
101316.02486408016
101312.94541288773
101314.49303418914
101328.68560632822
101332.81735992411
101332.69978349746
101332.97832982505
101331.11544842094
101329.35600896567
101327.867793882
101326.26690975027
101325.5801562714
101328.94450446643
101326.55393213587
101332.12795685766
101329.84965955514
101334.46103304684
101330.46794471503
101332.35396971562
101319.21312850478
101311.18148489854
101317.44841725111
101317.90607410712
101325.90754821294
101327.83170315505
101335.26328042953
101336.41306647869
101337.21065058073
101334.27724720634
101331.37286937804
101325.87557996527
101320.77870039204
101315.84699947965
101312.7632269582
101316.19746798396
101331.42096186188
101337.82530161001
101337.70069389339
101339.09987024972
101337.08624524265
101336.00044091631
101334.26791604406
101333.04941487915
101332.02018418278
101335.60968975147
101332.89175610463
101338.26194987287
101335.86872319397
101339.52910299649
101335.81372312862
101335.6863606374
101320.786251208
101311.39949517205
101317.97065480925
101317.57530297007
101325.85701780522
101327.38193190648
101334.66372755759
101335.5104273363
101335.60124056551
101332.58971971643
101329.5216785182
101323.98797405498
101318.9344207495
101314.76886010513
101311.81859737253
101315.97838166266
101332.75420177095
101340.01587033996
101338.92944737106
101340.40428122459
101338.32298697555
101337.15122604501
101335.30018777611
101334.09107128542
101333.19273177595
101336.72072820956
101334.27275951595
101339.51805078551
101337.35006740343
101340.72149255114
101337.77989661858
101337.35722666237
101320.91477617226
101310.97134415388
101316.56673086253
101316.24565579768
101323.8774442119
101325.41539295946
101332.8389894663
101333.6649236317
101335.21360255859
101332.19373607576
101329.17880211868
101323.66303075726
101318.66595528201
101314.57575474086
101311.76267838376
101316.08582904298
101332.85455161601
101340.28871566129
101339.26394277436
101341.06128300657
101339.18046343452
101338.29009832071
101336.50590230802
101335.38190084288
101334.51035541933
101337.93376531193
101335.3424027274
101340.36017720374
101338.04158912771
101341.24220276569
101338.02278005109
101337.47051572175
101320.95577316012
101310.89752858624
101316.43723830831
101316.06802500153
101323.50800872785
101325.09059148305
101332.48572132256
101333.25697919396
101337.88036747
101334.89633105163
101331.97030300918
101326.23340363984
101320.97645932487
101315.88213415464
101312.57611009538
101316.24280910224
101331.70618243743
101338.29060748113
101337.73509973095
101338.88346302391
101336.9333208785
101335.97665370417
101334.32072891195
101333.1893307125
101332.27342668531
101335.56107523873
101332.86032031549
101337.99305646813
101335.66721056939
101339.47800380456
101336.22669559013
101336.1451068794
101320.89840286916
101311.25628059785
101318.04549643389
101317.76579203946
101326.19782338667
101327.9689877924
101335.43988714718
101336.25499670999
101336.42113683397
101333.24210484338
101330.29589690649
101324.69528785533
101320.03307978461
101315.12877071717
101312.61216921563
101314.75758433368
101329.07969333176
101334.06081356773
101334.03260784344
101334.69960903611
101333.13101423156
101331.91026375111
101330.50779475024
101329.0691470928
101328.3524994918
101331.57493159139
101328.98290336259
101334.23781393697
101331.57919573341
101335.78004040894
101331.73636339096
101333.1082195612
101319.53425772692
101310.98919059767
101316.92992496848
101316.82671112168
101324.5600175984
101326.32891663343
101333.66217036989
101334.81076880693
101340.09191324141
101337.23596703152
101334.44833059705
101328.85361286603
101324.37777680971
101318.83569279994
101315.50301896877
101315.25503564188
101327.59778836758
101329.2253669627
101329.59483141461
101329.24576914597
101328.3134739004
101326.71222800695
101325.71746950898
101324.32765418492
101323.77527742776
101326.57146729423
101324.10824335212
101329.25251612117
101326.70402962125
101331.36876289513
101327.1783896266
101330.33110223347
101319.23574984439
101313.58984452492
101320.39838913195
101320.90217815703
101329.00771725904
101331.14124630566
101337.93322739517
101338.85561208766
101339.01281453017
101336.16189085817
101332.88840712182
101327.21539884605
101322.51569789037
101317.36478850155
101314.16741454964
101313.28323986677
101322.85452107331
101323.6417945827
101324.4247392206
101323.32399362867
101322.87006969783
101320.62872222517
101319.74045490928
101318.27699879874
101317.86744782842
101320.34853555853
101318.62571040384
101323.48135724397
101321.04949179152
101325.66207814519
101321.68101264072
101325.28079888862
101316.71311463784
101312.04153384164
101318.23206087438
101319.36017534195
101327.00276292671
101329.84663030124
101336.64962031451
101337.95201362981
101340.68853881655
101338.72895789891
101335.82914485014
101331.01952096572
101326.22577774142
101320.80597510045
101317.03318858164
101315.00227559342
101320.80973360123
101319.68853456902
101320.19286935142
101318.6534191817
101318.69610154843
101316.60274394482
101316.08883030995
101315.23469261841
101314.98227624391
101316.46178789114
101315.24862076137
101318.93747683083
101316.97205332197
101320.92604273972
101318.1585781085
101322.25932858619
101316.50570340526
101315.09159652707
101321.34151016563
101323.59290262022
101330.83092971068
101333.52736159138
101338.90112320965
101339.9941376168
101338.69578869481
101336.89511602723
101332.84568741939
101327.84227511985
101322.85801620939
101318.53857295409
101314.84521222713
101313.6478141777
101317.27996941174
101315.18545382869
101316.03534073969
101314.3436170905
101314.68332956094
101312.5794105033
101312.3796528341
101311.5368158364
101311.47485085946
101312.37441314434
101312.15742877297
101314.94848207355
101313.10476406566
101316.18800490562
101314.19947865041
101317.80951670502
101314.79930343578
101313.4238550999
101318.72300457758
101320.69223678859
101327.15054452312
101330.57715874986
101336.2438079928
101338.3487322133
101336.73983549461
101335.36893626385
101332.94700111153
101329.66237528849
101325.09943776668
101321.93991391573
101318.01607208392
101316.13789012874
101316.51401886577
101313.91732067057
101315.14581673297
101313.79778181339
101315.82302267585
101315.51068403831
101317.26960713552
101316.98096913596
101317.09716929555
101317.4992022299
101315.99903367118
101316.21425947946
101313.93933839416
101315.03897843124
101313.59059374002
101316.02614930383
101316.14948323599
101317.21291762359
101321.68287069575
101324.04008908676
101329.16952063853
101331.38803476523
101334.69499323482
101336.54328998207
101319.90267451917
101320.00854081727
101318.75277268645
101318.50541959975
101316.18408835973
101316.18413629783
101314.55075966052
101316.17703614761
101316.21218626577
101316.934083685
101320.7824722584
101322.75257251595
101327.84471656426
101329.64321826317
101332.08758690929
101333.56864246486
101333.7908848283
101332.71449863199
101330.41482071776
101328.13978371245
101323.60086986699
101320.98036893424
101317.4502842993
101316.4193593473
101316.30057436042
101314.3412609197
101316.05767373336
101315.87759972308
101318.1635298296
101318.23974227958
101319.76539941935
101319.8085284683
101311.52231232144
101312.16750418235
101311.56456605594
101314.11679418405
101312.22234274796
101315.41120001537
101313.47234921105
101317.38712450724
101314.88586817411
101313.87549678711
101319.40195869781
101321.50568834042
101328.12719628718
101331.70195594906
101337.39933925637
101339.77839425248
101340.2768459233
101338.2196631416
101334.07226445482
101328.84398609053
101323.61049503562
101319.23076682194
101315.32890692711
101313.85721103995
101317.03401301944
101314.54514115411
101315.10550213038
101313.20230992699
101313.77531108625
101311.88555331065
101312.04673169719
101311.53082964916
101316.11274255473
101317.7117078374
101316.32505657343
101319.73438925194
101317.47602623884
101321.24761017512
101318.31014111331
101322.23694150214
101316.59776546559
101315.0197071968
101320.93592638853
101322.88120890537
101329.82056204537
101332.52907165184
101338.14016413261
101339.29262896751
101339.80776208063
101338.13611729717
101334.97555463939
101330.0876654629
101325.40867412064
101320.36562863813
101316.835788695
101315.09599656794
101320.7331923162
101319.84495540497
101320.52667522829
101319.09570725339
101319.33427291358
101317.46787844169
101317.18918168728
101316.30750764295
101316.61992803382
101318.60132439939
101317.08475795785
101321.57426841241
101319.28785915635
101324.13519213717
101320.50353231591
101324.61786465129
101316.52352090544
101312.5138872854
101318.9707363609
101320.32584519201
101328.16008481594
101331.40625495288
101338.4038067337
101339.80905405598
101340.73321595893
101338.10119040776
101334.5144987146
101328.59766883671
101323.61225961166
101318.18376726158
101314.8084752656
101313.36274910264
101322.46565512262
101322.57896280986
101323.08861134725
101321.4467602916
101320.89126515589
101318.86341784775
101318.122658056
101316.9017462498
101323.46703823327
101326.33906097115
101323.91946727174
101329.16831202342
101326.45632020987
101331.1494865953
101326.85559259544
101329.99152804703
101319.01991820832
101313.43234281024
101320.17047667115
101320.44147488181
101328.37547122419
101330.62170425203
101337.41050579914
101338.32347728036
101339.62777722333
101336.87275158225
101333.95640811723
101328.45862643544
101323.98718813411
101318.64304063725
101315.39428387384
101315.05748480657
101327.2719291985
101328.91460502471
101329.43052186957
101328.97943935185
101328.12036474422
101326.44107824138
101325.4932579685
101324.0040390958
101325.57511519195
101328.94077484279
101326.55450202346
101332.12785253956
101329.84835154406
101334.46105288803
101330.46836641812
101332.35442711317
101319.21399352656
101311.18178430847
101317.44636852035
101317.90774976918
101325.90834154654
101327.83392844816
101335.26327866802
101336.4081277855
101338.13874013856
101335.0516407783
101331.88971058169
101326.18778566929
101321.20022129585
101316.02499035539
101312.94547758703
101314.49343974842
101328.68893508791
101332.81641993855
101332.69889708245
101332.97845147655
101331.11448485032
101329.35699722225
101327.86871076937
101326.26587330332
101332.0250120017
101335.61300785228
101332.89579087002
101338.25980299132
101335.86870721067
101339.53009385793
101335.81375412858
101335.68680121723
101320.78724251081
101311.39984114896
101317.97039145959
101317.57599440533
101325.85714256958
101327.39036168024
101334.65976842065
101335.49779910338
101337.21708844654
101334.27909330148
101331.37219561977
101325.87548933702
101320.7775119491
101315.847696582
101312.76328692868
101316.19803035099
101331.42305896521
101337.82395899427
101337.70066196901
101339.09918510339
101337.08522675445
101335.99921329545
101334.26682346663
101333.05255125577
101333.19140564807
101336.71694926027
101334.28077980342
101339.51134637007
101337.34876039342
101340.72364822186
101337.77966875465
101337.35802905145
101320.91561827998
101310.97194854244
101316.5670101
101316.24641923088
101323.87709567168
101325.41581157457
101332.83708222808
101333.66465859185
101335.60332116736
101332.59030494382
101329.52093225342
101323.98792798203
101318.93311214251
101314.77005852478
101311.8184566945
101315.97830008289
101332.75503229034
101340.01560549276
101338.92941791448
101340.40428645542
101338.32301857477
101337.15189911424
101335.30070213568
101334.09085311599
101334.54900318837
101338.02404146096
101335.48113181905
101340.57052107675
101338.24316679132
101341.29179884435
101338.43619295662
101339.88107814474
101318.49922736206
101310.87560623068
101316.412871793
101315.93347478707
101323.61821382638
101324.88516949984
101332.52054691775
101333.30915140189
101335.37258474084
101332.45937547991
101329.01815709422
101323.90044612691
101318.27623354956
101315.16772459385
101310.88589048313
101313.16512712302
101336.1872459218
101340.09722893962
101339.525904401
101341.22580966861
101339.56325268059
101338.47458478119
101336.6278105379
101335.40628213789
101332.50697197244
101335.88716540497
101333.05248689906
101338.36139765689
101335.87025484791
101339.882790806
101336.60005280621
101336.49984800949
101320.51828603545
101310.90241695114
101318.01059024123
101317.58818461836
101326.39895778353
101327.81101108227
101335.53208024362
101336.39594026664
101338.01483850516
101335.21230654785
101331.94442722287
101326.56182544088
101320.71179003814
101316.11173095541
101311.93741388306
101315.54221116882
101332.4915399381
101338.59030941741
101338.25323160729
101339.18277980998
101337.34023137242
101336.24647808835
101334.65809201077
101333.43086114574
101328.10933850691
101331.48153989372
101328.81132740647
101334.39769789306
101331.56988214332
101336.0921407046
101331.63537948309
101333.47267155284
101319.25408978072
101310.78468849903
101316.74354157958
101316.63657855752
101324.45879744731
101326.12724238021
101333.80803928614
101334.9328286548
101336.63655672934
101333.47155263829
101330.16538870729
101324.70576134579
101319.58849398397
101314.98064096962
101312.30364312811
101314.25110627829
101329.630282577
101333.96640497753
101334.33344057729
101334.76393700372
101333.25370746174
101331.7938849723
101330.38950357611
101328.81565269176
101324.10698640221
101326.95546765652
101324.06656582633
101329.51893510604
101326.72235761832
101331.68809081428
101327.04382776536
101330.71402343058
101319.16216916514
101313.38274787768
101320.43318471339
101320.77039072142
101329.26994066648
101331.25320647187
101338.17150671704
101339.11139176185
101340.29656800194
101337.55427970042
101334.62609359635
101329.14123513098
101324.34634006412
101318.82866339301
101315.38468374146
101315.15266546236
101327.97902863206
101329.05271957246
101329.8775172165
101329.32964498171
101328.55162389429
101326.75455132623
101326.05688079735
101324.66368899841
101317.59959872813
101320.07480138911
101318.29717988055
101323.41189607923
101320.76515092709
101325.80016461569
101321.40826760906
101325.44851562101
101316.57799531952
101311.59692133366
101318.02190308178
101319.03590207284
101327.02560913586
101329.8088191034
101336.89934608983
101338.12447492548
101339.23316580856
101336.3653276269
101332.92165213138
101327.25756996761
101322.26075375263
101317.16197016928
101313.87217330908
101313.13987881415
101323.01238195092
101323.38090674335
101324.49933618899
101323.11022221413
101322.81925729917
101320.25586029855
101319.46850774284
101317.95879802873
101315.59575791028
101316.63616608648
101315.14974230636
101318.96905108777
101316.73937619719
101321.09294608544
101318.09085843849
101322.48688568255
101316.54445030214
101314.93984752438
101321.50524388233
101323.6217734996
101331.11957665696
101333.81667596246
101339.22593508688
101340.08378011224
101340.66931722107
101339.00101256662
101336.12256108988
101331.31240727399
101326.38236635564
101320.95014795868
101316.94807503356
101315.03774087536
101321.00670801607
101319.65573642126
101320.32296648595
101318.53967837925
101318.77022666036
101316.42692805101
101316.27065650688
101315.79335477359
101311.14294035308
101311.79338386783
101312.00235722357
101314.83425717478
101312.82492844699
101316.03445690604
101313.96698419306
101317.78107481854
101314.78436496385
101313.24435718637
101318.67834764066
101320.43907491709
101327.06120087396
101330.39187436677
101336.6974728957
101338.90186048036
101339.17621668823
101337.36582842698
101332.75266756272
101327.68836461363
101322.61527129172
101318.47560589567
101314.62100492013
101313.67109700428
101317.32962048569
101314.96449296761
101315.93293479353
101314.1070391535
101314.62314705415
101312.35647924821
101311.81305988845
101310.91814964345
101313.7144380735
101316.72028093126
101315.44661808807
101316.09754703399
101313.82908826311
101315.06007580817
101313.6090063039
101316.14191387386
101316.23692948872
101317.20827898251
101321.88650275023
101324.18854071977
101329.55237705655
101331.74183794115
101335.15273426035
101338.81969015622
101339.11728011281
101335.88282844373
101333.32800989799
101330.06008516849
101325.27144368386
101322.16718896301
101317.97163387711
101316.25521463346
101316.63013887106
101313.94453985085
101315.19716870581
101313.6653789167
101315.73235851541
101315.0253578398
101316.46781071567
101313.85213401486
101337.2485823866
101333.64939325528
101331.20702830775
101328.37840902372
101323.78245230482
101321.18120366191
101317.50533067314
101316.53131127074
101316.39528125258
101314.38452888119
101316.10295991463
101315.76296697416
101318.10811501982
101317.96849807327
101319.32225794377
101317.39535947563
101317.27169292173
101319.58614369428
101318.51114140627
101318.46739424871
101316.0517014551
101316.20416775186
101314.5219774193
101316.24617169701
101316.29564388873
101316.98308798953
101320.99867133194
101322.91483811291
101328.27603763746
101329.9472972131
101332.94831490956
101336.88084025953
101340.27754551469
101338.596898353
101333.92968336331
101328.75384345964
101323.38108426062
101319.16916506893
101315.09772279483
101313.8814930801
101317.09976908196
101314.36910720724
101314.9769563603
101312.94172608871
101313.60413938969
101311.73622022461
101311.80017551605
101311.28008786897
101311.59045746215
101311.65117175983
101311.49135372591
101313.98096843515
101311.77526428938
101315.24400197805
101313.25497090819
101317.36463180292
101314.86180426064
101313.69474429294
101319.39389805382
101321.29462539763
101328.00915170173
101331.49036737804
101337.62000732872
101339.92837200272
101339.88015643493
101338.43601171633
101335.1662055327
101330.35647926727
101325.52592687533
101320.48657148371
101316.77080792275
101315.14486944435
101320.94147381955
101319.83042499509
101320.64695967853
101318.92243524732
101319.38907064535
101317.28489400975
101317.25061093684
101316.52736802265
101316.31920930727
101317.80594391341
101316.16344849768
101319.73902696566
101317.24100298071
101321.42065924188
101318.22825965482
101322.44161330938
101316.62788838259
101314.872955144
101321.10355767363
101322.87722594979
101330.04420259484
101332.80940136175
101338.41156017923
101339.39647213821
101340.81607098643
101338.30542337344
101334.52442572688
101328.63767268023
101323.41205141044
101317.99858437202
101314.48297903273
101313.23066704338
101322.62234475691
101322.29991870372
101323.0783114253
101321.13815131082
101320.76670770046
101318.61585170514
101317.98015370675
101316.77998043188
101316.5209246686
101318.42384410427
101316.83735300976
101321.42050076005
101318.90379893848
101324.1662934878
101320.21295122494
101324.77926715687
101316.40573716855
101312.19194307413
101318.78559109516
101320.00283483622
101328.17087707054
101331.41614717137
101338.57937560612
101339.96722876682
101339.89813097107
101337.14679210512
101334.06861412729
101328.70799148265
101323.9944275179
101318.64361678927
101315.29213868006
101314.9356338933
101327.66540550707
101328.80619352956
101329.68794244042
101329.04128843462
101328.37202406366
101326.42520156248
101325.73300622668
101324.22040425564
101323.65377500051
101326.61520334933
101323.88492731893
101329.44463220984
101326.43979750642
101331.46981650087
101326.75517813585
101330.39100903962
101318.97501778787
101313.22033548739
101320.20605812826
101320.32395228991
101328.59693261659
101330.68646508601
101337.61839287888
101338.54719947203
101338.35814329103
101335.31808548811
101331.77524292804
101326.17720134789
101320.83700514295
101315.81494295657
101312.63414639367
101313.99428927121
101329.37043255648
101332.64782261116
101332.9490965327
101332.98586667943
101331.21644423748
101329.15434959342
101327.63941086161
101325.98506628507
101325.35667107168
101328.77996824295
101326.3113724734
101332.23926807425
101329.78089033419
101334.76697146523
101330.2953090212
101332.71049213818
101318.9653988338
101310.91183703393
101317.18379244092
101317.6771641154
101325.83190288302
101327.64814360821
101335.40402416841
101336.51711774991
101337.40130000989
101334.59767688383
101331.31563529404
101326.12824628103
101320.50033640212
101316.08058743758
101312.10059965501
101315.50163983006
101332.22879070354
101338.06887841175
101338.13917913979
101339.3437395478
101337.47599039026
101336.14778315803
101334.47026183113
101333.00909310188
101332.08773330317
101335.79993917185
101333.04397021959
101338.60484391268
101336.12717910855
101339.89584211567
101336.22004517322
101336.11296221669
101320.36227304646
101311.10292813039
101317.96924095192
101317.39999187418
101326.05893914444
101327.20450382069
101334.72081405873
101335.58854158696
101335.76294576262
101332.87872953867
101329.3694616438
101324.20525021359
101318.53800187584
101315.35122444481
101310.88693142493
101313.15084192748
101335.92730055787
101339.99387181172
101339.20702753175
101340.60513859049
101338.65001666432
101337.24017873484
101335.2831250047
101334.00263298363
101333.07179706416
101336.76609319734
101334.30674197213
101339.74395253084
101337.50649767125
101340.87103530116
101338.25194350924
101339.69601042218
101318.62357017834
101310.73248791553
101316.55056751276
101316.09048096457
101323.98940805315
101325.22619074982
101332.87313566057
101333.71208726313
101335.37133237165
101332.45853994519
101329.01767147172
101323.90045586802
101318.2764577207
101315.167617181
101310.88616091861
101313.16528218097
101336.18673028263
101340.09675082627
101339.52595620543
101341.22569606113
101339.56295989297
101338.47454702025
101336.62777311365
101335.40593811694
101334.5483268254
101338.0257461899
101335.47910502568
101340.57142126848
101338.24255192091
101341.29056494334
101338.43620810288
101339.88093004902
101318.49863700516
101310.87518985519
101316.41207962926
101315.93277003117
101323.61709308093
101324.88410426815
101332.51997500881
101333.31011654442
101338.01484152388
101335.21278039629
101331.94509634675
101326.56241045128
101320.71210758794
101316.11236845513
101311.93772161183
101315.54203802157
101332.49120036805
101338.58968407872
101338.25378677818
101339.18266697659
101337.33915492358
101336.24607015056
101334.65796242976
101333.43109551883
101332.50692262039
101335.88813676835
101333.04877354194
101338.36111913729
101335.87037500701
101339.88270673684
101336.6002596223
101336.49958946774
101320.5178586554
101310.9022593385
101318.0101572984
101317.58777676256
101326.398196537
101327.8103928256
101335.53036093329
101336.39652169312
101336.63613995656
101333.47162115466
101330.1662662654
101324.70523031254
101319.58669865906
101314.98012189884
101312.30325909109
101314.25059525984
101329.63045620744
101333.96664366226
101334.33515325638
101334.76498971232
101333.25332189839
101331.79407847491
101330.38941706833
101328.81575494434
101328.1094224807
101331.48175477362
101328.81067214589
101334.39669424899
101331.56996838993
101336.09257727038
101331.63594565922
101333.47238524193
101319.25357880301
101310.78500748122
101316.74295911113
101316.63587013001
101324.45610044498
101326.12677409491
101333.81294280944
101334.9292029861
101340.29806753069
101337.55507740589
101334.62764767375
101329.14262584514
101324.34639482842
101318.8376817696
101315.3875895377
101315.15330399069
101327.97811868605
101329.05059833998
101329.87702835452
101329.32987512587
101328.55165749624
101326.75524516244
101326.05763049687
101324.66408219331
101324.10720824917
101326.95521848362
101324.06579724535
101329.51725512541
101326.72215847096
101331.68815638821
101327.0444773413
101330.71369356151
101319.1617266726
101313.38333930293
101320.43265759283
101320.76922337155
101329.26599859224
101331.25491452107
101338.17292679567
101339.11086306228
101339.23500988638
101336.36639541712
101332.92281657169
101327.25367519562
101322.25794105575
101317.14774570009
101313.86826037244
101313.14008311889
101323.01166541595
101323.38022079083
101324.50063327503
101323.11109211392
101322.81737210056
101320.25613183864
101319.46819046407
101317.95880576639
101317.59959619185
101320.07460031428
101318.29677974709
101323.4114249282
101320.76515531621
101325.80017585425
101321.40879649931
101325.44787215075
101316.57704538121
101311.59764467181
101318.02137175527
101319.03581163625
101327.02409763788
101329.81101905994
101336.90007182168
101338.12547784373
101340.67032337681
101339.00145705357
101336.12281602088
101331.30993782976
101326.38205348724
101320.95129591339
101316.94855365975
101315.03766118297
101321.00560691566
101319.6516031021
101320.31940435644
101318.53805262718
101318.77159463316
101316.42771587591
101316.2715085744
101315.79372659736
101315.59596997782
101316.63638184083
101315.14996038222
101318.96929216936
101316.7393261684
101321.09233822611
101318.09084270206
101322.48639692132
101316.5438778414
101314.94078735758
101321.50604619688
101323.62373704674
101331.11569146583
101333.81777880024
101339.22466484515
101340.08390550221
101339.17684876711
101337.36597697609
101332.75454596883
101327.68665525047
101322.61375503456
101318.48077339101
101314.62227180727
101313.67106965312
101317.32925328206
101314.96198627762
101315.93608661578
101314.11068749399
101314.61449074415
101312.35512805535
101311.8126155224
101310.91812607387
101311.14297699685
101311.79341475037
101312.00258140743
101314.83504444984
101312.82622355923
101316.03492369475
101313.96784277281
101317.78133218907
101314.78434436278
101313.24490449097
101318.67825171194
101320.44031226316
101327.06076369436
101330.39426404249
101336.69860353394
101338.90251219222
101339.11689740556
101335.8825231904
101333.31988917178
101330.06547308069
101325.273602716
101322.1685620475
101317.97265290809
101316.25598795447
101316.63675858392
101313.94838089601
101315.18735434122
101313.66525853101
101315.73619151949
101315.02610486341
101316.46795079503
101313.8523024497
101313.71468307314
101316.72055215761
101315.44565775536
101316.09904339084
101313.82698096862
101315.06015514719
101313.60970883998
101316.1425492964
101316.23735864657
101317.20864526919
101321.88666394415
101324.18877646758
101329.55328426279
101331.74131170209
101335.15259522012
101338.81965194538
101317.27217966356
101319.58747657071
101318.51473009706
101318.46940104164
101316.04986428046
101316.20527975318
101314.52176984772
101316.24608686213
101316.30116358084
101316.98858502302
101320.99476472755
101322.9140216021
101328.27716232301
101329.94648796151
101332.94839973058
101336.88076560794
101337.24853905766
101333.64922020734
101331.20522073172
101328.38072885283
101323.7813342622
101321.18041984702
101317.5057434132
101316.53173556036
101316.39590417313
101314.38518249364
101316.10317559286
101315.76309150313
101318.10800537096
101317.96806741398
101319.32193266491
101317.39543825491
101311.59005204734
101311.64993216856
101311.49016195232
101313.97796470729
101311.77502761353
101315.24463308083
101313.25430342105
101317.36441672899
101314.86127434202
101313.69012807395
101319.3974571391
101321.29434325773
101328.01064853164
101331.48899101189
101337.61986734231
101339.9282443241
101340.27766074985
101338.59704321905
101333.92925184172
101328.75340958945
101323.38092361778
101319.16881445951
101315.09786927041
101313.88200770582
101317.10018915187
101314.36902662888
101314.97674161647
101312.94246495022
101313.6042190138
101311.73678502042
101311.79982728729
101311.27968772731
101316.31879510186
101317.80489832982
101316.16349825573
101319.73941927117
101317.24067521405
101321.42073313716
101318.22785091486
101322.44097906607
101316.6266876726
101314.8718822229
101321.10402236725
101322.8767772234
101330.04494165938
101332.80844480376
101338.41144702301
101339.39640622494
101339.88033458937
101338.43630206041
101335.16610107712
101330.35617287716
101325.52536593867
101320.48569706071
101316.77101908272
101315.14533748206
101320.94208328985
101319.83066287312
101320.64601171952
101318.92261723205
101319.38793990244
101317.2847702679
101317.24902278412
101316.52670877575
101316.51899856328
101318.42246803781
101316.83707630433
101321.41988431172
101318.90320928632
101324.16645898783
101320.21253901589
101324.77911307549
101316.40508885667
101312.1917351275
101318.78794083865
101320.00278328553
101328.17168741858
101331.41520256942
101338.57906473303
101339.96681231087
101340.81587910044
101338.3056935999
101334.52441574929
101328.63711288871
101323.41161959984
101317.99775461087
101314.48305616739
101313.23069187604
101322.62284951645
101322.30128220181
101323.07685355734
101321.13993370696
101320.76695176422
101318.61792956805
101317.97868967964
101316.77927446259
101323.65249848388
101326.61630132729
101323.88622331931
101329.44535816429
101326.43905659775
101331.46922121302
101326.75485912731
101330.39085171939
101318.97472444244
101313.21965238205
101320.20575456529
101320.32302969488
101328.59583677683
101330.68631829458
101337.61829465258
101338.54648958813
101339.89740329774
101337.14639903538
101334.06833175643
101328.7074234888
101323.99419865958
101318.64299950429
101315.29191724044
101314.93422762559
101327.663332301
101328.8109897915
101329.68309408669
101329.0434055175
101328.37043115727
101326.42759744728
101325.73275199352
101324.22170925364
101325.35321844764
101328.77905614642
101326.3117981619
101332.23856744682
101329.77978140881
101334.76649759831
101330.29540096768
101332.71088195889
101318.96612913403
101310.91206372829
101317.18344389586
101317.67753331068
101325.83093678465
101327.64813896515
101335.40457152069
101336.51523072632
101338.35761504501
101335.31753495042
101331.7750541743
101326.176917613
101320.83697688297
101315.81483741463
101312.63352182563
101313.99241429698
101329.36701986098
101332.6587866207
101332.94368690111
101332.98749873322
101331.21391926499
101329.15330642306
101327.63801713879
101325.98338455698
101332.09701681678
101335.79977277521
101333.04585251931
101338.60361299803
101336.12777280745
101339.89662364512
101336.21999347641
101336.11308867982
101320.36292295172
101311.10386829593
101317.97012764876
101317.4003075416
101326.05843352529
101327.20709182096
101334.72487428944
101335.58172167209
101337.4021904455
101334.59833733959
101331.3160776771
101326.12792680162
101320.49994991272
101316.08076870711
101312.10036924321
101315.50169909681
101332.23288177369
101338.06744933977
101338.13822271382
101339.34404784173
101337.47529677278
101336.14865677626
101334.47056084678
101333.01323959333
101333.06818333712
101336.76271841145
101334.30952763425
101339.73962409464
101337.50979003226
101340.87333623433
101338.25195226261
101339.69598139057
101318.62421613213
101310.7329930883
101316.55121221489
101316.09087106025
101323.9897468415
101325.22745038461
101332.87609766863
101333.70842972604
101335.76382076016
101332.8788827341
101329.36952297375
101324.20496277357
101318.53764425576
101315.35130362336
101310.8868723481
101313.15047910446
101335.92861951291
101339.99439647688
101339.20663484494
101340.6053276234
101338.64941644463
101337.23973289997
101335.28260672776
101334.00197933867
)
;

boundaryField
{
    xmin
    {
        type            cyclic;
    }
    xmax
    {
        type            cyclic;
    }
    ymin
    {
        type            cyclic;
    }
    ymax
    {
        type            cyclic;
    }
    zmin
    {
        type            cyclic;
    }
    zmax
    {
        type            cyclic;
    }
}


// ************************************************************************* //
