/*--------------------------------*- C++ -*----------------------------------*\
  =========                 |
  \\      /  F ield         | OpenFOAM: The Open Source CFD Toolbox
   \\    /   O peration     | Website:  https://openfoam.org
    \\  /    A nd           | Version:  10
     \\/     M anipulation  |
\*---------------------------------------------------------------------------*/
FoamFile
{
    format      ascii;
    class       volScalarField;
    location    "0.02";
    object      theta;
}
// * * * * * * * * * * * * * * * * * * * * * * * * * * * * * * * * * * * * * //

dimensions      [0 2 -2 0 0 0 0];

internalField   nonuniform List<scalar> 
32768
(
0.02461140012316999
0.04191369584102466
0.032076586483305067
0.032088705759464972
0.023320559696939341
0.01254736418066806
0.0066308074616588594
0.0023488090186485054
0.00055189552782621768
0.001991322253629353
0.0072813048400830116
0.017905141950496622
0.024766164539755709
0.041205137310079756
0.042294454827205084
0.050418296554222579
0.03820808973714155
0.028681292668555038
0.024229935678617042
0.024749736176422878
0.01773635210712602
0.0070224975951555975
0.0023262039846012393
0.00055022019169636215
0.0019853404623461327
0.0064154801605108653
0.013234281506012687
0.013859615666428241
0.019003709121715562
0.025083520227516067
0.029288349274591369
0.031454194362375197
0.034995580177234753
0.046090462044905613
0.033868795619698515
0.038803484532277832
0.023080223946683024
0.015715298728162543
0.0091401299462372017
0.0046879321482094808
0.0034137454340338997
0.0049819693059115809
0.0094285752472050861
0.017715313247990038
0.025081392334908557
0.03948641258699398
0.037292814846230683
0.043021628990337138
0.024057311860982075
0.021812126329223018
0.019695532775702258
0.024081750246294296
0.018424033332685202
0.0084733352344679887
0.0046496774938068258
0.0034000099070065374
0.004969005835343418
0.0090822204178967504
0.015160835670302191
0.012210666079289483
0.023393927981257768
0.030898534544366456
0.035268913332842329
0.03745932920421529
0.028868982800071732
0.043474612934456092
0.035852241427528977
0.025008794796303847
0.029463969708268003
0.024591318890094836
0.014233996475121835
0.010403571839727494
0.0091030454227052204
0.010599204031349655
0.01640856353087496
0.013939935875339973
0.019625159968245525
0.041515388726848595
0.043126809238529122
0.05352283048452168
0.034391741231189148
0.031382031023649767
0.025306130931292307
0.012836250954439511
0.017689470474665417
0.016070787731156038
0.0095841233126227332
0.0090688267183262859
0.010523927110390708
0.013690614511568834
0.013748920765560028
0.018682994452425279
0.023723397253741417
0.02521226946435718
0.034622327493306224
0.035911379673601647
0.019678698671337244
0.03194583202938097
0.033077408268762161
0.027837917355459683
0.026633443066849841
0.029478228563852175
0.026390397555989844
0.018676332393718562
0.018659423340587466
0.019504395152979238
0.021031332052110448
0.015926859429372508
0.026143425179031787
0.034310001036114486
0.031683321148624398
0.037886251771133063
0.025230387691083007
0.024527928085091747
0.022901955437731918
0.019541352579062747
0.018716251866946244
0.01509487352927197
0.019275314593541936
0.01750565754546321
0.016146208713871638
0.012835895505507578
0.018763527511088129
0.0196861363369885
0.026040322736452712
0.026571137886111439
0.023262284311294096
0.023004759750250965
0.017364072868012184
0.023256828119018844
0.025848549467823029
0.025766412323233054
0.024949124294058298
0.022659536997585338
0.035048648250826382
0.027423014574664711
0.028019638448493339
0.028077590835241032
0.021254265603382286
0.026671525517354813
0.02883758598736948
0.031621761745290626
0.030547392148475631
0.033347306218200638
0.019971790929753302
0.022224239460130982
0.026686935332997076
0.019314067470668259
0.018307647292473507
0.012560050358885697
0.017790108616004413
0.018522628950451484
0.018876953128069855
0.018801412022015556
0.022781549823387284
0.027159171371736394
0.021392707883834391
0.021122651880179033
0.01863518104831113
0.017811495870599808
0.0064258372805495257
0.0087243840424359141
0.019752044753225794
0.026363316724371103
0.033767913604946388
0.027054073584529052
0.030543438082401463
0.035773695050016339
0.038299620080629891
0.038865533995705907
0.036939123284472658
0.032251400052901211
0.03090277903671966
0.02527491322753771
0.021141373199476354
0.02135806651730341
0.013838449663383729
0.014297188260036165
0.017239392844204476
0.025719774267978737
0.020306358984632188
0.023805129756516864
0.022720908670376901
0.024215507799426789
0.024468762438864654
0.023446435747291931
0.026253102456151246
0.029127503994646659
0.022329742954550421
0.016258475852184866
0.0077472190912649119
0.0066614502511631096
0.0027786511526533622
0.0051846095412454623
0.01013248652289702
0.022603587010696934
0.033172220408156275
0.04144267066336469
0.037643471596296281
0.040088642953629509
0.039815689179058276
0.036915802392183054
0.040947111634870699
0.03285349059221878
0.034898083231616812
0.020547146472689314
0.014196042155146141
0.0093065481088902037
0.0066450958674162423
0.0086786844557442209
0.012963647357542143
0.020369854909215206
0.024756848086266933
0.028132076010546719
0.024184516996020779
0.028667799663726321
0.028780238887478479
0.032152146915399457
0.028689014390533365
0.02615560007924856
0.020710692778611876
0.0096558426305222173
0.0043063715406125164
0.0022339778868858823
0.00077144950397022688
0.0045006708186752387
0.011029848339571297
0.023296933046341426
0.031725393082221352
0.034218364043651452
0.039380424003602851
0.04294490533881469
0.043335380216919503
0.036723220697203671
0.044108430164087019
0.034958715827814554
0.027007736548809339
0.019028243468340329
0.0082180888765966027
0.0028069562655562421
0.0020153460991524418
0.0051218746462211497
0.01098418191489069
0.018250880730731479
0.028872350006285363
0.03137758669339797
0.032853179181964391
0.031205823683845991
0.03116083165650247
0.033130541124378896
0.029706322780081396
0.026157707658875508
0.019033589738327784
0.010185900671392745
0.0038157056709754752
0.00054422096873072985
0.0021499500935069195
0.004939313771271262
0.010630958034434446
0.01632166779327018
0.026751681211594758
0.029983386538022939
0.029306415451252288
0.031449711096969458
0.031254275697932529
0.033992527308824794
0.031645933137747793
0.023859567908957623
0.021681429487150208
0.011804275453397401
0.004659396313462477
0.00053449656553160166
0.00075829007777201572
0.0043414552032023206
0.010905239115838123
0.017968842662405438
0.030139129558640784
0.034450804757739172
0.039328642433382646
0.043156310312400539
0.044367950874110759
0.045355725307472651
0.040615117178930286
0.031350054814277467
0.026812078348208992
0.016809105237200632
0.0080924378735574981
0.0024317032000226381
0.0068263902468042089
0.0082532625347113055
0.01206714225899644
0.019787867372897925
0.02103447499106675
0.028349599387357205
0.027655884037487647
0.029362488553854604
0.029047282512300866
0.033273937835070898
0.029844823427056553
0.028131992772726305
0.021228686382342966
0.010442587958398015
0.0049630122001038399
0.0026542196177261955
0.0030604618606730597
0.0065231805388813449
0.01262230406613391
0.023033364134320691
0.029659917262040671
0.044791109091928481
0.046492527454495287
0.039331585467929718
0.040989065854201839
0.036873984155180957
0.035686599635383051
0.030934115425026658
0.026503551300172935
0.016721277303321413
0.012190913043714901
0.009988401037969016
0.014164927060429025
0.012219388952448991
0.013798005178623153
0.021314652005497224
0.019309892882326561
0.025373701360791989
0.024244516121340244
0.025256312710985426
0.024868709898273778
0.030342775306238103
0.026676177321628334
0.028945341786135712
0.022842453326950368
0.012759572689451656
0.0088943408730026534
0.0072430667009977445
0.0071392617906439904
0.011940473316845114
0.017866600762286487
0.026879700032916409
0.033196095366396075
0.04378275950754644
0.040737485631096006
0.037747653516133552
0.040283144128198924
0.040613432146077912
0.035157139948032767
0.03531129184490471
0.0311552324756139
0.021944635466424351
0.018197218510348199
0.020156875783690645
0.018830721243712538
0.02189839509772943
0.022467295151980697
0.017344538653508924
0.017326695275516824
0.018787193711351742
0.019588946047652451
0.01975130111315123
0.019348554786335851
0.025082736921005697
0.022630581313604646
0.027803244629080053
0.025540298078126085
0.022097782225453728
0.018831706637507932
0.014661288674620729
0.01326549685782087
0.020904510344902812
0.025818351172420595
0.028819456411059801
0.032514674508897445
0.027447261493455988
0.035644243357432215
0.029621930164878997
0.029574985442271481
0.028759766449296006
0.023347650708554997
0.030705504041736987
0.033317231088362785
0.023660729395927151
0.027392397903133463
0.031435624774548629
0.022084746441489354
0.021639177023544846
0.02046998030715895
0.017761152479625564
0.019147585760980503
0.023015653131679574
0.021663684214988172
0.018756456223394957
0.016348181602975836
0.014931395912513948
0.021796394900547012
0.018036211636122852
0.026726988639568523
0.028632601337185818
0.025676985469727766
0.02696177971780447
0.023997814144876402
0.027640259077659424
0.031765029688445558
0.026838435953456106
0.026101525478935784
0.029131555364601429
0.026888120631557495
0.018661872639884482
0.020844186255154339
0.023077039984341616
0.020742971092965894
0.0178108317135574
0.02965534190549321
0.036090947966721285
0.027940881579272773
0.032645294104990064
0.030977115663366486
0.029428549281116337
0.024422226938418116
0.017235404428847023
0.022212965681271284
0.018134243342174318
0.012209792334477748
0.010529450421700889
0.010595742846321346
0.012364687841078567
0.015954747168808445
0.019917284639729457
0.020299239677653232
0.032340539555462303
0.034626386589076026
0.035486027471055913
0.027229486173838014
0.045565980598654243
0.042741990139417325
0.025908486346601468
0.029585066117592693
0.020906472620981591
0.01103272712873557
0.0099285531581072509
0.011422249263942289
0.0151704346500885
0.019871471199156304
0.019053621442517998
0.020582907664456213
0.034234492597223408
0.035200408712335214
0.045807507489997269
0.026967821720947621
0.025266311152211566
0.0233671077277521
0.02481024485960524
0.019786453727339073
0.010730892595236704
0.0063968065823464312
0.0043696618230768649
0.0050148061710804928
0.0081963019127215212
0.010636308973142427
0.010063606717594887
0.027321135198099745
0.034076149749419277
0.039351672252948611
0.042340856327925801
0.033919515003203213
0.051127589116279785
0.044118803855882967
0.039134354505916083
0.028908372735555087
0.012780769022687471
0.0072521172987884287
0.0049968649883137747
0.0043896155109981348
0.0050126226869167401
0.012803745683113755
0.020777485385737964
0.023969919257677798
0.034687187360179624
0.037814511927867868
0.052630157364519592
0.038032023780525628
0.028755062114222647
0.024456386513927158
0.027821474693602216
0.016852680407964723
0.0078135151831972369
0.0029378820421603257
0.00088830302311559061
0.0020010654137346709
0.0061053021562618983
0.012643506998293688
0.013789384280533331
0.018893872070401808
0.024667819916042846
0.028931834973100073
0.031210595915034469
0.024139894105696148
0.040879865900154293
0.031335355345823414
0.032327030657616967
0.023710822057226282
0.011832512011931562
0.0065359238549333957
0.0029707565928769443
0.00089194704136541362
0.0020016359856830064
0.008178063577334407
0.018496089405466425
0.024376796785751807
0.041119837198075944
0.042685487062787623
0.050670954890882101
0.038208089048124907
0.028681292195450847
0.024229935593795812
0.024749736280816503
0.017736352233305747
0.0070224975561942139
0.0023262039814947468
0.00055022018981295217
0.0019853404027855999
0.0064154802829781083
0.013234281673327063
0.013859615947936095
0.019003709226590036
0.025083520168651906
0.029288349365057927
0.031454194161070564
0.024611399816235526
0.041913695814884189
0.032076586294831073
0.032088706012240939
0.023320560332901676
0.012547364330430315
0.0066308072672311459
0.0023488090440120339
0.00055189553867573472
0.0019913222788223543
0.0072813050163091425
0.017905141707576969
0.024766165982049344
0.041205138189244553
0.042294455598859471
0.050418297793807999
0.024057315254558061
0.021812126228554534
0.019695532450792329
0.024081750683450434
0.018424033506739219
0.0084733352851448594
0.0046496774834925633
0.0034000099001682727
0.0049690059336285133
0.0090822204858080451
0.015160835906588949
0.012210666275328212
0.023393927963517303
0.030898534572768224
0.035268913279719476
0.037459328834151116
0.034995579894993308
0.046090461835872516
0.033868795551230797
0.038803484372053137
0.023080224138470863
0.015715298908945147
0.0091401294600982255
0.0046879321851595931
0.0034137454628099316
0.0049819693406789349
0.0094285761293071303
0.017715313901263272
0.025081393955042414
0.039486402798067553
0.0372928170118711
0.043021638543165139
0.034391734003453148
0.031382029862615415
0.025306130933201162
0.012836250811433733
0.017689470571745851
0.016070787915018033
0.009584123355289853
0.0090688267922160847
0.010523927112161376
0.013690614410625281
0.013748920694786164
0.018682994671471918
0.023723397255908215
0.025212269309032486
0.034622327248871154
0.035911379395509008
0.028868982513689995
0.043474612621218163
0.035852241121496167
0.025008794741775722
0.029463969573152567
0.024591318907211935
0.014233996535255677
0.010403571789900166
0.0091030458931394987
0.010599203535798097
0.016408563529389433
0.013939936554220362
0.019625163663712499
0.035928334961367762
0.041794254564396414
0.05239339207689514
0.025230389207468361
0.024527927375147741
0.022901955586287017
0.019541352794448609
0.018714941262773798
0.01509487349002297
0.019275314543693054
0.017505657549265627
0.016146208936577006
0.01283589556317029
0.018763527493124717
0.019686135959636468
0.026040322618337629
0.026571137593253753
0.02326228407830546
0.023004759522392809
0.019678698501411504
0.031945831922250888
0.033078202818044238
0.027837916405846617
0.026633443102369387
0.029478228580464585
0.02639039753825748
0.018675699238244185
0.018659423112093093
0.019504395305750689
0.0210313334134581
0.015926860243497657
0.026143427088317874
0.034310010585801937
0.031683327661094045
0.035001548386860655
0.019971794886402886
0.022224239874928345
0.026686936060817439
0.019314067580983571
0.018307647371450297
0.012560050485830691
0.017790108753808983
0.018522629044255088
0.018876953252270866
0.018801412044553267
0.022780343610665495
0.027159170265250346
0.021392707518304185
0.021122651632309343
0.018635180798838302
0.017811495768265757
0.017364072950957148
0.02325682808635033
0.025848549548266968
0.025766412185333459
0.024949124241800444
0.022659536885724512
0.03504864809200986
0.027423014199887408
0.028019637877795128
0.028077591445288527
0.021254266611866864
0.026671526478902106
0.028837593767253075
0.031621758334617417
0.030547386161742154
0.033347303105700221
0.013838449272885543
0.014297188557742995
0.017239392761294242
0.025719774259152835
0.020306358573870899
0.023805130305632791
0.022720908713627273
0.024215507834065078
0.024468762601878007
0.023446436125230948
0.026253102722292143
0.029127503295567937
0.022329742625817564
0.016258475337491654
0.0077472189949199868
0.0066614501556443769
0.0064258372064310929
0.0087243839926898058
0.019752044664036881
0.026363316701196814
0.033767913282796644
0.027054073266002131
0.030543437834801627
0.035773695167206597
0.038299619853612236
0.038865534084348348
0.036939125177847379
0.032251398580586663
0.030902777446782419
0.025274912821916004
0.021141369814496162
0.021358067776999012
0.0066450957213931077
0.0086786844018149848
0.012963647313643875
0.020369854109001353
0.024756848057722946
0.028132076257266284
0.02418451692163676
0.028667799844886807
0.028780238909703531
0.032152147285849079
0.028689013235062809
0.026155598205014129
0.02071069357674989
0.0096558429683502606
0.0043063715150234794
0.0022339778895243156
0.0027786511393282625
0.0051846095225866742
0.01013248643903758
0.022603586780847219
0.033172220169489404
0.041442670597627219
0.03764347141919118
0.04008864277836946
0.039815689064929445
0.03691580260584483
0.040947107932837269
0.031512821583486714
0.029214599346828605
0.020547144339603075
0.014196040435229502
0.0093065483375623769
0.0020153460971535672
0.0051218743055623291
0.010984181409044924
0.018250879349057527
0.028872349548009803
0.031377585839650529
0.032853179156488235
0.031205823622141114
0.031160831449172248
0.033130541287979647
0.029706323444859149
0.026157709398353299
0.01903359037680024
0.010185900893168317
0.0038157056385292295
0.00054422096422304948
0.000771449502812517
0.0045006707964219258
0.011029848302989396
0.023296932923054695
0.031725392949327705
0.03421836421046287
0.039380423878403299
0.04294490538977682
0.043335380277400554
0.036723220661481912
0.044108429848638178
0.034958712496768379
0.027007739603635134
0.019028243894579109
0.00821808940964577
0.0028069562669184407
0.00075829001559858341
0.0043414551286654682
0.010905238934761486
0.01796856566323695
0.03013912973130576
0.034450804114132469
0.039328642397468104
0.043156310397081253
0.044367950592640842
0.04535572401019726
0.04061511820292648
0.031350054935416906
0.026812078839166965
0.016809104929712698
0.0080924381872824001
0.0024317031803036565
0.0021499500690358377
0.0049393137326016294
0.010630958113214706
0.016321667477034004
0.026751728816052991
0.029983386617848929
0.029306415471917945
0.031449711113010974
0.031254275627775017
0.033992526748128284
0.031645931889797481
0.023859566436801004
0.021681430755834709
0.011804275353947045
0.0046593961167155874
0.00053449661661678462
0.0030604619092533423
0.0065231806905027669
0.012622304051459823
0.023033364253704416
0.029659916760793738
0.044791108825857261
0.04649252713231098
0.039331585554374715
0.040988240774464134
0.036873983492638825
0.035686598740887178
0.030934115861927156
0.026503551225598863
0.016721277259344389
0.012190913111889488
0.0099884009091112148
0.0068263902042512382
0.0082532624748400223
0.012067142314363375
0.01978786733428084
0.021034475057607187
0.028349599393416598
0.027655884049365895
0.029362488526866484
0.029047282414071989
0.033273937559488487
0.029844823110627181
0.028131991910845561
0.021228686527684636
0.010442588227279715
0.0049630122461716639
0.0026542196365830482
0.0071392617454420918
0.011940473499921991
0.017866601182513812
0.026879700789507195
0.033196095855347947
0.043782758948870598
0.040737485815166619
0.037747653140305606
0.040283144363179153
0.04061343308899542
0.035157138900264603
0.035311292613387869
0.031155232760566323
0.021944635637265369
0.018197218459785541
0.020156875423419804
0.01416492721322128
0.012219388835624359
0.013798005180306919
0.021314652074138359
0.019309892988665461
0.025373701471707397
0.024244516185760207
0.02525631281711779
0.024868709870836406
0.030342774976160357
0.026676177285759033
0.028945340921085933
0.022842453589659785
0.012759573169009334
0.0088943410695094156
0.0072430666963649616
0.013265496868536572
0.020904510280161086
0.02581835062662776
0.028819455945331147
0.032514674492246022
0.027447261280921197
0.035644243324621114
0.029621929591987405
0.029576030812370334
0.028759766228230784
0.023347650659774857
0.030705505031795064
0.033317231547810203
0.023662338949868862
0.027392398393540098
0.031435624470645185
0.018830721114308422
0.021898394828615084
0.022467295002032948
0.017344538758896116
0.017326695371208609
0.018787193682358733
0.019582755593453821
0.019751301316324497
0.019348554829807053
0.025082737074116068
0.022630581415677295
0.02780324467212434
0.025540298674987538
0.021744521887815862
0.018831707568481182
0.014661288604203038
0.02399781462510053
0.027640258371236657
0.031765028837461642
0.026838435516304163
0.026101525225198215
0.029131555274529427
0.026888120600546218
0.018661872564825845
0.020844186192408624
0.023077040009444605
0.020742971461538633
0.017810832005386825
0.029655342622828734
0.036090947327080118
0.027940880059747895
0.03264529530603235
0.022084746660714614
0.021639177084850574
0.020469980547068934
0.017761152625680475
0.019147585675740476
0.023015653153982268
0.021663684003447828
0.018756456439115166
0.016348179608059434
0.014931399847155285
0.021796394377967418
0.018036211805023118
0.02672698850901966
0.027094469165407822
0.025676985076349541
0.026956873596278647
0.027229486760706245
0.04556598133697462
0.042741989444972497
0.025908486055223817
0.029585066248046951
0.020906472696215098
0.011032727145194411
0.0099285534415705732
0.011422249212135251
0.01517043486372697
0.019871471156279824
0.019053621364227502
0.020582908670680113
0.034234493610976365
0.035200410958064553
0.045807504962567344
0.030977115189678391
0.029428550732864382
0.02442222758462648
0.017235404358819768
0.022212875035878692
0.018134243080043543
0.012209791802566818
0.010529449848184399
0.010595742665040609
0.012364690691673246
0.015954745714857783
0.01991728470334185
0.020299373912688979
0.032340536144489812
0.034626387390427595
0.035486028187748715
0.033919512498242134
0.051127589066134044
0.044118804358474803
0.039134354621525001
0.02890837203734592
0.012780768978323661
0.007252117481229
0.0049968646521746365
0.0043896154913568323
0.0050126226449132708
0.012803745591910063
0.020777485328367346
0.023969919661527898
0.034687187667538144
0.03603656713238395
0.048017686917352538
0.026967829260495926
0.025266312444659166
0.023367107527037877
0.024810244872641326
0.019786453637461801
0.010730892448950247
0.0063968064310018346
0.0043696617440398561
0.0050148061426218754
0.0081963016098058564
0.010636308704646961
0.010063606892551402
0.027321136430179846
0.03407615155206959
0.039351672270000769
0.042340854760027864
0.024139893788662433
0.040879864755562399
0.031335355524767614
0.032327030421765802
0.023710821519945968
0.011832511890295978
0.0065359240608429932
0.002970756576219924
0.00089194703640865943
0.0020016359511979827
0.0081780633942870034
0.01849608967159418
0.024376795530229371
0.041119833121999634
0.042685484066143586
0.050670961384354347
0.038032040229850149
0.028755064370451611
0.024456386662462196
0.027821474370183837
0.016852680323748214
0.0078135151271562075
0.0029378820210003652
0.00088830302196261685
0.002001065411102833
0.0061053021492009883
0.012643506932515905
0.013789384371550412
0.01889387179976966
0.024667819912651424
0.028931835015082941
0.031210595895939403
0.023029871053146099
0.039161324207156893
0.030464069885623491
0.030542684890238477
0.022392459297501915
0.012358193441283614
0.0060840958859823052
0.0028579012009117824
0.0015463202064286922
0.0031675638060107746
0.0088018928973000315
0.017392436931807743
0.02335073594759177
0.038276384552152654
0.038908703880610983
0.047948844409143439
0.029001286568190864
0.026807111403618154
0.02289432434812564
0.024116798702570334
0.017288564084242411
0.0068200315670812247
0.0028353809740546483
0.001544992297707871
0.0031659644781380325
0.0074486644492083179
0.012793215154531707
0.012005871089319256
0.018358198195919505
0.023347619838569138
0.027136397865322612
0.029126434754060612
0.032251558449929621
0.042584146310580696
0.033493971305845117
0.027248231009122836
0.022117814579968347
0.014861228879941953
0.0098962646045352154
0.0048850868050754337
0.0037018313806072463
0.0053090774770288207
0.0098046387642389855
0.016873672015381286
0.023692263410356396
0.037763254986614356
0.032140520235485706
0.041058360749703732
0.02345032191041441
0.021330030711905278
0.02180131391557627
0.02107872072229685
0.018386155916194552
0.0079811848415478632
0.0046177051346527912
0.0036905153452001546
0.0053666379141319052
0.0093737155415387369
0.010465004709015215
0.012608002138702444
0.018416713069217504
0.028617558620881486
0.032507778384734287
0.034481851264118173
0.025832142109957715
0.039699830624966924
0.025670884298395126
0.023693680192326642
0.027883596313093482
0.023477126391542393
0.01326301791761276
0.0119205634258732
0.0097121761065522994
0.010011576763343879
0.013897738989166381
0.015591859623409665
0.018807029920504283
0.034607645745451492
0.039760803232070423
0.051651533456905138
0.033845881835484731
0.030868927039354274
0.016193277645071426
0.01266746230987382
0.013261121131584768
0.014878302665228018
0.0088589683476177246
0.0084353301247498871
0.0099127499876691533
0.0090690062967562247
0.0097941596409733909
0.017661088015407479
0.022424019546022168
0.023248037528801637
0.030210337449076217
0.032339127546704809
0.017009573916162965
0.027518097767689254
0.030071509442273565
0.026639949971470848
0.018368847448215059
0.027847945205008259
0.017959715571673963
0.016980617034156865
0.016900033374198143
0.017764818101059621
0.019398022868144422
0.014688014748422323
0.030113443777888844
0.031468369556211469
0.030516900581769046
0.036741015823041692
0.025030825435880154
0.0241683764285654
0.022302991635243973
0.019064781495659121
0.011841680109141127
0.0138165108176825
0.017527115861256763
0.015805565088768
0.013918026557007088
0.013278138622996606
0.016775978252445867
0.018875728685060673
0.025001372488691283
0.024358183306274112
0.023811505499727405
0.020085013323644412
0.015372580894216873
0.018155886806720901
0.023469232900450249
0.023863543264327134
0.025843795017794914
0.018391148999711924
0.03127192211401212
0.024800361037166336
0.02529357479502798
0.025478830036889572
0.01913321428665397
0.030029990554920876
0.027112921570817114
0.02380830806276105
0.028981669329126169
0.031415310555609567
0.019952656891624024
0.024028951436047455
0.025577940848125948
0.018708800043763015
0.016986638401114858
0.010479326918384432
0.015913058116158903
0.016431642908045781
0.01679799167514132
0.016959598804779569
0.023162373145196525
0.02574047157297181
0.023634564891167564
0.016921178568263862
0.016713566428832496
0.01570077537561727
0.0057012094858085475
0.0077296443107202515
0.018110850482539641
0.024386801149826904
0.031572017397905459
0.025394014693401926
0.027493602477321584
0.032076521024253159
0.034768004522375905
0.035837915707111694
0.03326157750119027
0.027433586888649143
0.02322584518981988
0.025187920511635341
0.019940784131143165
0.019900268942120151
0.012295710812925088
0.013591376449833353
0.017807665098566211
0.024606164717710034
0.018864256254522798
0.021228129447294398
0.020347085222120215
0.021583484158208228
0.021885717701548648
0.021212297627354826
0.024957675993532512
0.027766045671520349
0.018732039001006662
0.015368568222639288
0.0094007065213325032
0.0057352052192716852
0.0029322453931237991
0.005665378216875374
0.01015390824938045
0.017975468521125956
0.030779580650245927
0.031451639090537296
0.034052082914308328
0.036297690997097939
0.036233627668039517
0.033921310388109728
0.037610457194434836
0.029684813728240105
0.028073118072283392
0.019868762390485368
0.01338512212900137
0.008521499142089977
0.0061928489162444934
0.0081095942996228312
0.012157312468410343
0.019234665774665653
0.023673481191058044
0.025424373503099108
0.02403566579113536
0.025800565595358413
0.025991746274923393
0.024586259393697626
0.027036758015993211
0.0249907155980282
0.019582982452194721
0.011914400003990305
0.0044312530083753408
0.0021388842600761804
0.0017957694470254644
0.0052864747319159092
0.011975630722280481
0.021337356699076809
0.030870834966282713
0.035280810762035528
0.036585894526737668
0.039522027635935278
0.039640831532152525
0.033771304836258287
0.041077088973316252
0.033169928174100055
0.027028516467735072
0.018039420585696297
0.0078212960081278197
0.0033762773414951789
0.0024688754922332643
0.005244291304026657
0.010639928083554661
0.018457007701578175
0.023783787834226636
0.02880377155379292
0.024812829334877027
0.028444089915399227
0.028495917288776429
0.026571725479679866
0.02781796003749493
0.024882879355747445
0.018528126671359724
0.010530380638552571
0.0047096861200439533
0.0016542671833661838
0.0038139850605962981
0.0061351640087896932
0.010998784842288948
0.017864376409420395
0.020836036006909486
0.027572942453421213
0.02713811268251996
0.029119497212902572
0.029023453899372213
0.031799084456844671
0.029902469627306531
0.022478048920054089
0.019190599490011111
0.011201024467119191
0.0051498069921245906
0.0016753756213044369
0.0017672775930388216
0.0049844711806656386
0.010870395939438521
0.017689440301580091
0.028981638927556692
0.032657838964772798
0.03727089374636549
0.039978409341308613
0.041107346170362852
0.039298620477785942
0.037629307364106669
0.029116134207097855
0.024767338014922688
0.016596462777850221
0.0088512458488723619
0.0042093490331665852
0.0087106649526418646
0.0096802965342817401
0.011786306553046457
0.019039211254906718
0.020249138970968483
0.026046903537244634
0.026088016571871559
0.027724813946716914
0.027495923835667322
0.031847416507496923
0.028682625967051373
0.026905919842513122
0.019625471470142927
0.011041749943698638
0.0061721506600188368
0.0037766318286022297
0.0042027427836539262
0.0069034163472051265
0.013788131447447264
0.022272951375900595
0.029591550281797444
0.042772796758241464
0.043769661021598474
0.036902026369610007
0.038554999909763389
0.037608840511866672
0.033322290726423273
0.027015593482060979
0.028166489718293452
0.018047967833853137
0.013313751859551307
0.011599866616916962
0.013960555484188779
0.013995785523659324
0.018006230888312307
0.020551328414124236
0.017936644988183655
0.023385774966022191
0.023420869093298054
0.024465826680418634
0.024138680504032145
0.029200394532714932
0.026136334640914066
0.027690738359900529
0.022131888528428102
0.016585411109521254
0.010065137897912718
0.0086756103743596338
0.0085731711424603275
0.013136797657426525
0.018747544556674864
0.024765814031126356
0.034875033124887683
0.034807047625728497
0.03616159335183565
0.033775563130705365
0.038417066349785881
0.04023172566710187
0.028131632213159858
0.033089871139536112
0.022473699584266812
0.023531025370112781
0.020498523774247157
0.020870275132414875
0.022155415466596644
0.022342628016564947
0.017496040520721515
0.017103665003072824
0.019465527918375383
0.016831732417817383
0.019541152249994094
0.019834459582610015
0.019457383273295159
0.018470064895010026
0.025853864813090845
0.026862775950651195
0.024560613141965421
0.021126218853441035
0.018749199887989322
0.017185074311425932
0.015036594825242037
0.020900824121460621
0.024970968381669609
0.02707727069190756
0.030007324378663498
0.024714666193265296
0.03338075383940315
0.028945708381846263
0.028968187008215841
0.028127429332552967
0.022889236080001953
0.028764164371052579
0.029998975183526368
0.023412362594821282
0.029769300572731552
0.031501266102782657
0.022094040407590224
0.02153575719453386
0.019339189895891506
0.020154427316381642
0.014952085224819375
0.020137249625591956
0.020898609949831202
0.019199699883853782
0.017051791812396782
0.011800577955760611
0.022242405588194642
0.017643650115322422
0.025319890985576892
0.025833321707308243
0.024445196801416567
0.022620034254866993
0.017105537195017815
0.026540439650168716
0.033696743663025039
0.028462945809347304
0.021523778598488644
0.028443957312319253
0.021916593830412515
0.021107701802646719
0.02056225283719287
0.020406966075779544
0.020624886457719038
0.018025448280341826
0.027912283773077615
0.034309153418589651
0.027277180554345998
0.031824636951691139
0.029285039595867073
0.025167461468850939
0.018877384427606045
0.016553011969025019
0.022738527218183077
0.017891268454491151
0.012819292912084749
0.011670394079058607
0.011928773716987466
0.01075677898669959
0.016075990555915382
0.020531560691408386
0.023481296790442613
0.029979666017098016
0.031869549928151476
0.032581913627534119
0.025155070792158857
0.042152285862824872
0.039564348766497406
0.029831403673309262
0.028239828221610471
0.024181749379213777
0.013016525290137627
0.010908479696760566
0.012856564274699143
0.016247702616776296
0.018635555194070699
0.018349232280992115
0.019580020773993217
0.029897713332638069
0.030766196050649904
0.042844733900510218
0.02475933424973454
0.024495399972646815
0.021732519931565577
0.020307840426806105
0.018936557000126822
0.010700153062218014
0.0072540587159101218
0.005840243609666609
0.0067030717754136063
0.0096954194385839541
0.011593097980485703
0.010106456911331088
0.022940335835156554
0.031170308900051208
0.035645457168014955
0.038234238106595347
0.030816729262164413
0.047046823794251603
0.041433901952599647
0.035551415649208128
0.027682726250609763
0.013643949599685906
0.0071771722443264496
0.0057744171318480286
0.0061264056053213865
0.009003458339312433
0.01455098078733532
0.019848555453072392
0.022598913680260842
0.037584826663552166
0.030979477413964878
0.044115018796627617
0.028476044650181297
0.026510968134185839
0.022870838246278145
0.024290995070980821
0.017776144463849685
0.0077725327531818393
0.0037579296698718599
0.0022959906621764516
0.0036322788678224537
0.0075598074774613326
0.01160338600849678
0.010864350077221694
0.017862123640804157
0.022692662760126339
0.026416894664937404
0.028451909655634031
0.021972326515567995
0.03786180718574654
0.029667998406175879
0.030598896753173042
0.022774147194937169
0.011479192615299671
0.0057753982798084856
0.0037906850077168604
0.0022994530906563179
0.0036275549887989258
0.010296480830766062
0.018607518413514219
0.02296642232349682
0.037903010335386421
0.038874346375840405
0.04773788489231881
0.029001287324842206
0.026807111491199184
0.022894324519469357
0.0241167989206525
0.017288564164109475
0.0068200315829869832
0.0028353809751640404
0.0015449923492553829
0.0031659644361497004
0.0074486643233745197
0.012793215444320483
0.012005871079611598
0.018353476481173026
0.023347619841200547
0.027136397926756456
0.029126434608815283
0.023029870763715685
0.039163759958687754
0.030464069893248198
0.030542685252645953
0.022392459617854528
0.012358193569650084
0.0060840958277313412
0.0028579011809900644
0.0015463202150404749
0.003167563836772528
0.008801893015280008
0.017392436929990433
0.023350736692334208
0.038276385002400465
0.038908704421868542
0.047948845211523101
0.02345032430768142
0.021330031421839531
0.021801313736022534
0.021078720716829574
0.018386156005392354
0.0079811848652767241
0.0046177051389335415
0.0036905153585896138
0.0053666379407587691
0.0093737156969585789
0.010465004501703521
0.012608002218971844
0.018416712924404468
0.02861755859971744
0.032507778389784116
0.034481851056524147
0.032251558401418697
0.04258414559069304
0.033493971290828872
0.027248231849099028
0.022117814773491735
0.014861229043126502
0.0098962645574753819
0.0048850872802419631
0.0037018314080872377
0.0053090775403546262
0.009804638892703426
0.016873672563280505
0.023692263759562533
0.037763253101881313
0.032140520452702145
0.041058364828267302
0.033845879739334304
0.030868926156290867
0.016193277765145734
0.012667462379609338
0.013261121212713084
0.014878302713474685
0.008858968368809431
0.0084353301360508212
0.009912750008426478
0.0090690063357629011
0.0097941594811264011
0.017661941457964906
0.022424019507279215
0.023248037408308633
0.030210337174803117
0.032339127273570398
0.025832141912675844
0.039699830443078551
0.02567088427726338
0.023693679685979484
0.027883596444668892
0.023477126434122645
0.013263017960037645
0.011920563414397439
0.0097121762241424037
0.010011576532947467
0.013897738991796743
0.015591860539407231
0.018806661705934213
0.034607648891102918
0.039760810011037859
0.051651534220824864
0.025030825736377747
0.024168376193655815
0.022302991882233524
0.019064781609093445
0.011841680210528529
0.013816510800152813
0.017527115835378387
0.015805565084129083
0.0139180266374165
0.01327813865318727
0.016775978335909034
0.018875728676146987
0.025001372559836695
0.0243581831191742
0.023811505278806541
0.020085013052255376
0.017009573729787123
0.027518097625978788
0.030072349300306684
0.026639949962961471
0.018368847581042423
0.027847945145329307
0.017959715545304365
0.016980616869384839
0.016900033185863566
0.017764818135897937
0.019398023783147225
0.014688015748540626
0.030113444975961034
0.031468373314348659
0.030516903245408566
0.03674101284672994
0.019952658459573773
0.024028951960003615
0.025577941566926235
0.018708799902407602
0.01698663848589161
0.010479326926277103
0.015913058100735171
0.016431643018706948
0.016797991698750379
0.016959598988738649
0.023162373301302174
0.02574047113288876
0.023634564994436766
0.016921178433661584
0.016713566337343645
0.015700775310739247
0.015372580867491966
0.018155886871214819
0.023469232824188255
0.023863543057740511
0.025843794905309071
0.018391148932299692
0.031271922069224953
0.024800360754865018
0.025293574676175073
0.025478830547135185
0.019133215136158808
0.030029991789839682
0.027112924453803013
0.023808306261984866
0.028981668234836493
0.03141530855458334
0.012295711009017151
0.013591376387603268
0.01780766504292737
0.024606164961828714
0.018864256311077583
0.021228129210582772
0.02034708512286601
0.021583484075925256
0.021885717711356476
0.021212297750605437
0.024957676110122319
0.027766045542771321
0.01873203880462351
0.015368568154050733
0.0094007065319824078
0.0057352051784372695
0.0057012094866389891
0.0077296442785393061
0.018110850384451288
0.024386801079289783
0.03157201723479322
0.025394014545680129
0.027493602361770127
0.032076520827288409
0.034768004474703046
0.035837916019539125
0.033261577868753708
0.027433588168898362
0.023225845208679586
0.025187919296691473
0.019940782582110111
0.019900269451968541
0.0061928488649442871
0.0081095942836384698
0.012157312419827197
0.019234665498443038
0.023673481206933931
0.025424372957427537
0.02403566578568463
0.02580056520528053
0.025991746091033316
0.024586259207569593
0.02703675803187304
0.024990715935599764
0.019582982616597661
0.011914400188361863
0.0044312530590142757
0.0021388842464546173
0.0029322453772217968
0.005665378192518113
0.010153908402564612
0.017975468473755987
0.030779580505397228
0.031451638631649216
0.03405208278266908
0.036297756765687236
0.036233627558510673
0.033921310546513456
0.03761045660848681
0.029684814487967674
0.028073118740695669
0.019868762500708563
0.01338512100559866
0.0085214992437394662
0.002468875498288974
0.0052442912913297224
0.01063992792498332
0.018457007006357693
0.02365751571443013
0.028803771783572026
0.024812828876225747
0.028444088974444896
0.028495916859520517
0.026571725348833203
0.027817959890489196
0.024882879433330646
0.018528126739456269
0.010530380646192359
0.0047096861663002689
0.001654267170388834
0.0017957694355250965
0.0052864746967396783
0.011975630616282909
0.021337356670418296
0.030870834916079646
0.035280810793458045
0.036585894467564953
0.039522027579957528
0.039640831556089544
0.033771304642411508
0.041077088881893896
0.033169926803154205
0.027028517799746122
0.018039420761363542
0.0078212963388106516
0.003376277350802329
0.0017672775967279659
0.0049844712235900274
0.010870396100960052
0.017689440389196769
0.028542432761380271
0.032657838287466281
0.035287794619219937
0.042175213226867202
0.041107346420756072
0.039298620730684485
0.037629307557681561
0.029116153244913304
0.024767338197080362
0.01659646264642451
0.0088512458907358676
0.0042093489978255816
0.003813985032061859
0.0061351639704090178
0.010998784877667341
0.017864376397579439
0.020836035925811638
0.027572942744375706
0.027138112693208524
0.029119497226488624
0.029023527870790725
0.031799084031670165
0.029902468831140554
0.022478048007311121
0.019190600193884189
0.011201024543280877
0.0051498071278408067
0.0016753756466035585
0.0042027427610283477
0.0069034166193075175
0.013788130780677501
0.022272951434247328
0.028114406472675674
0.042772794344773414
0.043769660007846406
0.03690202693925259
0.038555000340670574
0.037608840394931509
0.033322290790936397
0.027015593779740683
0.028166489746385977
0.018047967834783206
0.01341072685397335
0.011685541510529166
0.00871066485903404
0.0096802965027790629
0.01178630654465577
0.019039211275377343
0.020249139032870535
0.026046903583942512
0.026088016557143524
0.027724813972212284
0.027495923801532068
0.031847416211349587
0.028682625652925637
0.026905919389225093
0.01962547175972687
0.011041750175057088
0.0061721507683585638
0.0037766318719150232
0.0085731710174253815
0.013136797788732594
0.018747545025687078
0.0238092018843436
0.034875031927908785
0.034807046181833751
0.036161593576192856
0.033775562803848524
0.038417067365605365
0.040231726358805321
0.02813163217128065
0.033089871356967733
0.022473699717889348
0.023531025431386427
0.020498523684995284
0.020870274530340086
0.013960555407963775
0.013995785373828859
0.018006230553403745
0.020551328402682603
0.017936645181927592
0.02338577485231318
0.023420869093381109
0.02446582667712334
0.024138680415999956
0.029200394448904481
0.02613633430798357
0.027690769484242133
0.022131888887799003
0.016585411479088607
0.010065138044733657
0.0086756103482969003
0.015036594629394454
0.020900823571202994
0.024970967081489825
0.027077270232129542
0.030007324148396519
0.024714667684925338
0.03338075357973682
0.028945708607552478
0.028968186838312662
0.028127429461640402
0.022889236142653157
0.028764165224871963
0.029998975063901739
0.023412362527622212
0.029769300276167549
0.03150126560612037
0.022155415362509746
0.02234262796599653
0.017496040545653201
0.017103665107967788
0.01946552795949617
0.016831732452143439
0.019541152225478173
0.019834459689553781
0.019457383276770851
0.018470064840433956
0.025853864276665025
0.026862775855626957
0.024560613285746876
0.021126219153749487
0.018749200323975122
0.017185074146100737
0.017105537132480617
0.02654043943512167
0.033696742901544438
0.028462945920355108
0.021523778883615157
0.028443957444542176
0.021916593877210691
0.021107701855763064
0.020562252881481381
0.020406966175021538
0.020624886629932768
0.018025448751726375
0.027912284973437805
0.034309153700700444
0.027277179801135965
0.031824638474282171
0.022094041150809769
0.021535757370334946
0.019328882664436643
0.020154427388202344
0.014952085196273196
0.020137249779533465
0.020898609830959453
0.01919970010029047
0.017051790883708957
0.011800578010745917
0.022242405420951898
0.017643650072024755
0.025319890701775295
0.025833319498330735
0.024445196488258731
0.022620034125050752
0.025155070551098408
0.042152285949915047
0.039564348646624919
0.029831403691686426
0.028239828770282371
0.024181749577375986
0.013016525256846078
0.010908479615672062
0.012856564031386646
0.01624770263931755
0.018635555097545654
0.018349232626368905
0.019580022307441287
0.029897715249827733
0.030766194187551232
0.042844736399770836
0.029285040120118726
0.02516746202100982
0.018877384454552507
0.016553011996046269
0.022738527131907219
0.017891268434569976
0.012819292872111464
0.011670394394885828
0.011928774261736939
0.01075677900877553
0.016075989973804331
0.020531560585809981
0.023481296751979745
0.029979664508498535
0.03186955025825583
0.03258191337706854
0.030816730279631794
0.047046824579401084
0.041433902197217078
0.035551415490944732
0.027682725775641424
0.01364394954535377
0.0071771722298882446
0.0057744171629034785
0.0061264051307470301
0.0090034582854571256
0.014550980705533085
0.019848555484622978
0.022598914576471573
0.037584827510562267
0.030979473589596272
0.044115020448685989
0.024759337319822494
0.024495400807421831
0.021732519986929062
0.020307840904596228
0.018936556982862139
0.010700153015087295
0.0072540588231414889
0.005840243645948799
0.0067030720020265708
0.0096954195073754908
0.011593097584291712
0.010106457029381222
0.022940336014501888
0.031170309901361416
0.035645457129188221
0.03823423848721396
0.021972326650039412
0.03786180712305727
0.029667998593264577
0.030598896122411158
0.022774146939122761
0.01147919251989369
0.0057753982416269885
0.0037906850224506601
0.0022994530937163857
0.0036275549627134657
0.010296480704006081
0.018607518606404486
0.022966421727467854
0.037903008933299467
0.038874345086457318
0.047737886867211893
0.028476046519960309
0.0265109693105684
0.022870838399159203
0.024290995047867761
0.017776144406264766
0.0077725327240106981
0.0037579298411031885
0.0022959906715186783
0.0036322788923238655
0.0075602808078068596
0.011603385946772866
0.010864350075576394
0.017862123468673701
0.022692662830923041
0.026416894684954666
0.028451909918572986
0.019860437465507634
0.033773649140022843
0.030153675761455102
0.023368431299544076
0.020489913024077086
0.012301084361032638
0.0070286182984758225
0.0039435546104040313
0.0035544248772566797
0.0056963016687993405
0.010322701243578676
0.016318335009850252
0.020910409952641869
0.034081933440899423
0.02999170509146246
0.040721811322003816
0.024800729426703153
0.023187763629911786
0.020232166057342842
0.016382170566083237
0.016132347929111446
0.010514071324894705
0.004266900938673269
0.003577141751265364
0.0052126496950274763
0.0089066163083842392
0.0092249388361914271
0.011013167530742994
0.016402116095694738
0.020267946092741334
0.023226488667976788
0.024820204002881277
0.027469604013503391
0.036376972816275881
0.029823789787482798
0.022670239892396717
0.020197800249001342
0.014244004534912352
0.0090425863518450791
0.0064387032274943407
0.0052025120966561582
0.0065276222001218673
0.010566307922684197
0.015237270345578709
0.021253375575785528
0.03309801397581702
0.028408045180523339
0.03553251702763055
0.023841094176146098
0.02245447921402742
0.019598346965197553
0.015938612099061344
0.016103876937922
0.011545272718792042
0.0053410930186023253
0.0048202838164546824
0.0064436510186060628
0.0099367618310997087
0.0088421077854750705
0.012177113909728079
0.016621412712713109
0.020190070355784
0.027749392593276728
0.029307497556494765
0.018404231164861545
0.02730060535362307
0.02866652343137014
0.020678398588692144
0.026032906720735639
0.015553487919705363
0.011924885854726118
0.0096545164247193761
0.0090608296450113701
0.010255412609572542
0.013024007967640245
0.016973937689408587
0.019355011882223695
0.03005551934782506
0.025242908941809441
0.044613992371645816
0.02575726782267386
0.018102664304499201
0.015303115704630658
0.011919232674927381
0.015068980004028605
0.013096154585622185
0.010833339439515576
0.0087818434526577543
0.0079473919566571613
0.0087474653465389549
0.0097711078624429827
0.016462092540739506
0.019994632853345139
0.022580954039573557
0.021488226872797046
0.022106455058466461
0.015925531130417198
0.025218936739658571
0.025993559729771378
0.016380503660020626
0.017385660634274592
0.023999129907599816
0.015891123438978149
0.014874747635097193
0.014749310361304406
0.015557297893336876
0.017141633343532189
0.013382521073460297
0.026559688331242674
0.025945273932405626
0.027507929982886814
0.033203594200092897
0.023264430979843109
0.02235524867216955
0.021410994149525676
0.017765865237715176
0.0086088865641056993
0.01117073761085262
0.012653380915871757
0.011695182017512002
0.011329499516624224
0.010529637856357854
0.012548441567576741
0.018433072543671006
0.017478931557184999
0.021071221329582907
0.020685390378046238
0.020346787457252227
0.010568591849658625
0.012981636998694314
0.020297067241892796
0.023079508284802232
0.016287563736606094
0.020432522531336376
0.020641808471185637
0.021035474340165648
0.021387464560136012
0.021683905791286415
0.020667512650110516
0.026462202171328851
0.02411276331737346
0.021584253884724035
0.025973848783488934
0.028229543496504438
0.020239083655957276
0.021909401021465633
0.018068640735005685
0.016410211983470667
0.015126156667957448
0.0097271032041500345
0.013505602708452391
0.01377162567623624
0.014121951796622269
0.014506050897371147
0.020264820025832717
0.018342394560569186
0.020141646346718303
0.014965853669351202
0.012435900888994857
0.011908426707143515
0.0064809559958481124
0.010041773259353274
0.015640112107155352
0.02148871368498486
0.026470705370225767
0.024311297645700388
0.021690300005080397
0.026576503200770187
0.029187187150180708
0.03049914726646585
0.026226920523386838
0.022427760153147288
0.021275108808530497
0.023067860404722793
0.018156403229292298
0.015260913766401339
0.01112122674791558
0.012595179637184588
0.019442483536821931
0.018608780414743245
0.016546122446926933
0.014433457899667377
0.016966339867763042
0.017824718963134367
0.018150562392962585
0.017898088714235177
0.022287983124025877
0.023327463977383278
0.017172665985583018
0.012436120655937036
0.0094069669690199035
0.0070686500992240692
0.004005153774763434
0.0068498216677976937
0.013379955316571374
0.016313735976138145
0.026834527068155492
0.027097030870129411
0.028424895433416003
0.030221507713443438
0.030332337612958098
0.028785957924624923
0.026186517692849014
0.026275509627894759
0.025577398560217023
0.019821416723101132
0.012610521812182529
0.0081845574378711042
0.0063686093430552109
0.0079668982032368944
0.011997344350723827
0.02032537906675214
0.018190242715421315
0.021408965324737652
0.020026412985243214
0.021345010839057363
0.021596396695217568
0.020747222497443256
0.023805448637012974
0.023562446006103677
0.016518090006675295
0.011743098551791436
0.005327830975250962
0.003347355442822188
0.003839795448814699
0.0064382702015507234
0.012342646336294647
0.019371162349865082
0.025092862626807391
0.030980221710906426
0.031378628258068163
0.033432612988329766
0.033296079445162372
0.028614127324457613
0.035471289928175047
0.02948877713085717
0.024555100940539254
0.017011539136077159
0.0079864021674505101
0.0045095880808463211
0.0038460357503282742
0.0060680009731223852
0.01046234972043298
0.018172768941384171
0.021988151103031404
0.024571807108558091
0.022216633869218825
0.023796209187908708
0.023935994213199675
0.022619997655272988
0.024276964478058435
0.021970378371288523
0.016252178892142838
0.011625738645546153
0.0063244532915661027
0.0038005424700713656
0.0062525891672322526
0.0078778894874441466
0.010871692532126722
0.016518178869629183
0.019705473932567937
0.023579418159244737
0.023211789955669776
0.024811567228568789
0.024817555939430705
0.027504480372442915
0.02632812984194002
0.02000423463439251
0.017093536351074086
0.010787409716104439
0.006381540569263414
0.0038303834709940616
0.0038276537472455617
0.0063387527071966949
0.010982657905001757
0.015978335164252514
0.023558842152242982
0.033432321182530214
0.028628860076208774
0.034089345980121949
0.035040739320401075
0.033661582488742126
0.03186655441795444
0.020004518467560215
0.022454500356200346
0.015422314527879394
0.009945119528817381
0.0065902130715701319
0.010840723000947603
0.011452337462305751
0.014278170682683826
0.017618806316414739
0.017340598712311348
0.022334528596465151
0.022860776813997147
0.024238104014086926
0.024109111612425585
0.027943992300727406
0.025753021822209073
0.024264191880975804
0.01844037215342853
0.013159591842857778
0.0079318960648530681
0.0060412939807235888
0.0063285965558179625
0.008635159809159642
0.014897782840796455
0.019567526942508594
0.027068198663896693
0.027941912174451244
0.035384341187355166
0.032013892486995155
0.03352535089043028
0.032895760847047199
0.028973173781688896
0.024096126196225542
0.020305311019493323
0.01961135380263631
0.013988302559436332
0.011464212938139358
0.016024590750727166
0.016465521709880672
0.017592834872434102
0.014792885832212055
0.018311914646180323
0.018323030180309199
0.021211809358360093
0.022158513302285524
0.021914377070573372
0.020519480319272965
0.024035460282830941
0.02563837902149034
0.020528805082243629
0.015952342438238995
0.011519752471541984
0.010393747793006043
0.010326764299889794
0.01392978840815246
0.016662286378452906
0.0213116614985428
0.030486041099387299
0.030917776541308537
0.033880152610926903
0.028418099651924988
0.030002126315696334
0.029956446698217627
0.024230037516883525
0.02128435090927823
0.01846237998016529
0.024483463235156284
0.020671685038030921
0.02084528353949347
0.021820752226788923
0.02169005702400666
0.016507918679409463
0.015177819607079311
0.017538239980374491
0.01639431539415356
0.018518073580432781
0.018889447083538062
0.018566349015025248
0.017600204824100973
0.025384662814596382
0.02294081848695434
0.022491019169332091
0.019647756153746865
0.017294821817891045
0.016850634052234147
0.014906664212843118
0.019555397304372932
0.021058520820362043
0.027546251609868858
0.026913353487659941
0.028061873047815059
0.030542527352656123
0.02663710917584872
0.026711260597671514
0.025923364837163468
0.025733248911250031
0.022842400199299156
0.02617676111693467
0.019866731476199728
0.022578251627065272
0.029840839010688271
0.02086881666825913
0.020289317262843477
0.019919379462020492
0.018412463033395696
0.014118577788864699
0.015315055934049353
0.017893804626756337
0.018296235333955798
0.014383414313888216
0.014181593848471159
0.019382409260454845
0.019421550934535591
0.022787528486825703
0.022138424322930787
0.021810718005553096
0.020494520904324545
0.01527981799031884
0.024117793282251363
0.028596271353542174
0.025664815961190478
0.017498591155638319
0.027886317300759564
0.020895232362138919
0.020460163795045665
0.020060929273743536
0.019788311586939618
0.019654813753473357
0.016265254441225108
0.021986826938944763
0.021153095307016725
0.024607118384636809
0.029113915665210453
0.018127173774336054
0.01776863625815504
0.016739851530231723
0.015197648700023797
0.014420644515621426
0.015961133955582879
0.014680950728715657
0.012347837612930344
0.011294309395932097
0.011735578332608283
0.010986521492165073
0.019141237993633549
0.020588103628560599
0.01764825237272399
0.022913952217167129
0.027897580790533977
0.021999422632536274
0.033894718473148705
0.027363513687022164
0.026865616908336557
0.025224051275338489
0.0228657700089606
0.016150514842361019
0.01199976030069696
0.01381866541103513
0.016349267763804597
0.015147600370190186
0.017317977208804829
0.018334498290546154
0.024683284023878708
0.022450557298264232
0.032303362239843147
0.021574874684836359
0.020716463712318275
0.018885123651668455
0.016358450320916595
0.017401898860603306
0.013393450242436841
0.0085913427182977928
0.0078870298253581623
0.0088594094386152799
0.0094973229364344099
0.010180189557508518
0.01120643875403912
0.020226562861006016
0.026593745781399853
0.029847987281568462
0.031792539186306375
0.02585068633143995
0.040011756874876292
0.0373971985051096
0.028676872137498352
0.02118622467194009
0.016299572692107155
0.0094211102252302302
0.0069449789684424479
0.008221661234061187
0.011690803874853387
0.015056069406328903
0.015464644125987992
0.020257617128775409
0.032155166786569996
0.028262022118284463
0.03702831526310342
0.023922092677599829
0.022577695185282975
0.019982382746051453
0.016529681581365481
0.016824249782841558
0.0096369663840835361
0.0054045240290070242
0.0046500344691007001
0.0060568260100220947
0.0093949218785368879
0.0095788920306111632
0.010875789216429533
0.015876305944667771
0.019445689977909249
0.022232706713321875
0.023806255677183748
0.018358229994335611
0.032327806479036512
0.028813685429250783
0.023178900238230417
0.020833946450135428
0.012023734754530882
0.0062728857697190218
0.0041736196500965581
0.0046319330555263331
0.0073833826705737666
0.012368387872818709
0.017432043194037065
0.020560493159704669
0.033751420765658367
0.02993762566326795
0.040199024849493503
0.024800729682860744
0.023187763886455014
0.020232166147719173
0.016382170629378644
0.01613234818449252
0.010514071340050449
0.0042669009439331908
0.0035771417489115736
0.0052126496216757965
0.0089066162880788273
0.0092249385523148399
0.011013167639302315
0.016402115788642081
0.020267946157468259
0.023226488664206461
0.02482020386695839
0.019860437284903363
0.033773650170036383
0.030153676147106692
0.026331284741928182
0.02402992349419358
0.012301084260964953
0.0070286182651408333
0.0039435546351402825
0.0035544248897603405
0.0056963571700822157
0.010322701252393643
0.016318334930617202
0.020910410232673246
0.034081933763663932
0.029991705577847579
0.040721811381217714
0.023841493606227827
0.022454479831728179
0.019598347067358145
0.015938612033167439
0.016103877113700326
0.011545272731399136
0.005341093023864092
0.0048202839014938334
0.0064436511057299377
0.0065264724138488347
0.0083071344068430617
0.012177113934195023
0.01662141222205761
0.02019007039537438
0.027749392493398858
0.029307497409291196
0.027469603910108394
0.036376973008564489
0.029823329783862769
0.022670239886429487
0.02019780009929566
0.014244004614651329
0.009042586383628903
0.0064387032314183234
0.0052025121088263388
0.0065276221843376704
0.010566307896043152
0.015237270456139143
0.021253375606074515
0.033098014025174441
0.028408046078413424
0.035532518130971337
0.025757268136736455
0.018102664774442129
0.015303116030216649
0.011919232497447654
0.01506898007184298
0.013096154623985102
0.010833339445787519
0.0087818433815741188
0.0079473921161981684
0.0087474658912898885
0.009771107703157653
0.016462092861934716
0.019994632766247158
0.022580953822364004
0.021488226735806457
0.022106454854351573
0.018404231004545142
0.02730060546523698
0.028666523587997334
0.02067839862202215
0.026032906928780842
0.015553487952383604
0.01192488586783802
0.0096545164143397675
0.0090608296147129137
0.010255412587289863
0.013024008055830927
0.016973937906449962
0.019354739397108637
0.030055519515576518
0.025242909350603467
0.044613994766296808
0.023264430976068711
0.022355248740970616
0.021410994235930531
0.017765865324997712
0.0086088867464902685
0.011170737583893245
0.012653380757522857
0.011695182095797431
0.011329499725055094
0.010529637958794753
0.012548441834354431
0.018433072572204733
0.017478931569634145
0.021071221248124987
0.020685390275112722
0.020346787318751287
0.015925530791152928
0.025218936686036246
0.025993559775800156
0.016380503762273648
0.017385660631364777
0.023999129845313556
0.01589112341890965
0.01487474757096364
0.014749310298098336
0.015557297924071067
0.017141633564944928
0.013380162924818834
0.026559688802303593
0.025945273972368232
0.027507930280905091
0.033203594267417348
0.020239083934193575
0.021909401220347083
0.018068640738897052
0.01641021207786109
0.015126156322554603
0.0097271032967214763
0.013505602881726527
0.013771625695325713
0.014121951807829757
0.014506050983261791
0.020264820164363342
0.01834239458008451
0.020141646412927424
0.014965853792639958
0.012435581302744941
0.011908426678378988
0.010568591817650482
0.012981637125495783
0.02029706718434739
0.023079508287281392
0.016287563720862822
0.020432522419526113
0.020641808453630527
0.021035474410901634
0.021387464648278467
0.021683906153775981
0.020667512929466589
0.026462202871780686
0.024112764168237971
0.021584254511915618
0.025973848581177496
0.028229543353231891
0.011121226727095722
0.012595447126764584
0.019442483559271303
0.018608780504713502
0.016546122352264027
0.014370426432277391
0.016966339901516785
0.017824718966668346
0.018150562388586235
0.017898088749813239
0.022287983174828514
0.023327464168727031
0.017172666134883649
0.012436120866065374
0.0094069669460534865
0.0070686501658546765
0.0064809559706456178
0.010041773243036749
0.015640112042727507
0.021488713630465287
0.026470705310911977
0.024311297617097057
0.021690299964624599
0.02657650317160765
0.029187187121253944
0.030499147223537155
0.026226920813455852
0.022427760453947416
0.021275108357391808
0.023068995282347529
0.018156402455453819
0.015260913919871458
0.0063686092956525588
0.0079668982174306794
0.011997344741215358
0.020325378427874765
0.018190242932965849
0.021616731252936543
0.020026413122721427
0.021345010571558208
0.021596396568945388
0.020747222466654516
0.023805448803068268
0.023562445908463132
0.016518090156511834
0.01174309857973751
0.0053278308975459616
0.0033473554358825685
0.0040051535832642711
0.0068498216538207977
0.013379955283133953
0.016313735941004114
0.026834527021058409
0.0270970308322252
0.028424895384884331
0.030221507462003312
0.030332337578727876
0.02878595805961388
0.026186517831925486
0.02627550993661704
0.025577398019514912
0.019821416730982321
0.01261052141277634
0.0081845574067032304
0.0038460357615671616
0.006068000968251875
0.010462349765862203
0.018172768982497239
0.021988151907435746
0.024571807150548804
0.022216633794937889
0.023796208710039294
0.023935993842353728
0.022619997552406564
0.024276964235987211
0.021970378302829649
0.016252178931439602
0.01162573855118515
0.0063244532275632615
0.0038005424489218368
0.0038397954289877108
0.0064382701778981826
0.012342646407009751
0.019371162351418333
0.025092862601811032
0.030980221698932768
0.031378628109124534
0.033432612885139892
0.033296079424835444
0.028614126954274365
0.035471289988197353
0.029488777051417475
0.024555100804123899
0.017011539113916778
0.0079864022521794666
0.0045095880945226017
0.003827653760651137
0.0063387527722303097
0.010982657939306766
0.015978335434684722
0.023558842151353843
0.033432321229227679
0.028628860419593481
0.034089346235211399
0.035040739057593889
0.033661582921203741
0.031866577355303967
0.020004517930040388
0.022454500489616568
0.015422314542124187
0.0099451195396278551
0.0065902128627670885
0.0062525888928538142
0.0078778894476007142
0.010871692534326445
0.016518178927357012
0.019705473954107152
0.023579418164451443
0.023211789954266371
0.024811567227338974
0.024817555752886317
0.02750448024447695
0.026328129952859668
0.020004233814943307
0.01709353627551782
0.010787409793560208
0.0063815406256191049
0.0038303834918470606
0.006328596618190351
0.0086351599534498901
0.014897782342474849
0.01956752659990376
0.027068199087945718
0.027941912071041245
0.035384340777515379
0.032013892611224587
0.033525351102668029
0.032895760912322193
0.028973173795595171
0.024096126352547376
0.020305311095620608
0.019611353852529788
0.013988302461799185
0.011464212836129757
0.010840722946810908
0.01145233740778384
0.014278170691197026
0.017618806335307973
0.017340598734757285
0.0223345286020038
0.022860776856908845
0.024238103992127853
0.0241091115404947
0.027943992244657493
0.025753021644983713
0.024264191613555339
0.018440372224809602
0.013159591953779923
0.0079318961410696533
0.0060412940500507734
0.010225361001200662
0.013929788560774118
0.016662286333684072
0.021311660856255833
0.030486040311777353
0.030917775715356779
0.033880152478429765
0.028418099844279673
0.030002126455179277
0.029956446779982909
0.024230037661183437
0.021284351067084636
0.018462380035167879
0.024483463164565893
0.020671684852396316
0.020845283223721343
0.016024590504804533
0.016465521561130039
0.017592834865200878
0.014792885868234575
0.018311914622240789
0.018323030220293909
0.021211809324766337
0.022158513281050552
0.021914377016643019
0.020519480009804164
0.024035460298603515
0.025638378775008012
0.020528805524390695
0.015952342636049621
0.011519752576849887
0.010393747890962399
0.014540098490020286
0.019555396954653293
0.021058520498590388
0.027546251723736651
0.026913353147486541
0.028061873849279044
0.030542526619750324
0.02663710912791736
0.026711260720139792
0.025923364929873103
0.025733249107954149
0.022842400351112496
0.026176761274426221
0.019866731430806275
0.022578251419570969
0.029840838443884583
0.021820752103714827
0.021690056831764538
0.01650791869321935
0.015177819651473733
0.017538240076744427
0.016394315425160962
0.018518073531792283
0.018889446945672787
0.01856634891052731
0.017600204793862363
0.025384662800869366
0.022940818428523756
0.022491019066738595
0.019647755804390939
0.017294821853056547
0.016850633858937741
0.015279817960112985
0.024117793450694806
0.028596516914816027
0.025664816279810709
0.017498591196529828
0.027886317220499529
0.020895232252559966
0.020460163861629056
0.020060929347560343
0.019788311641016697
0.019654814070364013
0.01626525503376508
0.021986827192005322
0.021153095343943509
0.024607117646285908
0.029113915130671884
0.02086881655242517
0.020289317400576969
0.019919379620241533
0.018412463054236588
0.014118577780518513
0.015315056015866387
0.017893805128943664
0.01829623520631302
0.014383414368266583
0.014181593610433618
0.019382409293905549
0.019421550870962843
0.022787528145055198
0.022138423940724367
0.0218107180017694
0.020494521078463508
0.021999422535244145
0.033894718603158777
0.027363513492468832
0.026865617236497372
0.025224051553752225
0.022865770147130704
0.016150514775827636
0.011999760272447068
0.013818665416103744
0.016349267776147019
0.015147600454545822
0.017317977493757006
0.018334498868163338
0.024683284553467397
0.022450556479021003
0.032303361233123766
0.018127174018351528
0.017768636602062005
0.016739851638412514
0.015195516426275551
0.014420644485283407
0.015961134021965313
0.014680950717460676
0.01307573327553611
0.011902928275145587
0.011735578209825915
0.010986521265818882
0.019141237803284247
0.020588103706748916
0.017648252622254286
0.022913952349154932
0.027897580598401157
0.025850686745285036
0.040011757129505159
0.037397198929853201
0.028676871458740399
0.021186224709928675
0.016299572650492145
0.0094211102030183312
0.0069449789552163384
0.0082216612279390981
0.011690803872253672
0.015056069453430528
0.015464644257161847
0.020257617520599173
0.032155167033494615
0.028262021483374398
0.03703100199681033
0.021574875065267243
0.020716464112064459
0.018885376432530195
0.016358450300249301
0.017401898797397113
0.013393450380094433
0.008591342759902908
0.007887029962028641
0.0088594093937667696
0.0094973231607537144
0.010180189514378263
0.011206438749842753
0.020226563016261113
0.026593745815457197
0.029847987360972893
0.03179253945403504
0.018358230114841324
0.03232780623094067
0.028813685634506449
0.023178898117944623
0.020833946866818491
0.012023734782867742
0.0062728857813625829
0.0041736196613803471
0.0046319330599904575
0.0073833824322772539
0.012368387867194144
0.017432043365328904
0.020560493124817995
0.033751420755707563
0.029937625153878687
0.040199025201389814
0.023922092977102082
0.022577695403431481
0.019982382731825045
0.016529681572102533
0.016824249757167925
0.00963696638023551
0.0054045240688784246
0.0046500344801889753
0.0060568261145571255
0.0093949222531923005
0.0095788921444236105
0.010875789124584574
0.015876306301431706
0.019445689984140809
0.022232706744665744
0.02380625578950837
0.015580778083925469
0.02655319740955495
0.024430229393853621
0.018338300021849181
0.017884330630490313
0.013455682734053195
0.0097186603204638278
0.0063022895533100011
0.0063506565344624748
0.0080938672749599483
0.0096789898067233399
0.013388746544169782
0.018084036597435332
0.025775080407961351
0.023289879172328873
0.031330015153756552
0.019258081318815894
0.018361687196465162
0.016634998610533979
0.014340373825983847
0.01182103712408944
0.01132726049692692
0.0090718322532585896
0.0068610902058462075
0.0060054066103887652
0.0066365117601776711
0.0082966989221604608
0.01141409744682864
0.013938566815717365
0.01630362107178239
0.018147602443884026
0.01918604994734088
0.017157603995994239
0.023953759024816716
0.02463980565360846
0.019318571600799184
0.018002756505909226
0.013390460522603578
0.0098796547971716064
0.0075958732570758957
0.0068627146975444525
0.0078069259502437077
0.010260890696622475
0.013874606022180104
0.020932128614934108
0.021094597890785216
0.022713936624327906
0.030250730865591269
0.019382429793903155
0.018352362285781559
0.016491946232374002
0.014082587388181389
0.011488056846615821
0.011263013227514147
0.008977114282233847
0.0069989765078735527
0.0063607685322348111
0.0069658634888812906
0.0090948203570049655
0.01169424744021604
0.014291595063871329
0.016675341955635192
0.01848136333453022
0.019432128954254731
0.01872226308235566
0.023607675016183501
0.023259460039312896
0.018211475781747779
0.016169431009477965
0.013998253487909566
0.011239646839791811
0.0094999501724657848
0.0090267822705499129
0.0099086248890443967
0.011986709593931744
0.014961435809145975
0.019871327196455641
0.020603261586726738
0.021491264415491658
0.027341108990648896
0.017370583345414678
0.015906231231047147
0.01356267047331625
0.012858453776877384
0.011360179262070667
0.0093130145778066113
0.0089245655959624311
0.0085936753150940171
0.0074365044667398378
0.0080443811189151344
0.0099820666582561349
0.012150718472381548
0.016916028371836648
0.018546201326704901
0.019742947085157919
0.020326690915324481
0.012761254732744408
0.020088946382951268
0.016542942810639727
0.016075298369128181
0.015702074892392871
0.015134284379375664
0.013615669751855341
0.012681375668995546
0.012535204367510273
0.01321949143184231
0.014603453920795061
0.017523799561520587
0.019085206309313235
0.024521881129877923
0.027267487541808091
0.032598903425462594
0.022373942022076706
0.021983470670723218
0.019153469890093752
0.011498610492057668
0.0075898388748879492
0.010052160942228671
0.0090828340025941416
0.0086927885102163344
0.0089440679124069469
0.0097978256470315234
0.011123033071414325
0.015815954863376027
0.015092676514241085
0.014841465605154697
0.014582370970797587
0.016144727574083279
0.0085010839361427237
0.011211982623004655
0.016837662175200198
0.018794001758432131
0.016033151296756868
0.014756592564122307
0.014920088351013383
0.016218526657915157
0.01689498055058938
0.020225766050803205
0.020825664692153092
0.018855303810653382
0.021146812605840653
0.019370217850901098
0.020371782696774175
0.022036579979642198
0.016918974301131859
0.017067505873953476
0.016338949199021523
0.014962397731833735
0.013002240826014816
0.011222569919961912
0.010940792580322328
0.010954187089214897
0.011261907404954209
0.011817677874596888
0.015693493299305396
0.015999596629081705
0.0146222890724301
0.014894212428258911
0.013078642689108877
0.0093745496954246357
0.0064633280904775412
0.0095544573137319958
0.013681601064926734
0.018174952792989706
0.016455313821467608
0.020757111423951254
0.019366067864060713
0.01954970980032535
0.019279576013051792
0.01861294534837345
0.016901385995226219
0.021386246996393268
0.01763681671132165
0.017155352144600355
0.018170435260530988
0.014788975512701386
0.013551858561009069
0.015333739822792354
0.015399538934918588
0.01402073936134552
0.013932686811638959
0.010038772495708012
0.013098669900493479
0.01351459249762155
0.013833182796732795
0.01400780147936234
0.017595296811890922
0.016517864123743418
0.016522259294725419
0.011581294784563007
0.0087029822469655346
0.0070111548287258053
0.0054835129377740575
0.0087452840866308196
0.012249406917994553
0.014898822606800791
0.017212274480211433
0.024067309249411688
0.021599481056490073
0.022771239650139104
0.023000076507676187
0.022287213620601147
0.023000487680667179
0.023195681788373695
0.018297286806861757
0.017990144983966151
0.014572718958744848
0.0095419675553775566
0.0088399225758682039
0.010207688396295567
0.014704386875411991
0.015665474406578089
0.015172684064235943
0.013946396902263842
0.015224101137520318
0.015978237762834257
0.016259376342415963
0.016027653758021572
0.020280644946201173
0.016786942123717102
0.016729810151952094
0.011006506526364517
0.0078962103833002551
0.0058522658323369474
0.0065542030521034671
0.0079635823301202838
0.011276326890885884
0.019619950729183211
0.020510958410158951
0.02512108842994018
0.024537628252215043
0.025587363872886345
0.02524986467452003
0.023629714259150305
0.02345419508862152
0.022116167976069388
0.018546401294778504
0.011988291593448231
0.0090807111202573405
0.006774775470690512
0.0063413599656602631
0.0081545412979882725
0.012395890230807085
0.01611362493667667
0.01653333317476802
0.019326137064905387
0.016988102472956752
0.017966096572456902
0.018168100586459044
0.017566639629874082
0.019617791784964769
0.016757300621646848
0.014950001228028502
0.011272295068380385
0.0084003192818893086
0.0067291072579554892
0.0094025241720550583
0.0099387296338183766
0.01202894156874712
0.012623150478511118
0.015914850397177348
0.018614835095928598
0.018126833286326194
0.019178016826870304
0.019269369632055035
0.018389828728918194
0.02145392926133451
0.016808320397715085
0.014743907358965174
0.011746416113265103
0.0084329126337422573
0.006688744365465034
0.0066035207883212797
0.0081472956485309066
0.010784220241889833
0.014562048575796396
0.017208842293330529
0.027599262918665005
0.025125304528301817
0.024169146588024062
0.028016157062393146
0.022756717783267419
0.021340256039610716
0.017877192372356219
0.014254572145731165
0.014193851244395549
0.0090028229933977969
0.0091587363806184159
0.012219464751001378
0.012898342783686203
0.014123945354631932
0.013045777404445848
0.015783966447986096
0.015046304954395804
0.018467856056813448
0.019431450121859636
0.019397798893343868
0.018374256228513377
0.023736078528768544
0.022251073513514612
0.016724608732055442
0.012929662597854457
0.0097151510244095525
0.0083032641171190934
0.0083948791511615686
0.0094531685124598797
0.013726702088068914
0.017858026971194388
0.024811040603143802
0.026362874231326328
0.022809440617016199
0.025397707261233467
0.026647917451061098
0.026403466841862892
0.023019334083728592
0.02029550979415784
0.017381696189713199
0.018473898915316526
0.014410828179369369
0.012216795794294872
0.016274129715683698
0.016431320802683527
0.01381578055379527
0.013410971157994077
0.015512014518864201
0.016458052160279638
0.017957691877315631
0.018687470893993339
0.018534208147217745
0.017522094248888669
0.020562887903893066
0.016580385390595628
0.01826287458590008
0.015125076929040417
0.012272937677106644
0.010964871312109948
0.0099360571389852954
0.012023212898646102
0.014115450134117476
0.018274057268524657
0.025661821407897266
0.025536506766874759
0.021199381755289428
0.02350263478160363
0.02475820147187071
0.024784627140022993
0.021732722115556338
0.018125716955914094
0.016359518357428261
0.01628069717332448
0.020348516376479459
0.019326598319550733
0.01621299664695711
0.016005407161831436
0.01444741926475648
0.015293049508707916
0.015145394836749584
0.015718103698003246
0.016679089576760141
0.017063822014597576
0.016813712617669695
0.01596677526368543
0.019600122764105693
0.015759229360769216
0.018715622011796374
0.017622974862505247
0.015526471652357533
0.013659700051036361
0.010273618154412504
0.015972468788439591
0.018325993333259807
0.021923440056382422
0.020982813233093662
0.024337811681263546
0.020693390000521634
0.022736247035333251
0.024142786778548513
0.024723850391437482
0.025097629827954129
0.016147553688202667
0.015994272281475746
0.016319359047992511
0.019213854810505995
0.018403756697734742
0.018341004593555511
0.018022557974823182
0.017224433444033113
0.012868534073358315
0.012917533585141671
0.014546338268704648
0.014824950258947929
0.014808707789320884
0.014500783005170097
0.01394802662930129
0.013234381035193605
0.018352093853975879
0.012943268719676871
0.018661323365363053
0.017876268077681258
0.017263591824177662
0.013432194889676301
0.021692391768927118
0.023540703635623845
0.019289996008739336
0.021237492326577994
0.020876043820169533
0.019073101585150732
0.019013548153648672
0.018773220762897384
0.018415747731419692
0.017969982534857359
0.018193842245741224
0.018392871016331001
0.018079074399816028
0.020198010279236109
0.028898622729582685
0.014310026464764408
0.014317228855762466
0.013984316945789905
0.013841508502194585
0.013526068187416956
0.013116345662184866
0.014328536854655256
0.013676751202280471
0.012112002735462582
0.011769079792107564
0.011766599427006695
0.016177158107571445
0.017732969289478664
0.018468714234992158
0.017417170059198878
0.017970554515715546
0.013133478394879942
0.020339911630335002
0.023848549820663891
0.022686223084746413
0.020145315520594544
0.017171884562880692
0.015853977263446072
0.014858243871570222
0.014307440835321391
0.014306219399013763
0.01483449700099217
0.015827257948757157
0.018806063747405719
0.015773779617610444
0.017508095241045251
0.025706382505602435
0.016255756614917755
0.016017072672505968
0.015301398640840303
0.014218611277293741
0.012931792580401452
0.013617019970677437
0.01217193765143728
0.010477073093874849
0.0095904783652206674
0.0096456706645767464
0.0098146305741649755
0.011548790024867629
0.012837564646903601
0.014135441341886311
0.022510502269954963
0.023078329524687417
0.021174015541247787
0.026893017226119881
0.026171835713976393
0.017581620242779712
0.018809340770260131
0.015497915720760485
0.012951231903043516
0.011166238233770828
0.010381459940038935
0.010735841179094529
0.012157276984590723
0.014451024746784859
0.021438659160447071
0.024587442883759129
0.021487767619697843
0.028145187360220141
0.018159783897379052
0.017541967902760695
0.016217531206077791
0.014388227481006549
0.012327066727092963
0.01215123444993817
0.010189623195923056
0.0080777982694636846
0.0071352798167339301
0.007506816639181093
0.008755889196348083
0.011363133828284326
0.01342835539081683
0.015411952884982143
0.01701003284871843
0.017975701958723632
0.013842456285190116
0.025106963732563284
0.023041835825971222
0.017754455927443295
0.018172472630347672
0.014192962805896979
0.010793304946592279
0.0069497290369215405
0.0075749881979864965
0.0096486512747738767
0.010342558877422893
0.013590282285921665
0.017837262111522131
0.02522852216440389
0.022858180129894275
0.030589329910428752
0.019258081297701339
0.018361687406767784
0.016634998881740703
0.014340373776398411
0.011821037143318136
0.011327260559813507
0.0090718322692742263
0.0068610902222848505
0.0060054066322777818
0.0066365116943667146
0.0082966987975631751
0.011414002286076669
0.013938566739958856
0.016303621079065248
0.01814760241710103
0.019186049887403116
0.015580778120753366
0.026553197893698099
0.024430229598821986
0.01833830020926637
0.018821114050454536
0.013842750413558206
0.0097186603142319292
0.0063022895515971065
0.0063506565207433431
0.0080938672583670233
0.0096789897554108214
0.01338874653145476
0.018084036592742488
0.025775080275212945
0.023289879676715104
0.031330015077747485
0.019382429798343453
0.018352362435790172
0.016491946334894404
0.014082587427379136
0.011488056861483164
0.01126301323332825
0.0089771142914414973
0.0069989765250890188
0.0063607685577787973
0.0069658636304691449
0.0090948201315271138
0.011694247384794918
0.014291594916422403
0.016675341927953148
0.018481363288504034
0.019432128947083811
0.017157604035150324
0.023953759135906433
0.024639805906672509
0.019318571534984386
0.018002756753833973
0.013390460520326008
0.0098796548260291408
0.007595873260496923
0.0068627146900051171
0.0078069259390162087
0.010260890705167969
0.013874606062688515
0.020932128861839587
0.021094597883896681
0.022713936948151998
0.030250731206196549
0.017370583303686345
0.015906231268106141
0.013562670525075815
0.01285845382852812
0.011360179273114791
0.00931301458472358
0.0089245657657231487
0.0085936753045117633
0.0074365044905322112
0.0080443812156782528
0.0099820667952584714
0.012150718411443393
0.016916028362237726
0.018546201230391086
0.019745565125926675
0.020326690857361749
0.018722263079824556
0.023607675062229144
0.023259460152294811
0.018211475823054844
0.016169430996929694
0.013998253321902989
0.011239646861712577
0.0094999501783860456
0.0090267822784682143
0.0099086249404014403
0.011986709556699334
0.014961435795169028
0.019871327070723813
0.02060326122157809
0.021491264532008978
0.027341109582410667
0.022373941948166619
0.02198347068640058
0.019153469983913363
0.01149861059501869
0.0075898388431235057
0.01005216091530153
0.0090828339755025158
0.0086927884999224592
0.008944067939974808
0.0097978257530236691
0.011123033163311397
0.015815954875553102
0.015092655323169562
0.014841465429984478
0.014582370872093686
0.016144727546552766
0.012761254699109352
0.020088946357376635
0.01654294285098816
0.016075298450967133
0.015702074907033247
0.015134284218485006
0.01361566972227401
0.012681375356176654
0.012535204404301222
0.013219491345987917
0.014603453888141434
0.017523799312336004
0.019085206112422867
0.024521880789163949
0.027267487130689307
0.03259890386352781
0.016918974295746157
0.017067505922497738
0.016338949279042957
0.014962397794380428
0.013002240736877517
0.011222569792916911
0.010940792516477428
0.010954187079472551
0.011261907578031622
0.011817677946383134
0.015693493354425277
0.015999596602660811
0.014622289095496723
0.014894212422867079
0.013078642673781808
0.009374549676373585
0.0085010839080523395
0.01121198258995426
0.016837662151011849
0.01879400173074601
0.016033151303728326
0.014756592567709398
0.014920088350387337
0.016218526635421351
0.01689497597499702
0.020225766367625748
0.019596037366579944
0.018056667053542575
0.021146812387682321
0.019370217650322125
0.020371782762812731
0.022036580443264026
0.013551858433091439
0.015333739810220499
0.015399538968370818
0.014020739431053789
0.013932686726297008
0.010038772297778671
0.013098669931307542
0.013514592545399376
0.013833182817627283
0.014007801410948106
0.017595296886468128
0.016517864183868733
0.016522259348817254
0.01158129480132997
0.0087029822351595478
0.007011154806216292
0.0064633280635986862
0.009554457277646802
0.013681600991487517
0.018174952768597277
0.016455313813801789
0.020757111421678284
0.019366067858039557
0.019549709786563559
0.019279576042780765
0.018612945378205743
0.016901386065764523
0.021386246966154404
0.017636816685366621
0.017155352156340824
0.018170435308892868
0.014788975917444795
0.0088399225306794692
0.010207688374499027
0.014704386995716315
0.015665474482348625
0.015172684240300336
0.013946396900922897
0.015224101263141098
0.015978237868678878
0.016259376380658722
0.016027653785457646
0.020280645078720017
0.016786942212766876
0.016729810215775107
0.011006506490422899
0.007896210355162225
0.0058522658002005861
0.005483512907524829
0.0087452840471016445
0.012249406899723191
0.014898822597405392
0.017212274665495898
0.024067309240756018
0.021599481053159383
0.022771239662868252
0.023000076528191311
0.022287213549254614
0.023000487434246202
0.023195681649586256
0.018297287025014482
0.01799014508815722
0.014572718872782634
0.0095419675209645199
0.0063413599366221153
0.0081545412740515136
0.012395890244686359
0.016113624799238408
0.016533333310357085
0.019326137285237192
0.016988102612110704
0.017966096598528467
0.018168100533544024
0.017566639626263893
0.019617791758241354
0.016757300693539885
0.014950001278823689
0.01127229507309409
0.0084003192249246118
0.0067291072011144894
0.0065542029990458463
0.0079635822951066703
0.011276326899030908
0.019619950747844474
0.020510958398231794
0.025121088424745426
0.02453762823029712
0.025587363878238501
0.025249864703331331
0.023629714220832276
0.023454195332733397
0.022116167640400405
0.018546401125649904
0.011988291546296654
0.0090807111071636581
0.0067747754409756061
0.006603520769004962
0.0081472956523233105
0.01078422016666896
0.014562048473838261
0.017208842242327417
0.027599262970760305
0.025125304763237145
0.024169146514144344
0.028016156833850222
0.022756714591133147
0.02134025609183085
0.017877192377393939
0.014254571859138357
0.014193851281821726
0.0090028229319111999
0.0091587362702445271
0.0094025240680063338
0.0099387296121472863
0.012028941598075471
0.012623150506109949
0.015914850312279339
0.01861483515463401
0.018126833274352761
0.019178016787809671
0.019269369644051258
0.018389828662657884
0.021453929140167912
0.016808320313177048
0.014743907282327887
0.011746416104386875
0.0084329127038604429
0.0066887443290255724
0.0083948791628699806
0.0094531684991842734
0.013726701847970429
0.017858026740067083
0.024811040122021576
0.026362874227718679
0.022809440405792761
0.025397707235135486
0.026647917474837232
0.026403466890545926
0.023019334210167632
0.020295509971512249
0.017381695833983062
0.018473898969101142
0.014410828102187795
0.012216795616301481
0.012219464594937829
0.012898342780511021
0.014123945365362045
0.013045777420062805
0.015783966423676465
0.015046304937187897
0.018467856038111928
0.019431450103912878
0.019397798874431011
0.018374256210986189
0.023736078491296306
0.022251073310533526
0.016724608662660508
0.012929662554105024
0.0097151509648046933
0.0083032641779312785
0.0099360572558584437
0.012023212945032346
0.014115450030041977
0.018274057272546461
0.025661821377201785
0.025536506802400962
0.021199381765607025
0.023502634805617564
0.024758201520963023
0.024784627141600415
0.021732722206842286
0.018125717033366504
0.016359518396665745
0.016280697256521637
0.020348516285327464
0.019326598318908126
0.016273947520215847
0.016431320762825791
0.013815780533111895
0.013410971322974301
0.015512014511022349
0.016458052178564862
0.017957691854121698
0.01868747092446639
0.018534208127347653
0.017522094229287227
0.020562887857914488
0.016580385186528584
0.018262874700686441
0.015125077017063508
0.012272937728640869
0.010964871343424158
0.010273618100252594
0.015972468696039254
0.018325993228460402
0.021923440086246668
0.020982813179336719
0.024337811760443567
0.020693389959255102
0.022736247107645637
0.024142786821252999
0.024723851628146019
0.025097629828600788
0.016147553722297186
0.015994272273845957
0.016319359158328904
0.019213854795113776
0.018403182399623619
0.016212996553108445
0.016005407245143013
0.014447419325199986
0.015293049478175176
0.015145394813348447
0.015718103576232142
0.016679089551850226
0.017063821975039778
0.016813712577718753
0.015966775261672183
0.019600122746786849
0.01575922934216149
0.018715622059986406
0.017622974548209415
0.015526471369485328
0.013659699909331361
0.013432194853200592
0.021692391864431202
0.023540703639394877
0.01928999615917338
0.021237492197497005
0.020876043820676933
0.019073101556251464
0.019013548146327188
0.018773220249888308
0.018415747508363237
0.017969982543056092
0.018193842259619994
0.018392871020389095
0.018079074268912587
0.020198010493994851
0.024874978568031302
0.018341004600565949
0.018022558124204818
0.017224433329348456
0.012868534059704055
0.01291765052364637
0.014546338354942109
0.014824950238318303
0.014808707798721295
0.014500783153973665
0.013948026639541849
0.013234380826505777
0.018352093852356016
0.012943268836582901
0.018661323102457959
0.017876268049371466
0.017263591823904391
0.01313347829753103
0.020339911689940895
0.023848549758828805
0.022686223119321579
0.020145315396460643
0.017171884630695008
0.015853977237471457
0.014858243872875761
0.014307440890409464
0.014306219446637198
0.01483449706189785
0.015827257889781291
0.018806063523334832
0.01577377923684237
0.017508094903788601
0.025213265672863312
0.014310025720801421
0.014317228907203187
0.01398431694114673
0.013841508457512485
0.013526068142166246
0.013116345707780017
0.014328536882698889
0.013676751345889481
0.012112002683459265
0.011769079721985282
0.011766599414969915
0.016177158094115542
0.017732969322037925
0.01846871428916089
0.017417170124990635
0.017970554552760119
0.021174015544185909
0.026893017184550384
0.02617183586542756
0.017581620302383749
0.018809340719111216
0.015497915723621615
0.012951231885165145
0.011166238227043329
0.010381459950716024
0.010735841240671989
0.012157277046212693
0.014451024775561884
0.021438659076180762
0.024587442986154073
0.021487766842001363
0.028145185624778111
0.016255755691949161
0.016017072463004257
0.015301398550425669
0.014218611189611388
0.012931792521159105
0.013617020021134381
0.01217193769032294
0.010477073146220503
0.0095904783406506079
0.0096456706990769026
0.009814630553775211
0.011548789998478444
0.012837564641255433
0.014135441349463622
0.02251050219929587
0.023078329559811438
0.013842456275885954
0.025106963396829367
0.023041835848289702
0.017754455738647906
0.018172472656928493
0.014192962846235082
0.01079330490795492
0.0069497290308047337
0.0075749881836202097
0.0096486512908006174
0.010342558947846291
0.013590266673395498
0.017837262124931887
0.025228522264061436
0.022858179792387676
0.030589329476100293
0.018159783721590862
0.017541967699148849
0.016217531066166507
0.014388227515240442
0.012327066687133043
0.012151234434804736
0.010189623189240663
0.008077798265562321
0.0071352798321351937
0.007506816689343063
0.0087558891787033778
0.011363133751161996
0.01342835543142209
0.015411952898596933
0.017010032879513092
0.017975701978335777
0.011486750589617213
0.016540295293807246
0.017936426875798842
0.017145598946860147
0.014223802190646824
0.012900685759031688
0.011120716880453553
0.0099000430904188433
0.0094029933159106363
0.0097155976533173198
0.010778526554534543
0.012059044678512792
0.015788024813586141
0.014363953112122812
0.01612194306304433
0.021194680490303451
0.013212490558639111
0.013062519892115258
0.012651247646698092
0.01204225391757296
0.01132496268947661
0.010611882348063482
0.010007686616748186
0.0096066072189730876
0.0094671305202633557
0.0096107517887131736
0.01001677691628537
0.010625264733944647
0.011343569350375959
0.012062787624089565
0.012672567342727188
0.013076923836921562
0.012453592356721192
0.017550319401835969
0.018456808237926947
0.017072356208079016
0.014260514980017607
0.013106529468771246
0.010629462204429757
0.0093921312663809448
0.008960390664892284
0.0094091887430039281
0.010656592479531929
0.013496378588519714
0.015467994751094468
0.01447524034892635
0.016449815202651329
0.021185349754993921
0.014074473884022293
0.013694300271218736
0.012956585138503731
0.011973538126983601
0.010892445493016869
0.0098785374849680654
0.0090851861730927956
0.008635192680367252
0.0085976826112739036
0.008977257210483227
0.0097176721289623132
0.010704833343210488
0.011788291662871873
0.012802774389610324
0.013594715466309967
0.014041429165991921
0.013726996883579977
0.017397815121707877
0.01828070998096127
0.016942730019504398
0.015305586594964645
0.011884922235928267
0.010752246913269413
0.0096820476104341035
0.0093772662292498817
0.0098958790202032989
0.011223252725625346
0.014151306840708549
0.013532570776257297
0.014487005644368381
0.015064555789894187
0.019500328195516302
0.013775849632197025
0.013534073843186405
0.0130130946830164
0.011803759692942806
0.010518790921791588
0.0093546608147382082
0.0084911579781232361
0.0080605399562498296
0.0081322246752999049
0.0086923139212726763
0.0096571103244587498
0.010875844548204647
0.012162658205844232
0.013319914916382783
0.014706276161000299
0.014923990783850946
0.010889295127260758
0.011776234899235485
0.016159670090095689
0.015646406603748688
0.014876789408145887
0.013226698202790623
0.011230786201157826
0.010671526258678976
0.010613882111475445
0.011498149230825287
0.012953875821045187
0.012456265520769165
0.011445042161729674
0.013871770355094423
0.018214998823627818
0.021466532569493515
0.017020582947757708
0.015998195897521932
0.010976944897026561
0.0088295697296789724
0.010260013191465862
0.0091253325210158363
0.0083262718219005022
0.0079833687772536063
0.0081544140025324816
0.0088105530650854236
0.0098518468973143002
0.011116106651814325
0.013609746482724918
0.0138392619838136
0.011724233816617073
0.011454664873477233
0.010203043438271683
0.010740075260788117
0.011782947488158866
0.012349850283928271
0.014453739137878559
0.01345578869336396
0.012515704744027314
0.011725136261756119
0.012294295127631982
0.011310499918458072
0.011652125478285294
0.011197883734599704
0.011552363195508397
0.018996486876411204
0.018828186799888139
0.019724848341801767
0.016974935568888818
0.017224802769346109
0.015297492658216501
0.013085467333179203
0.0075131178738651015
0.0092351855339695248
0.0086261609531310922
0.0084264126127685003
0.0086708866339425365
0.0093210843900841892
0.01027757294921681
0.013102823309596999
0.012587600447175582
0.01176932659533075
0.011076380020189916
0.010608392717174765
0.0087286091422120234
0.010705872671073841
0.010441189035219994
0.011750653498384157
0.015597766900336211
0.013728224553963751
0.013525062093233014
0.013373094789600037
0.0132874631573993
0.013296977673878975
0.013391559124209081
0.013575828599593673
0.017337428421504361
0.015136613500592127
0.01478401832868184
0.012720730737459017
0.013069511717062577
0.013763335213619565
0.013352612325746934
0.012681136007746806
0.0091343830974756311
0.0096672720245466939
0.0093432247992948428
0.0093191314627330754
0.0096007126671902084
0.010144954986375566
0.010868956828451043
0.014188994281318649
0.012582632240334114
0.011545234124818154
0.010252970922675407
0.0092588868798210711
0.0081189356053725202
0.01142989485078042
0.012431289598344603
0.01341414838672984
0.015340813879677001
0.01301551620744173
0.014615605966171794
0.015080285992422901
0.015350812390165681
0.015414856761857465
0.015246172262692415
0.014053695928150292
0.017356159433319817
0.013839499424478789
0.011568110818823835
0.011013854656287146
0.011253367884383159
0.012286346149557922
0.012942993181525007
0.012402855079843287
0.012073581257238234
0.01035380091434749
0.010363324591294893
0.010518496798065016
0.010794725130774726
0.011150847484531623
0.011532617412029491
0.013711046363688544
0.012582779196196483
0.01171314459450528
0.0095542222661208955
0.0085334421437550812
0.0096505675558257575
0.010085627071326538
0.011715613886431372
0.015178431867592676
0.017170205684334257
0.016338135391040273
0.017104455949907643
0.017175301121055031
0.016722691197283156
0.015853467666749301
0.013709411662864298
0.017693882992608496
0.010153730735789094
0.010709353155399278
0.010358566632182429
0.0097750412766978313
0.010083921685892972
0.010928266310928325
0.012264769772027735
0.012289071849760991
0.013018150946341265
0.010583718087931744
0.011526522259656877
0.011836629666640761
0.012066169696295922
0.012181466725925107
0.01216475531453127
0.01361675905580465
0.012589542334842704
0.012022810826767205
0.01063424655548372
0.009841561500649668
0.011615528940786631
0.011807265968046935
0.011356632707796868
0.011804732375551193
0.012582039145882143
0.012039644203563784
0.012656049574484032
0.013071453502578961
0.013218973525166626
0.013077079401005411
0.01623013348033002
0.014450403291150868
0.011884793351699324
0.011851505860745506
0.010562546595636478
0.0097071586780629066
0.0095340970885511352
0.0100657239440447
0.01121233655486736
0.012317352329461457
0.017303741603748785
0.017630397577389521
0.016277072204409299
0.01783461665715403
0.016908558713377032
0.015464372422312803
0.014210627890291119
0.012620557459405778
0.011321077885098872
0.010780243620815231
0.011589946231869179
0.01175185659617738
0.013892842292827341
0.012864693346650698
0.012059504263917597
0.012178788601076457
0.012594861421586962
0.012783780643820053
0.013580913157221241
0.014036676075256212
0.014079395522379119
0.013702480815674161
0.015976590763379723
0.014235955566074009
0.015559404261516745
0.0129672047108698
0.011389143347344546
0.010235484448395504
0.0096915901277895809
0.010010809749399874
0.014156912047588312
0.017957106737719133
0.017041647465311383
0.016413859591697621
0.016505637583886359
0.018058314867932752
0.01896843607132366
0.019123093542843153
0.018476544852274391
0.016069700395535302
0.014896471682778394
0.013367475801939055
0.011644871306109295
0.013902127808632082
0.014221659363306839
0.013003466695127433
0.012651888926300125
0.012626255953805432
0.011148339708589694
0.013305840791796251
0.014162655485530992
0.014588785527210284
0.014520133007526406
0.013965788300755205
0.015872479032274775
0.015890128445849232
0.011171908011100132
0.013662764094475989
0.012628753025854624
0.011350339302756638
0.0093267145227733991
0.013397873264532503
0.014268923841740716
0.011583670574062364
0.016201428420129192
0.019176877081928907
0.016368960885276385
0.017848088348036077
0.018715937557884883
0.018854922993494953
0.01822871431832496
0.014851270839882939
0.014193878206969632
0.013870040304226391
0.014085466890985351
0.014302658004287074
0.013813159824071632
0.013719595953531179
0.013462939267656057
0.010763977950846515
0.012404167486852297
0.01352744548374268
0.014315577856187192
0.014648552765895616
0.014478871974596441
0.013830843028110608
0.012802738204536031
0.014341328018642508
0.010832522678319901
0.011285327554837203
0.01267301455433369
0.011697565100283334
0.0097892080995643713
0.013730626762475459
0.014478597128810599
0.013826788721759938
0.016908302844089444
0.018621426914436044
0.015882715758070792
0.01707046087613219
0.017764280596839477
0.0178669550676347
0.017353297003853612
0.014852381790419238
0.013431689827379573
0.01418122543660154
0.015983919862213182
0.015103700052488882
0.012851475616661258
0.010081374488302708
0.010570688055505553
0.011398314520883744
0.012495777968697115
0.013415205745036509
0.014017064197549677
0.014209369514858629
0.013965792758932729
0.013321133993267141
0.012374377550399182
0.014998511857525475
0.014080626950840657
0.011814425863976529
0.007958291811947054
0.007651878962937543
0.0074485618323035067
0.0096873537340895488
0.013160263256110669
0.017140955054321751
0.017614487760282082
0.012890274371659381
0.015342227929604305
0.016641632807281447
0.017433824662838136
0.018048967232354572
0.018478797675332774
0.01829533563423311
0.012846307538338275
0.012060411485547226
0.013939625159231759
0.015804972498124931
0.010102339810879079
0.010158049081702328
0.010877566951018377
0.011667836323326341
0.012407749316312647
0.012985150921324995
0.013311014803831366
0.01333610328106424
0.013056791608258792
0.012513527220577197
0.011791350189041795
0.010999639001579683
0.010260581859558185
0.014525672417180453
0.013753657466774026
0.013830299966953671
0.014261141753603592
0.014820539588184193
0.019037202899283699
0.017473179249644064
0.012296524931755823
0.013176368221945666
0.015183839984457409
0.014963013049764579
0.014598520107934507
0.01490488457759888
0.016550129240052568
0.016847872564049814
0.013900783918231246
0.013702973806667264
0.013541023386689473
0.017058182615370877
0.010799196256029377
0.011151361974488577
0.011531154699898138
0.01188262064261475
0.012150863624458198
0.01229791719934651
0.012298624861580742
0.012153887459540871
0.011882758688045439
0.011525980620903634
0.011139945390063372
0.010784922819990109
0.01051679850279481
0.01037550891475464
0.010381099429413487
0.010530099785838106
0.009503170023330872
0.013044860484203578
0.015225947640405942
0.014807292822940112
0.012788500364687603
0.012590900771447451
0.013581642647917171
0.012912725579414516
0.012509199428923071
0.012444112123367285
0.012718152202459507
0.015744670705624138
0.016818645576579038
0.013950902528399962
0.014551215063941534
0.018816473138060317
0.012062114567997323
0.012169858660124806
0.012151159538417828
0.012010437972887028
0.011766273763405742
0.01145952947227802
0.011133254377170708
0.01083958560099987
0.010618546856744834
0.010504169364090892
0.01051525606652177
0.010653036316117822
0.010897311764847107
0.011210679834293606
0.011543968024304513
0.011843458913627971
0.010450295822343117
0.014958478234096269
0.016802483558522371
0.016479346400237741
0.014364993512706401
0.01357820306313799
0.012154579336984784
0.011133765015872177
0.010646717839020494
0.010778661638803982
0.011500414339248711
0.014737557447628417
0.016423814715760824
0.014179337038032314
0.015454986933221886
0.020362690565849911
0.013212490597356779
0.013062519985390647
0.012651247778677316
0.012042253956470291
0.011324962598546899
0.010611882358330401
0.010007686625719721
0.0096066072345508072
0.0094671305180639986
0.0096107519779333236
0.010016776910486396
0.010625226625351529
0.011343569355097118
0.01206278761048166
0.012672567331800524
0.013076923866826072
0.011486750626870506
0.016540295313338334
0.017936426926816341
0.017145598779510111
0.014223802322300919
0.012900685799169739
0.01112071689766676
0.0099000430992807094
0.0094029933083884243
0.0097155976476888551
0.010778526619344598
0.012059044716184545
0.015788024615961287
0.01436395319023899
0.016121943236927203
0.021194680510670139
0.014074473707068399
0.01369430027790281
0.012956585179030923
0.011973538125034336
0.010892445466988794
0.0098785374945009469
0.0090851861730963136
0.0086351926777891337
0.0085976826881557795
0.0089772572099029273
0.0097170148161664048
0.010704833292932647
0.011788291660788935
0.012802774273503459
0.013594715439193005
0.014041429191396943
0.012453592399335914
0.017550319332631743
0.018456808306767401
0.017072356174404418
0.01426051484407267
0.013106529395463407
0.010629462247316236
0.0093921313056000693
0.0089603906765423555
0.0094091887560797585
0.010656592602367702
0.013496378594125712
0.015467994668084954
0.014475240348333741
0.01644981524328137
0.021185349586561264
0.013775849490812783
0.01353407380376094
0.013013094767459649
0.0118037597001205
0.010518790923353295
0.0093546608150684128
0.0084911579736622125
0.0080605399424558202
0.0081322246979029875
0.0086923138647885135
0.0096571103142302529
0.010875844483334056
0.01216265823467059
0.013319914838057006
0.014706276154752125
0.014923990794755666
0.01372699680432839
0.017397815103222823
0.018280710005031869
0.016942730063394085
0.015305586548837673
0.011884922168069433
0.010752246708751549
0.0096820476391457199
0.0093772662762831339
0.0098953933174640539
0.011141533602863313
0.014151307042348238
0.0135325706461166
0.014487005618958862
0.015064555533586509
0.019500328357398278
0.017020582897139546
0.015998195924684912
0.010976944897584247
0.0088295697200759162
0.010260013146808435
0.0091253324935799164
0.0083262718113027122
0.0079833687017179123
0.0081544140222472895
0.0088105530935815458
0.0098518470537321857
0.011116106618993558
0.013609746502729727
0.013839261979331529
0.011724233811021825
0.011454661804217087
0.010889295071581312
0.011776234893181102
0.016159670091718394
0.015646406385257709
0.01487678942500051
0.013226698198734755
0.011230786205824982
0.010671526272759448
0.010613882136313174
0.011498149330568322
0.012953875812139673
0.01245626545578934
0.011445042073068585
0.013871770410490708
0.01821499882384274
0.021466532603142536
0.016974935641514564
0.017224802821261695
0.015297492669190667
0.013085467295492073
0.0075131178900798169
0.0092351855726886707
0.0086261609484992834
0.0084264126133712786
0.0086708866437233516
0.0093210843852182951
0.010277572935769462
0.013102823367854058
0.012587600456000008
0.011769326599606398
0.011076380012899787
0.010608392701567489
0.01020304341861364
0.010740075238975676
0.011782947479107068
0.012349850406782045
0.014453739146092487
0.013455788698675961
0.012515704749166474
0.011725136269192736
0.012294295142809449
0.011310499953206946
0.011652125492591394
0.011197883560628006
0.011552363158820555
0.018996486797256802
0.018828186958141795
0.019724848448945349
0.013069511826788541
0.013763335271346471
0.013352612348254357
0.012681136027469529
0.0091343830761358054
0.0096672720687294468
0.009343224801110132
0.0093191314457707775
0.0096007126776576687
0.010144954996361633
0.010868956830451425
0.014188994251293281
0.01258263231235268
0.011545234134815719
0.010252970910223876
0.0092588868540684904
0.0087286089190255593
0.01070587264956128
0.010441189028206765
0.011750653499397338
0.015597766908274479
0.013728224554589151
0.013525062101656972
0.013373094657865642
0.013287463176996044
0.013296977713383246
0.013391559206528769
0.013575828546332151
0.017337428397221265
0.015136613607148458
0.014784018460977235
0.012720730763823337
0.01125336788824193
0.012286346761785695
0.012942993237624172
0.012402756315218788
0.012073581323865358
0.010353800880478331
0.010363324617309671
0.010518496807208667
0.010794725153891396
0.01115084749760685
0.011532617416816552
0.013711046368705397
0.012582779270642922
0.011713144607959799
0.009554222249270574
0.0085334420742337255
0.0081189916979458945
0.011429894778259156
0.012431289506428298
0.013414148398201538
0.015340813870225633
0.013015516206270743
0.014615605868935263
0.015080286014130738
0.01535081244893916
0.015414856743333403
0.015246172319353038
0.014053695899392586
0.017356159520800486
0.013839499607436584
0.011568110961357781
0.011013854817355947
0.010083921704702429
0.010928266286525904
0.012264769739675788
0.012289071788985006
0.013018150995451122
0.010583718197095412
0.011526522331941397
0.011836629765244661
0.012066169774594966
0.012181466730597253
0.01216475531901638
0.013616759067367918
0.012589542407225684
0.012022810782560359
0.010634246564048525
0.0098415614672740948
0.0096505674786395244
0.010085627078749815
0.011715613910734314
0.015178432243658816
0.017170205690333774
0.016338135388415991
0.017104455923168189
0.017175301075454778
0.01672269112981524
0.01665533341109722
0.013930532625981167
0.017693882904944138
0.01015373087289034
0.010709353210299451
0.010358566696781191
0.0097750410810619193
0.0095340970404843815
0.010065723861112052
0.011212336514323363
0.012317352274833191
0.01730374148108493
0.017630397527124825
0.016277072276617569
0.017834616744974181
0.016908558718958223
0.015464372393382409
0.014210628106931885
0.012620557466208746
0.011321077929704141
0.010780243751867143
0.011589946279897574
0.011751856604079089
0.011615528935809508
0.011807266026986877
0.011356632750030333
0.011804732399793259
0.012582039156923587
0.012039644202431667
0.012656049557034994
0.013071453425822535
0.013218973539669245
0.013077079391759295
0.016230133565992087
0.014450403241253199
0.011884793405006791
0.011851505925307619
0.011145576627159457
0.0097071588011250539
0.009691590358014911
0.010010809573890077
0.014156912014374707
0.017957106668555819
0.017041647362043489
0.016413859602574594
0.016505637808117472
0.018058314880128382
0.018968436117590751
0.019123093523777644
0.018476544936429782
0.016069700279461911
0.014896471960689713
0.013367475999023597
0.011644871365329526
0.013902127884468861
0.013892842303580271
0.012864693438020885
0.012067003271377261
0.012178788612205425
0.012594861416713407
0.012783780620761057
0.013580913140786886
0.01403667607132649
0.014079395480620354
0.013702480797756716
0.015976590831522659
0.01423595560049053
0.015559281681068085
0.012967204194276041
0.0099475151474318572
0.010235484011937477
0.0093267145615204064
0.013397873131612987
0.014268923836754519
0.011583670666313968
0.016201428498908405
0.019176877126371013
0.016368960870161202
0.017848088339134868
0.018715937551150752
0.018854923007124994
0.018228714373812613
0.014851270837893116
0.014193878122764614
0.013870040327275908
0.014085466718385448
0.014302657986249247
0.014221659493177474
0.013003466803991327
0.012651888911175961
0.012626255925650023
0.011148339696352576
0.013305840780882131
0.014162655467074924
0.014588785503274948
0.014520133019539437
0.013965788384855005
0.015872478901763843
0.015890086482483759
0.011171908096351504
0.013662763553253058
0.012628752738594512
0.011351873519230976
0.0097892080808833128
0.013730626820531567
0.014478597156073178
0.013826788802421192
0.016908302836437999
0.018621426821767092
0.015882715730401321
0.017070460858366734
0.017764280601278461
0.017866955064470332
0.017353297024847822
0.014852381640513225
0.013431689692585395
0.014181248548848637
0.015983920154495606
0.015103700266415386
0.01381316003157366
0.013719596060429972
0.013462939169587445
0.010763977904062179
0.012404167450835531
0.01352744547353628
0.014315577835554065
0.014648552711322047
0.014478871951531328
0.013830843030251894
0.012802738230274703
0.014341328004575065
0.010832522671176282
0.011285328005529704
0.012673015730713806
0.011697564768990577
0.0074485618368460623
0.0096873537750936448
0.013160263253867252
0.017140955137368664
0.017614487785795049
0.012890274351699248
0.015342227914511331
0.016641632844001639
0.017433824695895505
0.018048967251746238
0.018478797620580766
0.018295335717868007
0.012846307321119682
0.012060411962780427
0.013939625505811796
0.015804972543781645
0.012851475696256469
0.010081374508193778
0.010570687948608468
0.011398314454252286
0.012495777937819441
0.01341520576653101
0.014017064195440238
0.014209369467017082
0.013965792732857484
0.013321134002351647
0.012374377563861075
0.014998511778105529
0.014080626981673392
0.01181442596203695
0.007958291886233395
0.0076518789197336443
0.014261141731985314
0.014820539355281747
0.019037202896761394
0.01747317924504754
0.0122965249153367
0.013176368262289418
0.015183840041658027
0.014963012943956315
0.014699715381008652
0.014448554868652217
0.016550129257891275
0.016847872468402154
0.013900783714860594
0.01370297357879479
0.013541023355808274
0.017058182233454372
0.010102339657303052
0.010158048980431144
0.010877566865268955
0.011667836246463561
0.012407749353085631
0.012985150914801891
0.013311014934823352
0.013336103170484359
0.013056791596646137
0.012513527212446271
0.011791350195984408
0.010999638994573466
0.010260581862214417
0.014525672510608968
0.013753657439776306
0.013830299955564047
0.0095031700316484218
0.013044860474185557
0.015225947616452679
0.014807292824026834
0.012788500341620575
0.012590900761721317
0.013581642656803582
0.012912725584018885
0.012509199670982249
0.012444112445414631
0.012718152287242346
0.015744670674964174
0.016818645544103939
0.013950902341806194
0.014551214799949986
0.018816472436300798
0.010799195933902184
0.0111513618194148
0.011531154589086701
0.01188262056084706
0.012150863595022569
0.012297917183210556
0.012298624823712479
0.012153887455420478
0.011882758692490907
0.011525980640655365
0.011139945426042694
0.010784922819529953
0.010516798501594714
0.010375508914904791
0.010381099518207371
0.010530099778973543
0.010450295797592747
0.014958478220459133
0.016802483533822486
0.016479346580999782
0.014364993405462302
0.013578203340253496
0.012154579339673458
0.011133765008073216
0.010646717853573271
0.010778661674962088
0.011500414369682736
0.014737557412871437
0.016423814717727976
0.014179336940962121
0.015454986748527605
0.020362690294062583
0.012062114522572739
0.012169858532864206
0.012151159436989729
0.01201043791727591
0.011766273739887026
0.011459529461368545
0.011133254370179712
0.010839585751874544
0.010618546755905577
0.010504169411394241
0.010515256059607682
0.010653036312327932
0.010897311769471294
0.011210679879444239
0.011543968160980304
0.011843458899615788
0.0068188238747863821
0.0088733306595264357
0.011760024986121451
0.012361406460847248
0.012816052810858489
0.013849051340549111
0.012043761152997635
0.012132430259102964
0.012354422737474613
0.012530879348089729
0.012133263984583635
0.010244815949654668
0.0097723796917956515
0.0095389621571451751
0.010810901667834031
0.011557435273564273
0.0075823995194840843
0.0081001941255371222
0.0088951685382664646
0.0098474388640193838
0.010809652384343631
0.011637287310764497
0.012202461913087881
0.012421226756332355
0.01225764034211875
0.01173507013396413
0.010937347254383698
0.0099849634727422944
0.0090233981146776512
0.0081980027937006671
0.007635439681493719
0.0074195758132327358
0.0082776378111020024
0.010466238291227883
0.012516215170791873
0.012686118633941604
0.012655445968570211
0.012425320971655661
0.011715530927555005
0.011210553081294464
0.011191648635638762
0.011306292943243534
0.011207740003608592
0.0099299085434793825
0.0099431172998099768
0.010167924588616262
0.011545938279860748
0.012685384021339291
0.0089618832836942004
0.0091943452581789258
0.0095383648492439813
0.009941383491774574
0.010338806413173534
0.010671249315426677
0.010888808359119555
0.010958812177169732
0.010871235611367432
0.010636018976955043
0.010294500611120564
0.0098956888765242435
0.0095009565884040265
0.0091680151914102018
0.0089486712982618701
0.008876188865260301
0.009973065922634531
0.012032516586899078
0.013092565833887217
0.012800526818669061
0.012286260336803882
0.011626276076003252
0.01092211985753457
0.010792244873504792
0.0095348664661911477
0.009532865332109456
0.009543307769473118
0.0098183866312297214
0.010318441574180789
0.010969452002680203
0.012342861674961788
0.013627560630438179
0.010485612910866835
0.010398029675347682
0.010238287215881393
0.010027952742783328
0.0097971041995381595
0.0095817841140888593
0.0094176809629258253
0.0093282000585257797
0.0093312245804739562
0.0094212564717275592
0.0095899586103644924
0.0098071185917741471
0.010040673605175465
0.010251915272624562
0.010409362070227428
0.010490111779598337
0.011648633960678544
0.012793463451873908
0.012643861867865222
0.012687049629344211
0.011766914365292752
0.010778416453204905
0.0098728908097584292
0.009187724289844346
0.0088218397631668697
0.0088371624717789483
0.0092268713025404764
0.0099293759057715765
0.010839385012694889
0.011818708251822373
0.011521650184081144
0.012423436922801134
0.010271463285748203
0.0099667098519065373
0.010885661617454393
0.010091905186046069
0.0092679256439921302
0.0085396262065163143
0.008020672151784463
0.0077875388945783447
0.0078816882856499407
0.0082843197655417897
0.0089368361207775911
0.0097357434906075631
0.010560920317486601
0.011284183647256035
0.011795486867748319
0.012017744400334766
0.011109155808379642
0.01275524000964171
0.012976412605306286
0.012363769991800909
0.011179862948409907
0.010016649271287049
0.0090500755273926776
0.0084271905332736711
0.0082406445213100161
0.0085262392153007665
0.0092339491500865508
0.010254119952063951
0.0099728715302323436
0.010795666473353668
0.011093585885803572
0.012113351861941618
0.010767849623690416
0.010096873110765738
0.0098009733368151809
0.0089078626326997683
0.008836516830671947
0.0077091626433955472
0.006916497471246512
0.0065771418149876597
0.0067482022697155407
0.0074007062384276899
0.0084360129611610827
0.0096931444045319642
0.010982663370469494
0.012049081257480023
0.011799711377288366
0.011821250804516285
0.010588136614101637
0.012576053013363991
0.013497318715255734
0.011505112497986074
0.010615450456017809
0.0094585298485479231
0.0085811142725821538
0.0081204850303632798
0.0081417670438743966
0.0086534298830265605
0.009570420778457614
0.01075060649948606
0.011423253243303136
0.011025347167241715
0.014043934003740946
0.016836783873104531
0.015898416536238816
0.014786778906124235
0.0092065151454846696
0.0099646981356779664
0.0085699024807970314
0.0072164237398456904
0.0062721071341360502
0.0058791859433992878
0.0061011137132976779
0.0069028550464561786
0.0081619661451429928
0.0096848198994064164
0.011618046276646742
0.011818855819291372
0.011257182353535688
0.011177487149740524
0.011646903879976304
0.012920365371828068
0.013836532303837709
0.014080079781125319
0.011584268316506526
0.010412525978511051
0.0093686654043481764
0.0086151861475666953
0.0082644552700192886
0.0083814221250574847
0.0089360038646487342
0.008810359259750624
0.010528184805945272
0.011839061653858158
0.012939121512436431
0.015672569336879459
0.015168977568025804
0.014199624227407561
0.012754993823005151
0.0083224132208526563
0.0076037419241601735
0.0071344519098140158
0.0061822365831334467
0.0057958705769225842
0.006035115534287705
0.0068633151665194953
0.008154490884631202
0.0097113679063321294
0.011575759052112628
0.011858001135991954
0.012139483857976825
0.012181833959197252
0.012745440185956856
0.012210558500380839
0.011421193988187873
0.011081581356837783
0.011936709971904351
0.010684288678084779
0.0094225967645458
0.0083455973827117474
0.0076120866790095271
0.0073422441206873754
0.0075689078185047715
0.0093807362643318053
0.011247137925977087
0.01327130207498089
0.013893128298611194
0.012860543834561497
0.013832308413114924
0.013154677097465603
0.012159334126902883
0.011012670087010172
0.0096799005201909146
0.0074747740072706442
0.0066587137577514164
0.0063369881740602662
0.0065575808702423421
0.0072869917393792519
0.0084141097416375599
0.009768310874697015
0.011826452795718442
0.012295918113499978
0.012790447611942328
0.012947705201697106
0.013180285332009118
0.012607179994491706
0.011723005311881347
0.0097215642664657004
0.0090051227359662454
0.008184985176636168
0.007627212987996972
0.0074170755533320811
0.0075854155357590785
0.0081063751489094654
0.008900728680690877
0.010651978537334388
0.011689792464822581
0.01195787743695957
0.012161397594119669
0.012977907939051554
0.012073621653943696
0.011855372182137433
0.013204956628904063
0.013336690300678352
0.012690441082440879
0.011010366133719609
0.010118283059398419
0.0093044461579877055
0.0086895207178077586
0.0083726459745905191
0.0083951765783427407
0.008757402049299385
0.0095064122846316504
0.010975302459530229
0.012604502978350023
0.013355123397481128
0.013213655484550887
0.012690752046392566
0.011848738505751657
0.0099655584041061524
0.0094853637050741988
0.0091564403070026942
0.0089403463819005633
0.0088728290617112876
0.0089630392009987618
0.0091967107972002922
0.0095390316300370606
0.010943225738130641
0.011441896358799157
0.010518618147825972
0.010270037880843104
0.010145809255816573
0.010161096824597015
0.010946020808747887
0.012170468886305429
0.014573709528543295
0.01141801936262987
0.010203179046043662
0.010603396721518795
0.011112743487421249
0.011651666079748558
0.012154590410723155
0.012528767553387561
0.011999664810877912
0.0094415992998223078
0.01093189352127767
0.011691395668107545
0.013291066489338218
0.012861088243656024
0.012470318181421912
0.0095862815485212374
0.0098007533059943155
0.010030391379885394
0.010242089226294568
0.010402065436151731
0.010486289460196207
0.010484526295537604
0.010395726629332833
0.01023348390344243
0.01002016449963224
0.011122808969161712
0.011471956592509646
0.008507878938883072
0.0082366465634876908
0.0084325357295458262
0.0094911869076279402
0.010259177518978478
0.011133679923455483
0.010329326139196376
0.010976421161185078
0.011670609884015911
0.012309856146932203
0.012795182433425849
0.013063004748605085
0.013063813744045638
0.012798134827516867
0.012304891705866296
0.012402882377397189
0.01207679442757285
0.013129461951897283
0.0086450797790739754
0.0088347883506072061
0.0089437119751442709
0.0097360336520043982
0.010555562741540906
0.011276001394671945
0.011787812256204228
0.012012525268042078
0.011919675480358115
0.011521074789174992
0.010878304726044856
0.010086069988710167
0.01168288320282025
0.010949959542204533
0.0096205611912788709
0.0092572891746162903
0.0093296761011743019
0.012091150509730614
0.010364906947667403
0.012395642258489867
0.010844111185149033
0.01181032220358981
0.012698410733663007
0.013373792046110116
0.013732305872302376
0.013727067806327931
0.013350967637191256
0.012663688166606638
0.011768381061837802
0.010482827592535032
0.011423671814877939
0.0094164209466900857
0.0067674718600384256
0.0074161428678144632
0.0084454404546617408
0.0096983535370162403
0.010982827253814517
0.012102854613500849
0.012889374287442636
0.013221541419737491
0.01305227886882745
0.012403566411206589
0.011376927682299257
0.010125560614710951
0.0088421310413451873
0.010204338701151438
0.010091154785353903
0.0097450891068808394
0.01012758687280455
0.0096042614769902696
0.011545198417621893
0.010272230597960693
0.011430329354075777
0.012572363016057828
0.01352247172839006
0.014134860217073218
0.014312140619224584
0.014034366263271612
0.013339065624179575
0.01233288734651819
0.011169901124250902
0.010028000574791756
0.010516464291975417
0.0083581196185101847
0.0061133188343662354
0.0069125548769385864
0.0081691732334288527
0.0096913489912212221
0.011246022693917553
0.012597149882066604
0.013539996253221024
0.013930606608186602
0.013711027185498251
0.012910568471650504
0.011655749343332402
0.010134838605471321
0.0085812869530962482
0.0072298756776119641
0.0062873753434566039
0.0058966093529425204
0.0057143099376273394
0.006167614866157683
0.0096000879310496872
0.010751594094823716
0.011998224045906131
0.013144426374035312
0.014013870825330812
0.013034931485286106
0.015617312423845715
0.013933678583871675
0.013024108784786447
0.011851370916729291
0.010595620753785265
0.0094491803359501355
0.0099642875690911792
0.0087644426016356813
0.0060399154078991397
0.0068664788098557637
0.0081570751897412815
0.0097156546316297318
0.011303639931588682
0.012681414367748181
0.01363807963738059
0.014028995232847062
0.013793199723828767
0.01296405440525393
0.011672328165719954
0.010112885783186509
0.0085246333837391483
0.0071481064251648447
0.0061934415297024894
0.0058046164718152712
0.0054297179420612716
0.0065468038091840352
0.010183360601523122
0.011315651255965484
0.012459956411612919
0.013436425632394307
0.013201007969043341
0.013787230673055704
0.01435764810197029
0.014579097801266467
0.013984122334568385
0.01128626342272549
0.010128570986120109
0.009152479397189545
0.0099559616932437568
0.0094350180107330272
0.0065561009682725442
0.0072828997815774293
0.0084104464096898864
0.0097682496172693013
0.011147670230686003
0.012341656575186535
0.013166143731255631
0.0134976200303753
0.013282175736536115
0.012551481201554178
0.011420547946324555
0.010060923083710779
0.0086804686649491376
0.0074887324673487661
0.0066676997167787232
0.0063404133768471017
0.0058182021524488849
0.0074968933272259721
0.010941171145946048
0.01188021160603343
0.012746448954863907
0.011617457596456295
0.012694812968872321
0.013035773190227438
0.013464516300613266
0.01367827053168706
0.013106675656219388
0.010720850436819781
0.009837647671447302
0.0091825144840759591
0.010252647797019504
0.010415264629037602
0.0075823995296148911
0.0081001941267017895
0.0088951685645070489
0.0098474388768185865
0.01080965235959204
0.011637287315616744
0.012202453022201774
0.012421226757138516
0.01225764033132525
0.011735070141825701
0.010937347237971597
0.0099849634717819897
0.0090233981357036273
0.0081980027886370058
0.0076354396826570567
0.0074195758283162154
0.0068188238912610232
0.008873330713980972
0.011760024998823629
0.01236140646822385
0.012816052783972057
0.013849051043407038
0.012043761165363267
0.012132430273084534
0.012354422734104408
0.012530879327170379
0.012133264003826593
0.010244815877278792
0.0097723796212420347
0.0095389621904909266
0.010810901743541056
0.011557435312213144
0.0089618832553272684
0.00919434526573841
0.0095383648593218347
0.0099413835014901097
0.010338806410301113
0.010671249312862553
0.010888828565138049
0.010958812173382047
0.010871235595178873
0.010636018978720461
0.010294500538844316
0.0098956888314460992
0.0095009565790854338
0.0091680151841488037
0.0089486712899371698
0.0088761888870787353
0.0082776378284448657
0.010466238297172629
0.012516215187808568
0.01268611866204469
0.012655445970523755
0.012425320948032881
0.011715530955752609
0.011210553108337672
0.011191648645674476
0.011306292906582326
0.011207740000558842
0.009929908576876801
0.0099431171821388747
0.010167924601150905
0.011545938308349126
0.012685384117122838
0.010485612868892338
0.010398029670231394
0.01023828727888525
0.010027952742561885
0.0097971041993646299
0.0095817840966015873
0.0094176809611074049
0.0093282000549193625
0.0093312245800548244
0.0094212564759775796
0.0095899585365505306
0.0098071185381943954
0.010040673588676793
0.010251915263922436
0.010409362036005482
0.010490111794693275
0.0099730659303545431
0.012032516583506457
0.013092565835868186
0.012800526822828754
0.012286260321760301
0.011626276060489672
0.010922119872217221
0.010792244897885335
0.0095348664872499968
0.0095328653348023679
0.0095433076907587237
0.0098183865730054557
0.010318441537859708
0.010969452018040726
0.012342861694854117
0.01362756063367325
0.010271463291404
0.0099667098569223758
0.010885661613671738
0.010091905176775263
0.0092679256362487011
0.008539626212210407
0.0080206721477393255
0.0077875388969953592
0.0078816882939511078
0.0082843197501587772
0.0089368360886330194
0.0097357434623877182
0.01056085103484203
0.011284183648678081
0.011795486870497932
0.012017744400360519
0.011648633958260161
0.012793463410119863
0.012643861863479915
0.012687049617631625
0.01176691436331586
0.01077841645267291
0.0098728908161305855
0.0091877242968470014
0.0088218397676968555
0.008837162474044126
0.0092268712805789865
0.0099293758430084051
0.010839385004288674
0.011818708271246705
0.011521650222172969
0.012423436926945306
0.010767849633183073
0.010096873123173353
0.0098009733343620842
0.0089078626384970615
0.0088365168404383639
0.0077091626655375438
0.006916497484010106
0.0065771418158546355
0.0067482022680732277
0.0074007062320717897
0.008436012989852611
0.0096931443983679054
0.010982663375780848
0.012049081265065152
0.011799711375501275
0.011821250795084143
0.011109155800423378
0.012755240004444085
0.012976412607241259
0.012363769915463261
0.011179862954248918
0.010016649273696209
0.0090500755331558991
0.0084271905401242502
0.0082406445227514689
0.0085262392159795985
0.0092339491159355476
0.01025411991622561
0.0099728715295865772
0.010795666512205822
0.011093585945903546
0.012113351872630089
0.015898416591530379
0.014786779001145998
0.0092065151412435882
0.00996469810825216
0.0085699024751706657
0.0072164237618759569
0.006272107136441751
0.0058791859423844494
0.0061011137193423366
0.0069028550470073046
0.0081619661476662123
0.009684819897799065
0.011618046286146856
0.011818855845722166
0.011257182349389987
0.011177487135053081
0.010588136591431947
0.012576053008255466
0.013497318725221547
0.0115051125038947
0.01061545046426839
0.0094585298520011209
0.0085811140084577561
0.0081204849449399239
0.0081417670495582614
0.0086534300114730536
0.0095704208184954898
0.010750606474747815
0.011423253360852929
0.01102534717011114
0.014043934181406899
0.016836783954709857
0.015168977572659554
0.014199624198059278
0.012754993822479343
0.0083224132272594915
0.0076037418573828017
0.0071344518953463405
0.0061822365829471131
0.0057958705740248492
0.006035115531945523
0.0068633151665183859
0.0081544908947173526
0.0097113678566502198
0.011575759068068263
0.011858001105860464
0.012139483858409746
0.012181833945031442
0.011646903867330274
0.012920365541713616
0.013836532316193185
0.014080079795859162
0.011584268279535091
0.010412525982444092
0.0093686654129424493
0.0086151861566632539
0.0082644552792305401
0.0083814220269659151
0.0089360038964954973
0.008810359318211898
0.010528184812420221
0.011839061667258064
0.01293912147564651
0.015672569375702373
0.013832308404419257
0.013154677016849756
0.012159334144794769
0.011012100984870878
0.0096799004232830509
0.0074747740204840667
0.0066587137716882239
0.0063369881548714776
0.0065575809119388876
0.0072869917407800125
0.0084141097426563595
0.009768310804843373
0.011826452677861969
0.012295918360650892
0.012790447623333744
0.012947705199785255
0.012745440183709158
0.012210558513793912
0.011421194012918341
0.011081581376789442
0.011936710028053637
0.010684288678603181
0.0094225967597860987
0.0083455973623950633
0.0076120866837912455
0.0073422441495838136
0.0075689079074005355
0.0093807363352200798
0.011247137980068333
0.013271302125062405
0.013893128252245382
0.012860543798830974
0.012073621629099347
0.01185537217455027
0.013204956624039336
0.013336690429451469
0.012690441061522721
0.011010366094189285
0.010118283070401768
0.009304446176002042
0.0086895207884060913
0.0083726459833716946
0.0083951765882205633
0.0087574020853600307
0.0095064122844208294
0.010975302510264642
0.012604503017108163
0.013355123413718497
0.013180285576135023
0.012607180039847371
0.011723005373260027
0.0097215642811119309
0.0090051227406252737
0.0081849851829503065
0.0076272129797560779
0.00741707553631936
0.0075854155385655262
0.0081063751412435298
0.008900728677120405
0.010651978591042674
0.011689792794327705
0.0119578774271432
0.0121613975838036
0.012977907933360469
0.010161096876254829
0.010946020814776615
0.012170468886164474
0.014573709459343659
0.011418019294698673
0.010203179105882759
0.010603396732478898
0.011112743512399971
0.011651666077245914
0.012154156078012594
0.01252876755691942
0.0119996648293081
0.0094415992422574053
0.010931893546439421
0.01169139578245445
0.013291066495613509
0.013213655551906617
0.012690752089993837
0.011848738523515491
0.009965558410238046
0.0094853637055996656
0.0091564403007964364
0.0089408975541690871
0.0088728290481618864
0.0089630392050305471
0.0091967108353673156
0.0095390316729205941
0.010943225584029033
0.011441896325641205
0.010518618173263465
0.010270037812844187
0.010145809285890534
0.0084325357433488977
0.0094911869397042523
0.010259177515778577
0.011133679939518486
0.010329326290810089
0.010976421074018311
0.011670609843640708
0.012309856165089152
0.012795182425405238
0.013063004767549034
0.013063813771920674
0.01279813503297446
0.012304891574071506
0.012402882414070723
0.012076794348049064
0.013129461999749629
0.012861088261547247
0.012470318192063434
0.0095862815381343204
0.0098005549204988936
0.010030391370776577
0.010242089215529224
0.010402065447772299
0.010486289435669408
0.010484526273574941
0.010395726629588009
0.010233483713788846
0.010020164493303965
0.011122808852257733
0.01147195653660809
0.0085078790402069605
0.008236646378002364
0.0093296760623189662
0.012091150510318012
0.010364906942641982
0.012395642219763458
0.010844111160644846
0.011810322157877345
0.012698410698953456
0.013373792025664957
0.013732305860591957
0.01372706766254903
0.013350967631434927
0.012663688080833461
0.01176838096411314
0.010482827626454633
0.011423671885290089
0.009416421002709301
0.0086450797931496379
0.0088347884393595467
0.0089437119400411907
0.0097360336275989518
0.010555562726970443
0.011276001440419282
0.011787812245555704
0.012012525254687795
0.011919675476735541
0.011521074791040139
0.010878304723155211
0.010086069936591124
0.011682883518415874
0.0109499595970638
0.0096205609976211751
0.0092572891498423453
0.010127586882870321
0.0096042618404059352
0.011545198412238507
0.01027223057249807
0.011430329342768155
0.01257236298514456
0.013522471695383845
0.014134860191029972
0.014312140601008149
0.014034366285926615
0.013339065586505218
0.01233179837751289
0.011170695185508856
0.01002800037967639
0.010516464381770523
0.0083581196268051588
0.0067674718397508762
0.0074161428413177981
0.0084454404112773579
0.0096983535077603822
0.010982827276291629
0.012102854601366295
0.012889374270595862
0.013223453410139027
0.013052278872456091
0.012403566414594523
0.011376927683321814
0.01012556062383782
0.0088421311572358524
0.010204338597173845
0.010091154792951595
0.0097450891234866811
0.0057143099431736085
0.0061676148665049616
0.0096000879259330665
0.010751594080048233
0.011998224036682803
0.013144426356623228
0.014013870818238159
0.013034931491436816
0.015617312452558521
0.013933678595692717
0.013024108535518057
0.01185137088551276
0.010595620702200765
0.0094491802523331506
0.00996428751364648
0.0087644425717787432
0.0061133187811735776
0.0069125548219405551
0.0081691731898202585
0.0096913489628894303
0.011246022660467979
0.012597149871736681
0.013539996048121323
0.013930606601490631
0.013711027191135225
0.012910568479046416
0.011655749340551655
0.010134838600420856
0.008581286953471037
0.0072298756826925069
0.0062873753520601159
0.005896609340142348
0.0054297179376716215
0.0065468038546360931
0.010183360593930317
0.011315651255092034
0.012459956404466314
0.013436425618660619
0.013201007962748888
0.013787230674284031
0.014357648104335432
0.014579097775032371
0.013984136749799201
0.011286263342646458
0.010128570934846776
0.0091524793552648798
0.0099559616315489392
0.0094350178947513168
0.0060399153443948094
0.0068664787709265375
0.0081570751585235638
0.0097156546063252545
0.011303639920862826
0.012681414349186864
0.013638079623201892
0.014028995231269773
0.01379319973306228
0.012964054407304994
0.011672328173833936
0.01011288579170091
0.0085246333875287454
0.0071481064225913018
0.0061934415228035219
0.0058046164622596701
0.0058182021404113307
0.0074968933197027358
0.010941171125956843
0.011880211611479091
0.012746448961343462
0.011617457589137859
0.012694812949215598
0.013035773175748439
0.013464516306509204
0.013678270541629841
0.01310667564268516
0.010720850427329334
0.009837647643919898
0.0091825144437488269
0.010252647762291962
0.010415264578143056
0.0065561009481583058
0.0072828997539255069
0.0084104463828089029
0.0097682495978953909
0.011147670224651917
0.012341656566700355
0.01316614373334905
0.013497620028207948
0.013282175744288244
0.012551481207593654
0.011420547956747814
0.010060923098768625
0.0086804686784042635
0.0074887324711685049
0.0066676932514481476
0.0063404133377707146
0.002870661447012075
0.0038754483271226194
0.0059692722686281756
0.008827165835284723
0.010895157885805895
0.01273186919044539
0.014061979511350358
0.014682559218456475
0.014492891409728747
0.013524531346618334
0.011926219244604864
0.0099374467528607676
0.0078625941303421543
0.0068810512713365409
0.005739757840512315
0.0045532462172362658
0.0032284140083113878
0.0042363861812085421
0.0059470506227182656
0.0080981084062046686
0.010360144993989271
0.012390985549597455
0.013881710948494117
0.014607458523643899
0.014456688562322729
0.013449231914787675
0.011744726110655456
0.0095981957878544938
0.0073366724735913231
0.0053023247352869266
0.0038062626430355236
0.0030772041296243569
0.0044035161017676972
0.0054952556448643521
0.0066419312879240503
0.0080263440805950093
0.010594842972064103
0.011862858533875458
0.01275685840373909
0.013140268715943872
0.012948064908962902
0.012213120020454696
0.011047785926482574
0.00962593117490965
0.0081659803840383408
0.0076279539965017776
0.006889987411620271
0.0060150509105804176
0.0048285364352190661
0.005544446287975467
0.0067645896152272898
0.0083010418435286656
0.0099182715456500991
0.011371329726640638
0.012440348122417993
0.012962576033785072
0.012859670107980649
0.012142905436546945
0.010928590530870081
0.009396758954900282
0.0077817683690852317
0.006326533038825315
0.0052533607212539536
0.0047261293462915657
0.0065635195071958681
0.0077829062633159498
0.0080355266021763135
0.0085467733792727908
0.010108954917659925
0.010613993632005032
0.010934524165790773
0.011021329376568412
0.010855002777663223
0.01046578301612819
0.0099115563680517976
0.009274219406882625
0.0095125420579502198
0.0089936211101796001
0.0083791523841994908
0.0079572867095749726
0.0070395194872188462
0.0073545918852840177
0.0078980467826875993
0.008585117512573251
0.0093102963935704774
0.0099636124347690369
0.010447849425331134
0.01068716768200096
0.010648485869385188
0.010332540106042893
0.0097944795911114064
0.0091112843585482786
0.0083889112200475555
0.0077341145945198581
0.0072467818218766482
0.0070014211691272078
0.0090201796989410089
0.010212159545003364
0.0097950712056999387
0.0090943729915885473
0.0095118360308132296
0.0091767226524060146
0.0088752855384091247
0.0086522413113624894
0.0085369256457113393
0.0085529472939474705
0.0086944918608812087
0.0089386729332915291
0.0098808978271759367
0.010021866294725386
0.0096314558557114294
0.010233725467805804
0.009522785971813115
0.0093890198983592084
0.0091729608409448059
0.0089063806747585409
0.0086294302020393371
0.008384162211198606
0.0082100953075861932
0.0081309788503825219
0.0081631932394915559
0.0082973440955265241
0.0085176736381947938
0.0087866076027619377
0.0090656333359098607
0.0093096617831152015
0.0094815348796630158
0.0095551661300397658
0.011398701122326499
0.01261805343035878
0.01159624908926718
0.010098003962211517
0.0089013626041111772
0.0068478994731041489
0.0068932758738280029
0.0063945430196795773
0.006348648636298521
0.0067686641156010962
0.0083058994907798511
0.0086320295706762782
0.0098257215616944244
0.010528340490322854
0.011004945885130435
0.012471804497253014
0.011900548793804686
0.011338513612608642
0.010396232732361569
0.009217397751025664
0.0079813036619876283
0.0068755156419645263
0.0060694115044635111
0.0056842098520936872
0.0057825355325468617
0.0063462175728159591
0.0072915827976465786
0.0084714645543090723
0.0097085197715282064
0.010813062845007472
0.0116171196697508
0.011998001304431741
0.013339460994534164
0.013745530165487921
0.013391532580960118
0.011410760667175106
0.0089067982955858202
0.0070910256318345508
0.0056196164869927413
0.0047172397915253086
0.0045238323186704036
0.0050723656581569835
0.0062716980249928507
0.0079413463326746987
0.0093073410603330912
0.011039273541989537
0.012115807108074373
0.012684191286397846
0.011856778874772652
0.012907849124467406
0.011383734882793459
0.0094730061175424592
0.007466176111252899
0.005667627443588015
0.0043513703157665217
0.0037178879441156529
0.0038672075198508933
0.0047747406203188123
0.0063016985498230713
0.0082131888803551167
0.010219880820252396
0.012016755780329017
0.0133306488417164
0.013960863248922029
0.014970813856235068
0.013687074374422898
0.013470084161702771
0.012193508538325898
0.0096159755821016418
0.0072737602942068401
0.005096738555939599
0.0037635640409900352
0.0034597419164787337
0.0040620622955780498
0.0051879403404940265
0.0066798373222477893
0.0087458088884289371
0.011475842798566765
0.012706153378022602
0.013748301666567158
0.013537552225088947
0.011956716957993191
0.011985392457312316
0.0096332791032868979
0.0071609548741599872
0.00494328699434066
0.003316845847483076
0.002530972947505756
0.0027082224794969822
0.0038212108455423638
0.0056981781591685654
0.0080510964661800397
0.010522860874924878
0.01273868777725571
0.014362061637021344
0.015145146712064302
0.015196934932534597
0.014052343541531304
0.01211223159846816
0.009675224723440819
0.0071130371397078538
0.0048133682397101807
0.0031247159336434257
0.0023062079750588403
0.0024850459252668575
0.0036340969940592709
0.0055757390909069648
0.0080120519916514858
0.01057251735816298
0.012869813125345991
0.01407770747262399
0.014734620962713045
0.014544171107610766
0.01353330708677471
0.012112492981864141
0.0096760045845338243
0.007113814340158113
0.0048139110696968721
0.0031248622670161145
0.0023059934140135857
0.0024844933870657574
0.0036329622028008759
0.0055738091624044526
0.0080095519453321513
0.010570145812792942
0.012868305537149316
0.014555164399826494
0.015372816861934131
0.014456592883282932
0.013449482879838348
0.01173942931329318
0.009590373169609796
0.0073295502615031644
0.0052983514395261245
0.003804133372518234
0.0030765886440934278
0.0032293349507044162
0.0042387497358095782
0.0059488470523708257
0.0080970095597800197
0.010357089846064801
0.01238772533464237
0.014149497524226931
0.01487655760226734
0.014735374869304036
0.013745658343017414
0.011839619195938867
0.011313697610964603
0.0091904159787366182
0.0070567784280612432
0.0052364091998044985
0.0040078843740480197
0.0035614551349229914
0.0039664950372178794
0.0051566386767726473
0.0069493904748913465
0.0090720591566277892
0.011923898521812601
0.013879940954641831
0.014607104186242406
0.012859557548417777
0.012143101146579717
0.010923417591108193
0.0093901048904503608
0.0077752517402540876
0.006322391815664654
0.005250817169311672
0.0047255865158006552
0.0048288741002945569
0.0055452271233163508
0.0067639038345900827
0.0082972512307942451
0.0099130549568464208
0.011367538098333302
0.013463724958260512
0.014149499873922855
0.014079147065257791
0.013282394213029234
0.0119761036799538
0.011395649422750757
0.0097538547930286421
0.0082397805461901924
0.0068836591103047006
0.0058925649001803854
0.0054212052809116569
0.0055433720708788969
0.0062343423770609948
0.0073896833797314774
0.0086417896530390972
0.010571058648001263
0.011870476542713244
0.012991601753158397
0.010654167200806522
0.010338084583611197
0.0097945136493252233
0.009109067950812481
0.0083846845927363686
0.0077298895927978813
0.0072434934215986546
0.0070001793786365722
0.0070389826710023267
0.0073534072984391581
0.0078951963279463439
0.0085801357683116947
0.0093058726268847938
0.0099632208095309042
0.012486032460693044
0.012982387736215475
0.01317197180980042
0.012870296859146564
0.011027722206645938
0.010270951189970824
0.0098721731420816534
0.0089934271737606274
0.0081362833353983161
0.0077300324578118253
0.0078932799340954186
0.0079608573499446791
0.008029657706732236
0.0083055156354609715
0.0089275478210237638
0.0095976054083444732
0.0098382782141258011
0.010847672736079887
0.0081717413799967751
0.0083046143138234309
0.0085200946518851593
0.0087866296740360395
0.0090627481542624958
0.0093051444562047836
0.0094771360061689184
0.0095520714193539722
0.0095207272719875658
0.009385896406727167
0.0091698539037411656
0.008903164436619199
0.0086290248667275169
0.0083889422023961675
0.0082198062558481617
0.0081459271724644618
0.0080428816022612929
0.0088748797940502028
0.0089075069487160752
0.0095882580213790657
0.008974657415668998
0.0095751142675747098
0.0098706591154896373
0.010091101661577064
0.010201201749777495
0.010190332827210147
0.010055230485806968
0.0098773191918798443
0.0089688000746335188
0.0084894425137519228
0.0083148587496461382
0.008473398492399583
0.0057904559339462024
0.0063531248127503643
0.0072957433903346478
0.0084744320925518625
0.0097086221067036182
0.010809586122343933
0.011613409826778005
0.011994311385950383
0.011897545139586159
0.011334376981136847
0.010394257671890781
0.0092169965168186554
0.007984460304088857
0.0068828201421811492
0.0060803882690152172
0.0056986054955360955
0.0056605368853552916
0.0064656109872190549
0.0075313836802138063
0.0078805213858570439
0.0098680560612365471
0.010979659552999723
0.011849667145102685
0.012344525860965417
0.012384962831282823
0.011970574476648486
0.011161265671137979
0.010079965521345996
0.0094266119597738399
0.0077196817563170966
0.0068863034064604754
0.0062306638155940515
0.0038716929474884856
0.0047787968928650849
0.0063053468334226433
0.0082173942724640871
0.010222614246252405
0.012016873214312256
0.013328611508857864
0.013957814009302245
0.013810374900418044
0.012904464970462676
0.011383691291873813
0.0094750543370549483
0.007471044245053903
0.0056744692887018451
0.0043598440040022767
0.0037276142307033316
0.003711651426747526
0.0045216680459681117
0.0060368812299123973
0.007516678884424719
0.010410369078813179
0.012140741373705978
0.013453753434451239
0.014147462860805125
0.014112658011485422
0.013358875614589278
0.011999495951319963
0.010239521976586003
0.0083471376257245392
0.0074501645320618776
0.0056836805521247513
0.0047386642241370579
0.0027102149452784782
0.0038229597655145462
0.0057002928922650509
0.0080545976863393431
0.010526229728665733
0.012740804032306477
0.014365804829351918
0.015144618098031829
0.014969333257893794
0.01385916791808902
0.011989045424172255
0.0096389779452944694
0.0071675680530430969
0.0049486418917568803
0.0033216299235040931
0.0025352226780545463
0.0024948798494281448
0.0034925410835208118
0.0052715247626477189
0.0084931643887188116
0.010795287893598069
0.012881649441899293
0.014437605159655998
0.01522602771333032
0.015121452074629043
0.014143137214143849
0.012440447917864101
0.010269487316510574
0.0079613869030462671
0.0067857840556563315
0.0050876105797212721
0.0038622045303294884
0.0024842570485294189
0.0036318680854368389
0.0055734003627027524
0.0080113610118854716
0.010573150471839234
0.012871192715234016
0.014555694856113752
0.015372772146038851
0.015196657224494889
0.014051281416669137
0.0121167525424481
0.0096830951585098416
0.0071208632199709875
0.004818151642663593
0.0031273611721382849
0.0023070759514391007
0.0021997244934719743
0.0031719271819077885
0.0053628289022398896
0.0085993073202996848
0.010965345297733858
0.013089066792285341
0.014651609671014188
0.015414183484849046
0.015255184669677967
0.014201480273495241
0.012414746772382306
0.010163105768122242
0.0077907833620575869
0.0065852005383757418
0.0051068855851621629
0.0037967908250174762
0.0032284140165321903
0.0042363861925128034
0.0059470506299281771
0.008098108410918332
0.010360144995182292
0.012390985550562931
0.013881710914170838
0.014607458533304364
0.014456688551143475
0.013449231906281193
0.011744726114607688
0.0095981957739464732
0.0073366724716440231
0.0053023247348933126
0.0038062626469226959
0.0030772041348110825
0.0028706614496745598
0.0038754483264529529
0.0059692722595269315
0.0088271658355549912
0.010895157883487393
0.012731869169500904
0.014061979515150798
0.014682559227960659
0.014492891410128619
0.013524531239934089
0.011926219456361034
0.0099374467476543646
0.0078625941208410113
0.0068810512812112644
0.0057397578585026048
0.0045532462393779597
0.0048285364132343621
0.0055444462975505742
0.0067645896214818509
0.0083010418569780323
0.0099182715409736368
0.011371329721479778
0.01244034812457113
0.012962576050883811
0.012859670053676577
0.012142905429391879
0.010928590498333585
0.0093967589328634443
0.007781768344063739
0.0063265330383065694
0.0052533607265602298
0.0047261293538955621
0.0044035161053932303
0.0054952556449424502
0.0066419313044133715
0.0080263440530082188
0.010594842958371282
0.011862858522041355
0.012756858406743314
0.013140268740192109
0.012948064911942668
0.01221312000403852
0.011047785904314643
0.0096259311659454335
0.0081659803799915536
0.0076279540043000162
0.0068899874277174988
0.0060150509256649814
0.0070395194969156191
0.0073545918946725216
0.0078980467995473074
0.0085851175029862895
0.0093102963925333383
0.0099636124345879786
0.010447849427909826
0.010687167691322405
0.010648485872557343
0.010332540098975527
0.0097944795568337389
0.0091112843294793022
0.0083889112077155052
0.0077341145941257653
0.0072467818267453188
0.0070014211813375568
0.0065635195090415939
0.0077829062594688674
0.0080355265945811771
0.0085467733483633301
0.01010895491122004
0.010613993630065424
0.010934524168899675
0.011021329382193813
0.010855002779814531
0.010465782984226237
0.0099115563358520928
0.0092742193977481246
0.0095125420668012717
0.0089936211119460482
0.0083791524045085958
0.0079572867238765707
0.0095227859814131528
0.0093890197263477842
0.0091729608400240373
0.0089063807391466365
0.0086294302035305817
0.0083841622164934938
0.0082100953112367279
0.0081309788594727695
0.0081631932394129279
0.0082973440857167652
0.0085176736192614094
0.0087866075870847576
0.0090656333315311654
0.0093096617844904417
0.0094815605741168617
0.0095551661070993766
0.0090201796966880247
0.010212159494605473
0.0097950712040389531
0.0090943729879369214
0.0095118360335516797
0.009176722655390511
0.0088752855084365811
0.0086522414887134531
0.0085369256404632717
0.0085529471994985704
0.0086944918310981473
0.008938672928268953
0.0098808980146961496
0.010021866288976194
0.0096314558693123657
0.010233725478314961
0.011900548804108313
0.011338513547140671
0.010396232807678528
0.0092173976760719523
0.0079813036754058549
0.0068755156873202602
0.0060694115245120608
0.0056842098509720012
0.005782529665524336
0.0063462175711486999
0.0072915827910859394
0.0084714645510847574
0.0097085197745981362
0.010813062847733859
0.011617119668137801
0.011999944647243242
0.011398701053588461
0.012618053345699204
0.011596249091981528
0.010098003998461155
0.0089013626444238592
0.0068478994771076782
0.0068932759629675051
0.0063945430221065353
0.0063486486370618938
0.006768664107398595
0.0083058994781176343
0.0086320295463191109
0.0098257216287215877
0.010528340481944365
0.011004945887025204
0.01247180450832279
0.01185677892758373
0.012907849191300327
0.011383734880565509
0.0094730061121497677
0.0074661761111730713
0.0056676274496507296
0.0043513703193611914
0.0037178879437437702
0.0038672075167840068
0.0047747406169223417
0.0063016985695512331
0.0082131888814490125
0.010219880829310348
0.012016755789026201
0.013330648842098882
0.013960863243489975
0.013339460991080212
0.013745530097684188
0.013391532407264553
0.011410760675622772
0.0089067983030125964
0.0070910256369100619
0.0056196164918944098
0.0047172398151977451
0.0045238323227671509
0.0050723656767485883
0.0062716980352043048
0.0079413463121764914
0.009307341152787172
0.011039273544815103
0.012115807096765558
0.012684191202558731
0.013537552226795171
0.011956717073376533
0.011985392471683076
0.0096332791086010654
0.0071609548689606835
0.0049432869902061678
0.0033168458419067324
0.0025309729451431706
0.0027082224780926034
0.0038212108447486601
0.0056981781569522844
0.0080510964639990568
0.010522860882722293
0.012738687810394226
0.014362061645211911
0.0151450088892758
0.014970813855375074
0.013687074380983748
0.013470084171116977
0.012193508629436944
0.0096159755890422027
0.0072737602980801983
0.0050967386245802096
0.0037635640441867949
0.0034597419191312977
0.0040620623015584492
0.0051879403362789537
0.0066798373058273566
0.0087458088840267744
0.011475842793722395
0.012706153348096676
0.013748301543032507
0.014544171122035226
0.013533307115117528
0.012112492966007485
0.0096760045779084904
0.0071138142470510901
0.0048139110540416294
0.0031248622579961209
0.0023059934180947074
0.0024844933868127033
0.0036329622021148409
0.0055738091616464877
0.0080095519353906453
0.010570145812984592
0.012868305570632428
0.014555164422963307
0.015372816873596915
0.015196934941440102
0.014052343555270748
0.012112231613855653
0.0096752247349165821
0.0071130371454076113
0.0048133682422124629
0.0031247159349890243
0.0023062079745175307
0.002485045925645568
0.0036340969928665263
0.0055757390688962356
0.0080120520445286329
0.01057251728863281
0.012869813283319605
0.01407770746170954
0.014734620958836809
0.014735374841039796
0.013745658336546979
0.011839619198546562
0.011313697590939644
0.0091904159520718367
0.0070567784062981814
0.0052364091930735216
0.0040078843759236088
0.0035614551369780208
0.0039664950432824623
0.0051566386800022297
0.0069493904501640247
0.0090720591229799374
0.011923898610059118
0.013879940999157162
0.014607104240067923
0.014456592832591202
0.013449482888048184
0.011739429332398972
0.0095903993542303025
0.0073295502646912878
0.005298351389246842
0.0038041333713717861
0.0030765886301799862
0.0032293349325576157
0.0042387497252403946
0.0059488470313175659
0.0080970095499390288
0.010357089846080419
0.012387725364723025
0.014149497452658441
0.014876557542732221
0.014079147027381392
0.013282394163612073
0.011976103598079633
0.011395055771974725
0.0097538547661831822
0.0082397805266163811
0.0068836591012406195
0.0058925648988440698
0.0054212052823132267
0.0055433720844814084
0.0062343423901361711
0.0073896833339529939
0.0086417895274063378
0.010571058668233768
0.01187047679157233
0.012991601692704543
0.012859557636017536
0.012143101175077012
0.010923417606329144
0.0093901049062630557
0.0077752517382304416
0.0063223918062210458
0.0052508171650336262
0.0047255865113858654
0.0048288740959609713
0.0055452271193566788
0.0067639039951638688
0.0082972512167305817
0.009913054823146375
0.011367538116373335
0.013463724871787187
0.014149499854542835
0.013171971797585497
0.012870296858667045
0.011027722221188509
0.010270951212973008
0.0098721731207451202
0.0089934271535132629
0.0081362833204388901
0.0077300324520531158
0.007893279934156533
0.0079608573689520339
0.008029657711121364
0.0083055154927628942
0.0089275473774984588
0.0095976640877741028
0.0098382783011158065
0.010847672717789704
0.010654167183943094
0.01033808458085806
0.0097948550701731189
0.0091090679524953588
0.0083846845853239628
0.0077298895668481823
0.0072434934145434848
0.0070001793763871372
0.0070389827468023049
0.0073534072742193132
0.0078951964169923262
0.0085801357657829692
0.00930587261130306
0.0099632207676674713
0.01248603252821506
0.012982387703425035
0.0080428816064934613
0.0088748797848534674
0.0089075069311997709
0.0095882580059188944
0.0089746574012133252
0.0095750592958779336
0.009870659121960508
0.010091101654573964
0.010201201749270687
0.010190332836779937
0.010055230471975539
0.0098773189977854597
0.0089687998976097257
0.0084894426341866006
0.0083149256399979686
0.0084733984714182899
0.0081717413314793385
0.008304614254603479
0.0085200946497292779
0.0087867401530754181
0.0090627481416355148
0.0093051444414893238
0.0094771359672260035
0.0095520714164990372
0.0095207272776207837
0.0093858964138130978
0.009169853907402473
0.0089031643747529438
0.0086290248629290155
0.0083889422089542497
0.0082198062775143774
0.0081459271779325791
0.005660536904377329
0.0064656109330280707
0.007531383672913082
0.0078805213974540624
0.0098680560491776585
0.010979659698673799
0.011849667118792937
0.012344525849623743
0.012384962824243659
0.011970574478239815
0.011161265610732371
0.010079965496722831
0.009426611906490889
0.0077196817304629956
0.0068863032722759412
0.0062306637602855316
0.0057904558493697142
0.0063531247787281878
0.0072957433886151639
0.0084744320917806495
0.0097086220886647319
0.010810399081247802
0.011613409826578712
0.011994311396070429
0.011897545144756534
0.011334376993660271
0.010394257675069617
0.0092169965152220715
0.0079844602391983977
0.0068828202455336954
0.0060803882614915003
0.0056986054892963567
0.0037116514282037089
0.0045216680452223185
0.0060368812251011972
0.0075166788821067858
0.010410369074584277
0.012140741357115119
0.013453267353992512
0.0141474628601479
0.014112658113013845
0.013358875594959541
0.011999495915037007
0.010239521961449288
0.0083471375995720198
0.0074501645069012419
0.0056836804477273439
0.0047386641442726755
0.0038716928649008275
0.0047787968597117012
0.0063053468340731472
0.0082173942765174455
0.010222614236797579
0.012016873217678243
0.013328611468819083
0.013957814017328396
0.013810374942818735
0.012904464985207566
0.011383691290417552
0.0094750543293336733
0.0074710442404315007
0.0056744692914061741
0.0043598440092219156
0.0037276142334115758
0.0024948798486269272
0.0034925410848408271
0.0052715247664352864
0.0084931643879436348
0.010795287896934524
0.012881649437835384
0.014437604871421912
0.015226027706031159
0.015121452073822176
0.014143137214603347
0.012440447852693666
0.010269487138229783
0.0079613869240682082
0.0067857839671637095
0.0050876105478922943
0.0038622044866835439
0.0027102149167271077
0.0038229597479097744
0.0057002928882783138
0.0080545976571837589
0.010526227628738113
0.012740804021770028
0.01436212153006813
0.01514461809141829
0.014969333275193236
0.01385916793343879
0.011989045427959352
0.0096389779479499216
0.0071675680642530222
0.0049486418866156543
0.0033216299188926646
0.0025352226751303238
0.0021997244913579002
0.0031719271823575129
0.0053628289067605807
0.0085993073174627493
0.010965345299868274
0.013089066800895647
0.014651609626903138
0.015414183475559633
0.015255184669968686
0.014201480278589598
0.012414746774074547
0.010163105768159673
0.0077907833551376414
0.0065852005334142722
0.005107081131345519
0.0037967908053672104
0.002484257041144747
0.0036318680773492545
0.0055734003583719919
0.0080113610192628967
0.010573150467529097
0.012871192706351149
0.014555694776951065
0.015372772124266805
0.015196657237180049
0.014051281425021345
0.01211675255220114
0.0096830951675129767
0.0071208632219661684
0.0048181516133162247
0.0031273611677752112
0.0023070759470379407
0.00069275175209504089
0.0017572201325620537
0.003853989535945681
0.006255322257679787
0.009202017496471971
0.012016604282141689
0.014270001098766496
0.015625756247317327
0.01587539889865976
0.014977349052208188
0.013071148198512234
0.010447807886664147
0.0075003755982448305
0.0044048033012874009
0.0022873228726185864
0.00098517272834178085
0.00082344401427250993
0.0020693003111173064
0.0042620380405076954
0.0070639525178203613
0.010048082439619516
0.012762261718252031
0.014795204250177713
0.015840157473032777
0.015736723073207608
0.014498965978182992
0.012319917107105217
0.0095261826508832026
0.0065424777775535993
0.0038200971815357996
0.0017743664589203172
0.0007197415742098203
0.0021266614037491163
0.003067329274109673
0.0048384023549812721
0.0066595420471550378
0.0090200046580213404
0.011277468881393563
0.013087135981946224
0.014179085634278136
0.014384823906953999
0.013669931079659161
0.012145356314366269
0.01004506179996365
0.0076833848237165816
0.0051108977098892226
0.0034919187843397573
0.0025031296124372097
0.0023108057765831285
0.0033059394400091254
0.0050608178997385784
0.0073054144170592106
0.0096974651543410319
0.011874143344520818
0.01350554964354716
0.014344651437372612
0.014262937971324122
0.013271221227645158
0.01152501957837394
0.0092858638539178098
0.0068949142685519856
0.0047135907947163085
0.0030745599202637204
0.0022292095577742649
0.0047063545700530892
0.0049968624906277176
0.0061220227376710531
0.0077749586484100637
0.0087365047944956524
0.010093143609452329
0.011183334266607881
0.011845038546093317
0.011975677167689713
0.011552549548260427
0.010641716453887078
0.0093845595960302119
0.0079678801907098855
0.006245449206415731
0.0054321035526612724
0.0049310745329579613
0.004706149699967274
0.0053003756183130453
0.0063512774881578629
0.0076973389557589153
0.0091331376002345196
0.01044080626257462
0.011422236114274262
0.011927905802006481
0.011880463638800522
0.011285933810963683
0.010238725008568716
0.0088951544179195433
0.0074609746702791798
0.006152246218476781
0.0051682936122600213
0.0046597406359292588
0.007643085314912315
0.0074257047372681979
0.0079369174924362219
0.0086149092302839035
0.0083948456799178665
0.0086436832117713688
0.0088474406672356606
0.0089772208660704785
0.0090127829555740162
0.0089462054439373266
0.0087886902074185234
0.008566508501005184
0.0078707960098078292
0.0080045719742605614
0.0078100198634484088
0.0078962474969492009
0.0076416743399898499
0.0077463879551720582
0.0079354294476126248
0.0081795126588374463
0.008440769545650862
0.0086798769594825
0.0088611430065407039
0.0089561304280059064
0.0089504986315248978
0.0088445211950846318
0.0086565443433616312
0.0084135396764027197
0.0081539329323263004
0.0079153164991366629
0.0077340685765466301
0.0076380210697283282
0.010673784068542832
0.0099410001299325354
0.0098104813280264977
0.0089600318245350342
0.008474092905510577
0.0071481055371488958
0.0064329470436236035
0.0060100348624416728
0.0059454011025039119
0.0062465231375431621
0.006867669432856118
0.007338500129880546
0.0086594403096195288
0.0095543701961341033
0.010554486255127185
0.010708805031744725
0.010671159648993697
0.0102720085149607
0.0095724425926988731
0.0086787369029798153
0.0077259192455816457
0.0068590623212718138
0.0062108138747695441
0.0058797792457754589
0.005916835515617694
0.0063163630142206613
0.0070178336522477309
0.0079134194355352724
0.0088675835942216667
0.0097359490110387609
0.010381228636057803
0.010710873280783038
0.013339640416458918
0.01216150373993591
0.011458683112113966
0.0096568541507258757
0.0076525292710954264
0.0057498608286387807
0.0042394229328172935
0.0035135152969471401
0.0031167834595513758
0.0038796535755331245
0.0052114552776971633
0.0070173831195418706
0.0090212983646105679
0.010918621549109189
0.012798012107186261
0.013410417453671206
0.013336351233110326
0.012495314385638284
0.011015294860259676
0.0091208617296861423
0.0070985504200627115
0.0052558779200156044
0.0038742702675632667
0.0031657882513041889
0.0032399743950467445
0.0040855234530070544
0.0055719199578138983
0.0074711233981030536
0.009494085361958329
0.011332954071289651
0.012708874230619772
0.013413177595970771
0.01523676640293185
0.014082681228137803
0.012047377254140264
0.0093653916980953964
0.0073951550210557783
0.0047755014099445043
0.0026940888039045292
0.0014704121436518976
0.0012962846841296258
0.0021981004169560935
0.0040339363414281801
0.0065204703200372272
0.0097417001767194505
0.012468173026012358
0.014361622302249447
0.015332554917816574
0.015233362624704587
0.014078761337724665
0.012043998388606187
0.0094375822612500632
0.0066535911831819838
0.0041146958591950639
0.0022082982523075564
0.0012284181908936401
0.0013283896339605871
0.0024925952730384853
0.0045394914370623582
0.0071542758618389681
0.0099385186185182821
0.012469577154424441
0.01436423478672273
0.015335518960154646
0.016079119260907892
0.014786318690907196
0.012505445682946117
0.0095820861928803663
0.0064591530010317203
0.0036102727171652988
0.0014696776825117552
0.00036743517575773198
0.00047805711930776592
0.0017842691177198937
0.0040802454633427753
0.0070123892597203571
0.010133923577195844
0.012971712369764042
0.01509659930514843
0.016187168407972449
0.016078009918901889
0.014785291457553012
0.012504878666225036
0.0095821749191160824
0.0064595473750591048
0.0036106574260343074
0.0014698421238309276
0.00036742475378434303
0.0004778146501243669
0.0017836476158269343
0.0040792583751644556
0.0070113007234022702
0.010133099102683885
0.012971592436151225
0.015097165229721477
0.016188120990474408
0.015736629778588515
0.014501881728029319
0.012322473467995934
0.0095288652631172806
0.0065440770388101761
0.0038208974637611842
0.0017743227090147569
0.00071976320525776521
0.00082358141416302428
0.0020698979698281651
0.0042628900361854323
0.0070649584790552812
0.010049059066187157
0.012762952633992335
0.01479593280299445
0.015840342454756719
0.01573779656432206
0.014503472454939336
0.012324351933091209
0.0095306070162439038
0.0065454810307052419
0.0038217478559386476
0.0017747536961242865
0.00071998408847739166
0.00082363377271897067
0.0020696275914344345
0.0042622114025668515
0.0070638807024430827
0.010047798032401823
0.012761619150058979
0.014794739905223174
0.015839317600481715
0.014259884580492601
0.013271171185295265
0.011525203424551178
0.0092872651220222251
0.0068958173269967477
0.0047139450194233472
0.0030743094601340536
0.0022294174789087347
0.0023107561936996589
0.0033060001969497923
0.005060704209717307
0.0073051811049050421
0.0096972974283926656
0.011873981542790062
0.013505554312699517
0.014344705141830588
0.014264348915508976
0.013276417455163411
0.011353710366525242
0.0098962542159317778
0.0075281035943019032
0.0052792470941050978
0.0034931609672288148
0.0024437072796985207
0.0022946158224491043
0.0030680626569597105
0.0046433731027922219
0.0067777925973596734
0.0091457596930580257
0.011781694125515108
0.013501480896946099
0.014340638222279862
0.011877833633438617
0.011285677566841431
0.010238669151912674
0.0088962097996996368
0.0074612129298701852
0.0061518936087049149
0.0051678474156691637
0.004660085233497098
0.0047066695265578218
0.0053007376906576108
0.0063509103867493994
0.0076963417549691313
0.0091324390164227685
0.010440750111737156
0.011422693824636308
0.011929113623698617
0.011883155217606599
0.011041410495200299
0.01055076528561838
0.0092723819141929398
0.0078512660316403735
0.0065030116319250439
0.005433186607366974
0.0048049221314274892
0.0047162265793464983
0.0051791957300602477
0.0061227149204216144
0.0074025451712961517
0.0088228426704211067
0.010167965597322868
0.011487655118624648
0.01192424225202179
0.0089478105583608511
0.0088431263130506459
0.0086554484910449266
0.0084135373307416463
0.0081532994664045896
0.0079144985750746813
0.0077337020882129849
0.0076385391318454579
0.0076433751792878589
0.0077475860426326187
0.0079357954900763431
0.0081788514227201289
0.0084406810864791851
0.0086807380525417907
0.0088625891261432024
0.0089584458734048387
0.0089539704181686702
0.0086185044053589555
0.0087389178084397064
0.0085064896882625449
0.0087398443932813555
0.0080612285903312528
0.0078570728999966342
0.0077282435970432769
0.0076959457443666239
0.007762489840097123
0.0079184522910988719
0.0077473588063983389
0.0084250237726078252
0.0086678346447753556
0.0090064754351437681
0.0089527070994933518
0.0059152518930380114
0.0063154838395834273
0.0070175862879246305
0.0079140794597877592
0.0088676084636107096
0.0097337891209622208
0.010381307452522937
0.01071155517286959
0.010673947431464929
0.010273741554185331
0.0095736400737796573
0.0086787537418495219
0.0077265983281359918
0.0068606507829064491
0.0062129963084679232
0.0058824910986275628
0.0059203072904491635
0.006101198591651368
0.0068642535247212845
0.0081391460433891168
0.0086582301153883493
0.009555925557264382
0.010269454546768541
0.010692272992278849
0.010759952882622308
0.010459508316402603
0.0098380357511944731
0.0089919252270663948
0.0076363809205999755
0.0071170519302655522
0.0064043810874436242
0.0060516298211095608
0.0032392246470477476
0.0040852262306571444
0.0055723136333518152
0.0074720083327932422
0.0094944194120384212
0.011332974558960034
0.012708925259946409
0.013413701058194649
0.013339351135146808
0.012496078014072725
0.011015514931889779
0.0091198041147255195
0.0070983610880370916
0.0052568566634764707
0.0038762217883618281
0.0031680081078455614
0.0031231839276696593
0.0038806249420449595
0.005211645668233544
0.0073715140021201487
0.0089596805239981828
0.01086580516688561
0.012387319740797558
0.013296778920775605
0.013454474736836829
0.012833454114465176
0.011530147056766053
0.0097446916944647945
0.0077440444387648303
0.005530783632014296
0.0042382263106871213
0.0033636074403426189
0.0013284647792297314
0.0024928845428022393
0.0045399960238714189
0.0071547598650283581
0.0099385730169700964
0.012469587082283609
0.014364227571002919
0.015336171626022769
0.015236546711744238
0.014078935284783232
0.01204354701968467
0.0094357429642366666
0.0066522780171718102
0.0041142610168520754
0.0022090539049697674
0.0012293857698543519
0.0012337808405043129
0.0021983164266091621
0.0041884148799039818
0.006418062505188977
0.0091689207716716768
0.011793209037382027
0.013890694066746799
0.015147911767296527
0.015371666058942085
0.014524763582838959
0.012738270536957428
0.01028542218662552
0.0075337481489331105
0.0046330530435528677
0.0026929709850238162
0.0014533184416212265
0.00047779228091654973
0.0017834593603173151
0.0040790298067730569
0.0070110049428473995
0.010132674153881457
0.012971202810433268
0.015096503746495927
0.016188060919410094
0.016078348723451798
0.014782401616178709
0.01250189339942831
0.0095787749426408716
0.0064572211244592016
0.0036093876620902528
0.0014697607004187316
0.00036751145073511942
0.00037826312689888712
0.0014515238006314454
0.0036255513884046048
0.0061705127635091235
0.0092542978228468634
0.012197595096668819
0.014551967949033327
0.01596571068338792
0.01622166671997605
0.015277309740319517
0.013279228572938328
0.010532105137444368
0.0074477591583339562
0.0042368949589900989
0.0020064423505914966
0.00061568820965950198
0.00082344400972989321
0.00206930031367196
0.0042620380460996147
0.0070639524792126861
0.010048082440096159
0.012762285264067417
0.014795204220437307
0.015840157539872102
0.015736723054484827
0.014498965817896985
0.012319917099646898
0.0095261826582959327
0.0065424777746979513
0.0038200971649030081
0.0017743664579700285
0.00071974157404568423
0.00069275175190050802
0.0017572201330834144
0.0038539895505496518
0.0062553223158769338
0.0092019780949414362
0.012016604095630436
0.014270001097073737
0.015625756249305844
0.01587539864798038
0.014977349046840376
0.013071148094404773
0.010447807879891491
0.0075003755950699596
0.004404803300821521
0.0022873228758063255
0.00098517273117113935
0.0023108057807213738
0.0033059394437386746
0.0050608179028925355
0.0073054144152224013
0.0096974651472706321
0.011874143334560985
0.013505549715668622
0.014344651468532893
0.014262937971391786
0.013271221209914379
0.011525019563328607
0.0092858638470235781
0.0068949142738477737
0.0047135907930466901
0.0030745598522904263
0.0022292095541856134
0.0021266614048217531
0.0030673292758506714
0.004838402356165122
0.0066595420435803894
0.0090200046597174333
0.011277468878577408
0.013087135979198994
0.014179085633515635
0.014384823793838574
0.01366993106837357
0.012145356305632255
0.010045061812719695
0.0076833848226512003
0.0051108977048327058
0.0034919187874297647
0.0025031296173229495
0.0047061497059720661
0.0053003756218176342
0.0063512774889765405
0.0076973389537645211
0.0091331376957033434
0.010440806252893954
0.011422236056375641
0.011927905819909455
0.011880463628039066
0.011285933796385724
0.010238724985352058
0.0088951544010646994
0.0074609746659901732
0.0061522462203311276
0.0051682936135754387
0.004659740637210536
0.004706354571438494
0.004996862492801209
0.0061220227394250242
0.0077749586228605793
0.0087365047945436158
0.010093143609741971
0.011183334247934679
0.011845038544703011
0.011975677163078872
0.011552549528824471
0.010641744812223165
0.0093845595939928434
0.0079678802118851189
0.0062454492057243769
0.0054321035597842049
0.004931074531898348
0.0076416743675862828
0.0077463879581124145
0.0079354294483946312
0.0081795126586112019
0.0084407695519880394
0.0086798769684450095
0.008861143009715803
0.0089561304311826396
0.0089504986514210988
0.0088445211862530054
0.0086565443273789837
0.0084135395829369915
0.0081539329286059135
0.0079153164656213162
0.0077340685790463909
0.0076380210682659268
0.007643085313886226
0.0074257047377855523
0.0079369174923912232
0.0086149092321311533
0.0083948456757397729
0.0086436832135273148
0.0088474405716430712
0.0089772208653432425
0.0090127829503308457
0.0089462054154546521
0.0087886901519534169
0.0085665085458620002
0.0078707960715491115
0.0080045719618709373
0.0078100198687939514
0.0078962474973709729
0.010671159653480696
0.010272008407439281
0.0095724425983676874
0.0086787369830552026
0.0077259193512695442
0.0068590623334213079
0.006210813878807963
0.0058797792453601783
0.0059168354854834508
0.0063163630101611239
0.0070178336463567357
0.0079134194318054973
0.0088675835916979858
0.0097340501422323658
0.010381228637470208
0.010710873178881267
0.010673784065070972
0.0099410001280485372
0.0098104813270706998
0.0089600318260550944
0.0084740929079937521
0.007148105539739426
0.0064329470444536253
0.0060100348624179765
0.0059454011018177707
0.00624652312665081
0.0068676693656906764
0.0078235911797552415
0.0082006616967238016
0.0095543702415261979
0.010554486250474593
0.010708805033135683
0.013336351245210522
0.012495314394224494
0.011015294866536594
0.0091208617369014991
0.0070985504286507758
0.0052558779251300463
0.0038742702687821159
0.0031657882531820978
0.0032399743948531533
0.0040855234527932818
0.00557191993422935
0.0074711234002401584
0.0094940853959283259
0.011332954104003923
0.012708874208610147
0.01341317759322447
0.013339640413557485
0.012161503739165802
0.01145868311180632
0.0096568541520948674
0.0076525292728337772
0.0057498608915420336
0.0042394229347923612
0.0035135152988152595
0.0031167834618392471
0.0038796535790551643
0.0052114552637565169
0.0070173830539815209
0.0090212984239743388
0.010918621612113088
0.012798012088571472
0.013410417467370999
0.015233362634040086
0.014078761296211087
0.0120439983992185
0.0094375822669911548
0.0066535911787405991
0.0041146958553804746
0.0022082982532332087
0.0012284181928334805
0.0013283896422060224
0.0024925454389531356
0.0045394914386226361
0.0071542758708193687
0.0099385186260046148
0.012469577163436404
0.014364234791565967
0.015335518959839485
0.015236766401947618
0.014082681228977842
0.012047377256620181
0.0093653917015780238
0.0073951550231461001
0.004775501412075815
0.0026940888049093565
0.001470412144184752
0.0012962846851325535
0.0021981004182890784
0.0040339363317368404
0.0065204703082424563
0.0097417001226111962
0.012468173044723287
0.014361622316298993
0.015332554926412143
0.016078009921704817
0.014785291354099223
0.01250487863110445
0.0095821749262847526
0.0064595473776237634
0.0036106574225010239
0.0014698421226498834
0.00036742475405310689
0.00047781465055703122
0.0017836476153014766
0.0040792583722195717
0.0070113007204712424
0.010133099112215773
0.012971592456115476
0.015097165210963097
0.01618812099756323
0.016079119266160822
0.014786318696931859
0.012505445688616348
0.0095820861974326484
0.0064591530039681648
0.0036102727188950493
0.0014696776836036925
0.00036743517612561794
0.0004780571194573347
0.0017842691163110188
0.0040802454616389932
0.0070123892515454095
0.010133923584506566
0.012971712378288881
0.015096599344601593
0.016187168407150326
0.015737796562360917
0.014503472454252779
0.012324351932205593
0.0095306070172428373
0.006545481032635362
0.0038217478543016961
0.0017747536937885598
0.00071998408815977821
0.00082363377281933798
0.0020696275913535322
0.0042622113991439984
0.0070638806904566595
0.010047798027651855
0.012761619174589157
0.014794739929066292
0.015839317618655872
0.015736629737673934
0.014501881662667181
0.012322473507476636
0.0095288652653513616
0.0065440770395112707
0.0038208974641746963
0.0017743227091673475
0.00071976320536754263
0.00082358141443510233
0.0020698979707445882
0.0042628900307492088
0.0070649584412614125
0.010049059028147997
0.012762952640292891
0.014795932833305145
0.015840342487852734
0.014264348911141447
0.013276417448324692
0.011353710326202074
0.0098962542200534374
0.0075281035989656457
0.0052792470915579313
0.0034931609646087886
0.0024437072781033501
0.0022946158230279091
0.0030680626559398392
0.004643373102762703
0.0067777925766889435
0.0091457596653390944
0.011781694189919862
0.013501480936453288
0.014340638246370579
0.014259884612541022
0.013271171184318019
0.011525203433083043
0.0092872651250065635
0.0068958173262115788
0.0047139450179454088
0.0030743094587227056
0.0022294174780041003
0.0023107561936949925
0.0033060001968129552
0.005060704148730528
0.007305181101190274
0.0096972974235410674
0.011873981491333259
0.01350555431846053
0.014344705055758359
0.011883155220027983
0.011041410488150284
0.01055076528005303
0.009272381899232433
0.0078512660304874832
0.006503011627999428
0.005433186603641592
0.0048049221313963292
0.0047162265831300161
0.0051791957401899581
0.0061227149288726806
0.0074025451682863969
0.0088228426280297315
0.010167965601910545
0.011487655162831147
0.011924242240472359
0.011877833649018331
0.011285677570475331
0.010238669147868147
0.0088962098022469654
0.0074612129261327634
0.0061518936062547533
0.005167847412195393
0.004660085233267987
0.0047066695279715364
0.0053007376931331522
0.0063509103902964579
0.0076963417557385583
0.0091324390177861155
0.010440750093963206
0.011422693805537959
0.011929113615911143
0.0089539704168986878
0.0086185044022466829
0.0087389178044643325
0.0085064896606629106
0.0087398443864600828
0.0080612285838548899
0.0078570728953431309
0.0077282435946538445
0.0076959457480817927
0.0077624898467065547
0.0079184522861060341
0.0077473587767024022
0.0084250237726389773
0.0086678346870080868
0.0090064753348467197
0.0089527070284201263
0.0089478105100055817
0.0088431263531659181
0.0086554484922940402
0.0084135373341992659
0.008153299457597199
0.0079144985706528642
0.0077337020148271207
0.0076385391297943321
0.0076433498368576724
0.0077488936069804292
0.0079357954943305459
0.0081788514217869916
0.008440681077282677
0.0086807380410297598
0.0088625891305072584
0.0089584458934472005
0.0059203072862519671
0.0061011985937254043
0.0068642535240765849
0.0081391460323058818
0.0086582301074177043
0.0095559255473734415
0.010269454538423529
0.010692272888859017
0.010759952882951177
0.010459508316449859
0.009838035743399396
0.0089919252057488151
0.007636380897185077
0.007117051922322701
0.0064043810486289123
0.0060516297923282458
0.0059152518707509946
0.0063154838272785688
0.0070175862875480445
0.0079140794617660187
0.0088676084548171743
0.0097337891100713007
0.0103813074293609
0.010711555177664466
0.010673947454120723
0.01027374156819013
0.0095736400685117393
0.0086787536390823573
0.0077265982764347678
0.0068606507720326898
0.0062129962999902975
0.0058824910992196968
0.0031231839279644074
0.0038806249419316365
0.0052116456680408813
0.0073715139970354461
0.0089596804702146669
0.010865805158185412
0.012387319731809532
0.013296778915894571
0.013454474732627272
0.012837203716235066
0.011530147043123933
0.0097446916879884386
0.0077440444435700178
0.0055307836230860481
0.0042382262685137393
0.0033636074097113697
0.0032392246121117339
0.0040852262192159847
0.0055723136119985176
0.0074720083380009775
0.0094944193962742708
0.011332974550272457
0.012708925240852589
0.013413701054479222
0.013339351182500439
0.012496078023646516
0.01101551490715086
0.0091198040899620001
0.0070983610765137824
0.0052568566639281059
0.0038762217922236968
0.0031680081106844134
0.0012337808403778763
0.0021983164270569285
0.0041884148253229373
0.0064180625018097721
0.0091689207686283455
0.011793209034496028
0.013890694000781193
0.015147911761823273
0.0153716660814592
0.014524763626700984
0.012738270533354518
0.01028542219077884
0.0075337481558666684
0.0046330530324516662
0.0026929709745610766
0.0014533184335781123
0.0013284647683081069
0.0024928845376669204
0.0045399960152695843
0.0071547599474142401
0.009938573006180923
0.012469587092261992
0.014364227475716473
0.01533617161478956
0.015236546693051772
0.014078935286683265
0.012043547033101516
0.0094357429930573104
0.0066522780129077332
0.0041142610152405711
0.002209053909084708
0.0012293857712448847
0.00037826312692339231
0.0014515237999910135
0.0036255513842709387
0.0061705127619679423
0.0092542978232678409
0.012197595100343475
0.014551967947018692
0.015965710679663229
0.01622166655804657
0.015277309742863451
0.013279228575072849
0.010532105144368706
0.0074477591619386725
0.0042368949598854183
0.0020064423464647885
0.0006156882073722218
0.0004777922790463991
0.0017834593582816622
0.004079029801585447
0.0070110049432822131
0.010132674067215427
0.012971202836341015
0.015096503777966631
0.016188060888616407
0.016078348765599545
0.014782401645525906
0.01250189339754189
0.0095787749365794685
0.0064572211264288448
0.0036093876841257586
0.0014697607024240678
0.00036751145114368046
0.00074806759370744599
0.0019364007489464522
0.0040986534372075044
0.0069018799587120443
0.0099188243219886785
0.012693098549807524
0.014802950987607722
0.015931844571061202
0.015904994081174913
0.014725499027601233
0.01257607152170509
0.0097807446481623476
0.0067631420436257677
0.0039807226664553977
0.0018575450932074129
0.00072016129510187662
0.00074809277274260331
0.0019374811951279769
0.0040702901246350461
0.0078879250421599323
0.008926294092158945
0.011993268909256796
0.014302145132289864
0.015714426114944158
0.016014435225461914
0.015154733488398527
0.013268991890477923
0.010643486566304691
0.0069949891783201478
0.0039102549477930031
0.0018574237214006382
0.00072035602382699215
0.0017994236420534532
0.0028247910083420515
0.0046895658787680277
0.007107052839452766
0.0097086436958768244
0.012100592403957729
0.013919116411276281
0.014890761406066004
0.014865247890330148
0.013845448983442758
0.011989759083863013
0.0095778927928119786
0.0069759009314781014
0.0045780554526048166
0.0027497744736860986
0.0017720355472791362
0.0017983236609069341
0.0028247551014172591
0.0046421872710708184
0.0078027909341853337
0.0093293057971721091
0.011571754452965747
0.01354196947541531
0.014731445909008998
0.014958377674849479
0.014186568597294806
0.01253559268710255
0.010406894885763202
0.0063599099114573752
0.0045292978187927019
0.0027506153059918552
0.001773302862386097
0.0038460383823911352
0.0045527923523105531
0.0058366686186200091
0.0075005131067910642
0.0092905322600161638
0.010935875207230938
0.012186183044719974
0.012852892490716229
0.012832741386360548
0.012127983923348216
0.010848724116658808
0.009187518969023388
0.0073972546197210737
0.0057487640741258591
0.0044931753202200036
0.0038233368778313849
0.0038438398515067349
0.0045517000633785304
0.0058366708543754675
0.0073333557970895235
0.010436422242090038
0.010235003687425354
0.012000342463335211
0.012785732572136619
0.012904879474008382
0.012338118334571855
0.011173247607717098
0.0093643231274658754
0.0068755737899344332
0.0057525894789529812
0.004494954074032235
0.0038256834393963711
0.0065721347394726796
0.0068540940814829808
0.0073632310275840527
0.008021295936815654
0.0087273981476901213
0.0093752620499596932
0.0098663744176246734
0.010126428220129512
0.010114992734985197
0.0098333268429911854
0.0093259113480568447
0.0086688164078544249
0.00796251358885189
0.007313010337984923
0.0068194131016745445
0.0065577290903303257
0.0065693381661954724
0.0068526014036006423
0.0073628710396758936
0.0078091769131070814
0.0093238754012722729
0.0098174688038536566
0.0095097080114110409
0.010171700508709093
0.010164356093185809
0.010136290527714243
0.0094171030338833714
0.0079965195315350925
0.0080664396041063829
0.007315022223836197
0.0068216709052490521
0.006560734622849897
0.0095625215903959049
0.0093782393939103263
0.0090368980484860466
0.0085900395216501699
0.0081048252407064977
0.0076556812787515454
0.0073113102226212536
0.0071245880004699438
0.0071236984348071368
0.0073087834423844747
0.0076518707735140365
0.0080999047058635271
0.008584886924436555
0.0090320618287495474
0.0093736365665574254
0.009558271389309805
0.0095592504634267363
0.0093765331402652016
0.0090364252833238026
0.0085899653470638028
0.0078357192054446835
0.0076356377160114366
0.0077220585372180872
0.007154596885309168
0.0071767905523002435
0.0070002303816732291
0.0077050396439561014
0.0082867876410668614
0.0085869769334410047
0.0090342637353225848
0.0093763070426031991
0.0095618340946117784
0.012363414611338419
0.011742340125752078
0.010604287121584373
0.0091215665836599583
0.0075185491181358104
0.0060392837829646509
0.0049096444740959876
0.0043031319368626152
0.0043130320376299396
0.0049379174789004132
0.0060814317592881193
0.0075679293199845512
0.0091708294809519555
0.010645822661388195
0.01176919107234606
0.012370916792289993
0.012361133726534242
0.011742111808453663
0.010604075446236724
0.009121387713503442
0.0075184212148013052
0.0060395022410107751
0.0049101575662633783
0.0043037215565142652
0.0043137828775144348
0.0049388208363321607
0.0060826524374615245
0.0075697070619459919
0.0091727580752221493
0.010647681205960753
0.011771180971076172
0.012373528896103613
0.014551014749877222
0.013588237803556419
0.011827339123976096
0.0095349245964506269
0.0070578637063144689
0.0047725593190502168
0.003027829925004253
0.0020923682390233626
0.0021114913359679627
0.0030824332038658715
0.0048541690902266536
0.0071540123378540004
0.0096310523461190407
0.011908607868648573
0.013641694532775198
0.014568105189465885
0.014549059644630175
0.013587432430746388
0.011827199335779835
0.0095347561066465511
0.0070576031584300529
0.0047724947326737736
0.0030280912098306343
0.0020927409125564016
0.0021119455004723602
0.0030830239955468215
0.0048551656426019619
0.0071554693099335556
0.0096326194591236473
0.011910125467230368
0.013643408099562396
0.014570359232228682
0.015795196547036969
0.014637398347083424
0.012521684594537428
0.0097680390865325685
0.0067935444363867517
0.0040497671306120222
0.0019551940929053626
0.00083260114399189228
0.00085795359044465731
0.0020277978747773335
0.0041584805307962299
0.0069217727004819117
0.0098961341748441522
0.012630107128491412
0.014709517714729847
0.01581997319810936
0.015794546096858042
0.014637000992096043
0.012521303569799278
0.0097674863673671199
0.0067929739529259828
0.0040493898650342478
0.0019551677815185828
0.00083275083644149901
0.00085808541821676013
0.0020280578633038102
0.0041590786811456634
0.0069226540190361306
0.0098971247110558828
0.012630981550600611
0.01471026653808548
0.015820746839590248
0.015904431659215242
0.014727848309001593
0.012579437606247745
0.0097841651836429143
0.0067656206644091631
0.0039820221196135239
0.0018579713315229282
0.00072048503766026898
0.00074829490650713849
0.0019374633586793431
0.0041011537009081681
0.0069061586607148933
0.0099246916365878183
0.012698528838116402
0.014807556862250819
0.015932876555631151
0.015904921435865055
0.014727815213993153
0.012578870671960184
0.0097832718565389401
0.0067645838558366899
0.0039811905373169278
0.0018574556690872759
0.00072024793888102255
0.0007482423595178005
0.0019375912822490382
0.0041014923330547817
0.0069066267482100789
0.0099250336916147965
0.012698607059649964
0.014807970726039992
0.015932287540018384
0.01486157229793505
0.013845516361384936
0.011991736582407831
0.0095808527807343738
0.0069782576123954493
0.0045795819243066877
0.0027508621208797951
0.0017734191941445455
0.0017995288899471131
0.0028252241170971912
0.0046909733108221694
0.0071096524296270164
0.0097121181877260054
0.012102926664528325
0.013920257511794976
0.014889049304465754
0.014862809209725049
0.0138453991924084
0.011990558795438202
0.0095793698978393661
0.0069768347952286619
0.0045783982645109557
0.0027499247236024327
0.0017728715390224685
0.0017993639108151865
0.0028252767080233702
0.0046910733937283941
0.0071096679543897218
0.0097120562346600346
0.012102659356076947
0.013919449763847602
0.014887511388345671
0.012828752210654572
0.012127460364177051
0.010850083091118883
0.0091900060484762357
0.0073992763128204074
0.0057505762405418498
0.0043957928134763166
0.0038143629817186161
0.0038907822795202648
0.0046484514767554117
0.005837057172856968
0.0075013934849097403
0.0092920456555094406
0.010936418882175397
0.012185478728392637
0.012850285503650763
0.012829812268110693
0.012127081504425593
0.010848671338465581
0.0091884062101154091
0.0073976715851073105
0.0057490534239015862
0.0044940559923226453
0.003825500816563051
0.0038462528838035079
0.0045531121672982792
0.0058371231285833476
0.007501234528243539
0.0092917350023673934
0.010936046536530858
0.012184755274945206
0.012848865891623599
0.010111104250044894
0.0098320890502133582
0.0093265178008716532
0.0086707372736447314
0.0077203625251817997
0.0072847721121096325
0.0068074637248158043
0.0069478430939730398
0.006284612808870221
0.0069003385469818884
0.007424350850874957
0.0081934542741729215
0.0087276403297417496
0.0093747727859987088
0.0098648324402003801
0.010123934192395292
0.010112344336930989
0.0098317637482501722
0.0093249647159677849
0.0086688141747516372
0.0079622724426553181
0.0073134577184055796
0.0068213457052649657
0.006561580363521129
0.0065734334053007045
0.0068551174053695652
0.00736372210460142
0.0080211511702568544
0.0087274132088431614
0.0093744052420856299
0.009864029105109964
0.010122335312544598
0.0071213834749838745
0.0073082060812873677
0.0076528865476468977
0.0078600801149345083
0.0091591151282100231
0.0080854052224619034
0.0096595931230255474
0.0095285173342523725
0.0096619836166966667
0.009603650818792317
0.0094289099489451925
0.0081255689805955645
0.0082361329778069415
0.0076557298708993856
0.0073104490302884828
0.0071230538163717912
0.0071221084351263605
0.0073077305999301838
0.007651397861974483
0.0081001572155623511
0.0085848937082236704
0.0090331053926727203
0.0093765336100171352
0.0095635734486045863
0.0095648429159985553
0.0093798017281680451
0.0090378017700729289
0.0085900558905519873
0.008105033767485989
0.0076554348311281117
0.007309983417835504
0.0071220409184357099
0.0043120915092685922
0.0049380105914505991
0.0059169071579819642
0.0077192446302949578
0.0092170568908956137
0.010140132946179242
0.011419386621131969
0.012240767982929895
0.012478781108021399
0.012095664757663684
0.011151475525127803
0.0095325224357612585
0.0070044337761118441
0.0060978759016869959
0.0049096383151590465
0.004302712143299834
0.0043125114967631157
0.0049375336491294585
0.0060811295758156463
0.0075674713281909632
0.0091697566878423953
0.010645793948666014
0.011770902617421412
0.012375692984181908
0.012366299526532717
0.011743489735400169
0.010604462421176302
0.009120690604199698
0.0075181355597471302
0.0060391979227076174
0.0049093087795746048
0.0043020620918799019
0.0021112408762750325
0.0030827331845339838
0.0047606931353120869
0.0078413715439540118
0.0090748749892104116
0.01121865444452794
0.013153959763112046
0.014367367362769428
0.014673530344013948
0.014024261747450273
0.012520682899741417
0.010498494412640367
0.0064041417591893237
0.0047603022880977289
0.0030281765782344656
0.0020926235352688354
0.0021115714771695465
0.0030822458663812614
0.0048532121910779165
0.0071519540399823675
0.0096280096131393794
0.011906772255442087
0.013641607741124589
0.014571838007421064
0.014553469708744932
0.013588403000694985
0.011826398284135987
0.0095331439149816209
0.00705657722370478
0.0047720772437124517
0.0030278489937095227
0.0020920541353272324
0.00085788106188283513
0.0020279774143035652
0.004111858853931007
0.007909733520949945
0.0088558817607692457
0.011869355788499306
0.014165928740642496
0.015586587538941869
0.015914377359093505
0.015097710022366012
0.013263665965924425
0.010690958761847495
0.0070363541129095852
0.0039914431439553033
0.0019550091993212528
0.00083270542466908342
0.0008578355082924828
0.0020269183120272803
0.0041561975590011582
0.0069176965797715685
0.0098905444736090663
0.012625052712259723
0.014705504933865157
0.015819835903608984
0.015795482917467303
0.014635200751858698
0.012518675942362861
0.0097650108225460532
0.0067914668595211395
0.0040488479683429444
0.0019551422208906465
0.00083253725842276122
0.00074809277191866831
0.001937481193777012
0.0040702901259461093
0.0078879250396017425
0.0089262940952005605
0.011993268913774821
0.014302145027042672
0.0157144261626205
0.016014435271687222
0.015154733499796166
0.013268991964400675
0.010643486566813128
0.0069949891880305122
0.003910254927555405
0.0018574237125482237
0.00072035602030122057
0.00074806759816586454
0.0019364007557120064
0.0040986534340041033
0.0069018799637415324
0.0099188243256162038
0.012693098550080871
0.014802950985763279
0.015931844571044802
0.015904994080531049
0.014725499009587412
0.01257607151717558
0.0097807446896271254
0.0067631420401320398
0.0039807226646710447
0.0018575450910653789
0.00072016129423436363
0.0017983236644059965
0.0028247551003672622
0.0046421872732011725
0.0078027909268277651
0.0093287969613567775
0.011571754462434431
0.013541969438509931
0.014731445826709225
0.014958377690232524
0.014186568586179223
0.012535592673064613
0.010406894879007499
0.0063599099148997675
0.0045292978135808145
0.0027506153034747593
0.0017733028604075877
0.0017994236441012305
0.0028247910156758557
0.0046895658871001968
0.0071070528446329859
0.0097086436981319267
0.012100592394541088
0.01391911632845166
0.014890761381948035
0.01486524788590785
0.013845448977423727
0.01198975907845605
0.0095778928172257239
0.0069759009304457519
0.0045780554534781909
0.0027497744734039484
0.0017720355497721223
0.0038438398676985184
0.0045517000694109827
0.0058366707569821779
0.0073333557993336997
0.010436422258216227
0.010235003687974982
0.012000342456724263
0.012785732581221862
0.012904879482450692
0.012338118329525367
0.011173247600840829
0.0093643231087492534
0.0068755736949856639
0.0057525894566801032
0.0044949540747304863
0.0038256834129438097
0.0038460383857302268
0.0045528430052732063
0.0058366686243263594
0.0075005131110344129
0.0092905322616177784
0.010935875205477293
0.012186183040597482
0.012852892487124229
0.012832741252561661
0.01212798391793273
0.010848724192990475
0.0091875189496702578
0.0073972546273907702
0.0057487640805709353
0.0044931753356174777
0.0038233368928561507
0.0065693381802786749
0.0068526014099774008
0.0073628710348133527
0.0078091769038087277
0.0093238753961740299
0.0098174688033883482
0.0095097080127359429
0.010171700501846202
0.010164356097327475
0.010136290526966024
0.0094171030305530319
0.0079965195271873568
0.0080664395955143062
0.007315022222172474
0.0068216709108351635
0.0065607346236184931
0.0065721347410548385
0.0068540940875608091
0.0073632310658111322
0.0080212959380063127
0.0087273981572977433
0.0093752620501576858
0.0098663744161345095
0.010126428218160085
0.010114992765051265
0.0098333268590265858
0.0093259113478054555
0.0086688163476196477
0.0079625135866687423
0.0073130103455770201
0.0068194131184699568
0.0065577290748476914
0.0095592504681577452
0.0093765331437557498
0.0090364252779934623
0.008589972367191898
0.0078357191918557324
0.0076356377130612878
0.0077220585239469227
0.0071545968768262774
0.0071767905563699923
0.0070002303845456285
0.007705039642456675
0.0082867876386022478
0.0085869769307391625
0.0090342637355949312
0.0093763070462908448
0.0095618340930433525
0.0095625215530662465
0.0093782393908089061
0.0090368980451742461
0.0085900395199347418
0.0081048252408324004
0.0076556812410647239
0.0073113102218178407
0.0071245879999882198
0.007123698481329036
0.0073087834696322585
0.0076518707890620334
0.0080999047144264397
0.0085848869536180421
0.0090320618552040943
0.0093736365693249304
0.0095582714627759635
0.012361133731748845
0.011741362951174294
0.010604075450569669
0.0091213877094053035
0.0075184211972456737
0.0060395022279240151
0.0049101575627515034
0.0043037215575141017
0.00431378287906364
0.004938820837432187
0.0060826524364395052
0.0075697070601802637
0.0091727580746436103
0.010647681205742852
0.011771180971885993
0.012373528894290426
0.0123634145874478
0.011742340121571822
0.010604287116867972
0.0091215665803477831
0.007518549116552883
0.0060392837824257434
0.0049096444734251779
0.0043031319364815208
0.0043130320381013715
0.0049379174775115537
0.0060814317794691654
0.0075679293254244896
0.009170829514308804
0.010645822738197745
0.011769190984631894
0.012370916803610545
0.014549059642626563
0.013587432439941954
0.011827199339031196
0.0095347561065558476
0.0070576031422456163
0.0047724947194642811
0.0030280912023778598
0.0020927409106127736
0.0021119455002408414
0.0030830239954965995
0.0048551656422056132
0.007155469310429317
0.0096326194600561323
0.011910125464575412
0.013643408099897831
0.014570359231511194
0.014551014783858462
0.013588237836757252
0.01182733912008211
0.0095349245934504868
0.0070578637048860412
0.0047725593297345695
0.0030278299245503439
0.0020923682385617431
0.002111491335348359
0.0030824331964410851
0.0048541690664832072
0.0071540123273412647
0.00963105236536199
0.01190860787895324
0.013641694535313414
0.01456810506533948
0.015794546097188271
0.014637000998282853
0.012521303574389665
0.0097674863659221768
0.0067929739470025336
0.0040493898595075255
0.0019551677780357338
0.00083275083569288191
0.00085808541745310764
0.0020280578623069066
0.0041590786802455371
0.0069226539877919784
0.0098971247140268465
0.012630981554247874
0.014710266571780558
0.015820746841531362
0.015795196548023055
0.014637398339628174
0.012521684530403339
0.0097680390668522486
0.0067935444363841453
0.0040497671305985659
0.0019551941349930059
0.00083260114377446768
0.00085795358971581411
0.0020277978736627806
0.0041584805290148345
0.0069217726995080839
0.0098961341303188122
0.012630107124400481
0.014709517709571801
0.01581997320591249
0.015904921382706438
0.014727815222711851
0.012578870628686864
0.0097832718559048258
0.0067645838564587644
0.0039811905366955724
0.0018574556677391412
0.00072024793755319191
0.00074824235892225041
0.001937591281052123
0.0041014923358221834
0.0069066267811030112
0.0099250336958382063
0.012698607066968006
0.014807288921362731
0.015932287548579793
0.015904431665394562
0.01472784831258391
0.012579437608792637
0.0097841651859270733
0.0067656206663486975
0.0039820221205150684
0.0018579713317910514
0.00072048503766843801
0.00074829490587682628
0.0019374633576223501
0.0041011536997255472
0.0069061586602416408
0.0099246916371420607
0.012698528860995019
0.014807556859613095
0.015932876538181553
0.014862809205819699
0.013845379892479397
0.011990558771381837
0.009579369899447172
0.0069768347964988091
0.0045783982822738267
0.0027499247418994407
0.001772871538216009
0.0017993639107974212
0.0028252767052212887
0.0046910564788855526
0.0071096679384495785
0.0097120562325179703
0.012102659364688828
0.013919449788107561
0.014887511402623222
0.014861572311364727
0.013845516367659032
0.011991736586474549
0.0095808527845093385
0.0069782576149870724
0.004579581925017946
0.0027508621210727206
0.001773419194173793
0.0017995288903820982
0.0028252240837524471
0.0046909733105917843
0.0071096524315411433
0.0097121181932556602
0.012102926672335262
0.01392025751592962
0.014889049304608657
0.012829812269449905
0.012127081464431312
0.010848671486109502
0.00918840620622954
0.0073976715811592967
0.0057490534200260665
0.0044940550299612352
0.0038255008171067953
0.0038462528846857497
0.0045531121668626927
0.0058371441281298555
0.0075012345336937227
0.0092917349964427281
0.010936046530715464
0.012184755290177535
0.012848865897963259
0.012828752219610339
0.012127460369022965
0.010850083092683965
0.0091900060535071108
0.007399276315725456
0.0057505762413302833
0.0043957928132623159
0.0038143629866511887
0.0038907822793966167
0.0046484514748872689
0.005837057173605535
0.0075013934896852987
0.0092920456265922456
0.010936418883276037
0.012185478726346947
0.012850285501467249
0.010112344385915207
0.0098317637590514557
0.0093249647189264998
0.00866881417690934
0.0079622725055464583
0.0073134577196948981
0.0068213457084683547
0.0065615803643142116
0.0065734334067701307
0.0068551174065442869
0.0073637221044574571
0.0080211511728444859
0.0087274132121533971
0.0093744052125535916
0.0098640290839587912
0.010122335303774713
0.010111104245366187
0.0098320890504904543
0.0093265178012389687
0.0086707372837247984
0.007720362525141751
0.0072847721333564102
0.0068074637090230492
0.0069478431115500379
0.006284612812102925
0.0069003385349302761
0.0074243508509397246
0.0081934542668231584
0.0087276403404981575
0.0093747727907258945
0.0098648324376954446
0.010123934200668729
0.007122108424958631
0.0073077305997227672
0.0076513978713330828
0.0081001572170792558
0.0085848937073924273
0.0090331053922022373
0.0093765336106879475
0.0095635734500541681
0.0095648429180131209
0.0093798017315689427
0.0090378017719589046
0.0085900558894572571
0.0081050336344628358
0.00765543482387788
0.0073099834102913321
0.0071220409387050257
0.0071213834743858433
0.0073082060818678808
0.0076528865448485294
0.0078600801174868729
0.0091591151183985278
0.0080854052405610437
0.0096595931130376653
0.009528517256177713
0.009661983607464987
0.0096036507850108324
0.0094289099604824532
0.0081255689732783049
0.0082361329733041146
0.007655729877083438
0.0073104490185465403
0.0071230538177052254
0.0043125114949793463
0.0049375336528300002
0.0060811295803432598
0.0075674713293035272
0.0091697566598818864
0.010645793947281294
0.011770902635775057
0.012375692985018357
0.01236629952827013
0.01174348973851483
0.010604462422643703
0.0091207460710601897
0.0075181355561120093
0.0060391979206549139
0.0049093087820557563
0.004302062093325106
0.0043120915098532444
0.0049380105912188738
0.0059169071541823309
0.0077192446105208007
0.0092170569061746869
0.010140132880180203
0.011419386570408576
0.012240767866146697
0.012478781115930098
0.01209566479301075
0.011151475435917808
0.0095325224298627009
0.007004433779324728
0.0060978758984233938
0.004909638310813735
0.0043027121375173467
0.0021115714765073969
0.0030822458660288185
0.0048532121885524289
0.0071519540354647816
0.0096280096103322551
0.011906772253081952
0.013641607738981742
0.014571838005950711
0.01455346970905368
0.013588403004735329
0.011826398289062868
0.0095331439199145621
0.0070565772290275466
0.0047720772438624931
0.0030278489921277169
0.0020920541460835692
0.0021112408815261241
0.0030827331857532616
0.0047606931306560909
0.0078413714827631729
0.0090748750807793759
0.011218654577056683
0.013153959650528339
0.014367367455669359
0.014673530369468149
0.01402426176691467
0.012520682878573346
0.010498494386104382
0.0064041417535895982
0.0047603023074346221
0.0030281765856989078
0.0020926235344859868
0.00085783550543088458
0.0020269183064905716
0.0041561976147806712
0.0069176965737175865
0.0098905445234989311
0.012625052696140173
0.014705504933628752
0.015819835894645595
0.015795482917035444
0.014635200755199376
0.012518675946092276
0.0097650108251796531
0.0067914668610388656
0.0040488479676340419
0.0019551422197071331
0.00083253725701713029
0.00085788106184505762
0.0020279774147927737
0.0041118588489686822
0.0079097334798955907
0.0088558817374171078
0.01186935567504477
0.014165928666759904
0.015586587483780473
0.015914377337837383
0.015097710023785143
0.013263665943719999
0.010690958750460583
0.0070363540950164659
0.0039914431687607848
0.0019550092098046699
0.00083270542559640034
0.0030135545311372534
0.0038579979107411823
0.00548288314499962
0.0076398007939367076
0.0099972336972095795
0.012198963523992619
0.013908221746504017
0.014869058276896999
0.014932013711964497
0.014087024615080419
0.012466565322903906
0.010315287004591197
0.0079595547313121642
0.0057567145675119702
0.0040423215170469233
0.0030783237691860456
0.0031460805970586689
0.0036930773733480074
0.0056601256966671183
0.0074676347126079283
0.009588445331662622
0.01169678300636025
0.013472919135652774
0.014646480926103786
0.015037220435485938
0.014585459345137787
0.013360607471487302
0.011551557276702573
0.0094316389810920522
0.007324398524288944
0.0057126678340422427
0.0035927541191176303
0.0033747309888628517
0.0041756352426686417
0.005708723506564606
0.0077389094369133271
0.0099544486891416338
0.012020472633446012
0.013622182697576698
0.014518324030440283
0.014571381418019303
0.013771189295020182
0.012244628613058122
0.010220852989753618
0.0080074763218287645
0.0059389038830867606
0.0043301170091910885
0.0034276490332077335
0.0035404239679950934
0.003828948448927613
0.0061540615872992515
0.0079303961036182018
0.0099484065715955798
0.011899306189883371
0.013487800387925845
0.014472709944672849
0.01470172171392055
0.01414039525968416
0.012873692821998097
0.011096366400327868
0.0090770314192970304
0.0071238398335332171
0.0059853981216755484
0.0038477876535548839
0.0045910441143780798
0.0052260453292666577
0.0064331791251024152
0.0080263833437979656
0.009761560018475085
0.011376472620821193
0.012626395401012163
0.013321559773327406
0.013357215120194709
0.01272444051052901
0.011525020913924565
0.0099373536267142321
0.0082036211193735643
0.0065845178059165989
0.0053265838315718914
0.0046232193320320187
0.0047255934507054228
0.0062240192266507285
0.0061196979467286021
0.0086352855021215504
0.01024274195593124
0.011738492157029112
0.012896442476572673
0.013541482318600114
0.01357281199626263
0.012986963345749034
0.011871213176062167
0.010397507364462381
0.0087877856072203653
0.0072881177810404339
0.0068572663374332253
0.0049089274285680443
0.0064745026775958432
0.0068461224121295489
0.0075427162956233328
0.0084562994630430297
0.0094470159611572575
0.010365574401160395
0.011073877101994376
0.011463266908141654
0.011476718151111268
0.011108693928101076
0.010418976753680927
0.0095088747334443214
0.0085183110700858648
0.0075951557887139918
0.0068800257248287054
0.0064830372982681963
0.0065210049424251678
0.0078234092019801565
0.0070267946467213642
0.0094747088220825774
0.010427544498396666
0.011240970335305144
0.011791951475787543
0.011997800938048461
0.011824990223259385
0.011303065558742297
0.010507286338537154
0.0095615839793106536
0.0086069476053145556
0.0089820841117035054
0.0070313990946953529
0.0066117247167885628
0.0087373864267760813
0.0087887319077672825
0.0088686706989303532
0.0089640217291181087
0.0090601690811021075
0.0091435940734889611
0.0092028164919317132
0.0092279682520052496
0.0092170276880523885
0.0091692035836669922
0.0090938755084195907
0.0089997261928430727
0.008902764251554781
0.0088157323375072025
0.0087521826757935052
0.0087206100151851935
0.0086500088852946005
0.009375457270905151
0.0093426324858259854
0.0086509521980844533
0.01047537909352283
0.010483323920534322
0.010343794183206528
0.010078047123266263
0.0097269321149715295
0.0093477240484380261
0.0089929171489465977
0.00871861425552415
0.0085638597804284042
0.010078671699666093
0.0087118980210945038
0.0089070013874929417
0.0064782123801004786
0.0065527718785098029
0.010210450582218748
0.0094743001363421283
0.0086618187472771776
0.0078973905453477624
0.0072981110084067843
0.0069548138998648838
0.006920511927972833
0.0071998747914417717
0.0077508139095606799
0.008487607288211154
0.0092993359964111399
0.010061598408284259
0.010657737749385162
0.012269243648211156
0.012207646588988732
0.010447581307050662
0.010851995003665679
0.0091905450181985447
0.0087122731446584306
0.0095818053021058721
0.0087727644322023717
0.0080759794581422469
0.0075987975899387767
0.0074199447481729398
0.0075603054512690272
0.0093903007553167665
0.01053024091560714
0.0088921806901287193
0.0065943524029595897
0.0066869476401699122
0.010394966409180011
0.010281510470803548
0.0079404632728638687
0.0099096456673823403
0.0083122006010267289
0.0068158681881205531
0.0056483184750010917
0.0049877921973918698
0.0049349498337101687
0.0054989015080263133
0.0065935047771648212
0.00805021254316848
0.0096476911882138802
0.011142628225921828
0.013254416873767402
0.013922222606579621
0.013909542797228272
0.012542559308507719
0.010736630271170691
0.0095216596196419558
0.0077517168445916359
0.0067399804881054575
0.0059477796402811122
0.0056946371694017745
0.0060195302397893381
0.0068804658687394542
0.0081398723263016344
0.0095530793211432395
0.010613690039624065
0.011021678581998878
0.010722862418778229
0.010343770387891209
0.013216252322823405
0.012685748599591295
0.011641815989275488
0.010205427141412073
0.0080658306265242192
0.0060644357990670477
0.0045050065502319778
0.003626052743026699
0.003563055002688506
0.0043266695072608418
0.0057992377317778532
0.0077545051031373121
0.0098947742991318602
0.011895041910337485
0.013738958398917454
0.014562211914294214
0.014658970478235432
0.013867058932215895
0.012157094069387139
0.010203059712183693
0.0080636010237757714
0.0060632725036482166
0.0045049628468197952
0.0036264924370584656
0.0035634677057788107
0.0043270773373063256
0.0058004842120903417
0.0077569827735949433
0.009897610077749865
0.010534999329974095
0.012507285325055356
0.013153218132790755
0.015447950084589039
0.014582263992524968
0.012914374643792111
0.010314351315025054
0.0073487382050019777
0.0049937171804187346
0.0036757953262599734
0.0031967802105004532
0.003632627536311675
0.0049212639200260861
0.0068616621746289252
0.0091580917507301015
0.011160471921869291
0.012203790631092998
0.01356432164627654
0.01435966983342318
0.014391195857355512
0.013838673344115187
0.012465789447799459
0.010312056235610382
0.0079561850473981472
0.0057549422395643769
0.0040415555553420324
0.0030782847254882924
0.0030147119270474382
0.0038625306460692535
0.00549028322016612
0.0076472280518809395
0.010004461634029613
0.012639172795912581
0.014397000347439379
0.015382593193953176
0.016744691437921205
0.014900669286374096
0.012825909963716121
0.0096026357011722227
0.0069800884115766718
0.0052323328901607664
0.0033869690822221866
0.0043732034959698294
0.0044657960727966179
0.0063640030311643567
0.0075133300868994585
0.0096762534191980401
0.011129652578327476
0.013143924599669329
0.013455098183788034
0.01351617678486681
0.013649575154021197
0.013171786654344134
0.012242124994621146
0.010217160025531021
0.0080037157139599083
0.0059372346585704634
0.0043306362829465114
0.0034308847373787222
0.0033770411223776674
0.0041793312507664411
0.0057130683981984403
0.0077418796431374982
0.0099565841972076921
0.013800006601244899
0.015512674532472667
0.016686646068135001
0.016907382689255443
0.014842508914588522
0.013721268683143944
0.0091879580366637566
0.0087938323051415523
0.0072921385196560466
0.0061271212990902735
0.0054770215350937205
0.0054442981179268699
0.0060366013389677618
0.0071575334862393715
0.0086383915818436553
0.010980660285713394
0.011933488041725488
0.01326897820361062
0.012849568114805653
0.012468018406030686
0.012726980155102778
0.01152501835363145
0.0099361941702307641
0.0082011869491735948
0.0065834846078188089
0.005328630903881958
0.0046298672235746746
0.0045944434111399686
0.0052288056829110623
0.0064344323327550027
0.0080257471839655838
0.0097608187318749453
0.013078789097481279
0.015801632023415297
0.016865498914320799
0.014358145946043665
0.011633323903224146
0.010198233332230957
0.0095670879793246372
0.0086082169859866223
0.0077872273856679367
0.0072284342110381181
0.0070171448612484357
0.0071882343348612142
0.0077163680529551502
0.008516303717966394
0.0094702500151126849
0.010429002164374293
0.011272448593127822
0.011171730214522096
0.012053598334151682
0.011479576924253089
0.011112431197848311
0.010420223139699668
0.0095089802623073167
0.0085163767001461728
0.0075939289757189082
0.0068819096065251698
0.0064899585873753034
0.0064781344718524885
0.0068480924174303083
0.007542767443354581
0.0084549937908344093
0.0094468543919488477
0.01036729443407685
0.012953670132057912
0.015041867820454663
0.0088030016829111647
0.0099245887653018946
0.0090770506170207155
0.0087228017034441108
0.0085627183461649218
0.0085487524946674023
0.0086813076041188774
0.0089404804617842781
0.0092872099429698058
0.0096702695878162527
0.010028049002973197
0.010310302310806482
0.010470970590518047
0.01048659560755529
0.0097692863082630959
0.0097617781149200791
0.0092201686996529249
0.0091728162076521319
0.0090964112117643946
0.0090019089374540843
0.0089028182643998127
0.0088156220402145682
0.0087538566733090864
0.0087273528430646344
0.0087403794031402932
0.0087896899391052639
0.0088686965289165413
0.0089638288199480002
0.0090619511948833477
0.0091472910790363609
0.0092071807259641765
0.0092322815420355069
0.0066627788202433345
0.008232455980802765
0.007986188940698814
0.0079989938871506076
0.0086634770928770161
0.0094585034488966942
0.010261818089321161
0.010951071026174715
0.011420750455072222
0.011600241190716796
0.011461363449298462
0.011029091241330493
0.010366996763359509
0.0095759949145612748
0.0084275807270458112
0.0074156732740848956
0.0069216974790961196
0.0072013566827719725
0.0077524400464259605
0.0084896521220631758
0.0092998178727975913
0.010061650131585278
0.010659033899601473
0.01100192683785897
0.011037516404355385
0.010758613006155217
0.010210560483375606
0.0094747732316051887
0.0086641959670143674
0.0079009761602706671
0.007301537398550063
0.0069570005213083477
0.0048353333383403764
0.0058081928275651677
0.0064260606767213325
0.0075054842198613208
0.0088937889339582923
0.010376567126653193
0.011727938294599959
0.012741688098951667
0.013262515601715806
0.013211800254538726
0.012597638974681977
0.011516557956065781
0.010132145234527223
0.008654210509414369
0.0070363077541283252
0.0055251567732249622
0.0049345506768391847
0.0054979323076249685
0.0065923567694284599
0.0080495662137175239
0.0096461257357801783
0.011141469898727652
0.012306913577255683
0.012967397585455691
0.013020344644772862
0.012456556564246624
0.011365327929498731
0.0099109689505888898
0.0083147326365964752
0.0068183775233172867
0.0056501642528187096
0.0049879952995975016
0.0036008477801407193
0.0043881187385587089
0.0057558159555267177
0.007318736202669646
0.0092184258348652452
0.011162368552120423
0.012854876580358617
0.014038481903153896
0.014531455509856264
0.014258830520278612
0.013263245851328499
0.01169871831777934
0.0098023157149491422
0.0078622550006594537
0.0060821736355970444
0.0041824045150059769
0.0035619292865537969
0.0043229968278560476
0.0057936888641742859
0.00774924624496523
0.00988909731275389
0.011890222850236158
0.013446164792412833
0.014324141233832596
0.014387004501384993
0.013625009176211145
0.012157508580730132
0.010206312497074562
0.0080674265818437233
0.0060656026336315281
0.0045059894522295691
0.0036263506651366779
0.0031460805970080809
0.003693077397444549
0.0056601256143223606
0.0074676347747963147
0.0095884453730472243
0.011696783027301868
0.013472919049472178
0.014646481006576303
0.01503722045654143
0.014585459313126384
0.0133606074539671
0.011551557355508897
0.009431639182789834
0.007324398518409941
0.0057126678698080167
0.0035927541059825869
0.0030135545418820738
0.0038579979245689944
0.0054828831575925961
0.0076398008017010254
0.0099972337055338357
0.012198963523517729
0.013908221741318129
0.014869058275244809
0.014932013711027484
0.014087024611506708
0.012466565323171986
0.010315286993668354
0.0079595547103535561
0.005756714553240453
0.0040423215082674175
0.0030783237669502047
0.0035404239856308539
0.0038289484544179494
0.0061540615504110732
0.0079303961338150434
0.0099484065746537568
0.011899306208096056
0.013487800286347818
0.014472709979251375
0.014701721737149818
0.01414039525063864
0.012873692816659328
0.011096366378013573
0.0090770314335272897
0.0071238399007239874
0.0059853981319783461
0.0038477876388633872
0.0033747309927030984
0.00417563525182522
0.0057087235184516668
0.0077389094441962037
0.0099544486964472361
0.012020472633185952
0.013622182687314474
0.014518324035067963
0.014571381410797302
0.013771189291691351
0.01224462857640835
0.010220852976459728
0.0080074763211499776
0.0059389038907503933
0.0043301170257186291
0.003427649049011145
0.0047255935297328445
0.0062240192647282366
0.0061196979502842076
0.0086352855435310287
0.010242741948701678
0.011738492148775032
0.012896442399965674
0.01354148233583766
0.013572812028422455
0.012986963358375174
0.011871213168478507
0.010397507334379004
0.0087877856002696406
0.0072880420023435323
0.006857266308584152
0.0049089274307034698
0.0045910441197583376
0.0052260453258526091
0.0064331791295822623
0.0080263833267955713
0.0097615600166871958
0.011376472622619252
0.012626395397652314
0.013321559764472182
0.013357215110949986
0.012724440508438297
0.011525020897790185
0.0099373536267757887
0.0082036211249965872
0.0065845178259531616
0.0053265838907852964
0.0046232194101539772
0.0065210050257714482
0.0078234092017890489
0.0070267946331783685
0.0094747088219367497
0.010427544671751551
0.011240970293590627
0.01179195144411645
0.011997800924436993
0.011824990228992751
0.011303065564248274
0.010507286330127819
0.0095615839692811695
0.008606947615975474
0.0089820841156636206
0.0070313990484530001
0.0066117247263112649
0.0064745026793076657
0.0068461224134869075
0.0075427162920445748
0.0084562994585804206
0.0094470159598809608
0.010365574401738048
0.01107387710114211
0.01146326689350651
0.011476718147353716
0.011108693927517392
0.010418976780174146
0.0095088747297765695
0.0085183110617079241
0.0075951557770890903
0.0068800257706497295
0.0064830373799666897
0.0086500089259005444
0.0093754573060990595
0.0093426324815181622
0.0086509521241410342
0.010475379048235698
0.010483323883693416
0.010343794192008978
0.010078047120084501
0.0097269321180524209
0.0093477240577359861
0.0089929170306961848
0.0087186142845470278
0.008563859782412947
0.01007867169388218
0.0087118980085818271
0.0089070014699486853
0.0087373864807863254
0.0087887319065008823
0.0088686706918398618
0.0089640217219417902
0.009060169089336852
0.0091435940728536325
0.0092028164913545932
0.0092279682489853077
0.0092170276898040186
0.0091692035872250471
0.0090938754968691651
0.0089997261976328038
0.0089027642613998988
0.0088157323597896336
0.0087516109885554059
0.0087206100688149071
0.012207646534851031
0.010447581363724139
0.010851995000804226
0.0091905449610418244
0.0087122730595325711
0.0095818053155529177
0.0087727644074700045
0.0080759794456641693
0.0075987975853448403
0.0074199448487564023
0.007560305421037793
0.0093903007648419475
0.010530240944743221
0.0088921806840628059
0.0065943523496091259
0.0066869476464641109
0.0064782123748562395
0.0065527718521362112
0.010210450576640018
0.0094743001312699304
0.0086618187421363853
0.0078973905418639311
0.007298111006628822
0.006954813898536103
0.0069205119261824127
0.0071998747866304025
0.0077508138992973957
0.0084876072838098657
0.0092993360153238603
0.010061598427802923
0.010657737757261839
0.012269243558803284
0.013909542780174195
0.012542559313303041
0.010736630274107626
0.0095216595400432168
0.0077517167433452843
0.0067399804202032841
0.0059477796635305094
0.0056946371621982971
0.0060195302339164985
0.0068804658753104609
0.0081398723177528824
0.0095530793223365627
0.010613690039585278
0.011021678570789048
0.010722862402564511
0.010343770573043113
0.010394966359967412
0.010281510471486632
0.0079404632642080964
0.0099096456761100966
0.0083122005969650491
0.0068158681852588361
0.0056483184735767649
0.0049877921965144978
0.0049349498321635578
0.0054989015041747745
0.0065935047710578946
0.0080502125402189852
0.0096476911749697695
0.01114262822548566
0.013254416912517013
0.013922222561390959
0.014658970530090507
0.013867058935945156
0.012157094068509044
0.0102030596905428
0.0080636009706447544
0.0060632724520918177
0.0045049628216188436
0.0036264924272514944
0.0035634677003891012
0.0043270773334497005
0.005800484210081315
0.007756982778651696
0.0098976100738864033
0.010534999327084944
0.01250728532984835
0.013153218138801701
0.013216252251880674
0.012685748629832667
0.011641815843901287
0.010205316266758991
0.0080658306263695738
0.0060644357583215444
0.0045050065498906883
0.0036260527417051351
0.0035630550006176707
0.0043266695043190076
0.0057992377285820832
0.007754505102509141
0.0098947744364344392
0.011895041906049359
0.013738958397379155
0.014562211917098332
0.014391195860145303
0.013838673352152522
0.012465789443570225
0.010312056253694154
0.0079561850477978743
0.0057549422204127192
0.004041555604891247
0.0030782847215273662
0.003014711924490631
0.0038625306433649133
0.0054902832187581716
0.007647228049527984
0.01000446162843123
0.012639172794396117
0.014397000349518033
0.015382593208564365
0.015447950094909737
0.014582264003686644
0.01291437465706978
0.010314351330826839
0.0073487382072112886
0.0049937171818585152
0.0036757953257407104
0.0031967802097628076
0.0036326275306927127
0.0049212639162854507
0.0068616621703743138
0.0091577181989546813
0.011160471923357698
0.012203790651869819
0.013564321675687984
0.014359669879864242
0.013649575164234335
0.013171786684334679
0.012242125044275878
0.010217160088723453
0.0080037157646646786
0.0059372346877610135
0.0043306363204409998
0.0034308847351549837
0.0033770411097684408
0.0041793312486739015
0.0057130684712955676
0.0077418796426240557
0.0099565841917174189
0.013800006493646573
0.015512674554393873
0.016686823683946955
0.016744666992928574
0.014900669291210519
0.012825910012762214
0.0096026357412534284
0.0069800884187846916
0.005232332898665976
0.0033869690821495863
0.0043732034912414
0.0044657960624591786
0.0063640029968709501
0.0075133300841014614
0.0096762534137862805
0.01112965259464666
0.013143924489858155
0.013455452818547327
0.013516176746242677
0.012468018309643635
0.012726980200229054
0.011525018388398174
0.0099361943235797504
0.0082011869755652927
0.0065834846240359181
0.0053286309077069634
0.0046298672232657125
0.0045944434106781626
0.0052288056824545161
0.006434432332018505
0.008025747180422222
0.0097608187285996989
0.013078789102512561
0.015801632024287648
0.016865498912783654
0.016907382701086691
0.014842508883695527
0.01372126867624722
0.0091879580644893977
0.0087938323474889158
0.007292138505744521
0.0061271275165270481
0.0054770215302977635
0.0054442981137704169
0.0060366013514091179
0.0071575334968407307
0.008638391588173689
0.01098066031162712
0.011933488051362292
0.013268978158211845
0.012849568052837093
0.011479576929182233
0.011112431220232612
0.010420223182172136
0.0095089802894009826
0.0085163767277526455
0.0075939290034469807
0.0068819096208039571
0.006489958592242189
0.0064781344738497467
0.0068480924200179875
0.0075427674408543631
0.0084549937822498075
0.0094468543521458222
0.010367294433312057
0.012953670093628614
0.015041867831313616
0.014358121045182824
0.011633323906019039
0.010198233327635543
0.0095670879572890485
0.0086082170988142359
0.0077872273807055043
0.0072284342811121081
0.0070172125124047689
0.0071882343713501971
0.0077163680693791278
0.0085163037287912576
0.0094702500065506501
0.01042900218388714
0.011272448703054104
0.011171730200660378
0.012053598276626058
0.0092199616986147967
0.009172816172140533
0.0090964112322355281
0.0090019089430832533
0.0089028182642556138
0.0088156220440773949
0.008753856677932513
0.0087273528429891688
0.008740379408194044
0.0087896899456626452
0.0088686965290457834
0.0089638288076239261
0.0090619511263884817
0.0091472910612298061
0.0092071807075737363
0.0092322815376285113
0.0088030015250286035
0.0099245887538715726
0.0090770506336652762
0.008722801688166474
0.008562718415082337
0.0085487525026069922
0.0086813074990277732
0.0089404803578349793
0.0092872100921273775
0.0096702696149058628
0.010028049016861643
0.010310302300766426
0.010470970523019063
0.010486595689070692
0.0097692862731203044
0.0097617780817156746
0.0069216974932284217
0.0072013566962012927
0.0077524400741167477
0.0084896521266543314
0.0092998178771348285
0.010061650141436791
0.01065903391008961
0.011001926841244136
0.011037516400651454
0.010758613018817023
0.010210560488059201
0.0094747732311340344
0.0086641959530327686
0.0079009761285334032
0.0073015373684179848
0.0069570004971652132
0.0066627788068567371
0.0082324559410817972
0.0079861890111955335
0.0079989938970241262
0.0086634771280730792
0.0094585035451403756
0.010261817985857846
0.010951070905335578
0.011420750903108987
0.011600241233472317
0.011461363432484222
0.011029091164408327
0.010366996730485729
0.0095759949150169936
0.0084275808128928664
0.0074156732689782965
0.0049345506795724445
0.0054979323037869796
0.0065923567615653756
0.0080495662102328339
0.0096461257346401423
0.011141469899136839
0.012306913586105297
0.012967397569049117
0.013020344646557129
0.012456556565975104
0.011365327936455288
0.0099109689623332817
0.0083147326503484383
0.0068183774821544149
0.0056501642286058912
0.0049879952686505691
0.004835333375595675
0.0058081927847396277
0.0064260607588693024
0.0075054843900228324
0.0088937888538727881
0.010376567287681876
0.011727937982603251
0.012741688107700386
0.013262515697202581
0.013211800266875252
0.012597638960120372
0.011516557922124334
0.01013214515758846
0.0086542104557456572
0.0070363077969009145
0.0055251567815895368
0.0035619292734520879
0.0043229968157725901
0.0057938228374550364
0.0077492462128322687
0.0098890973056225198
0.011890222799855138
0.013446164798448094
0.014324141205210255
0.014387004500900977
0.013625009184574308
0.01215750854876842
0.010206312504286592
0.0080674265929465225
0.0060656026419779975
0.004505989446936861
0.0036263506432093811
0.0036008477650557487
0.0043881186992380614
0.0057558160456784562
0.0073187361764524752
0.009218425753820007
0.011162368642476097
0.012389417603644948
0.014829569106234028
0.014531455536332016
0.014258830515073763
0.013263245848710397
0.011698718301481111
0.0098023156456574587
0.0078622548976658158
0.0060821736034784336
0.0041824045418216386
0.0072603990097582834
0.0075332617851188895
0.0081995216315486428
0.0091599720634055453
0.010264820890918284
0.011348300857258837
0.01224074158233298
0.012810104150903927
0.012966006522014083
0.012685471043353845
0.01201384979090879
0.011054512690460084
0.0099526207612910689
0.0088757338993450431
0.0079870343466974334
0.0074202062286305819
0.0074413361439396716
0.008367094306098664
0.0099934083251160873
0.010333739186271654
0.010867483057666511
0.0098027372299140207
0.010125391240007775
0.011664444348247094
0.01327312052871861
0.014705485285801486
0.015733596572034433
0.014729487721205352
0.012110429892883662
0.011485198888695628
0.010873835782100622
0.012532942575525311
0.0067889319095351397
0.0071472063606726945
0.0079581363181404196
0.0090983851902973773
0.010390921222737097
0.011640921778227323
0.012656442395094553
0.013285510241550684
0.013431034848328222
0.013069446654269639
0.012260184201208646
0.011125187619543812
0.0098365664179194678
0.0085881929743072127
0.007570014828738759
0.0069371788764380693
0.0070581321824624739
0.0077177131986859351
0.01016930681771337
0.010877180207456622
0.011693003008238629
0.010462315087931391
0.010809670147052012
0.012406201157601484
0.013961925125156455
0.015238797246693966
0.015126962262327483
0.014582203853119506
0.011297250758594644
0.010510301339017073
0.011097538422760091
0.0098662809275927056
0.0068235021288197955
0.0072136171255021272
0.0080456087539756034
0.0091901475591996216
0.010470603648972917
0.011694660791157233
0.012677348037141571
0.01327011421675006
0.013384102479522033
0.012998190514417205
0.012176102056733118
0.011039647716933342
0.0097617779059944315
0.0085329885217110459
0.0075401044955636246
0.0069363729385129658
0.0071518058768507897
0.0074397560224402325
0.010553667166095201
0.011519425164998395
0.012489533288566657
0.01331151432990885
0.012130411867165219
0.013096919623337531
0.014360961333729457
0.015288691448658671
0.014636492263062986
0.011489091611067197
0.010512528727814619
0.0096880924795063935
0.010857258597080503
0.0093267864548212762
0.0024543451796048255
0.0032310715641344907
0.0047245314989644181
0.0094169184323438359
0.010489688830201757
0.01150308700902916
0.012305666597085247
0.012773999247027126
0.012839917796822838
0.01248921109597409
0.011779199074276539
0.010813183415488934
0.009740355853095484
0.010764754968887512
0.011453471358231503
0.011346382701202638
0.011725857007186449
0.011686713166052444
0.012975479055840348
0.012161950499251874
0.013138493074622708
0.013867225085691779
0.014238038636683829
0.014193969622781777
0.013738894404662456
0.012947269392183627
0.011933601751617588
0.010854511970792596
0.0098734208044447894
0.0061784228271053489
0.0047932808909365516
0.0050330351269388118
0.0032105271174128146
0.0045089355691471196
0.0066434120454201525
0.0069195145588521008
0.010449077627291343
0.011100781287856753
0.011603643783024531
0.011878707666651295
0.011886177439739591
0.011622402435656355
0.0111300447995134
0.010481200783942553
0.011589828200370389
0.012079026012787755
0.012775460523698299
0.013035893425086464
0.013067527894473237
0.013332315868629109
0.010705638926812165
0.012983612670514599
0.013543578669292095
0.014070448670052535
0.014207110502102691
0.01393422914585558
0.013291213576861105
0.012382465455447789
0.01133849096162339
0.010320324928061593
0.0082837537692236427
0.0096628822668742981
0.006862051605682826
0.0041872040441514125
0.0072533520705012648
0.0053729409913744891
0.0070010909170903609
0.0099210233203611744
0.0083933255189970104
0.010550398828555628
0.010677916172442316
0.010718544250701779
0.01066637971830779
0.010528724559888729
0.010328292451304833
0.01124655471428866
0.01135297347583621
0.012202100068030589
0.012857995084491227
0.013218821366856584
0.013107630858472309
0.013382960407460906
0.010801684657239519
0.012462257289789131
0.013646746556933948
0.013894297319394119
0.013778452485408359
0.013320671418684548
0.01258600926486822
0.011696598335122129
0.010778743573443465
0.0099729925938107037
0.012385679023766753
0.0091482626361731149
0.0070019259045588766
0.0074859348229669781
0.0091058725459291241
0.0094395294855246469
0.010021775862004275
0.010558704840174252
0.010674949035876088
0.0099342824282359892
0.0096658154018386365
0.0094647083879941824
0.0093605293837271397
0.0093699858887708598
0.0094928610423132467
0.010474723625934513
0.011162136144532419
0.011990020719857469
0.012659457078554249
0.013064041874027064
0.013153236318963701
0.012387249997762756
0.011791150974884295
0.010057145919440531
0.010154641355255182
0.010397825206478766
0.011167628823292459
0.012453970993183728
0.011737324982499818
0.011001589633665048
0.012437585773484777
0.010170289614054443
0.012006652062340145
0.01148211624178438
0.0098050377778013207
0.0093523468007659094
0.01125925823722628
0.011345608881760437
0.011386910999596482
0.011267941696223477
0.011510829079921086
0.0093448241524955681
0.0087198563654499687
0.0083060875902812512
0.008165833700288342
0.0083218464587559177
0.0087505434682749236
0.010079136517639021
0.010935681632968651
0.01161522936522532
0.012195502726094777
0.012581553470147134
0.012721304710102277
0.012591182565305817
0.012202804178505984
0.011625549355267214
0.011385023240138693
0.00860776561650934
0.0087039763243881765
0.0090618542949828934
0.0096692257724803141
0.010444787861709427
0.01126441525779826
0.012913131251502327
0.010571790790232193
0.010905864778774772
0.011021267406631825
0.011144534295888743
0.013383027474726339
0.013211045404080825
0.011532886480288456
0.010205515770300161
0.0093996555464651473
0.007937716498503047
0.0077940613506888336
0.0080955670551091357
0.0087948933199009927
0.0097949411013360643
0.010937387372909987
0.012588294724474881
0.013265721555136781
0.013199685590037988
0.012723710288507963
0.011844830869668503
0.012014225843194032
0.012018246090648412
0.011853544704032005
0.011557049763165747
0.0094416390236451622
0.0088698233287604431
0.0079831012494018631
0.007419012612797319
0.0072638091857386801
0.0075433060766554247
0.0082145374227474682
0.010125702794307308
0.011128603557336671
0.011953033957102312
0.012703807332946846
0.013203906283212078
0.01419718409876366
0.013611102878008267
0.012228743346621131
0.010218490620462707
0.0088562531197731338
0.0084848103433473234
0.0099225104884458452
0.009524449611166115
0.0094276746772588328
0.0096643304180412046
0.010182652203053609
0.010722311992797764
0.0127559828600793
0.012368806390648784
0.012072217882314102
0.011759614436902698
0.011143740131740963
0.0112837300638726
0.011369466137917837
0.011401453126219634
0.0098276627348574674
0.0085837591363360655
0.007569799467529577
0.0069414021083987251
0.006795080779018141
0.0071559726519219271
0.0079678110206922569
0.010473127157270392
0.011677891747439179
0.012871572684439924
0.014139601104943739
0.01493859118907083
0.015176617491207332
0.015230490060686041
0.014567715590010751
0.012366225932223168
0.013387832143515752
0.012660578550989891
0.0091456571878576476
0.0089470310879174193
0.0091391019562323053
0.0097010845210642321
0.010537077966888101
0.0098949216014094822
0.010241299367081767
0.010837459500161592
0.01055181862083629
0.010970560558882209
0.010240190746017888
0.010497369034286816
0.010822534035154832
0.011103141140900153
0.0097553430876725789
0.0085307288589235586
0.0075448027297199205
0.006949105511887624
0.0068351177832264272
0.0072221799210231349
0.0080497853471498855
0.010768700077913248
0.01212458008138409
0.014976176270445922
0.015107564520465213
0.01608223158459527
0.01759107720287522
0.018359703002178214
0.015212214515151272
0.016123244036158731
0.01392069506203423
0.0091339679443389176
0.008749157672143338
0.0087826205943272988
0.009231860896206005
0.010032325454128717
0.011053682750229585
0.012146203162685507
0.011513439922201153
0.01055015403694373
0.011139180729655321
0.010267393514776457
0.0094476431705914025
0.0097835290687231374
0.010665348100364196
0.010612588815360887
0.0097367153369167601
0.008717968865083834
0.0079107822087438988
0.007439258995569676
0.0073752204081074767
0.0077290284858442171
0.0084457581325234118
0.01148471919846266
0.013585998061954391
0.015400696823672148
0.017120496832631418
0.018205233195588835
0.018635989765396183
0.016915880710626847
0.0177909713108063
0.015110318737409943
0.0094792080011478035
0.008935927284605346
0.0087840197066616638
0.0090449943981080021
0.0096799154243498876
0.010595359816115084
0.011645041857004408
0.012676089161933439
0.013531438176008992
0.012605779555182784
0.012392103993850424
0.011034435196978618
0.0096354807814911011
0.009631359244185872
0.010500249700679353
0.010485492989712188
0.0097759587079621832
0.0091182980671518157
0.0086124355932118146
0.0083361036025783736
0.0083312781717955701
0.0085978424625907379
0.0090948342569459363
0.009745624432333181
0.012837218588954907
0.015174267848711422
0.01743661196892787
0.01867577406061964
0.016090400640789159
0.014853578337480087
0.014103252931878307
0.0099742653028651318
0.0093910117041081306
0.0091341934677946802
0.0092394127633359888
0.010129644861682831
0.010608852996090448
0.011061028803072651
0.012216741758005857
0.013028275200734662
0.013611688960709059
0.013877523335810138
0.01329899943592527
0.013232073894477865
0.010666522602267917
0.010530462674665534
0.010331449159729021
0.010098090389505279
0.0098649029348987349
0.0096702084896535395
0.0095432814582291497
0.0095045321161040044
0.0095591576008760767
0.0096972671454074073
0.0098989702486846978
0.010132896545672686
0.010364738088974446
0.010558618440749418
0.013533715108278671
0.016174867922437958
0.0093314720429350673
0.010340263497152989
0.010336506025877126
0.0098480095667790729
0.0096247867867987093
0.0099496508552046128
0.0095900859683044643
0.010483562764151577
0.011495136804487081
0.01260292187010253
0.012947957147435638
0.013145602057794742
0.013367993077912589
0.013312242345790275
0.012987389238641589
0.013841176694559438
0.0093573559321468523
0.0093652680528164018
0.0094885714119386302
0.009707803987513074
0.0099871090507549203
0.010286940504365278
0.010559524430914666
0.010765744936035255
0.010871534519612423
0.010860469535977095
0.010736206303341069
0.010517884799554102
0.010239066036726301
0.0099419719761667212
0.009671097368301294
0.0094654321641020906
0.0082393340693598712
0.0092872844800825048
0.010052394879184585
0.0099730976215733902
0.010142384390889944
0.0093281188310811291
0.0097425817835746342
0.010988108052040936
0.012405825052897938
0.013779385256436674
0.01488996572067121
0.014486619395253695
0.012837711122732354
0.012469581402323104
0.011963649851336786
0.013242222093424755
0.0081623015990519958
0.0083124259364093633
0.0087377228965413636
0.0093749109055164433
0.010123646981464528
0.010872762226058125
0.011503837296533873
0.011924375387591576
0.012066187840950275
0.011908830064145467
0.011478140999183947
0.010841094017898232
0.010094132156676901
0.0093513764560858477
0.0087249141513900154
0.0083078231922044249
0.0074413361969375025
0.0083670943476845255
0.0099934082898570798
0.010333739209253668
0.010867483071716807
0.0098027372424748429
0.010125391263553267
0.011664444326574106
0.013273120601802206
0.014705485233785094
0.015733596532592199
0.014729487573010279
0.012110430062473697
0.011485200016541569
0.010873835954689774
0.012532942434764398
0.007260399001140924
0.0075332617786147459
0.0081995216350484752
0.0091599720472892547
0.010264820921278825
0.011348300844035528
0.01224074157777617
0.012810104146377788
0.012966006523208421
0.012685471039301659
0.012013849786816347
0.011054512655176714
0.0099526207514253166
0.0088757338862520321
0.0079870343388636217
0.0074202062280804299
0.0070581321991034967
0.0077177131970430678
0.010169306803043534
0.010877180213270533
0.011693003025779549
0.010462315241208381
0.010809670106863714
0.012406201195208679
0.013961925226814716
0.015238208973993918
0.015126962250819742
0.014582203783967174
0.011297250868316146
0.010510301464031544
0.01109753838405288
0.0098662808672146506
0.0067889319310454116
0.0071472063263224445
0.0079582067023217223
0.0090983851833263442
0.010390921256054241
0.01164092171595865
0.012656442353296299
0.01328551022090736
0.013431034875571634
0.01306944665859684
0.012260184208352662
0.01112518763429135
0.0098365664503259516
0.0085881930295123952
0.0075700148908244306
0.0069371789193467858
0.0071518059522924244
0.0074397560807963467
0.010553667152926705
0.011519425113112651
0.01248953274930264
0.013311514294647954
0.012130411856690291
0.0130969196867696
0.014360961297270131
0.015288691115331208
0.014636492205651047
0.011489091610224959
0.010512528740495505
0.0096880924515552573
0.01085725849711036
0.0093267864769263388
0.0068235020388687784
0.0072136171081864271
0.0080456087336806849
0.0091901475417483017
0.010470603649601402
0.011694660782142808
0.012677507773250723
0.013270445137381652
0.013384102471104588
0.012998190516606764
0.012176102074163152
0.011039647737074372
0.0097617779295395054
0.008532988554706529
0.0075401045634413905
0.0069363730233855791
0.011725857171166353
0.01168671322595367
0.012975479186002918
0.012161950459889442
0.013138492987588273
0.013867225007393836
0.014238038374269495
0.014193969596687794
0.013738894383629022
0.012947269379615083
0.011933601721071791
0.010854511990190005
0.0098734210015943707
0.006178422994897439
0.0047932808598659315
0.0050330351675330256
0.0024543451787873718
0.0032310715519997652
0.0047245314792537041
0.0094169184185928963
0.010489688818503167
0.011503087005417899
0.012305666605761737
0.012773999218677267
0.012839917787841043
0.012489211092830474
0.011778683945736565
0.010813183415687135
0.0097403650900335838
0.010764754968596144
0.011453471446916576
0.011346382924577987
0.013067527906631909
0.013332315954927983
0.010705638837089301
0.012983612500449037
0.01354357851187212
0.014070448649781972
0.014207110539227208
0.013934229152919714
0.013291213573505952
0.012382465483815001
0.011338490975925677
0.010320324824626005
0.0082837537954425465
0.0096628821859141428
0.0068620515672621384
0.0041872040557693543
0.0032104817542679292
0.0045089355656479152
0.006643412030746758
0.0069195145408850198
0.010449077612786562
0.011100781281521787
0.011603643791066189
0.011878707668363896
0.011886177434073187
0.011622402417415436
0.011130044788328103
0.010481200757474688
0.011589828159885849
0.012079025931776824
0.01277546047910842
0.013035893523652125
0.013107630702243064
0.013382960459201822
0.010801684628952955
0.012462257053710598
0.013646746770109271
0.013894297341408896
0.013778452492868548
0.013320671382068152
0.012586009248512836
0.011696598335550324
0.010778743573877633
0.0099729923268407749
0.012385679096125524
0.0091482626026693648
0.0070019258846909706
0.0074859348280565969
0.0072533520735613075
0.0053729409919590987
0.0070016000531818758
0.0099210234118226812
0.0083933255238807479
0.010550398820464746
0.010677916189385456
0.010718544250426417
0.010666379716257305
0.01052872455435001
0.010328292435856479
0.011246554662319261
0.01135297338762415
0.01220209996911561
0.012857994897135487
0.013218821106772553
0.013153236281398046
0.012387249972001526
0.011791150683465704
0.010057145839064197
0.010154640961943292
0.010397825229078115
0.011167628890915857
0.012453971095554277
0.011737325011520758
0.011001589636620726
0.012437585775555567
0.010170289618799285
0.012006652061060235
0.011482116225956265
0.0098050378270647023
0.0093523465397632281
0.0091058725447647898
0.0094395294733331629
0.010021775850312581
0.010558704827086545
0.010674949026122475
0.0099342824225711057
0.0096658153962960233
0.0094647083873229693
0.009360529364110937
0.0093699858807832891
0.0094928610253188547
0.010474723604435665
0.011162136112366893
0.011990020738297689
0.012659456989152825
0.013064041729824803
0.012721304794676249
0.012591182565456454
0.012202804183119774
0.011625549342958875
0.011385022831323109
0.0086077655852714926
0.0087039762794699285
0.009061854366013606
0.0096692258002529629
0.010444787941729299
0.011264415264502061
0.012913131249543564
0.010571790775940795
0.010905864860127694
0.011021267405593484
0.011144534306692782
0.011259258247116119
0.011345608880520781
0.011386910989021731
0.011267941694015328
0.011510829080313348
0.0093448241533637295
0.0087198563661765212
0.0083060875913445621
0.0081658336973059742
0.0083218464503760393
0.0087505434613815488
0.010079136525553384
0.010935681634644104
0.011615229278677714
0.012195502712496616
0.012581553575285408
0.012014225842546735
0.012018246307697667
0.011853544597652633
0.011557049778495124
0.0094416389896224747
0.0088698232428758555
0.0079831011972798273
0.0074190126022371568
0.0072638091979687755
0.0075433060758841189
0.0082145374302783347
0.010125702783084282
0.011128603682092128
0.011953033975263823
0.012703807332854056
0.013203906300650761
0.013383027493210435
0.013211045402985662
0.011532886468611047
0.010205515770279288
0.0093996555240847771
0.0079377164753817019
0.0077940613552067084
0.008095567056365419
0.0087948933415911215
0.009794941088562558
0.01093738736804685
0.012588294720226481
0.013265721549090689
0.013199685609160664
0.01272371038691213
0.01184483087405663
0.011143740140249297
0.011283730111030161
0.011369466215429842
0.011401453224686007
0.0098276628897178246
0.008583759220491937
0.0075697994928609572
0.0069414021218154797
0.0067950807819047877
0.0071559726536272452
0.0079678110478018614
0.010473127147205333
0.011677891759353805
0.012871572737843435
0.01413960113079373
0.014938591040514766
0.01419718410009059
0.01361110287558623
0.012228743405588743
0.010218490621924016
0.0088562531337798931
0.0084848103547864404
0.0099225104824195564
0.0095244496161773374
0.0094276746686400778
0.0096643303865434557
0.010182652213356977
0.010722311986472005
0.012755982951316497
0.012368806379389115
0.012072217891509926
0.011759614427062319
0.010240190749317646
0.010497369107474419
0.010822534141962801
0.011103141224767044
0.0097553431680227534
0.0085307288950073109
0.0075448027343580646
0.0069491055106599298
0.0068351177840304134
0.0072221799232302254
0.0080497853502451023
0.010768700105704191
0.012124580142975084
0.014976176367893222
0.015107564637885684
0.016082231580508182
0.015176617468679682
0.015230490057280971
0.014567715780270871
0.012366225934367561
0.013387832198065008
0.01266057850437733
0.0091456571806717013
0.0089470310697971327
0.0091391019477782692
0.0097010845445209132
0.010537077961834909
0.0098949216401694289
0.010241299407834499
0.010837459468258658
0.010551818573794988
0.010970560498182718
0.0094476432129642265
0.0097835291844087183
0.010665348200672048
0.010612588856034732
0.0097367153801020522
0.0087179689111488157
0.0079107822418175607
0.0074392590016274891
0.0073752204107948903
0.0077290285382893807
0.0084457581357664704
0.011484719218115686
0.013585998119824817
0.015400696948123797
0.017120497141257688
0.018205233493768444
0.017591077209052692
0.018359702964909103
0.015212214566529571
0.016123244041845054
0.013920695138939636
0.0091339679706876915
0.008749157674219547
0.0087826205757171958
0.0092318608908302686
0.010032325493690068
0.011053682815515021
0.012146203189228353
0.011513439946487116
0.010551380359119926
0.011139180626825652
0.010267393398740318
0.0096354807341120195
0.009631359317067812
0.010500249724656649
0.010485492985283973
0.0097759587039214155
0.0091182980730559297
0.0086124355958205456
0.0083361036285761365
0.0083312781744434676
0.0085978424675464907
0.0090948342624398611
0.0097456244262530047
0.012837218622892917
0.015174267938633938
0.017436611995142154
0.018675774103830891
0.018635989783906244
0.016915880693819257
0.017790971424600604
0.015110318671444939
0.0094792080379932139
0.0089359272886445178
0.008784019687451931
0.0090449943539918382
0.0096799154268419792
0.010595359875909116
0.011645041931306251
0.012676084833835472
0.013531438147694232
0.012605779555529589
0.012392104091122369
0.011034434995651779
0.010666522556998275
0.010530462665301632
0.01033144915111156
0.0100980903810934
0.0098649029384811765
0.0096702084983728426
0.0095432814542728735
0.0095045321170459766
0.0095591576035639701
0.0096972671327845671
0.0098989702407136729
0.010132896538329073
0.01036473806586094
0.010558618341945691
0.013533715048761464
0.016174867909616208
0.016090400622635153
0.014853578320718147
0.014103253035219643
0.0099742653564292016
0.0093910117227835443
0.0091341935044130622
0.0092394127906534583
0.010129644825760778
0.010608853031925464
0.011061028850139506
0.012216741877934065
0.013028275571054737
0.013611688884380578
0.013877523210494814
0.013298999353343562
0.013232073628985009
0.0093573558739534352
0.0093652680230043722
0.0094885714187138131
0.0097078039994569366
0.0099871090527887466
0.010286940512821249
0.010559524428292553
0.010765744930284772
0.010871534518303952
0.010860469538396832
0.010736206305624234
0.010517884858972797
0.010239066055345946
0.0099419719518916826
0.0096710972672576674
0.0094654320146845029
0.0093314719045821844
0.010340263461344116
0.010336506053862118
0.0098480095814020875
0.0096247867622940159
0.0099496508532931714
0.009590086132054013
0.010483562611340851
0.011495136878225818
0.012602921836645069
0.01294792837687482
0.013145602220267991
0.013367992877171476
0.013312242026614858
0.012987389057024241
0.013841176417203319
0.0081623015918691581
0.0083124259082335093
0.0087377228848535965
0.0093749109138136066
0.010123646968476133
0.010872762245900506
0.011503837300290675
0.011924375440944204
0.012066187848467851
0.011908830066257545
0.011478141003779673
0.010841094025035979
0.010094132171436343
0.009351376454675939
0.0087249141258040081
0.0083078231292937916
0.0082393340865231837
0.0092872844093016861
0.010053264717379749
0.0099730975896998378
0.010142384377977501
0.0093267981951974267
0.0097425815917712363
0.010988108061363274
0.012405825186047504
0.013779385270375092
0.014889965930583999
0.014486619557704672
0.012837710954951259
0.012469580979518223
0.011963649641740537
0.013242222231878405
0.012832210357759648
0.012393094762802257
0.011828951424944511
0.0112283668412367
0.010678417912940696
0.010266367707352229
0.010049123597563429
0.010062211456807085
0.010299833840141784
0.010728046598090672
0.011282497059617938
0.011882391357248242
0.012435471664506686
0.012858333637651981
0.013084510030353828
0.013076413729352063
0.012049884841641819
0.015343464131770601
0.015857003153893122
0.011189571882453928
0.0099751509025594823
0.0095488034528838622
0.01115055524843645
0.01040667850305212
0.010321122316220996
0.010918509346817042
0.012097976963834332
0.016466453122931605
0.019302342277747263
0.016649955394651278
0.017633300495918731
0.02198733270855226
0.011514278163642196
0.01128095856993787
0.011091443949096452
0.010975943548879982
0.010948947498239643
0.011017258806514019
0.01116675213137177
0.011377501269234603
0.011615521923877756
0.011844679512421422
0.012032103515214625
0.012150609436232574
0.012181200484358386
0.012118268119005722
0.011969892550757661
0.011757536269716385
0.010906174451274139
0.013747086284922942
0.015691920461543205
0.014471061635138362
0.010663920326709998
0.010182969896558369
0.012369721342318502
0.01199444683930629
0.012039878707523164
0.012509912025661641
0.013323316898638898
0.017150921303943904
0.018698485426279596
0.014872714699567786
0.015632853459062481
0.020148825930339991
0.0051480336873042012
0.0055997166421518458
0.0066144558634349693
0.010811727697570217
0.011308546497787574
0.011843075174870897
0.012334649337255399
0.012710214079457674
0.01291305862676567
0.012909858368097915
0.012703834810218367
0.012325459137669878
0.011831620762676508
0.015534939696722254
0.015991460571951398
0.016127059525787874
0.016237631739159569
0.017674250656740009
0.018467429958039482
0.015431266515030465
0.012051876160860229
0.011093288117963094
0.011677723842391144
0.014002050606427507
0.014166541538575468
0.014438779401544383
0.016890563647480462
0.018786928743606237
0.017695983690133005
0.0096114638512961887
0.0090658198231274977
0.011296421519418894
0.0053777280315716819
0.0061102867256441771
0.0078077526801015075
0.0078121516490325289
0.010033640481250748
0.012617901025420522
0.0133799297540706
0.013866052350071344
0.014003456493150617
0.013768837503799949
0.013200417293399871
0.01396304773578721
0.014313779190532436
0.014778216692503199
0.015319166333021503
0.015506329260528039
0.015519593675768805
0.014834994028444477
0.01536522891807786
0.016552975478153154
0.013449270495342173
0.013407462423270939
0.014494822533075564
0.01568540095576626
0.016805121903817583
0.017692375996324502
0.018191213510783302
0.016982918605555321
0.01029480717907442
0.013692514025696625
0.011322148150848593
0.012164093250906106
0.0068943271985588582
0.0075871859363478714
0.009168478033019763
0.010200209239512285
0.01162172151376155
0.013232937348904756
0.014152572550602139
0.01467770439751442
0.014729225642511772
0.014298211842981873
0.013452253005238016
0.014007288339874841
0.013433732317895826
0.01377525355098873
0.014666921154871365
0.016286731650948391
0.016388733578564275
0.015256108727522959
0.014370572415403609
0.013912649957483396
0.016679677102040907
0.018230571231001601
0.016020744429009231
0.018333486513637781
0.018860923216349159
0.018769041337707369
0.017577214090515915
0.012969577524798614
0.015856559524335873
0.013670821163976032
0.010994392734307832
0.0091831757476256611
0.0063692790915231001
0.0072704623010537315
0.0091017428395474623
0.011592005450349543
0.014132824751482578
0.011884603273643837
0.014534795600294401
0.015020810609541028
0.014978869244798331
0.014417277407471408
0.014968780720745575
0.013073474560942334
0.012855433456380409
0.014125020865453235
0.013822130106285458
0.014777463875393687
0.014587988967178788
0.014097253946604518
0.012352412157626216
0.014130742318935576
0.014915216056407613
0.018950546975250809
0.019642132353046578
0.019494353444362733
0.018521227708235784
0.016884535555832296
0.014820069293678712
0.0193577469669006
0.015576718849148113
0.012422543172326972
0.0097842899302098014
0.0071651643580747919
0.0066513724082391387
0.0076296620799894375
0.0096954395879265722
0.012062534909150201
0.014652398107569785
0.015100909949619074
0.014465527804965569
0.014836817337706556
0.014708488601392204
0.014101594819921202
0.01425856676472682
0.013116795226048373
0.012309511432746717
0.01285711757150756
0.012434232778983296
0.012262444936511034
0.012009391984197966
0.01182083094674757
0.011004917789788274
0.010934088298652696
0.013238540425362913
0.018961916239179019
0.019888821731933567
0.019944150138494605
0.019105328229692031
0.017526175135831965
0.015426581261115258
0.018258104974821769
0.014896518337053988
0.011717661358834147
0.0092216143811003244
0.0092042246227386649
0.010486147667454782
0.0097918401019008762
0.0108498434986269
0.012735585339565132
0.01474266760613005
0.015092739608671274
0.013952717190025742
0.014152887266564091
0.01395736717282111
0.013397911195501232
0.013973417420312627
0.013141854529187822
0.011865772557408184
0.011402319278988401
0.010429716214928894
0.010012389497833877
0.01022449548760895
0.011030895122246897
0.012296020201503187
0.011978152199704791
0.012781708958382107
0.013314683821252402
0.017003747035024379
0.018474321159481385
0.019261734744868728
0.019282846844873865
0.016768888042042015
0.01843430415958355
0.015890425445738182
0.0099300769412344597
0.0098824338661891182
0.011473248867442228
0.010318989697961474
0.011097037022928673
0.010933255605526842
0.011385241929745854
0.012897997356659131
0.013970370447241507
0.013145958176513524
0.016139486422144387
0.017306619176854211
0.017870373517507445
0.017448051690526496
0.017065468066256119
0.015128443760647795
0.012930220621475518
0.010316046966711716
0.0083816712092618009
0.0086521398284546327
0.0097539255691718538
0.011269912419434678
0.012855249440032912
0.014411702630083437
0.012847964647313536
0.013075332160766976
0.013072835385702967
0.012839188594047739
0.012412326641602099
0.013590054707931818
0.013230367223383142
0.012105063139733347
0.011498636157205455
0.010451631673402089
0.010091508340277324
0.010701406773090592
0.010798505427509366
0.011201691123656625
0.01142285658434501
0.013314999514457772
0.013294882089376113
0.015702837153055958
0.016188215678492615
0.016350201141955494
0.016191359761985734
0.016415976287986186
0.014745436740623357
0.012307524411395801
0.011638848867260722
0.0095213068666671445
0.0084126979191827093
0.00791327246481709
0.0091461603991360163
0.0099110014309945014
0.012874049359061505
0.014482645099928543
0.012111120740373793
0.011967762969168719
0.01176250811131852
0.011525988318660934
0.01129692393181733
0.013032468751454878
0.012471613015054551
0.012395308116405107
0.012486029295145758
0.011290230662998618
0.010750865664434171
0.014000907978295646
0.014893064848945899
0.013985907340716551
0.017860833132732498
0.018746130033239265
0.017483274629142301
0.013395494456982718
0.013888867451349072
0.014409700000230889
0.014893790910059802
0.013356425327430962
0.014237261492486863
0.012288571459018276
0.010850609578011438
0.010296781877995372
0.0092229282414498237
0.0078776188514393334
0.0091139808977657045
0.0099848454370698499
0.012914946165826604
0.014337688897001856
0.011291160494780383
0.010799519882180827
0.01042364351336442
0.010221200835217539
0.010225437186806284
0.012420611588447832
0.012792213027131676
0.012835518494199455
0.013910339026536546
0.014100775076784325
0.014239256172550939
0.01694521908721347
0.016376637662269173
0.0197538749182594
0.018570348703665269
0.017487912056285877
0.015125717121086731
0.01123005312985254
0.011663356669249001
0.012462542939731754
0.013513694956578573
0.014645704225301849
0.01292227490624839
0.012776537660418802
0.012042252688009568
0.012006748771945394
0.013041575120763527
0.0093070329090854474
0.011178387590247503
0.011995589810097107
0.01298102904469218
0.011062954573091161
0.010512621683494181
0.0097483481348489519
0.0092607978441794428
0.0091241337677762744
0.0093605435969205814
0.012575652354972166
0.011185264519314599
0.013366764482866738
0.01526122249145722
0.016864625641340624
0.017931264068290938
0.018277185854683645
0.018057803585294879
0.022721455685710507
0.020240723552133754
0.017434186252736808
0.014748027735509952
0.013075352045638033
0.012044834358004164
0.011496812652208603
0.011527504563731359
0.013587959872376694
0.01573161947515336
0.014405584949566839
0.014064773014913962
0.014145540384900349
0.017019228715939215
0.012020057667900184
0.012264745634364296
0.012790652049016572
0.01119960816710709
0.011070401467300392
0.0098943131708899117
0.008973314545442564
0.0084484346699483272
0.008398657762830674
0.0088316306831232403
0.009680585832678423
0.013650456561487565
0.017241031323263416
0.017934831566194499
0.018312074300240962
0.019532889928935579
0.021665107084209739
0.020125905812225196
0.022316685779925922
0.019156497463972771
0.014850807789402959
0.011553875768229561
0.011053315582453734
0.010103376185811414
0.0097596169835071529
0.010196671079650771
0.01236297158842108
0.015702976530723368
0.017721000095371309
0.017248225709805453
0.016693081709067442
0.019973502087992444
0.012458393018136962
0.012160237980144557
0.012718139734949035
0.012145182478034087
0.010777549441540992
0.0095303819115473663
0.0085929066804682295
0.0081101420850046464
0.0081544958260868442
0.0087187154343804363
0.0097158353545206428
0.010994388563737035
0.015647988279042655
0.01934049447102907
0.020630011182152977
0.021921915943366406
0.013872162382107488
0.017150856129851722
0.015408651301324473
0.013084531867104917
0.0097443795173814442
0.010374111513310484
0.010496255178997186
0.0093835750809461178
0.0090877855347353473
0.0096681060949104433
0.011025702209029944
0.014986461448756091
0.019058420727242703
0.01884430256403296
0.019811071571320341
0.022781005285641795
0.014699120717025487
0.014088532307045652
0.013095502055175619
0.011870692494219884
0.010596871357628638
0.0094712492080472385
0.0086625552228741468
0.0082975367731985116
0.0084295282348025597
0.0090389193896271893
0.010032346525625686
0.011260025594111258
0.012535365292367656
0.013664611555682955
0.014473557373959762
0.018830670324625962
0.013090984590691428
0.016538122137588655
0.015757727511614483
0.011122408248687531
0.010631111112250872
0.009615346415200423
0.010492433293947574
0.009488560217859765
0.0092828320859117321
0.0099194705966586978
0.011291302910664531
0.015706658634701023
0.019430023960447129
0.018044305820166581
0.019101227305283242
0.022911290183798769
0.013950187366534536
0.013378778372852266
0.01253306601029606
0.011543666055842776
0.010556104774464363
0.0097241012878010787
0.009169237460565938
0.0089793389613873828
0.0091795761185184434
0.009741640972846511
0.010579818004397152
0.011569768156353088
0.012560220098594506
0.013401595807149277
0.013963612814910639
0.01415724462916767
0.012049884831706156
0.015343464162339336
0.015857003146461837
0.011189571880467169
0.0099751509728373423
0.0095488034311161166
0.011150555320154886
0.010406678480381031
0.010321122332404323
0.010918509272250791
0.012097976684541795
0.01646645247799286
0.019302341575391298
0.016649956529004351
0.017633301357738159
0.021987332675398021
0.01283221021131275
0.012393094676994669
0.011828951378339675
0.011228366736667113
0.010678417953668794
0.010266367638761346
0.010049123694628325
0.010062211441730801
0.010299833823487887
0.010728046579293745
0.011282497065228585
0.011882391327720275
0.012435471658717386
0.01285833364204062
0.01308451002535695
0.013076413655194106
0.010906174504603053
0.013747086269177346
0.015691920546938569
0.014471061665189021
0.010663920374965708
0.01018296992204645
0.012369721632022841
0.011994446819931205
0.012039878704470656
0.012509911907720038
0.013323316768101806
0.017151636537243619
0.018698485148984215
0.014872714802862636
0.015632853166362769
0.020148825714719473
0.011514278109520618
0.011280958269927406
0.011091443828411342
0.010975943460968741
0.010948947597686269
0.011017258798538933
0.011166752270290696
0.011377501272228346
0.011615521919531068
0.011844679512333355
0.012032103510927893
0.012150609447554587
0.012181200531233994
0.012118268259326003
0.01196989274313604
0.011757536388713949
0.016237631405547674
0.017674250628341503
0.018467429794123233
0.015431266439774008
0.012051875998592754
0.011093288057363752
0.011677723812813042
0.014002050563129829
0.014166541580757985
0.014438779633172751
0.016890563658993944
0.018786928692282327
0.017695983574986286
0.0096114638761079767
0.0090658196031369927
0.011296421416156633
0.005148033626647933
0.005599716467609238
0.0066144557708222524
0.010811727585533721
0.011308546531279069
0.011843075145211776
0.012334649344344891
0.012710214138562041
0.012913058640189476
0.012909858341895609
0.012703834832759104
0.012325459179032196
0.011831620809297748
0.015534939711748567
0.015991460600983148
0.016127059266908564
0.015519593802466402
0.014834994367443004
0.015365229154306352
0.016552975723853541
0.013449270326143075
0.013407462345631871
0.014494822431311647
0.015685401101299578
0.01680512199976978
0.017692376074927098
0.018191269538011045
0.016982918545133768
0.010294807305560295
0.01369251402495132
0.01132214790921497
0.012164093036239457
0.0053777279756152905
0.0061102866031129853
0.0078077525665866667
0.0078121515322420411
0.010033640416488939
0.012617901000828604
0.013379929781133029
0.013866052568039095
0.014003456478876705
0.013768837501734073
0.013200417393963023
0.013963047754937492
0.014313779270652234
0.014778216867970923
0.015319166537135279
0.01550632937377123
0.016388733321766161
0.015256108954458078
0.014370572711902733
0.013912650093836488
0.016679677251868797
0.018230571565848695
0.016020744650932978
0.018333487032461952
0.018860923158059054
0.018769041241032135
0.017577213997957877
0.012969577587395071
0.015856559631825931
0.01367082087833847
0.010994392605615142
0.0091832343897989017
0.0068943271913601287
0.0075871859091189058
0.0091684780837392749
0.010200209143246836
0.01162172147104863
0.013232937316781304
0.014152572277306834
0.014677704396919067
0.014729225499004347
0.014298211741783253
0.013452253009584143
0.014007288301091396
0.013433732407854776
0.013775253326391877
0.014666920582478598
0.016286731174985629
0.014587989183996786
0.014097253996289701
0.012352412182080729
0.014130741669082146
0.014915217274756688
0.018950546914227252
0.019642132521975893
0.01949435346644739
0.018521227652315002
0.01688453569505308
0.014820069464611091
0.019357747056409459
0.015576718830709001
0.01242254307726391
0.0097842898867408958
0.0071651643377886173
0.006369279095036001
0.007270462304967867
0.0091017428510122306
0.011592005267665167
0.014132824720374294
0.011884603255496036
0.014534795595290194
0.015020246106770734
0.01497886924022152
0.014417277403837957
0.01496878066980711
0.013073474451367504
0.012855433226471962
0.014125020675532366
0.013822130019365454
0.014777463834255364
0.012009392331820523
0.011820830981808597
0.01100491773935819
0.010934088233083648
0.013238539819189491
0.018961916741105499
0.019888822378590309
0.019944150410184616
0.019105328184276876
0.017526175118879658
0.01542658124503947
0.018258104967050364
0.014896518293405396
0.011717661755194828
0.0092216143479297973
0.0092042246814071915
0.0066513724202076569
0.0076296620904172862
0.0096954396064920893
0.012062534942239257
0.014652398121577039
0.015100909936810949
0.014465527800549313
0.01483681734253261
0.01470848859793724
0.014101594809256121
0.014258566728503152
0.013116795140630322
0.012309511301201297
0.012857117580990783
0.012434232971773981
0.012262445372457836
0.010224495579971883
0.011030895142355265
0.012296020018781972
0.011978152264206897
0.012781708420860507
0.013314684228457321
0.017003747320356515
0.018474321746582281
0.019261734925364107
0.019282846792621194
0.016768888061765363
0.018434304127442312
0.015890425446293509
0.0099300769392980173
0.0098824338679706705
0.011473248883769455
0.010486147701451924
0.0097918401199578523
0.010849843489273314
0.012735585342034575
0.014742667623772826
0.015092739615620845
0.013952717199931351
0.014152887279582634
0.013957367135184045
0.013397911175979018
0.013973417400476458
0.013141854571302321
0.011865772472527146
0.011402319299875336
0.010429716333756745
0.010012389612925676
0.0086521398781718144
0.0097539255214585049
0.011269912376361255
0.012855249417772784
0.014411702540273814
0.012847964539836668
0.013075332052255185
0.013072835380794302
0.012839188627486838
0.012412326521638957
0.013589528164419577
0.013230367285762212
0.012105063131555504
0.011498636171343973
0.010451631842347361
0.010091508399969522
0.010318989749471055
0.011097037131085636
0.010933255594632109
0.011385241923920788
0.012897997929852545
0.013970370457504724
0.013145958223809505
0.016139486428464869
0.017306619199354077
0.017870373388252942
0.017448051672691086
0.017065468057965983
0.015128443758171456
0.012930220682767947
0.010316047035988389
0.0083816712665746636
0.0079132723747226442
0.0091461604354900038
0.0099110015642852878
0.012874049344835227
0.014482645312308041
0.012111120900565354
0.01196776302800825
0.011762508137033188
0.011525988334014026
0.011296923939720569
0.013032468743957535
0.012471448715904014
0.012395308147278681
0.012486029352164947
0.01129023074677347
0.010750865731322739
0.010701406907831317
0.010798505488963583
0.011201691126879154
0.011422856599675043
0.013314999852347525
0.013294882107454938
0.015702837150158792
0.016188215643985652
0.016350201133216152
0.016191359739855967
0.016415976317562739
0.014745436703267277
0.012307524362302473
0.011638848908660899
0.0095213069858537669
0.0084126979857916187
0.0078776189301743016
0.0091139810468670261
0.0099848457194416321
0.012914946333723271
0.014337688937001748
0.011291160537150022
0.010799519888117923
0.010423643518670995
0.010221200839786308
0.010225437195144191
0.012420611672505497
0.012792213070863775
0.012835518622531567
0.01391033927335833
0.014100775086411726
0.014239256211869684
0.014000907925032925
0.014893064864639809
0.013985907411330729
0.017860833166431125
0.018746129980550093
0.017483401057530767
0.0133954944421825
0.013888867535867109
0.014409699945820156
0.014893790926683699
0.013356425420948208
0.014237261422823401
0.012288571414738172
0.010850609505640808
0.010296781801249728
0.0092230061154433291
0.009307033010104545
0.011178387803594368
0.011995590042130652
0.012981029121734653
0.01106295460236908
0.01051262171631435
0.0097483478949889416
0.009260797847181642
0.009124133766398642
0.0093605778132056054
0.012575652365718037
0.011185264651500909
0.013366764680556587
0.015261222972995319
0.01686462619935724
0.017931264131817771
0.016945219173558037
0.016376672661745785
0.019753875096623106
0.018570348738833307
0.017487912412429835
0.01512571750262018
0.011230053116233325
0.011663356607716469
0.012462542867930901
0.013513694964714818
0.014645704357214523
0.012922275074224511
0.012776537686819158
0.012042252598826051
0.012006748789387052
0.013041574942411944
0.012020057747208896
0.012264745747027413
0.012790651963884989
0.011199608300265184
0.011070401462222898
0.0098943131760902518
0.0089733145203013953
0.0084484346619075525
0.0083986577578943917
0.0088316306814216292
0.0096805858574197726
0.013650456551711319
0.01724103145101593
0.017934831896909777
0.01831207469663329
0.019532889931772539
0.018277185449658027
0.018057803412358103
0.022721455607789126
0.020240723616565513
0.017434186221425192
0.014748027699125581
0.01307535222059786
0.0120448342593624
0.011496812571899837
0.01152750472934326
0.013587959789794974
0.015731619680082638
0.014405584920271388
0.014064772742687023
0.014146090000447134
0.017019228594158397
0.012458392921938531
0.012160237886931147
0.012718139688690169
0.01214518247385548
0.010777549446422155
0.0095303822406348163
0.008592906656069434
0.0081101420774674846
0.0081544958303271312
0.0087187154325805705
0.0097158353523411362
0.010994388564365916
0.015647988326334003
0.01934049462353743
0.02063001074159582
0.02192191555560228
0.021665106620438863
0.020125905441789389
0.022316685620661175
0.019156497408957727
0.014850807760210331
0.011553875032527052
0.011053315781262191
0.010103376095481455
0.0097596168037644357
0.010196671168220489
0.012363062583279197
0.015702976867721465
0.017721000436019308
0.017248225212348769
0.016693081312330844
0.019973501796681021
0.014699120413367892
0.01408853215469154
0.013095502084597361
0.011870816690439953
0.010596871239938526
0.0094712492268448634
0.0086625552136569452
0.0082975367952052206
0.0084295280412677656
0.0090389194439590478
0.010032346527061989
0.011260025590915441
0.012535365275284689
0.013664611471177033
0.014473557187028648
0.018830669926207813
0.013872162045397873
0.017150855928239273
0.015408651290512837
0.013084531919672312
0.0097443877066423282
0.010374111502899561
0.010496255364393008
0.009383575237416163
0.0090877854087627972
0.0096681060821463272
0.011025702638675187
0.014986462003395488
0.019058421719875637
0.018844301435774338
0.019811070809861806
0.022781004879484076
0.013950187428173701
0.013378778341310574
0.012533065999399854
0.011543612818932864
0.010556104757331744
0.0097241013589019799
0.0091692374372518478
0.0089793389484498255
0.0091795761102465307
0.0097416409696710546
0.010579817996112731
0.011569768166672205
0.012560220115986093
0.013401595824463859
0.013963612794553767
0.014157244512587147
0.01309098440234875
0.016538122006363613
0.015757727469986611
0.011122408234574027
0.010631111059242523
0.009615346708846461
0.010492433336395362
0.0094885603227159946
0.0092828320155831801
0.009919470402437968
0.011291303042896562
0.015706659226785442
0.019430024921731934
0.018044304680222552
0.019101226031615078
0.022911290041169544
0.018877457328771673
0.017691783649094583
0.015811172304724692
0.013523015778580696
0.011169630075819271
0.01099113047537709
0.0083472574153369873
0.0072154085153930715
0.0070117692691364147
0.0076794607029902181
0.0091212601974797365
0.012664927663502837
0.01502393575930135
0.017093634708293101
0.018556289782257509
0.019184344510741171
0.014356851684996523
0.025139333604787987
0.022354156224155958
0.015865889928184728
0.016400274293161311
0.013010864734576435
0.009740160448358428
0.0077350952392834073
0.0072647897944657924
0.0084175977398492433
0.010998899887908911
0.014638786055208708
0.022786470930042966
0.028189740645769887
0.024792317497295973
0.032116997390025048
0.016824568630179965
0.015940558796722314
0.014625862009052519
0.013080632022455067
0.011537638591717567
0.010937518489193589
0.012112570743247959
0.0095712564997782312
0.0095379480361795291
0.01029242662804487
0.011776183654752529
0.013134002883354652
0.014679799178753101
0.0159877460796501
0.020942310670606805
0.021452519105517081
0.018792021275314756
0.023576019121129301
0.021878707411848011
0.015273532519220916
0.013379122223410539
0.014004481021949752
0.01160778891535115
0.010190512610955731
0.0099367409980032836
0.010902093782490831
0.012921360737932232
0.015713084771882293
0.022875489696234243
0.026475650388751458
0.021892813897637125
0.029211308321457984
0.0087271912573167968
0.0084293006743648927
0.0083731810703695161
0.0096902471422652178
0.012142330622977943
0.011793553126108702
0.012364649223460812
0.012522869667226872
0.012515221945452482
0.012703301497110448
0.013022689306902886
0.013594357546266289
0.018064666872714335
0.019796069554944021
0.021334875012759189
0.021667322025229523
0.020544587377019936
0.02385279436938181
0.024243198187124306
0.017627231185065741
0.013809973145193296
0.015603130596836405
0.01443379841947018
0.013812918561267424
0.013809845448878406
0.014445269688754489
0.015603275785996629
0.017127743154016554
0.022138149842956471
0.021152969060822775
0.013569323349541326
0.018506298314620525
0.012525504587787877
0.012435438045758468
0.012880505277152579
0.01246991814173296
0.011104997368848797
0.013538890428482617
0.014132549889259372
0.014572331778106486
0.014789652330045795
0.014751818845016607
0.014466472624240353
0.016579351019616887
0.016438817588612202
0.017468906679881015
0.022444024338865023
0.02283328121617707
0.020435271813549351
0.025267882721241149
0.018517602849881569
0.014888094067397235
0.014894320892974936
0.014907001066139134
0.017801581598164751
0.018068635030918316
0.018312115317830158
0.018521728229782718
0.018642445097180948
0.022470027360237378
0.024402867720107049
0.020282445671087553
0.019187140036300395
0.021390036455935697
0.0097414043709699791
0.010591727126055588
0.010960400168948108
0.013280458609762529
0.015745919258145256
0.013419887849041589
0.016462683543119503
0.017199499821545575
0.017313841789075829
0.016789492993028142
0.017675575216702738
0.015608611991455733
0.01911858761562581
0.018344432650216239
0.018107168536497645
0.018120475248932684
0.017746115563523932
0.017611916459942409
0.021417148633665235
0.0220641751713768
0.01446708006022918
0.018834136234541332
0.020951522429939955
0.022512635029687117
0.023470120494721976
0.023697838551789627
0.023129383961072329
0.026763249673495394
0.020343047874024571
0.017415656331699194
0.014029091567658311
0.014989774051658368
0.012932016588619437
0.01462817718313073
0.010143790812055834
0.013173572090300912
0.016963269890845338
0.018265226512821451
0.018283296289718514
0.019206249639670832
0.019201605671101331
0.018272177204266028
0.018959012852888934
0.015952906715257946
0.017964401779306
0.015121868236343053
0.014220942188408976
0.013713107366519303
0.013448595020433678
0.013564051030701751
0.019622331031563574
0.022083298283665436
0.018050992227743794
0.024526889620514122
0.025470502739745035
0.025656455172671691
0.024501561926018309
0.022195343339214
0.019783532765872028
0.023734327358129338
0.019281015218908189
0.014317252592729221
0.012526370419022766
0.016010692820834314
0.0098999321883591722
0.011902837242510589
0.014642600058880351
0.013045529685810933
0.017750043310971828
0.021830025963595307
0.019319037044707929
0.020287472482732494
0.020164195905928148
0.018970865741613434
0.018714175741447535
0.016193583570554209
0.015151664440494513
0.012628059231938445
0.011004063156267915
0.0093830607096669801
0.0090747187298285351
0.0098744972010030886
0.010693519757629123
0.014217235433947675
0.019879887059759047
0.023661836695196798
0.026859711823309269
0.027622688014045601
0.026744598490353873
0.024393653408451975
0.024542435573515792
0.023686447289825076
0.017551860100093113
0.01637485933537729
0.013471848882395724
0.011763073990830705
0.007927714132767022
0.009938164132154273
0.012975406589354564
0.015265090390017194
0.018257441846159881
0.022060594063186563
0.01940933355320764
0.020276926535185733
0.020054285625600174
0.018778566470069778
0.019520303255398587
0.016280721237550477
0.014271845909267278
0.010763373237666475
0.0084268005915428545
0.0070045362397465408
0.0072498418687440523
0.0089020830532215885
0.011048581442679367
0.013619225406298209
0.017911611965748687
0.023055283243481894
0.024438259085504451
0.026883797459552244
0.027781093560625733
0.023613281967312164
0.024543640938017114
0.023116904504707231
0.019782843730750784
0.01511148314944346
0.011310436285660395
0.0089391387359522324
0.0072657892475585231
0.0089838045026122589
0.011865678748460123
0.013353978788833173
0.016355021259576288
0.022008711211373658
0.019716176856220787
0.02636952382117657
0.026959690587342058
0.026076722057366022
0.028378785003120358
0.022769297372599823
0.017129315809817029
0.014645106157495202
0.0083103145049454059
0.0055731331507478232
0.0060712220638005545
0.0078937771755225993
0.011257977275831849
0.015485482443002237
0.016232528245203524
0.021005246279755439
0.018544411261985378
0.019178346084744904
0.018889187989258743
0.022332395207747217
0.019857902622841098
0.016592613404301938
0.013991371356315192
0.013710634824951246
0.0082022738285796228
0.0069914261976085348
0.0080419379458713178
0.0086238442913208428
0.01054821710104383
0.017427780183742473
0.017270505052393543
0.019970140361690834
0.025851442358295156
0.023527253360908423
0.024032595797610943
0.023475774595003253
0.023505423963782326
0.018972051953860591
0.015696927638692189
0.01449461598619731
0.010733369286197314
0.0064873505034616849
0.0062407762395287163
0.0082477959173166294
0.011543331445095815
0.013406745816920279
0.017673108512173009
0.020640359574562277
0.016855149207682413
0.01715879428287578
0.016846462609911014
0.015968726418451092
0.017676263177186725
0.015533557996159689
0.015407915827934977
0.01219029747952231
0.0096656927901649058
0.0082031591284561275
0.010460684900369567
0.011092906793600291
0.013417277016137132
0.023821616257749638
0.021983326776816619
0.024114522952394482
0.024225639238335515
0.019547567803835385
0.020454733520504427
0.020825659871989873
0.019583376090783769
0.017693486811802064
0.014404204322449408
0.013184246915671419
0.014049847292630997
0.01129192526660012
0.0082494644633357081
0.009915002856532372
0.010348369109910606
0.012607384015390254
0.017229155037975955
0.014191211191149177
0.014596223181423475
0.014523794826704808
0.014236355297757141
0.013780047606409168
0.019131898821859918
0.014528408560090184
0.016609188996308491
0.014369367483931101
0.012194892694284143
0.010701670979402871
0.013416812222707063
0.017220932356536253
0.02291632674896316
0.024888980096819325
0.021258231875136334
0.020030333605809619
0.017279102230731987
0.018773042361638386
0.018210294361720527
0.020092709821528901
0.015886107366365358
0.016572437211783055
0.015118201240517248
0.013816263065366756
0.013302103554563101
0.014596243579154001
0.01013404826291338
0.010575034011526688
0.011650636929955932
0.01519865073933626
0.016495118689566091
0.012702134734437929
0.012112161125284878
0.011675050690601249
0.011456742349165964
0.011492490405385794
0.015234225290003634
0.013740654841562188
0.014938664540165342
0.017858911356988333
0.015416583645546326
0.014113714206773887
0.0199709792219546
0.024245900468565229
0.025393056568627084
0.023114647381129366
0.022541183972898608
0.019703468044707573
0.014738626684271615
0.013578589139151144
0.01308042130656681
0.013347546098626135
0.01431450385652132
0.015147680186505684
0.016303733881380778
0.017211150933408265
0.020262201776742997
0.026305897694416849
0.01374124067902213
0.015682850511570673
0.015701966033778096
0.015663815753388564
0.01206019661874139
0.01102200064407575
0.009777724231022725
0.0090427764984719727
0.0089278843236499823
0.0094517291999873104
0.013859925973825762
0.017638428973967415
0.01595577011027836
0.018607420985491452
0.021606901169167084
0.021756609382911591
0.026486949521045921
0.026885497565603548
0.029203217181983598
0.025441549048921725
0.021204518815498341
0.014609104685738812
0.011826936205952168
0.0099935956230003346
0.0093607859203283742
0.010049143552510983
0.011931326334388316
0.014734092458138566
0.018676139561077883
0.021307476995595809
0.021714659619257389
0.027487925983471238
0.016425631762890001
0.015784217873845312
0.014587814195916277
0.013018407589711151
0.011893205696440765
0.0096579117921447629
0.012014311914994094
0.0089163561690598116
0.0044694632778530356
0.0079659536814091179
0.0096844978060950642
0.015581473515366004
0.020305760411394404
0.024380328431983529
0.025322676397340614
0.027119265222422181
0.023111726697172128
0.034148440747018512
0.029914611653001934
0.021464722685495857
0.015306811866946098
0.013341495288792306
0.0098639421209933947
0.0076320209831114696
0.0069556974501049779
0.0079587317112810689
0.010466537193603142
0.014115738066641393
0.021314235202691625
0.027811848972144355
0.026732472296235467
0.032096695410665947
0.020142869387936878
0.018943099312068043
0.016857628261322876
0.01420185956860562
0.011375511226205271
0.013034595296195
0.009422637208671869
0.0067825265325969584
0.0059281897635230577
0.0049822181487789389
0.0093533480329909911
0.012018480383215046
0.014849295413939437
0.022141955117942917
0.028132763143006074
0.029779849896188804
0.015856275691322943
0.025454303114007475
0.021999423417289287
0.015319816808955625
0.016588482614590509
0.012779506849229443
0.0091286892623751829
0.0068362132578547088
0.0062174200435407626
0.0073842888072704537
0.010137351676367741
0.01407774815549963
0.022238887085638953
0.028660269111998437
0.026492709812303655
0.033129984413777631
0.020042340756722239
0.01874578877269727
0.016594849094880695
0.013917357013483999
0.011114055499882848
0.011381374358388473
0.007966006772839148
0.0061919972976975726
0.0057408053826449972
0.0060048664395337594
0.0075533363280466401
0.012273597538914579
0.015083872291677639
0.017595264244243305
0.019422894481522821
0.020283702050288288
0.014356851696668128
0.025139333705456405
0.022354156083898659
0.015865889792194852
0.016400274309736347
0.013010864825627322
0.0097401605254712718
0.0077350953308183788
0.0072647899268654947
0.0084175977978191256
0.010998899550091338
0.01463878508120333
0.022786468277336672
0.028189738577793839
0.024791115878634182
0.032116998506500509
0.018877456826957687
0.017691783441985114
0.01581117216667316
0.013523015626113383
0.011169630126749316
0.010991130376051464
0.0083472575445320274
0.0072154086053904257
0.007011769253755574
0.0076794606862774254
0.0091212602133241526
0.012664927589445568
0.015023935636042884
0.017093634668613699
0.018556289875376854
0.019184344570025862
0.018792137113445708
0.023576019368283095
0.02187870754824953
0.015273532580228451
0.013379122424382359
0.01400448106103055
0.011607788861995988
0.010190512627156983
0.0099367409891726651
0.010902093518146213
0.012921360269877889
0.015713083710106938
0.022875488595209267
0.026475276702841822
0.021892813844519753
0.029211308111333892
0.016824568521955213
0.015940558331757764
0.014625861718979113
0.013080631828889229
0.01153763876462799
0.010937518282139971
0.011179549700460683
0.0096745707003753015
0.0095379479012722632
0.010292426629244428
0.011776183528301187
0.013134002845729797
0.014679799111901976
0.015987746223725365
0.02094176033308973
0.021452518518403272
0.020544586025018189
0.023852794166950003
0.024243198043388418
0.01762723132608858
0.013809972857980239
0.015603130612673018
0.014433798640011188
0.013812918584034155
0.013809845337171551
0.014445269505720617
0.015603275585617816
0.017127742840850141
0.022138149348010502
0.02115297000396223
0.013569322642282687
0.018506298010583146
0.0087271911853501454
0.0084293003399576877
0.0083731807747114348
0.0096902469380744441
0.012142330721592959
0.011793553093732057
0.012364649343551538
0.012522869614495879
0.0125152219821234
0.012703313834028873
0.013022689311514768
0.013594357624852565
0.018064666889931979
0.019796069528684759
0.021334874423496242
0.021667022666388581
0.020435270951397723
0.025267883215525547
0.018517603537914366
0.014888095027674601
0.015721150802102086
0.020851126911532777
0.017801581750057031
0.018068635144144682
0.01831211521586816
0.018521728215574785
0.018642444946090103
0.022470026939838829
0.024402868947934673
0.020282446667960096
0.019187139646238891
0.021390035346664098
0.012525504330149817
0.012435437708099977
0.012880505017159321
0.012469917908500385
0.011104997273987423
0.013538890368110141
0.014132549869986391
0.014572331719941949
0.014789652332666745
0.0147518188437225
0.014466472636192844
0.016579351139067805
0.01643881815368689
0.0174689071121624
0.02244402386147808
0.022833279776140806
0.017746114822433549
0.017611916564083407
0.021417148969422421
0.022064915136141592
0.014662147995027793
0.018834137006192127
0.020951522793434742
0.022512635618081884
0.023470120376324202
0.023697838240062174
0.023129384149398521
0.026763249762174715
0.020343047908663991
0.017415656188163063
0.014029091353455075
0.014989773677523521
0.0097414044745722378
0.01059172699931101
0.010960400145599224
0.013280426678700037
0.015745919419453594
0.013419887833800524
0.016462683492788253
0.017199499904896085
0.017313841771355309
0.016789492984441542
0.01767557522481962
0.015608612026274286
0.019118587217962973
0.018344431949393072
0.018107166386516743
0.018120472757806295
0.013448596129221415
0.013564050989463117
0.019622330617310002
0.022083297825619144
0.018050993530674422
0.024526890073098932
0.025470503001284811
0.025656455280163422
0.024501561613125427
0.022195343226974331
0.019783532820949044
0.023734327645527801
0.019281014963122321
0.014317252541336313
0.01252637009894399
0.016010692895408036
0.01293201649014955
0.01462817741959554
0.010143791007711317
0.013173572207806176
0.016963269899935563
0.018265226510658358
0.018283296292448594
0.01920624963433663
0.019201605657228716
0.01827217718777192
0.018959012748874272
0.015952906590928018
0.017964401590927333
0.01512186757912691
0.014220942345852007
0.013713109633669219
0.0090747193176483627
0.0098744972165564909
0.010693519434885014
0.014217236114359919
0.0210728770286201
0.02366183640120937
0.026859712437974179
0.027622688356360149
0.026744598256660455
0.02439365351509231
0.024542435597602226
0.023686447271285896
0.017551860008331217
0.016374859556831729
0.013471848738397076
0.011763074005315831
0.0098999322777786006
0.011902837381506978
0.014642600046531166
0.013045529794811928
0.017750043327584352
0.021830662749779389
0.019319037064294289
0.020287472487565478
0.020164195897381079
0.018970865715734215
0.018714175657815555
0.016193583375593935
0.015151664239327779
0.012628059260801659
0.011004063972653683
0.0093830618413941278
0.0072498421254569576
0.0089020831253326712
0.011048581379748471
0.013619225324735302
0.018219976616960069
0.023055283505510765
0.024438259789522368
0.026883789613044964
0.027781093712980563
0.023613281807618153
0.024543640868827821
0.02311690442564604
0.019782843827492159
0.015111483115588407
0.011310436328747644
0.0089391387529963746
0.0079277141610191986
0.0099381641563723901
0.01297540665033897
0.015265090004497928
0.018257441843834519
0.022060594046539473
0.019409333282831034
0.020276926547939882
0.020054285612195591
0.018778566399920774
0.019520303164040027
0.01628072115129196
0.014271845916746339
0.010763373475559097
0.0084268010339651062
0.0070045366541402589
0.0060712222458172349
0.0078937772036160574
0.011257977178163492
0.015485482325139121
0.016232527870243471
0.021005246340212082
0.018544411224336706
0.019178346150355064
0.018889188050794686
0.022332395216765274
0.019857902522088702
0.016592613327032327
0.013991371296087917
0.013710634814151567
0.0082022739057559385
0.0069914262625587953
0.0072657893142074352
0.0089838045475772749
0.011865678614215815
0.01335397876690015
0.016355021264598292
0.022008711218429195
0.01971617686592651
0.026369523825970468
0.02695969054942448
0.026076721955132741
0.028378784895699879
0.022769297437587765
0.017129315860914939
0.014645106378650097
0.0083103147853222335
0.0055731333641354771
0.0062407762514229042
0.0082477959243509851
0.011543331374252364
0.013406745760677652
0.01767310849920304
0.020640359811900509
0.016855149249880706
0.017158794300350545
0.016846462619501932
0.015968726408264588
0.017676263298890205
0.015533557860385872
0.015407915365500053
0.012190297342687957
0.0096656928605389197
0.0082031593103768664
0.0080419380795443435
0.0086238444348477033
0.01054821725092756
0.017427780295925968
0.017270505119720406
0.019970140364943646
0.025851441936866369
0.023527253286092543
0.024032595711890287
0.023475774580200608
0.023505424142464051
0.018972051824034483
0.015696927402559849
0.014494615894585255
0.010733369330559088
0.0064873505676767348
0.0082494647265458042
0.0099150030152107323
0.010348369308203457
0.012607384140162534
0.01722915508570181
0.014191211217518375
0.014596223186254564
0.014523794823757591
0.014236355189650638
0.013780047694092308
0.01913189880614059
0.014528408567454697
0.016609188880478378
0.014369367248875114
0.012194892720314472
0.010701671127273443
0.010460685141949715
0.011092907116287989
0.013417277243250127
0.023821616540973874
0.021983326918079183
0.024114522880733347
0.02422563920022729
0.019547567712320836
0.020454733139800091
0.020825659766006834
0.019583376230081832
0.017693486648351086
0.014404203967871707
0.013184246587995135
0.014049847588063441
0.011291925527235267
0.010134047797618945
0.010575034279409774
0.011650637017295523
0.015198650837350173
0.016495118662123897
0.012702134711753764
0.012112161123014399
0.011675050679666345
0.011456742334265772
0.011492490481524285
0.01523422537465677
0.013740655112237765
0.014938664940689239
0.017858911538347927
0.015416583715366017
0.014113714400715176
0.013416812444642224
0.017220932532931763
0.022916326961151465
0.024888980260061998
0.021258231636187536
0.020030333495327148
0.017279102168009798
0.018773042111066004
0.018210294227732418
0.020092709863582362
0.015886107470808156
0.016572437483679189
0.015118201075269544
0.013816263060861195
0.013302103949872383
0.014596243824396268
0.013741240665333878
0.015682851006153645
0.015701966088939142
0.015663815714582759
0.01206019660896864
0.01102200064293417
0.0097777242165643166
0.00904277643461502
0.0089278843062572926
0.0094517291835242937
0.013859926015480202
0.01763842908662018
0.015955770844947991
0.018607422161722741
0.021608137128257595
0.021756609365781537
0.019970978866821257
0.024245900253564722
0.02539305644851568
0.023114647473503679
0.022541184766237825
0.019703468112269602
0.014738626626128319
0.013578588814762855
0.013080420851669846
0.013347545924833046
0.014314503501863781
0.01514768027150689
0.016303740342476853
0.017211150872948031
0.018325885590690549
0.022528413077253204
0.016425631634304879
0.015784217752519959
0.014587814165622871
0.013018407604261442
0.011893205702664136
0.0096579117959969263
0.012014311882123941
0.0089163561589466235
0.0044694632677817646
0.0079659536818084374
0.0096844978847068167
0.015581473661856322
0.02030576090280176
0.024380329112234787
0.025322675699702275
0.027119264041328868
0.026486948161135962
0.02688549682415561
0.029203216774192572
0.025441549125032378
0.021204518299465309
0.014609104486072442
0.01182693629114337
0.0099935954354672604
0.0093607854661447165
0.010049142960739716
0.011931326074861113
0.014734092866539495
0.0186761411695479
0.021307476025660174
0.021714659406731077
0.027487925792273504
0.020142868751222707
0.018943099132184876
0.016857628345035302
0.014201859630726349
0.011375511313150939
0.013034595263269088
0.0094226371661717059
0.0067825265146813155
0.0059281897378648998
0.0049822181405920181
0.0093533480481916356
0.01201848046450304
0.014849295378648627
0.02214195459979789
0.028132761765719206
0.029779849355007659
0.023111725985852621
0.034148439990885217
0.029914611502289846
0.021464722996349508
0.015306811930160376
0.01334149526317583
0.0098639420950927849
0.0076320208787791629
0.0069556972155766323
0.0079587313145140625
0.010466537132776958
0.014115738601326654
0.021314238554641037
0.027811848598880612
0.026732471765522469
0.032096695238331752
0.020042340948633639
0.018745788788646488
0.01659484917522875
0.013917357085293649
0.011114055479026715
0.011381374363736173
0.0079660067176679904
0.0061919972395301686
0.0057408053392734217
0.0060048664112397976
0.007553336296218946
0.012273597536148206
0.015083872361170279
0.017595264386688642
0.019422894528421109
0.020283702034952084
0.015856275677309739
0.025454302584141733
0.021999423453429204
0.015319816874406526
0.016588483005891514
0.012779506717175487
0.0091286892264766713
0.0068362131807996719
0.0062174199006307341
0.0073862351591230876
0.010137351890808503
0.014077749108769503
0.022238889607515216
0.028660270552000849
0.02649270630002501
0.033129982846992846
0.024477860404205607
0.022619564737439309
0.019532839506776978
0.015687171813536325
0.017933224760784759
0.010250261318101179
0.0063260145161289352
0.0043132588081268262
0.004540447590143039
0.0069685253521375567
0.0086889150709595891
0.013259577091023407
0.017315000383952353
0.020932166521537694
0.023570016037651003
0.024817803941775282
0.018824371473477489
0.032577862532459395
0.024291398902641387
0.022520648964757584
0.019784630855053841
0.013536246205420767
0.0088482689909000368
0.0069893643294516236
0.0043161904542254612
0.0041942425551176835
0.0089988034119010563
0.015393364098823293
0.02175574966073842
0.034712139115577689
0.031260221384613887
0.041386760323219279
0.016820802741422256
0.015752697422518658
0.018016516554746936
0.015086362600344922
0.015730024127127873
0.010960952739627402
0.0086790078019286371
0.0073979495274959558
0.0078979209272058443
0.010092830379828392
0.010333314794902205
0.013674724511738802
0.016944704784902103
0.023834645740957523
0.029359386902293436
0.030840942948928668
0.028834262713421214
0.03770037965968797
0.026936406066503119
0.020983284387103746
0.019700998341192204
0.014753452363332002
0.010754634891232675
0.0083061338823786721
0.007739800577028646
0.0091624284965007435
0.012329591257610215
0.016791834702447342
0.021885544757374996
0.032383241990852837
0.024484829231885042
0.030531536878561267
0.019836951786465364
0.018682988018806086
0.010912503715536728
0.010121074375606793
0.013459965691308147
0.016716224561112058
0.012620002087024306
0.012262890055763353
0.012966908110362857
0.011518054024946133
0.012824954001796163
0.01734826535082561
0.020959008510407353
0.023840574710800984
0.024657429741733232
0.025540166248366081
0.027092663913886626
0.029502112925596232
0.0265824946451956
0.020747019348243301
0.025132712410985549
0.021729375187758592
0.014619143286584349
0.013294765960183485
0.013099113423120907
0.014086496844993229
0.016079557177530089
0.01880313304834736
0.023867071058885896
0.026732677567021548
0.027198763529167516
0.036196819050628208
0.017364649190553649
0.017001568928805846
0.016104254219979897
0.016043060089094747
0.010745988328571467
0.012307885135413322
0.016559908562741942
0.016651885123417958
0.016333159135200712
0.015115409295095909
0.017657457436671478
0.018893033959381994
0.018611185766184677
0.024652723787182317
0.025625610573576436
0.025972615873777853
0.022146960655715135
0.029571164504417477
0.029311336062702739
0.025015985786269342
0.014113859879589883
0.026683016163272465
0.019426422954093921
0.019427052582793168
0.019630090419928987
0.020040788097278991
0.020555285956732876
0.016400083274240092
0.027578033020655302
0.02955582877605217
0.023072451712778774
0.027252754417211734
0.019330872870029693
0.016634727072939975
0.014387344557810227
0.015132027215557764
0.017680602391312042
0.015514417900414457
0.018176923378303164
0.019054511978741979
0.019240536831498838
0.018709636826424896
0.020554309382880567
0.018011311357215419
0.021368281516943036
0.019165911049622699
0.018675107775752948
0.019503525246117443
0.018333761032770079
0.018368496854629667
0.025678417509204621
0.027228984050046669
0.023638390943123956
0.021075281467136404
0.021959139318850868
0.02581060083180747
0.02637660595683165
0.02614160760613321
0.026483047857647084
0.030584581148435382
0.024440996285155871
0.020444447111248282
0.020358241444551381
0.02787077282677115
0.013935829238363057
0.015248092808167463
0.018824930670819116
0.014759700421259809
0.019115151165884907
0.023436440563699288
0.021352763605745402
0.022639317599966867
0.022690730704023349
0.021502836618744435
0.021214899508461074
0.023271851862298434
0.01806309046185384
0.016984610723713652
0.013755358219210796
0.012894237216964616
0.011881129770831474
0.013915619535912959
0.02065397694825034
0.024854563200028601
0.029144302290223655
0.024830062141739804
0.026348495739237036
0.032415346906879444
0.03336905100873986
0.03257914009161153
0.031902185048374249
0.028084751641262048
0.019884712447588
0.022318732775136119
0.019153160464597425
0.020200260559948644
0.010745186569512073
0.011621694470276337
0.014846296406243081
0.020253079043710372
0.020410665086815993
0.025727364936441191
0.023491037962479356
0.024990549738586439
0.024898949490837416
0.023234662976165939
0.023155799249176122
0.023827833642670999
0.016665526420385834
0.01380667585987355
0.0081534912786395096
0.0069738390887295072
0.0073646370471033094
0.0080782017596458151
0.011994970114543891
0.015726479979580342
0.02900478542660349
0.028848749005792134
0.032875529782669298
0.034325280474448834
0.033498498906013648
0.03056718239811378
0.034925667620809162
0.026916193862613513
0.018753154777443524
0.018298243732316633
0.014535986875425042
0.013009979876079741
0.0065099086270265357
0.0086075731466687677
0.012385794460236242
0.018584275241195752
0.021371340254409135
0.026886686790397581
0.022017946042589633
0.02575140326250628
0.02553141619084889
0.02364330744996089
0.024194539583679325
0.02174819680968932
0.015668392090369791
0.010988383251194002
0.0061653140144433578
0.0040194972528269065
0.0043940981474614995
0.0072373201799289426
0.011288105313507612
0.01554440682304575
0.021240290324996504
0.029237656928810009
0.031293534524809971
0.03453020735766258
0.03543759145205351
0.029954564112234541
0.035561667589454699
0.027943340827375922
0.023470612195046186
0.01732046098582923
0.011831263739973497
0.0078847819663732163
0.0043267291044969515
0.0070703625997869729
0.011807907862352821
0.016446191194531275
0.02073229357416341
0.028700440691789668
0.030559516421508118
0.034089831267704832
0.034941079355302537
0.033508884783620581
0.033349519255208092
0.025583828133883175
0.024192709056534718
0.014989864565895879
0.0085789986833172648
0.0039309142764005888
0.0033846777588024653
0.0058033381762527163
0.010108379461274661
0.017083149720856741
0.021307843722899081
0.025605074514810318
0.023563306804218268
0.024810851053588642
0.024494950149865746
0.026586807021356618
0.024975099898620567
0.020501604323784062
0.02033881597810229
0.01371862659287347
0.0061237850915271458
0.0039962062627324681
0.0045606719254986071
0.0063399179560541218
0.011180257425692106
0.017093614533711339
0.025622283940817024
0.03165686171915303
0.033271099907003943
0.03042816181828004
0.031309998173185478
0.030414516076073983
0.029147897754184117
0.022971890477190504
0.023546326311874057
0.014503388423760616
0.0095829075201011599
0.0067465271335651082
0.0049912969789261217
0.0070175806544138441
0.012096087675851144
0.017561116206971376
0.019598035381280448
0.024753259108925701
0.021491259866828635
0.022310972946005543
0.021946576914058987
0.024539000164855339
0.022522403188020155
0.022794971225074782
0.017324920571374504
0.012199738825940632
0.0058156774326628986
0.0039581013169547813
0.0074437359507252623
0.010471527759557587
0.014299148191500216
0.023369626888851715
0.030239852352619317
0.028814847249333277
0.028991818064781599
0.025062610073287753
0.02635533999846917
0.026598291393870845
0.023903938640184242
0.029147968870588726
0.019303929171733725
0.020187077763030466
0.014480755392184075
0.012365532355777451
0.0069851315111142918
0.011005149385947429
0.014241812768429389
0.014379481851295933
0.017164530696786608
0.022776616870370241
0.018358525502107342
0.018626306814077738
0.018268962457118874
0.022525109295365033
0.019412799669861428
0.022645903438857293
0.019383427068083894
0.015321600693802786
0.011032484756676175
0.0073159493184412599
0.013687902900759181
0.016266040221586699
0.022474045177938284
0.029319963499702846
0.025213064675289231
0.026309865137009131
0.026220582495876436
0.022254277269270938
0.021990052139655814
0.021594414974613105
0.020053887748205514
0.029483147252860983
0.02589999456965816
0.01682975849575933
0.022842976645355888
0.023314105444129284
0.014354820282957812
0.015473925066868795
0.013285926723949616
0.014410406146775271
0.018678231202829722
0.014620752892867045
0.014641482644098544
0.014315267967105775
0.014018883267866959
0.013799572392811646
0.020908733066801653
0.015970196362267045
0.020954346104563894
0.019062453189802799
0.016716905285501144
0.014513191576111688
0.021607659984226785
0.02736647603468392
0.031049455439940817
0.031685130758321065
0.023305711801823496
0.023147097524809517
0.017220211962976822
0.015849878076339956
0.015228917009308863
0.015484351701321463
0.016546649152604648
0.016128995503061724
0.02874331641492232
0.028866880201912137
0.021121022476320105
0.024156756706008069
0.015672676617105162
0.015855441918155768
0.015839258533022968
0.018065660225903047
0.01339086380885551
0.012323774555014867
0.01626336300356163
0.012709142191779889
0.0072905529706751501
0.010360473692799563
0.016020724741618208
0.016340940742534029
0.017599924959939464
0.024096534196570374
0.02461847385786561
0.024648733519938078
0.022911223118011078
0.035610481836064717
0.034479084170835235
0.027098747326085481
0.025324270160829741
0.01970344288868844
0.012740796583289155
0.010251777908799399
0.0093576420379036691
0.010222661569391278
0.012684200202530355
0.016388064086883473
0.021171323557560566
0.024911288184125014
0.02760459596273904
0.035573752708787792
0.022468648390628704
0.021878563742955846
0.017244088619246839
0.014899523427157101
0.013034486931820572
0.016492745119278868
0.012038590182670721
0.0086451986076648349
0.0069228029753932918
0.006570539956838815
0.0066848773332589479
0.017515322971094305
0.023914686585808514
0.025192613611767178
0.026680600714110908
0.028765021173633151
0.029259705752391257
0.042363147934927924
0.037081271511153042
0.029550700142465958
0.020435999459610329
0.014475901670563954
0.0095020677604888189
0.0062566682166041955
0.0053704985773644406
0.0067846301497377446
0.010064688851572114
0.015181443128536387
0.021676362715697863
0.039574694204012814
0.030165172932290953
0.03943198272221303
0.023759270346375837
0.022278314570489056
0.020195834933386787
0.016338729523902952
0.018827343630558019
0.012699779731584386
0.0074902094273534871
0.0049846481601316184
0.0046290880663628613
0.0064674223057693443
0.0078606505832468313
0.013043649371694381
0.021860382798346262
0.029354335875148196
0.034467994778267418
0.036826438313083021
0.020061572828675867
0.032621668143322083
0.024504242764351196
0.02364051286204125
0.020043072227753134
0.013440376016603719
0.0085336060397161132
0.0062348134788610008
0.0035492049676577012
0.0037287897126723904
0.008703381744347375
0.014829287365014938
0.021505555183393761
0.035641022805154167
0.033012297005276019
0.042347773693925728
0.025514206661547686
0.023594148725904613
0.020298011521080371
0.01612710767855699
0.018232154796764516
0.010326095151426266
0.0059096198628580607
0.0034684254292542825
0.0033960738195034433
0.0056992033765590998
0.0078560359896019429
0.010514240045609372
0.017271460298776013
0.021289242407080758
0.024272793511748349
0.025758873707894047
0.018824371503553018
0.032577862102119923
0.024291398189881297
0.022521204449178989
0.019784631504152578
0.013536246588321896
0.0088482699701600952
0.0069893642828318513
0.0043161906278593645
0.0041942426437007784
0.0089988035491825203
0.015393363131603142
0.021755744833077063
0.03641656780992196
0.033041130189002378
0.041386765246970839
0.024477859501079568
0.02261956464660108
0.019532839337672674
0.015687171680543576
0.017933224801597935
0.010250261287189193
0.0063260145253385101
0.0043132588443223442
0.0045404476155728934
0.0069685253994459491
0.0086889152179461943
0.013259577081465315
0.017315000162963307
0.020932166221388205
0.02357001609403285
0.024817804238823994
0.028834260651209011
0.037700379956072123
0.026936406638388682
0.020983284982599645
0.019700999495671528
0.014753452008509728
0.01075463474796544
0.008306133807296074
0.0077398006024376482
0.0091624284447656204
0.012329591167640307
0.01679183334536186
0.021885541957133645
0.032383244612592545
0.02448482978915504
0.030531536493128099
0.016820802408300715
0.015752697071267814
0.01801651616897551
0.015086362395712639
0.015730024100384772
0.010960952735983596
0.0086790078581112755
0.0073979495661376229
0.0078979209428695161
0.010092830442689143
0.010332305976425463
0.01367472439165923
0.016944704614192473
0.023834644830717396
0.029359384455123781
0.030840939644868684
0.027092664324128039
0.029502112252961277
0.02658231269431045
0.020747019123542078
0.025132713768371763
0.021729376623274833
0.014617188990781391
0.013294765946693521
0.013099113399441798
0.014086496943360711
0.016079557270066363
0.018803132671622251
0.023867069682516083
0.026732678043057019
0.027198764546187543
0.036196814696087848
0.019836951667152526
0.01868298798911151
0.010912503642346806
0.010121074385124952
0.013459965645971291
0.016716224276651124
0.012620002133854696
0.012262890121677533
0.012966908340512326
0.011518054036626103
0.01282495399561236
0.017348265252044606
0.02095900860796638
0.023840574617397064
0.024657428677214505
0.025540164686731388
0.022146958929099458
0.029571166070919815
0.029311337434304481
0.025015986918842589
0.014113861198972243
0.026683015234483271
0.019426423413504267
0.019427052804472024
0.019630090057572172
0.020037722847255718
0.020555286028353659
0.016400082714182657
0.027578033850489191
0.029555830629073607
0.023072451130101319
0.027252752404643962
0.017364648891449661
0.017001568504868642
0.016104253684351991
0.016043060165139456
0.010745988512058808
0.012307885232631155
0.016559908570748627
0.016651885152248053
0.016333159163934841
0.015115409311142851
0.017657457477051962
0.018893034072201394
0.018611186037075088
0.024652723580364466
0.025625608732333442
0.025972866645746287
0.018333759308218567
0.018368495328442307
0.025678417502606982
0.027228984142947877
0.023638391636998341
0.021075282704504032
0.02195914113286412
0.025810602646481648
0.026376605270273096
0.026141606659809715
0.026483049746871309
0.030584580806875823
0.024440996248858197
0.020444447109958859
0.020358241241638205
0.027870772661351666
0.019330872769334383
0.016634726550440838
0.014387344694057476
0.015132027159593541
0.017680602535837933
0.015514418095779886
0.018176923427585687
0.019054511982735684
0.019240536834141869
0.018709636695963424
0.020554309507799181
0.018010158496899478
0.021368281636236146
0.019165910700274028
0.018675103958023073
0.019536516280552745
0.011881131183648072
0.013915620059944131
0.020653975717234988
0.024854563378777957
0.029144299793792541
0.024830061375964826
0.02634849655530223
0.032415348867085268
0.033369050930993092
0.032579139294716522
0.031902184801019084
0.028084751749897316
0.019884712265256042
0.022318732497021192
0.019153160628725997
0.020200260545716716
0.013935829776187264
0.015248093031937585
0.018824931175675685
0.014759700337907758
0.019115151048404271
0.023436440842991953
0.02135276365847014
0.02263931760419742
0.022690730693319578
0.021502836721075124
0.021214899513576923
0.023271851724076979
0.01806309001056541
0.016984610616167139
0.013755361557720966
0.012894243922397781
0.0073646375725931702
0.0080782015151089383
0.011994969568905365
0.015726479513966191
0.0290047869310248
0.028848747956213464
0.032875529403843466
0.034325280464944444
0.033500462546680133
0.030567182242302676
0.034925667969804321
0.026916193718950883
0.018753154669095377
0.018298243661546518
0.014535986948631754
0.013009979877003638
0.010745186591699022
0.01162169458608432
0.014846296597053041
0.02025307933432148
0.020410611144239931
0.025727364857770697
0.02349103796535866
0.024990549724319966
0.024898949445700157
0.023234662921071306
0.023155799150141147
0.023827833544568029
0.016665526140395511
0.01380667586134879
0.0081534917158517031
0.0069738405578666091
0.0043940983636332363
0.0072373203862838237
0.011288105264621755
0.015544406823562179
0.02124029219364269
0.029237655330372019
0.031293534149746081
0.034530206889132782
0.035437591333626048
0.029954564235889151
0.035561667867965316
0.027943340697736633
0.023470612050904595
0.017320461003584017
0.011831263664995107
0.0078847819249911726
0.0065099085884488001
0.0086075731224923499
0.012385794539731102
0.018584275347011642
0.021371340207505789
0.026886686693551189
0.022017945979469707
0.025751403362732263
0.025531416109697069
0.02364330714007189
0.024194539369074123
0.021748196764503409
0.01566839210788842
0.010988383434487098
0.0061653143619537533
0.0040194974626350148
0.0033846777752472726
0.0058033383441530532
0.010108379385108557
0.017083149724785963
0.021307843549398346
0.025605074600179824
0.023563306920459482
0.024810851069965535
0.024494950098785852
0.026586806920188964
0.024975099573783639
0.020501604062010868
0.020338815798838075
0.013718626525663566
0.0061237850696149471
0.0039962062686100877
0.0043267291256597644
0.0070703626365589758
0.011807907897301151
0.016446191253436236
0.020732294090223324
0.028700440655120774
0.030559516402832027
0.03408983127802407
0.034941079327623789
0.033508884823318832
0.03334951923713133
0.025583828447808318
0.024192709157606695
0.014989864772553332
0.0085789990360844049
0.003930914530586512
0.0049912970637365139
0.0070175808974968744
0.012096087774066198
0.01756111610821591
0.0195980350255761
0.024753259086517727
0.021491259846643015
0.022310972884245172
0.021946576989996226
0.02453900011710226
0.022522403028695261
0.022794970950442955
0.017324919954494557
0.012199738365962795
0.0058156773996699915
0.0039581014033018445
0.0045606719956898358
0.0063399180290627279
0.011180257475563692
0.017093614207979533
0.025622284071579182
0.031656861807991543
0.03327109964153252
0.030428161631352015
0.031309998162294829
0.030414852922664319
0.029147898193180796
0.022971890302717211
0.024134288842811106
0.014503388370668028
0.0095829074377878944
0.0067465273205041939
0.0069851312162689354
0.011005148831680083
0.014241812284092636
0.014379481744320679
0.01716453089899684
0.02277661726424924
0.018358525642717692
0.018626306787455596
0.018268962433571005
0.022525109238167543
0.019412799718995552
0.022645903358278985
0.019383426201002751
0.015321599033219939
0.011032484220405158
0.0073159494643794554
0.0074437360404832611
0.010471527930029801
0.014299148618620203
0.023369627250283007
0.030239852446307846
0.02881484694523978
0.02899181792799306
0.025062609999029744
0.026355339621924694
0.02659829112926192
0.023903938660896663
0.029147968875953424
0.019504919366824275
0.020187077186489055
0.014480755183919797
0.012365532158873123
0.014354819994429575
0.015473925142399004
0.013285926666990017
0.014410406200222705
0.018678231048892924
0.014620752865027146
0.014641482615375959
0.014315267924055816
0.014018883220770795
0.013799572375289454
0.020908733023432161
0.015970196864103545
0.020954345994247531
0.019062451476317601
0.016716902747070155
0.014513191530976736
0.013687903112002324
0.016266040966200088
0.022474045680893479
0.029319963603630341
0.025213064249414375
0.026309864628093264
0.026220582135007921
0.02225427733336376
0.021990052024958899
0.021594414819977151
0.020053886902636965
0.029483146457958218
0.025899994603431502
0.016829758289020905
0.021908960945276296
0.022479762548133393
0.015672676636931511
0.015855442136376571
0.01583925859662709
0.018065660327493824
0.013390863735482334
0.012323774530469419
0.016263362953418157
0.012709142167804076
0.0072905529450331737
0.010360473670850938
0.016020724715430628
0.01634094116316067
0.017599926708792627
0.024096532826085485
0.024618471382413701
0.024648732680162905
0.021607659264142536
0.027366476550960216
0.031049455434530141
0.031685130266434082
0.023305711118561185
0.023147096971870559
0.017220211604067545
0.01584987785981009
0.015228916383376579
0.015484351070197445
0.016546648769462987
0.016128994575585066
0.028743317797489842
0.028866883174528606
0.021121023364671448
0.024156757820782471
0.02246655905316277
0.021878563979732667
0.017244088546424341
0.01489952338973354
0.013034486945772942
0.016492745054871586
0.012038590161309214
0.0086451985915436125
0.0069228029416565987
0.0065705398564608703
0.0066848772698860489
0.017515323043034919
0.023914687213601075
0.025192618041139512
0.026680607120444691
0.02876501928125556
0.022911221768044509
0.03561047916487306
0.034479083213564868
0.027098747437412439
0.026219080072878109
0.021377394549420361
0.012740796441175836
0.010251777660277154
0.0093576414172171704
0.010222660202631144
0.012684198700901516
0.01638806183002061
0.021171326126752293
0.024911287023499665
0.027604593668563559
0.035573759233447244
0.023759269797880962
0.022278314540313468
0.020195835050604811
0.016338729540214862
0.018827343641192748
0.012699779742897875
0.0074902094058325822
0.0049846481475971736
0.004629088048390885
0.0064674221828525799
0.0078606502369311018
0.013043649544742974
0.02186038385438728
0.029354336015014356
0.034467993611908936
0.036826438811312055
0.029259705342044522
0.042363147090368466
0.037081271606800449
0.029550700093363261
0.02043599926508563
0.014475901394458411
0.0095020675746952388
0.0062566680875187622
0.0053704983567399592
0.0067846294910598451
0.010064687337077769
0.01518275470903154
0.021170568559300676
0.035028462876674063
0.030165175393565086
0.039431986953274184
0.025514206999170869
0.02359414881667167
0.020298011639974699
0.016127107800648108
0.018232154704580752
0.010326095143075465
0.0059096198327423738
0.0034684251561676142
0.0033960738012126269
0.0056992033879836547
0.0078560359319210064
0.010514239942528203
0.017271460383868408
0.021289242888912433
0.024272793897954607
0.025758873914478501
0.020061573455680215
0.032621668660628739
0.024504243375106562
0.023640512046970864
0.020043071450432492
0.013440375730109106
0.0085336059092631193
0.0062348133766357994
0.0035492047410884292
0.0037287894784875804
0.0087033810811758955
0.014829287421558101
0.021505557973086786
0.035641034515273673
0.033012293318875736
0.042347768976460587
0.028785530965291697
0.026427481423650156
0.022426917824564518
0.022085060367258113
0.017234135426775096
0.0088737647193961027
0.0042017052423252146
0.0020340302560384734
0.0027214216807531417
0.0061603172950659155
0.011876759473441644
0.01079913706692851
0.018958895065571083
0.0237887059814973
0.027364091545829545
0.029124300272621521
0.022338449250983949
0.038364815911992943
0.029098165621326624
0.026558550692393344
0.02192597813493365
0.01479212236918308
0.0092857106799459025
0.0042322278546995133
0.0020372832979603556
0.0027210826678412924
0.0068041786056373616
0.015687330503846502
0.023914487738160951
0.039029857604632248
0.040072709525419754
0.048392274461545023
0.021081318860844446
0.019470730798922236
0.016908308358660508
0.020344551652549982
0.019373588672580933
0.010382033355950157
0.0068355430896180625
0.0054012180083446862
0.0063300911358444012
0.009470773709962535
0.014850319468828218
0.014232871305724936
0.022496427533809565
0.029630302602213762
0.033574393916198292
0.035498502250470791
0.033154082770496064
0.043461927550283101
0.030731539212065298
0.033835668995765331
0.021782669736481349
0.015262613802561421
0.0078197339689141995
0.0068783717282884039
0.0054163097843665294
0.0063343796289094118
0.013547114150070825
0.017448882855063578
0.024112834633762282
0.037285118162511344
0.028512676055034991
0.037211763852768663
0.025488645368286059
0.023638941324804104
0.021041111039747287
0.011469452137837321
0.015096432354180889
0.015799285826067364
0.011617152290330061
0.011140407002207075
0.012174032949240627
0.014539451806944711
0.012290095057454195
0.018386101057303303
0.023185218150143641
0.024890859159571743
0.03464433417364484
0.036035768059452661
0.029557890879342706
0.042428130789287692
0.02619995451573225
0.023538059799682785
0.027983865432906208
0.023651602526692132
0.014481503024756159
0.01142989865020823
0.011975707143767536
0.014857318956457446
0.016131161495690154
0.019087016339316389
0.018162526102404996
0.031662852734477262
0.034776135050500541
0.044666182398045678
0.02110035890018153
0.020949678188208077
0.019392917154262578
0.017914190714408602
0.016546234723423855
0.015121979631021994
0.021506368440498972
0.019145900533775736
0.016969852834335535
0.016276056824753259
0.017993326279816028
0.018822088504012437
0.025455570811773673
0.026737766319077226
0.025185958451332157
0.025421149950681943
0.022342270088577875
0.033259347314591466
0.03227752720406437
0.028957420914883999
0.02487384352680461
0.028134546158774726
0.020307472997307258
0.020007985817366635
0.020145614811124868
0.020742760465706642
0.021665624512401883
0.017779406965419593
0.030720402045098804
0.030480658112822898
0.028154271304568643
0.032777139865723288
0.021511498376228559
0.023310568793611191
0.01989105741302007
0.01785024676973122
0.018687540489505706
0.015291966950367882
0.019023907678376837
0.019950292957179479
0.020206647961726332
0.019756892043469563
0.022986081144005216
0.025671790814791266
0.021159165299329763
0.019712255669000485
0.02086666500711426
0.020139186215625438
0.019578795108348871
0.021724307493236734
0.027046925362909133
0.025980969817844066
0.026224551167218089
0.018617876329227012
0.033147794252150441
0.027978433893280422
0.028612834900669473
0.02844389384918319
0.021958693971919265
0.03239937619246043
0.027331675022533634
0.023430606027157935
0.028735812869746361
0.031441334690987449
0.013680946814582959
0.015370456655187784
0.018460311317080123
0.024222925630403808
0.020498206953314429
0.025011247899865363
0.023270413623203007
0.02479230996739153
0.024910867017128843
0.023612181408834341
0.024239199063113809
0.027018488421666098
0.019318401926495223
0.017417272175744
0.012899601094794858
0.010024260565981531
0.0095145485033406949
0.011505407071426605
0.020829575090207667
0.026624877745029106
0.032390892182604027
0.025718336706881832
0.030769647228749003
0.035970138219002933
0.037552815388368063
0.037110434045465816
0.035427417103557804
0.03189109939786855
0.022473432583498501
0.024686659082600572
0.021231636101921546
0.021231610546816375
0.0091042059612788991
0.010713836062767705
0.013895156447689358
0.022180421464163144
0.021751614836402401
0.028304380681975227
0.023976737047717654
0.028231613965196068
0.028193454678019095
0.0262427499516131
0.026601401456233121
0.024285774931357914
0.019819845862148893
0.013030752584561968
0.0063068117412541308
0.0045445689442601689
0.0051616628264976698
0.0064805345920346336
0.010473695097469123
0.019530585664289044
0.032230150336432936
0.039742623713341765
0.037022225275224377
0.039033197029353831
0.038344595086217688
0.035107994215187392
0.039510343213365627
0.02965857727558226
0.027035755121331179
0.01985787750989379
0.015477601708767871
0.011732049040796845
0.0042366894554978218
0.0069322449030588791
0.011974381861255257
0.018908772815859447
0.025444562649867528
0.030347042720340816
0.032016553330512218
0.029748523442420155
0.029560071654075724
0.032111261436467059
0.027759570305579642
0.024478725166216044
0.018111073255735272
0.010182662777368479
0.0046046465737428271
0.0018004783978976082
0.0021644236244460074
0.0056480627121648632
0.009686569179663292
0.018472333361643667
0.027922605433948422
0.030562974508324466
0.036529421006578133
0.040253823861205573
0.041069966599646644
0.034665446075186984
0.041139939778783628
0.032140004915604939
0.025205923211633167
0.018911793855162912
0.010379495365865892
0.0056163008384132879
0.0020998483602227228
0.0054718422683113976
0.011421223841281847
0.01797695919433057
0.02447027265265311
0.034260404191604268
0.035036181164085863
0.039979219449049613
0.041041513608553432
0.037300478203821118
0.038312420383297907
0.030390982825050681
0.025647361987588643
0.016307812098740257
0.007944209962081861
0.0024487172969130827
0.0019155524798776422
0.0047573435649960723
0.010357048255654396
0.01823634667005888
0.02232271341156826
0.028923797360931536
0.027371016935862937
0.029118402964510588
0.028807859600211025
0.031185140013262082
0.028997838513194089
0.022804414929633966
0.021351116333594641
0.013235115473189689
0.0060940570998425994
0.0017869394489366699
0.0030333353866410511
0.0053811897045891611
0.010924504824707667
0.020244864675380374
0.027674202534297136
0.036450868461663254
0.041254828552321349
0.035840661212615435
0.037077678974964112
0.035955344074413309
0.033438044578212062
0.026296813561894984
0.026640893833611293
0.014296905003514082
0.01039735609376435
0.0076206088224456715
0.0048271196776965824
0.0066053167687821941
0.0098960787042968942
0.018997136157760955
0.021385345866100667
0.027656585809365756
0.025170587293536901
0.026436226952192513
0.026050742287565241
0.029332907711448104
0.026527139275949164
0.025923594732475446
0.018883402748968086
0.0098053740129869886
0.0047677516159922015
0.0023976253170739422
0.0059945460427938612
0.00985069593335384
0.01867572174608572
0.025182784701483205
0.036099903281559556
0.033403686231358191
0.037275797466650273
0.031913109051738935
0.036495347222384886
0.034100105251906113
0.027392928630679204
0.032975031166541338
0.021456551346061233
0.020003210893523263
0.014531995191530806
0.015741663528048688
0.0090847364468247642
0.0091194837863819399
0.015771595374251008
0.020123731735192
0.018585172875507181
0.025050160669167938
0.021510902027591577
0.022103198029418698
0.021701024923869758
0.025762517045038947
0.02305078424831054
0.026681767344639524
0.021371434884207504
0.015844435163343926
0.0076111994464441099
0.0060074265793748751
0.014200118706801459
0.018525692712701634
0.024967459456953313
0.027984517019127495
0.030488017475856055
0.024801785987762406
0.030682366247719087
0.026014866858449268
0.02581094639561176
0.025233113202299703
0.020756189424780792
0.029508783735895508
0.027918486411539677
0.020963918445297283
0.025719432321297163
0.025983176622980469
0.01682692921965049
0.018200068571376928
0.019697500746028107
0.016551897468419698
0.020223293234230316
0.016164780721242385
0.016946782242492582
0.016773992483411649
0.016414965798143923
0.02145244423550283
0.019106198716149381
0.02538053898189005
0.023870937486511493
0.020738721000564276
0.017272268840992554
0.015571936789662549
0.019132461046569339
0.025476414033121009
0.034312507690725851
0.029090038562331409
0.021986071750143322
0.02636124690391169
0.023288007203485697
0.018025456234187304
0.017331532931752724
0.017528709934317453
0.018545342905693468
0.017597478330556759
0.028729981050740396
0.032022721044997544
0.024628872885656527
0.028518271755784776
0.018627785716582464
0.018580140549527488
0.018194293360458632
0.019922003268041753
0.018706652925816046
0.022922040316995001
0.019239601856376545
0.016046621263021667
0.01362819013771127
0.0073099126956228683
0.020038019060351214
0.016688536989084016
0.025568221647062645
0.026275954603593887
0.024352646038080135
0.022752958405338048
0.02655450164287769
0.043568411627391439
0.035859083671183532
0.030527527635879105
0.027954441062019525
0.022077899344230847
0.012358789801703293
0.0095051966888806613
0.010094137101418713
0.012684481455849566
0.015466914114257768
0.017727377961711935
0.019747721675686235
0.031955251115186836
0.032761985909835867
0.042299997370359547
0.0282345330022741
0.026905141898904718
0.01920969865752465
0.016351579081928115
0.021734819502230232
0.017116805371394407
0.011143688993321651
0.0089009855846038845
0.008510646276453801
0.0076255250009873666
0.012928178777681612
0.020439540085109186
0.022166458781986007
0.02483645483152426
0.033760753067882017
0.034611480689312399
0.033088435612132296
0.048613709500343709
0.042567930006682846
0.035856711937063163
0.026941166791680897
0.014304821878176884
0.0088365138886285482
0.0057373600920760251
0.0039332997776530881
0.0054192948611671331
0.010977790190690867
0.017703346630502163
0.023207117921876332
0.036368926419877434
0.032610804654525934
0.045378956201837239
0.025617810534088615
0.02387418329949758
0.022602477544846851
0.020130238592669696
0.019555088079190208
0.011291396434011759
0.0065206582098909444
0.0039132763238948608
0.003894467935844634
0.0064559626778096435
0.0090315524304140759
0.009713609949681172
0.025604427599514219
0.033532501916915709
0.03872462814742425
0.041587615759584765
0.023108405543887399
0.038057082325535903
0.029214943094235626
0.0277598985397693
0.022246799544272285
0.01370100424574261
0.0084527528963928428
0.004129604806524868
0.0015188070733226228
0.0018671117085849167
0.0071293360223989889
0.01625872666048693
0.023595913006724405
0.039521368657248444
0.041195706887653595
0.049171878358098761
0.029537899790214057
0.027187705957622505
0.023079150465329427
0.02244123347314593
0.017597436943123657
0.0091917232974978117
0.0040919664238553378
0.0015141418240157622
0.0018703478726128753
0.0051058978938973197
0.010778702619452435
0.0098918915063289196
0.018788614155235226
0.023919707267459841
0.02777680702799732
0.029754567253192064
0.022338449392901753
0.038364814433389904
0.029098163778017994
0.026558552771740365
0.02192121246668725
0.014792123327940008
0.0092857099855932733
0.0042322274606249235
0.0020372833358445956
0.0027210826199298831
0.0068041791812093848
0.015687331522497485
0.023914483654960905
0.039029855142241131
0.040072710757078925
0.048392273734179377
0.028785531458661518
0.026427481726809185
0.022426566685710171
0.022085060315841787
0.017234135303273338
0.0088737646992157315
0.0042017052233224743
0.0020340302654441602
0.0027214218409758024
0.0061603173337479262
0.011876759631734983
0.010799137123930077
0.018958895027240137
0.023788100373267593
0.027364091207349579
0.029124300622450201
0.033154082416543752
0.043461929192721835
0.030731538591533776
0.033835671431511803
0.021782671676359604
0.015262613507510039
0.0078197339723917163
0.0068783721435295335
0.0054163097722342343
0.0063343795915556944
0.013547114184232966
0.017448886188045243
0.024112827042330223
0.037285114018596341
0.028512675631084474
0.03721176369234161
0.021081319291437094
0.019470731045766441
0.016908307963226538
0.020344552263254583
0.019373588939739034
0.010382033483928856
0.0068355431195461806
0.0054012180307987951
0.006330091172555753
0.0094707737610813993
0.014850319635404806
0.014232871234592876
0.022496427090958462
0.029630301789820557
0.033574392740060591
0.035498501722856575
0.029557890622423717
0.042428130922894346
0.026199953556476082
0.023538059209569633
0.027983870432808561
0.02365160745304604
0.014481502759467951
0.011429898363320947
0.011975707170599507
0.014857319539269605
0.016131162657525965
0.019087017550181284
0.018162522757192583
0.031662849586713143
0.034776134370950354
0.04466618063734993
0.025488645048300656
0.023638941389327397
0.021041109686830459
0.011469452875535704
0.015096718291538105
0.015799285808624303
0.011617152300566159
0.011140407029691362
0.012174032705013802
0.014539451858924673
0.012290094610952386
0.01838610103286888
0.02318521820311022
0.024890858726917809
0.034644334554790789
0.036035768236699885
0.022342269859203422
0.033259349535749473
0.032277527149921596
0.028957421229752818
0.024873839062721899
0.028134543882998731
0.02030747393412272
0.020007984894619728
0.020145614606291402
0.020742761080877362
0.021665624256263442
0.01777940672978905
0.030720400640554351
0.030480658133869784
0.028154270930805209
0.032777139460358796
0.021100359142799001
0.020949678895137096
0.019392917028300101
0.017914191714093447
0.016546233507033856
0.015121980174616072
0.021506368597689594
0.019145900588275866
0.016969852941118781
0.01627605710348411
0.017993326302296438
0.018822088580787953
0.025455570950646406
0.026737766586672988
0.025185958723422802
0.025421149761358279
0.019578794949614512
0.021724307654301177
0.027046924579191067
0.02598096665227791
0.026224541735454878
0.01861787710583826
0.033147794085186762
0.027978435567316329
0.02861283404154729
0.028887100410032351
0.024137818764107359
0.032399375480329444
0.027331675816987158
0.023430606380518148
0.028735813349321907
0.031441335236028642
0.021511499427526823
0.023310569751795084
0.019891057449715175
0.017850245986559984
0.018687541516215347
0.015291967728973292
0.019023907872913547
0.019950293012886068
0.02020664795748485
0.019756892070912854
0.022986081151064243
0.025671790802238394
0.021159165327196194
0.019712255711553363
0.02086666438468263
0.020139185444843812
0.0095145486478572516
0.011505407338217047
0.020829574245194448
0.026624877126791339
0.032390885895484521
0.025718332008098185
0.030769645235246577
0.035970141519945702
0.037552816256403575
0.037110433915484839
0.035427417550150955
0.03189109887504276
0.022473432290527971
0.024686659193840343
0.021231636134649103
0.021231610512042452
0.013680946809134665
0.015370456485314715
0.018460310870365492
0.02422292839451724
0.020498205924694885
0.025011248278887562
0.023270413713992803
0.024792309996142865
0.024910867053955888
0.023612181529837521
0.024239198979399228
0.027018488373512964
0.019318401771963464
0.017417272217253376
0.012899601724258813
0.010024261594655057
0.0051616629090969835
0.0064805346007556861
0.010473694948853658
0.019530585858379905
0.032230150194343797
0.039742622596403439
0.037022223992736289
0.039033196926567072
0.038344596078030396
0.035107994503897538
0.039510343150410993
0.029658576816014817
0.027035755137338423
0.019857877519855936
0.015477601553512037
0.011732048970888779
0.0091042057614079512
0.010713835791053372
0.013895156410025191
0.02218042074982143
0.021751614116454588
0.028304380261372278
0.023976736996923705
0.028231613927928213
0.028193454689586336
0.026242750045840476
0.026601401555326077
0.024285774875425905
0.019819845750478543
0.013030752656078495
0.0063068119287919833
0.0045445691915365896
0.0021644237649828227
0.0056480629835173506
0.0096865691611410197
0.018472333786521699
0.027922605395153604
0.030562974638466436
0.036529420712956139
0.040253822273630259
0.041069966237115403
0.034665493835109869
0.041139940104042753
0.032140004970683186
0.025205923419561831
0.018911793957554487
0.010379495273806065
0.0056163008140245815
0.0042366894577999725
0.0069322448461178717
0.011974381908237283
0.018908772884025062
0.025444562212704632
0.030347042499900018
0.032016553106495545
0.029748523290419306
0.029560071550892443
0.032111261410006628
0.027759570333600339
0.024478725110956643
0.018111073463002447
0.010182662814541266
0.0046046466587540561
0.0018004784281458821
0.0019155529931111947
0.0047573440362735104
0.01035704814560174
0.018236347253063442
0.022322713608000682
0.028923797685048613
0.027371017208519467
0.029118402721834677
0.028807859067528887
0.031185139731853929
0.028997838200920403
0.022804414687297096
0.02135111610015487
0.013235115390479796
0.006094056963789357
0.0017869394634866859
0.0020998483677355283
0.0054718422703861824
0.011421223860668329
0.017976959349921912
0.024470272749734571
0.034260404151436136
0.035036181153312175
0.039979219539011922
0.041041513678704643
0.037301195887878863
0.03831242057277022
0.030390983154101454
0.025647361828130797
0.01630781266216088
0.007944209998196821
0.0024487174594148122
0.0048271197076085537
0.0066053165873465056
0.0098960787154078675
0.018997135654539962
0.02138534551276829
0.027656745973049953
0.025170587195463105
0.026436226742813318
0.026050741982079004
0.029332907569503529
0.026527139058311593
0.025923594394556562
0.018883402089140147
0.0098058880493387835
0.0047677515970936755
0.0023976252912670335
0.003033335409916558
0.0053811897571114028
0.010924504885178016
0.020244864819813465
0.027674202628830236
0.036450868497637054
0.041254828445860002
0.03584066150245227
0.037077321396743051
0.035955344571150689
0.033437888992852521
0.026296813601662587
0.026640893914930498
0.014296904890641558
0.010397356396124921
0.0076206096213801717
0.0090847339267740683
0.0091194827217215696
0.015771595964178133
0.020123732808763322
0.018585172813260279
0.025050160828887044
0.021510901923901257
0.022103197967277895
0.021701024796255713
0.025762517037900005
0.023050784294030659
0.026681767398087548
0.021371433745015083
0.015844433589978769
0.0076111991060002866
0.0060074266066000425
0.0059945460831700116
0.0098506960754472118
0.018675722225696176
0.02518278485943393
0.036099903084929351
0.033403685699844442
0.037275797371567242
0.031912300947248264
0.036495347092223775
0.034100106130939924
0.02739292901710124
0.032975031460201962
0.021456551479579093
0.020003210316042686
0.014531994860063031
0.015741662199834281
0.016826930208521346
0.018200068230253393
0.01969749928429201
0.016551897314963034
0.020223293101142487
0.016164166733715638
0.016946782212384388
0.016773992419813907
0.016414965732618008
0.021452444202959751
0.019106198832407051
0.025380538966604266
0.023870937828002172
0.020738717359104021
0.017272264063190376
0.015571936166198085
0.014200118562306074
0.018525693716386057
0.024967460057009394
0.027984516786350739
0.030488016697498801
0.024801785023754627
0.030682365915628517
0.026014866979692446
0.025810946041340883
0.025233113267220667
0.020756189698201293
0.029509367946502545
0.027918487249497175
0.020963916704882249
0.025719432938030279
0.025983177396910126
0.01862778629631236
0.018580141422056523
0.018194293801593635
0.019922003683208431
0.018706653506281236
0.022922040414950849
0.019239601791365652
0.016046621199286376
0.013628190163567883
0.0073099126847171007
0.020038019135868328
0.016688537554228406
0.02556822167688878
0.026275950225128832
0.028033670837884359
0.022752957441803272
0.019132461066266856
0.025476416353475178
0.034312508213728034
0.029090037453493523
0.021986070252240981
0.026542138691921586
0.023288006996198554
0.018025456212598132
0.017331532518156216
0.017528709846597747
0.01854534307613287
0.01759747790910671
0.028729982054447833
0.032022724446169534
0.02462887242202496
0.028518274519644317
0.028234533922230024
0.026905141795047192
0.019209698474267831
0.016351579120493082
0.021734819293647744
0.01711680525736883
0.011143688921879844
0.0089009855625103024
0.0085106462481187948
0.007625524916478092
0.01292817920185764
0.020439539934176468
0.022166458831264207
0.02483646452067673
0.03723151621511829
0.034613917172655537
0.026554501356578841
0.043568409962157252
0.035859080863877603
0.030527525528308161
0.027954440993472395
0.022772351095491961
0.012358789558164881
0.0095051966747986671
0.010094136959158562
0.012684481440841168
0.015466913783134828
0.017727372668702685
0.019747723395015342
0.031955264557567233
0.032761984062279231
0.042300005827562888
0.025617810034025787
0.023874183455268708
0.022602477828132062
0.020130238472671626
0.019555087977888196
0.011291396464764073
0.0065206581942509143
0.0039132762842967661
0.0038944679222254279
0.006455962589588196
0.0090315517568225773
0.0097136099661325487
0.025604429161351083
0.033532509311239286
0.03872463521788394
0.041587617998700852
0.033088439040620234
0.048613714319781037
0.042567925575281586
0.035856707624822848
0.026941164494112813
0.014304821768329125
0.0088365138099074821
0.0057373600933836935
0.0039332997297549521
0.0054192950451525971
0.010977787837454206
0.020402618864395143
0.024986723819251568
0.036368941988924396
0.0326108090203132
0.045377416436273403
0.029537899188236162
0.027187705644335033
0.023079150468088741
0.022441233535677164
0.017597436890283223
0.0091917232657848947
0.0040919664026442181
0.0015141418375407064
0.001870347867215587
0.0051058979268821039
0.010778702725714576
0.0098918913420801436
0.018788613904322859
0.023919707514679135
0.027776808225246811
0.029754567620519107
0.02310840658778807
0.038057090761245645
0.02921494582553863
0.027759892570065836
0.022246797561158906
0.013701003885778579
0.0084527535711827126
0.0041296049427463231
0.0015188069788318152
0.0018671117211378299
0.0071293346589434928
0.016258725844673548
0.024868424715326916
0.04082289583669535
0.041193137305462348
0.049171880360641962
0.031152664718551302
0.028548097095572773
0.024065956949049474
0.026453071378077852
0.015715026990629929
0.0077399540691293787
0.0028035664317978223
0.00072092275617308317
0.0018302876297809716
0.0059654560356582056
0.012561181827086919
0.013692931765479021
0.019279000178426847
0.02523752415039017
0.02936791100915833
0.031453327695295283
0.024368806334246214
0.041634908993087659
0.031506912821771829
0.031669068415780717
0.023155076255805387
0.013495103049145207
0.0076347412859205542
0.0028290651999914969
0.00072338038350684252
0.0018354998415721492
0.0059741842107750073
0.018755161635428275
0.024963183085952838
0.039038832820101996
0.047759338116557984
0.052088308878712831
0.022900057560057325
0.020767253598654788
0.018851417505857442
0.023412712167178287
0.018472969251985452
0.0093132495696399975
0.0054250181692178162
0.0039976203152690569
0.0053051358716999239
0.009115515989938679
0.014889357009644305
0.012192345948069016
0.023554964308674337
0.031252661846893313
0.03564243320693742
0.037814891228546393
0.03531108661357666
0.046396353713468189
0.033440307740189516
0.036933980891808535
0.022962789899932654
0.0165294236510189
0.010277476973106757
0.0054671359137482001
0.0040125758495946733
0.0058122538387162187
0.0094089173604179031
0.01805338656716711
0.030957857063821363
0.03940847009548315
0.036394681576996234
0.041808876797025378
0.032541746188562599
0.029796935861117389
0.023847654585443221
0.012416855519296768
0.01731223261733392
0.012792653889147694
0.010548805212975772
0.010014130824712249
0.011314101261718685
0.014214864824220769
0.01461073225040679
0.01915270390868885
0.024074521282173651
0.025788727047273061
0.035792596230060113
0.037206021972921013
0.030173230297908211
0.044428984215245597
0.037767856943391645
0.024953374622350519
0.029500455889528657
0.024653228334661763
0.014946798465814037
0.011362137049192301
0.010050035243402047
0.011417203421848036
0.016968357090640051
0.014291583269355833
0.019396972915876866
0.034894966496538678
0.040622298321435636
0.051580697470020268
0.0238524874403836
0.023400307573775168
0.022203318057973931
0.02048449063584025
0.019150254087809834
0.019803747764566972
0.020984752943835658
0.017882512273385057
0.016160160657893059
0.013748531152626907
0.018972800399846126
0.019667388202675579
0.026445853327473911
0.027403281825366225
0.024877359340637339
0.024872519498564324
0.021539612942682935
0.033580818354291969
0.033985754104547905
0.028208708117885908
0.026699486385577592
0.029578099776071044
0.026841064328160528
0.019734900421256418
0.019794222513390549
0.020546079567571936
0.021824427726156247
0.016698618266433721
0.032293617290571508
0.032778453120813525
0.030856359109889011
0.036496458915479438
0.02061034888823499
0.02237213444869671
0.026426291457555838
0.023054888895551653
0.018901970208477344
0.014246919339414146
0.018878764475825538
0.019754532302096305
0.020070136438281556
0.019779853394734447
0.022478905684424143
0.027134045833248546
0.021752585070163855
0.022153376153035257
0.019966209403085831
0.019361721448840095
0.018795092681556484
0.024667365319138934
0.027100119359880642
0.026507283446381834
0.024952323015512909
0.022494550317702929
0.035414450797567922
0.028534462179512263
0.029179210315979295
0.029114571245555616
0.022736485515648948
0.033469351911642492
0.030508199951797699
0.024799932763069271
0.030462972963021331
0.033954926697210598
0.015103373025112913
0.015216139611268076
0.017736407450561705
0.025586511229611659
0.020780629640871667
0.025132200926561658
0.023745184798918319
0.025339915013390477
0.025528536178030702
0.024286513101049543
0.026001402192297962
0.028864505981016756
0.02258360656631915
0.017000629081455099
0.0089913674288794668
0.0081608550362441846
0.0077593995679957816
0.010044107573848828
0.020702602353552244
0.02714634478712322
0.034053492927488577
0.027166750223444888
0.031693187695398389
0.03714012383791121
0.039275754170547975
0.039311832476326636
0.042314804228884867
0.033435427456358073
0.030740249846562064
0.025521999742997056
0.021594532497487197
0.022389870335180941
0.0076637337088736436
0.00959016274995011
0.013621897148881131
0.020694889778986973
0.024669156904474746
0.029141434745594202
0.024954669241511403
0.029520274562917333
0.029552127639539044
0.032615154500159706
0.028533970045027751
0.025907895951554512
0.020768268692960661
0.010023774477693363
0.0049621363854640789
0.0029626113027506253
0.003557399149742397
0.005469615379125701
0.010244186226098252
0.023044852894278926
0.033681299933412227
0.041979756729985399
0.038685146606667414
0.041048117595429721
0.040554912452547921
0.037330717122375366
0.041616864395486841
0.031505512593018342
0.028851371230997333
0.020758490267134725
0.01492958969273531
0.010429403175779364
0.0027530513952701324
0.005712211796520727
0.011452053552541024
0.01857519212945493
0.028924896850931633
0.031918046118590386
0.033651741523498917
0.031663456028192406
0.031534131058473344
0.033298979111645935
0.029684222777423771
0.026014717336822542
0.018886122297710976
0.010064395314511402
0.0037791807476300703
0.00059003523740652005
0.00090019241690508344
0.0044801617887929327
0.0102773755411464
0.022256833825017901
0.030686669077174357
0.033468870002258289
0.039361254123761319
0.043200099323015634
0.042319229744313201
0.036928553064430637
0.044130201141472265
0.034597898704481662
0.026612464375878889
0.019255725635252595
0.0091131278676737041
0.0038535779526682776
0.00088259844091946257
0.0045118390577253333
0.011098254841887967
0.018080779225472497
0.029972423437271706
0.033921330638722255
0.038544297060686107
0.04315496296834366
0.04434333126973327
0.045563235630452184
0.040855559766176705
0.031795860440515904
0.027174920299566752
0.016706473038590255
0.0077747868858821807
0.001823653740184271
0.0014875469258953436
0.0044576903820560216
0.010405237417405512
0.016483348171533147
0.027155908995167569
0.030456854001854546
0.029387970703292486
0.031449177158745963
0.031178545466407435
0.033778910363075079
0.031329236672044992
0.023974904958783256
0.022432176260500029
0.012516861681361489
0.0049897225605241577
0.00058736509690220453
0.0026142785871892688
0.0056491305986344723
0.011852524943239445
0.022391985554550537
0.029505990745510614
0.044944702343128494
0.045438579381528198
0.0389608422357502
0.040468992287597663
0.036159141720684518
0.035726245810773494
0.03078785769904285
0.025768754814987707
0.01548262506503302
0.011171721977411011
0.0085975680213610812
0.0054692802555507724
0.0071777073400719951
0.011439176366521465
0.019772778235159268
0.021589777973969205
0.028914255443061716
0.027333080176890383
0.028909708679443563
0.0285397396260898
0.032391092457761908
0.029087694497450734
0.027788978760688129
0.020981015921920448
0.010009840451000193
0.0044726266792281498
0.0020929331945100924
0.006238331098864236
0.010791802246351493
0.017676461074605281
0.027173950849975686
0.03788929207490023
0.036134393563059072
0.039287157411346613
0.036799137268894375
0.039420265457405464
0.039970241660520815
0.034865304944295412
0.035286692691612699
0.030748990686580293
0.020557600302536883
0.016228203286617587
0.01821360827577994
0.012311550213705847
0.010513315612089947
0.01275266154915145
0.021163928436810857
0.019682674826182529
0.025956287846342876
0.023572993691613683
0.024426064922835885
0.02401233100740546
0.0289333784451162
0.025593902212341754
0.028592278806004404
0.022576611148105094
0.01209924068549992
0.0080364386544735222
0.0063105263878469467
0.013489114011848758
0.020071918241173346
0.025675542256871645
0.029137227936495501
0.032274155193751826
0.026828881228884743
0.034138789004030508
0.028594290645722272
0.028466663722667006
0.027741809618268706
0.02259963829780955
0.030968576785527033
0.035251537783611432
0.03771380250465764
0.025713138607903575
0.029348679890716656
0.016481756811911646
0.020447163044566261
0.021538004622037966
0.01708089746156382
0.017558870986710648
0.018935671343985806
0.018677289723723893
0.018675906705246617
0.018279596655612674
0.023853752551342783
0.021386447706245676
0.027283556410693136
0.025298875494521294
0.021335701453984179
0.018314722434652136
0.014567112075518742
0.022185934335202433
0.027266678661412296
0.036310288091355912
0.027095648433472275
0.022102812211827975
0.028402640960938884
0.025642426627403063
0.019777754644414336
0.019073687947279944
0.019172014697886725
0.020012397307418918
0.017735610974633536
0.029809118674256029
0.037231348202646002
0.027012882648498045
0.031486256949867369
0.020868469581959887
0.020602106297296269
0.019773392413714515
0.017596068827519032
0.01931344950950761
0.022892849847161681
0.020829795946519
0.01764873624686249
0.01514693996912661
0.013667333155041202
0.016263800892322475
0.01770069915063557
0.026812865990010037
0.026979478707129783
0.025645272153793558
0.0252552529620776
0.027720476980608751
0.046061565334289171
0.043686748788546927
0.026366087118333641
0.029483711153818957
0.02375143719620397
0.011637620842873803
0.0094587976770182536
0.010463372505228113
0.013915504792270897
0.01777075767131131
0.014954380165849631
0.020641792596228798
0.03414173675124068
0.035116819368664599
0.045618464021793585
0.030607897044637219
0.029081866237260324
0.024386003139278543
0.017164525080667587
0.022436732476962051
0.017862253831894454
0.011623172823835636
0.009559715156874914
0.0093986908221907403
0.011133436294820807
0.014145522930626514
0.016092518747080557
0.020897146018270047
0.03283403950196144
0.035290513587815923
0.036199152723588097
0.034716574408614698
0.051677117546586632
0.043902865384731163
0.038715561774357463
0.032286024425207449
0.013381317414529711
0.00823368084341034
0.0062088627649889757
0.0037174116670863986
0.0040335568741890395
0.011462878878777425
0.019843264500753296
0.024182566282463288
0.03567534918937508
0.037090559946553948
0.048459857440189415
0.027268577226909285
0.025431512144033809
0.023451792626008473
0.024322624516743347
0.019709920408522676
0.010937367990203424
0.0061401223230840478
0.0036965246362853968
0.0040333954687004894
0.0070635478329213403
0.0097394945572108482
0.015320335479641638
0.027783162405131893
0.034904151877635195
0.040428264294544942
0.04351620939112022
0.024538397739727252
0.040947839757632505
0.030867978423205693
0.032073987877095936
0.023526539888585388
0.012696975902408449
0.0073630316539877181
0.0030887932630946592
0.0006199590224146834
0.0013872939612042557
0.0070248415327702823
0.017800737723295629
0.024597755469704087
0.041687584769648713
0.043500065666398816
0.051149733564371858
0.038385192674504486
0.028992168882084859
0.024529039891609483
0.028020898690981833
0.017339134671295366
0.0083092250686765869
0.0030542135954580987
0.0006157903824894589
0.0013866349886190808
0.0052474744605519067
0.011677566099716281
0.013484952092155802
0.019287061351409805
0.025097602544968959
0.029408651130749232
0.031667606747958696
0.02436880659571157
0.04163490556062046
0.031506910443380963
0.031669072586262705
0.023155078344207013
0.013495104080350142
0.00763474024463804
0.0028290647837214667
0.00072338034739042928
0.0018354998509153124
0.0059741847102240241
0.018755162513446819
0.024963181675733147
0.039038836687293903
0.047759339818493063
0.052089017565016958
0.031152665285350413
0.028548097130923874
0.024065956864601334
0.026453071250276041
0.015715068176965632
0.0077399539928596685
0.0028035664278500514
0.00072092275749563841
0.0018302876362042871
0.0059654560532569423
0.012561181909968782
0.013692931796563909
0.01927900011678102
0.025237524031627823
0.029367910528665886
0.031453327920257193
0.035311086724818572
0.046396356319621246
0.033440307208031921
0.036933984191331898
0.022962792546878538
0.016529423688098212
0.010277478187537666
0.0054671359378876874
0.0040125757450880494
0.0053170402548668397
0.0092560027385843752
0.017425509003063226
0.025227148647722217
0.039408463856595841
0.036394688328047438
0.041808875544453582
0.02290005819395834
0.020767254071987113
0.0188514169444574
0.023412713315037654
0.018472969641218043
0.0093132497456523047
0.0054250182154533056
0.0039976203218761467
0.0053051358897060145
0.0091155160293292688
0.01488935717224908
0.012192345907350813
0.023554964101790934
0.031252661375912219
0.035642432782136586
0.037814891196550772
0.030174988110638283
0.0444289851821471
0.037767860314485549
0.024953373162115603
0.029500470858763721
0.024653239797712015
0.014946798033075265
0.011362133171449055
0.010050034546928033
0.01141720348227771
0.016968356291945663
0.014291585311951002
0.019396969266843131
0.034894962956704731
0.040622295945753062
0.051580218912177379
0.03254174410865638
0.029796932934451983
0.023847651209193684
0.0124168568298506
0.017312232897177433
0.012792653886036379
0.010548805151257537
0.010014130843090142
0.011314101301263719
0.014214864838995303
0.014610732239291383
0.019152703878457539
0.024074521246113832
0.025788726968354082
0.035792596929928457
0.037206022777203078
0.021539613251128627
0.033580821609506525
0.033985750611774855
0.028208702693332543
0.026699468795317306
0.055727939770940774
0.026841063273620108
0.019734897224511425
0.01979422266034218
0.020546080417957146
0.021824427597781918
0.01669861731086409
0.032293614522980213
0.032778453011918514
0.030856358120104167
0.036496458415167368
0.023852488731765504
0.023400311950726511
0.022203322867739149
0.019138777041036854
0.019150248531883334
0.019803747566843683
0.020984753140120323
0.017882512335623778
0.016160160767043016
0.013748531236092877
0.018972800405274035
0.019667388215882705
0.02644585337523337
0.027403281908477031
0.024877359680474147
0.024872520016298923
0.018795092145657617
0.024667367636085132
0.027100117603868153
0.026507279175860633
0.029527935782165182
0.021759042151678815
0.035414448236090086
0.028534464856304981
0.029179209805404172
0.029114572965891365
0.022736484892715108
0.033469350946152471
0.030508200335402687
0.024799933425808128
0.030462972610877201
0.033954927177124936
0.020610351090931602
0.022372138088078128
0.026426292035094442
0.019013732853671871
0.01890197112841327
0.014246920366637501
0.018878959649995877
0.019754532380574133
0.020070136512245835
0.019779853449212861
0.022478905703743314
0.027134045649044553
0.02175258506859604
0.022153375993223701
0.019966208668417709
0.01936367978616484
0.0077593997794987669
0.010044107836844372
0.020702600964723514
0.027146342934186919
0.034053480392027283
0.027166741047140962
0.03169317776487833
0.037140130013591829
0.039275760441155175
0.039311833890002236
0.042314806090405346
0.033435425604395684
0.030740250075550101
0.02552199987092614
0.021594532480140576
0.023275212744870214
0.01510337130952636
0.015216136785342723
0.017736403753855382
0.025586512549810453
0.02078062820818664
0.025132201011312236
0.023748098632573798
0.025339915050334828
0.025528536246946662
0.024286513307970905
0.02600140233996185
0.028864505418819256
0.022583606617399749
0.017000501673870769
0.0089913677410511979
0.0081608552058336677
0.003557399291227462
0.0054696153314732314
0.010244185974056045
0.023044852544574643
0.033681300258539756
0.04197975426703858
0.038685142948543499
0.041048117444596854
0.040554916172816778
0.037330718334777697
0.041616863760295594
0.031505198928631371
0.028851371523593308
0.020758490653560172
0.01451796820846441
0.010429402961389601
0.007663733449553959
0.0095901622369923209
0.013621896502199147
0.020694888906031834
0.02466915585999644
0.029141434171437094
0.024954669151850423
0.029520274533299914
0.029552127902375859
0.032615154754576041
0.028534197110119373
0.025907896056452738
0.020768268659595461
0.010023774548616868
0.0049621364891133633
0.0029626113663546272
0.00090019252275605011
0.0044801620130177442
0.010277376216646381
0.022256834434416829
0.030686669126141382
0.033468869748902057
0.039361183095238561
0.043200093278403309
0.043834634366004391
0.037034710366532358
0.044130201154616674
0.034597898843603911
0.026612463951629757
0.019255726003055328
0.0091131278278870249
0.0038535779500994622
0.0027530514218516303
0.0057122117735388883
0.011452053515368255
0.018575192247436648
0.028924896348741083
0.031918046380692532
0.033651741006905052
0.031663455917033345
0.031534131046077989
0.033298979081095748
0.029684223762938514
0.02601471807485466
0.018886122498328117
0.010064395317569589
0.0037791808228992679
0.000590035185707432
0.0014875483071904361
0.0044576911882283458
0.010405236305631645
0.016483349475868828
0.027155909129726635
0.030456854305325499
0.029387669434804649
0.031449176638866566
0.031178544148912527
0.03377890952703002
0.031329237409515459
0.023974905043465299
0.022432175943589566
0.012516861671855421
0.0049897225293695112
0.00058736511043283124
0.00088259845632213639
0.0045118390493788085
0.011098254887732166
0.018080779429815775
0.029972422935465776
0.033921330541389627
0.038544297095773006
0.043154963071753524
0.044343331350103064
0.04556323643657121
0.040855560337978644
0.031795860370907064
0.027174918984153737
0.016706473359448772
0.0077747868442175566
0.0018236538301588826
0.0054692801471901724
0.0087086421071992468
0.011439171900060817
0.019772776092289276
0.021589777414177516
0.028914255400679611
0.027333079953685314
0.028909708320389426
0.028539739093752195
0.032391092402065287
0.029087694529526201
0.027788978569105182
0.020981015580185072
0.010009840303463169
0.004472626695892744
0.0020929331401256935
0.0026142787737531712
0.0056491305370985094
0.011852525086634584
0.022391985691366217
0.029505990929590567
0.044944702581957478
0.045438579726202799
0.038960843142785334
0.040468993720426782
0.036159143077968046
0.035726245042069935
0.030787857229640406
0.025768755176842909
0.015482625446156964
0.011171722070866986
0.0085975699448370795
0.012311542114134471
0.011798815503235931
0.012752665251940007
0.021163931653782209
0.019682675501369734
0.025956287872990889
0.023572993625163064
0.024426064817969079
0.024012330810213298
0.028933378510636317
0.025593902480698216
0.028592278867834831
0.022576610652683411
0.012099240230022162
0.0080364385727477623
0.0063105264365787891
0.0062383312771565926
0.010791802269544683
0.017676461432387217
0.027173950750756855
0.03788929179166578
0.036134392984418402
0.039287156963549751
0.03679913757473792
0.03942026554397942
0.039970244490542074
0.034865307850016722
0.035286696586246037
0.030748990315562014
0.020557600838685162
0.01622820301969715
0.018213604683587684
0.016481759149384722
0.020447158885920767
0.021537999821876049
0.017080896232034456
0.017558870716076719
0.01893567116093987
0.018677289622074596
0.018675906532821578
0.018279596597977177
0.023853752533193391
0.021386447888793732
0.027283556431445845
0.025298875575265462
0.021335700684879243
0.018314721925822536
0.014567112098997073
0.013489114154664325
0.020071918400257325
0.025675542670440681
0.029137227506881497
0.032274154666853495
0.026828880566465371
0.034132040649134082
0.028594290503837074
0.028466662752599056
0.027741809415785676
0.022599640604980136
0.0309685745919079
0.035251542877237162
0.03771379986178118
0.025713138990545975
0.029348680466435174
0.020868470663014643
0.020602107922056932
0.01977339316590964
0.017596069407006028
0.019313450169556531
0.022892850187173748
0.020829795820767986
0.017648736185621784
0.015146940056427128
0.013667333073461406
0.01626380093870055
0.017700699327278805
0.026812866568017537
0.026979479104662866
0.025645270350633895
0.025255253260259024
0.022185934160346619
0.027266678762635829
0.036310289390419102
0.027095647143256515
0.022102812180273247
0.028402640500478322
0.025642426725739777
0.019778983928943169
0.019073687936192643
0.019172015425227552
0.020012397955346591
0.017735611558750409
0.029809120136178462
0.037231347699824113
0.02701288295763098
0.031486258522577644
0.030607897469295414
0.029081864964622828
0.024386001662607088
0.0171645251018121
0.022436732183279396
0.017862253716012886
0.011623172752088464
0.0095597151293508979
0.0093986908149441672
0.011133436212278983
0.014145523256960705
0.016092518789088541
0.020897146060669457
0.032834039325558138
0.035290521086135077
0.036199157063731509
0.027720478755653227
0.046061567267928781
0.043682648667285072
0.026366086413180417
0.029483710836898852
0.023751436647170329
0.01163762089176997
0.0094587979993269993
0.010463372571323723
0.013915505015106133
0.017770756876116477
0.014954095947125295
0.020641793244515438
0.034141735737190509
0.035116819232350042
0.045618466603611921
0.027268577058408482
0.02543151240619761
0.023451792671331469
0.024322624373292839
0.019709920475559368
0.010937367994358755
0.0061401223164627263
0.0036965246235041772
0.0040333953590883627
0.0070635477748927341
0.0097394941974346047
0.015320335804247456
0.027783163618565924
0.034904153924931368
0.040428266923187323
0.043516213745881022
0.034716583099842338
0.051740974063157703
0.046311543404906216
0.038939570048990263
0.028648257972074011
0.013381317588338553
0.0082336812075590928
0.006208863054822272
0.0037174117962214138
0.0040335567327436676
0.011462878133097836
0.019843264397510611
0.024182567605222884
0.035675346838487831
0.03709055973504518
0.04845986003482429
0.038385192562583444
0.028992168624292148
0.02452903996784174
0.028020898752280466
0.017339134645387222
0.0083092249082607102
0.0030542135962406585
0.00061579037971644997
0.0013866348983005603
0.0052474747388051605
0.011677566165622063
0.013484952277387253
0.019287061166878013
0.025097602347337891
0.029408651468912229
0.031667606755885008
0.024538102311491079
0.040947863837730955
0.030867982083537589
0.032073963634808682
0.023526539821391815
0.012696975996489768
0.0073630321784831842
0.0030887934994363259
0.00061995904853044356
0.0013872940327758028
0.0070248410490902765
0.017800737506079627
0.024597755640556322
0.041687582112042758
0.04350006561713772
0.051149734547578055
0.038208090227787608
0.028681293420302498
0.024229935947431759
0.024749736334128004
0.017736352139514935
0.0070224975356964741
0.0023262039822867591
0.00055022018883429838
0.0019853404403429933
0.0064154802831420023
0.013234281518694973
0.013859615745051155
0.019003709147010481
0.02508352026111078
0.029288349622524121
0.031454194237663713
0.024611399898455382
0.041913696633741969
0.032076587639450142
0.032088704323294151
0.023320558668429813
0.012547363926224041
0.0066308076136940512
0.0023488090736691479
0.00055189553648157699
0.0019913222255790292
0.007281304489367567
0.017905142286934673
0.024766164788298829
0.041205134148149629
0.042294459542318877
0.050418300185802303
0.024057313159980383
0.02181212684656517
0.01969553330552087
0.024081749392006822
0.018424033276620292
0.0084733351441902624
0.0046496774459569776
0.0034000100979634891
0.0049690057326482106
0.0090822204339536181
0.015160835737568356
0.01221066625484377
0.02339392802387506
0.030898534843821324
0.035268913278519227
0.037459328642545996
0.03499557962107018
0.046090461246244954
0.033868795282126073
0.038803484376703216
0.023080223679865824
0.015715298521785145
0.0091401296721891762
0.0046879322536104336
0.0034137454742392548
0.0049819693602235898
0.0094285750152519315
0.017715313075768825
0.025081394813285376
0.039486401576433343
0.037292817908969128
0.043021640536435181
0.034391745151547172
0.031382040257481036
0.025306127747486938
0.012836249488350457
0.017689470208088691
0.016070787833508605
0.0095841233567550317
0.0090688267022723066
0.010523927038224697
0.01369061437301821
0.01374892065810057
0.018682994470140192
0.023723397260576103
0.025212269328189877
0.034622327079418654
0.035911379227118463
0.028868982354109222
0.043474612477155887
0.035852241203217831
0.025008794817071238
0.029463969471849226
0.024591318895799685
0.014233996477772414
0.010403571965665475
0.0091030455388856086
0.010599203870773941
0.016408563132237115
0.013939936492936695
0.019625164715118708
0.035928335082053668
0.041794258412061677
0.053522827739461161
0.025230386162134792
0.024527920099685522
0.022901946108427104
0.01954135182543084
0.018716255083458096
0.015094873175518353
0.019275314481929071
0.017505657507815922
0.016146208834924427
0.012835895552515457
0.018763527482601801
0.019686136085543489
0.026040322584472791
0.02657113750908598
0.023262283865984192
0.023004759252215567
0.019678698307708659
0.031945831802733998
0.03307820265905223
0.027837917150656762
0.026633442885155626
0.029478228635759305
0.026390397452996824
0.018676332204992797
0.018659423004230666
0.019504395236851844
0.02103133386114571
0.015926861148311409
0.026143426864615266
0.034310010500027431
0.031683325487918766
0.037886233124807302
0.01997178832069017
0.022224718950509634
0.026645786537847035
0.019314068492269056
0.018307645517350535
0.012560049926518449
0.01779010852184227
0.018522628965031446
0.018876953176700635
0.018801412103109351
0.022780343594808548
0.027159170270889443
0.021392707582877403
0.021122651837298324
0.018635181205759813
0.017811496199858577
0.017364073111669733
0.023256828357741063
0.0258485495414628
0.025766412186301595
0.024949124189885225
0.022659536954113563
0.035048648428801212
0.027423014240933272
0.028019637796906732
0.02807759141161997
0.021254266701745489
0.026671527410071196
0.028837592976063312
0.031621756530583169
0.030547385937014199
0.0333473012363803
0.013838451027123734
0.014297194371060412
0.017239395309671439
0.025719773995682794
0.020306359987978102
0.023805129759611087
0.022720908547227962
0.024215507832518815
0.024468762603266601
0.023446435898818469
0.026253102498797181
0.029127503125496907
0.022329742656694119
0.016258475372038231
0.007747218974701796
0.0066614501416741847
0.0064258371869495411
0.0087243840185660653
0.019752044745834117
0.0263633167176134
0.033767913348783526
0.027054073397499902
0.030543437910594943
0.035773694642068692
0.038299619571347504
0.038865534771506727
0.036939123448839539
0.032251400642244535
0.030902777086872821
0.025274912729413911
0.021141369455212264
0.021358067372733207
0.0066450957549515641
0.0086786844526917407
0.012963648835185916
0.020369856745450755
0.024756848959818362
0.028132076636261182
0.024184516903004709
0.028667799893889005
0.028780238729358056
0.032152146789735984
0.028689012772824672
0.026155597993902848
0.020710693972683172
0.009655842914559282
0.0043063714822769283
0.0022339778389118274
0.0027786511300473692
0.0051846095152985822
0.010132486478741015
0.022603586461993449
0.033172220292746288
0.041442670562734665
0.03764347154284222
0.040088643157784466
0.039815688895747714
0.036915802605254087
0.04094710838255592
0.031512823063096045
0.029214599199443959
0.02054714406471311
0.014196040546650924
0.0093065487884881944
0.0020153460961935539
0.0051218747018045591
0.010984182021642684
0.018250881244492964
0.028872349510279127
0.031377586469738705
0.032853179355123587
0.031205823759990783
0.031160831424025731
0.033130541080254136
0.029706321421507777
0.026157708021111632
0.019033590403142821
0.010185901239234778
0.0038164667644385508
0.00054422095859933824
0.00077144951125944624
0.00450067081084144
0.011029848327463865
0.023296933034966584
0.031725393038958515
0.034218364156993232
0.039380424126738929
0.042944905369309658
0.043335379688867602
0.03932765901333659
0.053317547120566015
0.034958713140367567
0.027007740170602125
0.019028243438059068
0.0082180899739095915
0.0028069562984354814
0.00075829007228473354
0.0043414552121817116
0.010905238971553438
0.017968565382733653
0.030139129605005394
0.034450804313581024
0.039328642104818734
0.043156310211496733
0.044350868628436783
0.045355723682445656
0.040615118212475314
0.031350056131555934
0.026812081597994981
0.016809105085034463
0.0080924383957492428
0.002431703184326272
0.0021499500699870108
0.0049393137351510458
0.010630958012400972
0.01632166771697768
0.026751681327830183
0.029983386678984758
0.029306415514996687
0.031449711330111083
0.031254276207567135
0.033992526530383919
0.031645929444189896
0.023859565837221753
0.021681430793914144
0.011804275370878737
0.0046593964728291314
0.00053449660894102659
0.0030604619069530738
0.0065231806036590229
0.012622303915452479
0.023033363963511473
0.029659916841222565
0.044791108646830585
0.046492526327108472
0.039331584481603059
0.040989064476675115
0.03687398283221438
0.041839806754931291
0.030934118160010359
0.026503550620683776
0.016721276511395072
0.012190913403136426
0.009988400789339524
0.0068263902252539178
0.0082532625235690917
0.012067142375470468
0.019787867315052159
0.021034475053100583
0.028349599704014058
0.027655884069661005
0.029362488623116488
0.029047282516838538
0.033273937569617495
0.029844822283588656
0.028131991436314872
0.021228686380460673
0.010442588190958705
0.0049630122391022234
0.0026542196976589811
0.0071392617686937996
0.011940473264164789
0.017866601028877507
0.026879700816752922
0.033196095904649316
0.043782758982702084
0.040737485604067439
0.03774765279408631
0.040283143935477619
0.040613429202959107
0.041757620111062939
0.035311283740157844
0.031155233645746284
0.021944634650346701
0.018197218349128106
0.020156874711563168
0.014164927283024965
0.012219388836930347
0.013798005143356256
0.021314652077979175
0.019309893028380765
0.025373701484281152
0.024244516140439112
0.025256312718994499
0.024868709816666987
0.030342775004242584
0.026676176704683998
0.028945340801343953
0.022842453294173504
0.012759573144718138
0.0088943409955779644
0.0072430666918213244
0.013265496805912028
0.020904510056357663
0.025818350740210279
0.028819455925735496
0.032514674938787368
0.027447261420717656
0.035644243662173419
0.029621930102440304
0.029574986783152742
0.028759766374571446
0.023347647183581059
0.030705512904924268
0.033317221208628893
0.023660730872575728
0.027392398312039844
0.031435624380787015
0.01883072111359247
0.021898394725705428
0.022467295021290058
0.017344538784711865
0.017326695510281716
0.018787193746560134
0.019588946057459436
0.019751301116334517
0.019348554738099679
0.025082736783422911
0.022630581046157769
0.027803244695122853
0.025541302210370938
0.021744521930790395
0.01883170749431853
0.014661288608136695
0.023997814742557962
0.027640258502320391
0.031765029250441626
0.026838435902505037
0.026101525416386682
0.029131555092016714
0.026888120538149676
0.018661872363783083
0.020844186114249763
0.023077040283284452
0.020742971369004312
0.017810831186922546
0.029655343198131477
0.036090947182730912
0.027940879568368097
0.032645295933625466
0.022084746758588028
0.02163917680710243
0.020469980463400907
0.017761152710291953
0.019147585812977579
0.023015653208923056
0.021663684191134763
0.01875645620561716
0.016348181498356928
0.014931396099707731
0.021796394742477306
0.018036211804879243
0.026726988208237216
0.027094469461012915
0.025676985505607423
0.026956873799225754
0.027229486666483844
0.045565981278825121
0.042741989862241786
0.025908486109549895
0.029585065863500876
0.020906472737541065
0.011032727061337899
0.0099285534965383223
0.011422248471471094
0.015170433825406792
0.019871472944275031
0.019053621480255391
0.020582909501032576
0.034234495087215863
0.035200411849330399
0.045807507556061271
0.030977115451865194
0.029428550459032227
0.024422227461887998
0.017235404450382037
0.022212875216049213
0.01813424331098613
0.012209792311482658
0.010529450368560338
0.010595742782050801
0.012364687959294443
0.015954747405158409
0.019917284389778526
0.020299239748235175
0.03234053629531318
0.034626387376096739
0.035486027502534739
0.033919512310282757
0.051127588139005274
0.044118804991000737
0.039134354518010873
0.028908371097100427
0.012780769071883691
0.0072521172452959743
0.0049968647908806554
0.0043896154131137554
0.0050126228989597534
0.012803745339361811
0.021024331493336591
0.025118070210789739
0.034687190637347341
0.036036567278330808
0.04801768567709401
0.026967828601938162
0.025266312654817567
0.023367108007045261
0.02481024482776039
0.019786453716707286
0.010730892572275632
0.0063968065737706487
0.0043696616676697593
0.0050148061730311269
0.0081963019369131959
0.010636309023566845
0.010063606705375035
0.02732113645345615
0.034076151300302553
0.039351672382618316
0.042340854576791508
0.024139893608083236
0.040879864745025585
0.031335355178728826
0.032327030715458997
0.02371082184087088
0.011832512168712152
0.0065359238466994188
0.0029707563733666013
0.0008919470275695091
0.002001635900559985
0.0081780635015663711
0.018496090582451476
0.024376795421153556
0.041119834048428734
0.042685486070220637
0.05067004380275307
0.038032040255695225
0.028755065139321065
0.024456387019953802
0.027821474306037142
0.016852680385698662
0.0078135151679290926
0.0029378820357370394
0.00088830306820094978
0.0020010654172409707
0.0061053023287305046
0.012643507121816352
0.013789384251777045
0.018893871888491242
0.024667819840442709
0.028931835038269172
0.031210595860871663
0.024611399986065201
0.041913695976053274
0.032076585922931708
0.032088795875966553
0.023320560132296518
0.012547364679963209
0.0066308073072206273
0.0023488087738125305
0.00055189548676632218
0.0019913221993988366
0.0072813048686090212
0.017905141541401132
0.024766164800487139
0.041205137490410298
0.042294459642827187
0.050418299225969306
0.038208091568739354
0.028681293531862231
0.024229935912899576
0.024749736235084495
0.017736351768543365
0.0070224975935345981
0.0023262039827831897
0.00055022018976463513
0.0019853404457829188
0.0064154804151475772
0.013234281619925547
0.013859615798217222
0.019003709117145124
0.025083520101909416
0.029288349294205783
0.031454194333120807
0.034995579935596398
0.046090464134478135
0.033868795191867335
0.038803486499891952
0.023080225340311299
0.015715298714953269
0.0091401312043585484
0.004687931668363861
0.0034137452680643612
0.0049819693379523347
0.0094285758421998878
0.017715313874631999
0.025081394533880086
0.039486404418603314
0.037292820046449002
0.043021638838628549
0.024057313858250558
0.021812126857200086
0.019695532798713559
0.024081750333168239
0.018424033469799476
0.0084733353627674014
0.0046496774874005857
0.0034000099012369361
0.0049690058224617396
0.0090822204715308823
0.015160835847487867
0.01221066620805024
0.023393927920422674
0.030898534581651035
0.035268913134989269
0.037459328871359512
0.028868983382607849
0.043474614122256727
0.035852241055066375
0.025008794921929482
0.029463969811104999
0.02459132097198264
0.01423399711245891
0.010403568704627768
0.0091030443125608377
0.010599204251600771
0.016408563437204995
0.013939937073958708
0.019625164035641081
0.035928337814744131
0.044149579272555611
0.053522829294803467
0.034391742605296483
0.031382030335992434
0.025306130733488318
0.012836250715323448
0.017689470573359338
0.016070787882261822
0.0095841233560321256
0.0090688268053999866
0.010523927072290534
0.013690614385242345
0.013748920679612708
0.018682994645340078
0.023723397222240324
0.025212269299011696
0.034622327050322491
0.035911379403519732
0.019678698504532192
0.031945834236619529
0.033078200644595435
0.027837909902154991
0.026633442690219566
0.029478223728019764
0.02639040265807931
0.018676323048775069
0.018659424704892149
0.019504397908292628
0.02103133412829173
0.01592686072994793
0.026143426822485171
0.034310009570939784
0.034793959612839542
0.03788623292142191
0.025230388622413811
0.024527927819917719
0.02290195533888786
0.019541352709036244
0.018716251845442951
0.015094873526931941
0.019275314588092524
0.017505657541239835
0.016146208925669248
0.012835895546916835
0.018763527479767072
0.019686136099175248
0.026040322710081578
0.026571137554652343
0.023262283925552227
0.023004759410393313
0.017364072987490521
0.023256830261817147
0.025848547188229678
0.025766408708474815
0.024949124848640789
0.022659536050349642
0.035048640416351091
0.027423011412719356
0.028019635603514319
0.02807759610480311
0.021254269371694008
0.026671526626139547
0.028837593282170653
0.031621756625565912
0.030547385089972647
0.033347283090847661
0.019971791047667126
0.022224239101754705
0.026686935327279646
0.019314067518620415
0.018307647206173373
0.012560050459507328
0.017790108739259423
0.018522629031449332
0.018876953063341129
0.01880141203382912
0.022780343569861035
0.027159170276548909
0.021392498591063805
0.021122651821343014
0.018635181331025895
0.017811496256686012
0.0064258375737229652
0.0087243845237848904
0.01975204242008306
0.026363316491888111
0.033767904555955373
0.027054068192507701
0.033700811537786368
0.042862957907303947
0.038299631682527299
0.038865535925727342
0.03693912737659448
0.032251398298787495
0.030902777369494563
0.025275736521945851
0.02114136920533282
0.021358066893790176
0.013838448877641855
0.014297188296543218
0.0172393928113607
0.025719774602576226
0.020306358858855626
0.023805130140294631
0.022720908759615591
0.024215507869078366
0.024468762612745536
0.023446436122981012
0.02625310292189767
0.029127503310421226
0.022329742696509797
0.016258475480429822
0.0077472191295971903
0.0066614501734742664
0.0027786511207028323
0.0051846095445004679
0.010132485971035873
0.022603588119768803
0.033172216825273569
0.041442669755159055
0.037643463803573758
0.040088646243421303
0.039815694044444239
0.036915803607783036
0.040947108278477549
0.031512821877349155
0.029214599674824711
0.020547144543705091
0.014196040709898534
0.0093065486397824592
0.0066450958508918901
0.008678684424929424
0.012963647309367304
0.02036985529366379
0.024756848318738481
0.02813207612209111
0.02418451690163885
0.028667799863798509
0.028780238884206312
0.032152147012572074
0.028689013148780366
0.026155598214275252
0.020710693813540796
0.0096558429807250962
0.0043063715278852509
0.0022339778900102867
0.00077144946740095855
0.004500670840397002
0.011029848733355257
0.023296933979545562
0.031725392390061717
0.034218364862037831
0.039380425322206085
0.042944896413540976
0.04333538268770349
0.036723224555353526
0.044108429734812174
0.034958712475038005
0.027007739559799595
0.019028244018903805
0.0082180894247870107
0.0028069563216760966
0.0020153461195493768
0.0051218746688694531
0.01098418198055144
0.018250881221742378
0.028872348743907619
0.031377586245346097
0.032853178837196954
0.031205823596241702
0.031160831450853032
0.033131297827617777
0.029706323231483693
0.026157709367667856
0.019033590390404205
0.010185900898328821
0.0038157056463556187
0.00054422095225087721
0.0021499503988925191
0.0049393132023349603
0.010630957696711629
0.016321668419769203
0.026751681354949403
0.029983386852394052
0.029306415620101067
0.031448581048482499
0.031254274841512469
0.033992525981929422
0.031645931650382361
0.023859565983322981
0.021681430514325934
0.0118042753492195
0.0046593964209558627
0.00053449660369058914
0.00075829006790968949
0.0043414551947174862
0.010905239076029713
0.017968565604685641
0.030139129637918476
0.034450804209033403
0.039328642231246151
0.043156310183158443
0.044367950982603412
0.045355724716864491
0.040615118335794446
0.031350054928111187
0.026812079090937337
0.016809105006313101
0.0080924382968452502
0.0024317032761160813
0.0068263900011042607
0.0082532622793024986
0.012067139082572967
0.019787866766621733
0.021034474793168025
0.028349599644097584
0.027655883864775563
0.029362488235772564
0.029047282021569538
0.033273937321164342
0.029844822710746791
0.028131991435293508
0.021228686155433021
0.010442588088995871
0.0049630123184101682
0.0026542196671959831
0.0030604619146724276
0.0065231805773118285
0.012622304009945176
0.02303336411841345
0.029659916875834944
0.044791108509762013
0.046492526797086355
0.039331585573931745
0.040989066056070472
0.036873983979715905
0.035686598975900839
0.03093411584944717
0.026503551203433316
0.016721277170881101
0.012190913251737706
0.0099884012437511452
0.014164924319187304
0.012219390321378386
0.013798006797710233
0.021314653533838115
0.019309893292911332
0.025373701514181817
0.024244516070778398
0.025256312609962833
0.024868709653430042
0.030342775086734962
0.026676176995708949
0.028945340893458495
0.022842452934005955
0.012759572848636854
0.0088943409709031813
0.0072430667454928595
0.0071392617750440429
0.011940473340813535
0.017866601186106348
0.026879701068872729
0.033196095691273242
0.043782758586260163
0.040737486002117788
0.037747653375528427
0.040283143976932445
0.040613432953969089
0.035157138865488546
0.035311292891781386
0.031155232804401092
0.021944635326339588
0.018197218123378479
0.020156873514317906
0.018830722127228455
0.021898392624430687
0.0224672927187584
0.017344538052539875
0.017326695119948814
0.018787193615726065
0.019588945952051254
0.019751301033724637
0.019348554693614097
0.025082736770612773
0.022630581119927776
0.027803244649046092
0.025540298415668902
0.021744521295008083
0.018831707041360692
0.014661288623158486
0.013265496885760975
0.020904510220246728
0.025818351249923672
0.028819455838619067
0.032514674170519862
0.027447260850398791
0.03564424320761763
0.029621930084700512
0.029574984714687082
0.028759766418841988
0.023347650928979211
0.030705505029327066
0.033317231829860121
0.023660729266929664
0.02739239816994293
0.03143562509431419
0.022084747736735851
0.021639177583553427
0.020469980961096163
0.017761153077311083
0.019147586256393144
0.023015653321321362
0.021663684086632006
0.018756456137898659
0.016348181563833067
0.014931396047537524
0.021795179822089963
0.01803621189322515
0.026726988667906858
0.027094470408292028
0.025676986345733833
0.02695687410267782
0.023997814168607183
0.027640259286694592
0.031765030029697473
0.026838434830371852
0.026101524968511255
0.029131554853618482
0.026888120382420999
0.018661872585994978
0.020844186109188988
0.023077039975423215
0.020742971860765926
0.01781083260229023
0.029655343613807689
0.036090947316748195
0.027940879775509016
0.032645297319520268
0.030977115650392236
0.029428549091721695
0.024422226249653553
0.01723540447983693
0.022212874974294229
0.018134243215452379
0.012209792242943265
0.010529450321032153
0.010595742817469058
0.012364687860547041
0.015954747499911558
0.019917284607147714
0.020299239906081262
0.032340538775133605
0.034626392176504588
0.035486030142370041
0.027229488297936016
0.045565981965341389
0.04274198858127104
0.025908484975579165
0.029585065390647806
0.020906472456439808
0.011032727136129726
0.0099285538655506326
0.011422249297487468
0.015170434735258283
0.019871470715859478
0.019053621009381468
0.020582910218295749
0.034234493393461608
0.035200411507994044
0.045807509374962578
0.026967828555115897
0.025266312697999612
0.023367107782592919
0.024810244680630925
0.019786453725326159
0.010730892561993192
0.0063968065598231511
0.0043696617938100918
0.0050148061588743209
0.0081963013253215661
0.010636308659962051
0.010063606792734952
0.027321137159970321
0.034076151867627316
0.039351671222714275
0.042340857280265674
0.033919516761470203
0.05112759364763473
0.044118799256595974
0.039134354933451174
0.028908370498787826
0.012780768913816753
0.007252117287296511
0.0049968650127286737
0.0043896155399636844
0.005012622674964504
0.012803745190824471
0.02077748450289486
0.023969921541772288
0.034687186664664457
0.036036567416059255
0.048017687542047029
0.03803203910628962
0.028755064667698491
0.024456387041793964
0.027821474423389218
0.016852680415087324
0.007813515134259378
0.0029378820181070503
0.00088830301965761495
0.002001065414079527
0.0061053022030099205
0.012643507139739999
0.013789384295095186
0.018893871777351225
0.024667819811551452
0.028926831735965865
0.031210595949099577
0.024139894327209383
0.040879872062477778
0.031335901510425639
0.032327023698688021
0.023710820423091649
0.011832511854522483
0.0065359241659866275
0.002970756617560254
0.00089194703046663142
0.0020016359220505968
0.0081780631209178653
0.018496090123014682
0.024376795403549159
0.041119831106944102
0.042685485920265297
0.050670961303316706
0.02900128740312452
0.026807112238545261
0.022894324627567079
0.024116798720914535
0.017288564076348694
0.0068200315560853538
0.0028353809680642882
0.001544992344663376
0.0031659644527451168
0.0074486644557718393
0.012793215158560809
0.012005871067438887
0.018353476433835912
0.023347619900226806
0.027136397984238191
0.029126434538368887
0.023029870839402576
0.039161324315188109
0.030464070367369363
0.030542684768823773
0.022392459070528989
0.01235819333183669
0.0060840959183224332
0.0028579012268191177
0.0015463202191047713
0.003167563799301359
0.0088018922835780417
0.017392437522221429
0.023350735600282245
0.038276382851935215
0.038908706050264967
0.047948846464782001
0.02345032340829372
0.021330031829421826
0.021801314297669377
0.021078720525252146
0.018386155822760264
0.0079811848002833384
0.0046177051000161791
0.0036905154314013002
0.0053666379331981061
0.0093737156916323585
0.010465004586857654
0.012608002215334367
0.018416713152248305
0.028617558665107987
0.032507778385782143
0.034481850926596329
0.032251558007645731
0.042584145871334723
0.033493970994088643
0.027248231596733122
0.022117814538400681
0.014861228834718741
0.0098962648952703874
0.0048850868597360726
0.0037018311677930586
0.0053090775971855386
0.0098046387159212382
0.016873672884933109
0.023690757521891762
0.037763251616152807
0.032140523219689209
0.041058529269630849
0.033845883540456007
0.03086893094592438
0.01619327572475553
0.012667461615091555
0.013261121220872927
0.014878302596480739
0.0088589683537449535
0.0084353301077399519
0.0099127499737723303
0.0090690063224726676
0.0097941594606470936
0.017661088102131819
0.022426521890857854
0.023248037411570176
0.03021033715902581
0.032339126775910665
0.025832141990384454
0.039699830382331332
0.025670883840566039
0.023693679318011373
0.027883596138995215
0.023477126449111492
0.013263017939091007
0.011920563519187312
0.0097121763302140899
0.010011576742248942
0.013897738500072167
0.015591861056805574
0.018807031583327583
0.034607647886840891
0.03976081052981225
0.051651537037308438
0.025030824773350106
0.024168373910361807
0.022302989613519508
0.019064781991149405
0.011841680784387356
0.013816510711124943
0.01752711580782168
0.015805565052828732
0.013918026442247478
0.013278138642636878
0.016775978313610034
0.018875728663679515
0.025001372524917624
0.024358183101014182
0.023811505225340812
0.02008501301313375
0.017009573725396954
0.027518097648743432
0.030071509236789199
0.026639949506707627
0.0183688475315789
0.027847944654068282
0.017959715575539263
0.016980616938649433
0.016900033211511286
0.01776481824194797
0.019398024094919215
0.01468801608008709
0.030113444707834475
0.031468372904709899
0.030516901762416521
0.036741009394165275
0.019952655606811212
0.024028950433900766
0.02557794088312729
0.018708799661928437
0.016986637548115399
0.010479326605422988
0.01591305783908489
0.016431642896335936
0.016797991682189178
0.016959598799968473
0.023162373305040805
0.025740471396237318
0.023634565085698275
0.016921178486957841
0.016713566438213617
0.015700775466175029
0.015372580846255195
0.018155886863813097
0.023469232838131744
0.023863543161071244
0.025843794875255094
0.018391148931038
0.031271922070480268
0.024800360715144628
0.025293575200949641
0.025478830705226226
0.0191332150367651
0.030029991928324302
0.027112923462185592
0.023808306081318578
0.028981667626375895
0.031415308004947087
0.01229571135080932
0.013591377536203051
0.017807665688459443
0.024606164279493678
0.018864256528293256
0.021228128948777666
0.020347085149413441
0.02158348414436314
0.021885717703188218
0.021212297557777694
0.024957676052868027
0.027766045836202596
0.018732038842785428
0.01536856823932046
0.0094007064902606671
0.0057352051882351646
0.0057012094290105593
0.0077296442551825929
0.018110850459430457
0.024386801238706304
0.031572017427041431
0.02539401454378128
0.027493602310657349
0.032076520616268922
0.034768004216921736
0.03583791592856287
0.033261577675172675
0.027433588473019244
0.023225844875873442
0.025187919080663004
0.019940782292688367
0.019900269018984517
0.0061928490304836697
0.0081095945514912497
0.012157313178190092
0.019234666821396088
0.023673481527009731
0.025424373497773947
0.02403566582189208
0.025800565683543882
0.025991746198879843
0.024586259122520788
0.027036757752323344
0.024990715816445911
0.019582982691344203
0.011914400192011398
0.00443125300519304
0.0021388842368395425
0.0029322453783242881
0.0056653782018950124
0.010153820035356058
0.017975468484891628
0.030779580561899455
0.031451638630472588
0.034052082844468659
0.036297690832716299
0.036233627591734881
0.033921310773960572
0.037610457162860766
0.029684815107313477
0.028073118479386608
0.019868762525529129
0.013385121145618661
0.008521499419366264
0.0024688755671964605
0.0052442914093025492
0.010639927981738587
0.0184570071939835
0.023657516001750103
0.028803772139486195
0.024812829513077204
0.028444090003496025
0.028495917231053911
0.026571724880752622
0.027817959231904412
0.024882877516826357
0.018528126668007919
0.010530380931631566
0.0047096861536223018
0.0016542671752536897
0.0017957694429583239
0.0052864747901316582
0.011975630685290386
0.021337356701150105
0.030870834963038371
0.035280811079928934
0.036585894304051764
0.03952202756432862
0.039640831379714803
0.033771304615937095
0.041077089798408288
0.033169926406376594
0.027028518210397319
0.018039420543195989
0.0078212963387556782
0.003376277361020768
0.0017672776149348997
0.0049844712818526028
0.010870396026831437
0.017689440290394209
0.028542432948066965
0.032657838563405726
0.037270893878275368
0.039978409552567644
0.041107346404483124
0.039298619868462767
0.037629307529700277
0.029116134525488335
0.024767339984602281
0.016596462450539268
0.0088512461432106986
0.0042093490602614879
0.0038139850364378529
0.0061351639503802215
0.010998784872519251
0.017864376393741159
0.020836035957227991
0.027572942492585798
0.027138112726820061
0.02911949743269417
0.029023528141894905
0.031799083817504507
0.029902467947466812
0.022478047545357392
0.019190600140240068
0.011201024573238271
0.0051498071393147032
0.0016753756568145179
0.0042027427668206918
0.0069034165483463647
0.013788130799266562
0.022272951067793118
0.028114407506882252
0.042772795182524075
0.043769659326181466
0.036902025880656164
0.03855499903788983
0.037608839448005485
0.033322291728816192
0.027015593781344379
0.028166489767182744
0.018047967771218257
0.013313751758569756
0.011599866573052222
0.0087106649409653212
0.0096802965137423574
0.011786306609768052
0.019039211256620104
0.020249139197038812
0.026046903580744209
0.026088016591893463
0.027724814025764766
0.027495923825704163
0.031847416339465973
0.028682625077270325
0.026905918792203911
0.01962547136242751
0.011042964838106677
0.0061721507317808195
0.003776631792751093
0.008573171057130272
0.013136797638137637
0.018747545233105369
0.023809201769494331
0.034875031500470381
0.034807045733925727
0.036161593092534548
0.033775563210677109
0.038417066845015252
0.040231721682547864
0.028131628283101038
0.033089868528203864
0.022473698730070962
0.02353102484170147
0.020498523495695892
0.020870274326990554
0.013960555487826159
0.01399578546821514
0.018006230523933155
0.020551328453949247
0.017936645076100564
0.023385774782024363
0.02341983439894902
0.024465826688573302
0.024138680432514683
0.029200394341962428
0.026136334036248238
0.027690737820965095
0.022131888704868357
0.016585411412379562
0.010065137981548377
0.0086756103315347548
0.015036594656180026
0.020900823453747955
0.024970967240590756
0.027077270159127326
0.030007323955941367
0.024714667602137589
0.033380753484820468
0.028945707666449993
0.028968187698359418
0.028127429811868956
0.022889234395399555
0.028764168652958853
0.029998970744528699
0.023412363272549485
0.029769300315985982
0.031501265505375478
0.022155415285891031
0.022342627828826279
0.017496040500352809
0.017103665116891795
0.019465528009236784
0.016831732468526529
0.019544200027287951
0.019834459592326201
0.019457383222146459
0.018470064782206322
0.025853864708912926
0.026862775810657952
0.024560612979171535
0.021126219213075153
0.018749200246676336
0.01718507417487701
0.017105537085521618
0.026540439562273126
0.033696743128043202
0.028462946274920645
0.021523778747213212
0.028443957307960493
0.021916593264022795
0.021107701266578356
0.020562252297007019
0.020406966066109596
0.020624885886369744
0.01802544878401784
0.027912284455473533
0.034309153985069916
0.027277179268296148
0.031824638472654487
0.022094041055724614
0.021535757236482315
0.0193391899236618
0.020154427410270216
0.014952085293577961
0.020137249898158988
0.020898609960529821
0.019199700022013173
0.017051790776668921
0.011800577912996787
0.022242405639470501
0.017643650138265864
0.025319890486475542
0.025833319574040663
0.024445196430135128
0.022620034225269512
0.025155070571292591
0.042152285852495246
0.039564348598382842
0.029831403689411649
0.028239828837340671
0.024181749846049448
0.013016525003671068
0.010908479647594354
0.012856563975651682
0.016247702358528026
0.018635556313315371
0.018349231994475631
0.019580022645497321
0.029897714941501837
0.030766194156215201
0.042844736980078402
0.029285040426378278
0.025167461873319145
0.018877384400663385
0.016553012077405109
0.022738527210562919
0.017891268522468182
0.012819293075244802
0.011670394156275679
0.0119287735911683
0.010756778957557856
0.016075990515846027
0.020531560516271582
0.023481296839855
0.029979664618351644
0.031869550142058958
0.032581913736865808
0.030816730182805636
0.047046824136829112
0.041433902117591334
0.035551415019836753
0.027682725801124831
0.013643949683961754
0.0071771721896463202
0.0057744169297696867
0.0061285694175088204
0.0090034587730959698
0.014550980434006763
0.019848553919150743
0.022598916339539154
0.037584828751348408
0.03097947347083789
0.044115020131550081
0.024759336865450086
0.024495400598100972
0.021732520088168471
0.020307840901793293
0.018936557063258554
0.010700153072749154
0.007254058868832668
0.0058402436291364263
0.006703071737013979
0.0096954195948925348
0.011593097977351946
0.0101064569787275
0.022940336091547851
0.031170309771080377
0.03564545730806367
0.038234238399798143
0.02197232654870436
0.037861806951588702
0.029667998402282295
0.030598896535273267
0.022774147103007163
0.011479192758971614
0.0057753982304423667
0.0037906847923200844
0.0022994530973392065
0.0036275549270158225
0.010296480888822164
0.018607518651072526
0.022966421721671952
0.037903009173051914
0.03887434597235509
0.047738278654018251
0.028476046414667257
0.026510969866331259
0.022870838697513499
0.024290994935142231
0.017776144464847175
0.007772532757510003
0.00375792967551928
0.0022959906671606643
0.0036322788788823047
0.007560280785190319
0.011061123354257787
0.011581224510167141
0.017862123471305554
0.022692662719881716
0.026416894710361887
0.028451909907846649
0.023029870921828569
0.039161324497212373
0.03046406957466076
0.030542685647092619
0.022392459329926315
0.012358193762657829
0.0060840960201122007
0.0028579009516439208
0.0015463201426712237
0.0031675637552666708
0.0088018929282110674
0.017392436890282616
0.023350736143140819
0.038276384516262779
0.038908706096880158
0.047948846200315573
0.029001288222426171
0.026807112357954247
0.0228943245895025
0.024116798765931136
0.017288564155775864
0.0068200315923580669
0.0028353809172737428
0.0015449923494012792
0.0031659644621186219
0.0074486644511760295
0.012793215198234387
0.012005871030970177
0.018353476425451942
0.02334761977806013
0.02713639783140551
0.029126434638502167
0.032251559096035769
0.042584148268707253
0.033493970748877958
0.027248233166697996
0.022117814844745908
0.014861229008189774
0.0098962654927281946
0.0048850859344666863
0.0037018310769951807
0.005309077605535068
0.0098046390494177967
0.016873672195177641
0.02369179359568812
0.037763254207817058
0.032140523484869364
0.044735999953157191
0.023450324341561714
0.021339186400680641
0.021801313993649148
0.021078720784935681
0.018386155992537866
0.0079811848739680599
0.0046177051418444378
0.003690515345490059
0.0053666379499470625
0.009373715737382304
0.010465004391291383
0.012608002208564893
0.018416713147647711
0.028617558733456672
0.032510116084744273
0.034481851342306455
0.025832141400138359
0.039699831338792062
0.025670883642206682
0.023693680706543506
0.027883595061237953
0.023477125986372221
0.013263017974128781
0.011920561201513968
0.0097121759513167146
0.010011577208224074
0.013897739360372134
0.015591860989223036
0.018807031716983707
0.034607649832685702
0.03976081453473379
0.05176430031224856
0.033845881986454829
0.030868926032872331
0.016193277562307599
0.012667462370223695
0.013261121191912634
0.014878302711688838
0.0088587959980240081
0.0084353301242937034
0.0099127500045621091
0.0090690063308475882
0.009794159465912897
0.017661088057118985
0.022424019455372597
0.023248037428076206
0.030210336460807886
0.032338752182480036
0.017009574175825388
0.027518099238261672
0.030071508000170163
0.026639947817385615
0.018368847235242722
0.027847942892199658
0.017959716139941399
0.016980612729995927
0.016900034619087949
0.017764820406582234
0.019398024817760873
0.014688016191307504
0.030113445115001178
0.031468372964044374
0.030516901367633145
0.036741012370157443
0.025030826323426424
0.024168376102544957
0.02230299158407777
0.019064781595898736
0.011841680195657373
0.013816510832623098
0.017527115853330791
0.015805565077953557
0.013918026632172269
0.01327813864776522
0.01677597832854729
0.018875728672419663
0.025001372489014153
0.024358183071368701
0.023811505048323696
0.020085013215822293
0.015374833631927209
0.018155885087325626
0.023469230991067472
0.023863542598664949
0.025843796886260144
0.018391148712501148
0.03127191842196754
0.024800358392258297
0.025293574941307961
0.025478833545961678
0.019133217641116251
0.030029991409597386
0.027112923688368769
0.023808305894942143
0.028981666642249677
0.031415308356431582
0.019952657642968795
0.024028951634358003
0.025577941076134376
0.018708799800885165
0.016986638385955207
0.010479326856843572
0.015913058075545224
0.016431642917336137
0.016797991719675151
0.016959598837126982
0.023162373309345549
0.025740471384322137
0.023634564930341474
0.016921178465293465
0.016713566914953602
0.015700777458092133
0.0061981625406371506
0.0077296457254554755
0.018110847383485038
0.024386802040077198
0.031572015461169486
0.02539401317229633
0.027493594933771945
0.032076526394842084
0.034768006550505853
0.035837917040887499
0.033261579512883499
0.027433588241183218
0.023225845068607431
0.02518791898964888
0.019940782212063898
0.019900268768649074
0.01229571056717148
0.013591376459972011
0.017807665068891376
0.024606164808453842
0.018864256169479392
0.021228129300134332
0.020347085265872557
0.021583484162688547
0.02188571776313241
0.021212297802107684
0.024957676136726999
0.027766046026169177
0.018732038882000732
0.015368568291373841
0.0094007065382392084
0.0057352039409418378
0.002932245215202372
0.0056653782625390907
0.010153907820801293
0.017975470163798701
0.030779578278960246
0.031451638307618691
0.034052078944134707
0.036297693180340498
0.036233629900795532
0.03392131155055432
0.037610457494710571
0.029684814832672751
0.028073097068539769
0.019868762566891577
0.013385121017371488
0.0085214993125899609
0.0061928488988267621
0.0081095943102677138
0.012157312519108647
0.019234665721305659
0.023673481006740858
0.025424373420206061
0.024035665911846499
0.025800565653334002
0.025991746289658228
0.024586259369635554
0.027036758053786244
0.02499071595718548
0.019582982660827666
0.011914399786489111
0.0044312530775073421
0.0021388842765958367
0.001795769406458205
0.0052864746882813939
0.011975630606011707
0.021337358101042883
0.030870833985806079
0.035280812315160295
0.036585894023338165
0.03952202427651777
0.03963980102039965
0.033771307426738832
0.041077089209518733
0.033169926733006505
0.027028517654565879
0.018039420880197467
0.0078212963659098078
0.0033762773738375005
0.0024688755609740109
0.0052442913320911964
0.010639928043340767
0.018457007122332472
0.02365751573132353
0.028803771832412773
0.024812829362521806
0.028444089847839232
0.028495917178034003
0.026571725387053199
0.027817959930932459
0.024882879168253037
0.018528126744950052
0.010530380677464767
0.0047104724842370084
0.0016542671433901002
0.0038139850757005381
0.0061351639048249926
0.010998784698927001
0.01786437647532085
0.020836035856936323
0.027572942146174454
0.027138112877930724
0.029119496936826455
0.029022235629565973
0.031796862794767573
0.02990246881021548
0.022478047460363144
0.019190599996894316
0.011201024565942432
0.005149807142093117
0.0016753756584042417
0.0017672776035794918
0.004984471244282921
0.010870396111898606
0.017689440465263769
0.02854243281399731
0.032657838418280627
0.037270893679264984
0.039978409401296107
0.041107346313517736
0.039298620498568797
0.037629307402793535
0.02911613450985227
0.024767338242680039
0.016596462657313849
0.0088512459503336163
0.0042093489921643879
0.0087106648757014661
0.0096802973647811368
0.011786306855202143
0.019039211236185821
0.020249138703892271
0.026046903552056959
0.026088016519891132
0.027724813672889793
0.027495923436862739
0.031847416089395016
0.028682625354084931
0.026905918958082701
0.019625471511623582
0.011041750099690231
0.0061721507686115697
0.0037766318851557355
0.0042027427771700017
0.0069034166075187323
0.013788130759138713
0.022272951557208369
0.028114407587435566
0.042772795419683124
0.043769659670938245
0.03690202647398786
0.038555000158591549
0.037608840698005908
0.03332229082913702
0.02701559371220676
0.028166489742789253
0.018047967795730313
0.013313751535858441
0.011599866451881208
0.013960555250461961
0.013995785507638747
0.018006230728410767
0.020551328718236495
0.017936644914606715
0.023385774863728066
0.023420869085671477
0.024465826613367259
0.024138680321993084
0.029200394412495008
0.026136334283699558
0.027690737785276545
0.022131888640515639
0.016585411410238927
0.01006513805026348
0.0086756103991091991
0.0085731711107352032
0.013136797795077353
0.018747545157676123
0.023809202341240614
0.034875031429922126
0.034807045449841929
0.036161592859448199
0.03377556231536942
0.038417066248784486
0.040231725294443299
0.028131632524081553
0.033089871491171652
0.022473699659156115
0.023531025290433098
0.0204985234978537
0.020870274158592134
0.022155415525339534
0.022342627456044723
0.017496039965190471
0.017103664979878738
0.019465527832476952
0.016831732373255356
0.019541042603749764
0.019834459532771329
0.019457383210098746
0.018470064846226035
0.025853864670180884
0.026862775846885765
0.02456061320100493
0.021126219519172242
0.01874920042281519
0.017185074219112109
0.015036594673443232
0.020900823725389067
0.024970967478794636
0.027077270154053194
0.030007323743637133
0.024714667135777729
0.033380753339991354
0.028945708276492694
0.028968187059350184
0.02812742944254381
0.022889236320455222
0.028764164995199529
0.02999897531689932
0.023412362333368384
0.029769300160176267
0.031501265712346016
0.022094041441730768
0.021535757422820673
0.019339190030367975
0.020154427595014034
0.01495208516767892
0.02013724992359036
0.020898609882703367
0.019199699961073697
0.017051790872893942
0.011800577927004821
0.02224240556281093
0.017643650182936354
0.02531989088176435
0.025833320349342992
0.024445197229751556
0.022620034619256029
0.017105537436487468
0.02654044001312068
0.033696743551691243
0.028462945756182103
0.021523778582039004
0.028443957133045275
0.021916593738853886
0.02110770179089146
0.020562252827528472
0.020406966235584401
0.020624886887860783
0.018025449193837265
0.027912285115421293
0.034309153269286671
0.027277179496933809
0.031824638987737769
0.029285590629737034
0.025167461518739963
0.018877384206054264
0.016553012087996092
0.022738527036777159
0.017891268443888893
0.012819293016876574
0.011670394191655957
0.01192877358958618
0.010756778927967397
0.016075990566288011
0.020531560671381538
0.023481296800850277
0.029979665362857413
0.031869551379438706
0.032581914670770477
0.025155071612882766
0.042152286109504403
0.03956434780478249
0.02983140318097938
0.028239828658900259
0.024181749694170734
0.013016776924647857
0.01090847981069901
0.012856564266377267
0.016247702610092469
0.018635555218858763
0.018349233166479861
0.019580022167937684
0.029897713683307816
0.030766193325506556
0.042844737275659774
0.024759336985448389
0.024495400651195928
0.021732520057474836
0.020307840772639522
0.018936557008039479
0.010700153055410503
0.0072540588360424764
0.0058402436481183179
0.0067030717429318433
0.0096954195639360492
0.011593097795564791
0.01010645700763259
0.02294033625179542
0.031170309586432514
0.035645456922135846
0.038234238974625606
0.030816730796539318
0.04704682453147787
0.041433901653604908
0.035551414236326795
0.027682725438020046
0.013643949603242132
0.0071771722105159821
0.0057744171836001841
0.0061264052809292769
0.00900345831654672
0.014550980209408761
0.019848555734746517
0.022598914929972024
0.037585397476310421
0.030979472964381395
0.044115020748737924
0.028476046060864582
0.026510969460755728
0.022870838717158372
0.024290995106054328
0.017776144397239204
0.0077725327144761965
0.0037579296577822325
0.0022959905608625265
0.0036322788751902927
0.0075602808456072855
0.01160338601482689
0.010864350015338716
0.017862123442275689
0.022692662790507929
0.026416894807579111
0.028451909823804408
0.021972326661568297
0.03786180783124711
0.029667999281183719
0.03059889509424641
0.022774146566744393
0.011479192452965723
0.0057753982242426741
0.0037906850421829028
0.0022994531072564862
0.003627554966133558
0.010296480691372544
0.018607518790659711
0.022966421296821204
0.037903007493911033
0.038874346043149738
0.04773788699778661
0.024800729773258891
0.023187764135647285
0.020232166321342726
0.016382170544531477
0.016132348110066759
0.01051407131167883
0.0042669009338453618
0.0035771417386882796
0.0052126496516014696
0.0089066163516216684
0.0092249385019288165
0.011013167646869227
0.016402115745942792
0.020267946186697406
0.023226488666680832
0.024820203941867187
0.019860437339664444
0.033773648746911022
0.030153675815638752
0.023368431926449437
0.020489913315789948
0.012301084354069854
0.0070286182846353434
0.0039435546336992243
0.0035544248071232663
0.0056963572509434318
0.01032270125650416
0.016318335173150907
0.020910409885104272
0.034081933254662106
0.029991705762144293
0.040721811973058318
0.023841095004835052
0.022454479952426928
0.019598347318422988
0.015938612045620432
0.016103877010184651
0.01154527269911754
0.0053410929887462493
0.0048202838778659404
0.0064436510877958694
0.0065264724112774931
0.0083071343827649507
0.012177113926416568
0.016621412172176032
0.020190070402659539
0.027749392566080881
0.029307497429782819
0.027469603857766235
0.036376972549887782
0.029823329289481802
0.022670239969298005
0.020197800284119178
0.014244004566573097
0.0090425863454866671
0.0064387032556007685
0.0052025121663897738
0.0065276223027289091
0.010566307973931478
0.015237271071604639
0.021253375155390494
0.033098013140530187
0.028408046235184208
0.035532518013749681
0.025757268176824326
0.018102664572933934
0.01530311544526492
0.011919232630459218
0.015068980066815724
0.013096154557084143
0.010833339403942224
0.0087818433703242913
0.0079473921050142154
0.0087474658932796649
0.0097711076951844025
0.016462092848092344
0.019994632772010006
0.022580953918419765
0.021488226853196336
0.022106454945954711
0.018404231009488899
0.027300605270945189
0.028666523286478372
0.020678423881408028
0.026032906623870925
0.015553487959195323
0.01192488588881324
0.0096545164934610846
0.0090608296704724686
0.010255412695634417
0.01302400810593461
0.016973938324193156
0.019354739245298784
0.030055518907637208
0.025242908783487346
0.044613994309238354
0.023264431022747421
0.02235524852324353
0.021410994374725979
0.017765865296271943
0.0086088866807384652
0.011170737630394941
0.012653380797290528
0.0116951821133966
0.011329499717352781
0.01052963795629815
0.012548441830862549
0.018433072553490987
0.017478931594264654
0.021071221259301446
0.02068539029493489
0.020351399631105514
0.01592553079648425
0.025218936693448237
0.025993559667205179
0.016380503518176864
0.017385660619933775
0.023999130498893399
0.015891123484432945
0.014874747661528452
0.014749310344525157
0.015557298269630841
0.017141633384026557
0.013380163256860103
0.026559688714091215
0.025945273760536673
0.027507930130059293
0.033197717629450306
0.020239083418005014
0.021909401038611446
0.018068640761792393
0.016410212079631462
0.015126156518486346
0.009727103128517994
0.013505602924454947
0.013771625785993558
0.014121951872700558
0.014506050987116445
0.020264820183966737
0.018342394612037551
0.020141646382492658
0.014965853804892942
0.012435900850135786
0.011908426697709263
0.010568591845970098
0.012981636741684687
0.020297067212786592
0.023079508255320319
0.016287563195569864
0.020432522686705742
0.020641808454809001
0.021035474120962312
0.021387464149082405
0.021683906397516679
0.02066751310778343
0.026462203086388324
0.024112764114918285
0.021584254442886718
0.025973848163520559
0.028229543031705738
0.011121226699732938
0.012595179614168889
0.019442483568410714
0.018608780522166229
0.016546122435805437
0.014433457750191957
0.016966339907171096
0.01782471901266356
0.018150562420986789
0.017898088744114488
0.02228798315632018
0.02332746418202683
0.017172666160485586
0.012436120683538353
0.0094069669336899926
0.0070686500913990482
0.0064809560255090146
0.010041773255203487
0.015640112069745242
0.021488713674512026
0.02647070532462345
0.024311297594354072
0.021690299869690809
0.026576502996990759
0.029187186669727878
0.030499146817705054
0.026226920920567019
0.022427760529363773
0.021276105635454987
0.023068995089316802
0.01815640275077688
0.015260913702045614
0.0063686093326329653
0.0079668982714300052
0.011997344658890921
0.020325378780362703
0.01819024315417106
0.021408965261783201
0.020026413102441562
0.021345010903314792
0.021596396734706137
0.020747222537157255
0.023805449036799854
0.0235624463411763
0.016518090152175154
0.011743098808659477
0.0053278309574210361
0.0033473553829850297
0.0040051538268249254
0.0068498217605651498
0.013379955215778234
0.016313735941165867
0.026834526436491615
0.027097030817673715
0.028424895184124666
0.03022150762240455
0.03033233767433885
0.028785958135500139
0.026186517591307933
0.026275510154649347
0.025577397653034781
0.019821416931631017
0.012610521614935075
0.0081845574371088945
0.0038460357844608533
0.0060680010170206921
0.010462349579663025
0.018172768904073173
0.021988151487637723
0.024571807738066376
0.022216634022678448
0.023796209142271246
0.023935994279627632
0.022619997691420084
0.024276964319480069
0.021970378198701689
0.016252179166687621
0.01162573856536072
0.0063244533576882573
0.0038005424693399962
0.0038397954427390768
0.0064382701916419639
0.012342646328103989
0.019371162367247508
0.02509286263489437
0.030980221732635562
0.031378628187442983
0.033432612931390361
0.033296079458774726
0.028614127022160176
0.035471290103458814
0.029488776358196214
0.024555100990143273
0.017011538925379422
0.0079864022761976811
0.0045095881080508974
0.0038276537907620503
0.0063387528229905399
0.01098265794204184
0.015978335498476607
0.023558841846255171
0.03343232124005293
0.02862885988984968
0.034089346375252974
0.035040739451647637
0.033661581701300271
0.031866554975527289
0.020004517825181631
0.02303278981143388
0.018970719143536929
0.0099451193191815029
0.0065902130283031447
0.0062525888463378799
0.0078778893092959351
0.010871692524182049
0.016518178908973315
0.019705473964709126
0.023579418189292944
0.023211789976822144
0.024811567274943182
0.024817555769002752
0.027504480178629224
0.026328130088255314
0.020004234483486587
0.017093536381685197
0.01078740981730455
0.0063815406695494946
0.0038303835077158664
0.0063285966123127306
0.0086351598812056448
0.01489778261226408
0.019567526261769677
0.027068198960651504
0.027941913030937529
0.035384340330504284
0.032013892799668223
0.033525350967379852
0.032895759587590535
0.028973173264621198
0.024096125553601605
0.020305310236572539
0.019611352944165262
0.013988303354912513
0.015075012933378741
0.010840723215000955
0.011452337478783948
0.01427817066271752
0.017618806316752958
0.017340598735792447
0.022334528610412189
0.022860776808478849
0.024238104031670673
0.024109111573160372
0.027943992310753323
0.025753021372237919
0.024264191485417003
0.018440372170383051
0.013159591908022994
0.0079318961066424769
0.0060412940142782505
0.01032676426002143
0.013929788271648565
0.016662286410625334
0.02131166042160065
0.030486040262331964
0.030917775820763414
0.033880152272624225
0.028418099646484944
0.030002125900946829
0.029956447488414351
0.024230038770868576
0.021284351108084291
0.018462379246322772
0.024483463917653436
0.020671684675822078
0.02110413235498208
0.016024590674206571
0.016465521541248019
0.017592834834679563
0.01479288586296708
0.018311914657162736
0.018323030215887728
0.021211809331701911
0.022158513302371081
0.021914377037933634
0.020519480239629705
0.024035460244440619
0.025638378686778349
0.020528805329660307
0.015952342446549424
0.011519752497780998
0.010393747768485558
0.014906664084122277
0.019555396689725005
0.021058520554116941
0.027546251292464088
0.026913352915667457
0.028061873650596852
0.030542527678837292
0.026637108568266406
0.026711258310326457
0.025886899738645781
0.025733249019186479
0.022842402924616801
0.026176760489887079
0.019866731391385523
0.022578251684098043
0.029840838855986061
0.021820751972216994
0.021690056659584886
0.016507918650306656
0.015177819652074492
0.017538239985987015
0.016394315392455103
0.018518073393079149
0.01888944706062921
0.018566348997757828
0.017600204757077461
0.025384662740348261
0.022940818377799734
0.022491018911657581
0.019647755840368965
0.017294821842734599
0.016850634125044235
0.015279817975038686
0.024117793218091637
0.028596271532424684
0.025664816624130248
0.017498590989633942
0.027886317918604398
0.020895231716563462
0.020460163817051562
0.020060927705954603
0.019788311236408142
0.019654814606883481
0.016265256043379847
0.021986827179548411
0.021153095262843612
0.024607117378539753
0.0291139151308113
0.020868816284174339
0.020289317225284594
0.019919379590942542
0.018412463084999563
0.01411857781459985
0.015315056035544854
0.017893805054347706
0.018296235133694241
0.014383414283773968
0.014181593830420088
0.019382409296696771
0.019421550894762937
0.022787528086123398
0.02213842401805827
0.021810717924870479
0.020494521077529266
0.021999422565732753
0.033894718283064736
0.027363513627654816
0.02686561732114541
0.025224051830481133
0.022865770691653145
0.016150514092768638
0.011999760369052512
0.013818665973015664
0.016349265058685471
0.015147601706565584
0.017317977567598473
0.018334499369845467
0.024683284605800292
0.022451646232662978
0.032303361188673857
0.018127173833313658
0.017768636426927942
0.01673985154994791
0.015197648970017109
0.014420644555744858
0.01596113401882426
0.01468095086230883
0.013075733097732661
0.011902928020232621
0.011735578372930237
0.010986521391267984
0.019141237860105249
0.020588103741407866
0.017648252959353371
0.022913952310341153
0.027897580560009533
0.025850686704546263
0.040011756679144111
0.037397198923682977
0.028676871396529639
0.021186224625015751
0.016299572852003046
0.009421109980640819
0.006944978771752066
0.0082216612333979935
0.011690803174584074
0.015056069249264149
0.01546464413505835
0.020257618028790544
0.032155167714045571
0.028262021764502501
0.037028314522428149
0.021574874838217649
0.020716464022616062
0.018885123838679928
0.016358450191572622
0.017401898839947669
0.013393450389086469
0.0085913427738939629
0.0078870299189148247
0.0088594092788549343
0.0094973231330989956
0.010180189486721994
0.011206438642395051
0.020226563023823647
0.026593745883317498
0.029847987183742663
0.03179253943787879
0.018358230068649756
0.03232780615546775
0.028813685650453114
0.023178898328096328
0.020833946495461428
0.012023735001386902
0.0062728857535946708
0.0041736196236504724
0.0046319329734842395
0.0073833822203792599
0.012368388104561492
0.01743204322859428
0.020560493216310302
0.033751420876776593
0.029937625653748655
0.040199025285116409
0.023922093000563062
0.02257769573730482
0.019982382971246295
0.016529681599519092
0.016824249807440191
0.009636966301132692
0.0054045240492361993
0.0046500344971292396
0.0060568260819631806
0.0093949220818582146
0.0095788920380040273
0.010875789207333146
0.01587630601755741
0.019446606187169629
0.022232706745246959
0.023806255774432294
0.019860437398481551
0.033773649597338196
0.030153675885549666
0.02336843198662833
0.020489912746723762
0.012301084518147805
0.0070286184687413282
0.0039435544604606923
0.0035544247509638649
0.0056963570674769468
0.010322701138207446
0.016318334964763315
0.020910410427460637
0.034081933749618279
0.029991706003673249
0.040721811853629684
0.024800729977067514
0.023187764160489361
0.020232166275739417
0.016382170762443391
0.016132348198795207
0.010514071356765284
0.0042669009537135687
0.0035771417509754548
0.0052126496289768452
0.0089066163645000508
0.0092249385188561926
0.011013167640135995
0.016402115722460683
0.020271426313012167
0.023226488651419838
0.024820872891766616
0.027469604529972304
0.036376973995120833
0.029823329102640784
0.022670240374053453
0.020197799873899146
0.014244004626079677
0.0090425866355760588
0.0064387025088520188
0.0052025114480159056
0.0065276222476866276
0.010566308061819039
0.015237270632534673
0.021253375843230927
0.033098014316407513
0.028408046367116805
0.035532517965545865
0.023841095087577136
0.022454479604109387
0.019598347123569441
0.01593861234128386
0.016103877103783037
0.011545272754404633
0.0053410930259872218
0.004820283899133913
0.0064436511072798923
0.0065264724158280258
0.0083071343747435251
0.012177113927521086
0.016621412165588881
0.020190070340258985
0.027749392953081379
0.029307497804869208
0.018404231806305682
0.027300607431916923
0.028666523112558111
0.020678398576086842
0.026032905955735545
0.015553488136894542
0.011924886259627423
0.0096545149435968078
0.0090608298998385104
0.010255413066692113
0.013024008518771215
0.016973938296421347
0.019354739593524881
0.030055519848484775
0.025242908990041814
0.044613994878871209
0.025757268006015837
0.018102664333539256
0.015303115719309325
0.011919232733198256
0.015068980079874655
0.013096154610189587
0.010833339429869472
0.0087818433727429764
0.0079473921173909331
0.00874746589102008
0.0097711076903204477
0.016462092825109336
0.01999463279638725
0.022580953942740411
0.021488227151834668
0.022106455582047848
0.015925531283942546
0.025218938817142836
0.025993559326273206
0.016380503567923168
0.017385660991681588
0.023999128648026297
0.015891127712763835
0.01487474412370012
0.014749309267979989
0.015557300143814184
0.017141634960610917
0.013380163319295812
0.026559689069967848
0.025945274095063017
0.027507930052061414
0.033203594843131942
0.023264431278721485
0.022355248554522707
0.021410994112504945
0.017765865361779751
0.0086088867418608883
0.011170737618113867
0.012653380795055172
0.011695182113539655
0.011329499730497881
0.010529637962968085
0.012548441834176995
0.018433072560308975
0.017478931541158982
0.021071221222482891
0.020685390120433213
0.020346787407397177
0.010568592659869886
0.012981637277276912
0.020297065822052686
0.023079508336545804
0.016287565229817027
0.020432526421304317
0.022521975476490791
0.019642067003314903
0.021387464118908867
0.021683905828884555
0.020667514876270297
0.026462203240134759
0.024112764331998639
0.021584254293030482
0.025973848114546155
0.028229543592818474
0.020239084029497159
0.021909401067416949
0.018068640705293855
0.016410212005137339
0.015126156649576209
0.0097271032156467565
0.013505603022997069
0.013771625721821711
0.014121951846326189
0.014506051013298939
0.020264820196809672
0.018342394587931198
0.02014164640866949
0.014965853870029374
0.012435901474018813
0.011908427885848215
0.0064809553379669574
0.010041773979850455
0.015640109920776409
0.021488715009867904
0.026470704481801773
0.024311297490548455
0.021690301427869926
0.026576509817004809
0.029187190528009707
0.030499145048050281
0.026226920613887112
0.022427760867192503
0.021275108149002277
0.023068994861993382
0.018156402766733359
0.015260913963730438
0.011121226759346969
0.012595179554803784
0.019442483510580082
0.018608780338244073
0.01654612251659035
0.014433457988610312
0.016966339938362742
0.01782471900441239
0.01815056243817291
0.017898088787719316
0.022287983227421544
0.023327464200430893
0.017172666198366368
0.0124361210069498
0.0094069669749434759
0.007068649636650862
0.0040051534770029476
0.006849821757897276
0.013379954581437724
0.01631373676251157
0.026834525142697328
0.027097032322625118
0.028424893450903901
0.030221508620980338
0.030332339388308226
0.02878595855803201
0.026186518406055327
0.026275510175870067
0.025577398153587665
0.019821416688520058
0.012610521424963498
0.0081845574412059158
0.0063686093025770076
0.0079668982105232326
0.011997344664590417
0.020325378526842141
0.018190242989380753
0.021408965343879458
0.020026413177187549
0.021345010856439559
0.021596396707482788
0.020747222607044404
0.023805448869325532
0.023562446343956558
0.016518090273985854
0.01174309866290444
0.0053278309654160782
0.0033473553640552206
0.0038397952962545257
0.0064382702066419851
0.012342646302123261
0.019371163109804908
0.025092861353442925
0.030980223050926604
0.031378626997135305
0.033432612082441922
0.033296079915110383
0.028614128088717137
0.035471290261768457
0.029488776994396823
0.024555100904688133
0.017011539209951337
0.0079864023351547131
0.0045095881228043233
0.0038460357833220672
0.0060680009953908111
0.010462349701613954
0.018172768962949632
0.021988151126777669
0.024571807170402821
0.022216633834572237
0.02379620913950346
0.023935994173453008
0.022619997663926472
0.024276964328325334
0.021970378298681283
0.016252178916204122
0.011625738825084001
0.0063244527642856247
0.00380054234631662
0.0062525887275474874
0.0078778894359240945
0.010871692541396572
0.016518178784602877
0.019705473674581309
0.023579418014143972
0.023211789934503096
0.02481156696057504
0.024817555435406244
0.027504479885122449
0.026328129703756437
0.020004234178577499
0.017093536310752239
0.010787409836033591
0.006381540679319413
0.0038303835165246929
0.0038276537805122203
0.006338752917564713
0.01098265795605665
0.015978335535986262
0.023558841934646895
0.033432320886920698
0.028628860529811777
0.034089345950405837
0.035040739359845037
0.033661582611769526
0.031866554497327573
0.020004518318484949
0.022454500488328793
0.015422314480175576
0.0099451194355414368
0.0065902127452327243
0.010840723128435059
0.011452337712493181
0.014278170842066543
0.017618806377207804
0.017340598534437909
0.022334528544456281
0.022860776706079979
0.024238103858332954
0.02410911141143356
0.027943992210101007
0.025753021498833482
0.024264191486149861
0.018440371957437248
0.013159591952474584
0.0079318961622040791
0.006041294052784937
0.0063285966354821414
0.0086351599567792512
0.014897782374795016
0.019567526622690325
0.027068198762338343
0.027941911776969044
0.035384340663886633
0.032013892569163468
0.033525350989858135
0.032895760946872431
0.028973174162513632
0.024096126327450871
0.020305311062804039
0.019611353798262225
0.013988302494445279
0.011464212853346032
0.01602459064177085
0.01646552152547914
0.017592834687539399
0.014792885800469578
0.018311914623171718
0.018323030206671743
0.021211809354999247
0.02215851325899984
0.021914376949160062
0.020519480243712574
0.024035460261011651
0.025638378696841078
0.020528805542476464
0.015952342632622563
0.01151975259261267
0.010393747824067084
0.010326764323559388
0.013929788556261737
0.016662286457993034
0.021311660866757537
0.030486040136196563
0.030917775436197496
0.033880152294835757
0.028418099639745485
0.030002126373986419
0.029956446757858583
0.024230037695264571
0.021284351067417613
0.018462380022810303
0.02448346306625012
0.020671684790075952
0.020845283179504646
0.021820752091059548
0.021690056920505119
0.016507918660530703
0.015177819633355833
0.017538239874566847
0.016394315388557991
0.018518073514075854
0.018889447096369007
0.018566348985140476
0.01760020475405135
0.025384662523784109
0.02294081846153927
0.022491019202538584
0.019647756157018106
0.017294821953755247
0.016850633965789959
0.014906664073569095
0.019555396975249564
0.021058520415812982
0.027546251649914175
0.026913353207457733
0.028061873599142639
0.030542526277281934
0.026637109042968614
0.026711261041816661
0.025923364902097467
0.025733249158314202
0.022842400387141071
0.026176761313256029
0.01986673134419031
0.02257825138447064
0.029840838427442867
0.020868816523202237
0.020289317305337163
0.019919379474098151
0.018412463084993128
0.014118577761259013
0.015315056004397313
0.017893805025503348
0.018296235107503854
0.014383414276712091
0.014181593793730516
0.019382409295408902
0.019421551020361191
0.022787528264875723
0.022138424191067436
0.02181071809677896
0.020494521134820771
0.01527981795010277
0.024117793298031005
0.028596271352527201
0.025664816101035354
0.017498591001530978
0.027886317574052921
0.020895232118283587
0.020460163791708896
0.020060929333212237
0.019788311688284026
0.019654814193175073
0.016265255132862536
0.021986827295223374
0.021153095175203702
0.024607117456976097
0.029113915084944396
0.018127173877689102
0.017768636366706371
0.016739851569588664
0.015197648979951473
0.014420644531454431
0.015961133959489091
0.014680950849879058
0.013075733070758114
0.011902928014483873
0.011735578357790067
0.010986521390194941
0.019141237421281675
0.020590136547218987
0.017648252452081667
0.022913952377038818
0.027897580700422395
0.021999422440466789
0.033894718429668416
0.027363513040365717
0.026865617084155032
0.02522405138344298
0.022865770232906556
0.01615051490315695
0.011999760333243684
0.013818665452587657
0.016349267821417476
0.01514760058579997
0.017317977663382517
0.018334498934710914
0.024683284261116906
0.022450556054206518
0.032303361130014953
0.021574874908923819
0.020716464017293892
0.018885123807387251
0.01635845033952411
0.017401898760950798
0.013393450338329654
0.0085913427244439667
0.0078870298951002355
0.0088594092648311886
0.0094973231174394889
0.010180189449275096
0.011206438783746366
0.020226562985553757
0.026593745588075673
0.029847986981554775
0.031792539022339562
0.025850686312605838
0.040011756528995218
0.037397198584840224
0.028676871593206876
0.02118622496282975
0.016299572697770777
0.0094211102607440356
0.0069449790472137906
0.0082216612574655019
0.011690803918046846
0.015056069468981212
0.01546464438376341
0.020257617633704175
0.032155166708764588
0.028262021721003006
0.03702831512577285
0.023922092915009612
0.022577695608813519
0.019982383006515315
0.016529681706703579
0.016824249730147449
0.0096369663491401927
0.0054045240227120848
0.0046500344566515316
0.0060568260671790925
0.0093949220964782837
0.0095788922038477393
0.010875789197762062
0.015876306004599692
0.019445690005995615
0.022232706753906782
0.023806255670228628
0.018358229922792145
0.032327805336292974
0.028813685218793999
0.02317889886116099
0.020833946994340196
0.012023734658056671
0.0062728857534006342
0.0041736195959876741
0.0046319330665937804
0.0073833824775968492
0.012368387905576513
0.017432043415468772
0.020560493109602805
0.033751420273818611
0.02993762541221549
0.040199025289708472
0.019258081376091425
0.018361687310061728
0.016634998661198167
0.014340373701069394
0.011821037101147682
0.011327260493332806
0.0090718322503311258
0.0068610902006237097
0.0060054066202677074
0.0066365116912881789
0.0082966987872317467
0.011414097510717893
0.013938566741331013
0.016303621104094012
0.018147602451684352
0.019186049928159078
0.015580777941558788
0.026553197805405576
0.024430228962979045
0.018338300009587475
0.01788433191473382
0.013455682671622971
0.0097186603328680739
0.0063022895886408591
0.0063506565694268734
0.0080938673822830084
0.0096789898204974398
0.013389367864350793
0.018084036535606529
0.025775080376596461
0.023289879137179746
0.031330015084885664
0.019382429840158363
0.018352362445135134
0.01649194639067263
0.014082587442330683
0.011488056848554598
0.011263013236214597
0.008977114275038868
0.0069989765138861685
0.0063607685456939121
0.006965863633852494
0.0090948201293293909
0.011694247384263229
0.014291594927593737
0.01667534196108458
0.018481363357831543
0.019432065414652224
0.017157604012517983
0.023953759105836518
0.024639805725175812
0.019318571604988753
0.018002756769505648
0.013390460513080385
0.0098796547734357268
0.0075958732761610796
0.0068627147293711006
0.007806926042599107
0.01026089070411727
0.013874606345646641
0.020932128505452546
0.02109459786233946
0.022713937029072765
0.030250730664458922
0.017370583254262606
0.015906231373065634
0.013562670711597738
0.012858453896619479
0.011360179287402631
0.0093130145849116136
0.0089245657945411835
0.0085936752606795078
0.0074365045043886325
0.0080443812266616926
0.0099820667915416755
0.012150718416717372
0.016916028369748416
0.018546201273695242
0.0197455652022277
0.020326690846349454
0.018722263069475529
0.023607674829580892
0.023259460018056784
0.018211475769288162
0.016169430990304493
0.013998253561446884
0.011239646857154685
0.0094999502074368213
0.0090267821436555117
0.0099086251233141479
0.011986709526585489
0.014961435908674988
0.019871326927512891
0.020603261162903442
0.021491264250712711
0.027341109250119681
0.022373942138602287
0.021983470949934324
0.019153470160874052
0.011498610480839503
0.0075898389667524348
0.010052160955131974
0.0090828340190592834
0.0086927885391110543
0.0089440679712536175
0.0097978257758567274
0.011123033179136361
0.015815954892018886
0.015092676576950841
0.014841465571021773
0.01458237095854783
0.016144727535270367
0.012761254704830766
0.020088946373463552
0.01654294281921264
0.016075298376082049
0.015702074983963411
0.015134284318080707
0.013615669883519961
0.012681375501424943
0.012535204281461716
0.013219492427775063
0.014603452366634436
0.017523800145950293
0.019085205951812692
0.024521881028665312
0.027267487459654693
0.032598903610521313
0.016918974340641331
0.017067505854904966
0.016338949240361625
0.01496239814190737
0.013002241000968655
0.011222569972630683
0.010940792620902123
0.010954187139714577
0.011261907618912553
0.011817677970807745
0.015693493387613378
0.015999596625771273
0.014622289112072443
0.014894212420283411
0.013078642683417369
0.0093745497143923225
0.0085010838283091257
0.011211982612580709
0.016837662173946704
0.018794001778038034
0.016033151386687459
0.014756592679771589
0.014920088571355255
0.016218526642993416
0.016894975038681686
0.020225766061130131
0.020825665904957654
0.018855303343970765
0.021146813181163369
0.019602543616815904
0.02063987208926479
0.022036580308072522
0.013551858336488929
0.015333739649149931
0.015399538936727479
0.014020739343908564
0.013932686851178747
0.010038772546451637
0.013098669980938529
0.013514592545404921
0.01383318284408936
0.014007801524232885
0.017595296917339086
0.016517864157876976
0.01652225939438105
0.01158129488128074
0.00870298223885063
0.0070111548113975797
0.0064633280781874391
0.0095544573071093802
0.013681601044236245
0.018174952809344124
0.016455313642111041
0.020757111414219629
0.019366067870599635
0.019549709480819352
0.019279576006415371
0.018612945681356546
0.016901385926881188
0.021386246241600702
0.017636816475826187
0.017155352360126264
0.018170435396439082
0.014788975463274257
0.0088399225042131557
0.010207688281685076
0.014704386702749156
0.015665474484102944
0.015172684212447518
0.013946396964746179
0.015224101252473468
0.015978237797649855
0.016259376378803779
0.016027653801930934
0.02028064496837928
0.016786942259107231
0.016729810258661781
0.01100650662791291
0.0078962103781516149
0.0058522658216432957
0.0054835129212160317
0.0087452841383992581
0.012249406911890517
0.014898822621616877
0.017212274736417663
0.024067309237831409
0.021599481014669925
0.022771239579574408
0.02300007661439402
0.022287213536660543
0.023000487530889045
0.023195681555270638
0.018297286896582395
0.017990144589882136
0.014572719299804688
0.0095419675104465879
0.0063413599527434106
0.0081545412424579283
0.012395890166785273
0.016113624857135272
0.016533333228025471
0.01932613727544651
0.016988102522632238
0.017966096567543857
0.018168100597810995
0.01756663977371822
0.019617791655561812
0.016757300700191102
0.014950001292506471
0.011272295129870212
0.0084003192313086023
0.0067291072500002911
0.0065542030414505459
0.0079635824619458707
0.011276326892407243
0.019619950757384635
0.020510958443463755
0.025121088412174208
0.024537628146777186
0.025587363835955248
0.025249864531853523
0.023629714209845418
0.023454195264214023
0.022116166964948916
0.018546401532572063
0.011988291611859856
0.0090807111433262224
0.0067747754718984225
0.0066035208097616873
0.0081472956582056572
0.010784220216916664
0.014562048521303482
0.017208842210727892
0.027599262993520373
0.025125304333317906
0.024169146759586459
0.028016157058103227
0.022756714456630439
0.021340256110422992
0.017877191928180828
0.014254572173773924
0.014193850861890142
0.0090028229476895108
0.0091587363795269886
0.009402524134932512
0.0099387296381617061
0.01202894157382748
0.012623150495408771
0.015914850323943873
0.018614835170610997
0.01812683328252588
0.019178016759277199
0.019269369587876686
0.018389828499724932
0.02145392917845124
0.016808320228773863
0.014743907341805132
0.011746416103444316
0.0084329126571286266
0.0066887443634793204
0.0083948791965720981
0.0094531687664696027
0.013726702375343952
0.017858026226823174
0.024811040993745804
0.026362874144733924
0.022809440099010182
0.025397707774715179
0.026647917559187863
0.026403466624894678
0.023019333687191453
0.020295509142556119
0.017381695260907947
0.018473898433682901
0.014410827996882133
0.012216795640131112
0.012219464712679914
0.012898342833657787
0.014123945386872075
0.013045777431863579
0.01578387922781942
0.015046304954819673
0.018467856042499512
0.019431450104371206
0.019397798869425054
0.018374256203157833
0.023736078472178727
0.022251073436823227
0.016724608720180865
0.012929662704064463
0.0097151510211015441
0.0083032641337324759
0.0099360571210703012
0.012023212581887299
0.014115450458741399
0.018274056328376288
0.025661822778409466
0.025536506371217554
0.021199382402008832
0.023502634705958252
0.024758201208627366
0.024784627720571984
0.021732722985502311
0.018125716961360758
0.016359517929060083
0.016280697221402796
0.020348515687507642
0.019326598174167785
0.016273947520664894
0.016431320711937324
0.013815780557475496
0.01341097118525849
0.015512014521411358
0.016458052196408324
0.017957691857869662
0.018687470863020354
0.018534208086557511
0.017522094217980486
0.020562887855095306
0.016580385326165469
0.018262874574955807
0.015125076868760754
0.012272937643136198
0.010964871280365855
0.010273617938361474
0.015972468198007576
0.018325993997657088
0.021923439510352152
0.020982813781050848
0.024337812130640225
0.020693391191565554
0.022736245585011347
0.024142786436915427
0.024723853224277607
0.025097629124346321
0.016147553841442001
0.015994272250038039
0.01631935901561838
0.019213854703371551
0.018403756980956667
0.01621299674651705
0.016005407206908299
0.01444741935732868
0.0152930495126441
0.015145394819656545
0.015718103655801417
0.016679089559204375
0.017063821979607114
0.016813712571494926
0.015966775235361299
0.019600122752930004
0.015759229316167057
0.018715621968618965
0.017622974690801995
0.015526471559835889
0.013659699602786292
0.013432194881638604
0.02169239142899641
0.023540703686934544
0.019289996513992953
0.021237491047493996
0.02087604556276253
0.019073099418302372
0.019013548670923835
0.018773219816351161
0.018415747668297899
0.017969983192198544
0.018193842865380054
0.018392871065669888
0.018079074224719244
0.020198010743879093
0.024874979265594795
0.018341004546054564
0.018022558141134196
0.017224433440209182
0.012868534066105147
0.012917533572586917
0.014546338412193952
0.014824950204908621
0.014808707806733159
0.014500783186414724
0.013948026613630123
0.013234380805130671
0.018352093828795081
0.012943268743569981
0.018661323192603687
0.017876268015571951
0.017263591807707427
0.013133478422706358
0.020339911168163367
0.02384854999678214
0.022686222992164325
0.02014531533899571
0.01717188610903975
0.015853975918303329
0.014858244165388156
0.014307441064106783
0.014306219150995468
0.014834497655470163
0.017533594793827496
0.019828211416122173
0.015773779151872187
0.017508095246772434
0.025213265665502169
0.014310025563716433
0.014317228723810058
0.013984316854545788
0.013841508464778423
0.013526068157187692
0.013116345705419301
0.014328536851580474
0.013676751311579699
0.012112002660335656
0.01176907962099827
0.011766599414041687
0.016177158101159009
0.017732969258924956
0.01846871431181182
0.017417170158535025
0.017970554575227688
0.021174501886137769
0.026893016594272959
0.026171835989456955
0.017581620254153031
0.018809340458255996
0.015497883850603536
0.012951231579530546
0.011166238012353343
0.010381459711132406
0.010735841046306394
0.012157277312141425
0.01445102483029554
0.021438659127310279
0.024587442784528044
0.021487767020433951
0.028145185699091989
0.016255755559269947
0.016017072467517775
0.015301398602760193
0.014218611244316235
0.012931792554066904
0.013617020026939295
0.012171937687146852
0.010477073122110362
0.0095904783184688411
0.0096456706909554615
0.0098146305757389543
0.011548790035973918
0.012837564645498813
0.014135441349705532
0.022510502295375864
0.02307832964139097
0.01384245626263554
0.025106963193296951
0.023041835958470539
0.017754455759490646
0.018172472372117447
0.01419296309841323
0.010793304756173454
0.0069497288930657859
0.0075749880242559258
0.0096486511166840871
0.01034255888655959
0.013590282242523753
0.017837262545403864
0.025228522326534216
0.022858179718726092
0.03058932954077118
0.018159783679432592
0.017541967760909962
0.016217531197090993
0.014388227490803023
0.01232706654040331
0.012151234457988916
0.010189623209351859
0.0080777982600835491
0.0071352797931216972
0.0075068166501779639
0.0087558891782954298
0.011363133824831314
0.013428130597329889
0.015411952898426872
0.017010032873100524
0.017975701960890041
0.015580778061147551
0.026553197701599307
0.024430229374760557
0.018338300023007601
0.01788433026247184
0.013455682812188318
0.0097186603298165131
0.0063022894157347877
0.0063506563742966558
0.0080938672821191191
0.0096789894009655618
0.013388746425730883
0.018084037654876314
0.025775080241564545
0.023289879040162165
0.031330015283654582
0.019258081076517299
0.018361687240532054
0.016634998641959688
0.014340373742279235
0.011821037140129486
0.011327260526227482
0.0090718322760082824
0.0068610902168093841
0.0060054066289623887
0.0066365116917334712
0.0082966987850335086
0.011414097507262721
0.013938566731440607
0.016303621094095461
0.018147602443002005
0.019186049901765593
0.017157603910269797
0.02395375964971479
0.024639805415431187
0.019318571540267029
0.018002756521691008
0.01339046041858109
0.0098796682773297489
0.0075958730422646115
0.0068627145060607252
0.0078069259828831899
0.010260891508776676
0.013882601181023876
0.020932127904160026
0.021094599233941719
0.022713935914056512
0.030250731031576765
0.019382429579564462
0.018352362360003871
0.016491946308201545
0.014082587424353421
0.011488056867379047
0.011263013232948491
0.0089771142246955742
0.0069989765167667167
0.0063607685834871797
0.0069658636287502611
0.0090948201267155582
0.011694247377863334
0.014291594912562919
0.016675341916353621
0.018481363247617948
0.019432128829213906
0.018722263019797316
0.023607675558175133
0.023603818110827304
0.018211475797309102
0.016169430556191772
0.01399825323962703
0.011239646988252619
0.0094999497624968336
0.0090267824600630282
0.0099086247449140883
0.011986710211366877
0.014961436695510158
0.019871325800852883
0.020603262304661255
0.021491263526417382
0.027341109588905173
0.017370583182497099
0.015906231235814451
0.013562670514206452
0.012858453835758532
0.011360179278516434
0.0093130145886519376
0.0089245658645870172
0.0085936752478489187
0.0074365045000803973
0.0080443812240640969
0.0099820668003118267
0.012150718415816518
0.016912687790397847
0.018546201322234591
0.019745565247861984
0.020326690970393489
0.012761254816329682
0.020088947908367363
0.016739867529350291
0.016075298257340356
0.015702075836407984
0.015134283674881045
0.013615671487208181
0.01268137381857175
0.012535203702357063
0.013219491554116359
0.014603454723140875
0.017523800012060206
0.019085205907305228
0.024521881701828247
0.027267486981852961
0.033834807363796349
0.022373941890643748
0.021983470563511263
0.019153469957532775
0.011498610441638146
0.00758983889839694
0.010052160948139014
0.0090828340192362546
0.0086927885215085238
0.0089440679648606393
0.0097978257760327186
0.011123033180665329
0.015815954887336687
0.01509267657697441
0.01484146551254783
0.014582370817465645
0.016144727585984377
0.0085010842134785256
0.011211983142194097
0.016837661394479491
0.018794002029520897
0.016033152199761494
0.014756592682003739
0.014920089717583327
0.016218525844222665
0.016894974835787589
0.02022576534075237
0.020825665054952581
0.018855303781481411
0.02114681204131074
0.019370217775947721
0.020371782657429963
0.022941081657814409
0.016918974428699572
0.017067505817844154
0.016338949204093081
0.014962397764729081
0.013002240858943574
0.01122256998368067
0.010940792628513704
0.010954187140165859
0.011261907620761465
0.011817677979357304
0.015693493368108456
0.015999596628963126
0.014622289101326673
0.014894212495576511
0.013078642910314022
0.0093745500057115915
0.0064633282907406789
0.0095544577511003943
0.013681600287342112
0.018174953664798765
0.016455314671307442
0.020757111825403976
0.019366068178960864
0.019549710060930616
0.019279575552164339
0.01861294471122265
0.01690138542169841
0.021386247169440847
0.017636816610523385
0.017155352136598769
0.018170435270372338
0.014788975756312677
0.013551858378466872
0.015333739766891584
0.015399538933577555
0.01402073936168812
0.013932686878954348
0.010038772517524247
0.013098669962195535
0.013514592550581038
0.013833182846518395
0.014007801522474708
0.017595296876768595
0.016517864212040774
0.016522259387203253
0.011581294932313274
0.0087029824825236596
0.0070111550461191934
0.0054835128723885185
0.0087452841656255088
0.012249406646709845
0.014898823429782023
0.017212274179013377
0.024067309808731823
0.021599480179660707
0.022772779291393319
0.023000077171286746
0.0222872135741118
0.02300048752267379
0.023195681582116053
0.018297287085123615
0.017990145041895226
0.014572718927818824
0.0095419675764911345
0.0088399225701212437
0.010207688414616839
0.01470438688910836
0.015665474436782012
0.015172683910776745
0.013946396899409892
0.015224101306724903
0.015978237795234024
0.016259376379423932
0.016027653812240132
0.020280645016955177
0.016786942241565839
0.016729810223576721
0.011006506621809353
0.0078962104237884079
0.0058522657941332719
0.0065542028989345981
0.0079635822274653403
0.011276326897832424
0.019619950926423785
0.02051095722362431
0.025121089123183567
0.024537627398201169
0.025587363895924451
0.025249865059773002
0.023629714672898802
0.023454195369125429
0.0221161676792292
0.018546401229098678
0.01198829158782078
0.0090807111976340983
0.0067747754894639653
0.0063413599771613115
0.0081545412979636446
0.012395889944940584
0.016113625003353529
0.01653333323376532
0.020264979254008757
0.01698810235542382
0.017966096580898545
0.018168100564062328
0.01756663963827557
0.019617791800811298
0.016757300701522596
0.014950001221010666
0.011272295052743705
0.008400319198194485
0.0067291071338473809
0.009402523953330728
0.0099387295891205166
0.01202894151986982
0.012623150338987867
0.015914849992713736
0.018614835000319033
0.018126833129469305
0.019178016590791866
0.019269369558784902
0.018389828695958673
0.021453929080745938
0.016808320275893372
0.014743907126421653
0.0117464160951395
0.0084329126769167127
0.0066887444070431621
0.0066035208303304839
0.0081472956815294949
0.010784220185307895
0.014562048786708259
0.017208842881805152
0.031423268325767161
0.025125304336985659
0.024169146596185586
0.028016157054889679
0.022756714655700807
0.021340256078558356
0.017877192373027252
0.014254572075523692
0.014193851229914588
0.0090028228981968942
0.0091587362003934959
0.012219464646030529
0.012898342852474333
0.014123945365813526
0.013045777347915115
0.015783966325278505
0.015046304873050061
0.018467856018220291
0.019431450020717372
0.019397798811882389
0.018374288852970527
0.023736078376696192
0.022251073389950578
0.016724608691452272
0.012929662710577839
0.0097151510787741573
0.0083032641733730879
0.0083948792139648468
0.009453168542447923
0.013726701951903368
0.017858026839843364
0.02481104019117571
0.026362874560394364
0.022809440169651571
0.025397707251166763
0.026647917572344481
0.026403466906927988
0.023019334194597504
0.020295509939215629
0.017381696260114626
0.018473898923383639
0.014410828090828677
0.01221679561642401
0.016273947476426062
0.016431320723839297
0.013815780567674121
0.013410971202596418
0.015512014490176496
0.016458052169959995
0.017957691845314566
0.018687470831244245
0.018534208075480056
0.017522094189783951
0.020562887819681398
0.016580385329666089
0.018262874688450403
0.015125076953743615
0.012272937702875667
0.010964871633010843
0.0099360571498699531
0.012023212975272044
0.014115449781676269
0.018274057237768732
0.025661822391713818
0.025536506698247672
0.021199381772984797
0.023502634766713923
0.024758201502843299
0.024784627170302748
0.021732722185765746
0.018125717026491291
0.016359518417253541
0.016280697241484763
0.020348516256301252
0.019326598330539214
0.016212996573812838
0.016005407299996357
0.014447419363204499
0.015293049591722329
0.015145321749558191
0.015718103677212349
0.016679089552832038
0.017063821975408008
0.016813712564123687
0.015966775229624589
0.01960012273201462
0.015759229311967771
0.018715622014988102
0.017622974926621768
0.01552647162986417
0.013659699998403167
0.010273618197550724
0.015972468716936045
0.018325993229410576
0.021923440103505106
0.020982813128879736
0.024337811678101191
0.020693389837893619
0.022736246743665832
0.024142786781420452
0.024723851610283471
0.025097629841573637
0.016147553729526136
0.015994272281218011
0.016319359135332476
0.019213854785456001
0.018403756354858112
0.018341004556228592
0.018022558128858265
0.017224433298190445
0.012868534060594431
0.012917533561390982
0.014546338415306215
0.014824950229884101
0.014808707795650354
0.01450078314779567
0.013948026546879828
0.013234380808800983
0.018352093826981428
0.012943268714990063
0.018661323407857391
0.017876268045217275
0.017263591784390696
0.013432194812842406
0.021692391825980994
0.023540703642589856
0.01928999612680582
0.021237492249974937
0.020876043694574378
0.019073101397522982
0.019013548151804147
0.018773220281967051
0.018415747789196236
0.017969982551428992
0.018193842235463172
0.018392871039355073
0.018079074228680606
0.020198010426787125
0.024874978456611827
0.014310025659215143
0.014317228794370158
0.01398431689355405
0.013841508444808802
0.013526067968624187
0.013116345672150998
0.014328536831789121
0.013676751307030834
0.012112002650543234
0.011769079738816334
0.011766599415952766
0.016177158105632309
0.017732969145935688
0.018468714260146357
0.01741717001187456
0.017970554339348081
0.013133478131926397
0.020339911604344268
0.023848549446714655
0.022686223337742898
0.020145315674360731
0.017171884495992999
0.015853977302329684
0.014858243886097506
0.014307440915126739
0.014306219480344445
0.014834497089997449
0.015827257916540216
0.01880606366606247
0.015773779170660328
0.017508094784192955
0.025213265557466693
0.016255755662167321
0.016017072463475224
0.015301398591953907
0.014218611213510698
0.01293179253603164
0.013617019991682263
0.012171937647893045
0.01047707310404176
0.0095905259132980977
0.0096456706873974483
0.0098146305711939094
0.011548844921835432
0.012837564652162658
0.014135441352498722
0.022510502191653584
0.023078329355714033
0.021174015288692657
0.026893017290840624
0.026171834700600805
0.01758162039023389
0.018809342311328255
0.015369496172219058
0.012464616531206282
0.01116623835403917
0.01038146009285873
0.010735841305285102
0.012157277090301422
0.014451024842160605
0.021438659238116917
0.024587443000279218
0.021487766728935015
0.02814518552852292
0.018159783750196456
0.017541967768846024
0.016217531166144723
0.014388227497064789
0.01232706669652401
0.012151234173018523
0.010189623175009861
0.0080777982393309966
0.0071352797955076498
0.0075068166452624202
0.0087558890623879605
0.011363133816625562
0.013428355380667665
0.015411952914930267
0.017010032885612463
0.017975701954393974
0.013842456162962639
0.025106964330148702
0.023041834587027729
0.017754455962996334
0.018172475705976476
0.014192962177869089
0.010793305031244475
0.0069497291044101541
0.00757498831390346
0.0096486514244856388
0.010342558966344962
0.013589807371313153
0.017837262059259177
0.025228522272159132
0.022858179815434899
0.03058932943948086
0.013212490529508361
0.013062519863810127
0.012651247696174562
0.012042254029161367
0.011324962581206908
0.010611882300464268
0.010007686644267056
0.0096066072202283664
0.0094671305084076951
0.0096107519777814746
0.010016776913377856
0.010625226632456169
0.011343569357678778
0.012062787637159159
0.012672567366017446
0.013076923863159838
0.011486750649358749
0.016540294719612429
0.017936427218777865
0.017145599053000778
0.014223802033705987
0.012900685927227533
0.01112071692550577
0.0099000430885401794
0.0094029933545698857
0.0097155976898136917
0.010778526512445761
0.012059044733199286
0.015788024808840073
0.014363953155599513
0.016121942956583139
0.021194680333104936
0.014074473754248423
0.013694300255890749
0.012956585137451444
0.011973538144655417
0.010892445496936685
0.0098785374774787577
0.0090851862190921753
0.0086351926833887083
0.0085976826605713708
0.0089772572186314833
0.0097176721230094135
0.010704833307753864
0.011788291679790031
0.012802774300424603
0.013594715496253901
0.01404142920566339
0.01245359238862752
0.01755031934955566
0.018456808344700471
0.017072356200990253
0.014260515064678783
0.013106529537795265
0.01062946224236901
0.0093921312340172168
0.0089603907109364524
0.0094091889207589888
0.010656592235260585
0.013496379082505035
0.015467994649506501
0.014475240358407427
0.016449815077978307
0.021185349475099889
0.013775849668763588
0.013534073858321454
0.01301309476110178
0.011803759717680646
0.010518790921744877
0.0093546608244540058
0.0084911580040478787
0.0080605399670560188
0.0081322247261430471
0.0086923138814362332
0.0096571103296246314
0.010875844499661773
0.012162658240290714
0.013319914912756725
0.014706276177171122
0.014923990740684468
0.013726996755573552
0.017397815130611127
0.01828071004007515
0.016942730029328387
0.015305586581481952
0.011884922289081782
0.010752246701043643
0.0096820475211672561
0.0093772659638650547
0.0098953940703562226
0.011141533337810072
0.01415130648683054
0.0135325706917625
0.014487005719656162
0.015064555722112577
0.019500328184588824
0.017020583020056573
0.015998195976696709
0.010976944996300007
0.0088295699267242084
0.010260013155296349
0.0091253325296063465
0.0083262718403542754
0.0079833687994520282
0.0081544140463447497
0.0088105530669780139
0.0098518468739256394
0.011116106634133633
0.013609746510746609
0.013839261988700245
0.011724233827074534
0.011454664871483486
0.010889295123963815
0.011776234912971844
0.016159670113575386
0.015646406619269956
0.014876789444734135
0.013226698182043011
0.011230786549153788
0.010671526574989666
0.010613883761213083
0.011498150486684152
0.012953871441453518
0.012456266384572402
0.011445042224464564
0.013871770369748931
0.018214998811889409
0.021466532474706479
0.016974935615163896
0.017224802822549172
0.015297492698858639
0.013085467367723628
0.0075131179718726316
0.0092351855802213761
0.0086261609872542635
0.0084264126240712559
0.0086708866618653152
0.0093210843985299212
0.010277572953350389
0.013102823381244416
0.012587600456652864
0.011769326615399782
0.011076380014695983
0.010608392698952947
0.010203043482635831
0.010740075341442933
0.011782947568303817
0.012349850416022929
0.014453739202749718
0.013455788879502434
0.012515705586692119
0.011725138083326939
0.013613352255480327
0.010391828570451919
0.011652125157746666
0.011197883068673267
0.01155236319427575
0.018996486465165066
0.018828186881063143
0.019724848058182073
0.013069511698665031
0.013763335175827356
0.013352612277042514
0.012681136045348299
0.0091343831636153238
0.009667272093296677
0.0093432248394551831
0.0093191314766292721
0.0096007127024819883
0.010144955003520304
0.010868956836255734
0.01418899425672002
0.012582632249728347
0.01154523414017895
0.010252970921586474
0.0092588868729628539
0.0087286091358856916
0.010705872669451886
0.010441189037389166
0.011750653518778138
0.015597766964778532
0.013728224748780344
0.013525062455141333
0.013373095221048169
0.013287464385376325
0.013296977283678303
0.013391559143247826
0.013575829039718951
0.017337429177459344
0.015136613656524972
0.014784019122379805
0.012720730600663388
0.011253367897126589
0.012286346626595949
0.012942993104622229
0.012402756260705011
0.012073581278835385
0.010353801008401341
0.010363324643504614
0.010518496758083355
0.010794725119813579
0.011150847435308349
0.011532617397545559
0.013711046359504505
0.012582779213779363
0.011713144622732836
0.0095542222693339642
0.0085334421401896347
0.008118991724234359
0.011429894845485502
0.012431289607593031
0.013414148464894514
0.015340813993410828
0.013015516267131865
0.014615605936904627
0.015080285930538883
0.015350812122575119
0.015414856562054454
0.015246173924234534
0.014053696202827816
0.017356160028878409
0.013839498957503282
0.011568110960483644
0.011013854696412815
0.010083921684469062
0.010928266274561858
0.012264769688128799
0.012289071765380813
0.013018150894141014
0.010583718205022167
0.011526522217969633
0.011836629582390125
0.012066169706007527
0.012181321871506064
0.012164755256070858
0.013616758991114879
0.012589542349960965
0.012022810890293077
0.01063424656860169
0.0098415614846843191
0.009650567405083646
0.010085627067641219
0.011715613893430975
0.015178432289742
0.017170205734302765
0.016338135409478167
0.017104455806223058
0.017175300865564392
0.016722690838629185
0.015853467893805154
0.013709412291378946
0.017693881760748022
0.010153730746278133
0.010709353168570326
0.010358566612407661
0.0097750412175119719
0.0095340970664911529
0.010065723892227195
0.011212336811027098
0.012317352286159426
0.017303741453937441
0.017630397566904807
0.016277071940098031
0.017834616909643788
0.016908558928613097
0.01546437249426688
0.014210627948484987
0.012620557396121029
0.011321077847204496
0.010780243638110344
0.01158994628223638
0.011751856495786741
0.01161552885908273
0.011807265933130827
0.011356632707793081
0.011804732398181327
0.012582039163664769
0.012039644219514674
0.012656049556855248
0.01307145344166449
0.013218973468736201
0.013077079365806248
0.016230133422461181
0.014450403257334704
0.011884793328746231
0.011851505793775028
0.010562546572630156
0.0097071586489789405
0.0096915902983672284
0.010010809750334767
0.014156913059031761
0.017957106413050348
0.017041647907119272
0.016413858808279756
0.01650563695190237
0.018058315875405354
0.018968436428204265
0.019123093604461676
0.018476544615389362
0.016069700213246853
0.014896471321068187
0.013367476213767911
0.011644871268374284
0.013902127260510037
0.01389284197619531
0.012864693155660328
0.012059636805360126
0.012178788623145968
0.0125948614276478
0.01278378061702372
0.013580913160798879
0.01403667607023785
0.01407939548429827
0.013702480787631909
0.015976590803505514
0.014235955612834332
0.015559404399002882
0.012967204634277585
0.011389143365700825
0.010235483973046177
0.0093267144876103443
0.013397872825173966
0.014268924685773199
0.011583670339425433
0.016201431247850479
0.019176875828950838
0.016368960456425528
0.01784808873015423
0.018715937468027286
0.018854923050139569
0.018228714335355698
0.014851833015780863
0.014193877993590311
0.013870040335379481
0.014085466606254841
0.014302657346798744
0.014221659182852772
0.013003466557579724
0.01265188896332931
0.012626255996416758
0.011148339717102483
0.013305840816226471
0.014162655468844682
0.014588785499913848
0.014520133008065882
0.013965788278562189
0.015872478854796802
0.015890128424663634
0.011171908023515208
0.013662764033782263
0.012628752989942118
0.011350339282466829
0.0097892084459287685
0.013730626169779228
0.014478597537017449
0.013826786748601775
0.016908306465519034
0.017877600544809847
0.018535189571170077
0.01707046057374563
0.017764280449044184
0.017866955129126009
0.017353296994177449
0.014852381806342962
0.013431689854819575
0.01418124842168092
0.015983919721327303
0.019186440386299339
0.013813159371657044
0.013719595880301704
0.013462939303269172
0.010763977990938617
0.012404167489551865
0.013527445472942375
0.014315577839849448
0.014648552798598865
0.014478871947693919
0.013830843011197217
0.012802738223820821
0.014341328007187388
0.010832522680956712
0.01128532754995803
0.012673014531953904
0.011697565113925348
0.0074485618423160687
0.0096873535117668642
0.013160264385139018
0.017140956242077249
0.017614487402529872
0.012890276391941138
0.015342225684780449
0.016641630472087068
0.017433825815078772
0.018048967673894894
0.018478797615507168
0.018295335998417157
0.012846307767081844
0.012060411963430636
0.013939624755038214
0.015488045866025008
0.012851475066148308
0.010081374590049569
0.010570688081121608
0.011398314516083778
0.012495777949074487
0.013415205764817334
0.014017064194845727
0.014209369465405366
0.013965792727237043
0.01332113398384574
0.01237437755005239
0.014998511700563159
0.014080626954147581
0.011814425858412234
0.0079582918097046221
0.0076518789347133284
0.014261141707628397
0.014820538914945426
0.019037203551970642
0.017473179150242133
0.012296524681572159
0.01317637055758227
0.015183834936377209
0.014963014225814234
0.014699716398221655
0.014448555258810366
0.01655012957310277
0.016847872515668574
0.013900783984950723
0.013702973698774679
0.013541023750499001
0.01705818342832709
0.010102339850807393
0.010158048968641288
0.010877566866566003
0.011667836287788953
0.012407749307867172
0.012985150913321211
0.013311014929713172
0.013336103167547296
0.013056791591740167
0.012513527210017349
0.011791350190039003
0.010999638989206291
0.010260581785238032
0.014525672398771108
0.013753657469127404
0.013830299939527453
0.0095031700247120241
0.013044860137612278
0.015225947917333301
0.014807292692891348
0.012788500212065734
0.012590901210904584
0.013581642149277248
0.012912725496498042
0.012509199627171102
0.012444112184376379
0.012718152474901434
0.015744670831080568
0.016818645607898187
0.013950902494849499
0.014551214876374535
0.0188164729006477
0.010799195912570716
0.011151361835445761
0.011531154638245311
0.011882620615673387
0.01215086360680172
0.012297917190816828
0.01229862486202099
0.012153887451145583
0.011882758519014224
0.011525980623293044
0.011139945425372586
0.010784922815186079
0.010516798496169355
0.010375508907971377
0.010381099477926399
0.010530099770975299
0.010450295794687526
0.014958478113935397
0.016802483677881726
0.016479346449374797
0.014364993203261877
0.01357820378849983
0.01215457912581145
0.011133764889899561
0.010646717767556902
0.010778661626895355
0.011500414450889186
0.014737557535960672
0.016423814933344463
0.014179336964551165
0.015454986833997727
0.020362690326113916
0.012062114490178837
0.012169858538771523
0.012151159455548868
0.012010437932638885
0.011766273748480105
0.011459529473652938
0.011133254376509735
0.010839585753945167
0.010618546748375307
0.010504169360577032
0.010515255948210962
0.010653036311558551
0.010897311692651223
0.011210679870576366
0.011543968207776539
0.011843458884867451
0.011486750584043776
0.016540295399971837
0.017936426863507379
0.017145598926701207
0.014223802053952168
0.012900685802907253
0.011120716893636553
0.0099000430349415729
0.0094029932340419127
0.0097155975953304372
0.010778526408513251
0.012059044870535657
0.015788025230199763
0.014363952940116049
0.016121943016889899
0.021194680543414907
0.013212490440877276
0.013062519841877236
0.01265124770400182
0.012042253938251707
0.011324962594700153
0.010613922764651727
0.010007686623626447
0.0096066072239708016
0.0094671307255455618
0.0096107519762604655
0.010016776908452162
0.010625226625813314
0.01134356934713771
0.012062787562311215
0.012672567341891953
0.013076923860281029
0.012453592331836381
0.017550319755737794
0.018456808137722581
0.017072356165439329
0.014260514989117807
0.013106529371676636
0.01062946226531954
0.0093921312451489825
0.0089603906060991452
0.0094091886781967407
0.010656592650195777
0.013496378686431854
0.015467994742037437
0.014475240438315475
0.016449814890237301
0.021185349897994633
0.014074473640481113
0.013694300210605954
0.01295658514346433
0.011973538139741908
0.010892445499420596
0.0098785375014045652
0.0090851861753644091
0.0086351926808065603
0.0085976826575702506
0.0089772572166379912
0.009717672117518927
0.010704833297907437
0.011788291665295511
0.012802774270904664
0.013594715441793217
0.014041429136389635
0.013726996722749244
0.017396984614679534
0.018280709810048975
0.016942729970801887
0.015305586692961609
0.011884921977623
0.010752246872818724
0.0096820473428427881
0.0093772662343231672
0.0098953932096492031
0.011141533736787281
0.014151306981824641
0.013532570578288427
0.014487005810327963
0.015064555537677606
0.019500328499234717
0.013775849469924533
0.013534073677254272
0.013013094684576199
0.011803759702796646
0.01051879093123087
0.0093546608248255246
0.0084911579891127024
0.0080605399613145595
0.0081322247153020975
0.0086923138826699824
0.0096571103289653671
0.010875844501266121
0.012162658244586445
0.01331991491621075
0.014706276182268061
0.014923990745058761
0.01088929502527855
0.011776294331484761
0.016159669884729312
0.0156464064600094
0.014876789573654995
0.013226698005994169
0.011230786269720154
0.01067152590948353
0.010613881727734578
0.011498149134524112
0.012953876078118079
0.012456265490633299
0.011445042022868619
0.013871770498387087
0.018214998394901111
0.021466532696491868
0.017020582920636369
0.015998195902159788
0.010976944907262242
0.0088295699079399721
0.010260013179601226
0.009125332532309894
0.008326271841659915
0.007983368800791299
0.0081544140470230751
0.0088105531187907017
0.0098518467966346914
0.011116106638073286
0.013609746526077066
0.01383926200436114
0.011724233809247073
0.011454664822315037
0.01020304337521611
0.010740075569211607
0.011782947215039537
0.012349850431226194
0.014453739320744384
0.013455788508363769
0.01251570455243332
0.011725136280422058
0.012294295046830961
0.011310499662763129
0.011652125373933588
0.011197883612949752
0.011552363178858691
0.018996486874238851
0.01882818687457621
0.019724848503942412
0.016974935622378742
0.017224802795069154
0.015297492676563228
0.013085467341627128
0.0075131178932200194
0.0092351856796838248
0.0086261609813974155
0.0084264126953148225
0.0086708866701938805
0.0093210844119661265
0.010277572956253212
0.013102823387339774
0.012587600423389602
0.011769326623690669
0.011076380001151702
0.010608392685264137
0.0087286092374307764
0.010705872823693102
0.010441188988296617
0.011750653753032258
0.015597766357722812
0.013728224625297936
0.013525061873070095
0.013373094787388811
0.013287463138276645
0.013296977362092737
0.013391558866393347
0.013575828461778905
0.017337428457496168
0.015136613620994039
0.014784018421098472
0.012720730729202032
0.013069511694708194
0.013763335191965985
0.013352612373284601
0.012681136008320944
0.0091343830832511085
0.0096672720232044498
0.0093432248063966723
0.0093191314884324122
0.0096007126976533127
0.01014495501944675
0.010868956846081834
0.014188994269087811
0.012582632272359909
0.011545234154922935
0.010252970934068118
0.0092588869400986457
0.0081189917563966284
0.011429894991971962
0.012431289375184484
0.01341414868388072
0.015340813575608313
0.013015516351479208
0.014615605544938421
0.015080286324299879
0.015350812617688416
0.01541485666324275
0.01524617212499116
0.014053695886939145
0.017356159555070506
0.013839499547755568
0.01156811090976493
0.011013854768501028
0.011253367828108683
0.012286346722190479
0.012942993181813576
0.012402756274205347
0.012073581178764507
0.010353800877185603
0.010363324613352402
0.010518496804036367
0.010794725150531554
0.011150847508958551
0.011532617430015749
0.013711046387307021
0.012582779167645306
0.011713144607362214
0.0095542223398648353
0.0085334421769374582
0.00965056747637664
0.010085627028198981
0.011715613843802654
0.015178432299066246
0.017170205288289709
0.016338135536642644
0.017104455705203598
0.017175301221070284
0.016722691494096616
0.015853467725123308
0.013709411695427762
0.017693882751308121
0.010153730759493568
0.010709353153376179
0.010358566657389667
0.00977504124884674
0.010083921566330433
0.010928266379665255
0.012264769964419046
0.012289071785603352
0.013018150976347447
0.010583718248353477
0.011526522248900137
0.011836629664195925
0.012066169756348454
0.012181466736895857
0.012164755325603016
0.013616759078817233
0.012589542272033207
0.01202281084130285
0.010634246559021237
0.0098415614283790306
0.011615528945661003
0.011807265915403346
0.011356632661465275
0.011804732286488305
0.012582039037398577
0.012039644107630905
0.012656049460494678
0.013071453407799439
0.01321897349246008
0.013077079358944158
0.01623013344635842
0.014450403243593295
0.011884793311602826
0.011851505831531134
0.010562546581583917
0.0097071586886850747
0.0095340970783117963
0.010065723890508612
0.011212336518767598
0.012317352374953841
0.017303741737188245
0.017630397681507964
0.016277072207657152
0.017834616807337379
0.016908558784020696
0.015464372437142045
0.014210627905098311
0.012620557476942755
0.011321077911391328
0.01078024364734986
0.011589946204236081
0.011751856599093452
0.013892842244850604
0.012864693254044195
0.012059504261811686
0.012178788562759764
0.01259486139992997
0.012783780537118709
0.013580913114656777
0.014036676023944351
0.014079395452605645
0.013702480771292231
0.015976590781594548
0.014235955580531463
0.015559404227403567
0.012967204703348608
0.011389143352746161
0.010235484034479703
0.0096915903517564676
0.010010809740496542
0.014156912032454737
0.017957106701193909
0.017041647394616215
0.016413859527939636
0.016503825674388933
0.018058314877225732
0.018968436202338162
0.019123093512731414
0.018476544883471453
0.016069700289661544
0.014896471726910712
0.013367476023835591
0.011644871358166289
0.013902127896926296
0.01422165969058933
0.013003466837696528
0.012651888952062996
0.012626255932080943
0.011148339701537505
0.013305840754771783
0.014162655443508606
0.014588785477986936
0.014520132991408518
0.013965788266966992
0.015872478827817248
0.015890128414612303
0.011171908003687276
0.013662764088471453
0.012628753033877636
0.011350339319722975
0.009326714528374391
0.013397873292842123
0.014268923881401427
0.011583670798044203
0.016201428481127236
0.019176877188889167
0.016368960840233562
0.017848088330433148
0.018715937555586065
0.018854922996726572
0.018228714345541592
0.014851270831834915
0.014193878196042
0.01387004039069761
0.014085466787686822
0.014302657963735501
0.013813160081881205
0.013719596061968592
0.013462939202904362
0.010763977900824043
0.012404167469000407
0.01352744546699961
0.014315577835812169
0.014648552697738107
0.014478871977433735
0.01383084300631944
0.012802738218837392
0.014341328003401578
0.010832522665747763
0.011285327540488164
0.012673014518284837
0.011697565070758481
0.009789208078746045
0.013730626760977025
0.014478597177694079
0.013826788820669908
0.016908302819792182
0.018621426728484131
0.015882715703668306
0.017070460850679609
0.017764280594575594
0.017866955055910724
0.017353297017636719
0.01485238172797889
0.013431689709094669
0.014181248531013144
0.015983920153928594
0.015103700334345332
0.012851475704646268
0.01008137452176181
0.010570687897197759
0.011398314462987755
0.012495777958087085
0.013415205770144399
0.014017064198273853
0.014209369466464342
0.013965792726932564
0.013321133987644874
0.012374377554194646
0.014998298839760888
0.014080626941179094
0.011814425840554343
0.007958291774132405
0.0076518788959651102
0.0074485617864736321
0.0096873537246026115
0.013160263276065053
0.017140955186851433
0.017614487791590187
0.01289027425637331
0.015342227902539713
0.016641632836947598
0.01743382470344532
0.018048967239101595
0.01847879757396426
0.018295335691438194
0.012846307317516995
0.012060411946973793
0.013939625523136908
0.015804972523443001
0.010102339663139758
0.010158048988053857
0.010877566828318128
0.011667836192906412
0.01240774927730282
0.012985150903928738
0.013311014927475296
0.013336103165689502
0.013056791590725323
0.012513527213355004
0.011791350197485643
0.010999638995143602
0.010260581849665572
0.014525672389832935
0.013753657452626706
0.013830299909118054
0.0142611416968405
0.014820539208766718
0.019037203070477807
0.017473179325845627
0.012296525255640407
0.013176368179872239
0.015183840006602554
0.014963012962654038
0.01469971540681367
0.014448555050695307
0.016550129240492064
0.016847872476116858
0.01390078333504137
0.013702973580534314
0.013541023333067486
0.017058182168613316
0.010799195930891363
0.011151361819584784
0.011531154594174139
0.011882620573490498
0.01215086358260788
0.012297917184423033
0.012298624854476185
0.012153887473565812
0.011882758683507707
0.011525980671597871
0.0111399454300807
0.010784922823756531
0.01051679850842571
0.010375508927791816
0.010381099442900887
0.010530099774178072
0.0095031700290239725
0.013044859712604419
0.015225947601565802
0.014807293333637074
0.012788500490286726
0.012590900885458677
0.013581642742084983
0.012912725603868667
0.012509199658916316
0.012444112166177114
0.012718152308914925
0.015744670905880716
0.016818645557948816
0.01395090234719633
0.014551214718571424
0.01881647235218336
0.012062114520328317
0.012169858520621406
0.012151159442523299
0.012010437923913809
0.011766273791351973
0.01145952948179319
0.011133254364704352
0.010839585747473868
0.010618546597906713
0.010504169361137112
0.01051525606448518
0.010653036320088934
0.010897311490757263
0.011210679895922206
0.011543968183582217
0.01184345890516909
0.010450295856908235
0.014958476401085241
0.017291321314184448
0.0173924721564617
0.014364992936735665
0.013578203508389605
0.01215457946196828
0.011133765031957002
0.010646717900072235
0.010778661691295186
0.011500414404988089
0.014737557356371667
0.016423814697580124
0.014179336965708417
0.015454986679273686
0.020362690189706583
0.0075823995006515724
0.0081001940975347075
0.0088951685220869832
0.0098474388645898095
0.010809652380294478
0.01163728731329083
0.012202453022969996
0.012421226760489963
0.01225764033591957
0.011735070136736738
0.010937347248104957
0.0099849634609782047
0.0090233981182264843
0.0081980028073319455
0.0076354397039539558
0.0074195758184623754
0.0068188238936474285
0.0088733302145830271
0.011760025352410655
0.012361406624300209
0.012816052899728427
0.013849051485678106
0.012043761195565975
0.012132430220309676
0.012354422773562104
0.012530879404277991
0.012133263920870488
0.01024481593980889
0.0097723795901126561
0.0095389621690599551
0.01081090165379753
0.011557435228305296
0.0089618832573420005
0.0091943452231297434
0.009538364846622566
0.0099413834974202281
0.010338806419698475
0.010671249301245666
0.010888808366630759
0.010958812187732382
0.01087123560781408
0.010636018981943827
0.010294500550007997
0.0098956888394499693
0.0095009565893846206
0.0091680151945231266
0.0089486712813319474
0.0088761888793426769
0.0082776378286004183
0.010466238129220392
0.012516215233322837
0.012686118734722782
0.012655446072318881
0.012425321049675494
0.011715530974345769
0.011210553210224721
0.011191648421737426
0.011306292879512571
0.011207739891235833
0.0099299085725074038
0.0099431172740517791
0.010167924605623773
0.01154593826459587
0.012685384057084042
0.010485612885876693
0.010398029651424038
0.010238287280615981
0.010027952744149932
0.0097971042077381505
0.009581784111549748
0.0094176809800029741
0.0093282000755060736
0.0093312245972882561
0.0094212564906837881
0.0095899585966255276
0.0098071185508905988
0.010040673593512319
0.010251915268053306
0.01040936208113491
0.010490111791821459
0.009973066024475152
0.012032516553823074
0.013092565802297824
0.012800526853622728
0.012286260341129689
0.011626276027450373
0.01092211933880325
0.010792244755513953
0.0095348663161209483
0.009532865403261764
0.0095433079903045597
0.0098183865357455366
0.010318441551525314
0.010969452057173389
0.012342861643583945
0.013627560502778462
0.010271463279158875
0.0099667098746279159
0.010885661622041659
0.010091905199127997
0.0092679256605844446
0.0085396262223391851
0.0080206721725604464
0.007787538945361004
0.0078816883096184884
0.008284319735170121
0.0089368361026188736
0.0097357434704267859
0.010560851056919483
0.011284183641538754
0.01179548687340938
0.012017744400223504
0.011648633954368756
0.012793463400679946
0.012643861904005238
0.012687049652154517
0.011766914397933913
0.010778416228506598
0.009872891347253181
0.009187724788854235
0.0088218397585142286
0.0088371618871912732
0.0092268716380857433
0.0099293757913869463
0.010839385147892693
0.01181870837569828
0.011521650291317926
0.0124234367908274
0.010767849617237871
0.010096873101817746
0.0098009733397811192
0.0089078626866017276
0.0088365168890387445
0.0077091626765292513
0.00691649749810849
0.0065771418283066827
0.0067482022794108009
0.0074007062398119289
0.0084360129981851419
0.0096931443925973079
0.01098266336556525
0.012049081256811544
0.01179971137729682
0.011821250797636594
0.011109220423516711
0.012755240001004604
0.012976412618042778
0.012363769914782325
0.01117986300340449
0.010016705689280717
0.0090500760400641853
0.0084271915579705505
0.0082406455682829047
0.0085262384926612575
0.009233948941926421
0.010254119273390891
0.0099728709729102159
0.01079566645260698
0.011093586123894663
0.012113351673259314
0.015898416550165457
0.014786778919242467
0.009206515131554226
0.0099646981645856603
0.0085699024956144409
0.0072164237637792877
0.0062721071527562962
0.0058791859501438355
0.0061011137301045593
0.006902855047881927
0.0081619661498956737
0.0096848198905643314
0.011618046273890351
0.011818855837978795
0.011257182356825516
0.011177487149979468
0.01058813661210679
0.01257605300946937
0.013497318718227267
0.011505112514882943
0.010615450486944908
0.0094585299587130345
0.0085811142527698701
0.0081204853145794495
0.0081417675629796519
0.0086534300634648967
0.0095704211188992489
0.010750605498822598
0.011423252848797
0.011025346955324304
0.014043934273506812
0.016836783797754159
0.015168977585609367
0.014199624182855034
0.012754993814497052
0.0083224132282950919
0.0076037419486940389
0.0071344519587492371
0.0061822366685156923
0.0057958705744279981
0.0060351155210434763
0.0068633151571590488
0.0081544908893489525
0.0097113678973302035
0.011575759032706145
0.011858001094057819
0.012139483860968652
0.0121818339962028
0.011646903879463164
0.012920365545476703
0.013836532328323506
0.01408007981643552
0.011584268383875038
0.010412526073675292
0.0093686179831550635
0.0086151860477032029
0.0082644552435859296
0.0083814223452497068
0.0089360042828301612
0.0088103588563507584
0.010897631819704082
0.011839061808611346
0.012939121575989556
0.015672569469189827
0.013832308411106388
0.013154676946113305
0.012159334139440117
0.011012100993405676
0.0096799004517833503
0.0074747740781470756
0.0066587137478910678
0.0063369880910212721
0.0065575808789689657
0.0072869917284008722
0.0084141097310269364
0.0097683108106670653
0.011826452792614305
0.012295918326649932
0.012790447679467094
0.012947705204099687
0.012745440187594164
0.01221055848800223
0.011421193992565233
0.011081581366099167
0.011936710027354639
0.010684288677435835
0.0094225967190596852
0.0083455972180089752
0.0076120865782874567
0.0073422442055153005
0.0075689078880635599
0.0093807362579645583
0.0096111576229710068
0.013271302249162363
0.013893128235717702
0.012860543850544267
0.012073621621403159
0.011855372216019077
0.013204956700415415
0.013336690190533303
0.012690440937451569
0.011010366147420108
0.010118282895577342
0.0093044461030426916
0.0086895208242403921
0.0083726460143776753
0.0083951765723906183
0.008757402076393115
0.0095064123360301209
0.010975302420614709
0.012604502983975051
0.013355123406940317
0.013180285564513387
0.012607179961228367
0.01172300529490336
0.0097215642855596144
0.0090051227539381141
0.0081849851777409718
0.0076272129691321707
0.0074170755359965201
0.00758541551408897
0.0081063751355070716
0.0089007289049192091
0.010651978266794275
0.011689792537296725
0.011957877271079963
0.0121613975118265
0.012977907938801821
0.01016109694468414
0.010946020741740796
0.012170469475551371
0.014573709343895333
0.011418020037967559
0.010203178594280632
0.010603396197702165
0.011112743626745478
0.011651666280884029
0.012153824797790071
0.012528767434468395
0.011999664862971333
0.0094415993017562712
0.01093189355794145
0.011691395780073964
0.013291066369621981
0.013213655343356327
0.012690751894466518
0.011848738545965493
0.0099655584336457471
0.0094853637157487312
0.0091564402943110895
0.0089408975460480399
0.0088728290475184705
0.0089630391286720842
0.0091967108256792631
0.0095390316670361935
0.010943225771060827
0.011441896467743623
0.010518618141897631
0.010270037854647297
0.010145809241616111
0.0084325357627868334
0.0094911868287812628
0.010259178193383981
0.011133679877799826
0.010329327829067819
0.010976420987585079
0.011670608623407472
0.012309856555423921
0.012795182599742081
0.013063004906046607
0.013063813619499582
0.012798135224804474
0.012304891635987986
0.012402882216196686
0.012076794206833278
0.013129461797605312
0.012861088219201797
0.012470318219301087
0.0095862815999633987
0.0098005550095293711
0.010030391400129793
0.010242089217252962
0.010402065406034257
0.010486289446298803
0.010484526281489555
0.01039572661693043
0.0102334839014274
0.010020164505073117
0.011122808964397039
0.011471956598740908
0.0085078789255078544
0.0082366465089468242
0.009329676166360391
0.012091150357421974
0.010364907179427502
0.012395641234747814
0.010844112681072202
0.01181032396252563
0.012698409355681856
0.013373791543595789
0.013732306012025214
0.013727067639100445
0.013350967495494592
0.012663688182883206
0.011768381015413342
0.010482827557783941
0.011423671731607717
0.0094164205052983223
0.0086450794400916089
0.0088347883969128183
0.00894371209376125
0.0097360337324624222
0.010555562749005806
0.011276001439859844
0.011787812239659579
0.012012525255756634
0.011919675474559683
0.011521074781165663
0.010878304725091638
0.010086069979631178
0.011682883250913361
0.010949959522661708
0.0096205611815546443
0.0092572891754196286
0.010127586895022718
0.009604261370641274
0.011545198923452942
0.010272230177371448
0.011430329208104724
0.012572364221360065
0.013522472000571399
0.014134860118737441
0.01431214059939427
0.014034366256615728
0.013339065484804749
0.012332887402144197
0.01116990124230933
0.010028000416888496
0.010516561515518582
0.0083581193813581783
0.0067674717644248452
0.0074161429478518288
0.0084454405518635013
0.0096983535927767026
0.010982827259371455
0.012102854597834901
0.012889374270171982
0.013221541411464133
0.01305227885919071
0.012403566400756122
0.011376927677254995
0.010125560605118064
0.0088421311323872431
0.010204338669640552
0.01009115481744066
0.0097450890944472384
0.0057143099278583577
0.0061676146220853061
0.009600088213596052
0.010751593986097409
0.011998223914064493
0.01314442676866746
0.014013871136718526
0.013034931706799624
0.015617312398706628
0.013933678683657998
0.013024108766308051
0.011851370941295658
0.010595620751623824
0.0094504375826230357
0.0099642875417379224
0.0087644429426037371
0.0061133187769285167
0.0069125548026977082
0.008169173223599396
0.0096913490119562313
0.011246022677842374
0.012597149870892463
0.013539996244872649
0.013930606598223332
0.01371102718082565
0.012910568470751019
0.011655749338911449
0.010134838594797801
0.0085812869405606333
0.0072298756599769075
0.0062873753273205131
0.0058966093308820211
0.0054297179379004185
0.0065468036858976559
0.010183360881941352
0.011315651036275602
0.012459956320400497
0.013436425703557088
0.013201008193245113
0.01378723057329646
0.014357648124902249
0.014579098001705832
0.013984136825461065
0.011286263451693385
0.010128570977474731
0.0091524793348032683
0.0099559615825494593
0.0094350179700633321
0.00603991530114924
0.006866478783095621
0.0081570752020949707
0.0097156546426057054
0.01130363993025401
0.012681414399865126
0.013638878976811958
0.014028995232426168
0.013793199727830892
0.012964054404110421
0.011672328170687188
0.010112885780807178
0.0085246333792910415
0.0071481063264702506
0.0061934415047592752
0.0058046164545220704
0.005818202139592118
0.007496893224579736
0.010941171247274879
0.01188021158112655
0.012746448930608738
0.011617457560619646
0.012694813299833817
0.013035773246248506
0.01346451625922968
0.013678270497588078
0.013106675673959133
0.010720850478218765
0.0098376477034368883
0.0091825144847679906
0.01025264780056008
0.010415264664528323
0.0065561009394020289
0.007282899774402149
0.0084104463912579083
0.009768249602232151
0.011147670221757297
0.012341656571195628
0.013166143726754575
0.013497620015976099
0.013282175738660548
0.012551481207828882
0.011420548022509641
0.010060923085262586
0.0086804686729559013
0.007488732464616339
0.0066676932280294206
0.0063404133292401677
0.0068188238450270222
0.0088733306358466778
0.011760025001147071
0.012361406446724314
0.012816052783984786
0.013849051308556092
0.012043761176673273
0.012132430342189032
0.012354422740919304
0.012530879309790043
0.012133263987923018
0.010244815967006054
0.0097723796549521545
0.009538962181603966
0.010810901761519312
0.011557435300923178
0.0075823994755435274
0.008100194193812563
0.0088951685457751232
0.0098474388724376742
0.010809652383066906
0.011637287313145036
0.012202453020286892
0.01242122675841458
0.012257640321772706
0.011735070133740425
0.01093734724428619
0.0099849634543718278
0.0090233981017873305
0.008198002803680186
0.0076354396783619022
0.0074195758081486369
0.008277637803883256
0.010466238338216093
0.01251621509248314
0.012686118627319767
0.012655446019625058
0.01242532093667848
0.011715530900014056
0.011210553124710516
0.011191648671602652
0.011306292757332361
0.011207740029641183
0.0099299085647440131
0.0099431171703883454
0.010167924664428275
0.011545938146690861
0.012685384144663218
0.0089618832104537954
0.0091943452269653558
0.0095383648518172267
0.0099413835033215128
0.010338806412705407
0.010671249315766042
0.010888808362416746
0.010958812184078851
0.010871235607038558
0.010636018990917434
0.010294500547949973
0.0098956888331917792
0.0095009565826350839
0.0091680151821272073
0.008948671291600388
0.0088761888612047188
0.0099730658905677234
0.012032516621079454
0.013092565660978675
0.012800526808198751
0.01228626039780544
0.011626276034878483
0.010922119737814274
0.01079224485015606
0.0095348664317101706
0.0095328653168251943
0.0095433078576926192
0.0098183866187269812
0.010318441517549553
0.010969452057594047
0.012342861616527364
0.013627560656023325
0.010485612839955751
0.010398029652226973
0.010238287273778551
0.010027952733888677
0.0097971042077217175
0.0095817841039919117
0.0094176809732661061
0.0093282000735937665
0.009331224599197583
0.0094212564948152715
0.0095899585518064052
0.0098071185522909093
0.010040673596800323
0.010251915268700883
0.010409362066303088
0.010490111759141005
0.011648633926516692
0.012793463530412342
0.012643861899171516
0.012687049653483726
0.011766914407737758
0.010778416257789027
0.0098728906300450687
0.0091877242698595804
0.0088218397376318754
0.0088371624446097127
0.0092268713675740799
0.0099293758646520104
0.010839384948674081
0.011818708280574219
0.011521650160858049
0.012423437065275473
0.010271463257450595
0.0099667098531691714
0.010885661619635997
0.010091905190761601
0.0092679256520153148
0.00853962621567015
0.0080206721652699899
0.0077875389157922269
0.0078816883125258173
0.0082843197412641317
0.0089368361626707988
0.0097357434772712068
0.010560851072074249
0.011284183660076011
0.01179548687246413
0.012020131127192234
0.011109155783824409
0.012755240069991665
0.012976412549008538
0.012363769979790601
0.011179862860341644
0.010016649007993083
0.0090500752812434325
0.0084271906062713311
0.0082406446208717638
0.0085262392257343545
0.0092339491626309833
0.010254119931532076
0.0099728714852982559
0.010795666503365489
0.011093585985191676
0.012113351847344252
0.010767849613638867
0.01009687315400112
0.0098009733376122309
0.0089078626443357487
0.0088365168490481295
0.0077091626533487279
0.0069164974822640331
0.0065771418286275475
0.0067482047928427219
0.007400706251569235
0.0084360130072713875
0.0096931444111137185
0.010982663382905261
0.012049081263768474
0.011799711362533218
0.011821250748224319
0.010588136619897817
0.012576053075989932
0.013497318634641889
0.011505112501972376
0.01061545027413115
0.0094585295749671575
0.0085811138997496789
0.0081204849409651347
0.0081417671121696011
0.0086534298942443407
0.0095704207647782352
0.010750606436670309
0.011423253281157517
0.011025347169665502
0.014043934247168004
0.016836783877784339
0.015898416569593964
0.014786778925382806
0.0092065151289561827
0.0099646981173200592
0.0085699024703290733
0.0072164237225831856
0.006272107128831775
0.0058791859516928845
0.0061011137379968763
0.0069028550604540231
0.0081619661595994514
0.0096848199064236661
0.011618046289576953
0.011818855845001646
0.011257182340236602
0.011177487134862163
0.011646903986623065
0.012920365636796473
0.013836532172593285
0.014080079841057932
0.011584267972548898
0.010412525965332275
0.0093686653611843931
0.0086151862137292552
0.0082644553225885396
0.0083814219891266608
0.0089360038272912126
0.0088103592922367299
0.010528184823470522
0.011839061667294575
0.012939121560124658
0.01567256933517238
0.015168977703016184
0.014199624172145337
0.012754993812130527
0.0083224132086882098
0.0076037418923892144
0.0071344518680897112
0.0061822365703842952
0.0057958705805354884
0.0060351155419059287
0.0068633151768716302
0.0081544909058026051
0.0097113679112453728
0.011575759055680594
0.011858001100748434
0.012139483866559699
0.012181833977673718
0.012745440184197755
0.012210558496854597
0.011421193966086438
0.011081581361828361
0.011936709809709005
0.0106842886663244
0.0094225967577126063
0.0083455973944993669
0.0076120866936122359
0.0073422441101837922
0.0075689077880106616
0.00938073623202694
0.011247137925654705
0.013271302118607243
0.013893128302459933
0.012860543828596685
0.013832308410977108
0.013154676988280297
0.012159334112652699
0.011012100977514426
0.0096799004725463978
0.0074747740681600228
0.0066587137739834105
0.0063369881482708314
0.006557580885452499
0.0072869917464663606
0.0084141097489593471
0.0097683108832015107
0.011826452828883763
0.012295918365731261
0.012790447625852129
0.012947705209309799
0.01318028557815084
0.01260718002040642
0.011723005309589474
0.0097215642519557048
0.0090051226881531481
0.0081849851371522536
0.0076272129600804227
0.0074170755331799468
0.0075854155267268139
0.0081063751316909644
0.0089007286842295273
0.010651978665344137
0.011689792371909667
0.011957877425737621
0.012161397574598203
0.01297790793903953
0.012073740465672257
0.011855372180000578
0.013204956617500803
0.013336690324643515
0.012690440971190502
0.011010366134927981
0.010118283059775692
0.0093044461164335911
0.0086895207851832024
0.0083726459781706137
0.0083951765829571295
0.0087574020923399561
0.0095064123012770542
0.010975302487046234
0.01260450299566784
0.013355123394775526
0.013213655531036244
0.012690752101408699
0.011848738716231039
0.0099655583977624022
0.0094853636871285538
0.0091564402799985053
0.0089408975340435487
0.0088728290293702151
0.0089630391189685979
0.0091967108227417153
0.0095390316589958005
0.01094322571861444
0.011441896341219398
0.010518618130815127
0.010270037865607195
0.010145809249252158
0.010161096969194608
0.010946020817059336
0.012170468889104715
0.014573709464764393
0.011418019279925288
0.010203178974988241
0.010603396748992701
0.011112743513045165
0.011651666082025397
0.012153824509170859
0.012528767561530358
0.011999664813675259
0.0094415993129622275
0.010931893560318652
0.011691395727900811
0.013291066529572373
0.012861088291252465
0.012470318194307757
0.0095862815185207336
0.0098005549272788661
0.010030391345525228
0.010242089204854948
0.01040206541023737
0.010486289433689585
0.010484526279881052
0.010395726610198879
0.010233483883043759
0.010020164478496667
0.011122808955355832
0.01147195657403082
0.0085078789240791708
0.0082366465017594814
0.0084325357312046243
0.0094911869214739444
0.010259177724745076
0.011133679929550533
0.010329326093930998
0.010976421045195155
0.011670609833711622
0.01230985613026145
0.012795182425000523
0.013063004839772418
0.013063813614292184
0.01279813509820658
0.012304891694734961
0.01240288234522896
0.012076794447685325
0.013129461996947929
0.0086450797951928473
0.0088347884394059575
0.0089437119400999233
0.0097360336242074321
0.010555562729760092
0.011276001444793241
0.011787812240332516
0.012012525249056657
0.011919675469483292
0.011521074771955969
0.010878304714382251
0.010086069972164897
0.011682883333255666
0.010949959518876872
0.0096205611780334436
0.0092572891688383115
0.0093296761006328686
0.012091150497522522
0.010364906952281174
0.012395642261735363
0.010844111138336169
0.01181032210438996
0.012698410671247013
0.013373792022424412
0.013732305857582066
0.01372706765629722
0.013350967647700227
0.012663688147032575
0.01176838101591441
0.010482827601522802
0.011423671851708958
0.009416420940207771
0.0067674718397497556
0.0074161428425519732
0.0084454404133257506
0.0096983535108306883
0.010982827261142141
0.012102854609443514
0.012889374280471873
0.013221541405441906
0.013052278823317378
0.012403566400258637
0.011376927676968959
0.010125560603903376
0.0088421311439587126
0.010204338685212221
0.010091154813556141
0.0097450890980896512
0.010127586872471247
0.0096042614140830172
0.011545198383275014
0.010272230546340595
0.01143032930192142
0.012572362932948951
0.013522611296802675
0.014134860207172105
0.01431214048620431
0.01403436628148229
0.013339065600531736
0.012332887315013429
0.011169901032289415
0.010028000426428129
0.010516464273870145
0.0083581195968469076
0.0061133187836105198
0.0069125548215787161
0.0081691732407797747
0.0096913489569129159
0.011246022657155148
0.012597149877305893
0.013539996255358582
0.013930606602376322
0.013711027182792169
0.012910568473280504
0.011655749364053298
0.010134838632218729
0.008581286950451697
0.0072298756710632477
0.0062873753382180955
0.0058966093511867747
0.0057143099414098614
0.0061676147223696113
0.0096000877888878528
0.010751594218426962
0.011998224039348759
0.013144426414341454
0.014013870910195091
0.013034931524238782
0.015617312424812594
0.013933678482746879
0.013024108730562364
0.01185137088927571
0.010595620702072638
0.0094491802616453058
0.0099642875091078623
0.0087644425396036334
0.0060399153399397845
0.0068664787633285814
0.0081570751461179265
0.0097156546012828349
0.011303639914832686
0.01268141434940138
0.01363807962418824
0.014028995235032581
0.013793199729292981
0.012964054407850738
0.011672328183060205
0.010112885789573268
0.008524633389034364
0.0071481064284471506
0.0061934415319528247
0.005804616466050439
0.0054297179536244257
0.0065468034058020069
0.01018336092050654
0.011315651551225348
0.012459956455047974
0.013436425816308375
0.013201008092069309
0.01378723063256569
0.014357648090940735
0.014579097768376029
0.013984136749565076
0.011286263406923049
0.010128570941978108
0.0091524793555518343
0.0099559616412930162
0.0094350178800636612
0.0065561009369006461
0.0072828997330382141
0.0084104463680086325
0.0097682495938170508
0.011147670217755094
0.012341656568542698
0.013166143728480998
0.013497620029235302
0.013282175738310333
0.012551481208846532
0.011420547956735076
0.010060923092816934
0.0086804686825489447
0.0074887324816901701
0.0066676932648221795
0.0063404133389552524
0.0058182021576130873
0.0074968922609761511
0.010941171876911336
0.011880212021955055
0.012746448998140612
0.011617457771592577
0.012694812929308711
0.013035773153636835
0.013464516311895526
0.013678270463606564
0.013106675647014841
0.01072085042515695
0.0098376476342508078
0.0091825144466819424
0.010252647789624626
0.010415264549215
0.0032284140042675076
0.0042363861753514243
0.0059470506153059943
0.0080981084053701191
0.010360144966900501
0.012390985551946948
0.013881710917256046
0.014607458540528534
0.014456688609475557
0.013449231923232377
0.011744726102686058
0.0095981957804099072
0.0073366724727155939
0.0053023247358027232
0.0038062626423059271
0.0030772041192231466
0.002870661436734171
0.0038754482691513875
0.0059692722374436206
0.0088271658706704989
0.010895157846283676
0.012731869253735028
0.014061979592178243
0.01468255917164525
0.014492891398922365
0.013524531344749473
0.011926219055036269
0.0099374467415641165
0.0078625941107032492
0.006881051275781455
0.0057397578344529701
0.0045532462017063447
0.0048285364351059613
0.0055444462840107392
0.0067645896116494452
0.0083010418665863794
0.0099194676609790436
0.011371329731419633
0.012440348136816376
0.012962576064415294
0.012859670119577138
0.012142905443797645
0.010928590508391098
0.0093967589406156651
0.0077817683464919407
0.0063265330367700007
0.0052533607215718625
0.0047261293398970479
0.0044035160976201877
0.005495255613167379
0.0066419312449696134
0.0080263440894499782
0.010594842978064699
0.011862858519234411
0.012756858492562003
0.013140268748460511
0.012948064878277467
0.0122131200140125
0.011047785948173581
0.0096259311690934466
0.0081659803824993254
0.0076279540227835408
0.0068899874036784624
0.0060150508885122751
0.0070395194941318233
0.0073545918839996111
0.0078980467946821609
0.0085851175147209149
0.0093102963743604671
0.0099636124500995914
0.010447849445605813
0.010687167709089838
0.010648485889170847
0.01033254011696581
0.0097944795685902235
0.0091112843442746824
0.0083889112072287036
0.0077341145896231899
0.0072467818237667986
0.0070014211755532168
0.0065646781327116273
0.0077829062465119576
0.0080355265843703363
0.0085467733414394589
0.010108954968792027
0.010613993495563249
0.010934524339876208
0.011021329364428846
0.010855002641293247
0.010465783004532891
0.0099115564821296923
0.0092742194336357248
0.0095125420776039932
0.0089936211117113401
0.0083791524051213557
0.007957286663740612
0.0095227859752476836
0.0093890197212418546
0.0091729608399404531
0.0089063807256571925
0.0086294302135925139
0.0083841622283609956
0.0082100953297073159
0.008130978878252591
0.0081631932563265008
0.0082973441010637788
0.008517673629113133
0.00878660759167426
0.009065633325566742
0.0093096617772347925
0.0094815348821436773
0.0095551661095285255
0.0090201796959803356
0.010212159535468588
0.0097950712315849134
0.0090943730328959266
0.0095118358691960447
0.0091767226645157549
0.00959165712254164
0.0080839335020790864
0.0085369253465569419
0.0085529470203478154
0.0086944918899289417
0.0089386729603967846
0.0098808980597560551
0.010021866352685017
0.0096314559144071304
0.010233725431677472
0.011900548796476562
0.011338513541608714
0.01039623273348343
0.0092173977547088809
0.0079813036865397299
0.0068755156552685135
0.0060694115283252813
0.0056842098668242105
0.0057825296760080705
0.006346217572703307
0.0072915827951764304
0.0084714645490376328
0.0097085197650014637
0.01081306283928052
0.011617119671337172
0.011998001265044253
0.011398701056051399
0.012618053460509985
0.011596249101182315
0.010098004003993355
0.0089013627012646257
0.0068478995249572124
0.0068932760694882878
0.0063945430470231631
0.006348648476722024
0.0067686640698636892
0.0083058996804193357
0.0086320293412015334
0.009825721382279157
0.010528340461035492
0.01100494594943803
0.012471804467990233
0.011856778949130958
0.012907849188539502
0.011383734877317333
0.0094730061313046208
0.007466176122075183
0.0056676274611353562
0.0043513703354926677
0.0037178879543781416
0.0038672075235939712
0.0047747406196136837
0.006301698570140752
0.0082131888742880532
0.01021988081346554
0.012016755836530019
0.013330648841091225
0.013960863248337927
0.013339460921014125
0.013745530142336183
0.013391532405938321
0.011410760700257467
0.0089067983648379364
0.007091025715072352
0.0056196164929924602
0.0047172398879325545
0.0045238323554061838
0.0050723658708764271
0.0062716980124567145
0.0079413460683435428
0.0093073410201911597
0.01103927365976887
0.012115807218043458
0.01268419130167598
0.013537552228180308
0.011956717087766768
0.011985392466276586
0.0096332791232920916
0.007160954897770121
0.0049432870201446535
0.0033168458590772869
0.0025309729473577776
0.0027082224771296372
0.003821210844861425
0.0056981781605379127
0.0080510964648193087
0.010522860965446735
0.012738687775108793
0.01436206160563498
0.015145146713048558
0.014970813856021224
0.013687074374065715
0.013470084184125463
0.012193508574674179
0.0096159756406747742
0.0072737603268555389
0.0050967385579397378
0.0037635640015268399
0.0034597419296089698
0.0040620624149263563
0.0051879404120302574
0.0066798372099019778
0.0087458082346772107
0.011475842597363128
0.012706153257658408
0.013748301577005614
0.014544171383219414
0.013533307111648504
0.012112492921300613
0.0096760046204053714
0.0071138143448867645
0.0048139110815960031
0.0031248622639709557
0.0023059934100410607
0.0024844933763195176
0.0036329621987263665
0.0055738091728934182
0.0080095519688030293
0.010570145741431997
0.012868305523676717
0.014555164391060636
0.015372816858636716
0.01519693492692362
0.014052343531742995
0.012112231599988119
0.0096752247398720018
0.0071130371557397284
0.0048133682421548918
0.0031247159219179475
0.0023062079453639041
0.0024850459127028083
0.0036340970166918499
0.0055757390998891661
0.0080120521418938478
0.010572517513893827
0.012869813222513902
0.014077707410360438
0.014734620964641657
0.014735374926367515
0.013745658355491797
0.011839619281388967
0.011313697554807128
0.0091904159540479174
0.0070567784060591729
0.0052364091658568734
0.0040078843402158795
0.0035614551514624878
0.0039664950445304752
0.0051566386820433427
0.0069493905034630748
0.0090720591612921484
0.011923898492393102
0.013879940938841416
0.014607104188909209
0.014456592870620172
0.013449482840632883
0.011739429303856829
0.0095903993528569237
0.0073295502682993313
0.0052983513778721257
0.0038041333632261357
0.0030765886194779215
0.0032293349421123512
0.0042387497352183064
0.0059488470434472382
0.0080970095909606177
0.010357089902507242
0.01238772530350353
0.014149497624293675
0.014876557599642638
0.014079147079701679
0.013282394187007076
0.011976103971174027
0.011395055756066631
0.0097538549357831083
0.0082397804198215616
0.006883658897574408
0.0058925648964879016
0.005421205339768656
0.0055433721075624255
0.0062343423789176311
0.0073896834147948644
0.0086417897140157792
0.010571058633408409
0.011870476467012774
0.012991601667686909
0.012859557478286116
0.012143101066582323
0.010923417554467714
0.0093901049190408918
0.0077752517438406136
0.0063223918093272208
0.0052508171610281974
0.0047255865086990494
0.004828874095033877
0.0055453123779106066
0.0067639038245129032
0.0082972512350614081
0.0099130548363407251
0.011367538075204155
0.013463724941912928
0.014149499844329953
0.013171971716665187
0.012870296707454244
0.011027722558498397
0.010270951348262471
0.009872173582838378
0.0089934268918819543
0.0081362831107205155
0.0077300325086134903
0.0078932799801616858
0.0079608574621265436
0.0080296576776453486
0.0083055155939217844
0.0089275480055633454
0.0095976053428526841
0.0098382780914942798
0.010847672560295034
0.010654167039109066
0.010338084477719382
0.0097945136938330808
0.0091090679970084812
0.0083846846018590295
0.007729889589327534
0.0072434934175078123
0.0070001793749051508
0.0070389827451832355
0.0073534072957372344
0.0078951964166991961
0.0085801357675749871
0.0093058726153285049
0.0099632207796802232
0.012486032486584128
0.012982387633232804
0.0080428815290532942
0.0088748796894639239
0.0089075070267211637
0.0095882582094201241
0.0089746575919351246
0.0095750592704265617
0.0098706589408901115
0.010091101738620264
0.010201201821849585
0.010190332828990499
0.010055230457840968
0.0098773191592343938
0.0089688001458933901
0.0084894425631645183
0.0083149257294950537
0.0084733982533652923
0.0081717412346486457
0.0083046143027037059
0.0085200947339564778
0.0087867401872569646
0.0090627481550716593
0.009305144443247277
0.0094771359683733167
0.0095520714166124863
0.009520727272081593
0.0093858964063466745
0.0091698539025544222
0.0089031644205019821
0.0086290248395729501
0.0083889421737798411
0.0082198062419978294
0.0081459271227056797
0.0056605369997533217
0.0064656109402987574
0.0075313835702415233
0.0078805213990737512
0.0098680561349231595
0.010979659819023621
0.011849667143178073
0.012344526095322068
0.012384962932242822
0.011970574472994574
0.011161265619103966
0.010079965520396666
0.0094266119723561258
0.0077196817683916098
0.0068863033026558352
0.0062306636914746041
0.0057904558437409746
0.0063531248212894843
0.0072957434396077221
0.0084744321214293011
0.009708622104255828
0.01081039907587129
0.011613409812074744
0.011994311389294953
0.011897545126981136
0.011334376977755061
0.010394257666018777
0.0092169965062590207
0.0079844602885357097
0.0068828201257046338
0.0060803882613139869
0.0056986054882109029
0.0037116514220309127
0.0045216680381779334
0.006036881165755909
0.0075166789261033448
0.010410369009572169
0.012140741544631567
0.013453267416935621
0.014147723330307987
0.014112658309673702
0.013358875648888732
0.011999495933540241
0.010239522000723589
0.008347137605612653
0.0074501645145841301
0.0056836804859386044
0.0047386641945259284
0.0038716929017788815
0.0047787968318860185
0.0063053468389229761
0.008217394289476156
0.010222614247162719
0.012016873221621836
0.013328611487435658
0.01395781401407605
0.013810374922941775
0.012904464970330001
0.011383691288171464
0.0094750543749297055
0.007471044236463489
0.0056744692756000043
0.004359843994536902
0.0037276142214265244
0.0024948798454792805
0.0034925410775577879
0.0052715247795476258
0.0084931642860991037
0.010795287854550145
0.012881649494078639
0.014437605188742032
0.015226027792999988
0.015121452191404457
0.014143137268158541
0.012440447899689884
0.010269487349358045
0.0079613869457986503
0.0067857839589970598
0.0050876105283771955
0.0038622044898503861
0.0027102149072390021
0.0038229597533087651
0.0057002929040840481
0.0080545977022054502
0.010526227632544224
0.01274080402441707
0.014362121547303411
0.015144618109583853
0.014969333260996531
0.013859167919076461
0.011992040914917188
0.0096389779466223725
0.0071675680543539337
0.0049486418848451218
0.0033216299153354775
0.0025352226702242504
0.002199724489863952
0.0031719271647864312
0.0053628289007798067
0.0085993073244742032
0.010965345261484367
0.013089066830994752
0.01465160962302204
0.015414183491388908
0.015255184719753389
0.01420148031090023
0.012414746800297373
0.010163105789195059
0.0077907833561246436
0.0065852005001618193
0.0051068855687879718
0.0037967908399682434
0.0024842570423306998
0.0036318680825938444
0.0055734003652547579
0.0080113610000247023
0.010573150453131798
0.012871192689770904
0.01455569484568708
0.015372772148844836
0.015196657228424273
0.014051281415681819
0.012116752545463043
0.0096830951632107982
0.0071208632208327243
0.0048181516361987383
0.0031273611646549233
0.0023070759431753729
0.002870661445505426
0.0038754483090223555
0.0059692722594945928
0.0088271658466828155
0.010895157853344301
0.012731869187783018
0.014061979517659331
0.014682559237105194
0.014492891445919653
0.013524531362373537
0.011926219482649001
0.0099374467675981456
0.0078625941473329797
0.0068810512720929255
0.0057397578394856978
0.0045532462388093017
0.003228414008063812
0.0042363861880222687
0.0059470506309300328
0.0080981084113699916
0.010360145027519758
0.012390985548508674
0.013881710911597629
0.014607458538915532
0.01445668855786726
0.013449231890689917
0.011744726100425195
0.009598195779995957
0.007336672473058482
0.0053023247348968003
0.0038062626411422763
0.0030772041268785398
0.0044035160986576763
0.0054952556286236645
0.0066419312757466618
0.008026344082933649
0.010594842952307464
0.011862858517369089
0.01275685841041533
0.01314026872885682
0.01294806478881365
0.012213120034648245
0.011047785940468961
0.0096259312399735418
0.0081659804137787888
0.0076279540219263801
0.0068899874064800521
0.0060150509221197886
0.0048285364244714862
0.005544446287571194
0.0067645896234054675
0.0083010418454248364
0.0099182715415596055
0.011371329724298399
0.012440348130633569
0.012962576063092779
0.012859670120104248
0.012142905441397251
0.010928590508682242
0.0093967589423046786
0.0077817683828458259
0.0063265330391602467
0.005253360720539898
0.0047261293449437063
0.0065635194962400554
0.0077829062431460181
0.0080355263975892734
0.008546773366474256
0.010108954923124896
0.010613993614825738
0.010934524160946093
0.011021329366151376
0.010855002757441145
0.010465783042166431
0.0099115563993314951
0.0092742194400478786
0.0095125420923260432
0.0089936210657521262
0.0083791523977778583
0.0079572867182886708
0.0070395194765514868
0.0073545918863029388
0.0078980468030936928
0.008585117515429801
0.0093102964065848223
0.0099636124389497118
0.010447849437368661
0.010687167709850946
0.010648485892028102
0.010332540117241015
0.0097944795708365777
0.0091112843401030489
0.0083889112137943075
0.0077341145956191107
0.0072467818028209129
0.0070014211698627886
0.0090201796972729179
0.010212159573118017
0.0097950712214435742
0.0090943729816242401
0.0095118360384340468
0.009176722597408803
0.0088752854430966706
0.008652241289253005
0.0085369256673426298
0.0085529472875750957
0.0086944919004920442
0.0089386729610152673
0.0098808979536666314
0.010021866267167352
0.0096314558450789102
0.010233725466521411
0.0095227860259868499
0.0093890197276962194
0.0091729608469297789
0.0089063807251375145
0.0086294301987956887
0.0083841622171594715
0.0082100953190212093
0.0081309788777857283
0.0081631932611031209
0.0082973441066569072
0.0085176736310964372
0.008786607594197306
0.0090656333473436278
0.009309661788558396
0.0094815348833465901
0.0095551661085157627
0.011398701190612195
0.012618053551948713
0.011596249097299671
0.010098003930641627
0.0089013625008386686
0.006847899368257233
0.0068932758184821709
0.006394542997079586
0.0063486487034813089
0.0067686641987535108
0.0083058995650706381
0.0086320295339359764
0.0098257215544149627
0.010528340479190037
0.011004945888283994
0.012471804495294919
0.011900548770923112
0.011338513549351694
0.010396232738450197
0.0092173977457236118
0.0079813036707012692
0.0068755156727762683
0.0060694115114949152
0.005684209864088993
0.0057825296825196604
0.0063462175814395297
0.0072915828082269667
0.0084714645557317208
0.0097085197760068808
0.01081306284684724
0.011617119651557073
0.011998001296845851
0.013339460999325403
0.013745530202145081
0.013391532351055139
0.011410760597362606
0.0089067981397532494
0.0070910255253668333
0.0056196164702149035
0.0047172399580513768
0.0045238323870023418
0.0050723657224044771
0.0062716980068877222
0.0079413463271141849
0.0093073411433948743
0.011039273536925897
0.012115807106475088
0.012684191245945465
0.011856778923252525
0.012907849188764942
0.011383734878586453
0.0094730061146236257
0.007466176101931999
0.0056676274410260036
0.0043513703331711949
0.003717887950461077
0.0038672075277036027
0.0047747406260855623
0.0063016985748465112
0.0082131888848881451
0.010219880824443471
0.01201675578210964
0.013330648839595755
0.013960863244663073
0.014970813855745824
0.01368707438005614
0.01347008425207794
0.012193508483982735
0.0096159754723726624
0.007273760256540405
0.0050967385942268283
0.0037635640472500368
0.0034597419253806559
0.0040620623089962886
0.005187940302057617
0.0066798373187048152
0.0087458089261315246
0.011475842787080149
0.012706153347326898
0.01374830157782368
0.013537552199603479
0.01195671701775425
0.011985392453344592
0.0096332791012164777
0.0071609548743808166
0.0049432869938630733
0.0033168458433364034
0.0025309729494812695
0.0027082224834224034
0.003821210850102012
0.0056981781644381332
0.0080510964716955947
0.010522860879496851
0.012738687783802941
0.014362061643328752
0.015145146714551755
0.015196934929152722
0.014052343548110127
0.012112231580777129
0.0096752247021611101
0.0071130371175452773
0.0048133682274289751
0.0031247159359581397
0.002306207981605374
0.0024850459283391364
0.0036340969911740051
0.00557573908385307
0.0080120520408103746
0.010572517340525662
0.012869813249359645
0.014077707453681641
0.01473462095527895
0.014544171100483824
0.013533848924326197
0.0121124929680339
0.0096760045651105107
0.0071138143166480311
0.0048139110588705843
0.0031248622631231794
0.0023059934212810271
0.0024844933895373372
0.0036329622061956235
0.0055738091696380405
0.0080095519516572636
0.010570145819325685
0.012868305512616338
0.0145551642968393
0.015372816862926209
0.014456592884355579
0.013449482877950373
0.011739429313068362
0.0095903993389026138
0.0073295502506690834
0.005298351370221872
0.0038041333676536917
0.003076588631284178
0.0032293349498819582
0.0042387497310360216
0.0059488470413450812
0.0080970095435282576
0.010357089824616639
0.012387725311701325
0.014149497513205472
0.014876557524880461
0.014735374858994538
0.01374565832789371
0.0118396191818147
0.011313697551856192
0.0091904159420880781
0.0070567783917747399
0.0052364091966189928
0.0040078843769536365
0.0035614551374602314
0.0039664950400830129
0.0051566386800034432
0.0069493904797019489
0.0090720591636077527
0.011923898530262681
0.01387994096278705
0.014607104217796684
0.012859557577177395
0.012143101160261294
0.010923417594772576
0.0093901049028958985
0.0077752517314687818
0.0063223918036815537
0.0052508171588994679
0.004725586508650027
0.0048288740954426125
0.005545227118093808
0.0067639038145886907
0.0082972512157018456
0.0099130548174584301
0.011367538079724947
0.01346372488274878
0.014149499878231154
0.014079147071919684
0.013282394203224602
0.011976103422819042
0.011395055712963887
0.009753854763684915
0.0082397805106267739
0.0068836590941290261
0.0058925648984273406
0.0054212052685376922
0.0055433720729064183
0.0062343423805018942
0.0073896833805161457
0.0086417896625836949
0.010571058661389656
0.011870476554457943
0.01299160175151917
0.01065416712171419
0.010338084577912961
0.0097945136458607064
0.0091090679450303354
0.0083846845810783017
0.0077298895821481806
0.0072434933918218061
0.0070001793719257979
0.007038982743290915
0.0073534072881077271
0.0078951963984493761
0.0085801357488187388
0.0093058726025676518
0.0099632207871521491
0.012486032508295226
0.012982387654614076
0.013171971804667231
0.012870296849448987
0.011027721885377057
0.010270951218736644
0.0098721731230832343
0.0089934271447098119
0.008136283441542656
0.0077300324477417017
0.00789327993140208
0.0079608573522989782
0.0080296577123162849
0.0083055156829180844
0.0089275478253840052
0.0095976054055776951
0.0098382781919783887
0.01084767269799459
0.0081717413377331016
0.0083046142812744812
0.0085200946457204049
0.0087867401377105421
0.0090627481458583903
0.0093051444467318577
0.0094771359711565938
0.0095520714202454639
0.009520727271589792
0.0093858963017361963
0.0091698538872563868
0.0089031644184214068
0.0086298093246204629
0.0083889422922104433
0.0082198061253379185
0.0081459271646011321
0.0080428815955297973
0.0088748797755490993
0.0089075069480590557
0.0095882580273092561
0.0089746573959236225
0.0095750592832563441
0.0098706590990605032
0.010091101653000359
0.010201201746946319
0.010190332829140225
0.010055230489293812
0.0098773192213961105
0.0089688000810132142
0.0084894424989865706
0.0083149258148923922
0.008473398404996748
0.0057904557493756578
0.006353124772372847
0.0072957433857274807
0.0084744320931499743
0.0097086221024667921
0.010810399094400144
0.011613409825139125
0.011994311396652082
0.011897545109760635
0.011334376972259873
0.010394257595048001
0.0092169965061045002
0.0079844602912009875
0.0068828201292859522
0.0060803882607843359
0.0056986054698041199
0.0056605369032230735
0.0064656109485740788
0.0075313837010227962
0.0078805214107774101
0.0098680560551036248
0.010979659687468951
0.011852377405736761
0.012344525870196505
0.012384962833541098
0.011970574477253314
0.011161265661547948
0.010079965707778171
0.0094266119376699795
0.0077196817232676809
0.0068863033046138496
0.0062306637046301684
0.0038716928786333826
0.004778796857608977
0.0063053468080797957
0.0082173942733094058
0.01022261424288359
0.012016873233430975
0.013328611499975308
0.013957814052204391
0.013810374924460781
0.01290446496932454
0.011383691291993988
0.0094750543338127727
0.0074710442771753456
0.0056744692798586654
0.0043598439780807019
0.0037276142275066066
0.0037116514290061104
0.0045216680118151057
0.0060368812662608823
0.0075166788643549684
0.010410369061164004
0.012140741401184745
0.013453267450133723
0.014147462905825787
0.014112658135743483
0.013358875602293862
0.011999495935619315
0.010239521980759244
0.0083471376311438049
0.0074501645264454068
0.0056836804696271583
0.0047386641175783074
0.0027102149138383911
0.0038229597435034649
0.0057002928838496315
0.0080545976840015136
0.010526227628457419
0.012740804032496868
0.014362121556954254
0.015144618101592568
0.014969333262840091
0.013859167924276787
0.011989045461156634
0.0096389779474275565
0.007167568053085778
0.0049486418916319143
0.0033216299151651715
0.0025352226682520576
0.0024948798482392343
0.0034925409665440949
0.005271524870215173
0.0084931645068950963
0.010795287821405328
0.012881649532546795
0.014437605274254679
0.015226027300323458
0.015121452091600329
0.014143137218557039
0.012440447882436952
0.010269487318906811
0.0079613869275544872
0.0067857839359166811
0.0050876105450937568
0.0038622044732643792
0.0024842570375692855
0.0036318680710494813
0.0055734003518754776
0.0080113610056235657
0.010573150452101169
0.012871192713877582
0.014555694851913742
0.015372772219549607
0.015196657080887847
0.014051281419289536
0.012116752549400669
0.0096830951631693071
0.0071208632218109592
0.0048181516384166404
0.0031273611659343036
0.0023070759365481385
0.0021997244804976644
0.003171927118936897
0.0053628289639128723
0.0085993074138106789
0.010965345200030955
0.013089066886422286
0.014651609731191926
0.015414183502539671
0.015255184590725439
0.014201480282930881
0.012414746773973192
0.010163105759049572
0.0077907833532724607
0.0065852005298485238
0.0051068855621671126
0.0037967907966114408
0.00082344400777352813
0.0020693003120845392
0.0042620380448737984
0.0070639525194489223
0.010048082406510114
0.012762261702922025
0.014795204247130524
0.015840157509894613
0.015736723062493491
0.014498965980077166
0.012319917108794062
0.0095261826584452751
0.0065424777725317856
0.0038200971629847192
0.001774366468205219
0.00071974157546203445
0.00069275174711303249
0.001757220131171876
0.0038539894943077496
0.0062553221991204135
0.0092020175303449952
0.012016604332118399
0.014270001143944215
0.015625756256485237
0.015875398650366971
0.01497734905690689
0.013071148043024431
0.010447807878393566
0.0075003755942174748
0.0044048033010978156
0.0022873228758276227
0.00098517272570145453
0.0023108057779568326
0.0033059394407793201
0.0050608179008502611
0.0073054144167038751
0.0096974651523567823
0.01187414334545699
0.013505549650202857
0.014344651476951251
0.014262937977063558
0.013271221247529746
0.011525019574715944
0.0092858638526689026
0.0068949142623496362
0.0047135907867128669
0.0030745598470793656
0.0022292095438358446
0.002126661395507011
0.0030673292641718954
0.0048384023444895067
0.0066595419933277574
0.0090200046735017213
0.011277468908617867
0.013087136018829021
0.014179085637304103
0.014384823905681769
0.013669931225939848
0.012145356414168251
0.010045061812752566
0.0076833848225855003
0.0051108976994958064
0.003491918783702828
0.0025031296089299652
0.0047061497072683556
0.0053003756176797914
0.0063512774557420984
0.0076973389671108538
0.009133137701523136
0.010440806260416997
0.011422236065648182
0.011927905830926244
0.011880463651696961
0.011285933818674225
0.010238725004084511
0.0088951544111562555
0.0074609746620762354
0.0061522462098931542
0.0051682936102496373
0.0046597406312793447
0.0047063545645878941
0.0049968624890367238
0.0061220227488373016
0.0077749586111692933
0.0087365048041658094
0.010093143586716355
0.011183334294868985
0.011845038546637805
0.011975677157509678
0.011552549550578802
0.010641744830408775
0.009384559576975076
0.0079678802061555302
0.0062454492098244739
0.0054321035497219778
0.0049310745312918904
0.0076416744463095624
0.0077463879610438274
0.0079354294068114846
0.0081795126605376106
0.0084407695529180957
0.0086798769758429303
0.0088611430087751335
0.0089561304256435652
0.0089504986411094011
0.0088445212039023821
0.0086565443516592594
0.0084135395841510967
0.0081539329256059435
0.0079153164527083365
0.0077340685760719967
0.0076380210714939245
0.0076430853156322469
0.0074257047373960244
0.0079369175032700471
0.0086149092469374744
0.0083948457389547305
0.0086436831832822792
0.0088474405693670481
0.0089772207318903133
0.0090127829656258419
0.0089462054857322986
0.0087886902119229081
0.0085665085269657059
0.0078707960708368167
0.0080045720029112057
0.0078100198709663195
0.0078962475016820209
0.010671159670345268
0.010272008416364602
0.0095724426030493887
0.0086787369142165647
0.0077259192593345091
0.0068590623426375797
0.0062108138947320254
0.0058797792697884337
0.005916835502741781
0.0063163630183842552
0.0070178336529935501
0.0079134194285591739
0.0088675835688867017
0.0097340501354511322
0.010381228614745422
0.010710873184111132
0.01067378407037917
0.0099410001322897765
0.0098104813372610518
0.0089600318530891759
0.0084740929461130914
0.0071481055522798053
0.0064329468854699024
0.0060100346739616886
0.00594540109241622
0.0062465233121349875
0.0068676694269213237
0.0073385001155697287
0.008659440303242321
0.0095543702297927902
0.010554486263426361
0.010708805060139511
0.013336351264205815
0.012495314384486715
0.011015294869587541
0.0091208617463398901
0.0070985504392678915
0.0052558779394049808
0.0038742702842823173
0.0031657882609961202
0.003239974398861872
0.0040855234551916714
0.0055719199619131844
0.0074711233984014903
0.0094940853626655237
0.011332954097276438
0.012708874233532902
0.013413177596286342
0.013339640416745221
0.012161503741763422
0.011458683119787915
0.0096568541694610557
0.007652529288528994
0.0057498608762919911
0.0042394228630210128
0.0035135152193794881
0.0031167834556581546
0.0038796901802829317
0.0052114553077461543
0.0070173831300518671
0.0090212984323422285
0.010918621611850624
0.012798012156986043
0.013410417505540157
0.015233362632386029
0.014078761304649584
0.012043998404842672
0.0094375821208873539
0.0066535912104824886
0.0041146958819299022
0.0022082982644477094
0.0012284181955881366
0.0013283896356240284
0.0024925952743634103
0.0045394914405158396
0.007154275870587444
0.0099385186345456854
0.012469577158363762
0.014364234844254477
0.015335518964172037
0.015236766406564867
0.014082681231834494
0.012047377259303374
0.0093653917050203553
0.0073951550244673609
0.0047755013932345939
0.0026940887880494207
0.0014704121227152827
0.0012962846942742826
0.0021981004355699453
0.0040339363465124803
0.0065204703435330887
0.0097417001661098193
0.012468172984940492
0.014361622276694
0.015332554933391715
0.016078009924392917
0.014785291469938726
0.012504878688921866
0.0095821749470385211
0.00645954740580816
0.0036106574441752476
0.0014698421278202679
0.00036742475416916173
0.00047781464980000581
0.0017836476156961201
0.0040792583843802105
0.0070113007275135059
0.010133099106397123
0.012971592440820582
0.01509716519575611
0.016188121073478626
0.016079119268192096
0.014786318695971913
0.012505445685363199
0.0095820861933410221
0.0064591529993015288
0.0036102727128959826
0.0014696776793962586
0.00036743517459475098
0.00047805711974705938
0.0017842691202144935
0.0040802454726683876
0.0070123892477122664
0.010133923539875763
0.01297171237166052
0.015096599280272271
0.016187168487706259
0.015737796565257249
0.014503472461171384
0.012324351954109979
0.0095306070347892999
0.0065454810471587948
0.0038217478606816483
0.0017747536866738894
0.00071998408518343258
0.00082363377022585949
0.0020697806703703654
0.0042622114059758156
0.0070638807090089373
0.010047798041004408
0.012761619156701529
0.014794739913850195
0.015839317611208836
0.015736629725467754
0.014501881649283621
0.012322473495933002
0.0095288652581699742
0.0065440770345276253
0.0038208974610476169
0.0017743227069598015
0.0007197632039998719
0.00082358139814857237
0.0020698979712416689
0.0042628900342881488
0.0070649584312377492
0.01004905900887039
0.012762952576716755
0.014795932763864685
0.015840342482585132
0.014264348930574272
0.013276417466597858
0.011353710401577484
0.0098962542149219485
0.0075281036154121028
0.0052792470506488904
0.0034931609446940547
0.0024437072867666372
0.002294615821560101
0.0030680626534108262
0.004643373105504031
0.006777792604479616
0.0091457597195654678
0.011781694142537137
0.013501480899599974
0.014340638221715381
0.014259884579855175
0.013271171130930305
0.011525203419491507
0.0092872651197237043
0.0068958173240139123
0.0047139450167516831
0.0030743094948755536
0.0022294174774335354
0.0023107561925794127
0.0033060001963188417
0.0050607041500689391
0.0073051810956289822
0.0096972973851275068
0.011873981464837242
0.01350555426777828
0.014344705130757225
0.011883155233748832
0.011041410500689344
0.010550765371789573
0.0092723818720099188
0.0078513860157523509
0.0065030114917609015
0.0054331866415348448
0.0048049221599596815
0.0047162265967771793
0.0051791957316870123
0.0061227149009712946
0.0074025451692969228
0.0088228426922279009
0.01016796565776462
0.011487655150164679
0.011924242264330061
0.011877833661453504
0.011285677603885106
0.010238669155703135
0.0088962098040769443
0.0074612129292370294
0.0061518936070255308
0.0051678474140287962
0.0046600852334372925
0.0047066695278372003
0.0053007376917382359
0.0063510517573057059
0.0076963417431926973
0.0091324389898828438
0.010440750065107812
0.011422693794633763
0.01192911351886187
0.0089539704381045079
0.0086185044072117981
0.0087389178561990584
0.0085064896017937562
0.0087398441987241379
0.0080612283333817061
0.0078570731197699535
0.0077282437069813069
0.0076959457633427467
0.0077624898083439066
0.0079184522696883423
0.0077473587953937597
0.008425023796233987
0.008667834715475364
0.009006475513429292
0.0089527071389821477
0.0089478105384958855
0.008843126335799199
0.0086554484720556962
0.0084135373336074216
0.008153299463408337
0.0079144985713993036
0.0077337020758303787
0.0076385391326558444
0.0076433498279773323
0.0077475860236983426
0.0079357954837391328
0.0081788514109439169
0.0084406810626380495
0.0086807380645583642
0.0088625891330119978
0.0089584458992304581
0.0059203073028945459
0.0061011985898365741
0.0068642535221683284
0.0081391460010382249
0.0086582299251633989
0.009555925475216059
0.010269454740560013
0.010692272976035474
0.010759952874841754
0.01045950829090796
0.009838035745683274
0.0089919252161400291
0.0076363809323106262
0.0071170519752132982
0.0064043811981737324
0.0060516298816685838
0.005915251946152441
0.0063154838667880478
0.0070175862947014734
0.0079140794547688
0.0088676084639544572
0.0097337891207763226
0.010381307447819952
0.01071155513431464
0.01067394742690417
0.010273741551745142
0.0095736400659969627
0.0086787537342209106
0.0077265983639884699
0.0068606507724119498
0.006212996306151815
0.0058824911050056094
0.00312318393297024
0.0038806249646524339
0.005211645642305981
0.0073715139684351347
0.0089596804894411432
0.010865805127804147
0.012387319880075642
0.013296778984189194
0.013454474752455684
0.012833454041344059
0.011530147059156705
0.0097446916927319376
0.007744044440118344
0.0055307836353468273
0.0042382263497226401
0.0033636074799677706
0.0032392246679185761
0.0040852262390717953
0.0055723136129858667
0.007472008330991293
0.009494419407382982
0.011332974552452375
0.012708925254515464
0.013413701006856916
0.013339467981939869
0.012496078010993755
0.011015514923774911
0.0091198041166868429
0.0070983610836370514
0.0052568566594603317
0.0038762217900093275
0.0031680081111099706
0.0012337808403455885
0.0021983164416274257
0.0041884148094773806
0.0064180625148207264
0.0091689207618225656
0.01179320902540466
0.013890694132179634
0.015147911808750691
0.015371666097207696
0.014524763716653523
0.012738270554715181
0.01028542219664862
0.0075337481565640862
0.0046330530274159886
0.0026929709833305232
0.0014533184423737315
0.0013284647730069819
0.0024928845421699178
0.004539996021437993
0.0071547598695203716
0.0099385730154988375
0.012469587068200715
0.014364227566809742
0.015336178916580359
0.015236546668085802
0.014078935283157453
0.012043547044935356
0.0094357430198053396
0.0066522780226996002
0.0041142610211569531
0.0022090539058028146
0.0012293857699975834
0.0003782631263244549
0.0014515238007422968
0.0036255513784738159
0.0061705127557504938
0.0092542978200642785
0.012197595085225872
0.014551967978532105
0.015965710662417237
0.016221666738930152
0.01527730977172095
0.013279228585751328
0.010532105139144682
0.0074477591555627658
0.0042368949563050705
0.0020064423489587957
0.00061568820982100408
0.00047779227983391829
0.0017834593627896428
0.0040790298126936551
0.0070110049464996594
0.010132674070354541
0.012971202807674789
0.015096503787397948
0.016188060910932594
0.016078348727242345
0.014782401616242235
0.012501893397586767
0.0095787749459697244
0.006457221130189348
0.0036093876819952822
0.0014697607005470913
0.00036751145033490478
0.00069275175071109368
0.0017572201243981572
0.0038539895378508267
0.0062553222508809946
0.0092020174979719257
0.012016604275639373
0.014270001118462692
0.015625756277886857
0.015875398666401357
0.014977349065145973
0.013071148059776517
0.010447807879293924
0.0075003755921361909
0.0044048033021906506
0.0022873228774635298
0.00098517273067308549
0.00082344400832834246
0.0020693002921200803
0.0042620379990802653
0.0070639525208612596
0.010048082442177692
0.012762261694921451
0.014795204266161186
0.015840157510552923
0.015736723058964522
0.01449896596401746
0.012319917100421388
0.0095261826619535798
0.0065424777816805091
0.0038200971743828642
0.0017743664583954705
0.00071974157347814191
0.0021266614005897569
0.0030673292642592284
0.0048384023546184252
0.006659542036134539
0.009020004654645879
0.011277468891423876
0.013087135991737239
0.014179085661969156
0.014384823936003809
0.013669931097402315
0.012145356313890826
0.010045061823347615
0.00768338482594673
0.0051108977151993846
0.0034919187937202155
0.0025031296180338431
0.0023108057805756596
0.0033059394409340999
0.0050608179068981863
0.0073054143069966561
0.0096974651618522024
0.01187414333810427
0.01350554964405597
0.014344651476950184
0.014262937970990066
0.013271221216372661
0.011525019649391385
0.0092858638577576133
0.0068949142525614841
0.0047135908003660123
0.0030745598529952735
0.0022292095507325856
0.0047063545655518643
0.0049968624872716895
0.0061220226890166306
0.0077749586153731598
0.0087365048005427163
0.010093143633576262
0.011183334255247155
0.01184503857891105
0.011975677207915468
0.011552549562048282
0.01064174484634867
0.0093845596229135703
0.0079678801957416921
0.0062454492117551908
0.0054321035763461173
0.0049310745603813478
0.0047061497235438661
0.0053003756348456062
0.0063512774962542476
0.0076973389534569824
0.0091331376949422005
0.010440806273705076
0.011422236060440582
0.011927905832473683
0.011880463649678841
0.011285933811485049
0.010238724993832002
0.0088951544027342771
0.0074609746675915849
0.0061522462232057916
0.0051682936187260001
0.0046597406239877945
0.0076430853141492986
0.0074257047410955148
0.0079369173659471545
0.0086149092164348306
0.0083948456762847554
0.0086436832245308202
0.0088474406354989016
0.0089772208879981778
0.0090127830038777054
0.0089462054728567889
0.0087886902254723596
0.0085664986495608431
0.0078707960089322484
0.0080045719806653825
0.0078100199033288974
0.0078962475430753975
0.0076416744062829597
0.0077463879810455022
0.0079354294549939617
0.0081795126565325001
0.0084407695450530104
0.0086798769669245452
0.0088611430398869914
0.008956130445942902
0.0089504987492084014
0.00884452117654283
0.0086565443325836346
0.0084135395751074454
0.0081539329277285476
0.0079153164441608612
0.007734068570427138
0.0076380210710268338
0.010673784070294113
0.0099410001394166989
0.0098104813202315785
0.0089600317984808893
0.0084740928786413358
0.0071481054823355067
0.0064329470437848972
0.0060100348707383426
0.0059454011389489664
0.00624652316626106
0.0068676694483155174
0.0073385001377292754
0.0086594402909698064
0.0095543702040996586
0.01055448628665628
0.010708805088276796
0.010671159616251086
0.010272008425625987
0.0095724426030847059
0.0086787369079947742
0.0077259192477821441
0.0068590623272196272
0.006210813880830072
0.0058797792556026414
0.0059168355009211479
0.0063163630248071626
0.0070178336502746824
0.0079134194282127774
0.0088675835893657177
0.0097340501393313877
0.010381228639954091
0.010710873186948354
0.013339640419711526
0.012161503749721149
0.011458683079860862
0.0096568541188426678
0.0076525292291790064
0.005749860891973697
0.0042394229406606107
0.0035135153016717037
0.0031167834773589702
0.0038796535914272273
0.0052114552925425191
0.0070173831251778979
0.0090212983695921786
0.010918621539567495
0.012798012094968727
0.013410417442344381
0.013336351231198714
0.012495314389646699
0.011015294871633689
0.0091208617413704451
0.0070985503546259401
0.0052558779244962599
0.0038742702701041421
0.0031657882572995732
0.0032399744012013162
0.0040855234583871067
0.0055719199600341805
0.0074711234000139695
0.0094940853638768481
0.011332954096487555
0.012708874234379294
0.013413177601170787
0.015236766404165627
0.01408268123112707
0.012047377236944242
0.0093653916752557444
0.0073951549953890378
0.0047755014112843431
0.0026940888145035153
0.0014704121434156985
0.0012962846878926534
0.0021981004218485311
0.0040339363463045147
0.0065204703306079902
0.0097417001677045523
0.012468173004176641
0.014361622267510874
0.015332554881276486
0.015233362592114039
0.014078761290272036
0.012043998392173839
0.0094375822895109134
0.0066535911901825047
0.0041146958625193943
0.0022082982540077524
0.0012284181933353024
0.0013283896364143255
0.0024925953170330572
0.0045394914323886688
0.0071542758729451891
0.0099385186223626392
0.012469577173923269
0.014364234788994543
0.015335518964046391
0.01607911925726804
0.014786318688160873
0.01250544567408759
0.0095820861859082923
0.0064591529963305772
0.003610272715290336
0.0014696776833564708
0.00036743517597504058
0.00047805711909685471
0.0017842691166749225
0.0040802454704718895
0.0070123892749051385
0.010133923557846957
0.012971712342859845
0.015096599234359831
0.016187168372459083
0.016078009886543995
0.014785291436014685
0.01250487864728376
0.0095821749228522865
0.0064595473824674851
0.0036106574248332699
0.0014698421231433573
0.000367424753927283
0.00047781465063536846
0.0017836476291273947
0.0040792583842999657
0.0070113007277128924
0.010133099161359687
0.012971592503291723
0.015097165231398195
0.016188120990265408
0.015736629718451384
0.014501881646686608
0.012322473498084354
0.0095288652589430086
0.0065440770356580344
0.0038208974864310527
0.0017743227074895223
0.00071976320483889975
0.00082358141470647065
0.0020698979706459974
0.004262890032298833
0.0070649584371106355
0.010049059047886538
0.012762952606629087
0.014795932762330816
0.015840342479582142
0.015737796570397582
0.014503472430627778
0.01232435192434558
0.0095306070141463611
0.0065454810283036031
0.0038217478523464923
0.0017747536943271353
0.00071998408827192743
0.00082363377328983575
0.002069627593091164
0.0042622114061830526
0.0070638807071438849
0.010047798038850772
0.012761619157104231
0.014794739910616712
0.015839317602324425
0.014259884565303492
0.013271171131575362
0.011525203420613002
0.0092872651188440469
0.0068958173226126565
0.0047139450138939899
0.0030743094561927965
0.0022294174773897172
0.0023107561948143289
0.0033060001952871284
0.0050607041439610827
0.0073051810950123747
0.0096972974122226732
0.011873981495211022
0.013505554300183697
0.01434470513748351
0.014264348912463261
0.013276417452022269
0.011353710362768969
0.0098962542215975616
0.0075281035970473607
0.0052792470914186668
0.0034931609632152067
0.0024437072783327542
0.0022946158227605674
0.0030680626587230322
0.0046433731062733097
0.0067777926026104784
0.00914575969978762
0.011781694135537426
0.013501480902676451
0.014340638224990095
0.011877833639860117
0.011285677572140758
0.010238669144823975
0.0088962097965941817
0.0074612129243920907
0.0061518936073176132
0.0051678474115105901
0.0046600852336843778
0.0047066695297595107
0.0053007376849806961
0.0063509103723253376
0.0076963417394200527
0.009132439005737545
0.010440750094674909
0.011422693877896774
0.011929113660688205
0.01188315520695884
0.011041410493857656
0.010550765283442249
0.0092723819022025242
0.0078512660316566278
0.0065030116251736641
0.0054331866016993956
0.0048049221316704875
0.0047162265816616993
0.0051791957325675268
0.0061227149224584564
0.0074025451776750959
0.0088228426795551752
0.010167965601598409
0.011487655100760897
0.011924242238282819
0.0089478105132210408
0.0088431263031360108
0.0086554484917275611
0.008413537333857345
0.0081532994655102893
0.0079144985722915066
0.0077337020858267618
0.0076385391202047357
0.0076433498315676184
0.0077475859860225748
0.0079357954676433709
0.0081788515855672102
0.0084406810709884775
0.0086807380295903947
0.0088625891119436997
0.0089584458896052668
0.0089539704154802426
0.0086185044013766046
0.0087389178130336184
0.0085064896909850841
0.0087398442651603209
0.0080612285772334643
0.0078570728971635462
0.0077282435977148933
0.0076959457451562831
0.0077624898405535018
0.0079184522926850649
0.0077473588141244876
0.0084250237840801205
0.0086684289404355252
0.0090064754063260404
0.0089527070563035493
0.0059152518598876306
0.0063154837988698359
0.0070175862851877564
0.0079140794584291636
0.0088676084529916311
0.0097337891216929557
0.010381307452710686
0.010711555178522989
0.010673947430721831
0.010273741542688494
0.0095736400593185306
0.0086787537358069631
0.0077265983655199991
0.0068606507691585886
0.0062129962969394679
0.005882491120757955
0.0059203072854515709
0.0061011985850019396
0.0068642535403226641
0.0081391460297475307
0.0086582301021602866
0.0095559255499691013
0.010269454554538192
0.010692272900148268
0.010761405811250693
0.01045950831519148
0.0098380357500568536
0.0089919252319023597
0.0076363809276020732
0.0071170519239790982
0.0064043810527764766
0.006051629769917315
0.0032392246411973103
0.0040852262120072451
0.005572313624712011
0.0074720083360642585
0.009494419415529861
0.011332974563809373
0.012708925262516825
0.013413701049475858
0.013339351133791769
0.012496078107113432
0.011015514925784073
0.0091198041091533674
0.0070983610802156294
0.0052568566524427143
0.0038762217832057589
0.0031680081051066564
0.0031231839261453187
0.0038806249286312284
0.0052116456781447201
0.0073715139578673285
0.0089596805201338867
0.010865805182189764
0.012387319770729602
0.013296778936333842
0.013454474739038417
0.012833454113688681
0.011530147055648303
0.0097446917068740226
0.0077440444444107194
0.005530821816592966
0.0042382262796184433
0.0033636073993642077
0.0013284647651041572
0.0024928845357849419
0.0045399960157151663
0.0071547598681514979
0.0099385730195551344
0.012469587080034934
0.014364227576134812
0.015336171588594317
0.015236546668710146
0.014078935289995275
0.012043547049783122
0.0094357430115728606
0.0066522780127368309
0.0041142610098930249
0.0022090538993233206
0.0012293857662945445
0.0012337808399502158
0.002198316434601358
0.0041884147929508618
0.0064180624273351495
0.0091689208173506617
0.011793209079915459
0.013890694104251472
0.015147911781178885
0.015371666089286353
0.01452476358531464
0.012738270538224511
0.010285422190164657
0.0075337481525369473
0.0046330530276239472
0.0026929709704468004
0.0014533184260370454
0.00047779227888149266
0.0017834593579872586
0.0040790298054639886
0.007011004943681504
0.010132674072719809
0.012971202816315721
0.015096503908679721
0.016188060899982301
0.016078348728724854
0.014782401623963187
0.012501893404880187
0.0095787749410589842
0.0064572211218348078
0.0036093876723952106
0.0014697606904386224
0.00036751144756319587
0.00037826312540902398
0.0014515238051514385
0.0036255513394776824
0.0061705126996524119
0.0092542978606174608
0.012197595156202634
0.014551968457941506
0.01596571069298253
0.016221666776083048
0.015277309746722265
0.013279228574139143
0.010532105136517207
0.0074477591580408026
0.004236894958003376
0.0020064423457906684
0.00061568820532947486
0.00074809277394880652
0.0019374811955470894
0.0040702901309674034
0.007887925039006486
0.0089262941093722591
0.011993268926040117
0.014302144928584086
0.015714426160882929
0.016014435274550012
0.015154733499097383
0.013268991967165498
0.010643486563689577
0.006994989174673975
0.0039102549229447139
0.0018574237166696138
0.0007203560249382237
0.00074806759895267179
0.001936400760168055
0.0040986533328148658
0.0069018799639803214
0.0099188243165239543
0.01269309856283621
0.014802951007867837
0.015931844578766077
0.015904994079599388
0.01472549916577418
0.012576071540568518
0.0097807446446107303
0.0067631420431670487
0.0039807226668698119
0.001857545095525392
0.00072016129650745268
0.0017983236640236114
0.0028247550995118952
0.0046421872658265811
0.0078027909123343517
0.0093287969730780559
0.011571754475008708
0.013541969450800561
0.01473144586892188
0.014958377690739409
0.014186568579644437
0.012535592675340572
0.010406894885169811
0.0063599099045440529
0.0045292977994272361
0.0027506153006400633
0.0017733028644842119
0.0017994236479519066
0.0028247910157755745
0.0046895658815366463
0.0071070528284584286
0.0097086436919242465
0.012100592404488323
0.013919116424499117
0.014890761410925366
0.014865247968290432
0.013845448967005729
0.011989759072429279
0.0095778928068402172
0.0069759009220890242
0.0045780554496952638
0.0027497744720345204
0.0017720355486723295
0.0038438398726327594
0.0045517000718828526
0.0058366707596376154
0.0073333557987682943
0.010436422252501703
0.010235003689059174
0.012000342459497484
0.012785732584805027
0.012904879487353915
0.012338118331398716
0.011173247604745973
0.0093643231263255567
0.006875573786967645
0.0057525894461937215
0.0044949540645518628
0.0038256834133001422
0.003846038385151399
0.0045527923175504434
0.0058366686184651156
0.0075005131040971253
0.0092905322579622737
0.010935875201374375
0.012186183055822516
0.012852892496199194
0.012832741311200078
0.012127983919520561
0.010848724195365709
0.0091875189684810562
0.0073972546380210698
0.0057487640567460245
0.004493175340682146
0.003823336896903558
0.0065693381907500712
0.0068526014148180391
0.0073628710388775288
0.0078091769084010602
0.0093238753870792061
0.0098174688049622594
0.0095097080115411851
0.0101717005112659
0.010164356097929794
0.01013629052373897
0.0094171030356832598
0.0079965195435801432
0.008066439602473708
0.0073150222128425682
0.0068216708914293472
0.0065607346277619868
0.0065721347438054229
0.0068540940868528945
0.0073632310266204841
0.0080212959380691114
0.0087273981426743003
0.0093752620280221303
0.0098663744002904612
0.010126428189023781
0.010114992744633487
0.0098333268311164585
0.009325911364038526
0.0086688163366458772
0.007962513586123007
0.0073130103429302606
0.0068194130943875038
0.0065579609214408887
0.0095592504991771701
0.0093765331566184346
0.009036425290722943
0.0085899723770548036
0.0078357192018555736
0.0076356377201080711
0.0077220585364639214
0.0071545968810845266
0.0071767905573660905
0.0070002303895975691
0.0077050396478530797
0.0082867876485189333
0.0085869769346837831
0.0090342637280082863
0.0093763070335290081
0.0095618340943559466
0.0095625215836837429
0.009378239394662204
0.0090368980498655455
0.0085900395188610711
0.0081048252336802708
0.0076556812668241211
0.0073113102171595184
0.0071245880271867158
0.0071236984349381969
0.007308783418032593
0.0076518707510818563
0.0080999046670692156
0.00858488692798174
0.0090320618640436553
0.0093736366109341118
0.0095582715001787267
0.012361133753940913
0.011741362961571413
0.010604075462661155
0.0091213877246318596
0.0075184212148071495
0.0060395022352693348
0.0049101575684709136
0.0043037215623749382
0.0043137828821669544
0.004938820840168061
0.0060826524415720298
0.0075697070639283767
0.0091727580773064907
0.010647681206108456
0.011771180969819382
0.012373528894901176
0.012363414501180132
0.011742340124291898
0.010604287152752212
0.0091215665839317287
0.0075185491142391791
0.0060392837810122977
0.0049096444774965418
0.0043031319518826031
0.0043130320332473195
0.0049379174602841684
0.0060814317581487556
0.0075679292831233331
0.0091708294843108225
0.010645822768442184
0.011769191041570121
0.012370916837205839
0.014549059647997211
0.013587432446920905
0.011827199361318286
0.0095347561257793992
0.0070576031651646198
0.0047724947269946003
0.0030280912078456085
0.0020927409138018073
0.00211194550249658
0.0030830239982102834
0.0048551656453137484
0.0071554693114413434
0.0096326194616821459
0.011910125468913534
0.013643408103111647
0.014570359234962848
0.014551014750740632
0.013588237839326603
0.011827339123688184
0.0095349245952341503
0.007057863703628482
0.0047725593086257508
0.0030278299266531892
0.0020923682423274934
0.0021114913339994644
0.0030824331898061234
0.0048541690582932055
0.0071540123150787768
0.0096310523513309758
0.011908607882348828
0.013641694555181614
0.014568105160428222
0.015794546103552881
0.014637001014631824
0.012521303591121233
0.0097674863793941521
0.006792973954689671
0.0040493898622475247
0.00195516778014161
0.00083275083773759126
0.00085808542082836431
0.0020280578662943008
0.0041590786851537333
0.0069226539902433291
0.0098971247128913
0.012630981526349169
0.014710266494037498
0.015820746850393537
0.015795196638231618
0.014637398348647863
0.012521684521947558
0.0097680390657342488
0.0067935444343296446
0.0040497671301100201
0.0019551941424630521
0.00083260114377932187
0.00085795359091935832
0.0020277978717436053
0.0041584805251983241
0.0069217726955607328
0.0098961342216763084
0.012630107156861166
0.014709517711961016
0.015819973192200916
0.015904921428236816
0.01472781521773283
0.012578870634579039
0.0097832718595487981
0.0067645838552391436
0.0039811905334137358
0.0018574556674545652
0.00072024793846464338
0.00074824236162219495
0.0019375912830922196
0.0041014923512258522
0.0069066267563129956
0.0099250337011753068
0.012698607058856158
0.01480728891410317
0.015932287543244897
0.015904431661931402
0.014727848308459001
0.012579437604104961
0.0097841651822441929
0.0067656206636609413
0.0039820221293047275
0.0018579713317300615
0.00072048503772652751
0.00074829490600442788
0.0019374633557784416
0.0041011536955072756
0.0069061586593885975
0.009924691657604472
0.012698528826504957
0.014807556851338914
0.015932876533805727
0.014862809245807691
0.013845399141244944
0.011990558819197139
0.0095793698936060719
0.0069768347881366231
0.0045783982823180813
0.002749924745941297
0.0017728715444865989
0.0017993639137099371
0.0028252767113372181
0.0046910565092214513
0.00710966796079143
0.0097120562643143813
0.012102659358448802
0.013919449769950264
0.01488751139424857
0.014861572305996003
0.013845516362428168
0.011991736578912957
0.0095808527800842532
0.0069782576125176363
0.0045795819238084604
0.00275086212029527
0.0017734191943916968
0.0017995288911988468
0.0028252241160881641
0.0046909733062431526
0.007109652428076485
0.0097121182122165972
0.012102926722982073
0.013920257566967435
0.014889049331907635
0.012829812318625386
0.01212708150279251
0.010848671465622729
0.0091884062215524219
0.0073976715961031961
0.005749053435326992
0.0044940550431463236
0.0038255008245412737
0.0038462528731473106
0.0045531121683995372
0.0058371231314912524
0.0075013845836771672
0.0092917350052722832
0.010936046546484444
0.012184755295544726
0.012848865919832437
0.012828752239646694
0.012127460372626957
0.010850083090534646
0.009190006048947057
0.0073992763138088025
0.0057505762405990349
0.0043957928119429434
0.0038143629851969435
0.003890782283068714
0.0046484514717020494
0.0058370571637166935
0.0075013934852689677
0.009292045669694899
0.01093641892058891
0.012185478779441757
0.012850285542013149
0.010112344388530878
0.0098317638004296309
0.0093249647701277184
0.0086688141913586047
0.0079622724627379047
0.0073134577519976072
0.006821345731790167
0.0065615803687304264
0.0065734333923741627
0.00685511740165209
0.0073637221060001649
0.0080211511753446318
0.0087274132204881085
0.0093744052578321278
0.0098640291464260326
0.010122335366826246
0.010111104291065461
0.0098320890618689722
0.0093265178012353414
0.0086707372743898125
0.0077203625264079968
0.0072847721133295108
0.0068074637248435347
0.0069478431001938875
0.0062846128212257343
0.0069003385532854684
0.0074254992151913815
0.0081934542613534295
0.0087276403489162206
0.0093747728261017824
0.0098648324956177782
0.010123934243172917
0.007122108452574839
0.0073077306401043273
0.0076513979232670443
0.0081001572417133422
0.0085848937214262309
0.009033105329643994
0.0093765336365563435
0.0095635734525010511
0.0095648429042263089
0.0093798017305519888
0.0090378017785501825
0.0085900559250340347
0.0081050336127532624
0.0076554348442419784
0.0073099834605756652
0.0071220409727502107
0.0071213835160188121
0.007308206097379046
0.0076528865491696857
0.0078600801043157836
0.009159115132103126
0.0080854052266616846
0.0096595931203030064
0.0095285173292139966
0.0096619836178666336
0.0096036507622449252
0.0094289099513326074
0.0081255689658965066
0.0082361329626704401
0.0076557298706589269
0.0073104490373232384
0.007123053837421808
0.004312511515809545
0.0049375336728421067
0.0060811296068207475
0.0075674713396873261
0.0091697566887072451
0.010645793951079728
0.011770902661650293
0.012375692992733566
0.01236629952355345
0.011743489741567458
0.010604462423921589
0.0091207460524300992
0.0075181355637150594
0.0060391979219143735
0.0049093087944747952
0.0043020621193252916
0.0043120915376783616
0.0049380106028350428
0.0059169071595149723
0.0077192446272110879
0.0092170568951335605
0.010140132703287187
0.011419386619706482
0.012240767981667023
0.012478781109424367
0.012095664756580082
0.011151475422318672
0.0095325224210049461
0.0070044337599867125
0.0060978758897796874
0.0049096383221139883
0.0043027121527325343
0.0021115714760531002
0.0030822458600052024
0.0048532121771337183
0.0071519540264677172
0.0096280096069450965
0.0119067722465647
0.013641607745892081
0.01457183803411422
0.01455346971306898
0.013588403007301131
0.011826398289826677
0.0095331439207412428
0.0070565772037093667
0.0047720772492417813
0.0030278489992906499
0.0020920541441366001
0.0021112408918368066
0.0030827331871758944
0.0047606931359266422
0.0078413715363988938
0.0090748749914944405
0.011218654502712446
0.013153959784901206
0.014367367362393628
0.014673530348732833
0.014024261753452609
0.012520682892896403
0.01049849439655561
0.0064041417520246235
0.0047603023001105225
0.003028176588082172
0.0020926235353120708
0.00085783550267191542
0.002026918301477271
0.0041561975439619271
0.0069176965600335257
0.0098905444619962774
0.012625052705335852
0.014705504938601014
0.015819835832295008
0.015795482923755395
0.014635200754811379
0.012518675941603895
0.0097650108225762321
0.0067914668658489077
0.0040488479769389572
0.0019551422191288015
0.00083253726032594922
0.00085788106284739201
0.0020279774151890262
0.0041118588563548129
0.0079097335223892781
0.0088558817412812737
0.011869355789425913
0.014165928738123125
0.01558658753935978
0.015914377363072857
0.015097710027640871
0.013263665964647833
0.01069095873718235
0.0070363540557176144
0.0039914431648079536
0.0019550092152970156
0.00083270542624471454
0.00074806759407989275
0.0019364007438204809
0.0040986534107223128
0.0069018799444720861
0.0099188243190736526
0.012693098545695974
0.014802950991785444
0.015931844579457736
0.015904994084115238
0.01472549901623102
0.012576071509199689
0.0097807446428986901
0.0067631420446700825
0.0039807226737973728
0.0018575450944457016
0.00072016129512816678
0.00074809276689429688
0.0019374811935711801
0.0040702901308258214
0.0078879250323033081
0.0089262941043353975
0.011993268919832293
0.014302144925281837
0.015714426163205016
0.016014435274664146
0.015154733500445716
0.013268991971690614
0.010643486553068023
0.0069949891730717566
0.0039102549518211767
0.0018574237272280547
0.00072035602670883763
0.0017994236427343853
0.0028247910050759857
0.0046895658699761403
0.0071070528305601944
0.0097086436905720868
0.012100592393418151
0.013919116411738782
0.014890761420362636
0.014865247882992082
0.013845448973876366
0.011989759076138437
0.0095778928194782675
0.0069759009388961676
0.0045780554724337008
0.0027497744873025225
0.0017720355608963352
0.0017983236742215565
0.0028247551110219802
0.0046421872800707694
0.0074990306524247872
0.0097994251353384406
0.011571754484696791
0.013541969438036162
0.014731445827134608
0.014958377684298287
0.014186568577122371
0.012535592670996566
0.010406894876644696
0.0063599099184809705
0.0045292978308125098
0.0027506153109336877
0.0017733028640613126
0.0038460383822590196
0.0045527923168236072
0.0058366686147435631
0.0075005131024012475
0.0092905321822739188
0.010935875208462771
0.01218618304483899
0.012852892479694568
0.01283274131860329
0.01212798391884422
0.010848724189978945
0.0091875189612104259
0.0073972546183882814
0.0057487640910843666
0.0044931753670679562
0.0038233369392686647
0.0038438399092946486
0.004551700091323471
0.0058366707657067085
0.0073333557871329358
0.010436422329671263
0.010235003686061757
0.012000342443383145
0.012785732575255273
0.012904879474887207
0.012338241584321966
0.011173247599806575
0.0093643231233769483
0.00687557380524325
0.0057525894806381497
0.0044949540754621329
0.0038256834125047993
0.0065721347421920503
0.0068540940908567776
0.0073632310267118823
0.0080212958959538297
0.0087273981511428751
0.0093752620547614407
0.0098663744193093345
0.010126428216035543
0.010114992747626316
0.0098333268420572138
0.0093259113396041114
0.0086688163462417638
0.0079625134923477295
0.0073130103628783376
0.0068194131645126169
0.0065577292230600166
0.0065693382856517523
0.006852601454542093
0.0073628710454539774
0.0078091769083706575
0.0093238753920989754
0.0098174687934624149
0.0095097080005559428
0.010171700491552483
0.01016435608862688
0.010136290520581143
0.0094171030122125934
0.0079965195352808705
0.008066439622518861
0.0073150222162610438
0.0068216709060076727
0.0065607346255369455
0.0095625215893668254
0.0093782394001527044
0.0090377029821347883
0.0085900395205624636
0.0081048252456031554
0.0076556812829762103
0.0073113102221465586
0.007124587997996713
0.007123698429038555
0.00730878343309982
0.0076518707841704879
0.0080999046907569879
0.0085848869179196464
0.0090320618579286544
0.0093736366766919866
0.0095582716750969385
0.0095592505840424516
0.0093765331931204218
0.0090364252851909532
0.0085899723660674502
0.0078357191890582965
0.0076356377039071407
0.0077220585222817833
0.0071545968769651108
0.00717679054642467
0.0070002303794394257
0.0077050396426102535
0.0082867876400117592
0.0085869769295184514
0.0090342637322706025
0.009376307045794046
0.0095618341012293079
0.012363414566186146
0.011742340133010494
0.010604287120312566
0.0091217046108517264
0.0075185491357819467
0.0060392837861323557
0.0049096444484126936
0.0043031319357899767
0.0043130320363028709
0.0049379174758809085
0.0060814317740052314
0.0075679293168134818
0.0091708294818444933
0.010645822722254993
0.01176919095631627
0.012370916766241538
0.012361133722206366
0.011741362968925941
0.010604075453347224
0.0091213877034171977
0.0075184212007354551
0.0060395022319227991
0.0049101575627782477
0.0043037215550038987
0.0043137828769732193
0.0049388208374691236
0.0060826524394509947
0.0075697070560997275
0.009172758076852007
0.010647681207749712
0.011771180976556536
0.012373528904755132
0.014551014753227849
0.013588237845711401
0.01182733912496625
0.0095349245976616287
0.0070578636468025865
0.004772559311832421
0.0030278299247180848
0.0020923682383877243
0.0021114913356586502
0.0030824331960329181
0.0048541690632622142
0.007154012312979967
0.0096310522966188434
0.01190860785528405
0.013641694517118087
0.014568105086117288
0.014549059611019918
0.013587432430593058
0.011827199337940521
0.0095347561011867119
0.0070576031498639901
0.004772494727725716
0.0030280912072814335
0.0020927409115872497
0.0021119455001310573
0.0030830239963198797
0.0048551656450058454
0.0071554693138896419
0.0096326194625999551
0.011910125467661657
0.013643408103822885
0.014570359238800583
0.015795196545737366
0.014637398348159804
0.012521684532201111
0.009768039069719495
0.006793544439216208
0.0040497671317384831
0.0019551941413522432
0.00083260114518578004
0.00085795358966910115
0.0020277978722210428
0.0041584805242766282
0.0069217727088113625
0.0098961341436701062
0.012630107107597531
0.014709517681058645
0.015819973176065802
0.015794546069729559
0.014637000981853155
0.012521303568535286
0.009767486365788558
0.0067929739494419061
0.0040493898620910041
0.0019551677802820554
0.00083275083614733317
0.00085808541885986549
0.0020280578645697558
0.0041590786839234284
0.0069226539916775985
0.0098971247150758095
0.012630981554068787
0.01471026653989151
0.015820746840367196
0.015904431658603429
0.014727848306339608
0.012579437608226446
0.0097841651878860566
0.0067656206671767513
0.0039820221212733733
0.0018579713317111027
0.000720485038427598
0.00074829490620095676
0.0019374633561925027
0.0041011536968785381
0.0069061586557303718
0.0099246916333943364
0.012698528838753846
0.014807556861288649
0.015932876553976967
0.015904921436424111
0.014727815195990713
0.012578870635633102
0.0097832718572317314
0.0067645838329880824
0.0039811905362154556
0.0018574556686541406
0.00072024793830192664
0.00074824235943336912
0.0019375912836116177
0.0041014923359558204
0.0069066267506162522
0.0099250336963997293
0.012698607063281665
0.014807288845203633
0.015932287536029318
0.014861572302991437
0.013845516370153544
0.011991736582086994
0.0095808528059246351
0.0069782576168025993
0.0045795819269985744
0.0027508621265489985
0.001773419194357711
0.0017995288929680414
0.0028252241179931342
0.0046909733070183068
0.007109652429681766
0.0097121181844342305
0.012102926667919177
0.013920257514594421
0.014889049315165112
0.014862809219024805
0.013845398994121388
0.011990685176779363
0.0095793698435380336
0.0069768347874921595
0.004578398283626689
0.002749924746856067
0.0017728715392483633
0.0017993639111455342
0.0028252767097735831
0.0046910564826897197
0.0071096679587476092
0.0097120562397147725
0.012102659359484742
0.013919449852176299
0.014887511396229645
0.01282875223309125
0.012127460366858734
0.010850083089455323
0.0091900060471221227
0.0073992763157368999
0.0057505762439883038
0.0043957928125169157
0.003814362988514002
0.0038907823290904539
0.0046484514463642369
0.0058370571689305524
0.0075013934882768021
0.0092920456505963776
0.010936418877209267
0.012185478721797115
0.012850285500550479
0.012829812342061148
0.01212708147121562
0.0108486714279173
0.0091884062115986341
0.0073976715825078906
0.0057490534224646271
0.0044940550316837939
0.0038255008183398823
0.0038462528859000635
0.0045531121699222965
0.0058371231322229379
0.0075012345333798566
0.0092917350084901779
0.010936046542958754
0.012184755279238769
0.012848865972747791
0.01011110424556895
0.0098320890523324669
0.009326517849175528
0.0086707372708160462
0.007720362525138671
0.007284772112320633
0.0068074637213046277
0.0069478431154218426
0.0062846128399614322
0.0069003384861635901
0.0074243508199107857
0.0081934543094057625
0.0087276403362878709
0.0093747727843905681
0.0098648324305978599
0.010123934199317034
0.010112344335939397
0.0098317637540862417
0.0093249647159648393
0.0086688141872812863
0.0079622724416088132
0.0073134577183926368
0.0068213457097782305
0.0065615803666959132
0.006573433408258186
0.0068551174091705212
0.0073637221092854388
0.0080211511762163269
0.0087274132207320297
0.0093744052471206041
0.0098640291068362324
0.010122335229234317
0.0071213834855826559
0.0073082060736929348
0.0076528865435162227
0.0078600801031576632
0.0091591151253587362
0.0080854052254712809
0.0096595931273775037
0.009528517330376924
0.0096619835768438859
0.0096036507609188367
0.0094289099137467719
0.0081255689900608594
0.0082361329766085581
0.0076557298738760072
0.0073104490119601422
0.0071230538076492815
0.00712210841287912
0.0073077305919172766
0.0076513978722570616
0.0081001572196841079
0.008584893671666918
0.009033105395458459
0.0093765336156383019
0.0095635734530407895
0.0095648429177524526
0.0093798017306578173
0.0090378017725404498
0.0085900558931725352
0.008105033638458152
0.007655434831570755
0.007309983418261683
0.0071220409166607148
0.0043120915038813877
0.0049380105864210147
0.0059169071559666536
0.0077192446326170769
0.0092170568950116476
0.010140132869256201
0.011419386625854441
0.01224076797823416
0.012478781023879221
0.012095664762189769
0.011151475411657575
0.0095325224309363698
0.0070044337617224924
0.0060978758994670191
0.0049096383084857205
0.004302712130401916
0.0043125114864397416
0.0049375336480292145
0.0060811295821961413
0.0075674713224069701
0.0091697566820604041
0.010645793955184486
0.011770902647155912
0.012375692991073375
0.012366299527947291
0.011743489737976308
0.010604462422059461
0.0091207460512550478
0.007518135558841667
0.0060391979207440509
0.0049093087781581701
0.0043020620893147255
0.0021112408779660964
0.0030827331827357478
0.0047606931362241256
0.0078413715426310163
0.0090748750020706176
0.011218654517692342
0.0131539597695839
0.014367367360920728
0.014673530347607659
0.014024261744800148
0.012520682890379596
0.010498494404475483
0.0064041417450694882
0.0047603022857702843
0.0030281765836346398
0.002092623535309947
0.0021115714686108138
0.0030822458713885216
0.0048532121975500943
0.0071519540220383506
0.0096280096024505095
0.01190677226655234
0.013641607758299631
0.014571838016081954
0.014553469732288507
0.01358840300324588
0.011826398285015987
0.0095331439149657343
0.0070565772236443258
0.0047720772433884262
0.0030278489923597795
0.002092054132069233
0.00085788106069225949
0.0020279774148384902
0.0041118588559255634
0.007909733518789883
0.0088558817354248889
0.011869355803037102
0.0141659287463496
0.015586587537314782
0.015914377363365515
0.015097710175658696
0.013263665967940375
0.010690958751471875
0.0070363540868479497
0.003991443150703833
0.0019550092061262295
0.00083270542536689415
0.00085783550762095779
0.0020269183159204078
0.0041561975652489556
0.0069176965620936061
0.0098905444631849169
0.012625052727046233
0.014705504957629728
0.015819835834066553
0.015795482918715048
0.014635200753720025
0.01251867593384462
0.0097650107730112862
0.0067914668597154788
0.0040488479690565498
0.0019551422220503933
0.00083253725752688767
0.0031460806033149795
0.0036930773962263303
0.0056601256065732771
0.0074676347781791833
0.009588445386880794
0.011696783044586784
0.013472919046278977
0.014646481006851054
0.015037220461495302
0.014585459305582041
0.01336060744763991
0.011551557258320624
0.0094316389924482078
0.0073243985339345999
0.0057126677542277777
0.0035927541275427841
0.0030135545329276004
0.0038579979170882488
0.0054828831538154855
0.0076398007904708055
0.0099972336954489149
0.012198963524451451
0.01390822174957866
0.014869058278754043
0.01493201370854969
0.014087024611663309
0.012466565319303541
0.010315286994998823
0.0079595547156633365
0.0057567145576729508
0.0040423215138850489
0.0030783237625796049
0.0035404239820525808
0.0038289484515967669
0.006154061537820347
0.0079303961304013713
0.0099484065861548312
0.011899306233339964
0.013487800300303531
0.014472709992454168
0.014701721742054178
0.014140395240218295
0.012873692809518385
0.011096366413546119
0.0090770314157670919
0.0071238398728645826
0.0059853980529013607
0.0038477876710810884
0.0033747310110889979
0.0041756352436530253
0.0057087235109410054
0.0077389094338945162
0.0099544486889938718
0.012020472635539618
0.013622182693321704
0.014518324015457959
0.014571381400510654
0.013771189272788462
0.012244628515863977
0.010220852958415259
0.0080074762836821346
0.0059389038822573259
0.0043301170128628311
0.0034276490455935039
0.0047255935602033994
0.0062240192631562276
0.0061196979789641046
0.0086352855244631859
0.010242741932837892
0.011738492148475173
0.012896442399221794
0.013541482359559862
0.013572812058615359
0.012986963379636507
0.011871213164103969
0.01039750726760692
0.0087877855170404862
0.0072880420684489104
0.0068572663530203559
0.0049089274412157978
0.0045910441467014087
0.005226045323663062
0.0064331791257577625
0.0080263833228663428
0.0097615600188040476
0.011376472567477093
0.012626395406750915
0.013321559763894195
0.013357215097925913
0.012724440491250141
0.011525020925420933
0.0099373536497248741
0.0082036211598424912
0.0065845178689654983
0.0053265839279314333
0.0046232194393238677
0.0065210049945120998
0.0078234092248739909
0.0070267946361323459
0.0094747087866338224
0.010427544326362455
0.011240970310771812
0.011791951496268454
0.011997800976092828
0.011824990279652083
0.01130306559304561
0.010507286347143001
0.0095615839829349923
0.0086069475573751601
0.008982084197569901
0.00703139909573072
0.0066117247017498312
0.0064745026825866791
0.0068461224122474086
0.0075427162923168371
0.0084562994589502654
0.0094470159565025365
0.01036557439614305
0.011073877114214321
0.011463266906832695
0.011476718137940916
0.011108693883937993
0.010418976731060396
0.0095088747166118936
0.0085183110638696099
0.0075951557420492703
0.006880025714743815
0.0064830373504165253
0.0086500089853834092
0.0093754572783320798
0.0093426325218340413
0.0086509521526457311
0.010475378813524028
0.010483323898893802
0.010343794244140503
0.010078047167178774
0.0097269322554595552
0.0093477240684092695
0.0089931818626785322
0.0087186142617400354
0.0085638597874871901
0.010078671734060674
0.0087119074700749716
0.0089070014147359256
0.008737386588959617
0.008788731903695347
0.0088686706920438826
0.0089640217222858847
0.0090601690891606631
0.009143594078726492
0.0092028165149255648
0.0092279682772226489
0.0092170276358811906
0.0091692035017217986
0.0090938754932902485
0.0089997261798390304
0.0089027642782622939
0.0088157323839227128
0.0087516110520410965
0.0087206101001285289
0.012207646572911676
0.010447581376699138
0.010851995023231876
0.0091905449496059513
0.008712273049689365
0.0095818051885408137
0.0087727644390041774
0.0080759794981557897
0.0075987976389186081
0.0074199448167990584
0.0075603054184036145
0.0093903007737715111
0.01053024082504885
0.0088921805731338819
0.0065943523494964634
0.0066869476228948689
0.0064782124514406007
0.0065527718693374672
0.010210450577174738
0.0094743001333632976
0.0086618187484858548
0.0078973905564373916
0.0072981110196104673
0.00695481391105994
0.0069205119158813489
0.0071998747634603889
0.0077508138725494811
0.0084876072239601311
0.0092993359548926447
0.010061598433421873
0.01065773787898488
0.01226924358782127
0.013909542794121687
0.012542559316890337
0.010736630301800321
0.0095216596483031889
0.0077517168520135652
0.006739980457744937
0.005947779674852406
0.0056946371919724013
0.0060195302574015744
0.0068804658699267674
0.0081398723234476292
0.0095530793240122154
0.010613690035552318
0.011021678599717649
0.010722862456594998
0.010343770636766492
0.010394966420957259
0.010281510477260518
0.0079404632649180979
0.0099096456630426242
0.0083122006007923591
0.0068158681943017935
0.0056483184810459403
0.0049877921990618482
0.0049349498101720754
0.0054989014938361842
0.0065935047453365928
0.0080502125029267187
0.0096476911697684232
0.01114262823176858
0.013254416733297598
0.013922222563441819
0.014658970309327576
0.013867058888902993
0.012157094096338876
0.010203059769173635
0.0080636010388271864
0.0060632724961150117
0.0045049627906861818
0.0036264924457045759
0.0035634677141225864
0.0043270773451649031
0.0058004842160442951
0.0077569827052568754
0.0098976100770213331
0.010534999364566951
0.012507285259212931
0.013153218151069788
0.01321625234111869
0.012685748613489825
0.011641815862554946
0.010205427142277767
0.0080658306279583359
0.0060644358013413509
0.0045050065825094892
0.0036260527435584395
0.0035630550003037942
0.0043266694999871133
0.0057992377050845936
0.0077545050519901666
0.0098947742838249014
0.011895042014633187
0.013738958035801429
0.014562211785561352
0.014391195915335829
0.013838673317228042
0.01246578941405869
0.010312056246060295
0.0079561850437510403
0.0057549422410539978
0.0040415555659390574
0.0030782847359189379
0.0030147119374523989
0.0038625306583658916
0.0054902832332315932
0.0076468858601793166
0.01000446163187739
0.012639172833032833
0.014397000348365052
0.015382593145757135
0.015447950091039589
0.014582263996486738
0.012914374617737694
0.010314351316745759
0.0073487382073530094
0.004993717182757834
0.0036757953274547746
0.003196780212479094
0.0036326275241717033
0.0049212639070646599
0.0068616621647817205
0.0091577181843533959
0.011160471855055835
0.012203790787100002
0.013564322147628951
0.014359669978206688
0.013649575256937311
0.01317178674283816
0.012242125097701052
0.010217160075602635
0.0080037156892479276
0.0059372346763917824
0.0043306362947798677
0.003430884750409504
0.0033770411293547425
0.0041793312760402684
0.0057130684189864887
0.0077418796481561114
0.0099565841904341399
0.013800006456507604
0.015512674527481658
0.016686646078836052
0.016744691444574036
0.014900669286072863
0.012825909999361874
0.0096026357054890821
0.0069800884198438704
0.0052323329020988263
0.0033869690868843843
0.0043732034905626365
0.0044657960422991964
0.0063640030053133019
0.0075133300560919786
0.009676253366367734
0.011129652566526581
0.013143924631628409
0.013455098297499144
0.013516176812716546
0.012468018467950412
0.012726980201809915
0.011525018432015541
0.009936194258532996
0.0082011870227712419
0.0065834846454105086
0.0053286309222163736
0.0046298672382221904
0.0045944434200100876
0.0052288056697590204
0.0064344323345169787
0.0080257471697802486
0.0097608187871042456
0.013078789088978906
0.015801632022090409
0.016865498924377095
0.016907382707675122
0.014842508846702799
0.013721268668501966
0.0091879580374490313
0.0087938323208623728
0.0072921385296098066
0.0061271275241609191
0.0054770215258417368
0.0054442981082562687
0.0060366013286295072
0.0071575335158775184
0.0086383916264066302
0.01098066022705731
0.011933487980812724
0.013268978188048799
0.012849568027818956
0.011479576959757848
0.011112431293571336
0.010420223271942345
0.0095089803820196106
0.0085163767881467345
0.0075939290194246365
0.0068819096304657684
0.0064899585998467908
0.0064781344775447528
0.0068480924277110351
0.0075427674426093161
0.0084549937924858973
0.0094468543889750373
0.010367294421935595
0.012953670039133591
0.015041867799958215
0.014358121029429027
0.01163332373540066
0.010198233334854617
0.0095670879888241581
0.0086082170100982569
0.0077872274066422328
0.0072284342582724552
0.0070172125124204499
0.007188234351183596
0.0077163680825479038
0.0085163037045875734
0.0094702499982060404
0.010429002100605522
0.01127244867183747
0.011171730231519137
0.012053598428320125
0.0092199617132258226
0.0091728162806352324
0.0090964113558969512
0.0090019090601260766
0.0089028183243719788
0.0088156220682846752
0.0087538566960328208
0.0087273528485394148
0.0087403794055495414
0.0087896899494338057
0.0088686965336439525
0.0089638288418679157
0.0090619512059884628
0.0091472910707461556
0.0092071807384984626
0.0092322815623477189
0.0088030016958822212
0.0099245887665185446
0.0090770506210988092
0.0087228017169282846
0.008562718350522228
0.0085487524456131503
0.008681307606940929
0.0089404804729258502
0.0092872099867764204
0.0096702696061569757
0.010028048939844832
0.01031030224236509
0.010470970577931024
0.010486595555912918
0.0097692861733134802
0.0097617780359623013
0.0069216974945613225
0.0072013567687054091
0.0077524401994296648
0.0084896522327855429
0.0092998179004916016
0.010061650132368868
0.010659033917840661
0.011001926847478718
0.011037516406958726
0.010758613025354136
0.010210560452083546
0.0094747732444231854
0.0086641959782482857
0.0079009761617326278
0.0073015373816324664
0.0069570005229959361
0.0066627788206257109
0.0082324559835041684
0.0079861889469513541
0.0079989939063900006
0.0086634771134451623
0.0094585034549390969
0.010261818092410814
0.010951071037904828
0.011420750467546504
0.01160024119632533
0.011461363407750324
0.011029091120982031
0.010366996544310359
0.0095759949199314808
0.00842758073121486
0.0074156732717430302
0.0049345506507316242
0.0054979322737902826
0.0065923567606950275
0.0080496052866273447
0.0096461257349886344
0.011141469886011147
0.012306913579835608
0.012967397575404167
0.0130203446465072
0.012456556561675955
0.011367335838405768
0.0099109689534067364
0.0083147326432258476
0.0068183775168856589
0.0056501642375247664
0.0049879952999243539
0.0048353333356451157
0.0058081928227871494
0.0064260606817404253
0.0075054844147847506
0.0088937889394581134
0.010376567126961053
0.011727938288594524
0.012741688103210497
0.013262515616394296
0.013211800014601554
0.012597638915179926
0.011516557872087652
0.010132145154373769
0.0086542104574728225
0.0070363076907776429
0.0055251567891814379
0.0035619292486998842
0.0043229967816317402
0.0057938228290291879
0.0077492462167014636
0.0098890972978649683
0.0118902227832782
0.013446164811071765
0.014324141219318274
0.014387004504161471
0.013625009181925609
0.01215750857947673
0.010206312499221328
0.0080674265926108275
0.0060656026529822809
0.0045059894676275662
0.0036263506735102484
0.0036008477814357415
0.0043881187357672699
0.0057558159568239101
0.0073187362041191029
0.0092184257757836046
0.011162368552741008
0.012854876571666857
0.014038481905077114
0.014531455517043263
0.014258830531456684
0.013263245821392098
0.011698718240708231
0.0098023155925676796
0.0078622549334767151
0.0060821735587691566
0.0041824045638804942
0.0030135545234042552
0.0038579978961852538
0.0054828831183455296
0.007639800773516313
0.0099972336960989609
0.012198963511768563
0.013908221762219038
0.014869058279972765
0.014932013711737991
0.014087024609282517
0.012466565328838729
0.010315286993857064
0.0079595547182806127
0.0057567145584827683
0.0040423215031098539
0.003078323754493976
0.0031460805751925176
0.0036930773869786435
0.0056601256074001157
0.0074676347713445073
0.0095884453573886093
0.011696783028010057
0.01347291904127511
0.014646481036568437
0.015037220453736106
0.014585459314582355
0.013360607443981017
0.011551557215125073
0.0094316389590616816
0.0073243985342140196
0.0057126677876046181
0.0035927541537459176
0.0033747309959329935
0.0041756352378606396
0.005708723500154683
0.0077389094349819294
0.0099544486933749697
0.012020472628425226
0.013622182685802914
0.014518324011272314
0.014571381402277536
0.013771189281810687
0.012244628572679619
0.010220852984438705
0.0080074763506506694
0.0059389039437821069
0.0043301170436123686
0.0034276490337512475
0.0035404239557434336
0.0038289484545305096
0.0061540615878845125
0.0079303961491539732
0.0099483850300378339
0.011899306217838778
0.01348780027867863
0.014472709968202477
0.014701721710160851
0.014140395210822354
0.01287369280220217
0.01109636638621446
0.0090770313934610235
0.0071238398547303515
0.0059853980578339298
0.0038477876946069823
0.0045910441362853206
0.0052260453251308462
0.0064331791316811927
0.0080263833293215646
0.0097615600162676112
0.0113764726152586
0.012626395387638321
0.013321559746585564
0.013357215089006023
0.012724440487131417
0.011525020884972679
0.0099373536109932104
0.008203621103716096
0.006584517814532136
0.0053265838241395268
0.0046232193108456743
0.0047255934265462282
0.0062240192428714295
0.0061196979652548755
0.008635285522780067
0.010242741926512677
0.011738492131737537
0.012896442366059623
0.013541482303083156
0.013572811980189173
0.012986963263627194
0.011871213144125651
0.010397507460838579
0.0087877855034769158
0.0072880419200048981
0.006857266361227363
0.0049089274685145418
0.0064745026887886607
0.0068461224216625743
0.0075427162719645512
0.0084562994666268383
0.0094470159630759103
0.010365574392788587
0.011073877089271569
0.01146326687167205
0.011476718118962387
0.011108693923566875
0.010418976734343869
0.0095088747079069644
0.0085183110462848516
0.0075951558025971599
0.0068800258573554268
0.0064830374467575828
0.006521005084777801
0.0078234092573365964
0.0070267946946900219
0.0094747088256714792
0.010427544446989848
0.011240970294921477
0.011791951431329347
0.011997800906301382
0.011824990196143893
0.011303065439586202
0.010507286299768472
0.0095615840283561748
0.0086069475714723575
0.008982084080743474
0.0070313990546610299
0.0066117247332375065
0.0087373864893882207
0.0087887319155794206
0.0088686707046190232
0.0089640217342201074
0.0090601690971888124
0.0091435940649866494
0.0092028164841381297
0.0092279682344261257
0.0092170276684488076
0.0091692035631520293
0.0090938754813523464
0.0089997261567412168
0.0089027642085547729
0.0088157323456077123
0.0087516111372460733
0.0087206103953990713
0.0086500091434543874
0.0093754573550587812
0.0093426324195964635
0.0086509521938670907
0.010475379011577177
0.010483323876218038
0.010343794174927303
0.010078047006194645
0.0097269321033337779
0.0093477240356828993
0.0089929170544264143
0.0087186142684894923
0.0085638597557820811
0.010078671822408299
0.0087118980218065939
0.0089070014659963902
0.0064782123884553561
0.0065527718886909869
0.010210450591965027
0.009474300151335031
0.0086618187536532196
0.0078973905300289329
0.0072981110060593426
0.0069548139035486324
0.0069205119216394738
0.0071998747777543247
0.0077508138849246028
0.0084876072480140792
0.0092993359470263607
0.010061598363235853
0.010657737776669306
0.01226924378767205
0.012207646679098629
0.010447581390516382
0.010851994995082642
0.0091905449444789674
0.0087122730800645969
0.0095818052688813674
0.0087727644363577838
0.0080759794579746743
0.0075987975917579829
0.0074199447952523383
0.0075603054049215154
0.0093903007748604439
0.010530240909390452
0.0088921806778078736
0.0065943523635638409
0.0066869476490407868
0.010394966421013709
0.010281510489188883
0.0079404632342826211
0.0099096456812415024
0.0083122006109671125
0.0068158681502946275
0.0056483184760606885
0.0049877921979144136
0.0049349498324235781
0.0054989014959451231
0.0065935047579764655
0.0080502125159866919
0.0096476911735621923
0.011142628203969357
0.013254416851140217
0.013922222590937929
0.013909542794309225
0.012542559309685763
0.010736630297192108
0.0095216596140815617
0.0077517168135983385
0.0067399804570275256
0.0059477796440372795
0.0056946371738713598
0.0060195302436390893
0.0068804658659748072
0.0081398723172589858
0.009553079328733928
0.010613690044223677
0.011021678578977847
0.010722862420147219
0.010343770670424137
0.01321625231898598
0.012685748592250273
0.011641815716070241
0.010205427155737872
0.0080658306372686176
0.0060644358048713518
0.0045050065525070425
0.0036260527424911895
0.0035630550006643695
0.0043266695024012265
0.0057992377212712602
0.0077545051010796846
0.0098947743615299642
0.011895041935351906
0.013738958417923984
0.014562211905549431
0.014658970506190411
0.013867058974779358
0.01215709408898437
0.010203059735767281
0.0080636010281407156
0.0060632724975610026
0.0045049628439706594
0.0036264924384852098
0.0035634677070100762
0.00432707733830594
0.0058004842167165239
0.0077569827847389344
0.0098976100800331028
0.010534999337781206
0.012507285331673734
0.013153218132949939
0.015447950079044032
0.014582263996861678
0.012914374658059075
0.010314351333144622
0.0073487382153771914
0.0049937171859099506
0.0036757953268917523
0.0031967802063189998
0.0036326275222883274
0.0049212639062585321
0.0068616622000923942
0.0091577181549934109
0.011160471973936711
0.012203790662879035
0.013564321692961441
0.014359669894056673
0.014391195885090751
0.013838673338227419
0.012465789486617898
0.010312056266268226
0.0079561850657462116
0.0057549422378383132
0.0040415555551438862
0.0030782847269495016
0.0030147119285180079
0.0038625306462178508
0.0054902832257340464
0.0076472280614791029
0.010004461594195624
0.012639172819931918
0.014397000357090342
0.01538259319675748
0.01674469144022106
0.01370858726526674
0.012825909993963628
0.0096026357247527335
0.0069800884289023084
0.0052323329068578337
0.003386969083475775
0.0043732034778781121
0.0044657960169133901
0.0063640029908522584
0.0075133301907649979
0.0096762533644698546
0.011129652655342328
0.013143924550285737
0.013455098210965417
0.013518049794973501
0.013649575185963516
0.013171786681765697
0.012242125021922366
0.010217160045095536
0.0080037157226707459
0.0059372346614605829
0.0043306362844868556
0.0034308847384053581
0.0033770411238075978
0.0041793312568329513
0.005713068401519421
0.0077418796432377774
0.0099565841975775178
0.013800006488271101
0.01551267453256285
0.016686646078204342
0.016907382687846702
0.014523126835017055
0.013721268717658313
0.0091879580412036633
0.0087938323326409284
0.0072921385441020057
0.0061271275470635494
0.0054770215151153977
0.0054442980679490719
0.0060366013099655514
0.0071575336528644975
0.0086383914879559712
0.010980660343217187
0.011933487977449862
0.013268978177219101
0.012849568059932343
0.012468018440829096
0.012726980203153838
0.011525018384188179
0.0099361941937678652
0.0082011869604148024
0.0065834846130937317
0.0053286309058116601
0.0046298672256834261
0.004594443415758224
0.0052288056899300961
0.0064344323330637384
0.0080257471838565443
0.0097608187325445035
0.01307878909737605
0.015801632018460625
0.016865498898887339
0.014358121132174242
0.011633323936986144
0.010198233342444919
0.0095670879859528508
0.0086082170546551793
0.0077872274200383017
0.0072284342911565422
0.0070172125785421466
0.0071882342959239728
0.0077163680635969432
0.0085163037598846199
0.0094702499763248873
0.010429002256456854
0.011272448639965222
0.011171730134390125
0.012053598283464407
0.011479576924979843
0.011112431207607937
0.01042022315218739
0.009508980273634211
0.0085163767027969899
0.0075939289876281223
0.0068819096061457398
0.0064899585915700365
0.0064781344762912235
0.0068480924258723245
0.0075427674416293162
0.0084549937920497201
0.0094468543921253194
0.010367294435142369
0.012953670086174858
0.015041867811544126
0.0088030016833105969
0.0099245887611075882
0.0090770506251092852
0.0087228017056874916
0.0085627183551702946
0.0085487524941112829
0.0086813076205684552
0.0089404804730319563
0.0092872099229547918
0.0096702695489594547
0.010028049003293207
0.010310302386514649
0.010470970621610461
0.010486595649318963
0.0097692862594755108
0.0097617780657688284
0.0092199616914646169
0.0091728162189754492
0.0090964112376583604
0.0090019089444172591
0.0089028182639529791
0.0088156220442531033
0.0087538566813703048
0.0087273528458164593
0.0087403794048197241
0.0087896899400487054
0.008868696527138481
0.0089638288213676094
0.0090619511936329954
0.0091472910640006816
0.0092071807242545683
0.0092322815429719263
0.0066627788194399424
0.008232455979716214
0.0079861889501545106
0.0079989938979823649
0.0086634771133141664
0.0094585033420785305
0.010261818083452863
0.010951071003238923
0.011420750423778783
0.011600241211396394
0.011461363437984547
0.011029091182841434
0.010366996771019142
0.0095759949040018898
0.0084275807604470409
0.00741567323488042
0.0069216974726169925
0.007201356673571073
0.0077524400696283744
0.0084896521226966084
0.0092998178720860806
0.010061650138753398
0.010659033915062576
0.011001926846867039
0.011037516408771592
0.01075861301452736
0.010210560482231703
0.0094747732329674116
0.0086641959667536177
0.0079009761582984079
0.0073015373975039623
0.0069570005408552526
0.004835333338805519
0.0058081928274728066
0.0064260606842708604
0.0075054844099282933
0.0088937889438661585
0.010376567333329454
0.011727938284570414
0.012741688090798134
0.013262515600234059
0.013211799785958548
0.012597638947274972
0.011516557943026117
0.010132145154517628
0.0086542105130318209
0.0070363077218187709
0.0055251567859759317
0.0049345506724923415
0.0054979323186986956
0.0065923567804732491
0.0080495662071904291
0.0096461257325587517
0.011141469905547102
0.012306913588767092
0.012967397579063566
0.01302034464753216
0.012456556589436575
0.011365327930046258
0.0099109689527314953
0.0083147326366451307
0.0068183775241264649
0.005650164254501806
0.0049879953005899985
0.0036008477825382325
0.0043881187390019255
0.005755815956724664
0.0073187362030805404
0.0092184258478214594
0.011162368570644074
0.012854876575131137
0.014038481904060148
0.01453145551944859
0.014258830517342376
0.013263245831019323
0.011698718256073194
0.0098023156322144863
0.0078622549140393589
0.0060821735701484568
0.0041824045475016966
0.0035619292698978126
0.0043229968257235902
0.0057938228828124131
0.0077492462337727455
0.0098890973036749596
0.011890222805256192
0.013446164835869736
0.014324141163866485
0.014387004604883982
0.01362500918237026
0.01215750858332508
0.010206312497317991
0.0080674265523604915
0.0060656401769352448
0.0045059894537071528
0.0036263506669649563
0.0074413361720713032
0.0083670943799359632
0.0099934082853209774
0.010333739217319721
0.010867483090008496
0.0098027372533221677
0.010125391217086588
0.011664444334136648
0.01327312081006179
0.014705485198876055
0.015733596672694222
0.014729487581853466
0.012110429961107581
0.011485199060855177
0.010873835802513512
0.012532942538234663
0.0072603990192967247
0.0075332618087159044
0.008199521654839002
0.0091599720436271043
0.010264820916174441
0.011348300842503243
0.012240741578558664
0.01281010414889126
0.012966006520912159
0.012685471038131889
0.012013849787752419
0.01105451267748902
0.0099526207544970678
0.0088757338887465054
0.0079870343496244792
0.0074202062425574641
0.0070581322108191165
0.0077177132210598338
0.01016930676562996
0.010877180145974085
0.011693003045661943
0.010462315119084334
0.010809670100777205
0.012406201220405467
0.013961925190417467
0.015238209311195822
0.01512696208677319
0.014582203816009463
0.011297250809948867
0.010510216910414037
0.011097538414219118
0.0098662808700719137
0.0067889319421889664
0.0071472063451037413
0.0079581363244267695
0.009098385181046633
0.010390921246626855
0.011640921759387553
0.012656442351563754
0.013285510217795086
0.01343103486803348
0.013069446641685691
0.012260184193149191
0.011125187614034419
0.0098365664201472292
0.0085881930055984757
0.0075700148730205967
0.00693717891570334
0.0071518060167711497
0.007439756060509531
0.010553667210163346
0.011519425170317283
0.012489533251985516
0.013311514296199803
0.01213041180766153
0.013096919626570485
0.01436096155671855
0.015288691624893609
0.014636492120380092
0.011489091625465643
0.010512528751257308
0.0096880926420974591
0.010857258711233745
0.0093267861575853928
0.0068235020592729576
0.0072136170942045169
0.0080456087404983875
0.0091901851886909518
0.010470603644546165
0.011694660769557233
0.012677507773565116
0.013270114181957797
0.013384102460348078
0.012998190514365533
0.012176102096848442
0.011039647768844094
0.0097617779549849099
0.0085329886359884061
0.0075401046774605223
0.0069363731169403984
0.011725857194173473
0.011686713233948707
0.012975479056709007
0.012161950434782898
0.013138493012921731
0.013867225089350177
0.014238038504109787
0.014193969703867465
0.013738894442799625
0.012947269640033678
0.011933601781473116
0.010854512007684032
0.0098734208274952016
0.0061784230501705523
0.0047932808981640523
0.0050330348556006377
0.002454345174057172
0.0032310714994447857
0.0047245314742224865
0.0094169184240668526
0.010489688819471309
0.01150308700402386
0.012305666607714472
0.012773999234894636
0.012839917776533332
0.012489211054923422
0.01177868396704977
0.010813183436029937
0.0097403558715925421
0.010764755074037133
0.011453471822804295
0.011346382926509342
0.013067527823776248
0.013332315845348389
0.010705638939247726
0.012983612509960125
0.013543578576406857
0.014070448693814993
0.014207110653067406
0.013934229292240202
0.013291213663706444
0.012382465480534668
0.011338491003784066
0.010320324860768414
0.0082837539258759259
0.0096628823653626197
0.0068620515768080155
0.0041872039442746398
0.0032105271206968339
0.0045089355399085193
0.0066434120187219906
0.0069195145458120586
0.010449077617981545
0.011100781287295218
0.011603643800496896
0.011878707670493155
0.011886177430303438
0.011622402391479547
0.011130044788262402
0.010481200812102883
0.011589828044502433
0.012079025571483139
0.012775459887827929
0.013035893490854248
0.013107630589505643
0.013382960477848666
0.010801684468792679
0.012462257299242416
0.013646746287857508
0.013894297390372111
0.013778452670940262
0.013320671539211508
0.012586009391325577
0.011696598366306137
0.010778743601249802
0.0099729926507686646
0.012385679054485826
0.0091482626632816404
0.0070019259135274473
0.007485934810349989
0.0072533520608714878
0.0053729409775883233
0.0070010908778969433
0.0099210233070481848
0.0083933255127007361
0.010550398832444621
0.010677916193460162
0.01071854424367674
0.010666379701900959
0.01052872452284616
0.010328292377900648
0.01124655463647314
0.011352973493544805
0.012202100060479259
0.012857994661040347
0.013218820768889557
0.013153236464290998
0.012387250055152862
0.011791150955121205
0.010057146007015159
0.010154641439834782
0.010397825316651389
0.011167628903430838
0.012453971018935533
0.011737325069182224
0.011001589649772775
0.012437585795476653
0.010170289643513969
0.012006652105275366
0.011482116264065298
0.009805037757589518
0.009352346876773783
0.0091058725492099337
0.0094395294708741976
0.010021775839927737
0.010558704818687396
0.010674949020845925
0.0099342824275124395
0.0096658153941631894
0.0094647083790350781
0.0093605293492976301
0.0093699858536424128
0.0094928609742777354
0.010474723470068446
0.011162135916337483
0.011990020514409054
0.012659456876728852
0.01306404161043156
0.012721304696711115
0.012591182473382156
0.012202804131048066
0.011625549401184593
0.011385023399247726
0.0086077658344429712
0.0087039762712177657
0.0090618543000932153
0.0096692257692806028
0.010444787871846703
0.011264415308046451
0.012913131243498807
0.010571790772539251
0.010905864778487229
0.011021267402836495
0.011144534307546384
0.01125925824642875
0.011345608886607728
0.011386910990763551
0.011267941698374025
0.011510829077943013
0.0093448239423241878
0.0087198563685752864
0.0083060875936808096
0.0081658336890238995
0.0083218464280303585
0.0087505434088768971
0.01007913632813239
0.010935681391880326
0.011615229266108891
0.012195502701812426
0.012581553590688249
0.012014225798902765
0.012018246271314294
0.011853544736102038
0.011557049788935158
0.0094416391117916575
0.0088698234389836747
0.007983101301771418
0.0074190126331766517
0.0072638092011722997
0.0075433061000946527
0.0082145211121383201
0.010125702774980049
0.011128603524846601
0.011953033965808345
0.012703807313651744
0.013203906284883687
0.013383027471598944
0.013211045401083667
0.011532886477768102
0.010205515770805114
0.0093996555334925277
0.0079377164802472908
0.0077940613593750919
0.0080955670630444305
0.0087948933305726958
0.0097949410313391255
0.010937387482968394
0.01258829469347726
0.013265721366431518
0.013199685582481283
0.012723710574733546
0.011844830956928811
0.011143740262638788
0.011283730152518665
0.01136946623333948
0.011401453133921388
0.009827662792022308
0.0085837592114772418
0.0075697995173211905
0.0069414021562955192
0.0067950808080784655
0.0071559726802075492
0.0079678110883375421
0.010473127153746936
0.011677891712312729
0.012871572646251559
0.014139601071810072
0.014938590780887238
0.014197421499904656
0.013611102878067504
0.012228743340992292
0.010218490626247932
0.0088562531395768793
0.0084848104064484918
0.0099225105202731673
0.0095244495795819735
0.0094276746403303205
0.0096643303258839471
0.010182652237768765
0.0107223121503284
0.012755982837567591
0.012368806428085181
0.012072218179318167
0.011759614250292597
0.010240190752237971
0.01049736911114461
0.010822534156974076
0.011103141221198803
0.0097553431610865656
0.0085307289409029992
0.007544802789600148
0.0069491055488427487
0.006835117813405814
0.0072221799491622267
0.0080497853446254361
0.010768677475678796
0.012124580074799454
0.014976176245360894
0.015107564500373762
0.016082231569116368
0.015176617486734562
0.015230490069796669
0.014567715768743033
0.012366225927764072
0.013387832163225213
0.012660578523932311
0.0091456572028190391
0.0089470310354521181
0.0091391018927009654
0.0097010845659726702
0.010537078083116505
0.0098949217546633866
0.01024129926810146
0.010837459054090271
0.010551818325504267
0.010970560257501479
0.0094476432395239479
0.0097835291457072111
0.01066534813680306
0.010612588878175519
0.0097367154354621871
0.0087179689430324364
0.0079107822659380614
0.0074392590209981825
0.0073752204275296558
0.007729028552328045
0.0084457581191268293
0.011484719189957282
0.013585998062187065
0.015400696821648267
0.017120496901347489
0.018205233224915057
0.01759107722772291
0.018359703021836961
0.015212214515096757
0.016123244048431198
0.013920695065639302
0.0091339679532357835
0.008749157687703275
0.0087826206078460804
0.0092318608947986307
0.010032325455191693
0.011053682916973107
0.012146203256192666
0.011513439672893734
0.010550153825596291
0.011139180717783071
0.010267393505594318
0.0096354807979226534
0.0096313592673017076
0.010500249675874613
0.010485493051732967
0.0097759588108503898
0.0091182981432118403
0.0086124356398792172
0.0083361036282631629
0.0083312782058713574
0.0085978424689259567
0.0090948342748757797
0.0097456244658354549
0.012837218665775637
0.015174267960780446
0.01743661225033492
0.018675774129132364
0.018635989859261619
0.016915880724008583
0.017790971349348806
0.015110318712864154
0.0094792080023267822
0.008935927293938991
0.0087840197130087221
0.0090449944333111341
0.0096799155601175902
0.010595359876246347
0.011645041468833918
0.012676089152639704
0.013531438065625612
0.012605779289657618
0.012392103798658564
0.011034434873706032
0.010666522409894517
0.010530462599339036
0.010331449265591579
0.010098090492226219
0.0098649029884764344
0.009670208529132255
0.0095432814992944207
0.009504532130310283
0.0095591576074744479
0.0096972671518940363
0.0098989703003167107
0.010132896554449182
0.010364738130825158
0.010558618519001856
0.013533701912772355
0.016174868040977227
0.016090400874386013
0.014853578435174418
0.014103252996935559
0.0099742653180001761
0.0093910117140159378
0.0091341934821864441
0.0092394127649749313
0.010129644875582886
0.01060885302986826
0.011061028824631253
0.01221674175585194
0.013028275176133731
0.013611688832729762
0.013877523275851027
0.01329899926362367
0.013232073690536887
0.0093573558135362483
0.009365267986659263
0.0094885714614607319
0.0097078040517495981
0.0099871090582798732
0.010286940512017445
0.010559524458106177
0.010765744944635794
0.010871534519560504
0.01086046953695234
0.010736206306651657
0.010517884797342392
0.010239065985431004
0.009941971905195135
0.0096710972372929891
0.0094654321919496083
0.0093314719964302743
0.01034026351908757
0.010336506031079766
0.0098480095732251631
0.0096247867899194438
0.0099496508520561158
0.0095900859578164563
0.0104835627581181
0.011495136816160323
0.012602921875158253
0.012947928308479045
0.013145601954872585
0.013367992822642779
0.013312242150478271
0.012987389086378962
0.013841176429835129
0.0081623014725440424
0.0083124258855162298
0.0087377228929109586
0.0093749109299573925
0.010123646968290302
0.010872762197385338
0.01150383735150615
0.011924375398828298
0.012066187852832035
0.011908830065988692
0.011478141001826665
0.010841094017121288
0.010094132137879326
0.0093513764540857271
0.0087249141654997132
0.0083078231963194422
0.0082393340581806435
0.0092872844760028932
0.010052394878151709
0.0099730976102518389
0.010142384384492206
0.00932679866485513
0.0097425817609419416
0.010988108061012199
0.01240582502760124
0.01377938529379086
0.014889965937927737
0.014486619318593755
0.01283771092231095
0.012469581277088117
0.012154654697914385
0.015156432900194479
0.0072603989758241285
0.00753326177463915
0.0081995216562265501
0.0091599720910371073
0.010264820936600605
0.011348300841925498
0.012240741606613897
0.012810104153798681
0.012966006523586092
0.012685471039695601
0.012013849787627085
0.011054512656296386
0.0099526207437953505
0.0088757338549671737
0.0079870343017235373
0.0074202061974759431
0.0074413361091802983
0.0083670943236164898
0.0099934082725840253
0.010333739200457661
0.010867483068272081
0.0098027372324859894
0.010125391248173294
0.0116644443403989
0.013273120698994938
0.014705485271778245
0.01573359657746114
0.014729487419739772
0.012110429876268333
0.011485199049270997
0.010873835862621677
0.012532942674223528
0.0067889319290643573
0.0071472063365018261
0.0079581363408972525
0.0090983888464802459
0.010390921280329956
0.011640921771373717
0.012656442352867616
0.013285510234221606
0.013431034890626917
0.013069446653923631
0.012260184205266837
0.011125187645873242
0.0098365664707700234
0.0085881930696688306
0.0075700149235574023
0.0069371789161080527
0.0070581321657687398
0.0077177131895141329
0.010169306899565512
0.010877180234868404
0.011693003031414153
0.010462315085759949
0.010809670062758389
0.012406201174741645
0.013961925163338091
0.015238208923078429
0.015126962569088841
0.014582203686536625
0.011297250759784079
0.010510301406661917
0.011097538410180473
0.0098662811290102341
0.0068235020332611303
0.0072136171194357142
0.0080456087673952317
0.0091895469118413193
0.010470603658389239
0.011694660772434385
0.012677507741681632
0.013270114172581204
0.013384102450930472
0.012998190498902584
0.012176102060004367
0.011039647723079112
0.0097617779144070545
0.0085329884662280805
0.0075401041594880648
0.0069363723561094532
0.0071518054428974485
0.0074397559700868799
0.010553667095613171
0.01151942514914716
0.012489533237838633
0.013311514297306268
0.012130411790085434
0.013096919599333947
0.014360961465827852
0.015288691382790365
0.014648437192279588
0.011553762729157268
0.010512528754917963
0.0096880924465073456
0.010857258531440935
0.0093267865466188943
0.0024543451784614506
0.0032310715669062679
0.0047245315085990957
0.0094169184355383639
0.010489688824601644
0.011503086993408062
0.012305666586457096
0.01277399921860207
0.012839917760105367
0.012489211065121575
0.011778683910878177
0.010813183381136954
0.0097403558360355125
0.010764755170363748
0.01145347198329571
0.011346383585786353
0.011725857340338292
0.011686713900500903
0.012975479196178344
0.012161950488327527
0.013138493025654023
0.013867225088180939
0.014238038412020617
0.014193969620697982
0.013738894392029972
0.012947269358650237
0.011933601615928931
0.010854511992507778
0.0098734208643316435
0.0061784229867922992
0.0047932809042428052
0.0050330351424037632
0.0032105271216167036
0.0045089355745981706
0.0066434120612048784
0.0069195145692188612
0.010449077625505825
0.011100781279450673
0.01160364378238405
0.011878707649813303
0.011886177410757729
0.011622402388488055
0.011130044779030726
0.010481200741681563
0.011589828011362872
0.012079025799565764
0.012775460508422419
0.013035891388002718
0.013067528044524039
0.013332316113484871
0.010705638937460125
0.012983612562655658
0.013543578591170245
0.014070448683097857
0.014207110523341565
0.013934229165475587
0.01329121357675931
0.012382465434638411
0.011338491008430587
0.01032032471816725
0.0082837537800726085
0.0096628821644079155
0.0068620516317916625
0.0041872040439891395
0.0072533520737033995
0.0053729410011434334
0.0070010909270965321
0.0099210233325938285
0.0083933255212661831
0.010550398826947267
0.01067791618815416
0.010718544244568161
0.010666379708267171
0.010528724543424831
0.010328292419567162
0.011246554585580586
0.011352973240309762
0.012202099751037129
0.012857995060619869
0.013218822296729542
0.013107631393899803
0.01338296013912418
0.010801684464307583
0.012462257159946087
0.013646746480734336
0.013894297310857737
0.01377845251418669
0.013320671451381369
0.0125860092741317
0.011696598327199303
0.010778743556773846
0.0099729925804201945
0.012385678997082013
0.0091482626235968294
0.0070019259906172315
0.0074859348185246652
0.0091058725546957625
0.0094395294915201617
0.010021776029005468
0.010558226118804007
0.010674949048853773
0.0099342824346250209
0.0096658154015143924
0.0094647083894245695
0.0093605293634927179
0.0093699858731126021
0.0094928610071948506
0.010474687242480777
0.011162136085398778
0.011990020578442827
0.012659457163930819
0.013064042154572268
0.013153236521477391
0.012387249956066616
0.01179115097648805
0.010057145894968056
0.010154641281240738
0.010397825163871523
0.011167628775211323
0.012453971027124771
0.011737325002960446
0.011001589632365699
0.01243758576559412
0.010170289471936694
0.012006652033703404
0.011482116245737313
0.0098050377984700687
0.0093523467974818454
0.011259258237737851
0.011345608888989916
0.011386911008239506
0.011267941721077455
0.011510829110845741
0.0093448241676548464
0.0087198563706504043
0.0083060875925778915
0.0081658336980881437
0.0083218464471119837
0.0087505434565917015
0.010079136578031599
0.010935681670032544
0.011615229414679582
0.012195502799413487
0.01258155351844757
0.012721304860043588
0.012591182636775956
0.012202804142106057
0.011625549424922596
0.011385023272906757
0.0086077656928725873
0.0087039763054023774
0.0090618543301247551
0.0096692257614418575
0.01044478779136628
0.011264415273944893
0.012913131254056095
0.010571790800931997
0.010905864787078659
0.011021267407599596
0.011144534297120834
0.013383027467034016
0.01321104540471651
0.011532886488914958
0.010205515541274206
0.0093996555394694099
0.0079377164832595288
0.0077943888704608503
0.0080955670569144104
0.008794893322310076
0.0097949410765781082
0.010937387432271592
0.012588294444168554
0.01326572166089573
0.013199685613826484
0.012723710475946953
0.011844830922675711
0.012014225886520557
0.012018246334617084
0.01185354477768938
0.011557049832030913
0.0094416390502699045
0.008869823323174408
0.0079831012465478111
0.0074190126183199673
0.0072638092065196455
0.0075433060943603907
0.0082145374899406758
0.010125702912235805
0.01112860356273414
0.011953033972019059
0.012703807656259836
0.013203905863328208
0.014197184076269329
0.013611102873403502
0.012228743342853322
0.01021849063329607
0.0088562531352547585
0.0084848103697400881
0.009922510508248673
0.0095244496144035861
0.0094276745852091559
0.0096643302463972763
0.010182652636108038
0.010722311888991056
0.012755982964190333
0.012368806428238587
0.012072217933117933
0.011759614312349502
0.011143740153607227
0.011283730098165634
0.011369466194348537
0.011401453169807238
0.0098276627707002649
0.0085837591396400181
0.0075697994698611607
0.0069414021200368721
0.0067950807954819045
0.0071559726830133386
0.0079678110781099421
0.010473127142986911
0.011677891749606109
0.012871572702415405
0.014139601105646658
0.014938591019066003
0.015176617478163611
0.015230490034274766
0.014567715786186803
0.012366225950619137
0.013387832153941282
0.012660578551438815
0.0091456572311262863
0.0089470310734438719
0.0091391018344921197
0.009701084581432819
0.010537078379342703
0.0098949213596008188
0.01024129941068188
0.01083745934095532
0.010551818581503308
0.010970560493106057
0.010240190768086172
0.010497369097986545
0.010822534120235297
0.01110314119167808
0.0097553431062793947
0.0085307288635167334
0.0075448027336536341
0.0069491055155486495
0.0068351177949516392
0.0072221799371566565
0.008049785347645581
0.010768700093744848
0.01212458009115683
0.014976176281831927
0.015107564515794562
0.016082231553417547
0.017591077162558991
0.018359702993415165
0.015212214549051164
0.016123243884961815
0.013920695034945106
0.0091339679612412877
0.0087491577042242991
0.008782620497073363
0.009479529420238185
0.010165539380982117
0.011053682945010466
0.012146202990972613
0.011513439948253584
0.010550153861987642
0.011140236500794938
0.010267393376612812
0.0094476432093689704
0.0097835291517383866
0.010665348186415353
0.010612588819333761
0.0097367153321389899
0.0087179688723927496
0.0079107822268713098
0.0074392590038967442
0.0073752204150838259
0.0077290285380558722
0.0084457581304751648
0.011484719205269361
0.013585998077642701
0.015400696826863229
0.01712049681917626
0.018205233176995801
0.018635989746500166
0.016915880692561891
0.017790971305132578
0.015110318752272596
0.009479208030607332
0.0089359273017184521
0.0087840197106458569
0.0090449944726239823
0.0096799153452981554
0.010595359732034593
0.01164504205948967
0.012676089221605642
0.013531438182267862
0.012605779522259783
0.012392103978751986
0.011034434944670582
0.0096354808268134199
0.0096313593305215814
0.010500249733001305
0.010485492971551219
0.0097759586996682551
0.0091182980714317463
0.0086124356489033146
0.0083361036118209265
0.0083312781778691475
0.00859784250497974
0.009094834255548849
0.0097456244382719461
0.01283721859139407
0.015174267843856991
0.017436611959118029
0.018675774042444943
0.016090400645729998
0.014853578272972689
0.014103252938059731
0.0099742653112888206
0.009391011725302649
0.0091341934958213827
0.0092394127428970345
0.010129644839382026
0.010608853299394608
0.011061028806324043
0.012216741801114886
0.013028275286173164
0.013611688899808504
0.013877523329804265
0.013298999342080302
0.013232073666057465
0.010666522617990495
0.010530462735537224
0.01033144918096016
0.010098090381876097
0.0098649029367278204
0.009670208499933601
0.0095432814598933081
0.0095045321255588927
0.0095591576045447896
0.0096972671239716098
0.0098989702520887266
0.010132896554377328
0.010364738239589028
0.010558618427456441
0.013533715106155439
0.016174867918911349
0.0093314720506879299
0.010340263578272755
0.010336506031159641
0.0098480095730044074
0.0096247868069373969
0.0099496508613527799
0.0095900859566836125
0.01048356261939028
0.01149513686569887
0.01260292183776901
0.012947928229481867
0.013145602025385113
0.013367992986489769
0.013312242324011936
0.012987389172771667
0.013841176603666686
0.0093573559534486251
0.0093652681177159441
0.0094885714560421896
0.0097078039983690394
0.009987109058579708
0.010286940513676233
0.010559524439335452
0.010765744941608313
0.010871534518662797
0.010860469544965329
0.010736206298724921
0.010517884803106047
0.010239066038802039
0.0099419719686903649
0.009671097372533393
0.0094654321696079451
0.0082393340782527108
0.0092872845134722836
0.010052394866912591
0.0099730976217856197
0.010142384410063644
0.0093267982358881413
0.0097425817422034915
0.010988108058885391
0.012405825119688007
0.013779385276659664
0.014889965783767049
0.014486619392177795
0.012837711002024738
0.01246958123581828
0.011963649789157378
0.013242222222287468
0.0081623016181415365
0.0083124259682153395
0.0087377229183498856
0.0093749109003764593
0.010123646958179107
0.010872762229628172
0.011503837301662668
0.011924375391218047
0.012066187865916711
0.011908830061374252
0.011478140997052086
0.010841094018751002
0.010094132163703714
0.0093513764553486579
0.008724914153724065
0.0083078231991351378
0.012049884860994665
0.015343464258262903
0.015857003083922183
0.011189571926067968
0.0099751510009099525
0.0095488034056849299
0.011150555466805153
0.010406678496864654
0.010321122267164178
0.010918509134262429
0.012097976600582183
0.016466452703249465
0.019302342009776034
0.016649956206251652
0.017633300624418931
0.021987332322191869
0.012832210468574797
0.012393094808650622
0.011828951445339788
0.01122836676075047
0.010678417962971967
0.010266367655257083
0.010049123689788523
0.010062211442901025
0.010299833821454264
0.010728046572853386
0.011282497096054047
0.011882391327845937
0.012435471663770689
0.012858333646479817
0.013084510062469051
0.013076413681576601
0.01090617449639434
0.01374708632900969
0.015691920469971414
0.014471061706846438
0.010663920428899794
0.010182969941781946
0.012369721477883368
0.011994446892706834
0.012039878662420711
0.012509911883461162
0.013323316642589586
0.017151636528479654
0.018698485224050924
0.014872714922674345
0.015632853639420345
0.020148825580817639
0.01151427803727435
0.011280958436869012
0.011091443955453308
0.010975943482314133
0.010948947611809047
0.011017258793962204
0.011166752265339371
0.011377501271418278
0.011615521919629156
0.011844679509296439
0.012032103503550117
0.012150609427789475
0.01218120043871585
0.012118268245052275
0.011969892727877096
0.01175753638935294
0.016237631375739987
0.01767425053013235
0.018467429981062759
0.015431266559903154
0.01205187613708987
0.011093288051629216
0.011677723806893166
0.014002050500933607
0.014166541851283406
0.014438779228091397
0.016890563595741991
0.018786928605698024
0.017695983349134005
0.0096114640625068089
0.0090658199783774807
0.011296420830948499
0.0051480335447165546
0.0055997165241764481
0.0066144557895611474
0.010811727599420822
0.011308546522845337
0.01184307513908698
0.012334649182896324
0.01271021407636851
0.012913058635750705
0.012909858386261476
0.012703834859693671
0.012325459209246213
0.01183162082821374
0.015534939227933548
0.015991460153754147
0.016127059257340579
0.015519593467698574
0.014834994181781731
0.015365229082274289
0.0165529756260656
0.013449270576565406
0.013407462464040025
0.014494822625499575
0.015685400899536715
0.016805122200921611
0.017692376403875203
0.01819126931442077
0.016982918438635336
0.010294807280065739
0.013692514309942564
0.011322148281354994
0.012164125154167617
0.0053777279621312702
0.0061102866222659865
0.0078077526329783532
0.0078121514358147522
0.010033640422670935
0.012617900996397848
0.013379929777198991
0.01386605231314654
0.0140034564790285
0.013768837473768489
0.013200417331670843
0.013963047869770942
0.014313779399889485
0.014778216671998931
0.01531916610098933
0.015506329132933353
0.016388732897853014
0.015256108555629706
0.014370572640939336
0.013912649967578751
0.016679677439053298
0.018230571417469796
0.016020744671950925
0.018333486736751045
0.0188609226243012
0.018769041842280329
0.017577214194770773
0.012969577546583157
0.015856559578276409
0.013670821220030388
0.01099439282826126
0.0091831754944044653
0.0068943271330895043
0.0075871858428187226
0.0091684779625244659
0.01020020915847931
0.011621721469311985
0.013232937322348202
0.014152572575076754
0.014677704332675812
0.014729225615676451
0.014298211718469839
0.013452253005934313
0.014007288246799822
0.013433732238133045
0.01377525307566578
0.014666918554913824
0.016286730878833498
0.014587989295407382
0.014097254159474246
0.012352412148381117
0.014130742168595613
0.014915216103364505
0.018950547391397763
0.019642132704000431
0.019494353579271647
0.018521227792060269
0.016884535584978284
0.014822517976785845
0.019357746823460642
0.015576719010032047
0.012422543331906819
0.0097839160554014041
0.0071651642535279633
0.0063692790848624958
0.0072704622658155849
0.009101742797189092
0.011592005239214094
0.014132824720655078
0.011884603256894976
0.014534795591040629
0.015020246084425419
0.014978869223945059
0.014417277358181558
0.014968780673961603
0.013073474475521018
0.01285543334992722
0.014125022247174429
0.013822132294383893
0.01477746290847253
0.012009392496469824
0.011820830731468605
0.011004917638744838
0.010934088553666496
0.013238540337370078
0.01896191679052453
0.019888821582137842
0.0199441502554558
0.019105328371188047
0.017526175186236448
0.0154265812927003
0.018258105213516305
0.014896518332340215
0.011717661427672462
0.0092216143782403986
0.0092042246022426919
0.0066513724250409452
0.007629662129033943
0.0096954395878862207
0.012062534922508309
0.014652398102036121
0.015100909930281813
0.014465527787076868
0.014836817319172808
0.014708488555946872
0.014101594756914079
0.01425856657933209
0.013116794861404999
0.012309511151097168
0.012857114719664494
0.012434231789679933
0.01226244522979416
0.010224495267531558
0.011030808717859438
0.012296020069236149
0.011978152298251611
0.01278170965992205
0.013314683571380548
0.017003745993318654
0.01847432133635268
0.019261696339077403
0.019282846806717158
0.016768888440166045
0.018434304208537915
0.015890425359443912
0.0099300769319976348
0.0098824336423775951
0.011473248842366975
0.010486147698058331
0.0097918399746529505
0.010849843514882629
0.012735585348052268
0.014742667614651839
0.015092739625377922
0.013952717203578231
0.014152887199461877
0.013957367106926553
0.013397911137070879
0.013973417244180341
0.01314185422524238
0.011865771956449531
0.011402318974578173
0.010885219663469128
0.010012389868877342
0.0086521399751953981
0.0097539257427878071
0.011269912500669775
0.012855249453897721
0.014411702988198395
0.01284796496511488
0.013075332236981162
0.013072835387700732
0.012839188576473268
0.01241232650613832
0.013590054632277094
0.013230367140264895
0.012105062934781547
0.011498636104656876
0.010451631631220454
0.010091508367926862
0.010318989694710025
0.011097037177113592
0.010933255606697034
0.011385241929456898
0.012898127604002205
0.013970370492795613
0.013145958229467233
0.016139486445439447
0.017306619153658623
0.017870373203810956
0.017448051466665459
0.017065468072859413
0.015128443494873731
0.012930223298854101
0.0102969574613883
0.0083816714075595801
0.0079132724465040306
0.0091461603078308133
0.0099110014745290229
0.012874049426983699
0.014482645106845275
0.012111120911692778
0.011967763105014769
0.011762508192557475
0.01152598835012573
0.011296923983194292
0.013032468604007613
0.012471448486421916
0.012395307836125862
0.012486029221603667
0.011290230596682707
0.010750865641654204
0.010701406722277347
0.01079850539724166
0.011201691111770773
0.01142285659018958
0.013314999845492028
0.013294882119564345
0.015702837145883851
0.016188215608246088
0.016350200962595301
0.01619135962652897
0.01641597582127283
0.014745436754693428
0.012307524193969093
0.011638848340133729
0.0095213074535775363
0.0084126994586170237
0.0078776189333681704
0.0091139809320244167
0.0099848453859696564
0.012914946074876737
0.014337688944117952
0.011291160644402493
0.010799520016612652
0.01042364360281413
0.010221200901188903
0.010225437218470483
0.012420611465713457
0.012792212806350237
0.012835518566108817
0.013910338906597517
0.014100774718903482
0.014239256110264898
0.014000907797672336
0.014893064878560383
0.013985907332595747
0.017860833118196685
0.018746130410988139
0.017483400725394536
0.013395494406813644
0.013888867293167073
0.01440969973629478
0.014893791001073379
0.013356426106177221
0.014237261205390053
0.012288571561688322
0.010850608860772964
0.010296781391255784
0.0092229278545349
0.0093070330750884417
0.011178387772924486
0.011995589653610661
0.012981028871050338
0.011062954610411402
0.010512621813086629
0.0097483478918576685
0.0092607978724125253
0.0091241337738274531
0.0093605778037404753
0.012575652229432466
0.011185264581766068
0.013366764544376018
0.015261222416564132
0.016864625364745665
0.017931263925265818
0.016945219143343931
0.016376637713638793
0.019753874978145736
0.018570348711260089
0.017487912066338675
0.015125717501208575
0.011230053154887695
0.011663356588134768
0.012462542691019485
0.013802132296580394
0.014891280362000639
0.012922275037491137
0.01277653721459268
0.012042252359632738
0.012006748873989222
0.013041575461613034
0.012020058402009154
0.012264746297492961
0.012790651751743773
0.011199608087436455
0.011070401598580614
0.0098943133474738171
0.0089733145082771075
0.008448434702459609
0.0083986577702957043
0.0088316306649084964
0.0096805858431167693
0.013650456826976671
0.017241031337359887
0.017934831611214171
0.018312073435640844
0.019532889893426924
0.018277185892661561
0.018057803720744493
0.022721455720833398
0.02024072357193012
0.017434186262496956
0.014748027763656692
0.013075352002587227
0.012044834333510774
0.011496812589886451
0.011527504702670929
0.013587960041822207
0.015731619210695505
0.014405584752347832
0.01406477251965684
0.014146089969993581
0.017019228828368614
0.012458393089905843
0.012160237906079075
0.012718139576765817
0.012145182500681194
0.010777549619647197
0.0095303821974857192
0.0085929067491485392
0.0081101420913081094
0.0081544958264736025
0.0087187154361184141
0.0097158353747232949
0.010994388568650742
0.015647988340020361
0.019340495310355692
0.020630013057983832
0.021921916069620701
0.021665106966066352
0.020125905999308642
0.022316685765099362
0.019156497466071284
0.014850807821834662
0.011553875787618432
0.011053315627677879
0.010103376373230756
0.009759617070152618
0.010196671247837179
0.012362971821949923
0.015702976493492057
0.017721000108913372
0.017248225525564657
0.016693081302004899
0.01997350163944283
0.014699120355534593
0.014088532432820908
0.013095502582319504
0.011870692957352042
0.01059687142029403
0.0094712492905859921
0.0086625551900617482
0.0082975368020183557
0.0084295282262185078
0.009038919442910064
0.010032346536025942
0.01126002560030178
0.012535365296592599
0.013664611438838787
0.014473556917937658
0.018830669979904534
0.013872162064694379
0.017150856165897073
0.015408651339567831
0.01308453186602351
0.0097443795163561376
0.010374111706418375
0.010496255169606724
0.0093835751308186128
0.0090877855354676764
0.0096681061182324265
0.011025702276141179
0.014986461583625677
0.019058420848758008
0.018844301845360865
0.019811071094096175
0.022781004595507887
0.013950187386221094
0.01337877841437452
0.012533066233415113
0.011543613191191003
0.01055610495313237
0.0097241015421073804
0.0091692372273754607
0.0089793388840585572
0.0091795760786325693
0.0097416409659653522
0.010579817976989371
0.011569768159263709
0.012560220100138179
0.013401595782376936
0.013963584602162901
0.014157244629951613
0.013090984482297065
0.016538122157626799
0.015757727570238661
0.01112240823445277
0.010631111033598029
0.009615346501628385
0.010492433306883268
0.0094885602102284718
0.0092828321142671612
0.0099194705934792637
0.011291302936710218
0.015706658892989042
0.019430024779955635
0.018044305139148797
0.01910122598687192
0.022911289852906191
0.012832210290337579
0.012393094739850457
0.011828951605734838
0.011228367168811605
0.010678418082206324
0.01026636782711448
0.010049123643051643
0.010062211403770033
0.010299833800998474
0.01072804657965871
0.011282497070685824
0.011882391341291177
0.012435471659382904
0.012858333581098235
0.013084509944534441
0.013076413615411793
0.012049884759727065
0.015343464224200137
0.015857003107528064
0.011189571896813688
0.0099751508830058476
0.0095488034899003302
0.011150555392075955
0.010406678470509171
0.010321122356332577
0.0109185092810094
0.012097976758365259
0.01646645224446663
0.019302341946683607
0.016649955828478846
0.017633300628326937
0.02198733272841271
0.011514278057340937
0.011280958397115553
0.011091444030350882
0.010975943665993472
0.010948947678212535
0.011017258846336151
0.01116675230689497
0.011377501248217193
0.011615521666732038
0.011844679455264674
0.012032103616414255
0.012150609455875377
0.012181200539552272
0.012118268269422004
0.011969892740222412
0.011757536362211985
0.010906174413067592
0.013747086364804017
0.015691920666998403
0.014471061665981848
0.010663920423801036
0.010182969898700562
0.012369721704619556
0.011994446831881524
0.01203987874538081
0.012509912216036957
0.013323316691503329
0.017151636766491091
0.018698485145536976
0.014872714923057726
0.015632853622274543
0.020148826061529148
0.0051480335906178747
0.0055997166016322113
0.0066144558591084927
0.010811727656078299
0.01130854657101517
0.011843075152217409
0.012334649337237831
0.012710214076177782
0.012913058679629072
0.012909858366868691
0.012703834823202363
0.012325459173979168
0.011831620804126069
0.015534939650193175
0.01599146061542573
0.016127060330939795
0.016237631042791491
0.017674250518406934
0.018467429662831682
0.015431266536283662
0.012051876164505803
0.011093288095719269
0.011677723855559884
0.014002050517149195
0.014166541479529357
0.014438779623987754
0.016890563471838406
0.018786928487040659
0.01769598391028996
0.0096114638477389075
0.0090658198465635789
0.011296421581772308
0.005377728003812381
0.0061102866850402688
0.0078077526884458457
0.007812151575110924
0.010033640444406368
0.012617901012491922
0.013379929761634641
0.013866052329066297
0.014003456496216076
0.013768837480402491
0.013200417284366528
0.013963047745153449
0.014313779344669529
0.014778217115529227
0.015319167202288389
0.015506330002189317
0.015519594242125272
0.014834995665230418
0.015365230122151881
0.016552975758914183
0.013449270628323854
0.013407462566095275
0.014494822539134599
0.015685400962034114
0.016805122058297685
0.017692376152161699
0.018191269425257856
0.016982918215474704
0.010294807202438706
0.013692513963616974
0.011322148166224774
0.012164093277496105
0.0068943272027449333
0.0075871859407442557
0.0091684780451937297
0.010200209202554744
0.011621721491829613
0.01323293731493492
0.014152572560348858
0.014677704287535223
0.014729225604651829
0.014298211717355335
0.013452252996469427
0.014007288192535789
0.013433732191452313
0.013775253147406913
0.014666918053905595
0.015316627937751043
0.016388731408253907
0.015256107313552319
0.014370572408190199
0.013912650135453479
0.016679677496323785
0.018230571592431955
0.016020744581825428
0.018333486543562923
0.018860923196196762
0.018769041336648588
0.017577214020888254
0.012969577470355681
0.015856559491837459
0.013670820914473931
0.010994392748218626
0.0091831757319836213
0.0063692791097271911
0.0072704623776677479
0.0091017429188193777
0.011592005317244485
0.014132824750626105
0.011884603205852072
0.014534795595427807
0.015020246099306477
0.014978869230261531
0.014417277395007588
0.014968780649461244
0.013073474386417174
0.012855433009381757
0.014125020640994752
0.013822228007739214
0.014044685444168648
0.014587990685868118
0.014097253762589454
0.012352411826407632
0.014130741973205319
0.014915216274400653
0.018950547115496038
0.019642132423583775
0.019494353504716191
0.018521227733682536
0.016884535533521306
0.01482006960018838
0.01935774694711093
0.015576718838433486
0.012422543151219588
0.0097842899733778955
0.0071651643391332188
0.006651372413757288
0.0076296621037464304
0.0096954396674339242
0.01206253501892671
0.014652398162541196
0.015100909919940512
0.014465527803779169
0.014836817339604638
0.014708488597585794
0.014101594804994011
0.014258566718512397
0.013116795084559192
0.012309511223418244
0.012857117222025764
0.01243423370653292
0.012262446905151214
0.012009392972162894
0.011820830983622573
0.011004917830959898
0.010934088229314014
0.013238540335021877
0.018961916141879157
0.019888821888230396
0.019944150224193501
0.019105328300142117
0.017526175165867207
0.015426581197086769
0.018258104880090897
0.014896518253072224
0.011717661353540599
0.0092216143567502625
0.0092042245094317784
0.010486147686813703
0.0097918401358866539
0.010849843513404796
0.012735585400920516
0.014742667693779729
0.015092739653716315
0.013952717183545215
0.014152887290518319
0.013957367137785911
0.013397911176026159
0.01397341740194084
0.013141854493443248
0.011865772580252995
0.011402319424797027
0.010429716655673379
0.010012389833296217
0.010224495796013422
0.011030895212431325
0.012296020275298728
0.011978152238617961
0.01278170906262048
0.013314683696600126
0.017003746989111869
0.018474321242767912
0.019261734768775237
0.019282846873206978
0.016768888146955974
0.018434304109496622
0.015890425358488457
0.0099300769364662096
0.0098824338495645588
0.011473248855426227
0.010318989699187394
0.011097036982720446
0.010933255577574536
0.011385241923341954
0.012897997966252772
0.013970370463744351
0.013145958121003738
0.016139486552399794
0.01730661921658503
0.017870373401142836
0.017448051699186819
0.017065468035687315
0.015128443931156907
0.012930220753098808
0.010316047200920865
0.0083816714146692662
0.0086521399942531638
0.0097539256271597496
0.011269912488383655
0.012855249513164496
0.014411702638202385
0.012847964629084977
0.013075332140019278
0.013072835379293069
0.012839188614472455
0.012412326542901701
0.013590054757434016
0.013230367143501596
0.012105063117805893
0.011498636034318428
0.010451631747660372
0.010091508328899048
0.01070140669699237
0.010798505392945888
0.01120169111059733
0.011422856563722664
0.013314999800927287
0.013294882097560207
0.015702837129116694
0.016188215686751262
0.01635020102733431
0.016191359820089044
0.016415976570723224
0.014745436687420758
0.012307524365741132
0.011638848882532658
0.0095213070408960414
0.0084126979765954419
0.0079132723874901691
0.0091461604156375612
0.0099110015033630344
0.012874049418669578
0.014482645258040492
0.012111120757297455
0.011967763020120958
0.011762508140273893
0.011525988365695097
0.011296923983532969
0.013032468741635449
0.012471448730586355
0.012395308169178916
0.012486029139225757
0.011290230710118962
0.010750865644327777
0.014000907849817636
0.014893064797974842
0.013985907345371621
0.017860833113942005
0.018746130372351535
0.017483400714582278
0.013395494455881807
0.013888867412010545
0.014409700029030807
0.014893916919663457
0.013356425328868434
0.014237261400926064
0.01228857138816338
0.010850609430359251
0.010296781841522764
0.0092229282578926864
0.0078776189224734183
0.0091139810008991524
0.0099848455924292923
0.012914946237872217
0.014337688926220976
0.011291160496123616
0.010799519889947555
0.010423643528671592
0.010221200859496274
0.010225437203573093
0.012420611598187466
0.012792213105248283
0.012835518517597063
0.013910339004716424
0.014100775081524889
0.014239256160743501
0.016945218934968295
0.016376637616013143
0.019753874916682054
0.018570348747878017
0.017487912097879636
0.015125717467596684
0.011230053123207514
0.011663356611532541
0.012462542926606547
0.013513695122037929
0.014645704251929712
0.0129222748498657
0.01277653758325962
0.012042252548189481
0.012006748649604836
0.013041574853159097
0.0093070330179403464
0.011178387872929534
0.011995590076386994
0.012981029045700452
0.011062954560899131
0.01051262168413983
0.0097483478869993812
0.0092607978577029237
0.0091241337844872629
0.0093605777928692444
0.012575652427488967
0.011185264596504332
0.013366764444659483
0.015261222465251023
0.016864625616030585
0.017931263910182398
0.018277185536765439
0.018057803553013226
0.02272145567564714
0.020240723674222215
0.017434186349853411
0.014748027808528205
0.013075352100928169
0.012044834291960582
0.011496812632838254
0.011527504640819541
0.013587959705526328
0.015731619627805848
0.01440558479467724
0.014064772825423818
0.014146089903583231
0.017019228387988375
0.012020057839707008
0.012264745841920737
0.012790651982006995
0.011199608217952902
0.011070401452691815
0.0098943131789741828
0.0089733145475937789
0.0084484346713762284
0.0083986577366812875
0.00883163069542524
0.0096805858427358466
0.013650456530513336
0.017241031352223511
0.017934831629630232
0.018312074305094149
0.019532889883039636
0.021665107080128945
0.020125905862097025
0.022316685787244838
0.019156497504337955
0.014850807791309976
0.011553875829376
0.011053315700097963
0.010103376026127896
0.0097596169259153535
0.010196671096369398
0.012362200952924892
0.015702976680947865
0.017721000021313011
0.017248225775347216
0.016693081695823168
0.019973501752402183
0.012458393115633406
0.012160238051653529
0.012718139698567657
0.0121451824670186
0.010777549460668969
0.0095303820909882694
0.0085929066970933804
0.0081101420777097977
0.0081544958275183623
0.0087187154369305908
0.0097158353575619357
0.010994388573242652
0.015647988304364768
0.019340494442006924
0.020630011166973102
0.021921915933586764
0.013872162409233514
0.017150856287140491
0.015408651288324065
0.013084531893717638
0.0097443794846450472
0.010374111490899486
0.01049625530698675
0.0093835750607410996
0.0090877854223719804
0.0096681060293178599
0.011025702321223636
0.014986461747987427
0.019058421003529162
0.018844302323394801
0.01981107150350607
0.022781004994954154
0.014699120797278696
0.014088532345077752
0.013095502096557132
0.01187069255485332
0.01059687126840899
0.0094712492317427788
0.0086625552338435285
0.0082975368095908539
0.0084295282193205551
0.0090389194322287418
0.010032346520503607
0.011260025592084034
0.012535365299738222
0.013664611563080024
0.014473557341939438
0.018830670311518555
0.01309098455707995
0.016538122281786388
0.015757727523902275
0.011122408263813782
0.010631111121765006
0.0096153464290220942
0.010492433492254313
0.0094885602085089879
0.0092828319654870133
0.0099194703358904193
0.011291303006749912
0.015706658877354264
0.019430024683499185
0.018044305420517017
0.019101226247213825
0.022911289911827091
0.013950187610064207
0.013378778456229335
0.012533066087153563
0.011543612772807558
0.010556104794168436
0.0097241013145397005
0.0091692374614202182
0.0089793389608359853
0.0091795761152757439
0.0097416409976792493
0.010579818023942289
0.01156976815153192
0.012560220096469938
0.013401595801387585
0.013963612819460843
0.014157244645165332
0.014356851740282593
0.025139334017882327
0.022354155963079277
0.015865889992043539
0.016400274497788598
0.013010864814222579
0.009740160458716212
0.0077350952642044951
0.0072647899001613749
0.0084175978148200454
0.010998899264600955
0.014638785609955185
0.022786469733918565
0.028189741703063907
0.024792317735819684
0.032116995864147478
0.018877457474619722
0.017691783655772911
0.015811172190617038
0.013523015627259037
0.011169630130080609
0.010991130453885084
0.0083472573919006199
0.0072154085977989895
0.0070117690958923246
0.00767946063652455
0.009121260227436187
0.012664927581083368
0.015023935644828099
0.017093634675714738
0.018556289898910127
0.019184344612905736
0.018792137191231649
0.023576019428115314
0.021878707382298915
0.015273532639155075
0.013379122599284709
0.014004481305048989
0.011607789046803504
0.0101905128888405
0.0099367413149110632
0.010902093976484213
0.012921359879416609
0.015713082459947746
0.022875489785203811
0.026475277306394752
0.021892815544992585
0.029211307315917184
0.016824568102017618
0.015940558830132283
0.01462586196117666
0.013080631840939114
0.011537638829032255
0.010937518516073552
0.011179549677298489
0.0096745706810722528
0.009537947927619729
0.010292426623219761
0.011776183650504396
0.013134002768274446
0.014679799037562271
0.01598774619573912
0.02094231012169144
0.021452518602586779
0.020544586080639131
0.023852794146532907
0.024243197999487116
0.017627231440059132
0.01380997331602286
0.015603131107525347
0.014433798275442323
0.013812724341358917
0.013809845329655977
0.01444526970516052
0.015603276026666835
0.017127741269237592
0.022138148981877215
0.02115296888608912
0.013569325163720917
0.018506297934146272
0.0087271907763083727
0.0084293004795210225
0.0083731808899301357
0.0096902469429516001
0.012142330666140122
0.01179355309305947
0.012364649334120469
0.01252286954233341
0.012515222001191517
0.012703301416492679
0.013022689325985264
0.013594357628297691
0.019318550093093141
0.019796069286832092
0.021334874326945603
0.021667022807634065
0.020435270857382011
0.02526788304839072
0.018517603493463201
0.014888094785390752
0.015721150512267489
0.02085112613500318
0.017801582021163317
0.018068635257062413
0.018312115214806142
0.018521728028590333
0.018642444895459749
0.022470026240985045
0.02440286757806634
0.0202824443100213
0.019187139793014757
0.021390037622534282
0.01252550455739691
0.012435437902855397
0.012880505014668595
0.012469917921912474
0.011104997264424777
0.013538890367050959
0.014132549855224122
0.01457233175448306
0.014789652304777938
0.014751818841258197
0.014466472633090218
0.016579351155863398
0.016850952093212822
0.017468906846407777
0.022444023426974782
0.02283327967572658
0.01774611465031066
0.017611916405245037
0.021417148781498977
0.022064912196968788
0.014662147275188034
0.018834135867841353
0.020951521846523841
0.022512633980223105
0.023470120230388671
0.023697838910303057
0.023129383837108296
0.026763249343680538
0.020343047925647027
0.017415657094082448
0.014029091704272365
0.014989773523763607
0.0097414043692559266
0.010591726979594387
0.010960400065649412
0.01328042665759277
0.015745919194479343
0.01341988788949661
0.016462683501116303
0.017199499847897794
0.01731384176089891
0.016789492985910547
0.017675575163326563
0.01560861193058013
0.019118587050173143
0.018344432048442702
0.018107166206904165
0.01812047253769487
0.013448595951371328
0.013564050817699255
0.019622330398967856
0.022083298881663858
0.018050992920518677
0.024526889026220081
0.025470502859595991
0.025656454815957921
0.024501561196807242
0.022195343490874115
0.019783532973122232
0.023734327280933051
0.019281015072046579
0.014317252887925354
0.012526370644584084
0.016010692132928415
0.012932016323578349
0.014628177253469717
0.010143790714846631
0.013173572168055135
0.016963269868634726
0.018265226507597116
0.018283296281429721
0.019206249594038327
0.019201605587050839
0.018272177118740286
0.018959012723863477
0.015952906490442013
0.017964401439935739
0.015121866955570282
0.014220941121900406
0.013713109165715895
0.0090747196285430546
0.0098744974044085946
0.01069351959136642
0.014217235441867896
0.021251809415431054
0.024963894418047132
0.026859711934686715
0.027622688011664769
0.026744598349358106
0.024393653671137772
0.024542435552963215
0.023686447619347555
0.017551859998783437
0.016374859778954986
0.013471849175850554
0.011763073806927446
0.0098999322375845893
0.011902837453695279
0.014642835433483973
0.013045529789127522
0.017750043304767548
0.02183066275086706
0.019319037026435368
0.020287472443183813
0.020164195777880489
0.018970865566925527
0.018714175363258666
0.016193583087354382
0.01515166453153397
0.012628059849193548
0.011004064954273422
0.0093830617461709547
0.0072498996277744381
0.0089020831650908679
0.011048581368490372
0.013619225232057252
0.017911614103263696
0.023055281263769
0.024438257348130935
0.026883798065204977
0.027781093638568791
0.023613281855502349
0.024543641611967957
0.023116904439546396
0.019782843444531205
0.01511148323925803
0.011310436289546597
0.0089391386745016309
0.0079277142416695669
0.0099381641613177744
0.012975406670465331
0.015265090095313405
0.018257441859420607
0.022060594047124002
0.019409333340907976
0.020276926523874302
0.020054285491028064
0.018778566154770814
0.019520302980938417
0.016280721122318938
0.01427184514417435
0.010763372800892561
0.008426801538016131
0.0070045372382366829
0.006071222432603174
0.0078937773444048738
0.011257977289626327
0.015485482595658615
0.016232528777811651
0.021005246517873912
0.018544411279735117
0.019178346092815667
0.018889187973658957
0.022332395427044918
0.019857902621352223
0.016592613205153369
0.013991371154396214
0.013710634737629998
0.0082022737725897382
0.0069914262024430825
0.007265789236337636
0.0089838044949326588
0.011865678737647547
0.013353978755503223
0.016355021271064675
0.022008711160218717
0.019716176856990252
0.026369523850830821
0.026959690437710189
0.026076721608933456
0.028378784830776011
0.022769297553159488
0.017129316145614124
0.01464510855225086
0.008310315544678773
0.0055731335694786475
0.006240776223241179
0.0082477957356516494
0.011543410811838812
0.013406745645518435
0.017673108496150048
0.020640359582942219
0.016855149352662788
0.017158794359998036
0.016846462611822221
0.015968726567074182
0.017676263273694443
0.015533558026290006
0.015407915594904354
0.012190297332071486
0.0096656925928395032
0.0082031591379385978
0.0080419378995079793
0.0086238442487662128
0.010548217060405587
0.017427780255313462
0.017270505079784004
0.019970140337795247
0.025851442297166714
0.023527253154432107
0.024032595410028251
0.023475774515076431
0.023505423911025142
0.018972051906334889
0.015696927475015363
0.014494614841034889
0.010733368817896155
0.0064873511097814631
0.0082494645128699685
0.0099150028466193051
0.010348368928319895
0.012607383622031079
0.017229154838667066
0.014191211310470265
0.01459622334034149
0.014523794943073751
0.014236355474313621
0.013780047582079831
0.019115301832565688
0.01452840844844207
0.016609187970771936
0.014369367298261704
0.012194892326437858
0.010701670857602643
0.010460684808207386
0.011092906771329736
0.013417276988486396
0.023821616323262591
0.021983326788718748
0.024114522948974818
0.024225638878157804
0.019547567483235682
0.020454732590507896
0.020825659733222337
0.019583377273831609
0.017693486412449947
0.014404204510048311
0.013184246665462727
0.014049848195863171
0.01129192549265691
0.010134046918553605
0.010575034050462014
0.011650636540421928
0.015198650166203089
0.016495118623417952
0.012702134900157433
0.012112161239929874
0.011675050723806472
0.011456742325169305
0.011492490347053646
0.015234225397509522
0.013740655382416917
0.014938664798804313
0.017858911426392999
0.015416582434446477
0.014113713905769092
0.013416812203045672
0.017220932451925002
0.022916326792366951
0.024888980100366245
0.021258231523468035
0.020030333678519682
0.017279102220046021
0.01877304212318965
0.018210293834797664
0.020092709995207611
0.015886108389652376
0.016572437626596909
0.015118201429359501
0.013816262960977287
0.013302104211820846
0.014596243298935295
0.013741242060897215
0.015682851432013013
0.015701965487844232
0.015663815816897634
0.012060196671025347
0.01102200083928144
0.0097777243685736245
0.009042776516689565
0.0089278843184218155
0.0094517291458023726
0.013859926509522866
0.017638428671858573
0.015955770454902079
0.018607419880622492
0.023961743379369144
0.021756608869579603
0.019970979549288861
0.024245900422445277
0.025393056881427831
0.023114647300698728
0.02254118399884647
0.019703468064510708
0.014738626434424975
0.013578588696586283
0.013080419817882208
0.013347544615673243
0.014314506440220443
0.015147680779103875
0.016303739706182912
0.017211151113590496
0.018325885670958851
0.022528412789238051
0.016425633857809631
0.015784220710717712
0.014587813820469754
0.013018407551227759
0.011893205927800819
0.0096579119264937167
0.012014311876232869
0.0089163561499956186
0.0044694632574359934
0.0079659536381441794
0.0096844979110944744
0.015581473536940121
0.020305760251062916
0.024380329447286693
0.030707497156901322
0.02711926604856749
0.026486949066731227
0.026885498557964998
0.029203217434531178
0.025441549021311904
0.021204518898282156
0.014609104580639055
0.011826936296505702
0.0099935956950370549
0.0093607858754656322
0.010049678708474119
0.011931325744808397
0.014734093102237054
0.018676141423088141
0.021307476239898725
0.021714658650916267
0.027487925038558937
0.020142868483028493
0.018943100398150964
0.016857630434183875
0.014201860818543601
0.011375511699988558
0.013034595418379815
0.0094226368911338766
0.006782526568209395
0.0059281896935218115
0.0049822181081626881
0.0093533481130473467
0.012018480397046461
0.014849295532839011
0.022141888630585662
0.028132765230189465
0.029779850463718817
0.025283988254737856
0.033463638063805777
0.029914612181871934
0.021464722741074058
0.015306811789212425
0.013341495168295461
0.0098639420935246989
0.007632021028791772
0.0069556974876083411
0.0079587317207578633
0.010466537458993711
0.014115738616419533
0.021314235808687861
0.027811847982650136
0.026732472055327958
0.032096693915521016
0.020042341266771877
0.018745789178151191
0.016594849887721409
0.013917357939884901
0.011114055533967852
0.013714783371663354
0.0071643471613046447
0.006191997208469492
0.0057408052806522435
0.0060048663949522829
0.0075533363278149175
0.012273597523216983
0.015083872305320691
0.017595264276253582
0.01942289460209257
0.020283702012143898
0.015856275500569037
0.025454303170602276
0.021999423452312334
0.015319816708234835
0.016588482403518956
0.012698633313918146
0.0094213078652643414
0.0068362132999102883
0.0062174200770167892
0.0073842887970187281
0.010137351931106695
0.014077749061629142
0.022238888759183967
0.028660270092627574
0.02649270602215888
0.033129982247398077
0.018877457231218839
0.017691783607394589
0.01581117276326956
0.013523016427359693
0.011169630107885832
0.01099113104922355
0.0083472572578236585
0.0072154085367496399
0.0070117692060203598
0.0076794606908928706
0.0091212602222057963
0.012664927647841252
0.015023935702086011
0.017093634676571965
0.018556289778149271
0.019184344557295358
0.014356851702164291
0.025139333696166642
0.022354156112386721
0.015865889827595198
0.016400274169883402
0.013010865199409746
0.0097401605791408892
0.0077350953547267011
0.0072647899220262321
0.0084175978414606275
0.010998899774441793
0.014638785612696792
0.02278646957917296
0.02818974065062543
0.024792317232765017
0.03211699680386261
0.016824568279350978
0.015940558645151443
0.014625862122002242
0.013080632188113124
0.01153763881728124
0.010937518617495206
0.011179549823577078
0.009674570721671218
0.0095379479039596031
0.010292426640854358
0.011776183635352249
0.013134002834086748
0.014679799105046644
0.015987746239539243
0.020942309762056147
0.021452518217237412
0.018792136898954058
0.023576019303016775
0.021878707504482883
0.01527353252312408
0.013379122359370315
0.014004481378860109
0.011607789075225148
0.010190512717919866
0.0099367410977530459
0.010902093659039359
0.012921360360428416
0.015713083719054062
0.022875489091369591
0.026475277107573015
0.021892814276849859
0.029211308165569487
0.0087271911191522875
0.0084293005377547078
0.008373180945742225
0.009690247183934424
0.012142330810516935
0.011793553146811124
0.012364649391682657
0.012522869592655436
0.012515221991863801
0.012703301508539284
0.013022689317561684
0.013594357639769248
0.018064666866321508
0.019796069438564115
0.021334874110133645
0.021667022297635626
0.020544585633830183
0.02385279396678007
0.024243198061985778
0.0176272314162285
0.013809973372445071
0.015603130993554204
0.014433798607022175
0.013812918568658071
0.0138098454295629
0.014445269640635699
0.015603275472087204
0.017127742734238467
0.0221381492212941
0.021152969296689809
0.01356932358314142
0.018506298397058196
0.012525504499461665
0.012435437888123143
0.01288050513393937
0.012469918056292221
0.011104997319059933
0.013538890370210051
0.014132549857830622
0.014572331714501291
0.014789652326546191
0.014751818817325416
0.014466472627605592
0.016579351151609724
0.01643881815448596
0.017468907185248728
0.022444023526705756
0.022833279029747355
0.02043527062569955
0.025267882529347894
0.018517603535011549
0.014888094912515366
0.015721151115855935
0.020851126973865434
0.017801581967635725
0.018068634984461089
0.018312115488014546
0.018521728466956308
0.018642445023364766
0.022470026990008857
0.024402867267183076
0.020282445804225106
0.01918714000678351
0.02139003644466924
0.0097414044836920954
0.010591727169092562
0.010960400239516888
0.013280426773782545
0.015745919188756095
0.013419887856295136
0.016462683494654202
0.0171994998982174
0.017313841759371586
0.016789492971583241
0.017675575217421104
0.015608612032546317
0.019118587165998228
0.018344431682472434
0.018107165185655791
0.01812047058522007
0.017746113762804612
0.017611915852942393
0.021417148695757161
0.022064914569910034
0.014662147467425782
0.018834136709603808
0.020951522238280996
0.022512635166708646
0.023470120461430582
0.023697838414998042
0.023129384343234423
0.026762792426396502
0.020343047876442241
0.017415656267457582
0.014029091519613512
0.014989773870005538
0.012932016584512389
0.014628177444819734
0.010143791056305463
0.013173572279444034
0.016963269949153779
0.018265226538505052
0.018283296294818948
0.019206249632869033
0.019201605653233329
0.018272177196554801
0.018959012763585515
0.01595290655821939
0.017964401483231775
0.015121867251803235
0.014220942200141336
0.013713110064097547
0.013448596042488015
0.013564050755177855
0.019622329987924739
0.022083298033309964
0.01805099290127582
0.024526889866904586
0.025470502746019037
0.02565645522876522
0.024501561922161203
0.022195343361734884
0.019783532664367793
0.023734327513280536
0.019281014654716495
0.014317252646526822
0.012526370197296381
0.016010692553260097
0.0098999322539441714
0.011902763382065052
0.01464260023382925
0.013045529940934766
0.017750043420166617
0.021830716524528844
0.019319037045612268
0.020287472488414577
0.020164195895880584
0.018970865723027749
0.018714175661152407
0.016193583322260511
0.01515166418407464
0.01262805924082307
0.011004064225771246
0.0093830620592930958
0.0090747194749209135
0.0098744971276154333
0.010693519593376277
0.014217235373958947
0.019879886716704286
0.023661836873152778
0.026859711838407296
0.027622688129584794
0.026744598674379783
0.024393653714672493
0.024542435462547633
0.023686447008695002
0.017551859845904478
0.016374859359956372
0.013471848900125948
0.011763073992111175
0.007927714111893143
0.0099381638764309242
0.012975406758470392
0.015265090287816948
0.01825744194827042
0.022060594050436491
0.019409333218702984
0.020276926649153364
0.020054285665604184
0.018778566410745677
0.019520303164780928
0.016280721146579885
0.014271845957918521
0.010763373602550015
0.0084268012291185204
0.0070045367461607491
0.007249842243183988
0.0089020832009362866
0.011048581429895482
0.013619225399889402
0.01791161171692451
0.023055283200917157
0.024438258996230124
0.026883797468852545
0.027781093412207202
0.023613281994264799
0.02454364116048862
0.023116904139453224
0.01978284311516075
0.015111483068872708
0.011310436252425907
0.0089391386774494395
0.0072657892301057278
0.0089838045045563444
0.011865678747072185
0.013353978795695345
0.016355021228748469
0.022008711178558425
0.020584365394896758
0.026765590410090009
0.026959690758581796
0.026076722052118279
0.028378784848993657
0.022769297364361868
0.017129315899834314
0.014645106424886202
0.0083103149621933867
0.0055731334603953955
0.0060712223150843235
0.0078937772649804068
0.01125797731864733
0.015485482491833295
0.016232528236699854
0.021005246215897284
0.018544411312926227
0.019178346074216233
0.018889188030901269
0.022332395343594887
0.01985790223834635
0.016592613090678741
0.013991371148578487
0.013710634619633925
0.0082022738035646726
0.0069914261682678261
0.0080419379372055691
0.0086238442790025713
0.010548217067225751
0.017427780472137024
0.017270505046031299
0.019970140334952112
0.025851442173109491
0.023527253930679486
0.024032595806441313
0.023475774684079423
0.02350542396591818
0.018972051876933984
0.015696927438213555
0.014494616046530467
0.010733369487210837
0.0064873506259052341
0.0062407762714419175
0.0082477959102188157
0.011543331340506318
0.013406745881052003
0.017673108522849531
0.020640359639968547
0.01685514923084145
0.017158794350258726
0.016846462767880717
0.015968726460488827
0.017676537494902368
0.015533558064610032
0.015407915560247426
0.012190298117160629
0.0096656927989499583
0.008203159160109429
0.010460684944973722
0.011092906497908374
0.01341727698312855
0.023821616287160202
0.021983326767025305
0.024114522982645843
0.024225638937381486
0.019547567790543553
0.020454733290924745
0.020825659845579891
0.019583375728132745
0.017693486559221087
0.01440420415707998
0.013184246763692174
0.014049847728542054
0.011291925372455183
0.008249464573357566
0.0099150031602969462
0.010348369255780494
0.012607384077181528
0.017229155072386988
0.014191210864510743
0.0145962231917083
0.01452379484479319
0.014236355322665791
0.013780047593741412
0.019131898642472576
0.014528408538963906
0.016610640250382013
0.01436936759087082
0.012194892809767949
0.010701670976855268
0.013416811890247743
0.017220932320372747
0.022916326750515019
0.024888980073657495
0.021258231569967635
0.020030333707964462
0.017279102260685155
0.018773042451288271
0.018210294004074073
0.020092709908868973
0.01588610731945406
0.01657243692110854
0.015118201033558973
0.013816263260055162
0.0133021039967269
0.01459624368624015
0.010134047740126387
0.010575034333758447
0.011650637126149607
0.015198650798829786
0.016495118700482002
0.012702134707774777
0.012112161139915366
0.011675050696630393
0.011456742347042829
0.011492490404808899
0.015234225320290088
0.01374065463189803
0.014938664430210158
0.017858911158649623
0.015416583782675752
0.014113714078771877
0.019970979036921022
0.024245899830306828
0.025393056641648874
0.023114647452654288
0.022541184043017512
0.019703468175866948
0.014738626483740259
0.013578588893260708
0.01308042135622896
0.01334754620255392
0.014314503669856022
0.015147680504621026
0.016303739457207794
0.017211151270068052
0.018325885602281235
0.022528412239083657
0.013741240787935552
0.015682851160325133
0.01570196604023744
0.015663815646314579
0.012060196604274025
0.011022000655126839
0.0097777242584587247
0.0090427764600927354
0.0089278842769045918
0.0094517291189961054
0.013859884467814743
0.017638428974862147
0.015955770204230588
0.018607421019768675
0.021606901290910484
0.021756609297697061
0.026486949670151447
0.026885497716610786
0.02920321708276442
0.025441549120995485
0.021204518502362234
0.014609104583614939
0.011826936142784964
0.0099935954586386159
0.0093607857955912786
0.01004914353427463
0.011931326503620682
0.014734092708948782
0.018676139455172533
0.021307476197656761
0.021714659481396045
0.027487924360083855
0.016425631883766882
0.015784217785917903
0.014587813978683358
0.013018407494595641
0.011893205699256015
0.0096579118190195778
0.012014312028117518
0.0089163560126096116
0.0044694632523522787
0.0079659535075123269
0.0096844978782071114
0.01558147353887996
0.020305760463505129
0.02438032870031932
0.025322676386432177
0.027119265333374668
0.023111726852681296
0.034148441369448265
0.029914611827367748
0.02146472301083114
0.015306811356421812
0.013341495621000387
0.0098639419763221405
0.0076320207668847742
0.0069556972563664908
0.0079587316423129599
0.0104665375107961
0.014113965997941551
0.021314235908901573
0.027811848086317925
0.02673247225494672
0.032096694171949346
0.020142869210504392
0.018943098846871172
0.016857628025380197
0.01420185957234428
0.011375511326313393
0.013034595295378364
0.0094226372313553491
0.0067825265595307669
0.0059281896954549301
0.0049822180897317742
0.0093533480222262738
0.012018480358947665
0.014849295432715048
0.022141955113542409
0.028132763124217228
0.029779850072214283
0.015856275732244199
0.025454303529987305
0.021999423236588527
0.015319816940642234
0.016588481993049763
0.012779507174418375
0.0091286890161048507
0.0068362130689697057
0.0062174198715581911
0.007384288675745164
0.01013735171072481
0.014077748890746479
0.022238888868495361
0.028660270695274426
0.026492705980859399
0.033129981686462175
0.020042341302252183
0.018745788679167683
0.016594849038825861
0.013917356977598595
0.011114055448176743
0.011381374324656907
0.0079660067198016587
0.0061919973032080701
0.0057408053479202593
0.0060048664099426946
0.0075533363552245025
0.012273597500574137
0.01508387254613543
0.01759526423447778
0.019422894483286161
0.020283702102623376
0.018824371600051879
0.03257786249538127
0.024291398323419998
0.022520649874489863
0.019784630657824022
0.013536246966575932
0.0088482688420208084
0.0069893642343790887
0.0043161906709561311
0.0041942426764610954
0.0089988033855373933
0.015393363918029821
0.021755746884847701
0.034712138892294457
0.031260219382825714
0.041386757303022881
0.024477860780344796
0.022619564429116449
0.019532839118908997
0.015687171603004087
0.017933224755314434
0.010250261266137635
0.0063260145235569292
0.0043132588439794015
0.004540447615137594
0.0069685253546642846
0.0086889152254320309
0.013259577047149175
0.017315000137203693
0.020932166279088841
0.023570016094003741
0.024817804250123872
0.028834261053872969
0.037700379810391919
0.026936406843380944
0.020983284738348998
0.019700998714558535
0.014753452637048128
0.010754635120067134
0.0083061343561855339
0.0077398011703185667
0.0091624298146295007
0.012334715708571203
0.016791831609230128
0.021885544951425966
0.032383241493967631
0.024484832117264051
0.030531534311407142
0.016820802408181196
0.015752697677022927
0.018016516337876126
0.015086362333064519
0.015730024088019975
0.010960952722265768
0.008679007840544286
0.0073979495452046106
0.0078979209198053232
0.010092830455195651
0.01033230603265697
0.013674724364304145
0.016944704514699389
0.023834644830623686
0.029359384501397006
0.030840939785591437
0.027092664542309526
0.029502112145915384
0.026582300442691324
0.020747019509219856
0.025132712782423898
0.021729375790805437
0.014617188998246771
0.01329476616919655
0.013099113767100283
0.014086497743880022
0.016079558013525237
0.018803129412907543
0.023867068150789695
0.029351617210964437
0.030476814082258098
0.036196826071475001
0.019836951863223345
0.018682988046015463
0.010912503733435943
0.010121074327012961
0.013459965624074793
0.016716224369420787
0.012620002131752066
0.012262890094774562
0.012966908035856782
0.011518054191217207
0.012824953998871905
0.017348265331986187
0.020959008790139944
0.023840574586669806
0.024657428732170729
0.025540164831068142
0.022146959091006644
0.029571165806154046
0.029311337176673082
0.025015986463036089
0.014113860134685047
0.026683015778008627
0.019426422643078724
0.019427053458647713
0.019630090728530933
0.020037722013694151
0.020555285655220041
0.016400081176736702
0.027578033478711395
0.029555825154842563
0.023072450063361186
0.027252760213045839
0.0173646492606827
0.017001568866502004
0.016104253754481563
0.01604306011607266
0.010745988449762224
0.012307885212966345
0.016559908504797466
0.023774654968939397
0.016526327663462639
0.015115409283022602
0.017657457532444933
0.018893034111414662
0.018611186093994724
0.024652723604480096
0.025625608625710439
0.025972612066422179
0.018333759271993714
0.018368495550615947
0.025678417624223439
0.027228983806564966
0.023638391415420502
0.021075281548646619
0.024468621771027179
0.0320202557057995
0.026794670424918756
0.026141607583348419
0.026483048104857871
0.030584579885139827
0.024440995749187858
0.020444448905759301
0.02035824354841579
0.02787077091522552
0.019330872143683474
0.016634726361196717
0.014387344673777834
0.015132027108519252
0.017680602551570217
0.015514418174790085
0.018176923407931547
0.019054512223215744
0.019240536785668533
0.018709636681454367
0.020554309443370972
0.018010158525866807
0.021368281627539717
0.019165910742113931
0.018675103848823978
0.019536516368429634
0.011881131258148929
0.013915619984879559
0.020653976053240358
0.024854562821128887
0.029144862009163938
0.02483006192885694
0.026348495457731092
0.032415349745467864
0.033369047878248098
0.032579136312524758
0.031902185427330081
0.028084752218276617
0.019884712466231733
0.022318733521693786
0.019153161645846052
0.0202002594947897
0.01393582953066917
0.015248092891175988
0.018824931176593871
0.01475970034827174
0.019115151069836096
0.023436440933218991
0.021352763661272121
0.022639317602289426
0.0226907305600158
0.021502836497693915
0.021214899285316273
0.023271851580324091
0.01806309038199749
0.01698461111508558
0.013755362107966018
0.0128942440644913
0.0073646377891862886
0.0080782017230335186
0.011994969841312547
0.015726479979814776
0.029004784876056337
0.028848748485425648
0.032875529716802354
0.034325280071920171
0.033498498163080356
0.030567182482556642
0.034925667699384447
0.026916323238561281
0.018753154730048727
0.018298243987967922
0.014535987415577602
0.013009979599285976
0.010745186527146696
0.011621694494928645
0.014846296567355987
0.020253078967898144
0.020410611159781787
0.025727364847626923
0.023491037946087392
0.024990549652836033
0.024898949216713446
0.02323466265156961
0.023155799032312189
0.023827833639340726
0.016665526281640902
0.013806675766672634
0.0081534921974820828
0.0069738406536544147
0.0043940982769337597
0.0072373202297237472
0.011288105305830905
0.015544406732750078
0.021240290296378667
0.029237656437131488
0.031293533994078603
0.034530208129888752
0.03543759165131409
0.029954563793095707
0.035561667910377237
0.027943340658501726
0.02347061239497272
0.017320460892227739
0.011831263523032392
0.007884781881893654
0.0065099085832959532
0.0086075730918290811
0.012385794527995623
0.018584275312284997
0.021371339773456934
0.026886686674684034
0.022017945985507562
0.025751403319319847
0.025531415863277247
0.023643306599756837
0.02419453906653753
0.021748196814518971
0.015668391703628794
0.010988383015519675
0.0061653146315184702
0.0040194974069691887
0.0033846778914191035
0.005803337882963419
0.010108379441740905
0.017083149217528154
0.021307843667673597
0.025605286671862511
0.023563306737016201
0.02481085099658303
0.024494950204513592
0.026586807028653615
0.024975099992866394
0.020501604538834158
0.020338816067474366
0.013718626611070961
0.0061237850257185832
0.0039962062472937805
0.0043267290868773643
0.0070703625715395546
0.01180790783332286
0.016446191058401175
0.020732293919430388
0.028700440739394942
0.030559516385388515
0.034089831155649758
0.034941078678501034
0.033508884055955195
0.033349520770290166
0.025583829043400036
0.024192709516496141
0.014989865640573434
0.0085789982156417675
0.0039309143961373744
0.0049912972921551443
0.0070175807109102237
0.01209608751675495
0.017561116115494206
0.019598035196791305
0.024753259010878766
0.021491259908889119
0.022310972978086929
0.02194657710125026
0.024539000143746954
0.022522403079595289
0.022794971483371351
0.017324920494122369
0.012199738808044444
0.0058156773927009976
0.003958101300357451
0.0045606719057388742
0.0063399179296343899
0.011180257385908794
0.017093614374566874
0.025622283946283176
0.031656861602464399
0.033271099934535316
0.030428161412396678
0.031309997716084392
0.03041451595214139
0.029147899008301708
0.022971890861921796
0.023546326540208839
0.014503387962037474
0.0095829071230765384
0.006746527692458839
0.0069851315166977925
0.011005148273901692
0.014241812045153728
0.014379481511998022
0.017164530646557725
0.022776616883252263
0.018358525586647748
0.018626306866565419
0.018268962522005432
0.022525109234411415
0.019412799424829728
0.022645903328435742
0.019383427423336114
0.015321601174018805
0.011032484661722299
0.007315949301450673
0.0074437359315510697
0.010471527754588414
0.014299148184984178
0.023369626755316123
0.030239852373996054
0.028814847238036567
0.028991817954758862
0.025062609687380721
0.026355338755569627
0.026598290485166355
0.023903940921191812
0.029147970258398669
0.019303929557353789
0.0201870780068923
0.014480755923477315
0.012365532462078528
0.014354817577093006
0.01547392295930616
0.013285926160212151
0.014410458166341539
0.018678231152362411
0.014620752934865266
0.014641482721558862
0.014315267986064738
0.014018883274684615
0.013799572315145602
0.020908732920780011
0.015970196451209923
0.020954346364528979
0.019062453329013292
0.016716905156771555
0.01451319154123433
0.013687902913030849
0.016266039882574579
0.022474045277736446
0.029319963625673306
0.025213064716301328
0.026309864794801546
0.026220582035986706
0.02225427681712604
0.021990051101926023
0.021594414791974274
0.020053883750922281
0.029483151959072612
0.025899992787584945
0.016829758742888005
0.021908960300873061
0.02247976101980265
0.01567267805004615
0.023866661985843286
0.015839257201250467
0.018065660298949796
0.013390863757744871
0.012323774699093508
0.016263362999833216
0.01270914219977764
0.0072905529722182101
0.010360473521995929
0.016020724735766129
0.016340940709052992
0.017599924911851916
0.024096533887490234
0.024618473211987506
0.024648733522046114
0.0216076601455738
0.027366476355636361
0.031049455640566
0.031685131494707523
0.023305711863780443
0.023147097701565235
0.017220211710749372
0.01584987763858231
0.015228913554026743
0.016732224536990702
0.025129719849979189
0.016128996990037923
0.028743316956735872
0.028866881105820964
0.021121023515362918
0.024156756045845204
0.022466563396534394
0.023239689039963891
0.017244088937976864
0.014899523309442476
0.013034487147150879
0.01649274513188333
0.012038590234964458
0.0086451986297542312
0.0069228029637578093
0.0065705399243849881
0.0066848773283546981
0.01751532291777317
0.023914686322532658
0.025192613349811314
0.026680601316269807
0.028765021994342554
0.022911223680483258
0.035610482550720364
0.034479084875640061
0.027098747362945722
0.025324270078665452
0.019703442934060546
0.012740796715251202
0.010251778062548516
0.0093576420177773241
0.010222660369346251
0.012684198088538757
0.016388067046467281
0.021171326074048733
0.02491128711713534
0.02760459170329194
0.035573754333138259
0.023759268957287406
0.022278316612162962
0.02019583877550547
0.016338730755185559
0.018827343437727379
0.012699779916871648
0.0074902094328502707
0.0049846481568081875
0.0046290879076873043
0.0064674222864387369
0.0078606505916526299
0.013043649378337954
0.02186038284267771
0.029354335877354948
0.034467995031783986
0.036826438891474765
0.029259705634819711
0.042363148620068326
0.037081271969607255
0.029550700092799476
0.020435999467796766
0.014475901617217233
0.0095020677935338492
0.0062566682933211703
0.0053704987753557532
0.0067846307545652382
0.010064689180524921
0.015181443760037414
0.021170562473409225
0.035028488546575726
0.030165173564808301
0.039431982122102832
0.02551420784729095
0.023594706159476717
0.020298012519853886
0.016127108388549031
0.018232057857503137
0.010326095376894736
0.0059096198193245176
0.003468425423089156
0.0033960738116073888
0.0056992033686152285
0.0078560359896506296
0.010514239588855194
0.017271460305646788
0.021289242471222426
0.024272793564000195
0.025759008302580957
0.020061572698902179
0.032621668304118299
0.024504242980176574
0.023640512659439401
0.020043071726444307
0.013440375954214231
0.0085336060262816062
0.0062348137210189985
0.0035492049860295174
0.0037287897482454263
0.0087033817471213349
0.014829288288369937
0.021505556536300183
0.035641032464473761
0.033012290519252967
0.042347767073400294
0.024477860381454282
0.022619564649115721
0.019532839868664879
0.015687172288685269
0.017933224605817432
0.010250261421673639
0.0063260145065324024
0.0043132588335154601
0.0045404476152848348
0.0069685254055215735
0.0086889152215757059
0.013259577124020119
0.017315000230702766
0.020932166306306465
0.023570016075362452
0.024817804189820061
0.018824371582320993
0.032577862064260464
0.024291398762324452
0.022520649132809947
0.019784631093740127
0.013536246577309292
0.0088482695316725087
0.0069893644484344854
0.0043161906333675009
0.0041942426715919695
0.0089988037577987505
0.015393363780466048
0.021755747245331702
0.034712139135813842
0.031260393013116707
0.041386758475897914
0.01682080272069621
0.015752697440644184
0.018016516348891815
0.015086362672850549
0.015730024140516941
0.010960952787761489
0.0086790078678759697
0.0073979495703198825
0.0078979209538198817
0.010092830463110623
0.010332306002867287
0.013674724401969613
0.016944704612396853
0.023834644776005855
0.029359384182087007
0.030840939710008133
0.028834260760524807
0.037700379927604763
0.02693640717087804
0.020983283937320078
0.019700999082478566
0.014753452611619311
0.010754635114329926
0.0083061340123644044
0.007739800770574806
0.009162428635988859
0.012329591434835686
0.016791833529362175
0.021885542960560986
0.032383242578160575
0.024484829418995338
0.030531536424932747
0.019836952187053447
0.01868298870296474
0.010912504026124151
0.010121074510972232
0.013459965749052092
0.016716224269846282
0.012620002164295346
0.012262890142520654
0.012966908197453103
0.011518054053549952
0.012824954014584375
0.017348265382013006
0.02095900863874766
0.02384057461662116
0.024657428632136245
0.025540164664742179
0.027092664473966317
0.029502111874651838
0.026582300175261375
0.020747019921577126
0.025132712617318913
0.021729375459890135
0.01461718921735179
0.013294765998365278
0.013099113538470417
0.014086497142773199
0.016079557222671313
0.018803132387689502
0.023867069545433068
0.026732678043698676
0.027198763995671227
0.036196818998190751
0.017364649001859498
0.017001568704545215
0.016104253863285001
0.016043060351211582
0.010745988613984415
0.012307885294901191
0.016559908582609865
0.016651885166490996
0.016333159177785848
0.015115409323591731
0.017657457539290898
0.018893034072895779
0.018611186029891348
0.024652723510120537
0.025625608669530665
0.025972611918647782
0.022146959024692617
0.029571165600331802
0.029311336905173076
0.025015985361892035
0.014113859954644226
0.026683016220567797
0.019426423020659361
0.019427052338666921
0.019630090446744797
0.020037723075930127
0.020555286053834668
0.016400082781556479
0.027578033016569366
0.029555828441187905
0.023072451579130213
0.02725275427927823
0.019330872861631099
0.016634726573528394
0.014387344893597826
0.015132027299813928
0.017680602653237509
0.015514418138317129
0.018176923454737242
0.019054511992713814
0.019240536838644719
0.018709636700582497
0.02055430950763304
0.01801015853782344
0.021368281583487161
0.019165910434188055
0.01867510329351451
0.019536515422979635
0.018333758519079205
0.018368495280312695
0.025678417402990369
0.027228983599237751
0.023638391089177486
0.021075281484925958
0.021959139468270751
0.025810600641400856
0.026376605764926304
0.026141607891521413
0.026483049418163783
0.030584580558875359
0.024440996462756884
0.02044444725648388
0.020358241494599021
0.027870773153566362
0.01393582974809467
0.01524809303525307
0.018824931204900835
0.014759700447995549
0.019115151062168361
0.023436440993783857
0.021352763664563592
0.022639317608488148
0.022690730701029987
0.021502836733323569
0.021214899520584026
0.023271851710174943
0.018063089902127998
0.01698461042864657
0.013755361552644502
0.012894244212849262
0.011881131146462987
0.013915619908831594
0.020653975479988616
0.024854562961105549
0.02914430201267983
0.024830062037081071
0.026348495477671149
0.032415347038770699
0.033369051351798261
0.032579139942731331
0.031902185491659088
0.028084751720998034
0.019884712363132735
0.022318732582651716
0.01915316043538743
0.020200260570817863
0.010745186545915403
0.011621694516983949
0.0148462965143265
0.020253078884306497
0.020410611181524502
0.025727364859351537
0.023491037978361724
0.0249905497351635
0.024898949470082768
0.023234663021039714
0.023155799166847568
0.023827833567209522
0.016665526078708991
0.013806675828076383
0.0081534915393841178
0.0069738406432435724
0.0073646373591115056
0.0080782016934315415
0.011994969878101691
0.015726479848733366
0.029004785341306107
0.028848749173212892
0.032875529488964134
0.034325280737944573
0.033498499146704205
0.03056718236772937
0.034925667590114728
0.02691619361282405
0.018753154866606371
0.018298243772170448
0.014535986861892601
0.013009979838590875
0.0065099085122018738
0.0086075729707412226
0.012385794488242665
0.018584275342743702
0.021371340064341368
0.02688668657609368
0.022017945896333907
0.025751403449963278
0.025531416178879385
0.023643307234688219
0.024194539418627606
0.021748196736962017
0.01566839213565838
0.010988383189241798
0.0061653144231608491
0.0040194974539824761
0.0043940983289947151
0.0072373202869499336
0.011288105225961067
0.015544406818615516
0.021240290124281028
0.029237657045716303
0.031293534239993467
0.034530209960802263
0.035437591587711655
0.029954564205968755
0.03556166747057983
0.027943341562599724
0.02347061114583877
0.01732046079549349
0.011831263674523033
0.0078847818597197871
0.0043267290694264573
0.0070703625662938731
0.011807907992894648
0.016446191481527379
0.020732294060995183
0.028700440746316256
0.03055951613742821
0.034089831527101475
0.034941079175958067
0.033508885121654841
0.033349519165998875
0.025583828418644532
0.024192709167406307
0.014989864939113078
0.0085789990204589717
0.0039309145342896036
0.003384677683425266
0.0058033382416614911
0.010108379516868693
0.017083149721388129
0.021307843695269394
0.025605074505160304
0.023563306753838883
0.024810850964062534
0.024495229783818045
0.02658680738250328
0.027419279198811757
0.020501603269858122
0.020338815204240666
0.01371862625579867
0.0061237850623692821
0.0039962062430068529
0.0045606719494798997
0.006339917985714448
0.011180257541103359
0.017093614595501083
0.025622284058444939
0.031656861852397751
0.033271099900769582
0.030428161722311269
0.031309998167208142
0.030414516103199417
0.029147897921124908
0.022971890238784393
0.023546326177734084
0.01450338853075105
0.0095829076045761026
0.0067448544269230713
0.0049912971399228212
0.0070175807034750671
0.012096087704623427
0.017561116270303479
0.019598035413940482
0.024753259079730479
0.021491253879149359
0.022310973004686908
0.021946577287154375
0.02453900001197443
0.023393287215362858
0.022795602335972751
0.017324920217831011
0.012199738733335148
0.0058156774353306621
0.0039581013166004857
0.0074437358047139109
0.010471527822701367
0.014299148202923362
0.023369626885328346
0.030239852414324014
0.028814846884315005
0.028991818108757412
0.025062610103257769
0.026355339757664846
0.026598291030688833
0.023903937870995737
0.029147968129671336
0.019303928977665114
0.020187077958402102
0.014480755632260844
0.012365532406098841
0.0069851315302060903
0.011005149428081732
0.014241812656658233
0.014379481917617247
0.017164530915646313
0.022776616883437083
0.018358525509899332
0.018626306795801514
0.018268962389354267
0.022525108071617023
0.0194128002385494
0.02264590465826927
0.019370454133342131
0.015321600716403885
0.011032484881959848
0.0073159492812019224
0.013687903393862262
0.016266040534807482
0.022474045041796311
0.029319963247023104
0.025213064629399241
0.026309865143110983
0.026220582123791806
0.02225427759705086
0.021990052275310829
0.021594414869254706
0.020053887356977884
0.029483146264748253
0.025899993856725846
0.016829758931581177
0.021908961719007424
0.022479762457104067
0.01435481984134024
0.015473924838947896
0.013285926747538411
0.014410406122271929
0.018678231182845128
0.014620752882833108
0.014641482675523336
0.014315267968446871
0.014018883238827327
0.013799572206394285
0.020908733469642685
0.015970196041109941
0.020906925848171443
0.019062452916085569
0.016716905297095342
0.014513192093919136
0.021607659772733358
0.027366475844807968
0.031049455113184517
0.031685131403089623
0.023305711678247996
0.023147097816593177
0.017220211716288604
0.016396438146402993
0.015729524975842811
0.015484351754060755
0.016546648917110111
0.01612899478301702
0.028743316003360105
0.028866880109555227
0.021121023298600002
0.024156755131995038
0.015672676538037274
0.015855442290767144
0.015839258426052032
0.018065660010477869
0.013390863751244243
0.01232377454555399
0.016263362959581085
0.012709141865252427
0.0072905528509313372
0.010360473377194052
0.016020724450053352
0.016340940953781604
0.017599925242242367
0.024096534312952205
0.024618473654419257
0.024648733117162543
0.022911223658413245
0.03561048240264468
0.034479083239330792
0.027098747417144606
0.025324269949165878
0.019703443661799137
0.012740796308724104
0.010251777616468893
0.0093576418872080413
0.010222661441237761
0.012684200243484996
0.016388063863445209
0.021171322407026946
0.02491128533095072
0.027604589617993756
0.035573751263555199
0.0224665591403461
0.021878563694077161
0.017244088132108277
0.014899523157259587
0.013034486868731737
0.016492745118854311
0.01203859041870069
0.0086451985724243213
0.0069228028766717296
0.0065705396444147666
0.0066848773829075283
0.017515323176894401
0.02391468662257229
0.025192613589432131
0.026680600743870967
0.028765021515129288
0.029259705981935315
0.042362505374110342
0.037081271569840639
0.029550699679714916
0.020435997460777712
0.014475903156719865
0.0095020671687468805
0.006256667615188889
0.0053704984703282612
0.0067846301223737325
0.010064689113426988
0.015181443781052415
0.0211705608292059
0.035028452049044104
0.030165167302929841
0.039431981982560184
0.023759268718259851
0.022278312235435919
0.020195834115730681
0.016338729312796757
0.018827343604007066
0.012699779734598781
0.0074902094450555673
0.0049846481865064912
0.0046290880225418243
0.0064674222262496635
0.007860650693003594
0.013043649392645677
0.021860382768832603
0.029354335978034121
0.034467994826442229
0.036826438475269598
0.020061572936366397
0.032621668770542907
0.02450424248264059
0.023640514315785122
0.020043069739854941
0.013783234747473635
0.0086502068902788963
0.0062348133128357934
0.0035492046347644565
0.0037287896417065127
0.0087033817253237347
0.014829288032631296
0.021505556606710236
0.035641032035502174
0.033012289657140849
0.042347717420004871
0.025514206955497984
0.023594147584607185
0.020298011121798337
0.016127107601199578
0.018232154710795333
0.010326095140507072
0.0059096198693680581
0.003468425438007254
0.0033960738144884254
0.0056992033082863694
0.00785603608055465
0.010514240033229701
0.017271460284474592
0.021289242451508004
0.024272793501200127
0.025758873739779423
0.022338449852574476
0.038364814629673394
0.029098164327796702
0.026558552224280139
0.021921211781552669
0.014792123053116772
0.0092857100837667704
0.0042322276752960325
0.0020372833956779934
0.0027210825459083937
0.0068041795904281652
0.015687331458681404
0.023914483466177375
0.03902985586703648
0.040072707492108881
0.048392271100477044
0.028785531344684735
0.026427480714920841
0.022426917393096314
0.022085060307505931
0.017234135245608542
0.0088737646676463611
0.004201705237888642
0.0020340302672034777
0.0027214217029827136
0.0061603172837465039
0.011876759549758175
0.010799137142531643
0.018958895008043219
0.023788100489748724
0.027364091180761871
0.029124300628247533
0.033154082764668191
0.043461927410709533
0.030716237574988408
0.035364186894160217
0.021782670259128327
0.015262614277711988
0.0078197340134794815
0.0068783716243331836
0.0054163098264818424
0.0063343794473856721
0.013547115023348032
0.017448887234606678
0.024112825409407613
0.037285113351901378
0.028512676076877998
0.037211761118985755
0.021081318615134452
0.01947073105810751
0.016908307881398531
0.020344552203618294
0.019373588809247867
0.010382033416400772
0.0068355430992535693
0.0054012180292744138
0.0063300911120848218
0.0094707737575532875
0.014850319708289639
0.014232871242623334
0.022496427107788642
0.029630301703353814
0.03357439291864401
0.035498501925769414
0.029557890623697323
0.042428131344842246
0.02619995507779441
0.023538059821467418
0.027983865664735447
0.023651602567580202
0.014481502998996676
0.011429898754951758
0.011975707295173787
0.014857319602241783
0.016131161719710126
0.019087016991320184
0.018162520620852596
0.031662843036104393
0.034776133535473867
0.044666182875959283
0.025488644326021832
0.023638941332742632
0.021041109488988949
0.011469452766853782
0.01509643208607046
0.015799285603870596
0.011617152208780623
0.011140406965477247
0.01217403269061779
0.014539451962627452
0.012290094635200553
0.018386101036146466
0.023185218276796111
0.024890858863183513
0.034644334790058087
0.036035768289763848
0.02300504449073695
0.033566671235437259
0.03227752781430341
0.028957421312984771
0.024873844586363731
0.028134545922425799
0.02030747288866919
0.020007985733753855
0.020145615154520638
0.020742760739218137
0.021665623480556541
0.017779405028381115
0.030720397659256781
0.030480660430062968
0.028154271189229325
0.03277714251001488
0.02110035901350733
0.020949679260436404
0.019392917156541279
0.01791419157718559
0.016546233322626201
0.015121980186988919
0.02150636850698141
0.019145900642007978
0.016969852668337105
0.016276057081467465
0.017993326281279882
0.018822088581194375
0.025455570718968479
0.026737766798519413
0.02518595888183215
0.025421149917656798
0.019578795103056972
0.021724307163137547
0.027046925834382812
0.025980969906962255
0.026224551145456979
0.018617876537941058
0.033147795477255958
0.02797843351359771
0.028612834029089169
0.02844389373320173
0.021958692916625003
0.031842613472124068
0.02697255274705835
0.023430607096628871
0.02873582558018847
0.031441335205115578
0.021511499222070081
0.023310569899081209
0.019891057498537892
0.01785024590315868
0.018687541681168363
0.015291967492440221
0.019023907659075148
0.01995029257811258
0.020206647896436072
0.019756892039147142
0.022986081343894731
0.025671791368229138
0.021159165584733523
0.01971225590823153
0.020866664360201726
0.020139185176962553
0.0095145487146608473
0.011505407336196764
0.020829575161039747
0.026624877958029147
0.032390893211008874
0.02571833682360147
0.030769647219917481
0.035970137759731929
0.037552815179022182
0.037110433609676863
0.035427416593036491
0.031891099828478917
0.022473433000516085
0.02468665913807323
0.021231637759132397
0.021231609476514549
0.013680946819173785
0.015370456450128059
0.018460310920890056
0.024222928520794246
0.020498206011754991
0.025011247232364926
0.023270413648176894
0.024792309928057202
0.024910866929047204
0.023612181101555677
0.024239198414000945
0.027018488258550369
0.019318403230559479
0.017417272653711183
0.01289960119384247
0.010024261573589897
0.0051616628914892019
0.0064805346816835425
0.010473695049324496
0.01953058615976162
0.032230149824261492
0.055291916091403229
0.03702222513333954
0.039033196865904278
0.038344595622260884
0.035107994105422022
0.039510342966384608
0.029658577095033646
0.027035755440723307
0.019857877390652579
0.015477602213675569
0.0117320485752586
0.0091042057565649519
0.01071383576650561
0.013895156385014117
0.022180420548259513
0.021751614135407646
0.028304380120632796
0.023976736941358989
0.028231613866356881
0.028193454538523222
0.026242750095287048
0.026601403089005684
0.024285777691912664
0.019819845284413919
0.013030752181975061
0.0063068119313850132
0.0045445692052188593
0.0021644236263019612
0.0056480627018279618
0.009686568976014517
0.018472333985745201
0.027560287738913863
0.030562975229371479
0.036529420513162721
0.040253823828075005
0.041069966696876126
0.034665492714637348
0.041139940156761291
0.032140005478357749
0.025205923515889576
0.018911793588184869
0.010379495280324133
0.0056163007153800983
0.0042366895172809638
0.0069322448152538477
0.011974381865099902
0.018908772661073589
0.025444562533471785
0.030347042600639314
0.032016553089500355
0.029748523357045305
0.029560071567442441
0.032111261070231982
0.027759569556591264
0.024478723952745921
0.01811107300395275
0.010182662362609595
0.0046046467668797823
0.0018004784576987783
0.0019155525054126684
0.0047573437457525099
0.010357048364089898
0.018236347002445044
0.02232271281000716
0.028923797532130372
0.027371016792357476
0.029118402776032021
0.028807859551762047
0.031185140306737278
0.028997839070476619
0.022804415493034243
0.021351116266916468
0.013235115456867112
0.0060940568403958497
0.0017869394232946038
0.0020998483414663019
0.0054718422138023484
0.011421223780121189
0.017976959271646675
0.024470272494047159
0.034260404278771799
0.035036181328780565
0.039979219200415993
0.041041513898272666
0.037300476038623596
0.038312420395816407
0.030390985752073638
0.0256473614279751
0.016307813788551978
0.0079442092298049136
0.0024487172928453356
0.0048271197712987622
0.0066053166996956243
0.0098960787107123561
0.018997136296664462
0.021385345764150031
0.027656745961188389
0.02517058725052617
0.026436226981375082
0.026052554533727568
0.029332907651864807
0.026527139722746503
0.02592359498219424
0.018883402639301168
0.0098053739613561623
0.0047677515863644247
0.0023976252530360453
0.0030333353688774913
0.0053811896649428219
0.010924504785238612
0.02024486464767479
0.02767420254861858
0.036450868381762182
0.041254828966381919
0.035840661481181792
0.03707732105662162
0.037035435496827127
0.03529824252251014
0.026296812817069453
0.026640894893751054
0.014296905127064524
0.010397355625422794
0.0076206092563983448
0.0090847367450903934
0.0091194837455888279
0.015771595275130442
0.020123731605026857
0.018585172853271478
0.025050160611554382
0.021510901946216826
0.022103198071988222
0.021701025026376438
0.025762517283941699
0.023050784460313528
0.026681767697527572
0.02137143503129001
0.015844435058225931
0.0076111993837589499
0.0060074265604603177
0.0059945460213990959
0.0098506959036037123
0.018675721733614051
0.025182784537181199
0.03609990326730806
0.03340368622190952
0.037275797495230342
0.031912301274359914
0.036495346526000207
0.034100105986144047
0.027392928131665807
0.032975028130250529
0.021456551869460373
0.020003210419930268
0.014531995618237972
0.015741664588876585
0.016826929126949771
0.018200068893377021
0.019697500429791744
0.016551897126719926
0.020223293250164677
0.016164166693953434
0.016946782264233455
0.016773992495387365
0.016414965852910857
0.021452444142020664
0.019106199222496085
0.025380539223772446
0.023870938336088724
0.020738721227303403
0.017272268618925887
0.015571936686385958
0.014200118728216105
0.018525692762361056
0.024967459609572862
0.027984516392895044
0.030488017621302814
0.024801786064970455
0.030682366275274976
0.026014866808073665
0.025810946062138001
0.025233113149627721
0.020756189353684527
0.029509367896741624
0.027918486623404713
0.020971296684406789
0.025719432914731253
0.025983176644436664
0.018627786167711428
0.018580140450099845
0.018194292699671565
0.019922002798254144
0.018706653034333786
0.022922040300069894
0.019239601927582391
0.016046621318119892
0.013628190145328754
0.0073099127050105456
0.020038019280197609
0.016688536922593915
0.025568221723436483
0.026275954653028469
0.024352646274776079
0.022752958029781157
0.019132461000313506
0.025476414213749778
0.034312508376576067
0.029090038802541244
0.021986071941562824
0.026361247024058482
0.023288007347416106
0.018025456234789777
0.017331532531106048
0.01752870935510489
0.018545342604660207
0.017597477538196366
0.028729981453982468
0.032022720945875188
0.02462887338730143
0.028518271949992086
0.02823453271321185
0.026905139473785315
0.019209699037325015
0.016351579183135997
0.021734819583744538
0.017116805500618518
0.011143689041726164
0.0089009856020325455
0.0085106462816705829
0.0076255249500809669
0.012928178714392393
0.020439540094929733
0.022166458485170345
0.024836454388573213
0.033760753884675074
0.034613917161108225
0.026554501124437843
0.04356841231490536
0.035859083900486484
0.030527527889929351
0.02795444129674626
0.022077899295939379
0.012358789833400247
0.009505196745061114
0.010094137240789265
0.012684481698547322
0.015466912520198944
0.017727379049658921
0.019747721731060475
0.031955250767466234
0.032761984516476286
0.042299996965686891
0.025617810176346841
0.023874183953993287
0.022602478566717696
0.020130238762707964
0.01955508792886523
0.011291396514425419
0.006520658231004014
0.0039132763019514094
0.0038944679339664489
0.0064559626556212777
0.0090315524055348973
0.009713609961695931
0.025604427409034521
0.033532501572412228
0.038724627017384376
0.041587618304536944
0.033088440979583258
0.048613711126244165
0.04256792987825174
0.035856712136040081
0.026941166853345667
0.014304821869268892
0.008836514337904864
0.0057373604627193485
0.003933299901158707
0.0054192947391022914
0.010977789700660219
0.017703347243618463
0.023207118450430983
0.036368925960775053
0.032610804753375473
0.045377405072696102
0.02953789965159696
0.027187705320746616
0.023079150461991826
0.022441233613849719
0.017597436931835513
0.0091917234985961008
0.004091966488240931
0.0015141418239030238
0.0018703478711387357
0.0051058978974216377
0.010778702596182188
0.009891891533886971
0.018788614001502071
0.023919707309611144
0.02777680711453653
0.029754566927199383
0.023108405678888451
0.038057083894369965
0.029214943701048973
0.027929755804442437
0.027683360762448823
0.01370100374897994
0.0084527525536119783
0.0041296048697821225
0.0015188070857827223
0.0018671117275876846
0.0071293358225274408
0.016258726400447336
0.023595914304012457
0.039521369481277088
0.041195705342457291
0.049171876719619187
0.028785531380600832
0.026427481010207938
0.022426917640522442
0.022085060458264732
0.017234135246312073
0.0088737647284276595
0.0042017052287898933
0.0020340301417841643
0.0027214216957806756
0.0061603173294675758
0.011876759616702287
0.010799137171643937
0.018958895118448206
0.023788100466110226
0.027364091241942702
0.029124300404344154
0.022338449325722893
0.038364813855209311
0.029098164428677201
0.026558552532322605
0.021921210994782045
0.014792122723136859
0.0092857105648320153
0.0042322278198639769
0.0020372833777874862
0.0027210826682695227
0.0068041791676965802
0.015687331477701648
0.023914484946938808
0.039029857455984147
0.040072509388167185
0.048392271572384495
0.021081319508465396
0.01947073095431277
0.016908307784201736
0.020344552437156337
0.019373588970685935
0.010382033513837008
0.0068355431129612622
0.0054012179982540313
0.0063300911809937074
0.0094707737801949191
0.01485031968291378
0.014232871256743494
0.022496427049111849
0.029630301741729745
0.033574392891217102
0.035498501892179381
0.033154082753447743
0.043461927728397902
0.030731539162871736
0.033835668579878658
0.021782670514898045
0.015262614381211386
0.0078197343915184601
0.0068783715135131152
0.005416309869252723
0.0063343801766127771
0.013547114256443673
0.017448886278635788
0.024112827195566833
0.037285114472905799
0.028512674152077765
0.037211762892565059
0.025488644857112355
0.023638941361298915
0.021041109396559919
0.011469453152889953
0.015096432340559773
0.015799285867403583
0.011617152309251387
0.011140407050433579
0.01217403271724414
0.014539451877172802
0.012290094619942668
0.018386101044604954
0.023185218164598013
0.024890858779610715
0.034644334537194038
0.036035768058073528
0.02955789038221221
0.042428130378304472
0.026199954124032653
0.02408723536457116
0.027983865760615675
0.02365160256101035
0.014481503145250034
0.01142989869392338
0.01197570722177374
0.014857319305491204
0.016131162695323074
0.019087017207548466
0.018162522532049485
0.03166285043856016
0.03477613384838079
0.044666180769361824
0.021100358819634416
0.02094967900564508
0.01939291730680821
0.01791419191518934
0.016546233666248467
0.015121980185427278
0.021506368606912647
0.019145900536623697
0.01696985295732565
0.016276057118313803
0.017989421332909098
0.018822088572822988
0.025455570926437233
0.026737766516181979
0.025185958640224559
0.025421149697254231
0.022342269926280078
0.03325934818344542
0.032277527525522785
0.030146314898469181
0.02487384383999568
0.028134545923978991
0.020307473258319237
0.020007985212718283
0.020145615400935971
0.020742761313469277
0.021665624519953498
0.017779406520412672
0.030720400553663197
0.030480658535843856
0.028154271097705373
0.032777139151933178
0.021511499881734276
0.023310569971792604
0.01989105783314413
0.017850246153323483
0.018687541707483088
0.015291967766056928
0.0190239079103981
0.01995029303177662
0.020206648025716183
0.019756892090711221
0.022986081151983976
0.025671790800151775
0.021159165330849491
0.019712255429512104
0.020866663897292789
0.020139184809687873
0.019578795030785228
0.021724306788792187
0.027046925641843682
0.025980968778935382
0.026224551695257305
0.018617876591721403
0.033147794228489139
0.027978433793790353
0.02861283468164131
0.028443894138818596
0.021958694005306402
0.032399375717519982
0.027331676027820502
0.023430606467613437
0.028735813155890483
0.031441335961626127
0.013680946951561614
0.015370456502931876
0.018460310919336788
0.024222928472385264
0.020498205842768402
0.025011248422833456
0.023270413672517719
0.024792310005113755
0.024910867055252868
0.023612181533414867
0.024239198975982802
0.02701848836501336
0.019318401674526288
0.017417272079923586
0.012899601514148573
0.010024261496414444
0.0095145487586283106
0.011505407259965938
0.020829574508508298
0.026624878018378706
0.032390891679204697
0.025718336334222467
0.031815413721912468
0.036193062353543935
0.037552816846116541
0.037110434319581408
0.035427417299065657
0.031891099105384201
0.02247343266420905
0.024686659440483035
0.021231636276959218
0.021231610704873095
0.0091042057172748443
0.010713835759332846
0.013895156254698612
0.022180419619958001
0.021751613920338302
0.028304380272729
0.023976737178521786
0.028231613943205572
0.028193454764230696
0.026242750264870069
0.026601401616118327
0.02428577489201177
0.019819845732782334
0.013030752571531301
0.006306811885593757
0.0045445691485070851
0.0051616628487954792
0.0064805346711748098
0.010473694998376649
0.019530585780719194
0.032230149928361367
0.039742624095256723
0.03702222483619011
0.039033197598736878
0.03834459560088805
0.035107994250204007
0.039510343210493272
0.029658576335986269
0.027035755135226876
0.019857877487355621
0.015477601561685945
0.011732048858060959
0.0042366893787611276
0.0069322446779428604
0.011974380977700205
0.018908770918143226
0.025444562059453335
0.030347042062689907
0.032016553273819734
0.029748523368840766
0.029560071634269349
0.032111261789697525
0.027759570589132188
0.024478725177178796
0.018111073391458902
0.010182662508567406
0.004604646668012931
0.0018004784272259576
0.0021644236423952706
0.0056480627324731253
0.0096865691327377487
0.018472333424237493
0.027922605232832316
0.030562975009240753
0.036529420720140628
0.040253822990586323
0.041069967200574764
0.034665493214047792
0.041139939646047487
0.03214000516050735
0.02520592338534846
0.018911793888316517
0.010379494869668311
0.0056163007526034252
0.0020998483320947298
0.0054718420539681773
0.011421223825364812
0.017976960112065458
0.024470272924305238
0.03426040452784946
0.035036181255701432
0.039979219429500945
0.041041513448412059
0.037300477668920293
0.038312420391084706
0.030390983160048873
0.025647361799447037
0.016307812467887161
0.0079442098712911163
0.002448717313180567
0.0019155524828590887
0.0047573436723524799
0.010357048273152772
0.018236346646281817
0.022322713365126312
0.028923797348028281
0.027371016878714901
0.029118402820185293
0.028807859603261109
0.031185140179609671
0.028997838429989681
0.02280441485724035
0.021351116260285664
0.013235115422190939
0.0060940570814102275
0.0017869394417914537
0.0030333353853336776
0.005381189801123413
0.010924505087541638
0.020244864966989462
0.027674202432881646
0.036450868537713857
0.041254828626251322
0.035840661741758199
0.037077321288725908
0.035955343839622719
0.033438044781701669
0.02629681357987082
0.026640894030415807
0.014296905190280006
0.010397356021294643
0.0076206089366638698
0.0048271198025759349
0.0066053169017645068
0.009896078720868973
0.018997136187108757
0.021385345868314285
0.027656746098946732
0.02517058727317591
0.026436226923136564
0.026050742317119593
0.029332907710520134
0.026527139374695807
0.025923594782826999
0.01888340284361056
0.0098053740249213726
0.0047677516322266926
0.0023976252475847639
0.0070457956869902881
0.009850696028690608
0.018675722073610925
0.025182784161614756
0.036099903391593212
0.033403686177600381
0.037275797506829286
0.031912301116483632
0.036495347151766833
0.034100105922096072
0.027392928758445713
0.032975030704219387
0.021456551653323629
0.020003211194996571
0.01453199537487505
0.015741664613396666
0.0090847365332241449
0.0091194838051356624
0.015771595427318735
0.020123731737461556
0.018585172878454966
0.025050160714107469
0.02151090195618046
0.02210319806414314
0.021701024901563296
0.025762516914195732
0.023050784387296529
0.026681767452468808
0.021371456418000912
0.015844435261268244
0.007611199586513866
0.0060074263837009379
0.016000348907256202
0.018525693941702063
0.02496745794084557
0.027984516853953673
0.030488017346972957
0.024801785666902821
0.030682366076179027
0.02601486697398369
0.025810946224978242
0.025233112940937635
0.02075618947125913
0.029509367590454888
0.027918486415933044
0.020963918093996017
0.025719433691666824
0.025983177416801211
0.016826928739119045
0.018200068297320626
0.019697500479273791
0.016551897498713882
0.020223293397652609
0.016164166699096615
0.016946782262590412
0.016773992662132069
0.016414965891365603
0.021452444255439213
0.019106198904397725
0.025380538906862409
0.023870938281038243
0.020738720732823502
0.017272268841220073
0.015571937624535785
0.019132460345795486
0.025476413943940089
0.034312506949012694
0.028841848950150843
0.021986072253602149
0.026361247294884996
0.023288007230017109
0.018025456189055534
0.017331532961251533
0.017528710378765765
0.018545342724700216
0.01759747743489385
0.028729980226429839
0.03202272087963412
0.024628873367523368
0.028518270482737834
0.018627785878175891
0.018580140998781133
0.018194293390570649
0.019922003144146008
0.018706652852763787
0.02292204042226019
0.019239601436922247
0.016046620182892411
0.013628190769222333
0.0073099126435933227
0.020038019064623169
0.016688537162101735
0.025568221892547788
0.026275954511609974
0.024352645890972347
0.02275295760100466
0.026554502181665517
0.043568410637900422
0.035859081810987181
0.030893396727901729
0.027954442139788753
0.022077899197667023
0.0123587896514458
0.0095051966283983373
0.010094138123529755
0.012684481545218963
0.015466913731895619
0.017727377476974122
0.019747720032031148
0.031955249807801733
0.032761976999941475
0.042299989690725112
0.028234536130391456
0.02690514203271533
0.019209698362443548
0.016351578880138856
0.021734819399037819
0.017116805291847934
0.01114368882591244
0.008900985467034668
0.0085106460437382857
0.0076255248589121825
0.012928179650803532
0.020439540652097694
0.022166458755302855
0.024836454806676126
0.033760752995010648
0.034613916639176415
0.033088435844736967
0.048613710589245795
0.042567929277978457
0.035856708404522104
0.026941166017156532
0.014304822387380846
0.0088365137069332158
0.0057373600233808957
0.0039332998156415477
0.005419294761853947
0.010977790290752333
0.017703346732603851
0.023207116108093184
0.036368914332147402
0.037736942496157222
0.059771936183322473
0.025617807064865765
0.023874179482487476
0.022602476753411285
0.020130238570628727
0.019555088061101844
0.011291396363442683
0.0065206581763088368
0.0039132762983428064
0.0038944678553946297
0.0064559622905960967
0.0090315527278350457
0.0097136101061441223
0.025604427555150126
0.033532502117284452
0.038724628085192538
0.041587615997552507
0.023108405717999974
0.038057082986738919
0.02921494368071377
0.027759898711807823
0.022246798462498475
0.013701004535698317
0.0084527528066062688
0.0041296046680353556
0.0015188070998438817
0.0018671116724912552
0.007129335913217595
0.016258726407138931
0.02359591339626102
0.039521367318465256
0.041195702423154464
0.049171878796341058
0.029537897978947784
0.027187703623432102
0.023079200110127963
0.022441233421554831
0.017597436911670511
0.0091917232655144166
0.0040919664272650123
0.0015141418296622116
0.0018703478473999871
0.0051058977877938535
0.010778702545315327
0.009891891582341529
0.01878861403290066
0.023919707424987405
0.027776806979681781
0.029754580019080761
0.024368806744524102
0.041634905630671751
0.031506911046708816
0.031669072549103609
0.023155077420522155
0.013495103457207508
0.0076347410063903401
0.0028290650506941424
0.00072338036727804221
0.0018354998263475798
0.0059741845787186594
0.018755162488464462
0.024963181528359715
0.039038835801205145
0.047759334739555549
0.052089015974468501
0.031152664229097616
0.028548096402932582
0.024065956697504574
0.026453071177692571
0.015715026984470339
0.0077399540564755346
0.0028035664336802765
0.00072092275824502117
0.001830287652277702
0.0059654560259464976
0.012561181763024357
0.013692931758373238
0.019279000175196553
0.025237524160897463
0.02936791049805796
0.031453327902156783
0.03531108714496152
0.046396354341785399
0.03344030809899632
0.03693398182126343
0.022962790308119371
0.016529423935859631
0.010277477182209298
0.005467135759863578
0.0040125759015779651
0.005317040124100442
0.0092560024933256366
0.017425508995982563
0.025227147464036571
0.039408463840879246
0.036394686039836026
0.041808870664802399
0.02290005645551044
0.020767253691885722
0.018851416915524756
0.023412713147848537
0.018472969468169363
0.009313249695641913
0.0054250179585683955
0.0039976203251503211
0.0053051358044541325
0.0091155159816063928
0.014889357097666731
0.012192345870600883
0.023554964529086918
0.031252661313434293
0.035642433160234112
0.037814891472200636
0.030173230903953293
0.044428984874636493
0.037767857019245732
0.024953374638578447
0.029500456136717444
0.024653228308092141
0.014946798463136308
0.01136213674658609
0.010050035266702152
0.011417203643374214
0.016968356424261161
0.014291583716609586
0.019396966036298053
0.03489495150849916
0.040622282671539771
0.051580695359258813
0.03254174371168659
0.029796933592025298
0.023847651342588424
0.012416856827487111
0.01731223269741633
0.012792653576813466
0.010548805028745339
0.010014130821548383
0.011314101330585817
0.014214864998391936
0.014610732247726474
0.01915270348096474
0.024074521070560569
0.025788727297850891
0.035792597199360641
0.03720602291086772
0.021539613482265327
0.03358081874724278
0.033985754525261203
0.028208707731791221
0.026699486585653107
0.029578099733312303
0.026841064637473329
0.019734900748225395
0.019794222972852982
0.02054607968440696
0.021824425946966569
0.016698615842709215
0.032293612268839617
0.032778446593926508
0.030856357428576307
0.036496464968485923
0.023852488076565193
0.02340031239320552
0.022203323013435871
0.01913877685353256
0.019150249204510382
0.019803747431417211
0.02098475319177065
0.017882512349332049
0.01616016044687766
0.013748531180085094
0.018972800627247086
0.0196673885381599
0.026448993637900285
0.027403282165227454
0.024877359961031194
0.024872520289140804
0.018795092313967098
0.0246673648090159
0.027100119586647944
0.026507283563813731
0.02495232310801979
0.02249455049312105
0.035414450204679711
0.028534462354555888
0.029179210759937641
0.029114571165970049
0.022736484002023528
0.033469349534012621
0.030508197557603062
0.024799934934954863
0.030462203778995306
0.033954929726593586
0.020610350686742371
0.022372138333016166
0.026426291926720514
0.01901373243284046
0.018901971552420099
0.013396968504482482
0.018878959056114843
0.019754532203017764
0.020070136324424403
0.019779853333165717
0.022478906034443368
0.027134046671155407
0.021752585804500377
0.022153376024098163
0.019966208601376746
0.019363679581723151
0.0077593997495103272
0.010044107638427282
0.0207026027312886
0.027146344874644006
0.034053493102011813
0.027166750384387491
0.031693187786266966
0.037140123594019227
0.039275754072169322
0.039311832264389522
0.042314802735388242
0.033435426050900295
0.030740249630433022
0.02552200109754885
0.021594535001697453
0.022389869735701194
0.015103371897367851
0.015216136762706464
0.017736403668191947
0.025586512443422204
0.020780628326926769
0.030486086143649505
0.023745184516293299
0.025339914905140089
0.025528536102000367
0.02428651265854807
0.026001401107057228
0.028864507174087225
0.022583605633211414
0.017000630711290626
0.0089913679158172694
0.0081608553914994594
0.0035573991914871986
0.0054696154340834191
0.010244186235415535
0.023044853188900739
0.033681300043879918
0.041979756811678634
0.038685146587942414
0.041048117322711276
0.040554912513898339
0.037330717165707274
0.041616865499768951
0.03150551229112853
0.028851369657936242
0.020758490147380775
0.014809485768687909
0.010429402608190671
0.0076637334559620544
0.0095901622461108463
0.013621896521860289
0.02069488867238645
0.024669155783632227
0.029141433775678464
0.024954669104270119
0.029520274462043306
0.029552127740731994
0.032615153529385821
0.028533973442055841
0.034308179120859428
0.020768267345753974
0.010023773416870134
0.004962136477554239
0.002962611454114591
0.0009001924039239356
0.0044801617708829494
0.010277375496665993
0.022256834013315522
0.032450582792787813
0.03346886989344381
0.039361254159765775
0.043200098185390556
0.043834634271032229
0.03703476524830656
0.044130201545724827
0.034597899457016461
0.026612463752142282
0.019255725631825118
0.0089408499705617359
0.0038535778728287953
0.0027530513876465432
0.0057122117465761586
0.011452053481278252
0.01857519200478536
0.028924896852518964
0.031918046093228153
0.033651741251169764
0.03166345598984073
0.03153413136416848
0.033298980008041962
0.029684222826903653
0.02785376916568448
0.018886121384851597
0.01006439505126383
0.003779180835103597
0.00059003524780981286
0.0014875469519315206
0.0044576904281219149
0.010405237631205943
0.016483348254942482
0.027999830262685915
0.030456853866087801
0.029387669262479904
0.03144917694119264
0.031178545031952529
0.033778910870358926
0.031329238876392211
0.023974906038021934
0.022432175621811205
0.012516861707463089
0.0049897220110235001
0.00058736506562695706
0.00088259844199948753
0.0045118390229257543
0.011098254845311805
0.018080779517437431
0.029972423145237872
0.033921330903737383
0.03863625860051656
0.042928052041732737
0.044343331330223529
0.045563238704787783
0.040855555043358756
0.031795859850558668
0.027174918859660925
0.01670647369473666
0.0077747860869642402
0.0018236537696045203
0.0054692802532343744
0.0071777073459931571
0.011439176232621622
0.01977277827489124
0.021589777865599673
0.02891425532296241
0.027333080129393166
0.028909708629779707
0.028539739630838994
0.032391092932208133
0.02908769533079145
0.027788979664746746
0.020981015894889661
0.010009840341245024
0.0044726266600586583
0.0020929331427379494
0.0026142785469081206
0.0056491305478142823
0.011852525007884581
0.022391985542170763
0.029505990977869392
0.044944702706342328
0.045438580109148093
0.038960842617852834
0.040468992951874887
0.03615914320185417
0.035726195438694631
0.030787856628330047
0.025768755366968113
0.015482625267932195
0.01117172157955169
0.008597568317078438
0.012311550110756729
0.010513315717881012
0.012752661588439877
0.021163928328630691
0.019682674773245864
0.025956287643689124
0.023572993666468121
0.024426064925069924
0.024012330816452286
0.028934935831531089
0.025593902984916792
0.028592279460434085
0.022576611304786276
0.012099240518852149
0.0080364385527559642
0.0063105263771092435
0.0062383311966652134
0.010792791799663273
0.017676460989637495
0.027173950493264667
0.037889291842012993
0.036134393625185134
0.039287157481642895
0.036799137591394263
0.039420265607499012
0.039970242922259168
0.034865312690515959
0.035286695158065574
0.030748990637440885
0.02055760096723766
0.016228203449049218
0.018213609027896857
0.016481756955594333
0.02044716366278717
0.021538004803162009
0.017080897161146989
0.017558870774818481
0.018935671318430297
0.018677289708700376
0.018675906702663503
0.018279596692952579
0.023853752658037106
0.021386448072582616
0.027283556512366032
0.02529887565674184
0.021335701040877439
0.018314721956779922
0.014567112048242924
0.013489114001118839
0.020071918424855492
0.025675542392945307
0.029137228226277529
0.032274155329764791
0.026828881374791808
0.034132041035777279
0.028594290554294403
0.028466663031866953
0.027741809587863236
0.022599641030675233
0.030968573268816718
0.035251541297352397
0.037713800520900558
0.025713138952946909
0.029348680102291934
0.020868469705258252
0.020602106463987753
0.019773391955621524
0.017596068544133266
0.019313449563612754
0.022892850089179913
0.020829796060211035
0.017648736277611987
0.015146940076515574
0.013667332991182897
0.016263801011028107
0.017700699041554496
0.026812866361339904
0.026979479611974465
0.02564527210549673
0.025255252149475327
0.022185933630118865
0.027266679297152853
0.036310288629777442
0.027095648480660907
0.022102813461854574
0.028402641166674805
0.025642426819157509
0.019778984019365977
0.019073688213222938
0.019172015443493295
0.020012397048259339
0.01773561060811928
0.029809118259725934
0.037231348097246507
0.027012883558049462
0.031486256540956853
0.030607896375255277
0.029081864743653825
0.024386002602544758
0.01716452501422976
0.022436732394390542
0.017862253880556924
0.011623172849016731
0.0095597151848053809
0.0093986908284241395
0.011133436232793241
0.014145522802710267
0.016092518786952323
0.020897145962440859
0.03283403955052621
0.035290513915305001
0.03619915204191488
0.029533953196349948
0.046061564987410854
0.043682652352338244
0.026366087811226291
0.029483712312496781
0.023751437065705615
0.011637620847523029
0.0094587974741484251
0.010463372551890851
0.013915505087822794
0.017770756786330881
0.014954380497343265
0.020641791782766934
0.034141734802000133
0.035116817807444474
0.045618463402378004
0.027268572182821547
0.025431510384634891
0.023451792933128508
0.024322624187115397
0.019709920351801358
0.010937368088676199
0.0061401223413772178
0.0036965246419024813
0.0040333954371116433
0.0070635478226610884
0.0097394945372686528
0.015320335358595973
0.027783162019640182
0.034904151628650799
0.040428263644352404
0.043516213849129889
0.04112821185682948
0.051677119753171553
0.043902863492274791
0.038939567280046272
0.02864826306168089
0.013381317484801085
0.008233681207056618
0.0062088629819451509
0.0037174117580946
0.004033556667548047
0.011462879208139074
0.019843264636537426
0.024182565894903835
0.035675348803896882
0.037090561307735505
0.048459853222724045
0.038385186613513533
0.028992166819350466
0.024529039727954751
0.02802089861007873
0.01733913465842736
0.0083092249604490281
0.0030542136727689188
0.00061579038272346486
0.0013866349869421854
0.005247474715940845
0.011677566089591578
0.013484952103285411
0.019287061497346492
0.025097602602363166
0.029408651106296924
0.031667606796890839
0.024538398340877964
0.04094784286721858
0.030867979311094487
0.032073987053662448
0.023526539783207911
0.012696975674357264
0.0073630318963458013
0.0030887934508806759
0.00061995903542992668
0.0013872940001211625
0.0070248414689808086
0.017800736839169339
0.024597756987565458
0.04168758744015489
0.043500064536413793
0.05114972948926836
0.031152664993560435
0.028548096072599113
0.024065956740684995
0.026453071233931817
0.015715027050834014
0.007739954080189195
0.0028035663756876715
0.00072092275658424949
0.0018302876362554313
0.0059654560574879814
0.012561181942922868
0.013692931833140421
0.019279000292540455
0.025237524088022822
0.02936791068842531
0.03145332760155034
0.024368806409293904
0.041634905252736318
0.03150691083677807
0.031669073442640798
0.023155078091787244
0.013495103468725395
0.0076347408362683567
0.0028290651645685493
0.00072338039871245588
0.001835499904071491
0.0059741847489457583
0.018755161780951827
0.024963183063571617
0.039038837512447168
0.047759336738889553
0.052089016817153597
0.02290005874976276
0.020767253740598901
0.018851416736259532
0.023412713362845054
0.018472969659573867
0.0093132497896050628
0.0054250182111076038
0.003997620320664432
0.005305135895511617
0.0091155160475196503
0.014889357214793626
0.012192345929315698
0.023554964097533299
0.031252661431227145
0.03564243303841351
0.037814891318166809
0.035311087011642692
0.046396353949554762
0.033440307924094297
0.036933981124089334
0.022962790589306829
0.016529424047027005
0.010277476531142153
0.0054671358698593986
0.0040125758997703494
0.005317040212956251
0.0092560030494260783
0.017425508884465146
0.025227148454678983
0.039408461498766964
0.036394686041066
0.041808875063518318
0.032542938142581468
0.029796933068623317
0.023847651592439782
0.012416857061018513
0.017312232921581672
0.012792653922804703
0.010548805153228149
0.010014130860991047
0.011314101316888016
0.014214864860380696
0.014610732305334216
0.019152703902100086
0.024074521394071326
0.02578872695801656
0.035792596890969669
0.037206022656794728
0.030173230627003122
0.044428984293797096
0.037767855830714667
0.024953374288625426
0.029500455650464517
0.024653228375725332
0.014946798553719819
0.01136213669167109
0.010050035189304155
0.011417203493227451
0.016968356343989459
0.014291584884037001
0.019396968941187941
0.034894961265118811
0.040622290985617829
0.051580686331018248
0.023852489419259961
0.023400311869884304
0.02220332321716862
0.019138777351550108
0.019150248625871908
0.01980374753662165
0.020984753104200411
0.017882512347871197
0.016160160781646414
0.013748531040897419
0.018972800421755979
0.019667388221739909
0.026445853358724344
0.027403281896766038
0.024877359694407068
0.024872520191028921
0.021539613285053414
0.033580818664198257
0.033985754259997503
0.028208708007944037
0.026699485515875181
0.029578100008069607
0.026841064387372063
0.019734900405205622
0.019794222755396693
0.020546376223268378
0.021824427343146054
0.016698616937641866
0.032293614699673588
0.032778453826784418
0.030856359928253401
0.036496460541470419
0.020610352104545135
0.022372138629557069
0.026426292896381244
0.019013732982314475
0.018901971339303325
0.014246920383657023
0.018878959595435774
0.019754532403587034
0.020070136418107006
0.019779853445634914
0.02247890565508916
0.027134045827098736
0.021752585021073394
0.022153375791689908
0.019966208279781048
0.019363679257397452
0.018795092117348599
0.024667364712998609
0.02710011942989277
0.026507283476750881
0.024952323188450639
0.022494550277271801
0.035414450655781637
0.028534461916435289
0.02917921073446814
0.0291145714705239
0.022736485200268775
0.033469350907234297
0.030508200037315733
0.024799933292440856
0.030462973723942556
0.033954929444984634
0.015103371797069446
0.015216137152015521
0.017736403977858615
0.025586512869596328
0.020780628185493109
0.025132201134893107
0.023745184795120205
0.025339915016999084
0.025528536234151102
0.024286513275764903
0.026001402322729059
0.028864505951927404
0.022583606555756482
0.017000629112589285
0.0089913676236496303
0.0081608552630835166
0.0077593996525712186
0.010044107862907889
0.020702602013102697
0.027146344792267491
0.034053492683552573
0.027166749967770604
0.031693187398212322
0.037140124152827865
0.039275754577614931
0.03931183262698601
0.04231480469746951
0.033435426896566603
0.030740249925698467
0.025521999821961655
0.021594532786899098
0.02238987004330438
0.0076637333516543947
0.0095901622799933195
0.01362189725128834
0.020694886631465331
0.024669155139211158
0.029141434158309259
0.024954669192147252
0.029520274621956388
0.02955212793529809
0.032615155431550212
0.028533970356474737
0.025907896055778246
0.020768268603648648
0.010023774572425747
0.0049621364471268692
0.0029626114403928463
0.003557399175243631
0.0054696154167939298
0.010244186170820157
0.02304485303372943
0.033681299735749737
0.041979756701937314
0.038685146432563586
0.041048117515209315
0.040554912644489301
0.037330717299364047
0.041616864659089835
0.031505511929040643
0.028851371420872515
0.02075849044527444
0.014929589651041592
0.010429402768548018
0.002753051386747142
0.0057122117428245597
0.011452051940057171
0.020034371555819074
0.028924898732525493
0.031918045205840309
0.033651741445359373
0.031663455957029241
0.031534131069537931
0.02829136206158164
0.029684224713063749
0.026014717794350189
0.018886122469608732
0.010064395175275359
0.0037791807925884918
0.00059003524563839855
0.00090019240630473255
0.0044801617665840825
0.010277375522141962
0.022256833810809971
0.030686668962083309
0.033468870077057657
0.039361254070450324
0.043200098067617231
0.043834634359964389
0.037034707204757898
0.044130200978136157
0.03459789892420409
0.026612463953998557
0.019255726111824658
0.0091131278249898858
0.0038535778706641852
0.0008825983629265025
0.0045118387718502996
0.011098254706662153
0.02673208402578986
0.029972422560577805
0.033921331261646391
0.038544297250973115
0.043154962815748231
0.044343330643073726
0.047296181628665723
0.040855559805716396
0.031795860336547389
0.027174918990045132
0.01670647326395255
0.0077747867243309621
0.0018236537694984126
0.0014875469273988539
0.0044576903903598818
0.010405237440016885
0.016483348157117658
0.02715590899036999
0.03045685399329456
0.029387669290842848
0.031449176962561894
0.03117915360581313
0.033778910301392538
0.031329237773611997
0.023974905216311682
0.022432176203265528
0.012516861616566639
0.0049897225663235274
0.00058736512901684339
0.0026142786107603354
0.0056491307519482108
0.011852525305421078
0.022391986183462595
0.029505990007612209
0.044944703469005344
0.045438580060189332
0.038960843006681463
0.040468993045470039
0.03615914196744939
0.035726244498633722
0.030787857367815679
0.025768755281201292
0.015482625494236683
0.011171721840122823
0.0085975681944961205
0.0054692802524982896
0.0071777073336306502
0.01143917638325761
0.019772778238494351
0.02158977797269393
0.028914255474373735
0.027333080167761883
0.028909708618151168
0.028539739705842292
0.032391092771645501
0.029087695081181912
0.027788978381664668
0.020981015940366221
0.010009840446552277
0.0044726266784702049
0.0020929331160325108
0.0062383311468194825
0.01079180250015891
0.017676461396410943
0.027173950905416522
0.037889292209757695
0.036134393509252759
0.039287157305114388
0.036799137719467946
0.039420265384114118
0.039970244340155947
0.034865307621291107
0.035286696201277688
0.030748990551420628
0.020557601145827834
0.016228203362524649
0.018213608965553366
0.012311550158767597
0.010513315612518332
0.01275266158672181
0.02116392843556586
0.019682674923617669
0.025956287759191635
0.023572993748908883
0.024426065067858327
0.024012331043028592
0.028932111496948049
0.025593903000841432
0.028592279061040358
0.022576611490336487
0.012099240724141209
0.0080364387482120513
0.0063105263664927393
0.013489114286290863
0.020071918773051048
0.025675541675669787
0.029137227798426483
0.03227415491123025
0.026828880986453814
0.034132040298133298
0.028594549128977416
0.0284666628533548
0.027741809261097705
0.022599640515383924
0.030968574138957101
0.035251542105120888
0.037713800344669965
0.025713138979501639
0.029348679774954915
0.016481756793628417
0.020447163123986038
0.021538004604722445
0.017080897313892077
0.017558870921569877
0.018935671219702601
0.018677289657479498
0.018675906986072417
0.018279596835600171
0.023853752451636342
0.021386448243548753
0.027283556551811201
0.025298876140073701
0.021335701359732808
0.018314722496387412
0.014567112127882365
0.022185934350557643
0.027266678623053708
0.036310287232894346
0.027095647739084825
0.022102813599030866
0.028402641064570657
0.025642426788644822
0.019778983897125037
0.019073688120641915
0.019172015604463407
0.020012397579157855
0.017735610157002809
0.029809118463336819
0.03723134875126189
0.027012883176916875
0.03148625602656642
0.020868469526675211
0.020602106341651411
0.019773392338053603
0.017596068744722543
0.019313449471127613
0.02289285014850297
0.020829795885510809
0.017648735356465762
0.015146937949026522
0.013667340305069714
0.01626380063354636
0.01770069924918586
0.026812866304931036
0.026979478323694905
0.025645272435417719
0.025255252610500656
0.027720477289032201
0.046061565355933941
0.043682652314090159
0.026366087160755645
0.029483712119977711
0.023751437108692774
0.011637620822127647
0.0094587980629735179
0.010463372520481171
0.013915505104311368
0.017770756852326364
0.014954380228468234
0.020641791824754029
0.034141737090294659
0.035116819200607795
0.045618460066443579
0.030607896560020279
0.029081866282754134
0.024386003313601044
0.017164524972265057
0.022436732252792059
0.017862253546433792
0.01162317228512488
0.0095597144705939115
0.014475586913952005
0.013176330394710181
0.014145520651653429
0.016092519307423225
0.020897145932811875
0.032826104940312531
0.035290513286238188
0.03619915322357433
0.034716574519683276
0.051677117871536379
0.04390286433751512
0.038939566394194582
0.028648262307677908
0.013381317593996809
0.0082336814468470642
0.0062088627224928189
0.0037174116909757982
0.0040335566190966314
0.011462878973806217
0.01984326458667195
0.024182564991640447
0.03567534614101435
0.037090553677431248
0.048459859015910163
0.027268577123521747
0.025431511589516984
0.023451792450085347
0.024322624488547061
0.019709920338370789
0.010937367854696419
0.0061401221828589325
0.0036965245833613732
0.0040333951359164079
0.0070635470333713169
0.0097394946301139484
0.015320335000878826
0.027783162353043421
0.034904152175806953
0.040428264141263173
0.043516209618466258
0.024538397974202285
0.04094783999440265
0.030867979617259424
0.032073985225915758
0.023526539048245098
0.012696975786149228
0.0073630321761852116
0.0030887933013559678
0.00061995901431827856
0.0013872939549609421
0.0070248413047724109
0.017800737014486458
0.0245977557611952
0.041687584006963326
0.043500061183821867
0.051149735577228524
0.038385193717840584
0.028992168030494508
0.024529039637597928
0.028020898617453497
0.017339134622400332
0.008309224913315363
0.003054213592631061
0.00061579038369169556
0.0013866350183548096
0.0052474746243774675
0.011677565948602323
0.013484952354522767
0.019287061288033081
0.02509760276902907
0.029408651048161368
0.031667606796622512
)
;

boundaryField
{
    xmin
    {
        type            cyclic;
    }
    xmax
    {
        type            cyclic;
    }
    ymin
    {
        type            cyclic;
    }
    ymax
    {
        type            cyclic;
    }
    zmin
    {
        type            cyclic;
    }
    zmax
    {
        type            cyclic;
    }
}


// ************************************************************************* //
