x_m,r_m,wall_radius_m,pressure_mpa,solid_volume_fraction,gas_speed_m_per_s
0.0006250000000000001,0.0017429800561134887,0.0380275089987,4.7949128228343,0.0,81.71071493911381
0.001875,0.0017429800561134887,0.0380275089987,4.7941016010415005,0.0026925515237737,81.66960122238297
0.003125,0.0017429800561134887,0.0380275089987,4.7930970586652,0.0,81.64951237221486
0.0043749999999999995,0.0017429800561134887,0.0380275089987,4.7920375806814,0.0026925515237737,81.63338594696611
0.005625000000000001,0.0017429800561134887,0.0380275089987,4.7910290007255005,0.0,81.63413514812594
0.006875000000000001,0.0017429800561134887,0.0380275089987,4.7901448197931,0.0026925515237737,81.6598927780588
0.008125,0.0017429800561134887,0.0380275089987,4.7894094600425,0.0,81.71318287479066
0.009375000000000001,0.0017429800561134887,0.0380275089987,4.7887580508546,0.0,81.78585394279521
0.010625,0.0017429800561134887,0.0380275089987,4.788094314734599,0.0026925515237737,81.85962132913282
0.011875,0.0017429800561134887,0.0380275089987,4.7874310889032,0.0,81.92440744278451
0.013125000000000001,0.0017429800561134887,0.0380275089987,4.786721363171,0.0026925515237737,81.97851842487108
0.014374999999999999,0.0017429800561134887,0.0380275089987,4.7859702886368,0.0,82.02478969642132
0.015625,0.0017429800561134887,0.0380275089987,4.7851803702102,0.0,82.06487182915454
0.016875,0.0017429800561134887,0.0380275089987,4.784395244606,0.0026925515237737,82.10307343100067
0.018125,0.0017429800561134887,0.0380275089987,4.7836383308988,0.0,82.14528708803464
0.019375000000000003,0.0017429800561134887,0.0380275089987,4.7829138225301,0.0,82.19479319408333
0.020625,0.0017429800561134887,0.0380275089987,4.7821926855189,0.0026925515237737,82.24643954793225
0.021875000000000002,0.0017429800561134887,0.0380275089987,4.781513376611899,0.0,82.29776214824687
0.023125000000000003,0.0017429800561134887,0.0380275089987,4.7808257429938,0.0,82.34891695922325
0.024375,0.0017429800561134887,0.0380275089987,4.7801524298603,0.0026925515237737,82.39706330894212
0.025625,0.0017429800561134887,0.0380275089987,4.7794758340855,0.0,82.44211520766792
0.026875,0.0017429800561134887,0.0380275089987,4.7787908160205,0.0,82.48318807067643
0.028125,0.0017429800561134887,0.0380275089987,4.7780962697162,0.0026925515237737,82.51996399814826
0.029375000000000002,0.0017429800561134887,0.0380275089987,4.777397368712499,0.0,82.5533490164771
0.030625000000000003,0.0017429800561134887,0.0380275089987,4.7766967271171,0.0,82.58602797314033
0.031875,0.0017429800561134887,0.0380275089987,4.7759774835887,0.0026925515237737,82.61573098725496
0.033125,0.0017429800561134887,0.0380275089987,4.7752741034081,0.0,82.63947557563952
0.034375,0.0017429800561134887,0.0380275089987,4.7745668216234,0.0026925515237737,82.65874573157242
0.035625000000000004,0.0017429800561134887,0.0380275089987,4.7739091562623,0.0,82.67821939542443
0.036875000000000005,0.0017429800561134887,0.0380275089987,4.7732002928379,0.0026925515237737,82.70011947616705
0.038125,0.0017429800561134887,0.0380275089987,4.7724761546107,0.0053851030475473,82.7153735687748
0.039375,0.0017429800561134887,0.0380275089987,4.7718950080167,0.0026925515237737,82.72774624560654
0.040625,0.0017429800561134887,0.0380275089987,4.7712254172703,0.0,82.74648031898037
0.041875,0.0017429800561134887,0.0380275089987,4.7705422161671,0.0026925515237737,82.7636418598073
0.043125000000000004,0.0017429800561134887,0.0380275089987,4.7699009768835,0.0,82.77724801677915
0.044375,0.0017429800561134887,0.0380275089987,4.7692744704551,0.0026925515237737,82.78889633307628
0.045625,0.0017429800561134887,0.0380275089987,4.768651128633,0.0,82.80205633235985
0.046875,0.0017429800561134887,0.0380275089987,4.7680230278929,0.0,82.81254041451592
0.048125,0.0017429800561134887,0.0380275089987,4.7674011684213005,0.0026925515237737,82.82134259253208
0.049375,0.0017429800561134887,0.0380275089987,4.7667898432128,0.0,82.82922392660717
0.050625,0.0017429800561134887,0.0380275089987,4.7661967278679,0.0,82.83806482602502
0.051875000000000004,0.0017429800561134887,0.0380275089987,4.7655681543551,0.0,82.84419323221042
0.053125000000000006,0.0017429800561134887,0.0380275089987,4.7649861392776,0.0026925515237737,82.84656590067995
0.054375,0.0017429800561134887,0.0380275089987,4.7644109366612,0.0,82.85061674559691
0.05562500000000001,0.0017429800561134887,0.0380275089987,4.7638490371647,0.0,82.8546538703623
0.056875,0.0017429800561134887,0.0380275089987,4.7632955873136,0.0,82.85748980108302
0.05812500000000001,0.0017429800561134887,0.0380275089987,4.7627589202965,0.0,82.86270913336175
0.059375000000000004,0.0017429800561134887,0.0380275089987,4.7622052897738,0.0026925515237737,82.86901216758771
0.060625,0.0017429800561134887,0.0380275089987,4.7616941364373,0.0,82.87417263362669
0.061875000000000006,0.0017429800561134887,0.0380275089987,4.7611894740981,0.0,82.88159435791552
0.063125,0.0017429800561134887,0.0380275089987,4.760681370428499,0.0,82.88957033574657
0.064375,0.0017429800561134887,0.0380275089987,4.7602058993203,0.0026925515237737,82.89829933791513
0.065625,0.0017429800561134887,0.0380275089987,4.7597384997758,0.0,82.90947106165412
0.066875,0.0017429800561134887,0.0380275089987,4.759286568248,0.0,82.92412037492505
0.068125,0.0017429800561134887,0.0380275089987,4.7588259310272,0.0,82.94112406036008
0.069375,0.0017429800561134887,0.0380275089987,4.7583797659361,0.0026925515237737,82.95816934699694
0.07062500000000001,0.0017429800561134887,0.0380275089987,4.757969988441101,0.0,82.978760291612
0.07187500000000001,0.0017429800561134887,0.0380275089987,4.757574068535701,0.0,83.00716517116527
0.073125,0.0017429800561134887,0.0380275089987,4.7571689120795,0.0026925515237737,83.04320493985877
0.07437500000000001,0.0017429800561134887,0.0380275089987,4.7567769446631,0.0026925515237737,83.08401094874404
0.075625,0.0017429800561134887,0.0380275089987,4.756428121010099,0.008077654571321,83.13390747985999
0.07687500000000001,0.0017429800561134887,0.0380275089987,4.7560733243368,0.0053851030475474,83.19700402128726
0.078125,0.0017429800561134887,0.0380275089987,4.7557329950429,0.0026925515237737,83.27293385081259
0.079375,0.0017429800561134887,0.0380275089987,4.7554454810085,0.0,83.36613560361148
0.080625,0.0017429800561134887,0.0380275089987,4.7551525035857,0.0,83.47988788659204
0.081875,0.0017429800561134887,0.0380275089987,4.7548535927344,0.0,83.6131121226191
0.083125,0.0017429800561134887,0.0380275089987,4.7546106025827,0.0026925515237737,83.76965541341517
0.084375,0.0017429800561134887,0.0380275089987,4.7543802181462995,0.0,83.95699925073257
0.085625,0.0017429800561134887,0.0380275089987,4.754172685048401,0.0,84.17662117728196
0.08687500000000001,0.0017429800561134887,0.0380275089987,4.7539846045274,0.0,84.4336166825278
0.08812500000000001,0.0017429800561134887,0.0380275089987,4.7538294466549,0.0,84.73842401290189
0.08937500000000001,0.0017429800561134887,0.0380275089987,4.7536177307038,0.0026925515237737,85.09024517573737
0.09062500000000001,0.0017429800561134887,0.0380275089987,4.753494418471099,0.0,85.49242590569752
0.091875,0.0017429800561134887,0.0380275089987,4.753370722257199,0.0,85.95820438764682
0.09312500000000001,0.0017429800561134887,0.0380275089987,4.7532408889292,0.0,86.49014467666031
0.094375,0.0017429800561134887,0.0380275089987,4.753102388916299,0.0,87.09058640543383
0.09562500000000002,0.0017429800561134887,0.0380275089987,4.7529465587587,0.0,87.76243046095702
0.096875,0.0017429800561134887,0.0380275089987,4.7528029563746,0.0026925515237737,88.51031691783345
0.098125,0.0017429800561134887,0.0380275089987,4.752638567559701,0.0,89.33680932893995
0.099375,0.0017429800561134887,0.0380275089987,4.7524560263995,0.0,90.23823656199886
0.0006250000000000001,0.005106295995464613,0.0380275089987,4.7944083732061005,0.0009886391909098,81.70672524103925
0.001875,0.005106295995464613,0.0380275089987,4.7937728604323,0.0009886391909098,81.71777384511634
0.003125,0.005106295995464613,0.0380275089987,4.792852694966601,0.0009886391909098,81.70992067475184
0.0043749999999999995,0.005106295995464613,0.0380275089987,4.7917658279318,0.0019772783818196,81.68207398438246
0.005625000000000001,0.005106295995464613,0.0380275089987,4.7907046399811,0.0009886391909098,81.66518551016183
0.006875000000000001,0.005106295995464613,0.0380275089987,4.789800784952599,0.0009886391909098,81.6801185566018
0.008125,0.005106295995464613,0.0380275089987,4.7890789702284,0.0009886391909098,81.72865781108771
0.009375000000000001,0.005106295995464613,0.0380275089987,4.7884508310419,0.0019772783818196,81.79793827735219
0.010625,0.005106295995464613,0.0380275089987,4.7878563496375,0.0009886391909098,81.8720098236888
0.011875,0.005106295995464613,0.0380275089987,4.7872350047847005,0.0009886391909098,81.9387000980709
0.013125000000000001,0.005106295995464613,0.0380275089987,4.7865476871086,0.0009886391909098,81.99505702934323
0.014374999999999999,0.005106295995464613,0.0380275089987,4.7858066898181,0.0009886391909098,82.04182653451116
0.015625,0.005106295995464613,0.0380275089987,4.7850321341756,0.0009886391909098,82.08119499191076
0.016875,0.005106295995464613,0.0380275089987,4.7842623590102,0.0009886391909098,82.1192727031508
0.018125,0.005106295995464613,0.0380275089987,4.7835169877435,0.0,82.16055347470841
0.019375000000000003,0.005106295995464613,0.0380275089987,4.782799494425601,0.0009886391909098,82.20900283526377
0.020625,0.005106295995464613,0.0380275089987,4.7820813159901,0.0009886391909098,82.25939247336602
0.021875000000000002,0.005106295995464613,0.0380275089987,4.781407912798,0.0009886391909098,82.30858533785829
0.023125000000000003,0.005106295995464613,0.0380275089987,4.780734612135601,0.0009886391909098,82.35877178952518
0.024375,0.005106295995464613,0.0380275089987,4.7800582248233,0.0009886391909098,82.40631392627799
0.025625,0.005106295995464613,0.0380275089987,4.7793845415363005,0.0009886391909098,82.44986412420562
0.026875,0.005106295995464613,0.0380275089987,4.7787066582110995,0.0009886391909098,82.48999943505041
0.028125,0.005106295995464613,0.0380275089987,4.7780087926006,0.0009886391909098,82.52551530433124
0.029375000000000002,0.005106295995464613,0.0380275089987,4.7773204448438,0.0009886391909098,82.55754603858077
0.030625000000000003,0.005106295995464613,0.0380275089987,4.7766169001061005,0.0009886391909098,82.58882254626042
0.031875,0.005106295995464613,0.0380275089987,4.775910368818701,0.0009886391909098,82.61616151664066
0.033125,0.005106295995464613,0.0380275089987,4.7752144450433995,0.0009886391909098,82.63958166329748
0.034375,0.005106295995464613,0.0380275089987,4.7745227445779,0.0019772783818196,82.66093865564736
0.035625000000000004,0.005106295995464613,0.0380275089987,4.7738402455304,0.00098863919090981,82.6799236007436
0.036875000000000005,0.005106295995464613,0.0380275089987,4.7731588693717,0.0029659175727294,82.69854267083328
0.038125,0.005106295995464613,0.0380275089987,4.772452498744101,0.0029659175727294,82.71478895575794
0.039375,0.005106295995464613,0.0380275089987,4.7718649556556,0.0019772783818196,82.73047374917444
0.040625,0.005106295995464613,0.0380275089987,4.7711762537369005,0.0029659175727294,82.74565652211568
0.041875,0.005106295995464613,0.0380275089987,4.7705237348886005,0.0019772783818196,82.76082512207999
0.043125000000000004,0.005106295995464613,0.0380275089987,4.7698900468872,0.0009886391909098,82.77595049782758
0.044375,0.005106295995464613,0.0380275089987,4.769258027228,0.0009886391909098,82.78930063193042
0.045625,0.005106295995464613,0.0380275089987,4.768624954935199,0.0009886391909098,82.80057713670377
0.046875,0.005106295995464613,0.0380275089987,4.7680043915555,0.0009886391909098,82.81062469111171
0.048125,0.005106295995464613,0.0380275089987,4.7673841022052,0.0,82.8208289074326
0.049375,0.005106295995464613,0.0380275089987,4.766770887901799,0.0009886391909098,82.8281916193593
0.050625,0.005106295995464613,0.0380275089987,4.7661742418449995,0.0009886391909098,82.8356845320561
0.051875000000000004,0.005106295995464613,0.0380275089987,4.765571722184499,0.0,82.84302112332382
0.053125000000000006,0.005106295995464613,0.0380275089987,4.7649751117878,0.0009886391909098,82.84698859264263
0.054375,0.005106295995464613,0.0380275089987,4.764404517779701,0.0009886391909098,82.85091799540669
0.05562500000000001,0.005106295995464613,0.0380275089987,4.763832597055,0.0,82.85571644182849
0.056875,0.005106295995464613,0.0380275089987,4.763274338094599,0.0009886391909098,82.85870028235834
0.05812500000000001,0.005106295995464613,0.0380275089987,4.7627397654805,0.0,82.86293271806194
0.059375000000000004,0.005106295995464613,0.0380275089987,4.7622035625692,0.0009886391909098,82.86996260367766
0.060625,0.005106295995464613,0.0380275089987,4.7616720997819,0.0009886391909098,82.87734198381186
0.061875000000000006,0.005106295995464613,0.0380275089987,4.7611616316441,0.0,82.88514999745264
0.063125,0.005106295995464613,0.0380275089987,4.7606496654676,0.0009886391909098,82.8937034005984
0.064375,0.005106295995464613,0.0380275089987,4.760160650159801,0.0,82.90355135409948
0.065625,0.005106295995464613,0.0380275089987,4.759671661650899,0.0009886391909098,82.91656262677239
0.066875,0.005106295995464613,0.0380275089987,4.7591704224247,0.0009886391909098,82.93079837697118
0.068125,0.005106295995464613,0.0380275089987,4.7587678471166,0.0,82.94857843432919
0.069375,0.005106295995464613,0.0380275089987,4.7582747142529005,0.0019772783818196,82.96945455797251
0.07062500000000001,0.005106295995464613,0.0380275089987,4.7578338620126,0.0,82.99260237602034
0.07187500000000001,0.005106295995464613,0.0380275089987,4.7573979164346,0.0009886391909098,83.02197365026379
0.073125,0.005106295995464613,0.0380275089987,4.7569768184671,0.0019772783818196,83.05915514635154
0.07437500000000001,0.005106295995464613,0.0380275089987,4.7565525153862,0.0029659175727294,83.10375695825473
0.075625,0.005106295995464613,0.0380275089987,4.7561400950068,0.009886391909098,83.15617280110463
0.07687500000000001,0.005106295995464613,0.0380275089987,4.7557229610574,0.0039545567636392,83.22425869741576
0.078125,0.005106295995464613,0.0380275089987,4.7553047755786,0.00098863919090979,83.30309847838214
0.079375,0.005106295995464613,0.0380275089987,4.754941326955899,0.0019772783818196,83.39906732742878
0.080625,0.005106295995464613,0.0380275089987,4.754558194624201,0.0,83.51727531715262
0.081875,0.005106295995464613,0.0380275089987,4.754180008874,0.00098863919090981,83.6565587619189
0.083125,0.005106295995464613,0.0380275089987,4.7537985135206995,0.0009886391909098,83.82073009068739
0.084375,0.005106295995464613,0.0380275089987,4.7534183584501,0.0,84.01308456863794
0.085625,0.005106295995464613,0.0380275089987,4.753054560962,0.00098863919090981,84.23730830066067
0.08687500000000001,0.005106295995464613,0.0380275089987,4.7526938310053,0.0,84.502266536777
0.08812500000000001,0.005106295995464613,0.0380275089987,4.7523279496268,0.0009886391909098,84.81238835821706
0.08937500000000001,0.005106295995464613,0.0380275089987,4.751930925697599,0.0,85.1696610421925
0.09062500000000001,0.005106295995464613,0.0380275089987,4.7515612499436,0.0009886391909098,85.57968728154603
0.091875,0.005106295995464613,0.0380275089987,4.7511773367188,0.0,86.05242668446735
0.09312500000000001,0.005106295995464613,0.0380275089987,4.7507609958759,0.0009886391909098,86.58827764215054
0.094375,0.005106295995464613,0.0380275089987,4.750329283778,0.0,87.1922744372998
0.09562500000000002,0.005106295995464613,0.0380275089987,4.7498855347542,0.0009886391909098,87.86946430894864
0.096875,0.005106295995464613,0.0380275089987,4.749408102255599,0.0,88.62554366894462
0.098125,0.005106295995464613,0.0380275089987,4.748909286789701,0.00098863919090979,89.45913245658666
0.099375,0.005106295995464613,0.0380275089987,4.7483806344673,0.0,90.37258027031271
0.0006250000000000001,0.008232953402748726,0.0380275089987,4.7943702431325,0.0013191844231508,81.82175531054772
0.001875,0.008232953402748726,0.0380275089987,4.7938689182698,0.0013191844231508,81.85511226585595
0.003125,0.008232953402748726,0.0380275089987,4.7930629617532,0.0013191844231508,81.85461815939468
0.0043749999999999995,0.008232953402748726,0.0380275089987,4.7919681636731,0.0013191844231508,81.8093915724412
0.005625000000000001,0.008232953402748726,0.0380275089987,4.790847182251101,0.00065959221157542,81.76624567011093
0.006875000000000001,0.008232953402748726,0.0380275089987,4.789878873296099,0.0013191844231508,81.76030271692561
0.008125,0.008232953402748726,0.0380275089987,4.7891130711973995,0.0013191844231508,81.79513307578637
0.009375000000000001,0.008232953402748726,0.0380275089987,4.7884638678036,0.0013191844231508,81.85439829987226
0.010625,0.008232953402748726,0.0380275089987,4.7878538577595995,0.0013191844231508,81.91944191467529
0.011875,0.008232953402748726,0.0380275089987,4.787216663111001,0.00065959221157542,81.98064056323
0.013125000000000001,0.008232953402748726,0.0380275089987,4.7865215775154,0.0013191844231508,82.0329338465552
0.014374999999999999,0.008232953402748726,0.0380275089987,4.7857854679223,0.00065959221157542,82.07689912137128
0.015625,0.008232953402748726,0.0380275089987,4.7850170253403,0.0013191844231508,82.11588282053955
0.016875,0.008232953402748726,0.0380275089987,4.7842538290986,0.00065959221157542,82.15373834406651
0.018125,0.008232953402748726,0.0380275089987,4.7835092550171,0.00065959221157542,82.19425569104017
0.019375000000000003,0.008232953402748726,0.0380275089987,4.7827922279905,0.00065959221157542,82.23950596480289
0.020625,0.008232953402748726,0.0380275089987,4.7820860582398,0.0013191844231508,82.28656262667558
0.021875000000000002,0.008232953402748726,0.0380275089987,4.7814081287813,0.00065959221157542,82.33369316760961
0.023125000000000003,0.008232953402748726,0.0380275089987,4.780732535575799,0.00065959221157542,82.38172042641968
0.024375,0.008232953402748726,0.0380275089987,4.7800445524175,0.0013191844231508,82.42648657154271
0.025625,0.008232953402748726,0.0380275089987,4.7793684144826,0.00065959221157542,82.46656873267897
0.026875,0.008232953402748726,0.0380275089987,4.7786853943582,0.00065959221157542,82.5042712270318
0.028125,0.008232953402748726,0.0380275089987,4.777986849576201,0.0013191844231508,82.53781530655176
0.029375000000000002,0.008232953402748726,0.0380275089987,4.7772925382629,0.00065959221157542,82.5675648777636
0.030625000000000003,0.008232953402748726,0.0380275089987,4.7765903892815995,0.0013191844231508,82.59578091964062
0.031875,0.008232953402748726,0.0380275089987,4.7758857928328995,0.0013191844231508,82.62135759783772
0.033125,0.008232953402748726,0.0380275089987,4.775191672455,0.0013191844231508,82.64382689363298
0.034375,0.008232953402748726,0.0380275089987,4.7745070457993,0.0013191844231508,82.66509759638615
0.035625000000000004,0.008232953402748726,0.0380275089987,4.7738154329875995,0.0019787766347263,82.68439267972971
0.036875000000000005,0.008232953402748726,0.0380275089987,4.7731388216029,0.0019787766347263,82.7013636346964
0.038125,0.008232953402748726,0.0380275089987,4.7724685425916,0.0032979610578771,82.719503082226
0.039375,0.008232953402748726,0.0380275089987,4.7718110569787,0.0032979610578771,82.73579321971232
0.040625,0.008232953402748726,0.0380275089987,4.7711601059722,0.0019787766347263,82.74968022317708
0.041875,0.008232953402748726,0.0380275089987,4.7705176216313,0.0019787766347262,82.76468623921008
0.043125000000000004,0.008232953402748726,0.0380275089987,4.7698810125802,0.0013191844231508,82.7792636863182
0.044375,0.008232953402748726,0.0380275089987,4.769243363846501,0.0,82.79290590799876
0.045625,0.008232953402748726,0.0380275089987,4.7686115318942,0.0019787766347263,82.80309580193794
0.046875,0.008232953402748726,0.0380275089987,4.767993751629,0.0,82.81309784578448
0.048125,0.008232953402748726,0.0380275089987,4.7673702861021,0.0013191844231508,82.82113812282512
0.049375,0.008232953402748726,0.0380275089987,4.7667666824443,0.00065959221157541,82.82841246139202
0.050625,0.008232953402748726,0.0380275089987,4.7661650949993,0.00065959221157542,82.83633700315431
0.051875000000000004,0.008232953402748726,0.0380275089987,4.7655650314699,0.00065959221157542,82.84297999265485
0.053125000000000006,0.008232953402748726,0.0380275089987,4.7649756723509995,0.00065959221157542,82.8474971797536
0.054375,0.008232953402748726,0.0380275089987,4.7643978228497,0.00065959221157542,82.85184209585576
0.05562500000000001,0.008232953402748726,0.0380275089987,4.7638251546198,0.00065959221157542,82.85611544824607
0.056875,0.008232953402748726,0.0380275089987,4.7632665293822,0.00065959221157542,82.85943198352332
0.05812500000000001,0.008232953402748726,0.0380275089987,4.7627360260403,0.0,82.86383251340564
0.059375000000000004,0.008232953402748726,0.0380275089987,4.762203344423599,0.00065959221157542,82.87064918019567
0.060625,0.008232953402748726,0.0380275089987,4.761663702423,0.00065959221157542,82.877960411294
0.061875000000000006,0.008232953402748726,0.0380275089987,4.7611537896880005,0.00065959221157542,82.88565286201315
0.063125,0.008232953402748726,0.0380275089987,4.760644221356101,0.00065959221157542,82.89449090338331
0.064375,0.008232953402748726,0.0380275089987,4.7601456665489,0.00065959221157542,82.90460275982333
0.065625,0.008232953402748726,0.0380275089987,4.7596543561043,0.00065959221157541,82.91735130327278
0.066875,0.008232953402748726,0.0380275089987,4.7591743773085,0.00065959221157542,82.93252461016799
0.068125,0.008232953402748726,0.0380275089987,4.7587113614481,0.00065959221157541,82.95026689434914
0.069375,0.008232953402748726,0.0380275089987,4.7582545013349,0.00065959221157542,82.97148590661973
0.07062500000000001,0.008232953402748726,0.0380275089987,4.7577825634337,0.0013191844231508,82.99623379210401
0.07187500000000001,0.008232953402748726,0.0380275089987,4.7573359797814,0.00065959221157542,83.0252482203784
0.073125,0.008232953402748726,0.0380275089987,4.756911861301099,0.0013191844231508,83.06184401156304
0.07437500000000001,0.008232953402748726,0.0380275089987,4.756475447834,0.0052767376926034,83.10447173152316
0.075625,0.008232953402748726,0.0380275089987,4.7560695130444,0.0052767376926033,83.15992366489405
0.07687500000000001,0.008232953402748726,0.0380275089987,4.7556082701297,0.0046171454810279,83.2305328976987
0.078125,0.008232953402748726,0.0380275089987,4.755184365128399,0.0019787766347262,83.3088850031998
0.079375,0.008232953402748726,0.0380275089987,4.7547964745309,0.0013191844231508,83.40204071831145
0.080625,0.008232953402748726,0.0380275089987,4.7543925439158,0.00065959221157541,83.51846755232718
0.081875,0.008232953402748726,0.0380275089987,4.753987795537499,0.00065959221157542,83.6574926429134
0.083125,0.008232953402748726,0.0380275089987,4.7535650550333,0.00065959221157541,83.82054526138373
0.084375,0.008232953402748726,0.0380275089987,4.753153114772499,0.00065959221157542,84.00938219334546
0.085625,0.008232953402748726,0.0380275089987,4.7527503067992,0.00065959221157542,84.23167441188312
0.08687500000000001,0.008232953402748726,0.0380275089987,4.7523413219758,0.0,84.4945227055961
0.08812500000000001,0.008232953402748726,0.0380275089987,4.7519174397021,0.00065959221157541,84.80066992395162
0.08937500000000001,0.008232953402748726,0.0380275089987,4.7514799759711,0.00065959221157541,85.1546338045541
0.09062500000000001,0.008232953402748726,0.0380275089987,4.751043843346601,0.00065959221157542,85.56313340438841
0.091875,0.008232953402748726,0.0380275089987,4.7505854158335,0.0,86.03281777999551
0.09312500000000001,0.008232953402748726,0.0380275089987,4.7500913454777,0.00065959221157541,86.56482488993383
0.094375,0.008232953402748726,0.0380275089987,4.7495973448837,0.0013191844231508,87.16496422947485
0.09562500000000002,0.008232953402748726,0.0380275089987,4.7490748338827,0.0,87.84199793211747
0.096875,0.008232953402748726,0.0380275089987,4.7485132283541995,0.00065959221157542,88.59867515007875
0.098125,0.008232953402748726,0.0380275089987,4.7479176525704005,0.00065959221157541,89.43541683187229
0.099375,0.008232953402748726,0.0380275089987,4.7472898204588,0.0,90.3532768688571
0.0006250000000000001,0.011139604671558957,0.0380275089987,4.7937303999336,0.0010487663906385,81.74001867096001
0.001875,0.011139604671558957,0.0380275089987,4.7930019101764,0.0015731495859578,81.7568166083027
0.003125,0.011139604671558957,0.0380275089987,4.7924362747459,0.0010487663906385,81.80669571582474
0.0043749999999999995,0.011139604671558957,0.0380275089987,4.7916902762415,0.0010487663906385,81.82379150831251
0.005625000000000001,0.011139604671558957,0.0380275089987,4.7908207403782,0.0015731495859578,81.82775168940803
0.006875000000000001,0.011139604671558957,0.0380275089987,4.7900028636992,0.0010487663906385,81.8441200914515
0.008125,0.011139604671558957,0.0380275089987,4.7892941642834,0.0010487663906385,81.88202235136593
0.009375000000000001,0.011139604671558957,0.0380275089987,4.7886123850789,0.0015731495859578,81.93321811331218
0.010625,0.011139604671558957,0.0380275089987,4.787942481060201,0.0010487663906385,81.98557622044812
0.011875,0.011139604671558957,0.0380275089987,4.7872523914358,0.0010487663906385,82.03573083986137
0.013125000000000001,0.011139604671558957,0.0380275089987,4.7865285837714,0.0010487663906385,82.08053332162191
0.014374999999999999,0.011139604671558957,0.0380275089987,4.7857916763199,0.00052438319531925,82.12132686251513
0.015625,0.011139604671558957,0.0380275089987,4.7850286202947006,0.0010487663906385,82.16035941702339
0.016875,0.011139604671558957,0.0380275089987,4.784270203804501,0.0010487663906385,82.19857031332579
0.018125,0.011139604671558957,0.0380275089987,4.7835376729066,0.00052438319531926,82.2384673281734
0.019375000000000003,0.011139604671558957,0.0380275089987,4.782816045336601,0.0010487663906385,82.2814695630166
0.020625,0.011139604671558957,0.0380275089987,4.7821156307085,0.0015731495859578,82.32547157762654
0.021875000000000002,0.011139604671558957,0.0380275089987,4.781434730078301,0.0,82.3699282192602
0.023125000000000003,0.011139604671558957,0.0380275089987,4.7807400838395,0.0010487663906385,82.41357211441465
0.024375,0.011139604671558957,0.0380275089987,4.7800599501574,0.0010487663906385,82.45410937519364
0.025625,0.011139604671558957,0.0380275089987,4.7793742032877,0.00052438319531926,82.49154817244082
0.026875,0.011139604671558957,0.0380275089987,4.7786803991613,0.0010487663906385,82.52653586169178
0.028125,0.011139604671558957,0.0380275089987,4.777971685632401,0.0010487663906385,82.55685092189535
0.029375000000000002,0.011139604671558957,0.0380275089987,4.777277792856,0.0010487663906385,82.58339593146327
0.030625000000000003,0.011139604671558957,0.0380275089987,4.7765664549982,0.0010487663906385,82.60867751081237
0.031875,0.011139604671558957,0.0380275089987,4.7758677889807,0.0010487663906385,82.6327980989039
0.033125,0.011139604671558957,0.0380275089987,4.7751690123479005,0.0010487663906385,82.65461668860014
0.034375,0.011139604671558957,0.0380275089987,4.774478758045399,0.0015731495859578,82.67409571024257
0.035625000000000004,0.011139604671558957,0.0380275089987,4.773795955242901,0.002097532781277,82.69286704799659
0.036875000000000005,0.011139604671558957,0.0380275089987,4.773122536242299,0.002097532781277,82.71013736214259
0.038125,0.011139604671558957,0.0380275089987,4.7724486395816,0.0031462991719155,82.7264780657779
0.039375,0.011139604671558957,0.0380275089987,4.771811761746799,0.002097532781277,82.74185294899146
0.040625,0.011139604671558957,0.0380275089987,4.7711548098841,0.0026219159765963,82.75637607942863
0.041875,0.011139604671558957,0.0380275089987,4.7705111332143,0.0015731495859578,82.77033944424035
0.043125000000000004,0.011139604671558957,0.0380275089987,4.769871072666,0.0015731495859578,82.78358977183484
0.044375,0.011139604671558957,0.0380275089987,4.769233681875599,0.0010487663906385,82.79644878470208
0.045625,0.011139604671558957,0.0380275089987,4.768603545688499,0.0010487663906385,82.80709891419215
0.046875,0.011139604671558957,0.0380275089987,4.7679835954119,0.00052438319531925,82.81599115754815
0.048125,0.011139604671558957,0.0380275089987,4.767367017896301,0.0010487663906385,82.82335010591308
0.049375,0.011139604671558957,0.0380275089987,4.7667584326137,0.00052438319531925,82.83001348404397
0.050625,0.011139604671558957,0.0380275089987,4.7661537229706,0.00052438319531926,82.83662723623549
0.051875000000000004,0.011139604671558957,0.0380275089987,4.7655584078168,0.00052438319531925,82.84233678105304
0.053125000000000006,0.011139604671558957,0.0380275089987,4.764972019605,0.0010487663906385,82.84672715682781
0.054375,0.011139604671558957,0.0380275089987,4.7644004631043,0.00052438319531925,82.85130478620852
0.05562500000000001,0.011139604671558957,0.0380275089987,4.7638251053713,0.00052438319531925,82.85557259389456
0.056875,0.011139604671558957,0.0380275089987,4.7632713262467,0.00052438319531925,82.8593287011435
0.05812500000000001,0.011139604671558957,0.0380275089987,4.762729880036201,0.00052438319531926,82.8637831708887
0.059375000000000004,0.011139604671558957,0.0380275089987,4.7622027607205,0.00052438319531925,82.86994849499291
0.060625,0.011139604671558957,0.0380275089987,4.7616665979964,0.00052438319531926,82.87685200227399
0.061875000000000006,0.011139604671558957,0.0380275089987,4.7611507426985,0.00052438319531925,82.88399632600614
0.063125,0.011139604671558957,0.0380275089987,4.760637066607,0.0010487663906385,82.89194289941301
0.064375,0.011139604671558957,0.0380275089987,4.760138400569399,0.00052438319531925,82.90072223327279
0.065625,0.011139604671558957,0.0380275089987,4.7596526629823,0.00052438319531925,82.91243135826059
0.066875,0.011139604671558957,0.0380275089987,4.7591734569435,0.00052438319531925,82.92728129063886
0.068125,0.011139604671558957,0.0380275089987,4.7587075346919,0.00052438319531926,82.9446302662134
0.069375,0.011139604671558957,0.0380275089987,4.7582444109696995,0.0010487663906385,82.96473731682367
0.07062500000000001,0.011139604671558957,0.0380275089987,4.7577787437899,0.0010487663906385,82.9877390389365
0.07187500000000001,0.011139604671558957,0.0380275089987,4.7573254596996,0.0010487663906385,83.01516205285608
0.073125,0.011139604671558957,0.0380275089987,4.7568828754575,0.0010487663906385,83.04932316476852
0.07437500000000001,0.011139604671558957,0.0380275089987,4.7564469288683,0.0036706823672348,83.08980594919423
0.075625,0.011139604671558957,0.0380275089987,4.7560274478255,0.0057682151485118,83.1423175015812
0.07687500000000001,0.011139604671558957,0.0380275089987,4.7556101521889,0.0073413647344696,83.20944762010686
0.078125,0.011139604671558957,0.0380275089987,4.7551646750273,0.0015731495859578,83.28435105591505
0.079375,0.011139604671558957,0.0380275089987,4.7547492625126,0.0010487663906385,83.37120504214995
0.080625,0.011139604671558957,0.0380275089987,4.7543387944218,0.00052438319531925,83.47892905023352
0.081875,0.011139604671558957,0.0380275089987,4.7539328941341,0.00052438319531926,83.60995376545907
0.083125,0.011139604671558957,0.0380275089987,4.753506219661,0.0010487663906385,83.76402380816114
0.084375,0.011139604671558957,0.0380275089987,4.7530873508644005,0.00052438319531926,83.94359253264112
0.085625,0.011139604671558957,0.0380275089987,4.7526645261925005,0.00052438319531926,84.15576704191643
0.08687500000000001,0.011139604671558957,0.0380275089987,4.7522399102702995,0.00052438319531926,84.40577470824168
0.08812500000000001,0.011139604671558957,0.0380275089987,4.7518128979747,0.0,84.69885029925221
0.08937500000000001,0.011139604671558957,0.0380275089987,4.7513697701792,0.00052438319531925,85.04008693336829
0.09062500000000001,0.011139604671558957,0.0380275089987,4.7509027010442,0.00052438319531926,85.43475145798956
0.091875,0.011139604671558957,0.0380275089987,4.750430215471001,0.0,85.88907841909332
0.09312500000000001,0.011139604671558957,0.0380275089987,4.7499284071477,0.00052438319531926,86.4080242489071
0.094375,0.011139604671558957,0.0380275089987,4.7494058980792,0.00052438319531925,86.99707712202239
0.09562500000000002,0.011139604671558957,0.0380275089987,4.7488557549975,0.00052438319531926,87.66350527381934
0.096875,0.011139604671558957,0.0380275089987,4.7482697018117,0.0,88.41267071683262
0.098125,0.011139604671558957,0.0380275089987,4.7476392597001,0.00052438319531925,89.24473256790151
0.099375,0.011139604671558957,0.0380275089987,4.7469802540809996,0.00052438319531925,90.16007393939007
0.0006250000000000001,0.013841730455724989,0.0380275089987,4.7953408943401,0.0013618735308006,82.13975366417145
0.001875,0.013841730455724989,0.0380275089987,4.7935395025415,0.0013618735308006,81.8974439607841
0.003125,0.013841730455724989,0.0380275089987,4.7922846607986,0.0009079156872004,81.81753198523133
0.0043749999999999995,0.013841730455724989,0.0380275089987,4.7914082855198,0.0013618735308006,81.82350372448067
0.005625000000000001,0.013841730455724989,0.0380275089987,4.7907144374568,0.0013618735308006,81.86200798859589
0.006875000000000001,0.013841730455724989,0.0380275089987,4.7900796003954005,0.0013618735308006,81.91172612779394
0.008125,0.013841730455724989,0.0380275089987,4.7894313366887005,0.0009079156872004,81.9630394464351
0.009375000000000001,0.013841730455724989,0.0380275089987,4.7887434114969,0.0013618735308006,82.01096156689643
0.010625,0.013841730455724989,0.0380275089987,4.7880317782186,0.0009079156872004,82.05478353528325
0.011875,0.013841730455724989,0.0380275089987,4.7872981584166,0.0013618735308006,82.09610919486646
0.013125000000000001,0.013841730455724989,0.0380275089987,4.7865534364891,0.0009079156872004,82.1357257516965
0.014374999999999999,0.013841730455724989,0.0380275089987,4.7858071469724,0.0009079156872004,82.17467124582967
0.015625,0.013841730455724989,0.0380275089987,4.785045692846801,0.0009079156872004,82.21340356937006
0.016875,0.013841730455724989,0.0380275089987,4.7843005559582,0.0009079156872004,82.25212694936782
0.018125,0.013841730455724989,0.0380275089987,4.7835653139372,0.0009079156872004,82.29157535156045
0.019375000000000003,0.013841730455724989,0.0380275089987,4.7828508476096,0.0009079156872004,82.33198105963986
0.020625,0.013841730455724989,0.0380275089987,4.7821512261958,0.0004539578436002,82.3730358104211
0.021875000000000002,0.013841730455724989,0.0380275089987,4.781459609589501,0.0009079156872004,82.41380488591314
0.023125000000000003,0.013841730455724989,0.0380275089987,4.7807673377428,0.0009079156872004,82.45318717436014
0.024375,0.013841730455724989,0.0380275089987,4.7800758455839,0.0009079156872004,82.48999925274354
0.025625,0.013841730455724989,0.0380275089987,4.7793734191972,0.0009079156872004,82.52337382947879
0.026875,0.013841730455724989,0.0380275089987,4.7786706784942,0.0009079156872004,82.55393495258002
0.028125,0.013841730455724989,0.0380275089987,4.777966564641599,0.0009079156872004,82.58149992962235
0.029375000000000002,0.013841730455724989,0.0380275089987,4.7772622850112,0.0009079156872004,82.60563064762943
0.030625000000000003,0.013841730455724989,0.0380275089987,4.7765465179901,0.0013618735308006,82.6275122213704
0.031875,0.013841730455724989,0.0380275089987,4.7758536263574,0.0009079156872004,82.64856908752952
0.033125,0.013841730455724989,0.0380275089987,4.7751641836081,0.0013618735308006,82.66911172141987
0.034375,0.013841730455724989,0.0380275089987,4.7744718474158,0.0013618735308006,82.68802742855097
0.035625000000000004,0.013841730455724989,0.0380275089987,4.7737751311806,0.0018158313744008,82.70558661299859
0.036875000000000005,0.013841730455724989,0.0380275089987,4.7731111302493,0.002269789218001,82.72153783830886
0.038125,0.013841730455724989,0.0380275089987,4.7724507825149,0.0036316627488016,82.73644987086601
0.039375,0.013841730455724989,0.0380275089987,4.7717928498457,0.0031777049052014,82.75071718743501
0.040625,0.013841730455724989,0.0380275089987,4.7711445756145,0.002269789218001,82.76422936265892
0.041875,0.013841730455724989,0.0380275089987,4.7705004878802,0.0009079156872004,82.77730222388591
0.043125000000000004,0.013841730455724989,0.0380275089987,4.7698579991068994,0.0013618735308006,82.7893300750475
0.044375,0.013841730455724989,0.0380275089987,4.7692245359998005,0.0009079156872004,82.80089272399259
0.045625,0.013841730455724989,0.0380275089987,4.7685927574639,0.0009079156872004,82.81086025385139
0.046875,0.013841730455724989,0.0380275089987,4.7679767613169,0.0009079156872004,82.81867522094504
0.048125,0.013841730455724989,0.0380275089987,4.7673651311769,0.0004539578436002,82.82555978919761
0.049375,0.013841730455724989,0.0380275089987,4.7667505037465006,0.0009079156872004,82.83165208867943
0.050625,0.013841730455724989,0.0380275089987,4.766144653178899,0.0004539578436002,82.83730139167936
0.051875000000000004,0.013841730455724989,0.0380275089987,4.765547353925,0.0009079156872004,82.84204236140756
0.053125000000000006,0.013841730455724989,0.0380275089987,4.764969134522699,0.0004539578436002,82.84593608078917
0.054375,0.013841730455724989,0.0380275089987,4.7643977781901,0.0004539578436002,82.84999603508344
0.05562500000000001,0.013841730455724989,0.0380275089987,4.7638267922016,0.0009079156872004,82.85413185245851
0.056875,0.013841730455724989,0.0380275089987,4.7632727319155,0.0004539578436002,82.85818682289728
0.05812500000000001,0.013841730455724989,0.0380275089987,4.7627301457925,0.0004539578436002,82.86216462404028
0.059375000000000004,0.013841730455724989,0.0380275089987,4.7622031367401,0.0004539578436002,82.86732787860764
0.060625,0.013841730455724989,0.0380275089987,4.7616669336371995,0.0009079156872004,82.87319289824762
0.061875000000000006,0.013841730455724989,0.0380275089987,4.761152175469,0.0004539578436002,82.87877919808165
0.063125,0.013841730455724989,0.0380275089987,4.7606450739778,0.0004539578436002,82.8858318268036
0.064375,0.013841730455724989,0.0380275089987,4.7601420532369,0.0009079156872004,82.89402370641854
0.065625,0.013841730455724989,0.0380275089987,4.759656876118,0.0004539578436002,82.90388758909226
0.066875,0.013841730455724989,0.0380275089987,4.7591803519163,0.0004539578436002,82.91685417457226
0.068125,0.013841730455724989,0.0380275089987,4.7587078048969005,0.0009079156872004,82.93189916469846
0.069375,0.013841730455724989,0.0380275089987,4.7582460080518,0.0009079156872004,82.94839078065012
0.07062500000000001,0.013841730455724989,0.0380275089987,4.7577966726789,0.00090791568720041,82.96855649595281
0.07187500000000001,0.013841730455724989,0.0380275089987,4.757329505843799,0.0009079156872004,82.99340602148126
0.073125,0.013841730455724989,0.0380275089987,4.7568953469799,0.0009079156872004,83.02287640893262
0.07437500000000001,0.013841730455724989,0.0380275089987,4.7564635888199,0.0040856205924018,83.05868656758676
0.075625,0.013841730455724989,0.0380275089987,4.7560397322757,0.0081712411848036,83.10545389377266
0.07687500000000001,0.013841730455724989,0.0380275089987,4.7556055761418,0.0054474941232024,83.16284784842594
0.078125,0.013841730455724989,0.0380275089987,4.7551887549958,0.0009079156872004,83.22949125889943
0.079375,0.013841730455724989,0.0380275089987,4.7547699135967,0.0009079156872004,83.30850153712838
0.080625,0.013841730455724989,0.0380275089987,4.7543577002865005,0.0009079156872004,83.40340430832224
0.081875,0.013841730455724989,0.0380275089987,4.7539507915144,0.0004539578436002,83.51947663048709
0.083125,0.013841730455724989,0.0380275089987,4.7535339402882,0.0004539578436002,83.6578213544322
0.084375,0.013841730455724989,0.0380275089987,4.753119845020899,0.00090791568720041,83.82078589209267
0.085625,0.013841730455724989,0.0380275089987,4.7527062895129,0.0004539578436002,84.01450761762713
0.08687500000000001,0.013841730455724989,0.0380275089987,4.7522827211555,0.0004539578436002,84.24380113782584
0.08812500000000001,0.013841730455724989,0.0380275089987,4.7518587779776,0.0004539578436002,84.51378472870817
0.08937500000000001,0.013841730455724989,0.0380275089987,4.7514196374883,0.0004539578436002,84.8313683929009
0.09062500000000001,0.013841730455724989,0.0380275089987,4.7509623368891,0.0004539578436002,85.2015956505447
0.091875,0.013841730455724989,0.0380275089987,4.7504928065639,0.0004539578436002,85.63092281972212
0.09312500000000001,0.013841730455724989,0.0380275089987,4.7499987134555,0.0004539578436002,86.12587703056504
0.094375,0.013841730455724989,0.0380275089987,4.7494812826407005,0.0004539578436002,86.69290932097044
0.09562500000000002,0.013841730455724989,0.0380275089987,4.7489356397434,0.0004539578436002,87.33959985994287
0.096875,0.013841730455724989,0.0380275089987,4.7483523665454,0.0004539578436002,88.0713954496615
0.098125,0.013841730455724989,0.0380275089987,4.747729088704,0.0004539578436002,88.89051013323147
0.099375,0.013841730455724989,0.0380275089987,4.7470667538711995,0.00045395784360019,89.79837776492695
0.0006250000000000001,0.016353722118365548,0.0380275089987,4.794441244713,0.0012399321500135,81.98387659096443
0.001875,0.016353722118365548,0.0380275089987,4.7933939046546,0.0012399321500135,81.91544359523189
0.003125,0.016353722118365548,0.0380275089987,4.792344685341,0.0012399321500135,81.88243813644247
0.0043749999999999995,0.016353722118365548,0.0380275089987,4.7915052455375,0.0012399321500135,81.89372433378026
0.005625000000000001,0.016353722118365548,0.0380275089987,4.7908342850628,0.0012399321500135,81.93776979831325
0.006875000000000001,0.016353722118365548,0.0380275089987,4.7902057547874,0.0012399321500136,81.99202276569565
0.008125,0.016353722118365548,0.0380275089987,4.7895420976050005,0.0012399321500135,82.04288817451244
0.009375000000000001,0.016353722118365548,0.0380275089987,4.7888243413385005,0.0012399321500136,82.08632609284521
0.010625,0.016353722118365548,0.0380275089987,4.7880842905691,0.00082662143334237,82.12458568776765
0.011875,0.016353722118365548,0.0380275089987,4.787329075348899,0.0012399321500135,82.16172232736328
0.013125000000000001,0.016353722118365548,0.0380275089987,4.7865739655498,0.00082662143334237,82.199154401983
0.014374999999999999,0.016353722118365548,0.0380275089987,4.7858211687778,0.0012399321500136,82.2367856895773
0.015625,0.016353722118365548,0.0380275089987,4.785074410495899,0.00082662143334236,82.27441124273054
0.016875,0.016353722118365548,0.0380275089987,4.7843421135234,0.00082662143334237,82.31285347167753
0.018125,0.016353722118365548,0.0380275089987,4.7836120280456,0.00082662143334237,82.35145695598808
0.019375000000000003,0.016353722118365548,0.0380275089987,4.782892679034,0.00082662143334237,82.3894064851123
0.020625,0.016353722118365548,0.0380275089987,4.782191703126199,0.00082662143334236,82.42717496596914
0.021875000000000002,0.016353722118365548,0.0380275089987,4.7814921175632,0.00082662143334237,82.4643242232037
0.023125000000000003,0.016353722118365548,0.0380275089987,4.7807867433879006,0.00082662143334237,82.49935046089455
0.024375,0.016353722118365548,0.0380275089987,4.7800799947421995,0.00082662143334236,82.53124442108333
0.025625,0.016353722118365548,0.0380275089987,4.7793688194329,0.00082662143334237,82.55969861431178
0.026875,0.016353722118365548,0.0380275089987,4.7786639842927,0.0012399321500135,82.58545715190712
0.028125,0.016353722118365548,0.0380275089987,4.7779557190006,0.00082662143334236,82.60992038878827
0.029375000000000002,0.016353722118365548,0.0380275089987,4.7772597259555,0.00082662143334237,82.63201233812234
0.030625000000000003,0.016353722118365548,0.0380275089987,4.7765381850271,0.0012399321500135,82.6510997749913
0.031875,0.016353722118365548,0.0380275089987,4.7758435154317995,0.0012399321500135,82.66938881336146
0.033125,0.016353722118365548,0.0380275089987,4.775150698898799,0.0012399321500135,82.68809289763271
0.034375,0.016353722118365548,0.0380275089987,4.7744490670141,0.0012399321500136,82.70484960065542
0.035625000000000004,0.016353722118365548,0.0380275089987,4.7737659446601,0.0020665535833559,82.71965082375218
0.036875000000000005,0.016353722118365548,0.0380275089987,4.773105171079001,0.0028931750166983,82.7347021728072
0.038125,0.016353722118365548,0.0380275089987,4.7724424701034,0.0028931750166983,82.74893555896901
0.039375,0.016353722118365548,0.0380275089987,4.7717993709169,0.0028931750166983,82.76194806637338
0.040625,0.016353722118365548,0.0380275089987,4.771120242434299,0.0020665535833559,82.77384492433859
0.041875,0.016353722118365548,0.0380275089987,4.7704893417673,0.0016532428666847,82.78507515582362
0.043125000000000004,0.016353722118365548,0.0380275089987,4.7698502670813,0.0012399321500136,82.79579955392543
0.044375,0.016353722118365548,0.0380275089987,4.7692189140563,0.00082662143334236,82.80608643916693
0.045625,0.016353722118365548,0.0380275089987,4.7685885111585,0.00082662143334237,82.81564669810712
0.046875,0.016353722118365548,0.0380275089987,4.7679653445856,0.00082662143334236,82.82233309908514
0.048125,0.016353722118365548,0.0380275089987,4.7673563284766,0.00082662143334237,82.82734578700935
0.049375,0.016353722118365548,0.0380275089987,4.7667471924355995,0.00041331071667118,82.83305778117125
0.050625,0.016353722118365548,0.0380275089987,4.7661318603364,0.00082662143334237,82.83798110215149
0.051875000000000004,0.016353722118365548,0.0380275089987,4.7655400599061,0.00082662143334237,82.84163602775267
0.053125000000000006,0.016353722118365548,0.0380275089987,4.764963357237099,0.00041331071667118,82.84485558980117
0.054375,0.016353722118365548,0.0380275089987,4.7643943989024,0.00082662143334237,82.84837949998501
0.05562500000000001,0.016353722118365548,0.0380275089987,4.7638288561169,0.00082662143334237,82.85214487163914
0.056875,0.016353722118365548,0.0380275089987,4.7632724268325,0.00082662143334236,82.85580807482478
0.05812500000000001,0.016353722118365548,0.0380275089987,4.7627332151594,0.00041331071667119,82.85901634707358
0.059375000000000004,0.016353722118365548,0.0380275089987,4.762204369332101,0.00082662143334236,82.86292219687863
0.060625,0.016353722118365548,0.0380275089987,4.7616732436096,0.00041331071667118,82.8680185171782
0.061875000000000006,0.016353722118365548,0.0380275089987,4.7611505443761,0.00082662143334236,82.87221705905768
0.063125,0.016353722118365548,0.0380275089987,4.7606527240831005,0.00041331071667118,82.87714219278267
0.064375,0.016353722118365548,0.0380275089987,4.76015076024,0.00082662143334236,82.88372641879747
0.065625,0.016353722118365548,0.0380275089987,4.7596716554255005,0.00041331071667118,82.8917550439855
0.066875,0.016353722118365548,0.0380275089987,4.7591908427393,0.00082662143334237,82.90178985888146
0.068125,0.016353722118365548,0.0380275089987,4.7587210142185,0.00082662143334237,82.91296954526504
0.069375,0.016353722118365548,0.0380275089987,4.758262129522801,0.00082662143334237,82.925909938889
0.07062500000000001,0.016353722118365548,0.0380275089987,4.7578117059872005,0.00082662143334237,82.94268293507348
0.07187500000000001,0.016353722118365548,0.0380275089987,4.757346761257001,0.0012399321500135,82.96302258947371
0.073125,0.016353722118365548,0.0380275089987,4.756915538959,0.0016532428666847,82.98587102647889
0.07437500000000001,0.016353722118365548,0.0380275089987,4.7564903345451,0.0053730393167254,83.01431134677277
0.075625,0.016353722118365548,0.0380275089987,4.7560624539488,0.0074395929000813,83.05226542782806
0.07687500000000001,0.016353722118365548,0.0380275089987,4.7556423355436,0.0037197964500407,83.09897206438286
0.078125,0.016353722118365548,0.0380275089987,4.7552380964242,0.0012399321500135,83.15419669995735
0.079375,0.016353722118365548,0.0380275089987,4.754809989488,0.00082662143334237,83.21936519336921
0.080625,0.016353722118365548,0.0380275089987,4.754411357803201,0.00082662143334236,83.29823955264251
0.081875,0.016353722118365548,0.0380275089987,4.7540134094886,0.00041331071667118,83.39586352922669
0.083125,0.016353722118365548,0.0380275089987,4.753605012506401,0.00082662143334237,83.51306782489938
0.084375,0.016353722118365548,0.0380275089987,4.7532088217158,0.00041331071667118,83.6528967518704
0.085625,0.016353722118365548,0.0380275089987,4.752809300051,0.00041331071667119,83.82061921299342
0.08687500000000001,0.016353722118365548,0.0380275089987,4.7523979981072,0.00082662143334237,84.02111754762785
0.08812500000000001,0.016353722118365548,0.0380275089987,4.751986285529299,0.00041331071667118,84.25947983300905
0.08937500000000001,0.016353722118365548,0.0380275089987,4.751568295627901,0.00041331071667118,84.54278235053584
0.09062500000000001,0.016353722118365548,0.0380275089987,4.7511352778019,0.00041331071667118,84.87806555205566
0.091875,0.016353722118365548,0.0380275089987,4.7506861968455,0.00041331071667119,85.2720613984986
0.09312500000000001,0.016353722118365548,0.0380275089987,4.750213386603799,0.00041331071667118,85.73187596281129
0.094375,0.016353722118365548,0.0380275089987,4.7497198135419,0.00082662143334237,86.26546305026895
0.09562500000000002,0.016353722118365548,0.0380275089987,4.7491981353386,0.00041331071667118,86.881845965328
0.096875,0.016353722118365548,0.0380275089987,4.748636537357299,0.00041331071667118,87.58729868557306
0.098125,0.016353722118365548,0.0380275089987,4.7480353365612,0.00041331071667118,88.38543714951236
0.099375,0.016353722118365548,0.0380275089987,4.7473976449054005,0.00041331071667118,89.27955339252867
0.0006250000000000001,0.01868895837944256,0.0380275089987,4.7939714317215,0.001167123479395,81.94117993872406
0.001875,0.01868895837944256,0.0380275089987,4.793253271854,0.001167123479395,81.95135272140618
0.003125,0.01868895837944256,0.0380275089987,4.7924603325602995,0.001167123479395,81.96672313797639
0.0043749999999999995,0.01868895837944256,0.0380275089987,4.791698112529001,0.0015561646391933,81.99168417046009
0.005625000000000001,0.01868895837944256,0.0380275089987,4.7909978529274,0.001167123479395,82.03006088483059
0.006875000000000001,0.01868895837944256,0.0380275089987,4.7903150388342,0.001167123479395,82.0755774101932
0.008125,0.01868895837944256,0.0380275089987,4.7896095171943,0.001167123479395,82.12114393027532
0.009375000000000001,0.01868895837944256,0.0380275089987,4.7888671758051,0.001167123479395,82.16271196458842
0.010625,0.01868895837944256,0.0380275089987,4.788113903299699,0.001167123479395,82.19981006715689
0.011875,0.01868895837944256,0.0380275089987,4.7873512263824995,0.001167123479395,82.2352405982079
0.013125000000000001,0.01868895837944256,0.0380275089987,4.7865997261974,0.00077808231959664,82.27147668955102
0.014374999999999999,0.01868895837944256,0.0380275089987,4.7858500907755,0.001167123479395,82.30810172163369
0.015625,0.01868895837944256,0.0380275089987,4.785110040621199,0.00077808231959664,82.34444625430169
0.016875,0.01868895837944256,0.0380275089987,4.784378526072699,0.00077808231959664,82.38123118671881
0.018125,0.01868895837944256,0.0380275089987,4.7836507902237,0.00077808231959664,82.41725662083128
0.019375000000000003,0.01868895837944256,0.0380275089987,4.7829353667896,0.001167123479395,82.45194962057867
0.020625,0.01868895837944256,0.0380275089987,4.7822226569005,0.00077808231959664,82.48579539879954
0.021875000000000002,0.01868895837944256,0.0380275089987,4.781516951216201,0.00077808231959664,82.51819410214003
0.023125000000000003,0.01868895837944256,0.0380275089987,4.7808073848509,0.00077808231959664,82.54846255475913
0.024375,0.01868895837944256,0.0380275089987,4.78009731816,0.00077808231959664,82.57589211049911
0.025625,0.01868895837944256,0.0380275089987,4.779362846814,0.001167123479395,82.59982297582656
0.026875,0.01868895837944256,0.0380275089987,4.7786552255682,0.00077808231959664,82.62092901329405
0.028125,0.01868895837944256,0.0380275089987,4.7779516941788005,0.00077808231959664,82.64193672543846
0.029375000000000002,0.01868895837944256,0.0380275089987,4.7772431171197,0.001167123479395,82.6613161364691
0.030625000000000003,0.01868895837944256,0.0380275089987,4.7765324071538,0.001167123479395,82.67771840500913
0.031875,0.01868895837944256,0.0380275089987,4.775834102530901,0.001167123479395,82.69392450863383
0.033125,0.01868895837944256,0.0380275089987,4.7751313963121,0.001167123479395,82.70999982686133
0.034375,0.01868895837944256,0.0380275089987,4.77444128248,0.0015561646391933,82.72420675591148
0.035625000000000004,0.01868895837944256,0.0380275089987,4.7737622477058,0.0015561646391933,82.73713644175328
0.036875000000000005,0.01868895837944256,0.0380275089987,4.7730988705433,0.0023342469587899,82.7499454487007
0.038125,0.01868895837944256,0.0380275089987,4.7724382828579,0.0027232881185882,82.76228595708747
0.039375,0.01868895837944256,0.0380275089987,4.7717773466344005,0.0031123292783866,82.77392195958579
0.040625,0.01868895837944256,0.0380275089987,4.771128040876,0.0023342469587899,82.78468443589406
0.041875,0.01868895837944256,0.0380275089987,4.7704834093998,0.001167123479395,82.79402978799182
0.043125000000000004,0.01868895837944256,0.0380275089987,4.769840343975701,0.001167123479395,82.80254496324612
0.044375,0.01868895837944256,0.0380275089987,4.7692085774746,0.00077808231959664,82.81120037235384
0.045625,0.01868895837944256,0.0380275089987,4.768578393648999,0.00077808231959664,82.81940516302691
0.046875,0.01868895837944256,0.0380275089987,4.7679569712258,0.001167123479395,82.82547278710432
0.048125,0.01868895837944256,0.0380275089987,4.7673412734155995,0.00077808231959664,82.82984856495746
0.049375,0.01868895837944256,0.0380275089987,4.7667325261721,0.00038904115979832,82.83404609675613
0.050625,0.01868895837944256,0.0380275089987,4.7661290284934,0.00077808231959664,82.83803991751282
0.051875000000000004,0.01868895837944256,0.0380275089987,4.7655346664709,0.00077808231959664,82.84098497272996
0.053125000000000006,0.01868895837944256,0.0380275089987,4.7649641599137995,0.00038904115979832,82.84372701170156
0.054375,0.01868895837944256,0.0380275089987,4.7643895499833,0.00038904115979832,82.84670633924559
0.05562500000000001,0.01868895837944256,0.0380275089987,4.7638278252843005,0.001167123479395,82.84934609383224
0.056875,0.01868895837944256,0.0380275089987,4.7632727722569,0.00038904115979832,82.85233173096033
0.05812500000000001,0.01868895837944256,0.0380275089987,4.7627331449401,0.00038904115979832,82.85496663021789
0.059375000000000004,0.01868895837944256,0.0380275089987,4.7622032612817,0.00077808231959664,82.85760989461373
0.060625,0.01868895837944256,0.0380275089987,4.7616794178499005,0.00038904115979832,82.86113362524486
0.061875000000000006,0.01868895837944256,0.0380275089987,4.7611553105315,0.00077808231959664,82.86411138828166
0.063125,0.01868895837944256,0.0380275089987,4.7606573646854,0.00038904115979832,82.86704176570474
0.064375,0.01868895837944256,0.0380275089987,4.760164604917,0.00077808231959664,82.87161285083376
0.065625,0.01868895837944256,0.0380275089987,4.7596807655389,0.00038904115979832,82.8770700061429
0.066875,0.01868895837944256,0.0380275089987,4.7592077068152,0.00077808231959664,82.88372986575557
0.068125,0.01868895837944256,0.0380275089987,4.7587419103560995,0.00077808231959664,82.89156086262275
0.069375,0.01868895837944256,0.0380275089987,4.7582739885179,0.00077808231959664,82.90008644248273
0.07062500000000001,0.01868895837944256,0.0380275089987,4.7578261771431,0.00077808231959665,82.91145385988159
0.07187500000000001,0.01868895837944256,0.0380275089987,4.7573760731669,0.00077808231959665,82.92576136999237
0.073125,0.01868895837944256,0.0380275089987,4.7569444062689,0.001167123479395,82.94116158694243
0.07437500000000001,0.01868895837944256,0.0380275089987,4.7565282508037,0.0035013704381849,82.96139422878234
0.075625,0.01868895837944256,0.0380275089987,4.7561044337369,0.0054465762371765,82.9899721728272
0.07687500000000001,0.01868895837944256,0.0380275089987,4.7556752515489,0.0081698643557647,83.02412655370978
0.078125,0.01868895837944256,0.0380275089987,4.7552916787004,0.00077808231959664,83.0641841318827
0.079375,0.01868895837944256,0.0380275089987,4.7548800612445,0.001167123479395,83.11362862432472
0.080625,0.01868895837944256,0.0380275089987,4.7544827002572,0.00077808231959664,83.17373739360565
0.081875,0.01868895837944256,0.0380275089987,4.7540959200543,0.00038904115979832,83.2490593863265
0.083125,0.01868895837944256,0.0380275089987,4.753698177919699,0.00077808231959664,83.34099446447857
0.084375,0.01868895837944256,0.0380275089987,4.7533205981518005,0.00038904115979832,83.45209943625522
0.085625,0.01868895837944256,0.0380275089987,4.752938976947,0.00038904115979832,83.58746318980798
0.08687500000000001,0.01868895837944256,0.0380275089987,4.7525564751613,0.00038904115979832,83.75256399939063
0.08812500000000001,0.01868895837944256,0.0380275089987,4.7521638638335,0.00077808231959664,83.95152454201269
0.08937500000000001,0.01868895837944256,0.0380275089987,4.7517708625752,0.00038904115979832,84.19134563381157
0.09062500000000001,0.01868895837944256,0.0380275089987,4.7513670498267,0.00038904115979832,84.48129561113599
0.091875,0.01868895837944256,0.0380275089987,4.7509511666591,0.00038904115979832,84.82874759494482
0.09312500000000001,0.01868895837944256,0.0380275089987,4.7505190715805,0.00038904115979832,85.24239697178739
0.094375,0.01868895837944256,0.0380275089987,4.7500565567045,0.0,85.73125953668045
0.09562500000000002,0.01868895837944256,0.0380275089987,4.749569910367899,0.00038904115979832,86.30553655345855
0.096875,0.01868895837944256,0.0380275089987,4.7490467625278,0.00038904115979832,86.97442147493844
0.098125,0.01868895837944256,0.0380275089987,4.7484814963048,0.00038904115979832,87.74341693188804
0.099375,0.01868895837944256,0.0380275089987,4.7478786704892,0.00038904115979832,88.61669514476996
0.0006250000000000001,0.02085987657003739,0.0380275089987,4.793768037324099,0.0011248057724671,81.96975679840787
0.001875,0.02085987657003739,0.0380275089987,4.7933119323254,0.0011248057724671,82.03257433530361
0.003125,0.02085987657003739,0.0380275089987,4.792669459204601,0.0014997410299561,82.07532912031674
0.0043749999999999995,0.02085987657003739,0.0380275089987,4.791900121457,0.0011248057724671,82.09924391897255
0.005625000000000001,0.02085987657003739,0.0380275089987,4.7911191841754,0.0011248057724671,82.12546952730838
0.006875000000000001,0.02085987657003739,0.0380275089987,4.7903635853208,0.0014997410299561,82.16092999296112
0.008125,0.02085987657003739,0.0380275089987,4.789629804198601,0.0011248057724671,82.20220209204713
0.009375000000000001,0.02085987657003739,0.0380275089987,4.7888904561526004,0.0011248057724671,82.24404653811024
0.010625,0.02085987657003739,0.0380275089987,4.7881350291807,0.0011248057724671,82.28247081453513
0.011875,0.02085987657003739,0.0380275089987,4.7873857053992,0.0011248057724671,82.31781189413478
0.013125000000000001,0.02085987657003739,0.0380275089987,4.786637610603,0.00074987051497807,82.35292986099641
0.014374999999999999,0.02085987657003739,0.0380275089987,4.785885515985401,0.0011248057724671,82.38766620580428
0.015625,0.02085987657003739,0.0380275089987,4.7851483688527,0.00074987051497807,82.42185715889768
0.016875,0.02085987657003739,0.0380275089987,4.7844161418172995,0.0011248057724671,82.45531296013623
0.018125,0.02085987657003739,0.0380275089987,4.783688715937901,0.00074987051497807,82.48715767321947
0.019375000000000003,0.02085987657003739,0.0380275089987,4.7829708121638,0.00074987051497807,82.51769806398144
0.020625,0.02085987657003739,0.0380275089987,4.782250391730501,0.00074987051497807,82.5469653994449
0.021875000000000002,0.02085987657003739,0.0380275089987,4.781532444782,0.0011248057724671,82.57416132991803
0.023125000000000003,0.02085987657003739,0.0380275089987,4.7808188924904,0.00074987051497807,82.59956139004773
0.024375,0.02085987657003739,0.0380275089987,4.7801047184779994,0.00074987051497807,82.62251851657186
0.025625,0.02085987657003739,0.0380275089987,4.7793657370503,0.0011248057724671,82.64180171362302
0.026875,0.02085987657003739,0.0380275089987,4.7786539078582,0.00074987051497806,82.65938597533759
0.028125,0.02085987657003739,0.0380275089987,4.7779373935673,0.0011248057724671,82.67683204563197
0.029375000000000002,0.02085987657003739,0.0380275089987,4.7772314150312996,0.00074987051497807,82.69194289406967
0.030625000000000003,0.02085987657003739,0.0380275089987,4.776533616332,0.0011248057724671,82.70614088567943
0.031875,0.02085987657003739,0.0380275089987,4.7758202189481,0.0011248057724671,82.720578570647
0.033125,0.02085987657003739,0.0380275089987,4.7751140698376995,0.0014997410299561,82.73318776713168
0.034375,0.02085987657003739,0.0380275089987,4.7744355662722,0.0011248057724671,82.74457803723637
0.035625000000000004,0.02085987657003739,0.0380275089987,4.7737615600766,0.0018746762874452,82.75606412967254
0.036875000000000005,0.02085987657003739,0.0380275089987,4.773094974530199,0.0022496115449342,82.76649954961154
0.038125,0.02085987657003739,0.0380275089987,4.772434077314601,0.0029994820599123,82.77669796490783
0.039375,0.02085987657003739,0.0380275089987,4.7717727720636995,0.0029994820599123,82.7859708255642
0.040625,0.02085987657003739,0.0380275089987,4.771119713280901,0.0022496115449342,82.79405820415278
0.041875,0.02085987657003739,0.0380275089987,4.7704720337754,0.0018746762874452,82.80186332087136
0.043125000000000004,0.02085987657003739,0.0380275089987,4.7698317226646,0.0011248057724671,82.80900089506956
0.044375,0.02085987657003739,0.0380275089987,4.769197791451901,0.0011248057724671,82.81592070747438
0.045625,0.02085987657003739,0.0380275089987,4.7685713220397,0.00074987051497807,82.82227589016293
0.046875,0.02085987657003739,0.0380275089987,4.7679531741051004,0.00074987051497806,82.8275435445609
0.048125,0.02085987657003739,0.0380275089987,4.7673323001485,0.00074987051497807,82.8322738870338
0.049375,0.02085987657003739,0.0380275089987,4.7667177295825,0.00074987051497807,82.8351794139496
0.050625,0.02085987657003739,0.0380275089987,4.7661207075380005,0.00074987051497807,82.83700127929694
0.051875000000000004,0.02085987657003739,0.0380275089987,4.7655377355756,0.00074987051497807,82.83956440879736
0.053125000000000006,0.02085987657003739,0.0380275089987,4.7649643867579,0.00037493525748903,82.84265633415963
0.054375,0.02085987657003739,0.0380275089987,4.7643810820395,0.00074987051497807,82.84462677327517
0.05562500000000001,0.02085987657003739,0.0380275089987,4.763828511252401,0.00037493525748903,82.84613847290989
0.056875,0.02085987657003739,0.0380275089987,4.7632720929527,0.00037493525748903,82.84840897043841
0.05812500000000001,0.02085987657003739,0.0380275089987,4.7627333976360005,0.00037493525748904,82.85014314534061
0.059375000000000004,0.02085987657003739,0.0380275089987,4.7622008522603,0.00037493525748903,82.8515327238256
0.060625,0.02085987657003739,0.0380275089987,4.761681785007,0.00074987051497807,82.85309798375096
0.061875000000000006,0.02085987657003739,0.0380275089987,4.761168093877901,0.00074987051497807,82.85489942501779
0.063125,0.02085987657003739,0.0380275089987,4.7606676613381005,0.00037493525748903,82.85656015757716
0.064375,0.02085987657003739,0.0380275089987,4.7601742932145,0.00037493525748903,82.8588871550817
0.065625,0.02085987657003739,0.0380275089987,4.759682150755999,0.00074987051497807,82.86126755345535
0.066875,0.02085987657003739,0.0380275089987,4.7592160871013,0.00074987051497807,82.86370585812773
0.068125,0.02085987657003739,0.0380275089987,4.7587565454275005,0.00074987051497807,82.86755181504275
0.069375,0.02085987657003739,0.0380275089987,4.758293046902,0.0011248057724671,82.87222408886893
0.07062500000000001,0.02085987657003739,0.0380275089987,4.757848858348,0.00074987051497807,82.87820235655288
0.07187500000000001,0.02085987657003739,0.0380275089987,4.757406696555299,0.0011248057724671,82.88551267905088
0.073125,0.02085987657003739,0.0380275089987,4.7569775371667,0.0011248057724671,82.8935558723795
0.07437500000000001,0.02085987657003739,0.0380275089987,4.7565600322453,0.0026245468024232,82.9050379911481
0.075625,0.02085987657003739,0.0380275089987,4.756154010898601,0.0082485756647587,82.92189537035324
0.07687500000000001,0.02085987657003739,0.0380275089987,4.7557166897011,0.0059989641198246,82.94264983741031
0.078125,0.02085987657003739,0.0380275089987,4.7553362226581,0.0011248057724671,82.96690439953964
0.079375,0.02085987657003739,0.0380275089987,4.754951142298,0.0011248057724671,82.998810914708
0.080625,0.02085987657003739,0.0380275089987,4.7545612399007,0.00074987051497806,83.03861005625704
0.081875,0.02085987657003739,0.0380275089987,4.7541761388411,0.0014997410299561,83.08910099720056
0.083125,0.02085987657003739,0.0380275089987,4.7538052805241,0.00074987051497807,83.15264499693946
0.084375,0.02085987657003739,0.0380275089987,4.7534415115849,0.00074987051497807,83.23149022803676
0.085625,0.02085987657003739,0.0380275089987,4.7530830185271,0.00037493525748904,83.32982628234413
0.08687500000000001,0.02085987657003739,0.0380275089987,4.7527283100521,0.00074987051497807,83.45348417028217
0.08812500000000001,0.02085987657003739,0.0380275089987,4.752350945703,0.00074987051497806,83.6059144068296
0.08937500000000001,0.02085987657003739,0.0380275089987,4.7519983608658,0.00037493525748903,83.79459014332483
0.09062500000000001,0.02085987657003739,0.0380275089987,4.7516275086899,0.00037493525748903,84.0298479538652
0.091875,0.02085987657003739,0.0380275089987,4.7512543256911,0.00074987051497807,84.3194850544505
0.09312500000000001,0.02085987657003739,0.0380275089987,4.750867033489,0.00037493525748903,84.67471565984094
0.094375,0.02085987657003739,0.0380275089987,4.7504509046639,0.0011248057724671,85.10604325340353
0.09562500000000002,0.02085987657003739,0.0380275089987,4.750013925685299,0.00037493525748903,85.62607257839103
0.096875,0.02085987657003739,0.0380275089987,4.7495462309079,0.0,86.24764992528893
0.098125,0.02085987657003739,0.0380275089987,4.749027514213,0.00037493525748903,86.97846518751868
0.099375,0.02085987657003739,0.0380275089987,4.748471162418,0.00037493525748903,87.82481511057247
0.0006250000000000001,0.022878038872845223,0.0380275089987,4.7936542610837,0.0011032091245186,82.03015456812199
0.001875,0.022878038872845223,0.0380275089987,4.7933268811975,0.0014709454993582,82.11949901593053
0.003125,0.022878038872845223,0.0380275089987,4.7928237490484,0.0011032091245186,82.18677116533492
0.0043749999999999995,0.022878038872845223,0.0380275089987,4.792055640572,0.0011032091245186,82.21081027104344
0.005625000000000001,0.022878038872845223,0.0380275089987,4.7912012986665,0.0014709454993582,82.22833459992567
0.006875000000000001,0.022878038872845223,0.0380275089987,4.7903932674471,0.0011032091245186,82.25583110784268
0.008125,0.022878038872845223,0.0380275089987,4.7896522489339,0.0011032091245186,82.29434924717538
0.009375000000000001,0.022878038872845223,0.0380275089987,4.7889079780088,0.0014709454993582,82.33584495500301
0.010625,0.022878038872845223,0.0380275089987,4.7881558501587,0.0011032091245186,82.37354587712845
0.011875,0.022878038872845223,0.0380275089987,4.7874310696363,0.00073547274967909,82.40863671116651
0.013125000000000001,0.022878038872845223,0.0380275089987,4.7866755495215,0.0011032091245186,82.442192369691
0.014374999999999999,0.022878038872845223,0.0380275089987,4.7859258229392,0.0011032091245186,82.47347380176474
0.015625,0.022878038872845223,0.0380275089987,4.7851873519601,0.00073547274967909,82.50363918143584
0.016875,0.022878038872845223,0.0380275089987,4.7844523638511,0.0011032091245186,82.53255909408924
0.018125,0.022878038872845223,0.0380275089987,4.783722220746,0.0011032091245186,82.55927204262223
0.019375000000000003,0.022878038872845223,0.0380275089987,4.783002070715701,0.00036773637483955,82.58518381729004
0.020625,0.022878038872845223,0.0380275089987,4.782270696473301,0.0011032091245186,82.60939058189688
0.021875000000000002,0.022878038872845223,0.0380275089987,4.781544505406299,0.00073547274967909,82.63105532796841
0.023125000000000003,0.022878038872845223,0.0380275089987,4.780825176255401,0.00073547274967909,82.65164540628729
0.024375,0.022878038872845223,0.0380275089987,4.780099276578101,0.00073547274967909,82.6697316340449
0.025625,0.022878038872845223,0.0380275089987,4.7793680702248995,0.0011032091245186,82.68457562474696
0.026875,0.022878038872845223,0.0380275089987,4.778647896439,0.00073547274967909,82.69858756480734
0.028125,0.022878038872845223,0.0380275089987,4.7779359811714,0.0011032091245186,82.71236546509093
0.029375000000000002,0.022878038872845223,0.0380275089987,4.7772222346834,0.0011032091245186,82.72423079008163
0.030625000000000003,0.022878038872845223,0.0380275089987,4.776521661306,0.0011032091245186,82.73511812717209
0.031875,0.022878038872845223,0.0380275089987,4.775819053269401,0.0011032091245186,82.74610033654812
0.033125,0.022878038872845223,0.0380275089987,4.7751219845361,0.0011032091245186,82.75675459349235
0.034375,0.022878038872845223,0.0380275089987,4.7744307770323,0.0014709454993582,82.76668822231018
0.035625000000000004,0.022878038872845223,0.0380275089987,4.7737490396363,0.0018386818741977,82.77507686632924
0.036875000000000005,0.022878038872845223,0.0380275089987,4.773090956658,0.0022064182490373,82.78260395057607
0.038125,0.022878038872845223,0.0380275089987,4.7724318181502,0.0029418909987164,82.7904426097683
0.039375,0.022878038872845223,0.0380275089987,4.7717682248211,0.0033096273735559,82.79740341064776
0.040625,0.022878038872845223,0.0380275089987,4.771111928630701,0.0022064182490373,82.80347180467624
0.041875,0.022878038872845223,0.0380275089987,4.7704632272833996,0.0014709454993582,82.8094789106408
0.043125000000000004,0.022878038872845223,0.0380275089987,4.7698241310591,0.0011032091245186,82.81523059993165
0.044375,0.022878038872845223,0.0380275089987,4.769186226891,0.0011032091245186,82.82050611156451
0.045625,0.022878038872845223,0.0380275089987,4.7685585072237,0.0011032091245186,82.82509684464213
0.046875,0.022878038872845223,0.0380275089987,4.7679430632416,0.00073547274967909,82.82983791357627
0.048125,0.022878038872845223,0.0380275089987,4.7673166298944,0.00073547274967909,82.83320417366399
0.049375,0.022878038872845223,0.0380275089987,4.7667140815749995,0.00073547274967909,82.83491460406235
0.050625,0.022878038872845223,0.0380275089987,4.766121701377299,0.00073547274967909,82.83665730249896
0.051875000000000004,0.022878038872845223,0.0380275089987,4.7655330170885,0.00036773637483954,82.83893862934241
0.053125000000000006,0.022878038872845223,0.0380275089987,4.7649501148648,0.00073547274967909,82.8405486486751
0.054375,0.022878038872845223,0.0380275089987,4.764382251982299,0.00073547274967909,82.84142289091349
0.05562500000000001,0.022878038872845223,0.0380275089987,4.763827750980701,0.00036773637483955,82.84287553682744
0.056875,0.022878038872845223,0.0380275089987,4.763266253471,0.00073547274967909,82.84387238110178
0.05812500000000001,0.022878038872845223,0.0380275089987,4.7627351490850005,0.00036773637483955,82.8442657791277
0.059375000000000004,0.022878038872845223,0.0380275089987,4.7622046914638005,0.00036773637483954,82.84499249714936
0.060625,0.022878038872845223,0.0380275089987,4.7616846478519,0.00073547274967909,82.84509026543812
0.061875000000000006,0.022878038872845223,0.0380275089987,4.7611786067391,0.00036773637483955,82.84545546467724
0.063125,0.022878038872845223,0.0380275089987,4.7606711648196995,0.00073547274967909,82.84553816143952
0.064375,0.022878038872845223,0.0380275089987,4.760182253149599,0.00073547274967909,82.84539633281783
0.065625,0.022878038872845223,0.0380275089987,4.7596925887597,0.00073547274967909,82.84496465484143
0.066875,0.022878038872845223,0.0380275089987,4.7592292768497,0.00036773637483955,82.84399321113003
0.068125,0.022878038872845223,0.0380275089987,4.758771063213899,0.00073547274967909,82.84404017291665
0.069375,0.022878038872845223,0.0380275089987,4.7583104962015,0.0011032091245186,82.84417397873729
0.07062500000000001,0.022878038872845223,0.0380275089987,4.7578655592436,0.0007354727496791,82.84443504877596
0.07187500000000001,0.022878038872845223,0.0380275089987,4.7574296223475,0.00073547274967909,82.84481016560443
0.073125,0.022878038872845223,0.0380275089987,4.7570063707056995,0.0025741546238768,82.84502427361724
0.07437500000000001,0.022878038872845223,0.0380275089987,4.756596444232399,0.0018386818741977,82.84761892448208
0.075625,0.022878038872845223,0.0380275089987,4.7561884377825,0.0073547274967909,82.85437797830511
0.07687500000000001,0.022878038872845223,0.0380275089987,4.7557626333102,0.0069869911219514,82.86111908275421
0.078125,0.022878038872845223,0.0380275089987,4.755388327547901,0.0014709454993582,82.86804001086263
0.079375,0.022878038872845223,0.0380275089987,4.7550087763168,0.00073547274967909,82.88219811658999
0.080625,0.022878038872845223,0.0380275089987,4.754626232160501,0.0014709454993582,82.90084054083145
0.081875,0.022878038872845223,0.0380275089987,4.7542617959919005,0.00073547274967909,82.92556111401129
0.083125,0.022878038872845223,0.0380275089987,4.753908299628599,0.00036773637483954,82.95931553478094
0.084375,0.022878038872845223,0.0380275089987,4.753552821893201,0.00073547274967909,83.0037527857215
0.085625,0.022878038872845223,0.0380275089987,4.7532177689647,0.00036773637483955,83.06207158273163
0.08687500000000001,0.022878038872845223,0.0380275089987,4.752889072616401,0.0007354727496791,83.13907975898164
0.08812500000000001,0.022878038872845223,0.0380275089987,4.752545295210201,0.00036773637483954,83.2394043805591
0.08937500000000001,0.022878038872845223,0.0380275089987,4.752226522401,0.00036773637483954,83.370575653593
0.09062500000000001,0.022878038872845223,0.0380275089987,4.751903217539001,0.0007354727496791,83.54225077604679
0.091875,0.022878038872845223,0.0380275089987,4.7515665062625,0.00036773637483954,83.76340349928846
0.09312500000000001,0.022878038872845223,0.0380275089987,4.7512301926791,0.00036773637483954,84.04723400506839
0.094375,0.022878038872845223,0.0380275089987,4.7508704043734,0.00073547274967909,84.40763599346039
0.09562500000000002,0.022878038872845223,0.0380275089987,4.7504950239262005,0.00036773637483954,84.8598258890646
0.096875,0.022878038872845223,0.0380275089987,4.750089153353,0.00036773637483955,85.42086958927433
0.098125,0.022878038872845223,0.0380275089987,4.7496324833153,0.00036773637483955,86.10277439108532
0.099375,0.022878038872845223,0.0380275089987,4.749136761729,0.00036773637483954,86.9148713173904
0.0006250000000000001,0.024754193901680568,0.0380275089987,4.793739102714801,0.0010967691301986,82.14384822181208
0.001875,0.024754193901680568,0.0380275089987,4.7932976569493,0.0010967691301986,82.20936752264146
0.003125,0.024754193901680568,0.0380275089987,4.7927794868272,0.0014623588402648,82.2768515997721
0.0043749999999999995,0.024754193901680568,0.0380275089987,4.7920658707602,0.0010967691301986,82.31396812745221
0.005625000000000001,0.024754193901680568,0.0380275089987,4.7912532871166,0.0014623588402648,82.33871163127436
0.006875000000000001,0.024754193901680568,0.0380275089987,4.790445771874,0.0010967691301986,82.36648170138393
0.008125,0.024754193901680568,0.0380275089987,4.7896919235959,0.0010967691301986,82.40178148559214
0.009375000000000001,0.024754193901680568,0.0380275089987,4.7889456467281,0.0014623588402648,82.43963002251297
0.010625,0.024754193901680568,0.0380275089987,4.7882004990872,0.0010967691301986,82.47514460761238
0.011875,0.024754193901680568,0.0380275089987,4.7874591502652,0.00073117942013239,82.50697766046615
0.013125000000000001,0.024754193901680568,0.0380275089987,4.7867121142237,0.0010967691301986,82.53642017560591
0.014374999999999999,0.024754193901680568,0.0380275089987,4.7859610741643,0.0010967691301986,82.56320516064449
0.015625,0.024754193901680568,0.0380275089987,4.785223138424599,0.00073117942013239,82.5882286916242
0.016875,0.024754193901680568,0.0380275089987,4.7844860392564,0.0010967691301986,82.61143669786514
0.018125,0.024754193901680568,0.0380275089987,4.7837488086887,0.00073117942013239,82.63276718013421
0.019375000000000003,0.024754193901680568,0.0380275089987,4.7830221580015,0.00073117942013239,82.6531095259358
0.020625,0.024754193901680568,0.0380275089987,4.7822848907183,0.0010967691301986,82.67159423114784
0.021875000000000002,0.024754193901680568,0.0380275089987,4.7815490745258,0.0007311794201324,82.68751931987934
0.023125000000000003,0.024754193901680568,0.0380275089987,4.7808280189199,0.00073117942013239,82.70245026417447
0.024375,0.024754193901680568,0.0380275089987,4.7801010931137995,0.0010967691301986,82.71576646292341
0.025625,0.024754193901680568,0.0380275089987,4.779367286787799,0.0007311794201324,82.72692265416443
0.026875,0.024754193901680568,0.0380275089987,4.778647562664,0.0010967691301986,82.73710477977292
0.028125,0.024754193901680568,0.0380275089987,4.7779347703901,0.0014623588402648,82.74687612577813
0.029375000000000002,0.024754193901680568,0.0380275089987,4.777209886435999,0.0010967691301986,82.75561037209866
0.030625000000000003,0.024754193901680568,0.0380275089987,4.776514483673901,0.0010967691301986,82.76334456853134
0.031875,0.024754193901680568,0.0380275089987,4.7758186422276,0.0010967691301986,82.77171670663883
0.033125,0.024754193901680568,0.0380275089987,4.7751179159212,0.0010967691301986,82.77978339425546
0.034375,0.024754193901680568,0.0380275089987,4.7744281378812,0.0014623588402648,82.78662806451551
0.035625000000000004,0.024754193901680568,0.0380275089987,4.7737528627831,0.001827948550331,82.79255788378934
0.036875000000000005,0.024754193901680568,0.0380275089987,4.7730911956948,0.001827948550331,82.79787430835985
0.038125,0.024754193901680568,0.0380275089987,4.7724432652981,0.0029247176805296,82.8041443887905
0.039375,0.024754193901680568,0.0380275089987,4.7717468885704,0.0032903073905958,82.80891843808928
0.040625,0.024754193901680568,0.0380275089987,4.7711046447975995,0.0032903073905958,82.8119883195249
0.041875,0.024754193901680568,0.0380275089987,4.7704555698079005,0.0010967691301986,82.81708283820358
0.043125000000000004,0.024754193901680568,0.0380275089987,4.7698180696894,0.0010967691301986,82.82171000521755
0.044375,0.024754193901680568,0.0380275089987,4.769170252766201,0.0014623588402648,82.82504040276889
0.045625,0.024754193901680568,0.0380275089987,4.7685459023014,0.00073117942013239,82.82751477422487
0.046875,0.024754193901680568,0.0380275089987,4.767925672292,0.00073117942013239,82.83113436505103
0.048125,0.024754193901680568,0.0380275089987,4.767304298381401,0.00073117942013239,82.83344455036516
0.049375,0.024754193901680568,0.0380275089987,4.7667122934828,0.00036558971006619,82.83464973666673
0.050625,0.024754193901680568,0.0380275089987,4.7661250019227,0.0007311794201324,82.83665324721842
0.051875000000000004,0.024754193901680568,0.0380275089987,4.7655180584719,0.00073117942013239,82.83797033033524
0.053125000000000006,0.024754193901680568,0.0380275089987,4.7649464055764,0.00073117942013239,82.8381905852483
0.054375,0.024754193901680568,0.0380275089987,4.7643823140078,0.00073117942013239,82.83861900848582
0.05562500000000001,0.024754193901680568,0.0380275089987,4.7638290959724,0.0,82.83988718171756
0.056875,0.024754193901680568,0.0380275089987,4.7632648182483,0.0010967691301986,82.83965276501951
0.05812500000000001,0.024754193901680568,0.0380275089987,4.762734646222,0.0007311794201324,82.83852665026684
0.059375000000000004,0.024754193901680568,0.0380275089987,4.7622037602743,0.00073117942013239,82.83830407564454
0.060625,0.024754193901680568,0.0380275089987,4.7616847976175,0.0007311794201324,82.83697869044667
0.061875000000000006,0.024754193901680568,0.0380275089987,4.761179613883599,0.0003655897100662,82.83562281151254
0.063125,0.024754193901680568,0.0380275089987,4.7606773499488,0.0007311794201324,82.83427266746361
0.064375,0.024754193901680568,0.0380275089987,4.7601888419374,0.00036558971006619,82.8317675955321
0.065625,0.024754193901680568,0.0380275089987,4.7597090314595,0.0007311794201324,82.82865209639817
0.066875,0.024754193901680568,0.0380275089987,4.7592420731852,0.00073117942013239,82.82493970849755
0.068125,0.024754193901680568,0.0380275089987,4.7587860094175,0.00073117942013239,82.82087574627327
0.069375,0.024754193901680568,0.0380275089987,4.758330607033501,0.0007311794201324,82.81669274963987
0.07062500000000001,0.024754193901680568,0.0380275089987,4.7578764228366,0.0010967691301986,82.8119889660903
0.07187500000000001,0.024754193901680568,0.0380275089987,4.7574444282275,0.0007311794201324,82.80594060915853
0.073125,0.024754193901680568,0.0380275089987,4.7570272514804,0.0014623588402648,82.7990246962254
0.07437500000000001,0.024754193901680568,0.0380275089987,4.756627714725299,0.0010967691301986,82.79215293756131
0.075625,0.024754193901680568,0.0380275089987,4.7562282939641,0.0073117942013239,82.7893650535995
0.07687500000000001,0.024754193901680568,0.0380275089987,4.7557896649398,0.007311794201324,82.7830492304105
0.078125,0.024754193901680568,0.0380275089987,4.7554275070206,0.001827948550331,82.7735487285257
0.079375,0.024754193901680568,0.0380275089987,4.755061488414101,0.0007311794201324,82.7704580492556
0.080625,0.024754193901680568,0.0380275089987,4.7546868370617,0.00073117942013239,82.76825941958728
0.081875,0.024754193901680568,0.0380275089987,4.754330850356499,0.00036558971006619,82.76728700357116
0.083125,0.024754193901680568,0.0380275089987,4.753991478057101,0.0003655897100662,82.77035190695169
0.084375,0.024754193901680568,0.0380275089987,4.7536602196458,0.00073117942013239,82.77970273557695
0.085625,0.024754193901680568,0.0380275089987,4.7533353685318,0.0003655897100662,82.79662950870633
0.08687500000000001,0.024754193901680568,0.0380275089987,4.7530346003652,0.0,82.82517242046441
0.08812500000000001,0.024754193901680568,0.0380275089987,4.7527278598670994,0.00073117942013239,82.86964923131808
0.08937500000000001,0.024754193901680568,0.0380275089987,4.752439339334701,0.0003655897100662,82.93670285007622
0.09062500000000001,0.024754193901680568,0.0380275089987,4.752165020793,0.00073117942013239,83.03733171137476
0.091875,0.024754193901680568,0.0380275089987,4.7518632804661,0.00073117942013239,83.18003495529574
0.09312500000000001,0.024754193901680568,0.0380275089987,4.7515805104368,0.00036558971006619,83.37875379138507
0.094375,0.024754193901680568,0.0380275089987,4.751290266198,0.0003655897100662,83.65285151526282
0.09562500000000002,0.024754193901680568,0.0380275089987,4.7509855984312,0.00036558971006619,84.02160951958791
0.096875,0.024754193901680568,0.0380275089987,4.7506551479209,0.0003655897100662,84.50669984568229
0.098125,0.024754193901680568,0.0380275089987,4.7502789300654,0.00073117942013239,85.12719069460898
0.099375,0.024754193901680568,0.0380275089987,4.7498505149794,0.00036558971006619,85.89708762035136
0.0006250000000000001,0.026498333947962714,0.0380275089987,4.7937127470052,0.0011021299533225,82.24577904898285
0.001875,0.026498333947962714,0.0380275089987,4.7932730102088,0.0011021299533225,82.31353724013312
0.003125,0.026498333947962714,0.0380275089987,4.7927161184599,0.00146950660443,82.379475187805
0.0043749999999999995,0.026498333947962714,0.0380275089987,4.7920406886576,0.0011021299533225,82.42526753882458
0.005625000000000001,0.026498333947962714,0.0380275089987,4.7912908030676,0.0011021299533225,82.45888228399762
0.006875000000000001,0.026498333947962714,0.0380275089987,4.7905060907101,0.00146950660443,82.48912951304335
0.008125,0.026498333947962714,0.0380275089987,4.7897451877729,0.0011021299533225,82.52117297582937
0.009375000000000001,0.026498333947962714,0.0380275089987,4.7890019580426,0.0011021299533225,82.55384463968872
0.010625,0.026498333947962714,0.0380275089987,4.7882491888716,0.0011021299533225,82.58537065934802
0.011875,0.026498333947962714,0.0380275089987,4.7874855009161,0.0011021299533225,82.61127654519048
0.013125000000000001,0.026498333947962714,0.0380275089987,4.7867428041671,0.0011021299533225,82.63307170320324
0.014374999999999999,0.026498333947962714,0.0380275089987,4.785995543954701,0.0011021299533225,82.65433257373267
0.015625,0.026498333947962714,0.0380275089987,4.785250350268299,0.00073475330221499,82.67373611756328
0.016875,0.026498333947962714,0.0380275089987,4.7845074609427,0.00073475330221499,82.6902595301949
0.018125,0.026498333947962714,0.0380275089987,4.7837686978572,0.0011021299533225,82.70518668762845
0.019375000000000003,0.026498333947962714,0.0380275089987,4.7830301391207,0.000734753302215,82.71913668405024
0.020625,0.026498333947962714,0.0380275089987,4.7822973363456995,0.00073475330221499,82.73116395043624
0.021875000000000002,0.026498333947962714,0.0380275089987,4.781555653563999,0.0011021299533225,82.7417497393429
0.023125000000000003,0.026498333947962714,0.0380275089987,4.7808293968188,0.00073475330221499,82.75116915691207
0.024375,0.026498333947962714,0.0380275089987,4.780106931977,0.00073475330221499,82.75999659132671
0.025625,0.026498333947962714,0.0380275089987,4.7793648144808,0.0011021299533225,82.76702856671547
0.026875,0.026498333947962714,0.0380275089987,4.7786493168643,0.00073475330221499,82.77303845702816
0.028125,0.026498333947962714,0.0380275089987,4.777926575851899,0.0011021299533225,82.77980071126959
0.029375000000000002,0.026498333947962714,0.0380275089987,4.777211307688299,0.000734753302215,82.78511164744629
0.030625000000000003,0.026498333947962714,0.0380275089987,4.776510958790601,0.0011021299533225,82.78964209934823
0.031875,0.026498333947962714,0.0380275089987,4.7758159205053,0.0011021299533225,82.79482531401125
0.033125,0.026498333947962714,0.0380275089987,4.7751194573542,0.0011021299533225,82.80049395207679
0.034375,0.026498333947962714,0.0380275089987,4.7744294945166,0.00146950660443,82.80528817962781
0.035625000000000004,0.026498333947962714,0.0380275089987,4.7737534871399,0.0018368832555375,82.80834219990128
0.036875000000000005,0.026498333947962714,0.0380275089987,4.773088226265201,0.002204259906645,82.81147761874576
0.038125,0.026498333947962714,0.0380275089987,4.7724258233058,0.003673766511075,82.81621774942374
0.039375,0.026498333947962714,0.0380275089987,4.7717514766467,0.00293901320886,82.81923779253043
0.040625,0.026498333947962714,0.0380275089987,4.7710984177519,0.002204259906645,82.82109344123222
0.041875,0.026498333947962714,0.0380275089987,4.7704463776236,0.0018368832555375,82.82434274955864
0.043125000000000004,0.026498333947962714,0.0380275089987,4.769804533494001,0.0011021299533225,82.82707177649698
0.044375,0.026498333947962714,0.0380275089987,4.7691636318139,0.0011021299533225,82.82915841659954
0.045625,0.026498333947962714,0.0380275089987,4.7685376337129,0.00073475330221499,82.83080209651482
0.046875,0.026498333947962714,0.0380275089987,4.7679192482005,0.00073475330221499,82.8333114002234
0.048125,0.026498333947962714,0.0380275089987,4.767298107814099,0.000734753302215,82.83462242556053
0.049375,0.026498333947962714,0.0380275089987,4.7666980526694,0.00146950660443,82.83467677649809
0.050625,0.026498333947962714,0.0380275089987,4.766108784812601,0.0003673766511075,82.83560018543629
0.051875000000000004,0.026498333947962714,0.0380275089987,4.7655247080985,0.0003673766511075,82.83649740238178
0.053125000000000006,0.026498333947962714,0.0380275089987,4.7649406368233995,0.00073475330221499,82.83653957388196
0.054375,0.026498333947962714,0.0380275089987,4.7643745891475,0.00073475330221499,82.83598994068491
0.05562500000000001,0.026498333947962714,0.0380275089987,4.763823602045799,0.0003673766511075,82.8359296752751
0.056875,0.026498333947962714,0.0380275089987,4.7632723026315,0.00073475330221499,82.83493453136494
0.05812500000000001,0.026498333947962714,0.0380275089987,4.7627383922005,0.000734753302215,82.83319695534577
0.059375000000000004,0.026498333947962714,0.0380275089987,4.762205954342,0.0003673766511075,82.83198153791155
0.060625,0.026498333947962714,0.0380275089987,4.761684502814799,0.00073475330221499,82.82948871520404
0.061875000000000006,0.026498333947962714,0.0380275089987,4.7611821011519,0.0003673766511075,82.8262943683262
0.063125,0.026498333947962714,0.0380275089987,4.7606887020879,0.0003673766511075,82.82324868822126
0.064375,0.026498333947962714,0.0380275089987,4.7601910464156,0.00073475330221499,82.81850359032775
0.065625,0.026498333947962714,0.0380275089987,4.7597181102743,0.00073475330221499,82.81278397556191
0.066875,0.026498333947962714,0.0380275089987,4.7592561719629005,0.000734753302215,82.80685942825475
0.068125,0.026498333947962714,0.0380275089987,4.7587907684082,0.00073475330221499,82.79937548217005
0.069375,0.026498333947962714,0.0380275089987,4.758342742137099,0.0011021299533225,82.79135106089878
0.07062500000000001,0.026498333947962714,0.0380275089987,4.7578863784767,0.0003673766511075,82.78218490665498
0.07187500000000001,0.026498333947962714,0.0380275089987,4.757454467388801,0.002204259906645,82.77054131474021
0.073125,0.026498333947962714,0.0380275089987,4.7570441793975995,0.00146950660443,82.75680897587905
0.07437500000000001,0.026498333947962714,0.0380275089987,4.7566520418697,0.00146950660443,82.74347100231056
0.075625,0.026498333947962714,0.0380275089987,4.7562167544454,0.0077149096732574,82.72795743020636
0.07687500000000001,0.026498333947962714,0.0380275089987,4.755825347124,0.0062454030688275,82.7090943777731
0.078125,0.026498333947962714,0.0380275089987,4.7554652508183,0.0025716365577525,82.68777764488905
0.079375,0.026498333947962714,0.0380275089987,4.7551092406943,0.000734753302215,82.6678116506911
0.080625,0.026498333947962714,0.0380275089987,4.7547385329673,0.0011021299533225,82.6460022761699
0.081875,0.026498333947962714,0.0380275089987,4.754388492172899,0.0003673766511075,82.62063360000306
0.083125,0.026498333947962714,0.0380275089987,4.7540608805307,0.00073475330221499,82.59428717498636
0.084375,0.026498333947962714,0.0380275089987,4.7537474327617,0.0003673766511075,82.56894606837702
0.085625,0.026498333947962714,0.0380275089987,4.7534384351636,0.00073475330221501,82.54466052655336
0.08687500000000001,0.026498333947962714,0.0380275089987,4.7531553470882,0.0003673766511075,82.52455191110165
0.08812500000000001,0.026498333947962714,0.0380275089987,4.752872712818,0.0011021299533225,82.51121615191592
0.08937500000000001,0.026498333947962714,0.0380275089987,4.752621458979999,0.0003673766511075,82.51053729792564
0.09062500000000001,0.026498333947962714,0.0380275089987,4.7523856567000005,0.0003673766511075,82.533007094299
0.091875,0.026498333947962714,0.0380275089987,4.7521414911393,0.0003673766511075,82.58816690246717
0.09312500000000001,0.026498333947962714,0.0380275089987,4.7519058794814,0.00073475330221499,82.68995356475236
0.094375,0.026498333947962714,0.0380275089987,4.7516888115156,0.0003673766511075,82.86074542648737
0.09562500000000002,0.026498333947962714,0.0380275089987,4.7514640093391,0.0003673766511075,83.12706288439546
0.096875,0.026498333947962714,0.0380275089987,4.751222028109201,0.0003673766511075,83.51712164870548
0.098125,0.026498333947962714,0.0380275089987,4.7509468647205,0.0003673766511075,84.05992046993602
0.099375,0.026498333947962714,0.0380275089987,4.7506025139128,0.00073475330221499,84.77837194600309
0.0006250000000000001,0.028119748199072602,0.0380275089987,4.7937784375775,0.0011171907088611,82.38302111066305
0.001875,0.028119748199072602,0.0380275089987,4.7932828644312,0.0011171907088611,82.44002485786828
0.003125,0.028119748199072602,0.0380275089987,4.7926943361839,0.0014895876118148,82.50236064481258
0.0043749999999999995,0.028119748199072602,0.0380275089987,4.792040551855401,0.0011171907088611,82.55226706046831
0.005625000000000001,0.028119748199072602,0.0380275089987,4.791324723292299,0.0011171907088611,82.59015995541185
0.006875000000000001,0.028119748199072602,0.0380275089987,4.7905584707719004,0.0014895876118148,82.62093670079824
0.008125,0.028119748199072602,0.0380275089987,4.7898027937958,0.0011171907088611,82.64851145053885
0.009375000000000001,0.028119748199072602,0.0380275089987,4.7890548726482,0.0011171907088611,82.67520868152023
0.010625,0.028119748199072602,0.0380275089987,4.7882871286355,0.0011171907088611,82.69878085133408
0.011875,0.028119748199072602,0.0380275089987,4.787521807641499,0.0011171907088611,82.71651415913519
0.013125000000000001,0.028119748199072602,0.0380275089987,4.7867763839945,0.00074479380590741,82.73115940047212
0.014374999999999999,0.028119748199072602,0.0380275089987,4.7860247845887,0.0011171907088611,82.74504340713764
0.015625,0.028119748199072602,0.0380275089987,4.7852716458756,0.0011171907088611,82.75683061586511
0.016875,0.028119748199072602,0.0380275089987,4.7845261337312,0.0007447938059074,82.76612323701603
0.018125,0.028119748199072602,0.0380275089987,4.783781820718,0.00074479380590741,82.77428166256433
0.019375000000000003,0.028119748199072602,0.0380275089987,4.7830411869143,0.0007447938059074,82.78164632029019
0.020625,0.028119748199072602,0.0380275089987,4.7822961265309,0.0011171907088611,82.78742226270194
0.021875000000000002,0.028119748199072602,0.0380275089987,4.781560596205,0.00074479380590741,82.79232708105128
0.023125000000000003,0.028119748199072602,0.0380275089987,4.7808338253643,0.0007447938059074,82.79694654771643
0.024375,0.028119748199072602,0.0380275089987,4.780100131705099,0.0011171907088611,82.80125683035045
0.025625,0.028119748199072602,0.0380275089987,4.779360547072,0.00074479380590741,82.80372944452881
0.026875,0.028119748199072602,0.0380275089987,4.7786469132346,0.00074479380590741,82.80588554306033
0.028125,0.028119748199072602,0.0380275089987,4.7779297079034,0.0011171907088611,82.809443125466
0.029375000000000002,0.028119748199072602,0.0380275089987,4.7772119210406006,0.0003723969029537,82.81176049807853
0.030625000000000003,0.028119748199072602,0.0380275089987,4.776517523454199,0.0007447938059074,82.81346125699608
0.031875,0.028119748199072602,0.0380275089987,4.7758185176004,0.0011171907088611,82.8156479549782
0.033125,0.028119748199072602,0.0380275089987,4.7751171883431,0.0014895876118148,82.81911567407799
0.034375,0.028119748199072602,0.0380275089987,4.7744282473544,0.0018619845147685,82.821661625487
0.035625000000000004,0.028119748199072602,0.0380275089987,4.7737539984433,0.0014895876118148,82.82228163966082
0.036875000000000005,0.028119748199072602,0.0380275089987,4.773086124030301,0.0022343814177222,82.8239321859498
0.038125,0.028119748199072602,0.0380275089987,4.7724187188127,0.0029791752236296,82.82628519372088
0.039375,0.028119748199072602,0.0380275089987,4.7717439630367,0.0026067783206759,82.8275808006148
0.040625,0.028119748199072602,0.0380275089987,4.7710931689758,0.0029791752236296,82.82904874282697
0.041875,0.028119748199072602,0.0380275089987,4.7704383741958996,0.0014895876118148,82.83090091791128
0.043125000000000004,0.028119748199072602,0.0380275089987,4.769792598534,0.0014895876118148,82.83156658132262
0.044375,0.028119748199072602,0.0380275089987,4.7691595555154,0.0007447938059074,82.83254547485328
0.045625,0.028119748199072602,0.0380275089987,4.768525596211,0.0007447938059074,82.83331980106068
0.046875,0.028119748199072602,0.0380275089987,4.7679070005481,0.0007447938059074,82.83383384457582
0.048125,0.028119748199072602,0.0380275089987,4.767300704427,0.00074479380590741,82.8344715374026
0.049375,0.028119748199072602,0.0380275089987,4.7666870568813,0.0007447938059074,82.83436679055505
0.050625,0.028119748199072602,0.0380275089987,4.766099625993999,0.00074479380590741,82.83426075010576
0.051875000000000004,0.028119748199072602,0.0380275089987,4.7655166540239,0.0007447938059074,82.83449372213214
0.053125000000000006,0.028119748199072602,0.0380275089987,4.764940417871199,0.0003723969029537,82.83411370099934
0.054375,0.028119748199072602,0.0380275089987,4.7643736444511005,0.00074479380590741,82.83322666272718
0.05562500000000001,0.028119748199072602,0.0380275089987,4.7638200602388,0.0007447938059074,82.83231545098151
0.056875,0.028119748199072602,0.0380275089987,4.763275071385899,0.0003723969029537,82.83040465815613
0.05812500000000001,0.028119748199072602,0.0380275089987,4.7627387658574,0.00037239690295371,82.82774890265391
0.059375000000000004,0.028119748199072602,0.0380275089987,4.7622084540896,0.0007447938059074,82.82551672464513
0.060625,0.028119748199072602,0.0380275089987,4.7616870616875,0.0007447938059074,82.82193062801977
0.061875000000000006,0.028119748199072602,0.0380275089987,4.7611845300975,0.0003723969029537,82.81753132366595
0.063125,0.028119748199072602,0.0380275089987,4.7606820645927,0.00074479380590741,82.81250440786158
0.064375,0.028119748199072602,0.0380275089987,4.7602009465891,0.0003723969029537,82.80578214524641
0.065625,0.028119748199072602,0.0380275089987,4.7597261371542,0.00074479380590741,82.79894785211653
0.066875,0.028119748199072602,0.0380275089987,4.7592537280302,0.0011171907088611,82.79023139933498
0.068125,0.028119748199072602,0.0380275089987,4.7588025406859,0.00074479380590741,82.77936582802278
0.069375,0.028119748199072602,0.0380275089987,4.7583475635227,0.0003723969029537,82.76815944587582
0.07062500000000001,0.028119748199072602,0.0380275089987,4.757896952021,0.00074479380590741,82.75500050258108
0.07187500000000001,0.028119748199072602,0.0380275089987,4.7574674734857,0.0007447938059074,82.7385620912241
0.073125,0.028119748199072602,0.0380275089987,4.7570564813452,0.0003723969029537,82.71902065723603
0.07437500000000001,0.028119748199072602,0.0380275089987,4.756659901704,0.0018619845147685,82.69906846885765
0.075625,0.028119748199072602,0.0380275089987,4.7562346500493,0.0063307473502129,82.67443377161
0.07687500000000001,0.028119748199072602,0.0380275089987,4.7558555268916,0.0067031442531667,82.6444802327069
0.078125,0.028119748199072602,0.0380275089987,4.7554807588811006,0.0033515721265833,82.61133439522469
0.079375,0.028119748199072602,0.0380275089987,4.755130379092001,0.00074479380590741,82.57589002413286
0.080625,0.028119748199072602,0.0380275089987,4.7547739483736,0.0018619845147685,82.53643755624036
0.081875,0.028119748199072602,0.0380275089987,4.7544287894701,0.0011171907088611,82.48955444035141
0.083125,0.028119748199072602,0.0380275089987,4.754108899471101,0.0007447938059074,82.4365207522312
0.084375,0.028119748199072602,0.0380275089987,4.7538049956588,0.0003723969029537,82.37879496822573
0.085625,0.028119748199072602,0.0380275089987,4.753514782346,0.00037239690295371,82.31551176076538
0.08687500000000001,0.028119748199072602,0.0380275089987,4.7532457447226,0.0003723969029537,82.24780466725959
0.08812500000000001,0.028119748199072602,0.0380275089987,4.752993921188,0.0003723969029537,82.17751040965385
0.08937500000000001,0.028119748199072602,0.0380275089987,4.7527660513416,0.0003723969029537,82.10866062488842
0.09062500000000001,0.028119748199072602,0.0380275089987,4.752560273431301,0.0003723969029537,82.04920311927839
0.091875,0.028119748199072602,0.0380275089987,4.7523663085839996,0.0007447938059074,82.00825731278424
0.09312500000000001,0.028119748199072602,0.0380275089987,4.7521943324714,0.0003723969029537,82.00097977534087
0.094375,0.028119748199072602,0.0380275089987,4.7520468131619005,0.0003723969029537,82.05200756931737
0.09562500000000002,0.028119748199072602,0.0380275089987,4.7519093919644995,0.0003723969029537,82.19345398396435
0.096875,0.028119748199072602,0.0380275089987,4.7517669599582,0.0003723969029537,82.46386594106004
0.098125,0.028119748199072602,0.0380275089987,4.7516043317053,0.0003723969029537,82.90593698027556
0.099375,0.028119748199072602,0.0380275089987,4.7513881847914,0.0003723969029537,83.55912076187302
0.0006250000000000001,0.029627072212018827,0.0380275089987,4.7940329210021995,0.0011406105246719,82.57650076133227
0.001875,0.029627072212018827,0.0380275089987,4.793441392990499,0.0011406105246719,82.60662398516239
0.003125,0.029627072212018827,0.0380275089987,4.7927646115737,0.0011406105246719,82.65264559329425
0.0043749999999999995,0.029627072212018827,0.0380275089987,4.7920720906528,0.0011406105246719,82.69499652680902
0.005625000000000001,0.029627072212018827,0.0380275089987,4.7913475354744,0.0015208140328959,82.72911675679877
0.006875000000000001,0.029627072212018827,0.0380275089987,4.7905991385057,0.0011406105246719,82.75632709288638
0.008125,0.029627072212018827,0.0380275089987,4.7898513955689,0.0011406105246719,82.77851477781681
0.009375000000000001,0.029627072212018827,0.0380275089987,4.7890981867341,0.0011406105246719,82.7981303204086
0.010625,0.029627072212018827,0.0380275089987,4.7883181846904,0.0011406105246719,82.81232741909933
0.011875,0.029627072212018827,0.0380275089987,4.7875531202141,0.0011406105246719,82.82031863939905
0.013125000000000001,0.029627072212018827,0.0380275089987,4.7868033296339,0.0011406105246719,82.82637647840046
0.014374999999999999,0.029627072212018827,0.0380275089987,4.786047117013299,0.00076040701644796,82.83145442987329
0.015625,0.029627072212018827,0.0380275089987,4.7852911570487,0.0011406105246719,82.83551909261757
0.016875,0.029627072212018827,0.0380275089987,4.7845327797128,0.00076040701644796,82.83733104332553
0.018125,0.029627072212018827,0.0380275089987,4.7837879403027,0.00076040701644796,82.83797303383953
0.019375000000000003,0.029627072212018827,0.0380275089987,4.7830471110766,0.00076040701644796,82.83871338755878
0.020625,0.029627072212018827,0.0380275089987,4.782294342612,0.0011406105246719,82.83855617862304
0.021875000000000002,0.029627072212018827,0.0380275089987,4.781564345091001,0.00076040701644796,82.83819364732653
0.023125000000000003,0.029627072212018827,0.0380275089987,4.780835233617999,0.00076040701644796,82.83817736433254
0.024375,0.029627072212018827,0.0380275089987,4.780100653598501,0.00076040701644796,82.8380948023016
0.025625,0.029627072212018827,0.0380275089987,4.7793620802123,0.0011406105246719,82.8369390493929
0.026875,0.029627072212018827,0.0380275089987,4.7786463140126,0.00076040701644796,82.83580313545359
0.028125,0.029627072212018827,0.0380275089987,4.7779311012051,0.00076040701644796,82.83548438749267
0.029375000000000002,0.029627072212018827,0.0380275089987,4.7772202110108,0.0011406105246719,82.8350654115064
0.030625000000000003,0.029627072212018827,0.0380275089987,4.7765093588944,0.0011406105246719,82.83446227875508
0.031875,0.029627072212018827,0.0380275089987,4.775813904299801,0.0011406105246719,82.8339291315781
0.033125,0.029627072212018827,0.0380275089987,4.7751240663828005,0.0011406105246719,82.83478546259053
0.034375,0.029627072212018827,0.0380275089987,4.7744344758517,0.0015208140328959,82.83522138835163
0.035625000000000004,0.029627072212018827,0.0380275089987,4.773753840834201,0.0015208140328959,82.8343889837066
0.036875000000000005,0.029627072212018827,0.0380275089987,4.7730807139792,0.0022812210493439,82.83441020377578
0.038125,0.029627072212018827,0.0380275089987,4.772411875536,0.0022812210493439,82.83493514923778
0.039375,0.029627072212018827,0.0380275089987,4.7717397423148,0.0038020350822398,82.83471427878776
0.040625,0.029627072212018827,0.0380275089987,4.7710851096841,0.0015208140328959,82.83480523828128
0.041875,0.029627072212018827,0.0380275089987,4.7704350833080005,0.0011406105246719,82.83526980746032
0.043125000000000004,0.029627072212018827,0.0380275089987,4.7697811854670995,0.0015208140328959,82.8345249012644
0.044375,0.029627072212018827,0.0380275089987,4.7691544312645,0.0011406105246719,82.83414287398165
0.045625,0.029627072212018827,0.0380275089987,4.7685212871089,0.0011406105246719,82.83430967746465
0.046875,0.029627072212018827,0.0380275089987,4.7678974909652,0.00076040701644796,82.8340602612112
0.048125,0.029627072212018827,0.0380275089987,4.7672928234294005,0.00076040701644796,82.83374320234252
0.049375,0.029627072212018827,0.0380275089987,4.7666858058359995,0.00076040701644796,82.83319678423427
0.050625,0.029627072212018827,0.0380275089987,4.7660935475885005,0.00076040701644796,82.83255967946734
0.051875000000000004,0.029627072212018827,0.0380275089987,4.7655127664183,0.00076040701644796,82.83207167061744
0.053125000000000006,0.029627072212018827,0.0380275089987,4.7649372364297,0.00076040701644796,82.83107025756634
0.054375,0.029627072212018827,0.0380275089987,4.764367874496,0.00038020350822398,82.82975791791993
0.05562500000000001,0.029627072212018827,0.0380275089987,4.7638175267668,0.00076040701644796,82.82810669199627
0.056875,0.029627072212018827,0.0380275089987,4.7632712742547,0.00076040701644796,82.82536818875903
0.05812500000000001,0.029627072212018827,0.0380275089987,4.762738744357399,0.00076040701644797,82.82216080124094
0.059375000000000004,0.029627072212018827,0.0380275089987,4.7622110939097,0.0,82.81923726916315
0.060625,0.029627072212018827,0.0380275089987,4.761686766036201,0.00076040701644796,82.81455802735582
0.061875000000000006,0.029627072212018827,0.0380275089987,4.761186828970399,0.00038020350822398,82.80894693304501
0.063125,0.029627072212018827,0.0380275089987,4.7606833775161,0.00076040701644796,82.80263512700816
0.064375,0.029627072212018827,0.0380275089987,4.7602060359583005,0.00038020350822398,82.79458714711478
0.065625,0.029627072212018827,0.0380275089987,4.759728664805101,0.00076040701644796,82.78625117189605
0.066875,0.029627072212018827,0.0380275089987,4.7592566038107,0.00076040701644796,82.77537710404373
0.068125,0.029627072212018827,0.0380275089987,4.758804074749199,0.00076040701644796,82.7620384980586
0.069375,0.029627072212018827,0.0380275089987,4.7583532701762,0.00076040701644796,82.74785837190136
0.07062500000000001,0.029627072212018827,0.0380275089987,4.7579063161039,0.00076040701644797,82.73162409291689
0.07187500000000001,0.029627072212018827,0.0380275089987,4.7574720479435,0.00076040701644796,82.71139956799868
0.073125,0.029627072212018827,0.0380275089987,4.7570592761674,0.0019010175411199,82.68715930862075
0.07437500000000001,0.029627072212018827,0.0380275089987,4.7566550572915,0.0011406105246719,82.65963397505853
0.075625,0.029627072212018827,0.0380275089987,4.7562543373262,0.0064634596398076,82.6266688702346
0.07687500000000001,0.029627072212018827,0.0380275089987,4.7558773806486,0.0068436631480317,82.58998637231338
0.078125,0.029627072212018827,0.0380275089987,4.755498173569,0.0022812210493439,82.54722820654784
0.079375,0.029627072212018827,0.0380275089987,4.755143155179799,0.0011406105246719,82.49807109211687
0.080625,0.029627072212018827,0.0380275089987,4.7547915257719,0.0011406105246719,82.44199987133806
0.081875,0.029627072212018827,0.0380275089987,4.75445645503,0.00076040701644796,82.3765275005456
0.083125,0.029627072212018827,0.0380275089987,4.7541439539202,0.00038020350822398,82.30108257770127
0.084375,0.029627072212018827,0.0380275089987,4.7538401732071,0.00076040701644796,82.21454758809742
0.085625,0.029627072212018827,0.0380275089987,4.7535605994367005,0.00038020350822398,82.11548114258325
0.08687500000000001,0.029627072212018827,0.0380275089987,4.7533079612002,0.00076040701644796,82.00433279843949
0.08812500000000001,0.029627072212018827,0.0380275089987,4.753070782737,0.00038020350822398,81.88034269390344
0.08937500000000001,0.029627072212018827,0.0380275089987,4.7528606751928,0.00038020350822398,81.74511712101786
0.09062500000000001,0.029627072212018827,0.0380275089987,4.7526813688353,0.00076040701644797,81.60317298273776
0.091875,0.029627072212018827,0.0380275089987,4.752533407982,0.00038020350822398,81.46175282301746
0.09312500000000001,0.029627072212018827,0.0380275089987,4.7524188234143,0.00038020350822398,81.33584173142044
0.094375,0.029627072212018827,0.0380275089987,4.7523414613125,0.00038020350822398,81.24981788111138
0.09562500000000002,0.029627072212018827,0.0380275089987,4.7522971757636,0.00038020350822398,81.24062956496589
0.096875,0.029627072212018827,0.0380275089987,4.7522720484852,0.00038020350822398,81.35950698401717
0.098125,0.029627072212018827,0.0380275089987,4.7522482491017,0.00076040701644796,81.66973647429725
0.099375,0.029627072212018827,0.0380275089987,4.7521796062174,0.00076040701644796,82.23570173166748
0.0006250000000000001,0.03102833390590679,0.0380275089987,4.794237101511101,0.0011715343374504,82.77381914005562
0.001875,0.03102833390590679,0.0380275089987,4.7936583314611,0.0011715343374504,82.79619134107959
0.003125,0.03102833390590679,0.0380275089987,4.7929038919534,0.0015620457832672,82.82464950416802
0.0043749999999999995,0.03102833390590679,0.0380275089987,4.7921380989151,0.0011715343374504,82.85219407789589
0.005625000000000001,0.03102833390590679,0.0380275089987,4.7913860891844,0.0011715343374504,82.87625144059872
0.006875000000000001,0.03102833390590679,0.0380275089987,4.790634960809901,0.0011715343374504,82.89515464777082
0.008125,0.03102833390590679,0.0380275089987,4.7898873367842,0.0011715343374504,82.90878343953118
0.009375000000000001,0.03102833390590679,0.0380275089987,4.7891259617419,0.0011715343374504,82.9185700475041
0.010625,0.03102833390590679,0.0380275089987,4.7883462543458,0.0011715343374504,82.92159505780768
0.011875,0.03102833390590679,0.0380275089987,4.7875834750259,0.0011715343374504,82.91939632524458
0.013125000000000001,0.03102833390590679,0.0380275089987,4.7868232509898005,0.00078102289163358,82.91628724454978
0.014374999999999999,0.03102833390590679,0.0380275089987,4.7860597989358,0.0015620457832672,82.9118580666196
0.015625,0.03102833390590679,0.0380275089987,4.7853010698853,0.00039051144581679,82.90697085252344
0.016875,0.03102833390590679,0.0380275089987,4.7845453040298995,0.0011715343374504,82.90117274065487
0.018125,0.03102833390590679,0.0380275089987,4.7837931644386,0.00078102289163358,82.8950358091935
0.019375000000000003,0.03102833390590679,0.0380275089987,4.7830493049651,0.00078102289163358,82.88950502266167
0.020625,0.03102833390590679,0.0380275089987,4.7822918472098,0.00078102289163358,82.88359193959663
0.021875000000000002,0.03102833390590679,0.0380275089987,4.781560865728,0.00078102289163358,82.87815032535782
0.023125000000000003,0.03102833390590679,0.0380275089987,4.7808320625426,0.00078102289163358,82.873927426775
0.024375,0.03102833390590679,0.0380275089987,4.7800960459847,0.0011715343374504,82.86957562653949
0.025625,0.03102833390590679,0.0380275089987,4.779367256572,0.00078102289163358,82.8650861270756
0.026875,0.03102833390590679,0.0380275089987,4.7786514496943004,0.00078102289163358,82.86163545402367
0.028125,0.03102833390590679,0.0380275089987,4.777933694040001,0.0011715343374504,82.85807447424833
0.029375000000000002,0.03102833390590679,0.0380275089987,4.777223051510299,0.00078102289163358,82.8543735571713
0.030625000000000003,0.03102833390590679,0.0380275089987,4.7765072635505,0.0011715343374504,82.85166795944122
0.031875,0.03102833390590679,0.0380275089987,4.775814769417599,0.0011715343374504,82.8492041026468
0.033125,0.03102833390590679,0.0380275089987,4.7751189344322,0.0011715343374504,82.84793261817632
0.034375,0.03102833390590679,0.0380275089987,4.7744343710525,0.0011715343374504,82.84641173425936
0.035625000000000004,0.03102833390590679,0.0380275089987,4.7737549496152,0.001952557229084,82.84425233242368
0.036875000000000005,0.03102833390590679,0.0380275089987,4.7730723640547,0.0023430686749007,82.84220638422589
0.038125,0.03102833390590679,0.0380275089987,4.7724069832715,0.0027335801207175,82.84088461111479
0.039375,0.03102833390590679,0.0380275089987,4.7717420558639,0.0042956259039847,82.83995772959219
0.040625,0.03102833390590679,0.0380275089987,4.7710763850592,0.0023430686749007,82.83856772504258
0.041875,0.03102833390590679,0.0380275089987,4.7704379693967995,0.00078102289163358,82.83768184761425
0.043125000000000004,0.03102833390590679,0.0380275089987,4.7697796294759,0.0027335801207175,82.83658542609749
0.044375,0.03102833390590679,0.0380275089987,4.7691445605924,0.00078102289163357,82.83530273588802
0.045625,0.03102833390590679,0.0380275089987,4.768515797853301,0.0011715343374504,82.83434750086909
0.046875,0.03102833390590679,0.0380275089987,4.7678947573346,0.00078102289163357,82.83345186470704
0.048125,0.03102833390590679,0.0380275089987,4.767288156523801,0.00078102289163358,82.8326348933294
0.049375,0.03102833390590679,0.0380275089987,4.7666786405898,0.00078102289163358,82.83191931580035
0.050625,0.03102833390590679,0.0380275089987,4.7660841622393,0.00078102289163358,82.83043301053141
0.051875000000000004,0.03102833390590679,0.0380275089987,4.7655048659823,0.00039051144581679,82.82896872458134
0.053125000000000006,0.03102833390590679,0.0380275089987,4.7649281069091,0.00078102289163358,82.82748984845233
0.054375,0.03102833390590679,0.0380275089987,4.7643676909128,0.00078102289163358,82.82556954527242
0.05562500000000001,0.03102833390590679,0.0380275089987,4.7638176867365,0.00039051144581679,82.82339232657255
0.056875,0.03102833390590679,0.0380275089987,4.763271218640799,0.0011715343374504,82.82038210599849
0.05812500000000001,0.03102833390590679,0.0380275089987,4.762737513776901,0.00039051144581679,82.8166391419735
0.059375000000000004,0.03102833390590679,0.0380275089987,4.7622120270564,0.00039051144581679,82.81272049388251
0.060625,0.03102833390590679,0.0380275089987,4.7616892198457,0.00078102289163358,82.80739693412434
0.061875000000000006,0.03102833390590679,0.0380275089987,4.7611879400546995,0.0,82.80117665731423
0.063125,0.03102833390590679,0.0380275089987,4.7606867507194,0.00078102289163358,82.79381994619779
0.064375,0.03102833390590679,0.0380275089987,4.7602053104937,0.00039051144581679,82.78461429019063
0.065625,0.03102833390590679,0.0380275089987,4.7597292503129,0.00078102289163358,82.7747080957141
0.066875,0.03102833390590679,0.0380275089987,4.7592595143892,0.00078102289163357,82.76231452444185
0.068125,0.03102833390590679,0.0380275089987,4.758803338008301,0.00078102289163358,82.74717960714678
0.069375,0.03102833390590679,0.0380275089987,4.7583566256549,0.00039051144581679,82.73029945244562
0.07062500000000001,0.03102833390590679,0.0380275089987,4.757910411614,0.00078102289163359,82.71118873739744
0.07187500000000001,0.03102833390590679,0.0380275089987,4.7574753684859,0.00078102289163358,82.68817257918545
0.073125,0.03102833390590679,0.0380275089987,4.7570622992228,0.0011715343374504,82.66052959965398
0.07437500000000001,0.03102833390590679,0.0380275089987,4.7566565550236,0.001952557229084,82.6273272159268
0.075625,0.03102833390590679,0.0380275089987,4.7562634326787006,0.0046861373498014,82.586894152677
0.07687500000000001,0.03102833390590679,0.0380275089987,4.7559036577207,0.007419717470519,82.5445978101525
0.078125,0.03102833390590679,0.0380275089987,4.755484140227201,0.0046861373498015,82.49466714237187
0.079375,0.03102833390590679,0.0380275089987,4.7551427638387995,0.0011715343374504,82.4332640165833
0.080625,0.03102833390590679,0.0380275089987,4.754801005923,0.0011715343374504,82.36379389072597
0.081875,0.03102833390590679,0.0380275089987,4.754471607318,0.00039051144581679,82.28319356178491
0.083125,0.03102833390590679,0.0380275089987,4.7541621591320995,0.00078102289163357,82.18912377225816
0.084375,0.03102833390590679,0.0380275089987,4.7538546261849,0.00078102289163358,82.07845302204032
0.085625,0.03102833390590679,0.0380275089987,4.7535855542529,0.00078102289163359,81.94894641576255
0.08687500000000001,0.03102833390590679,0.0380275089987,4.7533357669231,0.00039051144581679,81.79985585063972
0.08812500000000001,0.03102833390590679,0.0380275089987,4.7531093060749,0.00039051144581679,81.6282738099548
0.08937500000000001,0.03102833390590679,0.0380275089987,4.7529120191784,0.00078102289163357,81.43231521873093
0.09062500000000001,0.03102833390590679,0.0380275089987,4.752748275522699,0.00078102289163358,81.2115695406614
0.091875,0.03102833390590679,0.0380275089987,4.7526342714029,0.00039051144581679,80.97036194076186
0.09312500000000001,0.03102833390590679,0.0380275089987,4.752566048631699,0.0,80.72006229187276
0.094375,0.03102833390590679,0.0380275089987,4.7525501139423,0.00039051144581679,80.48157211394857
0.09562500000000002,0.03102833390590679,0.0380275089987,4.7525997375717,0.00039051144581679,80.29429546196211
0.096875,0.03102833390590679,0.0380275089987,4.7527034505851,0.00039051144581679,80.22223293954343
0.098125,0.03102833390590679,0.0380275089987,4.7528421969742,0.00039051144581679,80.35517196758629
0.099375,0.03102833390590679,0.0380275089987,4.7529766322119,0.00078102289163357,80.79889032261788
0.0006250000000000001,0.032330996318164,0.0380275089987,4.794206116104199,0.0012094328442027,82.91534628340717
0.001875,0.032330996318164,0.0380275089987,4.7938029076161,0.0012094328442027,82.97646830762747
0.003125,0.032330996318164,0.0380275089987,4.793052797309399,0.0012094328442027,83.00771945977334
0.0043749999999999995,0.032330996318164,0.0380275089987,4.7922340694652,0.0012094328442027,83.02045937337358
0.005625000000000001,0.032330996318164,0.0380275089987,4.7914416206221,0.0012094328442027,83.02877206390761
0.006875000000000001,0.032330996318164,0.0380275089987,4.7906737906400005,0.0012094328442027,83.03427590959276
0.008125,0.032330996318164,0.0380275089987,4.7899115081623,0.0012094328442027,83.03535647765423
0.009375000000000001,0.032330996318164,0.0380275089987,4.7891435338582,0.0012094328442027,83.03091681852068
0.010625,0.032330996318164,0.0380275089987,4.7883788079911,0.0012094328442027,83.02141171243072
0.011875,0.032330996318164,0.0380275089987,4.7876106934777,0.0012094328442027,83.00998671624858
0.013125000000000001,0.032330996318164,0.0380275089987,4.7868417694379,0.00080628856280179,82.99725440567049
0.014374999999999999,0.032330996318164,0.0380275089987,4.786066824168801,0.0012094328442027,82.98309415173262
0.015625,0.032330996318164,0.0380275089987,4.7853084655595,0.00080628856280178,82.96951334679002
0.016875,0.032330996318164,0.0380275089987,4.7845414593237,0.00080628856280179,82.95628034486643
0.018125,0.032330996318164,0.0380275089987,4.7837897729055,0.00080628856280179,82.94358717742337
0.019375000000000003,0.032330996318164,0.0380275089987,4.7830416935139,0.00080628856280178,82.93196457123278
0.020625,0.032330996318164,0.0380275089987,4.7822970920724,0.00080628856280178,82.92111786572414
0.021875000000000002,0.032330996318164,0.0380275089987,4.7815587503325,0.0012094328442027,82.91148436274314
0.023125000000000003,0.032330996318164,0.0380275089987,4.7808299282066,0.00080628856280178,82.90346571803256
0.024375,0.032330996318164,0.0380275089987,4.7800966810972,0.00080628856280178,82.89605035058466
0.025625,0.032330996318164,0.0380275089987,4.779366820163999,0.00080628856280179,82.88846007009184
0.026875,0.032330996318164,0.0380275089987,4.778648443654101,0.00080628856280178,82.8821885840534
0.028125,0.032330996318164,0.0380275089987,4.7779304043188,0.0012094328442027,82.87614616447037
0.029375000000000002,0.032330996318164,0.0380275089987,4.7772260195106,0.0012094328442027,82.87017083537732
0.030625000000000003,0.032330996318164,0.0380275089987,4.7765079930614,0.00080628856280178,82.86544868059872
0.031875,0.032330996318164,0.0380275089987,4.7758145698562,0.00080628856280178,82.86113001776891
0.033125,0.032330996318164,0.0380275089987,4.7751234396516,0.0016125771256036,82.85802390351706
0.034375,0.032330996318164,0.0380275089987,4.7744299496756,0.0012094328442027,82.85478903958563
0.035625000000000004,0.032330996318164,0.0380275089987,4.773759593770699,0.0012094328442027,82.85124754840113
0.036875000000000005,0.032330996318164,0.0380275089987,4.7730747525699995,0.0020157214070045,82.84832355947557
0.038125,0.032330996318164,0.0380275089987,4.7723988294762,0.0024188656884054,82.84525624835258
0.039375,0.032330996318164,0.0380275089987,4.7717408260893,0.0028220099698062,82.84304004855416
0.040625,0.032330996318164,0.0380275089987,4.771078721764201,0.0024188656884054,82.84075487010001
0.041875,0.032330996318164,0.0380275089987,4.7704246635742,0.0020157214070045,82.83827509519142
0.043125000000000004,0.032330996318164,0.0380275089987,4.769777205428601,0.0016125771256036,82.83660823261361
0.044375,0.032330996318164,0.0380275089987,4.7691402786316,0.00040314428140089,82.83501558365795
0.045625,0.032330996318164,0.0380275089987,4.768511216246799,0.0016125771256036,82.83335112572686
0.046875,0.032330996318164,0.0380275089987,4.7678883565513,0.00040314428140089,82.83162725962329
0.048125,0.032330996318164,0.0380275089987,4.767280648472299,0.0012094328442027,82.83006939924243
0.049375,0.032330996318164,0.0380275089987,4.7666765977159,0.00040314428140089,82.82934167687516
0.050625,0.032330996318164,0.0380275089987,4.7660785604136,0.00080628856280179,82.82736752475098
0.051875000000000004,0.032330996318164,0.0380275089987,4.7655011419714,0.00040314428140089,82.82536777564029
0.053125000000000006,0.032330996318164,0.0380275089987,4.764922012045901,0.00080628856280178,82.82333634794004
0.054375,0.032330996318164,0.0380275089987,4.7643666001106,0.00040314428140089,82.82084536512154
0.05562500000000001,0.032330996318164,0.0380275089987,4.7638125265379,0.00080628856280179,82.81824858425149
0.056875,0.032330996318164,0.0380275089987,4.763271167897701,0.00040314428140089,82.8149971662374
0.05812500000000001,0.032330996318164,0.0380275089987,4.7627376713647,0.00080628856280179,82.81101475862617
0.059375000000000004,0.032330996318164,0.0380275089987,4.7622115971,0.00040314428140089,82.80639403189161
0.060625,0.032330996318164,0.0380275089987,4.7616901194588,0.00080628856280178,82.80067431731652
0.061875000000000006,0.032330996318164,0.0380275089987,4.7611847028085,0.00040314428140089,82.79399252613659
0.063125,0.032330996318164,0.0380275089987,4.7606878578652,0.0,82.7856802793997
0.064375,0.032330996318164,0.0380275089987,4.760205651919,0.00080628856280178,82.77560792613993
0.065625,0.032330996318164,0.0380275089987,4.7597291512392,0.00040314428140089,82.76452941993777
0.066875,0.032330996318164,0.0380275089987,4.7592619590305,0.00080628856280179,82.75116478407223
0.068125,0.032330996318164,0.0380275089987,4.758801763535001,0.00080628856280178,82.73448494786268
0.069375,0.032330996318164,0.0380275089987,4.7583560727148,0.00080628856280178,82.71524551675824
0.07062500000000001,0.032330996318164,0.0380275089987,4.7579169389665,0.0004031442814009,82.69359601968854
0.07187500000000001,0.032330996318164,0.0380275089987,4.7574809309398,0.00080628856280179,82.66868515295468
0.073125,0.032330996318164,0.0380275089987,4.7570611861437,0.00040314428140089,82.63896518671618
0.07437500000000001,0.032330996318164,0.0380275089987,4.7566509316377,0.00080628856280178,82.60170239164806
0.075625,0.032330996318164,0.0380275089987,4.7562573959521,0.0052408756582116,82.55591495543196
0.07687500000000001,0.032330996318164,0.0380275089987,4.755884844755601,0.0084660299094188,82.50703835472315
0.078125,0.032330996318164,0.0380275089987,4.7555062546799,0.0040314428140089,82.4509938008616
0.079375,0.032330996318164,0.0380275089987,4.7551461469626,0.00080628856280179,82.38216552443696
0.080625,0.032330996318164,0.0380275089987,4.7548042495446,0.00080628856280178,82.30240494994155
0.081875,0.032330996318164,0.0380275089987,4.7544746291569,0.00040314428140089,82.20966341803205
0.083125,0.032330996318164,0.0380275089987,4.7541616266717,0.0012094328442027,82.10037460031049
0.084375,0.032330996318164,0.0380275089987,4.7538559272626,0.00080628856280178,81.97078913796558
0.085625,0.032330996318164,0.0380275089987,4.7535858591032,0.0008062885628018,81.81731819761575
0.08687500000000001,0.032330996318164,0.0380275089987,4.7533362920985,0.00080628856280179,81.63737075372302
0.08812500000000001,0.032330996318164,0.0380275089987,4.7531164905129,0.0,81.42650105661656
0.08937500000000001,0.032330996318164,0.0380275089987,4.7529099181031,0.00080628856280178,81.17832773623113
0.09062500000000001,0.032330996318164,0.0380275089987,4.75276296272,0.00080628856280178,80.8878873054134
0.091875,0.032330996318164,0.0380275089987,4.7526645501236,0.00040314428140089,80.55427751210675
0.09312500000000001,0.032330996318164,0.0380275089987,4.7526195193705,0.00080628856280178,80.18059275414863
0.094375,0.032330996318164,0.0380275089987,4.7526533334050995,0.00080628856280179,79.78024583933066
0.09562500000000002,0.032330996318164,0.0380275089987,4.7527857037742,0.00040314428140089,79.38904119631168
0.096875,0.032330996318164,0.0380275089987,4.753018308709399,0.0004031442814009,79.07830980485595
0.098125,0.032330996318164,0.0380275089987,4.7533492404022,0.00080628856280179,78.96799314278408
0.099375,0.032330996318164,0.0380275089987,4.753762144192099,0.0,79.23008452689156
0.0006250000000000001,0.03354199735223885,0.0380275089987,4.7938560137385,0.00083600338351334,83.01198647950022
0.001875,0.03354199735223885,0.0380275089987,4.793824997023,0.00125400507527,83.15207192751805
0.003125,0.03354199735223885,0.0380275089987,4.793205905888,0.00125400507527,83.20025062673679
0.0043749999999999995,0.03354199735223885,0.0380275089987,4.7923629662442995,0.00125400507527,83.19673534042474
0.005625000000000001,0.03354199735223885,0.0380275089987,4.791522866850901,0.00125400507527,83.18310234459643
0.006875000000000001,0.03354199735223885,0.0380275089987,4.790710664377699,0.00125400507527,83.16825552083371
0.008125,0.03354199735223885,0.0380275089987,4.7899353902406006,0.00125400507527,83.151269354111
0.009375000000000001,0.03354199735223885,0.0380275089987,4.7891704510894,0.00125400507527,83.13200834500677
0.010625,0.03354199735223885,0.0380275089987,4.7884027587819,0.00083600338351334,83.11109971714187
0.011875,0.03354199735223885,0.0380275089987,4.7876245202976,0.00125400507527,83.08917973832227
0.013125000000000001,0.03354199735223885,0.0380275089987,4.7868505472541,0.00083600338351335,83.06623077064339
0.014374999999999999,0.03354199735223885,0.0380275089987,4.7860695360126995,0.00125400507527,83.04293388602629
0.015625,0.03354199735223885,0.0380275089987,4.785307795889199,0.00083600338351334,83.02154121749477
0.016875,0.03354199735223885,0.0380275089987,4.784543131689,0.00083600338351334,83.00164135872191
0.018125,0.03354199735223885,0.0380275089987,4.7837913156005,0.00083600338351335,82.98299923374216
0.019375000000000003,0.03354199735223885,0.0380275089987,4.783044343468201,0.00083600338351334,82.96631105925121
0.020625,0.03354199735223885,0.0380275089987,4.7822971887426,0.00083600338351334,82.951585828279
0.021875000000000002,0.03354199735223885,0.0380275089987,4.7815482886563,0.00083600338351335,82.93799696195089
0.023125000000000003,0.03354199735223885,0.0380275089987,4.780823263567299,0.00083600338351334,82.92606911975378
0.024375,0.03354199735223885,0.0380275089987,4.7800879213812,0.00083600338351335,82.916054174449
0.025625,0.03354199735223885,0.0380275089987,4.7793614018757,0.00083600338351335,82.90613329753313
0.026875,0.03354199735223885,0.0380275089987,4.7786464494618,0.00125400507527,82.89726136638997
0.028125,0.03354199735223885,0.0380275089987,4.7779310865498,0.00083600338351334,82.88946432292563
0.029375000000000002,0.03354199735223885,0.0380275089987,4.777224086146901,0.00083600338351335,82.8818745472487
0.030625000000000003,0.03354199735223885,0.0380275089987,4.7765172144612,0.00125400507527,82.87540510940114
0.031875,0.03354199735223885,0.0380275089987,4.775816990297099,0.00125400507527,82.86934612003952
0.033125,0.03354199735223885,0.0380275089987,4.775130144524,0.0016720067670267,82.86398439763238
0.034375,0.03354199735223885,0.0380275089987,4.7744394046327,0.00125400507527,82.86032750880241
0.035625000000000004,0.03354199735223885,0.0380275089987,4.7737514850832,0.0016720067670267,82.85644501653992
0.036875000000000005,0.03354199735223885,0.0380275089987,4.7730668365314,0.0016720067670267,82.85139032052498
0.038125,0.03354199735223885,0.0380275089987,4.7724078857715,0.0029260118422967,82.84728940381767
0.039375,0.03354199735223885,0.0380275089987,4.7717223244289,0.00376201522581,82.84460310062416
0.040625,0.03354199735223885,0.0380275089987,4.7710688857831,0.0029260118422967,82.84126207704779
0.041875,0.03354199735223885,0.0380275089987,4.7704220499206,0.00083600338351334,82.83803611892392
0.043125000000000004,0.03354199735223885,0.0380275089987,4.7697764786898,0.00125400507527,82.83578376510204
0.044375,0.03354199735223885,0.0380275089987,4.7691350512357,0.00125400507527,82.8338348156282
0.045625,0.03354199735223885,0.0380275089987,4.7685028410695,0.00083600338351335,82.8312068193876
0.046875,0.03354199735223885,0.0380275089987,4.7678859245414,0.0016720067670267,82.82855807272513
0.048125,0.03354199735223885,0.0380275089987,4.7672747965703,0.00083600338351335,82.82668338929844
0.049375,0.03354199735223885,0.0380275089987,4.7666747982419,0.00083600338351335,82.8258081927787
0.050625,0.03354199735223885,0.0380275089987,4.766079112039,0.00083600338351335,82.8238771744497
0.051875000000000004,0.03354199735223885,0.0380275089987,4.7655004662488,0.00041800169175667,82.82149246755341
0.053125000000000006,0.03354199735223885,0.0380275089987,4.7649167131609005,0.00083600338351334,82.8188438944863
0.054375,0.03354199735223885,0.0380275089987,4.7643630050876995,0.00041800169175667,82.81581645337006
0.05562500000000001,0.03354199735223885,0.0380275089987,4.7638091855827005,0.00083600338351334,82.81300960431885
0.056875,0.03354199735223885,0.0380275089987,4.7632690988586,0.00041800169175667,82.80936203533058
0.05812500000000001,0.03354199735223885,0.0380275089987,4.7627389725367,0.00083600338351335,82.80526581454849
0.059375000000000004,0.03354199735223885,0.0380275089987,4.762212056203199,0.00041800169175667,82.80035319307886
0.060625,0.03354199735223885,0.0380275089987,4.7616928385975,0.00041800169175667,82.79419608340066
0.061875000000000006,0.03354199735223885,0.0380275089987,4.7611824634827995,0.00041800169175667,82.78701037611786
0.063125,0.03354199735223885,0.0380275089987,4.7606859893798,0.00083600338351334,82.77798052479167
0.064375,0.03354199735223885,0.0380275089987,4.7602057671085,0.00041800169175667,82.7673318068827
0.065625,0.03354199735223885,0.0380275089987,4.7597295440872,0.00041800169175667,82.75555115379147
0.066875,0.03354199735223885,0.0380275089987,4.7592554588224,0.00041800169175667,82.74125075693539
0.068125,0.03354199735223885,0.0380275089987,4.7587979082268,0.00083600338351334,82.72331002077965
0.069375,0.03354199735223885,0.0380275089987,4.758353463125,0.00083600338351334,82.70270334607626
0.07062500000000001,0.03354199735223885,0.0380275089987,4.757915650312,0.00041800169175668,82.67938665847439
0.07187500000000001,0.03354199735223885,0.0380275089987,4.7574846053487,0.00083600338351334,82.65247097099115
0.073125,0.03354199735223885,0.0380275089987,4.7570645081688,0.00125400507527,82.62096448149828
0.07437500000000001,0.03354199735223885,0.0380275089987,4.7566498528057,0.00083600338351334,82.58102121761495
0.075625,0.03354199735223885,0.0380275089987,4.756259103187,0.0041800169175667,82.53222190456547
0.07687500000000001,0.03354199735223885,0.0380275089987,4.7558751047255,0.0083600338351334,82.47895436903353
0.078125,0.03354199735223885,0.0380275089987,4.7555001302455,0.0054340219928367,82.41731400168125
0.079375,0.03354199735223885,0.0380275089987,4.7551482732906,0.00083600338351334,82.34289315166822
0.080625,0.03354199735223885,0.0380275089987,4.7547996608047995,0.0016720067670267,82.25640749466245
0.081875,0.03354199735223885,0.0380275089987,4.7544648766736,0.00041800169175667,82.15483952976382
0.083125,0.03354199735223885,0.0380275089987,4.754148186005899,0.00125400507527,82.03412269961777
0.084375,0.03354199735223885,0.0380275089987,4.7538462591824,0.00083600338351334,81.89067358370222
0.085625,0.03354199735223885,0.0380275089987,4.7535701827574,0.00041800169175668,81.71984777193379
0.08687500000000001,0.03354199735223885,0.0380275089987,4.753315370911801,0.00041800169175667,81.51691571499103
0.08812500000000001,0.03354199735223885,0.0380275089987,4.7530892039658,0.00083600338351335,81.27596476109073
0.08937500000000001,0.03354199735223885,0.0380275089987,4.7528800131599995,0.00041800169175667,80.98748166772926
0.09062500000000001,0.03354199735223885,0.0380275089987,4.7527281166613,0.00041800169175668,80.64151439280869
0.091875,0.03354199735223885,0.0380275089987,4.7526237727648,0.00041800169175667,80.22965196574611
0.09312500000000001,0.03354199735223885,0.0380275089987,4.7525827413004,0.00041800169175667,79.74390727924471
0.094375,0.03354199735223885,0.0380275089987,4.7526341833291,0.00041800169175667,79.18390820969451
0.09562500000000002,0.03354199735223885,0.0380275089987,4.7528183312482,0.00041800169175667,78.57066798837619
0.096875,0.03354199735223885,0.0380275089987,4.7531637368317,0.00041800169175667,77.96915118677639
0.098125,0.03354199735223885,0.0380275089987,4.7537119787229,0.00041800169175668,77.52499775922931
0.099375,0.03354199735223885,0.0380275089987,4.7544652304414,0.00041800169175667,77.50006163485307
0.0006250000000000001,0.034667786728466564,0.0380275089987,4.7946938223572,0.0013051170589855,83.42723393448347
0.001875,0.034667786728466564,0.0380275089987,4.7943418138974,0.0013051170589855,83.45467060690376
0.003125,0.034667786728466564,0.0380275089987,4.7934656568404,0.00087007803932366,83.42719072007009
0.0043749999999999995,0.034667786728466564,0.0380275089987,4.792511099187,0.0013051170589855,83.37705380660228
0.005625000000000001,0.034667786728466564,0.0380275089987,4.7916131028892,0.0013051170589855,83.32986895801545
0.006875000000000001,0.034667786728466564,0.0380275089987,4.7907565279382,0.0013051170589855,83.28914640308146
0.008125,0.034667786728466564,0.0380275089987,4.789959650814,0.0013051170589855,83.25219192419684
0.009375000000000001,0.034667786728466564,0.0380275089987,4.789188532742,0.00087007803932366,83.21737534657422
0.010625,0.034667786728466564,0.0380275089987,4.788411217599901,0.0013051170589855,83.18455101451538
0.011875,0.034667786728466564,0.0380275089987,4.7876321058997,0.0013051170589855,83.15247288708497
0.013125000000000001,0.034667786728466564,0.0380275089987,4.7868558089493005,0.00087007803932366,83.12084177118226
0.014374999999999999,0.034667786728466564,0.0380275089987,4.7860667255104,0.00087007803932366,83.08965038913838
0.015625,0.034667786728466564,0.0380275089987,4.785304882578,0.00087007803932366,83.06124048149111
0.016875,0.034667786728466564,0.0380275089987,4.784547027291899,0.00087007803932366,83.03584453162969
0.018125,0.034667786728466564,0.0380275089987,4.7837970229435,0.00087007803932366,83.01324269422679
0.019375000000000003,0.034667786728466564,0.0380275089987,4.783029475974399,0.00087007803932366,82.99228149563936
0.020625,0.034667786728466564,0.0380275089987,4.7822910884988,0.00087007803932366,82.97301384547673
0.021875000000000002,0.034667786728466564,0.0380275089987,4.781553861088001,0.00087007803932366,82.95662426174015
0.023125000000000003,0.034667786728466564,0.0380275089987,4.7808200389471,0.00087007803932366,82.94256866294948
0.024375,0.034667786728466564,0.0380275089987,4.7800871230096,0.00087007803932366,82.93011704761
0.025625,0.034667786728466564,0.0380275089987,4.7793594332049,0.00087007803932366,82.91808982694839
0.026875,0.034667786728466564,0.0380275089987,4.7786420964989995,0.00087007803932366,82.90737238438012
0.028125,0.034667786728466564,0.0380275089987,4.7779326702880995,0.00087007803932366,82.89804305083447
0.029375000000000002,0.034667786728466564,0.0380275089987,4.7772207257420005,0.0013051170589855,82.88894604108471
0.030625000000000003,0.034667786728466564,0.0380275089987,4.7765164961335,0.00087007803932366,82.88113074667929
0.031875,0.034667786728466564,0.0380275089987,4.7758136832636,0.0013051170589855,82.87404604197785
0.033125,0.034667786728466564,0.0380275089987,4.7751281321902,0.0013051170589855,82.86739846109164
0.034375,0.034667786728466564,0.0380275089987,4.7744360195682995,0.0013051170589855,82.86272254630894
0.035625000000000004,0.034667786728466564,0.0380275089987,4.7737506282846,0.00087007803932366,82.85810008055526
0.036875000000000005,0.034667786728466564,0.0380275089987,4.7730705829922,0.0021751950983091,82.85256255705904
0.038125,0.034667786728466564,0.0380275089987,4.772400211552,0.002610234117971,82.84788266153096
0.039375,0.034667786728466564,0.0380275089987,4.7717315881698,0.0034803121572946,82.8442481728794
0.040625,0.034667786728466564,0.0380275089987,4.7710654599146,0.002610234117971,82.84011290739869
0.041875,0.034667786728466564,0.0380275089987,4.7704161262083,0.0017401560786473,82.83623008720579
0.043125000000000004,0.034667786728466564,0.0380275089987,4.769772319121301,0.0013051170589855,82.83361572594362
0.044375,0.034667786728466564,0.0380275089987,4.7691374390231,0.0013051170589855,82.83150448380495
0.045625,0.034667786728466564,0.0380275089987,4.7684889491938,0.0017401560786473,82.8282930679948
0.046875,0.034667786728466564,0.0380275089987,4.7678737544229,0.00087007803932365,82.82435155947283
0.048125,0.034667786728466564,0.0380275089987,4.767278479502401,0.00043503901966183,82.82239565563899
0.049375,0.034667786728466564,0.0380275089987,4.766673539353,0.00087007803932365,82.82164646979963
0.050625,0.034667786728466564,0.0380275089987,4.766077253839501,0.00087007803932366,82.81963856305076
0.051875000000000004,0.034667786728466564,0.0380275089987,4.7654987550733,0.00043503901966183,82.81695290486283
0.053125000000000006,0.034667786728466564,0.0380275089987,4.7649145099748,0.0013051170589855,82.81382828839527
0.054375,0.034667786728466564,0.0380275089987,4.764361325043001,0.00043503901966183,82.810459025334
0.05562500000000001,0.034667786728466564,0.0380275089987,4.7638064860878,0.00087007803932366,82.8075309733977
0.056875,0.034667786728466564,0.0380275089987,4.763267960634,0.00043503901966183,82.80363618721246
0.05812500000000001,0.034667786728466564,0.0380275089987,4.7627373412203,0.00043503901966183,82.79940609788274
0.059375000000000004,0.034667786728466564,0.0380275089987,4.7622092240768,0.00087007803932366,82.79438977832594
0.060625,0.034667786728466564,0.0380275089987,4.7616900887984,0.00043503901966183,82.78772997941368
0.061875000000000006,0.034667786728466564,0.0380275089987,4.7611825093595,0.00043503901966183,82.78002234147809
0.063125,0.034667786728466564,0.0380275089987,4.7606845813088,0.00087007803932366,82.77091243607109
0.064375,0.034667786728466564,0.0380275089987,4.7602049545815,0.00043503901966183,82.75975829664722
0.065625,0.034667786728466564,0.0380275089987,4.7597391810586,0.00043503901966183,82.7474241325661
0.066875,0.034667786728466564,0.0380275089987,4.7592417809661995,0.00087007803932366,82.7324554340512
0.068125,0.034667786728466564,0.0380275089987,4.7587916845399,0.00087007803932366,82.71324772054228
0.069375,0.034667786728466564,0.0380275089987,4.7583550215549,0.00043503901966183,82.69210227267754
0.07062500000000001,0.034667786728466564,0.0380275089987,4.7579149146611,0.00087007803932367,82.66822046531308
0.07187500000000001,0.034667786728466564,0.0380275089987,4.7574799153981004,0.0013051170589855,82.63942864932834
0.073125,0.034667786728466564,0.0380275089987,4.757064535137499,0.0017401560786473,82.60600662351484
0.07437500000000001,0.034667786728466564,0.0380275089987,4.7566499395237,0.0017401560786473,82.5649106726007
0.075625,0.034667786728466564,0.0380275089987,4.7562532012818,0.0017401560786473,82.51515152762528
0.07687500000000001,0.034667786728466564,0.0380275089987,4.7558736403259,0.0073956633342511,82.45875922256839
0.078125,0.034667786728466564,0.0380275089987,4.7554859049984,0.0065255852949274,82.39221092466043
0.079375,0.034667786728466564,0.0380275089987,4.7551452972451,0.0017401560786473,82.31427153129904
0.080625,0.034667786728466564,0.0380275089987,4.754790300772,0.0013051170589855,82.22421967974093
0.081875,0.034667786728466564,0.0380275089987,4.7544509475508,0.00043503901966183,82.1163426131066
0.083125,0.034667786728466564,0.0380275089987,4.7541338941776,0.00087007803932365,81.98800897591131
0.084375,0.034667786728466564,0.0380275089987,4.7538209431838006,0.00087007803932366,81.83535403780581
0.085625,0.034667786728466564,0.0380275089987,4.7535420235191,0.00087007803932367,81.65300762493801
0.08687500000000001,0.034667786728466564,0.0380275089987,4.753280000299201,0.00043503901966183,81.43517236718807
0.08812500000000001,0.034667786728466564,0.0380275089987,4.7530479205349,0.00043503901966183,81.17461097002857
0.08937500000000001,0.034667786728466564,0.0380275089987,4.7528185253007,0.00043503901966182,80.85922109478162
0.09062500000000001,0.034667786728466564,0.0380275089987,4.7526517210245,0.00087007803932366,80.47481122256798
0.091875,0.034667786728466564,0.0380275089987,4.7525269499846,0.00043503901966183,80.00633259767704
0.09312500000000001,0.034667786728466564,0.0380275089987,4.7524503800034,0.00043503901966183,79.43206814023239
0.094375,0.034667786728466564,0.0380275089987,4.7524833750828,0.00087007803932365,78.73156948605615
0.09562500000000002,0.034667786728466564,0.0380275089987,4.752672956001301,0.00043503901966183,77.89769996390767
0.096875,0.034667786728466564,0.0380275089987,4.7530813736928,0.00043503901966183,76.96268116477579
0.098125,0.034667786728466564,0.0380275089987,4.7538208134363,0.00043503901966183,76.06690695928525
0.099375,0.034667786728466564,0.0380275089987,4.7549468575246,0.00043503901966183,75.56616520446566
0.0006250000000000001,0.035714360334900705,0.0380275089987,4.7944365307973,0.00090850812431368,83.59379271132876
0.001875,0.035714360334900705,0.0380275089987,4.794432081774399,0.0013627621864705,83.67251654428914
0.003125,0.035714360334900705,0.0380275089987,4.7935215784433,0.0013627621864705,83.60767093691328
0.0043749999999999995,0.035714360334900705,0.0380275089987,4.7925727520458,0.0013627621864705,83.5262968402889
0.005625000000000001,0.035714360334900705,0.0380275089987,4.7916685742407,0.00090850812431369,83.45145701268477
0.006875000000000001,0.035714360334900705,0.0380275089987,4.7907811616556,0.0013627621864705,83.38672479972895
0.008125,0.035714360334900705,0.0380275089987,4.7899710298996,0.0013627621864705,83.33053694379348
0.009375000000000001,0.035714360334900705,0.0380275089987,4.7891927790711994,0.00090850812431369,83.28196148891229
0.010625,0.035714360334900705,0.0380275089987,4.788410103098601,0.0013627621864705,83.2383676246533
0.011875,0.035714360334900705,0.0380275089987,4.7876307313427,0.00090850812431369,83.19745477576437
0.013125000000000001,0.035714360334900705,0.0380275089987,4.7868537936457,0.00090850812431369,83.15873324788079
0.014374999999999999,0.035714360334900705,0.0380275089987,4.7860715365018,0.0013627621864705,83.12202449140742
0.015625,0.035714360334900705,0.0380275089987,4.7853011146857005,0.00090850812431369,83.08889286372136
0.016875,0.035714360334900705,0.0380275089987,4.784542242614701,0.00090850812431369,83.05924103741938
0.018125,0.035714360334900705,0.0380275089987,4.783788235804599,0.00045425406215684,83.03283321716404
0.019375000000000003,0.035714360334900705,0.0380275089987,4.7830263664893,0.00090850812431369,83.00861033654701
0.020625,0.035714360334900705,0.0380275089987,4.7822890376044,0.00090850812431369,82.98666659710354
0.021875000000000002,0.035714360334900705,0.0380275089987,4.781554334989099,0.00090850812431368,82.96816974338854
0.023125000000000003,0.035714360334900705,0.0380275089987,4.7808172312663,0.00090850812431369,82.95256225238238
0.024375,0.035714360334900705,0.0380275089987,4.7800838112070005,0.00090850812431369,82.9380827652168
0.025625,0.035714360334900705,0.0380275089987,4.77935912225,0.00090850812431369,82.92429566113698
0.026875,0.035714360334900705,0.0380275089987,4.778643545131,0.00090850812431369,82.91257546596883
0.028125,0.035714360334900705,0.0380275089987,4.777930220663899,0.00090850812431369,82.90226441042891
0.029375000000000002,0.035714360334900705,0.0380275089987,4.7772133045331,0.00090850812431369,82.89196715883716
0.030625000000000003,0.035714360334900705,0.0380275089987,4.7765193640487,0.00090850812431369,82.88346935800092
0.031875,0.035714360334900705,0.0380275089987,4.775807596428001,0.0013627621864705,82.87550436747092
0.033125,0.035714360334900705,0.0380275089987,4.775124925748,0.00090850812431369,82.86767591618676
0.034375,0.035714360334900705,0.0380275089987,4.7744410290032,0.0013627621864705,82.86240248628198
0.035625000000000004,0.035714360334900705,0.0380275089987,4.7737463610052995,0.0018170162486274,82.85723327650832
0.036875000000000005,0.035714360334900705,0.0380275089987,4.7730727363064,0.0018170162486274,82.85159389360552
0.038125,0.035714360334900705,0.0380275089987,4.7723994361236,0.0027255243729411,82.84678132554887
0.039375,0.035714360334900705,0.0380275089987,4.771727292217499,0.0022712703107842,82.84191255398581
0.040625,0.035714360334900705,0.0380275089987,4.7710635257156,0.0036340324972547,82.83675899195109
0.041875,0.035714360334900705,0.0380275089987,4.7704125277304,0.0022712703107842,82.83300797828026
0.043125000000000004,0.035714360334900705,0.0380275089987,4.7697666259225,0.0013627621864705,82.83025209029242
0.044375,0.035714360334900705,0.0380275089987,4.7691302472944,0.00090850812431368,82.82756087740441
0.045625,0.035714360334900705,0.0380275089987,4.7684921289817,0.0013627621864705,82.8238067372214
0.046875,0.035714360334900705,0.0380275089987,4.7678743255292995,0.00045425406215684,82.81990794939901
0.048125,0.035714360334900705,0.0380275089987,4.7672721405669005,0.00045425406215684,82.81779602216467
0.049375,0.035714360334900705,0.0380275089987,4.766672354853499,0.00090850812431368,82.81669557022089
0.050625,0.035714360334900705,0.0380275089987,4.7660784977682,0.00090850812431369,82.81455149988673
0.051875000000000004,0.035714360334900705,0.0380275089987,4.7654939036094,0.00045425406215684,82.81172611640449
0.053125000000000006,0.035714360334900705,0.0380275089987,4.764914222483901,0.00090850812431368,82.80820363552205
0.054375,0.035714360334900705,0.0380275089987,4.7643597155853,0.00045425406215684,82.80479359708426
0.05562500000000001,0.035714360334900705,0.0380275089987,4.763807110996799,0.00045425406215684,82.80192721631002
0.056875,0.035714360334900705,0.0380275089987,4.7632630699044,0.00090850812431368,82.79785342706951
0.05812500000000001,0.035714360334900705,0.0380275089987,4.7627331147884995,0.00045425406215685,82.79315784403997
0.059375000000000004,0.035714360334900705,0.0380275089987,4.7622106108366,0.00045425406215684,82.78836456021959
0.060625,0.035714360334900705,0.0380275089987,4.761682440983201,0.0013627621864705,82.78140488146474
0.061875000000000006,0.035714360334900705,0.0380275089987,4.761183418397501,0.00045425406215684,82.77296486253226
0.063125,0.035714360334900705,0.0380275089987,4.7606863210843,0.00045425406215684,82.76399424279329
0.064375,0.035714360334900705,0.0380275089987,4.7602058083364005,0.00045425406215684,82.75274930971779
0.065625,0.035714360334900705,0.0380275089987,4.7597429189146006,0.00090850812431369,82.74029590875357
0.066875,0.035714360334900705,0.0380275089987,4.7592344373151,0.00090850812431368,82.72440329561894
0.068125,0.035714360334900705,0.0380275089987,4.7587919932792,0.00090850812431369,82.70489492101575
0.069375,0.035714360334900705,0.0380275089987,4.7583521887482005,0.00045425406215684,82.68393158258921
0.07062500000000001,0.035714360334900705,0.0380275089987,4.7579054001281005,0.00090850812431369,82.65892991552737
0.07187500000000001,0.035714360334900705,0.0380275089987,4.7574789253045005,0.00090850812431369,82.62896175288898
0.073125,0.035714360334900705,0.0380275089987,4.7570622392115,0.00090850812431369,82.59446834702894
0.07437500000000001,0.035714360334900705,0.0380275089987,4.756650196202299,0.00090850812431369,82.55313026655513
0.075625,0.035714360334900705,0.0380275089987,4.7562478036299005,0.0022712703107842,82.50257313004718
0.07687500000000001,0.035714360334900705,0.0380275089987,4.7558718004601,0.0072680649945095,82.44426979785355
0.078125,0.035714360334900705,0.0380275089987,4.7554729711537,0.0077223190566663,82.37526348826607
0.079375,0.035714360334900705,0.0380275089987,4.7551323924728,0.00090850812431369,82.29535035839454
0.080625,0.035714360334900705,0.0380275089987,4.7547762900581,0.00090850812431368,82.20309700216768
0.081875,0.035714360334900705,0.0380275089987,4.7544329561278005,0.00090850812431369,82.0916718023084
0.083125,0.035714360334900705,0.0380275089987,4.7541147231411,0.00045425406215684,81.95886076698972
0.084375,0.035714360334900705,0.0380275089987,4.7537927041767,0.00090850812431369,81.80106303217669
0.085625,0.035714360334900705,0.0380275089987,4.753507116033401,0.00090850812431369,81.61271730359142
0.08687500000000001,0.035714360334900705,0.0380275089987,4.7532364820677,0.00045425406215684,81.38730064497713
0.08812500000000001,0.035714360334900705,0.0380275089987,4.7529886405616,0.00045425406215684,81.11640198460107
0.08937500000000001,0.035714360334900705,0.0380275089987,4.7527473913903,0.00045425406215684,80.78732536638502
0.09062500000000001,0.035714360334900705,0.0380275089987,4.752549331484801,0.00090850812431369,80.38341694925069
0.091875,0.035714360334900705,0.0380275089987,4.7523845595917,0.00045425406215684,79.88419024549803
0.09312500000000001,0.035714360334900705,0.0380275089987,4.7522455364204,0.00045425406215684,79.25646438768747
0.094375,0.035714360334900705,0.0380275089987,4.7522105336319,0.00045425406215684,78.45764487792391
0.09562500000000002,0.035714360334900705,0.0380275089987,4.7523284317157,0.00045425406215684,77.43934450307094
0.096875,0.035714360334900705,0.0380275089987,4.752703181517999,0.00090850812431369,76.16337014866636
0.098125,0.035714360334900705,0.0380275089987,4.753518483573,0.0,74.68746808604106
0.099375,0.035714360334900705,0.0380275089987,4.7548544666042005,0.00045425406215684,73.37437329493109
0.0006250000000000001,0.03668729216106054,0.0380275089987,4.7952336281412,0.001427035115795,83.95498217376998
0.001875,0.03668729216106054,0.0380275089987,4.794519365984399,0.0009513567438633,83.84952366967858
0.003125,0.03668729216106054,0.0380275089987,4.7935320978138,0.001427035115795,83.74161197296391
0.0043749999999999995,0.03668729216106054,0.0380275089987,4.792594311516701,0.0009513567438633,83.6326077788601
0.005625000000000001,0.03668729216106054,0.0380275089987,4.791682370545599,0.0014270351157949,83.53453063282267
0.006875000000000001,0.03668729216106054,0.0380275089987,4.790799137425799,0.001427035115795,83.45068345907698
0.008125,0.03668729216106054,0.0380275089987,4.789974698826899,0.0009513567438633,83.38043798893828
0.009375000000000001,0.03668729216106054,0.0380275089987,4.7891888056169005,0.001427035115795,83.32180879013058
0.010625,0.03668729216106054,0.0380275089987,4.7884008041837,0.0009513567438633,83.27064766791996
0.011875,0.03668729216106054,0.0380275089987,4.7876248770017,0.0009513567438633,83.22375633710261
0.013125000000000001,0.03668729216106054,0.0380275089987,4.7868482079181,0.0009513567438633,83.18062193065042
0.014374999999999999,0.03668729216106054,0.0380275089987,4.7860684522854,0.0009513567438633,83.1402351872589
0.015625,0.03668729216106054,0.0380275089987,4.7852957827538,0.0009513567438633,83.10351319143851
0.016875,0.03668729216106054,0.0380275089987,4.7845364446327,0.0009513567438633,83.07106076265585
0.018125,0.03668729216106054,0.0380275089987,4.7837803332059,0.00095135674386331,83.04259329032118
0.019375000000000003,0.03668729216106054,0.0380275089987,4.783025553686301,0.0009513567438633,83.01641905218473
0.020625,0.03668729216106054,0.0380275089987,4.7822853115784,0.0009513567438633,82.99267939575373
0.021875000000000002,0.03668729216106054,0.0380275089987,4.781548534212,0.00047567837193165,82.97274820513117
0.023125000000000003,0.03668729216106054,0.0380275089987,4.780812340004,0.0009513567438633,82.95605954883933
0.024375,0.03668729216106054,0.0380275089987,4.7800785160476,0.0009513567438633,82.94019793029476
0.025625,0.03668729216106054,0.0380275089987,4.7793596763562,0.0009513567438633,82.9252381066908
0.026875,0.03668729216106054,0.0380275089987,4.7786442532148,0.0009513567438633,82.91297385564876
0.028125,0.03668729216106054,0.0380275089987,4.7779254424648,0.0009513567438633,82.90183750922472
0.029375000000000002,0.03668729216106054,0.0380275089987,4.7772159183127005,0.0009513567438633,82.89109301809063
0.030625000000000003,0.03668729216106054,0.0380275089987,4.7765198002539,0.0009513567438633,82.88263480355066
0.031875,0.03668729216106054,0.0380275089987,4.7758080213123995,0.0014270351157949,82.8739578247007
0.033125,0.03668729216106054,0.0380275089987,4.7751223098182,0.0009513567438633,82.86518863193166
0.034375,0.03668729216106054,0.0380275089987,4.7744357456068,0.0014270351157949,82.8595434926266
0.035625000000000004,0.03668729216106054,0.0380275089987,4.7737435779982,0.001427035115795,82.85429134161144
0.036875000000000005,0.03668729216106054,0.0380275089987,4.7730689615878,0.0019027134877266,82.84839053134993
0.038125,0.03668729216106054,0.0380275089987,4.7723999414839,0.0028540702315899,82.84283053927714
0.039375,0.03668729216106054,0.0380275089987,4.771731863329101,0.0033297486035215,82.83778975680225
0.040625,0.03668729216106054,0.0380275089987,4.7710556973616,0.0028540702315899,82.8326355003516
0.041875,0.03668729216106054,0.0380275089987,4.770409567514999,0.0014270351157949,82.82872475881591
0.043125000000000004,0.03668729216106054,0.0380275089987,4.7697633018426995,0.001427035115795,82.82569075551585
0.044375,0.03668729216106054,0.0380275089987,4.7691273722196,0.0009513567438633,82.82233511274404
0.045625,0.03668729216106054,0.0380275089987,4.7684920574547,0.0014270351157949,82.81833922670945
0.046875,0.03668729216106054,0.0380275089987,4.7678739376346,0.0009513567438633,82.81435476433383
0.048125,0.03668729216106054,0.0380275089987,4.7672737753978,0.00047567837193165,82.81256244641168
0.049375,0.03668729216106054,0.0380275089987,4.7666624992255,0.0009513567438633,82.81121302633075
0.050625,0.03668729216106054,0.0380275089987,4.766075295474001,0.00047567837193165,82.80854310124201
0.051875000000000004,0.03668729216106054,0.0380275089987,4.7654960113730995,0.0009513567438633,82.80581595021509
0.053125000000000006,0.03668729216106054,0.0380275089987,4.7649117420929,0.00047567837193165,82.80228910708824
0.054375,0.03668729216106054,0.0380275089987,4.7643590168338,0.0009513567438633,82.79868174858225
0.05562500000000001,0.03668729216106054,0.0380275089987,4.7638077051774,0.0009513567438633,82.79603470055622
0.056875,0.03668729216106054,0.0380275089987,4.7632613800077,0.00047567837193165,82.79204016933441
0.05812500000000001,0.03668729216106054,0.0380275089987,4.7627268937572,0.00047567837193166,82.78682969414378
0.059375000000000004,0.03668729216106054,0.0380275089987,4.762206134873701,0.00047567837193165,82.78173035647305
0.060625,0.03668729216106054,0.0380275089987,4.761684515211,0.0009513567438633,82.77487762268103
0.061875000000000006,0.03668729216106054,0.0380275089987,4.761183040731,0.00047567837193165,82.76637418489388
0.063125,0.03668729216106054,0.0380275089987,4.760688533291599,0.00047567837193165,82.75736176512343
0.064375,0.03668729216106054,0.0380275089987,4.7602046126631,0.00047567837193165,82.74667226796466
0.065625,0.03668729216106054,0.0380275089987,4.7597257177531,0.0009513567438633,82.73332859469458
0.066875,0.03668729216106054,0.0380275089987,4.7592421855159,0.00047567837193165,82.716584687888
0.068125,0.03668729216106054,0.0380275089987,4.758793264831399,0.00047567837193165,82.69796558094099
0.069375,0.03668729216106054,0.0380275089987,4.7583492014828,0.0009513567438633,82.67697787323604
0.07062500000000001,0.03668729216106054,0.0380275089987,4.7579072110879,0.00095135674386332,82.65150784532635
0.07187500000000001,0.03668729216106054,0.0380275089987,4.7574713109438,0.0014270351157949,82.6211636411423
0.073125,0.03668729216106054,0.0380275089987,4.7570593110224,0.0019027134877266,82.58546845781505
0.07437500000000001,0.03668729216106054,0.0380275089987,4.7566535070168,0.00047567837193165,82.54437946685417
0.075625,0.03668729216106054,0.0380275089987,4.7562434332737995,0.0014270351157949,82.49436805889653
0.07687500000000001,0.03668729216106054,0.0380275089987,4.7558462215374995,0.0071351755789748,82.43423967741538
0.078125,0.03668729216106054,0.0380275089987,4.7554729711413,0.0090378890667013,82.36462067330734
0.079375,0.03668729216106054,0.0380275089987,4.7551186865597,0.001427035115795,82.28448354448285
0.080625,0.03668729216106054,0.0380275089987,4.7547653162164,0.0009513567438633,82.19103766428906
0.081875,0.03668729216106054,0.0380275089987,4.754417401323099,0.0,82.07882185554261
0.083125,0.03668729216106054,0.0380275089987,4.7540875478552005,0.00047567837193165,81.94412911692294
0.084375,0.03668729216106054,0.0380275089987,4.753764818676999,0.0,81.78433381579674
0.085625,0.03668729216106054,0.0380275089987,4.753468210218,0.00095135674386332,81.59411844236953
0.08687500000000001,0.03668729216106054,0.0380275089987,4.7531916203627995,0.00047567837193165,81.36668080856725
0.08812500000000001,0.03668729216106054,0.0380275089987,4.7529280109027,0.00047567837193165,81.09342238010515
0.08937500000000001,0.03668729216106054,0.0380275089987,4.752670113564499,0.00047567837193165,80.7618149808728
0.09062500000000001,0.03668729216106054,0.0380275089987,4.7524374437342,0.00047567837193165,80.35528928565388
0.091875,0.03668729216106054,0.0380275089987,4.7522133561709,0.00047567837193165,79.85098088001209
0.09312500000000001,0.03668729216106054,0.0380275089987,4.7520006275445,0.00047567837193165,79.21130239161836
0.094375,0.03668729216106054,0.0380275089987,4.7518425715722,0.00047567837193165,78.37874121496502
0.09562500000000002,0.03668729216106054,0.0380275089987,4.7517914975545,0.00047567837193165,77.26182196998626
0.096875,0.03668729216106054,0.0380275089987,4.7519674844522,0.00047567837193165,75.71840354712685
0.098125,0.03668729216106054,0.0380275089987,4.7525668531423,0.00047567837193165,73.58619550373328
0.099375,0.03668729216106054,0.0380275089987,4.7533214768433005,0.00047567837193165,70.89010165142251
0.0006250000000000001,0.037591763984671615,0.0380275089987,4.7954496413562,0.00099874293909865,84.15744788626212
0.001875,0.037591763984671615,0.0380275089987,4.794390617200699,0.001498114408648,83.95515263643375
0.003125,0.037591763984671615,0.0380275089987,4.7932878253807,0.00099874293909865,83.8077962415395
0.0043749999999999995,0.037591763984671615,0.0380275089987,4.7923483623088,0.001498114408648,83.67864505626892
0.005625000000000001,0.037591763984671615,0.0380275089987,4.7914625451715995,0.00049937146954932,83.56845731155043
0.006875000000000001,0.037591763984671615,0.0380275089987,4.790597954904199,0.0019974858781973,83.47521762898106
0.008125,0.037591763984671615,0.0380275089987,4.7897994118386,0.00099874293909865,83.39813604586895
0.009375000000000001,0.037591763984671615,0.0380275089987,4.789031235739699,0.00099874293909865,83.33506315381922
0.010625,0.037591763984671615,0.0380275089987,4.7882580997668995,0.001498114408648,83.28044782843828
0.011875,0.037591763984671615,0.0380275089987,4.7875025991913,0.00099874293909865,83.23094097072097
0.013125000000000001,0.037591763984671615,0.0380275089987,4.7867393703099,0.00099874293909865,83.18630739358719
0.014374999999999999,0.037591763984671615,0.0380275089987,4.785957140645801,0.00099874293909865,83.1441673615478
0.015625,0.037591763984671615,0.0380275089987,4.7852027604275005,0.00099874293909865,83.10563597636381
0.016875,0.037591763984671615,0.0380275089987,4.7844563356157,0.00049937146954933,83.07221214843536
0.018125,0.037591763984671615,0.0380275089987,4.7836994456763,0.00099874293909865,83.0428816765566
0.019375000000000003,0.037591763984671615,0.0380275089987,4.7829524316612,0.00099874293909865,83.01575322699178
0.020625,0.037591763984671615,0.0380275089987,4.7822209394079,0.00099874293909865,82.99122979303328
0.021875000000000002,0.037591763984671615,0.0380275089987,4.7814889100719995,0.00049937146954932,82.97075166702393
0.023125000000000003,0.037591763984671615,0.0380275089987,4.7807525254836,0.00099874293909865,82.95366468001282
0.024375,0.037591763984671615,0.0380275089987,4.7800233663895995,0.00099874293909865,82.93712186704303
0.025625,0.037591763984671615,0.0380275089987,4.7793102908771,0.00049937146954933,82.92151918130081
0.026875,0.037591763984671615,0.0380275089987,4.7785962765418,0.00099874293909865,82.90893025348966
0.028125,0.037591763984671615,0.0380275089987,4.777881440371,0.00099874293909865,82.89739333870375
0.029375000000000002,0.037591763984671615,0.0380275089987,4.7771832774724,0.00099874293909865,82.8867142288546
0.030625000000000003,0.037591763984671615,0.0380275089987,4.7764811548866,0.00099874293909865,82.87832670608948
0.031875,0.037591763984671615,0.0380275089987,4.775778206524301,0.00099874293909865,82.86944737886157
0.033125,0.037591763984671615,0.0380275089987,4.7750899556879,0.001498114408648,82.86043274072914
0.034375,0.037591763984671615,0.0380275089987,4.77440483885,0.00099874293909865,82.85426074895867
0.035625000000000004,0.037591763984671615,0.0380275089987,4.7737236347717,0.0019974858781973,82.84906060769563
0.036875000000000005,0.037591763984671615,0.0380275089987,4.7730487744979,0.001498114408648,82.8430216326589
0.038125,0.037591763984671615,0.0380275089987,4.772382453138199,0.0019974858781973,82.83754671501445
0.039375,0.037591763984671615,0.0380275089987,4.7717039046895,0.0034956002868453,82.83200877951744
0.040625,0.037591763984671615,0.0380275089987,4.7710450644501,0.0024968573477466,82.82670262482831
0.041875,0.037591763984671615,0.0380275089987,4.7703893475264,0.001498114408648,82.82323526409722
0.043125000000000004,0.037591763984671615,0.0380275089987,4.7697425910236,0.00099874293909866,82.81973433337036
0.044375,0.037591763984671615,0.0380275089987,4.769109766986,0.00099874293909865,82.81593981074325
0.045625,0.037591763984671615,0.0380275089987,4.768476999620701,0.001498114408648,82.81203064783807
0.046875,0.037591763984671615,0.0380275089987,4.7678582297581,0.00049937146954932,82.80837819697999
0.048125,0.037591763984671615,0.0380275089987,4.7672519946967,0.00099874293909865,82.8063787875237
0.049375,0.037591763984671615,0.0380275089987,4.766648019494401,0.00099874293909865,82.80479933420352
0.050625,0.037591763984671615,0.0380275089987,4.7660573205747,0.0,82.80224532602067
0.051875000000000004,0.037591763984671615,0.0380275089987,4.7654802280174,0.00049937146954933,82.7992592079131
0.053125000000000006,0.037591763984671615,0.0380275089987,4.7649036483869995,0.00049937146954932,82.79577281260784
0.054375,0.037591763984671615,0.0380275089987,4.7643439618507,0.00049937146954933,82.79230743628607
0.05562500000000001,0.037591763984671615,0.0380275089987,4.763793643812,0.00049937146954932,82.78963567088277
0.056875,0.037591763984671615,0.0380275089987,4.763246231842399,0.00049937146954933,82.7856612458659
0.05812500000000001,0.037591763984671615,0.0380275089987,4.7627106945477,0.00099874293909865,82.78032513728584
0.059375000000000004,0.037591763984671615,0.0380275089987,4.76218789069,0.00049937146954933,82.77520575467804
0.060625,0.037591763984671615,0.0380275089987,4.7616676490466,0.00049937146954933,82.76841609516502
0.061875000000000006,0.037591763984671615,0.0380275089987,4.7611616784579,0.00049937146954932,82.75992879200233
0.063125,0.037591763984671615,0.0380275089987,4.760665913939,0.00049937146954933,82.75093746097511
0.064375,0.037591763984671615,0.0380275089987,4.760179460308801,0.00049937146954933,82.74048230057868
0.065625,0.037591763984671615,0.0380275089987,4.7596917681582,0.00099874293909865,82.72704277504376
0.066875,0.037591763984671615,0.0380275089987,4.759213986479399,0.00049937146954933,82.70986491558021
0.068125,0.037591763984671615,0.0380275089987,4.7587603826877,0.00049937146954932,82.69177244263233
0.069375,0.037591763984671615,0.0380275089987,4.7583045594622,0.00099874293909865,82.67119833405573
0.07062500000000001,0.037591763984671615,0.0380275089987,4.7578584107829,0.00049937146954933,82.64529869366872
0.07187500000000001,0.037591763984671615,0.0380275089987,4.757421313183699,0.00099874293909865,82.61505620080749
0.073125,0.037591763984671615,0.0380275089987,4.7569925288971,0.00099874293909865,82.57970540629591
0.07437500000000001,0.037591763984671615,0.0380275089987,4.7565700117715,0.001498114408648,82.53827817727867
0.075625,0.037591763984671615,0.0380275089987,4.7561506835409,0.0024968573477466,82.48870255364386
0.07687500000000001,0.037591763984671615,0.0380275089987,4.755738250990601,0.0039949717563946,82.42880492352292
0.078125,0.037591763984671615,0.0380275089987,4.7553402161465,0.0069912005736906,82.35922055527725
0.079375,0.037591763984671615,0.0380275089987,4.7549531896807,0.0024968573477466,82.2795476247938
0.080625,0.037591763984671615,0.0380275089987,4.7545709605201,0.001498114408648,82.18638218276487
0.081875,0.037591763984671615,0.0380275089987,4.7541953444464005,0.001498114408648,82.07485138675021
0.083125,0.037591763984671615,0.0380275089987,4.7538138234546,0.00099874293909865,81.94044114298514
0.084375,0.037591763984671615,0.0380275089987,4.7534426690419,0.0,81.78142480788972
0.085625,0.037591763984671615,0.0380275089987,4.7530726441664,0.00049937146954933,81.59269718605918
0.08687500000000001,0.037591763984671615,0.0380275089987,4.7527148968826,0.00049937146954933,81.36704334596114
0.08812500000000001,0.037591763984671615,0.0380275089987,4.7523462387421,0.0,81.09682306714274
0.08937500000000001,0.037591763984671615,0.0380275089987,4.7519524554779,0.00049937146954932,80.77029158970832
0.09062500000000001,0.037591763984671615,0.0380275089987,4.7515330675922,0.0,80.37272102403969
0.091875,0.037591763984671615,0.0380275089987,4.751039679891,0.00049937146954933,79.88337877790039
0.09312500000000001,0.037591763984671615,0.0380275089987,4.750421205736701,0.0,79.26961368187781
0.094375,0.037591763984671615,0.0380275089987,4.7495639690977,0.0,78.47704230972235
0.09562500000000002,0.037591763984671615,0.0380275089987,4.7482516878218,0.00049937146954932,77.39957687846555
0.096875,0.037591763984671615,0.0380275089987,4.7461027661831,0.00049937146954933,75.80798733919737
0.098125,0.037591763984671615,0.0380275089987,4.7426579412997,0.00049937146954933,73.18856550461567
0.099375,0.037591763984671615,0.0380275089987,4.7378868667094,0.00049937146954932,68.40168913775122
0.10043879522568125,0.001736026291931287,0.037875795082590626,4.7515505580153,0.0038659128793046,91.07433897978127
0.10131638567704375,0.0017221187635668832,0.03757236725037187,4.751397897058901,0.0,91.83255118887391
0.10219397612840625,0.00170821123520248,0.037268939418153124,4.7513052000655005,0.0,92.648999709416
0.10307156657976875,0.0016943037068380764,0.03696551158593438,4.7511525050163,0.0,93.5272827765948
0.10394915703113125,0.0016803961784736727,0.03666208375371562,4.7510494145435995,0.0041261131407608,94.46973474189507
0.10482674748249375,0.0016664886501092694,0.036358655921496875,4.7509458891721,0.0,95.49027864890968
0.10570433793385625,0.0016525811217448657,0.03605522808927812,4.7507938887735,0.0,96.58712552096102
0.10658192838521875,0.0016386735933804622,0.035751800257059374,4.7506168419589,0.0,97.75710048815942
0.10745951883658125,0.0016247660650160589,0.03544837242484063,4.7504262309756,0.0,99.00280932864656
0.10833710928794375,0.0016108585366516551,0.03514494459262187,4.7502030546151,0.0,100.32993649521624
0.10921469973930625,0.0015969510082872516,0.034841516760403125,4.749875935028901,0.0,101.73434886668305
0.11009229019066875,0.001583043479922848,0.03453808892818437,4.7495638053979,0.013947608757696,103.20948390988161
0.11096988064203125,0.0015691359515584444,0.034234661095965624,4.7492100219045,0.0,104.7728043839881
0.11184747109339375,0.001555228423194041,0.03393123326374688,4.7487495002157,0.0096339794116662,106.41179340943901
0.11272506154475626,0.0015413208948296374,0.03362780543152812,4.748167542758201,0.0,108.12422751842176
0.11360265199611876,0.0015274133664652338,0.033324377599309375,4.7477834171505,0.0049940261001906,109.92032134136137
0.11448024244748126,0.0015135058381008301,0.03302094976709062,4.7470196862099,0.010172453671839,111.81949371578739
0.11535783289884376,0.0014995983097364268,0.032717521934871874,4.746347306330899,0.0,113.79376808808784
0.11623542335020626,0.0014856907813720233,0.032414094102653127,4.7456583743653,0.015835369735483,115.84449790466458
0.11711301380156874,0.0014717832530076196,0.03211066627043437,4.744909094888101,0.0,118.00428957866994
0.11799060425293124,0.0014578757246432163,0.031807238438215625,4.7441473936191,0.0,120.25073893101973
0.11886819470429374,0.0014439681962788128,0.03150381060599688,4.7432513456721,0.0,122.57858357728502
0.11974578515565626,0.001430060667914409,0.031200382773778124,4.7422683886217,0.0,124.99361462280847
0.12062337560701875,0.0014161531395500057,0.030896954941559376,4.741219100862501,0.0,127.49690122106358
0.12150096605838126,0.001402245611185602,0.030593527109340622,4.7400886298418,0.0,130.0891187120059
0.12237855650974375,0.0013883380828211985,0.030290099277121875,4.738868198525,0.0,132.77167098072906
0.12325614696110625,0.001374430554456795,0.029986671444903124,4.737472211250901,0.0,135.5354190576616
0.12413373741246875,0.0013605230260923913,0.029683243612684374,4.7360236129443996,0.006294357522347,138.38339274488862
0.12501132786383126,0.001346615497727988,0.029379815780465626,4.734558054769701,0.0,141.36137694726798
0.12588891831519375,0.0013327079693635842,0.029076387948246872,4.7329418589835,0.0,144.4472815587272
0.12676650876655624,0.0013188004409991807,0.028772960116028125,4.7311524601619,0.0,147.63088632655015
0.12764409921791875,0.0013048929126347774,0.028469532283809378,4.7292872200066,0.0,150.91405332264017
0.12852168966928124,0.0012909853842703737,0.028166104451590623,4.7273045951542,0.0,154.3090221485198
0.12939928012064375,0.0012770778559059702,0.027862676619371876,4.7251635131277006,0.0,157.8193955284679
0.13027687057200626,0.0012631703275415664,0.027559248787153122,4.7228989403387995,0.0,161.44850753460636
0.13115446102336875,0.0012492627991771631,0.027255820954934375,4.7204882217118005,0.0,165.20224253216176
0.13203205147473124,0.0012353552708127596,0.026952393122715627,4.7179179162574,0.0,169.08529403223875
0.13290964192609375,0.001221447742448356,0.026648965290496873,4.7151504619657,0.0,173.09803722325083
0.13378723237745624,0.0012075402140839526,0.026345537458278126,4.712275402848101,0.0,177.24930967505614
0.13466482282881875,0.0011936326857195489,0.026042109626059372,4.709168447480301,0.0,181.55956498634197
0.13554241328018124,0.0011797251573551454,0.025738681793840625,4.7058652611194,0.0,186.0315843018594
0.13642000373154375,0.0011658176289907419,0.025435253961621874,4.702288383029,0.0,190.6625480318354
0.13729759418290624,0.0011519101006263381,0.025131826129403123,4.6984967113707,0.0,195.4605626146931
0.13817518463426876,0.0011380025722619348,0.024828398297184376,4.6944538677368,0.0,200.43838808364205
0.13905277508563124,0.0011240950438975313,0.024524970464965625,4.6901213402365,0.0,205.59926426782602
0.13993036553699373,0.0011101875155331276,0.024221542632746874,4.6854923989833,0.0,210.9382155843025
0.14080795598835624,0.001096279987168724,0.023918114800528124,4.680619699083199,0.0,216.45153771467443
0.14168554643971876,0.0010823724588043206,0.023614686968309373,4.675633827518,0.0,222.17719485074122
0.14256313689108124,0.001068464930439917,0.023311259136090626,4.6696460109687,0.0,228.09554577869778
0.14344072734244373,0.0010545574020755135,0.023007831303871875,4.6629140931073,0.020953194010373,233.88324007873905
0.14431831779380624,0.00104064987371111,0.022704403471653124,4.6554576648578,0.010758488161348,240.23884757129863
0.14519590824516876,0.0010267423453467063,0.022400975639434374,4.647686731583501,0.011051911389365,246.94713564639437
0.14607349869653125,0.001012834816982303,0.022097547807215626,4.6397728046091,0.0,254.1275235930528
0.14695108914789373,0.0009989272886178995,0.021794119974996876,4.6306293645858,0.011675949613519,261.2378977346548
0.14782867959925625,0.0009850197602534957,0.021490692142778125,4.619436658729399,0.012007977945041,268.90827347204413
0.14870627005061873,0.0009711122318890922,0.021187264310559374,4.6083545663882,0.012354373029417,276.9343681825233
0.14958386050198125,0.0009572047035246887,0.020883836478340623,4.596330340562099,0.0,285.74154511133986
0.15046145095334373,0.0009432971751602852,0.020580408646121876,4.5832742109538,0.013093689778753,294.4322127066556
0.15133904140470625,0.0009293896467958817,0.020276980813903125,4.5675068111654,0.01348848636752,303.67467982518997
0.15221663185606873,0.0009154821184314781,0.019973552981684375,4.5495744192224,0.013901411457456,313.86828683001346
0.15309422230743125,0.0009015745900670747,0.019670125149465627,4.5317864091267,0.0,324.99191294082016
0.15397181275879374,0.0008876670617026709,0.019366697317246873,4.5127589343578,0.0,336.515938218234
0.15484940321015625,0.0008737595333382675,0.019063269485028126,4.4913479344722,0.015260682557111,347.96688384840655
0.15572699366151874,0.000859852004973864,0.018759841652809375,4.4692003272404,0.015758326608855,360.00042836453457
0.15660458411288125,0.0008459444766094604,0.018456413820590625,4.4441984652013,0.01628071529942,372.9756339665329
0.15748217456424374,0.000832036948245057,0.018152985988371877,4.416672456394401,0.016829516747574,386.9261506745199
0.15835976501560625,0.0008181294198806533,0.017849558156153123,4.3850642133496,0.017406542044608,402.33550009387073
0.15923735546696874,0.0008042218915162499,0.017546130323934376,4.3509754715326,0.018013760213088,418.78269723465723
0.16011494591833125,0.0007903143631518462,0.017242702491715625,4.3165302461305,0.0,436.73862873200545
0.16099253636969374,0.0007764068347874427,0.016939274659496874,4.2801864338495,0.019327543963178,454.39858954075186
0.16187012682105623,0.0007624993064230393,0.016635846827278127,4.2396527890312,0.020038999578106,474.12697362632736
0.16274771727241874,0.0007485917780586356,0.016332418995059373,4.1950381218616,0.0,496.0871812365511
0.16362530772378125,0.0007346842496942321,0.016028991162840626,4.1498763557831,0.0,518.7485432594154
0.16450289817514374,0.0007207767213298286,0.015725563330621875,4.0943479166925,0.0,541.8290202201363
0.16538048862650623,0.0007068691929654249,0.015422135498403124,4.0389117318686,0.023317117624308,564.1147809493975
0.16625807907786874,0.0006929616646010215,0.015118707666184377,3.9766478579253,0.0,590.3773983520808
0.16713566952923126,0.0006790541362366178,0.014815279833965623,3.9134658232109003,0.0,616.4070123347017
0.16801325998059374,0.0006651466078722144,0.014511852001746876,3.8340021793105,0.052667947545675,638.7002157231981
0.16889085043195623,0.0006512390795078109,0.014208424169528125,3.749162555729,0.0,671.471867715576
0.16976844088331874,0.0006373315511434073,0.013904996337309374,3.6680405547793,0.0,702.8681663070762
0.10043879522568125,0.005085924002066043,0.037875795082590626,4.7471382175151,0.0,91.23268356390487
0.10131638567704375,0.005045180015268904,0.03757236725037187,4.746665307240099,0.0014424880500769,92.00408218397641
0.10219397612840625,0.005004436028471765,0.037268939418153124,4.7462310772834,0.0,92.83029448163067
0.10307156657976875,0.004963692041674627,0.03696551158593438,4.7457703434817,0.0014902386446211,93.71918331111348
0.10394915703113125,0.004922948054877488,0.03666208375371562,4.7453102896043,0.0,94.67884558455297
0.10482674748249375,0.004882204068080349,0.036358655921496875,4.7448239492593,0.0,95.71018338658014
0.10570433793385625,0.00484146008128321,0.03605522808927812,4.7443040603401,0.001566435958266,96.81262136394466
0.10658192838521875,0.004800716094486071,0.035751800257059374,4.7437653579713,0.0,97.99145965689323
0.10745951883658125,0.004759972107688933,0.03544837242484063,4.7431916009061,0.0016205276686098,99.24421765092785
0.10833710928794375,0.004719228120891793,0.03514494459262187,4.7426004938516,0.0,100.5764545838748
0.10921469973930625,0.004678484134094655,0.034841516760403125,4.7419749622794,0.0,101.98475232173946
0.11009229019066875,0.004637740147297516,0.03453808892818437,4.7412746431753,0.0034141476379274,103.46312881631825
0.11096988064203125,0.004596996160500377,0.034234661095965624,4.7405511872286,0.0034749358253321,105.01844688765655
0.11184747109339375,0.004556252173703239,0.03393123326374688,4.7397429385978995,0.0088434051555698,106.6454726055214
0.11272506154475626,0.004515508186906099,0.03362780543152812,4.7388616172472,0.010804457205907,108.3467155797134
0.11360265199611876,0.004474764200108961,0.033324377599309375,4.7378718397306,0.0073347378937506,110.15837964417165
0.11448024244748126,0.004434020213311821,0.03302094976709062,4.736898261992399,0.007470153331439,112.06024121259426
0.11535783289884376,0.004393276226514683,0.032717521934871874,4.735834049701601,0.0076093537740847,114.04579679934984
0.11623542335020626,0.0043525322397175445,0.032414094102653127,4.7347848824015,0.0038762408035192,116.12271280251636
0.11711301380156874,0.004311788252920405,0.03211066627043437,4.7337435172255,0.0,118.280606660745
0.11799060425293124,0.0042710442661232665,0.031807238438215625,4.7326122970244,0.0040255615832019,120.51309287877442
0.11886819470429374,0.0042303002793261275,0.03150381060599688,4.7313674123873,0.0041034785191417,122.8234520821723
0.11974578515565626,0.0041895562925289885,0.031200382773778124,4.7300674475579,0.0,125.24936064161892
0.12062337560701875,0.0041488123057318495,0.030896954941559376,4.7287166045074,0.0,127.75467496540904
0.12150096605838126,0.0041080683189347105,0.030593527109340622,4.7272535920298,0.0,130.3433503231771
0.12237855650974375,0.004067324332137572,0.030290099277121875,4.7257008659376,0.0,133.01264865896826
0.12325614696110625,0.004026580345340433,0.029986671444903124,4.724034383419499,0.0022645998473312,135.75520148950238
0.12413373741246875,0.003985836358543294,0.029683243612684374,4.7222504704878006,0.0,138.63779511804086
0.12501132786383126,0.003945092371746155,0.029379815780465626,4.7204414087957005,0.0,141.60874963515693
0.12588891831519375,0.0039043483849490164,0.029076387948246872,4.7184775305087,0.0,144.6833107936826
0.12676650876655624,0.003863604398151878,0.028772960116028125,4.7164099767522005,0.0,147.85823849862464
0.12764409921791875,0.0038228604113547393,0.028469532283809378,4.7142270156533,0.0,151.1364790775926
0.12852168966928124,0.0037821164245576,0.028166104451590623,4.7119321630407,0.0,154.52660390804914
0.12939928012064375,0.0037413724377604613,0.027862676619371876,4.7094344576733,0.0,158.0326955182618
0.13027687057200626,0.003700628450963322,0.027559248787153122,4.7068330252041,0.0,161.65695943121565
0.13115446102336875,0.0036598844641661838,0.027255820954934375,4.7040874536417,0.0,165.40520226196745
0.13203205147473124,0.003619140477369045,0.026952393122715627,4.7011556161171,0.0,169.28464366424987
0.13290964192609375,0.0035783964905719058,0.026648965290496873,4.698025618550401,0.0,173.29397190116583
0.13378723237745624,0.003537652503774767,0.026345537458278126,4.6947985205237,0.0,177.43926828336174
0.13466482282881875,0.0034969085169776278,0.026042109626059372,4.6912973653922,0.0030025791402047,181.7421663098004
0.13554241328018124,0.003456164530180489,0.025738681793840625,4.6876302961468,0.0,186.2094579773873
0.13642000373154375,0.00341542054338335,0.025435253961621874,4.683738688836599,0.0,190.83035866561153
0.13729759418290624,0.003374676556586211,0.025131826129403123,4.6794815163767005,0.0,195.62256459899302
0.13817518463426876,0.003333932569789073,0.024828398297184376,4.6750261087002,0.0,200.60164927716167
0.13905277508563124,0.003293188582991934,0.024524970464965625,4.6702621315637,0.0,205.76542112903724
0.13993036553699373,0.003252444596194795,0.024221542632746874,4.6651606158451004,0.0,211.11406022611786
0.14080795598835624,0.003211700609397656,0.023918114800528124,4.659629499557299,0.0,216.66339837840835
0.14168554643971876,0.003170956622600517,0.023614686968309373,4.653834216747899,0.0,222.40982499151903
0.14256313689108124,0.0031302126358033785,0.023311259136090626,4.6475615158456,0.0,228.40733736636568
0.14344072734244373,0.0030894686490062395,0.023007831303871875,4.6400053743732,0.0,234.50229496556219
0.14431831779380624,0.003048724662209101,0.022704403471653124,4.6325499456933,0.015801016897747,240.59966078232347
0.14519590824516876,0.003007980675411962,0.022400975639434374,4.6240767850058,0.0040579920709093,247.3671526094525
0.14607349869653125,0.0029672366886148234,0.022097547807215626,4.6151745972358,0.012510595096538,254.34630240521983
0.14695108914789373,0.0029264927018176844,0.021794119974996876,4.605389098515699,0.01286137101974,261.67472787951976
0.14782867959925625,0.0028857487150205454,0.021490692142778125,4.594918388499201,0.0088180727427037,269.2786501982872
0.14870627005061873,0.0028450047282234064,0.021187264310559374,4.5826102981457995,0.022681120951926,276.95574577689604
0.14958386050198125,0.0028042607414262674,0.020883836478340623,4.5689466518008,0.014006987741003,285.60675528224584
0.15046145095334373,0.0027635167546291293,0.020580408646121876,4.5553715696646,0.014423049759255,294.40852891931786
0.15133904140470625,0.0027227727678319903,0.020276980813903125,4.5396229051717,0.024763214614863,303.62291656563
0.15221663185606873,0.0026820287810348513,0.019973552981684375,4.5208238546508,0.030625553615871,313.1884832065764
0.15309422230743125,0.0026412847942377127,0.019670125149465627,4.5007684167752,0.026314725744164,323.91622465696815
0.15397181275879374,0.0026005408074405733,0.019366697317246873,4.4799087727959,0.016287444268718,335.67486186334315
0.15484940321015625,0.0025597968206434348,0.019063269485028126,4.4577568568954,0.01120670020447,347.9778219979364
0.15572699366151874,0.0025190528338462958,0.018759841652809375,4.4345238104271,0.011572145699804,360.6301334632994
0.15660458411288125,0.0024783088470491568,0.018456413820590625,4.408853207703401,0.011955762449806,374.12308009365853
0.15748217456424374,0.0024375648602520186,0.018152985988371877,4.3806804776286,0.006179387719721,388.5400905960931
0.15835976501560625,0.002396820873454879,0.017849558156153123,4.349373874424501,0.019173771968604,403.2344128426036
0.15923735546696874,0.0023560768866577406,0.017546130323934376,4.315283814175499,0.013228426022727,419.56243327131267
0.16011494591833125,0.0023153328998606016,0.017242702491715625,4.2795985903006,0.020547125781313,436.8056305540516
0.16099253636969374,0.0022745889130634626,0.016939274659496874,4.2405445729686,0.0070966023332708,455.6307877809104
0.16187012682105623,0.002233844926266324,0.016635846827278127,4.2009074961887,0.0,476.08140360223683
0.16274771727241874,0.0021931009394691846,0.016332418995059373,4.1571722781511005,0.007633754425182,496.72014952810923
0.16362530772378125,0.0021523569526720465,0.016028991162840626,4.1090959789948,0.0,519.118147365333
0.16450289817514374,0.0021116129658749075,0.015725563330621875,4.0562367677728,0.0,542.2006510424147
0.16538048862650623,0.0020708689790777685,0.015422135498403124,3.9993898826243,0.0,566.110304824818
0.16625807907786874,0.00203012499228063,0.015118707666184377,3.9377474835006,0.0,591.6648591789088
0.16713566952923126,0.0019893810054834905,0.014815279833965623,3.8697195767982002,0.0092771975233953,616.8887362398814
0.16801325998059374,0.0019486370186863522,0.014511852001746876,3.7932133265072,0.0,645.4919483745125
0.16889085043195623,0.0019078930318892132,0.014208424169528125,3.7145929189996,0.010086566804524,674.5573677490815
0.16976844088331874,0.0018671490450920742,0.013904996337309374,3.6308882566661,0.0,706.593989180653
0.10043879522568125,0.008200107349069015,0.037875795082590626,4.7459683587886,0.00094702961235989,91.2257482172254
0.10131638567704375,0.00813441524170959,0.03757236725037187,4.7454020083,0.0,92.01274378100686
0.10219397612840625,0.008068723134350168,0.037268939418153124,4.744860620323601,0.0,92.85285541360093
0.10307156657976875,0.008003031026990745,0.03696551158593438,4.7443184118312,0.0,93.75786512144728
0.10394915703113125,0.007937338919631321,0.03666208375371562,4.7437507740741,0.0,94.73301015940142
0.10482674748249375,0.007871646812271899,0.036358655921496875,4.7431667765170005,0.0,95.78188544528308
0.10570433793385625,0.007805954704912475,0.03605522808927812,4.7425432882758,0.0010450819343441,96.90520640281454
0.10658192838521875,0.0077402625975530525,0.035751800257059374,4.7418892195499,0.0010628964603609,98.10339395420606
0.10745951883658125,0.00767457049019363,0.03544837242484063,4.7411867120895,0.0010811703993586,99.37638386906484
0.10833710928794375,0.007608878382834206,0.03514494459262187,4.7404657260676,0.0010999196850334,100.72457463239029
0.10921469973930625,0.007543186275474783,0.034841516760403125,4.7397200843184,0.0044766437917843,102.14842439973928
0.11009229019066875,0.00747749416811536,0.03453808892818437,4.738913457847399,0.002277823104578,103.65334280501634
0.11096988064203125,0.007411802060755937,0.034234661095965624,4.7380121270277,0.0069551378112097,105.22548826850067
0.11184747109339375,0.0073461099533965145,0.03393123326374688,4.737217996671499,0.0035400424450522,106.88391492109957
0.11272506154475626,0.00728041784603709,0.03362780543152812,4.7362081923111,0.0024028098045682,108.62585569222107
0.11360265199611876,0.0072147257386776685,0.033324377599309375,4.7351821326182,0.0024467652269646,110.453017303506
0.11448024244748126,0.007149033631318244,0.03302094976709062,4.7340803769687,0.00747581372759,112.35175866024399
0.11535783289884376,0.007083341523958822,0.032717521934871874,4.7329396901418,0.0063459330393953,114.32811130337149
0.11623542335020626,0.007017649416599399,0.032414094102653127,4.731798327667,0.0,116.40238430541031
0.11711301380156874,0.006951957309239976,0.03211066627043437,4.730604230338,0.0013176119736678,118.55548116613365
0.11799060425293124,0.006886265201880553,0.031807238438215625,4.7293438228819,0.0,120.794931704115
0.11886819470429374,0.00682057309452113,0.03150381060599688,4.7280076036445,0.0,123.11647394113976
0.11974578515565626,0.006754880987161706,0.031200382773778124,4.7266045718061,0.0,125.52450253119919
0.12062337560701875,0.0066891888798022835,0.030896954941559376,4.7251266423417,0.0,128.02062541971483
0.12150096605838126,0.00662349677244286,0.030593527109340622,4.7235416075825,0.0,130.60216847305026
0.12237855650974375,0.0065578046650834375,0.030290099277121875,4.7219141822654,0.0014807589728323,133.2687812860147
0.12325614696110625,0.006492112557724014,0.029986671444903124,4.7201755856318,0.0,136.03482787850695
0.12413373741246875,0.006426420450364591,0.029683243612684374,4.7183157333553,0.0,138.89526523341817
0.12501132786383126,0.006360728343005168,0.029379815780465626,4.716368013154099,0.0015739372046551,141.84317450659222
0.12588891831519375,0.006295036235645745,0.029076387948246872,4.7143164833642,0.0,144.91246410215612
0.12676650876655624,0.006229344128286322,0.028772960116028125,4.7121626968526,0.0,148.0820518007857
0.12764409921791875,0.0061636520209268995,0.028469532283809378,4.709878234054099,0.0,151.35093127472578
0.12852168966928124,0.006097959913567475,0.028166104451590623,4.7074947340616,0.0017125041283372,154.72037153410727
0.12939928012064375,0.0060322678062080535,0.027862676619371876,4.7048948114595,0.0017500055951394,158.21421055710442
0.13027687057200626,0.005966575698848629,0.027559248787153122,4.7021647558095,0.0,161.84163341149522
0.13115446102336875,0.005900883591489207,0.027255820954934375,4.6993263482012,0.0018288006927192,165.56834918577542
0.13203205147473124,0.005835191484129784,0.026952393122715627,4.6963122366970005,0.0018702090154361,169.42425542114097
0.13290964192609375,0.0057694993767703606,0.026648965290496873,4.693121302167,0.0,173.4576231550686
0.13378723237745624,0.005703807269410938,0.026345537458278126,4.689771596138799,0.0,177.60546454636543
0.13466482282881875,0.005638115162051514,0.026042109626059372,4.686225098053,0.0,181.89711133235485
0.13554241328018124,0.005572423054692091,0.025738681793840625,4.682488469445,0.0,186.33794285663254
0.13642000373154375,0.005506730947332668,0.025435253961621874,4.67834240965,0.0020999651686061,190.88400521982186
0.13729759418290624,0.005441038839973245,0.025131826129403123,4.6740272993399,0.0021509783036074,195.67049959836896
0.13817518463426876,0.0053753467326138225,0.024828398297184376,4.669493204871101,0.0,200.67245898518817
0.13905277508563124,0.005309654625254399,0.024524970464965625,4.6646168291168,0.0,205.81930320064075
0.13993036553699373,0.005243962517894976,0.024221542632746874,4.659498035265901,0.0023156884006636,211.1126920194372
0.14080795598835624,0.005178270410535553,0.023918114800528124,4.653479434999199,0.0,216.70009769002536
0.14168554643971876,0.00511257830317613,0.023614686968309373,4.647424430086,0.0048724684165082,222.3894544515452
0.14256313689108124,0.005046886195816707,0.023311259136090626,4.640714629623,0.0050001357796548,228.35989347161603
0.14344072734244373,0.004981194088457284,0.023007831303871875,4.633446076446,0.0025664436603685,234.54425563690597
0.14431831779380624,0.00491550198109786,0.022704403471653124,4.6255312982251,0.010541993253505,240.878837328054
0.14519590824516876,0.004849809873738438,0.022400975639434374,4.6168768092044,0.010829511875383,247.5533848249713
0.14607349869653125,0.004784117766379015,0.022097547807215626,4.6078326055468,0.0055644776940017,254.63789016354556
0.14695108914789373,0.0047184256590195916,0.021794119974996876,4.598087604173401,0.0085807443532729,261.9443177643407
0.14782867959925625,0.004652733551660168,0.021490692142778125,4.5874265409441,0.017649509008919,269.3737044049428
0.14870627005061873,0.0045870414443007455,0.021187264310559374,4.5745460611727,0.027237968675571,277.09637533181314
0.14958386050198125,0.004521349336941322,0.020883836478340623,4.560251808985799,0.01557511258328,285.7567194818514
0.15046145095334373,0.0044556572295818995,0.020580408646121876,4.5459456068024,0.019245304810574,294.6542924397537
0.15133904140470625,0.004389965122222476,0.020276980813903125,4.5298810378269,0.019825582854151,304.1947804386946
0.15221663185606873,0.004324273014863053,0.019973552981684375,4.5127476863327,0.010216253222586,314.3865523996712
0.15309422230743125,0.004258580907503631,0.019670125149465627,4.4925768076971,0.038624175819052,324.2455022174697
0.15397181275879374,0.004192888800144207,0.019366697317246873,4.4707477466684,0.010866523889505,336.122048835995
0.15484940321015625,0.004127196692784784,0.019063269485028126,4.448041672103,0.014953589216962,348.47043862778946
0.15572699366151874,0.004061504585425361,0.018759841652809375,4.4257581681905,0.0038603047729593,361.61392562120335
0.15660458411288125,0.003995812478065938,0.018456413820590625,4.400067414191899,0.015953095664923,374.4007553375511
0.15748217456424374,0.0039301203707065155,0.018152985988371877,4.3696674781344,0.020613566858918,388.5975934461864
0.15835976501560625,0.003864428263347091,0.017849558156153123,4.3373029376438,0.0085281336024296,404.81902517950954
0.15923735546696874,0.0037987361559876686,0.017546130323934376,4.3051201080105,0.004412816554421,421.60175425449637
0.16011494591833125,0.0037330440486282456,0.017242702491715625,4.2704987685282,0.0045694877902969,439.0443303426439
0.16099253636969374,0.003667351941268822,0.016939274659496874,4.2326275883551,0.0047346531178539,457.51903036789014
0.16187012682105623,0.0036016598339094,0.016635846827278127,4.1936897509735,0.0049089378356376,476.9298561765452
0.16274771727241874,0.0035359677265499757,0.016332418995059373,4.1488455877971,0.0050930258583982,496.71511046509926
0.16362530772378125,0.0034702756191905535,0.016028991162840626,4.0997646908654,0.0,519.1486765416915
0.16450289817514374,0.00340458351183113,0.015725563330621875,4.0457368565945,0.005493681791563,541.381301750011
0.16538048862650623,0.003338891404471707,0.015422135498403124,3.9867872362998003,0.0057119758138654,564.8283753656241
0.16625807907786874,0.0032731992971122845,0.015118707666184377,3.9241217304949996,0.0,592.4133804927039
0.16713566952923126,0.0032075071897528606,0.014815279833965623,3.8535628102548998,0.006189484786707,618.6082686757411
0.16801325998059374,0.003141815082393438,0.014511852001746876,3.7785465076414004,0.0,648.4244167123948
0.16889085043195623,0.0030761229750340146,0.014208424169528125,3.7009039977429,0.0,679.1509274075823
0.16976844088331874,0.0030104308676745916,0.013904996337309374,3.6153640012573,0.0,710.4623431396755
0.10043879522568125,0.01109516229042139,0.037875795082590626,4.7456510692645,0.00075289914810411,91.03897542927135
0.10131638567704375,0.011006277528146254,0.03757236725037187,4.7450393045454,0.0,91.84049493281263
0.10219397612840625,0.01091739276587112,0.037268939418153124,4.7444600368911996,0.00077761777277158,92.6960172414792
0.10307156657976875,0.010828508003595987,0.03696551158593438,4.7438775389296,0.00079043609583756,93.61939592997554
0.10394915703113125,0.01073962324132085,0.03666208375371562,4.743260541170399,0.0016071479961645,94.61717935983059
0.10482674748249375,0.010650738479045716,0.036358655921496875,4.7426194917422,0.00081704219186612,95.6900115732554
0.10570433793385625,0.01056185371677058,0.03605522808927812,4.7419596080002,0.0,96.84128662888526
0.10658192838521875,0.010472968954495447,0.035751800257059374,4.7412357645354,0.00084501458991819,98.06723897621696
0.10745951883658125,0.010384084192220313,0.03544837242484063,4.7404840864969,0.00085954257608058,99.36490624294939
0.10833710928794375,0.010295199429945176,0.03514494459262187,4.7397174305754,0.00087444846817513,100.73903276274632
0.10921469973930625,0.010206314667670044,0.034841516760403125,4.7389144581498,0.00088974548768364,102.19146715107095
0.11009229019066875,0.010117429905394907,0.03453808892818437,4.7380436466799,0.0036217897573344,103.71795501290084
0.11096988064203125,0.010028545143119773,0.034234661095965624,4.737119201259699,0.005529412454124,105.3200410752172
0.11184747109339375,0.009939660380844638,0.03393123326374688,4.7361616345165,0.0028143733905951,107.0065177132086
0.11272506154475626,0.009850775618569504,0.03362780543152812,4.7351478071238,0.0019102607049511,108.77136345995916
0.11360265199611876,0.00976189085629437,0.033324377599309375,4.734098689123599,0.0019452057580358,110.61480655586774
0.11448024244748126,0.009673006094019233,0.03302094976709062,4.7329858207546,0.00099055927316119,112.53348145418266
0.11535783289884376,0.0095841213317441,0.032717521934871874,4.7318209327784,0.0010090175675458,114.52567962320045
0.11623542335020626,0.009495236569468966,0.032414094102653127,4.7306110378207,0.0,116.60255814743542
0.11711301380156874,0.00940635180719383,0.03211066627043437,4.729347310213799,0.0010475162756889,118.75835609119395
0.11799060425293124,0.009317467044918695,0.031807238438215625,4.728037220128,0.0,121.0007515611617
0.11886819470429374,0.009228582282643562,0.03150381060599688,4.7266431381973,0.0,123.32368605810717
0.11974578515565626,0.009139697520368426,0.031200382773778124,4.7251765036034,0.0011095308391942,125.7229613574588
0.12062337560701875,0.009050812758093291,0.030896954941559376,4.7236463984372,0.0,128.2203845226035
0.12150096605838126,0.008961927995818157,0.030593527109340622,4.7220069100692,0.0011539845279293,130.8051299572453
0.12237855650974375,0.008873043233543022,0.030290099277121875,4.7203239575918,0.0,133.4770809951212
0.12325614696110625,0.008784158471267888,0.029986671444903124,4.7185251142968,0.0012011643023885,136.23907711769
0.12413373741246875,0.008695273708992753,0.029683243612684374,4.7166392630353,0.001225846666594,139.09599983198802
0.12501132786383126,0.008606388946717619,0.029379815780465626,4.7146536125053995,0.0,142.05286740100834
0.12588891831519375,0.008517504184442483,0.029076387948246872,4.7125636315837,0.001277549670228,145.10414398093005
0.12676650876655624,0.008428619422167348,0.028772960116028125,4.7103450366957,0.0013046365241199,148.26680139925662
0.12764409921791875,0.008339734659892215,0.028469532283809378,4.7080276300239,0.0,151.53507347253375
0.12852168966928124,0.008250849897617079,0.028166104451590623,4.705587649537,0.0,154.9110946661175
0.12939928012064375,0.008161965135341944,0.027862676619371876,4.7029436793338,0.0,158.40413840403207
0.13027687057200626,0.00807308037306681,0.027559248787153122,4.7001975947743,0.0,162.0149044549649
0.13115446102336875,0.007984195610791675,0.027255820954934375,4.697314984343601,0.0,165.74779983204994
0.13203205147473124,0.007895310848516541,0.026952393122715627,4.6942798407809,0.0,169.60896196759586
0.13290964192609375,0.0078064260862414055,0.026648965290496873,4.691036172380801,0.0,173.60097647548145
0.13378723237745624,0.007717541323966272,0.026345537458278126,4.6876584621583,0.0015561222726082,177.71589324232667
0.13466482282881875,0.007628656561691136,0.026042109626059372,4.6840861751455005,0.0,182.0023177568428
0.13554241328018124,0.007539771799416002,0.025738681793840625,4.6802582728081,0.0016303656390757,186.42836500505953
0.13642000373154375,0.0074508870371408666,0.025435253961621874,4.6761375989407,0.0016694958276459,191.01584159205427
0.13729759418290624,0.007362002274865732,0.025131826129403123,4.671813967138401,0.0,195.78980468181993
0.13817518463426876,0.007273117512590598,0.024828398297184376,4.6671893377999005,0.0,200.73282078088874
0.13905277508563124,0.007184232750315463,0.024524970464965625,4.662245274397,0.0017957261995736,205.82709850524822
0.13993036553699373,0.0070953479880403285,0.024221542632746874,4.6571037916925,0.0018409982131285,211.12852618005013
0.14080795598835624,0.007006463225765193,0.023918114800528124,4.651054200836,0.0075520163173064,216.58404632970763
0.14168554643971876,0.006917578463490059,0.023614686968309373,4.6446774577781,0.0077473339208736,222.28318705204822
0.14256313689108124,0.006828693701214925,0.023311259136090626,4.637541622321501,0.0079503278879028,228.30870526979362
0.14344072734244373,0.0067398089389397895,0.023007831303871875,4.6299728325272,0.0061210543587948,234.59592824972754
0.14431831779380624,0.006650924176664655,0.022704403471653124,4.6221551361482005,0.0041905013509063,241.15526715755738
0.14519590824516876,0.00656203941438952,0.022400975639434374,4.6134441345677,0.0064571874197068,247.9404308817836
0.14607349869653125,0.006473154652114386,0.022097547807215626,4.6043321899226,0.0066357331293248,255.0035037429252
0.14695108914789373,0.006384269889839251,0.021794119974996876,4.594408892423,0.0045478585740385,262.51812043023864
0.14782867959925625,0.006295385127564116,0.021490692142778125,4.5828166750457,0.014031557328178,270.0750772255973
0.14870627005061873,0.0062065003652889816,0.021187264310559374,4.570500300235301,0.0024060544610314,278.16657526674766
0.14958386050198125,0.006117615603013846,0.020883836478340623,4.5568421529825,0.01485886672501,286.675753406847
0.15046145095334373,0.0060287308407387125,0.020580408646121876,4.5425846337744,0.012750194052128,295.63676720857677
0.15133904140470625,0.005939846078463577,0.020276980813903125,4.5260074293737,0.013134633671771,305.26124445613345
0.15221663185606873,0.005850961316188443,0.019973552981684375,4.5085245496151,0.0081220357290982,315.5237829063554
0.15309422230743125,0.005762076553913309,0.019670125149465627,4.4894270963466,0.011166055399424,326.0478208662958
0.15397181275879374,0.005673191791638173,0.019366697317246873,4.4676610325299,0.017278016384029,337.3225085739495
0.15484940321015625,0.005584307029363039,0.019063269485028126,4.4456908683249,0.0089162031753905,349.6903844248442
0.15572699366151874,0.005495422267087904,0.018759841652809375,4.421702076926301,0.0061379710561343,362.7821247388577
0.15660458411288125,0.005406537504812769,0.018456413820590625,4.3956101508045,0.0063414448603224,376.5353723057109
0.15748217456424374,0.0053176527425376355,0.018152985988371877,4.3669599986974,0.0065552066059867,390.8241712637618
0.15835976501560625,0.005228767980262499,0.017849558156153123,4.3352557112706,0.0067799617249243,406.85605205878386
0.15923735546696874,0.005139883217987366,0.017546130323934376,4.3038211293374005,0.0,423.5585075257107
0.16011494591833125,0.00505099845571223,0.017242702491715625,4.2680395381752,0.010898381908083,440.3901818830027
0.16099253636969374,0.004962113693437096,0.016939274659496874,4.2303425920445,0.0,459.2171089317112
0.16187012682105623,0.004873228931161962,0.016635846827278127,4.1922885025185,0.0,478.5990303120513
0.16274771727241874,0.004784344168886826,0.016332418995059373,4.1465982712533,0.016196050387507,497.644164997657
0.16362530772378125,0.004695459406611692,0.016028991162840626,4.0961874477843,0.0084075080727037,519.4180747685197
0.16450289817514374,0.004606574644336557,0.015725563330621875,4.0403000212512,0.0087350771017945,542.3290495539425
0.16538048862650623,0.004517689882061422,0.015422135498403124,3.9800546874223004,0.0,568.6982152842328
0.16625807907786874,0.004428805119786288,0.015118707666184377,3.9180898397834,0.0,595.6044120203242
0.16713566952923126,0.004339920357511152,0.014815279833965623,3.847252463263,0.0098414194493945,621.3993405733331
0.16801325998059374,0.004251035595236019,0.014511852001746876,3.7705182495400003,0.0051286273226383,651.5877258818268
0.16889085043195623,0.004162150832960883,0.014208424169528125,3.6914889349725,0.0,683.3979686172664
0.16976844088331874,0.004073266070685749,0.013904996337309374,3.6054765897972003,0.0,715.7534065852407
0.10043879522568125,0.013786507718594345,0.037875795082590626,4.745763047594299,0.00065178380385289,90.67989319455066
0.10131638567704375,0.013676062244333055,0.03757236725037187,4.7451451356944006,0.0,91.49483449859169
0.10219397612840625,0.013565616770071766,0.037268939418153124,4.744549948038101,0.00067318268477225,92.37001249740612
0.10307156657976875,0.013455171295810477,0.03696551158593438,4.743947086689399,0.00068427949021434,93.31814706756488
0.10394915703113125,0.013344725821549185,0.03666208375371562,4.7433083081246,0.0,94.34379645820422
0.10482674748249375,0.013234280347287897,0.036358655921496875,4.7426274372994,0.00070731235260868,95.4459065908894
0.10570433793385625,0.013123834873026605,0.03605522808927812,4.7419315539809,0.0014385346975774,96.62526409407069
0.10658192838521875,0.013013389398765316,0.035751800257059374,4.7411879715822005,0.00073152802087092,97.88174779858892
0.10745951883658125,0.012902943924504027,0.03544837242484063,4.7404158255877,0.0014882097588293,99.2125850252667
0.10833710928794375,0.012792498450242737,0.03514494459262187,4.739618583787,0.00075700889062743,100.62133586341564
0.10921469973930625,0.012682052975981448,0.034841516760403125,4.7387779631473,0.0007702515003287,102.10763466654848
0.11009229019066875,0.012571607501720157,0.03453808892818437,4.7378777579069,0.0007838446592531,103.66869938442719
0.11096988064203125,0.012461162027458868,0.034234661095965624,4.7369280180813,0.0031912034004336,105.30252765604737
0.11184747109339375,0.01235071655319758,0.03393123326374688,4.7359292319644,0.0016242662323894,107.01636688632166
0.11272506154475626,0.012240271078936289,0.03362780543152812,4.7348771741666,0.002480565275751,108.80172134461824
0.11360265199611876,0.012129825604675,0.033324377599309375,4.7338036982957,0.0050518862112192,110.65848918323043
0.11448024244748126,0.012019380130413707,0.03302094976709062,4.7326735004033,0.001715051724068,112.59915227931216
0.11535783289884376,0.01190893465615242,0.032717521934871874,4.7315048272341,0.0034940207329788,114.61409003317735
0.11623542335020626,0.011798489181891131,0.032414094102653127,4.7302230631228,0.0062295474063444,116.70254286660874
0.11711301380156874,0.011688043707629839,0.03211066627043437,4.7289255030097,0.00090683346432992,118.87711584206274
0.11799060425293124,0.01157759823336855,0.031807238438215625,4.7276042247633,0.0,121.13139328315512
0.11886819470429374,0.011467152759107261,0.03150381060599688,4.7261530867031,0.00094210621879671,123.4603007000316
0.11974578515565626,0.01135670728484597,0.031200382773778124,4.724682593686801,0.00096051939052247,125.87306353162738
0.12062337560701875,0.011246261810584681,0.030896954941559376,4.723129864922099,0.0,128.37757402540856
0.12150096605838126,0.01113581633632339,0.030593527109340622,4.7214629521361005,0.0,130.96222720537224
0.12237855650974375,0.011025370862062102,0.030290099277121875,4.7197583129786,0.001019117779746,133.62897114347913
0.12325614696110625,0.010914925387800811,0.029986671444903124,4.7179321788205,0.0,136.39426177122465
0.12413373741246875,0.010804479913539522,0.029683243612684374,4.716029797368,0.0010612138495638,139.2466601466675
0.12501132786383126,0.010694034439278233,0.029379815780465626,4.7140363656571,0.0,142.1994191125937
0.12588891831519375,0.010583588965016943,0.029076387948246872,4.7119221066471,0.0,145.24901620108383
0.12676650876655624,0.010473143490755654,0.028772960116028125,4.7097048348324,0.0,148.4020708350154
0.12764409921791875,0.010362698016494365,0.028469532283809378,4.7073300384134,0.0,151.65504826149368
0.12852168966928124,0.010252252542233073,0.028166104451590623,4.7048581867381,0.002357228201344,155.00155317525372
0.12939928012064375,0.010141807067971785,0.027862676619371876,4.7022246352416,0.0,158.4993336029068
0.13027687057200626,0.010031361593710493,0.027559248787153122,4.6994717776828,0.0,162.10734751348818
0.13115446102336875,0.009920916119449204,0.027255820954934375,4.6965521604306995,0.0,165.8340530560699
0.13203205147473124,0.009810470645187915,0.026952393122715627,4.6934994518802,0.0,169.6844168158373
0.13290964192609375,0.009700025170926625,0.026648965290496873,4.6902704233454005,0.0,173.667438102527
0.13378723237745624,0.009589579696665336,0.026345537458278126,4.6868640368029,0.0,177.7838301169599
0.13466482282881875,0.009479134222404045,0.026042109626059372,4.6832771947777,0.0,182.04882522846236
0.13554241328018124,0.009368688748142756,0.025738681793840625,4.6794878613492,0.0,186.4724728860567
0.13642000373154375,0.009258243273881465,0.025435253961621874,4.6754229518338,0.0,191.05551867857133
0.13729759418290624,0.009147797799620177,0.025131826129403123,4.6711372779785005,0.0,195.80195958024598
0.13817518463426876,0.009037352325358888,0.024828398297184376,4.6664811861433,0.001516793961398,200.71894775069362
0.13905277508563124,0.008926906851097597,0.024524970464965625,4.6611697841456,0.0062182312517341,205.78608823182643
0.13993036553699373,0.008816461376836308,0.024221542632746874,4.6559779849152,0.0031874994712391,211.0623906665028
0.14080795598835624,0.008706015902575017,0.023918114800528124,4.6500684329916,0.0032688853045241,216.54606732862499
0.14168554643971876,0.008595570428313727,0.023614686968309373,4.6436448042255,0.0067068568019767,222.22784627402373
0.14256313689108124,0.008485124954052438,0.023311259136090626,4.6365192494258,0.0086032355158431,228.25289992549318
0.14344072734244373,0.008374679479791149,0.023007831303871875,4.6289644688345,0.0088316478677254,234.5185243693168
0.14431831779380624,0.008264234005529858,0.022704403471653124,4.6208408156107,0.0090692787919025,241.1270921022309
0.14519590824516876,0.00815378853126857,0.022400975639434374,4.6121931299309,0.0074533048934106,247.95090774337734
0.14607349869653125,0.00804334305700728,0.022097547807215626,4.6027383940445,0.013403939398311,255.09924881750428
0.14695108914789373,0.00793289758274599,0.021794119974996876,4.593035426375599,0.0059056127933492,262.62426216549653
0.14782867959925625,0.0078224521084847,0.021490692142778125,4.5822674105957,0.010122583961382,270.2430358531075
0.14870627005061873,0.00771200663422341,0.021187264310559374,4.569801548336899,0.014580427312023,278.2812572998043
0.14958386050198125,0.00760156115996212,0.020883836478340623,4.5561552232544,0.012863301412091,287.05749934423494
0.15046145095334373,0.007491115685700831,0.020580408646121876,4.5409843784208,0.008830260998502,296.1703634089066
0.15133904140470625,0.007380670211439541,0.020276980813903125,4.524730631062201,0.020467143219764,305.4328012701539
0.15221663185606873,0.007270224737178251,0.019973552981684375,4.5078029930769,0.009374980887096,315.96576638133894
0.15309422230743125,0.007159779262916962,0.019670125149465627,4.489318529683801,0.012083049370879,326.68308403159403
0.15397181275879374,0.007049333788655672,0.019366697317246873,4.468344993035901,0.012464630079361,337.89068182411444
0.15484940321015625,0.006938888314394383,0.019063269485028126,4.446112067498199,0.010291660507636,350.19322433160715
0.15572699366151874,0.006828442840133092,0.018759841652809375,4.4217753835641,0.023911350674799,362.74244418958943
0.15660458411288125,0.006717997365871802,0.018456413820590625,4.395706148706,0.0027448902441924,377.08611217003755
0.15748217456424374,0.006607551891610513,0.018152985988371877,4.3677216856212,0.0056748337509403,391.8596376091051
0.15835976501560625,0.006497106417349223,0.017849558156153123,4.3370547719099,0.0,407.7396546164081
0.15923735546696874,0.006386660943087934,0.017546130323934376,4.3047108028866,0.0091112326014118,423.7996423915119
0.16011494591833125,0.006276215468826644,0.017242702491715625,4.2685625132083,0.0062898099378266,441.4606485138227
0.16099253636969374,0.0061657699945653534,0.016939274659496874,4.2302599918634,0.0032585783789575,460.3215708236051
0.16187012682105623,0.006055324520304065,0.016635846827278127,4.1898657079602,0.0033785281195425,480.24820949857474
0.16274771727241874,0.005944879046042774,0.016332418995059373,4.1444270828354,0.0,501.2438070439342
0.16362530772378125,0.005834433571781485,0.016028991162840626,4.0946571702425,0.0,523.5527652013702
0.16450289817514374,0.005723988097520195,0.015725563330621875,4.038565034653,0.0037809723883409,546.8889861951272
0.16538048862650623,0.0056135426232589054,0.015422135498403124,3.9787035860159996,0.0,572.643354686661
0.16625807907786874,0.0055030971489976165,0.015118707666184377,3.9146889730865,0.0,599.7282688785514
0.16713566952923126,0.005392651674736325,0.014815279833965623,3.8433263312624,0.0,627.8734935138203
0.16801325998059374,0.005282206200475036,0.014511852001746876,3.7662761271074,0.0,657.6317148160624
0.16889085043195623,0.005171760726213746,0.014208424169528125,3.6844925387075,0.0,688.9070360794559
0.16976844088331874,0.0050613152519524566,0.013904996337309374,3.5974632354927,0.0,721.4872777825551
0.10043879522568125,0.01628847758116416,0.037875795082590626,4.746139319068299,0.00059342345304302,90.16045871824392
0.10131638567704375,0.016157988506761388,0.03757236725037187,4.7455331061405,0.00060304687013109,90.98989632963577
0.10219397612840625,0.016027499432358615,0.037268939418153124,4.7449424050415,0.0,91.88919748901094
0.10307156657976875,0.01589701035795584,0.03696551158593438,4.744312360731399,0.00062300949414401,92.86585752443396
0.10394915703113125,0.01576652128355307,0.03666208375371562,4.743663267404999,0.00063336458530778,93.92184113621309
0.10482674748249375,0.015636032209150295,0.036358655921496875,4.742978920361,0.00064398000714938,95.05934162318404
0.10570433793385625,0.015505543134747522,0.03605522808927812,4.7422657283718,0.00065486455977599,96.27631606429325
0.10658192838521875,0.01537505406034475,0.035751800257059374,4.7415064526695,0.0006660274182586,97.57021008522823
0.10745951883658125,0.015244564985941978,0.03544837242484063,4.7407260667238,0.0020324344561408,98.9407552244157
0.10833710928794375,0.015114075911539203,0.03514494459262187,4.7399067833443,0.0,100.39041708595404
0.10921469973930625,0.014983586837136431,0.034841516760403125,4.739036817067,0.0021038508582087,101.91438687587518
0.11009229019066875,0.014853097762733657,0.03453808892818437,4.7381212568198,0.0021409789638545,103.51012379543681
0.11096988064203125,0.014722608688330885,0.034234661095965624,4.7371391825561,0.0072636621608768,105.17607667580386
0.11184747109339375,0.014592119613928114,0.03393123326374688,4.7361301849665,0.0022182455376913,106.92461203244838
0.11272506154475626,0.014461630539525339,0.03362780543152812,4.735060162705199,0.0030112758304724,108.74291964295428
0.11360265199611876,0.014331141465122566,0.033324377599309375,4.7339629987375,0.0030663621302247,110.62908314602231
0.11448024244748126,0.014200652390719793,0.03302094976709062,4.7328095190786,0.0062459478755241,112.58990385678318
0.11535783289884376,0.01407016331631702,0.032717521934871874,4.731597518711601,0.0039764601316263,114.62943502135589
0.11623542335020626,0.013939674241914248,0.032414094102653127,4.7303197655668,0.0064820083169833,116.74011064939475
0.11711301380156874,0.013809185167511473,0.03211066627043437,4.7290109218309,0.0,118.93221754408891
0.11799060425293124,0.013678696093108702,0.031807238438215625,4.7276480559857,0.00084146357855102,121.19726953644232
0.11886819470429374,0.01354820701870593,0.03150381060599688,4.7262059146266004,0.00085775056419836,123.53908336913013
0.11974578515565626,0.013417717944303156,0.031200382773778124,4.7247159146344995,0.00087451503101336,125.96192381063068
0.12062337560701875,0.013287228869900384,0.030896954941559376,4.7231349652084,0.0,128.46824355068313
0.12150096605838126,0.01315673979549761,0.030593527109340622,4.7214643152229,0.00090955274029252,131.05009098688632
0.12237855650974375,0.013026250721094836,0.030290099277121875,4.7197476905765,0.00092786655381659,133.72093460305513
0.12325614696110625,0.012895761646692063,0.029986671444903124,4.717924417887001,0.0,136.48551001990842
0.12413373741246875,0.01276527257228929,0.029683243612684374,4.7160019006473,0.0,139.33667133527564
0.12501132786383126,0.012634783497886519,0.029379815780465626,4.713997456383,0.0,142.2816869885577
0.12588891831519375,0.012504294423483744,0.029076387948246872,4.711878293378399,0.0,145.32416509116499
0.12676650876655624,0.012373805349080972,0.028772960116028125,4.7096477937893,0.0,148.4677894437087
0.12764409921791875,0.012243316274678201,0.028469532283809378,4.707297602157801,0.0,151.71474645965304
0.12852168966928124,0.012112827200275426,0.028166104451590623,4.7048363701074,0.0,155.06873507742054
0.12939928012064375,0.011982338125872655,0.027862676619371876,4.7022145414906005,0.0,158.54121552334234
0.13027687057200626,0.01185184905146988,0.027559248787153122,4.6994396883831,0.001120860095163,162.1276272294716
0.13115446102336875,0.011721359977067107,0.027255820954934375,4.6965297987823,0.0,165.83826768464007
0.13203205147473124,0.011590870902664335,0.026952393122715627,4.6934748401004,0.0011719019947928,169.6678468308226
0.13290964192609375,0.01146038182826156,0.026648965290496873,4.6902545681024,0.0,173.64642355494078
0.13378723237745624,0.011329892753858789,0.026345537458278126,4.6868246744494,0.001226511485235,177.7477288030823
0.13466482282881875,0.011199403679456014,0.026042109626059372,4.6832368991525,0.0012552588929422,181.99612801633057
0.13554241328018124,0.011068914605053243,0.025738681793840625,4.6794596933445,0.00128502895733,186.4083661147367
0.13642000373154375,0.01093842553065047,0.025435253961621874,4.6753861732732,0.0013158707661933,190.98490285032517
0.13729759418290624,0.010807936456247696,0.025131826129403123,4.6709914589725,0.0013478363883112,195.7167884575124
0.13817518463426876,0.010677447381844925,0.024828398297184376,4.666390393955299,0.0027619621868689,200.59958891445945
0.13905277508563124,0.01054695830744215,0.024524970464965625,4.6615092872236,0.0014153635911983,205.7063565050716
0.13993036553699373,0.010416469233039377,0.024221542632746874,4.6558370116607,0.0087062777486078,210.91183420649315
0.14080795598835624,0.010285980158636604,0.023918114800528124,4.6499481707047,0.011904764699864,216.36482896087017
0.14168554643971876,0.01015549108423383,0.023614686968309373,4.6434638408260005,0.012212657322772,222.08963859271233
0.14256313689108124,0.01002500200983106,0.023311259136090626,4.6365180276988,0.0093994880455277,228.150619159824
0.14344072734244373,0.009894512935428286,0.023007831303871875,4.6286985590795995,0.011257214002338,234.42706038998756
0.14431831779380624,0.009764023861025513,0.022704403471653124,4.6204939442406,0.0049543324385805,241.09096210915635
0.14519590824516876,0.00963353478662274,0.022400975639434374,4.6119796003694,0.0033929701077911,248.06330887653317
0.14607349869653125,0.009503045712219969,0.022097547807215626,4.602868873866201,0.0034867880839832,255.27991312165662
0.14695108914789373,0.009372556637817196,0.021794119974996876,4.593078001645,0.0053768275852508,262.745477735721
0.14782867959925625,0.00924206756341442,0.021490692142778125,4.5824520185237,0.0073729708440828,270.5605379698606
0.14870627005061873,0.009111578489011648,0.021187264310559374,4.5697870070551,0.011378489271001,278.619671753907
0.14958386050198125,0.008981089414608874,0.020883836478340623,4.5563396817806,0.0097596072710678,287.28899396087525
0.15046145095334373,0.008850600340206103,0.020580408646121876,4.5416258833089,0.010049505568494,296.4929844364986
0.15133904140470625,0.00872011126580333,0.020276980813903125,4.5257087355857,0.012423017910305,306.1170723466563
0.15221663185606873,0.008589622191400557,0.019973552981684375,4.5091676457725995,0.0021338876086466,316.54482065834367
0.15309422230743125,0.008459133116997785,0.019670125149465627,4.4906756842562,0.015401596010823,326.9556672643641
0.15397181275879374,0.00832864404259501,0.019366697317246873,4.4696804231331,0.009078843357406,338.54778237643484
0.15484940321015625,0.008198154968192239,0.019063269485028126,4.4483001648896,0.0,350.9822054876023
0.15572699366151874,0.008067665893789466,0.018759841652809375,4.424964121606299,0.009675707531297,363.50647633589574
0.15660458411288125,0.007937176819386691,0.018456413820590625,4.3990952230999,0.012495571670422,376.96221632141135
0.15748217456424374,0.0078066877449839206,0.018152985988371877,4.371016667004801,0.010333424733809,391.61953617975655
0.15835976501560625,0.007676198670581146,0.017849558156153123,4.339958527864701,0.008015791308347,407.3194016758413
0.15923735546696874,0.007545709596178373,0.017546130323934376,4.3067461621061,0.0,424.5224012872645
0.16011494591833125,0.0074152205217756,0.017242702491715625,4.2714473400734,0.0028633119680376,442.2889639605081
0.16099253636969374,0.007284731447372827,0.016939274659496874,4.2329260568811,0.0,461.2859694954676
0.16187012682105623,0.007154242372970056,0.016635846827278127,4.1919356290386,0.0,481.2937905069945
0.16274771727241874,0.007023753298567281,0.016332418995059373,4.1463945299778,0.0031913690468419,502.3252787758276
0.16362530772378125,0.006893264224164509,0.016028991162840626,4.096148660331901,0.0,525.2710661232434
0.16450289817514374,0.0067627751497617355,0.015725563330621875,4.0399415122181,0.0034424262727904,549.0395378242986
0.16538048862650623,0.006632286075358962,0.015422135498403124,3.9794326679004,0.0,575.0039035193171
0.16625807907786874,0.006501797000956191,0.015118707666184377,3.9137104093666997,0.0,602.467211041514
0.16713566952923126,0.006371307926553416,0.014815279833965623,3.8410375270035,0.0,631.4446245935993
0.16801325998059374,0.006240818852150644,0.014511852001746876,3.7626439555749,0.0,661.9132373384921
0.16889085043195623,0.006110329777747871,0.014208424169528125,3.6783872036861,0.0,693.7588786999712
0.16976844088331874,0.005979840703345098,0.013904996337309374,3.5888819698680003,0.0,726.9484530482475
0.10043879522568125,0.018614397222574585,0.037875795082590626,4.746714647343199,0.00055857769738644,89.49655938728561
0.10131638567704375,0.018465274908838637,0.03757236725037187,4.7461034322645,0.00056763602855016,90.34533302435435
0.10219397612840625,0.01831615259510269,0.037268939418153124,4.745513634186,0.0005769165047638,91.26987135058255
0.10307156657976875,0.018167030281366743,0.03696551158593438,4.7448950384151,0.00058642644961908,92.27931439836179
0.10394915703113125,0.018017907967630795,0.03666208375371562,4.7442394939839,0.00059617349104269,93.37442001660554
0.10482674748249375,0.01786878565389485,0.036358655921496875,4.7435428175246,0.00060616557655738,94.55418979788139
0.10570433793385625,0.0177196633401589,0.03605522808927812,4.7428187126114,0.00061641098952863,95.81521390716586
0.10658192838521875,0.017570541026422953,0.035751800257059374,4.7420640949194,0.00062691836626849,97.15586279445535
0.10745951883658125,0.017421418712687008,0.03544837242484063,4.7412662893604995,0.0,98.57608286114912
0.10833710928794375,0.01727229639895106,0.03514494459262187,4.7404210929925,0.00064875543167868,100.07283502609027
0.10921469973930625,0.017123174085215114,0.034841516760403125,4.7395259265102,0.0013202086548208,101.6410104779301
0.11009229019066875,0.016974051771479162,0.03453808892818437,4.738587373233299,0.0080610437194547,103.27714790432762
0.11096988064203125,0.016824929457743217,0.034234661095965624,4.737615558276301,0.0041022844617392,104.9899739361005
0.11184747109339375,0.016675807144007272,0.03393123326374688,4.7366251869519,0.0020879904195288,106.77822548225684
0.11272506154475626,0.016526684830271324,0.03362780543152812,4.735504436596901,0.0042516810996252,108.62871536019213
0.11360265199611876,0.016377562516535375,0.033324377599309375,4.7343766275306,0.0021647292788191,110.5456660221898
0.11448024244748126,0.016228440202799427,0.03302094976709062,4.7332147970426,0.0051442882293616,112.53765961894348
0.11535783289884376,0.016079317889063482,0.032717521934871874,4.7320078235006,0.0067373331452042,114.59660754874906
0.11623542335020626,0.015930195575327537,0.032414094102653127,4.730745868476499,0.0038133659673912,116.7289651020804
0.11711301380156874,0.015781073261591585,0.03211066627043437,4.7293733731621,0.0023314645688826,118.93369172086723
0.11799060425293124,0.01563195094785564,0.031807238438215625,4.7279959199436,0.00079205293577672,121.2103995803557
0.11886819470429374,0.015482828634119695,0.03150381060599688,4.7265664937912,0.0008073835515345,123.56465233315296
0.11974578515565626,0.015333706320383745,0.031200382773778124,4.725058861326,0.0,125.9970148053244
0.12062337560701875,0.0151845840066478,0.030896954941559376,4.7234674632312,0.0,128.50525765632787
0.12150096605838126,0.01503546169291185,0.030593527109340622,4.7218080945566,0.0,131.09069427042814
0.12237855650974375,0.014886339379175904,0.030290099277121875,4.720085635382,0.0,133.76111030735817
0.12325614696110625,0.014737217065439956,0.029986671444903124,4.7182565876160005,0.0,136.51872479065628
0.12413373741246875,0.01458809475170401,0.029683243612684374,4.7163455209900995,0.00090945860424895,139.35938678612578
0.12501132786383126,0.014438972437968062,0.029379815780465626,4.7143441875306,0.0,142.3010003354172
0.12588891831519375,0.014289850124232114,0.029076387948246872,4.7122162615774,0.00094781718758709,145.3343783541688
0.12676650876655624,0.014140727810496167,0.028772960116028125,4.7099801072242995,0.00096791298994571,148.46563241857717
0.12764409921791875,0.013991605496760222,0.028469532283809378,4.7076507372573,0.00098865474457948,151.70544447065086
0.12852168966928124,0.013842483183024272,0.028166104451590623,4.7051986428532,0.0,155.05513300745008
0.12939928012064375,0.013693360869288327,0.027862676619371876,4.7025835429095,0.0010321895778069,158.51210271642347
0.13027687057200626,0.013544238555552377,0.027559248787153122,4.6998146201339,0.0,162.09147116134847
0.13115446102336875,0.013395116241816432,0.027255820954934375,4.6969235213848,0.0010786645597832,165.78422532548063
0.13203205147473124,0.013245993928080485,0.026952393122715627,4.6938621755453,0.0,169.6116504009138
0.13290964192609375,0.013096871614344537,0.026648965290496873,4.6906539947586,0.0011283505276184,173.56233868955348
0.13378723237745624,0.01294774930060859,0.026345537458278126,4.6872209341425,0.0011544908744803,177.67123906714792
0.13466482282881875,0.012798626986872641,0.026042109626059372,4.6836262423194,0.0011815502377728,181.9048705606954
0.13554241328018124,0.012649504673136695,0.025738681793840625,4.679874672357499,0.0,186.31373917869578
0.13642000373154375,0.012500382359400748,0.025435253961621874,4.675798781360499,0.0012386029889274,190.88103747363724
0.13729759418290624,0.0123512600456648,0.025131826129403123,4.6714480127722,0.0,195.62128789201017
0.13817518463426876,0.012202137731928854,0.024828398297184376,4.6666811072289995,0.0025997800907568,200.48251200919978
0.13905277508563124,0.012053015418192906,0.024524970464965625,4.6616979289926,0.0066612680345018,205.52780531601945
0.13993036553699373,0.01190389310445696,0.024221542632746874,4.6562046260219,0.002731682046316,210.89355524728094
0.14080795598835624,0.01175477079072101,0.023918114800528124,4.6503474277703,0.0042021443666446,216.43295747027747
0.14168554643971876,0.011605648476985064,0.023614686968309373,4.644051360929399,0.0028738828788028,222.22478666102793
0.14256313689108124,0.011456526163249117,0.023311259136090626,4.6372144977855,0.0014745918680721,228.27524855658794
0.14344072734244373,0.01130740384951317,0.023007831303871875,4.629589096184801,0.0060549666940686,234.47513280851592
0.14431831779380624,0.011158281535777222,0.022704403471653124,4.6217520088558,0.0093268292361751,240.98133201000397
0.14519590824516876,0.011009159222041275,0.022400975639434374,4.6130769449852,0.006387470600939,247.91262713101835
0.14607349869653125,0.010860036908305329,0.022097547807215626,4.6039767933441995,0.0065640885921773,255.1342000615144
0.14695108914789373,0.010710914594569382,0.021794119974996876,4.5940793273676,0.0050611008992477,262.616181778651
0.14782867959925625,0.010561792280833433,0.021490692142778125,4.5831433947972,0.0121450540044,270.4094058421687
0.14870627005061873,0.010412669967097487,0.021187264310559374,4.5710501917437,0.010710345713741,278.7094452720711
0.14958386050198125,0.010263547653361538,0.020883836478340623,4.5581284077918,0.0055119145651374,287.4357476187718
0.15046145095334373,0.010114425339625593,0.020580408646121876,4.5434242769018995,0.015135039645725,296.40099388437653
0.15133904140470625,0.009965303025889645,0.020276980813903125,4.527869182724,0.0058467698768409,306.23771445992384
0.15221663185606873,0.009816180712153698,0.019973552981684375,4.5117464232063,0.006025757934611,316.4402193645219
0.15309422230743125,0.009667058398417751,0.019670125149465627,4.4933674088302,0.010355154355011,327.0530520968664
0.15397181275879374,0.009517936084681803,0.019366697317246873,4.4732713414575,0.01281860210827,338.3156788340233
0.15484940321015625,0.009368813770945856,0.019063269485028126,4.4517008306008,0.0066149526821512,350.5849505384535
0.15572699366151874,0.00921969145720991,0.018759841652809375,4.4282698662898,0.011384438897934,363.2981371665459
0.15660458411288125,0.00907056914347396,0.018456413820590625,4.4030128574764005,0.0,377.374345308263
0.15748217456424374,0.008921446829738016,0.018152985988371877,4.3752817273688,0.009726647243749,391.7492777615194
0.15835976501560625,0.008772324516002065,0.017849558156153123,4.3448224768549,0.005030069987744,407.36123572546995
0.15923735546696874,0.00862320220226612,0.017546130323934376,4.3122333275995,0.0,424.24224938352256
0.16011494591833125,0.008474079888530172,0.017242702491715625,4.2765792796938,0.0080855358739378,441.6868592272151
0.16099253636969374,0.008324957574794225,0.016939274659496874,4.2372711908048,0.0027925965587325,460.73882858133635
0.16187012682105623,0.008175835261058279,0.016635846827278127,4.1951657644416995,0.0028953932982203,480.86593316841675
0.16274771727241874,0.00802671294732233,0.016332418995059373,4.1496012439669,0.0,502.6485029919708
0.16362530772378125,0.007877590633586383,0.016028991162840626,4.0995997611146,0.0,525.8108053407502
0.16450289817514374,0.007728468319850436,0.015725563330621875,4.043207363339699,0.0,550.1826459235297
0.16538048862650623,0.007579346006114488,0.015422135498403124,3.9814627545916,0.0033690417447965,576.0291226092407
0.16625807907786874,0.007430223692378542,0.015118707666184377,3.9143822561565,0.0,604.0251637085357
0.16713566952923126,0.007281101378642593,0.014815279833965623,3.8401962715937996,0.0036506864358247,633.6187994819743
0.16801325998059374,0.007131979064906647,0.014511852001746876,3.7594388548764,0.0,665.2085345285453
0.16889085043195623,0.006982856751170699,0.014208424169528125,3.6727474561206,0.0,698.0887704035349
0.16976844088331874,0.006833734437434752,0.013904996337309374,3.5792460792947,0.0,732.3356646795082
0.10043879522568125,0.02077665435413819,0.037875795082590626,4.747404968923901,0.00053832471840707,88.70181013966116
0.10131638567704375,0.02061020992233979,0.03757236725037187,4.7468118379007,0.00054705461148326,89.57334356476953
0.10219397612840625,0.02044376549054139,0.037268939418153124,4.7462255748456,0.00055599859504693,90.530278327953
0.10307156657976875,0.020277321058742994,0.03696551158593438,4.7456115793341,0.0,91.57994822206317
0.10394915703113125,0.020110876626944593,0.03666208375371562,4.7449611462937,0.00057455735914447,92.72162636635802
0.10482674748249375,0.019944432195146196,0.036358655921496875,4.7442616681236,0.00058418715039119,93.95234996065206
0.10570433793385625,0.01977798776334779,0.03605522808927812,4.7435272711311995,0.0,95.26888665084392
0.10658192838521875,0.019611543331549394,0.035751800257059374,4.7427519109925,0.0012083749657921,96.66528258901567
0.10745951883658125,0.019445098899750997,0.03544837242484063,4.7419473620809,0.0,98.13952527433672
0.10833710928794375,0.019278654467952596,0.03514494459262187,4.741102180052399,0.0012504655545892,99.6895822811683
0.10921469973930625,0.0191122100361542,0.034841516760403125,4.7401828805686,0.0012723403667474,101.31093090790839
0.11009229019066875,0.018945765604355794,0.03453808892818437,4.7392453069288,0.0032369855845842,102.9978476728866
0.11096988064203125,0.018779321172557397,0.034234661095965624,4.738282165695001,0.0046124672139531,104.75384031236041
0.11184747109339375,0.018612876740759,0.03393123326374688,4.737253625682,0.0020122838056182,106.58221951160652
0.11272506154475626,0.0184464323089606,0.03362780543152812,4.7360927607833,0.0054633641632384,108.46743936413463
0.11360265199611876,0.0182799878771622,0.033324377599309375,4.734967518146299,0.0041724805157849,110.41832008384729
0.11448024244748126,0.0181135434453638,0.03302094976709062,4.7337959350233,0.0035412614234786,112.4420315372303
0.11535783289884376,0.0179470990135654,0.032717521934871874,4.7325548751751,0.0036072500499228,114.5267764459653
0.11623542335020626,0.017780654581767003,0.032414094102653127,4.7312959573571005,0.0051451406639755,116.67501181462298
0.11711301380156874,0.0176142101499686,0.03211066627043437,4.7299645828931,0.0022469300392643,118.89579927347653
0.11799060425293124,0.017447765718170204,0.031807238438215625,4.7285504893036,0.0,121.18586429600434
0.11886819470429374,0.017281321286371807,0.03150381060599688,4.7271054659247,0.00077810933923827,123.54670572785123
0.11974578515565626,0.017114876854573406,0.031200382773778124,4.7255970794115,0.0,125.98385048134736
0.12062337560701875,0.016948432422775005,0.030896954941559376,4.7240040720935,0.00080897539286438,128.49591536811718
0.12150096605838126,0.016781987990976605,0.030593527109340622,4.722340591018,0.00082510173853671,131.07947994455878
0.12237855650974375,0.016615543559178207,0.030290099277121875,4.7206286205263,0.00084171513400958,133.7479860606739
0.12325614696110625,0.016449099127379806,0.029986671444903124,4.7188160529318,0.0,136.50508445382266
0.12413373741246875,0.01628265469558141,0.029683243612684374,4.7168889694419,0.00087648334211292,139.34128831271505
0.12501132786383126,0.016116210263783008,0.029379815780465626,4.714913953451201,0.00089468089638192,142.2738210463406
0.12588891831519375,0.015949765831984607,0.029076387948246872,4.7127907568023995,0.0,145.30446593257466
0.12676650876655624,0.01578332140018621,0.028772960116028125,4.710536683612,0.0018656365629811,148.41867138892792
0.12764409921791875,0.015616876968387813,0.028469532283809378,4.7082198652947,0.0,151.65081309441132
0.12852168966928124,0.01545043253658941,0.028166104451590623,4.705786397490001,0.0,154.98842799013306
0.12939928012064375,0.015283988104791013,0.027862676619371876,4.7032624248951,0.0,158.44077188115025
0.13027687057200626,0.015117543672992612,0.027559248787153122,4.7004251365564995,0.0010167894309004,162.00231606602185
0.13115446102336875,0.014951099241194213,0.027255820954934375,4.6975702509544,0.0,165.6876142422104
0.13203205147473124,0.014784654809395816,0.026952393122715627,4.6945404442498,0.0010630921445934,169.49544112598767
0.13290964192609375,0.014618210377597415,0.026648965290496873,4.6913587875146,0.0,173.45215869615092
0.13378723237745624,0.014451765945799016,0.026345537458278126,4.6878727563678,0.0022252624041831,177.52942994782748
0.13466482282881875,0.014285321514000615,0.026042109626059372,4.6843595162006,0.0022774188873247,181.75040720156576
0.13554241328018124,0.014118877082202217,0.025738681793840625,4.680622698001,0.0,186.16207196632217
0.13642000373154375,0.013952432650403817,0.025435253961621874,4.6765561901836,0.0023873871382711,190.71874191172122
0.13729759418290624,0.013785988218605418,0.025131826129403123,4.6721882661099,0.0012226912173358,195.44893753623833
0.13817518463426876,0.01361954378680702,0.024828398297184376,4.6674943434986,0.0075165508316511,200.2918432722443
0.13905277508563124,0.01345309935500862,0.024524970464965625,4.662458416611701,0.0064197429573141,205.3724278943052
0.13993036553699373,0.01328665492321022,0.024221542632746874,4.6571760783896,0.0013163181910436,210.76819257293604
0.14080795598835624,0.01312021049141182,0.023918114800528124,4.6512598313783,0.0040497824984172,216.33557563011516
0.14168554643971876,0.01295376605961342,0.023614686968309373,4.6450019129155,0.0041545219189001,222.11370672045587
0.14256313689108124,0.012787321627815023,0.023311259136090626,4.6383558081672,0.0042633778032659,228.11267889542287
0.14344072734244373,0.012620877196016622,0.023007831303871875,4.6312347089440005,0.0043765687241933,234.3751837672577
0.14431831779380624,0.012454432764218223,0.022704403471653124,4.623279127189099,0.0029962186374983,240.9285427856122
0.14519590824516876,0.012287988332419824,0.022400975639434374,4.6147763308258,0.0061558729048373,247.70287875954043
0.14607349869653125,0.012121543900621425,0.022097547807215626,4.6054466499273,0.0094891305887723,254.84273789395615
0.14695108914789373,0.011955099468823026,0.021794119974996876,4.5954907570495,0.0048775948792279,262.440879650256
0.14782867959925625,0.011788655037024627,0.021490692142778125,4.5848776852292,0.0033441991827899,270.39495210759
0.14870627005061873,0.011622210605226226,0.021187264310559374,4.5728759274492,0.0051610043395638,278.682746846069
0.14958386050198125,0.011455766173427827,0.020883836478340623,4.5601956465683005,0.014165501033753,287.1988597560607
0.15046145095334373,0.01128932174162943,0.020580408646121876,4.5460848852027,0.007293135756665,296.3867653545437
0.15133904140470625,0.011122877309831029,0.020276980813903125,4.530521319646899,0.0093912949570257,306.0380863208661
0.15221663185606873,0.01095643287803263,0.019973552981684375,4.5146341128709,0.0058072752609269,316.2440768938026
0.15309422230743125,0.010789988446234232,0.019670125149465627,4.4966596835767,0.013971574249428,326.8371368678199
0.15397181275879374,0.01062354401443583,0.019366697317246873,4.4772418044785995,0.0082358824356779,338.1988950738844
0.15484940321015625,0.010457099582637432,0.019063269485028126,4.4558980066685,0.012750213825418,350.19144200058537
0.15572699366151874,0.010290655150839031,0.018759841652809375,4.4329757514627,0.0065829963057555,363.08282027154314
0.15660458411288125,0.010124210719040632,0.018456413820590625,4.408251574864201,0.009068296935445,376.6802226886461
0.15748217456424374,0.009957766287242235,0.018152985988371877,4.3804586664363,0.0093739772695304,391.0636296452842
0.15835976501560625,0.009791321855443832,0.017849558156153123,4.3508991563497,0.0072715336354523,406.692140357487
0.15923735546696874,0.009624877423645435,0.017546130323934376,4.3183417196218,0.010033596407281,422.95514075265817
0.16011494591833125,0.009458432991847036,0.017242702491715625,4.2823243217202,0.0051949130119513,440.79568062146416
0.16099253636969374,0.009291988560048635,0.016939274659496874,4.2432510101692,0.0053826844972096,459.6439090428296
0.16187012682105623,0.009125544128250238,0.016635846827278127,4.200336133136799,0.0055808235424921,479.75302627581095
0.16274771727241874,0.008959099696451837,0.016332418995059373,4.1542117765213,0.0028950538349381,501.70107365414134
0.16362530772378125,0.008792655264653438,0.016028991162840626,4.1044857422957,0.0,525.2507846385528
0.16450289817514374,0.008626210832855039,0.015725563330621875,4.0477346504796,0.0031228006652351,549.7330603579799
0.16538048862650623,0.008459766401056638,0.015422135498403124,3.9851385569436,0.0032468866140988,576.2587321442885
0.16625807907786874,0.00829332196925824,0.015118707666184377,3.9162894554403,0.0,605.1496459565233
0.16713566952923126,0.00812687753745984,0.014815279833965623,3.8400716148096,0.0,635.8413673705154
0.16801325998059374,0.00796043310566144,0.014511852001746876,3.7569617391447,0.0,668.2110145786779
0.16889085043195623,0.007793988673863042,0.014208424169528125,3.6668403423847997,0.0,702.1536544611764
0.16976844088331874,0.007627544242064642,0.013904996337309374,3.5693469747410997,0.0,737.5680670141966
0.10043879522568125,0.022786765030258782,0.037875795082590626,4.7482013624372,0.00052798870332806,87.78810104587959
0.10131638567704375,0.022604217345085897,0.03757236725037187,4.7476317838587,0.00053655097953043,88.6883496758984
0.10219397612840625,0.02242166965991301,0.037268939418153124,4.7470518139882,0.00054532323561088,89.68673546045895
0.10307156657976875,0.02223912197474013,0.03696551158593438,4.7464408275707,0.00055431239410454,90.78671007338876
0.10394915703113125,0.02205657428956724,0.03666208375371562,4.745784705328,0.00056352566521548,91.98544563954012
0.10482674748249375,0.02187402660439436,0.036358655921496875,4.7450874338276,0.0,93.2784311588835
0.10570433793385625,0.021691478919221473,0.03605522808927812,4.744340770089799,0.00058265491193293,94.65916496024987
0.10658192838521875,0.021508931234048588,0.035751800257059374,4.7435564192535,0.0011851737613134,96.12051847233617
0.10745951883658125,0.021326383548875706,0.03544837242484063,4.7427440550796,0.00060277498167303,97.65797651206121
0.10833710928794375,0.02114383586370282,0.03514494459262187,4.7418681033833,0.0024529123933887,99.2676099930241
0.10921469973930625,0.020961288178529935,0.034841516760403125,4.740968231885899,0.0018718665076871,100.94482529554693
0.11009229019066875,0.02077874049335705,0.03453808892818437,4.740024893547,0.0025398675008689,102.68591948346833
0.11096988064203125,0.020596192808184168,0.034234661095965624,4.7390126339753,0.0051701786251548,104.48569030593062
0.11184747109339375,0.020413645123011283,0.03393123326374688,4.737933083495,0.0046051769910812,106.35413024696378
0.11272506154475626,0.020231097437838397,0.03362780543152812,4.7368514092931004,0.0046886575221242,108.28137589727064
0.11360265199611876,0.020048549752665516,0.033324377599309375,4.735679673964801,0.0040923674909615,110.26876052906869
0.11448024244748126,0.019866002067492627,0.03302094976709062,4.7344899396117,0.0013893072067429,112.31993694749154
0.11535783289884376,0.019683454382319745,0.032717521934871874,4.7332449878493,0.0021227937837303,114.42822507662214
0.11623542335020626,0.019500906697146863,0.032414094102653127,4.73192121733,0.0028836298504007,116.59428697700474
0.11711301380156874,0.019318359011973974,0.03211066627043437,4.7305911606334,0.00073459607639176,118.82672911936652
0.11799060425293124,0.019135811326801092,0.031807238438215625,4.7292091597422,0.0014973566058389,121.12570320990508
0.11886819470429374,0.018953263641628207,0.03150381060599688,4.7277774212881,0.0,123.49906302297683
0.11974578515565626,0.01877071595645532,0.031200382773778124,4.7262430966630005,0.00077808528614423,125.94010977537017
0.12062337560701875,0.01858816827128244,0.030896954941559376,4.7246573486561,0.00079344279409389,128.45306025242292
0.12150096605838126,0.01840562058610955,0.030593527109340622,4.7230152737306,0.00080925950852259,131.03899636023166
0.12237855650974375,0.01822307290093667,0.030290099277121875,4.721298063500201,0.0,133.70725850858446
0.12325614696110625,0.018040525215763784,0.029986671444903124,4.719473710388,0.00084234546432828,136.4561149504037
0.12413373741246875,0.017857977530590898,0.029683243612684374,4.7175679295495,0.00085965456808354,139.28973037218972
0.12501132786383126,0.017675429845418016,0.029379815780465626,4.715595598511,0.0,142.21446575712548
0.12588891831519375,0.017492882160245127,0.029076387948246872,4.713502597865499,0.0,145.2328214195606
0.12676650876655624,0.017310334475072246,0.028772960116028125,4.7113050065581,0.0,148.34602534448643
0.12764409921791875,0.017127786789899364,0.028469532283809378,4.7089932592353,0.0,151.5632242896335
0.12852168966928124,0.016945239104726475,0.028166104451590623,4.7065489917072005,0.00095475666480107,154.88412104405782
0.12939928012064375,0.016762691419553593,0.027862676619371876,4.703987984429,0.00097566451243007,158.31706523206256
0.13027687057200626,0.016580143734380708,0.027559248787153122,4.7011540721065,0.0019945334658503,161.86778743062854
0.13115446102336875,0.016397596049207822,0.027255820954934375,4.6983649078237,0.0010195944179488,165.53829884794987
0.13203205147473124,0.01621504836403494,0.026952393122715627,4.6953604226915,0.0010426804189911,169.34133819015744
0.13290964192609375,0.01603250067886205,0.026648965290496873,4.692175948072999,0.0010665594683912,173.28734577362968
0.13378723237745624,0.01584995299368917,0.026345537458278126,4.6887792804894,0.0010912683099762,177.3657589589625
0.13466482282881875,0.015667405308516284,0.026042109626059372,4.6852294426885,0.0022336916811318,181.5852718710878
0.13554241328018124,0.0154848576233434,0.025738681793840625,4.6815612314793995,0.0011433332630189,185.9777887616332
0.13642000373154375,0.015302309938170515,0.025435253961621874,4.6774738515347,0.0011707742523945,190.53398388050857
0.13729759418290624,0.01511976225299763,0.025131826129403123,4.6731584096772,0.0011992151360276,195.26432741354745
0.13817518463426876,0.014937214567824748,0.024828398297184376,4.6685678911709,0.0012287050892649,200.17408017737236
0.13905277508563124,0.014754666882651863,0.024524970464965625,4.6635962582955,0.0,205.28085388612556
0.13993036553699373,0.014572119197478977,0.024221542632746874,4.6583516131169,0.0025820888808981,210.59291769846675
0.14080795598835624,0.014389571512306092,0.023918114800528124,4.6526790857600995,0.0,216.16703857053773
0.14168554643971876,0.014207023827133208,0.023614686968309373,4.6465095960866,0.0013582512350532,221.94207935166094
0.14256313689108124,0.014024476141960325,0.023311259136090626,4.6398350317517,0.0013938398400158,227.92435464562794
0.14344072734244373,0.01384192845678744,0.023007831303871875,4.632900534017001,0.0057233828497885,234.10528406025998
0.14431831779380624,0.013659380771614556,0.022704403471653124,4.625183259277399,0.007346725587761,240.61720525961698
0.14519590824516876,0.01347683308644167,0.022400975639434374,4.6165224405331,0.0090565171217449,247.4270172489128
0.14607349869653125,0.013294285401268787,0.022097547807215626,4.6074752647075,0.0062046240666808,254.57151240020204
0.14695108914789373,0.013111737716095901,0.021794119974996876,4.5975876120287005,0.0095678868444123,262.02943656252495
0.14782867959925625,0.012929190030923018,0.021490692142778125,4.5866591231088,0.011479963030438,269.9806461641131
0.14870627005061873,0.012746642345750132,0.021187264310559374,4.575107327261,0.0050619113259001,278.3975475339012
0.14958386050198125,0.012564094660577247,0.020883836478340623,4.562581460533,0.0052100694992269,287.0632586498454
0.15046145095334373,0.012381546975404365,0.020580408646121876,4.5485035677391,0.010729657657446,296.2151128024343
0.15133904140470625,0.01219899929023148,0.020276980813903125,4.5338438849358,0.0036843915780686,305.97660881638103
0.15221663185606873,0.012016451605058594,0.019973552981684375,4.517948404680601,0.0075943648385276,316.00796457255836
0.15309422230743125,0.01183390391988571,0.019670125149465627,4.5000675526051,0.0019576164770795,326.8972030192803
0.15397181275879374,0.011651356234712824,0.019366697317246873,4.481265182836901,0.010097188414533,337.9833557067604
0.15484940321015625,0.011468808549539942,0.019063269485028126,4.4602781118784,0.0041684684817345,350.1727760811993
0.15572699366151874,0.011286260864367056,0.018759841652809375,4.438051512858601,0.0064566005695847,362.90345484772627
0.15660458411288125,0.011103713179194171,0.018456413820590625,4.4133488087198,0.011117728242418,376.27799593490266
0.15748217456424374,0.01092116549402129,0.018152985988371877,4.3861920452931,0.0068954953223286,390.76882908609986
0.15835976501560625,0.010738617808848402,0.017849558156153123,4.3567253157061,0.0071319177516929,406.1856412068417
0.15923735546696874,0.010556070123675518,0.017546130323934376,4.3246980773496,0.0024602369980671,422.72849209999515
0.16011494591833125,0.010373522438502633,0.017242702491715625,4.2890321934571,0.010190337880819,440.0428051193435
0.16099253636969374,0.01019097475332975,0.016939274659496874,4.249812852241099,0.007919002725263,458.7380875925439
0.16187012682105623,0.010008427068156866,0.016635846827278127,4.206813561431701,0.0054736698593886,478.82302778568743
0.16274771727241874,0.009825879382983979,0.016332418995059373,4.160354257561,0.0028394678306732,500.7262223385961
0.16362530772378125,0.009643331697811097,0.016028991162840626,4.1096183911854,0.0029479840007151,524.2741256695095
0.16450289817514374,0.009460784012638212,0.015725563330621875,4.0532471646946,0.0030628418454699,549.3883691175298
0.16538048862650623,0.009278236327465326,0.015422135498403124,3.9896773322649004,0.0031845453025301,576.4849596895225
0.16625807907786874,0.009095688642292443,0.015118707666184377,3.9194473167689,0.0033136493780071,605.670683107793
0.16713566952923126,0.008913140957119555,0.014815279833965623,3.8422168322754,0.0,637.4891328447663
0.16801325998059374,0.008730593271946674,0.014511852001746876,3.7556329684354,0.0,670.8969539454124
0.16889085043195623,0.008548045586773788,0.014208424169528125,3.661681043267,0.0,706.0541156079448
0.16976844088331874,0.008365497901600903,0.013904996337309374,3.5596393904348997,0.0039173419114291,742.4110420942426
0.10043879522568125,0.024655434982260336,0.037875795082590626,4.749071609785,0.00052490656398112,86.76664257436512
0.10131638567704375,0.02445791714341987,0.03757236725037187,4.7485299850012,0.0,87.70343557573337
0.10219397612840625,0.024260399304579405,0.037268939418153124,4.7479596209575,0.00054213990575806,88.75449925875786
0.10307156657976875,0.024062881465738945,0.03696551158593438,4.747345630974801,0.0,89.91830081914863
0.10394915703113125,0.023865363626898478,0.03666208375371562,4.7466873842363,0.0011204721569946,91.18695988004268
0.10482674748249375,0.023667845788058015,0.036358655921496875,4.745991580007,0.00056962583984822,92.55405868399288
0.10570433793385625,0.023470327949217547,0.03605522808927812,4.7452329044619,0.0,94.01100419362508
0.10658192838521875,0.023272810110377084,0.035751800257059374,4.744439529947,0.0011782552976043,95.54615738706401
0.10745951883658125,0.023075292271536624,0.03544837242484063,4.7436393583926995,0.00059925627667663,97.15706055068593
0.10833710928794375,0.022877774432696157,0.03514494459262187,4.7427050078333,0.00060964837317738,98.8346384092098
0.10921469973930625,0.022680256593855693,0.034841516760403125,4.741815871141299,0.0024812526242523,100.57148648912317
0.11009229019066875,0.022482738755015226,0.03453808892818437,4.7408521175741,0.00063126024971982,102.36928281129228
0.11096988064203125,0.022285220916174762,0.034234661095965624,4.739832483552799,0.0057824973625691,104.21873369162621
0.11184747109339375,0.0220877030773343,0.03393123326374688,4.738759338025,0.0026161681281395,106.13014785808352
0.11272506154475626,0.021890185238493832,0.03362780543152812,4.7376321159351,0.0026635928210579,108.09433597603405
0.11360265199611876,0.02169266739965337,0.033324377599309375,4.7364686586666,0.00067807970912034,110.10912229250499
0.11448024244748126,0.021495149560812905,0.03302094976709062,4.735306037519,0.0034529927800027,112.1793192854479
0.11535783289884376,0.02129763172197244,0.032717521934871874,4.7339448612925,0.0049242712254029,114.30196963922786
0.11623542335020626,0.021100113883131977,0.032414094102653127,4.7326537673991,0.0093170890548105,116.48119951636319
0.11711301380156874,0.02090259604429151,0.03211066627043437,4.7313073514376,0.0021909235933016,118.7342568691855
0.11799060425293124,0.02070507820545105,0.031807238438215625,4.7299173217634,0.00074430788582324,121.04935930281195
0.11886819470429374,0.020507560366610587,0.03150381060599688,4.7284798596297,0.00075871437014734,123.42801121027433
0.11974578515565626,0.02031004252777012,0.031200382773778124,4.726967872562301,0.00077354320548856,125.87443846437709
0.12062337560701875,0.020112524688929656,0.030896954941559376,4.7254011863224,0.00078881106383183,128.38966344311459
0.12150096605838126,0.01991500685008919,0.030593527109340622,4.7237514396436,0.0,130.97773973354097
0.12237855650974375,0.019717489011248725,0.030290099277121875,4.7220384831896,0.00082073474194681,133.64043355616508
0.12325614696110625,0.019519971172408262,0.029986671444903124,4.7202218924057,0.0,136.38438602936617
0.12413373741246875,0.019322453333567798,0.029683243612684374,4.7183285237257,0.00085463632592744,139.20669231476205
0.12501132786383126,0.019124935494727335,0.029379815780465626,4.7163626127931995,0.00087238029226882,142.12131362738938
0.12588891831519375,0.018927417655886868,0.029076387948246872,4.7142862924196995,0.00089068264906844,145.12715954057202
0.12676650876655624,0.018729899817046404,0.028772960116028125,4.7120774845571,0.0,148.2337167268447
0.12764409921791875,0.01853238197820594,0.028469532283809378,4.709784516319201,0.0027871755390642,151.43110478768494
0.12852168966928124,0.018334864139365473,0.028166104451590623,4.7073825460546,0.00094918326320205,154.7462559678099
0.12939928012064375,0.018137346300525013,0.027862676619371876,4.704828810160101,0.0009699690610612,158.16787489978597
0.13027687057200626,0.017939828461684546,0.027559248787153122,4.702099757636001,0.00099144517837752,161.7069747715034
0.13115446102336875,0.017742310622844083,0.027255820954934375,4.6992841676802,0.001013642525316,165.36576221757798
0.13203205147473124,0.01754479278400362,0.026952393122715627,4.696301606991,0.0010365937615961,169.16127298405044
0.13290964192609375,0.017347274945163152,0.026648965290496873,4.693140011815,0.0,173.0981144631616
0.13378723237745624,0.017149757106322692,0.026345537458278126,4.6897678672789995,0.0010848980202808,177.1632954634162
0.13466482282881875,0.016952239267482225,0.026042109626059372,4.6862884953489,0.0,181.38169231178713
0.13554241328018124,0.01675472142864176,0.025738681793840625,4.6826145766991,0.0,185.7581936241413
0.13642000373154375,0.016557203589801294,0.025435253961621874,4.6785331721803,0.0011639398459639,190.29710851760098
0.13729759418290624,0.01635968575096083,0.025131826129403123,4.6743608762654,0.0,195.02616490656123
0.13817518463426876,0.016162167912120367,0.024828398297184376,4.6698109067866005,0.0,199.93839499640723
0.13905277508563124,0.015964650073279903,0.024524970464965625,4.6649394586977,0.0037558355789441,205.00817808224818
0.13993036553699373,0.01576713223443944,0.024221542632746874,4.6597732767284,0.0038505238667691,210.30407310853985
0.14080795598835624,0.015569614395598973,0.023918114800528124,4.6541727294317,0.0039488385790723,215.84075581096297
0.14168554643971876,0.015372096556758509,0.023614686968309373,4.6480736900466,0.0027006448597129,221.61244362168247
0.14256313689108124,0.015174578717918046,0.023311259136090626,4.641454502885599,0.004157109857944,227.58929749470158
0.14344072734244373,0.014977060879077582,0.023007831303871875,4.6345581359444,0.002844986272514,233.81669040037593
0.14431831779380624,0.014779543040237117,0.022704403471653124,4.6268419807869,0.0058430712028308,240.31218908320992
0.14519590824516876,0.014582025201396651,0.022400975639434374,4.618497888767999,0.0015006082687151,247.22770593612296
0.14607349869653125,0.01438450736255619,0.022097547807215626,4.6096154499502,0.0046263033836352,254.36324406109227
0.14695108914789373,0.014186989523715724,0.021794119974996876,4.5998394649973,0.0015853390348482,261.9113683449618
0.14782867959925625,0.013989471684875259,0.021490692142778125,4.589264963896101,0.0016304212330317,269.83917725720335
0.14870627005061873,0.013791953846034793,0.021187264310559374,4.5778122343916,0.010064724735622,278.03409248984536
0.14958386050198125,0.01359443600719433,0.020883836478340623,4.5653053711117,0.0034531037775436,286.843026443515
0.15046145095334373,0.013396918168353866,0.020580408646121876,4.5517341196536005,0.0088891859778208,295.8683634902959
0.15133904140470625,0.013199400329513403,0.020276980813903125,4.537308246179601,0.0018314419526503,305.6411814028255
0.15221663185606873,0.013001882490672937,0.019973552981684375,4.5214193389543,0.0075500326576762,315.62583714578096
0.15309422230743125,0.012804364651832474,0.019670125149465627,4.504196474221001,0.0097309443563805,326.3780326034664
0.15397181275879374,0.012606846812992007,0.019366697317246873,4.4857242278654,0.0060229475856067,337.65238365190766
0.15484940321015625,0.012409328974151545,0.019063269485028126,4.464796117583701,0.012432405015573,349.4731259180738
0.15572699366151874,0.01221181113531108,0.018759841652809375,4.442590337659301,0.0042792733993715,362.41050775978374
0.15660458411288125,0.012014293296470614,0.018456413820590625,4.4190443192881,0.0,376.15695330631746
0.15748217456424374,0.011816775457630152,0.018152985988371877,4.3920545308642,0.0045701618661799,390.3037215857274
0.15835976501560625,0.011619257618789685,0.017849558156153123,4.363258115566199,0.0047268567402503,405.50676707415164
0.15923735546696874,0.011421739779949223,0.017546130323934376,4.331227847477,0.0024458753399375,421.8517280782626
0.16011494591833125,0.011224221941108758,0.017242702491715625,4.2954834746318005,0.0,439.5175871346647
0.16099253636969374,0.011026704102268293,0.016939274659496874,4.2565560250528,0.0,458.2124512841028
0.16187012682105623,0.010829186263427831,0.016635846827278127,4.2135303209776005,0.005441717256752,477.8928667178892
0.16274771727241874,0.010631668424587364,0.016332418995059373,4.1669491492156,0.0056457848175129,499.7350136291917
0.16362530772378125,0.0104341505857469,0.016028991162840626,4.1162247629629,0.0,523.6305157740006
0.16450289817514374,0.010236632746906437,0.015725563330621875,4.0593892183265,0.0,549.2503767897033
0.16538048862650623,0.010039114908065971,0.015422135498403124,3.9954011410278,0.0,576.9168068511755
0.16625807907786874,0.009841597069225508,0.015118707666184377,3.9243503940463,0.0,606.8534887838298
0.16713566952923126,0.00964407923038504,0.014815279833965623,3.8444555492011996,0.0,639.1514492686158
0.16801325998059374,0.009446561391544579,0.014511852001746876,3.7553495494141003,0.0035755786849099,673.3033387254457
0.16889085043195623,0.009249043552704114,0.014208424169528125,3.657167302046,0.0,710.1176162449697
0.16976844088331874,0.009051525713863648,0.013904996337309374,3.5495137420033998,0.0,748.7149566606467
0.10043879522568125,0.02639261663648284,0.037875795082590626,4.7499934774589,0.00052747221902052,85.64538805704362
0.10131638567704375,0.02618118201352308,0.03757236725037187,4.749488659260099,0.0,86.62807618241114
0.10219397612840625,0.025969747390563326,0.037268939418153124,4.7489315506966,0.00054478979447471,87.74609798513778
0.10307156657976875,0.025758312767603573,0.03696551158593438,4.7483272555789,0.00055377015967553,88.99038064447461
0.10394915703113125,0.025546878144643816,0.03666208375371562,4.7476649855219,0.0,90.3489288360929
0.10482674748249375,0.025335443521684063,0.036358655921496875,4.7469487935161006,0.0,91.80648505040367
0.10570433793385625,0.025124008898724303,0.03605522808927812,4.746195537486701,0.0011641699050883,93.35110028194191
0.10658192838521875,0.02491257427576455,0.035751800257059374,4.7453597767177005,0.0023680288228313,94.9719691394223
0.10745951883658125,0.024701139652804797,0.03544837242484063,4.7445277782701005,0.0012043706812249,96.6625024869239
0.10833710928794375,0.02448970502984504,0.03514494459262187,4.7436500126976,0.00061262823193396,98.41243109692135
0.10921469973930625,0.024278270406885287,0.034841516760403125,4.742699985344699,0.0018700354274561,100.21261831137302
0.11009229019066875,0.024066835783925527,0.03453808892818437,4.741720782994199,0.0025373829747819,102.06258377305757
0.11096988064203125,0.023855401160965774,0.034234661095965624,4.7406969137963,0.0012912802750101,103.96597736106179
0.11184747109339375,0.02364396653800602,0.03393123326374688,4.7396320214636,0.00065723887953225,105.91567765696139
0.11272506154475626,0.02343253191504626,0.03362780543152812,4.73847261457,0.0046840710262046,107.90514941517552
0.11360265199611876,0.023221097292086507,0.033324377599309375,4.7372643365500995,0.0061325464386799,109.93998074780751
0.11448024244748126,0.02300966266912675,0.03302094976709062,4.736052006267,0.0027758963425649,112.03500800518147
0.11535783289884376,0.022798228046166998,0.032717521934871874,4.7348116567876,0.005655245983204,114.1765694015227
0.11623542335020626,0.022586793423207244,0.032414094102653127,4.7334884031042,0.0072020226305867,116.3808964426574
0.11711301380156874,0.022375358800247484,0.03211066627043437,4.7320341343598,0.002935509945996,118.64790788640286
0.11799060425293124,0.02216392417728773,0.031807238438215625,4.730673190235501,0.00074794593763917,120.97092973464976
0.11886819470429374,0.021952489554327978,0.03150381060599688,4.7292427666474,0.00076242283844187,123.35114297246756
0.11974578515565626,0.02174105493136822,0.031200382773778124,4.727724322076,0.00077732415462829,125.7966714346767
0.12062337560701875,0.021529620308408468,0.030896954941559376,4.7261685895405,0.00079266663970005,128.31030005464382
0.12150096605838126,0.021318185685448708,0.030593527109340622,4.7245265719378,0.00080846788204621,130.89587743280828
0.12237855650974375,0.021106751062488955,0.030290099277121875,4.7227955390287,0.00082474635538574,133.55190791856378
0.12325614696110625,0.0208953164395292,0.029986671444903124,4.721001056958801,0.0016830429456124,136.28603958340796
0.12413373741246875,0.02068388181656944,0.029683243612684374,4.7191402347506,0.0008588136446102,139.1042353632071
0.12501132786383126,0.02047244719360969,0.029379815780465626,4.7171617278113,0.00087664434047584,142.01124919676155
0.12588891831519375,0.020261012570649932,0.029076387948246872,4.715080134965,0.0017900723122368,145.0060296126781
0.12676650876655624,0.02004957794769018,0.028772960116028125,4.7129239929681,0.00091401288489382,148.0982954597117
0.12764409921791875,0.019838143324730426,0.028469532283809378,4.7106505726165,0.0,151.29708967051255
0.12852168966928124,0.019626708701770666,0.028166104451590623,4.7082389747294,0.0,154.59364752387413
0.12939928012064375,0.019415274078810912,0.027862676619371876,4.7057484341137,0.0029241303202942,157.98954433138627
0.13027687057200626,0.019203839455851156,0.027559248787153122,4.7030643857826,0.0,161.526976046763
0.13115446102336875,0.018992404832891403,0.027255820954934375,4.7002413126695,0.0010185970395702,165.17034772371497
0.13203205147473124,0.018780970209931646,0.026952393122715627,4.6973169012095,0.0,168.96000036058786
0.13290964192609375,0.01856953558697189,0.026648965290496873,4.6941639878635,0.0,172.87732802866057
0.13378723237745624,0.018358100964012136,0.026345537458278126,4.6908718670162,0.0021804016388301,176.92461039232055
0.13466482282881875,0.018146666341052376,0.026042109626059372,4.6873924108452,0.0,181.13399461787762
0.13554241328018124,0.017935231718092623,0.025738681793840625,4.6837673464372,0.0011422148419525,185.4802793527857
0.13642000373154375,0.01772379709513287,0.025435253961621874,4.679701602437101,0.0035088869647593,189.99208295637942
0.13729759418290624,0.017512362472173113,0.025131826129403123,4.6755625940531,0.0,194.72820717034335
0.13817518463426876,0.01730092784921336,0.024828398297184376,4.671141358651201,0.0,199.6374019250047
0.13905277508563124,0.017089493226253603,0.024524970464965625,4.6663542438003995,0.0,204.731302188371
0.13993036553699373,0.016878058603293847,0.024221542632746874,4.6612445686483,0.0,210.031684219149
0.14080795598835624,0.01666662398033409,0.023918114800528124,4.6556806314285,0.0013227132793951,215.54129458878614
0.14168554643971876,0.016455189357374337,0.023614686968309373,4.649759081186501,0.0,221.2667222710754
0.14256313689108124,0.016243754734414584,0.023311259136090626,4.6432995599544995,0.0041774291120524,227.199389723611
0.14344072734244373,0.016032320111454827,0.023007831303871875,4.6364253352019,0.0057177841742576,233.4120537479832
0.14431831779380624,0.01582088548849507,0.022704403471653124,4.6288416268765005,0.0058716311525621,239.9281278143941
0.14519590824516876,0.015609450865535314,0.022400975639434374,4.6207671109423005,0.0045238289689674,246.81356563444277
0.14607349869653125,0.01539801624257556,0.022097547807215626,4.6120196550323005,0.010847470612571,253.88370334521545
0.14695108914789373,0.015186581619615806,0.021794119974996876,4.602318023663,0.0063723516220832,261.443727216492
0.14782867959925625,0.01497514699665605,0.021490692142778125,4.5918487759076,0.0049151713737568,269.36755397110846
0.14870627005061873,0.014763712373696294,0.021187264310559374,4.5804807478423,0.0050569597090398,277.61099495898947
0.14958386050198125,0.014552277750736538,0.020883836478340623,4.5681911699318,0.0017349909841412,286.37695352151985
0.15046145095334373,0.014340843127776785,0.020580408646121876,4.5548182961155,0.0035730539297932,295.5138088464059
0.15133904140470625,0.014129408504817028,0.020276980813903125,4.540579627349301,0.0036807874660297,305.1737095805762
0.15221663185606873,0.013917973881857273,0.019973552981684375,4.525314832132301,0.0018967339870068,315.3028796589585
0.15309422230743125,0.01370653925889752,0.019670125149465627,4.5080755959312,0.0097785075764722,325.8205529938509
0.15397181275879374,0.013495104635937762,0.019366697317246873,4.4898899093111,0.0020174622469482,337.25595976472755
0.15484940321015625,0.013283670012978007,0.019063269485028126,4.47010240104,0.0,349.1136646700937
0.15572699366151874,0.013072235390018252,0.018759841652809375,4.447694436501,0.01075047442083,361.629107537625
0.15660458411288125,0.012860800767058495,0.018456413820590625,4.4246848634108,0.0,375.3892179496026
0.15748217456424374,0.012649366144098742,0.018152985988371877,4.3982332350797,0.0022962500245301,389.41959611241356
0.15835976501560625,0.012437931521138984,0.017849558156153123,4.3697881836592,0.007124941231996,404.1342238585637
0.15923735546696874,0.01222649689817923,0.017546130323934376,4.3378070599928,0.0049156607348123,420.4045828190255
0.16011494591833125,0.012015062275219474,0.017242702491715625,4.3025853140642,0.0050901847905862,437.6980884203346
0.16099253636969374,0.011803627652259719,0.016939274659496874,4.2639409454781,0.0026370854234827,456.4400549193501
0.16187012682105623,0.011592193029299966,0.016635846827278127,4.2202302848315,0.0082024731837731,476.40987464769177
0.16274771727241874,0.011380758406340208,0.016332418995059373,4.1741144403785,0.0,498.6755575535806
0.16362530772378125,0.011169323783380454,0.016028991162840626,4.1237619006771995,0.0029451002506199,522.2180534101523
0.16450289817514374,0.010957889160420698,0.015725563330621875,4.066831599704,0.0,548.1605635465196
0.16538048862650623,0.010746454537460941,0.015422135498403124,4.0023617638569,0.0031814301455883,576.0098599916263
0.16625807907786874,0.010535019914501188,0.015118707666184377,3.9299943043538,0.0,607.0325951879186
0.16713566952923126,0.01032358529154143,0.014815279833965623,3.8483595853106003,0.0,640.4283858964593
0.16801325998059374,0.010112150668581676,0.014511852001746876,3.7558919446389,0.0,676.2021376172544
0.16889085043195623,0.009900716045621922,0.014208424169528125,3.6529410856163,0.0037481511636706,714.1855818261101
0.16976844088331874,0.009689281422662165,0.013904996337309374,3.5396008923963,0.0,754.9369040896821
0.10043879522568125,0.028007562120320066,0.037875795082590626,4.7509741416476,0.00053468019855183,84.4262808170862
0.10131638567704375,0.027783189962814998,0.03757236725037187,4.7505101064429,0.00054335098925447,85.46966598376264
0.10219397612840625,0.02755881780530993,0.037268939418153124,4.749969446579899,0.0005522344210274,86.67587602528802
0.10307156657976875,0.027334445647804864,0.03696551158593438,4.7493622738568,0.0,88.02372306887021
0.10394915703113125,0.027110073490299796,0.03666208375371562,4.7486839241303,0.00057066754017118,89.4918539110371
0.10482674748249375,0.026885701332794727,0.036358655921496875,4.7479545504856,0.00058023213663089,91.05923197652491
0.10570433793385625,0.02666132917528966,0.03605522808927812,4.747177390014199,0.00059003922249805,92.70912628495057
0.10658192838521875,0.02643695701778459,0.035751800257059374,4.7463465521813,0.0,94.4282970504519
0.10745951883658125,0.026212584860279525,0.03544837242484063,4.7454689135481,0.00061041428510017,96.2028581610233
0.10833710928794375,0.025988212702774457,0.03514494459262187,4.7445688342003995,0.0018629996398504,98.02419999503472
0.10921469973930625,0.02576384054526939,0.034841516760403125,4.7436129723523,0.0018955897156207,99.8893859416461
0.11009229019066875,0.02553946838776432,0.03453808892818437,4.7426048804833005,0.0019290424933811,101.79699610929225
0.11096988064203125,0.02531509623025925,0.034234661095965624,4.7415424393065,0.00065446289769584,103.74197710527915
0.11184747109339375,0.025090724072754186,0.03393123326374688,4.7405028848114,0.003331100690521,105.72036873582059
0.11272506154475626,0.024866351915249118,0.03362780543152812,4.7393636256711,0.0027131882817948,107.7507679761918
0.11360265199611876,0.02464197975774405,0.033324377599309375,4.7380954431865,0.0062163485188841,109.812022455755
0.11448024244748126,0.02441760760023898,0.03302094976709062,4.736814335685,0.0070345733579946,111.9171286962007
0.11535783289884376,0.024193235442733912,0.032717521934871874,4.735657161135,0.0028662628439206,114.08476996639392
0.11623542335020626,0.023968863285228847,0.032414094102653127,4.7343203350522,0.0029201756992967,116.30228768998055
0.11711301380156874,0.02374449112772378,0.03211066627043437,4.7328264573708,0.0029756240882028,118.57622421244768
0.11799060425293124,0.02352011897021871,0.031807238438215625,4.7314545132795,0.00075816672048735,120.90099024536266
0.11886819470429374,0.023295746812713646,0.03150381060599688,4.7300100849673,0.00077284145010428,123.28128917228535
0.11974578515565626,0.023071374655208574,0.031200382773778124,4.7284893511745,0.00078794639480102,125.72102754824678
0.12062337560701875,0.02284700249770351,0.030896954941559376,4.7269319626463995,0.0024104956110512,128.22073112061673
0.12150096605838126,0.02262263034019844,0.030593527109340622,4.725298796594,0.0,130.80474727337088
0.12237855650974375,0.02239825818269337,0.030290099277121875,4.723571855077999,0.0016720332527479,133.45387837955715
0.12325614696110625,0.022173886025188303,0.029986671444903124,4.721799097567001,0.00085302097805717,136.18176643647288
0.12413373741246875,0.021949513867683235,0.029683243612684374,4.7199383724041,0.0,138.99549106720337
0.12501132786383126,0.02172514171017817,0.029379815780465626,4.717981509734701,0.0,141.89418732355068
0.12588891831519375,0.021500769552673098,0.029076387948246872,4.7159110783855995,0.0018145338935698,144.87591190898007
0.12676650876655624,0.021276397395168033,0.028772960116028125,4.7137807562402,0.0018530059902737,147.9564548514861
0.12764409921791875,0.021052025237662968,0.028469532283809378,4.711517479134,0.0,151.14299246200855
0.12852168966928124,0.020827653080157896,0.028166104451590623,4.7091619098728,0.0019337136567004,154.42501040327022
0.12939928012064375,0.02060328092265283,0.027862676619371876,4.706692992879799,0.0,157.82463044998516
0.13027687057200626,0.02037890876514776,0.027559248787153122,4.7040235791094,0.0010099056502696,161.3305696799616
0.13115446102336875,0.020154536607642694,0.027255820954934375,4.7012566665506,0.0030975489194835,164.95704775820482
0.13203205147473124,0.01993016445013763,0.026952393122715627,4.6983549747633,0.0,168.7355873704529
0.13290964192609375,0.019705792292632557,0.026648965290496873,4.695254271258199,0.0021601531424152,172.63223140856962
0.13378723237745624,0.019481420135127492,0.026345537458278126,4.691996008074,0.0,176.68529442554106
0.13466482282881875,0.01925704797762242,0.026042109626059372,4.6885195690248,0.0,180.88003869454883
0.13554241328018124,0.019032675820117355,0.025738681793840625,4.6849163725548,0.0,185.2188701734107
0.13642000373154375,0.018808303662612286,0.025435253961621874,4.680976315293201,0.0011856121272749,189.72751996401092
0.13729759418290624,0.018583931505107218,0.025131826129403123,4.6768499098051,0.0024288269161674,194.41011493394313
0.13817518463426876,0.018359559347602153,0.024828398297184376,4.6724881945873,0.0024885543078802,199.28725402957255
0.13905277508563124,0.018135187190097084,0.024524970464965625,4.6678058589967,0.0012752561127877,204.3668080843293
0.13993036553699373,0.017910815032592016,0.024221542632746874,4.6627928973251,0.0026148131329608,209.64646711627753
0.14080795598835624,0.017686442875086947,0.023918114800528124,4.6572622514608,0.001340788336051,215.14479760142004
0.14168554643971876,0.01746207071758188,0.023614686968309373,4.6514261893667,0.0082527906615843,220.78014355411048
0.14256313689108124,0.017237698560076814,0.023311259136090626,4.6451563239552,0.0042345142483817,226.77348483327953
0.14344072734244373,0.017013326402571746,0.023007831303871875,4.6382903753516,0.0043469388538267,233.01262025991846
0.14431831779380624,0.016788954245066677,0.022704403471653124,4.6308098741643,0.0044639008424461,239.52532110105855
0.14519590824516876,0.01656458208756161,0.022400975639434374,4.6229243026299,0.003057098470934,246.39127821064665
0.14607349869653125,0.016340209930056544,0.022097547807215626,4.6144194302773,0.0015708146817354,253.57675743427998
0.14695108914789373,0.016115837772551475,0.021794119974996876,4.6050071524508995,0.0064594306726722,261.0067719503764
0.14782867959925625,0.015891465615046407,0.021490692142778125,4.5945152294682,0.0066431171444723,268.83828146914357
0.14870627005061873,0.015667093457541338,0.021187264310559374,4.5833514372703,0.008543439584104,277.00159996421286
0.14958386050198125,0.01544272130003627,0.020883836478340623,4.5711953233331,0.0087934993582102,285.6395070105313
0.15046145095334373,0.015218349142531205,0.020580408646121876,4.5580278500544,0.005432820295686,294.8380137619159
0.15133904140470625,0.014993976985026136,0.020276980813903125,4.5439865975588,0.0037310859268097,304.553003102139
0.15221663185606873,0.014769604827521068,0.019973552981684375,4.5287264037217,0.0019226531146142,314.7007267302949
0.15309422230743125,0.014545232670016003,0.019670125149465627,4.5121399830793,0.0059472793265578,325.23926583330183
0.15397181275879374,0.01432086051251093,0.019366697317246873,4.4943151002215,0.0020450311426242,336.5290487980322
0.15484940321015625,0.014096488355005866,0.019063269485028126,4.4745483910539,0.0084425956139705,348.22772244699104
0.15572699366151874,0.013872116197500797,0.018759841652809375,4.453062905887999,0.0,360.9695710531876
0.15660458411288125,0.013647744039995729,0.018456413820590625,4.4305511171341,0.0022517258822516,374.3197996517208
0.15748217456424374,0.013423371882490664,0.018152985988371877,4.40407932444,0.0093105143722684,388.0465302351158
0.15835976501560625,0.013198999724985592,0.017849558156153123,4.3760320474194,0.012037174203127,402.6128812944017
0.15923735546696874,0.012974627567480527,0.017546130323934376,4.344756451748499,0.0074742508598333,418.71777194542574
0.16011494591833125,0.012750255409975458,0.017242702491715625,4.3098801705971,0.012899357143156,435.6521193381026
0.16099253636969374,0.01252588325247039,0.016939274659496874,4.2707319955706,0.010692486216218,454.2498238419207
0.16187012682105623,0.012301511094965325,0.016635846827278127,4.2278217341949995,0.0027715203647074,474.91423586342677
0.16274771727241874,0.012077138937460253,0.016332418995059373,4.1821556153361,0.0,497.2245813064688
0.16362530772378125,0.011852766779955188,0.016028991162840626,4.1313258403943,0.0,520.9349446167856
0.16450289817514374,0.01162839462245012,0.015725563330621875,4.0747509045394,0.0062033178958156,546.319250294958
0.16538048862650623,0.011404022464945051,0.015422135498403124,4.010190017391,0.0032249048207187,574.9577156635168
0.16625807907786874,0.011179650307439986,0.015118707666184377,3.9368415255497,0.0,606.8184322387699
0.16713566952923126,0.010955278149934914,0.014815279833965623,3.8534074534123,0.0,641.2523268140701
0.16801325998059374,0.010730905992429849,0.014511852001746876,3.7580103949861,0.0,678.6584855311227
0.16889085043195623,0.01050653383492478,0.014208424169528125,3.6495938939932,0.0,718.9504793295256
0.16976844088331874,0.010282161677419712,0.013904996337309374,3.5280826024008998,0.0,761.7908853392918
0.10043879522568125,0.02950887253850631,0.037875795082590626,4.7520399276901,0.0,83.10476876474975
0.10131638567704375,0.029272473191481276,0.03757236725037187,4.7516186907347,0.0005547413275269,84.23339519426557
0.10219397612840625,0.029036073844456244,0.037268939418153124,4.7510771466822,0.0,85.55892417053703
0.10307156657976875,0.028799674497431215,0.03696551158593438,4.7504449217488,0.00057310489608907,87.03942330359442
0.10394915703113125,0.02856327515040618,0.03666208375371562,4.7497563101849,0.00058263051889453,88.64228257931693
0.10482674748249375,0.028326875803381148,0.036358655921496875,4.7490023045125,0.00059239561924816,90.34070894432907
0.10570433793385625,0.028090476456356112,0.03605522808927812,4.74818718473,0.00060240829234659,92.10954881663623
0.10658192838521875,0.02785407710933108,0.035751800257059374,4.7473376912165,0.000612676978315,93.93280160458355
0.10745951883658125,0.027617677762306052,0.03544837242484063,4.7464246719237,0.00062321048006667,95.79666766476153
0.10833710928794375,0.027381278415281013,0.03514494459262187,4.7454991965805,0.0,97.69333426379991
0.10921469973930625,0.027144879068255984,0.034841516760403125,4.7445174916504,0.00064510907073627,99.61992774930935
0.11009229019066875,0.02690847972123095,0.03453808892818437,4.7434751234718,0.0019694812649597,101.5736957135912
0.11096988064203125,0.026672080374205917,0.034234661095965624,4.7424142634946,0.0040090949371384,103.55594386701299
0.11184747109339375,0.026435681027180885,0.03393123326374688,4.7413077541323,0.0047613033895417,105.57210439387401
0.11272506154475626,0.02619928168015585,0.03362780543152812,4.740157265311099,0.0034625815059005,107.62801022089545
0.11360265199611876,0.025962882333130818,0.033324377599309375,4.7388872701753,0.0063466626507291,109.71442445003989
0.11448024244748126,0.025726482986105782,0.03302094976709062,4.7376750075462,0.0014364080089581,111.84559851420147
0.11535783289884376,0.025490083639080754,0.032717521934871874,4.7363944130144,0.0021947615167597,114.01614149128766
0.11623542335020626,0.025253684292055722,0.032414094102653127,4.7350364087963,0.0044720875900038,116.23618991067929
0.11711301380156874,0.025017284945030686,0.03211066627043437,4.7336289067436,0.0015190012437235,118.50800620553603
0.11799060425293124,0.024780885598005654,0.031807238438215625,4.7322106595052,0.0046443616151716,120.8263710624595
0.11886819470429374,0.024544486250980626,0.03150381060599688,4.73075008318,0.0015780852541929,123.20909975181466
0.11974578515565626,0.024308086903955587,0.031200382773778124,4.7292421956997,0.0016089284374902,125.64726653326149
0.12062337560701875,0.02407168755693056,0.030896954941559376,4.7276980323716,0.0,128.14772567277322
0.12150096605838126,0.023835288209905523,0.030593527109340622,4.7260506623454,0.0033467812841546,130.70523692803073
0.12237855650974375,0.02359888886288049,0.030290099277121875,4.7243456209397,0.0,133.35990276755774
0.12325614696110625,0.02336248951585546,0.029986671444903124,4.7226032321465,0.00087090296904645,136.07889828422714
0.12413373741246875,0.023126090168830424,0.029683243612684374,4.7206996339284,0.0026663966771477,138.877273777097
0.12501132786383126,0.022889690821805395,0.029379815780465626,4.7187662726732995,0.0009072521422062,141.7628894329164
0.12588891831519375,0.022653291474780356,0.029076387948246872,4.7167500636623,0.0018525722063052,144.74024564149755
0.12676650876655624,0.022416892127755328,0.028772960116028125,4.7146520888858,0.0,147.81707038944134
0.12764409921791875,0.022180492780730296,0.028469532283809378,4.712409435750001,0.0019323919479694,150.98397211340992
0.12852168966928124,0.02194409343370526,0.028166104451590623,4.7100767032492,0.00098712517524536,154.25734531127503
0.12939928012064375,0.02170769408668023,0.027862676619371876,4.7076095626346,0.0,157.64807426610756
0.13027687057200626,0.021471294739655193,0.027559248787153122,4.7049982676018,0.0010310764352823,161.1454568795141
0.13115446102336875,0.02123489539263016,0.027255820954934375,4.7022640262285,0.0,164.7691184596365
0.13203205147473124,0.020998496045605133,0.026952393122715627,4.6993958397819995,0.0021560595055622,168.51174039211347
0.13290964192609375,0.020762096698580097,0.026648965290496873,4.6963602956486,0.0011027183584678,172.3963853141912
0.13378723237745624,0.020525697351555065,0.026345537458278126,4.6931230867955,0.0022565297765156,176.42089648242134
0.13466482282881875,0.02028929800453003,0.026042109626059372,4.6896682862844,0.0,180.6122827629219
0.13554241328018124,0.020052898657504998,0.025738681793840625,4.6860662266939,0.0023641899328479,184.9285050205625
0.13642000373154375,0.019816499310479966,0.025435253961621874,4.682252929613901,0.0,189.4420891968055
0.13729759418290624,0.01958009996345493,0.025131826129403123,4.6781354453096,0.0012398713671819,194.10961791721797
0.13817518463426876,0.019343700616429902,0.024828398297184376,4.6738395652053,0.0,198.97085061443326
0.13905277508563124,0.019107301269404867,0.024524970464965625,4.6692354259563,0.001301989474457,204.0106004331415
0.13993036553699373,0.018870901922379835,0.024221542632746874,4.6640802159672,0.0013348139023403,209.28929225248143
0.14080795598835624,0.018634502575354803,0.023918114800528124,4.6588383167203,0.0,214.78269085227387
0.14168554643971876,0.018398103228329767,0.023614686968309373,4.6531293990503,0.0028085983326626,220.46818238412357
0.14256313689108124,0.018161703881304735,0.023311259136090626,4.6469415002511,0.0028821886184516,226.43055978978936
0.14344072734244373,0.017925304534279703,0.023007831303871875,4.6402460816615,0.0029587095366127,232.65898882452336
0.14431831779380624,0.01768890518725467,0.022704403471653124,4.6328490059655,0.0075957969718264,239.0754510114849
0.14519590824516876,0.017452505840229636,0.022400975639434374,4.6250526566335,0.0031211848283805,245.9172584163776
0.14607349869653125,0.017216106493204607,0.022097547807215626,4.6167263709773,0.0016037438765694,253.1060171098784
0.14695108914789373,0.016979707146179572,0.021794119974996876,4.6075650275533,0.0049461304257629,260.5374641256345
0.14782867959925625,0.01674330779915454,0.021490692142778125,4.5973424838038,0.0050867832623689,268.32475061463316
0.14870627005061873,0.016506908452129505,0.021187264310559374,4.5861832564489005,0.0069780294656872,276.4823654995454
0.14958386050198125,0.016270509105104473,0.020883836478340623,4.5742463693684,0.0053867031852949,285.1037891879666
0.15046145095334373,0.01603410975807944,0.020580408646121876,4.5612159520197,0.0073956122964028,294.1861937797377
0.15133904140470625,0.01579771041105441,0.020276980813903125,4.5473191285192,0.0038093011719872,303.875985969556
0.15221663185606873,0.015561311064029375,0.019973552981684375,4.5324784412794,0.0058888738344194,313.9318619664625
0.15309422230743125,0.015324911717004345,0.019670125149465627,4.516101062331501,0.0040479686170135,324.50217602586116
0.15397181275879374,0.01508851236997931,0.019366697317246873,4.498625064859,0.0020879013995326,335.6289891034563
0.15484940321015625,0.014852113022954277,0.019063269485028126,4.4792197485564,0.0043097894282614,347.2502958166261
0.15572699366151874,0.014615713675929244,0.018759841652809375,4.458011101356299,0.0066754946089518,359.7530080417094
0.15660458411288125,0.014379314328904212,0.018456413820590625,4.4356974292976,0.0,373.1958115317931
0.15748217456424374,0.01414291498187918,0.018152985988371877,4.4093292328592,0.0095056919099699,386.73891289691426
0.15835976501560625,0.013906515634854144,0.017849558156153123,4.3817017544576,0.0,401.8733418153386
0.15923735546696874,0.013670116287829114,0.017546130323934376,4.3515135500857,0.007630934563945,417.52285114208934
0.16011494591833125,0.01343371694080408,0.017242702491715625,4.3165009147701,0.010535814451224,434.47555871017016
0.16099253636969374,0.013197317593779047,0.016939274659496874,4.277861286558,0.0054583171057537,453.105417170408
0.16187012682105623,0.012960918246754017,0.016635846827278127,4.2358841385768,0.0056592402214861,473.248457037561
0.16274771727241874,0.01272451889972898,0.016332418995059373,4.1902387568183,0.0058714650199174,495.35215213344753
0.16362530772378125,0.01248811955270395,0.016028991162840626,4.139326540175,0.0091437829049294,518.8889908027884
0.16450289817514374,0.012251720205678916,0.015725563330621875,4.0825364214457,0.0031666794324973,545.4753535059114
0.16538048862650623,0.012015320858653884,0.015422135498403124,4.0189234747296,0.0,574.6468696496765
0.16625807907786874,0.011778921511628852,0.015118707666184377,3.9450216836183998,0.003425989933937,606.3560590034602
0.16713566952923126,0.011542522164603816,0.014815279833965623,3.8603250630148,0.0,641.5451097392764
0.16801325998059374,0.011306122817578786,0.014511852001746876,3.7618855089552,0.0,680.6649427998733
0.16889085043195623,0.011069723470553752,0.014208424169528125,3.648064857924,0.0,723.3725285463327
0.16976844088331874,0.010833324123528719,0.013904996337309374,3.5172148993355,0.0,768.8821704352508
0.10043879522568125,0.0309045437820947,0.037875795082590626,4.7532006224123,0.0,81.67234117007526
0.10131638567704375,0.03065696353447052,0.03757236725037187,4.7528292040835005,0.00056978127024338,82.92064482871089
0.10219397612840625,0.03040938328684634,0.037268939418153124,4.752284248561801,0.0,84.40756825588254
0.10307156657976875,0.030161803039222165,0.03696551158593438,4.7516218010247,0.00058864270511814,86.0625155906923
0.10394915703113125,0.029914222791597982,0.03666208375371562,4.7508891310751995,0.00059842658310334,87.83360291115676
0.10482674748249375,0.029666642543973804,0.036358655921496875,4.7500843892223,0.0,89.68345572775226
0.10570433793385625,0.02941906229634962,0.03605522808927812,4.7492208771195,0.0018562216928123,91.58145921092827
0.10658192838521875,0.029171482048725446,0.035751800257059374,4.7483282594551,0.0,93.51212748474723
0.10745951883658125,0.02892390180110127,0.03544837242484063,4.747382191769,0.0019203201997465,95.46300626439913
0.10833710928794375,0.028676321553477088,0.03514494459262187,4.7463971839463,0.000651207244338,97.42965642313035
0.10921469973930625,0.02842874130585291,0.034841516760403125,4.7453968601174,0.0033129951522417,99.40615283648576
0.11009229019066875,0.028181161058228727,0.03453808892818437,4.744356666396301,0.0033714618603472,101.40400002730479
0.11096988064203125,0.027933580810604552,0.034234661095965624,4.7432712248179,0.0027451920291004,103.4252036909905
0.11184747109339375,0.027686000562980376,0.03393123326374688,4.7421011814937,0.0048903900947853,105.46680456858692
0.11272506154475626,0.027438420315356194,0.03362780543152812,4.7409273314925,0.0042677492896684,107.53633415652457
0.11360265199611876,0.027190840067732015,0.033324377599309375,4.739697542313,0.0036215172404553,109.64141823468336
0.11448024244748126,0.026943259820107833,0.03302094976709062,4.738421484016801,0.005163729809946,111.77598862085954
0.11535783289884376,0.026695679572483658,0.032717521934871874,4.7370906638372,0.0090170603331423,113.94065644329265
0.11623542335020626,0.02644809932485948,0.032414094102653127,4.735744659182,0.0076555553048768,116.16262347058665
0.11711301380156874,0.026200519077235297,0.03211066627043437,4.7343229730661,0.0023402757696309,118.44308114100977
0.11799060425293124,0.02595293882961112,0.031807238438215625,4.7329254925379,0.001590092612689,120.76942984916934
0.11886819470429374,0.025705358581986946,0.03150381060599688,4.7314686429648,0.0024313045812667,123.14370619034487
0.11974578515565626,0.025457778334362764,0.031200382773778124,4.729964003157701,0.0,125.58162485944122
0.12062337560701875,0.025210198086738585,0.030896954941559376,4.728429680420501,0.00084258320333278,128.0765851861447
0.12150096605838126,0.024962617839114402,0.030593527109340622,4.726766967684401,0.00085937949666224,130.63608894193007
0.12237855650974375,0.024715037591490227,0.030290099277121875,4.7250950649073005,0.00087668307363066,133.27149773112822
0.12325614696110625,0.024467457343866048,0.029986671444903124,4.7233484411996,0.001789029139668,135.9888274830801
0.12413373741246875,0.02421987709624187,0.029683243612684374,4.7214946173844,0.0,138.7838656961041
0.12501132786383126,0.02397229684861769,0.029379815780465626,4.7195641915139,0.00093184922839946,141.65278486655035
0.12588891831519375,0.02372471660099351,0.029076387948246872,4.7175682410581,0.0019027984621807,144.61361086421994
0.12676650876655624,0.023477136353369333,0.028772960116028125,4.7154868488456,0.0,147.67884176012902
0.12764409921791875,0.023229556105745154,0.028469532283809378,4.71329456553,0.0,150.83937922284233
0.12852168966928124,0.022981975858120972,0.028166104451590623,4.710969283390799,0.0,154.10201094294376
0.12939928012064375,0.022734395610496796,0.027862676619371876,4.7085117239585,0.0020721809722932,157.4633345882861
0.13027687057200626,0.022486815362872614,0.027559248787153122,4.7059335315926,0.0021180612002803,160.9513860276678
0.13115446102336875,0.02223923511524844,0.027255820954934375,4.7032643561983,0.0,164.5745277464757
0.13203205147473124,0.02199165486762426,0.026952393122715627,4.7004171847907,0.0,168.31160632926498
0.13290964192609375,0.021744074620000078,0.026648965290496873,4.6974276963965,0.0011326148527808,172.17651744182504
0.13378723237745624,0.021496494372375902,0.026345537458278126,4.6942417135639,0.001158853990685,176.17574072657183
0.13466482282881875,0.02124891412475172,0.026042109626059372,4.690812309343,0.0,180.35832277220402
0.13554241328018124,0.021001333877127545,0.025738681793840625,4.6872514200825,0.0012141434901209,184.6690012424831
0.13642000373154375,0.020753753629503362,0.025435253961621874,4.6834643037618,0.0012432839863213,189.16011543514966
0.13729759418290624,0.020506173381879184,0.025131826129403123,4.6794175944108005,0.0,193.82429129577903
0.13817518463426876,0.020258593134255008,0.024828398297184376,4.6751557485676,0.002609605324469,198.6462549305325
0.13905277508563124,0.02001101288663083,0.024524970464965625,4.670548121556901,0.0,203.70416169074633
0.13993036553699373,0.019763432639006647,0.024221542632746874,4.6657138370029,0.0013710028856225,208.95118661119832
0.14080795598835624,0.01951585239138247,0.023918114800528124,4.660445510304201,0.0042180253446727,214.4011593708818
0.14168554643971876,0.01926827214375829,0.023614686968309373,4.654727221392,0.0,220.13817755993242
0.14256313689108124,0.019020691896134114,0.023311259136090626,4.6486659736256,0.0029603294555722,226.07821337886588
0.14344072734244373,0.018773111648509935,0.023007831303871875,4.6421912208939,0.0,232.32357394554145
0.14431831779380624,0.018525531400885753,0.022704403471653124,4.6348579653461,0.0015603462847823,238.75811782731304
0.14519590824516876,0.018277951153261574,0.022400975639434374,4.6273934061385,0.011220318349768,245.4261345426576
0.14607349869653125,0.0180303709056374,0.022097547807215626,4.619061726627,0.0032944479806846,252.58279393833033
0.14695108914789373,0.01778279065801322,0.021794119974996876,4.6100692587495,0.0,260.024666964106
0.14782867959925625,0.017535210410389038,0.021490692142778125,4.5999986736625,0.0087078237635543,267.73078491307854
0.14870627005061873,0.01728763016276486,0.021187264310559374,4.5889295078206,0.0035836076162531,275.98129440081254
0.14958386050198125,0.01704004991514068,0.020883836478340623,4.577101346625001,0.0036884969997608,284.58036974203156
0.15046145095334373,0.016792469667516505,0.020580408646121876,4.564403317348,0.0018990298538241,293.6560387307708
0.15133904140470625,0.016544889419892322,0.020276980813903125,4.5507938929413,0.0058688663151653,303.1120147351751
0.15221663185606873,0.016297309172268144,0.019973552981684375,4.5361406058854,0.0020161769381998,313.1600077335546
0.15309422230743125,0.016049728924643968,0.019670125149465627,4.5200909474832,0.0083154313048568,323.5631376521181
0.15397181275879374,0.015802148677019786,0.019366697317246873,4.5027330674489,0.0064335234416638,334.6116066537046
0.15484940321015625,0.015554568429395609,0.019063269485028126,4.483608715491,0.0066399522796942,346.2165499034063
0.15572699366151874,0.01530698818177143,0.018759841652809375,4.462829331372999,0.0068564781620801,358.5101806676385
0.15660458411288125,0.01505940793414725,0.018456413820590625,4.4405915014663,0.0,371.936408493497
0.15748217456424374,0.014811827686523074,0.018152985988371877,4.414806578797499,0.012204258413403,385.38738333981865
0.15835976501560625,0.014564247438898892,0.017849558156153123,4.3868617770277005,0.0050490799083812,400.6011921076739
0.15923735546696874,0.014316667191274715,0.017546130323934376,4.3574934440485,0.0052252144356717,416.4819797170254
0.16011494591833125,0.014069086943650534,0.017242702491715625,4.3236838820162,0.00541072878762,433.39944621961314
0.16099253636969374,0.013821506696026355,0.016939274659496874,4.2855278053912,0.014015752475897,451.34143777975925
0.16187012682105623,0.013573926448402178,0.016635846827278127,4.243225326283301,0.0087190071894943,471.6342042578426
0.16274771727241874,0.013326346200777996,0.016332418995059373,4.197374290529799,0.0,494.13371979306976
0.16362530772378125,0.01307876595315382,0.016028991162840626,4.1475984412332,0.0,518.2180697987341
0.16450289817514374,0.01283118570552964,0.015725563330621875,4.0913095278841,0.0,544.7345301185384
0.16538048862650623,0.012583605457905461,0.015422135498403124,4.028307742007,0.0,573.955244698627
0.16625807907786874,0.012336025210281284,0.015118707666184377,3.9541900658306,0.0,606.0539898091974
0.16713566952923126,0.012088444962657102,0.014815279833965623,3.8686775787254,0.010993449939973,640.9241159815313
0.16801325998059374,0.011840864715032925,0.014511852001746876,3.7675316348676002,0.0,682.27049692264
0.16889085043195623,0.011593284467408746,0.014208424169528125,3.6481987992950997,0.0,727.6391358517795
0.16976844088331874,0.011345704219784567,0.013904996337309374,3.5073957557081,0.0,776.4155782484988
0.10043879522568125,0.032202009114103015,0.037875795082590626,4.7545095214561,0.00057882668388133,80.11043793187737
0.10131638567704375,0.031944034705981034,0.03757236725037187,4.7541900795945,0.00058821338838923,81.5354217733135
0.10219397612840625,0.03168606029785905,0.037268939418153124,4.7536083957762,0.00059783029091645,83.24651032087695
0.10307156657976875,0.03142808588973708,0.03696551158593438,4.7529039696438,0.00060768498055241,85.12819778476167
0.10394915703113125,0.031170111481615092,0.03666208375371562,4.7520853012997,0.00061778536173716,87.1031112946294
0.10482674748249375,0.030912137073493114,0.036358655921496875,4.7512076728027,0.00062813967010033,89.12195024277621
0.10570433793385625,0.030654162665371132,0.03605522808927812,4.7502713104687,0.00063875648928769,91.1561094093615
0.10658192838521875,0.030396188257249154,0.035751800257059374,4.7493099070913,0.0,93.19056249181149
0.10745951883658125,0.030138213849127175,0.03544837242484063,4.7483262671884,0.0,95.2206971058607
0.10833710928794375,0.029880239441005194,0.03514494459262187,4.7472872736689,0.0013445468980361,97.24684896654134
0.10921469973930625,0.029622265032883215,0.034841516760403125,4.7462369665104,0.00068403375330016,99.26881595928934
0.11009229019066875,0.029364290624761234,0.03453808892818437,4.745187016036899,0.00069610536823954,101.29632624251832
0.11096988064203125,0.029106316216639255,0.034234661095965624,4.7440877492434,0.004250996275784,103.33779342586368
0.11184747109339375,0.028848341808517277,0.03393123326374688,4.7428354843639,0.0050485915884204,105.39180595963052
0.11272506154475626,0.028590367400395295,0.03362780543152812,4.7416358610196,0.0058744115834532,107.46861246652838
0.11360265199611876,0.028332392992273317,0.033324377599309375,4.7403949325763,0.0074773427571644,109.5766124324543
0.11448024244748126,0.028074418584151335,0.03302094976709062,4.7391153680752005,0.0099000082936769,111.71665219316341
0.11535783289884376,0.027816444176029357,0.032717521934871874,4.737779278089,0.01318740630696,113.88724560357257
0.11623542335020626,0.02755846976790738,0.032414094102653127,4.7364364762568,0.0071128875674557,116.11629676108987
0.11711301380156874,0.027300495359785397,0.03211066627043437,4.7349930719963,0.0048319648682991,118.3921224719385
0.11799060425293124,0.02704252095166342,0.031807238438215625,4.7336052472259995,0.00082076562744826,120.7169239862555
0.11886819470429374,0.02678454654354144,0.03150381060599688,4.7321611142906,0.0025099559789576,123.08517295218728
0.11974578515565626,0.02652657213541946,0.031200382773778124,4.7306575255747,0.00085300409481333,125.51548185634061
0.12062337560701875,0.02626859772729748,0.030896954941559376,4.7291082625822,0.0026095209525904,128.00579150017077
0.12150096605838126,0.026010623319175495,0.030593527109340622,4.727473281618099,0.0035487198477181,130.5545092612689
0.12237855650974375,0.02575264891105352,0.030290099277121875,4.7258000597205,0.00090504330032122,133.1913028883375
0.12325614696110625,0.02549467450293154,0.029986671444903124,4.724094091774,0.0,135.90135564007971
0.12413373741246875,0.02523670009480956,0.029683243612684374,4.722253421732701,0.00094242736594656,138.6835381577252
0.12501132786383126,0.024978725686687582,0.029379815780465626,4.7203525420067,0.00096199405057363,141.55058916968687
0.12588891831519375,0.024720751278565597,0.029076387948246872,4.7183588345422,0.0,144.50482629498217
0.12676650876655624,0.024462776870443622,0.028772960116028125,4.7163140082589,0.0,147.54806292688474
0.12764409921791875,0.024204802462321644,0.028469532283809378,4.7141323750868995,0.0020489888872629,150.688977093475
0.12852168966928124,0.02394682805419966,0.028166104451590623,4.7118260849617,0.0010466864740044,153.94643660911265
0.12939928012064375,0.023688853646077684,0.027862676619371876,4.7094090065594,0.0010696074570365,157.29776080576374
0.13027687057200626,0.0234308792379557,0.027559248787153122,4.706857370521799,0.0010932896713993,160.78278712273465
0.13115446102336875,0.02317290482983372,0.027255820954934375,4.7041974642046,0.0,164.38917199911572
0.13203205147473124,0.022914930421711745,0.026952393122715627,4.7013898874849,0.0011430760648258,168.11327475126382
0.13290964192609375,0.02265695601358976,0.026648965290496873,4.6984454634551,0.0,171.975976231133
0.13378723237745624,0.022398981605467782,0.026345537458278126,4.6952923416514,0.0,175.97403567298664
0.13466482282881875,0.0221410071973458,0.026042109626059372,4.6919307759589,0.0012243825866469,180.1197068035005
0.13554241328018124,0.021883032789223822,0.025738681793840625,4.6884230151683,0.0,184.42371104528513
0.13642000373154375,0.021625058381101844,0.025435253961621874,4.6846474921508,0.0025670071113867,188.88556254021978
0.13729759418290624,0.021367083972979862,0.025131826129403123,4.680672650586,0.0,193.54443066381518
0.13817518463426876,0.021109109564857884,0.024828398297184376,4.6765167794387,0.0013470123277343,198.372749897603
0.13905277508563124,0.020851135156735905,0.024524970464965625,4.6719521472857,0.001380549099936,203.40701949035738
0.13993036553699373,0.020593160748613924,0.024221542632746874,4.6671570667542,0.0014153540928016,208.65171156551665
0.14080795598835624,0.020335186340491945,0.023918114800528124,4.6618595019381,0.0014514920665561,214.1015515559686
0.14168554643971876,0.020077211932369964,0.023614686968309373,4.656344478699499,0.0014890319685011,219.79672213037415
0.14256313689108124,0.019819237524247985,0.023311259136090626,4.650353704318399,0.0,225.74586833951187
0.14344072734244373,0.019561263116126007,0.023007831303871875,4.6440424136241,0.0,231.94430871739021
0.14431831779380624,0.019303288708004025,0.022704403471653124,4.6369202114193,0.0016108226492622,238.38361667148925
0.14519590824516876,0.019045314299882043,0.022400975639434374,4.629614322904,0.0033095113210137,245.0758452529684
0.14607349869653125,0.01878733989176007,0.022097547807215626,4.6214683852886,0.0068020432077578,252.09178281632612
0.14695108914789373,0.018529365483638087,0.021794119974996876,4.6123675801671,0.012237331737307,259.33492182095654
0.14782867959925625,0.018271391075516105,0.021490692142778125,4.6023464607083,0.0089895171865518,267.10644143786476
0.14870627005061873,0.018013416667394127,0.021187264310559374,4.5917979391647,0.0073990707967892,275.3388813981068
0.14958386050198125,0.017755442259272145,0.020883836478340623,4.5800654389565,0.003807817897138,283.9663325335047
0.15046145095334373,0.01749746785115017,0.020580408646121876,4.5675332875699,0.0039209248997718,292.9197543072225
0.15133904140470625,0.01723949344302819,0.020276980813903125,4.5539862507187,0.0060587209891259,302.30305393497605
0.15221663185606873,0.016981519034906207,0.019973552981684375,4.539411435864101,0.0020813991795473,312.3669365197411
0.15309422230743125,0.016723544626784232,0.019670125149465627,4.5234609530545,0.0021461077606336,322.862780988837
0.15397181275879374,0.016465570218662247,0.019366697317246873,4.5065085802598,0.002213881490164,333.84074447318727
0.15484940321015625,0.01620759581054027,0.019063269485028126,4.4878669609335,0.0045698341137234,345.49569354611174
0.15572699366151874,0.01594962140241829,0.018759841652809375,4.4676174574244,0.011797135914968,357.62176501040017
0.15660458411288125,0.01569164699429631,0.018456413820590625,4.4454844242226,0.012188211092941,370.6235569162926
0.15748217456424374,0.015433672586174332,0.018152985988371877,4.4199921685577,0.010079247695904,384.2460376018732
0.15835976501560625,0.015175698178052349,0.017849558156153123,4.3927227175981995,0.0052124149322984,399.3500142865774
0.15923735546696874,0.01491772376993037,0.017546130323934376,4.3631638006803,0.0053942473169546,415.1591132182089
0.16011494591833125,0.01465974936180839,0.017242702491715625,4.3298666650118,0.0055857629585709,432.10614486272664
0.16099253636969374,0.01440177495368641,0.016939274659496874,4.2927109068617,0.0028938309085251,450.42990107042505
0.16187012682105623,0.014143800545564434,0.016635846827278127,4.250920480083701,0.0090010623903286,470.24173123129486
0.16274771727241874,0.01388582613744245,0.016332418995059373,4.2053348942405,0.003112869154312,492.5890791421594
0.16362530772378125,0.013627851729320472,0.016028991162840626,4.1559953280803,0.0,516.7418161535965
0.16450289817514374,0.013369877321198492,0.015725563330621875,4.1001288172818,0.0,543.4494643778162
0.16538048862650623,0.013111902913076512,0.015422135498403124,4.0374281819149,0.0,572.8270925016022
0.16625807907786874,0.012853928504954534,0.015118707666184377,3.9644472858274002,0.0,605.4098603118251
0.16713566952923126,0.01259595409683255,0.014815279833965623,3.877623086521,0.0,641.7935098335606
0.16801325998059374,0.012337979688710574,0.014511852001746876,3.7752784177403,0.0,684.0482832429973
0.16889085043195623,0.012080005280588594,0.014208424169528125,3.6505417059300003,0.0,731.8518012013502
0.16976844088331874,0.011822030872466612,0.013904996337309374,3.4991100878939,0.0,784.2769693597544
0.10043879522568125,0.03340817875863567,0.037875795082590626,4.7560819837955,0.0006001586634334,78.3851524135426
0.10131638567704375,0.033140541571429295,0.03757236725037187,4.7557864214748005,0.0006098913039425,80.08699926686691
0.10219397612840625,0.03287290438422293,0.037268939418153124,4.7550981390397995,0.00061986262614987,82.11605737343302
0.10307156657976875,0.03260526719701657,0.03696551158593438,4.754272259767499,0.0,84.28509310541112
0.10394915703113125,0.0323376300098102,0.03666208375371562,4.7533455814752,0.0,86.49499497333733
0.10482674748249375,0.03206999282260383,0.036358655921496875,4.7523560906741,0.0,88.69244703989774
0.10570433793385625,0.03180235563539746,0.03605522808927812,4.7513327822906,0.0013245942232643,90.85593133413363
0.10658192838521875,0.0315347184481911,0.035751800257059374,4.7502837466281,0.0,92.98157449615202
0.10745951883658125,0.03126708126098473,0.03544837242484063,4.7492372485992,0.00068516736261909,95.0738984550662
0.10833710928794375,0.03099944407377836,0.03514494459262187,4.748161713267001,0.00069704929966138,97.14387315859103
0.10921469973930625,0.030731806886571997,0.034841516760403125,4.747029367563,0.0014184860323696,99.19591581015953
0.11009229019066875,0.030464169699365624,0.03453808892818437,4.7459430048444995,0.0028870380654208,101.24210352413668
0.11096988064203125,0.03019653251215926,0.034234661095965624,4.7447946031681,0.0080807132359326,103.28726524791148
0.11184747109339375,0.029928895324952895,0.03393123326374688,4.7435311602079,0.010469303037766,105.34571159382229
0.11272506154475626,0.029661258137746525,0.03362780543152812,4.742282207883,0.0053295428747961,107.42755716522429
0.11360265199611876,0.02939362095054016,0.033324377599309375,4.741016009580999,0.011629367201289,109.53001429484948
0.11448024244748126,0.02912598376333379,0.03302094976709062,4.7397821791262995,0.0071064425804708,111.67563238810642
0.11535783289884376,0.028858346576127424,0.032717521934871874,4.7384410240447,0.002412955186273,113.86179777143133
0.11623542335020626,0.02859070938892106,0.032414094102653127,4.7370599973369,0.0049166831390856,116.08087670655762
0.11711301380156874,0.028323072201714688,0.03211066627043437,4.7356369554194,0.007515061911984,118.34634885913692
0.11799060425293124,0.028055435014508325,0.031807238438215625,4.7342570034575,0.0017020279668479,120.66830222262301
0.11886819470429374,0.02778779782730196,0.03150381060599688,4.7328193990955,0.0008674858223568,123.04092088184959
0.11974578515565626,0.02752016064009559,0.031200382773778124,4.7313212481542,0.00088444056175106,125.46540810742344
0.12062337560701875,0.027252523452889223,0.030896954941559376,4.7297697872426,0.00090189726373442,127.95113193291184
0.12150096605838126,0.02698488626568285,0.030593527109340622,4.7281628035387,0.0018397518808428,130.4964952714269
0.12237855650974375,0.026717249078476488,0.030290099277121875,4.726470595131301,0.00093839761122939,133.12022427805204
0.12325614696110625,0.026449611891270118,0.029986671444903124,4.7247656708243,0.0019149687288148,135.8147564546815
0.12413373741246875,0.026181974704063752,0.029683243612684374,4.722974634695399,0.0,138.59599084762766
0.12501132786383126,0.025914337516857386,0.029379815780465626,4.7211051770112995,0.0,141.45817834550678
0.12588891831519375,0.025646700329651016,0.029076387948246872,4.7191193911394,0.0010183734494576,144.39604053704522
0.12676650876655624,0.02537906314244465,0.028772960116028125,4.7170801179323,0.0010399651992665,147.4251382526165
0.12764409921791875,0.025111425955238287,0.028469532283809378,4.714929669622999,0.0,150.56979488129312
0.12852168966928124,0.024843788768031914,0.028166104451590623,4.712652633714599,0.0,153.8149076291597
0.12939928012064375,0.024576151580825552,0.027862676619371876,4.7102657195191995,0.0,157.16445886128056
0.13027687057200626,0.02430851439361918,0.027559248787153122,4.707746437053601,0.0011335815818528,160.62378962054018
0.13115446102336875,0.024040877206412816,0.027255820954934375,4.7051245978326,0.001158961203646,164.21336183623137
0.13203205147473124,0.02377324001920645,0.026952393122715627,4.7023458609179,0.0,167.936888966165
0.13290964192609375,0.02350560283200008,0.026648965290496873,4.6994017101895995,0.0,171.7832567527786
0.13378723237745624,0.023237965644793714,0.026345537458278126,4.6963024765423,0.0012404320892375,175.76188615746528
0.13466482282881875,0.02297032845758734,0.026042109626059372,4.693014696022,0.0,179.91079566614704
0.13554241328018124,0.02270269127038098,0.025738681793840625,4.6895389221994,0.0,184.20859697766835
0.13642000373154375,0.02243505408317461,0.025435253961621874,4.6857898089279,0.0,188.6687776620761
0.13729759418290624,0.022167416895968243,0.025131826129403123,4.6819033364381,0.0027262680003222,193.27860601413
0.13817518463426876,0.021899779708761877,0.024828398297184376,4.6777721157638,0.0,198.1232107657542
0.13905277508563124,0.02163214252155551,0.024524970464965625,4.6732807989032,0.0014314276202103,203.13209644962652
0.13993036553699373,0.02136450533434914,0.024221542632746874,4.6685212842191,0.0,208.3818591911877
0.14080795598835624,0.021096868147142775,0.023918114800528124,4.6633728970513,0.0015049851067827,213.81983963039164
0.14168554643971876,0.020829230959936405,0.023614686968309373,4.6579487265793,0.0,219.46886811538482
0.14256313689108124,0.020561593772730043,0.023311259136090626,4.6520383152331,0.0047530849627158,225.38071911695167
0.14344072734244373,0.020293956585523673,0.023007831303871875,4.6457545048091005,0.0048792774065665,231.52827905502895
0.14431831779380624,0.020026319398317307,0.022704403471653124,4.6387706632316,0.0016701876315145,237.9972519880267
0.14519590824516876,0.019758682211110937,0.022400975639434374,4.6315517285358005,0.0034314794848758,244.67962483027313
0.14607349869653125,0.01949104502390457,0.022097547807215626,4.6235166082106,0.0,251.75731816397
0.14695108914789373,0.019223407836698205,0.021794119974996876,4.6145812406725,0.0,259.0870703736185
0.14782867959925625,0.018955770649491836,0.021490692142778125,4.6050728894916,0.00186416306292,266.76192735763686
0.14870627005061873,0.01868813346228547,0.021187264310559374,4.5945049887485006,0.0038358774428625,274.8115554198246
0.14958386050198125,0.0184204962750791,0.020883836478340623,4.5828907464663,0.0039481505662828,283.29045932782907
0.15046145095334373,0.018152859087872737,0.020580408646121876,4.5704254825454,0.014228990982559,292.0743120528639
0.15133904140470625,0.017885221900666368,0.020276980813903125,4.556953097350999,0.0041880053704454,301.6010303000973
0.15221663185606873,0.01761758471346,0.019973552981684375,4.5427466919457995,0.0021581067087174,311.5702828358602
0.15309422230743125,0.017349947526253635,0.019670125149465627,4.5266918671922,0.0044504000975534,322.0271079741159
0.15397181275879374,0.017082310339047266,0.019366697317246873,4.5100857687754,0.0068864144991688,332.9396385731465
0.15484940321015625,0.0168146731518409,0.019063269485028126,4.491829483219,0.0023691249990534,344.6979763983586
0.15572699366151874,0.016547035964634534,0.018759841652809375,4.4719395220531,0.004892762217252,356.95968252797263
0.15660458411288125,0.016279398777428164,0.018456413820590625,4.4496550651895,0.0,369.9166303454044
0.15748217456424374,0.016011761590221798,0.018152985988371877,4.4253275200191,0.013063383207052,383.4431852982269
0.15835976501560625,0.01574412440301543,0.017849558156153123,4.3985836995532,0.010809024760384,398.3309692402386
0.15923735546696874,0.015476487215809064,0.017546130323934376,4.3689109160112,0.013982614961102,413.8131929000269
0.16011494591833125,0.015208850028602696,0.017242702491715625,4.3356615376896,0.0086874295661121,431.04479933311086
0.16099253636969374,0.014941212841396328,0.016939274659496874,4.2995740952859,0.009001438972773,449.29978479632507
0.16187012682105623,0.014673575654189962,0.016635846827278127,4.2585066533022005,0.0093327860033196,468.9972737452662
0.16274771727241874,0.014405938466983592,0.016332418995059373,4.2135402187043995,0.0032275903014205,490.9700456579737
0.16362530772378125,0.014138301279777226,0.016028991162840626,4.1641754904407,0.0067018787581706,514.5838574336433
0.16450289817514374,0.013870664092570859,0.015725563330621875,4.1089523192937,0.0,541.8907655218594
0.16538048862650623,0.01360302690536449,0.015422135498403124,4.0466325554585,0.0,571.3748188900367
0.16625807907786874,0.013335389718158126,0.015118707666184377,3.975168258412,0.0,604.3299097784585
0.16713566952923126,0.013067752530951755,0.014815279833965623,3.8883026715242,0.0078448928490727,641.0892066618841
0.16801325998059374,0.01280011534374539,0.014511852001746876,3.7849207757825,0.0,685.1943783753635
0.16889085043195623,0.012532478156539023,0.014208424169528125,3.6563667767232,0.0,735.7273630565223
0.16976844088331874,0.012264840969332655,0.013904996337309374,3.4934890709691,0.0,792.4727002195369
0.10043879522568125,0.03452947670433114,0.037875795082590626,4.7581237922636,0.0006246205260181,76.44481860116923
0.10131638567704375,0.03425285665606029,0.03757236725037187,4.757742777113299,0.0,78.59893022723806
0.10219397612840625,0.033976236607789444,0.037268939418153124,4.7568065967162,0.00064512760240948,81.07744938756858
0.10307156657976875,0.03369961655951859,0.03696551158593438,4.7557699117435,0.0,83.59921795759888
0.10394915703113125,0.03342299651124774,0.03666208375371562,4.7546650622622,0.00066666141758894,86.06135038681218
0.10482674748249375,0.03314637646297689,0.036358655921496875,4.7535274598474,0.00067783490650436,88.42722083031666
0.10570433793385625,0.03286975641470604,0.03605522808927812,4.7523830218315,0.0,90.69889380127506
0.10658192838521875,0.032593136366435196,0.035751800257059374,4.7512224571508,0.00070104137981406,92.8905786767593
0.10745951883658125,0.032316516318164346,0.03544837242484063,4.7500959903888,0.00071309409415394,95.02163046185498
0.10833710928794375,0.032039896269893495,0.03514494459262187,4.7489658945232,0.0,97.1146917832405
0.10921469973930625,0.031763276221622644,0.034841516760403125,4.747797795141301,0.0029526041884283,99.17863230354311
0.11009229019066875,0.03148665617335179,0.03453808892818437,4.7466421255975,0.00075117770721657,101.23266135100049
0.11096988064203125,0.031210036125080946,0.034234661095965624,4.7454516429897,0.0068809704281687,103.28038187178169
0.11184747109339375,0.030933416076810098,0.03393123326374688,4.7442406370115995,0.011674308518485,105.33099160629259
0.11272506154475626,0.030656796028539244,0.03362780543152812,4.7429379865349,0.012678330683257,107.4050087134051
0.11360265199611876,0.030380175980268397,0.033324377599309375,4.741688574133001,0.0080689123294774,109.51165067739491
0.11448024244748126,0.030103555931997546,0.03302094976709062,4.740362961299001,0.0139703998189,111.64792388844685
0.11535783289884376,0.0298269358837267,0.032717521934871874,4.7389878474664,0.0075339144273197,113.82650034928004
0.11623542335020626,0.02955031583545585,0.032414094102653127,4.7376573289785,0.012792705478205,116.03823646427013
0.11711301380156874,0.029273695787184997,0.03211066627043437,4.736234131191501,0.0069523273472254,118.30437576266343
0.11799060425293124,0.02899707573891415,0.031807238438215625,4.734851261624,0.0035428018246633,120.62221503845466
0.11886819470429374,0.028720455690643302,0.03150381060599688,4.7334225979274995,0.00090284367066497,122.99394013344654
0.11974578515565626,0.028443835642372448,0.031200382773778124,4.7319260975637,0.00092048946815285,125.41702416806561
0.12062337560701875,0.0281672155941016,0.030896954941559376,4.7303975337127,0.0,127.8977264677591
0.12150096605838126,0.02789059554583075,0.030593527109340622,4.7288136601441995,0.0019147383143325,130.4371555150848
0.12237855650974375,0.027613975497559902,0.030290099277121875,4.7271129500354,0.00097664575262017,133.05541889138587
0.12325614696110625,0.02733735544928905,0.029986671444903124,4.7254110308956,0.0019930209252647,135.74120499898
0.12413373741246875,0.0270607354010182,0.029683243612684374,4.7236428518976,0.0020339749131973,138.50909803234026
0.12501132786383126,0.026784115352747353,0.029379815780465626,4.7218216453438995,0.0,141.37116996735878
0.12588891831519375,0.026507495304476502,0.029076387948246872,4.719840421637,0.0,144.30925841894302
0.12676650876655624,0.026230875256205655,0.028772960116028125,4.7178152530214,0.0021647062664801,147.32914129324303
0.12764409921791875,0.025954255207934807,0.028469532283809378,4.7156954140597005,0.0011055472667438,150.4537381427615
0.12852168966928124,0.025677635159663953,0.028166104451590623,4.7134397960509,0.0011294950184131,153.6885283465123
0.12939928012064375,0.025401015111393106,0.027862676619371876,4.711081762385301,0.0011542293937922,157.0348567606779
0.13027687057200626,0.02512439506312225,0.027559248787153122,4.7085949681293,0.0,160.48815497986945
0.13115446102336875,0.024847775014851404,0.027255820954934375,4.7060129399876,0.0,164.06667714793133
0.13203205147473124,0.024571154966580556,0.026952393122715627,4.7032563356844,0.0,167.7769259390312
0.13290964192609375,0.024294534918309706,0.026648965290496873,4.7003340944796,0.0012617598292866,171.60074392410232
0.13378723237745624,0.024017914870038858,0.026345537458278126,4.6972775234019,0.0012909908517141,175.56257261196268
0.13466482282881875,0.023741294821768004,0.026042109626059372,4.6940260457975,0.0,179.7162889729644
0.13554241328018124,0.023464674773497157,0.025738681793840625,4.6905444691233,0.0013525846664137,184.00201008316932
0.13642000373154375,0.023188054725226306,0.025435253961621874,4.6869274800247,0.0,188.46615816025871
0.13729759418290624,0.02291143467695546,0.025131826129403123,4.6830421342267,0.0,193.09167137840595
0.13817518463426876,0.02263481462868461,0.024828398297184376,4.6789789179898,0.0,197.9117288616859
0.13905277508563124,0.02235819458041376,0.024524970464965625,4.6745583618183,0.0,202.9240074365868
0.13993036553699373,0.02208157453214291,0.024221542632746874,4.6698853151643,0.0015273297561541,208.1314961472132
0.14080795598835624,0.02180495448387206,0.023918114800528124,4.6647873610799,0.0,213.5699490780651
0.14168554643971876,0.021528334435601208,0.023614686968309373,4.659455448387599,0.0032136733060986,219.17466558667056
0.14256313689108124,0.02125171438733036,0.023311259136090626,4.6536695897955,0.0,225.10901242896105
0.14344072734244373,0.020975094339059513,0.023007831303871875,4.6472980367721,0.0016927172796093,231.2251247361894
0.14431831779380624,0.020698474290788662,0.022704403471653124,4.6406327867058,0.0,237.67496625445614
0.14519590824516876,0.02042185424251781,0.022400975639434374,4.6334315953338,0.0017856715660853,244.361853893279
0.14607349869653125,0.020145234194246964,0.022097547807215626,4.6254483663899,0.003670093246172,251.33955186692248
0.14695108914789373,0.019868614145976113,0.021794119974996876,4.6168399022826,0.0037729964523377,258.62834268004934
0.14782867959925625,0.019591994097705262,0.021490692142778125,4.607491032929801,0.0019401444716017,266.30238982244697
0.14870627005061873,0.019315374049434415,0.021187264310559374,4.5969064757608,0.0059883359153579,274.2589578331804
0.14958386050198125,0.019038754001163564,0.020883836478340623,4.585449160028199,0.0041090732064074,282.77205342338374
0.15046145095334373,0.018762133952892716,0.020580408646121876,4.5732476973629,0.004231128663489,291.5952186312655
0.15133904140470625,0.018485513904621866,0.020276980813903125,4.5597922366853005,0.0065380563761797,300.8888505927627
0.15221663185606873,0.018208893856351015,0.019973552981684375,4.5456681231871,0.0089842758572566,310.87387702489684
0.15309422230743125,0.017932273808080167,0.019670125149465627,4.5300743778512,0.009263587845326,321.33583075530845
0.15397181275879374,0.017655653759809313,0.019366697317246873,4.5135496823401,0.0047780652116704,332.29992629399084
0.15484940321015625,0.01737903371153847,0.019063269485028126,4.4954374718071,0.0098627525904955,343.87451073358807
0.15572699366151874,0.017102413663267618,0.018759841652809375,4.4757345655436005,0.0,356.4329820818807
0.15660458411288125,0.016825793614996767,0.018456413820590625,4.4539802595365,0.0052609923046759,369.3067126892894
0.15748217456424374,0.01654917356672592,0.018152985988371877,4.4300239909381,0.0027191667095756,383.0209302866293
0.15835976501560625,0.016272553518455066,0.017849558156153123,4.4036196743078,0.0028123974304276,397.89153516814827
0.15923735546696874,0.01599593347018422,0.017546130323934376,4.3745593601946,0.008731519357381,413.4104449453397
0.16011494591833125,0.01571931342191337,0.017242702491715625,4.3418755951462,0.0030138401481417,430.41579962095904
0.16099253636969374,0.015442693373642518,0.016939274659496874,4.3057382683859995,0.006245552372114,448.59916770098516
0.16187012682105623,0.015166073325371673,0.016635846827278127,4.2654556284666,0.0,468.632317367587
0.16274771727241874,0.014889453277100818,0.016332418995059373,4.220957236555599,0.0067182872619312,490.04310438258204
0.16362530772378125,0.014612833228829971,0.016028991162840626,4.1718487010523,0.0034875202927871,514.0271986587198
0.16450289817514374,0.014336213180559122,0.015725563330621875,4.1183297188479004,0.0,540.7607672135033
0.16538048862650623,0.014059593132288271,0.015422135498403124,4.0563362088093,0.0037673767439765,569.7627946501887
0.16625807907786874,0.013782973084017424,0.015118707666184377,3.9854865850905,0.0,603.2683896115235
0.16713566952923126,0.013506353035746571,0.014815279833965623,3.9000557771828004,0.0,641.2733859727746
0.16801325998059374,0.013229732987475724,0.014511852001746876,3.7970594536455,0.0,686.0752845598887
0.16889085043195623,0.012953112939204873,0.014208424169528125,3.6652665419487,0.0,739.1185813702955
0.16976844088331874,0.012676492890934024,0.013904996337309374,3.4921395738026,0.0,800.9416218835635
0.10043879522568125,0.03557187491814795,0.037875795082590626,4.761119395929501,0.00065220910867009,74.212296201784
0.10131638567704375,0.035286904084642426,0.03757236725037187,4.760257246763699,0.0,77.1346341358816
0.10219397612840625,0.0350019332511369,0.037268939418153124,4.7588078032829,0.0013472439057606,80.23185355176766
0.10307156657976875,0.034716962417631385,0.03696551158593438,4.7574061961819,0.0,83.1540673417884
0.10394915703113125,0.03443199158412586,0.03666208375371562,4.756042457011199,0.0,85.85376472455503
0.10482674748249375,0.034147020750620344,0.036358655921496875,4.7546957637381,0.00070777389115713,88.34968654343513
0.10570433793385625,0.03386204991711482,0.03605522808927812,4.7533950724371,0.00071973668826358,90.68635512184274
0.10658192838521875,0.0335770790836093,0.035751800257059374,4.7521289032256,0.00073200536073317,92.90763067852895
0.10745951883658125,0.033292108250103786,0.03544837242484063,4.7509155664333,0.0014891808519673,95.04973562365146
0.10833710928794375,0.033007137416598255,0.03514494459262187,4.7497193459034,0.0015150057147565,97.14579124711527
0.10921469973930625,0.03272216658309274,0.034841516760403125,4.748474518321,0.0015415082164106,99.20638390996433
0.11009229019066875,0.032437195749587214,0.03453808892818437,4.7473008139282,0.0039217806849871,101.24809139355112
0.11096988064203125,0.0321522249160817,0.034234661095965624,4.7460916859773,0.0055882500422522,103.28997773297549
0.11184747109339375,0.03186725408257618,0.03393123326374688,4.7448462032594,0.013002608845586,105.33381519478748
0.11272506154475626,0.031582283249070656,0.03362780543152812,4.7435716902999,0.0057917624451037,107.40770346561825
0.11360265199611876,0.03129731241556514,0.033324377599309375,4.7422788189639,0.006740243586791,109.50810244511962
0.11448024244748126,0.03101234158205961,0.03302094976709062,4.7409149122185,0.011155110441249,111.63681477362827
0.11535783289884376,0.030727370748554094,0.032717521934871874,4.739559746665599,0.0078666764999836,113.8050919853106
0.11623542335020626,0.030442399915048574,0.032414094102653127,4.7382026709497005,0.0097956765309022,116.01716031331337
0.11711301380156874,0.03015742908154305,0.03211066627043437,4.7367967248732,0.001814850390532,118.277371132888
0.11799060425293124,0.029872458248037533,0.031807238438215625,4.7354390378129,0.00092482056064782,120.58724265443028
0.11886819470429374,0.029587487414532012,0.03150381060599688,4.7339928912286,0.0037708838642573,122.94925792110311
0.11974578515565626,0.029302516581026488,0.031200382773778124,4.7324915723674,0.0028834384585005,125.36648336346084
0.12062337560701875,0.02901754574752097,0.030896954941559376,4.7309856550594995,0.0009801168363163,127.84674827384181
0.12150096605838126,0.028732574914015447,0.030593527109340622,4.7294049407016,0.00099965476422043,130.38623929984638
0.12237855650974375,0.028447604080509926,0.030290099277121875,4.7277308167333,0.0010197827789347,132.99713238117724
0.12325614696110625,0.028162633247004406,0.029986671444903124,4.7260325403607,0.0010405248843741,135.6823812260634
0.12413373741246875,0.027877662413498885,0.029683243612684374,4.7242907707744,0.0010619063174637,138.44610010226089
0.12501132786383126,0.027592691579993365,0.029379815780465626,4.7224567240319,0.0010839536250532,141.2962129161988
0.12588891831519375,0.02730772074648784,0.029076387948246872,4.7205304004179,0.0011066947463003,144.22590046675086
0.12676650876655624,0.027022749912982324,0.028772960116028125,4.7185152991448,0.0,147.249587345433
0.12764409921791875,0.026737779079476803,0.028469532283809378,4.716425674282499,0.0,150.3678738254651
0.12852168966928124,0.02645280824597128,0.028166104451590623,4.714197531294,0.0,153.59662173770135
0.12939928012064375,0.026167837412465762,0.027862676619371876,4.7118323993421,0.0024104200639233,156.91799769911142
0.13027687057200626,0.02588286657896024,0.027559248787153122,4.709396586365999,0.0036956838823709,160.35551504516735
0.13115446102336875,0.025597895745454718,0.027255820954934375,4.706815254217,0.0012594753682118,163.92815725489203
0.13203205147473124,0.0253129249119492,0.026952393122715627,4.7041361554416,0.0,167.6408455171432
0.13290964192609375,0.025027954078443677,0.026648965290496873,4.7012072022201,0.0,171.4694487693881
0.13378723237745624,0.024742983244938156,0.026345537458278126,4.6982044551526,0.0040440361353366,175.4115614653284
0.13466482282881875,0.024458012411432632,0.026042109626059372,4.6949873311112,0.0,179.55398677569417
0.13554241328018124,0.024173041577927115,0.025738681793840625,4.6915619586576,0.0028246527385348,183.82017375389174
0.13642000373154375,0.023888070744421595,0.025435253961621874,4.6879964883123,0.0,188.2902650241422
0.13729759418290624,0.02360309991091607,0.025131826129403123,4.684127753885599,0.0,192.91321681944984
0.13817518463426876,0.023318129077410554,0.024828398297184376,4.6801095405141,0.0,197.71889840670516
0.13905277508563124,0.023033158243905033,0.024524970464965625,4.675755188518901,0.0,202.7315105926286
0.13993036553699373,0.02274818741039951,0.024221542632746874,4.6711752698149,0.0,207.94216133321362
0.14080795598835624,0.02246321657689399,0.023918114800528124,4.6660869803208005,0.0,213.36313275004406
0.14168554643971876,0.022178245743388468,0.023614686968309373,4.660893459644201,0.0,218.99122638586846
0.14256313689108124,0.02189327490988295,0.023311259136090626,4.6552382433097,0.0,224.8764873676234
0.14344072734244373,0.021608304076377427,0.023007831303871875,4.648904938875099,0.0070699285865366,230.9154678824752
0.14431831779380624,0.021323333242871906,0.022704403471653124,4.6422816054576,0.0018150393434628,237.36974537513342
0.14519590824516876,0.021038362409366386,0.022400975639434374,4.6352009872813005,0.0,244.0763995192137
0.14607349869653125,0.020753391575860865,0.022097547807215626,4.6273042396366995,0.0038321959415539,251.03797382828822
0.14695108914789373,0.020468420742355345,0.021794119974996876,4.6189007639611,0.0078792884662008,258.2051249315538
0.14782867959925625,0.020183449908849824,0.021490692142778125,4.6097280645383,0.012155027032929,265.7594748773149
0.14870627005061873,0.019898479075344304,0.021187264310559374,4.5992898720957,0.012505664053883,273.76656543579116
0.14958386050198125,0.01961350824183878,0.020883836478340623,4.5878266663275,0.0021452825049613,282.3415157005108
0.15046145095334373,0.019328537408333263,0.020580408646121876,4.575942210833399,0.011045028698868,291.0992872484066
0.15133904140470625,0.019043566574827742,0.020276980813903125,4.5623761981688,0.0068268328431657,300.439904064221
0.15221663185606873,0.01875859574132222,0.019973552981684375,4.5484560745238,0.0070358237179647,310.38283597889756
0.15309422230743125,0.0184736249078167,0.019670125149465627,4.5331680583584,0.002418186771019,320.91617705453245
0.15397181275879374,0.018188654074311177,0.019366697317246873,4.5167700653992,0.0024945527108514,331.94611174481463
0.15484940321015625,0.017903683240805657,0.019063269485028126,4.4989978221043,0.005149188033462,343.5227914402774
0.15572699366151874,0.017618712407300136,0.018759841652809375,4.4795247709934,0.00531710075864,355.93731430212677
0.15660458411288125,0.017333741573794616,0.018456413820590625,4.458087262838499,0.0027466813519729,368.8934580805233
0.15748217456424374,0.0170487707402891,0.018152985988371877,4.4345596402511,0.017035610154708,382.2246314665389
0.15835976501560625,0.01676379990678357,0.017849558156153123,4.408280826641,0.0029366169456867,397.38091092289767
0.15923735546696874,0.016478829073278054,0.017546130323934376,4.379878892974999,0.0,413.12893931234885
0.16011494591833125,0.016193858239772534,0.017242702491715625,4.3477286474455,0.018881742576304,429.4492934695017
0.16099253636969374,0.01590888740626701,0.016939274659496874,4.3116806777681,0.0032607046807732,447.918847996479
0.16187012682105623,0.015623916572761493,0.016635846827278127,4.2722287649976,0.006761465382976,467.6941621927879
0.16274771727241874,0.015338945739255969,0.016332418995059373,4.2279175312724,0.0070150242657405,489.2344658322876
0.16362530772378125,0.01505397490575045,0.016028991162840626,4.1795866320660995,0.0,513.4054667192421
0.16450289817514374,0.01476900407224493,0.015725563330621875,4.1269086114123,0.0,539.8936203557109
0.16538048862650623,0.014484033238739407,0.015422135498403124,4.0658171630246,0.0039337763103458,568.9496222764658
0.16625807907786874,0.014199062405233888,0.015118707666184377,3.9959665406042997,0.0,602.2777218099976
0.16713566952923126,0.013914091571728364,0.014815279833965623,3.9126967374124,0.0,640.6258295741228
0.16801325998059374,0.013629120738222845,0.014511852001746876,3.8110135115768,0.0,686.1827483250903
0.16889085043195623,0.013344149904717325,0.014208424169528125,3.6785093783778,0.0,741.6166948010052
0.16976844088331874,0.013059179071211803,0.013904996337309374,3.4979357900116,0.0048389786756891,809.7112378364665
0.10043879522568125,0.03654092515170967,0.037875795082590626,4.7661375774177,0.0,71.59008022635187
0.10131638567704375,0.03624819113300791,0.03757236725037187,4.7636791267869,0.00069404528315303,75.83803847541216
0.10219397612840625,0.03595545711430616,0.037268939418153124,4.7611644664395,0.0,79.72998498251374
0.10307156657976875,0.03566272309560441,0.03696551158593438,4.7591840440823,0.0007170202221199,83.04182933605999
0.10394915703113125,0.03536998907690265,0.03666208375371562,4.7574179729345,0.0021868136195783,85.90607987024876
0.10482674748249375,0.0350772550582009,0.036358655921496875,4.7558352643988,0.00074115513825595,88.45565396853415
0.10570433793385625,0.03478452103949914,0.03605522808927812,4.7543501581723,0.0007536821453331,90.79834301562241
0.10658192838521875,0.034491787020797395,0.035751800257059374,4.752959939830499,0.0015330589079836,93.00657688710037
0.10745951883658125,0.03419905300209564,0.03544837242484063,4.7516559253924,0.00077970807769084,95.13057593508643
0.10833710928794375,0.033906318983393885,0.03514494459262187,4.7503921001892,0.0,97.21005148216035
0.10921469973930625,0.033613584964692134,0.034841516760403125,4.7490816572517,0.0032284229456046,99.25510803532582
0.11009229019066875,0.033320850945990375,0.03453808892818437,4.7478853336158,0.0024640478622657,101.28628184638019
0.11096988064203125,0.033028116927288624,0.034234661095965624,4.7466708995519005,0.00083597324036804,103.32037838305266
0.11184747109339375,0.03273538290858687,0.03393123326374688,4.7454555981054,0.0042549563131049,105.35906627103537
0.11272506154475626,0.032442648889885115,0.03362780543152812,4.744145065831099,0.0077977587685997,107.41738021909694
0.11360265199611876,0.03214991487118336,0.033324377599309375,4.7428005200745,0.0097049404704892,109.50258933810886
0.11448024244748126,0.031857180852481605,0.03302094976709062,4.7414399179694,0.011681226906864,111.63036056383523
0.11535783289884376,0.03156444683377986,0.032717521934871874,4.740049927123,0.0091529979996514,113.78619055923073
0.11623542335020626,0.03127171281507811,0.032414094102653127,4.7387577535525995,0.0074601287571322,115.99083883829212
0.11711301380156874,0.03097897879637635,0.03211066627043437,4.7373355661889,0.010452450138436,118.24571178553954
0.11799060425293124,0.0306862447776746,0.031807238438215625,4.7359699964146,0.0038737541412777,120.55274632299083
0.11886819470429374,0.03039351075897285,0.03150381060599688,4.7345338852131,0.00098718319038275,122.91886280633405
0.11974578515565626,0.03010077674027109,0.031200382773778124,4.7330133056385,0.0020129547548713,125.33414602502323
0.12062337560701875,0.02980804272156934,0.030896954941559376,4.7315203307935,0.0010263427888524,127.80610145826836
0.12150096605838126,0.029515308702867584,0.030593527109340622,4.7299593841781995,0.0010468021980475,130.34215272749216
0.12237855650974375,0.029222574684165833,0.030290099277121875,4.7283219263653,0.0010678795247447,132.9530667126296
0.12325614696110625,0.028929840665464078,0.029986671444903124,4.7266192480825,0.0010895999049582,135.63543554676914
0.12413373741246875,0.028637106646762323,0.029683243612684374,4.7249118962451,0.0011119897658965,138.39231319891846
0.12501132786383126,0.028344372628060572,0.029379815780465626,4.7230568431069,0.0,141.23955134688032
0.12588891831519375,0.028051638609358817,0.029076387948246872,4.7211774440931,0.0,144.16751879203915
0.12676650876655624,0.027758904590657066,0.028772960116028125,4.7191680813359005,0.0,147.18211904098655
0.12764409921791875,0.027466170571955315,0.028469532283809378,4.717093402437301,0.002417644855612,150.28720080367435
0.12852168966928124,0.027173436553253556,0.028166104451590623,4.7149011460478,0.0,153.52030728445965
0.12939928012064375,0.026880702534551805,0.027862676619371876,4.7125545254414,0.0,156.8464693170631
0.13027687057200626,0.02658796851585005,0.027559248787153122,4.7101427499917,0.0012899953563361,160.27662224746928
0.13115446102336875,0.0262952344971483,0.027255820954934375,4.7076009265868,0.0013188769073263,163.83787094298188
0.13203205147473124,0.026002500478446548,0.026952393122715627,4.7049268895065,0.0013487393635357,167.53250000413192
0.13290964192609375,0.02570976645974479,0.026648965290496873,4.7020828659555,0.0,171.36049943014015
0.13378723237745624,0.025417032441043038,0.026345537458278126,4.6990850859413,0.0014115893029513,175.30656057537246
0.13466482282881875,0.02512429842234128,0.026042109626059372,4.695900885547,0.0,179.43577503882054
0.13554241328018124,0.024831564403639532,0.025738681793840625,4.6925316806958,0.0,183.7091636449868
0.13642000373154375,0.024538830384937777,0.025435253961621874,4.6890279626577005,0.0,188.15827202704335
0.13729759418290624,0.024246096366236022,0.025131826129403123,4.68516306135,0.0015512218603621,192.7587462276182
0.13817518463426876,0.02395336234753427,0.024828398297184376,4.6811976286079,0.003178736053514,197.5379549480869
0.13905277508563124,0.023660628328832516,0.024524970464965625,4.6768901409281,0.0,202.56874939548496
0.13993036553699373,0.023367894310130765,0.024221542632746874,4.6723838798999004,0.0,207.77420731827968
0.14080795598835624,0.02307516029142901,0.023918114800528124,4.66733159084,0.0017126458564484,213.17261420264313
0.14168554643971876,0.022782426272727255,0.023614686968309373,4.6621700056547,0.0017569399721367,218.81644387562585
0.14256313689108124,0.022489692254025504,0.023311259136090626,4.6566694921763,0.0018029749331202,224.7033211872279
0.14344072734244373,0.02219695823532375,0.023007831303871875,4.650388238909301,0.0018508431733884,230.80333237532045
0.14431831779380624,0.021904224216621998,0.022704403471653124,4.6438472110642,0.0,237.19684715638695
0.14519590824516876,0.021611490197920243,0.022400975639434374,4.6367174473238,0.001952480823489,243.86319234052823
0.14607349869653125,0.021318756179218492,0.022097547807215626,4.6291813484296,0.0040129365442465,250.81253043453475
0.14695108914789373,0.021026022160516737,0.021794119974996876,4.6206095398019995,0.0020627262482663,258.08671045810075
0.14782867959925625,0.020733288141814982,0.021490692142778125,4.611738147191501,0.0,265.6875728722645
0.14870627005061873,0.02044055412311323,0.021187264310559374,4.6016336962586,0.0043651592156923,273.66631289340086
0.14958386050198125,0.020147820104411476,0.020883836478340623,4.5902654551662,0.0022464620006845,282.110252425242
0.15046145095334373,0.019855086085709725,0.020580408646121876,4.577997114935,0.0023131906600809,290.9103242809407
0.15133904140470625,0.01956235206700797,0.020276980813903125,4.5651518816601,0.011914686085708,300.0310436772757
0.15221663185606873,0.019269618048306215,0.019973552981684375,4.5513231222778,0.0073676593126382,310.05930597104566
0.15309422230743125,0.018976884029604468,0.019670125149465627,4.5363940708307995,0.0025322374461569,320.6285654332536
0.15397181275879374,0.01868415001090271,0.019366697317246873,4.519567324004099,0.0052244101750603,331.58575840577504
0.15484940321015625,0.018391415992200958,0.019063269485028126,4.5024233219323,0.0,343.3325120252479
0.15572699366151874,0.018098681973499203,0.018759841652809375,4.4828418163493,0.0055678749910417,355.6540313146539
0.15660458411288125,0.01780594795479745,0.018456413820590625,4.4619665198897005,0.0057524501047628,368.5875646825768
0.15748217456424374,0.0175132139360957,0.018152985988371877,4.4387924257693,0.0029731788068989,382.25018845443066
0.15835976501560625,0.017220479917393942,0.017849558156153123,4.4130590384184005,0.0,397.029333764175
0.15923735546696874,0.01692774589869219,0.017546130323934376,4.384588562865,0.0031823926319962,412.6913569422485
0.16011494591833125,0.016635011879990436,0.017242702491715625,4.3527938933004995,0.0032953792881516,429.2709586058569
0.16099253636969374,0.01634227786128868,0.016939274659496874,4.3174065425782,0.0,447.7236355334473
0.16187012682105623,0.016049543842586934,0.016635846827278127,4.2787834593422005,0.0070803612189219,467.1563554239305
0.16274771727241874,0.015756809823885175,0.016332418995059373,4.234518848658,0.0036729394404804,488.8315682262
0.16362530772378125,0.015464075805183424,0.016028991162840626,4.1869907959964,0.0038133084619452,512.7175268646275
0.16450289817514374,0.01517134178648167,0.015725563330621875,4.1350073972896,0.0,539.1734141411523
0.16538048862650623,0.014878607767779916,0.015422135498403124,4.0751420602768,0.0,568.3321014487557
0.16625807907786874,0.014585873749078165,0.015118707666184377,4.00634801074,0.0,601.2611937983247
0.16713566952923126,0.014293139730376409,0.014815279833965623,3.9253675566985002,0.0,639.5806971724414
0.16801325998059374,0.014000405711674657,0.014511852001746876,3.8260257775078,0.0,685.4623027406797
0.16889085043195623,0.013707671692972902,0.014208424169528125,3.6963821110054997,0.0,742.7732163238578
0.16976844088331874,0.01341493767427115,0.013904996337309374,3.5189927790450004,0.0,820.170297006096
0.10043879522568125,0.0374417885096078,0.037875795082590626,4.7848699400104,0.0,68.70745551316628
0.10131638567704375,0.03714183755948014,0.03757236725037187,4.7797541633627,0.0014572300673452,75.08909815242156
0.10219397612840625,0.036841886609352496,0.037268939418153124,4.7732604724383,0.0014810548217609,79.80203058091244
0.10307156657976875,0.036541935659224846,0.03696551158593438,4.768205306063099,0.0007527343329967,83.3448098465961
0.10394915703113125,0.036241984709097196,0.03666208375371562,4.7641725467818,0.00076524559119379,86.21589873698035
0.10482674748249375,0.03594203375896955,0.036358655921496875,4.761278561892,0.00077807138687515,88.704510668349
0.10570433793385625,0.035642082808841895,0.03605522808927812,4.7589336138022995,0.0015824447050627,90.9847809295379
0.10658192838521875,0.03534213185871425,0.035751800257059374,4.7570278757194995,0.0,93.14266820819343
0.10745951883658125,0.0350421809085866,0.03544837242484063,4.755305063769,0.0016370892247849,95.2299552849047
0.10833710928794375,0.03474222995845895,0.03514494459262187,4.7537359524393,0.0016654790637683,97.28025926354769
0.10921469973930625,0.0344422790083313,0.034841516760403125,4.7523333704143,0.0016946138460411,99.30616733615685
0.11009229019066875,0.03414232805820365,0.03453808892818437,4.750990306955001,0.0017245198641595,101.32291421483022
0.11096988064203125,0.033842377108076006,0.034234661095965624,4.7497214550938995,0.0035104491621252,103.33823375329536
0.11184747109339375,0.033542426157948356,0.03393123326374688,4.7485176662794,0.0080404051186107,105.37241216213529
0.11272506154475626,0.033242475207820706,0.03362780543152812,4.747011721862499,0.010005304082673,107.42655351956769
0.11360265199611876,0.032942524257693055,0.033324377599309375,4.7457183913375,0.0064834856136266,109.50703500556297
0.11448024244748126,0.032642573307565405,0.03302094976709062,4.7444819433597,0.003773248603919,111.63957500803657
0.11535783289884376,0.03234262235743776,0.032717521934871874,4.7428971213636,0.0096089003233533,113.77821210863891
0.11623542335020626,0.03204267140731011,0.032414094102653127,4.7416677537292,0.0097896385464878,115.96745542835598
0.11711301380156874,0.03174272045718246,0.03211066627043437,4.7402626002321,0.0089779720626671,118.21852587322027
0.11799060425293124,0.03144276950705481,0.031807238438215625,4.7390078079308005,0.0020333511174242,120.52777172069953
0.11886819470429374,0.031142818556927167,0.03150381060599688,4.7374125587525,0.0051817693381067,122.89329430635561
0.11974578515565626,0.030842867606799513,0.031200382773778124,4.7359339622258005,0.0042264363207977,125.30792037453146
0.12062337560701875,0.030542916656671866,0.030896954941559376,4.7345293947983,0.0021549279385969,127.77460343514029
0.12150096605838126,0.030242965706544212,0.030593527109340622,4.7330088775838,0.0032968273279545,130.3018541916625
0.12237855650974375,0.02994301475641657,0.030290099277121875,4.7314449436407,0.0011210696113997,132.9164003830607
0.12325614696110625,0.02964306380628892,0.029986671444903124,4.7298036655445,0.0,135.59576096103888
0.12413373741246875,0.029343112856161268,0.029683243612684374,4.728276342735,0.0023347538853388,138.34933539214234
0.12501132786383126,0.02904316190603362,0.029379815780465626,4.7262216036308,0.0011916140322365,141.19715567024318
0.12588891831519375,0.028743210955905967,0.029076387948246872,4.724522001022,0.0012166138463991,144.11561120296997
0.12676650876655624,0.028443260005778324,0.028772960116028125,4.7226025670409,0.0012424087272306,147.12818100163065
0.12764409921791875,0.028143309055650677,0.028469532283809378,4.7206035866505,0.0012690327494748,150.23890489768414
0.12852168966928124,0.027843358105523023,0.028166104451590623,4.7184993827099,0.0,153.46537596385227
0.12939928012064375,0.027543407155395376,0.027862676619371876,4.7162613124226,0.001324913864103,156.7872858596182
0.13027687057200626,0.027243456205267722,0.027559248787153122,4.7139471687754995,0.0,160.22457172127915
0.13115446102336875,0.026943505255140075,0.027255820954934375,4.7115351587348,0.0,163.78252728894202
0.13203205147473124,0.026643554305012432,0.026952393122715627,4.7088933232918,0.0014159188177387,167.46392822516185
0.13290964192609375,0.026343603354884778,0.026648965290496873,4.7062460256919,0.0014483456234772,171.2792211664744
0.13378723237745624,0.02604365240475713,0.026345537458278126,4.703362395292,0.0,175.24626139890196
0.13466482282881875,0.025743701454629477,0.026042109626059372,4.700290093326499,0.001516632530319,179.34719406636577
0.13554241328018124,0.02544375050450183,0.025738681793840625,4.697056845560399,0.0015526014036215,183.61882850129822
0.13642000373154375,0.025143799554374183,0.025435253961621874,4.6936961416862,0.0,188.06974708896905
0.13729759418290624,0.024843848604246533,0.025131826129403123,4.6899752492569,0.0016284867795448,192.66981657424589
0.13817518463426876,0.024543897654118886,0.024828398297184376,4.6861841907935995,0.0,197.46309245532498
0.13905277508563124,0.024243946703991236,0.024524970464965625,4.6820378593685,0.0,202.4653427565965
0.13993036553699373,0.023943995753863585,0.024221542632746874,4.677749550531,0.0017531873472189,207.65193742167224
0.14080795598835624,0.023644044803735935,0.023918114800528124,4.672835809377,0.0,213.0925622906672
0.14168554643971876,0.023344093853608288,0.023614686968309373,4.6678340440272,0.0,218.7285658870001
0.14256313689108124,0.02304414290348064,0.023311259136090626,4.662577912842,0.0,224.61225078148004
0.14344072734244373,0.02274419195335299,0.023007831303871875,4.6564777858135,0.0,230.7203050594693
0.14431831779380624,0.02244424100322534,0.022704403471653124,4.650136796597501,0.0039906252458768,237.02467304625122
0.14519590824516876,0.02214429005309769,0.022400975639434374,4.6432806449125,0.0,243.74270238285143
0.14607349869653125,0.021844339102970046,0.022097547807215626,4.636465865187301,0.0,250.72419594981764
0.14695108914789373,0.021544388152842396,0.021794119974996876,4.6274005063893,0.0021654687256372,257.97052166185586
0.14782867959925625,0.021244437202714746,0.021490692142778125,4.619166932479,0.004454096079356,265.4997995956412
0.14870627005061873,0.020944486252587095,0.021187264310559374,4.6096230700945,0.0,273.5840971138523
0.14958386050198125,0.020644535302459445,0.020883836478340623,4.5994085663753,0.0070750685553485,281.87262908260976
0.15046145095334373,0.020344584352331798,0.020580408646121876,4.5857774930354,0.0072852256109855,290.7173687277701
0.15133904140470625,0.02004463340220415,0.020276980813903125,4.5739254045072,0.0,300.10489918854273
0.15221663185606873,0.0197446824520765,0.019973552981684375,4.560586377731,0.0,310.0720649500554
0.15309422230743125,0.019444731501948854,0.019670125149465627,4.5464518144252,0.0053167316798609,320.45335021099197
0.15397181275879374,0.0191447805518212,0.019366697317246873,4.5293506613673,0.005484633190411,331.42928677324704
0.15484940321015625,0.018844829601693553,0.019063269485028126,4.5130014779554,0.0,343.2005179256778
0.15572699366151874,0.018544878651565906,0.018759841652809375,4.4939529876274005,0.0029226028348287,355.4902295738558
0.15660458411288125,0.018244927701438256,0.018456413820590625,4.47375378426,0.0030194871491252,368.4124754586979
0.15748217456424374,0.01794497675131061,0.018152985988371877,4.451123837450001,0.0062425401600326,381.97186274935393
0.15835976501560625,0.017645025801182955,0.017849558156153123,4.4262444442573,0.012913150079028,396.40891509171104
0.15923735546696874,0.017345074851055308,0.017546130323934376,4.3985152455383,0.0066818093026624,412.1624221819237
0.16011494591833125,0.017045123900927658,0.017242702491715625,4.367522889746899,0.013838076271267,428.7708688148339
0.16099253636969374,0.01674517295080001,0.016939274659496874,4.333101765360301,0.0035845642865018,447.3408943039383
0.16187012682105623,0.016445222000672364,0.016635846827278127,4.2957441232945,0.0,467.23630399970074
0.16274771727241874,0.01614527105054471,0.016332418995059373,4.2522409940736,0.0038558851404353,488.65869888360334
0.16362530772378125,0.015845320100417063,0.016028991162840626,4.2064105133701,0.0,512.4432077604745
0.16450289817514374,0.015545369150289414,0.015725563330621875,4.1561746351224995,0.0,538.6738040170303
0.16538048862650623,0.015245418200161764,0.015422135498403124,4.0984232451735,0.0,567.6984117647771
0.16625807907786874,0.014945467250034117,0.015118707666184377,4.0330603973054,0.0044998049490987,600.1608056123466
0.16713566952923126,0.014645516299906465,0.014815279833965623,3.9573051126047,0.0,638.4210553801258
0.16801325998059374,0.014345565349778818,0.014511852001746876,3.8671157463647003,0.0,684.046066878427
0.16889085043195623,0.014045614399651168,0.014208424169528125,3.7597080791708,0.0,741.940848758736
0.16976844088331874,0.013745663449523519,0.013904996337309374,3.646342644187,0.0,832.5733525318599
0.17052473610899999,0.0006303777869612055,0.0137532824212,3.5724641377994,0.0,727.6326946318784
0.17115973610899998,0.0006303777869612055,0.0137532824212,3.4824224222823,0.040521297522721,760.7611098579789
0.17179473610899998,0.0006303777869612055,0.0137532824212,3.4005310452387003,0.0,791.3027494685871
0.172429736109,0.0006303777869612055,0.0137532824212,3.318959030203,0.0,820.1034809425211
0.173064736109,0.0006303777869612055,0.0137532824212,3.2392506438254003,0.0,847.2169271649167
0.173699736109,0.0006303777869612055,0.0137532824212,3.161818239785,0.0,873.2259657450728
0.174334736109,0.0006303777869612055,0.0137532824212,3.0835455189064,0.0,898.0846498533864
0.174969736109,0.0006303777869612055,0.0137532824212,3.006363738119,0.0,922.7279755590678
0.175604736109,0.0006303777869612055,0.0137532824212,2.9297251017004,0.0,946.2267425556814
0.17623973610899998,0.0006303777869612055,0.0137532824212,2.855545534996,0.0,969.9606028833161
0.176874736109,0.0006303777869612055,0.0137532824212,2.7826257439649997,0.0,993.0231836341947
0.177509736109,0.0006303777869612055,0.0137532824212,2.7116717142973004,0.0,1014.6769391814829
0.178144736109,0.0006303777869612055,0.0137532824212,2.6440395056821,0.0,1035.83041800855
0.178779736109,0.0006303777869612055,0.0137532824212,2.5782981960712,0.0,1056.5483710584163
0.179414736109,0.0006303777869612055,0.0137532824212,2.5133150575482,0.0,1076.8460225487042
0.180049736109,0.0006303777869612055,0.0137532824212,2.4496267629555,0.0,1096.4226935426695
0.180684736109,0.0006303777869612055,0.0137532824212,2.3889903874871,0.0,1115.3231713350142
0.181319736109,0.0006303777869612055,0.0137532824212,2.3264943279576,0.0,1132.6793226713273
0.181954736109,0.0006303777869612055,0.0137532824212,2.2650462803066,0.0,1147.4054674721392
0.182589736109,0.0006303777869612055,0.0137532824212,2.1808031238398,0.040521297522722,1146.6458057079644
0.17052473610899999,0.001846777051693505,0.0137532824212,3.5365138595343,0.0,737.1376880680592
0.17115973610899998,0.001846777051693505,0.0137532824212,3.4502422800901003,0.0,766.2328474083274
0.17179473610899998,0.001846777051693505,0.0137532824212,3.3697976545807,0.0,794.4807753264371
0.172429736109,0.001846777051693505,0.0137532824212,3.2923786476815,0.0,821.9269422926952
0.173064736109,0.001846777051693505,0.0137532824212,3.2153841246654,0.0,847.9555099034254
0.173699736109,0.001846777051693505,0.0137532824212,3.1371825886791,0.0,873.3241640058746
0.174334736109,0.001846777051693505,0.0137532824212,3.0631357509612,0.014878431273742,895.7194121403408
0.174969736109,0.001846777051693505,0.0137532824212,2.9870838695036,0.0,921.2993458737213
0.175604736109,0.001846777051693505,0.0137532824212,2.9123072046985,0.014878431273742,941.6389764259807
0.17623973610899998,0.001846777051693505,0.0137532824212,2.8393550112801,0.0,967.8235730653669
0.176874736109,0.001846777051693505,0.0137532824212,2.7707748067815,0.0,991.6260017079364
0.177509736109,0.001846777051693505,0.0137532824212,2.7019215912842003,0.014878431273742,1011.496635042557
0.178144736109,0.001846777051693505,0.0137532824212,2.6369932548914004,0.0,1033.487823926902
0.178779736109,0.001846777051693505,0.0137532824212,2.5754666312816,0.0,1054.6248411306613
0.179414736109,0.001846777051693505,0.0137532824212,2.5103389252717,0.0,1075.15431532204
0.180049736109,0.001846777051693505,0.0137532824212,2.445976317787,0.0,1095.1535997244046
0.180684736109,0.001846777051693505,0.0137532824212,2.3827270134477,0.0,1115.8059755409206
0.181319736109,0.001846777051693505,0.0137532824212,2.3161051626935,0.0,1136.899792007438
0.181954736109,0.001846777051693505,0.0137532824212,2.2499822939079,0.0,1159.0081240588427
0.182589736109,0.001846777051693505,0.0137532824212,2.1750306005713,0.0,1182.8812771537198
0.17052473610899999,0.0029775848139948803,0.0137532824212,3.5245721847272,0.0099264701205998,739.583942847606
0.17115973610899998,0.0029775848139948803,0.0137532824212,3.4375128762226,0.0099264701206002,768.6328976390855
0.17179473610899998,0.0029775848139948803,0.0137532824212,3.3559252858732,0.0,797.5804212664792
0.172429736109,0.0029775848139948803,0.0137532824212,3.2783426449230997,0.0,824.6794778489207
0.173064736109,0.0029775848139948803,0.0137532824212,3.2004555374143,0.0099264701206003,847.140221889877
0.173699736109,0.0029775848139948803,0.0137532824212,3.11964948307,0.0,875.9251110166474
0.174334736109,0.0029775848139948803,0.0137532824212,3.0413289987718004,0.0,901.9860522124687
0.174969736109,0.0029775848139948803,0.0137532824212,2.9663894988934003,0.0,927.0235104443263
0.175604736109,0.0029775848139948803,0.0137532824212,2.8941110867138997,0.0,950.7475331869753
0.17623973610899998,0.0029775848139948803,0.0137532824212,2.8249068046725996,0.0,973.9442800866631
0.176874736109,0.0029775848139948803,0.0137532824212,2.758786821139,0.0,996.4607882760473
0.177509736109,0.0029775848139948803,0.0137532824212,2.6900043792699,0.0,1017.4182637038782
0.178144736109,0.0029775848139948803,0.0137532824212,2.6264684113871,0.0099264701206006,1035.4965930190233
0.178779736109,0.0029775848139948803,0.0137532824212,2.5659807124008003,0.0,1055.1369228326848
0.179414736109,0.0029775848139948803,0.0137532824212,2.5057676934009,0.0099264701206005,1071.7784017665388
0.180049736109,0.0029775848139948803,0.0137532824212,2.4412520018696,0.0099264701206,1088.7321244354882
0.180684736109,0.0029775848139948803,0.0137532824212,2.3750907664292,0.0,1112.7380823100725
0.181319736109,0.0029775848139948803,0.0137532824212,2.3089875251131002,0.0099264701205995,1133.9385997073684
0.181954736109,0.0029775848139948803,0.0137532824212,2.2410406619259,0.0,1159.936610077462
0.182589736109,0.0029775848139948803,0.0137532824212,2.1733510094435,0.0,1186.5939922232358
0.17052473610899999,0.0040288236895481815,0.0137532824212,3.5119047405635,0.0,747.5133910747365
0.17115973610899998,0.0040288236895481815,0.0137532824212,3.4226703657565,0.0,776.9936390949206
0.17179473610899998,0.0040288236895481815,0.0137532824212,3.339662666669,0.0078916549175888,803.733664312644
0.172429736109,0.0040288236895481815,0.0137532824212,3.2599132165731,0.0,831.7997873159527
0.173064736109,0.0040288236895481815,0.0137532824212,3.1816775356789,0.0,858.5807628312047
0.173699736109,0.0040288236895481815,0.0137532824212,3.1016811973634,0.0,884.5833760980925
0.174334736109,0.0040288236895481815,0.0137532824212,3.0247137676939,0.0078916549175888,907.5919584076343
0.174969736109,0.0040288236895481815,0.0137532824212,2.949411024639,0.0,933.2736191706495
0.175604736109,0.0040288236895481815,0.0137532824212,2.8764640059464,0.0,957.5377381429066
0.17623973610899998,0.0040288236895481815,0.0137532824212,2.8059079412828,0.0,980.5562509914816
0.176874736109,0.0040288236895481815,0.0137532824212,2.7385700527959,0.0,1002.5163082438281
0.177509736109,0.0040288236895481815,0.0137532824212,2.6729792766558003,0.0,1023.4907806014241
0.178144736109,0.0040288236895481815,0.0137532824212,2.6093628751256,0.0,1043.3700006615684
0.178779736109,0.0040288236895481815,0.0137532824212,2.5488712192795,0.0,1062.7617686188141
0.179414736109,0.0040288236895481815,0.0137532824212,2.4880876826387,0.0,1081.9667254858646
0.180049736109,0.0040288236895481815,0.0137532824212,2.4272237598562,0.0,1101.344221839704
0.180684736109,0.0040288236895481815,0.0137532824212,2.3655144194099,0.0,1121.5712690650428
0.181319736109,0.0040288236895481815,0.0137532824212,2.3021034352643,0.0,1142.6152136001213
0.181954736109,0.0040288236895481815,0.0137532824212,2.2375239731243,0.0,1165.0649430844214
0.182589736109,0.0040288236895481815,0.0137532824212,2.1705748377254,0.0,1189.7051087717268
0.17052473610899999,0.005006092514821812,0.0137532824212,3.5001779579386,0.0,754.0957178830478
0.17115973610899998,0.005006092514821812,0.0137532824212,3.4092117672427,0.0,784.208291495373
0.17179473610899998,0.005006092514821812,0.0137532824212,3.3237859853961997,0.0,812.2060312778648
0.172429736109,0.005006092514821812,0.0137532824212,3.2418081182816,0.0,839.8895447311801
0.173064736109,0.005006092514821812,0.0137532824212,3.1609974120509,0.0,867.0113329347068
0.173699736109,0.005006092514821812,0.0137532824212,3.0810002733877,0.0,893.1815226673637
0.174334736109,0.005006092514821812,0.0137532824212,3.0026207287495,0.0,917.9933975945628
0.174969736109,0.005006092514821812,0.0137532824212,2.9275144299881997,0.0,941.8730130975567
0.175604736109,0.005006092514821812,0.0137532824212,2.8544835409452,0.0,964.9451712664485
0.17623973610899998,0.005006092514821812,0.0137532824212,2.7848828797589,0.0,987.3011480745905
0.176874736109,0.005006092514821812,0.0137532824212,2.7179958093084,0.0,1008.6608027680686
0.177509736109,0.005006092514821812,0.0137532824212,2.6539205249355997,0.0,1029.103389791593
0.178144736109,0.005006092514821812,0.0137532824212,2.5923841251859,0.0,1048.7823768702042
0.178779736109,0.005006092514821812,0.0137532824212,2.5328320208522004,0.0,1067.917737286363
0.179414736109,0.005006092514821812,0.0137532824212,2.4746981949502,0.0,1086.8738470469034
0.180049736109,0.005006092514821812,0.0137532824212,2.4162665406504,0.0,1106.0461580924925
0.180684736109,0.005006092514821812,0.0137532824212,2.3571559535368003,0.0,1125.5143142294453
0.181319736109,0.005006092514821812,0.0137532824212,2.2956064715977,0.0,1145.6357539255578
0.181954736109,0.005006092514821812,0.0137532824212,2.2328956934297,0.0068317952993197,1165.7142974481023
0.182589736109,0.005006092514821812,0.0137532824212,2.1678901752371003,0.0,1190.73889031952
0.17052473610899999,0.005914596166143712,0.0137532824212,3.4894297588709002,0.0,760.3329996687638
0.17115973610899998,0.005914596166143712,0.0137532824212,3.3944997279212,0.0,790.9356619871285
0.17179473610899998,0.005914596166143712,0.0137532824212,3.3064592323679998,0.012440160473581,817.6628602019736
0.172429736109,0.005914596166143712,0.0137532824212,3.2210374119058,0.0,846.7135823015545
0.173064736109,0.005914596166143712,0.0137532824212,3.1394873106886,0.0,874.4838503352277
0.173699736109,0.005914596166143712,0.0137532824212,3.0579333034843,0.0,900.7686913389435
0.174334736109,0.005914596166143712,0.0137532824212,2.9778214291322,0.0,925.6509527641383
0.174969736109,0.005914596166143712,0.0137532824212,2.9039010585753,0.0,948.7469451802612
0.175604736109,0.005914596166143712,0.0137532824212,2.8301803815698,0.0062200802367901,969.8752263996535
0.17623973610899998,0.005914596166143712,0.0137532824212,2.7609886353529998,0.0,992.791445943227
0.176874736109,0.005914596166143712,0.0137532824212,2.6967255758007003,0.0,1013.9812020200758
0.177509736109,0.005914596166143712,0.0137532824212,2.6336442727541,0.0,1033.8563910091327
0.178144736109,0.005914596166143712,0.0137532824212,2.5747073460889003,0.0,1052.85385191429
0.178779736109,0.005914596166143712,0.0137532824212,2.5172315510837997,0.0,1071.1652692132377
0.179414736109,0.005914596166143712,0.0137532824212,2.4622494386842,0.0,1089.1438340743694
0.180049736109,0.005914596166143712,0.0137532824212,2.4042708998904,0.0,1107.7250228054468
0.180684736109,0.005914596166143712,0.0137532824212,2.3469496116407003,0.0062200802367904,1125.8274624214541
0.181319736109,0.005914596166143712,0.0137532824212,2.2892024127807,0.0,1146.3758477374438
0.181954736109,0.005914596166143712,0.0137532824212,2.2270596958583,0.0,1168.0737217835112
0.182589736109,0.005914596166143712,0.0137532824212,2.1616295462274997,0.0,1192.3037099042947
0.17052473610899999,0.006759173280566779,0.0137532824212,3.4747179838134,0.0,766.6987559834172
0.17115973610899998,0.006759173280566779,0.0137532824212,3.3786427281444,0.0,798.592536919923
0.17179473610899998,0.006759173280566779,0.0137532824212,3.2858095547864,0.0,828.0540976004228
0.172429736109,0.006759173280566779,0.0137532824212,3.1991442789043,0.0058548378538265,855.2870721183151
0.173064736109,0.006759173280566779,0.0137532824212,3.1138261689381,0.0,883.0303571787721
0.173699736109,0.006759173280566779,0.0137532824212,3.0309500350953003,0.0058548378538263,907.513116700036
0.174334736109,0.006759173280566779,0.0137532824212,2.9521249802561003,0.0,933.3473632376964
0.174969736109,0.006759173280566779,0.0137532824212,2.8751312815578998,0.0,956.8297172729779
0.175604736109,0.006759173280566779,0.0137532824212,2.8031527647461,0.0058548378538263,977.2916178150113
0.17623973610899998,0.006759173280566779,0.0137532824212,2.7365604368925998,0.0,998.778609774614
0.176874736109,0.006759173280566779,0.0137532824212,2.6733074183581,0.0,1018.9941403726654
0.177509736109,0.006759173280566779,0.0137532824212,2.6135486522686002,0.0,1037.9921675501112
0.178144736109,0.006759173280566779,0.0137532824212,2.5580422890101002,0.0,1056.0972039737253
0.178779736109,0.006759173280566779,0.0137532824212,2.5022495430699,0.0,1072.966482464437
0.179414736109,0.006759173280566779,0.0137532824212,2.4495530323787,0.0058548378538264,1087.5791134543108
0.180049736109,0.006759173280566779,0.0137532824212,2.3947265467493,0.0,1107.26527439453
0.180684736109,0.006759173280566779,0.0137532824212,2.3386599251791003,0.0,1126.852099020013
0.181319736109,0.006759173280566779,0.0137532824212,2.2811170738785997,0.0,1147.0804530441276
0.181954736109,0.006759173280566779,0.0137532824212,2.2199475597053997,0.0058548378538265,1167.6633698293335
0.182589736109,0.006759173280566779,0.0137532824212,2.1557659991388,0.0,1192.9916135958804
0.17052473610899999,0.007544322026165443,0.0137532824212,3.4596602508112,0.0,773.2527243843593
0.17115973610899998,0.007544322026165443,0.0137532824212,3.3590472151704,0.0,806.3657801510366
0.17179473610899998,0.007544322026165443,0.0137532824212,3.2630371498342,0.0,837.2868137089708
0.172429736109,0.007544322026165443,0.0137532824212,3.1721951321361,0.0,866.2512649572865
0.173064736109,0.007544322026165443,0.0137532824212,3.0841847577315002,0.0,893.4528438797876
0.173699736109,0.007544322026165443,0.0137532824212,3.0006031611205,0.0056425524214957,917.2970380624654
0.174334736109,0.007544322026165443,0.0137532824212,2.9215105463623,0.0,942.5707290995874
0.174969736109,0.007544322026165443,0.0137532824212,2.8462100874985,0.0,965.2312123506042
0.175604736109,0.007544322026165443,0.0137532824212,2.7763299453745,0.0056425524214954,983.6894695020266
0.17623973610899998,0.007544322026165443,0.0137532824212,2.7109594410462003,0.0,1004.7496277895601
0.176874736109,0.007544322026165443,0.0137532824212,2.6495584903175997,0.0,1023.7926460573153
0.177509736109,0.007544322026165443,0.0137532824212,2.5940456910281,0.0,1041.7978132843946
0.178144736109,0.007544322026165443,0.0137532824212,2.5399526766042997,0.0,1058.8485524108235
0.178779736109,0.007544322026165443,0.0137532824212,2.4877228981551003,0.0056425524214957,1073.7211315695506
0.179414736109,0.007544322026165443,0.0137532824212,2.4368300741542,0.0,1090.8885640967842
0.180049736109,0.007544322026165443,0.0137532824212,2.3848083566439997,0.0,1108.9620813927152
0.180684736109,0.007544322026165443,0.0137532824212,2.3313665858193,0.0,1127.937098853217
0.181319736109,0.007544322026165443,0.0137532824212,2.2754695520246,0.0,1148.1085142797413
0.181954736109,0.007544322026165443,0.0137532824212,2.2143983044832,0.0,1169.657828114164
0.182589736109,0.007544322026165443,0.0137532824212,2.1503597262690004,0.0,1194.4630911758964
0.17052473610899999,0.008274224059014462,0.0137532824212,3.4444010469901,0.0,779.9000503300132
0.17115973610899998,0.008274224059014462,0.0137532824212,3.3383334144611,0.0,814.298663649602
0.17179473610899998,0.008274224059014462,0.0137532824212,3.2373097818064,0.0,846.1417924360488
0.172429736109,0.008274224059014462,0.0137532824212,3.1415719248519,0.0,876.059556190277
0.173064736109,0.008274224059014462,0.0137532824212,3.051142969741,0.0,903.8621260638199
0.173699736109,0.008274224059014462,0.0137532824212,2.9659676271801,0.0,929.3176830776513
0.174334736109,0.008274224059014462,0.0137532824212,2.8866962918173,0.0,952.9563165358339
0.174969736109,0.008274224059014462,0.0137532824212,2.8133182193677,0.0055342135232082,974.3412551645579
0.175604736109,0.008274224059014462,0.0137532824212,2.7471176526202,0.0,993.8608903843826
0.17623973610899998,0.008274224059014462,0.0137532824212,2.6842915791093,0.0,1012.1334065614716
0.176874736109,0.008274224059014462,0.0137532824212,2.6274666709279,0.0055342135232082,1027.8343219885387
0.177509736109,0.008274224059014462,0.0137532824212,2.5749494159246,0.0,1045.0116862163006
0.178144736109,0.008274224059014462,0.0137532824212,2.5255196514345997,0.0,1061.4880568725882
0.178779736109,0.008274224059014462,0.0137532824212,2.4741899064412,0.0,1077.104646401748
0.179414736109,0.008274224059014462,0.0137532824212,2.4261988303967996,0.0055342135232083,1092.2023807580376
0.180049736109,0.008274224059014462,0.0137532824212,2.3776912251223,0.0,1109.5468838325448
0.180684736109,0.008274224059014462,0.0137532824212,2.3275024066053,0.0,1128.2103188448832
0.181319736109,0.008274224059014462,0.0137532824212,2.2711061418039,0.0,1148.175366291925
0.181954736109,0.008274224059014462,0.0137532824212,2.2125598046853003,0.0,1169.1182066200647
0.182589736109,0.008274224059014462,0.0137532824212,2.1456552863397,0.0055342135232084,1193.859069708282
0.17052473610899999,0.008952766794443418,0.0137532824212,3.4281258103026997,0.0,787.3785212103138
0.17115973610899998,0.008952766794443418,0.0137532824212,3.3162786514753,0.0,822.4135288643798
0.17179473610899998,0.008952766794443418,0.0137532824212,3.2096304379946,0.0055019074963046,853.9263667155841
0.172429736109,0.008952766794443418,0.0137532824212,3.1090954508034,0.0,885.1787234735526
0.173064736109,0.008952766794443418,0.0137532824212,3.0150645786773,0.0,913.299710338343
0.173699736109,0.008952766794443418,0.0137532824212,2.9294501274238,0.0,938.7537480051529
0.174334736109,0.008952766794443418,0.0137532824212,2.8499044635051,0.0,961.6667466659547
0.174969736109,0.008952766794443418,0.0137532824212,2.7794510578272,0.0,981.1382145557138
0.175604736109,0.008952766794443418,0.0137532824212,2.7168420219686,0.0,1000.4270035858332
0.17623973610899998,0.008952766794443418,0.0137532824212,2.6587634885246,0.0,1017.8410211693205
0.176874736109,0.008952766794443418,0.0137532824212,2.6055779339299003,0.0,1033.4782342441051
0.177509736109,0.008952766794443418,0.0137532824212,2.5574902641518,0.0,1048.5118632760737
0.178144736109,0.008952766794443418,0.0137532824212,2.5113364532577,0.0,1063.3699104836578
0.178779736109,0.008952766794443418,0.0137532824212,2.4650619815457,0.0,1078.013769791954
0.179414736109,0.008952766794443418,0.0137532824212,2.4189752595844998,0.0,1093.1918734572284
0.180049736109,0.008952766794443418,0.0137532824212,2.3719964431643,0.0,1109.7579348642068
0.180684736109,0.008952766794443418,0.0137532824212,2.3224431720196,0.0,1127.8838135180831
0.181319736109,0.008952766794443418,0.0137532824212,2.2682409478456003,0.0,1147.8638640509787
0.181954736109,0.008952766794443418,0.0137532824212,2.2082697995093,0.0,1169.8159378906344
0.182589736109,0.008952766794443418,0.0137532824212,2.1435066105491,0.0,1195.2110447259
0.17052473610899999,0.009583564111182288,0.0137532824212,3.4107848960432,0.0,795.32445129072
0.17115973610899998,0.009583564111182288,0.0137532824212,3.2921057799794,0.0055287998951877,830.3759895363097
0.17179473610899998,0.009583564111182288,0.0137532824212,3.1785522877848,0.0055287998951876,863.4261406255197
0.172429736109,0.009583564111182288,0.0137532824212,3.0730603542469,0.0055287998951875,894.9629473423823
0.173064736109,0.009583564111182288,0.0137532824212,2.9769339321269004,0.0055287998951877,921.8152990311878
0.173699736109,0.009583564111182288,0.0137532824212,2.8902884927380996,0.0055287998951875,946.506447052823
0.174334736109,0.009583564111182288,0.0137532824212,2.8130448176841,0.0,969.5717934194532
0.174969736109,0.009583564111182288,0.0137532824212,2.7449782311437,0.0,989.0833831786193
0.175604736109,0.009583564111182288,0.0137532824212,2.6866876411003,0.0,1006.3983041279972
0.17623973610899998,0.009583564111182288,0.0137532824212,2.6343444801607,0.0,1022.0605344676952
0.176874736109,0.009583564111182288,0.0137532824212,2.5866486300358,0.0,1036.3558613216512
0.177509736109,0.009583564111182288,0.0137532824212,2.5435626033956,0.0,1050.089425809191
0.178144736109,0.009583564111182288,0.0137532824212,2.5001216861859996,0.0,1063.601851799077
0.178779736109,0.009583564111182288,0.0137532824212,2.458847419059,0.0,1076.9158816891572
0.179414736109,0.009583564111182288,0.0137532824212,2.4137167641345,0.0055287998951876,1090.7793362224272
0.180049736109,0.009583564111182288,0.0137532824212,2.3681841943901,0.0,1108.268724607645
0.180684736109,0.009583564111182288,0.0137532824212,2.3200753412726,0.0,1126.5987144682067
0.181319736109,0.009583564111182288,0.0137532824212,2.2660514626889,0.0,1146.7260466577272
0.181954736109,0.009583564111182288,0.0137532824212,2.2062154093051998,0.0,1169.2544264988483
0.182589736109,0.009583564111182288,0.0137532824212,2.1404834402676998,0.0,1195.1345906948786
0.17052473610899999,0.01016997559866718,0.0137532824212,3.3899332579959998,0.0,804.5510755817819
0.17115973610899998,0.01016997559866718,0.0137532824212,3.2619388379916,0.0,843.0422938483711
0.17179473610899998,0.01016997559866718,0.0137532824212,3.1417078098541,0.0,877.8987965481359
0.172429736109,0.01016997559866718,0.0137532824212,3.0320574999882,0.0,908.9697469687842
0.173064736109,0.01016997559866718,0.0137532824212,2.9339811489935,0.0,935.7064537953463
0.173699736109,0.01016997559866718,0.0137532824212,2.8486486044032002,0.0,958.608574615443
0.174334736109,0.01016997559866718,0.0137532824212,2.7760058308633,0.0,978.5377605622455
0.174969736109,0.01016997559866718,0.0137532824212,2.7135156081421,0.0,995.8035594400554
0.175604736109,0.01016997559866718,0.0137532824212,2.6602142236235,0.0,1010.9826983492973
0.17623973610899998,0.01016997559866718,0.0137532824212,2.6132110580017,0.0,1024.6899962430457
0.176874736109,0.01016997559866718,0.0137532824212,2.5706558050040003,0.0,1037.4233707857463
0.177509736109,0.01016997559866718,0.0137532824212,2.5314162028059,0.0,1049.966527055649
0.178144736109,0.01016997559866718,0.0137532824212,2.4923232299429,0.0,1062.8076187893882
0.178779736109,0.01016997559866718,0.0137532824212,2.4524538295648,0.0,1076.0785365992942
0.179414736109,0.01016997559866718,0.0137532824212,2.4107184560459,0.0,1090.620859201414
0.180049736109,0.01016997559866718,0.0137532824212,2.3663380010464,0.0,1106.837959528746
0.180684736109,0.01016997559866718,0.0137532824212,2.31799108955,0.0,1124.8355666405082
0.181319736109,0.01016997559866718,0.0137532824212,2.2647881298000003,0.0,1145.1148734000203
0.181954736109,0.01016997559866718,0.0137532824212,2.2045328487595,0.0,1168.0807794269015
0.182589736109,0.01016997559866718,0.0137532824212,2.1376752729699002,0.0,1194.582732221101
0.17052473610899999,0.010715124450016203,0.0137532824212,3.3678126643595,0.0057218364588049,813.8455010355813
0.17115973610899998,0.010715124450016203,0.0137532824212,3.2297722597186,0.0057218364588049,854.4847649190858
0.17179473610899998,0.010715124450016203,0.0137532824212,3.1007346431118,0.0,890.8001118469504
0.172429736109,0.010715124450016203,0.0137532824212,2.9872156062833,0.0,921.8148928492947
0.173064736109,0.010715124450016203,0.0137532824212,2.8887326216504,0.0,947.4597166904607
0.173699736109,0.010715124450016203,0.0137532824212,2.806443884929,0.0,968.227319741995
0.174334736109,0.010715124450016203,0.0137532824212,2.7394850345205,0.0,985.6460191032105
0.174969736109,0.010715124450016203,0.0137532824212,2.6834226779474997,0.0,1000.4843078492685
0.175604736109,0.010715124450016203,0.0137532824212,2.6367231296441003,0.0,1013.4716760623402
0.17623973610899998,0.010715124450016203,0.0137532824212,2.5954454407329,0.0,1025.2964297685703
0.176874736109,0.010715124450016203,0.0137532824212,2.5580189477494,0.0,1036.42666749036
0.177509736109,0.010715124450016203,0.0137532824212,2.5226795945291998,0.0,1048.0117758673098
0.178144736109,0.010715124450016203,0.0137532824212,2.4868132757878,0.0,1060.3550728875107
0.178779736109,0.010715124450016203,0.0137532824212,2.4490787785425,0.0,1073.6095646768129
0.179414736109,0.010715124450016203,0.0137532824212,2.4089186773711,0.0,1088.1262197678225
0.180049736109,0.010715124450016203,0.0137532824212,2.3653354089244,0.0,1104.261452665709
0.180684736109,0.010715124450016203,0.0137532824212,2.3173151006415997,0.0,1122.3853498599758
0.181319736109,0.010715124450016203,0.0137532824212,2.2639022923896,0.0,1142.9810314440322
0.181954736109,0.010715124450016203,0.0137532824212,2.2028528556926,0.0,1166.4811108162592
0.182589736109,0.010715124450016203,0.0137532824212,2.1345985627451,0.0,1193.7412966965492
0.17052473610899999,0.011221914095972478,0.0137532824212,3.3445279710688,0.0,825.292544425409
0.17115973610899998,0.011221914095972478,0.0137532824212,3.1921067594409998,0.0,868.0521901954605
0.17179473610899998,0.011221914095972478,0.0137532824212,3.0526029239392996,0.0058769647831154,903.2950707721886
0.172429736109,0.011221914095972478,0.0137532824212,2.9377965789922,0.0,933.4955770584235
0.173064736109,0.011221914095972478,0.0137532824212,2.8413254188087,0.0,957.3342857638299
0.173699736109,0.011221914095972478,0.0137532824212,2.7642271013250004,0.0058769647831154,975.0173213260101
0.174334736109,0.011221914095972478,0.0137532824212,2.7050868921416003,0.0,990.1173604846687
0.174969736109,0.011221914095972478,0.0137532824212,2.6562287526886004,0.0,1002.6065676763917
0.175604736109,0.011221914095972478,0.0137532824212,2.6171848542977,0.0,1013.5617676501395
0.17623973610899998,0.011221914095972478,0.0137532824212,2.5811517310412,0.0,1023.6962493254459
0.176874736109,0.011221914095972478,0.0137532824212,2.5490572365538,0.0058769647831151,1032.7942240813131
0.177509736109,0.011221914095972478,0.0137532824212,2.5169714266420002,0.0,1044.297896321469
0.178144736109,0.011221914095972478,0.0137532824212,2.4837971206805998,0.0,1056.5537079000894
0.178779736109,0.011221914095972478,0.0137532824212,2.4473515272535997,0.0,1069.8787122302945
0.179414736109,0.011221914095972478,0.0137532824212,2.4081052712794997,0.0,1084.520172465379
0.180049736109,0.011221914095972478,0.0137532824212,2.3650118333826,0.0,1100.865145292017
0.180684736109,0.011221914095972478,0.0137532824212,2.3170114793551,0.0,1119.3086105452678
0.181319736109,0.011221914095972478,0.0137532824212,2.2631770979789003,0.0,1140.3731232695877
0.181954736109,0.011221914095972478,0.0137532824212,2.2011025371926,0.0,1164.5321735622438
0.182589736109,0.011221914095972478,0.0137532824212,2.1312838654747,0.0,1192.6954199619506
0.17052473610899999,0.011693043668405624,0.0137532824212,3.317836346215,0.0,837.0064377431157
0.17115973610899998,0.011693043668405624,0.0137532824212,3.1468637621993,0.0,881.4638730502566
0.17179473610899998,0.011693043668405624,0.0137532824212,3.0020712889736,0.0,916.842704684234
0.172429736109,0.011693043668405624,0.0137532824212,2.8842123404219002,0.0,944.5617022779452
0.173064736109,0.011693043668405624,0.0137532824212,2.7915062567028,0.0,965.3447267329607
0.173699736109,0.011693043668405624,0.0137532824212,2.7227304776713,0.0,980.4499126075381
0.174334736109,0.011693043668405624,0.0137532824212,2.6725325441478,0.0,992.2282003211413
0.174969736109,0.011693043668405624,0.0137532824212,2.6332411620458998,0.0,1002.1248740050443
0.175604736109,0.011693043668405624,0.0137532824212,2.6012479081237,0.0,1011.252978019729
0.17623973610899998,0.011693043668405624,0.0137532824212,2.5716239231404,0.0,1020.3404095544169
0.176874736109,0.011693043668405624,0.0137532824212,2.542951210939,0.0,1029.7013464419063
0.177509736109,0.011693043668405624,0.0137532824212,2.5135671011477,0.0,1040.293842066733
0.178144736109,0.011693043668405624,0.0137532824212,2.4818332565304,0.0,1052.2062232551143
0.178779736109,0.011693043668405624,0.0137532824212,2.4468039110907,0.0,1065.5102492525746
0.179414736109,0.011693043668405624,0.0137532824212,2.4081341628644,0.0,1080.3459080285133
0.180049736109,0.011693043668405624,0.0137532824212,2.3651787696698,0.0,1097.000758423382
0.180684736109,0.011693043668405624,0.0137532824212,2.3169574544911997,0.0,1115.8553513506122
0.181319736109,0.011693043668405624,0.0137532824212,2.2625723457745996,0.0,1137.4749272369784
0.181954736109,0.011693043668405624,0.0137532824212,2.1993211512139004,0.0,1162.3816957160448
0.182589736109,0.011693043668405624,0.0137532824212,2.1278428495942,0.0,1191.582991974902
0.17052473610899999,0.012131022375729472,0.0137532824212,3.2865711300813003,0.0,849.2872712511552
0.17115973610899998,0.012131022375729472,0.0137532824212,3.0952784263133,0.0,895.0593277370564
0.17179473610899998,0.012131022375729472,0.0137532824212,2.9405363146103998,0.0,929.1239502782685
0.172429736109,0.012131022375729472,0.0137532824212,2.8245950299552,0.0,953.4321122045411
0.173064736109,0.012131022375729472,0.0137532824212,2.7421106582415997,0.0,970.3039176231446
0.173699736109,0.012131022375729472,0.0137532824212,2.6851819146542,0.0,982.0354185618143
0.174334736109,0.012131022375729472,0.0137532824212,2.6455734330755,0.0,990.9583734583155
0.174969736109,0.012131022375729472,0.0137532824212,2.6155239179712,0.0,998.8104549192888
0.175604736109,0.012131022375729472,0.0137532824212,2.5901161464906,0.0,1006.7024552383095
0.17623973610899998,0.012131022375729472,0.0137532824212,2.565440699192,0.0,1015.2272079479749
0.176874736109,0.012131022375729472,0.0137532824212,2.539773079473,0.0,1024.6415390886061
0.177509736109,0.012131022375729472,0.0137532824212,2.5120602993884,0.0,1035.275777898601
0.178144736109,0.012131022375729472,0.0137532824212,2.4813385986292,0.0,1047.3026187939747
0.178779736109,0.012131022375729472,0.0137532824212,2.4469591254296,0.0,1060.8189446093845
0.179414736109,0.012131022375729472,0.0137532824212,2.4085340528426,0.0,1075.9609162623033
0.180049736109,0.012131022375729472,0.0137532824212,2.3655398692287997,0.0,1092.9925823233339
0.180684736109,0.012131022375729472,0.0137532824212,2.3170123076992004,0.0,1112.298651436906
0.181319736109,0.012131022375729472,0.0137532824212,2.2620882027802,0.0,1134.508388324425
0.181954736109,0.012131022375729472,0.0137532824212,2.197600216024,0.0,1160.2076613529505
0.182589736109,0.012131022375729472,0.0137532824212,2.1245081119262,0.0,1190.5817115765274
0.17052473610899999,0.0125381828667986,0.0137532824212,3.2478010272374,0.0,862.204039151025
0.17115973610899998,0.0125381828667986,0.0137532824212,3.0310979776074003,0.0,908.1109069283087
0.17179473610899998,0.0125381828667986,0.0137532824212,2.8709177024594,0.0,939.1673123233147
0.172429736109,0.0125381828667986,0.0137532824212,2.7636657025851004,0.0,958.9406813556943
0.173064736109,0.0125381828667986,0.0137532824212,2.6956737042752996,0.0,971.352228096319
0.173699736109,0.0125381828667986,0.0137532824212,2.6531048791764,0.0,979.6787312149295
0.174334736109,0.0125381828667986,0.0137532824212,2.6249494161005997,0.0,986.3875321576398
0.174969736109,0.0125381828667986,0.0137532824212,2.6032843823953002,0.0,993.0601037321819
0.175604736109,0.0125381828667986,0.0137532824212,2.5833134807079996,0.0,1000.5102548910254
0.17623973610899998,0.0125381828667986,0.0137532824212,2.562133939026,0.0,1009.0698365311765
0.176874736109,0.0125381828667986,0.0137532824212,2.5384705960882,0.0,1018.8291290873454
0.177509736109,0.0125381828667986,0.0137532824212,2.5117527616287,0.0,1029.8771662843358
0.178144736109,0.0125381828667986,0.0137532824212,2.4815222495981,0.0,1042.304700761456
0.178779736109,0.0125381828667986,0.0137532824212,2.4473986255243,0.0,1056.2077572769863
0.179414736109,0.0125381828667986,0.0137532824212,2.4090314138032,0.0,1071.7388994917237
0.180049736109,0.0125381828667986,0.0137532824212,2.3659400452984,0.0,1089.1749839901095
0.180684736109,0.0125381828667986,0.0137532824212,2.3171256018478,0.0,1108.9229858576198
0.181319736109,0.0125381828667986,0.0137532824212,2.2617916542226997,0.0,1131.7022350364157
0.181954736109,0.0125381828667986,0.0137532824212,2.1960841116634997,0.0,1158.1776334223425
0.182589736109,0.0125381828667986,0.0137532824212,2.1216971162354,0.0,1189.8720973215372
0.17052473610899999,0.012916693654459044,0.0137532824212,3.1957263451474,0.0,875.6007971156525
0.17115973610899998,0.012916693654459044,0.0137532824212,2.9499133347557,0.0,919.6402327189818
0.17179473610899998,0.012916693654459044,0.0137532824212,2.7939948565945003,0.0,945.5010282224152
0.172429736109,0.012916693654459044,0.0137532824212,2.7042916023892003,0.0,959.7378135390875
0.173064736109,0.012916693654459044,0.0137532824212,2.6555201980214997,0.0,967.8818934883678
0.173699736109,0.012916693654459044,0.0137532824212,2.6285236005908,0.0,973.7036166698654
0.174334736109,0.012916693654459044,0.0137532824212,2.6110968179493996,0.0,979.3869915437317
0.174969736109,0.012916693654459044,0.0137532824212,2.5961388166337,0.0,985.9528366633758
0.175604736109,0.012916693654459044,0.0137532824212,2.5799808487584,0.0,993.768760436964
0.17623973610899998,0.012916693654459044,0.0137532824212,2.5609046868536,0.0,1002.8865328020892
0.176874736109,0.012916693654459044,0.0137532824212,2.5383133104269002,0.0,1013.2636502893544
0.177509736109,0.012916693654459044,0.0137532824212,2.5120517069492,0.0,1024.8936128056107
0.178144736109,0.012916693654459044,0.0137532824212,2.4819838995357997,0.0,1037.8265339263414
0.178779736109,0.012916693654459044,0.0137532824212,2.4479074982291,0.0,1052.1651910538492
0.179414736109,0.012916693654459044,0.0137532824212,2.409509306401,0.0,1068.085117774529
0.180049736109,0.012916693654459044,0.0137532824212,2.3663253398555,0.0,1085.887328886803
0.180684736109,0.012916693654459044,0.0137532824212,2.3172997697353,0.0,1106.004066084401
0.181319736109,0.012916693654459044,0.0137532824212,2.2617702548949996,0.0,1129.2607790912487
0.181954736109,0.012916693654459044,0.0137532824212,2.1949402099206,0.0,1156.4047568189303
0.182589736109,0.012916693654459044,0.0137532824212,2.1201318181868,0.0,1189.6130653374137
0.17052473610899999,0.013268570664920274,0.0137532824212,3.1051714336925,0.0,889.9565385517187
0.17115973610899998,0.013268570664920274,0.0137532824212,2.8423217986691998,0.0,927.9642489735137
0.17179473610899998,0.013268570664920274,0.0137532824212,2.7108873809185,0.0,946.2368152994551
0.172429736109,0.013268570664920274,0.0137532824212,2.6505929739848,0.0,955.017256606287
0.173064736109,0.013268570664920274,0.0137532824212,2.6246402153874997,0.0,960.4178170160438
0.173699736109,0.013268570664920274,0.0137532824212,2.6124619956557003,0.0,965.5793516726721
0.174334736109,0.013268570664920274,0.0137532824212,2.6034939391687,0.0,971.7208577886304
0.174969736109,0.013268570664920274,0.0137532824212,2.5930292372707,0.0,979.1596717577584
0.175604736109,0.013268570664920274,0.0137532824212,2.5790059469482,0.0,987.8926844435615
0.17623973610899998,0.013268570664920274,0.0137532824212,2.5608940477505002,0.0,997.8203749251511
0.176874736109,0.013268570664920274,0.0137532824212,2.5387003968389004,0.0,1008.8760854026788
0.177509736109,0.013268570664920274,0.0137532824212,2.5125520265566,0.0,1021.0596044391672
0.178144736109,0.013268570664920274,0.0137532824212,2.4824793163106,0.0,1034.4363371557972
0.178779736109,0.013268570664920274,0.0137532824212,2.4483664538372,0.0,1049.133737670565
0.179414736109,0.013268570664920274,0.0137532824212,2.4099171822252,0.0,1065.3524471857306
0.180049736109,0.013268570664920274,0.0137532824212,2.3666771826902,0.0,1083.4144859440555
0.180684736109,0.013268570664920274,0.0137532824212,2.3175445960113,0.0,1103.764897800638
0.181319736109,0.013268570664920274,0.0137532824212,2.2620719476183,0.0,1127.3248148158286
0.181954736109,0.013268570664920274,0.0137532824212,2.1943318085143,0.0,1154.905089135415
0.182589736109,0.013268570664920274,0.0137532824212,2.1210451503513,0.0,1189.964191820738
0.17052473610899999,0.013595687974459696,0.0137532824212,2.8393095154920003,0.0075152433345402,909.6426499859541
0.17115973610899998,0.013595687974459696,0.0137532824212,2.6183944643148003,0.0,932.3200407529268
0.17179473610899998,0.013595687974459696,0.0137532824212,2.5726650854717,0.0,940.7121307290012
0.172429736109,0.013595687974459696,0.0137532824212,2.5794989640134,0.0,946.048773872893
0.173064736109,0.013595687974459696,0.0137532824212,2.5946109555028998,0.0,951.6012584936836
0.173699736109,0.013595687974459696,0.0137532824212,2.6037220890052004,0.0,958.2220759482328
0.174334736109,0.013595687974459696,0.0137532824212,2.6042787549781,0.0,965.9249066971868
0.174969736109,0.013595687974459696,0.0137532824212,2.5975451104051,0.0,974.6354118524521
0.175604736109,0.013595687974459696,0.0137532824212,2.5843713546402,0.0,984.3024927675043
0.17623973610899998,0.013595687974459696,0.0137532824212,2.5661030373776,0.0,994.8788194093542
0.176874736109,0.013595687974459696,0.0137532824212,2.5434675379825,0.0,1006.3895808897342
0.177509736109,0.013595687974459696,0.0137532824212,2.5168422529637,0.0,1018.9014158920643
0.178144736109,0.013595687974459696,0.0137532824212,2.4863457080754,0.0,1032.5207733291143
0.178779736109,0.013595687974459696,0.0137532824212,2.4518857540967,0.0,1047.4021681747292
0.179414736109,0.013595687974459696,0.0137532824212,2.4131647539881,0.0,1063.7630626990563
0.180049736109,0.013595687974459696,0.0137532824212,2.3697498958375003,0.0,1081.9320956130646
0.180684736109,0.013595687974459696,0.0137532824212,2.3205986936164,0.0,1102.341718221842
0.181319736109,0.013595687974459696,0.0137532824212,2.2657496066891003,0.0,1125.9434135223676
0.181954736109,0.013595687974459696,0.0137532824212,2.1990980180874002,0.0,1153.5759810706024
0.182589736109,0.013595687974459696,0.0137532824212,2.1342079272804,0.0,1191.259153236207
0.184041802879815,0.0006331592926340863,0.013813967987643751,2.0754653942811,0.0,1197.1181947562893
0.186310936421445,0.0006387223039798477,0.013935339120531251,1.9962110994128,0.011045157333574,1216.7832112424016
0.188580069963075,0.0006442853153256091,0.014056710253418751,1.9137788427205,0.0,1243.6565235325788
0.190849203504705,0.0006498483266713706,0.014178081386306251,1.8346426498177,0.010670190017323,1261.4201395558837
0.193118337046335,0.0006554113380171319,0.014299452519193751,1.7550494838064001,0.0,1289.370660743295
0.19538747058796502,0.0006609743493628934,0.014420823652081251,1.679287612101,0.010313997932167,1306.1841627880522
0.19765660412959501,0.0006665373607086548,0.014542194784968751,1.6141040598756,0.0,1331.5899173631917
0.199925737671225,0.0006721003720544162,0.014663565917856251,1.5556343713138001,0.0,1348.2398101697847
0.202194871212855,0.0006776633834001776,0.014784937050743751,1.4996969152791,0.019624487908098,1359.1871993207562
0.204464004754485,0.0006832263947459391,0.014906308183631251,1.4560202181325002,0.0,1379.928618650632
0.206733138296115,0.0006887894060917004,0.01502767931651875,1.4192297071521,0.0094978113071173,1380.262837294031
0.209002271837745,0.0006943524174374618,0.01514905044940625,1.3887913046784,0.018692465359586,1367.4901010056512
0.211271405379375,0.0006999154287832233,0.01527042158229375,1.3454883291789,0.045991269697349,1352.0433439239746
0.213540538921005,0.0007054784401289846,0.01539179271518125,1.2926435643704,0.0,1390.872373574477
0.215809672462635,0.0007110414514747461,0.01551316384806875,1.2595432190836,0.026737944416113,1393.5657914959418
0.218078806004265,0.0007166044628205076,0.015634534980956252,1.2231992017246,0.0087748079002238,1415.1444185376863
0.220347939545895,0.000722167474166269,0.01575590611384375,1.1941346867567,0.0,1438.1952106113274
0.22261707308752499,0.0007277304855120302,0.01587727724673125,1.1695014628423002,0.0085085501689505,1442.8221121293755
0.224886206629155,0.0007332934968577918,0.01599864837961875,1.1376457546957999,0.016759886043597,1452.970105256236
0.227155340170785,0.0007388565082035532,0.016120019512506252,1.1102157886754,0.0,1477.9614517989737
0.229424473712415,0.0007444195195493146,0.01624139064539375,1.0840636570813,0.0,1494.8161064636408
0.231693607254045,0.0007499825308950759,0.01636276177828125,1.0582489489982998,0.0,1506.126957274073
0.233962740795675,0.0007555455422408375,0.01648413291116875,1.0366657377794,0.0078936080575398,1504.7808645195164
0.236231874337305,0.0007611085535865989,0.016605504044056252,1.0105657050966,0.0077786400757399,1510.8033079391125
0.238501007878935,0.0007666715649323602,0.01672687517694375,0.98501492513598,0.0076661656306771,1521.6646570687187
0.240770141420565,0.0007722345762781217,0.01684824630983125,0.96087573159903,0.0,1542.5025104700733
0.24303927496219502,0.000777797587623883,0.01696961744271875,0.93950721466095,0.0,1557.0720826114523
0.24530840850382502,0.0007833605989696446,0.01709098857560625,0.9195166161133099,0.0,1566.3905339897535
0.247577542045455,0.0007889236103154059,0.01721235970849375,0.8980637075203199,0.0,1575.5740403657157
0.249846675587085,0.0007944866216611674,0.01733373084138125,0.87680546699213,0.0,1585.8107487600416
0.252115809128715,0.0008000496330069287,0.01745510197426875,0.85622376197677,0.0,1596.0738676879223
0.254384942670345,0.0008056126443526902,0.01757647310715625,0.83647692349622,0.0,1605.5000761694694
0.256654076211975,0.0008111756556984515,0.01769784424004375,0.81891972329536,0.0,1613.8341026800786
0.258923209753605,0.0008167386670442131,0.01781921537293125,0.80271077447115,0.0,1620.4585629985766
0.261192343295235,0.0008223016783899744,0.01794058650581875,0.7881634781403299,0.0,1622.840614785452
0.263461476836865,0.0008278646897357359,0.01806195763870625,0.7748244901913199,0.0065747381759443,1606.2758803979132
0.265730610378495,0.0008334277010814972,0.01818332877159375,0.75269545432749,0.0,1626.090452006657
0.267999743920125,0.0008389907124272586,0.01830469990448125,0.7354241982411901,0.0,1641.50785314292
0.270268877461755,0.00084455372377302,0.01842607103736875,0.72110407525934,0.0,1653.6019423159398
0.272538011003385,0.0008501167351187815,0.01854744217025625,0.70860862279068,0.0,1663.1355898514757
0.274807144545015,0.000855679746464543,0.018668813303143753,0.69571111721911,0.0,1669.1362468408893
0.277076278086645,0.0008612427578103043,0.01879018443603125,0.68459194666925,0.0060749980065208,1663.719137262129
0.279345411628275,0.0008668057691560657,0.01891155556891875,0.6688542376504599,0.0,1675.7937228695894
0.28161454516990503,0.0008723687805018272,0.01903292670180625,0.65449633335571,0.0,1683.4410361446219
0.28388367871153497,0.0008779317918475887,0.019154297834693752,0.6406314016378399,0.0,1690.8142768737016
0.286152812253165,0.00088349480319335,0.01927566896758125,0.6276964791769201,0.0,1699.7277279159641
0.288421945794795,0.0008890578145391114,0.01939704010046875,0.61611580991908,0.0,1707.2761060681785
0.290691079336425,0.0008946208258848728,0.01951841123335625,0.6050701272842299,0.0,1712.618979915084
0.292960212878055,0.0009001838372306344,0.019639782366243752,0.59441956306529,0.0,1717.3707656631314
0.295229346419685,0.0009057468485763957,0.01976115349913125,0.58356969839115,0.0,1721.0856791059668
0.297498479961315,0.000911309859922157,0.01988252463201875,0.57251813414817,0.0,1726.9946496537227
0.299767613502945,0.0009168728712679185,0.02000389576490625,0.56112920927733,0.0,1732.917418768396
0.302036747044575,0.0009224358826136799,0.020125266897793752,0.55010711161129,0.0,1740.0176823561244
0.304305880586205,0.0009279988939594413,0.02024663803068125,0.53990233980964,0.0,1747.3813289736966
0.306575014127835,0.0009335619053052028,0.02036800916356875,0.53032467141226,0.0,1754.1365474108693
0.308844147669465,0.0009391249166509642,0.02048938029645625,0.52089433712552,0.0,1760.3662492234396
0.311113281211095,0.0009446879279967256,0.02061075142934375,0.5118227994033,0.0,1766.277195793704
0.313382414752725,0.000950250939342487,0.02073212256223125,0.50277004479175,0.0,1772.000843642553
0.315651548294355,0.0009558139506882483,0.020853493695118748,0.49407951150085005,0.0,1776.8951032706839
0.317920681835985,0.0009613769620340098,0.02097486482800625,0.48507165491903004,0.0,1779.830247175029
0.320189815377615,0.0009669399733797713,0.02109623596089375,0.47567428618647,0.0,1785.7472361953508
0.322458948919245,0.0009725029847255326,0.02121760709378125,0.46673643428893996,0.0,1792.2000142869683
0.32472808246087503,0.0009780659960712942,0.02133897822666875,0.45881328105383,0.0,1798.7410475676165
0.326997216002505,0.0009836290074170554,0.02146034935955625,0.45090439856238,0.0,1804.731365758708
0.32926634954413503,0.0009891920187628169,0.02158172049244375,0.44343565850669,0.0,1810.9922081886552
0.33153548308576497,0.0009947550301085783,0.021703091625331253,0.43567601635768005,0.0,1816.200872462695
0.333804616627395,0.0010003180414543398,0.02182446275821875,0.42781118450933003,0.0,1823.74732150408
0.33607375016902497,0.001005881052800101,0.02194583389110625,0.42042849397364995,0.0,1831.483814283272
0.338342883710655,0.0010114440641458627,0.02206720502399375,0.41358713133618996,0.0,1838.3988926445556
0.34061201725228496,0.001017007075491624,0.02218857615688125,0.40773656998179,0.0,1843.8778134582112
0.342881150793915,0.0010225700868373854,0.022309947289768747,0.40166455898192,0.0,1846.8251104177996
0.34515028433554495,0.0010281330981831468,0.02243131842265625,0.39665341477441995,0.0042628404219144,1843.1226871035155
0.347419417877175,0.0010336961095289083,0.02255268955554375,0.39003909161833,0.0,1850.476637840379
0.349688551418805,0.0010392591208746697,0.022674060688431252,0.38386109878712,0.0,1854.8082620592597
0.351957684960435,0.0010448221322204312,0.02279543182131875,0.37811176401381996,0.0,1858.7560057086916
0.354226818502065,0.0010503851435661924,0.02291680295420625,0.37222578443476,0.0,1860.7958347800125
0.356495952043695,0.0010559481549119538,0.02303817408709375,0.36518160754695,0.0,1865.3462931456345
0.358765085585325,0.0010615111662577153,0.023159545219981252,0.35809816736863,0.0,1872.1324841561948
0.361034219126955,0.0010670741776034767,0.02328091635286875,0.35126238483575,0.0,1879.3895648356095
0.363303352668585,0.001072637188949238,0.02340228748575625,0.34501293054331,0.0,1887.8609777564932
0.365572486210215,0.0010782002002949996,0.02352365861864375,0.33911387343819005,0.0,1896.0151895159077
0.367841619751845,0.001083763211640761,0.023645029751531252,0.33417783827274,0.0,1903.4502092116447
0.370110753293475,0.0010893262229865223,0.02376640088441875,0.32966570727801003,0.0,1909.6428021071965
0.372379886835105,0.0010948892343322838,0.02388777201730625,0.3257289083124,0.0,1913.7580668775968
0.374649020376735,0.0011004522456780452,0.02400914315019375,0.32143047736242,0.0,1915.4652778177128
0.37691815391836503,0.0011060152570238067,0.02413051428308125,0.31650466887535,0.0,1918.9941904225739
0.37918728745999497,0.001111578268369568,0.02425188541596875,0.31160892362218,0.0,1923.867651579933
0.381456421001625,0.0011171412797153293,0.024373256548856248,0.3073239789235,0.0,1927.8925522014574
0.38372555454325497,0.0011227042910610908,0.02449462768174375,0.30352273333549,0.0,1929.1685307384637
0.385994688084885,0.0011282673024068525,0.02461599881463125,0.30072744765135,0.0,1919.8089872514302
0.38826382162651496,0.0011338303137526137,0.02473736994751875,0.29527810846098,0.0070102226567229,1904.7781253139954
0.390532955168145,0.0011393933250983751,0.024858741080406248,0.28769434440330005,0.0,1927.5690085578606
0.392802088709775,0.0011449563364441366,0.02498011221329375,0.28347008861583,0.0034373211588065,1932.1483463647746
0.395071222251405,0.001150519347789898,0.02510148334618125,0.27878795644454,0.0,1946.5924227664966
0.39734035579303495,0.0011560823591356593,0.02522285447906875,0.27504490430741,0.0,1955.0059167120276
0.399609489334665,0.0011616453704814207,0.025344225611956248,0.27188244836004005,0.0,1955.5872787214487
0.40187862287629494,0.0011672083818271822,0.02546559674484375,0.26776414173424,0.0033075102468262,1951.3876656251764
0.404147756417925,0.0011727713931729436,0.02558696787773125,0.2620621203132,0.0,1972.389181946286
0.406416889959555,0.001178334404518705,0.02570833901061875,0.25839411100657,0.0,1986.2205336689979
0.408686023501185,0.0011838974158644663,0.025829710143506247,0.25510419174998,0.0,1996.6634959876774
0.41095515704281493,0.0011894604272102277,0.02595108127639375,0.25197157237193,0.0,2005.251591605078
0.413224290584445,0.0011950234385559894,0.02607245240928125,0.24929055854477,0.0,2012.375993930748
0.41549342412607493,0.0012005864499017506,0.02619382354216875,0.24671028814027,0.0,2017.7087913262226
0.417762557667705,0.001206149461247512,0.026315194675056247,0.24427355655458,0.0,2019.4774870515878
0.420031691209335,0.0012117124725932735,0.02643656580794375,0.24212550770659,0.0030690141888293,2008.253024449305
0.422300824750965,0.001217275483939035,0.02655793694083125,0.23711857966071,0.0,2020.0263760066612
0.424569958292595,0.0012228384952847962,0.02667930807371875,0.23292167879979,0.0,2030.841526936888
0.42683909183422497,0.0012284015066305577,0.026800679206606247,0.22936143677843002,0.0,2039.7574634147845
0.42910822537585497,0.0012339645179763191,0.02692205033949375,0.22643372598556002,0.0,2046.6509054691423
0.43137735891748497,0.0012395275293220806,0.02704342147238125,0.22399068783539,0.0,2051.3254068654296
0.43364649245911496,0.0012450905406678422,0.027164792605268752,0.22168891868341,0.0,2052.3648405522267
0.43591562600074496,0.0012506535520136035,0.02728616373815625,0.22011695968863002,0.0028808726315933,2039.7103520303172
0.438184759542375,0.0012562165633593647,0.02740753487104375,0.21620403757134002,0.0,2048.4752327047368
0.440453893084005,0.0012617795747051264,0.02752890600393125,0.21319192310047,0.0,2052.352558201708
0.442723026625635,0.0012673425860508878,0.02765027713681875,0.20934334021627998,0.0028054986315731,2058.286550117535
0.444992160167265,0.001272905597396649,0.02777164826970625,0.20652493967535998,0.0,2065.733387088387
0.447261293708895,0.0012784686087424105,0.027893019402593748,0.20375006424713002,0.0,2070.5800894736412
0.449530427250525,0.001284031620088172,0.02801439053548125,0.20175675753386998,0.0,2063.1498833994747
0.451799560792155,0.0012895946314339334,0.02813576166836875,0.19809357605205,0.0027095159329382,2074.8387425509018
0.454068694333785,0.0012951576427796948,0.028257132801256253,0.1949174852107,0.0,2084.6401977524743
0.456337827875415,0.0013007206541254563,0.02837850393414375,0.19237458437939,0.0,2092.964826270203
0.458606961417045,0.0013062836654712175,0.02849987506703125,0.19011607442013,0.0,2099.9688782045496
0.460876094958675,0.0013118466768169792,0.02862124619991875,0.18815436584324,0.0,2105.574957201513
0.463145228500305,0.0013174096881627406,0.028742617332806253,0.18630255313805,0.0,2109.8182790629257
0.46541436204193504,0.0013229726995085019,0.02886398846569375,0.18416777292234,0.0,2113.1012936951765
0.467683495583565,0.0013285357108542633,0.02898535959858125,0.18208611630632998,0.0,2117.2944281236546
0.469952629125195,0.0013340987222000248,0.02910673073146875,0.18024379555121,0.0,2121.0986173051165
0.472221762666825,0.001339661733545786,0.02922810186435625,0.17846649585147,0.0,2122.813064763945
0.47449089620845497,0.0013452247448915474,0.029349472997243747,0.17737250391563,0.0,2120.4626367537635
0.47676002975008497,0.0013507877562373089,0.02947084413013125,0.17625440575723,0.0,2114.2410833505746
0.47902916329171497,0.0013563507675830703,0.029592215263018747,0.17438300827249,0.0024493687454146,2097.2891574956598
0.48129829683334496,0.0013619137789288318,0.02971358639590625,0.17169950644095,0.0024293997596741,2092.760468373772
0.48356743037497496,0.0013674767902745932,0.02983495752879375,0.1680144452994,0.0,2107.422014482178
0.48583656391660496,0.0013730398016203545,0.02995632866168125,0.16549915327071,0.0,2117.1660787551623
0.48810569745823496,0.0013786028129661161,0.03007769979456875,0.16345894517857,0.0,2123.1734063687136
0.490374830999865,0.0013841658243118774,0.03019907092745625,0.1614149045168,0.0,2128.2988337198
0.492643964541495,0.0013897288356576388,0.03032044206034375,0.15946236416825,0.0,2133.5742234311056
0.494913098083125,0.0013952918470034003,0.03044181319323125,0.15766988128182,0.0,2138.289332560277
0.497182231624755,0.0014008548583491617,0.03056318432611875,0.15601187736789,0.0,2141.9888967548145
0.499451365166385,0.001406417869694923,0.03068455545900625,0.15439784906372,0.0,2144.711256342841
0.501720498708015,0.0014119808810406846,0.03080592659189375,0.15314604894175,0.0,2141.9151346444864
0.503989632249645,0.0014175438923864458,0.03092729772478125,0.1512669729197,0.0022424627002879,2134.4624310202566
0.5062587657912749,0.0014231069037322073,0.03104866885766875,0.1484386536157,0.0,2149.065486898051
0.508527899332905,0.001428669915077969,0.03117003999055625,0.14656170059434,0.0,2158.955319902587
0.510797032874535,0.00143423292642373,0.031291411123443746,0.14485641572013,0.0,2166.494410379551
0.513066166416165,0.0014397959377694916,0.03141278225633125,0.14327621594716,0.0,2172.67404110763
0.5153352999577949,0.001445358949115253,0.03153415338921875,0.14179151075580002,0.0,2178.328195957126
0.517604433499425,0.0014509219604610145,0.03165552452210625,0.14033274472764,0.0,2183.4502295039
0.519873567041055,0.001456484971806776,0.03177689565499375,0.13899193731105,0.0,2187.8739861725358
0.5221427005826851,0.0014620479831525374,0.031898266787881255,0.13762075505683,0.0,2191.6011915706754
0.5244118341243149,0.0014676109944982987,0.03201963792076875,0.13657840165765,0.0020920708222142,2191.309303061832
0.526680967665945,0.0014731740058440599,0.032141009053656244,0.1350700672858,0.0,2196.267160303389
0.528950101207575,0.0014787370171898213,0.032262380186543746,0.13351979099977,0.0,2200.990728341833
0.531219234749205,0.0014843000285355828,0.03238375131943125,0.13214222472325,0.0,2205.343127633365
0.5334883682908349,0.0014898630398813442,0.03250512245231875,0.13070421229202,0.0,2208.9370463956416
0.535757501832465,0.001495426051227106,0.03262649358520625,0.12938215786958,0.0,2212.3246848177014
0.538026635374095,0.0015009890625728673,0.03274786471809375,0.12812850161219,0.0,2215.1236807013615
0.540295768915725,0.0015065520739186286,0.03286923585098125,0.12685259230799,0.0,2216.921530046221
0.5425649024573549,0.00151211508526439,0.03299060698386875,0.12595864703691,0.0019707368333498,2212.9570174449223
0.544834035998985,0.0015176780966101515,0.03311197811675625,0.12437993773919001,0.0,2218.324693561419
0.547103169540615,0.0015232411079559127,0.033233349249643745,0.12291638847533,0.0,2222.8560876482975
0.549372303082245,0.0015288041193016742,0.03335472038253125,0.12161157209963,0.0,2226.198861494577
0.551641436623875,0.0015343671306474356,0.03347609151541875,0.12036782406688,0.0,2229.1579457950015
0.5539105701655049,0.001539930141993197,0.03359746264830625,0.11910473831015,0.0,2231.524311635016
0.556179703707135,0.0015454931533389587,0.03371883378119375,0.11796942063129001,0.0,2234.1638539705696
0.558448837248765,0.0015510561646847202,0.033840204914081254,0.11682948325690999,0.0,2236.0153324033486
0.560717970790395,0.0015566191760304812,0.03396157604696875,0.11588189462814,0.0,2235.4531495867136
0.5629871043320249,0.0015621821873762428,0.03408294717985625,0.11505619739823,0.0036928782471734,2226.5300864619326
0.565256237873655,0.0015677451987220039,0.034204318312743745,0.11324045999875,0.0,2234.352079095456
0.567525371415285,0.0015733082100677655,0.03432568944563125,0.11175784456709,0.0,2240.712373787527
0.569794504956915,0.001578871221413527,0.03444706057851875,0.11055439324683,0.0,2245.21180346317
0.572063638498545,0.0015844342327592884,0.03456843171140625,0.10950922198032,0.0,2248.471795003314
0.574332772040175,0.0015899972441050499,0.03468980284429375,0.1086359118681,0.0,2250.489601903107
0.576601905581805,0.0015955602554508113,0.03481117397718125,0.10777738333681,0.0,2251.3706463623785
0.5788710391234351,0.001601123266796573,0.034932545110068755,0.10685407316886,0.0,2252.568553298424
0.5811401726650649,0.001606686278142334,0.03505391624295625,0.10601231956474,0.0,2254.0626439062353
0.583409306206695,0.0016122492894880952,0.035175287375843745,0.10514854749351,0.0,2254.6084628253593
0.585678439748325,0.0016178123008338567,0.035296658508731246,0.10436672511155999,0.0,2253.639071676822
0.587947573289955,0.0016233753121796183,0.03541802964161875,0.10344371083760999,0.0017098598577285,2250.61943361818
0.5902167068315849,0.0016289383235253798,0.03553940077450625,0.10219632160275,0.0,2254.094024730597
0.592485840373215,0.0016345013348711412,0.03566077190739375,0.10121934014487,0.0016866611327666,2252.8758458827574
0.594754973914845,0.0016400643462169027,0.03578214304028125,0.099929299368315,0.0,2257.4928720258654
0.597024107456475,0.001645627357562664,0.03590351417316875,0.09876234283563999,0.0,2261.0677298690566
0.599293240998105,0.0016511903689084254,0.03602488530605625,0.097688080096797,0.0,2264.2472389916593
0.6015623745397349,0.0016567533802541866,0.036146256438943744,0.09678743629291199,0.0,2266.6440493175005
0.603831508081365,0.001662316391599948,0.036267627571831246,0.09601752853455499,0.0,2267.8355978708805
0.606100641622995,0.0016678794029457095,0.03638899870471875,0.095254194609432,0.0,2267.899544391013
0.608369775164625,0.001673442414291471,0.03651036983760625,0.09485769977895499,0.0,2263.7566868775225
0.6106389087062549,0.0016790054256372326,0.03663174097049375,0.093969136893552,0.0015984321982611,2262.4459040231072
0.612908042247885,0.001684568436982994,0.03675311210338125,0.093188133896944,0.0,2264.9387469118938
0.615177175789515,0.0016901314483287555,0.036874483236268754,0.092618694838518,0.0,2263.5848756998744
0.617446309331145,0.0016956944596745167,0.03699585436915625,0.09204718374904701,0.0015671235019196,2255.9532116512223
0.6197154428727749,0.0017012574710202782,0.03711722550204375,0.091077133328381,0.0,2259.3084995791633
0.621984576414405,0.0017068204823660394,0.037238596634931245,0.09021510381259301,0.0,2261.1030988257216
0.624253709956035,0.0017123834937118009,0.03735996776781875,0.08972311750081,0.0,2259.909326148342
0.6265228434976651,0.0017179465050575623,0.03748133890070625,0.08944116049419999,0.0015267894966907,2250.9148281769535
0.628791977039295,0.0017235095164033238,0.03760271003359375,0.08891551886377401,0.0030338986088151,2240.1329597718864
0.631061110580925,0.0017290725277490854,0.03772408116648125,0.08757364525186599,0.0015072039368292,2243.016736812816
0.633330244122555,0.0017346355390948469,0.037845452299368754,0.086384170669971,0.0,2251.8685430368655
0.6355993776641851,0.0017401985504406083,0.037966823432256255,0.085460285087301,0.0,2256.4614829818465
0.184041802879815,0.0018549258490529329,0.013813967987643751,2.086828679932,0.0,1208.845494423929
0.186310936421445,0.0018712234437717884,0.013935339120531251,2.0029974428866,0.0,1229.8314456463722
0.188580069963075,0.001887521038490644,0.014056710253418751,1.9217261600943,0.0039857811737531,1248.0460163735677
0.190849203504705,0.0019038186332094994,0.014178081386306251,1.8403198830571998,0.0,1272.4816298112444
0.193118337046335,0.001920116227928355,0.014299452519193751,1.7635041995798,0.0077032164983872,1290.8968678726703
0.19538747058796502,0.0019364138226472104,0.014420823652081251,1.6926023518409001,0.0037870482628356,1307.3354263793624
0.19765660412959501,0.001952711417366066,0.014542194784968751,1.6245589599999999,0.0074481959760626,1332.0590407474476
0.199925737671225,0.0019690090120849215,0.014663565917856251,1.5619921587719,0.0036627043517899,1351.3280718451067
0.202194871212855,0.001985306606803777,0.014784937050743751,1.5086952115497,0.0,1371.0058130570078
0.204464004754485,0.0020016042015226325,0.014906308183631251,1.4631472976337,0.0035443854445124,1386.537380792382
0.206733138296115,0.002017901796241488,0.01502767931651875,1.4236246564377,0.0034873644582748,1394.106154379139
0.209002271837745,0.0020341993909603435,0.01514905044940625,1.3879018143266,0.0068634169730984,1392.3567503805646
0.211271405379375,0.002050496985679199,0.01527042158229375,1.3434491380451998,0.0,1403.2270642557535
0.213540538921005,0.0020667945803980545,0.01539179271518125,1.3018956260861,0.0,1418.553836889547
0.215809672462635,0.0020830921751169105,0.01551316384806875,1.2649755370567999,0.0,1430.487493727413
0.218078806004265,0.002099389769835766,0.015634534980956252,1.2304607159283,0.0,1444.0998484502024
0.220347939545895,0.0021156873645546215,0.01575590611384375,1.2001980362776001,0.0,1458.2670548336657
0.22261707308752499,0.0021319849592734766,0.01587727724673125,1.1717221406693,0.0,1469.5287556540861
0.224886206629155,0.0021482825539923325,0.01599864837961875,1.1441038143947002,0.0,1480.675849155159
0.227155340170785,0.002164580148711188,0.016120019512506252,1.1176556436918001,0.0,1492.04606194045
0.229424473712415,0.0021808777434300436,0.01624139064539375,1.0907526576328999,0.0,1503.3120217913304
0.231693607254045,0.0021971753381488986,0.01636276177828125,1.0643945326491,0.0,1514.0813480807712
0.233962740795675,0.0022134729328677546,0.01648413291116875,1.0390166196704,0.0,1523.262483987961
0.236231874337305,0.00222977052758661,0.016605504044056252,1.0133758901545,0.0,1533.4618968600112
0.238501007878935,0.0022460681223054656,0.01672687517694375,0.989203370535,0.0,1543.7765028569067
0.240770141420565,0.0022623657170243216,0.01684824630983125,0.96711246028869,0.0,1554.7838764613844
0.24303927496219502,0.0022786633117431766,0.01696961744271875,0.94633672030063,0.0,1564.0715223099403
0.24530840850382502,0.0022949609064620326,0.01709098857560625,0.92682871275254,0.0026961704383541,1566.3167613437925
0.247577542045455,0.0023112585011808877,0.01721235970849375,0.9040952471506899,0.0026582811337496,1574.4619560040378
0.249846675587085,0.0023275560958997436,0.01733373084138125,0.88207641150197,0.0,1586.1180247829648
0.252115809128715,0.0023438536906185987,0.01745510197426875,0.86112242026925,0.0,1596.7137089219907
0.254384942670345,0.0023601512853374546,0.01757647310715625,0.8413340684063599,0.0,1606.2431170491275
0.256654076211975,0.0023764488800563097,0.01769784424004375,0.8236580100457499,0.0,1615.0979548222483
0.258923209753605,0.0023927464747751656,0.01781921537293125,0.8072401740930201,0.0,1622.9460284783452
0.261192343295235,0.0024090440694940207,0.01794058650581875,0.79167935702419,0.0,1628.38052438673
0.263461476836865,0.0024253416642128767,0.01806195763870625,0.77701585911196,0.0048281667209093,1625.7155250493558
0.265730610378495,0.0024416392589317317,0.01818332877159375,0.75806512820601,0.0,1637.5218142738165
0.267999743920125,0.0024579368536505877,0.01830469990448125,0.74114568887807,0.0,1648.4705269570586
0.270268877461755,0.002474234448369443,0.01842607103736875,0.72633751486955,0.0,1658.0675199939355
0.272538011003385,0.0024905320430882987,0.01854744217025625,0.7127054889375001,0.0,1666.1198558843878
0.274807144545015,0.0025068296378071547,0.018668813303143753,0.69956725297182,0.0,1671.8463864722148
0.277076278086645,0.0025231272325260097,0.01879018443603125,0.68666165900795,0.0,1676.1291371445343
0.279345411628275,0.0025394248272448653,0.01891155556891875,0.67301399390865,0.0,1681.8671390601157
0.28161454516990503,0.0025557224219637208,0.01903292670180625,0.66023620371235,0.0021740569365506,1683.467409272444
0.28388367871153497,0.0025720200166825767,0.019154297834693752,0.64642255382513,0.0021465925129473,1686.3768195878924
0.286152812253165,0.002588317611401432,0.01927566896758125,0.6323725189110599,0.0,1699.6828965107566
0.288421945794795,0.0026046152061202873,0.01939704010046875,0.62054285236848,0.0,1707.7113215284355
0.290691079336425,0.0026209128008391432,0.01951841123335625,0.60997251244768,0.0,1711.5014698728958
0.292960212878055,0.0026372103955579988,0.019639782366243752,0.59907242304195,0.0020417793703577,1714.6597028181836
0.295229346419685,0.0026535079902768543,0.01976115349913125,0.5887793066925799,0.006050326920116,1714.506015958658
0.297498479961315,0.0026698055849957093,0.01988252463201875,0.5767300310863399,0.0,1724.6072637119184
0.299767613502945,0.0026861031797145653,0.02000389576490625,0.5655298583014,0.0019681266291151,1729.3901223977525
0.302036747044575,0.002702400774433421,0.020125266897793752,0.55408459229467,0.0,1738.1098174994854
0.304305880586205,0.0027186983691522763,0.02024663803068125,0.54361748515589,0.0,1746.6957700387084
0.306575014127835,0.002734995963871132,0.02036800916356875,0.5340425107922699,0.0,1753.2874815883197
0.308844147669465,0.0027512935585899873,0.02048938029645625,0.5244930003627,0.0,1759.15503624748
0.311113281211095,0.002767591153308843,0.02061075142934375,0.51520595287809,0.0,1764.498995137206
0.313382414752725,0.0027838887480276984,0.02073212256223125,0.50618637589147,0.0,1770.586330599157
0.315651548294355,0.0028001863427465534,0.020853493695118748,0.49754694082977,0.0,1775.3528327269973
0.317920681835985,0.0028164839374654094,0.02097486482800625,0.48968019316757,0.0035802551488305,1771.8475443405507
0.320189815377615,0.0028327815321842653,0.02109623596089375,0.47944317541957,0.0,1783.0658745392032
0.322458948919245,0.0028490791269031204,0.02121760709378125,0.47025030538538,0.0017494017050687,1789.7281196468966
0.32472808246087503,0.0028653767216219764,0.02133897822666875,0.46236372227704003,0.0,1798.2513154462624
0.326997216002505,0.0028816743163408314,0.02146034935955625,0.45467391545778,0.0017100499750684,1802.690278803749
0.32926634954413503,0.0028979719110596874,0.02158172049244375,0.44682837087962,0.0,1810.291731059666
0.33153548308576497,0.002914269505778543,0.021703091625331253,0.43961002794809,0.0033440225050549,1811.5371465431274
0.333804616627395,0.0029305671004973984,0.02182446275821875,0.43097554057047,0.0,1823.435062343601
0.33607375016902497,0.0029468646952162535,0.02194583389110625,0.42338872501966995,0.0,1832.5875258392853
0.338342883710655,0.0029631622899351094,0.02206720502399375,0.41652058271451,0.0,1840.08392797908
0.34061201725228496,0.0029794598846539645,0.02218857615688125,0.41063130289368,0.0,1845.8158764549364
0.342881150793915,0.00299575747937282,0.022309947289768747,0.40497278289759003,0.0015822874228662,1846.0300985239592
0.34515028433554495,0.003012055074091676,0.02243131842265625,0.39853415721072,0.0,1852.81625058516
0.347419417877175,0.0030283526688105315,0.02255268955554375,0.39307059030535996,0.0015484094167754,1854.6789497423536
0.349688551418805,0.0030446502635293874,0.022674060688431252,0.38798665862176,0.0015318769771312,1854.7464828888958
0.351957684960435,0.0030609478582482425,0.02279543182131875,0.38195463099699994,0.0015156079070976,1858.7501169455018
0.354226818502065,0.003077245452967098,0.02291680295420625,0.37667195931399,0.0029991932842073,1855.2461455899142
0.356495952043695,0.0030935430476859535,0.02303817408709375,0.3692215515339,0.0014838377637686,1858.9055937036476
0.358765085585325,0.0031098406424048095,0.023159545219981252,0.36148621713724,0.0014683259953169,1868.5691824749767
0.361034219126955,0.0031261382371236645,0.02328091635286875,0.35451970984768,0.0014530561971612,1876.595743407399
0.363303352668585,0.00314243583184252,0.02340228748575625,0.34793145910514,0.0,1889.1552460902883
0.365572486210215,0.003158733426561376,0.02352365861864375,0.34176964153987,0.0,1898.5133722090493
0.367841619751845,0.0031750310212802315,0.023645029751531252,0.33675568419915003,0.0,1906.673405541767
0.370110753293475,0.003191328615999087,0.02376640088441875,0.33230669839575,0.0,1913.1730494360659
0.372379886835105,0.003207626210717942,0.02388777201730625,0.32844061251521,0.0,1916.2326971055525
0.374649020376735,0.003223923805436798,0.02400914315019375,0.3252181943033,0.0040987416350883,1908.629053116002
0.37691815391836503,0.0032402214001556536,0.02413051428308125,0.31991205626245,0.0013525379641553,1913.9887113978546
0.37918728745999497,0.003256518994874509,0.02425188541596875,0.31427928022081,0.0026780680574291,1922.6891568493243
0.381456421001625,0.003272816589593364,0.024373256548856248,0.30970893906415,0.0013257313260295,1927.8886816359457
0.38372555454325497,0.00328911418431222,0.02449462768174375,0.30518203153063,0.00131262587757,1934.9132486733333
0.385994688084885,0.0033054117790310756,0.02461599881463125,0.30089759772341,0.0,1939.9302225588765
0.38826382162651496,0.003321709373749931,0.02473736994751875,0.29615813969895,0.0012869913155323,1940.8982944628465
0.390532955168145,0.003338006968468786,0.024858741080406248,0.2903836579201,0.0,1951.0907600381688
0.392802088709775,0.003354304563187642,0.02498011221329375,0.28576425452845,0.0,1959.1819291151985
0.395071222251405,0.003370602157906498,0.02510148334618125,0.28139984370487997,0.0,1965.953723242845
0.39734035579303495,0.003386899752625353,0.02522285447906875,0.27759145633867,0.0,1971.3475441074606
0.399609489334665,0.0034031973473442087,0.025344225611956248,0.27370929452191,0.001226096502535,1973.8193653220126
0.40187862287629494,0.003419494942063064,0.02546559674484375,0.26910680119764,0.0,1982.4705702691504
0.404147756417925,0.00343579253678192,0.02558696787773125,0.26490874035135,0.0,1991.2844039858219
0.406416889959555,0.0034520901315007752,0.02570833901061875,0.26101491089331,0.0,1999.0934968468846
0.408686023501185,0.0034683877262196307,0.025829710143506247,0.25745854084333997,0.0,2006.4161481847586
0.41095515704281493,0.0034846853209384862,0.02595108127639375,0.25408016109435,0.0,2013.2047084086112
0.413224290584445,0.003500982915657342,0.02607245240928125,0.25104953856702,0.0,2019.2934496543364
0.41549342412607493,0.0035172805103761973,0.02619382354216875,0.24822355646285998,0.0,2024.4408658558918
0.417762557667705,0.0035335781050950528,0.026315194675056247,0.24551480143806,0.0,2027.6982452389495
0.420031691209335,0.0035498756998139087,0.02643656580794375,0.24292318961084,0.001126867091584,2025.5942402522437
0.422300824750965,0.0035661732945327642,0.02655793694083125,0.23896772038976002,0.0011165909637846,2030.5194035253735
0.424569958292595,0.0035824708892516197,0.02667930807371875,0.23509317877676,0.0,2039.4258816141196
0.42683909183422497,0.003598768483970475,0.026800679206606247,0.23159381750902,0.0,2046.9125454502037
0.42910822537585497,0.0036150660786893308,0.02692205033949375,0.22846344371876,0.0,2052.900173344762
0.43137735891748497,0.0036313636734081863,0.02704342147238125,0.2258991752094,0.0,2057.1623231028584
0.43364649245911496,0.0036476612681270422,0.027164792605268752,0.22334965962668,0.001067259491242,2058.5070944374233
0.43591562600074496,0.0036639588628458973,0.02728616373815625,0.22112755421518,0.0010577861045425,2057.653476359351
0.438184759542375,0.003680256457564753,0.02740753487104375,0.21789748817989,0.0010484382941213,2060.8598874525865
0.440453893084005,0.0036965540522836083,0.02752890600393125,0.21500998032365,0.0,2065.3689699612446
0.442723026625635,0.0037128516470024643,0.02765027713681875,0.21197095937576,0.0010301106117106,2066.36985819912
0.444992160167265,0.00372914924172132,0.02777164826970625,0.20875463437320002,0.00102112646423,2070.1271192147783
0.447261293708895,0.003745446836440175,0.027893019402593748,0.20550313977378,0.0,2078.830845889243
0.449530427250525,0.003761744431159031,0.02801439053548125,0.20258588535682,0.0,2084.873134380012
0.451799560792155,0.0037780420258778863,0.02813576166836875,0.19978043952575,0.0,2090.7802733314993
0.454068694333785,0.0037943396205967423,0.028257132801256253,0.19699704960242,0.0,2096.521737901391
0.456337827875415,0.0038106372153155973,0.02837850393414375,0.19451831548526002,0.0,2102.1487433707375
0.458606961417045,0.003826934810034453,0.02849987506703125,0.19214435894651,0.0,2107.2634790433412
0.460876094958675,0.0038432324047533084,0.02862124619991875,0.19009625549708,0.0,2111.2213305841474
0.463145228500305,0.0038595299994721643,0.028742617332806253,0.18831606515601998,0.00095330147371177,2112.5143053360207
0.46541436204193504,0.00387582759419102,0.02886398846569375,0.18633345709523,0.00094530120392237,2111.034819824677
0.467683495583565,0.003892125188909875,0.02898535959858125,0.18362179896362998,0.0,2118.270361943827
0.469952629125195,0.00390842278362873,0.02910673073146875,0.18174708266797002,0.0,2123.7418611293524
0.472221762666825,0.003924720378347586,0.02922810186435625,0.17999095521178998,0.0,2126.242341899353
0.47449089620845497,0.0039410179730664414,0.029349472997243747,0.17893146289294998,0.00091428648867473,2121.594700838947
0.47676002975008497,0.003957315567785297,0.02947084413013125,0.17699673770838,0.0018135426202108,2119.8090680325267
0.47902916329171497,0.0039736131625041525,0.029592215263018747,0.17473676731232998,0.0,2123.735019329259
0.48129829683334496,0.003989910757223008,0.02971358639590625,0.17246420670713,0.0017840325740058,2124.1400293401794
0.48356743037497496,0.0040062083519418635,0.02983495752879375,0.17016697842467,0.0,2128.84464718894
0.48583656391660496,0.0040225059466607194,0.02995632866168125,0.16820022659229,0.00087761849691588,2129.760241487287
0.48810569745823496,0.0040388035413795745,0.03007769979456875,0.16637145611213,0.00087054997139355,2127.210685060925
0.490374830999865,0.0040551011360984305,0.03019907092745625,0.16407844875452002,0.00086356650030112,2128.2479969282645
0.492643964541495,0.004071398730817286,0.03032044206034375,0.16162270669696,0.00085666672449738,2134.702327481497
0.494913098083125,0.0040876963255361415,0.03044181319323125,0.15966084025629,0.0,2141.235395413386
0.497182231624755,0.004103993920254997,0.03056318432611875,0.15773636459039,0.00084311295674952,2141.951479398814
0.499451365166385,0.0041202915149738525,0.03068455545900625,0.1554509815955,0.0,2150.3151568253825
0.501720498708015,0.0041365891096927085,0.03080592659189375,0.15376890316418,0.0,2155.526663964756
0.503989632249645,0.0041528867044115635,0.03092729772478125,0.15193559893716,0.00082337756216856,2158.503568285731
0.5062587657912749,0.0041691842991304195,0.03104866885766875,0.15010381858457,0.0,2163.6949426578594
0.508527899332905,0.0041854818938492746,0.03117003999055625,0.14827905828022,0.0,2168.881415963039
0.510797032874535,0.00420177948856813,0.031291411123443746,0.14647321486619003,0.0,2174.0462496842542
0.513066166416165,0.004218077083286986,0.03141278225633125,0.14489488376613,0.0,2177.9511788606587
0.5153352999577949,0.0042343746780058415,0.03153415338921875,0.14318858140351998,0.00079199173204473,2182.5644854163875
0.517604433499425,0.0042506722727246975,0.03165552452210625,0.14168540648289,0.0,2187.6079386790116
0.519873567041055,0.0042669698674435525,0.03177689565499375,0.14023257994482,0.00077993798439408,2190.5976159816955
0.5221427005826851,0.0042832674621624085,0.031898266787881255,0.13888650017488,0.0,2195.021665016581
0.5244118341243149,0.004299565056881264,0.03201963792076875,0.13747823258125,0.0,2198.3562808586225
0.526680967665945,0.004315862651600119,0.032141009053656244,0.13634322181973998,0.001524733705559,2198.3822330933285
0.528950101207575,0.004332160246318974,0.032262380186543746,0.13481222068895002,0.0,2203.1514816158465
0.531219234749205,0.00434845784103783,0.03238375131943125,0.13337202366848,0.0,2207.2980972773653
0.5334883682908349,0.004364755435756686,0.03250512245231875,0.13202507631798002,0.00074538288764958,2208.869626797318
0.535757501832465,0.0043810530304755416,0.03262649358520625,0.13058565812175,0.0,2213.2479715907775
0.538026635374095,0.004397350625194397,0.03274786471809375,0.12927127539922,0.00073437361202388,2215.4363511811157
0.540295768915725,0.004413648219913252,0.03286923585098125,0.12794171772332,0.0,2219.5007155550975
0.5425649024573549,0.004429945814632108,0.03299060698386875,0.12665597319674,0.0,2222.417648444169
0.544834035998985,0.004446243409350964,0.03311197811675625,0.12537110722103,0.0,2225.458203183276
0.547103169540615,0.004462541004069819,0.033233349249643745,0.1241557983748,0.0,2227.769473225213
0.549372303082245,0.004478838598788674,0.03335472038253125,0.12310600753582,0.00070789435291166,2227.0733162901192
0.551641436623875,0.00449513619350753,0.03347609151541875,0.12179647858492,0.0,2229.7458631599607
0.5539105701655049,0.004511433788226386,0.03359746264830625,0.1206383876845,0.001395404436201,2229.41346177747
0.556179703707135,0.004527731382945242,0.03371883378119375,0.11915886626629,0.0,2234.5756334610774
0.558448837248765,0.004544028977664097,0.033840204914081254,0.11785128672259,0.0,2238.778950369346
0.560717970790395,0.004560326572382952,0.03396157604696875,0.11662228662072,0.0,2241.985525007513
0.5629871043320249,0.004576624167101808,0.03408294717985625,0.1154038599962,0.0,2244.372026081905
0.565256237873655,0.004592921761820663,0.034204318312743745,0.11422315031354,0.0,2247.072405770639
0.567525371415285,0.004609219356539518,0.03432568944563125,0.11302704399213,0.0,2249.3308259458117
0.569794504956915,0.004625516951258374,0.03444706057851875,0.11200497139516,0.00066371059224007,2250.0868163135556
0.572063638498545,0.00464181454597723,0.03456843171140625,0.11097234004933,0.0,2252.3624431759495
0.574332772040175,0.004658112140696086,0.03468980284429375,0.11011846753917,0.0,2252.4519765292175
0.576601905581805,0.004674409735414942,0.03481117397718125,0.1094234964263,0.0012997976629992,2247.877722470539
0.5788710391234351,0.004690707330133797,0.034932545110068755,0.10835529405877,0.00064539060870834,2248.9733783580514
0.5811401726650649,0.004707004924852652,0.03505391624295625,0.10722576732754,0.0006409291327253,2252.4567179495257
0.583409306206695,0.004723302519571507,0.035175287375843745,0.10638542338208999,0.0006365137594731,2252.640496374179
0.585678439748325,0.004739600114290363,0.035296658508731246,0.10544580635430001,0.00063214385592845,2252.0994521897633
0.587947573289955,0.004755897709009218,0.03541802964161875,0.10428720385208999,0.00062781879989603,2253.6053152177433
0.5902167068315849,0.004772195303728074,0.03553940077450625,0.10309472389429,0.0,2257.9553037802903
0.592485840373215,0.00478849289844693,0.03566077190739375,0.10202046796234,0.00061930079440048,2260.0619340579196
0.594754973914845,0.004804790493165786,0.03578214304028125,0.1010249071352,0.0,2261.8448947817624
0.597024107456475,0.004821088087884641,0.03590351417316875,0.10013874501973001,0.0012219099473793,2262.5204218995373
0.599293240998105,0.004837385682603496,0.03602488530605625,0.09906289718179899,0.0006068451860407,2265.438816701369
0.6015623745397349,0.004853683277322351,0.036146256438943744,0.09812426962607,0.0,2268.3263986059683
0.603831508081365,0.004869980872041207,0.036267627571831246,0.097415571522057,0.00059874904745707,2266.9160461763754
0.606100641622995,0.004886278466760063,0.03638899870471875,0.09652935235000999,0.00059476160108129,2268.051896081832
0.608369775164625,0.004902576061478918,0.03651036983760625,0.095941039023429,0.001181627709663,2265.4309825294467
0.6106389087062549,0.004918873656197774,0.03663174097049375,0.095072971039818,0.0,2267.869540627482
0.612908042247885,0.00493517125091663,0.03675311210338125,0.09426872173526299,0.0005830353702618,2268.643144101799
0.615177175789515,0.004951468845635486,0.036874483236268754,0.09362409087191999,0.00057920360719423,2267.9768430886493
0.617446309331145,0.00496776644035434,0.03699585436915625,0.09292953279544,0.00057540949441966,2267.7557091189747
0.6197154428727749,0.004984064035073196,0.03711722550204375,0.092402005414346,0.0011433050805761,2263.7372822182865
0.621984576414405,0.005000361629792051,0.037238596634931245,0.091624669813865,0.0011358645222964,2263.041373810741
0.624253709956035,0.005016659224510907,0.03735996776781875,0.090859264965526,0.0011284963623848,2263.046613517889
0.6265228434976651,0.005032956819229763,0.03748133890070625,0.09006128003853,0.00056059983230415,2263.7192964879882
0.628791977039295,0.005049254413948618,0.03760271003359375,0.08928258473707,0.00055698675390943,2264.0534653889263
0.631061110580925,0.005065552008667474,0.03772408116648125,0.088482303616184,0.001106816985663,2263.518406409597
0.633330244122555,0.00508184960338633,0.037845452299368754,0.087553055285723,0.0,2267.0590628206037
0.6355993776641851,0.005098147198105186,0.037966823432256255,0.086801599054497,0.00054635464605498,2268.3101050469745
0.184041802879815,0.0029907232354667653,0.013813967987643751,2.0882392565732,0.0,1211.8036022187855
0.186310936421445,0.0030170000784105343,0.013935339120531251,2.0051470822552,0.005411446866309,1230.1835230336283
0.188580069963075,0.0030432769213543033,0.014056710253418751,1.921160415729,0.0053184017858572,1252.8017685627935
0.190849203504705,0.003069553764298073,0.014178081386306251,1.8394374009357,0.0,1278.8818250601828
0.193118337046335,0.003095830607241842,0.014299452519193751,1.7625095612222998,0.0,1302.515179233495
0.19538747058796502,0.0031221074501856113,0.014420823652081251,1.6909967179576,0.0025266118944039,1321.436925739086
0.19765660412959501,0.0031483842931293803,0.014542194784968751,1.6247316199172,0.0024846132447861,1341.69694319841
0.199925737671225,0.0031746611360731498,0.014663565917856251,1.5639112222384999,0.0,1362.4858288882565
0.202194871212855,0.003200937979016919,0.014784937050743751,1.5108435954225001,0.0,1380.859078779412
0.204464004754485,0.003227214821960688,0.014906308183631251,1.4647907830703,0.0,1396.0656595028618
0.206733138296115,0.0032534916649044573,0.01502767931651875,1.4245973172753,0.0046533426082094,1403.717357538864
0.209002271837745,0.0032797685078482263,0.01514905044940625,1.3860640609188,0.0,1414.3345687296242
0.211271405379375,0.003306045350791996,0.01527042158229375,1.3468497554973,0.0022532889733021,1421.152944700703
0.213540538921005,0.003332322193735765,0.01539179271518125,1.3066503388871,0.0022178928948195,1434.4240561007414
0.215809672462635,0.0033585990366795343,0.01551316384806875,1.2704220784968001,0.0,1447.3092109720358
0.218078806004265,0.0033848758796233037,0.015634534980956252,1.2359283966932002,0.0042991154657248,1458.0719956952285
0.220347939545895,0.0034111527225670723,0.01575590611384375,1.2044350124625,0.0,1472.443168867295
0.22261707308752499,0.0034374295655108414,0.01587727724673125,1.1753226775062,0.0,1484.254461020674
0.224886206629155,0.003463706408454611,0.01599864837961875,1.1478875465977,0.0,1494.3336910403414
0.227155340170785,0.0034899832513983807,0.016120019512506252,1.1217987665426,0.0020220321382882,1500.2472508579835
0.229424473712415,0.0035162600943421493,0.01624139064539375,1.0943549314532999,0.0019919241005432,1508.770360214353
0.231693607254045,0.0035425369372859184,0.01636276177828125,1.0672008900507,0.0,1520.9174423426598
0.233962740795675,0.003568813780229688,0.01648413291116875,1.0406453587,0.0019336909061947,1529.7090595709901
0.236231874337305,0.0035950906231734573,0.016605504044056252,1.0152199585235,0.0,1543.602016481892
0.238501007878935,0.0036213674661172263,0.01672687517694375,0.99164422895881,0.0,1554.4205965789945
0.240770141420565,0.0036476443090609958,0.01684824630983125,0.96961378146669,0.0,1563.793566385164
0.24303927496219502,0.003673921152004765,0.01696961744271875,0.94818862936004,0.0,1571.7142284043548
0.24530840850382502,0.0037001979949485343,0.01709098857560625,0.92798420449021,0.0017988089472579,1575.1409005364023
0.247577542045455,0.0037264748378923033,0.01721235970849375,0.9054027874693,0.0,1583.447223255454
0.249846675587085,0.0037527516808360728,0.01733373084138125,0.8844236494724099,0.0017487807356513,1589.2593936876076
0.252115809128715,0.0037790285237798414,0.01745510197426875,0.8637339656431,0.0017245456759517,1598.2325999737839
0.254384942670345,0.0038053053667236113,0.01757647310715625,0.8437731677360101,0.0017008109305293,1607.02406867241
0.256654076211975,0.00383158220966738,0.01769784424004375,0.82552057906688,0.0016775628221002,1617.1091370268807
0.258923209753605,0.0038578590526111498,0.01781921537293125,0.80832530125655,0.0,1626.720921013612
0.261192343295235,0.0038841358955549183,0.01794058650581875,0.7920324689485799,0.0,1634.7982043478166
0.263461476836865,0.003910412738498688,0.01806195763870625,0.7762677142642901,0.0,1641.0100764828105
0.265730610378495,0.003936689581442457,0.01818332877159375,0.7599258441907,0.0015891790714681,1646.6995986798809
0.267999743920125,0.003962966424386227,0.01830469990448125,0.74398200175304,0.0,1654.758509441679
0.270268877461755,0.003989243267329995,0.01842607103736875,0.7288571803523199,0.0,1662.4191601553869
0.272538011003385,0.004015520110273765,0.01854744217025625,0.71454269393288,0.0,1668.906333359708
0.274807144545015,0.004041796953217535,0.018668813303143753,0.70177830385757,0.0015076005150341,1671.3577346316986
0.277076278086645,0.004068073796161303,0.01879018443603125,0.68786153054541,0.0044645623324837,1675.1000385734862
0.279345411628275,0.004094350639105072,0.01891155556891875,0.67423770767172,0.0,1684.6406834116783
0.28161454516990503,0.004120627482048842,0.01903292670180625,0.66103666049461,0.0043514085908855,1687.266717629836
0.28388367871153497,0.004146904324992612,0.019154297834693752,0.64691740948393,0.0,1697.389705030144
0.286152812253165,0.00417318116793638,0.01927566896758125,0.63420436100029,0.0,1705.5170939976367
0.288421945794795,0.004199458010880149,0.01939704010046875,0.62231096971403,0.0013965255565156,1709.8046482836387
0.290691079336425,0.004225734853823919,0.01951841123335625,0.61049146398301,0.0,1717.3737985153896
0.292960212878055,0.004252011696767688,0.019639782366243752,0.59965896700272,0.0,1722.4464801119757
0.295229346419685,0.004278288539711457,0.01976115349913125,0.58848374117182,0.0013455358809318,1726.5086910966443
0.297498479961315,0.004304565382655226,0.01988252463201875,0.57799063835351,0.0013291586594033,1730.3951203786228
0.299767613502945,0.004330842225598996,0.02000389576490625,0.56731432495634,0.0013130786316127,1735.5900018000464
0.302036747044575,0.004357119068542765,0.020125266897793752,0.5568410861528,0.0038918659500418,1737.2019201083497
0.304305880586205,0.004383395911486534,0.02024663803068125,0.54561377933774,0.0,1748.3043171573936
0.306575014127835,0.004409672754430304,0.02036800916356875,0.53662107979842,0.0012665512955384,1752.5665935693892
0.308844147669465,0.004435949597374072,0.02048938029645625,0.5268031330232601,0.0025031813307504,1755.972782356978
0.311113281211095,0.004462226440317842,0.02061075142934375,0.51742247107754,0.0037106806575974,1758.9383461283082
0.313382414752725,0.004488503283261611,0.02073212256223125,0.50729501671627,0.0012224538043479,1768.7144611314427
0.315651548294355,0.00451478012620538,0.020853493695118748,0.49796761633007003,0.0012082654466832,1776.793841907862
0.317920681835985,0.004541056969149149,0.02097486482800625,0.48871433321934,0.0,1785.2174303222612
0.320189815377615,0.004567333812092919,0.02109623596089375,0.47970082236408,0.0,1793.3553595992435
0.322458948919245,0.004593610655036688,0.02121760709378125,0.4714496074271,0.0011671515252377,1798.7663238277853
0.32472808246087503,0.004619887497980457,0.02133897822666875,0.46352833122456,0.001153912347589,1805.4422263987926
0.326997216002505,0.004646164340924226,0.02146034935955625,0.4557464545412,0.0,1812.481505208473
0.32926634954413503,0.004672441183867996,0.02158172049244375,0.44833831176100003,0.0033843028120473,1814.1027640983095
0.33153548308576497,0.004698718026811765,0.021703091625331253,0.43963624081603003,0.0,1824.5431434527654
0.333804616627395,0.004724994869755534,0.02182446275821875,0.43186111761422,0.0,1833.6250075056057
0.33607375016902497,0.004751271712699303,0.02194583389110625,0.42506513241688,0.0010909778912229,1838.999108121504
0.338342883710655,0.004777548555643073,0.02206720502399375,0.41801782046425,0.0010790100186528,1844.5735271425403
0.34061201725228496,0.004803825398586841,0.02218857615688125,0.4112937873379,0.0,1853.362027165558
0.342881150793915,0.00483010224153061,0.022309947289768747,0.40504600210430003,0.0010556575848828,1857.577366790429
0.34515028433554495,0.00485637908447438,0.02243131842265625,0.39921735950005,0.001044264637708,1862.3528520962052
0.347419417877175,0.004882655927418149,0.02255268955554375,0.39317782043988003,0.0,1868.2741233627041
0.349688551418805,0.004908932770361919,0.022674060688431252,0.3875797129167,0.0,1871.372537948883
0.351957684960435,0.004935209613305688,0.02279543182131875,0.38161077518508,0.0010111708907714,1875.2144654289903
0.354226818502065,0.004961486456249457,0.02291680295420625,0.37590665805114004,0.0,1878.6930797135576
0.356495952043695,0.004987763299193226,0.02303817408709375,0.36974557748533,0.00098997474632034,1878.2071309896846
0.358765085585325,0.005014040142136996,0.023159545219981252,0.36230729654438004,0.00097962573147997,1885.645448227647
0.361034219126955,0.005040316985080765,0.02328091635286875,0.35535813784197,0.0009694381524032,1894.37784803747
0.363303352668585,0.005066593828024534,0.02340228748575625,0.34929190960851,0.0,1902.9643754356337
0.365572486210215,0.005092870670968303,0.02352365861864375,0.34381919777312003,0.0018990680525713,1906.2877941917761
0.367841619751845,0.005119147513912073,0.023645029751531252,0.3380288177423,0.00093981105384913,1915.0304429902767
0.370110753293475,0.005145424356855842,0.02376640088441875,0.33309117299054,0.0,1923.0520477962386
0.372379886835105,0.00517170119979961,0.02388777201730625,0.32859348994467,0.0,1928.669960110827
0.374649020376735,0.00519797804274338,0.02400914315019375,0.3242269600927,0.00091152164329245,1930.7885623666402
0.37691815391836503,0.00522425488568715,0.02413051428308125,0.31925410798998005,0.0,1936.7284984048908
0.37918728745999497,0.005250531728630918,0.02425188541596875,0.31446200932145996,0.0,1942.7902780220838
0.381456421001625,0.005276808571574687,0.024373256548856248,0.30987806152777003,0.0,1948.1717486037192
0.38372555454325497,0.005303085414518457,0.02449462768174375,0.30540687956779,0.00087574700003636,1952.2608366562938
0.385994688084885,0.005329362257462227,0.02461599881463125,0.30094996617156,0.00086713242746658,1957.257372835023
0.38826382162651496,0.005355639100405995,0.02473736994751875,0.29622722327059003,0.0,1963.9419630005896
0.390532955168145,0.005381915943349764,0.024858741080406248,0.29144674545475996,0.0,1970.8904645593548
0.392802088709775,0.005408192786293534,0.02498011221329375,0.28699839036952,0.0,1977.056872089757
0.395071222251405,0.005434469629237303,0.02510148334618125,0.28290333837586,0.00083391466829592,1979.9711648529676
0.39734035579303495,0.005460746472181072,0.02522285447906875,0.27853750850421,0.00082590848034527,1987.0879453137045
0.399609489334665,0.005487023315124841,0.025344225611956248,0.27429235828417,0.0,1993.5469454720478
0.40187862287629494,0.005513300158068611,0.02546559674484375,0.27015760135761,0.0,1999.9813246756767
0.404147756417925,0.00553957700101238,0.02558696787773125,0.26618721857961,0.0,2006.1394478018296
0.406416889959555,0.005565853843956149,0.02570833901061875,0.26238840559223997,0.00079500962916671,2010.7903665618003
0.408686023501185,0.005592130686899918,0.025829710143506247,0.25870402166603,0.0,2016.9002327836401
0.41095515704281493,0.005618407529843687,0.02595108127639375,0.25512441959219,0.0,2022.9087200424694
0.413224290584445,0.005644684372787457,0.02607245240928125,0.2516897941708,0.0,2028.3579512710364
0.41549342412607493,0.005670961215731226,0.02619382354216875,0.24851938254788,0.0,2033.6498553905155
0.417762557667705,0.005697238058674995,0.026315194675056247,0.24547100280939,0.0,2038.4368545144257
0.420031691209335,0.005723514901618764,0.02643656580794375,0.24241331493647,0.0,2042.270192740737
0.422300824750965,0.005749791744562534,0.02655793694083125,0.23925506942963,0.00074495802917759,2044.6337324210085
0.424569958292595,0.005776068587506303,0.02667930807371875,0.2357026294361,0.0,2050.9530859537545
0.42683909183422497,0.005802345430450072,0.026800679206606247,0.23228792221921002,0.0,2056.8301105804726
0.42910822537585497,0.005828622273393841,0.02692205033949375,0.229187526084,0.0,2062.2550366317196
0.43137735891748497,0.005854899116337611,0.02704342147238125,0.22625268924444,0.0,2066.929901413558
0.43364649245911496,0.00588117595928138,0.027164792605268752,0.22351913287928,0.00071204546069573,2069.9202039670854
0.43591562600074496,0.005907452802225149,0.02728616373815625,0.22076202669460998,0.0,2073.5502116989737
0.438184759542375,0.005933729645168918,0.02740753487104375,0.21786453081949,0.0,2077.708315641826
0.440453893084005,0.005960006488112688,0.02752890600393125,0.21493902315733,0.0,2081.7979847696906
0.442723026625635,0.005986283331056457,0.02765027713681875,0.21196579858398998,0.0,2085.92980510386
0.444992160167265,0.006012560174000226,0.02777164826970625,0.20904712451575,0.0,2090.204369204592
0.447261293708895,0.006038837016943995,0.027893019402593748,0.2061831294599,0.0,2094.640254552536
0.449530427250525,0.006065113859887765,0.02801439053548125,0.20355446938401,0.0,2098.2244518763955
0.451799560792155,0.006091390702831534,0.02813576166836875,0.20078891678105001,0.0013274959388712,2101.005347452207
0.454068694333785,0.006117667545775304,0.028257132801256253,0.19816903358075,0.00065805831167041,2105.412416540364
0.456337827875415,0.006143944388719073,0.02837850393414375,0.19553133996386,0.0,2111.0787494790097
0.458606961417045,0.006170221231662841,0.02849987506703125,0.19297578338475999,0.0,2116.1228218715096
0.460876094958675,0.006196498074606611,0.02862124619991875,0.19063834056556,0.0,2120.3222212333194
0.463145228500305,0.006222774917550381,0.028742617332806253,0.1884672426831,0.0,2123.848188989205
0.46541436204193504,0.006249051760494149,0.02886398846569375,0.1862270970024,0.0,2126.934234793359
0.467683495583565,0.006275328603437918,0.02898535959858125,0.1840165948681,0.0,2130.4898134527198
0.469952629125195,0.006301605446381688,0.02910673073146875,0.18205786993727,0.0,2134.1607944327675
0.472221762666825,0.006327882289325457,0.02922810186435625,0.18007958201451,0.0,2137.0371326141953
0.47449089620845497,0.006354159132269225,0.029349472997243747,0.17836195098861998,0.0,2138.3085286031146
0.47676002975008497,0.006380435975212995,0.02947084413013125,0.17643745823441997,0.00060497226827027,2139.782925257627
0.47902916329171497,0.006406712818156764,0.029592215263018747,0.17443314112897,0.0,2142.9168627310896
0.48129829683334496,0.006432989661100533,0.02971358639590625,0.17236646845496,0.0,2145.5804869504796
0.48356743037497496,0.006459266504044303,0.02983495752879375,0.17031362484827,0.0,2148.222022887428
0.48583656391660496,0.006485543346988072,0.02995632866168125,0.16840588608885002,0.00058552233274054,2149.549056050857
0.48810569745823496,0.006511820189931842,0.03007769979456875,0.16638745704422,0.0,2151.6734109243994
0.490374830999865,0.00653809703287561,0.03019907092745625,0.16424683739025,0.0,2153.951694040867
0.492643964541495,0.00656437387581938,0.03032044206034375,0.16215519378768,0.00057154390053497,2155.8613375776536
0.494913098083125,0.006590650718763149,0.03044181319323125,0.16010624916070001,0.0,2160.0756526471296
0.497182231624755,0.006616927561706918,0.03056318432611875,0.15803057662546,0.0,2163.960994292807
0.499451365166385,0.006643204404650687,0.03068455545900625,0.15618804480427,0.0,2167.433218383901
0.501720498708015,0.006669481247594457,0.03080592659189375,0.15443972903064002,0.0011073428695642,2169.3057770932555
0.503989632249645,0.006695758090538226,0.03092729772478125,0.15274406493585999,0.0005493343094082,2171.776361451835
0.5062587657912749,0.006722034933481995,0.03104866885766875,0.15117570156993998,0.0016351438401925,2172.507955734411
0.508527899332905,0.006748311776425765,0.03117003999055625,0.14932047157105,0.0010816231152913,2175.439244757694
0.510797032874535,0.006774588619369533,0.031291411123443746,0.14734586168881,0.0,2182.0528532715757
0.513066166416165,0.006800865462313302,0.03141278225633125,0.14545658534442,0.0,2187.4308978429212
0.5153352999577949,0.006827142305257072,0.03153415338921875,0.14376055255314998,0.00052839456789905,2191.358496528285
0.517604433499425,0.006853419148200842,0.03165552452210625,0.14219231410374,0.0,2196.2139363670294
0.519873567041055,0.006879695991144611,0.03177689565499375,0.14064364870906002,0.0,2200.336113822075
0.5221427005826851,0.006905972834088381,0.031898266787881255,0.13925283351924,0.0,2202.7536699236935
0.5244118341243149,0.006932249677032149,0.03201963792076875,0.13782495611706,0.0005124929302978,2206.5717127954513
0.526680967665945,0.006958526519975917,0.032141009053656244,0.13645195715502,0.0,2209.8234239001636
0.528950101207575,0.006984803362919687,0.032262380186543746,0.13503837531704,0.00050480995456679,2212.0095042495414
0.531219234749205,0.007011080205863456,0.03238375131943125,0.13366526214536,0.0,2215.7594295827316
0.5334883682908349,0.007037357048807226,0.03250512245231875,0.13225274846039,0.000994596920405,2217.6593778496076
0.535757501832465,0.007063633891750995,0.03262649358520625,0.13090331505689,0.0,2221.8756014716014
0.538026635374095,0.007089910734694765,0.03274786471809375,0.12963413929989,0.0,2225.232312655301
0.540295768915725,0.007116187577638533,0.03286923585098125,0.12835128819736,0.00048634171644232,2226.596633963307
0.5425649024573549,0.007142464420582303,0.03299060698386875,0.12728668343881,0.001448309517792,2226.2394504920603
0.544834035998985,0.007168741263526072,0.03311197811675625,0.12589576099739,0.0,2230.695208372072
0.547103169540615,0.00719501810646984,0.033233349249643745,0.1245784078803,0.00047574313060011,2233.1130845636512
0.549372303082245,0.00722129494941361,0.03335472038253125,0.12335189993117,0.0,2236.1322492137842
0.551641436623875,0.00724757179235738,0.03347609151541875,0.12215590550304001,0.00046886872331936,2237.0379124771566
0.5539105701655049,0.007273848635301149,0.03359746264830625,0.12090461334554,0.00093097452192747,2237.7423751062975
0.556179703707135,0.007300125478244919,0.03371883378119375,0.11959238763833,0.00046214224757688,2242.2077212950544
0.558448837248765,0.007326402321188688,0.033840204914081254,0.11832628067930001,0.00045883316118784,2244.746351253429
0.560717970790395,0.007352679164132456,0.03396157604696875,0.11704645963662999,0.0004555594891358,2247.985611507218
0.5629871043320249,0.007378956007076226,0.03408294717985625,0.11587552693712999,0.0,2251.4825978806607
0.565256237873655,0.007405232850019994,0.034204318312743745,0.11472437520172,0.00044911638276514,2253.277313209719
0.567525371415285,0.007431509692963764,0.03432568944563125,0.11371073505689,0.00044594596791403,2253.8095069649203
0.569794504956915,0.007457786535907533,0.03444706057851875,0.11256324371281,0.00088561801192366,2255.3127176973426
0.572063638498545,0.007484063378851303,0.03456843171140625,0.11137484130818,0.0,2259.059900958104
0.574332772040175,0.007510340221795073,0.03468980284429375,0.11056373883728,0.00087326714595895,2258.075763068613
0.576601905581805,0.007536617064738842,0.03481117397718125,0.10957320681997999,0.0013007825650974,2257.8403296727643
0.5788710391234351,0.007562893907682612,0.034932545110068755,0.10847961653470001,0.0,2261.4178074910383
0.5811401726650649,0.00758917075062638,0.03505391624295625,0.10746049214218,0.00042760985808014,2262.69293457991
0.583409306206695,0.007615447593570148,0.035175287375843745,0.10675113755067,0.0012739921363708,2260.1164555576506
0.585678439748325,0.007641724436513917,0.035296658508731246,0.10569212572883,0.0012652457068244,2260.503601787651
0.587947573289955,0.007668001279457687,0.03541802964161875,0.10441862112110001,0.0004188630134225,2264.424042733756
0.5902167068315849,0.007694278122401457,0.03553940077450625,0.10323729972864,0.0,2269.572936839975
0.592485840373215,0.007720554965345226,0.03566077190739375,0.10213226580161,0.0,2273.485282068896
0.594754973914845,0.007746831808288996,0.03578214304028125,0.10120169726618,0.0,2275.3510034522997
0.597024107456475,0.007773108651232764,0.03590351417316875,0.10026682476426,0.00081522388748948,2276.186866532547
0.599293240998105,0.007799385494176533,0.03602488530605625,0.099361449585853,0.00040487000922564,2278.136311403867
0.6015623745397349,0.007825662337120301,0.036146256438943744,0.098412340891856,0.0004021556487029,2280.2120483990593
0.603831508081365,0.00785193918006407,0.036267627571831246,0.097556738052601,0.0003994684936852,2282.1174137695034
0.606100641622995,0.00787821602300784,0.03638899870471875,0.09667449116601701,0.0,2284.402749578018
0.608369775164625,0.00790449286595161,0.03651036983760625,0.095994226636582,0.00078834871350604,2284.0892477788193
0.6106389087062549,0.007930769708895379,0.03663174097049375,0.09527286970515399,0.00039156666804531,2284.292369313259
0.612908042247885,0.00795704655183915,0.03675311210338125,0.094590844240087,0.0007779695420405,2282.956005529571
0.615177175789515,0.007983323394782919,0.036874483236268754,0.093756270338248,0.00077285665333609,2284.0990339048676
0.617446309331145,0.008009600237726688,0.03699585436915625,0.092935925934079,0.0,2286.8743166359627
0.6197154428727749,0.008035877080670457,0.03711722550204375,0.09211140328656,0.0,2288.3668971379907
0.621984576414405,0.008062153923614224,0.037238596634931245,0.091378011021066,0.0,2288.9983178106527
0.624253709956035,0.008088430766557995,0.03735996776781875,0.090668469523248,0.00037645048783429,2288.6693443896997
0.6265228434976651,0.008114707609501764,0.03748133890070625,0.08989724433438201,0.0,2290.730820764255
0.628791977039295,0.008140984452445533,0.03760271003359375,0.08915535974352799,0.0,2291.381994332
0.631061110580925,0.008167261295389304,0.03772408116648125,0.088668356150362,0.00073843710637335,2288.182286226881
0.633330244122555,0.008193538138333073,0.037845452299368754,0.08799812049359801,0.0011005625095361,2287.0878343944437
0.6355993776641851,0.008219814981276842,0.037966823432256255,0.08727289854334301,0.0,2289.0091722853876
0.184041802879815,0.004046600642003208,0.013813967987643751,2.0872821124467,0.0,1213.5662442596604
0.186310936421445,0.004082154546913262,0.013935339120531251,2.0019928605534,0.0021510804321643,1235.402805821602
0.188580069963075,0.004117708451823316,0.014056710253418751,1.9190186657292998,0.0021140944916546,1258.4645259915287
0.190849203504705,0.004153262356733371,0.014178081386306251,1.8379487107152999,0.0020780543237688,1282.1907005176338
0.193118337046335,0.0041888162616434245,0.014299452519193751,1.7615302436147,0.0,1308.3530494885908
0.19538747058796502,0.004224370166553478,0.014420823652081251,1.6897661533855,0.0,1330.2093595875378
0.19765660412959501,0.004259924071463532,0.014542194784968751,1.6248487183265,0.0039505907121668,1348.3820107149945
0.199925737671225,0.004295477976373586,0.014663565917856251,1.565288671387,0.0,1369.549581428055
0.202194871212855,0.00433103188128364,0.014784937050743751,1.5119666712136999,0.0,1387.9765873723463
0.204464004754485,0.0043665857861936936,0.014906308183631251,1.4657935807122,0.0,1403.7206709654122
0.206733138296115,0.004402139691103747,0.01502767931651875,1.4239253132328,0.0,1416.3000560721493
0.209002271837745,0.004437693596013801,0.01514905044940625,1.3853976508032,0.0018202093120799,1427.0763641025378
0.211271405379375,0.004473247500923855,0.01527042158229375,1.3470469294125,0.0,1438.5458538239438
0.213540538921005,0.004508801405833909,0.01539179271518125,1.3088543049107,0.0,1450.54176077056
0.215809672462635,0.004544355310743963,0.01551316384806875,1.2729650792308,0.0,1462.2263819724926
0.218078806004265,0.004579909215654017,0.015634534980956252,1.2388109370190001,0.0,1473.4784196611924
0.220347939545895,0.00461546312056407,0.01575590611384375,1.2076045784237002,0.0016826956134169,1483.3338951818328
0.22261707308752499,0.004651017025474124,0.01587727724673125,1.1776274874358,0.0,1494.6586460389694
0.224886206629155,0.004686570930384178,0.01599864837961875,1.1491315614303,0.0,1504.5774628488787
0.227155340170785,0.0047221248352942325,0.016120019512506252,1.1214354878101,0.0,1513.8086284028254
0.229424473712415,0.004757678740204286,0.01624139064539375,1.0942250611317,0.0,1523.204442440993
0.231693607254045,0.004793232645114339,0.01636276177828125,1.0672265205792,0.0,1532.8339957353169
0.233962740795675,0.004828786550024394,0.01648413291116875,1.0413874200155,0.0,1543.077963179269
0.236231874337305,0.004864340454934448,0.016605504044056252,1.016548519895,0.0,1553.500575260698
0.238501007878935,0.0048998943598445015,0.01672687517694375,0.99344693366103,0.0,1562.578126819371
0.240770141420565,0.004935448264754555,0.01684824630983125,0.9710722599173,0.0,1570.0430118767595
0.24303927496219502,0.004971002169664609,0.01696961744271875,0.94903959903209,0.0,1577.2490839018944
0.24530840850382502,0.005006556074574664,0.01709098857560625,0.92879313643021,0.0028601465177373,1580.6720846057658
0.247577542045455,0.005042109979484717,0.01721235970849375,0.9059928385311999,0.0042299292839785,1587.7098387163928
0.249846675587085,0.0050776638843947714,0.01733373084138125,0.88461313913371,0.0,1598.8700974137048
0.252115809128715,0.005113217789304824,0.01745510197426875,0.86402359042267,0.0013710331264672,1607.1531111320671
0.254384942670345,0.005148771694214879,0.01757647310715625,0.84436303207769,0.0,1617.1103183138205
0.256654076211975,0.005184325599124932,0.01769784424004375,0.8261548852446301,0.0,1626.342465694534
0.258923209753605,0.005219879504034987,0.01781921537293125,0.80965096540586,0.0013155751022123,1632.519653868544
0.261192343295235,0.00525543340894504,0.01794058650581875,0.79256396075922,0.0012978351998345,1640.991257397313
0.263461476836865,0.005290987313855094,0.01806195763870625,0.77653855726487,0.0,1649.1686692872363
0.265730610378495,0.005326541218765148,0.01818332877159375,0.76063849914618,0.0,1656.1540989837824
0.267999743920125,0.005362095123675202,0.01830469990448125,0.74662401978313,0.0024934327344039,1657.8938209376065
0.270268877461755,0.005397649028585256,0.01842607103736875,0.73032293251715,0.0036910393980299,1663.971436156695
0.272538011003385,0.0054332029334953095,0.01854744217025625,0.71570975540227,0.0024285937514793,1670.7727027988499
0.274807144545015,0.005468756838405364,0.018668813303143753,0.7013092856919501,0.0011985592938558,1678.4959795650257
0.277076278086645,0.005504310743315417,0.01879018443603125,0.6874457974445299,0.0011831256850948,1685.0553575003898
0.279345411628275,0.005539864648225471,0.01891155556891875,0.67372329895358,0.0,1693.096881983066
0.28161454516990503,0.005575418553135526,0.01903292670180625,0.6603840966072501,0.0,1700.3406476676907
0.28388367871153497,0.005610972458045579,0.019154297834693752,0.64761826785878,0.0,1707.3045661690926
0.286152812253165,0.005646526362955633,0.01927566896758125,0.6357117284232601,0.0022485581372461,1710.5586494260106
0.288421945794795,0.005682080267865686,0.01939704010046875,0.6234984715892601,0.0033307603735419,1715.2564437843603
0.290691079336425,0.005717634172775741,0.01951841123335625,0.61135105051865,0.0,1724.3125829269043
0.292960212878055,0.005753188077685795,0.019639782366243752,0.5999551671940699,0.0021659566001626,1729.0186409908085
0.295229346419685,0.0057887419825958485,0.01976115349913125,0.58910903536566,0.0021394321893964,1733.9595105877181
0.297498479961315,0.005824295887505901,0.01988252463201875,0.57801029352222,0.001056696020166,1740.6118658978614
0.299767613502945,0.005859849792415956,0.02000389576490625,0.5668655624264399,0.0,1748.7717565831551
0.302036747044575,0.005895403697326011,0.020125266897793752,0.55632483625216,0.0010313590057726,1754.0283546905014
0.304305880586205,0.005930957602236064,0.02024663803068125,0.54641092945516,0.0,1760.8358513080045
0.306575014127835,0.005966511507146118,0.02036800916356875,0.53671972757551,0.0010069224647209,1764.715637996723
0.308844147669465,0.006002065412056171,0.02048938029645625,0.52708241856441,0.0019900571923785,1768.0582386564015
0.311113281211095,0.006037619316966226,0.02061075142934375,0.5170573212209499,0.0,1776.074805022111
0.313382414752725,0.006073173221876279,0.02073212256223125,0.50752395425259,0.00097186446535367,1782.1393899953275
0.315651548294355,0.006108727126786333,0.020853493695118748,0.49842659971693,0.00096058456210744,1788.209375478067
0.317920681835985,0.006144281031696387,0.02097486482800625,0.48945774969545003,0.0018989998092979,1795.270501495265
0.320189815377615,0.006179834936606441,0.02109623596089375,0.48058095307127996,0.00093860601278693,1803.0972886649906
0.322458948919245,0.006215388841516495,0.02121760709378125,0.47225714920654005,0.00092789853410201,1810.1890887620261
0.32472808246087503,0.006250942746426549,0.02133897822666875,0.46395439011781,0.00091737323959884,1817.101495969441
0.326997216002505,0.006286496651336603,0.02146034935955625,0.45586815072879,0.0,1825.2224267341871
0.32926634954413503,0.0063220505562466564,0.02158172049244375,0.44773357850179,0.0,1832.0422824053394
0.33153548308576497,0.006357604461156711,0.021703091625331253,0.43998231627447,0.0,1839.793378244776
0.333804616627395,0.006393158366066765,0.02182446275821875,0.43246404419454,0.0,1847.2819993467376
0.33607375016902497,0.006428712270976818,0.02194583389110625,0.42544327339703003,0.00086733964195209,1852.5159934356975
0.338342883710655,0.0064642661758868725,0.02206720502399375,0.41836398012018,0.0,1859.7651772533382
0.34061201725228496,0.0064998200807969255,0.02218857615688125,0.41184422478307,0.0,1866.1068473385517
0.342881150793915,0.006535373985706979,0.022309947289768747,0.40528763423504,0.0016785192056823,1870.3615637284895
0.34515028433554495,0.006570927890617033,0.02243131842265625,0.39930978943118,0.0,1876.7997681501688
0.347419417877175,0.006606481795527088,0.02255268955554375,0.39328105663237,0.00082129040108553,1880.8621529423401
0.349688551418805,0.0066420357004371424,0.022674060688431252,0.38746285467094005,0.0,1886.2900750752012
0.351957684960435,0.006677589605347195,0.02279543182131875,0.38173623483476005,0.0016077843655857,1888.5669718474653
0.354226818502065,0.006713143510257249,0.02291680295420625,0.37585358548524,0.0007953996625936,1893.4313528125892
0.356495952043695,0.006748697415167303,0.02303817408709375,0.36949062611986,0.00078704101056764,1898.0501207015873
0.358765085585325,0.006784251320077358,0.023159545219981252,0.36295758664174,0.0,1904.8849438601515
0.361034219126955,0.006819805224987411,0.02328091635286875,0.35644309914091005,0.0,1911.099954145665
0.363303352668585,0.006855359129897464,0.02340228748575625,0.35018622519799997,0.0,1918.6861864202945
0.365572486210215,0.006890913034807518,0.02352365861864375,0.34420215169204,0.0,1925.2334011090961
0.367841619751845,0.006926466939717573,0.023645029751531252,0.33880060683991,0.00074716031324371,1930.9619807871377
0.370110753293475,0.006962020844627627,0.02376640088441875,0.33373082586576,0.0,1937.3842290916507
0.372379886835105,0.00699757474953768,0.02388777201730625,0.32892364671376,0.00073205254251171,1942.2974527252763
0.374649020376735,0.007033128654447734,0.02400914315019375,0.32425800609224,0.0,1947.6086993356457
0.37691815391836503,0.007068682559357788,0.02413051428308125,0.31944057759561,0.0,1952.956771521764
0.37918728745999497,0.007104236464267842,0.02425188541596875,0.31485031342597,0.0,1958.2543393586664
0.381456421001625,0.007139790369177895,0.024373256548856248,0.31019356791147,0.00070317992172503,1962.3544242086505
0.38372555454325497,0.0071753442740879496,0.02449462768174375,0.30552715858134,0.0,1968.7257009818447
0.385994688084885,0.007210898178998004,0.02461599881463125,0.30088923154858,0.0,1974.7577924627085
0.38826382162651496,0.007246452083908057,0.02473736994751875,0.2963664812776,0.0,1980.7897853307281
0.390532955168145,0.007282005988818111,0.024858741080406248,0.29185950228811,0.0,1986.80506304067
0.392802088709775,0.007317559893728165,0.02498011221329375,0.28748659035017,0.0,1992.6150617206229
0.395071222251405,0.0073531137986382195,0.02510148334618125,0.2831648132466,0.0,1997.9378992858396
0.39734035579303495,0.007388667703548272,0.02522285447906875,0.2789724279935,0.0,2003.4675541840995
0.399609489334665,0.007424221608458326,0.025344225611956248,0.27486004273515,0.0,2008.9625419432336
0.40187862287629494,0.00745977551336838,0.02546559674484375,0.27088278478518,0.00064414841330546,2013.5504275219566
0.404147756417925,0.007495329418278435,0.02558696787773125,0.26705634631583003,0.0,2019.0349531908498
0.406416889959555,0.0075308833231884885,0.02570833901061875,0.26320163509389,0.0012640831178292,2022.5548338509734
0.408686023501185,0.007566437228098541,0.025829710143506247,0.25957691113688,0.0012522314588109,2026.70931087435
0.41095515704281493,0.007601991133008596,0.02595108127639375,0.25591203666695,0.0,2032.8096634171525
0.413224290584445,0.00763754503791865,0.02607245240928125,0.25229803978361,0.0012290227535191,2036.5846417411549
0.41549342412607493,0.007673098942828704,0.02619382354216875,0.24889695099222,0.0,2042.8553610686233
0.417762557667705,0.007708652847738757,0.026315194675056247,0.24551518748874,0.0,2048.465279897805
0.420031691209335,0.007744206752648811,0.02643656580794375,0.24228534546936,0.0,2053.488772566607
0.422300824750965,0.007779760657558866,0.02655793694083125,0.23914296988339998,0.00059224997636929,2057.252840228722
0.424569958292595,0.007815314562468919,0.02667930807371875,0.23589331513895,0.0,2062.493230712674
0.42683909183422497,0.007850868467378973,0.026800679206606247,0.2327252265644,0.0,2067.0625226487564
0.42910822537585497,0.007886422372289027,0.02692205033949375,0.22951286185456998,0.00057633829738866,2071.6148359913414
0.43137735891748497,0.00792197627719908,0.02704342147238125,0.22657101299808,0.0,2076.7070546703985
0.43364649245911496,0.007957530182109136,0.027164792605268752,0.22371881956046,0.0,2080.626954466128
0.43591562600074496,0.007993084087019188,0.02728616373815625,0.22087046680023,0.0011221186911555,2082.9274021057763
0.438184759542375,0.008028637991929242,0.02740753487104375,0.21800294044413002,0.0,2088.122161582361
0.440453893084005,0.008064191896839297,0.02752890600393125,0.2150203787436,0.0,2092.9477824954624
0.442723026625635,0.008099745801749351,0.02765027713681875,0.21215622205991,0.0,2097.6287039538806
0.444992160167265,0.008135299706659405,0.02777164826970625,0.20931915218904001,0.0,2102.097125799212
0.447261293708895,0.008170853611569457,0.027893019402593748,0.2065652945171,0.00053691153642949,2105.6285623682866
0.449530427250525,0.008206407516479513,0.02801439053548125,0.20395924559745998,0.00053226932969225,2108.932951351565
0.451799560792155,0.008241961421389566,0.02813576166836875,0.20124651151361,0.00052768706936064,2112.662798716594
0.454068694333785,0.00827751532629962,0.028257132801256253,0.19854314025632,0.0,2117.5346156045684
0.456337827875415,0.008313069231209674,0.02837850393414375,0.19590140112261,0.0,2122.071981330745
0.458606961417045,0.008348623136119728,0.02849987506703125,0.19345616774919,0.0,2126.2045565043068
0.460876094958675,0.008384177041029782,0.02862124619991875,0.19114557137587,0.00050993726332558,2128.853884704668
0.463145228500305,0.008419730945939835,0.028742617332806253,0.18890840789686,0.00050563974955066,2131.9861960099875
0.46541436204193504,0.00845528485084989,0.02886398846569375,0.18669850257884002,0.00050139633387974,2135.0980881502715
0.467683495583565,0.008490838755759943,0.02898535959858125,0.18447019039534998,0.00049720611210929,2138.232531033588
0.469952629125195,0.008526392660669997,0.02910673073146875,0.18227692365598,0.0,2142.6783440356376
0.472221762666825,0.00856194656558005,0.02922810186435625,0.18022646114482,0.0,2146.2422213316427
0.47449089620845497,0.008597500470490104,0.029349472997243747,0.1782518179866,0.00048494584756176,2148.7554149470425
0.47676002975008497,0.008633054375400158,0.02947084413013125,0.17627957304417002,0.0,2152.2932675126335
0.47902916329171497,0.008668608280310212,0.029592215263018747,0.17436892650441,0.0,2155.1465360008756
0.48129829683334496,0.008704162185220266,0.02971358639590625,0.17243494852301,0.00094626706114086,2156.9127265652046
0.48356743037497496,0.00873971609013032,0.02983495752879375,0.17047676831505,0.0,2160.4684355906675
0.48583656391660496,0.008775269995040373,0.02995632866168125,0.16860170889481,0.00046549681209842,2162.706332278491
0.48810569745823496,0.008810823899950427,0.03007769979456875,0.16663470484913,0.00092349520407819,2164.0778092981914
0.490374830999865,0.008846377804860481,0.03019907092745625,0.16463555650043,0.00091608701124194,2166.254477400169
0.492643964541495,0.008881931709770537,0.03032044206034375,0.16253446754964,0.0,2170.459090393003
0.494913098083125,0.008917485614680589,0.03044181319323125,0.16040816901918,0.0,2174.612680092177
0.497182231624755,0.008953039519590644,0.03056318432611875,0.15835028443381002,0.0,2178.5828549184316
0.499451365166385,0.008988593424500696,0.03068455545900625,0.15640296757405,0.0,2182.2440189365366
0.501720498708015,0.009024147329410752,0.03080592659189375,0.15457362132809,0.0,2185.582818054376
0.503989632249645,0.009059701234320804,0.03092729772478125,0.15278259571421002,0.0,2188.6950022455258
0.5062587657912749,0.00909525513923086,0.03104866885766875,0.15106624432733,0.0,2191.5177921834097
0.508527899332905,0.009130809044140913,0.03117003999055625,0.14929371205375,0.0,2194.4633311444427
0.510797032874535,0.009166362949050965,0.031291411123443746,0.14756066302537998,0.0,2197.789557398031
0.513066166416165,0.009201916853961021,0.03141278225633125,0.14587760954318998,0.00042333203136568,2200.4580979630887
0.5153352999577949,0.009237470758871075,0.03153415338921875,0.14417572280082,0.0,2204.360954210954
0.517604433499425,0.009273024663781129,0.03165552452210625,0.14254433561164,0.0,2208.108252678138
0.519873567041055,0.009308578568691184,0.03177689565499375,0.14097720367636,0.0,2211.6782831066976
0.5221427005826851,0.009344132473601238,0.031898266787881255,0.13949705427196,0.0,2214.7066570020634
0.5244118341243149,0.00937968637851129,0.03201963792076875,0.13810700331986,0.00081487523852413,2216.227915414949
0.526680967665945,0.009415240283421342,0.032141009053656244,0.13661475171693002,0.0,2220.155383122112
0.528950101207575,0.009450794188331396,0.032262380186543746,0.13511744431911998,0.0,2223.8166350906395
0.531219234749205,0.009486348093241451,0.03238375131943125,0.13369404502680998,0.0,2227.3295352795894
0.5334883682908349,0.009521901998151505,0.03250512245231875,0.13227583765238,0.0,2230.565372907794
0.535757501832465,0.009557455903061559,0.03262649358520625,0.13093045017485,0.0,2233.745655662532
0.538026635374095,0.009593009807971615,0.03274786471809375,0.12961483957567,0.0,2236.7014444117767
0.540295768915725,0.009628563712881667,0.03286923585098125,0.12832558420905,0.0,2239.335846408696
0.5425649024573549,0.00966411761779172,0.03299060698386875,0.1270677671444,0.0,2241.700745399059
0.544834035998985,0.009699671522701776,0.03311197811675625,0.12581971620951002,0.0,2244.1392883675876
0.547103169540615,0.009735225427611828,0.033233349249643745,0.12455315523925001,0.00037822111692233,2245.8376170138035
0.549372303082245,0.009770779332521882,0.03335472038253125,0.12330117344342001,0.0,2248.7726724416034
0.551641436623875,0.009806333237431936,0.03347609151541875,0.12203638515377,0.0,2251.4699235564385
0.5539105701655049,0.009841887142341991,0.03359746264830625,0.12079428735477,0.0,2253.9509016410993
0.556179703707135,0.009877441047252045,0.03371883378119375,0.11960999847154001,0.0,2256.27208671597
0.558448837248765,0.009912994952162099,0.033840204914081254,0.11842251753433,0.00036477750185598,2257.493230769858
0.560717970790395,0.00994854885707215,0.03396157604696875,0.11721817227135001,0.0,2260.1318881642646
0.5629871043320249,0.009984102761982206,0.03408294717985625,0.11599210543777,0.00035960004443368,2261.943036174648
0.565256237873655,0.010019656666892258,0.034204318312743745,0.114779378268,0.0,2265.4291273406216
0.567525371415285,0.010055210571802312,0.03432568944563125,0.11358589915985,0.0,2268.2592006169966
0.569794504956915,0.010090764476712368,0.03444706057851875,0.1124517726388,0.0,2270.8175444830013
0.572063638498545,0.010126318381622422,0.03456843171140625,0.11138466733674,0.0,2273.1188318626228
0.574332772040175,0.010161872286532475,0.03468980284429375,0.11034712169474,0.0,2274.756201280453
0.576601905581805,0.010197426191442531,0.03481117397718125,0.10940005539341001,0.0,2275.89617256175
0.5788710391234351,0.010232980096352585,0.034932545110068755,0.10846559494927001,0.00034232103353306,2276.1685258155917
0.5811401726650649,0.010268534001262637,0.03505391624295625,0.10742215980106,0.00033995462619927,2277.806628980842
0.583409306206695,0.010304087906172689,0.035175287375843745,0.10653050533483,0.00067522534434435,2278.0990771189995
0.585678439748325,0.010339641811082744,0.035296658508731246,0.10540469441947001,0.0,2280.8746702740623
0.587947573289955,0.010375195715992798,0.03541802964161875,0.10430922044214,0.0,2283.6535928441217
0.5902167068315849,0.010410749620902852,0.03553940077450625,0.10324987492766,0.0,2286.485130215296
0.592485840373215,0.010446303525812906,0.03566077190739375,0.10222670023399001,0.0,2289.1942886011434
0.594754973914845,0.010481857430722961,0.03578214304028125,0.10124569493618,0.0,2291.5905314945435
0.597024107456475,0.010517411335633014,0.03590351417316875,0.1003091886788,0.0,2293.767925198454
0.599293240998105,0.010552965240543067,0.03602488530605625,0.099369911714343,0.0,2295.830371418937
0.6015623745397349,0.01058851914545312,0.036146256438943744,0.098470982858576,0.0,2297.8041655219877
0.603831508081365,0.010624073050363175,0.036267627571831246,0.09761224540020899,0.0,2299.666319130303
0.606100641622995,0.010659626955273229,0.03638899870471875,0.096770748558826,0.0,2301.262535100553
0.608369775164625,0.010695180860183283,0.03651036983760625,0.096025282680644,0.00031337302818262,2301.810589604419
0.6106389087062549,0.010730734765093338,0.03663174097049375,0.09521394340299401,0.0,2303.2697900404905
0.612908042247885,0.010766288670003392,0.03675311210338125,0.094448554027755,0.0,2304.3107865410193
0.615177175789515,0.010801842574913446,0.036874483236268754,0.09365555090333899,0.00030721484751327,2305.229931939211
0.617446309331145,0.0108373964798235,0.03699585436915625,0.092897289533117,0.0,2306.6660576404975
0.6197154428727749,0.010872950384733553,0.03711722550204375,0.092194369481051,0.00030320969312656,2306.844823723549
0.621984576414405,0.010908504289643605,0.037238596634931245,0.091395149170495,0.0,2308.438662682405
0.624253709956035,0.01094405819455366,0.03735996776781875,0.090658632494355,0.0,2309.7032340813307
0.6265228434976651,0.010979612099463715,0.03748133890070625,0.089916990626063,0.00029734723654701,2310.2203194512967
0.628791977039295,0.011015166004373769,0.03760271003359375,0.089211012111444,0.00029543082699037,2311.380582557412
0.631061110580925,0.011050719909283822,0.03772408116648125,0.088490923862034,0.0,2312.490573558601
0.633330244122555,0.011086273814193878,0.037845452299368754,0.087840733004871,0.0,2313.2596789893996
0.6355993776641851,0.011121827719103932,0.037966823432256255,0.08720547182643101,0.0,2313.343611113622
0.184041802879815,0.00502818160967407,0.013813967987643751,2.0833378871275,0.0018950538401226,1214.3110125383455
0.186310936421445,0.005072359799378586,0.013935339120531251,1.9993637001322,0.0018621875054579,1238.336254755258
0.188580069963075,0.005116537989083102,0.014056710253418751,1.9151657188522,0.0,1265.362658540914
0.190849203504705,0.005160716178787618,0.014178081386306251,1.8343791956603002,0.0,1290.4816504838282
0.193118337046335,0.005204894368492134,0.014299452519193751,1.7597855877584,0.0017685600482693,1313.353037766
0.19538747058796502,0.00524907255819665,0.014420823652081251,1.6891954111899998,0.001738915752899,1334.4153161002694
0.19765660412959501,0.005293250747901166,0.014542194784968751,1.6239222068507,0.0017100105959247,1355.0219817888335
0.199925737671225,0.005337428937605681,0.014663565917856251,1.5653479462152,0.0,1375.4699884953284
0.202194871212855,0.005381607127310197,0.014784937050743751,1.5128563062981,0.0,1393.5367126900546
0.204464004754485,0.005425785317014713,0.014906308183631251,1.466534030054,0.0,1409.4585643145545
0.206733138296115,0.0054699635067192295,0.01502767931651875,1.4246113555514,0.0,1423.4940753055798
0.209002271837745,0.005514141696423745,0.01514905044940625,1.3853907522193,0.0,1436.093565061538
0.211271405379375,0.005558319886128261,0.01527042158229375,1.3474283327969,0.0,1447.644176662817
0.213540538921005,0.005602498075832777,0.01539179271518125,1.3104205460011,0.0,1459.5574700490795
0.215809672462635,0.0056466762655372925,0.01551316384806875,1.2747931342592,0.0,1471.370049938776
0.218078806004265,0.005690854455241809,0.015634534980956252,1.2411368298909,0.0,1482.1851726264842
0.220347939545895,0.005735032644946324,0.01575590611384375,1.2093120467023,0.0,1492.2147857421287
0.22261707308752499,0.00577921083465084,0.01587727724673125,1.1790452741536,0.0,1501.977050998062
0.224886206629155,0.005823389024355356,0.01599864837961875,1.1505761451934,0.0,1510.8071001336268
0.227155340170785,0.005867567214059873,0.016120019512506252,1.1217618878784998,0.0013916437051235,1520.554394069035
0.229424473712415,0.005911745403764388,0.01624139064539375,1.0947196540257,0.0,1530.890981134334
0.231693607254045,0.005955923593468903,0.01636276177828125,1.0678199538414002,0.0013506599769559,1539.5387219643512
0.233962740795675,0.006000101783173419,0.01648413291116875,1.0421991222675,0.0,1550.4437568221315
0.236231874337305,0.006044279972877936,0.016605504044056252,1.0173017232685,0.0,1560.4291944091228
0.238501007878935,0.0060884581625824516,0.01672687517694375,0.9948854321802,0.0,1568.5423712734785
0.240770141420565,0.006132636352286968,0.01684824630983125,0.9724675260878001,0.0050957714903867,1571.0146229412692
0.24303927496219502,0.006176814541991483,0.01696961744271875,0.94960183248569,0.0025115699490294,1579.6352095689324
0.24530840850382502,0.006220992731696,0.01709098857560625,0.92727110848353,0.0,1590.6443342382292
0.247577542045455,0.0062651709214005145,0.01721235970849375,0.9054295785387599,0.0012206147422189,1599.0494949122074
0.249846675587085,0.006309349111105031,0.01733373084138125,0.8844794079184599,0.0,1609.313719849705
0.252115809128715,0.006353527300809547,0.01745510197426875,0.86466801201221,0.0,1617.8863446864827
0.254384942670345,0.006397705490514063,0.01757647310715625,0.84540428077058,0.0023411327448831,1624.4329964117883
0.256654076211975,0.006441883680218578,0.01769784424004375,0.82729830052916,0.0,1634.6541442110863
0.258923209753605,0.006486061869923095,0.01781921537293125,0.81004854065648,0.0011388916384528,1641.1360314743965
0.261192343295235,0.00653024005962761,0.01794058650581875,0.7933576135199,0.0011235342282593,1647.739086743355
0.263461476836865,0.006574418249332126,0.01806195763870625,0.77674454660945,0.0011084853672192,1655.3713061669278
0.265730610378495,0.006618596439036641,0.01818332877159375,0.7605614930328399,0.0,1664.329383258672
0.267999743920125,0.006662774628741158,0.01830469990448125,0.74534538805471,0.0010792807219753,1669.991152996014
0.270268877461755,0.006706952818445674,0.01842607103736875,0.72981939001156,0.0,1677.5615384267173
0.272538011003385,0.00675113100815019,0.01854744217025625,0.71516803609693,0.0010512152107877,1683.7566720261482
0.274807144545015,0.006795309197854707,0.018668813303143753,0.70096671251646,0.0,1691.3376486364377
0.277076278086645,0.006839487387559222,0.01879018443603125,0.6874707908604,0.0010242303519786,1696.6158299169335
0.279345411628275,0.0068836655772637366,0.01891155556891875,0.67457910358109,0.0020222518253047,1700.4766400517672
0.28161454516990503,0.006927843766968253,0.01903292670180625,0.66091029750276,0.00099827136922635,1708.869853447701
0.28388367871153497,0.00697202195667277,0.019154297834693752,0.64801246551526,0.0019713208159773,1715.1934243443695
0.286152812253165,0.0070162001463772855,0.01927566896758125,0.63567026661436,0.0,1723.0558548921356
0.288421945794795,0.0070603783360818,0.01939704010046875,0.62298819204238,0.0,1729.4569224743743
0.290691079336425,0.007104556525786317,0.01951841123335625,0.61121581074768,0.00094922880829495,1735.0288985197783
0.292960212878055,0.007148734715490834,0.019639782366243752,0.59965045975493,0.0,1742.4356927825445
0.295229346419685,0.0071929129051953485,0.01976115349913125,0.5884236480302399,0.0,1749.1964163967966
0.297498479961315,0.007237091094899864,0.01988252463201875,0.5776283361961401,0.00091478035706933,1754.3199684673305
0.299767613502945,0.00728126928460438,0.02000389576490625,0.56702691697717,0.0,1761.7975558290643
0.302036747044575,0.0073254474743088965,0.020125266897793752,0.55665574884778,0.0,1767.9371274332905
0.304305880586205,0.007369625664013412,0.02024663803068125,0.5469100204203,0.00176434737372,1771.5954134484691
0.306575014127835,0.007413803853717929,0.02036800916356875,0.5371887511130999,0.00087169145548015,1777.150433239434
0.308844147669465,0.007457982043422444,0.02048938029645625,0.5271936805474201,0.0017227898982211,1781.879938770346
0.311113281211095,0.00750216023312696,0.02061075142934375,0.51722104913054,0.0,1790.5352834662879
0.313382414752725,0.007546338422831475,0.02073212256223125,0.50779086795713,0.0016826835829278,1796.2353486418397
0.315651548294355,0.007590516612535991,0.020853493695118748,0.49858728803054,0.0,1804.4903826996238
0.317920681835985,0.0076346948022405076,0.02097486482800625,0.48947839930165,0.0,1811.9546013218142
0.320189815377615,0.007678872991945024,0.02109623596089375,0.48077317984919,0.00081254999274985,1818.0485418921749
0.322458948919245,0.007723051181649539,0.02121760709378125,0.47256485384198,0.0,1825.493466100788
0.32472808246087503,0.007767229371354056,0.02133897822666875,0.46408787481483005,0.0,1832.378702819819
0.326997216002505,0.0078114075610585705,0.02146034935955625,0.45631644044074005,0.00078521123405606,1838.3909442636464
0.32926634954413503,0.007855585750763087,0.02158172049244375,0.44839007152989,0.001552808719979,1843.9359189489487
0.33153548308576497,0.007899763940467604,0.021703091625331253,0.44051290646545,0.0,1852.4720208759522
0.333804616627395,0.007943942130172119,0.02182446275821875,0.43281939848636,0.0,1860.2260721397854
0.33607375016902497,0.007988120319876633,0.02194583389110625,0.42563083257268003,0.0,1867.0741189506741
0.338342883710655,0.00803229850958115,0.02206720502399375,0.41860894850643005,0.0,1873.558677268826
0.34061201725228496,0.008076476699285667,0.02218857615688125,0.41211063892501,0.0,1879.097304956253
0.342881150793915,0.008120654888990182,0.022309947289768747,0.40541638752474,0.00072654593611539,1884.274631999932
0.34515028433554495,0.008164833078694698,0.02243131842265625,0.39918952251517,0.0,1890.700215307751
0.347419417877175,0.008209011268399215,0.02255268955554375,0.39303248055671,0.00071099002175159,1895.573699948301
0.349688551418805,0.008253189458103731,0.022674060688431252,0.38714629172374,0.0,1901.2272167200083
0.351957684960435,0.008297367647808246,0.02279543182131875,0.38111255145569,0.0,1906.3057095940048
0.354226818502065,0.008341545837512761,0.02291680295420625,0.37523517298944,0.0,1911.3994663253045
0.356495952043695,0.008385724027217278,0.02303817408709375,0.36926155077476996,0.00068134036935446,1915.7840652218138
0.358765085585325,0.008429902216921794,0.023159545219981252,0.36311882345834,0.0,1921.842627853955
0.361034219126955,0.00847408040662631,0.02328091635286875,0.35691722103346,0.00066720626084635,1926.6416952236805
0.363303352668585,0.008518258596330824,0.02340228748575625,0.3508127428443,0.0,1933.6635153989446
0.365572486210215,0.00856243678603534,0.02352365861864375,0.3449148987064,0.0,1940.1622161250907
0.367841619751845,0.008606614975739857,0.023645029751531252,0.33936650544078,0.0,1946.0948804954141
0.370110753293475,0.008650793165444372,0.02376640088441875,0.33424273728494003,0.0,1951.636650157574
0.372379886835105,0.008694971355148889,0.02388777201730625,0.32927460995364005,0.00063373692476592,1955.9932349889048
0.374649020376735,0.008739149544853405,0.02400914315019375,0.32455763391681,0.00062734579384362,1960.7400986843388
0.37691815391836503,0.008783327734557922,0.02413051428308125,0.31972651900843,0.00062105085782627,1965.5951938170135
0.37918728745999497,0.008827505924262437,0.02425188541596875,0.31494825323448,0.0,1971.682673329595
0.381456421001625,0.008871684113966952,0.024373256548856248,0.31017975661424,0.0,1977.3536021446978
0.38372555454325497,0.008915862303671468,0.02449462768174375,0.30557333939104997,0.0,1983.032071061901
0.385994688084885,0.008960040493375985,0.02461599881463125,0.30102509869665,0.0,1988.6583351822637
0.38826382162651496,0.0090042186830805,0.02473736994751875,0.29656385507224,0.0,1994.2552135229153
0.390532955168145,0.009048396872785015,0.024858741080406248,0.29213100730537,0.0,1999.7620360459314
0.392802088709775,0.009092575062489531,0.02498011221329375,0.28778417378377,0.0,2005.2963118834507
0.395071222251405,0.009136753252194048,0.02510148334618125,0.28349070116308,0.0,2010.762472880334
0.39734035579303495,0.009180931441898563,0.02522285447906875,0.27928082373145,0.0,2016.1739149833206
0.399609489334665,0.00922510963160308,0.025344225611956248,0.27517863698458,0.0,2021.5073017474108
0.40187862287629494,0.009269287821307594,0.02546559674484375,0.27114333778068,0.0,2026.6278732139708
0.404147756417925,0.00931346601101211,0.02558696787773125,0.26724654318285,0.0,2031.6657224702965
0.406416889959555,0.009357644200716627,0.02570833901061875,0.26339101077271004,0.0,2036.4121682108744
0.408686023501185,0.009401822390421142,0.025829710143506247,0.2596058556017,0.0,2041.0365315271486
0.41095515704281493,0.009446000580125659,0.02595108127639375,0.25600620375563,0.0,2045.8145955657928
0.413224290584445,0.009490178769830175,0.02607245240928125,0.25237724593189,0.0,2050.3785624001484
0.41549342412607493,0.00953435695953469,0.02619382354216875,0.24897200029016,0.0,2055.03777954061
0.417762557667705,0.009578535149239205,0.026315194675056247,0.24560189946263,0.00052221253610454,2059.232725326846
0.420031691209335,0.009622713338943722,0.02643656580794375,0.24234681884549,0.0,2064.2444946570417
0.422300824750965,0.009666891528648238,0.02655793694083125,0.23907240286599998,0.0,2068.996513459861
0.424569958292595,0.009711069718352753,0.02667930807371875,0.23586587225976002,0.0,2073.6976077977197
0.42683909183422497,0.009755247908057268,0.026800679206606247,0.2327022399774,0.0,2078.218850203933
0.42910822537585497,0.009799426097761785,0.02692205033949375,0.22963287911606,0.0,2082.6726930536993
0.43137735891748497,0.009843604287466301,0.02704342147238125,0.22662320849842,0.0,2086.8606071707477
0.43364649245911496,0.009887782477170818,0.027164792605268752,0.22375825755424,0.00049005827571944,2090.2384320981796
0.43591562600074496,0.009931960666875333,0.02728616373815625,0.22082985369436,0.0,2094.484394498397
0.438184759542375,0.00997613885657985,0.02740753487104375,0.21796843788998999,0.0,2098.779441734999
0.440453893084005,0.010020317046284366,0.02752890600393125,0.21508283685073998,0.00047718043432846,2102.387505978987
0.442723026625635,0.010064495235988883,0.02765027713681875,0.21223342846416002,0.0,2107.244322021912
0.444992160167265,0.010108673425693398,0.02777164826970625,0.20940416535982,0.0,2111.903463055594
0.447261293708895,0.010152851615397912,0.027893019402593748,0.20664663205719,0.0,2116.2238488039898
0.449530427250525,0.010197029805102429,0.02801439053548125,0.20396400292666,0.0,2120.2834594224446
0.451799560792155,0.010241207994806946,0.02813576166836875,0.20130762675163003,0.0,2124.279235697425
0.454068694333785,0.010285386184511462,0.028257132801256253,0.19871298187216,0.0,2128.268803625055
0.456337827875415,0.010329564374215977,0.02837850393414375,0.19617500804693,0.00044903643629478,2131.6197559505586
0.458606961417045,0.010373742563920492,0.02849987506703125,0.19373120122774,0.0,2135.7458144958873
0.460876094958675,0.010417920753625009,0.02862124619991875,0.19129883547791002,0.0,2139.5088190808974
0.463145228500305,0.010462098943329525,0.028742617332806253,0.18897877061090002,0.0,2143.001776258198
0.46541436204193504,0.01050627713303404,0.02886398846569375,0.18668733431756,0.0,2146.3403488730387
0.467683495583565,0.010550455322738557,0.02898535959858125,0.18445782869088,0.0,2149.7236891175053
0.469952629125195,0.010594633512443071,0.02910673073146875,0.18230054859322,0.0,2153.2262722376017
0.472221762666825,0.010638811702147588,0.02922810186435625,0.18019170405614998,0.0,2156.585792111709
0.47449089620845497,0.010682989891852103,0.029349472997243747,0.17818391827706,0.0,2159.8022132509814
0.47676002975008497,0.01072716808155662,0.02947084413013125,0.1761926027548,0.0,2162.9440073979677
0.47902916329171497,0.010771346271261134,0.029592215263018747,0.17425881883636998,0.00041295780007644,2165.384115270162
0.48129829683334496,0.010815524460965651,0.02971358639590625,0.17231063645960001,0.0,2168.5709841409894
0.48356743037497496,0.010859702650670168,0.02983495752879375,0.17037659830812998,0.0,2171.801846818448
0.48583656391660496,0.010903880840374683,0.02995632866168125,0.1684387523885,0.0,2174.7769463970294
0.48810569745823496,0.010948059030079199,0.03007769979456875,0.16651719680479,0.0,2177.4162711779218
0.490374830999865,0.010992237219783714,0.03019907092745625,0.16455335969489002,0.00039652766134148,2179.6614613215556
0.492643964541495,0.01103641540948823,0.03032044206034375,0.16256881705172,0.0,2183.1726351317975
0.494913098083125,0.011080593599192745,0.03044181319323125,0.1605495829597,0.0,2186.824773602915
0.497182231624755,0.011124771788897262,0.03056318432611875,0.15856808772404,0.0,2190.4499799977593
0.499451365166385,0.011168949978601779,0.03068455545900625,0.15663866393082998,0.0,2193.9583695216543
0.501720498708015,0.011213128168306295,0.03080592659189375,0.15479301338264,0.0,2197.338143584891
0.503989632249645,0.01125730635801081,0.03092729772478125,0.15298756983518,0.0,2200.5753597551407
0.5062587657912749,0.011301484547715327,0.03104866885766875,0.15125489646257,0.0,2203.6334731356983
0.508527899332905,0.011345662737419843,0.03117003999055625,0.14952193784279,0.00037220822834829,2206.0957915050867
0.510797032874535,0.011389840927124356,0.031291411123443746,0.14782878036738,0.0,2209.4889640083657
0.513066166416165,0.011434019116828873,0.03141278225633125,0.14610327752486,0.0,2212.7591976398817
0.5153352999577949,0.01147819730653339,0.03153415338921875,0.14444574812212002,0.0,2215.929580095607
0.517604433499425,0.011522375496237906,0.03165552452210625,0.14282500044977,0.00036087905541016,2218.4640332793847
0.519873567041055,0.011566553685942423,0.03177689565499375,0.1412334185487,0.0,2221.9689963014166
0.5221427005826851,0.01161073187564694,0.031898266787881255,0.13967264326695,0.0,2225.285215544466
0.5244118341243149,0.011654910065351453,0.03201963792076875,0.1381461331106,0.0,2228.321288010904
0.526680967665945,0.011699088255055968,0.032141009053656244,0.13666447902642,0.0,2231.433901942423
0.528950101207575,0.011743266444760484,0.032262380186543746,0.13520473624927998,0.0,2234.5742036677593
0.531219234749205,0.011787444634465,0.03238375131943125,0.13377300706169,0.0,2237.68207989127
0.5334883682908349,0.011831622824169517,0.03250512245231875,0.13238467613927002,0.0,2240.7225645324042
0.535757501832465,0.011875801013874034,0.03262649358520625,0.13101164172406998,0.0,2243.636486402536
0.538026635374095,0.011919979203578549,0.03274786471809375,0.12971146549748,0.0,2246.292280150109
0.540295768915725,0.011964157393283064,0.03286923585098125,0.12839086326064,0.00033471989658824,2248.5326087327317
0.5425649024573549,0.01200833558298758,0.03299060698386875,0.12710662749724,0.0,2251.501731159608
0.544834035998985,0.012052513772692097,0.03311197811675625,0.12585367132007,0.0,2254.124070830953
0.547103169540615,0.01209669196239661,0.033233349249643745,0.12455123951175,0.00032742552426282,2256.1763357098835
0.549372303082245,0.012140870152101127,0.03335472038253125,0.12329722248488,0.0,2259.1999446845357
0.551641436623875,0.012185048341805643,0.03347609151541875,0.12202379076759001,0.0,2262.073445567249
0.5539105701655049,0.01222922653151016,0.03359746264830625,0.1207983849794,0.0,2264.7677732401276
0.556179703707135,0.012273404721214676,0.03371883378119375,0.11958481270331,0.0,2267.2977189887297
0.558448837248765,0.012317582910919193,0.033840204914081254,0.11839460341605,0.0,2269.6028330656745
0.560717970790395,0.012361761100623708,0.03396157604696875,0.11721201318213,0.00031353433180438,2271.443804516574
0.5629871043320249,0.012405939290328223,0.03408294717985625,0.11601590009493,0.0,2274.1130320846514
0.565256237873655,0.012450117480032738,0.034204318312743745,0.11482193956446,0.0,2276.8571952206034
0.567525371415285,0.012494295669737254,0.03432568944563125,0.11366387490481,0.0,2279.4830743477505
0.569794504956915,0.01253847385944177,0.03444706057851875,0.11253928392647,0.0,2281.890446571678
0.572063638498545,0.012582652049146287,0.03456843171140625,0.11146895351296,0.00030262265501397,2283.510601760798
0.574332772040175,0.012626830238850804,0.03468980284429375,0.11040730551474,0.0,2285.904646928047
0.576601905581805,0.01267100842855532,0.03481117397718125,0.10936336437679,0.0,2288.057110008724
0.5788710391234351,0.012715186618259837,0.034932545110068755,0.10833763958604,0.0,2289.998811034379
0.5811401726650649,0.01275936480796435,0.03505391624295625,0.10733390033816001,0.0,2291.8610655621756
0.583409306206695,0.012803542997668865,0.035175287375843745,0.10635112726675999,0.0,2293.651644936295
0.585678439748325,0.01284772118737338,0.035296658508731246,0.10534599318676,0.0,2295.606068748834
0.587947573289955,0.012891899377077897,0.03541802964161875,0.10434867153483,0.00028827834380117,2297.2661279557506
0.5902167068315849,0.012936077566782413,0.03553940077450625,0.10336331529571,0.0,2299.577256103272
0.592485840373215,0.01298025575648693,0.03566077190739375,0.10236327872371,0.0,2301.89060690657
0.594754973914845,0.013024433946191447,0.03578214304028125,0.10138733636011,0.0,2304.1306458821305
0.597024107456475,0.013068612135895961,0.03590351417316875,0.10044097427031,0.0,2306.2919380263916
0.599293240998105,0.013112790325600478,0.03602488530605625,0.09950848225643,0.0,2308.3722668144933
0.6015623745397349,0.013156968515304991,0.036146256438943744,0.098606755084253,0.0,2310.3696072385724
0.603831508081365,0.013201146705009508,0.036267627571831246,0.097726101280247,0.0,2312.2749889169418
0.606100641622995,0.013245324894714024,0.03638899870471875,0.09687364948468799,0.0,2314.0545438792865
0.608369775164625,0.013289503084418541,0.03651036983760625,0.09604343977839899,0.0,2315.6507243365977
0.6106389087062549,0.013333681274123058,0.03663174097049375,0.095234107380943,0.0,2317.200811007166
0.612908042247885,0.013377859463827574,0.03675311210338125,0.094438556091094,0.0,2318.670636339357
0.615177175789515,0.01342203765353209,0.036874483236268754,0.093655550407956,0.0,2320.095519504115
0.617446309331145,0.013466215843236604,0.03699585436915625,0.092883725851402,0.0,2321.4854771081846
0.6197154428727749,0.01351039403294112,0.03711722550204375,0.092131968231494,0.0,2322.758623894396
0.621984576414405,0.013554572222645635,0.037238596634931245,0.091369205916302,0.0,2324.069859367436
0.624253709956035,0.013598750412350152,0.03735996776781875,0.090634606195503,0.0,2325.3739485311353
0.6265228434976651,0.013642928602054669,0.03748133890070625,0.089884744923548,0.0,2326.6154952589677
0.628791977039295,0.013687106791759185,0.03760271003359375,0.089181724714243,0.0,2327.8515140426775
0.631061110580925,0.0137312849814637,0.03772408116648125,0.088458392359039,0.0,2328.9724862250036
0.633330244122555,0.013775463171168217,0.037845452299368754,0.087835922340249,0.0,2329.842255758243
0.6355993776641851,0.013819641360872733,0.037966823432256255,0.087232755861207,0.0,2329.9282124475476
0.184041802879815,0.0059406939810242665,0.013813967987643751,2.0804911669881,0.0017253717979188,1216.043819002083
0.186310936421445,0.005992889610785376,0.013935339120531251,1.9953334971143,0.001695448296153,1241.295806189816
0.188580069963075,0.006045085240546485,0.014056710253418751,1.9116377303838001,0.0,1269.3570854704178
0.190849203504705,0.006097280870307594,0.014178081386306251,1.8312051528890998,0.0,1295.3058385926174
0.193118337046335,0.0061494765000687035,0.014299452519193751,1.756337279562,0.0,1319.1378593493575
0.19538747058796502,0.006201672129829813,0.014420823652081251,1.6865353307737,0.0,1341.0437384298766
0.19765660412959501,0.006253867759590921,0.014542194784968751,1.6226813616181,0.0,1361.365700936348
0.199925737671225,0.00630606338935203,0.014663565917856251,1.5653726891683,0.0,1380.395620912214
0.202194871212855,0.00635825901911314,0.014784937050743751,1.5137328257891,0.0,1397.7897350104902
0.204464004754485,0.006410454648874249,0.014906308183631251,1.4673742224119999,0.0,1413.5701934698398
0.206733138296115,0.006462650278635358,0.01502767931651875,1.4254389420815001,0.0,1427.9866597665336
0.209002271837745,0.006514845908396467,0.01514905044940625,1.3858133082803001,0.0,1441.0488993434356
0.211271405379375,0.006567041538157577,0.01527042158229375,1.3482593207773002,0.0028238916836163,1451.017675182698
0.213540538921005,0.006619237167918686,0.01539179271518125,1.3117156037125999,0.0013897661096824,1463.6249465356586
0.215809672462635,0.006671432797679794,0.01551316384806875,1.2761086011,0.0,1476.429076560465
0.218078806004265,0.0067236284274409044,0.015634534980956252,1.2428681828905,0.0013469462366355,1486.1522481632414
0.220347939545895,0.006775824057202013,0.01575590611384375,1.2107720169856002,0.0013262746329951,1495.871209458574
0.22261707308752499,0.006828019686963121,0.01587727724673125,1.1803955446831,0.001306075273625,1505.4347171234285
0.224886206629155,0.006880215316724231,0.01599864837961875,1.1508188849321002,0.0012863338827216,1515.1301512059144
0.227155340170785,0.0069324109464853415,0.016120019512506252,1.1220626338561,0.0,1526.257180634534
0.229424473712415,0.00698460657624645,0.01624139064539375,1.0950106830753,0.0012481705561439,1535.1498490003544
0.231693607254045,0.007036802206007558,0.01636276177828125,1.0680633010005,0.0012297226513981,1544.4550105735345
0.233962740795675,0.007088997835768668,0.01648413291116875,1.0422882661522002,0.0,1555.6592873785294
0.236231874337305,0.007141193465529778,0.016605504044056252,1.0173573825971,0.0,1565.8512438635785
0.238501007878935,0.007193389095290886,0.01672687517694375,0.9942462852963501,0.0,1574.9377222815558
0.240770141420565,0.007245584725051996,0.01684824630983125,0.97127684339652,0.0011598747528968,1581.3404301035407
0.24303927496219502,0.0072977803548131045,0.01696961744271875,0.94864898575129,0.0,1590.5852862612078
0.24530840850382502,0.007349975984574215,0.01709098857560625,0.9263819620790801,0.0,1600.4453548616996
0.247577542045455,0.007402171614335323,0.01721235970849375,0.9051504290519099,0.0,1609.9777723895402
0.249846675587085,0.007454367244096433,0.01733373084138125,0.88452916060451,0.0,1619.2161369414373
0.252115809128715,0.0075065628738575415,0.01745510197426875,0.86526755170835,0.0010806270855708,1626.6781113093566
0.254384942670345,0.007558758503618651,0.01757647310715625,0.84589450884283,0.0010657545257248,1634.3406381044024
0.256654076211975,0.007610954133379759,0.01769784424004375,0.82758911874765,0.0,1644.0215593817115
0.258923209753605,0.007663149763140869,0.01781921537293125,0.8102342259882901,0.0,1651.6333599645343
0.261192343295235,0.007715345392901978,0.01794058650581875,0.79361010137151,0.0010229336129625,1656.9413218234236
0.263461476836865,0.007767541022663088,0.01806195763870625,0.77649101290559,0.0020184644367487,1663.904511891649
0.265730610378495,0.007819736652424195,0.01818332877159375,0.76063102714108,0.00099580427030609,1672.704751962893
0.267999743920125,0.007871932282185306,0.01830469990448125,0.7449494816338701,0.0,1681.0054312782281
0.270268877461755,0.007924127911946414,0.01842607103736875,0.72982319918168,0.00096974003774256,1687.4071383514515
0.272538011003385,0.007976323541707525,0.01854744217025625,0.71487008898197,0.0,1695.0924969657447
0.274807144545015,0.008028519171468634,0.018668813303143753,0.70076368676833,0.0,1702.632741466306
0.277076278086645,0.008080714801229743,0.01879018443603125,0.68709985689436,0.00093252134924142,1708.6784076556917
0.279345411628275,0.00813291043099085,0.01891155556891875,0.6737668136888401,0.00092059027395358,1714.6963641927262
0.28161454516990503,0.008185106060751962,0.01903292670180625,0.66111146554824,0.0,1721.5223370960653
0.28388367871153497,0.008237301690513071,0.019154297834693752,0.64815225317592,0.0017948098721659,1726.2931013025432
0.286152812253165,0.008289497320274179,0.01927566896758125,0.63597460961162,0.0,1733.712048390397
0.288421945794795,0.008341692950035288,0.01939704010046875,0.62360777957674,0.0026252537635393,1738.2070534541674
0.290691079336425,0.008393888579796397,0.01951841123335625,0.61162944425154,0.0017284708021787,1744.428152519192
0.292960212878055,0.008446084209557508,0.019639782366243752,0.5998136959703301,0.0,1753.251265156631
0.295229346419685,0.008498279839318616,0.01976115349913125,0.58826601479122,0.0,1761.014155971901
0.297498479961315,0.008550475469079725,0.01988252463201875,0.57775750911737,0.00083287144457881,1766.5834779969064
0.299767613502945,0.008602671098840834,0.02000389576490625,0.56703620270267,0.00082279544960258,1773.3129728868603
0.302036747044575,0.008654866728601943,0.020125266897793752,0.5571836938575401,0.00081290120207164,1778.883637406549
0.304305880586205,0.008707062358363053,0.02024663803068125,0.54695530465218,0.0016063687141215,1783.920313073777
0.306575014127835,0.008759257988124162,0.02036800916356875,0.53683421797039,0.0,1791.745626744604
0.308844147669465,0.008811453617885271,0.02048938029645625,0.52698991169397,0.0,1798.5414402834942
0.311113281211095,0.00886364924764638,0.02061075142934375,0.51714249820211,0.0007750566966554,1805.285979898372
0.313382414752725,0.00891584487740749,0.02073212256223125,0.50796185816065,0.0,1812.4181242011414
0.315651548294355,0.008968040507168597,0.020853493695118748,0.49876847934772,0.0,1819.3183697756385
0.317920681835985,0.009020236136929708,0.02097486482800625,0.48987869910942,0.0,1826.1529350004705
0.320189815377615,0.009072431766690817,0.02109623596089375,0.48115765280688,0.00073979472889233,1831.9484481704471
0.322458948919245,0.009124627396451927,0.02121760709378125,0.47284115628889,0.0,1839.032868158917
0.32472808246087503,0.009176823026213036,0.02133897822666875,0.4644778801771,0.00072305938576607,1845.0094419582185
0.326997216002505,0.009229018655974143,0.02146034935955625,0.45639700677895,0.0,1852.2723126996962
0.32926634954413503,0.009281214285735254,0.02158172049244375,0.4483639698695,0.0,1859.091871919394
0.33153548308576497,0.009333409915496364,0.021703091625331253,0.4406273223467,0.0,1866.0851487215907
0.333804616627395,0.009385605545257473,0.02182446275821875,0.43309586602935995,0.0,1872.9715901454874
0.33607375016902497,0.00943780117501858,0.02194583389110625,0.42585634163085,0.0,1879.5895039264062
0.338342883710655,0.009489996804779691,0.02206720502399375,0.41883508347953,0.0,1885.9296901950486
0.34061201725228496,0.009542192434540799,0.02218857615688125,0.41205541891554,0.0,1891.8477774579317
0.342881150793915,0.009594388064301908,0.022309947289768747,0.405461572609,0.0,1897.6454317779805
0.34515028433554495,0.009646583694063017,0.02243131842265625,0.39911296226412,0.0,1903.3968248655806
0.347419417877175,0.009698779323824127,0.02255268955554375,0.39287491652434,0.0,1908.866595654905
0.349688551418805,0.009750974953585238,0.022674060688431252,0.38684723772457996,0.0,1914.3226471226403
0.351957684960435,0.009803170583346345,0.02279543182131875,0.38085230887070004,0.0,1919.7223519145562
0.354226818502065,0.009855366213107454,0.02291680295420625,0.37496295728235,0.0,1925.1302044188442
0.356495952043695,0.009907561842868564,0.02303817408709375,0.36900301922886,0.0,1930.5042800711217
0.358765085585325,0.009959757472629673,0.023159545219981252,0.36304318144361,0.0,1936.1137933532925
0.361034219126955,0.010011953102390782,0.02328091635286875,0.35702544184842,0.0,1941.6786208757667
0.363303352668585,0.01006414873215189,0.02340228748575625,0.35110762412213,0.0,1947.4826744187787
0.365572486210215,0.010116344361913,0.02352365861864375,0.34535539390785996,0.0,1953.2655184162159
0.367841619751845,0.01016853999167411,0.023645029751531252,0.33981244432672003,0.0,1958.8572874726303
0.370110753293475,0.01022073562143522,0.02376640088441875,0.33455726420666,0.0,1964.2112652419828
0.372379886835105,0.010272931251196327,0.02388777201730625,0.32946789874929,0.0,1969.2582206777117
0.374649020376735,0.010325126880957438,0.02400914315019375,0.32454198817975,0.0,1974.200519128211
0.37691815391836503,0.010377322510718547,0.02413051428308125,0.31969646303506,0.0,1979.195233492608
0.37918728745999497,0.010429518140479656,0.02425188541596875,0.31496920492733005,0.0,1984.4151545642399
0.381456421001625,0.010481713770240764,0.024373256548856248,0.31027478943812997,0.0,1989.6850421303438
0.38372555454325497,0.010533909400001873,0.02449462768174375,0.30568329272754,0.0,1994.9676588549885
0.385994688084885,0.010586105029762984,0.02461599881463125,0.3011693425654,0.0,2000.2571043929224
0.38826382162651496,0.010638300659524091,0.02473736994751875,0.29669611772128,0.0,2005.4847527458935
0.390532955168145,0.0106904962892852,0.024858741080406248,0.29233282842409,0.00053279882048587,2010.1966082976064
0.392802088709775,0.01074269191904631,0.02498011221329375,0.28801441748642004,0.0,2015.7494376987481
0.395071222251405,0.010794887548807421,0.02510148334618125,0.28368764065282,0.0,2021.2042584464216
0.39734035579303495,0.010847083178568528,0.02522285447906875,0.27946767786494997,0.0,2026.5436043395925
0.399609489334665,0.010899278808329638,0.025344225611956248,0.27535441012245,0.0,2031.7816579998023
0.40187862287629494,0.010951474438090747,0.02546559674484375,0.27132555393485,0.0,2036.9016075627187
0.404147756417925,0.011003670067851856,0.02558696787773125,0.26739849847673003,0.0,2041.9082682745848
0.406416889959555,0.011055865697612965,0.02570833901061875,0.26354957388841,0.0,2046.788274743423
0.408686023501185,0.011108061327374073,0.025829710143506247,0.25977645002746,0.0,2051.546036718218
0.41095515704281493,0.011160256957135184,0.02595108127639375,0.25612409528951,0.0,2056.2307411296115
0.413224290584445,0.011212452586896293,0.02607245240928125,0.25253096877181,0.0,2060.823391786408
0.41549342412607493,0.011264648216657402,0.02619382354216875,0.24906029876658,0.0,2065.346373583858
0.417762557667705,0.01131684384641851,0.026315194675056247,0.24563398103056,0.0,2069.7762307637863
0.420031691209335,0.01136903947617962,0.02643656580794375,0.24233110109296,0.0,2074.2655133355456
0.422300824750965,0.01142123510594073,0.02655793694083125,0.23906398512393998,0.0,2078.7506027725603
0.424569958292595,0.011473430735701838,0.02667930807371875,0.23586480137326998,0.0,2083.192297483671
0.42683909183422497,0.011525626365462947,0.026800679206606247,0.23273546743451,0.0,2087.565103304632
0.42910822537585497,0.011577821995224056,0.02692205033949375,0.22963919963977,0.0,2091.7935438896584
0.43137735891748497,0.011630017624985167,0.02704342147238125,0.22666171635961,0.00045019262577464,2095.4295195676227
0.43364649245911496,0.011682213254746276,0.027164792605268752,0.22371781815877,0.0,2099.6900381070755
0.43591562600074496,0.011734408884507386,0.02728616373815625,0.2207611042036,0.0,2103.924953737402
0.438184759542375,0.011786604514268493,0.02740753487104375,0.21788099338505998,0.0,2108.1218577555305
0.440453893084005,0.011838800144029602,0.02752890600393125,0.21501322814519,0.0,2112.240790636421
0.442723026625635,0.011890995773790713,0.02765027713681875,0.21220434912305,0.0,2116.4601072766354
0.444992160167265,0.011943191403551821,0.02777164826970625,0.20943030041328,0.0,2120.6855542164576
0.447261293708895,0.01199538703331293,0.027893019402593748,0.20670706815735998,0.0,2124.856465709825
0.449530427250525,0.01204758266307404,0.02801439053548125,0.20402745977693,0.0,2128.9450118008144
0.451799560792155,0.01209977829283515,0.02813576166836875,0.20139434965521,0.0,2132.9576826693838
0.454068694333785,0.01215197392259626,0.028257132801256253,0.1988236297886,0.0,2136.898947551001
0.456337827875415,0.012204169552357367,0.02837850393414375,0.19627270893645002,0.0,2140.677575048069
0.458606961417045,0.012256365182118477,0.02849987506703125,0.19383511700361,0.0,2144.4256380743122
0.460876094958675,0.012308560811879586,0.02862124619991875,0.19141431200402,0.0,2148.0362844050446
0.463145228500305,0.012360756441640697,0.028742617332806253,0.18913665166100999,0.0,2151.384623451569
0.46541436204193504,0.012412952071401804,0.02886398846569375,0.1868072474613,0.00039519282833995,2154.325378923009
0.467683495583565,0.012465147701162914,0.02898535959858125,0.18457745517189,0.0,2158.091386231683
0.469952629125195,0.012517343330924023,0.02910673073146875,0.18237136098436002,0.0,2161.6693879670906
0.472221762666825,0.012569538960685132,0.02922810186435625,0.18023450077317,0.0,2165.070943502611
0.47449089620845497,0.01262173459044624,0.029349472997243747,0.17816248769964999,0.0,2168.3599909870654
0.47676002975008497,0.012673930220207349,0.02947084413013125,0.17615136615569,0.0,2171.5775346763485
0.47902916329171497,0.012726125849968458,0.029592215263018747,0.17415682453166,0.0,2174.6676785613336
0.48129829683334496,0.012778321479729567,0.02971358639590625,0.17219898118363,0.0,2177.7639957755337
0.48356743037497496,0.012830517109490678,0.02983495752879375,0.17028432704000998,0.0,2180.870893416498
0.48583656391660496,0.012882712739251786,0.02995632866168125,0.16836460049666,0.0,2183.871566481797
0.48810569745823496,0.012934908369012897,0.03007769979456875,0.16647921009671002,0.0003639423116978,2186.1987879967087
0.490374830999865,0.012987103998774004,0.03019907092745625,0.16454944050610001,0.0,2189.4867151017093
0.492643964541495,0.013039299628535115,0.03032044206034375,0.16258404128387,0.0,2192.871932294189
0.494913098083125,0.013091495258296223,0.03044181319323125,0.16063130826064,0.0,2196.3064318894667
0.497182231624755,0.013143690888057332,0.03056318432611875,0.15869906959526,0.0,2199.739674460585
0.499451365166385,0.013195886517818441,0.03068455545900625,0.15680083691914,0.0,2203.128844660324
0.501720498708015,0.01324808214757955,0.03080592659189375,0.15494808363817,0.0,2206.4540753484744
0.503989632249645,0.01330027777734066,0.03092729772478125,0.15313749314475,0.0,2209.7044016472883
0.5062587657912749,0.013352473407101769,0.03104866885766875,0.151377949785,0.0,2212.88163187545
0.508527899332905,0.01340466903686288,0.03117003999055625,0.14962881674563,0.0,2215.955598239903
0.510797032874535,0.013456864666623986,0.031291411123443746,0.14792299388049,0.0,2219.067648703917
0.513066166416165,0.013509060296385097,0.03141278225633125,0.14623749572181,0.0,2222.18634055563
0.5153352999577949,0.013561255926146206,0.03153415338921875,0.14458445463338,0.0,2225.270489398019
0.517604433499425,0.013613451555907315,0.03165552452210625,0.14294633704494,0.0,2228.2659650945593
0.519873567041055,0.013665647185668426,0.03177689565499375,0.14135165797324,0.0,2231.3064333556244
0.5221427005826851,0.013717842815429536,0.031898266787881255,0.13979076695767,0.0,2234.3444849071116
0.5244118341243149,0.013770038445190643,0.03201963792076875,0.13825890611877,0.0,2237.3389637386877
0.526680967665945,0.013822234074951749,0.032141009053656244,0.13676094554036,0.0,2240.311363801925
0.528950101207575,0.01387442970471286,0.032262380186543746,0.13529051441754,0.0,2243.2684820086924
0.531219234749205,0.013926625334473969,0.03238375131943125,0.13384941443149,0.0,2246.2013373270074
0.5334883682908349,0.013978820964235078,0.03250512245231875,0.13243772712751,0.0,2249.096825430319
0.535757501832465,0.01403101659399619,0.03262649358520625,0.13105669750793,0.0,2251.937509778538
0.538026635374095,0.014083212223757299,0.03274786471809375,0.12970360177222,0.0,2254.687957444519
0.540295768915725,0.014135407853518406,0.03286923585098125,0.12836853786043,0.0,2257.374072105908
0.5425649024573549,0.014187603483279515,0.03299060698386875,0.12706950144180001,0.0,2260.0742029666094
0.544834035998985,0.014239799113040626,0.03311197811675625,0.12578183682071,0.0,2262.7154446977706
0.547103169540615,0.014291994742801732,0.033233349249643745,0.12450004855693,0.0,2265.3058440845375
0.549372303082245,0.014344190372562843,0.03335472038253125,0.12324295213294,0.0,2267.95624141947
0.551641436623875,0.014396386002323952,0.03347609151541875,0.12199371593067,0.0,2270.6043118293273
0.5539105701655049,0.014448581632085062,0.03359746264830625,0.12076752273476,0.0,2273.2196219134935
0.556179703707135,0.014500777261846173,0.03371883378119375,0.11955473578430001,0.0,2275.787631261223
0.558448837248765,0.014552972891607282,0.033840204914081254,0.11836425913545,0.0,2278.3008563932094
0.560717970790395,0.01460516852136839,0.03396157604696875,0.11717388734787999,0.0,2280.7433096640843
0.5629871043320249,0.014657364151129499,0.03408294717985625,0.11599625654422,0.0,2283.224909474755
0.565256237873655,0.014709559780890606,0.034204318312743745,0.11483443961086001,0.0,2285.7283946532702
0.567525371415285,0.014761755410651715,0.03432568944563125,0.11368604384404,0.0,2288.2014666828086
0.569794504956915,0.014813951040412826,0.03444706057851875,0.11256699791279,0.0,2290.6032252055143
0.572063638498545,0.014866146670173936,0.03456843171140625,0.11146628327371,0.0,2292.8693040312733
0.574332772040175,0.014918342299935045,0.03468980284429375,0.11039060504351,0.0,2295.1030510554297
0.576601905581805,0.014970537929696156,0.03481117397718125,0.10934124842567,0.0,2297.284576508724
0.5788710391234351,0.015022733559457265,0.034932545110068755,0.10831286372900001,0.0,2299.4086059362207
0.5811401726650649,0.015074929189218373,0.03505391624295625,0.10730283527438,0.0,2301.4751099452933
0.583409306206695,0.015127124818979478,0.035175287375843745,0.10630902478569,0.0,2303.5057168437042
0.585678439748325,0.01517932044874059,0.035296658508731246,0.10532600352294,0.0,2305.534234042792
0.587947573289955,0.015231516078501699,0.03541802964161875,0.10434327678794,0.0,2307.533639783057
0.5902167068315849,0.01528371170826281,0.03553940077450625,0.10337198521174,0.0,2309.571102690472
0.592485840373215,0.015335907338023919,0.03566077190739375,0.10240718259585,0.0,2311.6260213617343
0.594754973914845,0.015388102967785028,0.03578214304028125,0.10145665157316,0.0,2313.6718252991554
0.597024107456475,0.015440298597546136,0.03590351417316875,0.1005202266751,0.0,2315.689584862121
0.599293240998105,0.015492494227307245,0.03602488530605625,0.09959662693515399,0.0,2317.676765419909
0.6015623745397349,0.015544689857068352,0.036146256438943744,0.098692618828275,0.0,2319.6291289640626
0.603831508081365,0.015596885486829462,0.036267627571831246,0.09780389461974301,0.0,2321.5337896791325
0.606100641622995,0.015649081116590573,0.03638899870471875,0.096938642425695,0.0,2323.3769696185805
0.608369775164625,0.015701276746351682,0.03651036983760625,0.096089445303102,0.0,2325.146405833903
0.6106389087062549,0.01575347237611279,0.03663174097049375,0.095264849421885,0.0,2326.852916697859
0.612908042247885,0.0158056680058739,0.03675311210338125,0.094453170833655,0.0,2328.499804112074
0.615177175789515,0.015857863635635013,0.036874483236268754,0.093663266048735,0.0,2330.09601945558
0.617446309331145,0.01591005926539612,0.03699585436915625,0.092879859542761,0.0,2331.6414018833493
0.6197154428727749,0.015962254895157228,0.03711722550204375,0.092121064325125,0.0,2333.1443069767465
0.621984576414405,0.016014450524918334,0.037238596634931245,0.091356948001926,0.0,2334.612443790174
0.624253709956035,0.016066646154679447,0.03735996776781875,0.090623542505596,0.0,2336.0574479476777
0.6265228434976651,0.016118841784440556,0.03748133890070625,0.08987401388732799,0.0,2337.4591510898517
0.628791977039295,0.016171037414201665,0.03760271003359375,0.089174667148386,0.0,2338.81860403444
0.631061110580925,0.016223233043962774,0.03772408116648125,0.088450439384518,0.0,2340.0476893962664
0.633330244122555,0.016275428673723884,0.037845452299368754,0.087834370051485,0.0,2341.016204435616
0.6355993776641851,0.016327624303484996,0.037966823432256255,0.087238460104259,0.0,2341.190726379903
0.184041802879815,0.006788997743313969,0.013813967987643751,2.0752563315566,0.0,1219.334123999009
0.186310936421445,0.006848646668808348,0.013935339120531251,1.9917109563457,0.0015958917707858,1244.780970081687
0.188580069963075,0.006908295594302727,0.014056710253418751,1.9081839435359,0.0,1272.6779816725052
0.190849203504705,0.006967944519797106,0.014178081386306251,1.8277150051003002,0.0,1298.416954755875
0.193118337046335,0.007027593445291485,0.014299452519193751,1.7529555309686,0.0,1322.5182418785773
0.19538747058796502,0.0070872423707858635,0.014420823652081251,1.6840875919579,0.0,1344.6366253566318
0.19765660412959501,0.007146891296280242,0.014542194784968751,1.6216076108353001,0.0,1364.8520187151007
0.199925737671225,0.007206540221774621,0.014663565917856251,1.5653374331932,0.0,1383.4213025925578
0.202194871212855,0.007266189147269,0.014784937050743751,1.5143985840061,0.0,1400.4447474460922
0.204464004754485,0.007325838072763379,0.014906308183631251,1.4681514269348002,0.0,1416.115898400389
0.206733138296115,0.007385486998257758,0.01502767931651875,1.4259400840954,0.0,1430.628016390083
0.209002271837745,0.007445135923752137,0.01514905044940625,1.386018348488,0.0,1444.0519990189996
0.211271405379375,0.007504784849246516,0.01527042158229375,1.3481576037226999,0.0013290365473544,1455.0629851911615
0.213540538921005,0.0075644337747408944,0.01539179271518125,1.3116019392253,0.0,1468.0970282368573
0.215809672462635,0.007624082700235273,0.01551316384806875,1.2764201863476001,0.0,1480.5145452654876
0.218078806004265,0.007683731625729653,0.015634534980956252,1.2432078350869,0.0,1491.1314943673708
0.220347939545895,0.007743380551224031,0.01575590611384375,1.2109479838029,0.0,1500.7099629842126
0.22261707308752499,0.007803029476718409,0.01587727724673125,1.1805828917598,0.0012293826865347,1509.666609228988
0.224886206629155,0.007862678402212789,0.01599864837961875,1.1508843733724,0.0012108005077928,1519.6070140737354
0.227155340170785,0.007922327327707169,0.016120019512506252,1.1223262134323,0.0,1530.3790253248408
0.229424473712415,0.007981976253201547,0.01624139064539375,1.0948714247320002,0.0011748781272818,1539.426082289701
0.231693607254045,0.008041625178695925,0.01636276177828125,1.0678241605115,0.0,1549.7879888302461
0.233962740795675,0.008101274104190304,0.01648413291116875,1.0424959088073,0.0011405309820753,1559.4884310207735
0.236231874337305,0.008160923029684684,0.016605504044056252,1.0174682018838,0.0011239194979183,1569.080324277234
0.238501007878935,0.008220571955179062,0.01672687517694375,0.9939513823612199,0.0,1579.8083984163363
0.240770141420565,0.008280220880673442,0.01684824630983125,0.9708574001740901,0.0010917670432595,1587.6175187249062
0.24303927496219502,0.00833986980616782,0.01696961744271875,0.9485276191920301,0.0,1597.613583717927
0.24530840850382502,0.0083995187316622,0.01709098857560625,0.92613967718447,0.0010609748065781,1607.3128465036662
0.247577542045455,0.008459167657156577,0.01721235970849375,0.90506210082932,0.0,1617.8305309597888
0.249846675587085,0.008518816582650957,0.01733373084138125,0.8846880481948399,0.0,1627.2827533369896
0.252115809128715,0.008578465508145335,0.01745510197426875,0.8650202046690699,0.0,1635.9505284852603
0.254384942670345,0.008638114433639715,0.01757647310715625,0.84608515323617,0.0010031735448031,1643.6599030652278
0.256654076211975,0.008697763359134093,0.01769784424004375,0.8278197383845399,0.0,1652.8797338341449
0.258923209753605,0.008757412284628473,0.01781921537293125,0.81024905173013,0.00097602834746589,1660.0894606459415
0.261192343295235,0.00881706121012285,0.01794058650581875,0.7934501697267701,0.00096286707102269,1666.7795084158854
0.263461476836865,0.00887671013561723,0.01806195763870625,0.77630135526719,0.0009499702207199,1674.7852815954777
0.265730610378495,0.008936359061111608,0.01818332877159375,0.7602715649603999,0.0,1683.4871542122758
0.267999743920125,0.008996007986605988,0.01830469990448125,0.74485841846694,0.00092494188556201,1690.3066842895862
0.270268877461755,0.009055656912100366,0.01842607103736875,0.72972624165864,0.00091279701630924,1697.2938143427602
0.272538011003385,0.009115305837594746,0.01854744217025625,0.71500488396494,0.0018017795730066,1703.7099184423614
0.274807144545015,0.009174954763089126,0.018668813303143753,0.70051011534837,0.0,1712.6312994647644
0.277076278086645,0.009234603688583504,0.01879018443603125,0.68673545314325,0.0,1720.4109955859649
0.279345411628275,0.009294252614077882,0.01891155556891875,0.6733332722015101,0.0,1727.289261964741
0.28161454516990503,0.009353901539572261,0.01903292670180625,0.6610913807375001,0.0,1732.9623998296934
0.28388367871153497,0.009413550465066641,0.019154297834693752,0.64828543842156,0.00253412827004,1737.1562639482772
0.286152812253165,0.00947319939056102,0.01927566896758125,0.6358991565398,0.00083410535787227,1744.1650660561681
0.288421945794795,0.009532848316055397,0.01939704010046875,0.6234257525350699,0.0,1751.582819427869
0.290691079336425,0.009592497241549777,0.01951841123335625,0.61161986602397,0.0016269751991252,1756.5819350230402
0.292960212878055,0.009652146167044157,0.019639782366243752,0.59971009939745,0.00080346421788634,1764.3612946249912
0.295229346419685,0.009711795092538535,0.01976115349913125,0.58834265351193,0.0,1772.5963119931753
0.297498479961315,0.009771444018032913,0.01988252463201875,0.57738406395212,0.0,1779.6464057422597
0.299767613502945,0.009831092943527292,0.02000389576490625,0.56687040491814,0.0,1786.4656924429898
0.302036747044575,0.009890741869021672,0.020125266897793752,0.5566873318269699,0.0,1792.8456252177848
0.304305880586205,0.00995039079451605,0.02024663803068125,0.54665009205265,0.0,1799.1106961431328
0.306575014127835,0.01001003972001043,0.02036800916356875,0.53672860718473,0.0,1805.7570228117593
0.308844147669465,0.010069688645504808,0.02048938029645625,0.52696723086526,0.0,1812.3799024624882
0.311113281211095,0.010129337570999188,0.02061075142934375,0.51743273495243,0.0,1819.040274516437
0.313382414752725,0.010188986496493566,0.02073212256223125,0.50818429199198,0.0,1825.610749608269
0.315651548294355,0.010248635421987944,0.020853493695118748,0.49910671191184003,0.00071266000791444,1831.2944055161306
0.317920681835985,0.010308284347482323,0.02097486482800625,0.49018208118678,0.0,1838.367641753179
0.320189815377615,0.010367933272976703,0.02109623596089375,0.48132133311352,0.0,1845.0476757077697
0.322458948919245,0.010427582198471081,0.02121760709378125,0.47286576627455,0.0,1851.6807249698081
0.32472808246087503,0.01048723112396546,0.02133897822666875,0.46454570487681995,0.0,1858.1608312108922
0.326997216002505,0.010546880049459839,0.02146034935955625,0.4564752658179,0.0,1864.7485501340466
0.32926634954413503,0.010606528974954219,0.02158172049244375,0.44855099634198,0.0,1871.283777983484
0.33153548308576497,0.010666177900448598,0.021703091625331253,0.44082982091702005,0.0,1877.7857294514254
0.333804616627395,0.010725826825942976,0.02182446275821875,0.43331497355558,0.0,1884.2193007999451
0.33607375016902497,0.010785475751437354,0.02194583389110625,0.42602807474424,0.0,1890.527664889776
0.338342883710655,0.010845124676931734,0.02206720502399375,0.41896500906283,0.0,1896.6729384732682
0.34061201725228496,0.010904773602426112,0.02218857615688125,0.41211891150721,0.0,1902.6138019028717
0.342881150793915,0.01096442252792049,0.022309947289768747,0.40548024773305996,0.0,1908.400592041936
0.34515028433554495,0.01102407145341487,0.02243131842265625,0.39904922697868,0.0,1914.0667796719522
0.347419417877175,0.01108372037890925,0.02255268955554375,0.39277164542151,0.0,1919.6101322274098
0.349688551418805,0.01114336930440363,0.022674060688431252,0.38665845834396,0.0,1925.083896578242
0.351957684960435,0.011203018229898007,0.02279543182131875,0.38065121825064,0.0,1930.5352675672452
0.354226818502065,0.011262667155392385,0.02291680295420625,0.37473294170108,0.0,1936.0056039963242
0.356495952043695,0.011322316080886765,0.02303817408709375,0.36883306319814,0.0,1941.512869858265
0.358765085585325,0.011381965006381145,0.023159545219981252,0.36295933713002004,0.0,1947.090947109529
0.361034219126955,0.011441613931875523,0.02328091635286875,0.35708721442517,0.0,1952.6881306902455
0.363303352668585,0.0115012628573699,0.02340228748575625,0.35128618104563003,0.0,1958.2907649804552
0.365572486210215,0.01156091178286428,0.02352365861864375,0.34560830669941,0.0,1963.8396502895475
0.367841619751845,0.01162056070835866,0.023645029751531252,0.34009260146313997,0.0,1969.266672057628
0.370110753293475,0.011680209633853038,0.02376640088441875,0.33477763881145,0.0,1974.5404767544298
0.372379886835105,0.011739858559347416,0.02388777201730625,0.32963926489099,0.0,1979.6659853365247
0.374649020376735,0.011799507484841796,0.02400914315019375,0.3246467228987,0.0,1984.6906047435277
0.37691815391836503,0.011859156410336176,0.02413051428308125,0.31977961066408,0.0,1989.6868645126638
0.37918728745999497,0.011918805335830554,0.02425188541596875,0.31502514419073,0.0,1994.7183498030638
0.381456421001625,0.011978454261324932,0.024373256548856248,0.31033506084897,0.0,1999.774815216286
0.38372555454325497,0.012038103186819311,0.02449462768174375,0.3057375168541,0.0,2004.8466750562047
0.385994688084885,0.012097752112313691,0.02461599881463125,0.30120850689726997,0.0,2009.9305519050583
0.38826382162651496,0.01215740103780807,0.02473736994751875,0.29676237200828004,0.0,2015.0115508720087
0.390532955168145,0.012217049963302447,0.024858741080406248,0.29235836589504,0.0,2020.0227467598904
0.392802088709775,0.012276698888796827,0.02498011221329375,0.28803549123398,0.0,2025.11993361431
0.395071222251405,0.012336347814291207,0.02510148334618125,0.28376678416241,0.0,2030.251172428906
0.39734035579303495,0.012395996739785585,0.02522285447906875,0.27957164725053,0.0,2035.3652586936241
0.399609489334665,0.012455645665279963,0.025344225611956248,0.2754611522505,0.0,2040.4332238302432
0.40187862287629494,0.012515294590774342,0.02546559674484375,0.27143206194352,0.0,2045.4338659368243
0.404147756417925,0.012574943516268722,0.02558696787773125,0.26749400616597,0.0,2050.35691808679
0.406416889959555,0.0126345924417631,0.02570833901061875,0.26363836943712,0.0,2055.1948613048
0.408686023501185,0.012694241367257478,0.025829710143506247,0.25986762282172,0.0,2059.94028305917
0.41095515704281493,0.012753890292751858,0.02595108127639375,0.25619021416141,0.0,2064.5983672159664
0.413224290584445,0.012813539218246238,0.02607245240928125,0.25259667769847,0.0,2069.1714009320976
0.41549342412607493,0.012873188143740616,0.02619382354216875,0.2490929246957,0.0,2073.664546418451
0.417762557667705,0.012932837069234994,0.026315194675056247,0.24566004691034,0.0,2078.0833887009408
0.420031691209335,0.012992485994729373,0.02643656580794375,0.24232226061728,0.0,2082.463416161387
0.422300824750965,0.013052134920223753,0.02655793694083125,0.23904258655229002,0.0,2086.812125270549
0.424569958292595,0.013111783845718131,0.02667930807371875,0.23583335830741,0.0,2091.119350656466
0.42683909183422497,0.013171432771212509,0.026800679206606247,0.23268639133197,0.0,2095.3765552701116
0.42910822537585497,0.013231081696706889,0.02692205033949375,0.22960481066178,0.0,2099.5633794193477
0.43137735891748497,0.013290730622201269,0.02704342147238125,0.2265746273483,0.0,2103.6207959202275
0.43364649245911496,0.013350379547695648,0.027164792605268752,0.22360834506887,0.0,2107.688188788295
0.43591562600074496,0.013410028473190026,0.02728616373815625,0.22068263383425002,0.0,2111.760776860618
0.438184759542375,0.013469677398684404,0.02740753487104375,0.21781667047418,0.0,2115.828577528479
0.440453893084005,0.013529326324178784,0.02752890600393125,0.21497952511546,0.0,2119.8737712352695
0.442723026625635,0.013588975249673164,0.02765027713681875,0.21219913351186,0.0,2123.893797358946
0.444992160167265,0.013648624175167542,0.02777164826970625,0.2094311008521,0.0,2127.8527632819755
0.447261293708895,0.01370827310066192,0.027893019402593748,0.20672610059912,0.0,2131.877298183297
0.449530427250525,0.0137679220261563,0.02801439053548125,0.20405382228170998,0.0,2135.9022001076146
0.451799560792155,0.01382757095165068,0.02813576166836875,0.20143223075638,0.0,2139.8748447162357
0.454068694333785,0.013887219877145059,0.028257132801256253,0.19886279068760998,0.0,2143.7788027950623
0.456337827875415,0.013946868802639437,0.02837850393414375,0.1963380388486,0.0,2147.589528214427
0.458606961417045,0.014006517728133815,0.02849987506703125,0.19388240587666,0.0,2151.3137065276746
0.460876094958675,0.014066166653628195,0.02862124619991875,0.19148235821047,0.0,2154.9429857179953
0.463145228500305,0.014125815579122574,0.028742617332806253,0.18914083142791,0.0,2158.438676787563
0.46541436204193504,0.014185464504616952,0.02886398846569375,0.18683605392462,0.0,2161.849636928561
0.467683495583565,0.01424511343011133,0.02898535959858125,0.18459423689541,0.0,2165.2840631838712
0.469952629125195,0.01430476235560571,0.02910673073146875,0.18239647108162,0.0,2168.6777760626205
0.472221762666825,0.014364411281100088,0.02922810186435625,0.18025059863893,0.0,2172.0103321659967
0.47449089620845497,0.014424060206594466,0.029349472997243747,0.17815418244949,0.0,2175.2823546573245
0.47676002975008497,0.014483709132088846,0.02947084413013125,0.17611270377140997,0.0,2178.506105284477
0.47902916329171497,0.014543358057583224,0.029592215263018747,0.17410263468843,0.0,2181.6824974382994
0.48129829683334496,0.014603006983077604,0.02971358639590625,0.17213110502843,0.0,2184.827752778277
0.48356743037497496,0.014662655908571983,0.02983495752879375,0.17018789428066,0.0,2187.95342368988
0.48583656391660496,0.014722304834066361,0.02995632866168125,0.16827449380939,0.0,2191.0565273379393
0.48810569745823496,0.014781953759560741,0.03007769979456875,0.16636196188941002,0.0,2194.0834150168953
0.490374830999865,0.01484160268505512,0.03019907092745625,0.16445711983786,0.0,2197.2024835591437
0.492643964541495,0.014901251610549499,0.03032044206034375,0.16254969231902,0.0,2200.4092590514047
0.494913098083125,0.014960900536043877,0.03044181319323125,0.16064739498344,0.0,2203.6762793500793
0.497182231624755,0.015020549461538257,0.03056318432611875,0.15875626052708,0.0,2206.9692708633866
0.499451365166385,0.015080198387032635,0.03068455545900625,0.15688728696413,0.0,2210.2575509352514
0.501720498708015,0.015139847312527014,0.03080592659189375,0.15504594211134,0.0,2213.5190448837584
0.503989632249645,0.015199496238021392,0.03092729772478125,0.15323948236161,0.0,2216.742155348687
0.5062587657912749,0.015259145163515772,0.03104866885766875,0.15146865378028,0.0,2219.925829268085
0.508527899332905,0.015318794089010152,0.03117003999055625,0.14972554816831,0.0,2223.0680051846475
0.510797032874535,0.015378443014504528,0.031291411123443746,0.14801392760395,0.0,2226.1832650016386
0.513066166416165,0.015438091939998908,0.03141278225633125,0.14633163376107,0.0,2229.2761073427187
0.5153352999577949,0.015497740865493288,0.03153415338921875,0.14467697596622,0.0,2232.3410379916136
0.517604433499425,0.015557389790987667,0.03165552452210625,0.14304637205175,0.0,2235.369075361257
0.519873567041055,0.015617038716482047,0.03177689565499375,0.14144735548099,0.0,2238.370468280893
0.5221427005826851,0.01567668764197643,0.031898266787881255,0.13987852005398,0.0,2241.345942872596
0.5244118341243149,0.015736336567470803,0.03201963792076875,0.13833887192571,0.0,2244.290901248943
0.526680967665945,0.01579598549296518,0.032141009053656244,0.13682924866645998,0.0,2247.207180336741
0.528950101207575,0.01585563441845956,0.032262380186543746,0.13534737840045,0.0,2250.0955368446034
0.531219234749205,0.01591528334395394,0.03238375131943125,0.13389499283682,0.0,2252.9551838723823
0.5334883682908349,0.01597493226944832,0.03250512245231875,0.13246913382328,0.0,2255.7818679189554
0.535757501832465,0.0160345811949427,0.03262649358520625,0.13107289347159,0.0,2258.5706669914034
0.538026635374095,0.016094230120437078,0.03274786471809375,0.1297039412248,0.0,2261.3177747283985
0.540295768915725,0.016153879045931456,0.03286923585098125,0.12835812273735,0.0,2264.025337698153
0.5425649024573549,0.016213527971425834,0.03299060698386875,0.12704054505151,0.0,2266.702897462003
0.544834035998985,0.016273176896920215,0.03311197811675625,0.12574186079441,0.0,2269.350510385239
0.547103169540615,0.01633282582241459,0.033233349249643745,0.12446184349031,0.0,2271.9737381122127
0.549372303082245,0.01639247474790897,0.03335472038253125,0.12319984174505999,0.0,2274.5836695163403
0.551641436623875,0.01645212367340335,0.03347609151541875,0.12195426486593,0.0,2277.1771589044265
0.5539105701655049,0.01651177259889773,0.03359746264830625,0.12072662635631,0.0,2279.7507441199173
0.556179703707135,0.01657142152439211,0.03371883378119375,0.11951552264963,0.0,2282.300731940392
0.558448837248765,0.01663107044988649,0.033840204914081254,0.11832245968544,0.0,2284.826485267362
0.560717970790395,0.016690719375380865,0.03396157604696875,0.11714097039124,0.0,2287.3271432564316
0.5629871043320249,0.016750368300875246,0.03408294717985625,0.1159729868107,0.0,2289.809991733373
0.565256237873655,0.01681001722636962,0.034204318312743745,0.11482044810065,0.0,2292.275586757937
0.567525371415285,0.016869666151864002,0.03432568944563125,0.11368178956166,0.0,2294.7114715462017
0.569794504956915,0.01692931507735838,0.03444706057851875,0.11256425159944,0.0,2297.105018676111
0.572063638498545,0.016988964002852762,0.03456843171140625,0.11146532625395,0.0,2299.4440809859584
0.574332772040175,0.01704861292834714,0.03468980284429375,0.11038682275403,0.0,2301.728901103414
0.576601905581805,0.01710826185384152,0.03481117397718125,0.10933090224031,0.0,2303.961745840268
0.5788710391234351,0.0171679107793359,0.034932545110068755,0.10829617093997,0.0,2306.1468045384854
0.5811401726650649,0.017227559704830277,0.03505391624295625,0.10728046279432,0.0,2308.287188396847
0.583409306206695,0.017287208630324652,0.035175287375843745,0.10628218838332999,0.0,2310.390535662375
0.585678439748325,0.017346857555819033,0.035296658508731246,0.10529903258923,0.0,2312.4675246274687
0.587947573289955,0.01740650648131341,0.03541802964161875,0.10432734964369,0.0,2314.521261279244
0.5902167068315849,0.017466155406807793,0.03553940077450625,0.10336726423137,0.0,2316.555750266418
0.592485840373215,0.01752580433230217,0.03566077190739375,0.10241714418669,0.0,2318.5612270650035
0.594754973914845,0.017585453257796552,0.03578214304028125,0.10148703702789,0.0,2320.5291314436254
0.597024107456475,0.017645102183290927,0.03590351417316875,0.10055866955533,0.0,2322.4054751487943
0.599293240998105,0.01770475110878531,0.03602488530605625,0.09964171387685801,0.0,2324.326391178561
0.6015623745397349,0.017764400034279683,0.036146256438943744,0.09873685060614601,0.0,2326.2679830482803
0.603831508081365,0.017824048959774064,0.036267627571831246,0.09784405156188901,0.0,2328.1963773154994
0.606100641622995,0.017883697885268442,0.03638899870471875,0.096971994011154,0.0,2330.0881505764637
0.608369775164625,0.017943346810762824,0.03651036983760625,0.09611439022358499,0.0,2331.92790285267
0.6106389087062549,0.018002995736257202,0.03663174097049375,0.095280808619451,0.0,2333.714651277285
0.612908042247885,0.018062644661751583,0.03675311210338125,0.094459190284685,0.0,2335.44782248026
0.615177175789515,0.01812229358724596,0.036874483236268754,0.093662296197323,0.0,2337.134288847848
0.617446309331145,0.01818194251274034,0.03699585436915625,0.092870693356669,0.0,2338.772749142891
0.6197154428727749,0.018241591438234717,0.03711722550204375,0.092106700941478,0.0,2340.3742275572613
0.621984576414405,0.018301240363729095,0.037238596634931245,0.091337979621334,0.0,2341.9348971717363
0.624253709956035,0.018360889289223473,0.03735996776781875,0.090603781938491,0.0,2343.4673781127567
0.6265228434976651,0.018420538214717855,0.03748133890070625,0.089852504699827,0.0,2344.952170814427
0.628791977039295,0.018480187140212233,0.03760271003359375,0.089154266748434,0.0,2346.388312617445
0.631061110580925,0.018539836065706614,0.03772408116648125,0.088430098420961,0.0,2347.6897888653566
0.633330244122555,0.018599484991200992,0.037845452299368754,0.0878174065956,0.0,2348.725921163763
0.6355993776641851,0.018659133916695374,0.037966823432256255,0.087224678753712,0.0,2348.9641955148018
0.184041802879815,0.007577610912525123,0.013813967987643751,2.0710138025339,0.0,1221.46814282091
0.186310936421445,0.007644188685244483,0.013935339120531251,1.9875047015710998,0.0,1248.5179096243244
0.188580069963075,0.007710766457963843,0.014056710253418751,1.9039878177518,0.0,1275.4695955845546
0.190849203504705,0.007777344230683203,0.014178081386306251,1.8239349272809,0.0014858138855574,1299.9514385226596
0.193118337046335,0.007843922003402563,0.014299452519193751,1.7493827953135002,0.0,1324.4367173086393
0.19538747058796502,0.007910499776121922,0.014420823652081251,1.6814991352022,0.0,1346.5117155921273
0.19765660412959501,0.007977077548841282,0.014542194784968751,1.620439763313,0.0,1366.5432499956894
0.199925737671225,0.008043655321560641,0.014663565917856251,1.5652145595558,0.0,1384.8367823629549
0.202194871212855,0.008110233094280002,0.014784937050743751,1.5149835191038,0.0,1401.58598428068
0.204464004754485,0.00817681086699936,0.014906308183631251,1.4688562810964,0.0,1417.2174575379117
0.206733138296115,0.00824338863971872,0.01502767931651875,1.4263389951023,0.0,1431.6472107706968
0.209002271837745,0.00830996641243808,0.01514905044940625,1.3861806119563,0.0,1445.4606017148228
0.211271405379375,0.00837654418515744,0.01527042158229375,1.3482225681728,0.0012808481764578,1457.0021310163077
0.213540538921005,0.0084431219578768,0.01539179271518125,1.3116109271001999,0.0,1470.6930074370796
0.215809672462635,0.008509699730596159,0.01551316384806875,1.2765899905653,0.0,1483.1368406544318
0.218078806004265,0.00857627750331552,0.015634534980956252,1.2438049937091,0.0012218837152933,1493.048764888465
0.220347939545895,0.008642855276034879,0.01575590611384375,1.2116967990979999,0.003609394344004,1501.334115457838
0.22261707308752499,0.008709433048754238,0.01587727724673125,1.1807245863305,0.001184807577603,1512.8550768190491
0.224886206629155,0.008776010821473598,0.01599864837961875,1.1506308203213,0.0,1524.3853814202541
0.227155340170785,0.008842588594192959,0.016120019512506252,1.122554961558,0.0022987874238519,1533.0073451854819
0.229424473712415,0.008909166366912318,0.01624139064539375,1.0948042435543,0.0,1543.1382386221983
0.231693607254045,0.008975744139631677,0.01636276177828125,1.0682347513436,0.0033466326447229,1552.5798720339794
0.233962740795675,0.009042321912351037,0.01648413291116875,1.0421867355885,0.0,1564.2982643213534
0.236231874337305,0.009108899685070398,0.016605504044056252,1.0175708216442,0.0,1573.5289342844696
0.238501007878935,0.009175477457789757,0.01672687517694375,0.99353119729341,0.0010675063259932,1584.535379221805
0.240770141420565,0.009242055230509118,0.01684824630983125,0.9701885620665801,0.0,1594.4437665634418
0.24303927496219502,0.009308633003228477,0.01696961744271875,0.94777517754743,0.0,1604.478109808639
0.24530840850382502,0.009375210775947837,0.01709098857560625,0.926000142645,0.0,1614.6119680492566
0.247577542045455,0.009441788548667195,0.01721235970849375,0.9048955007931,0.0,1624.5415762211364
0.249846675587085,0.009508366321386555,0.01733373084138125,0.88481101731004,0.00099406806797644,1633.4621614635782
0.252115809128715,0.009574944094105914,0.01745510197426875,0.86509124530971,0.0,1642.8908881004002
0.254384942670345,0.009641521866825275,0.01757647310715625,0.84594429034458,0.0,1651.897509738828
0.256654076211975,0.009708099639544634,0.01769784424004375,0.8276066217733501,0.0,1660.8466443545653
0.258923209753605,0.009774677412263994,0.01781921537293125,0.81000323157582,0.0,1669.1619102560737
0.261192343295235,0.009841255184983353,0.01794058650581875,0.79276085512522,0.0,1676.912826121779
0.263461476836865,0.009907832957702714,0.01806195763870625,0.77622471353094,0.00091552608340264,1684.1523212703228
0.265730610378495,0.009974410730422073,0.01818332877159375,0.76010875046106,0.0,1692.7009465138328
0.267999743920125,0.010040988503141434,0.01830469990448125,0.7444038054736299,0.0,1700.563184112587
0.270268877461755,0.010107566275860793,0.01842607103736875,0.72923499149563,0.0,1708.1007991346162
0.272538011003385,0.010174144048580153,0.01854744217025625,0.7144175294089801,0.0,1715.3892854749263
0.274807144545015,0.010240721821299514,0.018668813303143753,0.70012404266019,0.0,1723.023504088725
0.277076278086645,0.010307299594018873,0.01879018443603125,0.68645036432065,0.0,1730.5190607812767
0.279345411628275,0.010373877366738232,0.01891155556891875,0.67321119083695,0.0,1737.6377850101605
0.28161454516990503,0.010440455139457593,0.01903292670180625,0.66048374477018,0.0,1744.0973803150212
0.28388367871153497,0.010507032912176953,0.019154297834693752,0.6478051247403499,0.0,1750.2428577762087
0.286152812253165,0.01057361068489631,0.01927566896758125,0.6355490684928401,0.0008038622630288,1755.9839973994688
0.288421945794795,0.01064018845761567,0.01939704010046875,0.62330893215353,0.0,1763.2126738047675
0.290691079336425,0.01070676623033503,0.01951841123335625,0.6112223618978301,0.0,1769.7557676927859
0.292960212878055,0.01077334400305439,0.019639782366243752,0.5996114507339999,0.0,1776.6818123251276
0.295229346419685,0.01083992177577375,0.01976115349913125,0.58836643668989,0.0,1783.7703253054742
0.297498479961315,0.010906499548493109,0.01988252463201875,0.57743443957645,0.0,1790.6442416056514
0.299767613502945,0.01097307732121247,0.02000389576490625,0.56690472274376,0.0,1797.372362842311
0.302036747044575,0.01103965509393183,0.020125266897793752,0.55665349626286,0.0,1803.9391698255351
0.304305880586205,0.011106232866651189,0.02024663803068125,0.54662476762808,0.0,1810.4350144440896
0.306575014127835,0.01117281063937055,0.02036800916356875,0.5367493428839101,0.0,1816.9750137795595
0.308844147669465,0.011239388412089909,0.02048938029645625,0.5270473907755601,0.0,1823.5206344956118
0.311113281211095,0.01130596618480927,0.02061075142934375,0.5175585531572701,0.0,1830.0614241889025
0.313382414752725,0.011372543957528628,0.02073212256223125,0.50829532891378,0.0,1836.5501336478553
0.315651548294355,0.011439121730247987,0.020853493695118748,0.49914715049535,0.0,1842.8536760215616
0.317920681835985,0.011505699502967348,0.02097486482800625,0.49023390653841,0.0,1849.3297570876018
0.320189815377615,0.011572277275686708,0.02109623596089375,0.48148119105923,0.0,1855.8137203746196
0.322458948919245,0.011638855048406067,0.02121760709378125,0.47297700695854,0.0,1862.2566518585843
0.32472808246087503,0.011705432821125428,0.02133897822666875,0.46467808901558,0.0,1868.6463972085596
0.326997216002505,0.011772010593844785,0.02146034935955625,0.45658412704643997,0.0,1875.0086873020562
0.32926634954413503,0.011838588366564146,0.02158172049244375,0.44866890438866,0.0,1881.321955589861
0.33153548308576497,0.011905166139283507,0.021703091625331253,0.44094671224179005,0.0,1887.579823382815
0.333804616627395,0.011971743912002866,0.02182446275821875,0.43342745985141,0.0,1893.7701409879346
0.33607375016902497,0.012038321684722224,0.02194583389110625,0.4261148439361,0.0,1899.8666275403953
0.338342883710655,0.012104899457441585,0.02206720502399375,0.41901856187703,0.0,1905.8460019960878
0.34061201725228496,0.012171477230160944,0.02218857615688125,0.41213116016386003,0.0,1911.6924520937844
0.342881150793915,0.012238055002880303,0.022309947289768747,0.40544711202443,0.0,1917.410288127776
0.34515028433554495,0.012304632775599664,0.02243131842265625,0.39896026745643,0.0,1923.016799098321
0.347419417877175,0.012371210548319024,0.02255268955554375,0.39264353105986,0.0,1928.5303189943043
0.349688551418805,0.012437788321038385,0.022674060688431252,0.38648401837324997,0.0,1933.979638185479
0.351957684960435,0.012504366093757744,0.02279543182131875,0.38045436206341,0.0,1939.4037692177706
0.354226818502065,0.012570943866477103,0.02291680295420625,0.37452221652055,0.0,1944.8388825756524
0.356495952043695,0.012637521639196464,0.02303817408709375,0.36865325063522997,0.0,1950.306659598977
0.358765085585325,0.012704099411915824,0.023159545219981252,0.3628336365325,0.0,1955.8156756988885
0.361034219126955,0.012770677184635183,0.02328091635286875,0.35705050407811,0.0,1961.3413027986182
0.363303352668585,0.01283725495735454,0.02340228748575625,0.35133491671127,0.0,1966.84852887906
0.365572486210215,0.012903832730073901,0.02352365861864375,0.34571974504511,0.0,1972.297393052212
0.367841619751845,0.012970410502793262,0.023645029751531252,0.34023706137302,0.0,1977.649431613105
0.370110753293475,0.01303698827551262,0.02376640088441875,0.33491074427618,0.0,1982.8848948065177
0.372379886835105,0.01310356604823198,0.02388777201730625,0.32974414351056,0.0,1988.0099730401673
0.374649020376735,0.01317014382095134,0.02400914315019375,0.32471984723483005,0.0,1993.0478970990923
0.37691815391836503,0.013236721593670701,0.02413051428308125,0.31982506036085,0.0,1998.032756002788
0.37918728745999497,0.01330329936639006,0.02425188541596875,0.31504352311498995,0.0,2002.9991270834873
0.381456421001625,0.013369877139109419,0.024373256548856248,0.31034781292898,0.0,2007.9600272255752
0.38372555454325497,0.01343645491182878,0.02449462768174375,0.30574100543065996,0.0,2012.9208083094018
0.385994688084885,0.01350303268454814,0.02461599881463125,0.30121070941473005,0.0,2017.8853103952686
0.38826382162651496,0.0135696104572675,0.02473736994751875,0.29676195684685,0.0,2022.8544128162007
0.390532955168145,0.013636188229986858,0.024858741080406248,0.29236986913790003,0.0,2027.8149989172189
0.392802088709775,0.013702766002706219,0.02498011221329375,0.28805027590384,0.0,2032.7801422342498
0.395071222251405,0.01376934377542558,0.02510148334618125,0.28379797971484,0.0,2037.7504410110803
0.39734035579303495,0.013835921548144938,0.02522285447906875,0.27961613173221,0.0,2042.7096321979145
0.399609489334665,0.013902499320864297,0.025344225611956248,0.27551072762909,0.0,2047.639640765405
0.40187862287629494,0.013969077093583658,0.02546559674484375,0.27148335074324,0.0,2052.524268570434
0.404147756417925,0.014035654866303019,0.02558696787773125,0.26754096897768004,0.0,2057.3528052219012
0.406416889959555,0.014102232639022376,0.02570833901061875,0.2636805496049,0.0,2062.1165344383853
0.408686023501185,0.014168810411741735,0.025829710143506247,0.25990573727056,0.0,2066.8073715828573
0.41095515704281493,0.014235388184461096,0.02595108127639375,0.25621626430036,0.0,2071.421434975821
0.413224290584445,0.014301965957180456,0.02607245240928125,0.25261222429422003,0.0,2075.9572842013004
0.41549342412607493,0.014368543729899815,0.02619382354216875,0.2490918766175,0.0,2080.4172185073694
0.417762557667705,0.014435121502619174,0.026315194675056247,0.24564901803869998,0.0,2084.804885983749
0.420031691209335,0.014501699275338535,0.02643656580794375,0.24228940690655,0.0,2089.1334612606124
0.422300824750965,0.014568277048057895,0.02655793694083125,0.23899893126045,0.0,2093.412593351311
0.424569958292595,0.014634854820777254,0.02667930807371875,0.23577745076071,0.0,2097.6428570307594
0.42683909183422497,0.014701432593496613,0.026800679206606247,0.23262294571743,0.0,2101.825231924139
0.42910822537585497,0.014768010366215974,0.02692205033949375,0.22953356135060002,0.0,2105.957997062573
0.43137735891748497,0.014834588138935335,0.02704342147238125,0.22649956031545002,0.0,2110.031347266718
0.43364649245911496,0.014901165911654695,0.027164792605268752,0.22352918085581,0.0,2114.067013972261
0.43591562600074496,0.014967743684374054,0.02728616373815625,0.22060132247273,0.0,2118.0693859899898
0.438184759542375,0.015034321457093413,0.02740753487104375,0.21775291162176,0.0,2122.0531300902317
0.440453893084005,0.015100899229812774,0.02752890600393125,0.21492006660098,0.0,2125.9924943013934
0.442723026625635,0.015167477002532135,0.02765027713681875,0.21217152718743998,0.0,2129.842121883099
0.444992160167265,0.015234054775251492,0.02777164826970625,0.20943154422953,0.00038725585361701,2133.270545736422
0.447261293708895,0.01530063254797085,0.027893019402593748,0.20673747322685998,0.0,2137.4275899114396
0.449530427250525,0.015367210320690211,0.02801439053548125,0.20405127279433,0.0,2141.500929166787
0.451799560792155,0.015433788093409572,0.02813576166836875,0.20143252840298,0.0,2145.4622663707855
0.454068694333785,0.015500365866128933,0.028257132801256253,0.19886861919796,0.0,2149.3296051661064
0.456337827875415,0.015566943638848292,0.02837850393414375,0.19635735216611,0.0,2153.1124129286904
0.458606961417045,0.015633521411567652,0.02849987506703125,0.19390094570546001,0.0,2156.8146662080785
0.460876094958675,0.01570009918428701,0.02862124619991875,0.19150141514986,0.0,2160.43768818378
0.463145228500305,0.015766676957006374,0.028742617332806253,0.18915256421509,0.0,2163.9767971573683
0.46541436204193504,0.01583325472972573,0.02886398846569375,0.18685364953294,0.0,2167.445443019675
0.467683495583565,0.015899832502445088,0.02898535959858125,0.18460390203653,0.0,2170.8601711881806
0.469952629125195,0.01596641027516445,0.02910673073146875,0.18240143515259002,0.0,2174.222197131084
0.472221762666825,0.01603298804788381,0.02922810186435625,0.18024624940516,0.0,2177.5324991687116
0.47449089620845497,0.01609956582060317,0.029349472997243747,0.17813701966589,0.0,2180.7926086515718
0.47676002975008497,0.016166143593322527,0.02947084413013125,0.17607497921757,0.0,2184.0094750116054
0.47902916329171497,0.016232721366041886,0.029592215263018747,0.17405155822484,0.0,2187.1896124600266
0.48129829683334496,0.01629929913876125,0.02971358639590625,0.17206608625421002,0.0,2190.342005981072
0.48356743037497496,0.016365876911480608,0.02983495752879375,0.17011068630182,0.0,2193.474659272537
0.48583656391660496,0.016432454684199967,0.02995632866168125,0.16818732525625998,0.0,2196.5985673716336
0.48810569745823496,0.01649903245691933,0.03007769979456875,0.16627981151163,0.0,2199.7189539176134
0.490374830999865,0.016565610229638688,0.03019907092745625,0.16438598615035002,0.0,2202.8589750346664
0.492643964541495,0.016632188002358047,0.03032044206034375,0.16250169834181,0.0,2206.031967354772
0.494913098083125,0.016698765775077406,0.03044181319323125,0.1606270272857,0.0,2209.2364904165
0.497182231624755,0.01676534354779677,0.03056318432611875,0.15876377679051,0.0,2212.46000496115
0.499451365166385,0.016831921320516127,0.03068455545900625,0.15691785295455998,0.0,2215.6865883493538
0.501720498708015,0.016898499093235486,0.03080592659189375,0.15509308976316,0.0,2218.901523562851
0.503989632249645,0.016965076865954845,0.03092729772478125,0.15329537266555002,0.0,2222.094752691089
0.5062587657912749,0.017031654638674204,0.03104866885766875,0.1515263963772,0.0,2225.2620136369296
0.508527899332905,0.017098232411393566,0.03117003999055625,0.14978611901605002,0.0,2228.4013478868055
0.510797032874535,0.017164810184112922,0.031291411123443746,0.14807416211389,0.0,2231.5129846572054
0.513066166416165,0.017231387956832284,0.03141278225633125,0.14639097931518,0.0,2234.5972140692215
0.5153352999577949,0.017297965729551643,0.03153415338921875,0.14473538758238,0.0,2237.6537124742035
0.517604433499425,0.017364543502271006,0.03165552452210625,0.14310604287353998,0.0,2240.6797747894525
0.519873567041055,0.017431121274990365,0.03177689565499375,0.14150472005516,0.0,2243.674427953334
0.5221427005826851,0.017497699047709727,0.031898266787881255,0.13993131342982001,0.0,2246.637209716867
0.5244118341243149,0.017564276820429083,0.03201963792076875,0.13838596683986,0.0,2249.567293765387
0.526680967665945,0.01763085459314844,0.032141009053656244,0.13686867944331998,0.0,2252.4648758765397
0.528950101207575,0.0176974323658678,0.032262380186543746,0.13537858364857,0.0,2255.3294063594
0.531219234749205,0.017764010138587163,0.03238375131943125,0.13391671633614,0.0,2258.1609275143296
0.5334883682908349,0.017830587911306522,0.03250512245231875,0.13248127493538,0.0,2260.9582751241915
0.535757501832465,0.017897165684025884,0.03262649358520625,0.13107367824747,0.0,2263.720074197131
0.538026635374095,0.017963743456745243,0.03274786471809375,0.1296932447712,0.0,2266.447333497109
0.540295768915725,0.0180303212294646,0.03286923585098125,0.12833761936204,0.0,2269.140222215547
0.5425649024573549,0.01809689900218396,0.03299060698386875,0.12700785753783,0.0,2271.801101585376
0.544834035998985,0.01816347677490332,0.03311197811675625,0.12570081795635,0.0,2274.4334150080185
0.547103169540615,0.01823005454762268,0.033233349249643745,0.12441545301568001,0.0,2277.040371283873
0.549372303082245,0.018296632320342038,0.03335472038253125,0.1231497464385,0.0,2279.624711601477
0.551641436623875,0.0183632100930614,0.03347609151541875,0.1219033050911,0.0,2282.1874750378834
0.5539105701655049,0.01842978786578076,0.03359746264830625,0.12067527236915,0.0,2284.729156119522
0.556179703707135,0.01849636563850012,0.03371883378119375,0.11946492708183999,0.0,2287.249097393479
0.558448837248765,0.01856294341121948,0.033840204914081254,0.11827233793064,0.0,2289.7485319254406
0.560717970790395,0.01862952118393884,0.03396157604696875,0.11709514823699001,0.0,2292.227989905766
0.5629871043320249,0.0186960989566582,0.03408294717985625,0.11593309640511999,0.0,2294.686705673981
0.565256237873655,0.018762676729377557,0.034204318312743745,0.11478667711016,0.0,2297.1231530905966
0.567525371415285,0.018829254502096916,0.03432568944563125,0.11365541542723,0.0,2299.5321785035267
0.569794504956915,0.01889583227481628,0.03444706057851875,0.11254184698453,0.0,2301.9078416263847
0.572063638498545,0.018962410047535638,0.03456843171140625,0.11144613532178001,0.0,2304.2450108962257
0.574332772040175,0.019028987820255,0.03468980284429375,0.11036905068722,0.0,2306.5393457362843
0.576601905581805,0.01909556559297436,0.03481117397718125,0.10931168780698,0.0,2308.7891951726506
0.5788710391234351,0.01916214336569372,0.034932545110068755,0.10827428612937,0.0,2310.9959486146217
0.5811401726650649,0.019228721138413077,0.03505391624295625,0.10725541527501001,0.0,2313.161537594137
0.583409306206695,0.019295298911132432,0.035175287375843745,0.10625480797164,0.0,2315.2896797010026
0.585678439748325,0.019361876683851795,0.035296658508731246,0.10527099315281,0.0,2317.3857817306566
0.587947573289955,0.019428454456571154,0.03541802964161875,0.10430123320196,0.0,2319.4499986345168
0.5902167068315849,0.019495032229290516,0.03553940077450625,0.10334807060032,0.0,2321.4800034138843
0.592485840373215,0.019561610002009875,0.03566077190739375,0.10241037574480999,0.0,2323.45899361831
0.594754973914845,0.019628187774729237,0.03578214304028125,0.10149517477881001,0.0,2325.3281739258287
0.597024107456475,0.019694765547448593,0.03590351417316875,0.10059389555397999,0.00023170086972146,2326.552721882377
0.599293240998105,0.019761343320167955,0.03602488530605625,0.099678789640378,0.0,2328.7274083335974
0.6015623745397349,0.01982792109288731,0.036146256438943744,0.098759662387659,0.0,2330.842182057397
0.603831508081365,0.019894498865606673,0.036267627571831246,0.097859772954484,0.0,2332.8837455843595
0.606100641622995,0.019961076638326032,0.03638899870471875,0.09698369825469999,0.0,2334.8556544583507
0.608369775164625,0.020027654411045395,0.03651036983760625,0.09612276788717099,0.0,2336.758161143249
0.6106389087062549,0.020094232183764753,0.03663174097049375,0.095285384648788,0.0,2338.5994787521076
0.612908042247885,0.020160809956484116,0.03675311210338125,0.094458731032896,0.0,2340.383634789919
0.615177175789515,0.020227387729203475,0.036874483236268754,0.09365711290696599,0.0,2342.1204723392043
0.617446309331145,0.020293965501922834,0.03699585436915625,0.092859941683655,0.0,2343.8092957048284
0.6197154428727749,0.020360543274642193,0.03711722550204375,0.092091561510103,0.0,2345.460890266095
0.621984576414405,0.020427121047361548,0.037238596634931245,0.09131839621376801,0.0,2347.069699844008
0.624253709956035,0.02049369882008091,0.03735996776781875,0.090581846586412,0.0,2348.6480909735155
0.6265228434976651,0.02056027659280027,0.03748133890070625,0.089828084186012,0.0,2350.176319235697
0.628791977039295,0.020626854365519632,0.03760271003359375,0.089129318623703,0.0,2351.6532603128726
0.631061110580925,0.02069343213823899,0.03772408116648125,0.08840435772719901,0.0,2352.993209810578
0.633330244122555,0.020760009910958353,0.037845452299368754,0.08779310275836,0.0,2354.065938103654
0.6355993776641851,0.020826587683677712,0.037966823432256255,0.087201583198803,0.0,2354.3399712478945
0.184041802879815,0.008310733596049039,0.013813967987643751,2.0671173918685,0.0,1222.485794027104
0.186310936421445,0.008383752670118193,0.013935339120531251,1.9828390831863,0.0,1250.3405915993071
0.188580069963075,0.008456771744187347,0.014056710253418751,1.8989209274993002,0.0,1277.3089485326936
0.190849203504705,0.008529790818256501,0.014178081386306251,1.8188762410716,0.0,1302.2876592833597
0.193118337046335,0.008602809892325654,0.014299452519193751,1.7454541483872,0.0,1325.768729028671
0.19538747058796502,0.008675828966394808,0.014420823652081251,1.6790488509677,0.0,1347.3239603895097
0.19765660412959501,0.008748848040463962,0.014542194784968751,1.6194208142013,0.0,1367.0276929778875
0.199925737671225,0.008821867114533116,0.014663565917856251,1.5651198148492,0.0,1384.9901135802113
0.202194871212855,0.00889488618860227,0.014784937050743751,1.5156759027522,0.0,1401.3518178764848
0.204464004754485,0.008967905262671423,0.014906308183631251,1.4693891969292001,0.0,1417.056185127624
0.206733138296115,0.009040924336740577,0.01502767931651875,1.4267936835036001,0.0012971676375185,1430.9371686314028
0.209002271837745,0.009113943410809731,0.01514905044940625,1.3861921499325,0.0,1445.7903270767763
0.211271405379375,0.009186962484878885,0.01527042158229375,1.3477501754054002,0.0,1459.346124376436
0.213540538921005,0.00925998155894804,0.01539179271518125,1.3112852486036002,0.0,1472.6811768639006
0.215809672462635,0.009333000633017192,0.01551316384806875,1.2763956118006001,0.0,1485.0705902272953
0.218078806004265,0.009406019707086348,0.015634534980956252,1.2434098781395,0.0011984231382953,1495.6437624942184
0.220347939545895,0.0094790387811555,0.01575590611384375,1.2109004653137,0.0,1506.728963002505
0.22261707308752499,0.009552057855224652,0.01587727724673125,1.1800745865332,0.0011620588748793,1517.295174226094
0.224886206629155,0.009625076929293807,0.01599864837961875,1.1506289291465999,0.0,1528.5977648483572
0.227155340170785,0.009698096003362962,0.016120019512506252,1.1222302289904,0.0011273249672964,1538.1351125236395
0.229424473712415,0.009771115077432115,0.01624139064539375,1.0943283338256,0.002221078220253,1547.5715744436966
0.231693607254045,0.009844134151501267,0.01636276177828125,1.0677216225906,0.0,1558.81705002938
0.233962740795675,0.009917153225570423,0.01648413291116875,1.0418466497663,0.0,1569.6741296012
0.236231874337305,0.009990172299639577,0.016605504044056252,1.0174748023019,0.0,1579.2724314922395
0.238501007878935,0.01006319137370873,0.01672687517694375,0.99308075706438,0.0010470098466284,1589.212716752701
0.240770141420565,0.010136210447777886,0.01684824630983125,0.9701869405731101,0.0010319793794204,1599.2284693987065
0.24303927496219502,0.010209229521847038,0.01696961744271875,0.94762772229102,0.0,1609.95668073037
0.24530840850382502,0.010282248595916192,0.01709098857560625,0.92587366024028,0.0,1620.238290839356
0.247577542045455,0.010355267669985345,0.01721235970849375,0.90485879182671,0.0,1630.1645695058842
0.249846675587085,0.0104282867440545,0.01733373084138125,0.88463888367015,0.0,1639.588871247885
0.252115809128715,0.010501305818123653,0.01745510197426875,0.8650490013677801,0.00096147007801243,1648.383568498834
0.254384942670345,0.010574324892192807,0.01757647310715625,0.84595331265022,0.0,1657.974600330804
0.256654076211975,0.010647343966261961,0.01769784424004375,0.82747148334973,0.0,1667.1712111134816
0.258923209753605,0.010720363040331115,0.01781921537293125,0.8097754756584999,0.0,1675.9414296244033
0.261192343295235,0.010793382114400268,0.01794058650581875,0.79256494047507,0.0,1684.318847834012
0.263461476836865,0.010866401188469422,0.01806195763870625,0.77590369450874,0.0,1692.362970433625
0.265730610378495,0.010939420262538576,0.01818332877159375,0.7598165247905001,0.0,1700.5105101446825
0.267999743920125,0.01101243933660773,0.01830469990448125,0.74415780985543,0.0,1708.4902952203772
0.270268877461755,0.011085458410676883,0.01842607103736875,0.7289771761395699,0.0,1716.261185875408
0.272538011003385,0.011158477484746038,0.01854744217025625,0.7142050084705499,0.0,1723.8427306968408
0.274807144545015,0.011231496558815193,0.018668813303143753,0.69994049735667,0.0,1731.355765276475
0.277076278086645,0.011304515632884345,0.01879018443603125,0.6862196886062101,0.0,1738.7458674143086
0.279345411628275,0.011377534706953497,0.01891155556891875,0.6729823414503601,0.0,1745.9388381020517
0.28161454516990503,0.011450553781022653,0.01903292670180625,0.66011092307054,0.0,1752.8263059081407
0.28388367871153497,0.011523572855091807,0.019154297834693752,0.64755028067339,0.0,1759.513426898505
0.286152812253165,0.01159659192916096,0.01927566896758125,0.63520030385562,0.0,1766.0414207147394
0.288421945794795,0.011669611003230114,0.01939704010046875,0.6231116311844901,0.0,1772.8124734706882
0.290691079336425,0.011742630077299268,0.01951841123335625,0.61119224641196,0.0,1779.5125461152604
0.292960212878055,0.011815649151368422,0.019639782366243752,0.59964178489256,0.0,1786.2443665676908
0.295229346419685,0.011888668225437576,0.01976115349913125,0.58841611178255,0.0,1793.002828849029
0.297498479961315,0.011961687299506729,0.01988252463201875,0.57749553414675,0.0,1799.7014078571883
0.299767613502945,0.012034706373575883,0.02000389576490625,0.56692085713982,0.0,1806.3255517901407
0.302036747044575,0.012107725447645037,0.020125266897793752,0.5566293769602,0.0,1812.8806906850807
0.304305880586205,0.012180744521714191,0.02024663803068125,0.54657859557857,0.0,1819.3963485152562
0.306575014127835,0.012253763595783345,0.02036800916356875,0.5367213803487401,0.0,1825.9061581770197
0.308844147669465,0.012326782669852498,0.02048938029645625,0.52705418763206,0.0,1832.409122657136
0.311113281211095,0.012399801743921654,0.02061075142934375,0.51758230776771,0.0,1838.8954581173105
0.313382414752725,0.012472820817990806,0.02073212256223125,0.50831116922218,0.0,1845.3500917631786
0.315651548294355,0.012545839892059958,0.020853493695118748,0.49919494225098,0.0,1851.7450327021645
0.317920681835985,0.012618858966129113,0.02097486482800625,0.49028084530827004,0.0,1858.1335150628634
0.320189815377615,0.012691878040198269,0.02109623596089375,0.48155822206245996,0.0,1864.5072324879438
0.322458948919245,0.012764897114267421,0.02121760709378125,0.47304397104863,0.0,1870.8414165597535
0.32472808246087503,0.012837916188336575,0.02133897822666875,0.46473879397296997,0.0,1877.1267901680746
0.326997216002505,0.01291093526240573,0.02146034935955625,0.45663164740739,0.0,1883.3635276275204
0.32926634954413503,0.012983954336474883,0.02158172049244375,0.44871390583493004,0.0,1889.5445551979658
0.33153548308576497,0.013056973410544037,0.021703091625331253,0.44098915254459,0.0,1895.6635897675092
0.333804616627395,0.013129992484613192,0.02182446275821875,0.43346288452411,0.0,1901.7116708759302
0.33607375016902497,0.013203011558682344,0.02194583389110625,0.42613546435452004,0.0,1907.673048982446
0.338342883710655,0.013276030632751498,0.02206720502399375,0.41901540494882,0.0,1913.5337586712683
0.34061201725228496,0.01334904970682065,0.02218857615688125,0.41209854648993,0.0,1919.2860776045131
0.342881150793915,0.013422068780889803,0.022309947289768747,0.40538078799108,0.0,1924.92936765545
0.34515028433554495,0.013495087854958959,0.02243131842265625,0.39885504692157997,0.0,1930.4731222524579
0.347419417877175,0.013568106929028113,0.02255268955554375,0.39250539497847,0.0,1935.9338137892166
0.349688551418805,0.013641126003097269,0.022674060688431252,0.38631537149463,0.0,1941.334517209241
0.351957684960435,0.013714145077166421,0.02279543182131875,0.38026457082289,0.0,1946.7048060157135
0.354226818502065,0.013787164151235574,0.02291680295420625,0.37432452161592,0.0,1952.0741236737833
0.356495952043695,0.013860183225304728,0.02303817408709375,0.36847117587232003,0.0,1957.4632887159212
0.358765085585325,0.013933202299373884,0.023159545219981252,0.36268702311376,0.0,1962.879942701838
0.361034219126955,0.014006221373443036,0.02328091635286875,0.35696160539409,0.0,1968.3105425178892
0.363303352668585,0.014079240447512189,0.02340228748575625,0.35130725061793,0.0,1973.7275587631225
0.365572486210215,0.014152259521581344,0.02352365861864375,0.34574361428237005,0.0,1979.099016310498
0.367841619751845,0.014225278595650499,0.023645029751531252,0.34029364539514,0.0,1984.3957177854106
0.370110753293475,0.014298297669719651,0.02376640088441875,0.33497524939058,0.0,1989.6001285130985
0.372379886835105,0.014371316743788803,0.02388777201730625,0.32979787321842,0.0,1994.7122911960769
0.374649020376735,0.01444433581785796,0.02400914315019375,0.32475546296019003,0.0,1999.74495957291
0.37691815391836503,0.014517354891927113,0.02413051428308125,0.31983907939909,0.0,2004.7174799296604
0.37918728745999497,0.014590373965996266,0.02425188541596875,0.31503601650939,0.0,2009.6513745024988
0.381456421001625,0.014663393040065418,0.024373256548856248,0.31032989687374,0.0,2014.5616307567443
0.38372555454325497,0.014736412114134574,0.02449462768174375,0.30571421859856995,0.0,2019.457805025856
0.385994688084885,0.014809431188203728,0.02461599881463125,0.30118146250537,0.0,2024.3470258632753
0.38826382162651496,0.01488245026227288,0.02473736994751875,0.29672864276403005,0.0,2029.2339980327918
0.390532955168145,0.014955469336342035,0.024858741080406248,0.29234359028041,0.0,2034.1162712448886
0.392802088709775,0.015028488410411189,0.02498011221329375,0.28803016996327,0.0,2038.9925661103741
0.395071222251405,0.015101507484480343,0.02510148334618125,0.28378695750870003,0.0,2043.8618113261161
0.39734035579303495,0.015174526558549497,0.02522285447906875,0.27961454541343,0.0,2048.71638531273
0.399609489334665,0.01524754563261865,0.025344225611956248,0.27551571388492,0.0,2053.545676684244
0.40187862287629494,0.015320564706687804,0.02546559674484375,0.27149261373420003,0.0,2058.338417763493
0.404147756417925,0.01539358378075696,0.02558696787773125,0.26754995281203,0.0,2063.085411173009
0.406416889959555,0.015466602854826112,0.02570833901061875,0.26368753164300995,0.0,2067.7783127403754
0.408686023501185,0.015539621928895265,0.025829710143506247,0.25990831114359,0.0,2072.409588336659
0.41095515704281493,0.015612641002964419,0.02595108127639375,0.25621145168516,0.0,2076.9735772094677
0.413224290584445,0.015685660077033575,0.02607245240928125,0.25259781559743,0.0,2081.46655752669
0.41549342412607493,0.015758679151102725,0.02619382354216875,0.24906619023248,0.0,2085.888528060131
0.417762557667705,0.01583169822517188,0.026315194675056247,0.24561333967665,0.0,2090.241101273918
0.420031691209335,0.015904717299241034,0.02643656580794375,0.24223948423254998,0.0,2094.5298261043386
0.422300824750965,0.015977736373310188,0.02655793694083125,0.23893905629121,0.0,2098.761372995289
0.424569958292595,0.016050755447379342,0.02667930807371875,0.23570813951209998,0.0,2102.9387023482577
0.42683909183422497,0.016123774521448496,0.026800679206606247,0.23254697788983,0.0,2107.065837851661
0.42910822537585497,0.01619679359551765,0.02692205033949375,0.22945016974986998,0.0,2111.1455832682427
0.43137735891748497,0.016269812669586804,0.02704342147238125,0.22641437185427,0.0,2115.17757496613
0.43364649245911496,0.01634283174365596,0.027164792605268752,0.22344053721683999,0.0,2119.169268834005
0.43591562600074496,0.016415850817725113,0.02728616373815625,0.22051787417926,0.0,2123.1227991701066
0.438184759542375,0.016488869891794263,0.02740753487104375,0.21766029551229,0.0,2127.045784930883
0.440453893084005,0.01656188896586342,0.02752890600393125,0.21484370299026997,0.0,2130.9352135117224
0.442723026625635,0.016634908039932575,0.02765027713681875,0.21208656989916,0.0,2134.7783008473066
0.444992160167265,0.016707927114001726,0.02777164826970625,0.20934369466897002,0.0,2138.54867929432
0.447261293708895,0.01678094618807088,0.027893019402593748,0.20666185029649,0.0,2142.3883122797943
0.449530427250525,0.016853965262140034,0.02801439053548125,0.20401476365055998,0.0,2146.2438118141463
0.451799560792155,0.016926984336209188,0.02813576166836875,0.20141265493615002,0.0,2150.065993685094
0.454068694333785,0.017000003410278346,0.028257132801256253,0.19885830652054,0.0,2153.8380462673344
0.456337827875415,0.017073022484347496,0.02837850393414375,0.19635421901465,0.0,2157.553664093067
0.458606961417045,0.01714604155841665,0.02849987506703125,0.19390043681485,0.0,2161.2077565507893
0.460876094958675,0.017219060632485805,0.02862124619991875,0.19149940116424,0.0,2164.7974113406444
0.463145228500305,0.01729207970655496,0.028742617332806253,0.18914857314068997,0.0,2168.3220568564448
0.46541436204193504,0.017365098780624113,0.02886398846569375,0.18684707735879,0.0,2171.78454751442
0.467683495583565,0.017438117854693264,0.02898535959858125,0.18459284973941,0.0,2175.1889713027635
0.469952629125195,0.01751113692876242,0.02910673073146875,0.18238535849499998,0.0,2178.5386685102017
0.472221762666825,0.017584156002831572,0.02922810186435625,0.18022327960971002,0.0,2181.8369520502283
0.47449089620845497,0.017657175076900726,0.029349472997243747,0.17810571206852,0.0,2185.08711492507
0.47676002975008497,0.01773019415096988,0.02947084413013125,0.1760316084213,0.0,2188.294570757256
0.47902916329171497,0.01780321322503903,0.029592215263018747,0.17399785357515,0.0,2191.4660919241273
0.48129829683334496,0.01787623229910819,0.02971358639590625,0.17200190763815001,0.0,2194.609537699225
0.48356743037497496,0.017949251373177343,0.02983495752879375,0.17003900663162,0.0,2197.733061617489
0.48583656391660496,0.018022270447246493,0.02995632866168125,0.16810782456336,0.0,2200.8472306929684
0.48810569745823496,0.01809528952131565,0.03007769979456875,0.1662004761386,0.0,2203.9623068695496
0.490374830999865,0.0181683085953848,0.03019907092745625,0.16431254604528,0.0,2207.0873887101097
0.492643964541495,0.018241327669453956,0.03032044206034375,0.16244066190477,0.0,2210.229482942127
0.494913098083125,0.01831434674352311,0.03044181319323125,0.16058293104034999,0.0,2213.3900911349065
0.497182231624755,0.018387365817592264,0.03056318432611875,0.15873908930569,0.0,2216.5643095733963
0.499451365166385,0.018460384891661418,0.03068455545900625,0.15691147435514,0.0,2219.7436636966127
0.501720498708015,0.018533403965730572,0.03080592659189375,0.15510258976445998,0.0,2222.918761592003
0.503989632249645,0.018606423039799726,0.03092729772478125,0.15331602122043,0.0,2226.0815477029946
0.5062587657912749,0.01867944211386888,0.03104866885766875,0.15155397911353,0.0,2229.2266007883973
0.508527899332905,0.018752461187938035,0.03117003999055625,0.1498179517417,0.0,2232.3505088399206
0.510797032874535,0.018825480262007185,0.031291411123443746,0.14810815553925,0.0,2235.4507986636313
0.513066166416165,0.01889849933607634,0.03141278225633125,0.14642528179080003,0.0,2238.5256634850625
0.5153352999577949,0.018971518410145494,0.03153415338921875,0.14476915875571,0.0,2241.57416685271
0.517604433499425,0.01904453748421465,0.03165552452210625,0.14313924928073,0.0,2244.5945036036146
0.519873567041055,0.019117556558283805,0.03177689565499375,0.14153601541306,0.0,2247.5847943465005
0.5221427005826851,0.01919057563235296,0.031898266787881255,0.13995941146847998,0.0,2250.543474069761
0.5244118341243149,0.01926359470642211,0.03201963792076875,0.1384097134974,0.0,2253.4692243996196
0.526680967665945,0.01933661378049126,0.032141009053656244,0.13688686976056,0.0,2256.361198515705
0.528950101207575,0.019409632854560415,0.032262380186543746,0.13539059738342002,0.0,2259.2182794841137
0.531219234749205,0.01948265192862957,0.03238375131943125,0.13392143276816001,0.0,2262.040020137475
0.5334883682908349,0.019555671002698727,0.03250512245231875,0.13247865843197,0.0,2264.825902307135
0.535757501832465,0.01962869007676788,0.03262649358520625,0.13106277703488,0.0,2267.5755193147756
0.538026635374095,0.019701709150837035,0.03274786471809375,0.12967353283798,0.0,2270.2897795571785
0.540295768915725,0.019774728224906186,0.03286923585098125,0.12830991094674998,0.0,2272.969374604034
0.5425649024573549,0.01984774729897534,0.03299060698386875,0.12697167118587,0.0,2275.6156543317707
0.544834035998985,0.019920766373044494,0.03311197811675625,0.12565752442086,0.0,2278.2308645183825
0.547103169540615,0.019993785447113645,0.033233349249643745,0.1243664808945,0.0,2280.817469616712
0.549372303082245,0.020066804521182802,0.03335472038253125,0.12309696518985,0.0,2283.3774947574657
0.551641436623875,0.020139823595251957,0.03347609151541875,0.12184828285638,0.0,2285.9125185858165
0.5539105701655049,0.02021284266932111,0.03359746264830625,0.12061935211238001,0.0,2288.4239374167823
0.556179703707135,0.020285861743390265,0.03371883378119375,0.11940923833982,0.0,2290.912327118825
0.558448837248765,0.02035888081745942,0.033840204914081254,0.11821752226472,0.0,2293.3785670462016
0.560717970790395,0.02043189989152857,0.03396157604696875,0.11704292549838001,0.0,2295.8236385591795
0.5629871043320249,0.020504918965597724,0.03408294717985625,0.11588475370752,0.0,2298.2471757385583
0.565256237873655,0.020577938039666874,0.034204318312743745,0.11474292919291,0.0,2300.6481128752002
0.567525371415285,0.020650957113736032,0.03432568944563125,0.11361702113910001,0.0,2303.0238265801136
0.569794504956915,0.020723976187805186,0.03444706057851875,0.11250785449157,0.0,2305.3708010129076
0.572063638498545,0.02079699526187434,0.03456843171140625,0.111415850791,0.0,2307.6858063350264
0.574332772040175,0.020870014335943494,0.03468980284429375,0.11034134891873,0.0,2309.9654840304206
0.576601905581805,0.02094303341001265,0.03481117397718125,0.10928511775609,0.0,2312.207626843727
0.5788710391234351,0.021016052484081806,0.034932545110068755,0.10824741617314,0.0,2314.4119310060105
0.5811401726650649,0.021089071558150957,0.03505391624295625,0.10722743244281,0.0,2316.578377686149
0.583409306206695,0.021162090632220108,0.035175287375843745,0.1062260793169,0.0,2318.709576608774
0.585678439748325,0.02123510970628926,0.035296658508731246,0.10524049383741,0.0,2320.8072496936743
0.587947573289955,0.021308128780358416,0.03541802964161875,0.10427209935895,0.0,2322.8726402060383
0.5902167068315849,0.02138114785442757,0.03553940077450625,0.10331887032143,0.0,2324.9059370001246
0.592485840373215,0.021454166928496724,0.03566077190739375,0.10237925650686,0.0,2326.8977955042474
0.594754973914845,0.021527186002565882,0.03578214304028125,0.10146096485528,0.0,2328.8438212937713
0.597024107456475,0.021600205076635032,0.03590351417316875,0.1005446524637,0.0,2330.694548439931
0.599293240998105,0.021673224150704187,0.03602488530605625,0.099638377742047,0.0,2332.5947026366666
0.6015623745397349,0.021746243224773337,0.036146256438943744,0.098741686502846,0.0,2334.5229777081754
0.603831508081365,0.02181926229884249,0.036267627571831246,0.09785405817406899,0.0,2336.449137248679
0.606100641622995,0.021892281372911646,0.03638899870471875,0.096983542462542,0.0,2338.3528293353547
0.608369775164625,0.0219653004469808,0.03651036983760625,0.09612395872045801,0.0,2340.2198316257955
0.6106389087062549,0.022038319521049957,0.03663174097049375,0.095285425837699,0.0,2342.0478347154394
0.612908042247885,0.02211133859511911,0.03675311210338125,0.094455796573635,0.0,2343.8327086629915
0.615177175789515,0.022184357669188266,0.036874483236268754,0.093650578309041,0.0,2345.5790304309076
0.617446309331145,0.022257376743257416,0.03699585436915625,0.092849053492581,0.0,2347.28250714
0.6197154428727749,0.02233039581732657,0.03711722550204375,0.09207672310152,0.0,2348.951612445767
0.621984576414405,0.02240341489139572,0.037238596634931245,0.091299498410949,0.0,2350.578892933622
0.624253709956035,0.022476433965464875,0.03735996776781875,0.090560032627522,0.0,2352.1756836140535
0.6265228434976651,0.022549453039534033,0.03748133890070625,0.089803490069349,0.0,2353.7215443881555
0.628791977039295,0.022622472113603187,0.03760271003359375,0.089103291011599,0.0,2355.2150454378357
0.631061110580925,0.02269549118767234,0.03772408116648125,0.088376942572204,0.0,2356.5705025219604
0.633330244122555,0.022768510261741495,0.037845452299368754,0.087765790644661,0.0,2357.6582778694087
0.6355993776641851,0.02284152933581065,0.037966823432256255,0.08717428334869899,0.0,2357.9479939826706
0.184041802879815,0.008992270362211511,0.013813967987643751,2.0629593007943,0.0,1223.1855125371087
0.186310936421445,0.009071277497747696,0.013935339120531251,1.9775636857072,0.0,1251.2636084120852
0.188580069963075,0.009150284633283882,0.014056710253418751,1.8931404867213,0.0,1278.1864429712884
0.190849203504705,0.009229291768820069,0.014178081386306251,1.8136667554724,0.0,1302.960699643559
0.193118337046335,0.009308298904356254,0.014299452519193751,1.7415625219642001,0.0,1325.9739956303358
0.19538747058796502,0.00938730603989244,0.014420823652081251,1.6767822821479,0.0,1347.1517665718345
0.19765660412959501,0.009466313175428625,0.014542194784968751,1.6185800957221,0.0,1366.579642247548
0.199925737671225,0.00954532031096481,0.014663565917856251,1.5650387591373,0.0,1384.0956604228534
0.202194871212855,0.009624327446500996,0.014784937050743751,1.5166526997728,0.0013322884968349,1399.7584624074127
0.204464004754485,0.009703334582037183,0.014906308183631251,1.4697510054901999,0.0013106812464409,1415.9490745978758
0.206733138296115,0.009782341717573369,0.01502767931651875,1.426659520249,0.0,1431.4957542999357
0.209002271837745,0.009861348853109554,0.01514905044940625,1.3861840116987,0.0012690143402816,1445.7057793887293
0.211271405379375,0.00994035598864574,0.01527042158229375,1.3477013735785,0.0,1460.1629157724233
0.213540538921005,0.010019363124181925,0.01539179271518125,1.3109161736075998,0.0,1473.749458850853
0.215809672462635,0.01009837025971811,0.01551316384806875,1.2762436928735998,0.0012101430261148,1485.9802809219934
0.218078806004265,0.010177377395254298,0.015634534980956252,1.2428045360288,0.0,1498.2380155835172
0.220347939545895,0.010256384530790483,0.01575590611384375,1.2105221921152,0.0,1509.764194477376
0.22261707308752499,0.010335391666326667,0.01587727724673125,1.1796461344997,0.0,1521.0549156948314
0.224886206629155,0.010414398801862854,0.01599864837961875,1.1501742985688002,0.0,1532.2259141910727
0.227155340170785,0.010493405937399041,0.016120019512506252,1.1215366213551001,0.0,1542.792377684184
0.229424473712415,0.010572413072935225,0.01624139064539375,1.0940376016351,0.0,1553.1390753580056
0.231693607254045,0.01065142020847141,0.01636276177828125,1.0673764006514,0.0,1563.6200253745678
0.233962740795675,0.010730427344007597,0.01648413291116875,1.0417611421909,0.0,1574.2602626892558
0.236231874337305,0.010809434479543785,0.016605504044056252,1.0169187750569,0.0,1584.410082759657
0.238501007878935,0.010888441615079968,0.01672687517694375,0.99300786188479,0.0,1594.6485572276906
0.240770141420565,0.010967448750616155,0.01684824630983125,0.96983990993941,0.0,1604.7251705749434
0.24303927496219502,0.01104645588615234,0.01696961744271875,0.9474058213616999,0.0,1614.8913542264665
0.24530840850382502,0.011125463021688526,0.01709098857560625,0.92574233633908,0.0,1624.9569725313943
0.247577542045455,0.011204470157224712,0.01721235970849375,0.90475130945599,0.0,1634.8221508070471
0.249846675587085,0.011283477292760897,0.01733373084138125,0.8845375188853201,0.0,1644.4219597959482
0.252115809128715,0.011362484428297083,0.01745510197426875,0.8648228136733701,0.0,1653.741596080962
0.254384942670345,0.01144149156383327,0.01757647310715625,0.84576877835611,0.0,1663.0819238788959
0.256654076211975,0.011520498699369454,0.01769784424004375,0.82733995566202,0.0,1672.261746737535
0.258923209753605,0.01159950583490564,0.01781921537293125,0.80957597546546,0.0,1681.188386660375
0.261192343295235,0.011678512970441826,0.01794058650581875,0.79235777668081,0.0,1689.8400824431226
0.263461476836865,0.011757520105978012,0.01806195763870625,0.77567990015859,0.0,1698.229374794614
0.265730610378495,0.011836527241514197,0.01818332877159375,0.7595624772059401,0.0,1706.4784658511617
0.267999743920125,0.011915534377050384,0.01830469990448125,0.74390226840316,0.0,1714.5690132823647
0.270268877461755,0.011994541512586568,0.01842607103736875,0.72871282610025,0.0,1722.477120035069
0.272538011003385,0.012073548648122755,0.01854744217025625,0.71397089630398,0.0,1730.204261967651
0.274807144545015,0.012152555783658942,0.018668813303143753,0.69972500494225,0.0,1737.7765460053863
0.277076278086645,0.012231562919195126,0.01879018443603125,0.68597608385433,0.0,1745.1926906668543
0.279345411628275,0.012310570054731311,0.01891155556891875,0.67270984376183,0.0,1752.4487281676545
0.28161454516990503,0.012389577190267499,0.01903292670180625,0.6598072453331,0.0,1759.5229461572458
0.28388367871153497,0.012468584325803686,0.019154297834693752,0.64725828665796,0.0,1766.449352382692
0.286152812253165,0.01254759146133987,0.01927566896758125,0.63495476533821,0.0,1773.270105278852
0.288421945794795,0.012626598596876055,0.01939704010046875,0.62292754445494,0.0,1780.0842891799946
0.290691079336425,0.01270560573241224,0.01951841123335625,0.6111158833671,0.0,1786.856135713825
0.292960212878055,0.012784612867948427,0.019639782366243752,0.5996054366344901,0.0,1793.5849953351428
0.295229346419685,0.012863620003484613,0.01976115349913125,0.5884003682026101,0.0,1800.2767220751095
0.297498479961315,0.012942627139020797,0.01988252463201875,0.57749223231114,0.0,1806.914107206794
0.299767613502945,0.013021634274556984,0.02000389576490625,0.5668951917916899,0.0,1813.4924014936612
0.302036747044575,0.013100641410093171,0.020125266897793752,0.5565791844448,0.0,1820.022480393378
0.304305880586205,0.013179648545629355,0.02024663803068125,0.54651120076915,0.0,1826.5218116870249
0.306575014127835,0.013258655681165542,0.02036800916356875,0.53665791140858,0.0,1833.0055213391597
0.308844147669465,0.013337662816701727,0.02048938029645625,0.52700433430289,0.0,1839.4762995998967
0.311113281211095,0.013416669952237914,0.02061075142934375,0.51754375523078,0.0,1845.9291331336442
0.313382414752725,0.013495677087774098,0.02073212256223125,0.50827440198563,0.0,1852.3566189094208
0.315651548294355,0.013574684223310284,0.020853493695118748,0.49917942461636,0.0,1858.7480953544693
0.317920681835985,0.013653691358846469,0.02097486482800625,0.49027507122574,0.0,1865.1062156481103
0.320189815377615,0.013732698494382656,0.02109623596089375,0.48156547963081997,0.0,1871.428647135437
0.322458948919245,0.013811705629918842,0.02121760709378125,0.4730532771331,0.0,1877.704668077619
0.32472808246087503,0.013890712765455029,0.02133897822666875,0.46474266890718996,0.0,1883.9267993915903
0.326997216002505,0.013969719900991212,0.02146034935955625,0.45662840518358,0.0,1890.09191148614
0.32926634954413503,0.0140487270365274,0.02158172049244375,0.44870682651147004,0.0,1896.1954522759982
0.33153548308576497,0.014127734172063587,0.021703091625331253,0.44097851562298995,0.0,1902.2318456069447
0.333804616627395,0.01420674130759977,0.02182446275821875,0.43344568111057996,0.0,1908.1935094401902
0.33607375016902497,0.014285748443135956,0.02194583389110625,0.42610830340583,0.0,1914.0695200561847
0.338342883710655,0.014364755578672141,0.02206720502399375,0.41897158088685,0.0,1919.8504551017134
0.34061201725228496,0.014443762714208327,0.02218857615688125,0.41203375395486996,0.0,1925.531622438634
0.342881150793915,0.014522769849744512,0.022309947289768747,0.40529149136359,0.0,1931.112883591749
0.34515028433554495,0.014601776985280698,0.02243131842265625,0.39873840781173,0.0,1936.601028576353
0.347419417877175,0.014680784120816885,0.02255268955554375,0.39236317315418,0.0,1942.0096736289458
0.349688551418805,0.014759791256353072,0.022674060688431252,0.38615063939769,0.0,1947.3582423785606
0.351957684960435,0.014838798391889256,0.02279543182131875,0.38008292664423005,0.0,1952.6707922756138
0.354226818502065,0.014917805527425441,0.02291680295420625,0.37413690131545,0.0,1957.9709930029023
0.356495952043695,0.014996812662961628,0.02303817408709375,0.36829215878959,0.0,1963.2784698322794
0.358765085585325,0.015075819798497815,0.023159545219981252,0.36253176170942003,0.0,1968.6025202813898
0.361034219126955,0.015154826934034,0.02328091635286875,0.35684520179671003,0.0,1973.9374888450513
0.363303352668585,0.015233834069570185,0.02340228748575625,0.35123519593353,0.0,1979.265159311469
0.365572486210215,0.01531284120510637,0.02352365861864375,0.34571255485765,0.0,1984.5613308681272
0.367841619751845,0.015391848340642557,0.023645029751531252,0.34029247865279,0.0,1989.802356939267
0.370110753293475,0.015470855476178743,0.02376640088441875,0.33498866233745,0.0,1994.9713256008274
0.372379886835105,0.015549862611714926,0.02388777201730625,0.32981079731519003,0.0,2000.0631867835732
0.374649020376735,0.015628869747251115,0.02400914315019375,0.32475874523425996,0.0,2005.0830119505706
0.37691815391836503,0.0157078768827873,0.02413051428308125,0.31982758627839003,0.0,2010.0418678708693
0.37918728745999497,0.015786884018323486,0.02425188541596875,0.3150085760238,0.0,2014.9537075148128
0.381456421001625,0.015865891153859668,0.024373256548856248,0.31029119345887,0.0,2019.8312621979253
0.38372555454325497,0.015944898289395857,0.02449462768174375,0.30566718555493,0.0,2024.6845159884797
0.385994688084885,0.016023905424932042,0.02461599881463125,0.3011299566898,0.0,2029.52127842051
0.38826382162651496,0.016102912560468228,0.02473736994751875,0.29667406165594995,0.0,2034.3471219619703
0.390532955168145,0.016181919696004413,0.024858741080406248,0.29229242223596,0.0,2039.163304286408
0.392802088709775,0.0162609268315406,0.02498011221329375,0.28798411453091,0.0,2043.9691182773174
0.395071222251405,0.016339933967076788,0.02510148334618125,0.28374751758724004,0.0,2048.76279635842
0.39734035579303495,0.01641894110261297,0.02522285447906875,0.279582430375,0.0,2053.5393997870137
0.399609489334665,0.016497948238149155,0.025344225611956248,0.2754899894354,0.0,2058.29186388718
0.40187862287629494,0.016576955373685344,0.02546559674484375,0.27147184244212,0.0,2063.0119591818484
0.404147756417925,0.01665596250922153,0.02558696787773125,0.26753097735054,0.0,2067.691870015326
0.406416889959555,0.016734969644757715,0.02570833901061875,0.26366830804012,0.0,2072.3239763091656
0.408686023501185,0.016813976780293897,0.025829710143506247,0.2598860463871,0.0,2076.9012470339376
0.41095515704281493,0.016892983915830086,0.02595108127639375,0.25618413356044,0.0,2081.4177564685574
0.413224290584445,0.01697199105136627,0.02607245240928125,0.25256325394626,0.0,2085.868970222365
0.41549342412607493,0.017050998186902457,0.02619382354216875,0.24902303996908,0.0,2090.2532137453004
0.417762557667705,0.017130005322438642,0.026315194675056247,0.24556152748632998,0.0,2094.5705682858343
0.420031691209335,0.017209012457974827,0.02643656580794375,0.24217764297165,0.0,2098.8232976951226
0.422300824750965,0.017288019593511016,0.02655793694083125,0.23886860345295,0.0,2103.015518767322
0.424569958292595,0.0173670267290472,0.02667930807371875,0.23563058458535,0.0,2107.150342467156
0.42683909183422497,0.017446033864583384,0.026800679206606247,0.23246324031108,0.0,2111.2319917572477
0.42910822537585497,0.01752504100011957,0.02692205033949375,0.22936149883513002,0.0,2115.2641729684583
0.43137735891748497,0.017604048135655758,0.02704342147238125,0.22632386941955,0.0,2119.2495689748407
0.43364649245911496,0.017683055271191944,0.027164792605268752,0.22334778441155,0.0,2123.1932369780266
0.43591562600074496,0.01776206240672813,0.02728616373815625,0.22042882787047,0.0,2127.098601723022
0.438184759542375,0.017841069542264314,0.02740753487104375,0.21756743942867998,0.0,2130.969895723491
0.440453893084005,0.0179200766778005,0.02752890600393125,0.21475853498899,0.0,2134.8114989047276
0.442723026625635,0.01799908381333669,0.02765027713681875,0.21199835596937,0.0,2138.622584527691
0.444992160167265,0.01807809094887287,0.02777164826970625,0.20927601737163,0.0,2142.4028399313142
0.447261293708895,0.018157098084409056,0.027893019402593748,0.20660195181306001,0.0,2146.1734450523245
0.449530427250525,0.018236105219945245,0.02801439053548125,0.20396859159174,0.0,2149.9322429727517
0.451799560792155,0.01831511235548143,0.02813576166836875,0.20137792859284,0.0,2153.665095106152
0.454068694333785,0.018394119491017616,0.028257132801256253,0.1988322450436,0.0,2157.3616927886214
0.456337827875415,0.0184731266265538,0.02837850393414375,0.19633376728826,0.0,2161.0145881059093
0.458606961417045,0.018552133762089987,0.02849987506703125,0.19388312451717998,0.0,2164.617478690859
0.460876094958675,0.018631140897626172,0.02862124619991875,0.19148188640366,0.0,2168.1662484587323
0.463145228500305,0.01871014803316236,0.028742617332806253,0.18912949474093002,0.0,2171.6595898560267
0.46541436204193504,0.018789155168698543,0.02886398846569375,0.18682509773067002,0.0,2175.097824257142
0.467683495583565,0.01886816230423473,0.02898535959858125,0.18456729418365,0.0,2178.482123965736
0.469952629125195,0.018947169439770917,0.02910673073146875,0.18235533897028,0.0,2181.814369483125
0.472221762666825,0.0190261765753071,0.02922810186435625,0.18018792520493002,0.0,2185.097022346475
0.47449089620845497,0.019105183710843285,0.029349472997243747,0.17806412441671,0.0,2188.3331791601277
0.47676002975008497,0.019184190846379474,0.02947084413013125,0.17598242387847,0.0,2191.527186981847
0.47902916329171497,0.019263197981915656,0.029592215263018747,0.17394112337203002,0.0,2194.684827628225
0.48129829683334496,0.019342205117451845,0.02971358639590625,0.17193779675518,0.0,2197.8132079403317
0.48356743037497496,0.01942121225298803,0.02983495752879375,0.16996922998891,0.0,2200.919689525603
0.48583656391660496,0.019500219388524215,0.02995632866168125,0.16803293424187002,0.0,2204.0132466591103
0.48810569745823496,0.0195792265240604,0.03007769979456875,0.16612430899184,0.0,2207.1031995839053
0.490374830999865,0.019658233659596586,0.03019907092745625,0.16423927782775,0.0,2210.1972619680128
0.492643964541495,0.019737240795132772,0.03032044206034375,0.16237452273417,0.0,2213.3011882552087
0.494913098083125,0.019816247930668957,0.03044181319323125,0.16052752923034,0.0,2216.417491238713
0.497182231624755,0.019895255066205146,0.03056318432611875,0.15869700613813,0.0,2219.544698361557
0.499451365166385,0.019974262201741328,0.03068455545900625,0.15688329316157001,0.0,2222.678346810318
0.501720498708015,0.020053269337277517,0.03080592659189375,0.15508761571613,0.0,2225.812440293517
0.503989632249645,0.020132276472813702,0.03092729772478125,0.15331195017336,0.0,2228.9408282858326
0.5062587657912749,0.020211283608349888,0.03104866885766875,0.15155810146405999,0.0,2232.058178818153
0.508527899332905,0.020290290743886073,0.03117003999055625,0.14982762847846,0.0,2235.160274197975
0.510797032874535,0.020369297879422255,0.031291411123443746,0.14812134733351,0.0,2238.2435428523704
0.513066166416165,0.020448305014958444,0.03141278225633125,0.14644007759991,0.0,2241.3051721522984
0.5153352999577949,0.02052731215049463,0.03153415338921875,0.14478417071806,0.0,2244.343123648165
0.517604433499425,0.02060631928603082,0.03165552452210625,0.14315364978470002,0.0,2247.355262881333
0.519873567041055,0.020685326421567004,0.03177689565499375,0.14154880585512,0.0,2250.339450684858
0.5221427005826851,0.02076433355710319,0.031898266787881255,0.13996968332389,0.0,2253.293634463792
0.5244118341243149,0.020843340692639375,0.03201963792076875,0.13841653568443002,0.0,2256.215910148598
0.526680967665945,0.020922347828175557,0.032141009053656244,0.13688941333264,0.0,2259.1046583907096
0.528950101207575,0.021001354963711742,0.032262380186543746,0.13538831455646003,0.0,2261.9582795843335
0.531219234749205,0.021080362099247928,0.03238375131943125,0.13391356264755,0.0,2264.775706046268
0.5334883682908349,0.021159369234784117,0.03250512245231875,0.1324650039343,0.0,2267.55621447522
0.535757501832465,0.021238376370320302,0.03262649358520625,0.1310428426937,0.0,2270.299416898165
0.538026635374095,0.02131738350585649,0.03274786471809375,0.12964696644127,0.0,2273.0056494071273
0.540295768915725,0.021396390641392673,0.03286923585098125,0.12827697001965,0.0,2275.6755192043565
0.5425649024573549,0.02147539777692886,0.03299060698386875,0.12693241671587,0.0,2278.3100178533837
0.544834035998985,0.021554404912465047,0.03311197811675625,0.12561257646883,0.0,2280.910616247371
0.547103169540615,0.02163341204800123,0.033233349249643745,0.12431668757332,0.0,2283.47922704498
0.549372303082245,0.021712419183537415,0.03335472038253125,0.12304359637736,0.0,2286.017726352063
0.551641436623875,0.021791426319073604,0.03347609151541875,0.12179246506406,0.0,2288.527841079348
0.5539105701655049,0.02187043345460979,0.03359746264830625,0.12056228304005,0.0,2291.0112472083138
0.556179703707135,0.021949440590145974,0.03371883378119375,0.1193520294137,0.0,2293.4691453904143
0.558448837248765,0.022028447725682163,0.033840204914081254,0.11816098018083,0.0,2295.9026703558757
0.560717970790395,0.022107454861218345,0.03396157604696875,0.11698816675544,0.0,2298.3127461174226
0.5629871043320249,0.02218646199675453,0.03408294717985625,0.11583277209562001,0.0,2300.699626902607
0.565256237873655,0.022265469132290713,0.034204318312743745,0.11469445449571,0.0,2303.063217064757
0.567525371415285,0.0223444762678269,0.03432568944563125,0.11357261292865001,0.0,2305.4023643660166
0.569794504956915,0.022423483403363087,0.03444706057851875,0.11246743868284,0.0,2307.715127989677
0.572063638498545,0.022502490538899276,0.03456843171140625,0.11137904963177,0.0,2309.999535178604
0.574332772040175,0.02258149767443546,0.03468980284429375,0.11030749685978,0.0,2312.25318776037
0.576601905581805,0.022660504809971647,0.03481117397718125,0.10925337061637999,0.0,2314.474313092722
0.5788710391234351,0.022739511945507836,0.034932545110068755,0.10821665481661,0.0,2316.662055437718
0.5811401726650649,0.022818519081044018,0.03505391624295625,0.10719703656841,0.0,2318.8155774524903
0.583409306206695,0.0228975262165802,0.035175287375843745,0.10619546712597999,0.0,2320.9365186659884
0.585678439748325,0.022976533352116385,0.035296658508731246,0.10520931789048,0.0,2323.025081942821
0.587947573289955,0.023055540487652574,0.03541802964161875,0.10424094635758001,0.0,2325.0828463580483
0.5902167068315849,0.02313454762318876,0.03553940077450625,0.10328704207864,0.0,2327.1108125219503
0.592485840373215,0.02321355475872495,0.03566077190739375,0.10234827399534001,0.0,2329.106261962556
0.594754973914845,0.023292561894261134,0.03578214304028125,0.10142568465112,0.0,2331.0717566900767
0.597024107456475,0.023371569029797316,0.03590351417316875,0.10051373696294001,0.0,2333.005606185498
0.599293240998105,0.023450576165333505,0.03602488530605625,0.099611405335412,0.0,2334.921694797427
0.6015623745397349,0.023529583300869687,0.036146256438943744,0.098721422300644,0.0,2336.8275640586553
0.603831508081365,0.023608590436405872,0.036267627571831246,0.097839780100707,0.0,2338.718485709883
0.606100641622995,0.023687597571942057,0.03638899870471875,0.09697342642816799,0.0,2340.5888620663536
0.608369775164625,0.023766604707478246,0.03651036983760625,0.096115940029515,0.0,2342.430631328172
0.6106389087062549,0.023845611843014432,0.03663174097049375,0.095277809305899,0.0,2344.2421942528276
0.612908042247885,0.02392461897855062,0.03675311210338125,0.09444707384071,0.0,2346.0178184415104
0.615177175789515,0.024003626114086806,0.036874483236268754,0.093639898863426,0.0,2347.760308197982
0.617446309331145,0.024082633249622988,0.03699585436915625,0.092835623124029,0.0,2349.463750998255
0.6197154428727749,0.024161640385159177,0.03711722550204375,0.092060459811176,0.0,2351.1353112708143
0.621984576414405,0.02424064752069536,0.037238596634931245,0.091280157319947,0.0,2352.7662919772174
0.624253709956035,0.024319654656231544,0.03735996776781875,0.090538127653975,0.0,2354.367124102512
0.6265228434976651,0.024398661791767733,0.03748133890070625,0.089779112927917,0.0,2355.9167061962457
0.628791977039295,0.02447766892730392,0.03760271003359375,0.089077247415469,0.0,2357.413258673455
0.631061110580925,0.024556676062840104,0.03772408116648125,0.088349391350906,0.0,2358.7711537724094
0.633330244122555,0.024635683198376293,0.037845452299368754,0.087737616696674,0.0,2359.861339778144
0.6355993776641851,0.02471469033391248,0.037966823432256255,0.08714547299138299,0.0,2360.1544742904025
0.184041802879815,0.00962585103577424,0.013813967987643751,2.0585283539815,0.0,1223.4624358384776
0.186310936421445,0.009710424884958142,0.013935339120531251,1.9715516363892,0.0,1251.5115927185648
0.188580069963075,0.009794998734142045,0.014056710253418751,1.8867453395067,0.0,1278.256717875983
0.190849203504705,0.009879572583325946,0.014178081386306251,1.8082734169761001,0.0,1302.3155198478778
0.193118337046335,0.00996414643250985,0.014299452519193751,1.7377951217119,0.0,1325.1660363338442
0.19538747058796502,0.01004872028169375,0.014420823652081251,1.6747808628596,0.0,1346.196555897387
0.19765660412959501,0.010133294130877653,0.014542194784968751,1.6177719876675,0.0,1365.4666766942794
0.199925737671225,0.010217867980061555,0.014663565917856251,1.5653791624945,0.0013610547418409,1382.3388755728113
0.202194871212855,0.010302441829245456,0.014784937050743751,1.5165209730297,0.0,1399.2676357938753
0.204464004754485,0.010387015678429359,0.014906308183631251,1.4700339117232,0.0,1415.8137892879092
0.206733138296115,0.01047158952761326,0.01502767931651875,1.4267612032652,0.0,1431.513116482131
0.209002271837745,0.010556163376797163,0.01514905044940625,1.3859929981110999,0.0,1446.3000536581915
0.211271405379375,0.010640737225981065,0.01527042158229375,1.3474286013284,0.0,1460.667598765238
0.213540538921005,0.010725311075164968,0.01539179271518125,1.3105676529259,0.0,1474.376745157449
0.215809672462635,0.010809884924348869,0.01551316384806875,1.2758561503419001,0.0,1487.2812600477478
0.218078806004265,0.010894458773532774,0.015634534980956252,1.2422789064771,0.0,1499.7240710140352
0.220347939545895,0.010979032622716673,0.01575590611384375,1.2102702029854,0.0011788766017069,1511.1198594450832
0.22261707308752499,0.011063606471900574,0.01587727724673125,1.179395709585,0.0,1523.1652049656407
0.224886206629155,0.011148180321084477,0.01599864837961875,1.1497865997176,0.0,1534.6963901342551
0.227155340170785,0.01123275417026838,0.016120019512506252,1.1212133838384,0.0,1545.758167592235
0.229424473712415,0.011317328019452282,0.01624139064539375,1.093832847998,0.0,1556.4763544319048
0.231693607254045,0.011401901868636183,0.01636276177828125,1.0672755470606998,0.0010930551065799,1566.5209406794597
0.233962740795675,0.011486475717820086,0.01648413291116875,1.0416282641223,0.0,1577.5805398690372
0.236231874337305,0.011571049567003989,0.016605504044056252,1.0166891858309999,0.0,1588.1475587542482
0.238501007878935,0.01165562341618789,0.01672687517694375,0.99282235806404,0.0,1598.4892301576895
0.240770141420565,0.011740197265371793,0.01684824630983125,0.96965461568932,0.0,1608.6545804658178
0.24303927496219502,0.011824771114555694,0.01696961744271875,0.94723912211355,0.0,1618.7280992390465
0.24530840850382502,0.011909344963739597,0.01709098857560625,0.92558225234273,0.0,1628.6996284889838
0.247577542045455,0.011993918812923499,0.01721235970849375,0.9046149269375301,0.0,1638.5303417939247
0.249846675587085,0.012078492662107402,0.01733373084138125,0.88436450719441,0.0,1648.1888116260775
0.252115809128715,0.012163066511291303,0.01745510197426875,0.86466690661458,0.0,1657.6660069482057
0.254384942670345,0.012247640360475206,0.01757647310715625,0.84561255189314,0.0,1667.0194864655355
0.256654076211975,0.012332214209659107,0.01769784424004375,0.82718326446142,0.0,1676.2207596220915
0.258923209753605,0.01241678805884301,0.01781921537293125,0.80937471486842,0.0,1685.2265286786142
0.261192343295235,0.012501361908026911,0.01794058650581875,0.7921367483003,0.0,1694.0151798863055
0.263461476836865,0.012585935757210814,0.01806195763870625,0.77544373068692,0.0,1702.5832556331916
0.265730610378495,0.012670509606394716,0.01818332877159375,0.7592953368239,0.0,1710.964177092651
0.267999743920125,0.012755083455578619,0.01830469990448125,0.74362769412568,0.0,1719.164724373633
0.270268877461755,0.01283965730476252,0.01842607103736875,0.72843876662808,0.0,1727.1788249212825
0.272538011003385,0.012924231153946423,0.01854744217025625,0.71371824190278,0.0,1735.0078430005835
0.274807144545015,0.013008805003130326,0.018668813303143753,0.69948419207755,0.0,1742.659794058171
0.277076278086645,0.013093378852314227,0.01879018443603125,0.68572411936499,0.0,1750.1395802425372
0.279345411628275,0.013177952701498128,0.01891155556891875,0.67243111397651,0.0,1757.4609364245298
0.28161454516990503,0.013262526550682031,0.01903292670180625,0.65952194692692,0.0,1764.635468740269
0.28388367871153497,0.013347100399865934,0.019154297834693752,0.6469737903627599,0.0,1771.68727162735
0.286152812253165,0.013431674249049836,0.01927566896758125,0.6347070223004999,0.0,1778.6445525523643
0.288421945794795,0.013516248098233737,0.01939704010046875,0.62272257491129,0.0,1785.5410125440444
0.290691079336425,0.01360082194741764,0.01951841123335625,0.61098279091601,0.0,1792.3799768201845
0.292960212878055,0.013685395796601543,0.019639782366243752,0.59951597410055,0.0,1799.1547387188466
0.295229346419685,0.013769969645785444,0.01976115349913125,0.5883350563502999,0.0,1805.8652181295665
0.297498479961315,0.013854543494969345,0.01988252463201875,0.57743957346032,0.0,1812.509012524658
0.299767613502945,0.013939117344153248,0.02000389576490625,0.56683434141794,0.0,1819.0892110948269
0.302036747044575,0.014023691193337151,0.020125266897793752,0.55650365136555,0.0,1825.6182868061962
0.304305880586205,0.014108265042521053,0.02024663803068125,0.54642313685046,0.0,1832.111470074504
0.306575014127835,0.014192838891704956,0.02036800916356875,0.53656739389217,0.0,1838.5807778477842
0.308844147669465,0.014277412740888857,0.02048938029645625,0.52691803235182,0.0,1845.0308256830854
0.311113281211095,0.01436198659007276,0.02061075142934375,0.5174646975527399,0.0,1851.4603609434807
0.313382414752725,0.014446560439256661,0.02073212256223125,0.50820124049415,0.0,1857.865133611063
0.315651548294355,0.014531134288440562,0.020853493695118748,0.49912054169907,0.0,1864.2383582744021
0.317920681835985,0.014615708137624465,0.02097486482800625,0.49022744929082,0.0,1870.5746005623218
0.320189815377615,0.014700281986808368,0.02109623596089375,0.48152627453863,0.0,1876.8682972116972
0.322458948919245,0.01478485583599227,0.02121760709378125,0.47301785922242,0.0,1883.111591539656
0.32472808246087503,0.014869429685176173,0.02133897822666875,0.46470512078331,0.0,1889.29745846755
0.326997216002505,0.014954003534360074,0.02146034935955625,0.45658699400348,0.0,1895.4214176995124
0.32926634954413503,0.015038577383543977,0.02158172049244375,0.44866203317082,0.0,1901.4791409803884
0.33153548308576497,0.01512315123272788,0.021703091625331253,0.44093009944318995,0.0,1907.4654211512636
0.333804616627395,0.015207725081911781,0.02182446275821875,0.43339183340952997,0.0,1913.3736148415776
0.33607375016902497,0.015292298931095683,0.02194583389110625,0.42604717660473995,0.0,1919.1953720160386
0.338342883710655,0.015376872780279585,0.02206720502399375,0.41889887877282,0.0,1924.923593298543
0.34061201725228496,0.015461446629463487,0.02218857615688125,0.41194621854268004,0.0,1930.5548466972384
0.342881150793915,0.015546020478647386,0.022309947289768747,0.40518636427475,0.0,1936.0895694100611
0.34515028433554495,0.01563059432783129,0.02243131842265625,0.39861382209047,0.0,1941.5334894996408
0.347419417877175,0.015715168177015192,0.02255268955554375,0.39221939636847,0.0,1946.8981677462564
0.349688551418805,0.015799742026199097,0.022674060688431252,0.38598988410225,0.0,1952.2002266190561
0.351957684960435,0.015884315875383,0.02279543182131875,0.37990934824853,0.0,1957.4599814922515
0.354226818502065,0.0159688897245669,0.02291680295420625,0.37395842750097996,0.0,1962.6981233878762
0.356495952043695,0.0160534635737508,0.02303817408709375,0.36811893034306,0.0,1967.932255518691
0.358765085585325,0.016138037422934706,0.023159545219981252,0.36237491699508,0.0,1973.1734310151555
0.361034219126955,0.016222611272118607,0.02328091635286875,0.35671542613831,0.0,1978.4215366715757
0.363303352668585,0.016307185121302508,0.02340228748575625,0.35113801227123,0.0,1983.6659623445805
0.365572486210215,0.01639175897048641,0.02352365861864375,0.34564748574505,0.0,1988.8895071302027
0.367841619751845,0.016476332819670314,0.023645029751531252,0.34025322480467995,0.0,1994.0733557143817
0.370110753293475,0.016560906668854215,0.02376640088441875,0.3349652991616,0.0,1999.2018650648051
0.372379886835105,0.016645480518038117,0.02388777201730625,0.32979207057600995,0.0,2004.2669699509952
0.374649020376735,0.016730054367222018,0.02400914315019375,0.32473607056435,0.0,2009.268263277652
0.37691815391836503,0.016814628216405923,0.02413051428308125,0.31979551143941,0.0,2014.210932404132
0.37918728745999497,0.016899202065589824,0.02425188541596875,0.31496500314306997,0.0,2019.10357847878
0.381456421001625,0.016983775914773725,0.024373256548856248,0.31023752596302,0.0,2023.955814137031
0.38372555454325497,0.017068349763957626,0.02449462768174375,0.30560576167277004,0.0,2028.77647722081
0.385994688084885,0.01715292361314153,0.02461599881463125,0.30106346158911,0.0,2033.5729819869002
0.38826382162651496,0.017237497462325432,0.02473736994751875,0.29660492958572,0.0,2038.3510377604148
0.390532955168145,0.017322071311509334,0.024858741080406248,0.2922247366105,0.0,2043.113662734455
0.392802088709775,0.017406645160693235,0.02498011221329375,0.28792008819732,0.0,2047.8617543681232
0.395071222251405,0.01749121900987714,0.02510148334618125,0.28368870450206,0.0,2052.594379539129
0.39734035579303495,0.01757579285906104,0.02522285447906875,0.27952965870889,0.0,2057.3083376672857
0.399609489334665,0.017660366708244942,0.025344225611956248,0.27544304857331997,0.0,2061.9986624657054
0.40187862287629494,0.017744940557428843,0.02546559674484375,0.27142978415069,0.0,2066.6590740364077
0.404147756417925,0.017829514406612748,0.02558696787773125,0.26749166165322,0.0,2071.282879101887
0.406416889959555,0.01791408825579665,0.02570833901061875,0.26362980648025,0.0,2075.8631380343227
0.408686023501185,0.01799866210498055,0.025829710143506247,0.25984592031951004,0.0,2080.3931668952273
0.41095515704281493,0.018083235954164452,0.02595108127639375,0.2561405691315,0.0,2084.8670069589944
0.413224290584445,0.018167809803348357,0.02607245240928125,0.25251442246125,0.0,2089.279756970934
0.41549342412607493,0.018252383652532258,0.02619382354216875,0.24896762964277003,0.0,2093.6286030661254
0.417762557667705,0.01833695750171616,0.026315194675056247,0.24549907262127,0.0,2097.9124123655174
0.420031691209335,0.01842153135090006,0.02643656580794375,0.24210769610073998,0.0,2102.1317353395098
0.422300824750965,0.018506105200083965,0.02655793694083125,0.23879166425120998,0.0,2106.2889108984045
0.424569958292595,0.018590679049267866,0.02667930807371875,0.23554806373297002,0.0,2110.386580160028
0.42683909183422497,0.018675252898451768,0.026800679206606247,0.23237566588866002,0.0,2114.428424215454
0.42910822537585497,0.01875982674763567,0.02692205033949375,0.22927061737614,0.0,2118.4182171790812
0.43137735891748497,0.018844400596819574,0.02704342147238125,0.22623124120565,0.0,2122.3597058406276
0.43364649245911496,0.018928974446003475,0.027164792605268752,0.22325419649907,0.0,2126.2574072343987
0.43591562600074496,0.019013548295187376,0.02728616373815625,0.22033694861359998,0.0,2130.1156494060588
0.438184759542375,0.019098122144371277,0.02740753487104375,0.21747613676881,0.0,2133.9384654045443
0.440453893084005,0.019182695993555182,0.02752890600393125,0.21466997847861,0.0,2137.7307255769574
0.442723026625635,0.019267269842739083,0.02765027713681875,0.21191306692682,0.0,2141.495848422158
0.444992160167265,0.019351843691922985,0.02777164826970625,0.20920138593731,0.0,2145.2358820993186
0.447261293708895,0.019436417541106886,0.027893019402593748,0.20653502754206998,0.0,2148.9550386639303
0.449530427250525,0.01952099139029079,0.02801439053548125,0.20391120346,0.0,2152.652825789704
0.451799560792155,0.019605565239474692,0.02813576166836875,0.20132991513029,0.0,2156.324188695872
0.454068694333785,0.019690139088658597,0.028257132801256253,0.19879213888949,0.0,2159.963153598229
0.456337827875415,0.019774712937842498,0.02837850393414375,0.19629925554548,0.0,2163.5638465951124
0.458606961417045,0.0198592867870264,0.02849987506703125,0.19385215675846001,0.0,2167.120909158154
0.460876094958675,0.0199438606362103,0.02862124619991875,0.19145192938074002,0.0,2170.630388094576
0.463145228500305,0.020028434485394205,0.028742617332806253,0.18909875750906,0.0,2174.0902750389896
0.46541436204193504,0.020113008334578106,0.02886398846569375,0.18679222873929,0.0,2177.499891687257
0.467683495583565,0.020197582183762008,0.02898535959858125,0.18453152523316,0.0,2180.8594002783425
0.469952629125195,0.02028215603294591,0.02910673073146875,0.18231588425328,0.0,2184.1697422715183
0.472221762666825,0.02036672988212981,0.02922810186435625,0.18014423771879,0.0,2187.432564802634
0.47449089620845497,0.02045130373131371,0.029349472997243747,0.17801564005513001,0.0,2190.6503778349356
0.47676002975008497,0.020535877580497616,0.02947084413013125,0.17592868357798,0.0,2193.82673581907
0.47902916329171497,0.020620451429681514,0.029592215263018747,0.17388196771142,0.0,2196.96644551903
0.48129829683334496,0.02070502527886542,0.02971358639590625,0.17187347376568002,0.0,2200.0755866760546
0.48356743037497496,0.020789599128049324,0.02983495752879375,0.16990065948035998,0.0,2203.1608562010274
0.48583656391660496,0.020874172977233225,0.02995632866168125,0.16796096812822,0.0,2206.22970546582
0.48810569745823496,0.020958746826417126,0.03007769979456875,0.166051065926,0.0,2209.2901405647185
0.490374830999865,0.021043320675601027,0.03019907092745625,0.164167470358,0.0,2212.349450286357
0.492643964541495,0.021127894524784932,0.03032044206034375,0.16230704546861002,0.0,2215.413381147091
0.494913098083125,0.02121246837396883,0.03044181319323125,0.16046711314783998,0.0,2218.485408154944
0.497182231624755,0.021297042223152735,0.03056318432611875,0.15864584827759,0.0,2221.5662109670243
0.499451365166385,0.021381616072336636,0.03068455545900625,0.15684251296802,0.0,2224.6539750705383
0.501720498708015,0.02146618992152054,0.03080592659189375,0.15505732183019,0.0,2227.7451767798875
0.503989632249645,0.02155076377070444,0.03092729772478125,0.1532911658124,0.0,2230.835434074238
0.5062587657912749,0.021635337619888343,0.03104866885766875,0.1515451900567,0.0,2233.9201525014437
0.508527899332905,0.021719911469072248,0.03117003999055625,0.14982064049449,0.0,2236.995014234823
0.510797032874535,0.021804485318256146,0.031291411123443746,0.14811848188288002,0.0,2240.055997635095
0.513066166416165,0.021889059167440047,0.03141278225633125,0.14643959788740002,0.0,2243.099683158941
0.5153352999577949,0.02197363301662395,0.03153415338921875,0.14478460431274998,0.0,2246.123141114256
0.517604433499425,0.022058206865807856,0.03165552452210625,0.14315389272875,0.0,2249.1236207206284
0.519873567041055,0.022142780714991758,0.03177689565499375,0.14154786633526,0.0,2252.0985259336594
0.5221427005826851,0.022227354564175662,0.031898266787881255,0.13996675177616,0.0,2255.0453590534826
0.5244118341243149,0.02231192841335956,0.03201963792076875,0.13841084753667,0.0,2257.9617304786525
0.526680967665945,0.022396502262543458,0.032141009053656244,0.13688033856428,0.0,2260.8454501069405
0.528950101207575,0.022481076111727363,0.032262380186543746,0.13537539751571,0.0,2263.694486219533
0.531219234749205,0.022565649960911264,0.03238375131943125,0.13389630691324,0.0,2266.507248528465
0.5334883682908349,0.02265022381009517,0.03250512245231875,0.13244317688163001,0.0,2269.282606829213
0.535757501832465,0.022734797659279073,0.03262649358520625,0.13101616981615,0.0,2272.0198810645343
0.538026635374095,0.022819371508462975,0.03274786471809375,0.12961526737959,0.0,2274.7189146824307
0.540295768915725,0.022903945357646872,0.03286923585098125,0.1282403064984,0.0,2277.37995852823
0.5425649024573549,0.022988519206830777,0.03299060698386875,0.12689094317603,0.0,2280.0036467178775
0.544834035998985,0.023073093056014682,0.03311197811675625,0.12556667311335,0.0,2282.5909825515914
0.547103169540615,0.02315766690519858,0.033233349249643745,0.12426690600807999,0.0,2285.1434253335374
0.549372303082245,0.02324224075438248,0.03335472038253125,0.12299076268114,0.0,2287.662628638106
0.551641436623875,0.023326814603566386,0.03347609151541875,0.12173742110283,0.0,2290.1502836558284
0.5539105701655049,0.023411388452750287,0.03359746264830625,0.12050595138436,0.0,2292.608130225506
0.556179703707135,0.02349596230193419,0.03371883378119375,0.11929534607238,0.0,2295.037670408891
0.558448837248765,0.023580536151118096,0.033840204914081254,0.11810475402535,0.0,2297.4402755933047
0.560717970790395,0.023665110000301994,0.03396157604696875,0.11693324561661,0.0,2299.817158156323
0.5629871043320249,0.023749683849485895,0.03408294717985625,0.11577993910427001,0.0,2302.1690117270277
0.565256237873655,0.023834257698669797,0.034204318312743745,0.11464435058567,0.0,2304.496291435231
0.567525371415285,0.023918831547853698,0.03432568944563125,0.11352572701336999,0.0,2306.7988745622933
0.569794504956915,0.024003405397037603,0.03444706057851875,0.11242394621583,0.0,2309.0759828127907
0.572063638498545,0.024087979246221504,0.03456843171140625,0.11133880517294001,0.0,2311.3266316245667
0.574332772040175,0.02417255309540541,0.03468980284429375,0.11027019121781001,0.0,2313.549320882877
0.576601905581805,0.024257126944589313,0.03481117397718125,0.10921840064253001,0.0,2315.7428504846316
0.5788710391234351,0.024341700793773215,0.034932545110068755,0.10818331561341,0.0,2317.906389175188
0.5811401726650649,0.024426274642957112,0.03505391624295625,0.10716478275322,0.0,2320.0390204329506
0.583409306206695,0.024510848492141014,0.035175287375843745,0.10616346483507,0.0,2322.1415559895377
0.585678439748325,0.024595422341324915,0.035296658508731246,0.1051775792677,0.0,2324.2138418238646
0.587947573289955,0.02467999619050882,0.03541802964161875,0.10420881096929001,0.0,2326.2570196234033
0.5902167068315849,0.02476457003969272,0.03553940077450625,0.10325464217326,0.0,2328.2720901819152
0.592485840373215,0.024849143888876626,0.03566077190739375,0.10231603946378001,0.0,2330.2590256366516
0.594754973914845,0.02493371773806053,0.03578214304028125,0.10139167424559,0.0,2332.2198064303384
0.597024107456475,0.025018291587244428,0.03590351417316875,0.10048106793613999,0.0,2334.156949718098
0.599293240998105,0.02510286543642833,0.03602488530605625,0.099580968817689,0.0,2336.07224722894
0.6015623745397349,0.02518743928561223,0.036146256438943744,0.098694298812137,0.0,2337.968463415165
0.603831508081365,0.025272013134796132,0.036267627571831246,0.097816394044627,0.0,2339.843606062096
0.606100641622995,0.025356586983980037,0.03638899870471875,0.09695347468446999,0.0,2341.6965827942267
0.608369775164625,0.025441160833163938,0.03651036983760625,0.096098558506389,0.0,2343.5223833912755
0.6106389087062549,0.025525734682347843,0.03663174097049375,0.095261983027607,0.0,2345.320706123675
0.612908042247885,0.025610308531531744,0.03675311210338125,0.094431699069055,0.0,2347.08601072228
0.615177175789515,0.02569488238071565,0.036874483236268754,0.093624128424035,0.0,2348.820851808704
0.617446309331145,0.025779456229899547,0.03699585436915625,0.092818673317768,0.0,2350.518806097409
0.6197154428727749,0.02586403007908345,0.03711722550204375,0.09204193953462099,0.0,2352.1864089632413
0.621984576414405,0.02594860392826735,0.037238596634931245,0.09125970345632599,0.0,2353.8142462061865
0.624253709956035,0.026033177777451254,0.03735996776781875,0.090515803718451,0.0,2355.4120949799017
0.6265228434976651,0.026117751626635155,0.03748133890070625,0.08975490971441799,0.0,2356.95835895629
0.628791977039295,0.02620232547581906,0.03760271003359375,0.089051518702959,0.0,2358.4509229360633
0.631061110580925,0.02628689932500296,0.03772408116648125,0.088322318188325,0.0,2359.8042589583383
0.633330244122555,0.026371473174186866,0.037845452299368754,0.087709618631686,0.0,2360.8898644123747
0.6355993776641851,0.02645604702337077,0.037966823432256255,0.087116555047615,0.0,2361.1793103202413
0.184041802879815,0.010214850030168194,0.013813967987643751,2.0535320495755,0.0,1223.4405658613875
0.186310936421445,0.01030459889317022,0.013935339120531251,1.9649346833129,0.0015276151068403,1251.0080007824304
0.188580069963075,0.010394347756172248,0.014056710253418751,1.8799144346209,0.0,1277.6857588813848
0.190849203504705,0.010484096619174274,0.014178081386306251,1.8032822800344999,0.0029515095115512,1300.124328660832
0.193118337046335,0.010573845482176302,0.014299452519193751,1.7344400194444,0.0,1323.717090431449
0.19538747058796502,0.010663594345178329,0.014420823652081251,1.6730562659529,0.0,1344.79246543235
0.19765660412959501,0.010753343208180355,0.014542194784968751,1.6172098495422,0.0,1364.0844439480045
0.199925737671225,0.010843092071182383,0.014663565917856251,1.5654414563634,0.0013796537397892,1381.2133588660083
0.202194871212855,0.01093284093418441,0.014784937050743751,1.5168331722341,0.0013570953897266,1398.0453422824144
0.204464004754485,0.011022589797186438,0.014906308183631251,1.4704430044167,0.0,1415.150787867054
0.206733138296115,0.011112338660188464,0.01502767931651875,1.4268839309524,0.0,1431.1404324094106
0.209002271837745,0.01120208752319049,0.01514905044940625,1.3859338521089,0.0,1446.2587471782956
0.211271405379375,0.011291836386192518,0.01527042158229375,1.3471884626464001,0.0,1460.7562687044276
0.213540538921005,0.011381585249194545,0.01539179271518125,1.3102645124627,0.0,1474.6092381297765
0.215809672462635,0.011471334112196573,0.01551316384806875,1.2754191853902999,0.0,1487.8203470570597
0.218078806004265,0.011561082975198601,0.015634534980956252,1.2418630033965,0.0,1500.5382241559405
0.220347939545895,0.011650831838200626,0.01575590611384375,1.2097538668049002,0.0,1512.6455479712508
0.22261707308752499,0.011740580701202652,0.01587727724673125,1.1789818989615,0.0,1524.6300636701199
0.224886206629155,0.01183032956420468,0.01599864837961875,1.1494512711588,0.0,1536.3198424406269
0.227155340170785,0.011920078427206708,0.016120019512506252,1.1209177679343998,0.0,1547.6576918687067
0.229424473712415,0.012009827290208734,0.01624139064539375,1.0935634961867,0.0,1558.6832567952126
0.231693607254045,0.01209957615321076,0.01636276177828125,1.0669092785352001,0.0,1569.3863461023593
0.233962740795675,0.012189325016212789,0.01648413291116875,1.0413161174704,0.0,1580.190390307101
0.236231874337305,0.012279073879214817,0.016605504044056252,1.0164942881125,0.0,1590.8136485146524
0.238501007878935,0.012368822742216843,0.01672687517694375,0.9925982094300101,0.0,1601.2268289031776
0.240770141420565,0.012458571605218871,0.01684824630983125,0.96944148308293,0.0,1611.4615396124725
0.24303927496219502,0.012548320468220898,0.01696961744271875,0.94703789356085,0.0,1621.5515609701079
0.24530840850382502,0.012638069331222926,0.01709098857560625,0.92538348890748,0.0,1631.5142628320189
0.247577542045455,0.01272781819422495,0.01721235970849375,0.90443221705366,0.0,1641.347468536964
0.249846675587085,0.01281756705722698,0.01733373084138125,0.8841582866827,0.0,1651.0382826172072
0.252115809128715,0.012907315920229005,0.01745510197426875,0.86448066339992,0.0,1660.5767644448524
0.254384942670345,0.012997064783231033,0.01757647310715625,0.84543038231288,0.0,1669.9695928874594
0.256654076211975,0.01308681364623306,0.01769784424004375,0.82699645100418,0.0,1679.2078083651595
0.258923209753605,0.013176562509235087,0.01781921537293125,0.80916357264785,0.0,1688.270398468563
0.261192343295235,0.013266311372237114,0.01794058650581875,0.7919064568007901,0.0,1697.141789826429
0.263461476836865,0.013356060235239142,0.01806195763870625,0.77519805313166,0.0,1705.8144104081164
0.265730610378495,0.013445809098241168,0.01818332877159375,0.7590256448488399,0.0,1714.2937792406192
0.267999743920125,0.013535557961243196,0.01830469990448125,0.74335018816205,0.0,1722.5824521182008
0.270268877461755,0.013625306824245223,0.01842607103736875,0.72816374575399,0.0,1730.6795097674276
0.272538011003385,0.01371505568724725,0.01854744217025625,0.71345683300012,0.0,1738.5872507576291
0.274807144545015,0.013804804550249279,0.018668813303143753,0.69923018541851,0.0,1746.3102027606042
0.277076278086645,0.013894553413251305,0.01879018443603125,0.68546730480169,0.0,1753.8543231919068
0.279345411628275,0.01398430227625333,0.01891155556891875,0.67215775868289,0.0,1761.2359879801947
0.28161454516990503,0.014074051139255358,0.01903292670180625,0.6592466905708799,0.0,1768.4772665064258
0.28388367871153497,0.014163800002257388,0.019154297834693752,0.64670025444463,0.0,1775.6029361729757
0.286152812253165,0.014253548865259412,0.01927566896758125,0.63445956063277,0.0,1782.6356110484594
0.288421945794795,0.014343297728261439,0.01939704010046875,0.62250839587634,0.0,1789.5946775618731
0.290691079336425,0.014433046591263467,0.01951841123335625,0.61081768024313,0.0,1796.4881693269551
0.292960212878055,0.014522795454265495,0.019639782366243752,0.5993902504843099,0.0,1803.3117884117921
0.295229346419685,0.014612544317267521,0.01976115349913125,0.58823420903486,0.0,1810.0621218337917
0.297498479961315,0.014702293180269548,0.01988252463201875,0.5773520231813399,0.0,1816.7381479325543
0.299767613502945,0.014792042043271576,0.02000389576490625,0.5667458829706199,0.0,1823.344129136441
0.302036747044575,0.014881790906273604,0.020125266897793752,0.55640680133459,0.0,1829.8912505146857
0.304305880586205,0.01497153976927563,0.02024663803068125,0.5463171020886001,0.0,1836.3931553617476
0.306575014127835,0.015061288632277658,0.02036800916356875,0.53645679114447,0.0,1842.8613899659642
0.308844147669465,0.015151037495279683,0.02048938029645625,0.52680799551382,0.0,1849.3024073701895
0.311113281211095,0.015240786358281713,0.02061075142934375,0.51735909091135,0.0,1855.7178659930678
0.313382414752725,0.015330535221283737,0.02073212256223125,0.5081020338443599,0.0,1862.1060738145206
0.315651548294355,0.015420284084285764,0.020853493695118748,0.49903169765209,0.0,1868.4625168899047
0.317920681835985,0.015510032947287792,0.02097486482800625,0.49014834707514,0.0,1874.781334880018
0.320189815377615,0.01559978181028982,0.02109623596089375,0.48145409259064,0.0,1881.0557954277135
0.322458948919245,0.015689530673291846,0.02121760709378125,0.47294964262655,0.0,1887.278403047392
0.32472808246087503,0.015779279536293874,0.02133897822666875,0.4646370599232,0.0,1893.4419685672851
0.326997216002505,0.0158690283992959,0.02146034935955625,0.45651713812687,0.0,1899.5409606097307
0.32926634954413503,0.015958777262297927,0.02158172049244375,0.44858971482599,0.0,1905.5705198436772
0.33153548308576497,0.016048526125299955,0.021703091625331253,0.44085471739517,0.0,1911.5253816473266
0.333804616627395,0.016138274988301983,0.02182446275821875,0.433312245428,0.0,1917.3994181478567
0.33607375016902497,0.016228023851304008,0.02194583389110625,0.42596221686193,0.0,1923.185714635321
0.338342883710655,0.016317772714306036,0.02206720502399375,0.41880592899712,0.0,1928.87847402409
0.34061201725228496,0.016407521577308064,0.02218857615688125,0.41184289262421,0.0,1934.4748544676152
0.342881150793915,0.01649727044031009,0.022309947289768747,0.40507059525156,0.0,1939.9755021911574
0.34515028433554495,0.016587019303312116,0.02243131842265625,0.39848419850782996,0.0,1945.3854966559911
0.347419417877175,0.016676768166314145,0.02255268955554375,0.39207571556258,0.0,1950.7148904554856
0.349688551418805,0.016766517029316173,0.022674060688431252,0.38583359029249,0.0,1955.9781704797435
0.351957684960435,0.016856265892318197,0.02279543182131875,0.37974357199585,0.0,1961.1930702376894
0.354226818502065,0.016946014755320225,0.02291680295420625,0.37378887886793,0.0,1966.378228819421
0.356495952043695,0.017035763618322253,0.02303817408709375,0.36795289226759,0.0,1971.550170732692
0.358765085585325,0.01712551248132428,0.023159545219981252,0.36222056893654,0.0,1976.72078205369
0.361034219126955,0.017215261344326306,0.02328091635286875,0.35658053746489,0.0,1981.8937985683312
0.363303352668585,0.017305010207328334,0.02340228748575625,0.35102741271619997,0.0,1987.0642874235677
0.365572486210215,0.017394759070330362,0.02352365861864375,0.34556189682265,0.0,1992.2207832536785
0.367841619751845,0.01748450793333239,0.023645029751531252,0.34018912957386,0.0,1997.3487661126794
0.370110753293475,0.017574256796334415,0.02376640088441875,0.33491612052905,0.0,2002.4344614004908
0.372379886835105,0.01766400565933644,0.02388777201730625,0.32974960970918,0.0,2007.468469006584
0.374649020376735,0.01775375452233847,0.02400914315019375,0.32469314323506,0.0,2012.4468245476003
0.37691815391836503,0.0178435033853405,0.02413051428308125,0.3197469961788,0.0,2017.3704158928692
0.37918728745999497,0.017933252248342524,0.02425188541596875,0.31490834787559996,0.0,2022.2437224571033
0.381456421001625,0.01802300111134455,0.024373256548856248,0.31017259340556,0.0,2027.073287243324
0.38372555454325497,0.018112749974346577,0.02449462768174375,0.30553395988338,0.0,2031.8661971366005
0.385994688084885,0.018202498837348605,0.02461599881463125,0.30098683275846,0.0,2036.6290396857312
0.38826382162651496,0.018292247700350633,0.02473736994751875,0.29652585923749,0.0,2041.3673939762211
0.390532955168145,0.018381996563352657,0.024858741080406248,0.29214614727902,0.0,2046.0851632911952
0.392802088709775,0.018471745426354685,0.02498011221329375,0.28784412045051,0.0,2050.784461668878
0.395071222251405,0.018561494289356713,0.02510148334618125,0.28361694495357004,0.0,2055.4655174043155
0.39734035579303495,0.01865124315235874,0.02522285447906875,0.27946299344768005,0.0,2060.1265969246974
0.399609489334665,0.018740992015360766,0.025344225611956248,0.27538156699273997,0.0,2064.7642736066164
0.40187862287629494,0.018830740878362794,0.02546559674484375,0.27137284630239,0.0,2069.3736792861782
0.404147756417925,0.018920489741364822,0.02558696787773125,0.26743778369743,0.0,2073.9490583253564
0.406416889959555,0.019010238604366847,0.02570833901061875,0.26357734397704996,0.0,2078.4840677194
0.408686023501185,0.019099987467368875,0.025829710143506247,0.25979288870197,0.0,2082.9722879309866
0.41095515704281493,0.019189736330370903,0.02595108127639375,0.25608531584334,0.0,2087.407727407997
0.413224290584445,0.01927948519337293,0.02607245240928125,0.25245541759407,0.0,2091.785204641353
0.41549342412607493,0.019369234056374956,0.02619382354216875,0.24890367812069,0.0,2096.1010927167445
0.417762557667705,0.019458982919376984,0.026315194675056247,0.24542961989124,0.0,2100.3532949163005
0.420031691209335,0.019548731782379012,0.02643656580794375,0.24203252891595,0.0,2104.5412579203453
0.422300824750965,0.01963848064538104,0.02655793694083125,0.23871104689564,0.0,2108.6660829023585
0.424569958292595,0.019728229508383065,0.02667930807371875,0.23546304082016,0.0,2112.729798308199
0.42683909183422497,0.01981797837138509,0.026800679206606247,0.23228682458934,0.0,2116.735491724275
0.42910822537585497,0.01990772723438712,0.02692205033949375,0.22917944423889,0.0,2120.6867864827946
0.43137735891748497,0.01999747609738915,0.02704342147238125,0.22613875510383,0.0,2124.58771856182
0.43364649245911496,0.020087224960391177,0.027164792605268752,0.22316152362352001,0.0,2128.4427098526903
0.43591562600074496,0.0201769738233932,0.02728616373815625,0.22024531944648,0.0,2132.256441705316
0.438184759542375,0.020266722686395226,0.02740753487104375,0.21738634057095002,0.0,2136.033331831236
0.440453893084005,0.020356471549397254,0.02752890600393125,0.21458244173628999,0.0,2139.778041827102
0.442723026625635,0.020446220412399286,0.02765027713681875,0.21182950992104002,0.0,2143.4950755250234
0.444992160167265,0.02053596927540131,0.02777164826970625,0.20912422889502,0.0,2147.1873908303196
0.447261293708895,0.020625718138403335,0.027893019402593748,0.20646434448207002,0.0,2150.8567806797814
0.449530427250525,0.020715467001405363,0.02801439053548125,0.20384786238108,0.0,2154.5027937368295
0.451799560792155,0.02080521586440739,0.02813576166836875,0.20127399907863,0.0,2158.1227562427716
0.454068694333785,0.02089496472740942,0.028257132801256253,0.19874284574290998,0.0,2161.712613107712
0.456337827875415,0.020984713590411447,0.02837850393414375,0.19625507709776,0.0,2165.2677186524757
0.458606961417045,0.021074462453413472,0.02849987506703125,0.1938114480694,0.0,2168.7835400550825
0.460876094958675,0.0211642113164155,0.02862124619991875,0.19141277785071,0.0,2172.2563580377573
0.463145228500305,0.02125396017941753,0.028742617332806253,0.18905950119052,0.0,2175.683713331608
0.46541436204193504,0.021343709042419556,0.02886398846569375,0.18675158022902,0.0,2179.064257680926
0.467683495583565,0.02143345790542158,0.02898535959858125,0.18448862706764999,0.0,2182.397512531166
0.469952629125195,0.02152320676842361,0.02910673073146875,0.1822700561601,0.0,2185.6837890386228
0.472221762666825,0.021612955631425634,0.02922810186435625,0.18009505683104998,0.0,2188.9241591537652
0.47449089620845497,0.021702704494427662,0.029349472997243747,0.17796275932857,0.0,2192.1206085279837
0.47676002975008497,0.02179245335742969,0.02947084413013125,0.17587195805817002,0.0,2195.2761134406614
0.47902916329171497,0.021882202220431714,0.029592215263018747,0.17382134897526003,0.0,2198.394750373911
0.48129829683334496,0.021971951083433743,0.02971358639590625,0.17180919769259,0.0,2201.4817219530532
0.48356743037497496,0.02206169994643577,0.02983495752879375,0.16983334731410002,0.0,2204.5429959209882
0.48583656391660496,0.0221514488094378,0.02995632866168125,0.16789138137794002,0.0,2207.5851528637495
0.48810569745823496,0.022241197672439827,0.03007769979456875,0.16598052735756,0.0,2210.6151325844653
0.490374830999865,0.02233094653544185,0.03019907092745625,0.1640977847559,0.0,2213.6396872088285
0.492643964541495,0.02242069539844388,0.03032044206034375,0.16224019165239,0.0,2216.6646319381375
0.494913098083125,0.022510444261445904,0.03044181319323125,0.16040509384600998,0.0,2219.6941303347458
0.497182231624755,0.022600193124447932,0.03056318432611875,0.15859040700927998,0.0,2222.7303021809425
0.499451365166385,0.02268994198744996,0.03068455545900625,0.15679480308089,0.0,2225.7732045362395
0.501720498708015,0.02277969085045199,0.03080592659189375,0.15501779097459,0.0,2228.8212161081888
0.503989632249645,0.022869439713454013,0.03092729772478125,0.15325947990435002,0.0,2231.871513387062
0.5062587657912749,0.02295918857645604,0.03104866885766875,0.15152042164615998,0.0,2234.92048045536
0.508527899332905,0.02304893743945807,0.03117003999055625,0.14980146839230998,0.0,2237.964160984478
0.510797032874535,0.023138686302460094,0.031291411123443746,0.14810346577477002,0.0,2240.9985837741865
0.513066166416165,0.023228435165462122,0.03141278225633125,0.14642726751343002,0.0,2244.019968720784
0.5153352999577949,0.02331818402846415,0.03153415338921875,0.14477361118685,0.0,2247.0247829406076
0.517604433499425,0.023407932891466178,0.03165552452210625,0.14314311077518999,0.0,2250.0096840209585
0.519873567041055,0.023497681754468206,0.03177689565499375,0.14153632645722,0.0,2252.9715297584967
0.5221427005826851,0.023587430617470234,0.031898266787881255,0.13995368382075998,0.0,2255.9073265790626
0.5244118341243149,0.02367717948047226,0.03201963792076875,0.13839559308318,0.0,2258.8142157833854
0.526680967665945,0.023766928343474283,0.032141009053656244,0.13686238465875,0.0,2261.6895298638833
0.528950101207575,0.02385667720647631,0.032262380186543746,0.13535437116531002,0.0,2264.5308376398402
0.531219234749205,0.02394642606947834,0.03238375131943125,0.13387188060027,0.0,2267.3361215090144
0.5334883682908349,0.024036174932480368,0.03250512245231875,0.13241516027560998,0.0,2270.103852428425
0.535757501832465,0.024125923795482396,0.03262649358520625,0.13098441048363998,0.0,2272.833001007901
0.538026635374095,0.024215672658484424,0.03274786471809375,0.12957969135304,0.0,2275.5230173186924
0.540295768915725,0.02430542152148645,0.03286923585098125,0.12820094850481,0.0,2278.1737886117194
0.5425649024573549,0.024395170384488477,0.03299060698386875,0.12684795211574001,0.0,2280.785611208746
0.544834035998985,0.024484919247490505,0.03311197811675625,0.12552032391229,0.0,2283.359149462771
0.547103169540615,0.024574668110492526,0.033233349249643745,0.12421758540226999,0.0,2285.8955028120185
0.549372303082245,0.024664416973494554,0.03335472038253125,0.12293902670625001,0.0,2288.3960667207116
0.551641436623875,0.024754165836496582,0.03347609151541875,0.12168389086311,0.0,2290.862398279689
0.5539105701655049,0.024843914699498613,0.03359746264830625,0.12045131500826001,0.0,2293.2961856929114
0.556179703707135,0.02493366356250064,0.03371883378119375,0.11924033920320999,0.0,2295.6990428403737
0.558448837248765,0.02502341242550267,0.033840204914081254,0.11805006434954,0.0,2298.0725013127526
0.560717970790395,0.02511316128850469,0.03396157604696875,0.11687956642524,0.0,2300.4180010484324
0.5629871043320249,0.02520291015150672,0.03408294717985625,0.11572791733481,0.0,2302.736643502355
0.565256237873655,0.025292659014508743,0.034204318312743745,0.1145944889978,0.0,2305.02936315615
0.567525371415285,0.02538240787751077,0.03432568944563125,0.11347846163473001,0.0,2307.296626583704
0.569794504956915,0.0254721567405128,0.03444706057851875,0.11237951602535001,0.0,2309.5384951822048
0.572063638498545,0.025561905603514828,0.03456843171140625,0.11129719465911,0.0,2311.7547502483344
0.574332772040175,0.025651654466516856,0.03468980284429375,0.11023128156965001,0.0,2313.944689653698
0.576601905581805,0.025741403329518884,0.03481117397718125,0.10918175700241,0.0,2316.1076502833753
0.5788710391234351,0.025831152192520912,0.034932545110068755,0.10814851322880001,0.0,2318.243079017694
0.5811401726650649,0.025920901055522937,0.03505391624295625,0.10713132891204,0.0,2320.350262881393
0.583409306206695,0.02601064991852496,0.035175287375843745,0.10613065794159,0.0,2322.429524138535
0.585678439748325,0.02610039878152699,0.035296658508731246,0.10514532662747,0.0,2324.48065922378
0.587947573289955,0.026190147644529017,0.03541802964161875,0.10417638792515001,0.0,2326.5043507350138
0.5902167068315849,0.026279896507531045,0.03553940077450625,0.10322210227773,0.0,2328.5012418899055
0.592485840373215,0.026369645370533074,0.03566077190739375,0.10228336231683999,0.0,2330.4720443262045
0.594754973914845,0.0264593942335351,0.03578214304028125,0.10135831733731,0.0,2332.417824724253
0.597024107456475,0.026549143096537126,0.03590351417316875,0.10044798466904,0.0,2334.3408024597297
0.599293240998105,0.026638891959539154,0.03602488530605625,0.099548920123683,0.0,2336.2415027471666
0.6015623745397349,0.026728640822541175,0.036146256438943744,0.098664008501728,0.0,2338.121382728756
0.603831508081365,0.026818389685543204,0.036267627571831246,0.097788406392851,0.0,2339.978761842107
0.606100641622995,0.02690813854854523,0.03638899870471875,0.096927940284602,0.0,2341.8137266759754
0.608369775164625,0.02699788741154726,0.03651036983760625,0.096075273536154,0.0,2343.6223802306868
0.6106389087062549,0.02708763627454929,0.03663174097049375,0.09524045526444799,0.0,2345.405132090695
0.612908042247885,0.02717738513755132,0.03675311210338125,0.094411298066282,0.0,2347.15675242083
0.615177175789515,0.027267134000553347,0.036874483236268754,0.093604192581643,0.0,2348.8797994302813
0.617446309331145,0.02735688286355537,0.03699585436915625,0.092798598794314,0.0,2350.567630796698
0.6197154428727749,0.027446631726557397,0.03711722550204375,0.092021229866995,0.0,2352.2263731518406
0.621984576414405,0.02753638058955942,0.037238596634931245,0.091238003045057,0.0,2353.8461271110245
0.624253709956035,0.02762612945256145,0.03735996776781875,0.09049289798772,0.0,2355.436129217196
0.6265228434976651,0.027715878315563477,0.03748133890070625,0.089730748257836,0.0,2356.9743734820217
0.628791977039295,0.027805627178565506,0.03760271003359375,0.089026117164009,0.0,2358.4583757511614
0.631061110580925,0.027895376041567534,0.03772408116648125,0.08829587210942501,0.0,2359.802674537246
0.633330244122555,0.02798512490456956,0.037845452299368754,0.087682194062548,0.0,2360.8792308228262
0.6355993776641851,0.02807487376757159,0.037966823432256255,0.087088163412512,0.0,2361.1604061304197
0.184041802879815,0.010762404319421211,0.013813967987643751,2.0477181610939,0.0,1223.3335119312248
0.186310936421445,0.010856964058231224,0.013935339120531251,1.9568789011542,0.0,1251.6080596628249
0.188580069963075,0.010951523797041236,0.014056710253418751,1.8727554318675002,0.0015328220843433,1277.0077727632188
0.190849203504705,0.01104608353585125,0.014178081386306251,1.7976974696668,0.0,1300.525261284397
0.193118337046335,0.011140643274661263,0.014299452519193751,1.7313969604596,0.0,1322.701109744139
0.19538747058796502,0.011235203013471275,0.014420823652081251,1.6718057345844,0.0,1343.333835420658
0.19765660412959501,0.01132976275228129,0.014542194784968751,1.6169038964236,0.0,1362.6291883397005
0.199925737671225,0.011424322491091302,0.014663565917856251,1.5654494464461,0.0,1380.5583462775944
0.202194871212855,0.011518882229901314,0.014784937050743751,1.5167973466227,0.0,1397.7546085813622
0.204464004754485,0.011613441968711329,0.014906308183631251,1.4705997937347,0.0,1414.5564004714788
0.206733138296115,0.011708001707521341,0.01502767931651875,1.4269728227803,0.0,1430.602637960107
0.209002271837745,0.011802561446331355,0.01514905044940625,1.3858377974286,0.0,1445.892484795616
0.211271405379375,0.011897121185141368,0.01527042158229375,1.3469176151771,0.0,1460.5181810684007
0.213540538921005,0.01199168092395138,0.01539179271518125,1.3099504821341001,0.0,1474.5071133751471
0.215809672462635,0.012086240662761394,0.01551316384806875,1.2749728962977,0.0,1487.911699166495
0.218078806004265,0.012180800401571408,0.015634534980956252,1.2414405300892,0.0,1500.8306069941264
0.220347939545895,0.012275360140381419,0.01575590611384375,1.2093622158095,0.0,1513.2690348695
0.22261707308752499,0.012369919879191432,0.01587727724673125,1.1786249236361,0.0,1525.4008970549398
0.224886206629155,0.012464479618001446,0.01599864837961875,1.1491174778656,0.0,1537.2417234654654
0.227155340170785,0.01255903935681146,0.016120019512506252,1.1206288757864,0.0,1548.776320879768
0.229424473712415,0.012653599095621472,0.01624139064539375,1.0932433705358,0.0,1560.0251564017121
0.231693607254045,0.012748158834431485,0.01636276177828125,1.0666518513549998,0.0,1571.0244979468187
0.233962740795675,0.012842718573241499,0.01648413291116875,1.0410529989012,0.0,1581.8927932457846
0.236231874337305,0.012937278312051513,0.016605504044056252,1.0162720179605,0.0,1592.5853395830097
0.238501007878935,0.013031838050861524,0.01672687517694375,0.9923526423711699,0.0,1603.0764644869116
0.240770141420565,0.01312639778967154,0.01684824630983125,0.96920202345941,0.0,1613.38232048352
0.24303927496219502,0.01322095752848155,0.01696961744271875,0.94680884963976,0.0,1623.5226868480283
0.24530840850382502,0.013315517267291565,0.01709098857560625,0.92515864540623,0.0,1633.5167314176924
0.247577542045455,0.013410077006101577,0.01721235970849375,0.90421515624099,0.0,1643.3755120672427
0.249846675587085,0.013504636744911591,0.01733373084138125,0.88393336720627,0.0,1653.0966001830795
0.252115809128715,0.013599196483721604,0.01745510197426875,0.86427046306615,0.0,1662.6727633425173
0.254384942670345,0.013693756222531618,0.01757647310715625,0.84522650292388,0.0,1672.1016906695136
0.256654076211975,0.013788315961341628,0.01769784424004375,0.82678963695286,0.0,1681.3765188112725
0.258923209753605,0.013882875700151644,0.01781921537293125,0.80894345692616,0.0,1690.4838636796806
0.261192343295235,0.013977435438961655,0.01794058650581875,0.7916709242851501,0.0,1699.4113885972622
0.263461476836865,0.01407199517777167,0.01806195763870625,0.77494844550228,0.0,1708.1503765688255
0.265730610378495,0.014166554916581682,0.01818332877159375,0.7587590929504899,0.0,1716.6972239649633
0.267999743920125,0.014261114655391696,0.01830469990448125,0.7430774662834,0.0,1725.050325341916
0.270268877461755,0.014355674394201708,0.01842607103736875,0.7278930654005601,0.0,1733.2094982493231
0.272538011003385,0.014450234133011722,0.01854744217025625,0.7131943834166999,0.0,1741.1769869511159
0.274807144545015,0.014544793871821737,0.018668813303143753,0.69897274518247,0.0,1748.956414485881
0.277076278086645,0.014639353610631747,0.01879018443603125,0.68521056879685,0.0,1756.554191936008
0.279345411628275,0.01473391334944176,0.01891155556891875,0.67189314108191,0.0,1763.9861279419524
0.28161454516990503,0.014828473088251774,0.01903292670180625,0.6589814856263,0.0,1771.2761414449697
0.28388367871153497,0.014923032827061788,0.019154297834693752,0.64643836625769,0.0,1778.449767456212
0.286152812253165,0.0150175925658718,0.01927566896758125,0.63421666407967,0.0,1785.5287588810427
0.288421945794795,0.015112152304681813,0.01939704010046875,0.62229152130131,0.0,1792.530174568104
0.290691079336425,0.015206712043491827,0.01951841123335625,0.61063588934824,0.0,1799.4630572568487
0.292960212878055,0.015301271782301841,0.019639782366243752,0.59924090763349,0.0,1806.3257487687433
0.295229346419685,0.015395831521111852,0.01976115349913125,0.58810806505315,0.0,1813.1141151241334
0.297498479961315,0.015490391259921864,0.01988252463201875,0.57723935269696,0.0,1819.8260869414305
0.299767613502945,0.015584950998731879,0.02000389576490625,0.5666360732431099,0.0,1826.464369260047
0.302036747044575,0.015679510737541893,0.020125266897793752,0.55629273431263,0.0,1833.037422774759
0.304305880586205,0.015774070476351904,0.02024663803068125,0.54619656516054,0.0,1839.5565998789805
0.306575014127835,0.01586863021516192,0.02036800916356875,0.53633170114332,0.0,1846.0326711528833
0.308844147669465,0.015963189953971932,0.02048938029645625,0.52668218169455,0.0,1852.4731937891409
0.311113281211095,0.016057749692781946,0.02061075142934375,0.51723608282823,0.0,1858.8819261072483
0.313382414752725,0.016152309431591957,0.02073212256223125,0.5079845582107799,0.0,1865.2593598881142
0.315651548294355,0.016246869170401967,0.020853493695118748,0.49892210381102,0.0,1871.6029963599328
0.317920681835985,0.016341428909211985,0.02097486482800625,0.49004665990902,0.0,1877.9080459575014
0.320189815377615,0.016435988648022,0.02109623596089375,0.48135844242433,0.0,1884.1680327485121
0.322458948919245,0.01653054838683201,0.02121760709378125,0.47285793029282,0.0,1890.3756955848007
0.32472808246087503,0.016625108125642024,0.02133897822666875,0.46454675319280997,0.0,1896.5237107676464
0.326997216002505,0.016719667864452035,0.02146034935955625,0.45642638972209,0.0,1902.6057972414048
0.32926634954413503,0.01681422760326205,0.02158172049244375,0.4484974628688,0.0,1908.6164095217623
0.33153548308576497,0.016908787342072063,0.021703091625331253,0.44076021306314,0.0,1914.549980128914
0.333804616627395,0.017003347080882077,0.02182446275821875,0.43321469653252,0.0,1920.4005808770646
0.33607375016902497,0.017097906819692088,0.02194583389110625,0.4258608428604,0.0,1926.1621002234813
0.338342883710655,0.017192466558502102,0.02206720502399375,0.41869914559649,0.0,1931.8295219430477
0.34061201725228496,0.017287026297312113,0.02218857615688125,0.41172901761778,0.0,1937.4003238123232
0.342881150793915,0.017381586036122127,0.022309947289768747,0.40494811235402,0.0,1942.8751550237907
0.34515028433554495,0.01747614577493214,0.02243131842265625,0.39835200369401996,0.0,1948.2585654849618
0.347419417877175,0.017570705513742155,0.02255268955554375,0.39193349491383,0.0,1953.559444006588
0.349688551418805,0.01766526525255217,0.022674060688431252,0.38568227972073,0.0,1958.7906501721793
0.351957684960435,0.01775982499136218,0.02279543182131875,0.37958548790925,0.0,1963.9680579374285
0.354226818502065,0.017854384730172194,0.02291680295420625,0.373628125326,0.0,1969.108789349571
0.356495952043695,0.01794894446898221,0.02303817408709375,0.36779477445501996,0.0,1974.2287941612362
0.358765085585325,0.018043504207792223,0.023159545219981252,0.36207108934343,0.0,1979.3403211075392
0.361034219126955,0.018138063946602234,0.02328091635286875,0.35644541792836,0.0,1984.4497642015233
0.363303352668585,0.018232623685412244,0.02340228748575625,0.35091059336501,0.0,1989.5562647913375
0.365572486210215,0.01832718342422226,0.02352365861864375,0.34546449550909997,0.0,1994.6528018814247
0.367841619751845,0.018421743163032273,0.023645029751531252,0.34010919498143,0.0,1999.7284880953557
0.370110753293475,0.018516302901842287,0.02376640088441875,0.33484922885333,0.0,2004.7715901515116
0.372379886835105,0.018610862640652297,0.02388777201730625,0.32968983708306,0.0,2009.772423671836
0.374649020376735,0.01870542237946231,0.02400914315019375,0.32463478106626004,0.0,2014.7248916828826
0.37691815391836503,0.018799982118272326,0.02413051428308125,0.31968558771477,0.0,2019.6268290155094
0.37918728745999497,0.018894541857082336,0.02425188541596875,0.31484129516222004,0.0,2024.4795283383319
0.381456421001625,0.01898910159589235,0.024373256548856248,0.31009910290949,0.0,2029.2868364160358
0.38372555454325497,0.019083661334702365,0.02449462768174375,0.30545473527708,0.0,2034.0540036729592
0.385994688084885,0.01917822107351238,0.02461599881463125,0.30090341416174,0.0,2038.7866399653349
0.38826382162651496,0.01927278081232239,0.02473736994751875,0.29644026491057,0.0,2043.4900461141765
0.390532955168145,0.0193673405511324,0.024858741080406248,0.29206064084099,0.0,2048.1685640221863
0.392802088709775,0.019461900289942418,0.02498011221329375,0.28776060232003997,0.0,2052.825159258906
0.395071222251405,0.019556460028752432,0.02510148334618125,0.28353688979116,0.0,2057.461116058144
0.39734035579303495,0.019651019767562443,0.02522285447906875,0.27938726470621,0.0,2062.075927960778
0.399609489334665,0.019745579506372454,0.025344225611956248,0.27531037392133,0.0,2066.66738896588
0.40187862287629494,0.019840139245182468,0.02546559674484375,0.27130575618329,0.0,2071.231729045118
0.404147756417925,0.019934698983992482,0.02558696787773125,0.26737373391416,0.0,2075.763983471174
0.406416889959555,0.020029258722802496,0.02570833901061875,0.26351499981853,0.0,2080.258326302834
0.408686023501185,0.020123818461612507,0.025829710143506247,0.25973067071637,0.0,2084.708563719379
0.41095515704281493,0.02021837820042252,0.02595108127639375,0.25602178915316,0.0,2089.1086614826513
0.413224290584445,0.020312937939232535,0.02607245240928125,0.25238930547276,0.0,2093.45318066061
0.41549342412607493,0.020407497678042546,0.02619382354216875,0.24883395441069,0.0,2097.7378806179927
0.417762557667705,0.02050205741685256,0.026315194675056247,0.24535575416336,0.0,2101.9599008597693
0.420031691209335,0.020596617155662574,0.02643656580794375,0.24195435624915002,0.0,2106.1178672247484
0.422300824750965,0.02069117689447259,0.02655793694083125,0.23862877017387,0.0,2110.2119812664914
0.424569958292595,0.0207857366332826,0.02667930807371875,0.23537739323579,0.0,2114.243680196315
0.42683909183422497,0.02088029637209261,0.026800679206606247,0.23219843635383,0.0,2118.2155523509427
0.42910822537585497,0.020974856110902627,0.02692205033949375,0.22908942922429001,0.0,2122.1310107189543
0.43137735891748497,0.02106941584971264,0.02704342147238125,0.22604795353314,0.0,2125.994109531455
0.43364649245911496,0.021163975588522656,0.027164792605268752,0.22307095918963,0.0,2129.8092938890627
0.43591562600074496,0.021258535327332666,0.02728616373815625,0.22015575976481,0.0,2133.58137792801
0.438184759542375,0.021353095066142677,0.02740753487104375,0.21729876295482,0.0,2137.315094278679
0.440453893084005,0.02144765480495269,0.02752890600393125,0.21449724640385,0.0,2141.0151355092707
0.442723026625635,0.021542214543762706,0.02765027713681875,0.21174776745407,0.0,2144.6861540809628
0.444992160167265,0.02163677428257272,0.02777164826970625,0.20904705513639,0.0,2148.3316127544144
0.447261293708895,0.02173133402138273,0.027893019402593748,0.20639235814616,0.0,2151.953386710264
0.449530427250525,0.021825893760192745,0.02801439053548125,0.20378162101716002,0.0,2155.551580827254
0.451799560792155,0.02192045349900276,0.02813576166836875,0.20121360248899,0.0,2159.1246252009037
0.454068694333785,0.022015013237812773,0.028257132801256253,0.19868782683124,0.0,2162.6695643857706
0.456337827875415,0.022109572976622787,0.02837850393414375,0.19620445159439,0.0,2166.1826135800034
0.458606961417045,0.022204132715432798,0.02849987506703125,0.19376396461006,0.0,2169.659800964376
0.460876094958675,0.022298692454242812,0.02862124619991875,0.19136699267616,0.0,2173.097549612268
0.463145228500305,0.022393252193052826,0.028742617332806253,0.18901403711334,0.0,2176.4930860642726
0.46541436204193504,0.022487811931862837,0.02886398846569375,0.18670530037858,0.0,2179.8445279913003
0.467683495583565,0.02258237167067285,0.02898535959858125,0.1844406993956,0.0,2183.150836504266
0.469952629125195,0.022676931409482865,0.02910673073146875,0.18221989194569,0.0,2186.4117901841337
0.472221762666825,0.022771491148292876,0.02922810186435625,0.18004230528808998,0.0,2189.6279927295595
0.47449089620845497,0.022866050887102887,0.029349472997243747,0.17790720562413,0.0,2192.80098729183
0.47676002975008497,0.0229606106259129,0.02947084413013125,0.1758135712679,0.0,2195.933302693234
0.47902916329171497,0.023055170364722915,0.029592215263018747,0.17376018343844,0.0,2199.028487694857
0.48129829683334496,0.02314973010353293,0.02971358639590625,0.17174548094907002,0.0,2202.091101311566
0.48356743037497496,0.023244289842342943,0.02983495752879375,0.16976753439878,0.0,2205.1264982845983
0.48583656391660496,0.023338849581152954,0.02995632866168125,0.16782411451253001,0.0,2208.140636246155
0.48810569745823496,0.023433409319962968,0.03007769979456875,0.16591270278304998,0.0,2211.1398345843404
0.490374830999865,0.02352796905877298,0.03019907092745625,0.16403059268197,0.0,2214.1303709205986
0.492643964541495,0.023622528797582993,0.03032044206034375,0.16217503185128,0.0,2217.1179614198936
0.494913098083125,0.023717088536393007,0.03044181319323125,0.16034341182073,0.0,2220.1071973452317
0.497182231624755,0.02381164827520302,0.03056318432611875,0.15853351808674,0.0,2223.1011309016767
0.499451365166385,0.023906208014013032,0.03068455545900625,0.15674370908311,0.0,2226.1011258185126
0.501720498708015,0.024000767752823046,0.03080592659189375,0.15497299793143,0.0,2229.1069799604065
0.503989632249645,0.02409532749163306,0.03092729772478125,0.15322097436658,0.0,2232.117149770625
0.5062587657912749,0.024189887230443075,0.03104866885766875,0.15148772192475,0.0,2235.129011656764
0.508527899332905,0.02428444696925309,0.03117003999055625,0.14977370317736,0.0,2238.139249082607
0.510797032874535,0.024379006708063096,0.031291411123443746,0.14807955113553,0.0,2241.144145346766
0.513066166416165,0.02447356644687311,0.03141278225633125,0.14640602662267,0.0,2244.1398029754787
0.5153352999577949,0.024568126185683124,0.03153415338921875,0.14475390006663003,0.0,2247.122327858051
0.517604433499425,0.02466268592449314,0.03165552452210625,0.14312390786912998,0.0,2250.087911804927
0.519873567041055,0.024757245663303153,0.03177689565499375,0.14151674416507998,0.0,2253.0329041246455
0.5221427005826851,0.02485180540211317,0.031898266787881255,0.13993300825508,0.0,2255.9538177572686
0.5244118341243149,0.024946365140923178,0.03201963792076875,0.13837324696574,0.0,2258.847336059349
0.526680967665945,0.025040924879733188,0.032141009053656244,0.13683793480158998,0.0,2261.71036142045
0.528950101207575,0.025135484618543202,0.032262380186543746,0.13532751074208,0.0,2264.5400915922514
0.531219234749205,0.025230044357353217,0.03238375131943125,0.13384237978248,0.0,2267.3341484098064
0.5334883682908349,0.02532460409616323,0.03250512245231875,0.13238288039808999,0.0,2270.090657134547
0.535757501832465,0.025419163834973245,0.03262649358520625,0.13094926907836998,0.0,2272.8082689072744
0.538026635374095,0.02551372357378326,0.03274786471809375,0.12954167105618,0.0,2275.486121975947
0.540295768915725,0.025608283312593266,0.03286923585098125,0.12816009521589,0.0,2278.1238066873575
0.5425649024573549,0.025702843051403284,0.03299060698386875,0.12680439489303,0.0,2280.7213422431932
0.544834035998985,0.025797402790213298,0.03311197811675625,0.12547427323873,0.0,2283.279133619809
0.547103169540615,0.025891962529023305,0.033233349249643745,0.12416932417567,0.0,2285.798004410787
0.549372303082245,0.02598652226783332,0.03335472038253125,0.12288894333645,0.0,2288.2791140231193
0.551641436623875,0.026081082006643334,0.03347609151541875,0.12163243903792001,0.0,2290.7238570237073
0.5539105701655049,0.026175641745453348,0.03359746264830625,0.12039900288024001,0.0,2293.133817871597
0.556179703707135,0.026270201484263362,0.03371883378119375,0.11918772698631,0.0,2295.51061931944
0.558448837248765,0.02636476122307338,0.033840204914081254,0.11799770249982,0.0,2297.855876864778
0.560717970790395,0.026459320961883387,0.03396157604696875,0.11682800438796,0.0,2300.1711789807327
0.5629871043320249,0.0265538807006934,0.03408294717985625,0.11567768405317,0.0,2302.4579118652355
0.565256237873655,0.026648440439503412,0.034204318312743745,0.11454601355679,0.0,2304.717365600272
0.567525371415285,0.026743000178313426,0.03432568944563125,0.11343210964164,0.0,2306.950489359769
0.569794504956915,0.02683755991712344,0.03444706057851875,0.11233549617861001,0.0,2309.157920398868
0.572063638498545,0.026932119655933454,0.03456843171140625,0.11125557171422999,0.0,2311.3400177622734
0.574332772040175,0.02702667939474347,0.03468980284429375,0.11019202654450999,0.0,2313.4967321563454
0.576601905581805,0.027121239133553483,0.03481117397718125,0.10914457968786,0.0,2315.627866574167
0.5788710391234351,0.027215798872363497,0.034932545110068755,0.10811313033698,0.0,2317.733208303856
0.5811401726650649,0.027310358611173507,0.03505391624295625,0.10709733185826001,0.0,2319.8123126263
0.583409306206695,0.027404918349983515,0.035175287375843745,0.10609751899054,0.0,2321.8653010187963
0.585678439748325,0.02749947808879353,0.035296658508731246,0.10511282890646999,0.0,2323.891970511753
0.587947573289955,0.027594037827603543,0.03541802964161875,0.10414398816798,0.0,2325.8927008085125
0.5902167068315849,0.027688597566413557,0.03553940077450625,0.10318967976471,0.0,2327.867748654885
0.592485840373215,0.02778315730522357,0.03566077190739375,0.10225078392533,0.0,2329.817840884041
0.594754973914845,0.027877717044033586,0.03578214304028125,0.10132542879167,0.0,2331.743437143278
0.597024107456475,0.027972276782843596,0.03590351417316875,0.10041505949893,0.0,2333.6461360908124
0.599293240998105,0.02806683652165361,0.03602488530605625,0.099516441664514,0.0,2335.526090431072
0.6015623745397349,0.02816139626046362,0.036146256438943744,0.09863245618028,0.0,2337.3845320503942
0.603831508081365,0.028255955999273635,0.036267627571831246,0.09775828761597699,0.0,2339.2200275780065
0.606100641622995,0.02835051573808365,0.03638899870471875,0.09689949206196899,0.0,2341.033195936818
0.608369775164625,0.028445075476893664,0.03651036983760625,0.09604861588489699,0.0,2342.82076457656
0.6106389087062549,0.028539635215703678,0.03663174097049375,0.095215369941702,0.0,2344.583634664463
0.612908042247885,0.028634194954513692,0.03675311210338125,0.094387532084243,0.0,2346.316905229259
0.615177175789515,0.028728754693323706,0.036874483236268754,0.093581254037297,0.0,2348.0232255219325
0.617446309331145,0.028823314432133717,0.03699585436915625,0.092776124520607,0.0,2349.6958884956744
0.6197154428727749,0.02891787417094373,0.03711722550204375,0.09199870598363101,0.0,2351.340747651614
0.621984576414405,0.02901243390975374,0.037238596634931245,0.091215176632381,0.0,2352.947566647804
0.624253709956035,0.029106993648563752,0.03735996776781875,0.090469388037997,0.0,2354.525118862702
0.6265228434976651,0.029201553387373767,0.03748133890070625,0.08970653738803899,0.0,2356.0510394590483
0.628791977039295,0.02929611312618378,0.03760271003359375,0.089000977252989,0.0,2357.522434218421
0.631061110580925,0.029390672864993795,0.03772408116648125,0.08827004683164799,0.0,2358.8538495357466
0.633330244122555,0.029485232603803813,0.037845452299368754,0.087655472788702,0.0,2359.917616652882
0.6355993776641851,0.029579792342613827,0.037966823432256255,0.087060584831424,0.0,2360.186844919626
0.184041802879815,0.011271430145497315,0.013813967987643751,2.0409919490917,0.0,1223.0986808437312
0.186310936421445,0.011370462244546986,0.013935339120531251,1.9483559759114,0.0,1251.6708628327324
0.188580069963075,0.011469494343596658,0.014056710253418751,1.8652654061375,0.0,1277.0203104246687
0.190849203504705,0.011568526442646328,0.014178081386306251,1.7929327421515,0.0,1299.9755994376785
0.193118337046335,0.011667558541696,0.014299452519193751,1.7290701404769,0.0,1321.4420627577135
0.19538747058796502,0.011766590640745672,0.014420823652081251,1.6709610300670001,0.0,1341.760767352241
0.19765660412959501,0.011865622739795344,0.014542194784968751,1.6167582963757998,0.0,1361.0702701482728
0.199925737671225,0.011964654838845016,0.014663565917856251,1.5655619301565,0.0,1379.3795807061535
0.202194871212855,0.012063686937894686,0.014784937050743751,1.5169059370432,0.0,1396.8908038453321
0.204464004754485,0.012162719036944358,0.014906308183631251,1.4706784216298,0.0,1413.7488632405848
0.206733138296115,0.01226175113599403,0.01502767931651875,1.4269492637749,0.0,1429.8827363295968
0.209002271837745,0.012360783235043702,0.01514905044940625,1.3856635384345002,0.0,1445.2936465826979
0.211271405379375,0.012459815334093372,0.01527042158229375,1.3466118779889,0.0,1460.0280735970518
0.213540538921005,0.012558847433143044,0.01539179271518125,1.3096009916476,0.0,1474.1321420223978
0.215809672462635,0.012657879532192716,0.01551316384806875,1.2745237130046998,0.0,1487.6740964812636
0.218078806004265,0.01275691163124239,0.015634534980956252,1.2410101013369,0.0,1500.7347479329796
0.220347939545895,0.01285594373029206,0.01575590611384375,1.2089657101085,0.0,1513.3594734555056
0.22261707308752499,0.01295497582934173,0.01587727724673125,1.1782588997245,0.0,1525.6370101843604
0.224886206629155,0.013054007928391401,0.01599864837961875,1.1487678997126,0.0,1537.6119271457474
0.227155340170785,0.013153040027441075,0.016120019512506252,1.1203206841463,0.0,1549.2971939081008
0.229424473712415,0.013252072126490745,0.01624139064539375,1.0929167312158,0.0,1560.7105151240999
0.231693607254045,0.013351104225540415,0.01636276177828125,1.0663803522616,0.0,1571.8839221418361
0.233962740795675,0.013450136324590087,0.01648413291116875,1.0407821797048,0.0,1582.8605626476215
0.236231874337305,0.01354916842363976,0.016605504044056252,1.0160197257310999,0.0,1593.6394013312806
0.238501007878935,0.013648200522689431,0.01672687517694375,0.9920909455374,0.0,1604.2125650487533
0.240770141420565,0.013747232621739103,0.01684824630983125,0.96894496944122,0.0,1614.5913183792009
0.24303927496219502,0.013846264720788773,0.01696961744271875,0.9465605961250599,0.0,1624.7915923189726
0.24530840850382502,0.013945296819838447,0.01709098857560625,0.92491587227846,0.0,1634.8315421398636
0.247577542045455,0.014044328918888117,0.01721235970849375,0.9039768267339,0.0,1644.7259897283693
0.249846675587085,0.01414336101793779,0.01733373084138125,0.88369620453013,0.0,1654.478499918962
0.252115809128715,0.01424239311698746,0.01745510197426875,0.8640439356857,0.0,1664.0859899128739
0.254384942670345,0.014341425216037132,0.01757647310715625,0.84500651258993,0.0,1673.5459849891638
0.256654076211975,0.014440457315086802,0.01769784424004375,0.82656924276295,0.0,1682.8524312496068
0.258923209753605,0.014539489414136476,0.01781921537293125,0.8087160853766701,0.0,1691.9946971364616
0.261192343295235,0.014638521513186146,0.01794058650581875,0.79143256131889,0.0,1700.9617901817164
0.263461476836865,0.014737553612235818,0.01806195763870625,0.77469897888223,0.0,1709.7446111507081
0.265730610378495,0.014836585711285488,0.01818332877159375,0.75849848634219,0.0,1718.3367265087857
0.267999743920125,0.014935617810335162,0.01830469990448125,0.74281274828503,0.0,1726.7346934262039
0.270268877461755,0.015034649909384832,0.01842607103736875,0.72762986276397,0.0,1734.9380763384243
0.272538011003385,0.015133682008434504,0.01854744217025625,0.7129363361402901,0.0,1742.94867209233
0.274807144545015,0.015232714107484177,0.018668813303143753,0.69871858519467,0.0,1750.7697595075952
0.277076278086645,0.015331746206533848,0.01879018443603125,0.68495859802878,0.0,1758.4080609497466
0.279345411628275,0.015430778305583518,0.01891155556891875,0.67163872484143,0.0,1765.8784684343946
0.28161454516990503,0.015529810404633191,0.01903292670180625,0.6587276546155201,0.0,1773.2040197096321
0.28388367871153497,0.015628842503682863,0.019154297834693752,0.64618885040067,0.0,1780.4100204628976
0.286152812253165,0.015727874602732533,0.01927566896758125,0.63398150307516,0.0,1787.5186348238208
0.288421945794795,0.015826906701782203,0.01939704010046875,0.62207653177189,0.0,1794.5473396689215
0.290691079336425,0.015925938800831877,0.01951841123335625,0.61044678689605,0.0,1801.5062924479769
0.292960212878055,0.01602497089988155,0.019639782366243752,0.59907752973342,0.0,1808.3962685635129
0.295229346419685,0.01612400299893122,0.01976115349913125,0.58796486796514,0.0,1815.213806116021
0.297498479961315,0.01622303509798089,0.01988252463201875,0.57710891997742,0.0,1821.956003896502
0.299767613502945,0.01632206719703056,0.02000389576490625,0.56651028436205,0.0,1828.6235769228417
0.302036747044575,0.016421099296080235,0.020125266897793752,0.5561654001369,0.0,1835.2220365488545
0.304305880586205,0.016520131395129905,0.02024663803068125,0.54606501307549,0.0,1841.7601231373894
0.306575014127835,0.01661916349417958,0.02036800916356875,0.53619649708656,0.0,1848.2472956598824
0.308844147669465,0.01671819559322925,0.02048938029645625,0.5265460091445,0.0,1854.6914043741867
0.311113281211095,0.016817227692278922,0.02061075142934375,0.51710185697277,0.0,1861.0975366847638
0.313382414752725,0.016916259791328592,0.02073212256223125,0.50785479483586,0.0,1867.4678628911272
0.315651548294355,0.017015291890378263,0.020853493695118748,0.49879849059302,0.0,1873.8015816828947
0.317920681835985,0.017114323989427936,0.02097486482800625,0.48992943632202,0.0,1880.0951859154104
0.320189815377615,0.017213356088477606,0.02109623596089375,0.48124650300661,0.0,1886.3430067011338
0.322458948919245,0.017312388187527276,0.02121760709378125,0.47274978518734,0.0,1892.538189791956
0.32472808246087503,0.01741142028657695,0.02133897822666875,0.46444061858810004,0.0,1898.6734549156681
0.326997216002505,0.01751045238562662,0.02146034935955625,0.45632068503302,0.0,1904.7420519772884
0.32926634954413503,0.017609484484676294,0.02158172049244375,0.4483910918244,0.0,1910.7378395620417
0.33153548308576497,0.017708516583725967,0.021703091625331253,0.44065243221459,0.0,1916.6548897025586
0.333804616627395,0.017807548682775638,0.02182446275821875,0.43310492296878,0.0,1922.4873036055958
0.33607375016902497,0.017906580781825308,0.02194583389110625,0.42574854856292,0.0,1928.2294205944927
0.338342883710655,0.01800561288087498,0.02206720502399375,0.41858336713661,0.0,1933.876713957955
0.34061201725228496,0.01810464497992465,0.02218857615688125,0.41160860620991,0.0,1939.4268620285013
0.342881150793915,0.01820367707897432,0.022309947289768747,0.40482197405817,0.0,1944.8804456277037
0.34515028433554495,0.01830270917802399,0.02243131842265625,0.39821928859973,0.0,1950.241567388628
0.347419417877175,0.018401741277073665,0.02255268955554375,0.39179389903863,0.0,1955.5182113372248
0.349688551418805,0.01850077337612334,0.022674060688431252,0.38553641326534,0.0,1960.7219999814822
0.351957684960435,0.01859980547517301,0.02279543182131875,0.37943502902863,0.0,1965.8674338185406
0.354226818502065,0.01869883757422268,0.02291680295420625,0.37347601099509004,0.0,1970.9704896773455
0.356495952043695,0.018797869673272353,0.02303817408709375,0.36764488806622,0.0,1976.046623342649
0.358765085585325,0.018896901772322026,0.023159545219981252,0.36192779223685,0.0,1981.108531989509
0.361034219126955,0.018995933871371693,0.02328091635286875,0.35631293505251,0.0,1986.1642322731668
0.363303352668585,0.019094965970421363,0.02340228748575625,0.35079199970778,0.0,1991.2157727231604
0.365572486210215,0.019193998069471037,0.02352365861864375,0.34536092603337004,0.0,1996.259471620707
0.367841619751845,0.01929303016852071,0.023645029751531252,0.34001955939727996,0.0,2001.2873773661393
0.370110753293475,0.01939206226757038,0.02376640088441875,0.33477051759646,0.0,2006.2896562540773
0.372379886835105,0.01949109436662005,0.02388777201730625,0.32961778240760997,0.0,2011.256873243697
0.374649020376735,0.019590126465669724,0.02400914315019375,0.32456497723386,0.0,2016.1817365923039
0.37691815391836503,0.019689158564719398,0.02413051428308125,0.31961435679238,0.0,2021.0599820340067
0.37918728745999497,0.019788190663769068,0.02425188541596875,0.31476626036923,0.0,2025.8904957698926
0.381456421001625,0.01988722276281874,0.024373256548856248,0.31001926776885,0.0,2030.6749093107614
0.38372555454325497,0.01998625486186841,0.02449462768174375,0.30537037699968,0.0,2035.416811449938
0.385994688084885,0.020085286960918082,0.02461599881463125,0.30081565953159,0.0,2040.120844731899
0.38826382162651496,0.020184319059967752,0.02473736994751875,0.29635072697206,0.0,2044.791961204517
0.390532955168145,0.020283351159017422,0.024858741080406248,0.29197111439661,0.0,2049.434711686303
0.392802088709775,0.020382383258067096,0.02498011221329375,0.28767269464638,0.0,2054.052663869344
0.395071222251405,0.02048141535711677,0.02510148334618125,0.28345187744246,0.0,2058.6479575147987
0.39734035579303495,0.02058044745616644,0.02522285447906875,0.27930592145879996,0.0,2063.2210735200165
0.399609489334665,0.02067947955521611,0.025344225611956248,0.27523293578102,0.0,2067.7707781100344
0.40187862287629494,0.020778511654265783,0.02546559674484375,0.27123192616544,0.0,2072.2941702758576
0.404147756417925,0.020877543753315454,0.02558696787773125,0.26730273065108,0.0,2076.7869404006155
0.406416889959555,0.020976575852365124,0.02570833901061875,0.26344576879533,0.0,2081.2436989311573
0.408686023501185,0.021075607951414794,0.025829710143506247,0.25966197213168,0.0,2085.6584480066163
0.41095515704281493,0.021174640050464467,0.02595108127639375,0.25595243629077,0.0,2090.0251142973307
0.413224290584445,0.02127367214951414,0.02607245240928125,0.25231825565189997,0.0,2094.3380299714668
0.41549342412607493,0.02137270424856381,0.02619382354216875,0.24876036833839,0.0,2098.592479364062
0.417762557667705,0.02147173634761348,0.026315194675056247,0.24527917293555002,0.0,2102.784999457271
0.420031691209335,0.021570768446663155,0.02643656580794375,0.2418746381173,0.0,2106.913571972031
0.422300824750965,0.02166980054571283,0.02655793694083125,0.23854608881359,0.0,2110.977721846925
0.424569958292595,0.0217688326447625,0.02667930807371875,0.23529227816926998,0.0,2114.9783743579433
0.42683909183422497,0.021867864743812165,0.026800679206606247,0.232111485725,0.0,2118.91772106
0.42910822537585497,0.02196689684286184,0.02692205033949375,0.22900147464174,0.0,2122.7989705176037
0.43137735891748497,0.022065928941911513,0.02704342147238125,0.22595971970819,0.0,2126.6261242192395
0.43364649245911496,0.022164961040961186,0.027164792605268752,0.22298326259110998,0.0,2130.40367453216
0.43591562600074496,0.022263993140010856,0.02728616373815625,0.22006919509234,0.0,2134.1365107370925
0.438184759542375,0.022363025239060527,0.02740753487104375,0.21721409866153002,0.0,2137.829570453197
0.440453893084005,0.0224620573381102,0.02752890600393125,0.21441491035089,0.0,2141.487678947322
0.442723026625635,0.02256108943715987,0.02765027713681875,0.2116683625056,0.0,2145.115483273201
0.444992160167265,0.02266012153620954,0.02777164826970625,0.20897123069964,0.0,2148.716707029641
0.447261293708895,0.02275915363525921,0.027893019402593748,0.20632066269112,0.0,2152.2936561604247
0.449530427250525,0.022858185734308884,0.02801439053548125,0.20371444075036,0.0,2155.8470775066135
0.451799560792155,0.022957217833358558,0.02813576166836875,0.2011510232499,0.0,2159.376190999257
0.454068694333785,0.02305624993240823,0.028257132801256253,0.1986295614004,0.0,2162.8788444362613
0.456337827875415,0.0231552820314579,0.02837850393414375,0.19614984109745,0.0,2166.35192233148
0.458606961417045,0.02325431413050757,0.02849987506703125,0.19371208864949999,0.0,2169.791882455003
0.460876094958675,0.023353346229557245,0.02862124619991875,0.19131677051585,0.0,2173.1952626158154
0.463145228500305,0.023452378328606915,0.028742617332806253,0.18896438312094002,0.0,2176.559077549758
0.46541436204193504,0.023551410427656586,0.02886398846569375,0.18665526899767002,0.0,2179.8810268151256
0.467683495583565,0.023650442526706256,0.02898535959858125,0.18438955836719,0.0,2183.159584914559
0.469952629125195,0.02374947462575593,0.02910673073146875,0.18216712885102998,0.0,2186.3940543918748
0.472221762666825,0.0238485067248056,0.02922810186435625,0.17998762135920002,0.0,2189.5846175079764
0.47449089620845497,0.02394753882385527,0.029349472997243747,0.1778504557158,0.0,2192.732429640624
0.47676002975008497,0.024046570922904943,0.02947084413013125,0.17575476601933002,0.0,2195.839650824921
0.47902916329171497,0.024145603021954613,0.029592215263018747,0.17369942469206,0.0,2198.909436573476
0.48129829683334496,0.024244635121004287,0.02971358639590625,0.17168298396845,0.0,2201.9458917782003
0.48356743037497496,0.02434366722005396,0.02983495752879375,0.16970365620215003,0.0,2204.9539161772386
0.48583656391660496,0.02444269931910363,0.02995632866168125,0.16775935124895,0.0,2207.9390197584958
0.48810569745823496,0.0245417314181533,0.03007769979456875,0.1658477185283,0.0,2210.9071040285526
0.490374830999865,0.02464076351720297,0.03019907092745625,0.16396621006089998,0.0,2213.864135936508
0.492643964541495,0.024739795616252645,0.03032044206034375,0.16211220660818,0.0,2216.815727086132
0.494913098083125,0.024838827715302315,0.03044181319323125,0.16028318049012,0.0,2219.7666933154824
0.497182231624755,0.02493785981435199,0.03056318432611875,0.15847686173233,0.0,2222.720663754644
0.499451365166385,0.02503689191340166,0.03068455545900625,0.1566914170312,0.0,2225.6798785515043
0.501720498708015,0.025135924012451332,0.03080592659189375,0.15492554700309,0.0,2228.6451576897884
0.503989632249645,0.025234956111501002,0.03092729772478125,0.15317847833323,0.0,2231.6159754383475
0.5062587657912749,0.025333988210550672,0.03104866885766875,0.15144993701452,0.0,2234.5906247837706
0.508527899332905,0.025433020309600346,0.03117003999055625,0.14974004900312,0.0,2237.5664224107786
0.510797032874535,0.025532052408650013,0.031291411123443746,0.14804923993639,0.0,2240.5399765366083
0.513066166416165,0.025631084507699686,0.03141278225633125,0.14637815156493,0.0,2243.5074409738377
0.5153352999577949,0.02573011660674936,0.03153415338921875,0.14472753602891,0.0,2246.4647410781336
0.517604433499425,0.025829148705799033,0.03165552452210625,0.14309818976962,0.0,2249.4077396284692
0.519873567041055,0.025928180804848707,0.03177689565499375,0.14149090614786,0.0,2252.3323686313634
0.5221427005826851,0.026027212903898377,0.031898266787881255,0.13990642297009,0.0,2255.2347008921392
0.5244118341243149,0.026126245002948047,0.03201963792076875,0.13834541957363,0.0,2258.1109993224354
0.526680967665945,0.026225277101997714,0.032141009053656244,0.1368085037883,0.0,2260.957780614736
0.528950101207575,0.026324309201047388,0.032262380186543746,0.13529622968081,0.0,2263.771906291542
0.531219234749205,0.026423341300097058,0.03238375131943125,0.13380908741678002,0.0,2266.5506902923917
0.5334883682908349,0.02652237339914673,0.03250512245231875,0.13234748907039,0.0,2269.291971186511
0.535757501832465,0.026621405498196405,0.03262649358520625,0.13091174463766,0.0,2271.994135525516
0.538026635374095,0.02672043759724608,0.03274786471809375,0.12950203128509,0.0,2274.65607958994
0.540295768915725,0.026819469696295745,0.03286923585098125,0.12811840082508,0.0,2277.277170202656
0.5425649024573549,0.02691850179534542,0.03299060698386875,0.12676075985832,0.0,2279.8572184975487
0.544834035998985,0.027017533894395093,0.03311197811675625,0.12542886449079999,0.0,2282.396436861315
0.547103169540615,0.02711656599344476,0.033233349249643745,0.12412235432348,0.0,2284.895445909473
0.549372303082245,0.027215598092494433,0.03335472038253125,0.12284069114417001,0.0,2287.3552152179864
0.551641436623875,0.027314630191544103,0.03347609151541875,0.12158323379249,0.0,2289.776989174638
0.5539105701655049,0.027413662290593777,0.03359746264830625,0.12034921615764,0.0,2292.162238942664
0.556179703707135,0.02751269438964345,0.03371883378119375,0.119137775453,0.0,2294.5125503958016
0.558448837248765,0.027611726488693124,0.033840204914081254,0.1179480080075,0.0,2296.829569361888
0.560717970790395,0.02771075858774279,0.03396157604696875,0.11677899133266001,0.0,2299.1149730132825
0.5629871043320249,0.027809790686792464,0.03408294717985625,0.11562976666118,0.0,2301.370339289022
0.565256237873655,0.02790882278584213,0.034204318312743745,0.11449953404565,0.0,2303.5972038361215
0.567525371415285,0.028007854884891804,0.03432568944563125,0.11338738007658,0.0,2305.7968668919134
0.569794504956915,0.028106886983941475,0.03444706057851875,0.1122927047472,0.0,2307.9703989805917
0.572063638498545,0.028205919082991148,0.03456843171140625,0.11121479738007,0.0,2310.1185884771403
0.574332772040175,0.02830495118204082,0.03468980284429375,0.11015326328534,0.0,2312.241894281116
0.576601905581805,0.028403983281090495,0.03481117397718125,0.10910764549148,0.0,2314.3405218536486
0.5788710391234351,0.02850301538014017,0.034932545110068755,0.108077814732,0.0,2316.4145825511414
0.5811401726650649,0.028602047479189836,0.03505391624295625,0.10706332798818999,0.0,2318.463900778356
0.583409306206695,0.028701079578239502,0.035175287375843745,0.10606442908796,0.0,2320.4885652813023
0.585678439748325,0.028800111677289176,0.035296658508731246,0.10508040198153,0.0,2322.4883755739565
0.587947573289955,0.02889914377633885,0.03541802964161875,0.10411182008654,0.0,2324.4635228377624
0.5902167068315849,0.02899817587538852,0.03553940077450625,0.10315759030135001,0.0,2326.413968345989
0.592485840373215,0.029097207974438193,0.03566077190739375,0.10221859488925,0.0,2328.3402337657362
0.594754973914845,0.029196240073487867,0.03578214304028125,0.10129308965307,0.0,2330.2423751301267
0.597024107456475,0.029295272172537534,0.03590351417316875,0.10038260899149,0.0,2332.1214837249718
0.599293240998105,0.029394304271587207,0.03602488530605625,0.099484195920688,0.0,2333.977411233307
0.6015623745397349,0.029493336370636874,0.036146256438943744,0.09860068279766801,0.0,2335.8112614787206
0.603831508081365,0.029592368469686547,0.036267627571831246,0.09772744257057901,0.0,2337.621785830869
0.606100641622995,0.02969140056873622,0.03638899870471875,0.09686975335519599,0.0,2339.409915681105
0.608369775164625,0.029790432667785895,0.03651036983760625,0.096020277003119,0.0,2341.1728527366377
0.6106389087062549,0.029889464766835565,0.03663174097049375,0.09518829600296601,0.0,2342.911886573064
0.612908042247885,0.02998849686588524,0.03675311210338125,0.094361762016781,0.0,2344.622487203587
0.615177175789515,0.030087528964934912,0.036874483236268754,0.093556367943561,0.0,2346.3074602067595
0.617446309331145,0.03018656106398458,0.03699585436915625,0.092752023398312,0.0,2347.9601770547365
0.6197154428727749,0.030285593163034252,0.03711722550204375,0.091974845912506,0.0,2349.5863453689944
0.621984576414405,0.03038462526208392,0.037238596634931245,0.09119148397816,0.0,2351.1755255645407
0.624253709956035,0.030483657361133593,0.03735996776781875,0.090445350995719,0.0,2352.7361263531693
0.6265228434976651,0.030582689460183266,0.03748133890070625,0.089682244923834,0.0,2354.245467137283
0.628791977039295,0.03068172155923294,0.03760271003359375,0.088976015066003,0.0,2355.7002422276805
0.631061110580925,0.03078075365828261,0.03772408116648125,0.088244753541423,0.0,2357.0149471062214
0.633330244122555,0.030879785757332284,0.037845452299368754,0.08762942487425099,0.0,2358.062219445044
0.6355993776641851,0.030978817856381957,0.037966823432256255,0.087033875223295,0.0,2358.3160107559047
0.184041802879815,0.01174463855003002,0.013813967987643751,2.0333225487737,0.0,1222.829139442907
0.186310936421445,0.011847828313278812,0.013935339120531251,1.9392424889594,0.0,1251.3956798824156
0.188580069963075,0.011951018076527604,0.014056710253418751,1.8581814955236,0.0,1276.3286782354944
0.190849203504705,0.012054207839776397,0.014178081386306251,1.7888621728278,0.0,1298.7938935438863
0.193118337046335,0.012157397603025187,0.014299452519193751,1.7272834288654,0.0,1319.8858370608507
0.19538747058796502,0.01226058736627398,0.014420823652081251,1.67040021371,0.0,1340.0737864029388
0.19765660412959501,0.012363777129522772,0.014542194784968751,1.616693208009,0.0,1359.4529777094863
0.199925737671225,0.012466966892771563,0.014663565917856251,1.5656179511213,0.0,1378.003040099317
0.202194871212855,0.012570156656020355,0.014784937050743751,1.5169182984201,0.0,1395.7575127919515
0.204464004754485,0.012673346419269147,0.014906308183631251,1.4706270607459,0.0,1412.7576260840572
0.206733138296115,0.01277653618251794,0.01502767931651875,1.4268094159059002,0.0,1429.0053144086764
0.209002271837745,0.01287972594576673,0.01514905044940625,1.3854155042838001,0.0,1444.5224695216818
0.211271405379375,0.012982915709015523,0.01527042158229375,1.3462751173858,0.0,1459.3514668383762
0.213540538921005,0.013086105472264315,0.01539179271518125,1.3092233928288999,0.0,1473.5498720013586
0.215809672462635,0.013189295235513106,0.01551316384806875,1.2740849004566,0.0,1487.192183834897
0.218078806004265,0.0132924849987619,0.015634534980956252,1.2405837297320998,0.0,1500.354399881984
0.220347939545895,0.01339567476201069,0.01575590611384375,1.2085687926153001,0.0,1513.0976227423866
0.22261707308752499,0.013498864525259481,0.01587727724673125,1.1778891874221,0.0,1525.487342232132
0.224886206629155,0.013602054288508273,0.01599864837961875,1.148413841255,0.0,1537.569217090874
0.227155340170785,0.013705244051757067,0.016120019512506252,1.1199989908864,0.0,1549.3679230885868
0.229424473712415,0.013808433815005858,0.01624139064539375,1.0925948274308999,0.0,1560.9020675674274
0.231693607254045,0.013911623578254649,0.01636276177828125,1.0660965508644,0.0,1572.1953937774351
0.233962740795675,0.014014813341503441,0.01648413291116875,1.0405039130445,0.0,1583.2700254215426
0.236231874337305,0.014118003104752235,0.016605504044056252,1.0157509811829,0.0,1594.1316605353165
0.238501007878935,0.014221192868001026,0.01672687517694375,0.9918199833961899,0.0,1604.7806582570788
0.240770141420565,0.014324382631249818,0.01684824630983125,0.96867804230799,0.0,1615.2266723197379
0.24303927496219502,0.014427572394498609,0.01696961744271875,0.94630079569534,0.0,1625.4843236574134
0.24530840850382502,0.014530762157747401,0.01709098857560625,0.92466181077274,0.0,1635.5708840049638
0.247577542045455,0.014633951920996192,0.01721235970849375,0.90372672291983,0.0,1645.501857210949
0.249846675587085,0.014737141684244986,0.01733373084138125,0.8834510808817,0.0,1655.284270501127
0.252115809128715,0.014840331447493776,0.01745510197426875,0.86380730451263,0.0,1664.9187847602525
0.254384942670345,0.014943521210742569,0.01757647310715625,0.8447761117271799,0.0,1674.404352195283
0.256654076211975,0.01504671097399136,0.01769784424004375,0.82634032440035,0.0,1683.7358477042137
0.258923209753605,0.015149900737240153,0.01781921537293125,0.80848401189062,0.0,1692.9039159101026
0.261192343295235,0.015253090500488944,0.01794058650581875,0.7911935189262,0.0,1701.8981852942907
0.263461476836865,0.015356280263737736,0.01806195763870625,0.7744523447657801,0.0,1710.7095044903672
0.265730610378495,0.015459470026986527,0.01818332877159375,0.7582452168419,0.0,1719.3308093317908
0.267999743920125,0.015562659790235321,0.01830469990448125,0.74255735655595,0.0,1727.7581475548384
0.270268877461755,0.015665849553484112,0.01842607103736875,0.7273759751401699,0.0,1735.9907826633469
0.272538011003385,0.015769039316732902,0.01854744217025625,0.7126861842046001,0.0,1744.0301061384012
0.274807144545015,0.015872229079981696,0.018668813303143753,0.69847192563014,0.0,1751.879302509267
0.277076278086645,0.015975418843230487,0.01879018443603125,0.68471486044581,0.0,1759.5453542280272
0.279345411628275,0.016078608606479278,0.01891155556891875,0.67139560575951,0.0,1767.042429518999
0.28161454516990503,0.016181798369728072,0.01903292670180625,0.65848629140668,0.0,1774.3921470111509
0.28388367871153497,0.016284988132976866,0.019154297834693752,0.64595224787709,0.0,1781.6190546265777
0.286152812253165,0.016388177896225656,0.01927566896758125,0.63375609093017,0.0,1788.7457157601316
0.288421945794795,0.016491367659474447,0.01939704010046875,0.62186671563662,0.0,1795.7904186652038
0.290691079336425,0.016594557422723238,0.01951841123335625,0.6102563982410201,0.0,1802.764556705146
0.292960212878055,0.016697747185972032,0.019639782366243752,0.59890714803879,0.0,1809.671046408498
0.295229346419685,0.016800936949220822,0.01976115349913125,0.58781121065055,0.0,1816.5076362324712
0.297498479961315,0.016904126712469613,0.01988252463201875,0.57696661070389,0.0,1823.271143870946
0.299767613502945,0.017007316475718407,0.02000389576490625,0.56637318069665,0.0,1829.9606627282853
0.302036747044575,0.0171105062389672,0.020125266897793752,0.5560284489471701,0.0,1836.5791505741938
0.304305880586205,0.01721369600221599,0.02024663803068125,0.5459256364746999,0.0,1843.1328942547684
0.306575014127835,0.017316885765464782,0.02036800916356875,0.53605461377532,0.0,1849.6298313188904
0.308844147669465,0.017420075528713573,0.02048938029645625,0.52640340476881,0.0,1856.0775571538024
0.311113281211095,0.017523265291962367,0.02061075142934375,0.51696079618266,0.0,1862.4818756630991
0.313382414752725,0.017626455055211158,0.02073212256223125,0.50771732275527,0.0,1868.8461322628405
0.315651548294355,0.01772964481845995,0.020853493695118748,0.49866591905373997,0.0,1875.170838117979
0.317920681835985,0.017832834581708742,0.02097486482800625,0.48980208228133004,0.0,1881.4536440033587
0.320189815377615,0.017936024344957533,0.02109623596089375,0.48112374151604,0.0,1887.6897578797043
0.322458948919245,0.018039214108206324,0.02121760709378125,0.47263057004184,0.0,1893.872826328883
0.32472808246087503,0.018142403871455118,0.02133897822666875,0.46432365233634,0.0,1899.9957211079209
0.326997216002505,0.01824559363470391,0.02146034935955625,0.45620469417998005,0.0,1906.051426932668
0.32926634954413503,0.018348783397952702,0.02158172049244375,0.44827510730779996,0.0,1912.033360611675
0.33153548308576497,0.018451973161201497,0.021703091625331253,0.44053580383127,0.0,1917.9352789514567
0.333804616627395,0.018555162924450284,0.02182446275821875,0.43298721937733,0.0,1923.7512472608958
0.33607375016902497,0.018658352687699074,0.02194583389110625,0.42562941934408,0.0,1929.4758645506536
0.338342883710655,0.01876154245094787,0.02206720502399375,0.41846222712542,0.0,1935.1049232886694
0.34061201725228496,0.01886473221419666,0.02218857615688125,0.41148469240214003,0.0,1940.6362443514595
0.342881150793915,0.01896792197744545,0.022309947289768747,0.40469451357366,0.0,1946.0703354447126
0.34515028433554495,0.019071111740694244,0.02243131842265625,0.39808764779448,0.0,1951.4109416429653
0.347419417877175,0.019174301503943038,0.02255268955554375,0.39165782332536003,0.0,1956.6653586580715
0.349688551418805,0.01927749126719183,0.022674060688431252,0.38539630216819,0.0,1961.8442808272334
0.351957684960435,0.01938068103044062,0.02279543182131875,0.3792920760755,0.0,1966.961190636183
0.354226818502065,0.01948387079368941,0.02291680295420625,0.37333229988362,0.0,1972.03120108431
0.356495952043695,0.019587060556938204,0.02303817408709375,0.36750321462305,0.0,1977.06936252798
0.358765085585325,0.019690250320186998,0.023159545219981252,0.36179131697104,0.0,1982.088688848971
0.361034219126955,0.01979344008343579,0.02328091635286875,0.35618472210877,0.0,1987.098317360645
0.363303352668585,0.01989662984668458,0.02340228748575625,0.35067435476987,0.0,1992.1023129742284
0.365572486210215,0.01999981960993337,0.02352365861864375,0.34525482253817996,0.0,1997.0994252315077
0.367841619751845,0.020103009373182164,0.023645029751531252,0.33992436501518003,0.0,2002.0840171925624
0.370110753293475,0.020206199136430954,0.02376640088441875,0.33468416459272,0.0,2007.0478098454266
0.372379886835105,0.020309388899679745,0.02388777201730625,0.32953720276083,0.0,2011.98182850585
0.374649020376735,0.02041257866292854,0.02400914315019375,0.32448685485950995,0.0,2016.8781533640874
0.37691815391836503,0.020515768426177333,0.02413051428308125,0.31953579101203,0.0,2021.7311102803387
0.37918728745999497,0.020618958189426124,0.02425188541596875,0.31468525219167,0.0,2026.537818497725
0.381456421001625,0.020722147952674914,0.024373256548856248,0.30993486075553,0.0,2031.2981796422537
0.38372555454325497,0.020825337715923705,0.02449462768174375,0.30528263234589,0.0,2036.0144035045828
0.385994688084885,0.0209285274791725,0.02461599881463125,0.3007253867814,0.0,2040.6902745476211
0.38826382162651496,0.02103171724242129,0.02473736994751875,0.29625917551417996,0.0,2045.3303929218957
0.390532955168145,0.02113490700567008,0.024858741080406248,0.29187969415915,0.0,2049.939403729251
0.392802088709775,0.021238096768918874,0.02498011221329375,0.28758270866556,0.0,2054.52130734426
0.395071222251405,0.021341286532167665,0.02510148334618125,0.28336437014872,0.0,2059.078905034806
0.39734035579303495,0.021444476295416456,0.02522285447906875,0.27922153864962,0.0,2063.613446166613
0.399609489334665,0.021547666058665246,0.025344225611956248,0.27515189227999004,0.0,2068.124455586589
0.40187862287629494,0.02165085582191404,0.02546559674484375,0.27115401303483,0.0,2072.6097101989617
0.404147756417925,0.021754045585162834,0.02558696787773125,0.26722736736443,0.0,2077.065424443238
0.406416889959555,0.021857235348411625,0.02570833901061875,0.2633721414615,0.0,2081.486561715732
0.408686023501185,0.021960425111660416,0.025829710143506247,0.25958912572417997,0.0,2085.8672865588687
0.41095515704281493,0.02206361487490921,0.02595108127639375,0.25587943091263,0.0,2090.201494519773
0.413224290584445,0.022166804638158,0.02607245240928125,0.25224426612866,0.0,2094.4833260861124
0.41549342412607493,0.02226999440140679,0.02619382354216875,0.24868473543137998,0.0,2098.7076987695973
0.417762557667705,0.02237318416465558,0.026315194675056247,0.24520152308777998,0.0,2102.8706812150426
0.420031691209335,0.022476373927904376,0.02643656580794375,0.24179485395483,0.0,2106.969750584433
0.422300824750965,0.02257956369115317,0.02655793694083125,0.23846431489081,0.0,2111.003921721805
0.424569958292595,0.02268275345440196,0.02667930807371875,0.23520889885821,0.0,2114.973708430325
0.42683909183422497,0.02278594321765075,0.026800679206606247,0.23202699721767,0.0,2118.880993805995
0.42910822537585497,0.02288913298089954,0.02692205033949375,0.22891649546106,0.0,2122.7288129386197
0.43137735891748497,0.022992322744148336,0.02704342147238125,0.22587484540356,0.0,2126.521110962237
0.43364649245911496,0.02309551250739713,0.027164792605268752,0.2228991152598,0.0,2130.2624288914694
0.43591562600074496,0.02319870227064592,0.02728616373815625,0.21998625396716,0.0,2133.9577239147256
0.438184759542375,0.02330189203389471,0.02740753487104375,0.21713290887757,0.0,2137.612071713576
0.440453893084005,0.023405081797143505,0.02752890600393125,0.21433583922939,0.0,2141.230426969316
0.442723026625635,0.023508271560392296,0.02765027713681875,0.21159178005774,0.0,2144.817451607227
0.444992160167265,0.023611461323641086,0.02777164826970625,0.20889754264336,0.0,2148.377023498334
0.447261293708895,0.023714651086889877,0.027893019402593748,0.20625025361337998,0.0,2151.9118117101802
0.449530427250525,0.02381784085013867,0.02801439053548125,0.20364757192167,0.0,2155.4230834986
0.451799560792155,0.023921030613387465,0.02813576166836875,0.20108775712043,0.0,2158.910661133123
0.454068694333785,0.02402422037663626,0.028257132801256253,0.19856971044984,0.0,2162.3730134661278
0.456337827875415,0.02412741013988505,0.02837850393414375,0.19609295388095,0.0,2165.807561851195
0.458606961417045,0.024230599903133837,0.02849987506703125,0.19365750070084,0.0,2169.2111196135843
0.460876094958675,0.02433378966638263,0.02862124619991875,0.19126368386183001,0.0,2172.5803413738363
0.463145228500305,0.024436979429631425,0.028742617332806253,0.18891197001037,0.0,2175.912112509932
0.46541436204193504,0.024540169192880216,0.02886398846569375,0.18660278159267002,0.0,2179.203823327644
0.467683495583565,0.024643358956129006,0.02898535959858125,0.18433639680268998,0.0,2182.453552529236
0.469952629125195,0.0247465487193778,0.02910673073146875,0.18211287446392999,0.0,2185.6601967181023
0.472221762666825,0.02484973848262659,0.02922810186435625,0.17993203266544,0.0,2188.823569203119
0.47449089620845497,0.02495292824587538,0.029349472997243747,0.17779343305173,0.0,2191.9444900434314
0.47676002975008497,0.025056118009124172,0.02947084413013125,0.17569633697258,0.0,2195.0248124354566
0.47902916329171497,0.025159307772372963,0.029592215263018747,0.17363970229324,0.0,2198.067392023137
0.48129829683334496,0.025262497535621757,0.02971358639590625,0.17162216139521,0.0,2201.0760149270473
0.48356743037497496,0.02536568729887055,0.02983495752879375,0.16964201642038998,0.0,2204.05526137445
0.48583656391660496,0.025468877062119342,0.02995632866168125,0.16769727024727998,0.0,2207.0103322414607
0.48810569745823496,0.025572066825368132,0.03007769979456875,0.16578567461601,0.0,2209.946843254374
0.490374830999865,0.025675256588616923,0.03019907092745625,0.16390478928909,0.0,2212.87054605768
0.492643964541495,0.025778446351865717,0.03032044206034375,0.16205208303879998,0.0,2215.78697373069
0.494913098083125,0.025881636115114508,0.03044181319323125,0.1602250690634,0.0,2218.701062243524
0.497182231624755,0.025984825878363302,0.03056318432611875,0.15842146250702002,0.0,2221.616814263321
0.499451365166385,0.026088015641612092,0.03068455545900625,0.15663932190435,0.0,2224.5370658901193
0.501720498708015,0.026191205404860887,0.03080592659189375,0.15487714891667997,0.0,2227.4633692956654
0.503989632249645,0.026294395168109677,0.03092729772478125,0.15313391987543,0.0,2230.395965467196
0.5062587657912749,0.026397584931358468,0.03104866885766875,0.15140908404849998,0.0,2233.333837771971
0.508527899332905,0.026500774694607262,0.03117003999055625,0.14970252563508,0.0,2236.274852318759
0.510797032874535,0.02660396445785605,0.031291411123443746,0.14801448693750002,0.0,2239.2159631568857
0.513066166416165,0.026707154221104843,0.03141278225633125,0.14634549141228,0.0,2242.1534530557124
0.5153352999577949,0.026810343984353637,0.03153415338921875,0.14469624970056,0.0,2245.0831771317867
0.517604433499425,0.02691353374760243,0.03165552452210625,0.14306758210954001,0.0,2248.0007777183446
0.519873567041055,0.027016723510851222,0.03177689565499375,0.14146035071301,0.0,2250.90186545074
0.5221427005826851,0.027119913274100016,0.031898266787881255,0.13987539859377,0.0,2253.7821483548996
0.5244118341243149,0.027223103037348803,0.03201963792076875,0.13831351933671,0.0,2256.637527892806
0.526680967665945,0.02732629280059759,0.032141009053656244,0.13677543623922,0.0,2259.4641888874803
0.528950101207575,0.027429482563846384,0.032262380186543746,0.13526180383333,0.0,2262.2587026627575
0.531219234749205,0.02753267232709518,0.03238375131943125,0.13377319184719,0.0,2265.018126746317
0.5334883682908349,0.027635862090343973,0.03250512245231875,0.13231007396209002,0.0,2267.740069791205
0.535757501832465,0.027739051853592763,0.03262649358520625,0.13087280609711,0.0,2270.4227114082346
0.538026635374095,0.027842241616841557,0.03274786471809375,0.12946160545523,0.0,2273.0647670509325
0.540295768915725,0.027945431380090344,0.03286923585098125,0.12807655415777,0.0,2275.6654439823237
0.5425649024573549,0.02804862114333914,0.03299060698386875,0.12671759141411,0.0,2278.2244074521423
0.544834035998985,0.028151810906587933,0.03311197811675625,0.12538450661942,0.0,2280.7417352048046
0.547103169540615,0.02825500066983672,0.033233349249643745,0.12407696697256,0.0,2283.2179061452443
0.549372303082245,0.028358190433085514,0.03335472038253125,0.12279447573824,0.0,2285.6537503721156
0.551641436623875,0.028461380196334304,0.03347609151541875,0.12153642663299,0.0,2288.0503920562473
0.5539105701655049,0.0285645699595831,0.03359746264830625,0.12030208532063,0.0,2290.4092031908085
0.556179703707135,0.028667759722831893,0.03371883378119375,0.11909062392627,0.0,2292.7317209474704
0.558448837248765,0.028770949486080687,0.033840204914081254,0.11790114900402,0.0,2295.0195937550366
0.560717970790395,0.028874139249329474,0.03396157604696875,0.11673274328937,0.0,2297.274549670209
0.5629871043320249,0.028977329012578268,0.03408294717985625,0.11558444367381,0.0,2299.4982948589427
0.565256237873655,0.029080518775827055,0.034204318312743745,0.11445539972706,0.0,2301.6925350762745
0.567525371415285,0.029183708539075846,0.03432568944563125,0.11334467875399,0.0,2303.858821287301
0.569794504956915,0.02928689830232464,0.03444706057851875,0.1122515890593,0.0,2305.998535690224
0.572063638498545,0.029390088065573434,0.03456843171140625,0.11117535433346999,0.0,2308.112798286546
0.574332772040175,0.029493277828822228,0.03468980284429375,0.11011549741675,0.0,2310.20245097501
0.576601905581805,0.029596467592071022,0.03481117397718125,0.10907144895832001,0.0,2312.268028346961
0.5788710391234351,0.029699657355319813,0.034932545110068755,0.10804302175292001,0.0,2314.3099131184194
0.5811401726650649,0.0298028471185686,0.03505391624295625,0.10702971429192999,0.0,2316.3281541949104
0.583409306206695,0.02990603688181739,0.035175287375843745,0.10603168515445,0.0,2318.32287784786
0.585678439748325,0.03000922664506618,0.035296658508731246,0.105048303671,0.0,2320.2939002771936
0.587947573289955,0.030112416408314975,0.03541802964161875,0.10408004821615,0.0,2322.2412882347703
0.5902167068315849,0.03021560617156377,0.03553940077450625,0.10312598174769001,0.0,2324.1648010451254
0.592485840373215,0.030318795934812563,0.03566077190739375,0.10218695083366999,0.0,2326.0647175205554
0.594754973914845,0.030421985698061354,0.03578214304028125,0.10126140002523,0.0,2327.9408054622086
0.597024107456475,0.03052517546131014,0.03590351417316875,0.10035081605275,0.0,2329.793762392295
0.599293240998105,0.030628365224558935,0.03602488530605625,0.099452554022417,0.0,2331.6232091167753
0.6015623745397349,0.030731554987807722,0.036146256438943744,0.098569286528931,0.0,2333.430083948404
0.603831508081365,0.030834744751056516,0.036267627571831246,0.097696722693004,0.0,2335.213260985054
0.606100641622995,0.03093793451430531,0.03638899870471875,0.09683975450611,0.0,2336.973819665426
0.608369775164625,0.031041124277554104,0.03651036983760625,0.095991414655534,0.0,2338.7093553134982
0.6106389087062549,0.031144314040802895,0.03663174097049375,0.095160369660825,0.0,2340.4214216589817
0.612908042247885,0.03124750380405169,0.03675311210338125,0.094335070515417,0.0,2342.105892064286
0.615177175789515,0.03135069356730048,0.036874483236268754,0.09353042186680699,0.0,2343.765712229578
0.617446309331145,0.03145388333054927,0.03699585436915625,0.092727041467538,0.0,2345.3944528676575
0.6197154428727749,0.031557073093798065,0.03711722550204375,0.09195014769113201,0.0,2346.9977363847397
0.621984576414405,0.03166026285704685,0.037238596634931245,0.091167298744667,0.0,2348.5650343372217
0.624253709956035,0.031763452620295646,0.03735996776781875,0.090420970477929,0.0,2350.1044866705047
0.6265228434976651,0.03186664238354444,0.03748133890070625,0.08965799351463999,0.0,2351.593103508305
0.628791977039295,0.031969832146793234,0.03760271003359375,0.088951286810506,0.0,2353.027243191588
0.631061110580925,0.03207302191004203,0.03772408116648125,0.08822005178319,0.0,2354.321255848693
0.633330244122555,0.032176211673290815,0.037845452299368754,0.08760414713181901,0.0,2355.348170088569
0.6355993776641851,0.03227940143653961,0.037966823432256255,0.0870082176672,0.0,2355.5830077106684
0.184041802879815,0.012184549813170747,0.013813967987643751,2.0245358312021997,0.0,1222.652183703283
0.186310936421445,0.012291604688053294,0.013935339120531251,1.9296820692362,0.0,1250.908933765271
0.188580069963075,0.01239865956293584,0.014056710253418751,1.8516037015245999,0.0,1275.2047350191667
0.190849203504705,0.012505714437818387,0.014178081386306251,1.7855319263315999,0.0,1297.2320536493146
0.193118337046335,0.012612769312700934,0.014299452519193751,1.7259919064167,0.0,1318.1473365443608
0.19538747058796502,0.012719824187583481,0.014420823652081251,1.6700383654268,0.0,1338.3461590748495
0.19765660412959501,0.012826879062466028,0.014542194784968751,1.6166369864784,0.0,1357.8458372687664
0.199925737671225,0.012933933937348575,0.014663565917856251,1.5655876875552,0.0,1376.584836849242
0.202194871212855,0.01304098881223112,0.014784937050743751,1.5168265720453,0.0,1394.5276336751024
0.204464004754485,0.013148043687113668,0.014906308183631251,1.4704695347051002,0.0,1411.6700415662483
0.206733138296115,0.013255098561996215,0.01502767931651875,1.4265813637147,0.0,1428.0294796803655
0.209002271837745,0.013362153436878762,0.01514905044940625,1.3851128343899999,0.0,1443.639646485758
0.211271405379375,0.01346920831176131,0.01527042158229375,1.3459155777375,0.0,1458.5485078159877
0.213540538921005,0.013576263186643856,0.01539179271518125,1.3088320583571,0.0,1472.8215328576418
0.215809672462635,0.013683318061526402,0.01551316384806875,1.2736612111559,0.0,1486.5368091640503
0.218078806004265,0.01379037293640895,0.015634534980956252,1.2401694264586,0.0,1499.7712169501172
0.220347939545895,0.013897427811291496,0.01575590611384375,1.2081781306980002,0.0,1512.5932290119913
0.22261707308752499,0.014004482686174042,0.01587727724673125,1.1775222447577,0.0,1525.062590911007
0.224886206629155,0.01411153756105659,0.01599864837961875,1.1480633259203001,0.0,1537.2231531058562
0.227155340170785,0.014218592435939138,0.016120019512506252,1.119673452296,0.0,1549.1036651262164
0.229424473712415,0.014325647310821683,0.01624139064539375,1.0922794435838,0.0,1560.7239994150295
0.231693607254045,0.014432702185704228,0.01636276177828125,1.0658057516268,0.0,1572.102629829023
0.233962740795675,0.014539757060586777,0.01648413291116875,1.0402202351421,0.0,1583.2539550564848
0.236231874337305,0.014646811935469326,0.016605504044056252,1.0154740250688,0.0,1594.1837391638144
0.238501007878935,0.014753866810351872,0.01672687517694375,0.9915445868375,0.0,1604.8950397886942
0.240770141420565,0.014860921685234419,0.01684824630983125,0.9684066538948699,0.0,1615.3965876887798
0.24303927496219502,0.014967976560116964,0.01696961744271875,0.9460353864375399,0.0,1625.702186736119
0.24530840850382502,0.015075031434999513,0.01709098857560625,0.9244019877754001,0.0,1635.828392912855
0.247577542045455,0.015182086309882058,0.01721235970849375,0.90347124941695,0.0,1645.7905536931296
0.249846675587085,0.015289141184764607,0.01733373084138125,0.88320179279571,0.0,1655.597714588291
0.252115809128715,0.015396196059647153,0.01745510197426875,0.8635654488890899,0.0,1665.2533134577575
0.254384942670345,0.0155032509345297,0.01757647310715625,0.84454018389061,0.0,1674.75771712644
0.256654076211975,0.015610305809412245,0.01769784424004375,0.82610708710249,0.0,1684.1066644551058
0.258923209753605,0.015717360684294794,0.01781921537293125,0.8082500954396801,0.0,1693.2915781155243
0.261192343295235,0.01582441555917734,0.01794058650581875,0.79095593384318,0.0,1702.3024834814382
0.263461476836865,0.01593147043405989,0.01806195763870625,0.77421045293559,0.0,1711.1303686310994
0.265730610378495,0.016038525308942432,0.01818332877159375,0.75800012106948,0.0,1719.7682901359337
0.267999743920125,0.016145580183824983,0.01830469990448125,0.7423119203426,0.0,1728.2123390437464
0.270268877461755,0.016252635058707526,0.01842607103736875,0.7271324674042401,0.0,1736.4616089181502
0.272538011003385,0.016359689933590077,0.01854744217025625,0.71244599306109,0.0,1744.5172523322663
0.274807144545015,0.016466744808472624,0.018668813303143753,0.69823522735748,0.0,1752.3825158876073
0.277076278086645,0.016573799683355168,0.01879018443603125,0.68448154288729,0.0,1760.0646208651722
0.279345411628275,0.016680854558237715,0.01891155556891875,0.67116458416332,0.0,1767.5772447697232
0.28161454516990503,0.016787909433120262,0.01903292670180625,0.65825797218867,0.0,1774.940754750048
0.28388367871153497,0.016894964308002813,0.019154297834693752,0.6457287829436701,0.0,1782.1788350799598
0.286152812253165,0.017002019182885356,0.01927566896758125,0.6335415685818601,0.0,1789.3141964184163
0.288421945794795,0.017109074057767903,0.01939704010046875,0.62166427726132,0.0,1796.3657807311772
0.290691079336425,0.01721612893265045,0.01951841123335625,0.61006863733966,0.0,1803.3460831760428
0.292960212878055,0.017323183807532998,0.019639782366243752,0.5987347231742001,0.0,1810.2597673369164
0.295229346419685,0.017430238682415545,0.01976115349913125,0.58765213792725,0.0,1817.1058330296503
0.297498479961315,0.01753729355729809,0.01988252463201875,0.5768171005216699,0.0,1823.8811744800996
0.299767613502945,0.01764434843218064,0.02000389576490625,0.56622870658353,0.0,1830.5837579345932
0.302036747044575,0.017751403307063186,0.020125266897793752,0.55588510478305,0.0,1837.2145731037358
0.304305880586205,0.01785845818194573,0.02024663803068125,0.54578122592596,0.0,1843.777872029039
0.306575014127835,0.01796551305682828,0.02036800916356875,0.5359087992555,0.0,1850.2801596766806
0.308844147669465,0.018072567931710824,0.02048938029645625,0.5262573321588899,0.0,1856.728528740143
0.311113281211095,0.018179622806593375,0.02061075142934375,0.51681613855842,0.0,1863.1290946944487
0.313382414752725,0.01828667768147592,0.02073212256223125,0.50757562641426,0.0,1869.4859693630908
0.315651548294355,0.018393732556358466,0.020853493695118748,0.49852820067103,0.0,1875.800615023988
0.317920681835985,0.018500787431241013,0.02097486482800625,0.48966865702027,0.0,1882.0716111491115
0.320189815377615,0.01860784230612356,0.02109623596089375,0.48099426512016,0.0,1888.2949253960417
0.322458948919245,0.018714897181006107,0.02121760709378125,0.47250431751377003,0.0,1894.464675135472
0.32472808246087503,0.018821952055888654,0.02133897822666875,0.46419968170389,0.0,1900.5739130071045
0.326997216002505,0.0189290069307712,0.02146034935955625,0.45608203182873996,0.0,1906.6154853485484
0.32926634954413503,0.01903606180565375,0.02158172049244375,0.44815297777976004,0.0,1912.5825090630753
0.33153548308576497,0.019143116680536296,0.021703091625331253,0.44041369392024,0.0,1918.4685048225106
0.333804616627395,0.019250171555418843,0.02182446275821875,0.4328648255259,0.0,1924.267492892007
0.33607375016902497,0.019357226430301386,0.02194583389110625,0.42550652312163,0.0,1929.9742313313182
0.338342883710655,0.019464281305183937,0.02206720502399375,0.41833848207868,0.0,1935.5847301617862
0.34061201725228496,0.01957133618006648,0.02218857615688125,0.41135960772908003,0.0,1941.0969214939732
0.342881150793915,0.019678391054949024,0.022309947289768747,0.40456755793823,0.0,1946.511260771595
0.34515028433554495,0.019785445929831575,0.02243131842265625,0.39795836423247,0.0,1951.8312276088634
0.347419417877175,0.019892500804714122,0.02255268955554375,0.39152601169626,0.0,1957.0636140148686
0.349688551418805,0.019999555679596673,0.022674060688431252,0.38526221804717997,0.0,1962.2184369758045
0.351957684960435,0.020106610554479216,0.02279543182131875,0.37915654367979,0.0,1967.3084378114743
0.354226818502065,0.020213665429361764,0.02291680295420625,0.37319676593261997,0.0,1972.3480915872728
0.356495952043695,0.02032072030424431,0.02303817408709375,0.36736964027235,0.0,1977.352125856465
0.358765085585325,0.020427775179126858,0.023159545219981252,0.3616619454835,0.0,1982.3337422778015
0.361034219126955,0.020534830054009405,0.02328091635286875,0.35606171035876005,0.0,1987.302886102643
0.363303352668585,0.02064188492889195,0.02340228748575625,0.35055936843027,0.0,1992.264993801261
0.365572486210215,0.0207489398037745,0.02352365861864375,0.3451486087979,0.0,1997.220554234263
0.367841619751845,0.020855994678657046,0.023645029751531252,0.33982654672197005,0.0,2002.1656331355005
0.370110753293475,0.02096304955353959,0.02376640088441875,0.33459331730644,0.0,2007.0931631499518
0.372379886835105,0.021070104428422137,0.02388777201730625,0.32945114659552005,0.0,2011.9946444793945
0.374649020376735,0.021177159303304684,0.02400914315019375,0.3244031515165,0.0,2016.861842007578
0.37691815391836503,0.021284214178187235,0.02413051428308125,0.31945223989625,0.0,2021.6881467113874
0.37918728745999497,0.02139126905306978,0.02425188541596875,0.31460027324537,0.0,2026.4694157163249
0.381456421001625,0.021498323927952326,0.024373256548856248,0.30984764594366,0.0,2031.204259326143
0.38372555454325497,0.021605378802834873,0.02449462768174375,0.30519315113588996,0.0,2035.8938175571466
0.385994688084885,0.02171243367771742,0.02461599881463125,0.30063421194475,0.0,2040.541179259808
0.38826382162651496,0.021819488552599967,0.02473736994751875,0.29616724522969,0.0,2045.15063977097
0.390532955168145,0.02192654342748251,0.024858741080406248,0.29178808367527004,0.0,2049.726888101551
0.392802088709775,0.02203359830236506,0.02498011221329375,0.28749242627293,0.0,2054.2742392248006
0.395071222251405,0.02214065317724761,0.02510148334618125,0.28327622397419,0.0,2058.7959911377006
0.39734035579303495,0.022247708052130152,0.02522285447906875,0.27913603051415997,0.0,2063.293971819098
0.399609489334665,0.0223547629270127,0.025344225611956248,0.27506919074262,0.0,2067.7682781270523
0.40187862287629494,0.022461817801895247,0.02546559674484375,0.27107396352321,0.0,2072.21719736289
0.404147756417925,0.022568872676777797,0.02558696787773125,0.26714953799602,0.0,2076.6373426875325
0.406416889959555,0.02267592755166034,0.02570833901061875,0.26329591900152,0.0,2081.0239462697464
0.408686023501185,0.022782982426542885,0.025829710143506247,0.25951379396181,0.0,2085.3712964301058
0.41095515704281493,0.022890037301425435,0.02595108127639375,0.2558042776788,0.0,2089.673263025274
0.413224290584445,0.022997092176307982,0.02607245240928125,0.2521686666142,0.0,2093.923833771783
0.41549342412607493,0.02310414705119053,0.02619382354216875,0.24860819750454,0.0,2098.1176492141785
0.417762557667705,0.023211201926073073,0.026315194675056247,0.24512376445913,0.0,2102.250424945669
0.420031691209335,0.023318256800955624,0.02643656580794375,0.24171579088257,0.0,2106.3192565227855
0.422300824750965,0.02342531167583817,0.02655793694083125,0.23838406743057,0.0,2110.322783582232
0.424569958292595,0.023532366550720715,0.02667930807371875,0.23512775509771,0.0,2114.2612091464307
0.42683909183422497,0.02363942142560326,0.026800679206606247,0.23194535466402,0.0,2118.136190892159
0.42910822537585497,0.02374647630048581,0.02692205033949375,0.22883481519373,0.0,2121.9506375101823
0.43137735891748497,0.02385353117536836,0.02704342147238125,0.22579358892749,0.0,2125.7084552271704
0.43364649245911496,0.023960586050250907,0.027164792605268752,0.22281873929801999,0.0,2129.414230873803
0.43591562600074496,0.02406764092513345,0.02728616373815625,0.21990712482306998,0.0,2133.0729885815445
0.438184759542375,0.024174695800015997,0.02740753487104375,0.21705539397422,0.0,2136.6899038100873
0.440453893084005,0.024281750674898545,0.02752890600393125,0.21426020893996,0.0,2140.27003224264
0.442723026625635,0.024388805549781095,0.02765027713681875,0.21151827031294998,0.0,2143.8180755686194
0.444992160167265,0.02449586042466364,0.02777164826970625,0.20882640269856,0.0,2147.3380179514984
0.447261293708895,0.024602915299546186,0.027893019402593748,0.20618172474865,0.0,2150.8327774646327
0.449530427250525,0.024709970174428733,0.02801439053548125,0.2035818178946,0.0,2154.3039884119257
0.451799560792155,0.02481702504931128,0.02813576166836875,0.20102481374265999,0.0,2157.751910495913
0.454068694333785,0.02492407992419383,0.028257132801256253,0.19850944793679,0.0,2161.17547669335
0.456337827875415,0.025031134799076375,0.02837850393414375,0.19603505982669,0.0,2164.5725235013883
0.458606961417045,0.02513818967395892,0.02849987506703125,0.19360150378617,0.0,2167.940151808251
0.460876094958675,0.02524524454884147,0.02862124619991875,0.19120900729388,0.0,2171.2751284006736
0.463145228500305,0.025352299423724016,0.028742617332806253,0.18885800284834,0.0,2174.574266334404
0.46541436204193504,0.025459354298606563,0.02886398846569375,0.18654895857387999,0.0,2177.8347377712935
0.467683495583565,0.025566409173489107,0.02898535959858125,0.18428225518047,0.0,2181.054320324203
0.469952629125195,0.025673464048371657,0.02910673073146875,0.18205808869575,0.0,2184.2315874772225
0.472221762666825,0.0257805189232542,0.02922810186435625,0.17987641665200002,0.0,2187.3660497307774
0.47449089620845497,0.025887573798136745,0.029349472997243747,0.1777369190079,0.0,2190.4582530434773
0.47676002975008497,0.025994628673019295,0.02947084413013125,0.17563895740308003,0.0,2193.509806112891
0.47902916329171497,0.02610168354790184,0.029592215263018747,0.17358156114132,0.0,2196.523340304787
0.48129829683334496,0.02620873842278439,0.02971358639590625,0.17156342036546002,0.0,2199.502421559037
0.48356743037497496,0.026315793297666937,0.02983495752879375,0.16958289417727002,0.0,2202.451415313214
0.48583656391660496,0.026422848172549484,0.02995632866168125,0.16763804375993,0.0,2205.375317731931
0.48810569745823496,0.02652990304743203,0.03007769979456875,0.16572668218733,0.0,2208.2795562811743
0.490374830999865,0.026636957922314575,0.03019907092745625,0.16384643547059,0.0,2211.1697374048217
0.492643964541495,0.026744012797197125,0.03032044206034375,0.16199483152864,0.0,2214.051336872662
0.494913098083125,0.02685106767207967,0.03044181319323125,0.16016941833864,0.0,2216.9293670084394
0.497182231624755,0.02695812254696222,0.03056318432611875,0.15836790008006998,0.0,2219.8080699274533
0.499451365166385,0.027065177421844763,0.03068455545900625,0.15658826516208,0.0,2222.6906746246586
0.501720498708015,0.02717223229672731,0.03080592659189375,0.15482888552107002,0.0,2225.579232922241
0.503989632249645,0.027279287171609858,0.03092729772478125,0.15308856910385,0.0,2228.474529062611
0.5062587657912749,0.027386342046492405,0.03104866885766875,0.15136657939424,0.0,2231.376066239777
0.508527899332905,0.027493396921374955,0.03117003999055625,0.14966262049623,0.0,2234.282143437368
0.510797032874535,0.027600451796257496,0.031291411123443746,0.14797678830883,0.0,2237.1900122695797
0.513066166416165,0.027707506671140046,0.03141278225633125,0.14630950530379,0.0,2240.0960941393937
0.5153352999577949,0.027814561546022593,0.03153415338921875,0.14466143698469,0.0,2242.996226257285
0.517604433499425,0.02792161642090514,0.03165552452210625,0.14303340983703,0.0,2245.885903725066
0.519873567041055,0.02802867129578769,0.03177689565499375,0.14142633260205,0.0,2248.760497233382
0.5221427005826851,0.028135726170670238,0.031898266787881255,0.1398411263071,0.0,2251.6154276325296
0.5244118341243149,0.028242781045552782,0.03201963792076875,0.1382786763311,0.0,2254.4463038010035
0.526680967665945,0.028349835920435322,0.032141009053656244,0.13673980023352,0.0,2257.2490408388703
0.528950101207575,0.02845689079531787,0.032262380186543746,0.13522523548049,0.0,2260.019975104992
0.531219234749205,0.02856394567020042,0.03238375131943125,0.13373561900764,0.0,2262.755961999294
0.5334883682908349,0.028671000545082967,0.03250512245231875,0.13227147463203998,0.0,2265.45443572989
0.535757501832465,0.028778055419965518,0.03262649358520625,0.13083319472453,0.0,2268.113424637607
0.538026635374095,0.028885110294848065,0.03274786471809375,0.12942102576853,0.0,2270.7315177026235
0.540295768915725,0.028992165169730605,0.03286923585098125,0.12803507053891,0.0,2273.307816366512
0.5425649024573549,0.029099220044613155,0.03299060698386875,0.12667528726093,0.0,2275.8418921084526
0.544834035998985,0.029206274919495703,0.03311197811675625,0.12534148503604,0.0,2278.333736764672
0.547103169540615,0.029313329794378246,0.033233349249643745,0.12403334656156,0.0,2280.783737917451
0.549372303082245,0.029420384669260793,0.03335472038253125,0.12275040044883,0.0,2283.192632281057
0.551641436623875,0.029527439544143344,0.03347609151541875,0.1214920623796,0.0,2285.5614581810814
0.5539105701655049,0.02963449441902589,0.03359746264830625,0.12025762126011999,0.0,2287.8915127848013
0.556179703707135,0.02974154929390844,0.03371883378119375,0.11904627401896001,0.0,2290.1842906702364
0.558448837248765,0.02984860416879099,0.033840204914081254,0.11785713822329001,0.0,2292.441434134215
0.560717970790395,0.02995565904367353,0.03396157604696875,0.11668930164199,0.0,2294.664701816668
0.5629871043320249,0.03006271391855608,0.03408294717985625,0.11554180050929,0.0,2296.855886878984
0.565256237873655,0.03016976879343862,0.034204318312743745,0.11441374913216,0.0,2299.016813981902
0.567525371415285,0.030276823668321167,0.03432568944563125,0.11330420232223,0.0,2301.1492122109535
0.569794504956915,0.030383878543203718,0.03444706057851875,0.1122124006925,0.0,2303.254684751888
0.572063638498545,0.030490933418086265,0.03456843171140625,0.11113752737725,0.0,2305.334598454778
0.574332772040175,0.030597988292968815,0.03468980284429375,0.11007903296918,0.0,2307.390072904894
0.576601905581805,0.030705043167851363,0.03481117397718125,0.10903628456184,0.0,2309.421899572112
0.5788710391234351,0.03081209804273391,0.034932545110068755,0.10800902515652,0.0,2311.430670765738
0.5811401726650649,0.030919152917616453,0.03505391624295625,0.10699673112826,0.0,2313.416615771761
0.583409306206695,0.031026207792498994,0.035175287375843745,0.10599947452107,0.0,2315.3799138240615
0.585678439748325,0.031133262667381544,0.035296658508731246,0.10501669543868,0.0,2317.320403785933
0.587947573289955,0.03124031754226409,0.03541802964161875,0.10404878182145,0.0,2319.238060032174
0.5902167068315849,0.03134737241714664,0.03553940077450625,0.10309494356044001,0.0,2321.1325136178343
0.592485840373215,0.031454427292029186,0.03566077190739375,0.1021559379784,0.0,2323.003821819143
0.594754973914845,0.031561482166911736,0.03578214304028125,0.10123044285504,0.0,2324.8515558180293
0.597024107456475,0.03166853704179428,0.03590351417316875,0.10031979199062,0.0,2326.6760975834823
0.599293240998105,0.03177559191667683,0.03602488530605625,0.099421709736584,0.0,2328.4769151745036
0.6015623745397349,0.03188264679155937,0.036146256438943744,0.098538571332443,0.0,2330.2547443662115
0.603831508081365,0.03198970166644192,0.036267627571831246,0.09766658109182899,0.0,2332.0085634862476
0.606100641622995,0.03209675654132447,0.03638899870471875,0.096810060579789,0.0,2333.739452245637
0.608369775164625,0.03220381141620701,0.03651036983760625,0.095962713377174,0.0,2335.445367085891
0.6106389087062549,0.03231086629108956,0.03663174097049375,0.095132281769925,0.0,2337.1279590683735
0.612908042247885,0.03241792116597211,0.03675311210338125,0.094308184268398,0.0,2338.7835608195746
0.615177175789515,0.03252497604085466,0.036874483236268754,0.09350400967393399,0.0,2340.4151343823064
0.617446309331145,0.0326320309157372,0.03699585436915625,0.09270176156370599,0.0,2342.0166083690538
0.6197154428727749,0.03273908579061975,0.03711722550204375,0.091924961258016,0.0,2343.5934505397418
0.621984576414405,0.032846140665502295,0.037238596634931245,0.09114297804567299,0.0,2345.135216945551
0.624253709956035,0.03295319554038484,0.03735996776781875,0.09039634755331201,0.0,2346.64979318265
0.6265228434976651,0.03306025041526739,0.03748133890070625,0.08963392548952,0.0,2348.113877933906
0.628791977039295,0.03316730529014994,0.03760271003359375,0.088926770362998,0.0,2349.5236314113554
0.631061110580925,0.033274360165032484,0.03772408116648125,0.088195959055728,0.0,2350.7929214713845
0.633330244122555,0.033381415039915034,0.037845452299368754,0.087579703297146,0.0,2351.7953130001833
0.6355993776641851,0.033488469914797585,0.037966823432256255,0.08698382236690501,0.0,2352.007275647786
0.184041802879815,0.01259350687645277,0.013813967987643751,2.0143528205892,0.0,1222.6849403681028
0.186310936421445,0.01270415489576111,0.013935339120531251,1.9198747542528,0.0,1250.2730815882248
0.188580069963075,0.01281480291506945,0.014056710253418751,1.8457812202219,0.0,1273.8028680874252
0.190849203504705,0.01292545093437779,0.014178081386306251,1.7829790933418,0.0,1295.4853020161056
0.193118337046335,0.01303609895368613,0.014299452519193751,1.7251144654109,0.0,1316.3706896634696
0.19538747058796502,0.013146746972994469,0.014420823652081251,1.6697884616052001,0.0,1336.673595232619
0.19765660412959501,0.013257394992302808,0.014542194784968751,1.616538105889,0.0,1356.3201002911978
0.199925737671225,0.01336804301161115,0.014663565917856251,1.5654606628484,0.0,1375.2167260962244
0.202194871212855,0.013478691030919488,0.014784937050743751,1.5166384328484,0.0,1393.3036216458522
0.204464004754485,0.013589339050227828,0.014906308183631251,1.4702276936393999,0.0,1410.5625636929203
0.206733138296115,0.013699987069536167,0.01502767931651875,1.4262894948813,0.0,1427.0143788265982
0.209002271837745,0.013810635088844508,0.01514905044940625,1.3847730714346,0.0,1442.698574355854
0.211271405379375,0.013921283108152847,0.01527042158229375,1.3455421178979001,0.0,1457.6690281518481
0.213540538921005,0.014031931127461187,0.01539179271518125,1.3084382792613,0.0,1471.9965829355917
0.215809672462635,0.014142579146769528,0.01551316384806875,1.2732535478989,0.0,1485.7619711995292
0.218078806004265,0.014253227166077869,0.015634534980956252,1.2397710367786,0.0,1499.0446870027051
0.220347939545895,0.014363875185386206,0.01575590611384375,1.2077990808822001,0.0,1511.9173267159895
0.22261707308752499,0.014474523204694546,0.01587727724673125,1.1771634630625,0.0,1524.4388993413913
0.224886206629155,0.014585171224002887,0.01599864837961875,1.1477207087218,0.0,1536.6522933222027
0.227155340170785,0.014695819243311228,0.016120019512506252,1.1193505692341,0.0,1548.5875331958214
0.229424473712415,0.014806467262619565,0.01624139064539375,1.0919700444456,0.0,1560.2653375953741
0.231693607254045,0.014917115281927905,0.01636276177828125,1.0655127381645002,0.0,1571.7014158146771
0.233962740795675,0.015027763301236246,0.01648413291116875,1.0399345235592,0.0,1582.9064701132293
0.236231874337305,0.015138411320544587,0.016605504044056252,1.0151943463981001,0.0,1593.885385011279
0.238501007878935,0.015249059339852924,0.01672687517694375,0.99126842883583,0.0,1604.6417338379026
0.240770141420565,0.015359707359161267,0.01684824630983125,0.9681347458048899,0.0,1615.183475598242
0.24303927496219502,0.015470355378469604,0.01696961744271875,0.94576885740696,0.0,1625.523685090758
0.24530840850382502,0.015581003397777946,0.01709098857560625,0.9241408524978101,0.0,1635.6782942944205
0.247577542045455,0.015691651417086283,0.01721235970849375,0.90321489588126,0.0,1645.6623477828116
0.249846675587085,0.015802299436394624,0.01733373084138125,0.88295177447863,0.0,1655.4860755472191
0.252115809128715,0.015912947455702965,0.01745510197426875,0.8633222237963,0.0,1665.1547776205882
0.254384942670345,0.016023595475011306,0.01757647310715625,0.84430263414511,0.0,1674.6698898888835
0.256654076211975,0.016134243494319644,0.01769784424004375,0.82587298855614,0.0,1684.0278181951212
0.258923209753605,0.016244891513627985,0.01781921537293125,0.80801704636539,0.0,1693.2205235649017
0.261192343295235,0.016355539532936322,0.01794058650581875,0.7907218150489099,0.0,1702.2383447370314
0.263461476836865,0.016466187552244663,0.01806195763870625,0.7739747859431,0.0,1711.0724960663863
0.265730610378495,0.016576835571553,0.01818332877159375,0.75776384380353,0.0,1719.7163649550778
0.267999743920125,0.016687483590861342,0.01830469990448125,0.74207682328903,0.0,1728.1662614404263
0.270268877461755,0.016798131610169683,0.01842607103736875,0.7268999335874899,0.0,1736.4212274545575
0.272538011003385,0.016908779629478024,0.01854744217025625,0.71221687009344,0.0,1744.4823248190094
0.274807144545015,0.017019427648786365,0.018668813303143753,0.69800978454796,0.0,1752.3529426979908
0.277076278086645,0.017130075668094703,0.01879018443603125,0.68425981609907,0.0,1760.0405185785482
0.279345411628275,0.01724072368740304,0.01891155556891875,0.67094607152319,0.0,1767.5584246848664
0.28161454516990503,0.01735137170671138,0.01903292670180625,0.65804280432797,0.0,1774.926106909526
0.28388367871153497,0.017462019726019722,0.019154297834693752,0.64551836239308,0.0,1782.1665016091392
0.286152812253165,0.017572667745328063,0.01927566896758125,0.63333842927185,0.0,1789.3022904891436
0.288421945794795,0.0176833157646364,0.01939704010046875,0.6214705196196,0.0,1796.3528444466638
0.290691079336425,0.017793963783944742,0.01951841123335625,0.60988594732867,0.0,1803.3315043224504
0.292960212878055,0.017904611803253083,0.019639782366243752,0.5985635947061501,0.0,1810.2442389948922
0.295229346419685,0.01801525982256142,0.01976115349913125,0.58749131894517,0.0,1817.0910896817645
0.297498479961315,0.018125907841869758,0.01988252463201875,0.5766639789026401,0.0,1823.869159007238
0.299767613502945,0.0182365558611781,0.02000389576490625,0.5660800675337201,0.0,1830.575685947302
0.302036747044575,0.018347203880486444,0.020125266897793752,0.55573809637434,0.0,1837.2102560884725
0.304305880586205,0.01845785189979478,0.02024663803068125,0.54563414989349,0.0,1843.7755848082456
0.306575014127835,0.018568499919103122,0.02036800916356875,0.5357612791462001,0.0,1850.2770051033597
0.308844147669465,0.01867914793841146,0.02048938029645625,0.52611008443677,0.0,1856.721080690293
0.311113281211095,0.0187897959577198,0.02061075142934375,0.51667033246805,0.0,1863.1140161292956
0.313382414752725,0.01890044397702814,0.02073212256223125,0.5074323812281301,0.0,1869.460397180549
0.315651548294355,0.019011091996336476,0.020853493695118748,0.49838826735464,0.0,1875.7623399681056
0.317920681835985,0.01912174001564482,0.02097486482800625,0.48953229557265,0.0,1882.0191045626943
0.320189815377615,0.01923238803495316,0.02109623596089375,0.48086128468201,0.0,1888.2272464394525
0.322458948919245,0.0193430360542615,0.02121760709378125,0.47237422414121005,0.0,1894.3812495347167
0.32472808246087503,0.01945368407356984,0.02133897822666875,0.46407180941349,0.0,1900.4743263882826
0.326997216002505,0.019564332092878178,0.02146034935955625,0.45595567560195,0.0,1906.4992552784977
0.32926634954413503,0.01967498011218652,0.02158172049244375,0.4480275654367,0.0,1912.4489621750708
0.33153548308576497,0.01978562813149486,0.021703091625331253,0.44028885504352,0.0,1918.3168099477773
0.333804616627395,0.019896276150803197,0.02182446275821875,0.43274036222431,0.0,1924.0967884891177
0.33607375016902497,0.02000692417011154,0.02194583389110625,0.42538231198946996,0.0,1929.7837632374544
0.338342883710655,0.02011757218941988,0.02206720502399375,0.41821432842336004,0.0,1935.3738998161361
0.34061201725228496,0.020228220208728217,0.02218857615688125,0.41123520841843,0.0,1940.8652225333767
0.342881150793915,0.020338868228036554,0.022309947289768747,0.40444256098472003,0.0,1946.2581612996478
0.34515028433554495,0.020449516247344895,0.02243131842265625,0.39783245298252,0.0,1951.5560155487517
0.347419417877175,0.020560164266653237,0.02255268955554375,0.39139903655041,0.0,1956.7652294314532
0.349688551418805,0.020670812285961578,0.022674060688431252,0.38513433526794,0.0,1961.8953490220345
0.351957684960435,0.02078146030526992,0.02279543182131875,0.3790282990151,0.0,1966.9585987791347
0.354226818502065,0.020892108324578256,0.02291680295420625,0.37306912650877,0.0,1971.969003965735
0.356495952043695,0.021002756343886597,0.02303817408709375,0.36724392688123003,0.0,1976.941053204357
0.358765085585325,0.021113404363194938,0.023159545219981252,0.36153967486038,0.0,1981.8880569465077
0.361034219126955,0.021224052382503276,0.02328091635286875,0.35594434670676,0.0,1986.8204970491133
0.363303352668585,0.021334700401811613,0.02340228748575625,0.35044804153112,0.0,1991.744749340961
0.365572486210215,0.021445348421119954,0.02352365861864375,0.34504382719506,0.0,1996.6624917500374
0.367841619751845,0.021555996440428295,0.023645029751531252,0.33972806052926,0.0,2001.5709632102084
0.370110753293475,0.021666644459736636,0.02376640088441875,0.33450014537087003,0.0,2006.4639755158908
0.372379886835105,0.021777292479044974,0.02388777201730625,0.32936177088863,0.0,2011.3334158982796
0.374649020376735,0.021887940498353315,0.02400914315019375,0.32431584921064,0.0,2016.1708895694978
0.37691815391836503,0.021998588517661656,0.02413051428308125,0.31936543083571,0.0,2020.9691773526
0.37918728745999497,0.022109236536969994,0.02425188541596875,0.31451279803319004,0.0,2025.7232686461343
0.381456421001625,0.02221988455627833,0.024373256548856248,0.30975889557091,0.0,2030.4308611574145
0.38372555454325497,0.022330532575586676,0.02449462768174375,0.30510307992687,0.0,2035.0923233167412
0.385994688084885,0.022441180594895017,0.02461599881463125,0.30054322280928,0.0,2039.7102318021314
0.38826382162651496,0.022551828614203354,0.02473736994751875,0.29607601728639,0.0,2044.2886541247458
0.390532955168145,0.022662476633511692,0.024858741080406248,0.29169739967962,0.0,2048.8323085709344
0.392802088709775,0.022773124652820033,0.02498011221329375,0.28740302138675,0.0,2053.3457389066207
0.395071222251405,0.022883772672128374,0.02510148334618125,0.28318868210466996,0.0,2057.8326026676104
0.39734035579303495,0.02299442069143671,0.02522285447906875,0.27905070961309,0.0,2062.2951431581814
0.399609489334665,0.023105068710745053,0.025344225611956248,0.27498620397809004,0.0,2066.733865313784
0.40187862287629494,0.023215716730053394,0.02546559674484375,0.27099319097804,0.0,2071.1474178626604
0.404147756417925,0.023326364749361735,0.02558696787773125,0.26707066355145,0.0,2075.532695653677
0.406416889959555,0.023437012768670072,0.02570833901061875,0.26321849747111997,0.0,2079.8851185433105
0.408686023501185,0.02354766078797841,0.025829710143506247,0.25943731083556,0.0,2084.19905853287
0.41095515704281493,0.02365830880728675,0.02595108127639375,0.25572822230627,0.0,2088.468362218047
0.413224290584445,0.023768956826595092,0.02607245240928125,0.2520925932437,0.0,2092.6869019420774
0.41549342412607493,0.02387960484590343,0.02619382354216875,0.24853176180198,0.0,2096.8491190622085
0.417762557667705,0.02399025286521177,0.026315194675056247,0.24504677087471,0.0,2100.950478019348
0.420031691209335,0.02410090088452011,0.02643656580794375,0.2416381897779,0.0,2104.987804658253
0.422300824750965,0.024211548903828452,0.02655793694083125,0.23830595699566,0.0,2108.9594804052676
0.424569958292595,0.02432219692313679,0.02667930807371875,0.23504934838216998,0.0,2112.8654950093883
0.42683909183422497,0.024432844942445128,0.026800679206606247,0.23186694745484998,0.0,2116.707357015484
0.42910822537585497,0.02454349296175347,0.02692205033949375,0.22875673920832001,0.0,2120.487897054583
0.43137735891748497,0.02465414098106181,0.02704342147238125,0.22571617797932,0.0,2124.2110057234795
0.43364649245911496,0.02476478900037015,0.027164792605268752,0.22274231142036,0.0,2127.8813138333544
0.43591562600074496,0.02487543701967849,0.02728616373815625,0.21983193809898,0.0,2131.503907677535
0.438184759542375,0.02498608503898683,0.02740753487104375,0.21698168248615998,0.0,2135.084037013693
0.440453893084005,0.02509673305829517,0.02752890600393125,0.2141881490469,0.0,2138.626830108032
0.442723026625635,0.02520738107760351,0.02765027713681875,0.21144800550815998,0.0,2142.137031923235
0.444992160167265,0.02531802909691185,0.02777164826970625,0.20875807600100002,0.0,2145.618700131667
0.447261293708895,0.025428677116220186,0.027893019402593748,0.20611547266329,0.0,2149.0749086928167
0.449530427250525,0.02553932513552853,0.02801439053548125,0.20351773129808,0.0,2152.5075288854705
0.451799560792155,0.025649973154836872,0.02813576166836875,0.2009629043773,0.0,2155.9171158779204
0.454068694333785,0.025760621174145213,0.028257132801256253,0.19844962139824998,0.0,2159.302926526863
0.456337827875415,0.02587126919345355,0.02837850393414375,0.19597710035562,0.0,2162.6630957145235
0.458606961417045,0.025981917212761888,0.02849987506703125,0.1935450847981,0.0,2165.994938465615
0.460876094958675,0.02609256523207023,0.02862124619991875,0.19115372492149998,0.0,2169.2953133344377
0.463145228500305,0.02620321325137857,0.028742617332806253,0.18880342440115,0.0,2172.5609932981724
0.46541436204193504,0.026313861270686908,0.02886398846569375,0.18649467860128,0.0,2175.789001904575
0.467683495583565,0.02642450928999525,0.02898535959858125,0.18422793892601003,0.0,2178.976901541976
0.469952629125195,0.02653515730930359,0.02910673073146875,0.18200350035088,0.0,2182.1230279441515
0.472221762666825,0.026645805328611927,0.02922810186435625,0.17982142377128998,0.0,2185.2266645182685
0.47449089620845497,0.026756453347920265,0.029349472997243747,0.17768147940686,0.0,2188.2881526528636
0.47676002975008497,0.026867101367228606,0.02947084413013125,0.17558310318123,0.0,2191.3089224927485
0.47902916329171497,0.026977749386536944,0.029592215263018747,0.17352537809765,0.0,2194.2914492360055
0.48129829683334496,0.027088397405845285,0.02971358639590625,0.17150703401631998,0.0,2197.239155271227
0.48356743037497496,0.02719904542515363,0.02983495752879375,0.16952646477171,0.0,2200.1562708618735
0.48583656391660496,0.027309693444461967,0.02995632866168125,0.16758176540773,0.0,2203.047664772586
0.48810569745823496,0.027420341463770308,0.03007769979456875,0.16567078401141,0.0,2205.9186469614233
0.490374830999865,0.027530989483078645,0.03019907092745625,0.1637911852034,0.0,2208.7747311087223
0.492643964541495,0.027641637502386986,0.03032044206034375,0.16194053342957,0.0,2211.6213537742533
0.494913098083125,0.027752285521695324,0.03044181319323125,0.160116399916,0.0,2214.4635727752675
0.497182231624755,0.027862933541003665,0.03056318432611875,0.15831648442652999,0.0,2217.3057801988816
0.499451365166385,0.027973581560312006,0.03068455545900625,0.15653873278115,0.0,2220.1514568363796
0.501720498708015,0.028084229579620347,0.03080592659189375,0.15478143434862002,0.0,2223.0029824449707
0.503989632249645,0.028194877598928685,0.03092729772478125,0.15304328542719,0.0,2225.8615069855355
0.5062587657912749,0.028305525618237026,0.03104866885766875,0.15132342262493,0.0,2228.7268938056045
0.508527899332905,0.028416173637545367,0.03117003999055625,0.14962142419318,0.0,2231.5977511069996
0.510797032874535,0.0285268216568537,0.031291411123443746,0.14793727950674,0.0,2234.471551817771
0.513066166416165,0.028637469676162042,0.03141278225633125,0.14627133474001,0.0,2237.344828493974
0.5153352999577949,0.028748117695470386,0.03153415338921875,0.14462421767473,0.0,2240.2134155951685
0.517604433499425,0.028858765714778727,0.03165552452210625,0.14299675475515,0.0,2243.072706304447
0.519873567041055,0.02896941373408707,0.03177689565499375,0.14138988667926,0.0,2245.917895996435
0.5221427005826851,0.02908006175339541,0.031898266787881255,0.13980459061577,0.0,2248.7441904482694
0.5244118341243149,0.029190709772703743,0.03201963792076875,0.13824182183162,0.0,2251.546977221942
0.526680967665945,0.029301357792012078,0.032141009053656244,0.13670247038822,0.0,2254.3219687394117
0.528950101207575,0.02941200581132042,0.032262380186543746,0.13518733784311,0.0,2257.065327702086
0.531219234749205,0.029522653830628763,0.03238375131943125,0.13369711322227001,0.0,2259.7737649182463
0.5334883682908349,0.029633301849937104,0.03250512245231875,0.13223235834725,0.0,2262.4445953531435
0.535757501832465,0.029743949869245445,0.03262649358520625,0.13079349221202,0.0,2265.075749064312
0.538026635374095,0.029854597888553786,0.03274786471809375,0.12938078113180002,0.0,2267.665737607532
0.540295768915725,0.02996524590786212,0.03286923585098125,0.12799434080684,0.0,2270.2136022707905
0.5425649024573549,0.03007589392717046,0.03299060698386875,0.12663413948002,0.0,2272.7188637655627
0.544834035998985,0.030186541946478802,0.03311197811675625,0.12529999700490999,0.0,2275.181468104733
0.547103169540615,0.03029718996578714,0.033233349249643745,0.12399160388015999,0.0,2277.601752265489
0.549372303082245,0.03040783798509548,0.03335472038253125,0.1227085032693,0.0,2279.9803982053913
0.551641436623875,0.030518486004403822,0.03347609151541875,0.12145012426238001,0.0,2282.3183911689825
0.5539105701655049,0.030629134023712163,0.03359746264830625,0.12021577086283,0.0,2284.6169805380778
0.556179703707135,0.030739782043020504,0.03371883378119375,0.11900465568887,0.0,2286.877631919109
0.558448837248765,0.030850430062328845,0.033840204914081254,0.11781590600120999,0.0,2289.1019831928606
0.560717970790395,0.03096107808163718,0.03396157604696875,0.11664861262458999,0.0,2291.291814200751
0.5629871043320249,0.03107172610094552,0.03408294717985625,0.11550181344893999,0.0,2293.448978772313
0.565256237873655,0.031182374120253858,0.034204318312743745,0.11437459747522,0.0,2295.57538460069
0.567525371415285,0.0312930221395622,0.03432568944563125,0.11326601262963999,0.0,2297.6728851992034
0.569794504956915,0.031403670158870536,0.03444706057851875,0.11217524954557999,0.0,2299.7432355763417
0.572063638498545,0.03151431817817888,0.03456843171140625,0.1111014692103,0.0,2301.787978466933
0.574332772040175,0.031624966197487225,0.03468980284429375,0.11004406128569,0.0,2303.8084243360445
0.576601905581805,0.03173561421679556,0.03481117397718125,0.10900236345881999,0.0,2305.805552456183
0.5788710391234351,0.03184626223610391,0.034932545110068755,0.10797604804837,0.0,2307.7801027071628
0.5811401726650649,0.03195691025541224,0.03505391624295625,0.1069645966023,0.0,2309.732437177435
0.583409306206695,0.032067558274720576,0.035175287375843745,0.10596799441285,0.0,2311.6627751290143
0.585678439748325,0.03217820629402891,0.035296658508731246,0.10498575688176,0.0,2313.570978553219
0.587947573289955,0.03228885431333726,0.03541802964161875,0.10401817011075,0.0,2315.456943613753
0.5902167068315849,0.0323995023326456,0.03553940077450625,0.10306460081742,0.0,2317.3202254221114
0.592485840373215,0.03251015035195394,0.03566077190739375,0.10212566682816,0.0,2319.1606925477986
0.594754973914845,0.032620798371262284,0.03578214304028125,0.1012003153162,0.0,2320.9777971899584
0.597024107456475,0.032731446390570615,0.03590351417316875,0.10028963841572,0.0,2322.771661135195
0.599293240998105,0.03284209440987896,0.03602488530605625,0.099391796336541,0.0,2324.541684002194
0.6015623745397349,0.03295274242918729,0.036146256438943744,0.098508724061881,0.0,2326.2883803968944
0.603831508081365,0.033063390448495635,0.036267627571831246,0.097637284929477,0.0,2328.010862379397
0.606100641622995,0.03317403846780398,0.03638899870471875,0.096781004898191,0.0,2329.710084623241
0.608369775164625,0.03328468648711232,0.03651036983760625,0.095934590719913,0.0,2331.384386591614
0.6106389087062549,0.03339533450642066,0.03663174097049375,0.095104457310267,0.0,2333.035315515467
0.612908042247885,0.033505982525729,0.03675311210338125,0.094281587286892,0.0,2334.6597713776687
0.615177175789515,0.03361663054503734,0.036874483236268754,0.09347751083245,0.0,2336.2604803943477
0.617446309331145,0.033727278564345674,0.03699585436915625,0.092676633004517,0.0,2337.8319905471803
0.6197154428727749,0.03383792658365402,0.03711722550204375,0.091899492860847,0.0,2339.3793083359415
0.621984576414405,0.033948574602962356,0.037238596634931245,0.091118893476464,0.0,2340.89246052388
0.624253709956035,0.03405922262227069,0.03735996776781875,0.09037146984083401,0.0,2342.3787783975404
0.6265228434976651,0.03416987064157904,0.03748133890070625,0.089610326807265,0.0,2343.8148707434366
0.628791977039295,0.034280518660887375,0.03760271003359375,0.088902355088795,0.0,2345.196718808415
0.631061110580925,0.03439116668019572,0.03772408116648125,0.08817261126450299,0.0,2346.4370977555286
0.633330244122555,0.03450181469950406,0.037845452299368754,0.08755618563074101,0.0,2347.4108535709283
0.6355993776641851,0.0346124627188124,0.037966823432256255,0.08696097753733399,0.0,2347.595983168888
0.184041802879815,0.012973687821160148,0.013813967987643751,2.0023367987744,0.0,1223.0014006544643
0.186310936421445,0.013087676154562357,0.013935339120531251,1.9101300163672001,0.0,1249.494330186426
0.188580069963075,0.013201664487964565,0.014056710253418751,1.8409424167004,0.0,1272.2379945324083
0.190849203504705,0.013315652821366774,0.014178081386306251,1.7811732471327,0.0,1293.7233214941957
0.193118337046335,0.013429641154768981,0.014299452519193751,1.7245399766448,0.0,1314.6954507270966
0.19538747058796502,0.01354362948817119,0.014420823652081251,1.6695713321630998,0.0,1335.149149651712
0.19765660412959501,0.013657617821573398,0.014542194784968751,1.6163653802695,0.0,1354.9387306173933
0.199925737671225,0.013771606154975606,0.014663565917856251,1.5652397019109,0.0,1373.9585109222298
0.202194871212855,0.013885594488377815,0.014784937050743751,1.5163686822484999,0.0,1392.147472643885
0.204464004754485,0.013999582821780023,0.014906308183631251,1.4699216540320001,0.0,1409.4884240967995
0.206733138296115,0.014113571155182232,0.01502767931651875,1.4259531902309,0.0,1426.0045572553825
0.209002271837745,0.01422755948858444,0.01514905044940625,1.3844101178661998,0.0,1441.7386904728228
0.211271405379375,0.014341547821986649,0.01527042158229375,1.3451626658505,0.0,1456.7491043662217
0.213540538921005,0.014455536155388856,0.01539179271518125,1.3080495711642999,0.0,1471.1101764686452
0.215809672462635,0.014569524488791065,0.01551316384806875,1.2728624519937,0.0,1484.9046771662129
0.218078806004265,0.014683512822193275,0.015634534980956252,1.2393902600467999,0.0,1498.214643117115
0.220347939545895,0.01479750115559548,0.01575590611384375,1.2074347780994,0.0,1511.1151697485464
0.22261707308752499,0.014911489488997688,0.01587727724673125,1.1768163933217,0.0,1523.6657701483969
0.224886206629155,0.015025477822399897,0.01599864837961875,1.1473885235075,0.0,1535.9091094154269
0.227155340170785,0.015139466155802108,0.016120019512506252,1.1190342043457,0.0,1547.8755669826535
0.229424473712415,0.015253454489204314,0.01624139064539375,1.0916666176294,0.0,1559.5862638083502
0.231693607254045,0.015367442822606521,0.01636276177828125,1.0652210758360998,0.0,1571.0555301217873
0.233962740795675,0.01548143115600873,0.01648413291116875,1.0396498428893,0.0,1582.2920964703162
0.236231874337305,0.01559541948941094,0.016605504044056252,1.0149155564479,0.0,1593.3000605397951
0.238501007878935,0.015709407822813146,0.01672687517694375,0.99099420338377,0.0,1604.082830335483
0.240770141420565,0.015823396156215357,0.01684824630983125,0.9678651472605599,0.0,1614.6477350681623
0.24303927496219502,0.015937384489617564,0.01696961744271875,0.94550446740194,0.0,1625.0072363364418
0.24530840850382502,0.016051372823019775,0.01709098857560625,0.9238817796250799,0.0,1635.1767647253105
0.247577542045455,0.01616536115642198,0.01721235970849375,0.90296090043914,0.0,1645.1711118095322
0.249846675587085,0.01627934948982419,0.01733373084138125,0.88270391154136,0.0,1655.0011966463564
0.252115809128715,0.016393337823226398,0.01745510197426875,0.86308065103864,0.0,1664.6734743626298
0.254384942670345,0.016507326156628605,0.01757647310715625,0.8440665064149999,0.0,1674.190082049739
0.256654076211975,0.016621314490030813,0.01769784424004375,0.82564081052979,0.0,1683.5478727844059
0.258923209753605,0.016735302823433024,0.01781921537293125,0.80778719873812,0.0,1692.7391750377694
0.261192343295235,0.01684929115683523,0.01794058650581875,0.7904929162445701,0.0,1701.754574632418
0.263461476836865,0.01696327949023744,0.01806195763870625,0.77374653699648,0.0,1710.585518036397
0.265730610378495,0.017077267823639646,0.01818332877159375,0.75753693600153,0.0,1719.225727395101
0.267999743920125,0.017191256157041857,0.01830469990448125,0.74185233982621,0.0,1727.6717510304745
0.270268877461755,0.01730524449044406,0.01842607103736875,0.72667867937416,0.0,1735.9226525550976
0.272538011003385,0.017419232823846272,0.01854744217025625,0.71199933052246,0.0,1743.9794945583737
0.274807144545015,0.017533221157248483,0.018668813303143753,0.69779617501453,0.0,1751.8458245410293
0.277076278086645,0.01764720949065069,0.01879018443603125,0.68405018037024,0.0,1759.5292589868843
0.279345411628275,0.017761197824052895,0.01891155556891875,0.67074015903562,0.0,1767.0429990022378
0.28161454516990503,0.017875186157455106,0.01903292670180625,0.65784061992833,0.0,1774.405889890305
0.28388367871153497,0.017989174490857317,0.019154297834693752,0.6453207181781,0.0,1781.6403231302181
0.286152812253165,0.01810316282425952,0.01927566896758125,0.6331467913540699,0.0,1788.7688880662163
0.288421945794795,0.01821715115766173,0.01939704010046875,0.6212861506035801,0.0,1795.8112027411848
0.290691079336425,0.01833113949106394,0.01951841123335625,0.60970982669543,0.0,1802.781171290548
0.292960212878055,0.01844512782446615,0.019639782366243752,0.59839597935611,0.0,1809.6856299716337
0.295229346419685,0.018559116157868354,0.01976115349913125,0.58733137536357,0.0,1816.5253472729469
0.297498479961315,0.018673104491270562,0.01988252463201875,0.57650996391425,0.0,1823.2976135240624
0.299767613502945,0.018787092824672773,0.02000389576490625,0.56592982159494,0.0,1829.999214368707
0.302036747044575,0.01890108115807498,0.020125266897793752,0.55558968553532,0.0,1836.6288063316913
0.304305880586205,0.019015069491477188,0.02024663803068125,0.54548638978168,0.0,1843.1880537311465
0.306575014127835,0.0191290578248794,0.02036800916356875,0.53561386619729,0.0,1849.6814510861989
0.308844147669465,0.019243046158281606,0.02048938029645625,0.52596345428029,0.0,1856.1151386938654
0.311113281211095,0.019357034491683814,0.02061075142934375,0.5165252498064801,0.0,1862.495319938784
0.313382414752725,0.01947102282508602,0.02073212256223125,0.5072895918986,0.0,1868.8268585450762
0.315651548294355,0.01958501115848823,0.020853493695118748,0.49824827722994,0.0,1875.1122878328151
0.317920681835985,0.01969899949189044,0.02097486482800625,0.48939528601096,0.0,1881.3513174254335
0.320189815377615,0.019812987825292647,0.02109623596089375,0.48072713122073,0.0,1887.540914134088
0.322458948919245,0.019926976158694855,0.02121760709378125,0.47224260754999,0.0,1893.6758036362128
0.32472808246087503,0.020040964492097066,0.02133897822666875,0.46394229029166,0.0,1899.749314105472
0.326997216002505,0.02015495282549927,0.02146034935955625,0.45582778682451003,0.0,1905.754191313461
0.32926634954413503,0.02026894115890148,0.02158172049244375,0.44790092984776003,0.0,1911.6832498283354
0.33153548308576497,0.020382929492303692,0.021703091625331253,0.44016323978481,0.0,1917.529762118785
0.333804616627395,0.0204969178257059,0.02182446275821875,0.43261566068457996,0.0,1923.287710570907
0.33607375016902497,0.020610906159108103,0.02194583389110625,0.42525847341186,0.0,1928.952042228572
0.338342883710655,0.020724894492510314,0.02206720502399375,0.41809126069135,0.0,1934.5190390336177
0.34061201725228496,0.020838882825912522,0.02218857615688125,0.41111274175557,0.0,1939.9868040405736
0.342881150793915,0.020952871159314726,0.022309947289768747,0.40432047982992,0.0,1945.3557662253352
0.34515028433554495,0.021066859492716937,0.02243131842265625,0.39771055288699003,0.0,1950.6291188630235
0.347419417877175,0.021180847826119148,0.02255268955554375,0.39127721255719,0.0,1955.8130884989362
0.349688551418805,0.02129483615952136,0.022674060688431252,0.38501267293453,0.0,1960.9169214802234
0.351957684960435,0.021408824492923563,0.02279543182131875,0.37890713058881004,0.0,1965.952510760352
0.354226818502065,0.02152281282632577,0.02291680295420625,0.37294904940171,0.0,1970.9335901155
0.356495952043695,0.02163680115972798,0.02303817408709375,0.36712576212203,0.0,1975.8744879672952
0.358765085585325,0.02175078949313019,0.023159545219981252,0.36142436582707005,0.0,1980.7885735694356
0.361034219126955,0.021864777826532397,0.02328091635286875,0.35583280341473,0.0,1985.686657416121
0.363303352668585,0.021978766159934604,0.02340228748575625,0.35034095386224,0.0,1990.5757125827577
0.365572486210215,0.022092754493336815,0.02352365861864375,0.34494149233555005,0.0,1995.4581645606795
0.367841619751845,0.022206742826739023,0.023645029751531252,0.33963029053456,0.0,2000.3319925893477
0.370110753293475,0.02232073116014123,0.02376640088441875,0.33440627867948997,0.0,2005.1915766505872
0.372379886835105,0.022434719493543438,0.02388777201730625,0.32927079786224,0.0,2010.0290620211583
0.374649020376735,0.022548707826945645,0.02400914315019375,0.32422662416711,0.0,2014.8359633150794
0.37691815391836503,0.022662696160347856,0.02413051428308125,0.31927690026629,0.0,2019.604677464758
0.37918728745999497,0.022776684493750064,0.02425188541596875,0.31442418627981,0.0,2024.3296378750433
0.381456421001625,0.02289067282715227,0.024373256548856248,0.30966979696452,0.0,2029.007953564786
0.38372555454325497,0.02300466116055448,0.02449462768174375,0.30501346798392,0.0,2033.6394951385405
0.385994688084885,0.02311864949395669,0.02461599881463125,0.30045337443901,0.0,2038.2265114636507
0.38826382162651496,0.023232637827358897,0.02473736994751875,0.29598639542711996,0.0,2042.7729314360572
0.390532955168145,0.0233466261607611,0.024858741080406248,0.29160853345539,0.0,2047.2835052552384
0.392802088709775,0.023460614494163312,0.02498011221329375,0.28731540227637997,0.0,2051.7629381381516
0.395071222251405,0.023574602827565523,0.02510148334618125,0.28310269246331005,0.0,2056.215129787306
0.39734035579303495,0.02368859116096773,0.02522285447906875,0.27896657522024,0.0,2060.6425960143542
0.399609489334665,0.023802579494369935,0.025344225611956248,0.27490398392545,0.0,2065.0461043374708
0.40187862287629494,0.023916567827772146,0.02546559674484375,0.27091278945186,0.0,2069.424531874541
0.404147756417925,0.024030556161174357,0.02558696787773125,0.26699185750917004,0.0,2073.774948477821
0.406416889959555,0.02414454449457656,0.02570833901061875,0.26314098205818,0.0,2078.0928873398802
0.408686023501185,0.024258532827978768,0.025829710143506247,0.25936074078101,0.0,2082.3727670769676
0.41095515704281493,0.02437252116138098,0.02595108127639375,0.25565225964682,0.0,2086.608413469215
0.413224290584445,0.02448650949478319,0.02607245240928125,0.25201694725612,0.0,2090.793620262439
0.41549342412607493,0.024600497828185394,0.02619382354216875,0.24845621465775,0.0,2094.9227004155773
0.417762557667705,0.0247144861615876,0.026315194675056247,0.24497120451162,0.0,2098.990960219741
0.420031691209335,0.024828474494989813,0.02643656580794375,0.24156258545596002,0.0,2102.995059119815
0.422300824750965,0.02494246282839202,0.02655793694083125,0.23823039419549,0.0,2106.933225039131
0.424569958292595,0.025056451161794228,0.02667930807371875,0.23497397950849,0.0,2110.805325150097
0.42683909183422497,0.025170439495196435,0.026800679206606247,0.23179197815257,0.0,2114.6127887039534
0.42910822537585497,0.025284427828598646,0.02692205033949375,0.22868239288540002,0.0,2118.3584131992798
0.43137735891748497,0.025398416162000854,0.02704342147238125,0.22564267523714002,0.0,2122.0460948689943
0.43364649245911496,0.025512404495403065,0.027164792605268752,0.22266985461519,0.0,2125.680505527816
0.43591562600074496,0.025626392828805272,0.02728616373815625,0.21976068822595,0.0,2129.2667827293317
0.438184759542375,0.02574038116220748,0.02740753487104375,0.21691177259167,0.0,2132.8102277414173
0.440453893084005,0.025854369495609687,0.02752890600393125,0.21411967588846,0.0,2136.31601430444
0.442723026625635,0.025968357829011898,0.02765027713681875,0.21138104206785002,0.0,2139.788917281199
0.444992160167265,0.026082346162414106,0.02777164826970625,0.20869269022106002,0.0,2143.2330362565135
0.447261293708895,0.02619633449581631,0.027893019402593748,0.20605172733295,0.0,2146.651530295003
0.449530427250525,0.02631032282921852,0.02801439053548125,0.20345566413824,0.0,2150.046406455105
0.451799560792155,0.026424311162620732,0.02813576166836875,0.20090250743262,0.0,2153.418398241658
0.454068694333785,0.02653829949602294,0.028257132801256253,0.19839082312255002,0.0,2156.7669648114043
0.456337827875415,0.026652287829425147,0.02837850393414375,0.19591975413648002,0.0,2160.090431885828
0.458606961417045,0.026766276162827354,0.02849987506703125,0.19348897320652,0.0,2163.386253956449
0.460876094958675,0.026880264496229565,0.02862124619991875,0.19109857972046,0.0,2166.651350569479
0.463145228500305,0.026994252829631773,0.028742617332806253,0.18874895798249,0.0,2169.882469829519
0.46541436204193504,0.02710824116303398,0.02886398846569375,0.1864406211442,0.0,2173.076539022162
0.467683495583565,0.027222229496436188,0.02898535959858125,0.1841740684864,0.0,2176.2309800226994
0.469952629125195,0.0273362178298384,0.02910673073146875,0.18194966244672,0.0,2179.343972977263
0.472221762666825,0.027450206163240603,0.02922810186435625,0.17976753495638,0.0,2182.414653192881
0.47449089620845497,0.02756419449664281,0.029349472997243747,0.17762751859004,0.0,2185.4432310698876
0.47676002975008497,0.02767818283004502,0.02947084413013125,0.17552909920713,0.0,2188.4310257407046
0.47902916329171497,0.027792171163447225,0.029592215263018747,0.17347139529971,0.0,2191.380419462886
0.48129829683334496,0.027906159496849436,0.02971358639590625,0.17145316099842,0.0,2194.2947534302543
0.48356743037497496,0.028020147830251647,0.02983495752879375,0.16947280895050001,0.0,2197.178183199377
0.48583656391660496,0.028134136163653855,0.02995632866168125,0.16752845127839,0.0,2200.0355062703334
0.48810569745823496,0.028248124497056062,0.03007769979456875,0.16561795375215,0.0,2202.8719645394194
0.490374830999865,0.02836211283045827,0.03019907092745625,0.16373900136088998,0.0,2205.6930149018453
0.492643964541495,0.02847610116386048,0.03032044206034375,0.16188917929377,0.0,2208.504066233995
0.494913098083125,0.028590089497262685,0.03044181319323125,0.16006607291049002,0.0,2211.310198172376
0.497182231624755,0.028704077830664896,0.03056318432611875,0.1582673799651,0.0,2214.115887351315
0.499451365166385,0.028818066164067103,0.03068455545900625,0.15649102084546002,0.0,2216.924761623697
0.501720498708015,0.028932054497469314,0.03080592659189375,0.15473523408087,0.0,2219.73939618181
0.503989632249645,0.02904604283087152,0.03092729772478125,0.15299864559273,0.0,2222.561162204679
0.5062587657912749,0.02916003116427373,0.03104866885766875,0.15128031077541998,0.0,2225.3901435005646
0.508527899332905,0.02927401949767594,0.03117003999055625,0.1495797264326,0.0,2228.2251393751626
0.510797032874535,0.02938800783107814,0.031291411123443746,0.1478968118091,0.0,2231.0637599173588
0.513066166416165,0.029501996164480352,0.03141278225633125,0.14623186232685,0.0,2233.9026048411
0.5153352999577949,0.029615984497882563,0.03153415338921875,0.1445854801409,0.0,2236.737501498343
0.517604433499425,0.029729972831284774,0.03165552452210625,0.14295849169917,0.0,2239.5637699797194
0.519873567041055,0.02984396116468698,0.03177689565499375,0.14135185970748998,0.0,2242.3764831015014
0.5221427005826851,0.029957949498089192,0.031898266787881255,0.13976660243432,0.0,2245.170698850652
0.5244118341243149,0.030071937831491397,0.03201963792076875,0.13820372426481,0.0,2247.9416560502173
0.526680967665945,0.0301859261648936,0.032141009053656244,0.13666416674367998,0.0,2250.6849346563586
0.528950101207575,0.030299914498295808,0.032262380186543746,0.13514877680022,0.0,2253.3965889844426
0.531219234749205,0.03041390283169802,0.03238375131943125,0.13365827993037,0.0,2256.073245313979
0.5334883682908349,0.03052789116510023,0.03250512245231875,0.13219326373447002,0.0,2258.7121545155587
0.535757501832465,0.030641879498502438,0.03262649358520625,0.13075416434120998,0.0,2261.3111987630236
0.538026635374095,0.03075586783190465,0.03274786471809375,0.12934125977272,0.0,2263.8688567133877
0.540295768915725,0.030869856165306853,0.03286923585098125,0.12795467244271,0.0,2266.384148654943
0.5425649024573549,0.03098384449870906,0.03299060698386875,0.12659437461369,0.0,2268.856579949222
0.544834035998985,0.03109783283211127,0.03311197811675625,0.1252601907934,0.0,2271.2860837439007
0.547103169540615,0.031211821165513475,0.033233349249643745,0.12395181231697999,0.0,2273.6729781272547
0.549372303082245,0.03132580949891568,0.03335472038253125,0.12266879134695001,0.0,2276.0179208165687
0.551641436623875,0.031439797832317894,0.03347609151541875,0.12141056326416,0.0,2278.3218714395575
0.5539105701655049,0.031553786165720105,0.03359746264830625,0.12017644254495,0.0,2280.5860551123915
0.556179703707135,0.031667774499122316,0.03371883378119375,0.1189656506565,0.0,2282.811923575442
0.558448837248765,0.03178176283252453,0.033840204914081254,0.11777732234629,0.0,2285.001116069689
0.560717970790395,0.03189575116592673,0.03396157604696875,0.11661054911930001,0.0,2287.15542936802
0.5629871043320249,0.032009739499328935,0.03408294717985625,0.11546437173873,0.0,2289.276759803111
0.565256237873655,0.03212372783273114,0.034204318312743745,0.114337860258,0.0,2291.367070429077
0.567525371415285,0.03223771616613335,0.03432568944563125,0.11323006038333,0.0,2293.4282966840697
0.569794504956915,0.03235170449953556,0.03444706057851875,0.11214012556618,0.0,2295.462289644061
0.572063638498545,0.03246569283293777,0.03456843171140625,0.11106720845366,0.0,2297.4707068108733
0.574332772040175,0.03257968116633998,0.03468980284429375,0.11001064897967,0.0,2299.4549767480225
0.576601905581805,0.032693669499742194,0.03481117397718125,0.10896977881031,0.0,2301.4162015270344
0.5788710391234351,0.0328076578331444,0.034932545110068755,0.10794420596642,0.0,2303.3552091009337
0.5811401726650649,0.0329216461665466,0.03505391624295625,0.10693343735045,0.0,2305.272448197549
0.583409306206695,0.033035634499948806,0.035175287375843745,0.10593737304186,0.0,2307.1681537112872
0.585678439748325,0.03314962283335102,0.035296658508731246,0.10495561284375,0.0,2309.042205733256
0.587947573289955,0.03326361116675323,0.03541802964161875,0.10398832869668,0.0,2310.8944288524513
0.5902167068315849,0.03337759950015544,0.03553940077450625,0.10303505570535,0.0,2312.7243405843674
0.592485840373215,0.03349158783355765,0.03566077190739375,0.10209623307231,0.0,2314.531654391053
0.594754973914845,0.033605576166959854,0.03578214304028125,0.10117110348535001,0.0,2316.3157714358094
0.597024107456475,0.03371956450036206,0.03590351417316875,0.10026044598561999,0.0,2318.076598933913
0.599293240998105,0.03383355283376427,0.03602488530605625,0.09936291467154801,0.0,2319.8135487671348
0.6015623745397349,0.03394754116716647,0.036146256438943744,0.09847987978279299,0.0,2321.526910647538
0.603831508081365,0.034061529500568684,0.036267627571831246,0.09760900781546099,0.0,2323.215984676685
0.606100641622995,0.034175517833970895,0.03638899870471875,0.096752812484099,0.0,2324.8815002712595
0.608369775164625,0.034289506167373106,0.03651036983760625,0.095907318560891,0.0,2326.522236357828
0.6106389087062549,0.03440349450077531,0.03663174097049375,0.095077194368687,0.0,2328.139425479751
0.612908042247885,0.03451748283417752,0.03675311210338125,0.094255618956108,0.0,2329.7306881617105
0.615177175789515,0.03463147116757973,0.036874483236268754,0.093451213230899,0.0,2331.298163481455
0.617446309331145,0.034745459500981936,0.03699585436915625,0.092652021471041,0.0,2332.837408261266
0.6197154428727749,0.03485944783438415,0.03711722550204375,0.09187390043675499,0.0,2334.352376896016
0.621984576414405,0.03497343616778635,0.037238596634931245,0.091095456741201,0.0,2335.83433865347
0.624253709956035,0.03508742450118856,0.03735996776781875,0.090346229665033,0.0,2337.289116613163
0.6265228434976651,0.035201412834590766,0.03748133890070625,0.08958774930174,0.0,2338.6942706440354
0.628791977039295,0.03531540116799298,0.03760271003359375,0.08887765694331601,0.0,2340.044658766822
0.631061110580925,0.03542938950139519,0.03772408116648125,0.088150555481525,0.0,2341.25170450036
0.633330244122555,0.0355433778347974,0.037845452299368754,0.08753375321623401,0.0,2342.192923570886
0.6355993776641851,0.03565736616819961,0.037966823432256255,0.08694019218627601,0.0,2342.346276660137
0.184041802879815,0.013327117468660625,0.013813967987643751,1.9876329551444,0.0,1223.595776440018
0.186310936421445,0.013444211076141327,0.013935339120531251,1.9008758919616,0.0,1248.528190485415
0.188580069963075,0.013561304683622027,0.014056710253418751,1.8372554887313,0.0,1270.6336155631361
0.190849203504705,0.013678398291102728,0.014178081386306251,1.7800146436042001,0.0,1292.113803811799
0.193118337046335,0.01379549189858343,0.014299452519193751,1.7241459483985,0.0,1313.2483582386978
0.19538747058796502,0.013912585506064131,0.014420823652081251,1.669325643482,0.0,1333.8503605702745
0.19765660412959501,0.014029679113544833,0.014542194784968751,1.6161062104124,0.0,1353.7485481511817
0.199925737671225,0.014146772721025535,0.014663565917856251,1.5649360568336,0.0,1372.8466000583521
0.202194871212855,0.014263866328506236,0.014784937050743751,1.5160342471586,0.0,1391.0934967098667
0.204464004754485,0.014380959935986936,0.014906308183631251,1.4695685113022,0.0,1408.4782628045132
0.206733138296115,0.014498053543467638,0.01502767931651875,1.425586879384,0.0,1425.0266794337576
0.209002271837745,0.014615147150948339,0.01514905044940625,1.3840339082100999,0.0,1440.7837234944154
0.211271405379375,0.01473224075842904,0.01527042158229375,1.3447830260896,0.0,1455.810514206728
0.213540538921005,0.014849334365909742,0.01539179271518125,1.3076701837140998,0.0,1470.1835896005532
0.215809672462635,0.014966427973390444,0.01551316384806875,1.2724881382382,0.0,1483.987135743681
0.218078806004265,0.015083521580871145,0.015634534980956252,1.2390274129494998,0.0,1497.3049871257472
0.220347939545895,0.015200615188351845,0.01575590611384375,1.2070863461688,0.0,1510.2136353556161
0.22261707308752499,0.015317708795832545,0.01587727724673125,1.1764824540682,0.0,1522.7731032377542
0.224886206629155,0.015434802403313248,0.01599864837961875,1.1470675126249001,0.0,1535.0260591975791
0.227155340170785,0.015551896010793952,0.016120019512506252,1.1187258408965,0.0,1547.0029216158532
0.229424473712415,0.01566898961827465,0.01624139064539375,1.0913693002459,0.0,1558.7249246568877
0.231693607254045,0.01578608322575535,0.01636276177828125,1.0649329329931998,0.0,1570.2057229844881
0.233962740795675,0.015903176833236055,0.01648413291116875,1.0393682925439,0.0,1581.4530076420483
0.236231874337305,0.016020270440716758,0.016605504044056252,1.0146398083307,0.0,1592.4703365154755
0.238501007878935,0.016137364048197458,0.01672687517694375,0.990723543855,0.0,1603.260850878225
0.240770141420565,0.016254457655678158,0.01684824630983125,0.96759947550025,0.0,1613.8314611247854
0.24303927496219502,0.016371551263158857,0.01696961744271875,0.94524405098356,0.0,1624.1942264648321
0.24530840850382502,0.01648864487063956,0.01709098857560625,0.92362669000662,0.0,1634.3642609465935
0.247577542045455,0.01660573847812026,0.01721235970849375,0.90271103869792,0.0,1644.3562055701918
0.249846675587085,0.016722832085600964,0.01733373084138125,0.88245987339044,0.0,1654.1813549072651
0.252115809128715,0.016839925693081664,0.01745510197426875,0.8628424401282401,0.0,1663.8467996408588
0.254384942670345,0.016957019300562367,0.01757647310715625,0.84383351233503,0.0,1673.3550627648829
0.256654076211975,0.017074112908043067,0.01769784424004375,0.82541210171265,0.0,1682.7032476260943
0.258923209753605,0.01719120651552377,0.01781921537293125,0.80756179543454,0.0,1691.8839061114118
0.261192343295235,0.01730830012300447,0.01794058650581875,0.7902700173472801,0.0,1700.887797648829
0.263461476836865,0.017425393730485173,0.01806195763870625,0.7735259886775,0.0,1709.7065568373139
0.265730610378495,0.017542487337965873,0.01818332877159375,0.7573191843579801,0.0,1718.3341690387617
0.267999743920125,0.017659580945446573,0.01830469990448125,0.74163798512399,0.0,1726.7673820637197
0.270268877461755,0.017776674552927273,0.01842607103736875,0.72646814018901,0.0,1735.005316182664
0.272538011003385,0.017893768160407976,0.01854744217025625,0.71179284166078,0.0,1743.0490729733533
0.274807144545015,0.01801086176788868,0.018668813303143753,0.6975938483428901,0.0,1750.9023255234958
0.277076278086645,0.01812795537536938,0.01879018443603125,0.68385201090486,0.0,1758.5728154962846
0.279345411628275,0.01824504898285008,0.01891155556891875,0.67054598508414,0.0,1766.0736671042046
0.28161454516990503,0.018362142590330782,0.01903292670180625,0.65765036139957,0.0,1773.423397566684
0.28388367871153497,0.018479236197811486,0.019154297834693752,0.64513473753297,0.0,1780.644076706388
0.286152812253165,0.018596329805292185,0.01927566896758125,0.63296579484651,0.0,1787.7582145113845
0.288421945794795,0.018713423412772885,0.01939704010046875,0.62111073492575,0.0,1794.7855421009062
0.290691079336425,0.01883051702025359,0.01951841123335625,0.6095404160532499,0.0,1801.740255084104
0.292960212878055,0.018947610627734292,0.019639782366243752,0.59823260215893,0.0,1808.6296465903467
0.295229346419685,0.01906470423521499,0.01976115349913125,0.587173457523,0.0,1815.4548703898583
0.297498479961315,0.019181797842695688,0.01988252463201875,0.5763564184393399,0.0,1822.2133041807424
0.299767613502945,0.01929889145017639,0.02000389576490625,0.56577933577677,0.0,1828.9014611401738
0.302036747044575,0.019415985057657095,0.020125266897793752,0.55544109720937,0.0,1835.5174597220448
0.304305880586205,0.019533078665137794,0.02024663803068125,0.54533898666434,0.0,1842.0623581889204
0.306575014127835,0.019650172272618498,0.02036800916356875,0.5354674596205,0.0,1848.5401634690668
0.308844147669465,0.019767265880099198,0.02048938029645625,0.52581829273153,0.0,1854.9567621077447
0.311113281211095,0.0198843594875799,0.02061075142934375,0.51638177227348,0.0,1861.3183435081855
0.313382414752725,0.0200014530950606,0.02073212256223125,0.50714822804874,0.0,1867.629917778385
0.315651548294355,0.0201185467025413,0.020853493695118748,0.49810931091614996,0.0,1873.8942443842377
0.317920681835985,0.020235640310022004,0.02097486482800625,0.48925881698641,0.0,1880.1112798702852
0.320189815377615,0.020352733917502707,0.02109623596089375,0.4805930647906,0.0,1886.2782048101851
0.322458948919245,0.020469827524983407,0.02121760709378125,0.47211074701489003,0.0,1892.389921736693
0.32472808246087503,0.02058692113246411,0.02133897822666875,0.46381237678579,0.0,1898.4398052530178
0.326997216002505,0.020704014739944807,0.02146034935955625,0.45569955546745,0.0,1904.4205857259215
0.32926634954413503,0.02082110834742551,0.02158172049244375,0.44777417687624,0.0,1910.325028235544
0.33153548308576497,0.020938201954906213,0.021703091625331253,0.44003785466392,0.0,1916.1463732472137
0.333804616627395,0.021055295562386913,0.02182446275821875,0.43249161331427,0.0,1921.8786209593645
0.33607375016902497,0.021172389169867613,0.02194583389110625,0.42513576889399,0.0,1927.5167873602727
0.338342883710655,0.021289482777348316,0.02206720502399375,0.41796987935521,0.0,1933.0572433868604
0.34061201725228496,0.021406576384829016,0.02218857615688125,0.41099261177825,0.0,1938.4981591642731
0.342881150793915,0.021523669992309716,0.022309947289768747,0.40420149222080004,0.0,1943.8399825936835
0.34515028433554495,0.02164076359979042,0.02243131842265625,0.39759259465619,0.0,1949.0858631658948
0.347419417877175,0.021757857207271122,0.02255268955554375,0.3911602187197,0.0,1954.2419186674654
0.349688551418805,0.021874950814751826,0.022674060688431252,0.38489667904487995,0.0,1959.3172386136634
0.351957684960435,0.021992044422232526,0.02279543182131875,0.37879230466397,0.0,1964.3235387065138
0.354226818502065,0.022109138029713225,0.02291680295420625,0.37283570082455003,0.0,1969.2743932582023
0.356495952043695,0.022226231637193925,0.02303817408709375,0.36701431824122005,0.0,1974.1840379243242
0.358765085585325,0.02234332524467463,0.023159545219981252,0.36131531311775,0.0,1979.0658630773248
0.361034219126955,0.02246041885215533,0.02328091635286875,0.35572660678451995,0.0,1983.9308529129075
0.363303352668585,0.022577512459636028,0.02340228748575625,0.35023794523185997,0.0,1988.7862615760794
0.365572486210215,0.02269460606711673,0.02352365861864375,0.34484178215356004,0.0,1993.6349034214359
0.367841619751845,0.022811699674597435,0.023645029751531252,0.33953371754361,0.0,1998.475152380288
0.370110753293475,0.022928793282078135,0.02376640088441875,0.33431241731136,0.0,2003.3016716500044
0.372379886835105,0.023045886889558834,0.02388777201730625,0.32917903459613,0.0,2008.106729378578
0.374649020376735,0.023162980497039538,0.02400914315019375,0.32413628040702,0.0,2012.8817812705213
0.37691815391836503,0.02328007410452024,0.02413051428308125,0.31918736395308,0.0,2017.6190137733843
0.37918728745999497,0.02339716771200094,0.02425188541596875,0.31433501760184,0.0,2022.312564293377
0.381456421001625,0.02351426131948164,0.024373256548856248,0.30958077942510004,0.0,2026.959235938769
0.38372555454325497,0.02363135492696234,0.02449462768174375,0.30492460891164,0.0,2031.5586491447727
0.385994688084885,0.023748448534443044,0.02461599881463125,0.30036485589535,0.0,2036.1128981933523
0.38826382162651496,0.023865542141923744,0.02473736994751875,0.29589850154183,0.0,2040.6258599013042
0.390532955168145,0.023982635749404443,0.024858741080406248,0.29152157739033,0.0,2045.1023210758883
0.392802088709775,0.024099729356885147,0.02498011221329375,0.28722966465869,0.0,2049.547086681155
0.395071222251405,0.02421682296436585,0.02510148334618125,0.2830183807556,0.0,2053.964191067104
0.39734035579303495,0.02433391657184655,0.02522285447906875,0.27888379932577,0.0,2058.3562927347157
0.399609489334665,0.02445101017932725,0.025344225611956248,0.27482275427239,0.0,2062.7242903907154
0.40187862287629494,0.024568103786807953,0.02546559674484375,0.2708330280017,0.0,2067.067170884693
0.404147756417925,0.024685197394288656,0.02558696787773125,0.26691341686862,0.0,2071.3820849118856
0.406416889959555,0.024802291001769356,0.02570833901061875,0.26306367382770995,0.0,2075.664615505596
0.408686023501185,0.024919384609250056,0.025829710143506247,0.25928436057427,0.0,2079.909199245163
0.41095515704281493,0.02503647821673076,0.02595108127639375,0.25557661476514,0.0,2084.109648857397
0.413224290584445,0.02515357182421146,0.02607245240928125,0.25194187865446,0.0,2088.259719592358
0.41549342412607493,0.02527066543169216,0.02619382354216875,0.24838161130225,0.0,2092.3536652006287
0.417762557667705,0.02538775903917286,0.026315194675056247,0.24489701588533,0.0,2096.386722237055
0.420031691209335,0.025504852646653562,0.02643656580794375,0.24148882025043,0.0,2100.3554805313784
0.422300824750965,0.025621946254134265,0.02655793694083125,0.23815711728259,0.0,2104.2581094047982
0.424569958292595,0.025739039861614965,0.02667930807371875,0.23490129411837,0.0,2108.0944351454336
0.42683909183422497,0.025856133469095665,0.026800679206606247,0.23172001385335,0.0,2111.8658685813693
0.42910822537585497,0.02597322707657637,0.02692205033949375,0.22861128278693998,0.0,2115.5752108610604
0.43137735891748497,0.02609032068405707,0.02704342147238125,0.22557254402152999,0.0,2119.2263776653485
0.43364649245911496,0.026207414291537775,0.027164792605268752,0.22260080938590998,0.0,2122.8240734381798
0.43591562600074496,0.026324507899018475,0.02728616373815625,0.21969280726194002,0.0,2126.3734683040875
0.438184759542375,0.026441601506499175,0.02740753487104375,0.21684511090689002,0.0,2129.8798888959664
0.440453893084005,0.026558695113979874,0.02752890600393125,0.21405426574638,0.0,2133.3485253492454
0.442723026625635,0.026675788721460578,0.02765027713681875,0.21131690057413,0.0,2136.7841585305446
0.444992160167265,0.026792882328941277,0.02777164826970625,0.20862982976833,0.0,2140.19089681244
0.447261293708895,0.026909975936421977,0.027893019402593748,0.20599015753411,0.0,2143.5719280052667
0.449530427250525,0.02702706954390268,0.02801439053548125,0.20339538299822998,0.0,2146.929315578972
0.451799560792155,0.027144163151383384,0.02813576166836875,0.20084349047199,0.0,2150.263875501767
0.454068694333785,0.027261256758864087,0.028257132801256253,0.19833301330523,0.0,2153.5751660114247
0.456337827875415,0.027378350366344787,0.02837850393414375,0.19586305479687002,0.0,2156.861608885808
0.458606961417045,0.027495443973825487,0.02849987506703125,0.1934332497046,0.0,2160.1207289418116
0.460876094958675,0.02761253758130619,0.02862124619991875,0.19104367048603,0.0,2163.3494747765167
0.463145228500305,0.027729631188786893,0.028742617332806253,0.18869469294028,0.0,2166.544578457239
0.46541436204193504,0.027846724796267593,0.02886398846569375,0.18638684366938998,0.0,2169.7029150429494
0.467683495583565,0.027963818403748293,0.02898535959858125,0.1841206531921,0.0,2172.82183378637
0.469952629125195,0.028080912011228993,0.02910673073146875,0.18189652611471,0.0,2175.8994380201407
0.472221762666825,0.028198005618709693,0.02922810186435625,0.17971463768886,0.0,2178.9347938335027
0.47449089620845497,0.028315099226190393,0.029349472997243747,0.17757485743572998,0.0,2181.9280542690717
0.47676002975008497,0.028432192833671096,0.02947084413013125,0.17547669926401,0.0,2184.880492987249
0.47902916329171497,0.028549286441151796,0.029592215263018747,0.17341930022566,0.0,2187.794456272722
0.48129829683334496,0.0286663800486325,0.02971358639590625,0.17140142541533002,0.0,2190.6732542467944
0.48356743037497496,0.028783473656113202,0.02983495752879375,0.16942149430409,0.0,2193.5210118457485
0.48583656391660496,0.028900567263593902,0.02995632866168125,0.16747762432494,0.0,2196.3424932482703
0.48810569745823496,0.029017660871074605,0.03007769979456875,0.16556768702794,0.0,2199.1429033770164
0.490374830999865,0.029134754478555305,0.03019907092745625,0.16368937526249,0.0,2201.9276627192444
0.492643964541495,0.02925184808603601,0.03032044206034375,0.16184028355476998,0.0,2204.702154732393
0.494913098083125,0.02936894169351671,0.03044181319323125,0.16001800407876,0.0,2207.4714570704896
0.497182231624755,0.029486035300997412,0.03056318432611875,0.1582202330227,0.0,2210.240075982606
0.499451365166385,0.029603128908478108,0.03068455545900625,0.15644487631356,0.0,2213.0117010055064
0.501720498708015,0.02972022251595881,0.03080592659189375,0.15469014370742,0.0,2215.788993892244
0.503989632249645,0.02983731612343951,0.03092729772478125,0.15295462131965,0.0,2218.573425582712
0.5062587657912749,0.029954409730920215,0.03104866885766875,0.15123731884535,0.0,2221.365179312258
0.508527899332905,0.030071503338400918,0.03117003999055625,0.14953768773334,0.0,2224.163139041365
0.510797032874535,0.030188596945881614,0.031291411123443746,0.14785560870775002,0.0,2226.964972228438
0.513066166416165,0.030305690553362317,0.03141278225633125,0.14619135026736998,0.0,2229.7673004857443
0.5153352999577949,0.03042278416084302,0.03153415338921875,0.14454550244605,0.0,2232.5659356680485
0.517604433499425,0.030539877768323724,0.03165552452210625,0.14291889460666998,0.0,2235.3561496662683
0.519873567041055,0.030656971375804427,0.03177689565499375,0.14131250592574,0.0,2238.1329445461774
0.5221427005826851,0.03077406498328513,0.031898266787881255,0.13972738095255002,0.0,2240.891298523564
0.5244118341243149,0.030891158590765827,0.03201963792076875,0.13816455688031,0.0,2243.6263757131705
0.526680967665945,0.031008252198246523,0.032141009053656244,0.13662500871776,0.0,2246.333697286705
0.528950101207575,0.031125345805727223,0.032262380186543746,0.13510961195066998,0.0,2249.0092777100517
0.531219234749205,0.031242439413207927,0.03238375131943125,0.13361911424094,0.0,2251.649720363552
0.5334883682908349,0.03135953302068863,0.03250512245231875,0.13215411782581002,0.0,2254.2522663541517
0.535757501832465,0.03147662662816934,0.03262649358520625,0.13071506761046,0.0,2256.814797166195
0.538026635374095,0.03159372023565004,0.03274786471809375,0.12930224670756998,0.0,2259.3357981574895
0.540295768915725,0.031710813843130736,0.03286923585098125,0.12791577951531,0.0,2261.8143014246402
0.5425649024573549,0.03182790745061143,0.03299060698386875,0.12655563822417001,0.0,2264.249824834445
0.544834035998985,0.031945001058092136,0.03311197811675625,0.12522164826807,0.0,2266.6423128464535
0.547103169540615,0.03206209466557283,0.033233349249643745,0.12391349947519,0.0,2268.992088770404
0.549372303082245,0.032179188273053536,0.03335472038253125,0.12263074718419,0.0,2271.299809968819
0.551641436623875,0.03229628188053424,0.03347609151541875,0.12137282800655999,0.0,2273.566431709821
0.5539105701655049,0.03241337548801494,0.03359746264830625,0.12013906163195,0.0,2275.7931730631226
0.556179703707135,0.032530469095495645,0.03371883378119375,0.11892867298781,0.0,2277.9814831593435
0.558448837248765,0.03264756270297635,0.033840204914081254,0.11774080227522,0.0,2280.1330068743423
0.560717970790395,0.032764656310457045,0.03396157604696875,0.11657453810271,0.0,2282.249553340292
0.5629871043320249,0.03288174991793775,0.03408294717985625,0.11542892420316,0.0,2284.3330446880395
0.565256237873655,0.032998843525418445,0.034204318312743745,0.11430301518305,0.0,2286.385473190175
0.567525371415285,0.03311593713289915,0.03432568944563125,0.11319585906918,0.0,2288.408817588358
0.569794504956915,0.03323303074037985,0.03444706057851875,0.11210658199312,0.0,2290.4049758260453
0.572063638498545,0.033350124347860555,0.03456843171140625,0.11103433884671,0.0,2292.3756644631376
0.574332772040175,0.03346721795534126,0.03468980284429375,0.10997843057791999,0.0,2294.3223664818515
0.576601905581805,0.03358431156282196,0.03481117397718125,0.10893819925217,0.0,2296.2462465967064
0.5788710391234351,0.033701405170302665,0.034932545110068755,0.10791319736236,0.0,2298.1481665576343
0.5811401726650649,0.03381849877778336,0.03505391624295625,0.10690297083172999,0.0,2300.0286183077073
0.583409306206695,0.03393559238526406,0.035175287375843745,0.10590733989809,0.0,2301.8878266140446
0.585678439748325,0.03405268599274476,0.035296658508731246,0.10492599549618,0.0,2303.72568299671
0.587947573289955,0.034169779600225464,0.03541802964161875,0.10395898930983,0.0,2305.5419481966937
0.5902167068315849,0.03428687320770617,0.03553940077450625,0.10300602950979,0.0,2307.3361335698905
0.592485840373215,0.03440396681518687,0.03566077190739375,0.10206735373992999,0.0,2309.107834411004
0.594754973914845,0.034521060422667574,0.03578214304028125,0.10114250991688,0.0,2310.8564602744214
0.597024107456475,0.03463815403014827,0.03590351417316875,0.10023191973446,0.0,2312.581751298357
0.599293240998105,0.034755247637628967,0.03602488530605625,0.099334761173712,0.0,2314.2832006778035
0.6015623745397349,0.03487234124510966,0.036146256438943744,0.098451760019685,0.0,2315.9608876494294
0.603831508081365,0.034989434852590366,0.036267627571831246,0.09758147451494299,0.0,2317.6143509116914
0.606100641622995,0.03510652846007107,0.03638899870471875,0.09672525881909201,0.0,2319.2440311242385
0.608369775164625,0.03522362206755177,0.03651036983760625,0.095880673744828,0.0,2320.849193848405
0.6106389087062549,0.035340715675032476,0.03663174097049375,0.095050331625454,0.0,2322.4305840818615
0.612908042247885,0.03545780928251318,0.03675311210338125,0.094230098431549,0.0,2323.9866722546053
0.615177175789515,0.03557490288999388,0.036874483236268754,0.09342498393726699,0.0,2325.518667804105
0.617446309331145,0.03569199649747458,0.03699585436915625,0.092627768531062,0.0,2327.02353568246
0.6197154428727749,0.03580909010495528,0.03711722550204375,0.091847993323566,0.0,2328.503463173638
0.621984576414405,0.03592618371243598,0.037238596634931245,0.091072585690998,0.0,2329.952013676795
0.624253709956035,0.03604327731991668,0.03735996776781875,0.09032016219149101,0.0,2331.371856101488
0.6265228434976651,0.036160370927397385,0.03748133890070625,0.089566502458515,0.0,2332.743892332424
0.628791977039295,0.03627746453487809,0.03760271003359375,0.088851422490887,0.0,2334.0584156073887
0.631061110580925,0.03639455814235879,0.03772408116648125,0.08813103600677301,0.0,2335.228563032952
0.633330244122555,0.036511651749839495,0.037845452299368754,0.08751200853322,0.0,2336.13371899222
0.6355993776641851,0.0366287453573202,0.037966823432256255,0.086921931077712,0.0,2336.2464273341234
0.184041802879815,0.013655678164485227,0.013813967987643751,1.9540258818054,0.0,1224.3653140947715
0.186310936421445,0.013775658544536286,0.013935339120531251,1.886377579685,0.0,1247.3160336528333
0.188580069963075,0.013895638924587346,0.014056710253418751,1.8330519827686,0.0,1269.1679534282505
0.190849203504705,0.014015619304638405,0.014178081386306251,1.7787687156029,0.0,1290.831751909971
0.193118337046335,0.014135599684689465,0.014299452519193751,1.7231982960946002,0.0,1312.133522017297
0.19538747058796502,0.014255580064740524,0.014420823652081251,1.6681391329528,0.0,1332.8277064037047
0.19765660412959501,0.014375560444791583,0.014542194784968751,1.6146674107429002,0.0,1352.7724303557889
0.199925737671225,0.014495540824842643,0.014663565917856251,1.5633128663219,0.0,1371.8939874939374
0.202194871212855,0.014615521204893702,0.014784937050743751,1.5142900953027,0.0,1390.152430315946
0.204464004754485,0.014735501584944763,0.014906308183631251,1.4677511159137,0.0,1407.5418549048152
0.206733138296115,0.014855481964995821,0.01502767931651875,1.423733931125,0.0,1424.0895938455585
0.209002271837745,0.014975462345046882,0.01514905044940625,1.3821747245795,0.0,1439.8418163510553
0.211271405379375,0.01509544272509794,0.01527042158229375,1.3429405434575,0.0,1454.8610803890633
0.213540538921005,0.015215423105149001,0.01539179271518125,1.3058592325833,0.0,1469.2249834269783
0.215809672462635,0.01533540348520006,0.01551316384806875,1.2707177759132,0.0,1483.0184534410403
0.218078806004265,0.015455383865251122,0.015634534980956252,1.2373013783148001,0.0,1496.3261671482394
0.220347939545895,0.01557536424530218,0.01575590611384375,1.205403160954,0.0,1509.2251118341555
0.22261707308752499,0.015695344625353238,0.01587727724673125,1.174837519783,0.0,1521.775421406167
0.224886206629155,0.015815325005404297,0.01599864837961875,1.1454553080437,0.0,1534.0196657549493
0.227155340170785,0.01593530538545536,0.016120019512506252,1.1171416481762,0.0,1545.988155901415
0.229424473712415,0.016055285765506418,0.01624139064539375,1.0898089438817,0.0,1557.7020809824987
0.231693607254045,0.016175266145557476,0.01636276177828125,1.0633928293745,0.0,1569.1747934176478
0.233962740795675,0.016295246525608535,0.01648413291116875,1.0378455822639,0.0,1580.4135176305417
0.236231874337305,0.016415226905659597,0.016605504044056252,1.0131332989205,0.0,1591.4215166143888
0.238501007878935,0.016535207285710656,0.01672687517694375,0.98923326294533,0.0,1602.2017619004487
0.240770141420565,0.01665518766576172,0.01684824630983125,0.96612658169885,0.0,1612.7609928711436
0.24303927496219502,0.016775168045812774,0.01696961744271875,0.9437901893749899,0.0,1623.1111367145818
0.24530840850382502,0.016895148425863836,0.01709098857560625,0.9221931390452,0.0,1633.267219260523
0.247577542045455,0.017015128805914895,0.01721235970849375,0.9012983045896801,0.0,1643.2438451466383
0.249846675587085,0.017135109185965954,0.01733373084138125,0.8810680779178199,0.0,1653.0524599905923
0.252115809128715,0.017255089566017012,0.01745510197426875,0.86147113540374,0.0,1662.7003916094125
0.254384942670345,0.017375069946068075,0.01757647310715625,0.8424820239053801,0.0,1672.1902934364782
0.256654076211975,0.017495050326119133,0.01769784424004375,0.82407987496095,0.0,1681.5193589482126
0.258923209753605,0.017615030706170192,0.01781921537293125,0.80624852919537,0.0,1690.6802426697752
0.261192343295235,0.01773501108622125,0.01794058650581875,0.7889757062657801,0.0,1699.663804666345
0.263461476836865,0.017854991466272313,0.01806195763870625,0.77225102002487,0.0,1708.461802277797
0.265730610378495,0.017974971846323372,0.01818332877159375,0.7560642596495399,0.0,1717.0683864897865
0.267999743920125,0.01809495222637443,0.01830469990448125,0.74040382735218,0.0,1725.4804438703986
0.270268877461755,0.01821493260642549,0.01842607103736875,0.7252552705762,0.0,1733.6971609680131
0.272538011003385,0.01833491298647655,0.01854744217025625,0.7106015331922,0.0,1741.7196797685235
0.274807144545015,0.01845489336652761,0.018668813303143753,0.69642424326675,0.0,1749.5517334067874
0.277076278086645,0.01857487374657867,0.01879018443603125,0.6827042329172801,0.0,1757.2011193872365
0.279345411628275,0.018694854126629728,0.01891155556891875,0.66942014044758,0.0,1764.6809511959837
0.28161454516990503,0.01881483450668079,0.01903292670180625,0.65654635828009,0.0,1772.0096499067738
0.28388367871153497,0.01893481488673185,0.019154297834693752,0.64405209870626,0.0,1779.2091861076235
0.286152812253165,0.019054795266782908,0.01927566896758125,0.63190338454664,0.0,1786.3020449755502
0.288421945794795,0.019174775646833966,0.01939704010046875,0.6200665727987801,0.0,1793.307969971337
0.290691079336425,0.01929475602688503,0.01951841123335625,0.6085119283213,0.0,1800.241196106291
0.292960212878055,0.019414736406936087,0.019639782366243752,0.5972170270709,0.0,1807.1090922453463
0.295229346419685,0.019534716786987146,0.01976115349913125,0.5861683005584699,0.0,1813.9128573348544
0.297498479961315,0.019654697167038205,0.01988252463201875,0.5753598703803999,0.0,1820.6498220661633
0.299767613502945,0.019774677547089264,0.02000389576490625,0.5647904777923399,0.0,1827.3163544353886
0.302036747044575,0.019894657927140326,0.020125266897793752,0.55445985256719,0.0,1833.9103690342524
0.304305880586205,0.020014638307191385,0.02024663803068125,0.54436585990853,0.0,1840.43272559308
0.306575014127835,0.020134618687242447,0.02036800916356875,0.5345031658875901,0.0,1846.8872884230325
0.308844147669465,0.020254599067293502,0.02048938029645625,0.52486343311003,0.0,1853.2798809739027
0.311113281211095,0.020374579447344564,0.02061075142934375,0.51543663307689,0.0,1859.6167014926523
0.313382414752725,0.020494559827395623,0.02073212256223125,0.50621273546969,0.0,1865.9028103442715
0.315651548294355,0.020614540207446682,0.020853493695118748,0.49718310383271,0.0,1872.1410311693799
0.317920681835985,0.02073452058749774,0.02097486482800625,0.48834140636914997,0.0,1878.3313861047145
0.320189815377615,0.020854500967548803,0.02109623596089375,0.47968398140761,0.0,1884.4711082477527
0.322458948919245,0.020974481347599862,0.02121760709378125,0.47120966234575,0.0,1890.5551315514272
0.32472808246087503,0.02109446172765092,0.02133897822666875,0.46291919219663,0.0,1896.5768672686984
0.326997216002505,0.02121444210770198,0.02146034935955625,0.45481439896588,0.0,1902.5290619278812
0.32926634954413503,0.02133442248775304,0.02158172049244375,0.44689737164034,0.0,1908.4044919036032
0.33153548308576497,0.021454402867804104,0.021703091625331253,0.43916986657438,0.0,1914.1964211161796
0.333804616627395,0.02157438324785516,0.02182446275821875,0.43163299600151,0.0,1919.8988932887955
0.33607375016902497,0.021694363627906218,0.02194583389110625,0.42428712181858,0.0,1925.506985408946
0.338342883710655,0.02181434400795728,0.02206720502399375,0.41713181813485,0.0,1931.0171340647325
0.34061201725228496,0.02193432438800834,0.02218857615688125,0.41016575467117,0.0,1936.4275636841169
0.342881150793915,0.022054304768059394,0.022309947289768747,0.40338645423185,0.0,1941.7387560952363
0.34515028433554495,0.022174285148110456,0.02243131842265625,0.39678996760949997,0.0,1946.9538699986865
0.347419417877175,0.02229426552816152,0.02255268955554375,0.39037053475102995,0.0,1952.0790070905593
0.349688551418805,0.022414245908212577,0.022674060688431252,0.38412035321727,0.0,1957.1232207724881
0.351957684960435,0.022534226288263636,0.02279543182131875,0.37802955865834004,0.0,1962.0981777037427
0.354226818502065,0.022654206668314695,0.02291680295420625,0.37208648485266,0.0,1967.0173994192653
0.356495952043695,0.022774187048365757,0.02303817408709375,0.36627824968885003,0.0,1971.895077921695
0.358765085585325,0.022894167428416816,0.023159545219981252,0.36059165273286,0.0,1976.7445828920709
0.361034219126955,0.023014147808467875,0.02328091635286875,0.35501428460719,0.0,1981.5769065290976
0.363303352668585,0.023134128188518933,0.02340228748575625,0.34953565869019,0.0,1986.3993553841103
0.365572486210215,0.023254108568569996,0.02352365861864375,0.34414812520049,0.0,1991.214810987871
0.367841619751845,0.023374088948621054,0.023645029751531252,0.33884734595938,0.0,1996.0217114458267
0.370110753293475,0.023494069328672113,0.02376640088441875,0.33363221366051005,0.0,2000.814769138997
0.372379886835105,0.023614049708723172,0.02388777201730625,0.32850423429637,0.0,2005.586263939688
0.374649020376735,0.02373403008877423,0.02400914315019375,0.3234665351533,0.0,2010.3276259856154
0.37691815391836503,0.023854010468825293,0.02413051428308125,0.3185227290785,0.0,2015.0309903606135
0.37918728745999497,0.02397399084887635,0.02425188541596875,0.3136758706322,0.0,2019.6904356110642
0.381456421001625,0.02409397122892741,0.024373256548856248,0.30892769002042003,0.0,2024.302715691133
0.38372555454325497,0.02421395160897847,0.02449462768174375,0.30427819607306,0.0,2028.8674235034257
0.385994688084885,0.02433393198902953,0.02461599881463125,0.29972565765261,0.0,2033.3866508437384
0.38826382162651496,0.02445391236908059,0.02473736994751875,0.29526688242932003,0.0,2037.8642915721703
0.390532955168145,0.02457389274913165,0.024858741080406248,0.29089768410288,0.0,2042.3051606507684
0.392802088709775,0.024693873129182708,0.02498011221329375,0.28661342618478997,0.0,2046.7140936976364
0.395071222251405,0.02481385350923377,0.02510148334618125,0.28240954471094,0.0,2051.0951520076455
0.39734035579303495,0.02493383388928483,0.02522285447906875,0.27828198765654,0.0,2055.4510134643238
0.399609489334665,0.025053814269335888,0.025344225611956248,0.27422753021702,0.0,2059.7825880982355
0.40187862287629494,0.025173794649386946,0.02546559674484375,0.27024396081281,0.0,2064.0888688998057
0.404147756417925,0.02529377502943801,0.02558696787773125,0.26633013637337,0.0,2068.367009636688
0.406416889959555,0.025413755409489067,0.02570833901061875,0.26248591384499004,0.0,2072.6125961903645
0.408686023501185,0.025533735789540123,0.025829710143506247,0.25871198322123,0.0,2076.8200694772304
0.41095515704281493,0.025653716169591185,0.02595108127639375,0.25500962039911,0.0,2080.98324891147
0.413224290584445,0.025773696549642247,0.02607245240928125,0.25138039813555,0.0,2085.0959000678977
0.41549342412607493,0.025893676929693306,0.02619382354216875,0.24782588419006,0.0,2089.152290224525
0.417762557667705,0.02601365730974436,0.026315194675056247,0.24434735989674,0.0,2093.147673436221
0.420031691209335,0.026133637689795423,0.02643656580794375,0.24094559213375,0.0,2097.0786611405406
0.422300824750965,0.026253618069846486,0.02655793694083125,0.23762067466086,0.0,2100.943448815889
0.424569958292595,0.026373598449897544,0.02667930807371875,0.23437195430698002,0.0,2104.741891158777
0.42683909183422497,0.0264935788299486,0.026800679206606247,0.23119802634102002,0.0,2108.475427832777
0.42910822537585497,0.026613559209999662,0.02692205033949375,0.22809680464693,0.0,2112.146886638746
0.43137735891748497,0.026733539590050724,0.02704342147238125,0.2250656314984,0.0,2115.760203518423
0.43364649245911496,0.026853519970101783,0.027164792605268752,0.22210141923892998,0.0,2119.320096718413
0.43591562600074496,0.02697350035015284,0.02728616373815625,0.21920080194876,0.0,2122.8317401608156
0.438184759542375,0.0270934807302039,0.02740753487104375,0.21636027318416998,0.0,2126.300452992958
0.440453893084005,0.027213461110254963,0.02752890600393125,0.21357631301265,0.0,2129.731408610301
0.442723026625635,0.02733344149030602,0.02765027713681875,0.21084549998187,0.0,2133.1293639898386
0.444992160167265,0.02745342187035708,0.02777164826970625,0.20816461358483,0.0,2136.4984024109776
0.447261293708895,0.02757340225040814,0.027893019402593748,0.20553073672809,0.0,2139.8416928167985
0.449530427250525,0.0276933826304592,0.02801439053548125,0.20294135931416002,0.0,2143.161290251197
0.451799560792155,0.02781336301051026,0.02813576166836875,0.2003944715086,0.0,2146.45801341124
0.454068694333785,0.027933343390561322,0.028257132801256253,0.19788863100961,0.0,2149.7314325732855
0.456337827875415,0.02805332377061238,0.02837850393414375,0.19542298490995,0.0,2152.9799853265954
0.458606961417045,0.028173304150663436,0.02849987506703125,0.19299723103679,0.0,2156.2012092587106
0.460876094958675,0.0282932845307145,0.02862124619991875,0.19061152080279,0.0,2159.39205840089
0.463145228500305,0.02841326491076556,0.028742617332806253,0.18826631882426,0.0,2162.5492626181835
0.46541436204193504,0.02853324529081662,0.02886398846569375,0.18596224254286,0.0,2165.6696910380288
0.467683495583565,0.028653225670867675,0.02898535959858125,0.18369990528730998,0.0,2168.7506885543794
0.469952629125195,0.028773206050918737,0.02910673073146875,0.18147977795190998,0.0,2171.7903596829565
0.472221762666825,0.028893186430969796,0.02922810186435625,0.17930207893826,0.0,2174.787778408462
0.47449089620845497,0.029013166811020855,0.029349472997243747,0.1771666951145,0.0,2177.7431101306456
0.47676002975008497,0.029133147191071913,0.02947084413013125,0.17507313383748002,0.0,2180.6576417757406
0.47902916329171497,0.029253127571122972,0.029592215263018747,0.17302050564227,0.0,2183.5337303473957
0.48129829683334496,0.029373107951174034,0.02971358639590625,0.17100753400586002,0.0,2186.3746908644985
0.48356743037497496,0.029493088331225093,0.02983495752879375,0.16903258658587,0.0,2189.1846448526994
0.48583656391660496,0.029613068711276152,0.02995632866168125,0.16709372256125,0.0,2191.9683432669553
0.48810569745823496,0.029733049091327214,0.03007769979456875,0.16518875182445,0.0,2194.730967687767
0.490374830999865,0.029853029471378273,0.03019907092745625,0.16331530506625,0.0,2197.477907163317
0.492643964541495,0.02997300985142933,0.03032044206034375,0.1614709168151,0.0,2200.214510579109
0.494913098083125,0.03009299023148039,0.03044181319323125,0.15965312290106,0.0,2202.9458239634328
0.497182231624755,0.030212970611531453,0.03056318432611875,0.15785956796553,0.0,2205.67632903693
0.499451365166385,0.03033295099158251,0.03068455545900625,0.15608811345837,0.0,2208.4096988897372
0.501720498708015,0.03045293137163357,0.03080592659189375,0.15433693528007,0.0,2211.148585154745
0.503989632249645,0.03057291175168463,0.03092729772478125,0.15260460130529002,0.0,2213.8944522613842
0.5062587657912749,0.03069289213173569,0.03104866885766875,0.15089012258283,0.0,2216.6474781048855
0.508527899332905,0.03081287251178675,0.03117003999055625,0.14919297348269,0.0,2219.4065403035206
0.510797032874535,0.030932852891837805,0.031291411123443746,0.14751307854143,0.0,2222.1692975213005
0.513066166416165,0.031052833271888867,0.03141278225633125,0.14585076736414,0.0,2224.9323596825143
0.5153352999577949,0.03117281365193993,0.03153415338921875,0.14420670284829,0.0,2227.69152495311
0.517604433499425,0.03129279403199099,0.03165552452210625,0.14258179199997,0.0,2230.4420515465476
0.519873567041055,0.03141277441204205,0.03177689565499375,0.14097709023572,0.0,2233.1789310118447
0.5221427005826851,0.03153275479209311,0.031898266787881255,0.13939371116397,0.0,2235.897137940447
0.5244118341243149,0.03165273517214417,0.03201963792076875,0.1378327502139,0.0,2238.5918431680275
0.526680967665945,0.03177271555219522,0.032141009053656244,0.13629522698452998,0.0,2241.258587168122
0.528950101207575,0.03189269593224628,0.032262380186543746,0.13478204555745998,0.0,2243.893414707375
0.531219234749205,0.032012676312297345,0.03238375131943125,0.13329396752915,0.0,2246.4929667658416
0.5334883682908349,0.0321326566923484,0.03250512245231875,0.13183159582555,0.0,2249.0545253944692
0.535757501832465,0.03225263707239947,0.03262649358520625,0.13039536627297,0.0,2251.576012885326
0.538026635374095,0.03237261745245053,0.03274786471809375,0.12898554654099,0.0,2254.0559538707703
0.540295768915725,0.03249259783250158,0.03286923585098125,0.12760224129239,0.0,2256.493417120421
0.5425649024573549,0.032612578212552645,0.03299060698386875,0.12624540024383,0.0,2258.887952618909
0.544834035998985,0.032732558592603704,0.03311197811675625,0.1249148263511,0.0,2261.2395321279137
0.547103169540615,0.032852538972654756,0.033233349249643745,0.12361018487092,0.0,2263.548499502683
0.549372303082245,0.03297251935270582,0.03335472038253125,0.12233100899115999,0.0,2265.81552701737
0.551641436623875,0.03309249973275688,0.03347609151541875,0.12107671021093,0.0,2268.0415793404063
0.5539105701655049,0.03321248011280794,0.03359746264830625,0.11984658613436999,0.0,2270.227880841337
0.556179703707135,0.033332460492859005,0.03371883378119375,0.11863983642375,0.0,2272.3758838601643
0.558448837248765,0.033452440872910064,0.033840204914081254,0.11745557899932,0.0,2274.4872364840026
0.560717970790395,0.03357242125296112,0.03396157604696875,0.11629287509106001,0.0,2276.563749245963
0.5629871043320249,0.03369240163301218,0.03408294717985625,0.11515074955322,0.0,2278.607349039621
0.565256237873655,0.03381238201306323,0.034204318312743745,0.1140282254002,0.0,2280.6200284705933
0.567525371415285,0.0339323623931143,0.03432568944563125,0.11292434000226999,0.0,2282.603770217142
0.569794504956915,0.03405234277316536,0.03444706057851875,0.11183818811087,0.0,2284.56047121576
0.572063638498545,0.034172323153216416,0.03456843171140625,0.11076892942579,0.0,2286.491852575561
0.574332772040175,0.03429230353326748,0.03468980284429375,0.10971583613235,0.0,2288.399393883098
0.576601905581805,0.03441228391331854,0.03481117397718125,0.10867827965359,0.0,2290.2842661286636
0.5788710391234351,0.0345322642933696,0.034932545110068755,0.10765577955163999,0.0,2292.1473181447113
0.5811401726650649,0.03465224467342066,0.03505391624295625,0.10664794870376,0.0,2293.989047207668
0.583409306206695,0.03477222505347171,0.035175287375843745,0.10565455517612,0.0,2295.809650674449
0.585678439748325,0.034892205433522776,0.035296658508731246,0.1046754081735,0.0,2297.6090273888844
0.587947573289955,0.035012185813573835,0.03541802964161875,0.10371045960554,0.0,2299.3868930685703
0.5902167068315849,0.03513216619362489,0.03553940077450625,0.102759610104,0.0,2301.142781297435
0.592485840373215,0.03525214657367596,0.03566077190739375,0.10182289901648,0.0,2302.8762192450195
0.594754973914845,0.03537212695372702,0.03578214304028125,0.10090018802761999,0.0,2304.5866724396365
0.597024107456475,0.03549210733377807,0.03590351417316875,0.099991520825943,0.0,2306.273777818749
0.599293240998105,0.035612087713829135,0.03602488530605625,0.099096603749074,0.0,2307.937152152528
0.6015623745397349,0.03573206809388019,0.036146256438943744,0.098215467752764,0.0,2309.576711942216
0.603831508081365,0.03585204847393125,0.036267627571831246,0.097347588707537,0.0,2311.192240636068
0.606100641622995,0.03597202885398231,0.03638899870471875,0.096493070351806,0.0,2312.7838948987596
0.608369775164625,0.03609200923403337,0.03651036983760625,0.095651109096067,0.0,2314.3513895510837
0.6106389087062549,0.036211989614084436,0.03663174097049375,0.094822082977483,0.0,2315.8949350170633
0.612908042247885,0.036331969994135495,0.03675311210338125,0.094004821842384,0.0,2317.4138109864807
0.615177175789515,0.036451950374186554,0.036874483236268754,0.093200308673162,0.0,2318.9081860909155
0.617446309331145,0.03657193075423761,0.03699585436915625,0.092406765894263,0.0,2320.3765104888057
0.6197154428727749,0.03669191113428867,0.03711722550204375,0.091626335014179,0.0,2321.8189005284676
0.621984576414405,0.03681189151433972,0.037238596634931245,0.090856143911636,0.0,2323.2317548303427
0.624253709956035,0.03693187189439079,0.03735996776781875,0.09010080523496701,0.0,2324.6134165642816
0.6265228434976651,0.03705185227444185,0.03748133890070625,0.08935602463918,0.0,2325.950515200898
0.628791977039295,0.037171832654492906,0.03760271003359375,0.088633771067205,0.0,2327.223556570985
0.631061110580925,0.03729181303454397,0.03772408116648125,0.08793218603783,0.0,2328.359484896341
0.633330244122555,0.03741179341459503,0.037845452299368754,0.08729662670086,0.0,2329.2210367315647
0.6355993776641851,0.037531773794646096,0.037966823432256255,0.086736647375562,0.0,2329.269657305855
