/*--------------------------------*- C++ -*----------------------------------*\
  =========                 |
  \\      /  F ield         | OpenFOAM: The Open Source CFD Toolbox
   \\    /   O peration     | Website:  https://openfoam.org
    \\  /    A nd           | Version:  10
     \\/     M anipulation  |
\*---------------------------------------------------------------------------*/
FoamFile
{
    format      ascii;
    class       volScalarField;
    location    "0.0225";
    object      theta;
}
// * * * * * * * * * * * * * * * * * * * * * * * * * * * * * * * * * * * * * //

dimensions      [0 2 -2 0 0 0 0];

internalField   nonuniform List<scalar> 
32768
(
0.024518395025996471
0.041740089944535923
0.030577321209415854
0.032408604129322297
0.020129445594433575
0.013119365855903503
0.0070582659407231576
0.0023339697172067046
0.00054823970751840471
0.0019772121677609287
0.0063779153156531248
0.013120232009183993
0.03004488315817834
0.033591087758664581
0.051448013708991998
0.049075967430028414
0.043025715184877349
0.02854374103688442
0.024101289774348417
0.028523018634510879
0.013886304688787777
0.0069732466538449233
0.0025781990899045727
0.00055533853533707464
0.0019392102892207856
0.0063768805198634645
0.013162289365692886
0.016021928963814592
0.018497113527792156
0.024971684383076419
0.029173347581422801
0.031335539369714491
0.03481894911611505
0.045872265831834964
0.032688108427808581
0.038918574122501728
0.028091671378396767
0.014421033061077355
0.0085105875958182298
0.0046633602578708602
0.0033940608355881832
0.0049506043615053794
0.0090306965268951017
0.015649007067333839
0.027983981909676305
0.027607466293284196
0.047783678415554198
0.040009543415343643
0.033054895601083378
0.021705340421702191
0.018149469288976657
0.025364079705093009
0.014243567186489805
0.0084183620997971016
0.004620740377467329
0.0033802030783618812
0.0049420506150814544
0.0090359562271946896
0.01508775784694286
0.014119448731770652
0.024048774547153703
0.030753189636438565
0.035103892818888267
0.037280049955215236
0.028691058028410224
0.043231396661965633
0.03717340945481034
0.03622259234743623
0.030220708015628414
0.019087000840356555
0.011978901023486331
0.0096002077715657708
0.0090564110806193639
0.010484834188882042
0.013616797055499313
0.018136949361042758
0.019511155646662334
0.046917623880004637
0.043676263827212493
0.046528243157256018
0.031066239169641258
0.030701499795709825
0.026669176638353546
0.023726033318943664
0.014066731268894779
0.011882732019092616
0.0095315587127118052
0.009022787539637039
0.010474461435182998
0.013629113692339961
0.018052471526469549
0.016952305119169866
0.021880879201664701
0.031690255018834206
0.034426851274672945
0.035697783012280389
0.027529711575902088
0.034510859314408074
0.02926570038606463
0.027902040757243455
0.030553801396908324
0.029343997600018108
0.020475657219605224
0.016427224864636027
0.016690344802732193
0.017783847147318461
0.019799409361796801
0.019145881156827249
0.022400698106463363
0.032554020825751602
0.034439781560263304
0.043897170836853953
0.03741991429172753
0.02726259210000332
0.022798194076756307
0.020504118644553392
0.02622759396680354
0.014144637191333329
0.016356648933693489
0.016646229589671595
0.017770304225206285
0.015140925543832028
0.01666282599769317
0.023581169396771996
0.025912826385747365
0.023227586205388638
0.027044393366649135
0.028143362756647302
0.012584460437635562
0.018627592826741559
0.026318671961325868
0.02549696260111237
0.026059297133845829
0.029779445281701546
0.03488825495879741
0.027307444546286763
0.02790270796541941
0.027961085806395159
0.021810590156594294
0.022850154282585345
0.028495766596081256
0.037825240917242112
0.029329861624001884
0.032165293165079149
0.024744293291042704
0.020644529996424615
0.021322641667004084
0.027614443060535555
0.018344072033880127
0.021567623747420953
0.018860578179038294
0.021964832933597661
0.021423775329144974
0.017976396681597971
0.02269066895823281
0.028077797885525863
0.024398127192053982
0.020754524478447625
0.017226519315829889
0.013923300221862618
0.0069202672544092601
0.012873656494194096
0.014716841083830451
0.027479755603999699
0.029802311215577078
0.034050197596489314
0.030196179466543637
0.035631441353856486
0.036738507648700174
0.036007999896547918
0.042055287823019934
0.032966792662454114
0.037528884862474056
0.025207029683523771
0.018714105609066459
0.018694307398689009
0.015131267067432974
0.014444462851753369
0.016498001266396996
0.020369007124388362
0.02387134578019421
0.02370008418219478
0.022842040290912802
0.02412661725465904
0.02437669501249112
0.028303516635921296
0.0261453545160522
0.025424966746142044
0.02319359689724795
0.011224044226499058
0.010168177742811101
0.007884839418701009
0.0017135270026543982
0.0048391427923477406
0.013659067827959502
0.020782382340946502
0.03301579253826125
0.042665425859637514
0.037488969421977464
0.03992697144819958
0.039658990088547862
0.036385846425931755
0.037417177630502195
0.038372015321965609
0.034050818362061398
0.017978367031671737
0.012193371468703008
0.0098577587590642866
0.0091411204514056845
0.0089997948609087594
0.01290649008901425
0.018797930832232565
0.029495930228977417
0.028014641115986109
0.027546663132530874
0.028561273266110677
0.028670012405040423
0.031623205492267284
0.03422572873368121
0.026033799851002425
0.020727505748252523
0.01130679176042256
0.0056694587636665801
0.0022619198502979955
0.00070148510253223645
0.0045807314363761013
0.01097288606979621
0.022144879091583403
0.031589875910635105
0.036634999248171131
0.039221393445906721
0.042771512270767163
0.043161731130226283
0.041218968375206541
0.044295689949191766
0.037750348298964356
0.027579785840711739
0.015415451123680125
0.0102378671615194
0.0041752424662031646
0.0031493285307239152
0.0070731823011328616
0.010777165969625963
0.018711248116074799
0.026229962447720176
0.03125095495892314
0.035945114004983146
0.031087489985618388
0.031039181270811719
0.032993084953288163
0.033339038080624439
0.026037678880814489
0.018609298180969326
0.0097083772230931991
0.0050698797332411633
0.00052922062309233929
0.0032448359188537311
0.006534078411184893
0.010582050501759937
0.01832605212652727
0.026640620156031011
0.031469722267633213
0.029198537231407556
0.031329767041200468
0.031131554494581149
0.037091349422871872
0.031101781864987677
0.030505274893790603
0.021226279102739914
0.011229798839380647
0.005722997775754652
0.00065398675985572116
0.00079157645038553485
0.0044944461992012311
0.01008294328329613
0.020820366751926653
0.031294152737963987
0.034310731054310421
0.041462186885303454
0.042980566236293968
0.044188010101860284
0.045167851407045878
0.036623337535301594
0.037342933147920622
0.025897804223732494
0.015910629396056784
0.0065213959850229306
0.0037725301297078413
0.0078124299803787028
0.0084593814466502413
0.012013993198737187
0.015943655452123881
0.026064204923916135
0.025641862374932309
0.02755407678215192
0.029251375983237404
0.028934628389273631
0.036913902292667208
0.035251527996409897
0.027996714040620957
0.017853382578882353
0.012803687388326506
0.0063895562209533175
0.0026602247727983866
0.0022627228773914503
0.0055925050756308239
0.015460483669606118
0.02258041323844771
0.034332915271675958
0.044583914542333347
0.046231153471731054
0.039172870793632908
0.040824836857482227
0.036729594025415632
0.045309894991141263
0.029490093744293483
0.024393035526433002
0.017449193589003584
0.010689674650928817
0.0084215614468464463
0.016081574512142708
0.013917734653207489
0.015274587133239953
0.016391297597415574
0.019312982522363745
0.025267111193355868
0.0241536530025852
0.02516066682214238
0.02477302683340089
0.030216893873672882
0.034845142626903046
0.028803776710231429
0.02227221321578042
0.016440761129601227
0.011605919550834147
0.0079870529545871764
0.0062943771087912454
0.014173032742725914
0.021293018787978502
0.024917326592198665
0.032074883341087469
0.039615664167475896
0.042899472822148003
0.037522252984397646
0.038076139259856701
0.036598679211564962
0.032368178655618723
0.038295532701618749
0.034371604873893909
0.020207897857706197
0.018597100190084058
0.020100283245066002
0.022519854857830483
0.018023742287837544
0.017498072156967609
0.017271188002741852
0.017249793636743924
0.021413303804656173
0.019511103082892129
0.027416215218684967
0.017314293111506701
0.025543653295533385
0.022538144367407188
0.028668969940313184
0.026092982207639615
0.017105444184466048
0.018729412136639815
0.016937483280086509
0.014478488155681138
0.024558064036729749
0.024149708206509038
0.028485196131284439
0.030376551817396798
0.038077344430479658
0.036900149150857472
0.029493545232766847
0.029448438727614795
0.028638717099630756
0.023529094531989758
0.027710733378132617
0.029345974887789349
0.031156985558244019
0.026200183792286332
0.031040062944686107
0.033179424644916786
0.023890919546002195
0.020378809119178477
0.017680877141234414
0.025441236160491595
0.021062186569849973
0.022110527042658604
0.018366404389576495
0.017857194058768275
0.018301223285761156
0.014922015116250496
0.026364501311694884
0.027668651891907391
0.028597296892870976
0.027129944885731946
0.026775844161159499
0.023884398990201526
0.032852276134765164
0.031892021841584871
0.029277909946184986
0.034029440711956217
0.029204338268296874
0.021590931637015819
0.017368424438045628
0.019976067864726624
0.023905814959381107
0.022596777615255276
0.022303508130627037
0.024676966791503156
0.037743308474245833
0.039505728744976966
0.043556464776287052
0.033112492053017854
0.026791224026753439
0.02625472872590557
0.023075285520927226
0.018922271348822489
0.015252895452366492
0.01214253746285864
0.010474562765778702
0.01054404363823191
0.012307861805882163
0.015195078237136424
0.016229158084553191
0.028806188076376006
0.032162455025402922
0.034420666758065918
0.035265722165572867
0.027060198031141205
0.045306574288221012
0.035306987495543861
0.037749766374840649
0.029667555614434491
0.017076141689663284
0.018774582156675077
0.012258966459950145
0.010521626400732951
0.010533808906131984
0.017070569119939559
0.020428026278604423
0.025519711202546525
0.029637045297223271
0.048084375396599932
0.040485635798217026
0.033800597098749094
0.025146511911207748
0.021879470721423488
0.029143642137388771
0.016655199896548803
0.010662362357641094
0.006357171448737136
0.0043434896835994738
0.0049865612849790452
0.0081535790392336886
0.013410502028329996
0.019073947591307112
0.026594164459994248
0.033912149803703551
0.039161660399186067
0.04213194773917868
0.033747965565442038
0.05088143231362429
0.043201310587861946
0.038731910937240696
0.023839753875793707
0.012648097778899239
0.01080660214496071
0.0064307985678226532
0.0043641647853595138
0.0049802291173364046
0.0081182416228576231
0.019852092448100263
0.029420241617035579
0.027721673519767141
0.044373173054236721
0.051221476176377789
0.04285636732718992
0.028618939426333687
0.024327374093150837
0.028989518373972234
0.014731270741265705
0.0077592413104075764
0.0029178113283961651
0.00088216506444117068
0.001987453897698777
0.0060680945113423083
0.012574399432599625
0.015437906443684238
0.018091738417969901
0.02455822021993518
0.028819622862919371
0.031094522306914882
0.024048578565376795
0.040712846087883052
0.029880800925327713
0.032652981933779281
0.019187547053035419
0.012942857611157399
0.0078632507240816892
0.002952518249405023
0.00088595291643969764
0.0019870654727791805
0.0060583030978004033
0.015851630082467219
0.029021628010475958
0.033115740276268173
0.051387624568064741
0.049335468077948606
0.043025712970441943
0.028543740381168612
0.024101289590067545
0.028523018742010572
0.013886304822233362
0.0069732466313292881
0.0025781989498200974
0.00055533854677870939
0.0019392102280592896
0.0063768805424587165
0.013162289591446557
0.016021928851609475
0.018497113749506799
0.024971684325543104
0.029173347533909214
0.031335538981967566
0.02451839455034395
0.04174009011474257
0.030577321250350811
0.03240860470935928
0.020129446757428986
0.013119365390590812
0.0070582656431611443
0.0023339697435233076
0.00054823971765358939
0.0019772121802551106
0.00637791546895788
0.013120231651546044
0.030044883780051265
0.033591088204618369
0.051448013676280123
0.049075968675438869
0.033054893689371846
0.021705340463466699
0.01814946889901187
0.025364080261747902
0.014243567379099386
0.0084183621358945807
0.004620740424622711
0.0033802030741905201
0.0049420507175919112
0.0090359563211535321
0.015087758082154328
0.01411944925098863
0.024048774510514917
0.030753189757958911
0.035103892562912041
0.037280049379395316
0.034818948398003952
0.045872264804828013
0.032688108721702962
0.038918573775936105
0.02809167183732026
0.014421033012179852
0.0085105871454686805
0.0046633602986920096
0.0033940608541759799
0.0049506043558703253
0.0090306968288852135
0.01564900804755694
0.027983984165744692
0.027607456595056635
0.047783696254372794
0.040009551261382809
0.031066231577093879
0.030701499612696054
0.026669176722631419
0.023726033024661086
0.014066731654750015
0.011882732455756698
0.0095315590713852278
0.0090227876461862252
0.01047446159724074
0.013629113620660821
0.018052471305211728
0.01695230520940072
0.021880879171673459
0.031690254531421103
0.03442685108701371
0.035697782684137119
0.02869105788047107
0.043231396774515228
0.035387610140013424
0.036222591977297554
0.030220707768015026
0.019087000805197488
0.011978901199675353
0.0096002076805480775
0.0090564111046679587
0.010484833688155951
0.013616797168774966
0.018136947273137145
0.0195111613737644
0.040623664481450633
0.043373477832167835
0.044913046102720483
0.037419926935256261
0.027262590950774379
0.022798194367937501
0.02050411917480828
0.026223851473670012
0.014144637428388038
0.016356648392960429
0.016646229289671986
0.017770304358142627
0.015140925400189893
0.016662825796634209
0.02358116948849449
0.025912825782238327
0.023227585550465793
0.027044393280983285
0.028143362465269668
0.027529711334116577
0.034510858646717546
0.028796119019710464
0.027902039992555566
0.030553800855504649
0.029343997584753617
0.02047565715680353
0.018749829514102121
0.022143884953361767
0.017783847005211833
0.019799408604797297
0.019145882702378089
0.022400701103489913
0.032554031764409908
0.034439788517929414
0.041472299800802526
0.024744301947302122
0.020644530266421175
0.021322642203187001
0.027614443600090115
0.018344071760238403
0.021567623979599077
0.018860579305856266
0.021964833332248752
0.02142377535182767
0.017976396645269219
0.022688831618393638
0.028077794931460624
0.024398124910221804
0.020754523781361979
0.017226519019546808
0.013923300071717401
0.012584460294121715
0.018627592730706518
0.026318672477394778
0.025496962720687116
0.026059297344250058
0.029779445078026774
0.03488825458231512
0.027307444198890932
0.027902708519841935
0.027961087021325787
0.021810592817884972
0.022850156757385855
0.028495775078587617
0.03782524383105465
0.029329856182400027
0.032165292742345246
0.015131267411257339
0.014444463471788974
0.016498001090192775
0.020369006958740134
0.02387134505958018
0.023700084623132466
0.022842041628304735
0.024126617612546548
0.024376695379342134
0.028303515732800946
0.026145355005142222
0.025424964783315275
0.02319359573148037
0.011224043492620168
0.010168177610957861
0.0078848392821117518
0.006920267153934968
0.012873656514141405
0.014716840817723523
0.027479755488879033
0.029802310451565579
0.034050197185228892
0.030196179112317097
0.035631441755568892
0.036738507779635478
0.036008000360655358
0.042055290515112191
0.032966794204523919
0.037528889695442949
0.025207031027954879
0.018714098615808025
0.018694309078515877
0.0091411196168587391
0.008999794959323678
0.0129064899604515
0.018797930440751003
0.029495930268524331
0.02801464094986755
0.027546663187388833
0.02856127367921197
0.028670013121506435
0.031623205287078356
0.034225726414988306
0.02603379645526057
0.020727507493273751
0.011306792785903725
0.005669459013187367
0.0022619198656011982
0.0017135269959665854
0.0048391427781498799
0.013659067710054231
0.020782381925234572
0.033015792214203719
0.042665425590097429
0.037488969055595622
0.039926971272923661
0.039658990075269678
0.036385846722751067
0.037417174984937095
0.037008379378733219
0.028632895851251287
0.017978365471074828
0.012193369991688801
0.0098577595675864872
0.0031493283397906486
0.0070731818966275131
0.010777165181207263
0.018711245503550408
0.026229961011291915
0.031250953368217822
0.035945113452395823
0.031087489857977987
0.031039181072885502
0.032993084051732478
0.033339039774008976
0.026037681821657097
0.018609299874402581
0.0097083775418064424
0.0050698800999975464
0.00052922061900567924
0.00070148509487353422
0.0045807313692809723
0.010972886022173042
0.022144878688120196
0.031589875796764581
0.036634999404914194
0.039221393364813874
0.04277151203235046
0.043161731210076611
0.041218968448937181
0.044295689737130682
0.037750344340256932
0.027579788846746917
0.015415452371935159
0.010237867238528344
0.0041752431270312817
0.00079157636060414593
0.0044944456622374824
0.010082942592824905
0.020819808914519487
0.031294152007071564
0.034310730184400222
0.041462186748851847
0.042980566322106339
0.044188010384906627
0.045167849445614701
0.036623338602512642
0.037342934714297817
0.0258978050943958
0.015910629136446783
0.0065213959689653387
0.0037725300868057983
0.0032448358952684086
0.0065340783884892074
0.010582050601478469
0.018326051783797457
0.02664070105585014
0.031469722664007396
0.029198537321302041
0.031329767131272571
0.031131554303935896
0.03709134885432553
0.031101780596208769
0.030505273484591103
0.021226280659310752
0.011229799796199435
0.005722997611671104
0.00065398677236506585
0.0022627229715928708
0.0055925054367077934
0.015460484257355751
0.022580413824497738
0.034332914492163039
0.044583914392574649
0.04623115362263179
0.039172871395472444
0.040823266224316465
0.036729592472825569
0.045309894449202172
0.029490094894270798
0.024393035590929119
0.017449193376933184
0.010689674638288679
0.0084215612941706194
0.0078124299142594625
0.0084593813512074279
0.012013993007718217
0.015943655612071124
0.026064204998863041
0.025641862617916095
0.027554076925172671
0.029251376000936042
0.028934628187377635
0.036913901730553041
0.035251527445724525
0.027996712794021109
0.017853382662390036
0.012803687695192875
0.0063895562856544214
0.002660224783608106
0.0062943772183107205
0.014173033421169082
0.021293020387399875
0.02491732733197026
0.032074883745076874
0.039615663512453769
0.042899473348208324
0.037522252314158212
0.038076139622649829
0.036598679859044983
0.032368176708919248
0.038295534333225419
0.034371605102343043
0.020644428857685995
0.018597100082082336
0.020100282262978421
0.016081574546962071
0.013917734621069128
0.015274587171116181
0.016391298184391445
0.019312982530386776
0.025267111537762729
0.024153653140494585
0.025160667192827803
0.024773026826898119
0.030216893020638996
0.034845142275118715
0.028803775472884256
0.022272213257087503
0.016440762963671487
0.011605920046753197
0.0079870529667876201
0.014478488185481067
0.024558064305831431
0.024149707336934507
0.028485195090314597
0.030376551307735374
0.038077343895632526
0.036900149009050177
0.029493544737261887
0.029449971579682162
0.028638716640008863
0.023529094381481749
0.027710734770488452
0.0293459753253862
0.033187821132699975
0.026200184025761804
0.031040062442470713
0.022518018406503915
0.018023742058529385
0.017498072168230752
0.017271188459858183
0.01724979356357766
0.028566346249017393
0.01867468113107968
0.027416214782079049
0.017314293092205075
0.025543653301967176
0.022538144642453888
0.028668969050026267
0.026092983708695394
0.016619567420058424
0.018729412918109818
0.016937483617919087
0.023884399683501568
0.03285227561322801
0.031892021127333678
0.029277908686340028
0.03402943994867242
0.029204338570439907
0.021590931471175381
0.017368424224269853
0.019976067758920125
0.023905814890282741
0.022596777645987682
0.022303508985486512
0.024676968322668913
0.037743308690300459
0.039505728392264294
0.043556460171728963
0.033179421191028548
0.023890919241902599
0.020378809450064463
0.017680877285476907
0.025441236175461956
0.021062185807744178
0.022110527034563728
0.018366404842918304
0.017857189585690561
0.018301228861506074
0.01492201498692086
0.026364501905625237
0.027668651214417982
0.027361000300212698
0.027129945133732646
0.026767900908890984
0.027060200891353244
0.045306576715825053
0.03530698490664376
0.037749764256693116
0.029667555073780778
0.017076141685815224
0.018774582341412431
0.01225896642128348
0.010521626277735211
0.010533809066263649
0.017070569006427446
0.020428026151482866
0.025519710979948842
0.029637048838444972
0.048084391403248314
0.04048563367794792
0.033112486260107134
0.026791225811449122
0.026254729864272481
0.022699780970154203
0.018895741789523419
0.015252894908736287
0.012142536426122728
0.010474561894734285
0.010544043611530692
0.012307865625138437
0.015195076205699213
0.016229158290444537
0.028806837332728558
0.03216245087632958
0.034420666421688881
0.035265723342771046
0.033747961650297788
0.050881432232091808
0.043201311374565586
0.038731910603419781
0.023839753200348084
0.012648098097955435
0.010806602378149432
0.0064307982885338805
0.0043641647548971199
0.004980229046681957
0.0081182414589231616
0.019852092327758926
0.029420240509000297
0.027721675814878409
0.042084172667168511
0.046370818737867227
0.03380060111894323
0.025146513744215147
0.021879470483867951
0.029143642254992493
0.016655199804236655
0.010662362069103508
0.0063571711508852592
0.0043434895693545989
0.0049865612430475903
0.0081535787903922203
0.013410502060453161
0.019073948699037901
0.026594164580155431
0.033912069341010743
0.039161659946648351
0.042131945182296203
0.024048578034420766
0.040712844019467884
0.029880801432250331
0.032652981089148617
0.019187546064491551
0.012942858264876934
0.0078632510588628954
0.0029525182356602807
0.00088595291194526991
0.0019870654245342603
0.0060583026356084554
0.015851630356415965
0.029021629400200546
0.033115735400437475
0.051387602588904048
0.049335478794998874
0.042856397668871678
0.028618942931140319
0.024327374391408717
0.028989518121560483
0.014731270632216367
0.0077592412033187889
0.0029178112825500552
0.0008821650630911397
0.0019874538365163225
0.0060680944488012744
0.012574399299998613
0.015437906970799192
0.01809173791906267
0.024558220278798081
0.028819622980080856
0.031094522166488722
0.022944443846226403
0.039003200505215344
0.02890112836109766
0.030624188703962801
0.019502778622860369
0.011484924418956719
0.0068525690413366678
0.0028409213317123275
0.0015358862822684675
0.0031460852861130194
0.007397438573102968
0.015742833734882035
0.027636107541642134
0.031377460814002195
0.047788231267611864
0.046327223990543447
0.035376065226396074
0.026684030080571113
0.022779274675468395
0.02658353157359402
0.012855142746576618
0.0067753465209818599
0.0028166584732143081
0.0015345016283371603
0.0031462583571122125
0.0074075906405861825
0.013731352904919421
0.013558706499538756
0.017780786409174239
0.023250268058039158
0.027033764888299623
0.029018255146680594
0.03209819568303765
0.042392151148723557
0.030544592285564949
0.036086465375672755
0.02152131042771846
0.01289888499657257
0.0080086243325448968
0.0046274427326901887
0.0036820213154574815
0.0053441954608596572
0.0093198966730009668
0.01648370986773378
0.025667778707065714
0.029791952193556331
0.043636879482574005
0.038195769219251059
0.031898601922061724
0.021230158558763555
0.017787725693333638
0.023338124322727121
0.017724045313852722
0.0079330329488006349
0.0045910902890275111
0.0036710313348966824
0.0053406478014887716
0.0093308682674570192
0.015083219007263872
0.013692395184900855
0.021157308389984399
0.028491782002663005
0.032364271645831277
0.034325176209976369
0.025684319851529823
0.039490936285361142
0.032656703787616453
0.033243338518484628
0.027761241344586299
0.022623689188770068
0.011777994647576022
0.008866685830937136
0.0084226609557371459
0.0098807937533763185
0.012974957919531481
0.016821110982557372
0.018704705560831113
0.038411794093576708
0.040962560679754539
0.044185137696952814
0.029935572260723426
0.029884847005036481
0.026136347755301846
0.016731918290730324
0.015081480859645112
0.011032283451064471
0.0088149077085262362
0.0083974106110005758
0.0098714179260250886
0.012986634191523204
0.012536047206518642
0.017476967381098711
0.02208876840399647
0.028736305376746544
0.03113638691158032
0.032159247620586473
0.024411521994202809
0.028427555194710418
0.026117468973303005
0.024905164727844951
0.029413309489754142
0.027727094210696992
0.025466304586207879
0.015069026610512426
0.015064207835567337
0.0192459350604271
0.013547399182613518
0.017358396707879833
0.021139237934124838
0.032160587485624899
0.030692555851517443
0.041448970941298381
0.034955941339606285
0.026222610739000177
0.022207688599387716
0.018894077567251755
0.01745726166500523
0.015252288912478835
0.018890849063031748
0.015034276271020027
0.012399858422077172
0.014156204149784456
0.017919306157867514
0.018800006954781574
0.024184532496625697
0.024560436308539806
0.02302368014465905
0.024967895214917005
0.01046202569913501
0.020999456373782879
0.023995045184758614
0.023745315690585907
0.025780242304033727
0.028230531951946108
0.032466872236418934
0.024701155195426316
0.025193609106261769
0.025378432581850494
0.019405650554088199
0.020741551005397742
0.026951462349959703
0.03760470784938693
0.027179387796068724
0.030138777060719615
0.022567325849118382
0.019234592320733466
0.020065461107275286
0.021430318159489925
0.017076525587247818
0.01676784636867025
0.019843219664346004
0.019631828847269623
0.016225709992784471
0.016898464576322894
0.021820894265925726
0.025524793913751016
0.020033019002289584
0.018981110735342654
0.016322460064832837
0.011860333806394343
0.0064482858836440483
0.011554687840355387
0.013355003821961496
0.02614940355309683
0.027925184687011197
0.035783654910324911
0.025698433200700383
0.032320275301868616
0.033301404087916375
0.032779434024109308
0.038289925275297669
0.029875118161566648
0.03767387399610321
0.024471272405288742
0.019483575653209531
0.018675623749497935
0.014166200535566323
0.013114127023468843
0.015281308232322471
0.019238748010447917
0.022680687380746217
0.021138663853552404
0.017564847492406555
0.02150649911897657
0.021806259449824821
0.02113409252961182
0.024859080230605204
0.024397756710922178
0.021559183732077301
0.010481908519520751
0.0087212743482349402
0.0072066775516869
0.0023042430667374017
0.0056970823745103889
0.012776712038832768
0.023046846867954829
0.03064347649749994
0.040044713220505006
0.033917503846947729
0.036154772227356094
0.036093123043100202
0.033447258640717292
0.034085258136407101
0.029289412225815738
0.027044183098899197
0.019556938543167719
0.011258074009476505
0.0085942000123074951
0.0065402548749938704
0.0078526032530226234
0.012154670459116784
0.01781194555115723
0.027869724918811366
0.025321195446166109
0.024318683362949477
0.025705755278177065
0.025894432934127316
0.029400955911599153
0.032085820025948196
0.024881227464758907
0.019503917149617585
0.009476043418753001
0.0059612032102218529
0.0027329123155993705
0.0018828874632002156
0.0057199174012026767
0.01191852753795097
0.022274428143192908
0.030744106271451691
0.032566031396557102
0.03644155453905925
0.039365077656246035
0.03948432364075613
0.038346642335325178
0.041486049079504053
0.035938188587585809
0.026636101194986855
0.015391694633218427
0.0078887949634400718
0.0039099028401877022
0.003236483830182007
0.0056735666086862851
0.010594505972522003
0.017787349387361866
0.027195085861771058
0.028688765437599711
0.033005808993164389
0.028336913472252815
0.028386932648381536
0.030511566081857761
0.031214699648216195
0.024776152813062929
0.018849437055413875
0.010479517625759606
0.0047114291493955034
0.0015698494840418959
0.0047363787851941626
0.0062031517313070727
0.010952254486303058
0.017629840332864428
0.024770637210834209
0.027467112364134849
0.027038036927858923
0.029009358078882656
0.028912034725789081
0.03462482720977203
0.029031652340607571
0.028109410764223724
0.019657682301713459
0.01056524936236806
0.0057623515454871049
0.0015231004381045465
0.0018935552759638294
0.0051054854178137878
0.010110406499399892
0.020096273675548594
0.028864164521714485
0.032527203093079285
0.039213544868831628
0.03981896712954805
0.040943235577954311
0.041727068291183077
0.034162805915049187
0.029302855432854623
0.025141487559285174
0.016001609789249142
0.0071019789416226315
0.0042581982572711318
0.0098716884366603936
0.0096343618954307323
0.01259583228803459
0.015269081710848445
0.024184577957182027
0.025945810956091022
0.025992870766741914
0.027621633765261423
0.027392327458649203
0.034977396651365789
0.033325783247373307
0.02678218167819333
0.01758497878986889
0.013151559725889033
0.0077227123877586512
0.0043682771332404086
0.0039104079963969219
0.0073856130767721703
0.016166768776485176
0.020744461503648691
0.031698718775680861
0.04163353822886727
0.045621074925949225
0.036757244011786802
0.038403476404043582
0.034854032733945869
0.033191963604397162
0.029158541690696899
0.024127018757371284
0.018112802022358158
0.013251330409445726
0.0099995245099974549
0.017719680884220358
0.015190167409761089
0.014657688766802051
0.020465535910537354
0.017975023424870756
0.023293121474886189
0.023335790532894023
0.024376338944913784
0.024049732297830251
0.029658943441758033
0.033610062391693209
0.02756019022136846
0.022378772996283401
0.013253811103666619
0.012277398852866396
0.0099175259990118576
0.0082692796850947752
0.014515838537194884
0.020878749110465309
0.02602611098233738
0.030778265049623065
0.03678715700723046
0.042018498551416733
0.0325367835910918
0.036428168435507668
0.040394864757571827
0.030326316662318147
0.036240675651842004
0.033234989528046668
0.021349914223114927
0.019725721558625401
0.021080812691503761
0.0239527387895897
0.019374375756326754
0.022253547317692381
0.016902251991843985
0.016375577921540353
0.019913871280754586
0.019468651422094529
0.019761921909824554
0.019386324684817883
0.025807789973079
0.022564477084301877
0.027431393209725336
0.024435643302452618
0.021150788714536028
0.01574388830986587
0.01670019062026129
0.01587557046875708
0.021355098265436814
0.025103435147119366
0.027386359149278436
0.026007366571345711
0.029540799311423897
0.036646517910738127
0.028825594518712274
0.028849170502788537
0.028013415239618793
0.02279386615370629
0.025949865201344437
0.028777706506229093
0.032190646036757482
0.026979955005037637
0.031541517107076852
0.028857870588188728
0.021443103225817894
0.02009659984208054
0.017136443622910318
0.020728211293815507
0.019461741310634249
0.021520282032357826
0.020598162118358212
0.015958697617581716
0.019309873710142086
0.018628600891859394
0.025377036215200498
0.026429306089219073
0.025689358724206593
0.026372083753465256
0.026094729116882948
0.023543730600145637
0.031585485019461422
0.030687043340753867
0.027561837198176432
0.030625348578080455
0.021648581187235963
0.020862097081883739
0.018531353813487278
0.021026811663041243
0.023942963305280288
0.026688468809287744
0.021801847491507487
0.025250235705925536
0.035591258080154779
0.027159359322342889
0.033900878844599525
0.0326753070980648
0.027772834665117631
0.022967254640629885
0.018228503979954014
0.018358685608597807
0.015091327003776649
0.012753999664739028
0.011613795134764375
0.011873875648814189
0.013471162728611289
0.016117151957414925
0.016001957418044822
0.0270561427766257
0.029820174203263775
0.031686644537076453
0.032386623285771653
0.025004044917771466
0.041921107387478208
0.036103088348629353
0.030220503202362546
0.021243362667291023
0.016902585071408922
0.010741256031312048
0.010584414874880765
0.01165031464053449
0.015160685181460026
0.020262108219552766
0.021114279849613643
0.024745077409740274
0.026588580380802369
0.042406196370787221
0.043202658165538178
0.031089705886902345
0.023296236097446989
0.021771914838238475
0.026899001558704002
0.018406524734062731
0.010636533417367401
0.0072116600383912034
0.0058066023295244408
0.0066665235599487017
0.0096472832894647573
0.014339199083915283
0.016100822570454594
0.025369701699860896
0.031029307494438885
0.035481802700742734
0.038053710024996225
0.030667674161955039
0.046829831481388765
0.040469290067191306
0.036449984161264576
0.021731619988820738
0.011509092145781382
0.010762967258369838
0.007279851260742984
0.0058246117348365661
0.0066518746328407844
0.009599727349901355
0.020460394163139318
0.0285902105212343
0.030714210394469432
0.036762703832940738
0.042656804862791275
0.034735227886821596
0.026390938191875605
0.022756789448340534
0.026943817284144498
0.013687177171627235
0.0077220789334570454
0.0037332405528729788
0.0022800890928654869
0.0036085762469250911
0.0075167382111383735
0.013470023197278639
0.014789215035441049
0.016519422677767948
0.022598700188392933
0.026318334628138582
0.028347819959885869
0.021891390002582462
0.037711500990780737
0.028135810537608951
0.030700586106269103
0.018276707400530386
0.01087316468367373
0.007818306110004912
0.0037689909146972037
0.0022838359613198602
0.0036017704504767364
0.0074943562750225401
0.01793166231344483
0.027770344867647418
0.030747320702611748
0.047288927507703679
0.046267845445653662
0.035376066065761887
0.026684030034983229
0.02277927466555112
0.026583531816508771
0.012855142833635123
0.0067753463979641979
0.0028166584769631297
0.0015345016283636922
0.0031462583403993067
0.0074075906010558521
0.01373135310749375
0.015209781607498404
0.017012022397784998
0.023250268064587198
0.027033764819566663
0.029018254991821799
0.022944443531934651
0.039005455739409778
0.02890112899399807
0.030624189203158028
0.019502778751335294
0.011484924855697116
0.0068525688954575153
0.0028409213141287683
0.0015358862905221367
0.0031460853062450535
0.0073974386685392675
0.01574283346059091
0.02763610794476273
0.031377461031451073
0.047788231562428757
0.046327224563768782
0.031898602568123421
0.021230159580781439
0.017787725568448889
0.023338124621317957
0.017724045448017419
0.0079330329597648314
0.0045910902815483054
0.0036710313676271153
0.0053406479410649304
0.0093308685530558693
0.015083219060121684
0.013692394928876053
0.021157308577697796
0.028491782011969242
0.032364271286085829
0.03432517570799723
0.032098195356303767
0.042392150149771983
0.030544593249951638
0.036086465099744426
0.02152131041270975
0.012898885159573825
0.0080086242211734968
0.0046274429905129996
0.0036820213366089054
0.0053441784373963741
0.0093198968569690021
0.016483710054015131
0.025667778923450468
0.029791950699557486
0.04363690896475976
0.038195771819885684
0.029935570356064419
0.029884846966081617
0.026136347418963157
0.016731918463076336
0.015081480992783256
0.011032283647209377
0.0088149077654160832
0.0083974106691063807
0.0098714180287828336
0.012986634297608607
0.012536047006947293
0.017478498402670833
0.022088768239453764
0.028736305109433417
0.031136386642564167
0.032159247234878507
0.025684319684111445
0.039490936144772247
0.032656702893018343
0.03324333801672702
0.027761241553761817
0.02262368915695926
0.01177799457235979
0.0088666857968292215
0.0084226607929091899
0.0098807936713550502
0.012974957663607217
0.016821110285463538
0.018704244729016616
0.038411799070512703
0.040962566496043781
0.044185137906020133
0.034955941231879312
0.026222609907307595
0.022207689003314365
0.018894077903721308
0.017457261872020437
0.015252288758883292
0.018890848802765876
0.015034276129701585
0.012399858554468757
0.014156204162517115
0.017919306277410851
0.018800006825410526
0.024184532383435896
0.024560436818986335
0.023023680001954289
0.024967895071476821
0.024411521894778906
0.028427554993412162
0.026119046588890606
0.024905165140493887
0.029413310045885176
0.02772709413143002
0.025466304539428677
0.015069026312415036
0.015064207864136829
0.019245934908049968
0.013547400364320977
0.017358355514793831
0.021139240040677427
0.03216059172697841
0.030692560428529549
0.041448966078134294
0.022567328902003175
0.019234592535477119
0.020065462011441399
0.021430318066645783
0.017076525503004859
0.016767846077174513
0.0198432197671011
0.019631829134771392
0.016225710031433038
0.016898464579923018
0.021820894331162573
0.025524793406415329
0.020033018810760028
0.018981110422788924
0.016322460007506041
0.011860333728792225
0.010462025678233667
0.020999456350740804
0.023995045251704691
0.02374531590444454
0.025780242306581519
0.028230532237432677
0.032466872037802449
0.024701154812032767
0.025193609128611707
0.025378433654676371
0.019405652531506501
0.020741553436222339
0.02695146499355465
0.037604710350142116
0.027179386957355573
0.0301387764863239
0.014166201161138123
0.013114127323501602
0.015281308143189147
0.019238748198228163
0.022680687131231756
0.021138689412635785
0.017564847248949349
0.021506499061957538
0.02180625946402949
0.021134092811797935
0.024859080320875086
0.024397756321535263
0.02155918377917098
0.010481908309115768
0.0087212744999180542
0.0072066775066475467
0.0064482856667826003
0.011554687899894146
0.013355003696759966
0.026149403554439885
0.027925184535844538
0.032993087105519757
0.02569843307236121
0.032320275249022305
0.033301404094033031
0.032779434625060201
0.038289926560353515
0.029875119851152074
0.037673876591776852
0.024471270586915669
0.019483572770184192
0.018675624690893181
0.0065402550344242846
0.0078526032856098289
0.012154670279467938
0.017811944972093343
0.027869724748955171
0.025321195046295542
0.024318682563535546
0.025705754700732438
0.025894432796484911
0.029400956154610785
0.032085820143870007
0.024881228047669273
0.019503917276685538
0.009476043603874048
0.0059612034038469992
0.0027329123377579016
0.0023042430586247141
0.0056970823398056038
0.012776712148568344
0.02304684681691797
0.030643476181408547
0.037862052220751577
0.033917503673237245
0.036155035071265253
0.036093123016152057
0.033447259368801718
0.034085258580939408
0.029289412480493566
0.027044183673959693
0.019556938510192873
0.011258073075275965
0.0085942003960197237
0.0032364838407749328
0.0056735665119695983
0.010594505799826966
0.017787348348209327
0.027062369089315457
0.028688765617641301
0.033005809858285218
0.028336911662326034
0.028386932103764941
0.030511566523602349
0.031214699990301433
0.024776152691264521
0.018849437075565363
0.010479517783570234
0.0047114290234712081
0.0015698494427801451
0.0018828874427422725
0.0057199173562461564
0.011918527445010711
0.02227442811932109
0.030744106191758259
0.032566031817444926
0.036441554182100912
0.039365077556163121
0.039484323729670985
0.038346642762361903
0.041486049605088116
0.035938186538812499
0.026636101676085759
0.015391695519007674
0.0078887946275726269
0.0039099032006721553
0.0018935552816401531
0.0051054854504684671
0.010110406726165224
0.020096275043590631
0.028427205672432062
0.03252720269915111
0.039213542337362954
0.042003803499139979
0.040943236173993293
0.041727068758686377
0.034162806196578299
0.029302826668458685
0.025141487882971592
0.016001609706880193
0.0071019788677148185
0.0042581982564445604
0.0047363787551621241
0.0062031516751695978
0.010952254500456121
0.017629840289494322
0.024770636711600281
0.027467112719472681
0.027038036944149052
0.029009358136023261
0.028912134043093278
0.034624826746186298
0.029031651239392397
0.028109410090791397
0.019657682998150471
0.010565250119828626
0.0057623516614583679
0.0015231004503012591
0.0039104081620704731
0.0073856137560066159
0.016166767405371704
0.020744461810660725
0.030274107370143081
0.041633536827224697
0.051177390328839514
0.03675724474768028
0.038403477212832555
0.034854032736220918
0.033191963661509269
0.029158541986859708
0.024127018893577237
0.018112801936251754
0.0133478899668128
0.010098666248378406
0.0098716882845807773
0.0096343615176644731
0.012595832334307959
0.015269081748699663
0.024184577906322613
0.025945811122672618
0.025992870829470174
0.027621633767509087
0.027392327217443797
0.034977396296739544
0.033325782576299326
0.026782180969855036
0.017584979121597503
0.013151559962723195
0.0077227126202500801
0.0043682772584171985
0.0082692797842856703
0.014515839678542902
0.020878750415031205
0.02526868976194643
0.030778263219371983
0.036787155676160158
0.042018498714931275
0.032536782613296969
0.036428170144989752
0.040394866154276489
0.030326316680309086
0.036240675954028717
0.033234990096026221
0.021349914406787358
0.019725721261004508
0.021080811402579044
0.017719680723113158
0.015190167181661284
0.014657688740481567
0.020465535974745312
0.017975023407634155
0.023293121640520546
0.023335790591328509
0.024376339019322617
0.024049732151407315
0.029658942961339172
0.033610061853622648
0.027560362380692514
0.02237877341841207
0.013253811653435381
0.012277399343825199
0.0099175263095097523
0.015875570085512308
0.021355097530788725
0.02510343338085208
0.027386358306496095
0.026007366545368726
0.029540799726800768
0.036646517849879295
0.028825594353529983
0.028849170390735857
0.028013415289600083
0.022793866264807287
0.025949866192504206
0.028777706883385209
0.032190646741128086
0.026979954446480173
0.031541516632804252
0.023952738849576868
0.019374375755810171
0.022253547309715238
0.016902252113199796
0.016375577867701573
0.019913871175178524
0.019468651329365087
0.019761922176563695
0.019386325055841938
0.025807790100926493
0.022564477123232944
0.027431392360513399
0.024435643664203952
0.021150789919330119
0.015743888973318694
0.01670019048655387
0.023543730293075167
0.031585484026281363
0.03068704232230272
0.027561836183549907
0.030625347787577025
0.021648580938917441
0.020862097082148
0.018531353546706868
0.021026811604209154
0.023942963302923198
0.02668846891899861
0.021801847859288122
0.025250238168270801
0.035591259056855937
0.027159357826704755
0.033900878041319263
0.028857869329871725
0.021443103747316564
0.020081459833982334
0.017136443665716178
0.020728211272412127
0.01946174115968223
0.0215202813839389
0.020598162490648449
0.015958611484778857
0.019309875102681361
0.018628600836721746
0.025377036140259778
0.026429305207443968
0.025689354913243225
0.026372083848334119
0.026094728183492028
0.025004044506514826
0.041921107996927401
0.036103087917923861
0.030220503871351754
0.021243363402275374
0.016902585301010142
0.010741255960900989
0.010584414801159167
0.011650315239446292
0.015160685158968805
0.02026210795154517
0.021114279845137186
0.02474507845665349
0.026588583937852073
0.042406202838169538
0.043202662271371185
0.032675305086254318
0.027772835820994917
0.022967254806947508
0.018228503817187363
0.018358685412045373
0.015091326843430262
0.012753999522317797
0.01161379555589403
0.011873876438830696
0.013471163119902412
0.016117150779877368
0.016001957427564568
0.027056140629791569
0.029820172498458076
0.031686644398183861
0.032386623704580904
0.030667675666088974
0.046829832880812959
0.040469290289130544
0.036449983298858055
0.021731619501730515
0.011509092215492043
0.010762967353700076
0.0072798514393828959
0.0058246115702028471
0.0066518745823809129
0.0095997272018621942
0.020460394292098963
0.028590210127635737
0.030714213641123849
0.036762707364142999
0.042656807545078591
0.031089706164187849
0.02329623723960109
0.021771914820384968
0.026899001791390657
0.018406524662441963
0.010636533308126245
0.0072116600410761546
0.0058066023835190404
0.0066665238188496753
0.0096472833984218524
0.014339198622984899
0.016100822896661277
0.025369702285864014
0.031029308469209003
0.035481802293275064
0.038053710702838306
0.02189139006933
0.0377115005778813
0.028135810376399582
0.030700585585618417
0.018276707214959838
0.01087316453766736
0.007818306174696454
0.0037689909304485006
0.0022838359628091554
0.0036017704118345649
0.0074943561189418804
0.017931662663387995
0.027770345057205312
0.030747319407887021
0.04728892088167929
0.046267848899847683
0.034735234642735827
0.026390940339064403
0.022756789771014307
0.026943817231333069
0.013687177094476971
0.0077220788814069026
0.0037332406939100311
0.0022800891006852573
0.0036085762786427747
0.0075171843563135192
0.013470023079305279
0.014789215806298377
0.016519422288252969
0.022598700295145584
0.026318334713326706
0.028347820129009792
0.019789219965883675
0.033642850091430872
0.025404761675957521
0.027079020575816067
0.018234114252992283
0.011239588689030218
0.0063401313154655414
0.0042701817156436516
0.0035573692264468577
0.0052198790486765291
0.010038559399473486
0.016843870641517069
0.023579526637838962
0.028609994907961341
0.039197167192468525
0.039328184844545026
0.030281948592654706
0.023088590992479573
0.020139204169729183
0.022092791823099301
0.01632701441374601
0.0071167591016390343
0.0042417576607206844
0.0035566597108205172
0.0051857272684273439
0.0088657617884526588
0.013054995443462246
0.011345090891980951
0.0163350811433461
0.02019126279839949
0.023143069324903336
0.024730437143340101
0.027349866487187888
0.036224408341304207
0.029600807721495152
0.033083851401522445
0.020120396358470322
0.011988600317076463
0.00783074773627555
0.0053425782156997061
0.0048049262000688427
0.0064136502235195804
0.010209263788375196
0.017513955555996462
0.021142756191819448
0.028928473987265314
0.035042750218139108
0.033684062901532419
0.028462848455637898
0.019290972433941896
0.016321132528926002
0.019111319558391762
0.016869531257273678
0.0078664284317568056
0.0053141747063212711
0.0047987805388506419
0.0064176578984922713
0.0098974686083484406
0.0097877792675752796
0.011552923435542761
0.016556943105431984
0.024626876476295984
0.027636361137485788
0.029183854025261958
0.021374282897332141
0.033472123698877726
0.022519682241799174
0.021107482815204998
0.024873061513074321
0.021752473052888886
0.013264770401230757
0.0089433323793784592
0.0081731508589778339
0.0095083019552939518
0.012396947756500335
0.012057451697412258
0.016976929060681337
0.030421360413282503
0.037175743572985677
0.041981658031245372
0.036067886173677018
0.028199363781565703
0.024052922828355808
0.01186967117052941
0.012476268059520753
0.014036085420105256
0.0084341077139678897
0.0081587136357067474
0.0095254558470088384
0.0082257529404381989
0.0092922106332745877
0.016172173973176329
0.019917944723685726
0.02007982806760655
0.026169333387723252
0.026853598622467376
0.013884600767725092
0.023860946374229766
0.02351997590497144
0.021968461573754015
0.0225667212776898
0.025307969786081241
0.015833400491479212
0.014821687070461094
0.014696675577458964
0.015500102752707795
0.014501911283647723
0.01295486851057126
0.019012241151482551
0.028430760702179866
0.027395977743934225
0.032943431409227834
0.024012926991348493
0.022266874821335002
0.020398241599620323
0.017430865272485285
0.014140903303450631
0.011326504028675745
0.013420839311006726
0.0138773459205457
0.012258944493338347
0.01166508962451036
0.015267330992282866
0.017279605730041357
0.02203260211402569
0.020975342502970958
0.017101821619552454
0.016435610651581372
0.012986437502071452
0.017915969797097288
0.020202611788446227
0.020968587370595933
0.021085736278711433
0.022466455455143367
0.026950998017741316
0.020954417078350673
0.021305774035819992
0.021600904562089348
0.016901528958461642
0.017884170781265672
0.023691985247179987
0.032775898768301469
0.023783252399896617
0.026575436808089378
0.01951779241983026
0.017112233526429883
0.023149375294350242
0.019652627369039548
0.015065296852282455
0.011287542015120099
0.013459929133672248
0.01372493990443289
0.01407376904278216
0.014456216162057585
0.020736985283219742
0.022972604702088426
0.021027772463978467
0.016763971968516242
0.014211403493942345
0.013243899401496312
0.0056518954799847573
0.0071705015759724678
0.01593665792991153
0.021396331685752543
0.024719221004377491
0.02279393482366367
0.022883752257694664
0.024085601656317856
0.027920180118630376
0.032322263049285135
0.032647318197008238
0.026416969958840967
0.033307484212737631
0.02255311920273366
0.01727796315807565
0.017335569201294313
0.012403890279316919
0.011724995121774903
0.014767855354796206
0.022298205313922806
0.016586495111855153
0.017698863539247996
0.016906424508868683
0.017761314831077735
0.018085760236289581
0.01783439057186053
0.022201841463567403
0.024853403671697631
0.017099257568230022
0.013628033438274283
0.0066201241464076306
0.0054797828008882167
0.0036994212429579507
0.0064901635373180036
0.010035589908753612
0.01908030098511659
0.02672408476157245
0.032593849750682087
0.028317716619214183
0.030106171871045015
0.03021662252889689
0.028676773277404251
0.031945433965979451
0.026344664082745314
0.025472615408179373
0.02385990648651086
0.012440634669641758
0.0094495289149681191
0.0065986199009917769
0.0079357156672841891
0.011409513351454339
0.01600195704928848
0.021038819635089454
0.021323893189764596
0.018034959456857208
0.02126702619021361
0.021517492933847283
0.020672313763923641
0.023713459830419403
0.022463176557305276
0.017926124127513307
0.0096039263974536781
0.0053001552174407945
0.0033276654731082414
0.0041083779524835043
0.00750767196672415
0.013644880060532686
0.021617718889097769
0.028124305071300634
0.029000564890910879
0.031258911170173091
0.033303831733369059
0.033168126008965841
0.028506879083325457
0.035323798161212012
0.03202663240367519
0.023849684949283054
0.016303827921500626
0.0083514141565572894
0.0037790532446858064
0.0040055430583114124
0.0060425766315120016
0.010422145346191809
0.016323889742017095
0.023973454597816201
0.024473725591254884
0.024676723696250281
0.023707724974408793
0.023847565181243494
0.022537865540116688
0.024184731650688063
0.022258140364186371
0.017350931725633671
0.01098586808445679
0.0062933874937755275
0.0035656261561941992
0.0066765410441339667
0.0078438877756061114
0.011402640491123361
0.015294099583172455
0.018202737361453326
0.023488418425816223
0.023125628959728573
0.024719308742943459
0.024725931647784898
0.027398557448551717
0.024060690329669222
0.024300659452069402
0.017493482376795544
0.01074135742791877
0.0057489308413721466
0.0034427586181436766
0.0040187154872018795
0.0062599915031785712
0.011718093475969738
0.01863954383934565
0.02530882443648462
0.028688115910497591
0.032536266084476302
0.03395817724216843
0.034904948509815251
0.033531618081632956
0.032196554038422698
0.026051811599585414
0.022603022480205431
0.014543802756966701
0.0095533344918715731
0.0062258479192233108
0.011828039772747025
0.011202861471278891
0.013040823936682485
0.017551295486758052
0.017824466982354625
0.022249579853998381
0.022777357374240446
0.024149539840604365
0.024021584716294866
0.028199005274837634
0.030287266653820418
0.024159259586451348
0.019319629611338825
0.011656890385437648
0.00870416527568184
0.0064595912721718612
0.0062791717922522725
0.0093294893470992346
0.013959104002267939
0.020113674578584574
0.026415452609579872
0.036139530864788015
0.038891210097841758
0.031892928009091076
0.033397384810742045
0.032769952726434515
0.028863109229772983
0.024130297207566445
0.025731761923059964
0.017861473888299499
0.014315075748692325
0.01263646248372944
0.018816372680983285
0.015505811581309164
0.015309806353583665
0.018902146315394223
0.016127779189327542
0.020195705071846117
0.021135838564881833
0.022079386708935646
0.021836655334723693
0.027200810059678743
0.02394073855251597
0.024876726832673085
0.020432513870223525
0.013662466744744951
0.01131088530160863
0.010853023535454538
0.01045381278151707
0.013673246899756573
0.01690877529281723
0.022697851255434515
0.026971137241944641
0.032837873909501193
0.038659343904076188
0.032151512008647
0.033940379103883755
0.033905838909177588
0.028604853805459077
0.032191520213791514
0.028322123902828407
0.022085149360463425
0.021088010750110409
0.021263537895860801
0.024879708448635161
0.021605486785442482
0.021101391529503827
0.016017522467875318
0.017471855062665062
0.015561875128999741
0.018453010512571779
0.018823934356402026
0.018502486892655209
0.023375241354524696
0.021359057221377504
0.025211950856624307
0.02238394219221505
0.019871896348533733
0.016507871275005536
0.016185396950316077
0.015174790027754797
0.02067297543622524
0.02264922263252294
0.023137627901024787
0.022903941471284855
0.02376688121413029
0.032116447626436846
0.026531370178881346
0.026605450011971687
0.025821314080499837
0.021188585324374173
0.023004752390735992
0.027657756391852667
0.029276615236507951
0.027876863974804298
0.029936447139132752
0.024026110977696278
0.020210972479944318
0.018860307825885814
0.018341123655359351
0.014064190474114165
0.019110300596293615
0.019830589665464759
0.018816370092468983
0.017184996723214101
0.013838583570002417
0.021691738718299405
0.021650178143940907
0.02267983976683239
0.02324611334614941
0.023161345970088742
0.024130723153537797
0.022068944076026904
0.027985280028140342
0.026496147456694482
0.023535574595709298
0.027498804183617838
0.026322305544857438
0.021568529796805548
0.018725681219114245
0.020486994459990197
0.022406811450323836
0.023716515793737937
0.016693519719736597
0.024714886780214929
0.030521635320924799
0.024990810122953573
0.028756220350912076
0.029255239072364461
0.021995791508433581
0.016672049876969144
0.015134774793912042
0.018356815384450925
0.016800461529928486
0.013292283744268706
0.012753629642908011
0.013143075617134995
0.011959919813012272
0.015767930297594056
0.017938551539326449
0.016485107444521373
0.025957610422992893
0.027255995509867459
0.027740698033178669
0.02166933098031408
0.036119199697350605
0.030827313289092766
0.02020024637243158
0.025531686114072801
0.018647449547430969
0.011048118383981408
0.011474043221522984
0.013417182228051635
0.016652756251692068
0.020349385449347189
0.021763545176724894
0.017682340692134594
0.025752824618154948
0.026513778164826373
0.036752679611454654
0.026351800923453971
0.020807360679832576
0.0188036487378281
0.021781513838396223
0.017981070363707729
0.010788410679164888
0.0085468157243487573
0.0078475186704276868
0.0088176812846398958
0.011292803731959117
0.010794988360623285
0.016010288680735521
0.022427365892961619
0.026483361516910844
0.029720460522807062
0.031651972769649504
0.025733979963427515
0.039838317702223659
0.035310400325028621
0.03216985673637749
0.021000192017884448
0.010391009697270559
0.0078522874530444001
0.0086057969783041918
0.0078599832886027659
0.0087912823338172179
0.014402696475953441
0.020925436534392827
0.024805618202040549
0.030584794194192702
0.027782362442597606
0.036138198051390104
0.029264242817703602
0.022482418718531995
0.019891307582875457
0.022177612033159617
0.016788036221511374
0.0081403270504120974
0.0053727087444594666
0.0046227173610290627
0.0060237782445170676
0.0093499297875084264
0.012325714177607324
0.010521185221902698
0.015811662256884573
0.019372881929345134
0.022154022654499065
0.023721481230462284
0.018293420323668364
0.032204936975677598
0.024628648136685038
0.026998854275874853
0.017590262223823906
0.0099434838145292647
0.0065944091464916728
0.005412942386260524
0.0046255279204349816
0.0060042313231065134
0.011423520597979988
0.018557962620488293
0.024292377002359693
0.027954137452584054
0.03830181417835489
0.038983365195588142
0.030281948963172999
0.02308859126029485
0.020139204203285778
0.022092791869656826
0.016327014664468873
0.0071167591128926269
0.0042417576026674581
0.0035566597841494756
0.005185727223488373
0.0088657617344902583
0.013054996167883857
0.011345090925742768
0.016335080989311662
0.020191262900382836
0.023143069214475863
0.024730437027508163
0.019789219873660106
0.033642851632338613
0.02540476243927943
0.030155336705345846
0.021749002710166838
0.011239588062627631
0.0063401310436519446
0.0042701818661347252
0.0035573692356289676
0.0051735211188751367
0.0099565146259242027
0.016843870493798277
0.023579526922008636
0.028609995107388996
0.039197167688314452
0.039328185133851022
0.02846348152074072
0.019290973257795593
0.016321132624179786
0.019111319621471601
0.016869531346919483
0.0078664284133807931
0.0053141747228858775
0.0047987807225676003
0.0064176581126502924
0.0099049874466989474
0.0097877771056960848
0.011552923175856598
0.016556942512195548
0.02462687622340104
0.027636360865706762
0.029183853795435109
0.027349866423266315
0.036224409023666873
0.026587049460680849
0.031897791796212466
0.020120395789587058
0.011988600280563727
0.0078307477398599848
0.0053425782722721872
0.0048049262266393559
0.0064136506896545573
0.010209263709047659
0.017513955461763219
0.021142756756282147
0.02892847384600019
0.035042751920342778
0.033684063633851159
0.036067887431362765
0.028199363540719932
0.024052922625310891
0.011869671112795447
0.01247626809338878
0.014036085490690542
0.0084341078187520954
0.0081587136990895343
0.0095254565074199497
0.0082257540397302834
0.0092922095909364916
0.016172174294318043
0.019917944551240723
0.020079827878165431
0.026169333376850585
0.026853598402127553
0.021374282730143159
0.03347212391529826
0.022519682901689615
0.02110748239674913
0.02487305972023043
0.021752473095421842
0.013264770472801515
0.0089433324212536188
0.0081731508513381082
0.0095083019370451518
0.012396947802709413
0.012057452064340776
0.016976494978183428
0.030421360871140751
0.037175743754994377
0.041981660519106942
0.024012926547365018
0.022266875000812369
0.020398241866891598
0.017430865362290247
0.014140903570385877
0.011326504234500592
0.01342083896818967
0.013877345801273004
0.0122589447680894
0.011665090038336013
0.015267331285252327
0.017279605642289909
0.022032602036229962
0.020975342212994741
0.0171018216190198
0.016435610589824505
0.013884600658268345
0.023860946301724528
0.02352251151206404
0.021968461592755954
0.022566721447344701
0.025307969481423109
0.015833400446902676
0.014821687005938165
0.014696675521456848
0.015500102805888505
0.014501911794139049
0.012952750445652382
0.019012241796465955
0.028430760564221769
0.027395977958965444
0.032943431078573455
0.019517792661302186
0.017112233639879109
0.023149375639068194
0.019652627450951709
0.015065295995836434
0.011287541597218195
0.013459929237030162
0.013724939796056919
0.014073769038645004
0.014456216223559085
0.020736985483987627
0.022972604825020716
0.021027772618525706
0.016763971951086174
0.014211045875542073
0.013243899327378107
0.012986437467046317
0.017915969722786838
0.020202611643603541
0.020968587554758958
0.021085736323688896
0.022466455417863539
0.026950998074023031
0.020954416975406329
0.021305774164249273
0.021600905261079637
0.016901530124404644
0.017884172098063388
0.023691986231655065
0.032775899554316264
0.023783252477124605
0.026575436819632078
0.012403886069104544
0.011725303287393744
0.014767855310743108
0.022298205299022735
0.016586495420127231
0.017813892924091072
0.016906424434279109
0.01776131488790076
0.018085760189582533
0.017834390632628337
0.022201841518617781
0.024853403800904166
0.017099257792804606
0.013628033670778193
0.0066201241180341821
0.0054797828226062044
0.0056518954366738461
0.0071705015395407004
0.015936657836373092
0.021396331635866659
0.02471922099414315
0.022793934826344599
0.022883752165123696
0.024085601545535473
0.027920180256984801
0.032322262918324532
0.032647318854087712
0.026416970349862061
0.033307484097363754
0.021497521106544557
0.017277962295421855
0.017335569428370431
0.0065986199093591514
0.0079357156809085928
0.011409513506108212
0.016001956192724764
0.021038820083666858
0.021529237853052607
0.018034959887486313
0.021267025536015487
0.02151749263809315
0.020672313790077088
0.023713460228141355
0.022463177166893725
0.017926124313870691
0.0096039264828699684
0.0053001551320391947
0.003327665455894174
0.0036994210482004866
0.0064901635039007199
0.010035589851291939
0.019080300939630101
0.026724084519052428
0.032593849767768017
0.028317716528256952
0.030106171738563479
0.030216622558051819
0.02867677362705243
0.03194543455140518
0.026344663977022606
0.025472614526034002
0.018094828344395762
0.012440634227281625
0.009449528898326896
0.0040055431214653945
0.0060425766457730904
0.01042214549628682
0.016323889018778487
0.023973455356087359
0.024473725864406937
0.024676722516637925
0.023707723606325667
0.023847564559138588
0.022537865357581312
0.024184731484092347
0.022258140235811217
0.017350931769797174
0.010985868133371463
0.006293387407765757
0.0035656261377163103
0.0041083779233266164
0.0075076719200973937
0.01364488006404087
0.021617719111182588
0.028124304945214462
0.029000564889553646
0.031258911138531659
0.033303831601962708
0.033168125961798162
0.028506879334265191
0.035323798444766324
0.032026632216243411
0.023849684404169756
0.016303827987638971
0.008351414021987795
0.0037790532867478955
0.0040187155370493242
0.0062599916150009498
0.01171809360559074
0.018639544813432496
0.025308824740979813
0.028688116298870123
0.03253626556334839
0.033958177783974898
0.034904948498259411
0.033531618601364381
0.032196680440583415
0.026051811646466503
0.022603022535450167
0.014543802760408174
0.0095533344602876588
0.0062258476973378659
0.0066765410541794329
0.0078438877185495453
0.011402640440963809
0.015294099457335291
0.018202737337669334
0.023488418463572063
0.023125628989698829
0.024719308751537016
0.024725931486206321
0.02739855710418854
0.024060690572243713
0.024300658386865848
0.017493482320820888
0.010741357570197828
0.0057489309051097339
0.0034427586138756749
0.0062791720026274915
0.009329489792759214
0.01395910342493019
0.020113674126174361
0.026415452875518927
0.036139530692165987
0.038891209152680004
0.031892928344319726
0.033397201133124985
0.032769952888068103
0.028863109512413627
0.024130297566701715
0.025731761926686161
0.01786147387822493
0.014315075509134049
0.012636462458922172
0.011828039752757792
0.011202861368155894
0.013040823917976219
0.01755129552588091
0.017824467072410356
0.022249579908542691
0.022777357393841961
0.024149539811632148
0.02402158457121337
0.028199005026026167
0.030287266293612489
0.024159259448137922
0.019319629644650699
0.011656890560818544
0.0087041652110066391
0.0064595914069028064
0.010321793567068404
0.013673246989311407
0.016908774815554296
0.022697850583591767
0.026971135908439702
0.032837873188818784
0.038659343805800529
0.03215151157328263
0.033940379876704244
0.033905839248473381
0.028604853999861658
0.032191520399276384
0.028322124111054205
0.022085149369156801
0.02108801058173718
0.02126353772068031
0.018816372559616986
0.015505811354183328
0.015309806212528414
0.018902146361537767
0.016127779189897048
0.020195705165527527
0.021135838517079591
0.022079386689520319
0.021836655236022871
0.027200809909898985
0.023940738207052406
0.02487672633605733
0.020432514336865368
0.013662467023668256
0.011310885425018541
0.010853023855803525
0.014786486474863879
0.020672974315255988
0.022649221645807911
0.023137627921369131
0.022903941382907828
0.023766881054757515
0.032116447016597702
0.02653137012362666
0.026605450239046063
0.025821314083983308
0.021188585369410859
0.023004752967465483
0.027657756875578435
0.029276615528131853
0.027876896172534211
0.02993644669360503
0.024879708307514882
0.021605486650344577
0.021101391453012132
0.016017522550584619
0.017471854994643123
0.015561875155605929
0.018453010335776013
0.018823934264780295
0.018502486884936744
0.023375241296557957
0.021359057126034541
0.025211950410569756
0.022383941932467028
0.019871896198204304
0.016507871377472744
0.016185396169474946
0.022068942548668945
0.027985279424752992
0.02587222963364293
0.023535574896496669
0.02749880437345209
0.026322305442963063
0.021568529664312063
0.018725681116873644
0.02048699444061506
0.022406811442506967
0.023716516398335195
0.016693520742759108
0.024714887939312463
0.030521636133150554
0.024990809626251047
0.028756219883508537
0.024026111207585386
0.020210972842282127
0.018860308004142162
0.018341123671855749
0.014064189992608231
0.019110300272226884
0.019830591032914138
0.018816369921055179
0.017184996372376578
0.013838583344833143
0.021691738164497584
0.02165017778459246
0.022679839288869682
0.023246112610201337
0.023161345875742558
0.024130722471421936
0.021669330332214555
0.036119199467470803
0.034404577611906892
0.020200246791877523
0.025531686515471403
0.018647449748194364
0.011048118315161927
0.011474043117773914
0.013417182168113164
0.016652756215471042
0.020349385493455902
0.021763545624042809
0.017682341992790999
0.025752825605689953
0.02651377695193111
0.034827672092880381
0.029255239194690846
0.021995792006307972
0.016672049935318692
0.015132344748190942
0.018356815532034578
0.016800461741122256
0.013292283672324373
0.012746673806650729
0.013143075712708265
0.011959919717709273
0.015767929462171971
0.017938551394472781
0.016485107615689682
0.025957610520766946
0.027255995523398364
0.027740697764918616
0.025733980760404552
0.039838318559415505
0.03531040033864101
0.032169856030686318
0.02100019164577524
0.010391009673665165
0.0078522874260930284
0.0086057969011221532
0.0078599833063151235
0.0087912823566644246
0.014402696480898503
0.020925436744278211
0.024805618688814819
0.030584794660857076
0.027782361030086623
0.035670537407384288
0.026351800676873833
0.020807361109329216
0.018803792494074902
0.021781513846415176
0.017981070265110616
0.010788410815501534
0.0085468158159789243
0.0078475188517174079
0.0088176813239693834
0.011292804110747099
0.010794988242502128
0.01601028879595591
0.022427366229262519
0.02648336161873811
0.029720460514151063
0.031651973409740658
0.018293420385291241
0.0322049364264528
0.02462864816838841
0.026998849142633667
0.01759026268545812
0.0099434838420674933
0.0065944092488209507
0.0054129422609283523
0.0046255279331110849
0.00600423131940223
0.011423520572888667
0.018557962887551408
0.024292377096908839
0.027954137714038232
0.038301813226814016
0.038983365142548056
0.029264243736146348
0.022482419191863643
0.019891307664121772
0.022177611969689412
0.016788036197069176
0.0081403270514001751
0.0053727087861365928
0.0046227173598756338
0.0060237783782890377
0.0093499302348367293
0.012325714136263733
0.010521185222623229
0.015811662570532535
0.019372881959529915
0.022154022749986825
0.023721481375814885
0.015527447308835695
0.026455457619077777
0.021818155791677087
0.022581521653698165
0.017819867486666866
0.011336297663207612
0.0075328570505553199
0.0060325843256527588
0.0062848076850694212
0.0081760950888814868
0.011789927558798147
0.015650445349051457
0.017710163923781403
0.027090424096320061
0.023196805365811441
0.030244064535192031
0.02352976637542319
0.018289536312432339
0.016566456806234035
0.014279946957541053
0.015134023761781199
0.011324231889331926
0.0063808961861752935
0.0063163548773497915
0.0077820442160870459
0.0067861471574092811
0.0086915661921600391
0.011229273136743502
0.013888860866477282
0.016247298576837318
0.018085689735240131
0.019119240190001753
0.019200512318585296
0.026409371853983517
0.024485506302649399
0.019174304216019261
0.017541388161295881
0.013345420933157473
0.0086648844718941551
0.0071987281144376726
0.0067418274086103762
0.0080464943825313082
0.011435408286268749
0.013814215319050069
0.018033285716422619
0.026744155897698248
0.022624884170752608
0.026281668277602629
0.023245481450814644
0.018280691324625377
0.016427031240360167
0.014027605146941373
0.014872325089534514
0.011928586632252981
0.0092627323823417547
0.0065926015458193515
0.005238379539742306
0.007141874235957045
0.0084754268881058973
0.011654101867645721
0.014242307017931714
0.016617660979105713
0.02047642200634402
0.021194566047534079
0.01669721766659615
0.025110369107145893
0.022748786134194041
0.017800677583965176
0.022012352850866834
0.013951406593408456
0.011202898880578491
0.0094310285109258981
0.0092330283907898509
0.010182155611476562
0.011943078855807702
0.014903785912213169
0.014568163200987649
0.02581351366838373
0.021408842652139791
0.034438115665081884
0.027860312833772591
0.01584498381683911
0.013512148546605932
0.010655926797592639
0.011321041793432886
0.011912711774424668
0.0098680572389841341
0.0084262104912828806
0.0081086828805548364
0.0080860518749359071
0.0095917138724040257
0.012110953563404202
0.016856731526964118
0.018478726509901278
0.018551239599945007
0.018899703288667798
0.012798840938564692
0.020480248670236914
0.020956366747717069
0.013995077965253564
0.017156147185433426
0.020189032281340075
0.013566746594131962
0.012635587662466231
0.012490344967348698
0.013171897760507052
0.014550107434416738
0.011030361548611655
0.022265298984519753
0.021763557351721839
0.023006504469616457
0.02768906441100466
0.020108988636362835
0.019282771744414503
0.018225572117105421
0.015775935149906904
0.0075651270227841102
0.010019030888724415
0.0090523738495816297
0.010160120959544792
0.00870467078752327
0.0097648400137153122
0.011086187976619531
0.01576011415344003
0.015038535326291725
0.017693583765664607
0.016500504289643062
0.016072794698506764
0.0083443168724618138
0.013476431118350174
0.016735310254957857
0.019149302947082305
0.014387182305609298
0.01461940862826475
0.016617993224460784
0.016633807290172786
0.016829123777880279
0.017206145137720345
0.01503183429269885
0.021102864243121768
0.020126760009320531
0.01851123880356479
0.021883910324868302
0.023609884564823741
0.01930712406687745
0.018903929302844354
0.017354416640917178
0.014590683522229607
0.012952177890214479
0.0065151324177527585
0.010901462607827307
0.010914221374163915
0.01122095942305131
0.011775313297632055
0.015634312022993462
0.015939833539097007
0.017527692201599433
0.015223669692542867
0.010652138898034029
0.0093305206460021009
0.0073309072982136259
0.0093024653398279186
0.013625382129145675
0.018029385058523445
0.020739860548985013
0.021923189396903454
0.017588507874287059
0.020023883114063761
0.022317002483807413
0.024034105530132858
0.024349543315807916
0.018132238230080779
0.018493497353447314
0.020099247686962023
0.015969392695386671
0.016081115254847504
0.011657650808008634
0.011566827324320246
0.0173137120158188
0.016466934479052051
0.013878225246116002
0.013896219226919707
0.013050064328779976
0.013464539211249493
0.013782509002551723
0.013957328206431922
0.019213401275934502
0.016455742405027816
0.017280205950669644
0.011535401027938432
0.0090612873944388387
0.0072673183424772159
0.005849606013748598
0.0081018882848563119
0.010831929535975497
0.016366438433401721
0.021813140420542415
0.02152335256615005
0.021521199802589541
0.022687020310606713
0.02291364118635
0.022202008605215404
0.020510777981692915
0.021709505567298042
0.022011035282605489
0.016840385616819723
0.011847681694817902
0.0084587658810657256
0.0075295352375535076
0.0082377166175319969
0.011267841946258133
0.017735437770798924
0.015090417357523695
0.016625060246095023
0.01516744442989419
0.01591975208472933
0.016200967263976448
0.015971239987466201
0.019411528148998068
0.019173310559983083
0.014905905469124233
0.011406339992826742
0.007500949286978296
0.0053737271333304014
0.0069375033977640537
0.0098644249936746167
0.013897720277434657
0.018930668191221387
0.021664329793377402
0.025023763854296069
0.02444720910865877
0.02549299211410283
0.025156694439256246
0.021946563594222437
0.028011594215744624
0.02437255900566563
0.021416142074375942
0.014446194511213881
0.0082503603583241811
0.0064225896323070776
0.0061339002704672262
0.007431028572402922
0.010428839042777837
0.01605231752929789
0.018210931564542957
0.019248296283724133
0.016924548493069382
0.017900907847665824
0.018104014989095148
0.017506234756862363
0.019546256521689846
0.01851707145601262
0.01489645816778686
0.011719177419512092
0.0083795459279438506
0.0062915408410688153
0.0095619606104714941
0.0098533101686915873
0.011988803818427143
0.01476513856544058
0.016289527952187896
0.018541625634890493
0.018059320772502212
0.019108761113618939
0.019201799113433643
0.021675111159770215
0.021373202365674353
0.016744544277251236
0.014689147575276678
0.010580231136908426
0.0074760391334573687
0.0061862122363900646
0.0068489913982009935
0.0081654978126493895
0.011064956327050391
0.016161198963383559
0.019998866885604073
0.027490442454356782
0.022884354642963328
0.026271882752596055
0.026976703567959098
0.026156162795790774
0.025398965605641623
0.020425332510868994
0.020186099968854586
0.014000709588661035
0.010729274182169474
0.008924844095105796
0.014503505586298546
0.013594531486116971
0.014074733430782282
0.015683045339711526
0.01473216667256703
0.017710610699768588
0.018399899584580437
0.019361601177922655
0.019329825233971233
0.022486538901305735
0.021407699262722676
0.020513987900319833
0.0166569805709216
0.01229889406708363
0.0099257809277048491
0.0087113796016856024
0.008991189036067302
0.011682418070355844
0.014365996040809608
0.017789013824699419
0.020900260083409727
0.025628003213643537
0.028241698306700362
0.025305420035195481
0.02654936193675032
0.026304353304733286
0.023203384119825407
0.020220876846499425
0.018127740460537209
0.01928550452306433
0.016269525416903238
0.014648205390465316
0.017752604858439238
0.01637469303461073
0.01655448518314178
0.013576391728773968
0.015455102043419417
0.014611358059892728
0.017892633743264254
0.01862069051395451
0.018469299527776366
0.017461998949068507
0.020608718946889811
0.021150214218631454
0.018184619839945019
0.015149819774484492
0.012578187333483933
0.012078279531671893
0.012136820898602912
0.014351025079785255
0.015860973498494503
0.018198628330200389
0.024840321584963708
0.025436411849708837
0.028060409762859697
0.022323216040217135
0.027193940120865075
0.028011325035087482
0.020007959175269256
0.018060741922817161
0.016602543675297874
0.022011176203590662
0.020564752958705045
0.02028712748055217
0.021856222006603945
0.017243900950196719
0.015387845762285506
0.013776588789388988
0.015090432139787112
0.015663315029382022
0.016620622349643118
0.017004463208758713
0.016756071814361586
0.015912872845425127
0.020671499403332433
0.021214853170809223
0.019543479471481846
0.017539155604714578
0.016787931807210842
0.015997514090256348
0.014478751214738746
0.01838775749807325
0.018242897084652092
0.020365640047432035
0.022653696807711808
0.019887978394842194
0.026116367725290246
0.022952504019693794
0.02305234162832101
0.022391611876902598
0.021039209047616296
0.01722228759695758
0.022725029386244208
0.017975956573894485
0.018739230100946563
0.026275500292630521
0.020962756426650301
0.017257930578908457
0.017162775994613466
0.01601933607661056
0.01287208635772028
0.01449627086580112
0.014774391667200848
0.014758976973597529
0.014452847325044364
0.013902453630098642
0.017869968325134395
0.016990929520210279
0.019416492824717427
0.018571439208038661
0.018938646774863888
0.017620620610177665
0.013694806924305893
0.021719594274886275
0.023434561833337073
0.020788189228299409
0.015203905071995838
0.023286738952624814
0.019003125984209192
0.018943722006998565
0.018704219205542966
0.018347567557601516
0.01790199941187421
0.0147791219264905
0.016729603676083712
0.02334990493981379
0.020126309295386974
0.029358393353115561
0.017751309310388885
0.014265237859159239
0.013933212697776358
0.013314676368279356
0.013476247520696202
0.015431355859045358
0.014646779840822658
0.013628270132457956
0.012939672840384489
0.011804633942003102
0.010864683942810779
0.017098540962545209
0.017138178488604598
0.013806099241440224
0.02178394206089419
0.022007895074807479
0.017538413491423349
0.02874525093373043
0.021349797429744341
0.02239237886698164
0.021910448981765408
0.020641222670716695
0.012402357742484084
0.012987586142750756
0.01445994288915994
0.01653101434172205
0.018302487649164954
0.015762346099053914
0.014372863883951231
0.020720100136836558
0.017441673552032039
0.025151071118400752
0.01995109117306439
0.015956678846697579
0.015241971597453796
0.01416209460183623
0.016147077331319055
0.014343199508768854
0.011597762124865256
0.010152894989401763
0.010250217443517631
0.0095394492152147108
0.0097806762826559372
0.011509071830641223
0.016794439309155539
0.020947987860376126
0.022732983330128301
0.02387948452311462
0.019681056407480794
0.03094341017853006
0.030014686306539945
0.023679322822955488
0.018361583461625228
0.011869063553939477
0.0084838358672520361
0.0085217873017996142
0.010396647611775243
0.013465230776524591
0.016399981045144306
0.018254588910680138
0.0172027972313449
0.025264162011543981
0.02140330396421096
0.027459836129622068
0.022284951954862905
0.017473810853346688
0.016151097634411086
0.014327300496156565
0.015579613162860674
0.011983569934920115
0.0075973014113595669
0.0075611996042075245
0.00886521138534134
0.0079664164795736746
0.0091141171098771644
0.010138928116352756
0.013380750426517259
0.015359320746061453
0.016952860645760015
0.017914050065250563
0.013796174963243011
0.025016196704754641
0.021309942895495541
0.019266106549872316
0.018105557768468391
0.011208910758301072
0.0072078748198742357
0.0065981131317150192
0.0075344541248881921
0.0098618395909540434
0.013688944924646692
0.016721820393160346
0.017418672275129179
0.026570239823323193
0.02276658136226278
0.029687335662216593
0.023529766557595821
0.018289536670936444
0.016566457193707695
0.014279947042340091
0.015134023663302279
0.011324231945340881
0.0063808961943976963
0.0063163548654538845
0.0077820444040815444
0.0067861470594602043
0.0086915660729212085
0.011229273909198397
0.013888860725104769
0.016247298614950625
0.018085689680317169
0.019119240213234259
0.015527447456496731
0.02645545845610487
0.021818156181610111
0.022581522614428768
0.018753281283624395
0.011716498559462668
0.0075328570152507837
0.0060325843065483047
0.0062848076386226902
0.008176095074364351
0.011789927476844693
0.015650445312520869
0.017710163617247556
0.027090423986720184
0.023196805941665954
0.03024406427154314
0.023245482102094556
0.018280691601391855
0.016427031407591237
0.014027605210331915
0.014872325054206475
0.0119285866233483
0.0092627323997972778
0.0065926016242722346
0.0052383797824773265
0.0071418744267131937
0.0084754268392595641
0.011654101858657144
0.014242306788545961
0.016617660968902576
0.020476421934616785
0.021194566009464639
0.019200512476274485
0.026409372297542661
0.02448550700447007
0.019174303296584223
0.017541388322751109
0.013345421045552974
0.0086648845418592219
0.0071987282411474654
0.0067418273796685463
0.0080464943662799104
0.011435408120910016
0.013814214944340044
0.018033286196516458
0.026744155818739696
0.022624884411372621
0.026281668853469879
0.027860313339465596
0.01584498385987745
0.013512148833985549
0.010655926809225157
0.011321041736143168
0.011912711880592687
0.0098680573355096682
0.0084262104654122399
0.0081086828795351989
0.0080860522262140438
0.0095917141794135494
0.012110953451285536
0.016856731539450758
0.018478726339584913
0.018554392240634297
0.01889970322572718
0.016697217751383563
0.025110369080201506
0.022748786554705094
0.017800677295588124
0.022012353211397728
0.013951406360464016
0.011202898960993976
0.0094310285597354639
0.0092330284269612276
0.010182155734581092
0.011943078897223847
0.014903785865838315
0.014568162927236094
0.025813512839773355
0.0214088427756952
0.034438117051093266
0.020108988595453979
0.019282771805375507
0.018225572226266536
0.015775935197463762
0.0075651269392909897
0.010019030640348814
0.0090523737284660139
0.010160120929771987
0.0087046708349468368
0.0097648402172564493
0.011086188166340336
0.015760114136973813
0.015038524452412282
0.017693583646127355
0.016500504355900125
0.016072794594082476
0.012798840820817493
0.020480248522288656
0.020956366735244394
0.01399507820002235
0.017156147395605059
0.02018903201484025
0.013566746511924995
0.012635588367493174
0.012490345096254407
0.013171897803061942
0.014550107419651737
0.011030361550290739
0.022265298810084346
0.021763556880505346
0.023006504223194533
0.027689064991123554
0.019307124006766124
0.018903929297931166
0.017354416804715202
0.014590683648393686
0.012952177517234306
0.0065151323047022997
0.010901462499575855
0.010914221356609624
0.011220959610897354
0.011775313434559674
0.015634312115041616
0.015939833571955865
0.017527692292620734
0.015223669626738778
0.010652138943347489
0.0093305207151909847
0.0083443168197268741
0.013476431067327512
0.016735310173231231
0.019149303014408037
0.014387182394256815
0.014619408638513472
0.016617993104650949
0.016633807293861942
0.016829099877923824
0.017206145837573728
0.015031835883744248
0.021106219044536738
0.020126759722873463
0.018511238497951308
0.021883910430336571
0.023609885046361474
0.011657650736704212
0.011566827369115035
0.017313712047434163
0.016466934548102965
0.01387822499316318
0.013896218990147665
0.01305006457288606
0.013464539365467569
0.013782509074744344
0.013957328137355403
0.019213401393945503
0.016455742562002353
0.017280206068081696
0.011535401018325786
0.0090612873744530253
0.0072673183180397396
0.0073309072791280135
0.0093024652943545401
0.013625382030637881
0.01802938501707119
0.020739860569979167
0.02192318945315468
0.017588507856295215
0.020023883043200859
0.02231700242070964
0.024034105408503474
0.024349543553323669
0.018132237857907407
0.018493497385752494
0.020099247903879243
0.015969392597316029
0.016081115720378517
0.0075295350888734298
0.0082377166230202335
0.011267842216814913
0.017735438049840933
0.015090417777932522
0.016625060438560987
0.015167444879281939
0.015919752158960011
0.016200967301240276
0.015971240053956781
0.01941152826900721
0.019173310701987148
0.014905905595190718
0.011406340007335862
0.007500949249430817
0.0053737270779478678
0.0058496059596959181
0.0081018883596674553
0.010831929479878086
0.016366438369295612
0.02181314038949524
0.021523352537346226
0.021521199784862305
0.022687020310397352
0.02291364125174087
0.022202008668567405
0.020510777798271117
0.021709504982411976
0.022011035605042202
0.016840385632679505
0.011847681944903243
0.0084587658338907135
0.0061339002661034321
0.0074310285529511078
0.010428839154447684
0.016052317465375693
0.018210932002864437
0.019248296514001641
0.01692454865702021
0.01790090757231148
0.018104014862002395
0.017506234838187612
0.019546256475421412
0.018517071500384216
0.014896458200698634
0.011719177424971392
0.0083795458119212112
0.0062915407848994805
0.0069375033267117022
0.0098644249256121235
0.013897720250824827
0.018930668206322828
0.021664329772912876
0.02502376384685458
0.024447209085879076
0.025492992092846938
0.025156694396845466
0.021946563589712469
0.028011594757396049
0.024372558770135798
0.021416141810872549
0.014446194459456945
0.0082503603716313455
0.0064225896171099806
0.0068489914669062103
0.0081654978280729026
0.011064956162354062
0.01616119914600158
0.019998866822442254
0.027490442861681289
0.022884354728536765
0.026271882730419343
0.026976703438793628
0.026156055528843015
0.02539896562340635
0.020425332590715876
0.02018609982038282
0.014000709630201729
0.010729274104713941
0.008924844042019181
0.0095619605936984476
0.0098533101562954476
0.01198880383607275
0.0147651385911835
0.016289527817784956
0.018541625665761698
0.018059320778126848
0.019108761101957427
0.01920179906745479
0.021675111019081962
0.021373202239988228
0.016744544074012015
0.014689147410575672
0.010580231205151834
0.0074760392095640149
0.0061862122373422023
0.0089911891065022603
0.011682418297290921
0.014365995762041939
0.017789013390150363
0.020900259663188314
0.025628003124638123
0.028241698431047329
0.025305420044990801
0.026549362039681387
0.026304353399514438
0.023203384290131444
0.020220876491023044
0.018127740559160308
0.019285504590267982
0.016269525321001062
0.014648205301963991
0.014786330698032896
0.013594531509796478
0.014074733437808573
0.015683045363307391
0.014732166753428847
0.017710610741546902
0.018399899561805228
0.019361601182739711
0.019329825203263724
0.022486538919593835
0.021407699130407121
0.020513987535794854
0.016656980438835952
0.012298893856274229
0.0099257807776183659
0.0087113797009881911
0.012136821111941276
0.014351025096089456
0.015860973452517021
0.018198628091300892
0.024840321359625661
0.025436411815198266
0.028060409766521889
0.02232321609893357
0.027193930257326315
0.028011325089275105
0.020007959337378062
0.018060742038309659
0.016602543807535772
0.02201117648622852
0.020564752825233734
0.02028712748627149
0.018080446365585083
0.016374692918837662
0.016554485202051515
0.013576391759057267
0.01545510199249416
0.014611358116404032
0.017892633703316493
0.01862069047543996
0.01846929946085419
0.017461998897616866
0.020608718802570931
0.021150214016483787
0.018184620008941995
0.015149819807181782
0.012578187358139746
0.012078279495462583
0.014478750896078018
0.018387757024029443
0.018242896929459101
0.020365640128696308
0.022653696590925525
0.01988797847387402
0.026116367553020225
0.022952504075499324
0.023052341174121648
0.022391611951205863
0.021039209098128227
0.017222287681046614
0.022725029482798271
0.017975956836254473
0.018739229997670699
0.026274843612904338
0.021856222063365901
0.017243900846637069
0.015387845814875147
0.013776588725151369
0.015090432030233971
0.01566331502642752
0.016620622302284081
0.017004463137381031
0.016756071734741161
0.015912872849949584
0.020671499367131068
0.021214853172895121
0.019543479367562937
0.017539154825802903
0.016787931394109161
0.015997513575654935
0.013694806712937957
0.021719594128228843
0.023434561796340007
0.020788189465578817
0.015203905076430706
0.023286738894096423
0.019003125979322483
0.018943722051748497
0.0187042187195222
0.018347567350776698
0.017901999468048786
0.014779121989486194
0.016729603785068058
0.023349904600284906
0.020126309947300029
0.024691385691729347
0.020962757451446937
0.017257931009330589
0.017162775956071633
0.016019335922744699
0.012872291620326231
0.014496270890304379
0.014774391663701933
0.014758977009492894
0.014452847271865738
0.013902453627338874
0.017869968251061311
0.016990929500436756
0.019416492667859841
0.018571438783600149
0.018938646796708727
0.017620620430056501
0.01753841330876936
0.028745250756450808
0.021349797338422096
0.022392378921941743
0.0219104489311257
0.020641222746697982
0.012402357736245947
0.012987586163508109
0.014459942876319184
0.016531014369902196
0.018302487816310279
0.015762345970284745
0.014372863605816551
0.020720099748582636
0.017441673235315626
0.024601720548641549
0.017751309005703771
0.014265238032613817
0.01393321265209934
0.013314676234688412
0.013476247409304741
0.015431356034240187
0.014646779979266505
0.013628270388712149
0.012939672765159116
0.011804633864470445
0.010864683911802613
0.017098540831762328
0.017138178541667042
0.013806099425326658
0.021783942283568475
0.022007894917031263
0.019681056585951449
0.030943410421738364
0.030014686720540522
0.023679322600511039
0.01836158341515863
0.011869063612486689
0.0084838358724986986
0.0085217872857706566
0.010396647600547721
0.013465230843818588
0.016399981112707167
0.018254588903425635
0.017202796960063518
0.02526416195019374
0.02140330236972595
0.027459833471492816
0.019951088275379097
0.01595667829407937
0.01524197134390607
0.014162094436230906
0.016147077192573238
0.014343199590413283
0.011597762213488383
0.010152895196755631
0.01025021738774947
0.0095394492372482195
0.0097806762363637102
0.011509071833349475
0.016794439282734188
0.020947987736559363
0.022732983332151444
0.023879484808620219
0.013796174887880005
0.025016196249617807
0.021309942762142917
0.019266105700817243
0.018105557785370676
0.01120891085276533
0.0072078748883794373
0.0065981131093879831
0.0075344541266275404
0.0098618395987560975
0.013688944966174156
0.016721799920199329
0.017418672261809879
0.026570239882048947
0.022766580576954146
0.029687334790422022
0.022284951520629533
0.017473810500006751
0.016151097433957238
0.014327300435680085
0.015579613112668214
0.011983569937668356
0.0075973014281805022
0.0075611995347396469
0.0088652114003034913
0.0079664166053876728
0.0091141171286355273
0.010138928100760586
0.013380750515643233
0.015359320773324466
0.01695286069559071
0.017914050079236986
0.010804004365334423
0.018531409799712854
0.01787385324572122
0.014628551487520748
0.014927790626555297
0.012856793605303105
0.011083789150704118
0.009867884393809357
0.0093717316471128263
0.0096813870517394093
0.010737225963162201
0.012395445330715436
0.016534565932697351
0.018376153098111622
0.016063568345895115
0.020448758601271693
0.016143473346936051
0.013015819080837265
0.01260471204619716
0.011997866378023242
0.011283274578210286
0.010573888074699257
0.010305192068643419
0.009848390407517383
0.008853097084131659
0.0094321782625646309
0.0099837914452151986
0.010590289400368595
0.01130629772519824
0.012023507690191188
0.012631460952364422
0.013033787358708415
0.012400344607310067
0.01912301012093777
0.018392843565803684
0.015439172780954826
0.015236522597825659
0.012459492440121765
0.010594705055837976
0.0093620375412494187
0.0089318398100052404
0.0093784498593417146
0.010619803504689197
0.012480623654291412
0.016507784564408774
0.015547818001074071
0.016391255531774875
0.020297148860388699
0.016940165164211186
0.013645805435053133
0.012910889684393714
0.011932163241495035
0.010855552395870587
0.0098461402924068225
0.0090559340588837328
0.0084146467970700675
0.0089459937736473399
0.0089486899621351364
0.0096865187327463964
0.01067026095096724
0.011749909631696072
0.012760674893018402
0.013549428649915896
0.013993527954407928
0.014168636247960286
0.018328465680331897
0.017400449790007606
0.016977277517420994
0.013258255665218354
0.012392576004222635
0.010714677032119835
0.0096481512511663505
0.009345061141754242
0.0098623758018551878
0.011185348359819616
0.012892086452021573
0.015961815920957006
0.014146280444687076
0.016691769349841238
0.019167736673057059
0.017519177336991005
0.012852858815825959
0.011199186640906139
0.010935075477369731
0.010485118135260573
0.0093244581539875197
0.0084630789392652842
0.0080331186362423996
0.0081045475335952567
0.0086627784033692645
0.0096250993062956831
0.010840199721714096
0.012122919513373718
0.014212970782747828
0.014655006843507965
0.014870582121037996
0.0094752443369219928
0.012859220008316845
0.013321945604565375
0.015593031560406336
0.013258456082879967
0.012758898734418321
0.011446649192723153
0.010707013434753779
0.010573196305144465
0.011080359932437504
0.012131218772660669
0.013952593063486843
0.012943157661473186
0.01780680154831062
0.021677444767008034
0.025019966088520938
0.022731441634315265
0.018317858103381521
0.016124095266197649
0.0098744989274688923
0.0072161816173502017
0.0090934318424416138
0.0082956274890346356
0.0079526415504324547
0.0081231829670148793
0.0087776689823433861
0.0098169356214338113
0.011078117313197289
0.013562626532792174
0.012084635712838672
0.011682391916944619
0.011411990853679324
0.0090220823063313152
0.012199557021420677
0.011743202535521389
0.012307090062172671
0.015291951350005726
0.013152177478129676
0.01176405705698255
0.012771934383088974
0.012877130659470035
0.014565031830967162
0.015103068095391747
0.012239761297548489
0.017072529587875848
0.016116082209964567
0.016933786477816914
0.018934887913219536
0.015230328978001187
0.014875877985561959
0.014331008430610796
0.013036556295352138
0.0090018281481608741
0.0092005496688045436
0.0085925821979060783
0.0083926994079038583
0.0086365159107136946
0.0092851993628644651
0.010239878327520923
0.013608987079435097
0.012542562924054661
0.01172855422923526
0.011107592409034493
0.010322507352513735
0.007686468011405349
0.0092112262729179741
0.011709070948808799
0.011709494912482899
0.013275624984958054
0.013677818764588314
0.013475315929768092
0.013322909484862554
0.013236639749375459
0.013245375109614571
0.012676971259202186
0.016398878050493212
0.014421337278972228
0.015008634714385561
0.016091205925872841
0.013505258025203092
0.013094697246843461
0.013897416536675675
0.013848261221675991
0.01224523457424612
0.011297439997533127
0.0075806265662299119
0.0093069326587571274
0.0092830188427297979
0.0095641999731500248
0.010107257562358564
0.010829684999909437
0.013593457857179711
0.012537482816660133
0.011835110625839151
0.0090902846738918543
0.0079979369564452812
0.0085023723654953295
0.010244403621533135
0.0125037304399541
0.011780782535576385
0.013527792835120754
0.013992877066818225
0.014564467704444903
0.015026590366219736
0.015294394073396713
0.015356011014739324
0.017677413266320236
0.017699617812720714
0.015440755042962433
0.015958232878014615
0.013553355960635198
0.011006703204729474
0.011167154058671681
0.012244614385833593
0.013563933517477273
0.013668113389497992
0.012025168972226928
0.011948323100294525
0.010324194131585545
0.010480176304459896
0.010756634812567585
0.011112111055507612
0.013400434952237566
0.013660266302289009
0.012538263050413667
0.011174259010664881
0.0095210331659231796
0.0085017653652428461
0.010029285898006418
0.011587060402124408
0.014215638544317233
0.015344860848823531
0.016679733428082693
0.016479547067776445
0.017043936518808287
0.017115697800890343
0.016664569408469519
0.015797138815806015
0.016482707913218674
0.018794127532630052
0.015676727254511066
0.011375576254927708
0.0097660859395438948
0.0096487769151705673
0.0095861587313332206
0.010892579744300206
0.012221325064273468
0.013861090233621517
0.012965770885824237
0.013644765067593264
0.01148393549003642
0.01179555353740879
0.012026161381502155
0.012141677125830105
0.01368791754565664
0.013568547913317137
0.012908196940322443
0.011861619063847645
0.010599018541642689
0.0093333312602013607
0.011927333114813428
0.011769331594169326
0.012252022541082624
0.011963006949584822
0.012532065180758322
0.01199383110798458
0.012609769595738033
0.013026517736137805
0.013175630080834777
0.013034976969374877
0.015582481281104069
0.014398756267828635
0.011841656894528848
0.010545920821797948
0.0093905261764471379
0.0091963127590313776
0.0099225154746871991
0.010033213185221285
0.011593340451184583
0.014119958192479966
0.015714400296618195
0.018156051535269002
0.016861532186174154
0.017921295180596441
0.018355107120673581
0.018134916037137485
0.017124702051328888
0.0127341034093379
0.011032226872803202
0.011359522883088335
0.012093181472080166
0.011159803785784076
0.014313876569308704
0.013770798755832427
0.012244156306235239
0.012132845243726815
0.012545891981487488
0.01273593782083289
0.013531344992007191
0.013987535342773298
0.014031974709732498
0.01365720678759552
0.01595160245276589
0.01418367931978945
0.014684805980865681
0.012918576835427536
0.011346080750100861
0.0095721997476289501
0.011440122069628446
0.011981923704958476
0.013259562660930606
0.015694342492758029
0.020761018835025204
0.017327064708989478
0.016449019929035583
0.017995645006510817
0.018901390505700024
0.019053549863904135
0.017793877352944212
0.016008726264458008
0.014841223075817075
0.014218392982779486
0.015993561181267123
0.014071788321807227
0.015812255539406309
0.013866044710673422
0.012544487356696363
0.012579226583630402
0.012571721348183866
0.013257114148839554
0.014111222563957594
0.014536746317758123
0.014469650209201884
0.013918074153779342
0.015901240381752006
0.013850719928439734
0.015613594271519565
0.014088117264535089
0.012575495339417805
0.011299526175188632
0.0096029848944237158
0.012736059238094092
0.013160399899089592
0.016416126967019586
0.016141307696684343
0.019022175782465227
0.016311899366271646
0.017784966445327129
0.018649051911413063
0.018786473248266128
0.018161478075342501
0.014611914877575542
0.014142301036852696
0.013821561047403404
0.015539888186079653
0.01557735156976006
0.015338004713397874
0.013672314753353253
0.013414583834826027
0.013040417763733599
0.011356740855853819
0.013479322379094705
0.014264616082898387
0.014596568349866309
0.01442825715985877
0.013783092348110671
0.016108696785688971
0.015187531595507188
0.015743085005749086
0.014455614552739715
0.014060666490784043
0.012852883052989261
0.010351064517567487
0.014352104575152411
0.016513003967211531
0.017886988030960234
0.016650505083419434
0.017561023906235547
0.016320438791940475
0.018479534665130401
0.01937836431980464
0.01965039706461014
0.019865805030740008
0.014079461735720377
0.013612699619258716
0.014131528908740098
0.014800932631399711
0.017417710650051203
0.0161254630347051
0.014582038147200329
0.010535083110451255
0.011043773145855848
0.012453135839895301
0.013369094470660982
0.01396888656297233
0.014160607795675653
0.013918434050265459
0.013276175120664379
0.012333005189208069
0.014943629403842822
0.012988209108569721
0.011969091950150007
0.014216682731995656
0.013667449311050748
0.011032085736958085
0.016918041480494136
0.01739722842100315
0.015008152746825992
0.017573337801786722
0.017745230175667787
0.016668404298787284
0.016927003289610391
0.016840008759474286
0.016441557230429744
0.015774147346483362
0.017708790053564748
0.014503468080409213
0.012018892769358946
0.015988859627630136
0.018966328835674073
0.012630345086219468
0.010648950219104206
0.010840522681153842
0.011628010232754388
0.012365240915351784
0.012941161162918531
0.013266480224209913
0.01329221596354626
0.013014388497225577
0.012472791634979524
0.011752890391738885
0.010963615718604786
0.014712764344448469
0.013925228596399577
0.013832934963298394
0.012377132134443549
0.012122407711700594
0.016975969050367547
0.018967158876352686
0.018036312931260345
0.016616924053398929
0.01529324853560461
0.015130577092560351
0.014911646013035781
0.014548670158472899
0.014852959842673364
0.014184429260199761
0.014049033989249841
0.01683977335763151
0.013655702593516603
0.012431525036125128
0.017333447111690863
0.013276969725969283
0.011112813428558226
0.011490317772745125
0.011840213671794971
0.012107390920001612
0.012254867493129026
0.012256633642936523
0.012395873090821956
0.011589273581778348
0.01148882791629661
0.011103703881837393
0.010749721135036711
0.010482644773110525
0.010342149792882673
0.014241850554810526
0.015664032074404841
0.012777704951557868
0.019185188160414392
0.015174056535286685
0.013272529135419859
0.013226400105726187
0.014386805261643492
0.013535313494080031
0.012870144488541251
0.012467757929041097
0.012400974944849466
0.012670762882771676
0.013250738390058288
0.016903776005077885
0.017811598863719812
0.014499278069617188
0.018409219157769729
0.01485653229001054
0.012126695867209368
0.012106464953525523
0.011965700950606319
0.011722124956796405
0.011417473615338966
0.011364243750688908
0.011082218172078724
0.010021296784455779
0.010393264185501589
0.010480317274194559
0.010617815190612265
0.010861584587623981
0.011174495041097396
0.011507024683504698
0.011804966122525132
0.0090815203818773137
0.017235418059777408
0.016744241449275651
0.014205278394259311
0.015143873989902622
0.013530812404922172
0.012113355008914604
0.0092261183331841939
0.010604466762184066
0.012374326662148046
0.011454984558442495
0.012665663192073354
0.016763841299340748
0.018275588654394152
0.015398855909968472
0.019785408566989765
0.016143473469613423
0.013015819266390781
0.012604712219099558
0.011997866453750372
0.011283274590181136
0.010573888081104377
0.010305192101727539
0.0098483904159636215
0.0088530972058291652
0.0094321784547324872
0.0099837913763427683
0.010590244152017418
0.011306297709642286
0.012023507672737679
0.012631460958808974
0.013033787401990491
0.010804004441985492
0.018531409939363096
0.017873853345857355
0.014628551240792218
0.014927791179106089
0.012856793678747612
0.011083789216504237
0.009867884404870117
0.0093717316252272288
0.0096813870464614801
0.010737226072482547
0.01239544531453206
0.016534565862134424
0.018376153101813255
0.016063568661413074
0.020448758646743906
0.016940164979322724
0.013645805452266267
0.01291088977417478
0.011932163332601645
0.010855552385760565
0.0098461402894265727
0.0090559342186712598
0.0084146467925905518
0.0089459937980073644
0.0089486900332296504
0.0096857445138318048
0.010670260799573839
0.011749909585758967
0.012760674782663038
0.013549428671255522
0.013993527987699469
0.012400344699468024
0.019123010181426016
0.018392843726707738
0.015439172546458452
0.015236522698267261
0.012459492354106741
0.010594705203589195
0.0093620376917281662
0.0089318398352721522
0.0093784498822779838
0.010619803413446972
0.012480623643823673
0.016507784424389656
0.015547817960589502
0.016391255614576813
0.020297148782107428
0.01751917711954782
0.012852858744922585
0.01119918676191279
0.010935075480529619
0.010485118112746014
0.0093244581258891471
0.008463079038173069
0.0080331186203430535
0.0081045475682886975
0.0086627786426181994
0.0096250993624947614
0.010840199591200724
0.01212291955030044
0.01421297063472581
0.014655006913321337
0.014870582125481936
0.01416863620968018
0.01832846564120023
0.017400449793525598
0.016977277589422083
0.013258255464418311
0.012392575737046213
0.01071467704932162
0.0096481513643956046
0.00934506128441423
0.0098619151048343276
0.011103998313573539
0.012892086410622443
0.015961815524675769
0.014146280361079032
0.016691769234943553
0.019167736752027924
0.022731441442316494
0.018317858158333613
0.016124095350755607
0.0098744989076735602
0.0072161815524052026
0.0090934317528710996
0.0082956274295986378
0.0079526414977295779
0.0081231830332851584
0.0087776690912749582
0.0098169357952475576
0.01107811727828498
0.013562626581713758
0.012084635659043413
0.011682391965977437
0.011411985857188537
0.0094752443159610879
0.012859219970629642
0.013321945497920432
0.01559303141810954
0.013258456136490085
0.012758898689700461
0.011446649073231696
0.01070701348620463
0.010573196453236728
0.011080360201329137
0.012131218675762967
0.013952592969316249
0.012943157487271088
0.017806801385556403
0.021677444509159396
0.025019966351506308
0.015230329106513389
0.01487587798708863
0.014331008478781743
0.013036556283448001
0.0090018281343964245
0.0092005496891428944
0.0085925821702483047
0.0083926994156671309
0.0086365159381837069
0.0092851993994675017
0.010239878315340888
0.013608987102433173
0.012542562948181454
0.011728554214292621
0.011107592410094349
0.010322507281927504
0.0090220822557821184
0.012199556967517518
0.01174320251327813
0.012307090098986825
0.015291951423258425
0.01315217751479897
0.01176405704798184
0.0127719343562366
0.012877130704630762
0.014565032019060498
0.015103068354797957
0.012239761163220654
0.017072529447590051
0.016116082316679672
0.016933786785953857
0.018934888351725323
0.013094697305676601
0.013897416614641139
0.013848261270185866
0.012245234638394
0.011297439979674048
0.0075806267065036516
0.0093069327911885283
0.009283018890906861
0.0095642000208119686
0.010107257568006412
0.010829684997948723
0.013593457886190929
0.012537482846494368
0.011835110638283432
0.0090902846736802771
0.0079979368879565544
0.007686467720299889
0.0092112262194716434
0.011709070925452878
0.011709494870137815
0.013275624795030435
0.013677818784216707
0.013475315929087628
0.013322909478152418
0.013236639763728398
0.013245375206218057
0.01267697147060968
0.016398877701019401
0.014421337436728071
0.015008634794724697
0.016091206202919223
0.013505258091506803
0.011167154060134056
0.012244614798001428
0.01356393366506412
0.013667518962111058
0.012025169140097866
0.011948322908277744
0.010324194219769612
0.0104801764367221
0.010756634927720549
0.011112111091475104
0.013400434942444689
0.013660266313719931
0.012538263060746412
0.011174259017828352
0.0095210332145460545
0.0085017653147266142
0.0085024685944799193
0.010244403578022379
0.012503730247672686
0.011780782541065174
0.013527792697946956
0.013992877062269558
0.014564467547419279
0.015026590726706295
0.015294394147204092
0.015356011166547039
0.017677413318809034
0.017699617852519174
0.015440755434636862
0.015958233004028904
0.013553356390081902
0.011006703411895389
0.0095861588694475409
0.010892579714643084
0.012221324949470615
0.013861090184455808
0.012965770981699648
0.013644764956829427
0.011483935584768644
0.011795553693154831
0.012026161513045926
0.012141677136291575
0.013687917523071145
0.013568547917679174
0.01290819693537037
0.011861619116523772
0.010599018547839966
0.0093333312336001915
0.01002928584822819
0.011587060388461147
0.014215638575086677
0.015344861199413636
0.016679733422078978
0.016479547066125842
0.017043936492727507
0.01711569774685583
0.016664569247937914
0.016596301159424346
0.016648977144974618
0.018794127655599395
0.015676727518592622
0.011375576287126538
0.0097660860388009817
0.0096487767044779998
0.0099225157022963164
0.010033213079772958
0.011593340391687003
0.01411995814220531
0.015714400218565343
0.018156051572152596
0.016861532169316001
0.017921295306433827
0.018355107046916164
0.018134915940925669
0.017124702036927016
0.012734103394614503
0.011032227017548022
0.011359522941438622
0.01209318147876623
0.011159803777212563
0.011927333103097435
0.011769331654585775
0.012252022613724713
0.011963006984993982
0.012532065192401121
0.01199383111115385
0.012609769635250304
0.013026517739266099
0.013175630086321735
0.01303497691077766
0.015582481599574934
0.014398756155054565
0.011841656953171006
0.010545920682795444
0.010060206747159387
0.00919631282504642
0.011440121414641638
0.011981923896962843
0.0132595626220535
0.015694342374576269
0.020761018988736515
0.017327064686641157
0.016449020175404606
0.017995644690135613
0.018901390507690588
0.019053549906345099
0.017793877412805258
0.01600872620708374
0.01484122336716452
0.014218393024503803
0.015993561200488667
0.014071788484072105
0.014313876617561018
0.013770798891870649
0.012252593245220392
0.012132845216819482
0.012545891948833134
0.012735937792509247
0.013531344987863375
0.01398753534366016
0.014031974687763472
0.013657206778345749
0.015951602468707859
0.014183679132968779
0.014684640491731281
0.012918575638883696
0.0099109914347939795
0.0095721996197567927
0.0096029849158222932
0.012736059160890009
0.013160399986899262
0.016416127093098348
0.016141307731267322
0.019022175655374517
0.016311899345076111
0.017784966455487414
0.018649051913849433
0.01878647324805717
0.018161478092825353
0.014611914770594281
0.014142301010389696
0.013821561189667783
0.015539887999470656
0.015577352001329281
0.01581225573940815
0.013866044938305226
0.012544487417160055
0.012579226526882398
0.012571721271956113
0.013257114137811866
0.014111222539868891
0.014536746268765825
0.014469650209602161
0.013918074166361949
0.015901240216695298
0.01385035303074912
0.015613594038388098
0.014088116871421611
0.012575494894727004
0.011302890048223393
0.010351064376756097
0.014352104679560921
0.016513003756733508
0.017886988134257386
0.016650505055607744
0.017561023829275796
0.016320438773176096
0.018479534738788109
0.019378364354002101
0.01965039707066624
0.01986580483809771
0.014079461547876093
0.013612699439598468
0.014131562524002541
0.014800933188192261
0.017417710922059272
0.015338005074858654
0.013672315103754568
0.013414583877399045
0.013040417582963782
0.011356740767155475
0.013479322340236615
0.014264616041722876
0.014596568239104914
0.014428257105636123
0.013783092355556753
0.016108696800361484
0.015187531632416498
0.015743085586309786
0.01445561535085027
0.014060667134477121
0.01285288244856745
0.01103208566117762
0.016918041562993709
0.017397228561971265
0.015008152842153299
0.017573337793353006
0.017745230513440513
0.016668404238616048
0.016927003357382758
0.01684000878014626
0.016441557372699828
0.015774147145631422
0.017708790276201213
0.014503467609525511
0.012018892837799722
0.015988860195106876
0.018966328906138873
0.016125463595148028
0.014582038297946843
0.010535082998682622
0.01104377295864881
0.012453135743067122
0.013369094446190593
0.013968886508139437
0.014160607708523093
0.013918433927352477
0.013276175131379105
0.012333005210038052
0.014943629351213178
0.012988209247274677
0.011969091428235084
0.014216680970523874
0.013667449143152027
0.012122407638508994
0.016975968877199286
0.018967158829400369
0.018036312868818176
0.016616924001242397
0.015293248611020766
0.015130576503084657
0.014911646092714228
0.014649575457150432
0.014398400451893605
0.014184429586774181
0.014049033682761041
0.016839772962382475
0.01365570229876311
0.012431525436243731
0.01733344692002016
0.012630345106957461
0.010648950116878062
0.010840522455917065
0.011628010018090017
0.012365240822784198
0.012941161145927121
0.013266480227585111
0.013292215847665019
0.013014388457106658
0.012472791620997514
0.011752890403221155
0.010963615684179674
0.01471276458597677
0.01392522874915064
0.01383293494693413
0.012377132112049029
0.012777704854485256
0.019185188204428008
0.015174056490150247
0.013272529138848384
0.013226400055084688
0.014386805264815408
0.013535313532121432
0.01287014451805346
0.012467758188132458
0.01240097502193294
0.012670763042091393
0.013250738262035161
0.016903775745313324
0.01781159883362644
0.014499277461195734
0.018409218224186827
0.013276968615557725
0.011112813027321391
0.011490317509592039
0.011840213501372508
0.012107390840886374
0.012254867496345533
0.012256633661531777
0.012395873089878176
0.011589273574708873
0.011488827922850248
0.011103703897389084
0.010749721128172908
0.010482644763642078
0.010342149788936189
0.014241850349743543
0.015664031865080728
0.0090815203300045194
0.017235417946845615
0.016744241388145058
0.014205278504815949
0.015143873644429538
0.013530812413744321
0.01211335526508703
0.0092261182628064452
0.010604466803005135
0.012374326680157834
0.011454984565183235
0.012665663075899645
0.016763841288438549
0.018275588609388348
0.015398855578050446
0.019785408152762297
0.014856532133278845
0.012126695649571693
0.012106464762413312
0.011965700892120405
0.011722124908518827
0.011417473602574975
0.011364243721529324
0.011082218128242659
0.010021296771405969
0.010393264244114107
0.0104803172844055
0.010617815210220665
0.010861584608158108
0.011174495094722316
0.011507024798401436
0.011804966104332352
0.0064749201509117825
0.0098939687907701121
0.011721341226464456
0.01231974089525659
0.011777517837709802
0.011820490075342598
0.012365416842057192
0.012346960521189955
0.012238598302171035
0.012061171828222434
0.0130495933620572
0.012458753379995536
0.0097346936982523249
0.0095079157592183605
0.0095546495926839697
0.011432332031103389
0.0092460392071245356
0.0080740024265125044
0.0088656826486843282
0.0098146852640654744
0.010773466274733717
0.011598626307874935
0.012162230544229206
0.012380430159649668
0.012217448392738483
0.011695890645654459
0.010900897805199991
0.0099519876300598088
0.0089942721566530649
0.0081721208018938705
0.0076119572054018526
0.007396845362518425
0.0079544496982347779
0.011290441501859438
0.0124752014668727
0.012643665838086562
0.013161971359899726
0.011621234192561
0.011409999004937773
0.011204918249768521
0.011086199582683297
0.011076364751748221
0.011421631816773263
0.011542638887898983
0.0099118350939581528
0.010135558259091943
0.0105415339668814
0.012135585577512984
0.010631333090326121
0.0091646274134594696
0.0095076230963771595
0.0099097199398198461
0.010305642881715357
0.010636549071666676
0.010852773002996963
0.010921981693198777
0.010834513367514502
0.01059928578863361
0.01025939346454903
0.0098624952340472336
0.0094700463356861119
0.0091387157597808202
0.008920397480600431
0.0088479841489732033
0.0097480187563869971
0.0125594906343603
0.013049733886054567
0.01275752282173552
0.012243446442578909
0.011327550594794629
0.010847740029047004
0.01046634608499163
0.010028402806982226
0.010123162295323476
0.010749035102553007
0.0099262293978854953
0.010286328749121772
0.010934958636027173
0.011639415825164211
0.01177851189886325
0.011133465027609769
0.010364325613104101
0.010205920124540272
0.009996533779343968
0.0097655171985896773
0.0095494031154430403
0.0093845404555603848
0.0092940214736263044
0.009296896108744835
0.009386243571799997
0.0095555191748575002
0.0097730845760404961
0.01000737925147163
0.010218626221678219
0.010375604734001584
0.010455572892862376
0.010307209122201779
0.012668639261808327
0.013355647333972338
0.012643636398583165
0.011724675544868508
0.010737749889475394
0.010095016178853371
0.0093537133455091227
0.009144720865609678
0.0093303132426830228
0.0094870602745570597
0.0098956443940196107
0.0095982028177781318
0.010306648557691481
0.012013982014236309
0.01221985019699523
0.012367092211646226
0.010287331734092782
0.0095000168603812107
0.0089978033982050752
0.0092361019576052313
0.0085083165317844604
0.0079898486502577113
0.007756249685135037
0.0078501767386187065
0.0082516644701536423
0.0089033515906420859
0.0097008743337037052
0.010525044697805208
0.011246827090833227
0.011429226817329358
0.010864262859762042
0.0098284110600434724
0.011077296739108013
0.012350278420031245
0.012320502097433685
0.011138967324810064
0.0099786227657406266
0.0090148205211548257
0.0083936749834864609
0.0082078542685247585
0.0084930225928971422
0.0091991854661334811
0.01021708299050585
0.01066854322142587
0.010251400565900994
0.017428617503498847
0.015949540683168877
0.01747166069671097
0.014776592987156062
0.0091840883083374944
0.0082322034579844789
0.0088039914214321831
0.0076792419871829802
0.0068888141072274076
0.006550073086933169
0.0067208405482358088
0.0073715068728059186
0.0084043152924984394
0.0096580355492711517
0.010944491919361208
0.011599809573882295
0.011041387415979948
0.010045189005783255
0.011109619699472191
0.011617450513934828
0.010350772924736905
0.012099848789346073
0.010576840388417242
0.0094239607644899265
0.0085497916833236088
0.0080903527390132086
0.008110859833523892
0.0086202548046794281
0.0095338071532130725
0.009576726280284267
0.0093394143301923707
0.015237323692971932
0.014105751045948011
0.01372001854456497
0.015983831671624656
0.014732907089821166
0.013063061194900404
0.011094630673625048
0.0076882668648102174
0.0071880974814018976
0.0062475578456689749
0.0058562306190424254
0.0060778705331580203
0.0068772045077287319
0.0081323998571440279
0.0096501759923133621
0.011588839629281361
0.011194195276128985
0.011219559733513048
0.01113984750210289
0.011608630978239762
0.013516187031117847
0.012223483933260603
0.012118357002246224
0.011541153600949145
0.0087259615679485866
0.008514090061937072
0.0082899353331604021
0.0085155678575716976
0.0091754654335071909
0.010157273175039455
0.012116707097351598
0.013970950639603996
0.012522655174118319
0.011320026136757569
0.011875462713213889
0.012665838999703517
0.013020504740614678
0.012706277986743458
0.011022687144762223
0.0090267062690373
0.0071068698824602516
0.0061593167521441774
0.0057753505910446892
0.0060145194721099729
0.0068400457533318668
0.0081265484790480763
0.0096775059734814112
0.011350505794798122
0.011817164799851083
0.012098905520354739
0.012141305606133763
0.013075305472207545
0.013509315553536771
0.014427461060651139
0.014119302762653158
0.012522630746316909
0.011069548371880128
0.010176158087067688
0.0094472860542052714
0.0089851400575392225
0.0088818899514540185
0.0091356113806500116
0.010049420996736395
0.0099227195202791045
0.010238192124906341
0.01187254923539414
0.012199523487096995
0.01244560428643296
0.012459443722699578
0.011437941490806045
0.010969011880111143
0.0096539207150047133
0.0074465157842921129
0.0066352678005889417
0.006316536065386319
0.0065375219143326644
0.0072644379438679399
0.0083867078454586026
0.009734970581614006
0.011509037637908304
0.012253455356795961
0.012747791664381695
0.012338020337034676
0.013469046213992676
0.01256403691900943
0.011679814870715665
0.010637243221111942
0.0089704936775209555
0.0081546997373847432
0.0076008450322394127
0.0073934580932081446
0.0075625703726864592
0.0080818547468526902
0.0088724713649050071
0.011085328951182321
0.011589851344706893
0.01222291721241933
0.01143224888012922
0.012044664977218169
0.01274487209950579
0.012042604460517258
0.012215904524306589
0.013983186300751608
0.014164904113840032
0.012157581130802654
0.011244234224822926
0.01029973135297118
0.0094610937476761192
0.0088692892636920845
0.0086016333437098583
0.0087056755451530958
0.0097949421066269998
0.010937149124162732
0.011935957837267338
0.012833985879528611
0.013494190582265843
0.012645352748821132
0.011803620779378106
0.010786287633885408
0.0094493458042712256
0.0091228784203441059
0.0089090367236780224
0.008843400751960306
0.008934486720370843
0.0091675492992523318
0.0095081060561134911
0.011229317360509141
0.01082385285731959
0.011978859749226601
0.012830704056316245
0.011500355708944351
0.012674966286445022
0.014053850603564169
0.014221585675329083
0.012194932658595314
0.011601916904636054
0.010169019400395714
0.010568644354760967
0.011076617426532175
0.011613235571527148
0.012112835201712817
0.012483423175971424
0.012676156978982188
0.012632460795582503
0.012593558260542721
0.011933409936738559
0.012437256018944354
0.013223098024519589
0.012425116775052212
0.011754423716532011
0.0093856076552327108
0.0099933337569200996
0.010204948534769909
0.010365394594561613
0.01045011167587114
0.010449223544665431
0.010360937953233989
0.010199055438960743
0.011042049752551512
0.011993449459142842
0.0091401190545544464
0.012138650150762695
0.011971747076305911
0.011145653540718524
0.01277310749782707
0.0099023662063520354
0.010047378063745772
0.011621765519327705
0.010939049484012699
0.011631104494571064
0.012268156463905439
0.012751422292411508
0.013017450841101445
0.013016761333982864
0.012750726004428538
0.012074199943332659
0.012623483975944295
0.013173631744291087
0.012637763165920246
0.011508593100895942
0.0088041237878207779
0.0090777076404595421
0.0097012952026095962
0.010517584581583587
0.011235537020377792
0.011745984460441857
0.01197006182382224
0.011878164549526381
0.011480989724070495
0.010840588149978915
0.010849631841944103
0.010747172561796496
0.010299912215094442
0.0071132874700400688
0.0093414553762381919
0.0071955182749309727
0.0078935043715318773
0.0086385614021825541
0.011878847994317614
0.013059568637684694
0.011769577004889644
0.01265453530812505
0.013327301133932684
0.01368416034138698
0.013678429001196039
0.01330296128024646
0.012617578231464961
0.011725587174382168
0.010523233873006403
0.011339416400104906
0.011204082128078087
0.0080169225996392958
0.007391395270517704
0.0084169341802170575
0.0096652166254338201
0.010944735547176104
0.012060441608802193
0.012844187398003528
0.013174968497782423
0.013006740945006156
0.012359983106046002
0.011337147891176498
0.0100900945555298
0.011604693702231272
0.010527601406151839
0.0097505718823105939
0.0082554863454599187
0.01069806864230665
0.0097503530919533996
0.011977482635093004
0.013299470759809829
0.01139116324983057
0.012528842975789172
0.012000664397818071
0.014468530710805665
0.014661249157035308
0.015275505028694144
0.015285882298480881
0.012289438838564419
0.011131026062146958
0.0099937092879498653
0.010240701793576397
0.0086739939971054725
0.007213926632746461
0.006889949496085469
0.0081421629858754833
0.0096590714907839829
0.011208004366127086
0.012554171810879384
0.013493679210983786
0.013882826875349018
0.013664282250501328
0.012865869046403668
0.0116154936970787
0.010099898115892467
0.0085524311861355402
0.0097294062464038204
0.0093735157258099597
0.0091708955245053351
0.010018102425324514
0.0099689917159238445
0.01195002522392633
0.010715277396042206
0.011957097194039533
0.012030378067337123
0.013265087770363943
0.014611081806373884
0.01491928117905277
0.014751324051363189
0.014773237641579411
0.013744764597466043
0.010560210627216255
0.0094179920199335947
0.0085630493065011123
0.010018642527774265
0.0073958315096650049
0.0068444031849170415
0.0081301904306374743
0.0096833086754481313
0.01126549715660442
0.012638676181896942
0.01359223980978656
0.013982185744117822
0.013747375107603672
0.012920213834133873
0.011632856997616958
0.01007880296719095
0.0084965772648320503
0.0071252093885100553
0.0061743082035058969
0.0057869387329310493
0.0052766172609828681
0.0075602808803536137
0.010149771584839345
0.011277170776084198
0.011242742405268239
0.011940829058837171
0.01304829476730285
0.014196257686099506
0.014151452932666148
0.013748456157137864
0.01409177764642588
0.013303969873181673
0.010095436118902455
0.009122796648392344
0.0084850467226966261
0.010286748391053598
0.0081094334366299554
0.0072594228842126872
0.0083823808534108681
0.0097352692786053623
0.011109602901815186
0.012299905806399735
0.013121963701446859
0.013453058589533756
0.013238552327757974
0.012509628125891932
0.011382459556323891
0.010027591023326853
0.008652349255650239
0.0074651064512689155
0.006647384044925461
0.0063212837725467224
0.0055339884939343909
0.0085843211108462929
0.010905113911766995
0.011839855037921596
0.011558205251678123
0.012063945377877585
0.013227346199627746
0.013395192651681008
0.013312971088571265
0.012997687219214056
0.014039412539668146
0.013635191516897537
0.012771614386979229
0.0091525025163314254
0.0088324961284413795
0.010782449662233585
0.0092460392585208585
0.0080740024678889761
0.0088656827156561816
0.0098146852945690047
0.010773466280858702
0.01159862631341706
0.012161999103289455
0.012380430157487892
0.012217448373529314
0.011695890636269855
0.010900897723172289
0.0099519876079255092
0.0089942721747293709
0.0081721207911508702
0.0076119572515631808
0.007396845305325409
0.0064749201714280275
0.0098939688329714569
0.011721341269675207
0.012319740899890498
0.011777517733549946
0.011820490032520514
0.012365416827787641
0.012346960542016418
0.012238598304187213
0.012061171823484988
0.013049593414350455
0.012458753429602586
0.009734693614914039
0.0095079158137619697
0.0095546497155771272
0.011432332140652156
0.010631333047494097
0.0091646274318419995
0.0095076231391024394
0.0099097199508234781
0.010305642866222337
0.010636549056418535
0.010852796829801142
0.010921981693639296
0.010834513364089658
0.010599285834312879
0.010259393345270439
0.0098624951707901795
0.0094700463268628261
0.0091387157398410343
0.0089203975001575907
0.0088479841642908827
0.00795444972051303
0.011290441481103766
0.012475201492207958
0.012643665890709295
0.013161971162080108
0.011621234113011044
0.011409998974053343
0.011204918300125584
0.011086199449193168
0.011076364734822101
0.011421631825482522
0.011542638906080895
0.0099118349519580675
0.010135558284312854
0.010541534035664556
0.012135585687162536
0.011133464974951195
0.010364325592940886
0.0102059201369465
0.0099965337727180494
0.0097655171803704942
0.0095494031002814912
0.0093845404279930805
0.0092940214859706816
0.0092968961397234626
0.0093862436233536888
0.0095555190406480285
0.0097730845090228408
0.010007379228442314
0.010218626190848267
0.010375604763466146
0.01045557290466673
0.0097480187686359507
0.012559490609721816
0.01304973389533518
0.012757522862103052
0.012243446294273512
0.011327550505874678
0.010847740000080101
0.010466346128081994
0.010028402883709982
0.010123162274780217
0.010749034935850657
0.009926229024417076
0.010286328701693961
0.0109349585851978
0.011639415866066634
0.011778511957993648
0.01236709218975141
0.010287331725507507
0.0095000168452168098
0.0089978033629691031
0.0092361019351674227
0.0085083165480259685
0.0079898486640958086
0.0077562496914743055
0.0078501767606576258
0.0082516644616627745
0.0089033515475588285
0.0097008743046862484
0.010524931197807808
0.011246827082016412
0.011429226831276776
0.010864262819955171
0.010307209096112321
0.01266863920735278
0.013355647311748665
0.01264363639959545
0.011724675581225632
0.010737749887788058
0.01009501615974439
0.0093537133615953557
0.0091447209129593369
0.0093303132769131467
0.0094870602227666492
0.0098956442848504196
0.0095982028246104408
0.010306648628988276
0.01201398211253029
0.012219850248794933
0.017471660720014215
0.014776593061398854
0.009184088308376484
0.0082322034766453816
0.0088039914469057422
0.0076792420624854155
0.0068888141385761359
0.0065500730961282972
0.0067208405515272532
0.0073715068490817631
0.0084043152944906861
0.0096580355542074583
0.010944491921570392
0.011599809561242356
0.011041387393590877
0.010045188777066274
0.0098284109729266309
0.011077296719034447
0.012350278438381162
0.01232050203113956
0.011138967359051601
0.0099786227917447803
0.0090148205221893853
0.0083936750043986808
0.008207854292808266
0.0084930225979647604
0.0091991853278974422
0.010217082936887362
0.010668543168271087
0.010251400632064081
0.017428617624197798
0.015949540610300267
0.015983831757279604
0.014732907166260582
0.013063061236041985
0.011094630633008012
0.0076882669038459356
0.007188097578789839
0.0062475578743885095
0.0058562306318753841
0.0060778705474829522
0.0068771994260975492
0.0081323998504350768
0.0096501759900902376
0.011588839627266439
0.011194195281398197
0.011219559722478279
0.011139847234829348
0.01110961957932358
0.011617450484654963
0.010350772928064848
0.012099848809131945
0.010576840408977028
0.0094239607767922229
0.0085497914103501108
0.0080903526489654043
0.0081108598443558732
0.0086202549838454087
0.0095338072329539444
0.0095767263069003877
0.0093394144095289774
0.015237323642587303
0.014105729430751538
0.013720018661883646
0.012665839032423652
0.013020504821965925
0.012706278057438665
0.011022687198268747
0.0090267061817589089
0.0071068697907012771
0.0061593167628268388
0.0057753506271958086
0.0060145194984532304
0.0068400457553759071
0.0081265484770638233
0.0096775059105232483
0.01135050584497373
0.011817164804315328
0.01209890556089614
0.012141305749365484
0.011608631014147611
0.013516187220477613
0.012223483957377837
0.012118357029469035
0.011541153574287687
0.0087259615407675375
0.00851409008053685
0.0082899353252985555
0.0085155679273010588
0.0091754654281679792
0.010157273313274597
0.012116707248272721
0.01397095071552029
0.012522655214328899
0.011320026087151346
0.011875462737240635
0.012445604377575432
0.012459443705123561
0.011437941553435823
0.010968454626018304
0.0096539206681732961
0.0074465158090970922
0.006635267832517046
0.0063165361435154757
0.0065375220079386493
0.0072644379439337691
0.008386707832314922
0.0097349704967838995
0.011509037616592492
0.012253455378845753
0.012747791712102687
0.012338020442971085
0.013075305456692828
0.013509315580748575
0.014427461106202705
0.014119302792315474
0.012522630847917769
0.011069548369570923
0.010176158029216826
0.0094472860399692909
0.0089851400464846017
0.0088818901173050753
0.0091356115791917554
0.010049421140001237
0.0099227197014267136
0.010238192289168734
0.011872549061045474
0.0121995234597553
0.012744872267464511
0.012042604330028022
0.012215904558703129
0.01398318636770258
0.014164904125603521
0.012157581074480787
0.011244234322237156
0.010299731424102369
0.0094610937162856335
0.0088692892313423678
0.0086016333211582727
0.0087056755271449938
0.0097949420921011714
0.010937149198287264
0.011935957883079412
0.012833985910434897
0.013469046548281913
0.012564036986592055
0.011679814941065184
0.010637243247408961
0.0089704936840464614
0.0081546997476174068
0.007600845027539182
0.0073934580899509376
0.0075625703644796125
0.0080818547318502829
0.0088724714480610135
0.011085329087660309
0.011589851339711472
0.012222917411924113
0.011432249521952586
0.012044665084874817
0.012674966204107366
0.014053850459448179
0.014221585639431539
0.012194932626361291
0.011601916949620962
0.010169019335685908
0.010568644371418438
0.011076617442070863
0.011613235550128451
0.012112541291227451
0.012483423103059423
0.012676156914106165
0.012632460826160296
0.01259355822700617
0.011933410060118161
0.012437256057931806
0.013494190704182117
0.01264535282371494
0.011803620838842744
0.010786287597982757
0.0094493457849397482
0.0091228784066353166
0.0089097168339072087
0.0088434007457232917
0.0089344867091286813
0.0091675493008784529
0.0095081060441619559
0.011229317237477728
0.010823853135394043
0.011978859701649844
0.01283070378916073
0.011500355822960634
0.011145653517808319
0.012773107489212662
0.009902366243964858
0.010047378136100623
0.011621765549615299
0.01093904936800074
0.011631104451550512
0.012268156471490698
0.012751422268103598
0.013017450829323894
0.013016761290985761
0.012750725798857056
0.012074199834287484
0.012623484146222486
0.013173631817743234
0.012637763330241634
0.013223098090785411
0.012425116902943116
0.011754423699266532
0.0093854710842079213
0.0099933337115700512
0.010204948510048042
0.010365394565206907
0.010450111644919916
0.010449223501358539
0.010360937946646403
0.010199055204060153
0.011042049640101246
0.011993449133231833
0.0091401190447849921
0.012138648696920289
0.011971747035636724
0.0071955181990834317
0.0078935044035006261
0.0086385614551707339
0.011878848040402656
0.013059568617041344
0.011769576935292049
0.012654535257200915
0.01332730111940161
0.013684160335499221
0.013678428985052877
0.013302961290009567
0.012617578008920834
0.011725586991165951
0.01052323400692679
0.011339416672998759
0.011204082540653672
0.011508593171827548
0.0088041239806860364
0.0090777075951111279
0.0097012951063064016
0.010517584527306931
0.011235536988233152
0.011745984424300868
0.011970061786746459
0.011878164530302746
0.011480989715023126
0.01084058811187418
0.010849631766804211
0.010747172795828821
0.010299912180107668
0.0071132871334420233
0.0093414551425292387
0.010698068659457435
0.00975035340564075
0.011977482625643123
0.013299470770465116
0.011391163233443042
0.012528842921204883
0.01200066433046082
0.014468530696711064
0.014661249179169005
0.015275505096254033
0.015285882107270367
0.012287755733519199
0.011132247992887095
0.0099937095040881063
0.010240702152903465
0.0086739941787376297
0.008016922685582975
0.0073913953143555922
0.0084169340837374276
0.0096652165018619989
0.010944735524478656
0.012060441583545927
0.012844187376629056
0.013177241796739418
0.013006740835190492
0.012359983083847349
0.011337147859655844
0.010090094565431989
0.011604693502697558
0.010527601230982212
0.0097505719015567646
0.0082554863796571298
0.01001810250103395
0.0099689917116913655
0.011950025207789483
0.010715277381085299
0.011957097160586223
0.01203037803038782
0.013265087781057124
0.014611081822096016
0.014919281252761128
0.014751324053788931
0.014773237319079634
0.013744764639819841
0.010560210433832293
0.0094179918820794638
0.0085630493941475615
0.010018642621416437
0.0072139266746905966
0.0068899494263942431
0.0081421628697600154
0.0096590713843904569
0.011208004290900559
0.012554171760286292
0.013493679006230119
0.013882826883786423
0.013664282243050106
0.012865869042892155
0.011615510090735819
0.010099898072718898
0.0085524311833770732
0.0097294064568535978
0.0093735159688071393
0.009170895547318942
0.0052766172496088075
0.0075602808742906381
0.01014977155855832
0.011277170775849762
0.011242742400361331
0.011940829057372171
0.013048294794792336
0.014196257705456147
0.014151452979342628
0.013748456139732494
0.014091829546141453
0.01330396971683584
0.010095436147324305
0.0091227965139180685
0.0084850465575313401
0.010286748156260975
0.0073958313229882597
0.0068444030768376038
0.0081301903482547781
0.0096833086012566259
0.011265497104527847
0.012638676157365112
0.01359223979308887
0.013982185745579762
0.013747375127073738
0.012920213860903416
0.011632857023267371
0.010078802944290362
0.0084965772744875333
0.0071252093838395222
0.0061743081846825426
0.0057869387188643311
0.0055339884787184148
0.0085843210864266009
0.010905113857239964
0.011839855064387955
0.011558205301597905
0.012063945397424105
0.013227346210908304
0.013395192654397614
0.013312971096410775
0.012997687225527861
0.014039412505734166
0.013635191496439006
0.01277161435905458
0.0091525024569420917
0.0088324960649697783
0.01078244956506331
0.0081094334197877125
0.0072594228384445011
0.0083823807934283925
0.0097352692265313574
0.011109602873504876
0.012299905851749601
0.013121963664858094
0.013453058586908224
0.013238552341716338
0.01250962815001188
0.011382459588331542
0.010027591041163395
0.008652349264063974
0.007465106458203051
0.006647375727153574
0.0063212837637391592
0.002787571857208584
0.0043083794553000722
0.0068233181793773447
0.0087980031145110105
0.010857703108546467
0.012687070445374366
0.014012124773654941
0.014631492781891816
0.014443467637388111
0.013479079713505605
0.011887139988799329
0.0099058181588468196
0.0078384653154363517
0.0059995765790901616
0.0052260320990499352
0.0046346562982230851
0.0038928871603735645
0.0042240563521950885
0.0059290443810779353
0.0080727968109487597
0.010326546747087067
0.012349791739194304
0.013834684259256958
0.014557429804317899
0.014406947577485023
0.013401854077122285
0.011703825866207464
0.0095653906279635093
0.007312719668445709
0.005285947768180684
0.0037953468695760529
0.0030687254498742446
0.0044366397736745975
0.0055249486783864312
0.0069768514911733191
0.0091117097275429174
0.010558136381379771
0.011820533439438213
0.0127108289372406
0.013093714748315209
0.012903116050398211
0.012171641492756886
0.011011459900964821
0.0095954376113750253
0.0081411591976826465
0.0068697742855389253
0.0063803210194715437
0.0059888992395542434
0.0055362043465863441
0.0055281168438781753
0.0067443595359489815
0.0082755651867369683
0.0098865716045418751
0.011333621044279348
0.01239795872293975
0.012917398012095727
0.0128145212892134
0.012099131643165263
0.010889766608156435
0.0093640993302581653
0.0077561078730657602
0.0063068123465206596
0.0052378621444319389
0.0047123862335100228
0.0067634797832737143
0.0076130745645384143
0.0082655931981043505
0.0094625303668543423
0.010073522888169128
0.010575398555732583
0.010893989277173674
0.0109809743114276
0.010815855031519781
0.010429051485129985
0.0098779395481760936
0.0092440795457039374
0.008625709793277753
0.0081161696874566779
0.0080546087651481978
0.0077714622622958446
0.0077546230830541725
0.0073321823824149561
0.0078739427408589559
0.0085583560108767436
0.0092800307101143925
0.0099296912988378373
0.010411194989631074
0.01064846371729738
0.010609692645221888
0.010294047890302803
0.0097588024376235837
0.0090790263212928435
0.008360862604382107
0.0077095590705226012
0.0072245984754404262
0.0069800759440285911
0.0094119460655913215
0.0099907246259689012
0.0096194240909131933
0.0097950063855530341
0.0094782091137394255
0.0091430760750336945
0.0088418986000509767
0.0086197095848433453
0.0085050289085778323
0.0085218214039000373
0.0086637608570055355
0.0089082864944577192
0.009218823706425865
0.0099303553157655041
0.0099472434684250346
0.0096629218989802302
0.010208020153051219
0.009358984860162697
0.0091435016033025538
0.0088771933057826529
0.0086000569618425761
0.0083543442898953296
0.008180136748924002
0.0081003630032203764
0.0081325018724362572
0.0082659059249900815
0.0084863834221843414
0.0087552731973872654
0.0090348813999771814
0.0092793135117861022
0.0094513530289067667
0.0095248476684299827
0.011977778809714753
0.01229466148568626
0.011146463532094234
0.0095543028244416389
0.0088633953383511644
0.0077426682794528639
0.0068676876482640994
0.0063706031032488286
0.0063248237413695476
0.0067437810467254342
0.0075579882644238984
0.0086431002198693804
0.010209094854024105
0.010912142029087114
0.0097257236050230182
0.0099657185079299569
0.011126187432312659
0.009631593742631412
0.010361001050355508
0.0091854517933648884
0.0079528046155259869
0.0068502295310415417
0.0060467543833064123
0.0056625649935694742
0.0057608768597364442
0.0063225656785466568
0.0072652236171136773
0.0084414257329271086
0.0096751291026162516
0.010776774810018193
0.011578760609372648
0.011958548400895729
0.013294863926566395
0.014505393642180779
0.013041478936629819
0.010753166675930593
0.008875140633732655
0.0060502569618136378
0.0052721010847623278
0.0045771152001870263
0.0046077540613081126
0.0053663422113658099
0.006731027835050191
0.0087356945024718302
0.0097897471695110542
0.0098989029882980296
0.010896437624400039
0.011302437092547522
0.012641161495071598
0.01121845300628121
0.0097268872637268078
0.009439004171455774
0.0074388934043510555
0.0056467322339051459
0.0043354239007174118
0.0037042952301842248
0.0038534609350306791
0.0047580530693905757
0.0062798828819362338
0.0081845759812360693
0.010184437052539649
0.011975578451240018
0.01328557327343847
0.013913978315686505
0.015214650771467924
0.015673368379891833
0.013751092229425282
0.011953511423306874
0.0089532431573645602
0.0067337887056280422
0.0049064830368311029
0.0037517368175794957
0.0034489253437452968
0.0040491896309420095
0.0054513544674901866
0.0074438001718185398
0.0097188453733288299
0.010557633241927857
0.011611626329495138
0.013337730295506361
0.01414600802191052
0.01261519991670591
0.011208161665112673
0.0095978522001522112
0.0071344829486497978
0.0049254395312228376
0.0033054070435765046
0.002522644987404257
0.0026996172173127057
0.0038090756416243273
0.0056795457680959317
0.0080237715554099739
0.010486486898657799
0.012694650469607251
0.014312822126592453
0.014441797055178543
0.015410047279543437
0.014938946093132895
0.013581071591372512
0.011543102171955751
0.0096915713237639336
0.0072972532710891781
0.0051866159749362536
0.0036944340437501657
0.0030510375354033639
0.0033598514648480386
0.0045655284440356278
0.0064792081180835171
0.0079074859556062058
0.011261596626169724
0.013043876276000311
0.014275635376591579
0.014971716932660136
0.013486103274596439
0.01181387865530868
0.0083508086434245458
0.0070878426750557184
0.0047971617862872865
0.0031149060251902294
0.0022993523930042066
0.002477648834221496
0.003622489526932083
0.0055564017389562815
0.0079828150419506728
0.010533546780943693
0.012823437859801752
0.014504841334643116
0.01472487082611839
0.01474182865039801
0.013402322364471191
0.011697038162110381
0.0095551788325451553
0.007303133703291928
0.005280392993620364
0.0037923449269037799
0.0030678673599374771
0.0032206212974274459
0.0042269098609960323
0.0059307865476267074
0.0080704516291177919
0.011238988989875621
0.012621805355748222
0.01410047670182756
0.014361777116378108
0.014919186740663332
0.014521680718866016
0.013351161342225732
0.012268297465056198
0.0091580668803193897
0.0070333176861944631
0.005395887103283167
0.0044206215799169092
0.0038178403171830822
0.0040494038039929894
0.0051720170544266803
0.006926379178700798
0.0090405211817020156
0.011165547807123224
0.012979574747529758
0.014203386928327457
0.013102654131573252
0.012099396880601233
0.010883060211019977
0.0093552593539811772
0.0077471551161083004
0.0063008848914710355
0.0052341774374010108
0.0047114280396351287
0.004814795432787379
0.0055288466455046779
0.0067428933522865496
0.0082698620952825954
0.0098791071774538587
0.01208325021067483
0.013416849863898704
0.014100490019415206
0.013943936550327751
0.014693907101616603
0.013072806431872636
0.011158433633365173
0.009719998164968725
0.0081921605946153418
0.0067670224031283642
0.0059202074392311352
0.0055942187479431993
0.005844368408203968
0.0066244518936188698
0.0075455372526319559
0.008800828732755667
0.010307924944504287
0.011183306431844554
0.012708770553927098
0.010891599824928039
0.010301228729954749
0.0097588591807711098
0.0090759206832877054
0.0083548296811315741
0.0077033894611884578
0.0072196780869881001
0.0069777647944265471
0.0070168754824408664
0.0073301201528410565
0.0078695449768637609
0.0085511393552492876
0.009273832847233366
0.011548778028312057
0.012079178411754531
0.012618015732093601
0.012670325241262029
0.013189246574407549
0.012694352273619085
0.0088901142438228258
0.0086237756472620549
0.0081139749443399061
0.0077920217832101362
0.007705820350984988
0.0078682947721196786
0.008261735247348469
0.0088204833933038483
0.0094595410773782446
0.01013199571499075
0.0093231940225890694
0.010187454362382459
0.010212751294803245
0.0084393386456774796
0.0082754884835597436
0.0084897726833843921
0.0087551282932200984
0.009030805596251015
0.0092728305470982392
0.0094448527659441086
0.0095197932778040145
0.0094889461990427734
0.0093542841679787759
0.0091388010018361339
0.0088724740725019888
0.008599412250244496
0.008360741329055326
0.010428715911089901
0.010624177992060242
0.011462681214575764
0.011344307402728251
0.0078027627510841146
0.0089184936750155517
0.0092195739740653006
0.0095428036383462065
0.0098376400326984151
0.010057582232457441
0.010167036259700253
0.010155894531122115
0.010020549342602891
0.0097825828321121341
0.00947679075219021
0.0096786119774231825
0.0084124811968903489
0.0086543883508095141
0.006119549971978713
0.0063318188847173796
0.007271085873862688
0.0084456123646066226
0.0096752925928219515
0.010771720238101332
0.0115732314496238
0.011952617489027912
0.011856469541741861
0.011294725000351127
0.010358060085786802
0.0091848260977610303
0.0079572643968878337
0.0068602483648340252
0.0060614058132365907
0.0056813161539427358
0.0058153065549518181
0.0067783700530331887
0.0065868583441826625
0.0086548532059143087
0.0098341151245208095
0.010941654626065148
0.011808577525998974
0.01230201252285875
0.012342206205028601
0.011929280979271815
0.011122728435516673
0.010045328631459727
0.0088603228130057672
0.0084490727075658949
0.0067806498704386107
0.0062567190097593556
0.0042838046755363972
0.0047635862671266691
0.006285100306484508
0.0081905621446944164
0.010188365469978065
0.011975760812777314
0.013282561131837083
0.013909107026779303
0.01376227605932334
0.01285864282520522
0.011343590420733489
0.0094419094734595234
0.0074458423210229836
0.0056562538524521167
0.0043467875838364518
0.0037169138382550791
0.0037101303749876432
0.0048875403967125752
0.0056919106056016319
0.0084954472362899717
0.010374420560116962
0.012098120883422046
0.013406331719736656
0.014098113715768293
0.014063682754721583
0.013312841450461835
0.011958619764865584
0.010205324287349984
0.0083199840609809953
0.0065888627815083789
0.0061673747784729482
0.004735364641844886
0.0032148344554396432
0.0038114811269902072
0.0056826607776540332
0.0080289046124920518
0.010491498896686279
0.012697781471749913
0.014317103737182677
0.015092244408695183
0.014917515404708951
0.013810154675216494
0.011947010020655948
0.0096055699613109904
0.0071436890722968169
0.0049329498034822849
0.0033118677453732774
0.0025281629938049724
0.0023927666144539059
0.0037023194519642658
0.0052555883830710795
0.0084648290865267511
0.010757986345769683
0.012836295912853657
0.014386522454416279
0.015173000375715119
0.015069425926094638
0.014094946115306631
0.012398841494474979
0.010236030495855617
0.0079363948159477705
0.0058490780311433203
0.0050850286193763567
0.003948620385785917
0.0030772896283691388
0.0036212569498445374
0.0055563270504658414
0.0079859243804871437
0.010538394000329829
0.012828019754107927
0.014506142903929903
0.015320081660049858
0.015144448007482863
0.014001968170891691
0.012074664787499096
0.0096499973302014309
0.0070975202722137849
0.0048031519597019354
0.0031183805778019534
0.0023008377483220671
0.0020689910883480182
0.0034134763170591198
0.0063338185107230651
0.0085707747978758918
0.010927630376103082
0.013043127129212228
0.014599876979417347
0.015360716197837109
0.015203139270542804
0.014153547692204593
0.012373710132340444
0.010130374133564886
0.0077666009213600952
0.0056410819172216659
0.0047713133480579385
0.0039177455165303205
0.0038928871860666242
0.0042240563757381519
0.0059290444028902113
0.0080727968238717366
0.010326546752036017
0.012349791738322789
0.013834684218734876
0.014557429809547507
0.014406947551656954
0.013401854038296353
0.011703825851700256
0.0095653906137384524
0.0073127196574582628
0.0052859477631608297
0.0037953468768205396
0.0030687254516526146
0.002787571857271316
0.004308379446956139
0.0068233181612550918
0.0087980031503756793
0.010857703116110905
0.012687070393239184
0.014012124757332574
0.014631492785696738
0.014443467633146006
0.013479079601341181
0.011887139971224514
0.0099058181499811233
0.0078384653056891244
0.0059995765986045231
0.0052260321251728437
0.0046346563396232254
0.0055362043334611557
0.0055281168649823709
0.0067443595521906943
0.008275565200361247
0.0098865715892720481
0.01133360121689886
0.012397958681367007
0.012917398023560811
0.012814521276203882
0.012099131589087214
0.010889766522131746
0.0093640993085106448
0.0077561078606103416
0.0063068123405179742
0.0052378621517105931
0.0047123862840257671
0.0044366397741888233
0.0055249486710886274
0.006976851482174239
0.0091117097262454136
0.010558136389450162
0.011820533403484974
0.012710828921343438
0.013093714870823454
0.012903116056857979
0.012171641458668565
0.011011459855641961
0.0095954375950716136
0.0081411591857483596
0.0068697743077016926
0.0063803210465371027
0.0059888992674141557
0.0077546231072771555
0.0073321823986675395
0.0078739427471083666
0.0085583560267744035
0.0092800306919818918
0.0099296912848357167
0.010411194985829536
0.010648463729746161
0.010609692550638507
0.010294047838200216
0.0097588023409003778
0.0090790262918902399
0.0083608625776560169
0.0077095590597574719
0.0072245984809686586
0.0069800759217176368
0.0067634797853612424
0.007613074553947473
0.0082655931864646873
0.0094625302989787673
0.010073522899585418
0.010575398545762423
0.010893989266672366
0.010980974178550696
0.010815855038600598
0.010429051409622733
0.0098779394596732201
0.0092440795283247734
0.0086257098207605763
0.0081161697258989689
0.0080546087893924277
0.0077714622921139067
0.01020802018386382
0.009358984870251533
0.0091435015978276798
0.0088771933605496442
0.0086000570371746049
0.0083543443052032443
0.0081801367053794607
0.0081003630097618781
0.008132501865818046
0.0082659058815702149
0.0084863833674815609
0.0087552731828874283
0.0090348813800450699
0.0092793135057733858
0.0094514142716859324
0.0095248476139377664
0.0094119460520291284
0.0099907245671667748
0.00961942408004989
0.0097950063805291362
0.0094782094009138191
0.0091430760835182669
0.0088418985046812629
0.0086197095809507265
0.0085050288955145058
0.0085218212626884237
0.0086637608053249677
0.0089082865140367382
0.009218823970598089
0.0099303553957128098
0.009947243498595949
0.0096629219159169288
0.011126187440455997
0.00963159375666316
0.010361000960141352
0.0091854517314409901
0.0079528046296051345
0.0068502295626944589
0.0060467543901513016
0.0056625649965843603
0.0057607927573317761
0.0063225656561267177
0.0072652236031267789
0.0084414257170170818
0.0096751291025297583
0.010776774810477384
0.011578760545865454
0.011961320331599986
0.011977778740899831
0.012294661438216304
0.011146463533499934
0.0095543028291548409
0.0088633953918647833
0.0077426682976612154
0.0068676876804858126
0.0063706031061317179
0.0063248237409138661
0.0067437810172149403
0.0075579881661177453
0.0086431000816591073
0.010209094962374579
0.010912142038853535
0.0097257236587386161
0.0099657184888019262
0.012641161560935072
0.011218453119038642
0.0097268872733651413
0.0094390041785103705
0.0074388934331906728
0.0056467322554392182
0.0043354239092202743
0.0037042952323583351
0.0038534609338681212
0.0047580530624835946
0.0062798828929078445
0.0081845759826050333
0.010184437067601746
0.011975578517181779
0.013285573067119749
0.016122868898657328
0.013294863772892719
0.014505393517608474
0.013041478780918124
0.010753166695843653
0.0088751406528066474
0.0060502569716215163
0.0052721010946386246
0.0045771151978145188
0.0046077540581656133
0.0053663422123629567
0.0067310278309461041
0.0087356944854007496
0.009789747290036557
0.0098989030074029521
0.01089643766421888
0.011302437074454108
0.014146008042902209
0.012615199981623035
0.011208161877639825
0.0095978522212969153
0.0071344829352788979
0.0049254395245692346
0.003305407042416835
0.0025226449923840058
0.0026996172190699753
0.0038090756380598032
0.0056795457570946485
0.0080237715432590409
0.01048648689628273
0.012694650514193558
0.014312822386427115
0.012519089832786955
0.015214651001652271
0.015673368400581301
0.013751092250901069
0.011953511446922676
0.008953243175354772
0.0067337887132928598
0.0049064830401246203
0.0037517368190085431
0.0034489253465925492
0.004049189649840905
0.0054513544898192635
0.00744380016809266
0.0097188453697066857
0.010557633240190777
0.011611626292734612
0.013337730260517412
0.014971716977489948
0.013486103329078465
0.011813878695638901
0.0083508086316524035
0.0070878425712446059
0.0047971617532036144
0.0031149060231021723
0.0022993524043521674
0.0024776488428573315
0.003622489523023441
0.0055564017291041389
0.0079828150133495444
0.010533546771227002
0.012823437902277968
0.014504841477841401
0.014724871186559546
0.015410047412669813
0.01493894617035685
0.013581071620284355
0.011543102196423438
0.0096915713365101509
0.0072972532767769356
0.0051866159697340876
0.0036944340427924227
0.0030510375312277306
0.003359851474833077
0.0045655284730487375
0.0064792081400990662
0.0079074859219111886
0.011261596739470088
0.013043876342270701
0.014275635368605327
0.014919186780982571
0.014521680732732498
0.013351161358057544
0.012268297424809081
0.0091580668348091206
0.0070333176473648751
0.0053958871028217184
0.0044206215995463548
0.0038178403125815707
0.0040494037978077557
0.0051720170491496489
0.006926379138591292
0.0090405211463045702
0.011165547915150122
0.012979574815290371
0.014203387042499131
0.014741828596145919
0.013402322419500581
0.011697038199913452
0.0095552142239179409
0.0073031337113562697
0.0052803930044144206
0.0037923449249916627
0.0030678673537042917
0.0032206212885063324
0.004226909848260167
0.0059307865354431529
0.0080704516446671003
0.011238989083126899
0.012621805489557934
0.014100476685891724
0.014361777099376432
0.013943936523998163
0.014693907085124917
0.013072806416453163
0.011157742379099993
0.009719998126156067
0.008192160553217781
0.0067670223944477402
0.0059202074413876107
0.0055942187389209893
0.0058443683987784989
0.0066244518747957705
0.007545537193930211
0.0088008286314372498
0.010307925011342828
0.011183306714634004
0.012708770484662934
0.013102654265826396
0.012099396934963053
0.010883060239025666
0.0093552594137710204
0.0077471551097492786
0.0063008848788528408
0.0052341774298757249
0.004711428027598258
0.0048147954200371181
0.005528846629674857
0.006742893509708605
0.0082698620658817473
0.0098791071002487102
0.012083250169896141
0.013416849822650951
0.014100490013954718
0.012670325217979993
0.013189246571671203
0.012694352347171632
0.0088901142585720693
0.0086237756476940288
0.0081139749110235252
0.0077920217581812631
0.0077058203371587761
0.0078682947606461984
0.0082617352439879905
0.0088204833372742229
0.0094595409260825811
0.010131995293183906
0.009323244728319453
0.010187454493822874
0.010212751240265015
0.010891599864118012
0.010301228745240162
0.0097593463837056735
0.0090759206704661855
0.00835482961135048
0.0077033894381768383
0.0072196780751550031
0.0069777647777970447
0.0070168755473923976
0.0073301201197618088
0.0078695449736357632
0.0085511393432101852
0.0092738328090389652
0.011548777938098755
0.012079178423471677
0.012618015695735094
0.011462681263835997
0.01134430738145629
0.0078027627367863494
0.0089184936572053019
0.0092195739514522642
0.0095427162948849009
0.0098376400045064056
0.010057582246464143
0.010167036255540544
0.010155894474241475
0.010020549271469505
0.0097825826741688195
0.0094767903796490957
0.0096786121138138035
0.0082449973180180203
0.0081793953518497619
0.0084393385349661922
0.0082754884794043661
0.0084897726909482895
0.0087554681407623486
0.0090308055700947295
0.0092728305218500572
0.0094448527421592595
0.0095197932679725872
0.0094889462001349709
0.0093542841628475159
0.0091388009800632691
0.0088724739809436931
0.0085994122431881561
0.0083607413574774015
0.010428716083273065
0.010624178019470833
0.0058153065708753749
0.0067783700396247051
0.006586858346587259
0.0086548532952413181
0.0098341151161250064
0.010941654601816005
0.011808577501727535
0.012302012538491646
0.012342206221924543
0.0119292809641121
0.011122728310111327
0.01004532855622034
0.0088603227347086363
0.0084490725106575702
0.0067806497844740141
0.0062567189676935682
0.0061195498561798147
0.0063318188321284845
0.0072710858430712153
0.0084456123460641599
0.0096752925627284735
0.010772961112371911
0.011573231422299907
0.011952617495820751
0.01185646955111332
0.011294724991031105
0.010358060027723602
0.0091848260791580223
0.0079572643222822429
0.0068602484585923492
0.0060614057938407706
0.0056813161379307853
0.0037101303809810864
0.004887540390243912
0.0056919106017188741
0.0084954472319819681
0.010374420552903545
0.012098120866893951
0.013405767391892707
0.014098113756556315
0.014063682893687318
0.013312841414304163
0.011958619676064758
0.010205324250652559
0.0083199839911886012
0.0065888627164687888
0.0061673746966097818
0.0047353644989913462
0.0042838045237921967
0.0047635862052610532
0.0062851002942922183
0.0081905621444753832
0.010188365448954427
0.011975760797691646
0.013282561074274349
0.013909107037606857
0.013762276091965791
0.012858642820700114
0.0113435903751273
0.009441909405397006
0.0074458423074255384
0.0056562538410955742
0.0043467876083084838
0.003716913847817574
0.0023927666134488813
0.0037023194565803615
0.0052555883898372426
0.0084648290757840805
0.010757986346714214
0.012836295918176491
0.014386522191005006
0.015173000390538469
0.015069425939579864
0.014094946099034743
0.012398841427435817
0.010236030312566209
0.0079363948313576071
0.0058490780594021852
0.0050850285813263682
0.0039486203112403641
0.0032148343786080869
0.0038114810906037188
0.0056826607686487991
0.0080289046109729093
0.010491493503315305
0.012697781444687957
0.014312923294880655
0.015092244404428006
0.01491751543362174
0.01381015470267178
0.011947010023635159
0.0096055699629418092
0.0071436890833838189
0.0049329498143921603
0.0033118677389731167
0.0025281629890662608
0.0020689910878419725
0.0034134763212097558
0.0063338185280508302
0.0085707747697526347
0.010927630372637238
0.013043127159398638
0.014599876955015096
0.015360716199816668
0.015203139277593628
0.014153547697876622
0.012373710127367793
0.010130374125603027
0.0077666009077792851
0.0056410819064134461
0.0047715922161816566
0.0039177454957399216
0.0030772896180877784
0.00362125693728083
0.0055563270363423664
0.0079859243757786965
0.010538393952553233
0.012828019660255282
0.014506142818938398
0.015320081670641198
0.015144448031422723
0.014001968198372333
0.012074664804699866
0.0096499974153477757
0.0070975202814564419
0.0048031519393476095
0.0031183805700594792
0.0023008377456812177
0.0006911497983042459
0.0017811095046800396
0.0036116816438987349
0.0062353760283655147
0.0096613750712217193
0.012124833143707769
0.014324326763391213
0.01561469854936845
0.01579619451772794
0.014839415774491486
0.012892265969563957
0.010250857568242582
0.007088146119815863
0.0046650702530179359
0.0022743566932002307
0.00097367877725087408
0.00091112283199535585
0.0020639331852995721
0.0042499414500339833
0.0070422978687932503
0.010015553922148895
0.012719514809322858
0.014744617330023248
0.015785610604301351
0.015682176171715901
0.014447955801055354
0.012277007170652386
0.0094936563034557792
0.0065212162000017684
0.0038086046984158574
0.0017696850517425562
0.00071805233346656431
0.0021211535180428128
0.0031773113019340836
0.0045397832185246961
0.0066383385695480924
0.0094576976857628173
0.011359620508157423
0.013125938284398116
0.014165423933154748
0.014316416930452167
0.013554475926314549
0.011997179667348699
0.0095240675441948999
0.0076599762423458125
0.005405664601322962
0.0033979230070981812
0.0024367605493050451
0.0024384949176895253
0.0032969998609644613
0.0050463040751892079
0.0072831118811473956
0.009666342671085482
0.011834741136544112
0.013459826999346282
0.014295624586035656
0.014213760839853019
0.01322472136669945
0.011484974606007638
0.0092541940196550748
0.0068725300856108257
0.004699378334533111
0.003066120407064559
0.0022233725596252649
0.0044426552368983267
0.0054252152342691186
0.0060440384092682207
0.0072984853211520281
0.0091381917884829442
0.010133203607062316
0.011197157022896443
0.011827300944344799
0.011924811437355713
0.011473646682115906
0.010543296343680819
0.0089206664420420564
0.007943312514095982
0.0065897717728593914
0.0052053480137445648
0.0047900903529054396
0.0048809164384293786
0.0052847548916120481
0.0063322412961783845
0.0076735738687132692
0.0091039534549967674
0.010406532545747683
0.011384140707247321
0.011887725907109906
0.011840012638177752
0.011246917006795193
0.010203579834711892
0.0088651110773162994
0.0074368485129577217
0.0061333983333415835
0.0051531805587700496
0.0046463389893013803
0.0072983793908053332
0.008179137655472209
0.007893344447098374
0.0081146574956196781
0.0083673734739268917
0.009024295159268331
0.0088306404710063961
0.0089545729699831243
0.008983679467311231
0.0089123591363806168
0.0083764008113682963
0.0085391596161882802
0.0082840782226396084
0.0080355071420620591
0.0074189053363246226
0.0076719844877011778
0.0078630323083541051
0.0077216728472501639
0.0079101996163042105
0.0081535477306959071
0.0084137260322752795
0.0086517454610255725
0.0088322605086822038
0.0089267406948924533
0.0089208233802225891
0.0088148617070891895
0.0086276087147768542
0.0083856502432785168
0.0081275901370158592
0.0078903310541936153
0.007709984449107591
0.0076143142278075528
0.010707800818982342
0.011019820074067887
0.0098058607990857659
0.0089617614012685413
0.0080202464404848708
0.0071251792319266252
0.0064124959337923237
0.005991132064636538
0.0059269145054996518
0.0062270770131616455
0.0068460425550009767
0.0076908148833073481
0.0086304284389416095
0.0095230105834559677
0.0097020148823588996
0.010644456386997811
0.0109318069333748
0.010237403503274779
0.0095405108572210549
0.0086503261052663927
0.0077010204298368114
0.0068372303541452406
0.0061912722636354774
0.0058613316622663303
0.0058980769850884912
0.0062961617861176976
0.0069951976937128344
0.0078876668981808246
0.0088387125966327626
0.0097045507346662768
0.010347323028422823
0.010255654671817294
0.013388755437715002
0.012741513548852513
0.012121773710104675
0.0097119393974856808
0.0077195082516234061
0.005816544752262281
0.0042939188359343511
0.0033839618441552032
0.0032293555762998752
0.0038521413424903728
0.005155443989413303
0.0069396811331564785
0.0089314780949015168
0.010290314717356745
0.012379761688384826
0.013258731967305256
0.01362361501187654
0.012452079021163322
0.010977700195878749
0.0090905679131405397
0.0070757518203841806
0.0052396107374237744
0.003862694400791223
0.0031564972579957323
0.0032304266256450408
0.0040732968582927248
0.005554702237526344
0.0074472334712577838
0.0094629733713778343
0.011295200824830764
0.012666141434418327
0.012862923868305134
0.01529554092665256
0.014405562807348686
0.012589018636404785
0.010119651488427132
0.0078416612675934177
0.004889063592517162
0.0027858477096040458
0.0015242635871317144
0.0013028945737055147
0.0021552426426154616
0.0039463134023918628
0.0061386368029760123
0.0092478456898364998
0.01184842768698641
0.013909536787110596
0.015118544705536771
0.01553075980004315
0.014029406564035798
0.012002426351294103
0.0094060371498068986
0.0066323618990629706
0.0041023568929348881
0.0022020952094228782
0.0012251319950805719
0.001324861813155149
0.0024856830650606394
0.004526056959166168
0.0071317937558406487
0.0099059281467106831
0.012427578218637979
0.014315162731513247
0.014727949631825372
0.016141042164937655
0.015142968191985325
0.013106671446942102
0.010338917593427329
0.0072583948225871022
0.0043311185889370772
0.0020030815225888809
0.00063309141327347188
0.00043785264399822678
0.0014480318552013329
0.0035015667731007269
0.00628087349756887
0.0093624739822262912
0.012279335781189109
0.014590714913212441
0.015946417464827712
0.016139405408186175
0.015241728042970248
0.012462253288179796
0.0095504483417622934
0.0064391356687779951
0.0036000366784140325
0.0014659364828880617
0.00036656127416669835
0.00047668949877491354
0.0017790197163449883
0.0040675258390033648
0.0069895256291445411
0.010099910609656246
0.012927770621269152
0.014416311608311092
0.015947962096743255
0.016002399078603635
0.014451760398294435
0.012280367939923246
0.0094971373427178759
0.006523248138817845
0.0038096108164049642
0.001769623166290539
0.00071807162445551814
0.00082167296174636231
0.0020646417569746361
0.0042508349212592202
0.0070432839925549358
0.010016436477801243
0.01272010441927946
0.014745384870917137
0.015259323427548739
0.015795713651130899
0.014841420282112796
0.012894995652024987
0.010249647424233054
0.0073054710082498479
0.0045079763327603092
0.002283547871220593
0.00097491540268788914
0.00078844242286001316
0.0017530055756931199
0.0037147610152729175
0.0063704165178193701
0.0093154515472329141
0.012103559729310763
0.014313372346240548
0.015609628824237347
0.014486795036170246
0.0132246268614045
0.011485267559438479
0.009256024724217795
0.0068736820925541448
0.0046997811936278075
0.003065736796678323
0.0022235729567248877
0.0023047537753483819
0.0032970179347448325
0.0050459919283591418
0.0072825528030904998
0.0096658498843791921
0.011834368953460099
0.013459833471487895
0.013844061949353441
0.014311565215333246
0.013546120807992191
0.011985084734336123
0.0098639713432561223
0.00799215524231588
0.0054060328557085221
0.0035932505204157297
0.0024998062942183747
0.0022968173258692596
0.0030147814885111801
0.0045409312169757046
0.0063695212863074434
0.0091154326179438434
0.011348680061786014
0.013119236355490817
0.014157996658181682
0.012059239986444257
0.01124648464909316
0.010203489340334743
0.0088664180224181811
0.0074370808016095769
0.006132802353122988
0.0051524502981018655
0.004646566925721277
0.0046930662934117394
0.0052851691300362475
0.0063316189305837765
0.0076720837271745251
0.0091028913885285393
0.010406430499910121
0.011384847007279193
0.011538899841602631
0.011914811233071494
0.011454192422351517
0.011156544492450461
0.0093526650821525899
0.0079424069666597513
0.0065893162913523897
0.0054998942443911401
0.0048397547478677728
0.0047125701778305959
0.0051359595320846687
0.0060446118230562951
0.0072997769829275441
0.0087089868156782525
0.0095804296890838209
0.011195764123098162
0.011819328147002881
0.0090829959423887972
0.0088130186106488741
0.0086262324978052512
0.00838564331964004
0.0081267319850389947
0.0078891152660841464
0.0077092775047884086
0.0076146671830699467
0.007619467458801924
0.0077232072371056634
0.0079105995538254151
0.0081526073440019806
0.0084135813925923959
0.0086529481174587725
0.0088343234734936885
0.0086920447656257237
0.0089671614485601573
0.0093894302783629462
0.0087608347872752419
0.0085378669650043142
0.0082831518355098964
0.008035733040437627
0.0078324802053559711
0.0077042423053205987
0.0076721290992450061
0.0077382636096651261
0.0078933688617726094
0.0081151352899752477
0.0083676397482172534
0.008613663969014633
0.0083865207235082166
0.0089432271850544229
0.0060105524167649634
0.0062950345199510697
0.0069949506405772542
0.0078885667538595265
0.0088387576441752054
0.0097018521153371205
0.010347162321385236
0.010676322859891748
0.010638749013100102
0.010239679944078728
0.0095420438533293916
0.0086503354823793174
0.0077019604284730833
0.0068394439359080409
0.0061942953267275667
0.0058650098001759732
0.0057362293034644895
0.0065460671659935748
0.006847096750774267
0.0076905432005781871
0.0086301838265862192
0.0095245902577579308
0.010680445407713686
0.010674397679592213
0.010719949121030239
0.010005023917539371
0.0098059807444763857
0.0089628738747616187
0.0080209158762603022
0.0071250330115239504
0.006101156157268829
0.0059672346570253162
0.0033064350016706865
0.0040729727234253251
0.0055553480061252348
0.0074485413913346586
0.0094635587378163188
0.011295241460211165
0.012666062601522447
0.013368249867018303
0.013293946695080765
0.012453145663549796
0.010978023368638323
0.0090892740636760779
0.0070756190464554922
0.0052410372181036146
0.0038653617985491555
0.0031594837240379028
0.0031148522686393408
0.0040379011664689627
0.005155962416665342
0.0069388054064232615
0.0089300700409701735
0.011347487101432688
0.01241754587330529
0.013282794916116418
0.013394050547396417
0.012733346704039847
0.011402176527686207
0.0092600100271122161
0.0077198346982596507
0.0058168012603159302
0.0040858607385799994
0.0033410065254271867
0.0013838348451703424
0.0024860992666598659
0.0045268297911098369
0.0071326253476753131
0.0099062533108383623
0.01242774818344718
0.014315156235498502
0.015283442873152467
0.015183894207788587
0.01402969264043831
0.012001843811337043
0.0094036906073950467
0.0066307394765381181
0.0041018956561122899
0.0022031544072889948
0.0012264221526016509
0.001230864579777696
0.0022479833296343552
0.0039454658347557623
0.0063976886446234071
0.0096176082742024712
0.011892871697849248
0.013940336673059417
0.015136585821739584
0.015296704970244943
0.014394997867190944
0.012570257707498653
0.0097504991626042158
0.0075105543748824801
0.0048888070356877741
0.002648666870705284
0.0014659970233889049
0.00053990643583708543
0.0017788121719618782
0.0040673862289970393
0.0069893981873318453
0.010099713233212996
0.012927576960840407
0.015044707939075024
0.01613217487899345
0.016022543328174762
0.014730398583563793
0.012458383426933764
0.0095461040410450785
0.0064362418914663032
0.0035984944290818285
0.0014658636696552204
0.000366678629657004
0.0003774472989454115
0.0014541118534248162
0.00340276877735117
0.0061508437881747455
0.0097175013668287114
0.012311948781705107
0.014610056152825266
0.015955435117515956
0.016140125559193953
0.01513431574852284
0.013093357526908728
0.010327232736353767
0.0070322664659009182
0.004483443439862839
0.0020109167472733488
0.00063194047723147569
0.00091112283734198253
0.0020639331903736322
0.0042499414588175414
0.0070422978741573354
0.010015553927116286
0.01271954250258611
0.014744617316880676
0.015785610684009556
0.01568217614656188
0.014447955661750018
0.012277007173587205
0.0094936563266990164
0.0065212161982581198
0.0038086046692971127
0.0017696850463874358
0.00071805233228321391
0.00069114979777035786
0.0017811095058115395
0.0036116816583452644
0.0062353760952004933
0.0096612797036579896
0.012124833138258437
0.014324326744166524
0.015614698626254567
0.015796194249545877
0.014839415765911072
0.012892265956924307
0.010250857558166019
0.007088146113011104
0.0046650702469871004
0.0022743566970399552
0.0009736787814721542
0.0024384949312215311
0.0032969998671041711
0.0050463040795003435
0.0072831118782421076
0.0096663426559948327
0.011834741112760049
0.013459827047807797
0.014295624629920189
0.014213760831518311
0.013224721343272043
0.011484974584502762
0.0092541940296234151
0.0068725300851460959
0.004699378327789625
0.0030661204047483146
0.0022233725551750205
0.0021211535196279251
0.003177311305099558
0.0045397832211541691
0.0066383385714331349
0.009457697703701114
0.011359620501566864
0.01312593821132658
0.014165423912546316
0.014316416918467814
0.013554476155293536
0.011997179647798806
0.0095240675310697808
0.007659976238267612
0.0054056645938974166
0.0033979230142674498
0.002436760556221993
0.0048809164495711311
0.0052847548951597432
0.0063322412930190289
0.0076735738687816399
0.0091039534132918223
0.010406532548067372
0.011384140642991501
0.011887725932634607
0.011840012625871725
0.011246916971821667
0.010203579796417931
0.0088651110692841463
0.0074368485070094503
0.0061333983663179386
0.0051531805564985888
0.0046463389488719626
0.004442655239876251
0.0054252152376217944
0.0060440384130197051
0.0072984853227203057
0.0091381917964944576
0.010133203605199844
0.011197156991205506
0.011827300926363912
0.011924811421071484
0.011473646639859447
0.010543312796789406
0.0089206664423379708
0.0079433125759911186
0.0065897717794732606
0.0052053480355321816
0.0047900903541133761
0.0078630324177806042
0.0077216728486349051
0.0079101996110123775
0.0081535477213907619
0.0084137260301203453
0.0086517454640651151
0.0088322605075226955
0.0089267407011014276
0.0089208233893691979
0.0088148616861150417
0.008627608687844979
0.008385650233446838
0.0081275901288779089
0.0078903309679678388
0.0077099844550745046
0.0076143142682490545
0.007298379394318693
0.0081791376510639505
0.0078933444487638282
0.00811465749964339
0.0083673734736495597
0.0090242951614887181
0.0088306404353352963
0.0089545729598607387
0.0089836794528536223
0.0089123590923576614
0.00837640072246695
0.0085391596964886265
0.0082840783778212763
0.008035507090385698
0.0074189053728383929
0.0076719844916330986
0.010931806938180227
0.010237403396123671
0.0095405108604032646
0.0086503077084378616
0.0077010204404414804
0.006837230359995004
0.0061912722678259527
0.0058613316648947773
0.0058980769809344148
0.0062961617771575169
0.0069951976834918507
0.0078876668966130232
0.0088387125960252676
0.0097023196240029197
0.010347323007436611
0.010255654624042741
0.010707800855411898
0.011019820051415132
0.0098058607956272009
0.0089617614057086945
0.0080202464481142054
0.0071251792368228666
0.0064124959321272745
0.0059911320611020493
0.0059269145010817405
0.0062270769784045308
0.006846042373627988
0.0082177585935482023
0.0081684348178896488
0.0095230107986002746
0.0097020148762696178
0.010644456399419825
0.013623615027501019
0.012452079045990052
0.010977700175711634
0.0090905679262774427
0.007075751824954955
0.0052396107406589487
0.0038626944050585373
0.003156497262710957
0.0032304266265762976
0.0040732968578754995
0.0055547022352818807
0.0074472334765378267
0.0094629733725121717
0.011295200869177036
0.012666141387863592
0.012862923684932965
0.013388755287562233
0.012741513526154755
0.012121773707799882
0.0097119394027210901
0.0077195082586368861
0.0058165447567693424
0.0042939188378969852
0.0033839618437407114
0.0032293555799622277
0.0038521413410212055
0.0051554439381824267
0.0069396809768881244
0.0089314782585756848
0.010290314878859222
0.012379761690980063
0.013258731992517855
0.015530759829156712
0.014029406543760935
0.012002426370424759
0.0094060371466120844
0.0066323618938486928
0.0041023568957893938
0.0022020952134749186
0.0012251319994373829
0.0013248618158846414
0.0024855979570532548
0.0045260569585957649
0.0071317937586990732
0.0099059281548803807
0.012427578230214528
0.014315162844929605
0.01472794990979698
0.015295540908239721
0.014405562801597731
0.012589018636201337
0.01011965149474329
0.0078416612749811938
0.0048890635975333352
0.0027858477104547442
0.0015242635870497128
0.001302894576585933
0.0021552426419553738
0.0039463133702930843
0.006138636768413766
0.0092478457807081589
0.011848427716744854
0.013909536858087046
0.01511854472079747
0.016139405419118066
0.015241727951333132
0.012462253265246677
0.0095504483597215022
0.0064391356583795118
0.0036000366705512938
0.001465936480115994
0.00036656127478564135
0.00047668950023638463
0.0017790197157002779
0.0040675258347041268
0.006989525619415988
0.010099910600829425
0.012927770655654577
0.014416311651653331
0.015947962246948354
0.016141042276490915
0.015142968225411002
0.013106671461989428
0.010338917605594798
0.0072583948305491577
0.0043311185942235663
0.0020030815213781901
0.0006330914131544602
0.00043785264456997641
0.0014480318474002355
0.0035015667474806713
0.0062808734865625318
0.0093624740206181695
0.012279335804521889
0.014590714977314331
0.015946417462614229
0.01579571365310261
0.014841420288599408
0.012894995659156541
0.010249647431614085
0.0073054710173197437
0.0045079763300870344
0.0022835478673016597
0.00097491540248562005
0.00078844242451487018
0.0017530055756062994
0.0037147610062770401
0.0063704164966957803
0.0093154515357048995
0.012103559801994951
0.014313372390784678
0.015609628881323306
0.016002399101168373
0.014451760426806777
0.012280368008123967
0.0094971373332163357
0.0065232482232125254
0.0038096107530546084
0.0017696231705327174
0.00071807162346401352
0.00082167294513298432
0.0020646417535965982
0.0042508349015124283
0.0070432839358399064
0.01001643643734825
0.012720104441602754
0.014745384887772167
0.015259323427340696
0.014311565214636618
0.013546120811586133
0.011985084738042944
0.0098639713559497688
0.0079921552552556906
0.0054060328539367944
0.0035932505185519571
0.0024998062912982787
0.0022968173347837377
0.0030147814915693506
0.0045409312078328818
0.0063695212504362607
0.0091154325903371781
0.011348680157569763
0.013119236429076468
0.014157996649630952
0.014486795113905784
0.013224626879342019
0.01148526756599018
0.0092560247209498916
0.0068736820925784023
0.0046997811934328722
0.0030657367740180171
0.0022235729624988216
0.0023047537743664825
0.0032970179434184295
0.0050459918603982679
0.0072825527933765011
0.0096658498747470619
0.011834368896683345
0.013459833459635617
0.013844061838245715
0.011914811241685495
0.011454192417527364
0.011156544487744053
0.0093526650518263588
0.0079424069675224345
0.0065893162891653536
0.0054998942864161833
0.0048397547445330627
0.0047125701800759074
0.0051359595363775082
0.0060446118075061757
0.0072997769454850071
0.0087089867613121003
0.0095804297356418145
0.01119576414334222
0.011819328052559877
0.01205924007152771
0.011246484573948596
0.010203489344744963
0.0088664180318352749
0.0074370807950729723
0.0061328023491755059
0.0051524502820532048
0.0046465669212308047
0.0046930662935041403
0.005285169129325952
0.0063316189186809124
0.0076720837232054605
0.0091028913754165903
0.010406430460753216
0.011384846966089714
0.01153889982305256
0.0089671614608894876
0.0093894302663198124
0.0087608348159667147
0.0085378669322215082
0.0082831518274939665
0.0080357330352067279
0.0078324802000036466
0.0077042423018022317
0.0076721291009894848
0.0077382636075948048
0.0078933688306789297
0.0081151352224554055
0.0083676397273468438
0.0086136640241410486
0.0083865206175336819
0.0089432270061901471
0.0090829958494116937
0.0088130185224700886
0.0086262324967858964
0.0083856433271920737
0.0081267319710431624
0.0078891152533890965
0.0077092774849482747
0.0076146672203900234
0.0076194284147741926
0.0077248237808224384
0.0079105995508834768
0.0081526073322568116
0.0084135813668424903
0.0086529480975931269
0.0088343234796903515
0.0086920447383867002
0.0057362292980056061
0.0065460671600900801
0.0068470967470235485
0.0076905431869646323
0.0086301838182693026
0.0095245902511044579
0.010680445403321795
0.01067439767709266
0.010719949120577036
0.010005023910581072
0.009805980711797866
0.0089628738397776967
0.0080209158315305926
0.0071250329480541377
0.0061011560388257455
0.0059672345423291044
0.0060105522916645646
0.006295034478655771
0.0069949505532432938
0.0078885667649352207
0.0088387576293665407
0.0097018520906444108
0.010347162277012935
0.010676322864625165
0.010638749047076766
0.010239679959782732
0.0095420438302130546
0.0086503353641299591
0.0077019603647415415
0.0068394439183331532
0.006194295326569981
0.0058650098052114861
0.0031148522696645901
0.004037901164179826
0.0051559624112127679
0.0069388053976708018
0.0089300700342431795
0.011347487097949995
0.012417545875375201
0.013282794923214422
0.013394050550115718
0.012737952305139705
0.011402176498946121
0.0092600100192090883
0.0077198347062023579
0.0058168012233128343
0.0040858606372330269
0.0033410064290769967
0.0033064349275341177
0.004072972686271578
0.0055553479866503157
0.0074485414071032204
0.0094635587172189669
0.011295241436644884
0.012666062518659578
0.013368249873732281
0.013293946733882185
0.012453145667170838
0.0109780233169574
0.0090892740131575753
0.0070756190236521991
0.0052410372229766619
0.0038653618113093876
0.0031594837222311081
0.0012308645799132445
0.0022479833296708673
0.0039454657853556403
0.0063976886383202
0.0096176082724843282
0.011892871680991375
0.01394033667452846
0.015136585685794105
0.015296704971308998
0.014394997901954113
0.01257025769584565
0.0097504991720924628
0.0075105543909828685
0.004888807021601483
0.0026486668441415202
0.0014659969965299816
0.0013838348167217256
0.0024860992539988331
0.0045268297837195368
0.0071326254191739925
0.0099062533225077881
0.012427748199631886
0.014315156292200848
0.015283442856147906
0.015183894157212142
0.014029692635671645
0.01200184371068836
0.009403690615786402
0.0066307394721016157
0.0041018956797734879
0.0022031544192301494
0.0012264221562468542
0.00037744729925792339
0.0014541118518152673
0.0034027687763386353
0.0061508437785024678
0.0097175013635518569
0.012311948794789125
0.01461005616773268
0.015955434996355843
0.016140125561258569
0.015134315750794162
0.013093357530543207
0.010327232748601846
0.0070322664787532295
0.0044834434462162542
0.0020109167384806804
0.00063194047203178193
0.0005399064295438478
0.0017788121670604287
0.0040673862210733654
0.0069893981851918896
0.010099713219782014
0.012927576993700311
0.01504470791646783
0.016132174724541853
0.016022543376996011
0.014730398589950513
0.012458383406748205
0.0095461040118331869
0.0064362418876371483
0.0035984944509986146
0.0014658636780578097
0.00036667863156427739
0.00076927101661374681
0.0019311431416689099
0.0040864961722904261
0.0068799117550237647
0.0098857768337990651
0.012649906491122834
0.014751974113166026
0.015877360543138277
0.015850907973567235
0.014675155803993473
0.012533640469234445
0.0097485964244614174
0.0067419764193524453
0.0039691517490361627
0.0018526872960343015
0.00073071929519882221
0.00081340633847500174
0.0022262864358385151
0.0037465726504989131
0.0061445245420582396
0.0091065200853613516
0.011953159334035341
0.014253431729240677
0.015660937215405936
0.015959813999224203
0.015102475874970529
0.013223548407799478
0.010607620569245762
0.0076483082968442093
0.0044804997191305526
0.0016502420180489307
0.00068870976107208548
0.0018171464014665813
0.0028170213207497222
0.004675754083998329
0.0070847622533757905
0.0096768258546438557
0.012060081655096217
0.013871966897694975
0.014840558395302869
0.014815311598538248
0.013798620394852181
0.011949632476005693
0.0095465273461430421
0.006954016588182615
0.0045645090538666095
0.0027420888761965313
0.0017664003637181856
0.0018528570375814046
0.0031401627749143009
0.0042848727767562794
0.0065330875049055366
0.0090892661691869166
0.011533271607238986
0.013496260575915542
0.01468188521237246
0.014908082030987138
0.014138492032024575
0.01249344024230022
0.010222862694032752
0.0076684944321219993
0.0050471573163880261
0.0025133633050357911
0.0017449287213748819
0.0038766264245296907
0.0045395313428725683
0.0058192396629790383
0.0074772742793711025
0.0092607356404682695
0.010900122354229273
0.012145941931434198
0.01281058343660944
0.012790544981678836
0.012087804247398783
0.010813062590808288
0.0091577587034060558
0.0073740308702092789
0.0057312900529352265
0.0044797011965164654
0.0037596406793056051
0.0038774914296223987
0.0049182595454193455
0.0062466615864323971
0.0067380458638562346
0.008963698590729199
0.010633928066637535
0.01196061369204034
0.012743643760493712
0.012862501969443935
0.012297400755241949
0.011136665322319186
0.0095573173112414225
0.0077968618426308743
0.0061334507824174333
0.004199242561317252
0.0038030636292955312
0.0066293637371248812
0.0068327437826994847
0.0073403802839545574
0.0079963484707527357
0.0086999117091361086
0.0093454722015229377
0.0098349203353079676
0.010094237324362019
0.010082838034129307
0.009801851064099483
0.0092961123593127918
0.008641201821832898
0.0079374103209586891
0.0072899718199581224
0.0067976650279653397
0.0064026965212542041
0.0065747055476671349
0.0068779678913243082
0.0082184086050028464
0.0073345999813636308
0.0087501330204310408
0.0093915595006949688
0.009879262063051588
0.010139331998440658
0.010132134496616712
0.0098575651480407433
0.0093582815463973991
0.008711291928732913
0.0085195637864430313
0.0070435123749393747
0.0064476548081203013
0.0065448446413614268
0.0096561427629578717
0.0093475696870188533
0.0090077629632898341
0.0085628877740277169
0.0080795767773800802
0.0076321048997507641
0.0072890256727362107
0.0071030569696049995
0.0071021261331899541
0.0072864637344921112
0.0076282254624560073
0.0080744544569238234
0.0085574949356421095
0.009002655774672106
0.0093424658072973499
0.0092927045238115694
0.009533291732740902
0.0093372688237313827
0.0095099213581415973
0.0089137799314199014
0.0080581521109269819
0.0074232729259153729
0.007566965499370938
0.0072631277897312781
0.0071306438113968099
0.0071886489082762283
0.0074281330161035152
0.008372239876816092
0.0083347284126663625
0.0086107706339811942
0.0093840590018996594
0.0095527986992549555
0.012498204480419311
0.011702869425584579
0.010569346218811657
0.0090924403917044972
0.0074953759083771386
0.0060213291233968897
0.0048955113030421851
0.0042909885628777929
0.004300856606276565
0.0049237079960874177
0.0060633167279922533
0.0075444601751224341
0.0091413728995269929
0.010610581531033541
0.01172933149527905
0.011993026400101683
0.012306081695323622
0.011642836945538141
0.010472671381616071
0.0094773221400110026
0.0073401243096564974
0.0061392047606943058
0.0049179012657860552
0.0043554161539129674
0.004406375812629911
0.0050642826787549592
0.0062262536482905907
0.0074567953315723299
0.0088620453245889536
0.010739713978800317
0.011820004575618799
0.012370630624320688
0.014473510075760872
0.013704494134235704
0.011787952371622869
0.0095043223850691354
0.0070362916927508672
0.0047588221833448118
0.003019638595444124
0.0020869714148312015
0.0021060450681125342
0.0030741164620825584
0.0048401993199550016
0.0071321058389550293
0.0096000978109947455
0.011868912721878436
0.01359510766119592
0.0140928889768868
0.014471456249890919
0.013441220924129093
0.011631743096414595
0.0093176310412524648
0.0068495935191938574
0.0046037930783182036
0.0029226420845665513
0.0021649312553492141
0.0022197931784862807
0.0031167134958491102
0.0050300769349572423
0.0073530737499167787
0.0098201579555167503
0.012056802177406184
0.013724503714226802
0.014572384801281021
0.015705793749604045
0.014465402567071101
0.012290250520683096
0.0095102005917354366
0.0067420928860299567
0.0040383435570485416
0.0019501732319251717
0.00083066697535727518
0.00085593502474517753
0.0020225991771230449
0.0041467867659194559
0.0067732124519768759
0.010122126958301322
0.012807014021756871
0.014808804149546493
0.015825093272830833
0.015705115443483623
0.014465218048055796
0.012290165783693536
0.0095101088046201463
0.0065466325716819554
0.0038500104775880629
0.0018312254346231711
0.00080137532051374283
0.00092253322619857182
0.0021778952377453451
0.0043701277035608915
0.0071607304185632983
0.010123335803076399
0.012808578479697982
0.014809983383823137
0.015826185772717535
0.015814662102874393
0.014554899241666175
0.012346487103151565
0.0095247323887505814
0.0065173726751973343
0.0037811444831639574
0.0017331189688911505
0.00068888884992783159
0.00081332162037383866
0.0020885487681898268
0.0043140073720187664
0.0071462373635117395
0.010152821597108104
0.012877766725972396
0.014908387556028942
0.015938769730175242
0.015815168001916576
0.014554642462897626
0.012648282155218363
0.0097518674083133805
0.006743812664934251
0.0039697495790510578
0.0018525665286877795
0.00071850088675547781
0.00074644059689603359
0.0019326587264551216
0.0040900883736997504
0.006885945638308846
0.0098936106065613365
0.012656859061883732
0.014313106941704623
0.015937995957635266
0.014782829319548909
0.013695785743540979
0.011790932654147329
0.0093575089368915284
0.0067641569942420449
0.0044059308863319052
0.0026422661411675801
0.0017448152637047785
0.0018535809590278624
0.0029529438398093037
0.0048712325958743183
0.0073134907831399814
0.0099056880487832875
0.012254753798027585
0.014004706132336894
0.014892179342178149
0.015094873724637864
0.013798538314275318
0.011950668086319824
0.0095484503969945501
0.0069552301667702163
0.0045649401983406755
0.0027422562910912824
0.0017681216423877572
0.0017946271429420792
0.0028176423784640305
0.0046776582725214328
0.0070881092343550054
0.0096811517537148534
0.01206272819159033
0.01387243610355385
0.014334246752331378
0.012771935443507727
0.012022697978547253
0.010710686413488933
0.0095354824492854696
0.0072017412781877474
0.0055946817638479569
0.0038105328467592384
0.0041552209953927954
0.0037599897474473306
0.005149159222311228
0.0060460383961724274
0.0077344534564626807
0.0089904145617767453
0.011036225250094425
0.012239329708155094
0.012848952546001735
0.013050546734107204
0.012086606299595118
0.010812979470656634
0.0091588926557247836
0.0073745575052435149
0.0057316085861548226
0.0044807739382147719
0.0038144154914816525
0.003835215946790654
0.0045399430200114242
0.005819801826015855
0.0074781834300794809
0.0092622384566271969
0.010900361576867964
0.012144172621503952
0.012353985433124595
0.010083104343084064
0.0097866660931258589
0.0098006814094962185
0.0085990645567340148
0.0075163787398392504
0.0073706932983912373
0.0068820290936570097
0.006621024601600101
0.0066295280798402247
0.0069043566832797708
0.0074037166077097569
0.0080529209939195056
0.008815554466910857
0.0089496329153675551
0.009878421719624669
0.010116628822530636
0.0103073489584151
0.0097997962784207564
0.0092948791787376365
0.0086411924119041347
0.0079371065380921344
0.0072905010713455558
0.0068000889030029573
0.0065413356358960473
0.0065532486989406781
0.0068340647553207659
0.0073410188844934415
0.0079961698366645319
0.0086999297829556486
0.0093444299434759081
0.0098320061029093138
0.009718608340892998
0.0071247230136046247
0.0073274736561118785
0.0081359730281455357
0.0077418784382239456
0.0082837462910224854
0.0087693293610092097
0.0091954336929378697
0.0094978692267387119
0.009630767975300835
0.0095723725385834738
0.0093327765218853345
0.0089499419979468271
0.0086651254948411135
0.0073615264810070052
0.0069226116548789405
0.0071088779304543433
0.0072809258361392843
0.007285085795034547
0.0076276162865246541
0.0080747715556764871
0.0085575086613683092
0.0090039326958599036
0.0093460946632312643
0.0095326497900885838
0.0095340515092622435
0.0093496094450995961
0.009008955292936419
0.0085629199897130949
0.0080798466968753715
0.0076318354677590841
0.0072873858031251969
0.0068285997227520148
0.0043440585134741421
0.0053164543620798296
0.0064731007994119644
0.0068855929938676178
0.0085686998604502206
0.010107125563511557
0.01138158326064543
0.012200169308173286
0.012437215065820332
0.012054988419873619
0.011114210113071954
0.0097589499269306705
0.0081920673620757521
0.0063099775670174474
0.0046022275895210357
0.0042815743315915032
0.0044294849513185188
0.0049232233028614824
0.0060629790609016921
0.0075439212922786027
0.0091400681473636624
0.010610549280302068
0.0117314898609212
0.012334412128236933
0.012325215744778842
0.011704379665683358
0.010569605645512419
0.0090913218314989386
0.0074948630734216386
0.0060212780108043354
0.0048951452506298459
0.0041207815163710731
0.0021646316719521027
0.0034060921175274885
0.0046066204928896029
0.0063973799907754226
0.0088249157044810334
0.011181472468924029
0.013109546565599463
0.01431879808048913
0.014623748666651072
0.013976171104910439
0.012478022029506606
0.010357265661596426
0.0079326473322157125
0.0051653284258472206
0.0027831379539356247
0.0020653416263663477
0.0021873348457808004
0.0030738989560836834
0.004839026984170651
0.0071295202748251569
0.0095962862023116231
0.011866599064871702
0.013594993376515648
0.014522292295156728
0.014504236007457948
0.013542248568167383
0.011786765585292888
0.0095020160558335707
0.0070346307976154251
0.0047582175114162118
0.0030196976547683875
0.002007641706378275
0.00092275416143792392
0.0023195779665738593
0.0038595342229440742
0.0060968572985127534
0.0090138986839026509
0.011829703193761055
0.014117670333028772
0.015533444456849673
0.015859931844369755
0.015045442678539011
0.013218040273130066
0.010654785959365188
0.0077411389765380942
0.0045220779409804431
0.0017451010774699857
0.00080148115297310276
0.00089954475591967295
0.0020215017044356081
0.0041439395800090739
0.0068956951790557913
0.0098575470200728821
0.012581983683490207
0.014654716520689906
0.015765577308765284
0.015741635324100278
0.014585085392729928
0.012476410476263113
0.0097329402089388513
0.0067702763909858205
0.0040371629617496308
0.001950110320846452
0.00081536532536612605
0.00081340632756781394
0.0022262864412677091
0.0037465726267964261
0.0061445245624021693
0.0091065200999428594
0.011953159335596325
0.01425343151018112
0.015660937288837676
0.015959814048739206
0.01510247587263468
0.013223548414094429
0.010607620605397154
0.0076483083283187796
0.0044804997591900006
0.0016502420056033434
0.00068870975450809231
0.00076927102297341069
0.001931143153030669
0.0040864962008169614
0.006879911756738394
0.0098857768840405341
0.01264990648336249
0.014751974095356989
0.015877360535966323
0.015850907972780135
0.014675155780398488
0.012533640455180286
0.0097485964197018965
0.0067419764053343947
0.0039691517368817941
0.0018526872884974718
0.00073071928948321703
0.0018528570314954821
0.0031401627606991583
0.0042848727713357768
0.00653308753118448
0.009088786585963014
0.011533271617933001
0.01349626051339344
0.014681885136534482
0.014908082033208326
0.014138492018853038
0.012493440231663414
0.010222862699018603
0.0076684944305005377
0.0050471573508578593
0.0025133632970334658
0.0017449287114397151
0.0018171464099887402
0.0028170213334265709
0.0046757540946519007
0.007084762254165035
0.0096768258518342091
0.012060081645126095
0.013871966811236461
0.014840558363948465
0.014815311593024467
0.013798620383163554
0.011949632458418045
0.0095465273560472672
0.0069540165796987156
0.0045645090497533954
0.0027420888695981896
0.0017664003580651587
0.0038774914442008951
0.0049182595389630117
0.0062466614691019939
0.0067380458574872442
0.0089636985914284765
0.010633928057614013
0.011960613662282989
0.01274364376524346
0.012862501980791179
0.012297400749183292
0.01113666530839753
0.0095573172825850206
0.0077968618273055639
0.006133450684974691
0.0041992425558445906
0.0038030636199533128
0.0038766264352744491
0.0045395815388996948
0.0058192396735949432
0.0074772742837116175
0.0092607356386254676
0.010900122347316792
0.012145941920116067
0.012810583426762917
0.012790544847840306
0.012087804243507264
0.01081306257441543
0.0091577586685811525
0.007374030884654977
0.0057312900621041673
0.0044797012081504309
0.003759640692410777
0.0065747055582766707
0.0068779678894276847
0.0082184085909269931
0.0073345999633877522
0.008750133003901428
0.0093915594666635713
0.009879262050196156
0.010139331984506209
0.010132134466189765
0.0098575651505308365
0.0093582815399356999
0.0087112919019883758
0.008519563782192232
0.0070435123678031977
0.0064476548180004145
0.0065448446483078364
0.0066293637384932632
0.0068327437865154193
0.0073403802850835493
0.0079963484723060071
0.0086999117111768044
0.0093454722023235872
0.0098349203329066506
0.01009423732225451
0.010082838092350038
0.009801851071224145
0.0092961123334630944
0.0086412017650775007
0.007937410319864625
0.0072899718447805555
0.0067976650318825795
0.0064026964927991845
0.009533291738012574
0.009337268828337306
0.0095099213490929795
0.0089137930443830456
0.0080581520760070399
0.0074232728940773979
0.0075669654949249579
0.0072631277822580694
0.0071306438194866911
0.0071886489128037126
0.0074281330119634727
0.0083722398704022
0.0083347285290685282
0.0086107706317953732
0.009384059007517969
0.0095527987169204461
0.0096561427638626931
0.0093475696769268757
0.0090077629555831498
0.0085628878433467864
0.0080795767792760029
0.0076321049208100166
0.0072890256741555528
0.0071030569861371615
0.0071021261446055656
0.0072864637410084187
0.0076282254469239473
0.0080744544647160053
0.0085574950059382638
0.0090026558408166819
0.0093424658047713705
0.0092927045221878127
0.011955395861103547
0.011641874743179393
0.010472671397821241
0.0094773221216519453
0.0073401242766052317
0.0061392047261502602
0.0049179012427825724
0.0043554161419983349
0.0044063758820225658
0.0050642826785224811
0.0062262536510555265
0.0074567953336966844
0.0088620453260180275
0.010739713979483739
0.011820004571966887
0.012370630642185153
0.01249820439944504
0.011702869415609728
0.010569346207459378
0.0090924403791603596
0.0074953759038015235
0.0060213291222792446
0.0048955113028091883
0.0042909885654742273
0.004300856609453744
0.0049237079904666248
0.0060633167085935823
0.0075444601941088403
0.0091413729826318405
0.010610581582365516
0.01172933150504513
0.012650057152474718
0.01447145621843377
0.013441220953861533
0.011631743109232229
0.0093176310400574589
0.0068495934772987285
0.004603793054753556
0.0029226420650150108
0.0021649312472696194
0.0022197931733960708
0.0031167134957168002
0.0050300769385256041
0.0073530737538401985
0.0098201579632102871
0.012056802181809876
0.013724503690211701
0.014572384812142302
0.014473510064738465
0.013704494118454197
0.011787952350856452
0.0095043223447419355
0.0070362916786796343
0.004758822181100129
0.0030196385952510432
0.0020869714161341557
0.0021060450680541408
0.0030741164493312476
0.0048401992898452094
0.0071321058362140317
0.0096000978538314432
0.011868912647321801
0.013595107619662188
0.014092888893873702
0.015705115453641012
0.014465218065788984
0.012290165796476243
0.009510108816701569
0.0065466325586028681
0.0038500104710822124
0.0018312254284073382
0.00080137531559512794
0.0009225332263300258
0.0021778952386430437
0.0043701277041957743
0.0071607303943928384
0.010123335815081676
0.012808578492788951
0.014809983393260995
0.01582618579089751
0.015705793745804979
0.014465402564283287
0.012290250495449212
0.0095102004805267901
0.0067420928617670673
0.0040383435552179903
0.0019501732814310589
0.0008306669695168522
0.00085593502401355129
0.0020225991862014643
0.0041467867610498043
0.0067732124510062131
0.010122127023769597
0.012807013986777525
0.014808804156010203
0.015825093256575634
0.015815167996807759
0.014554642449397061
0.012648282207113263
0.0097518674106064074
0.0067438126719822364
0.003969749581186845
0.0018525665278894274
0.0007185008846363394
0.00074644059535415889
0.0019326587254874751
0.0040900883750276517
0.0068859456764917689
0.0098936106169395851
0.012656859076550089
0.014312367645100152
0.015937995945577672
0.015814662114558051
0.014554899255665521
0.012346487135543278
0.0095247324724719359
0.0065173726919445802
0.003781144484030568
0.0017331189697111873
0.00068888885035445116
0.00081332161792062904
0.0020885487659487736
0.0043140073701617822
0.0071462373666424201
0.010152821603059629
0.012877766744586752
0.014908387565652286
0.015938769710131098
0.015094873725745727
0.013798513675709641
0.011950668089830743
0.0095484504042917893
0.0069552301742530536
0.0045649402182672081
0.0027422563049363255
0.0017681216399735764
0.0017946271412840852
0.002817642375537663
0.0046776464734473184
0.0070881092224634751
0.0096811517561744987
0.012062728209160496
0.013872436125315895
0.014334246759847489
0.014782829330274853
0.013695785755253568
0.011790932656891016
0.0093575089781299785
0.0067641570046818476
0.0044059309345275497
0.0026422661425144264
0.0017448152662918614
0.0018535809588343137
0.0029529437505804927
0.0048712325977705888
0.0073134907712827232
0.0099056880560045666
0.012254753809369119
0.014004706133483173
0.014892179351072274
0.013050546751325814
0.012086606249585442
0.010812979462943286
0.0091588926519665763
0.0073745575031444223
0.0057316085818824051
0.0044807726185660066
0.0038144154900183504
0.0038352159470193743
0.0045399430198623048
0.0058198110010561884
0.0074781834160933605
0.0092622384474745946
0.010900361572536184
0.012144172616397116
0.012353985430307272
0.012771935438013896
0.01202269799150271
0.010710686397796234
0.009535482477714248
0.0072017412726167324
0.0055946817771040476
0.003810532818986666
0.0041552209918889514
0.00375998973330434
0.0051491592340989923
0.0060460383978706332
0.0077344534535596981
0.0089904145310970122
0.011036225205894413
0.012239329701363511
0.012848952541540871
0.010307349012115295
0.0097997962911918427
0.0092948791822234558
0.0086411924726610655
0.007937106543267812
0.0072905010740439103
0.0068000888355469868
0.0065413356343980442
0.0065532486966157462
0.006834064758511357
0.0073410188855226443
0.0079961698326534714
0.0086999297710597372
0.009344429895752732
0.0098320060662095699
0.009718608290922191
0.010083104306616741
0.0097866661020264561
0.009800681394928604
0.0085990645856802959
0.0075163787311962041
0.0073706932688410781
0.0068820291289407908
0.0066210245495569925
0.0066295280587112745
0.0069043567098687753
0.0074037166148515302
0.0080529209886946278
0.0088155544971866857
0.0089496329148638278
0.009878421739482883
0.010116628847852659
0.0072809258098946944
0.0072850857912312517
0.0076276162976284655
0.0080747715615474194
0.0085575086621096155
0.0090039326956627419
0.0093460946630852179
0.0095326497921766774
0.0095340515103175764
0.0093496094512647999
0.0090089552961410448
0.0085629199837321986
0.0080798465526606966
0.0076318354349065171
0.0072873857583272694
0.0068285997025512076
0.0071247229799514351
0.0073274736551339342
0.0081359730192034196
0.0077418784534590305
0.008283746328030207
0.0087693293518324878
0.009195433680726969
0.0094978691231678847
0.0096307679630543222
0.0095723725092458425
0.0093327765256150351
0.0089499419917709547
0.0086651255418000814
0.0073615264847095938
0.0069226116644322691
0.0071088779406370539
0.0044294849579190306
0.0049232233062294307
0.0060629790321567803
0.007543921294432379
0.0091400681501823244
0.010610549280493034
0.011731489883158405
0.012334412127004783
0.012325215744663127
0.011704379671618904
0.010569605570402558
0.0090913996999734473
0.0074948630669796372
0.0060212780028961682
0.0048951452398819945
0.0041207814951237801
0.0043440584780746602
0.0053164543533840815
0.0064731008246389837
0.0068855929782555177
0.0085686998284928515
0.010107125595955845
0.011381583144546657
0.012200169155153474
0.012437215083965818
0.012054988461950234
0.011114210001906426
0.0097589499034507858
0.0081920673361088551
0.0063099775670000776
0.0046022275856571985
0.0042815743328764293
0.0021873348443532123
0.0030738989537220035
0.0048390269818129701
0.0071295202983894922
0.0095962862060992235
0.011866599054031566
0.013594993381869473
0.014522292294135822
0.014504236004657093
0.013542248573344864
0.01178676559779966
0.0095020161112359478
0.007034630808776662
0.0047582175124827944
0.0030196976460772464
0.0020076417056477951
0.0021646316714556734
0.0034060920848920243
0.0046066205314303733
0.0063973799994095533
0.0088249156597415088
0.011181472686162259
0.013109546338602625
0.014318797897080069
0.014623748707413441
0.013976171117696683
0.012478021970703454
0.010357265610464794
0.0079326472644346505
0.005165328439944902
0.0027831379550772983
0.0020653416411520824
0.00089954474905682726
0.0020215016968838
0.0041439396354387625
0.0068956951737500711
0.0098575470740755473
0.012581983691306741
0.014654716419243912
0.015765577313651705
0.015741635321431659
0.014585085398256443
0.012476410489108317
0.0097329402210108579
0.0067702764033975883
0.0040371629590320243
0.0019501103205048723
0.00081536531977267066
0.00092275416533234918
0.0023195779470143547
0.003859534295983044
0.0060968572916543541
0.0090138985797725158
0.011829703257824961
0.014117670226380091
0.015533444272535885
0.015859931822678426
0.015045442661122245
0.013218040087401453
0.010654785866977115
0.0077411389377422144
0.0045220778975831426
0.0017451010879627328
0.00080148115681891478
0.0034892888896672068
0.0038461120331886849
0.0054652675170088344
0.0076148625001760837
0.0099639175750745983
0.012158115958264474
0.013861275539134636
0.014819089295909658
0.014881793850515745
0.014038888482768637
0.012424247848741856
0.010280886898860841
0.0079339598486660723
0.0057390800578134612
0.004030646067538955
0.0030696573215141299
0.0030246064956952158
0.0040564180478622671
0.0056432161300359338
0.0074442744810565963
0.0095573455671880032
0.011657811910205785
0.013427410577791279
0.014597250743486246
0.014986661216837897
0.014535859093422273
0.013315142113628197
0.01151240273275154
0.0094001000568724197
0.0073004955671549738
0.0057120371745966953
0.0040873009515900527
0.0037700045073926977
0.0041627553996047943
0.0056909133063304659
0.0077145049399015807
0.0099222397485906385
0.011980940911735022
0.013576725464434225
0.014469600597784262
0.014522327194758418
0.013723918431969736
0.012202923417147965
0.010186595094279383
0.0079815869045570063
0.0059203658111231091
0.0043168763239887307
0.0034169397651604401
0.0036233298935819907
0.0040599709287479626
0.0061353211016221803
0.0079054147633930809
0.0099159260691424923
0.01185937866866117
0.013441969427278638
0.014423943506273209
0.014652423779124032
0.014092938006413657
0.012830866633437146
0.011059923088990066
0.009047769366397505
0.0071012143122270019
0.0060825911549871091
0.0043054627874535394
0.0048960285035436627
0.0052099381998437083
0.0064135873575583017
0.0080016879975370013
0.0097304972537800641
0.011339192264671914
0.012584202282484259
0.013276410668560074
0.013311837596122972
0.012680387283020868
0.011485566522276445
0.0099038368869956601
0.0081768801691256363
0.0065634933091760321
0.0053094510313249953
0.0046077544826043622
0.0048816827050307985
0.0048625729702046119
0.0071389524586194953
0.0086077334554471776
0.010209038379040216
0.011698876175200658
0.012852321154476489
0.013495520787004245
0.013526958636132028
0.012943427463957085
0.011832059718232311
0.010364017412742007
0.008760271082731648
0.0072655996977689834
0.0070667639920034856
0.0052295800132366498
0.0066923603299050586
0.0068244588961255378
0.0075193071604921485
0.0084299497205659532
0.0094166701544722339
0.010331213918603687
0.011036551996195956
0.011424051526535353
0.011437545685312925
0.011070335646152601
0.010383488406355649
0.0094768191589278267
0.0084903317738644971
0.0075704453057174733
0.0068573527649613813
0.0064610057877710556
0.0067887276150728412
0.0062556545520868426
0.0084997641263487925
0.0094438686619275104
0.010392969140215048
0.011203116702168798
0.011751796208190812
0.011957069465449442
0.011784829390317492
0.011265010163090278
0.010472431827263073
0.0095306996017448173
0.00857996420666568
0.0077656916782207321
0.0085118459004746346
0.0067159958353059995
0.0045551646609276811
0.0047134646712807008
0.0067528686831987064
0.0089350849369784196
0.0090303942684464445
0.0091129951483856809
0.0091718827585806698
0.0091967650711623043
0.0091860846751312415
0.0091382272271212945
0.0090633914128442419
0.0089695011634195066
0.0088731757820455278
0.0087864784111417009
0.0087228957503650544
0.010200624084628445
0.010418556089405581
0.0093297301293919256
0.0081601503738426701
0.010285984112026731
0.010440228952283677
0.01044826430302993
0.010309239067124106
0.010044536187208778
0.0096944124184212294
0.0093165506864141389
0.0089630162010886829
0.0086900866743909941
0.0085364141081844796
0.0085263226439531384
0.005159150243960086
0.004431212616898399
0.0076091709449288419
0.0077043349564111831
0.0077064535764850266
0.007447627050851854
0.0086329586039572848
0.0078711716114682993
0.0072742854128177775
0.0069323752610085986
0.0068984725935437299
0.0071767977347639011
0.0077256970489767282
0.0084595261547301629
0.0092683583429823014
0.011139971318508456
0.011868853432217606
0.012998186476333586
0.012663887201878977
0.012601388155157918
0.0099245525595365574
0.0090666617622657316
0.01034526765348197
0.009550258247642265
0.0087445483450071769
0.0080504044289495102
0.0075745866493375736
0.0073960819082671469
0.0075356250625958233
0.0079729159498510057
0.0086389082059406975
0.0070833414185631554
0.0082417601631035644
0.0072630357095276217
0.010553370777793294
0.010247363552079235
0.0099874140880423408
0.0090790440685788645
0.0082842734601014656
0.0067936561706175066
0.0056307071080584723
0.0049728622793775113
0.0049204366584517595
0.0054824563640120559
0.0065730555802888755
0.0080242010846497021
0.0096158043406841757
0.011875171604979072
0.013345934080191304
0.014273363334638642
0.01447407637299551
0.013582792821539864
0.011466498443350638
0.0093686757303582217
0.007925566952226416
0.0067186466381212026
0.0062681980431286014
0.0062783875935307296
0.0057488466657521792
0.0066231097158916544
0.0081141834574002744
0.009577176324039479
0.0078297932208272469
0.010565303726992992
0.010237481334099657
0.010543319092748684
0.013362536031849353
0.012643349295316129
0.011602163195999516
0.010212136579833454
0.008038969389193679
0.0060451606331870496
0.0044915759271802313
0.0036158419433045112
0.0035532494249383251
0.0043144597972802415
0.0057818845988036049
0.0077299348846371812
0.0098623401144498427
0.012147911041862509
0.013862380840003024
0.014364267417040317
0.014631116245677821
0.013439421268510294
0.011464637581006083
0.009186252370556279
0.0071155612557842682
0.0053937187015888743
0.004278362805734264
0.0040234199581508012
0.0045791304783876956
0.0058684753061457708
0.0076891840411019543
0.0092312207732195804
0.011222007085183812
0.012426941547956948
0.013189559100199779
0.0133932587336031
0.015206812870228044
0.013894115998740859
0.011908796693489654
0.0095583190495718909
0.0069263392900010155
0.0049784052381921127
0.0036652371108897726
0.0031879604483409725
0.0036224854927849504
0.0049069563111961787
0.0068404797034354176
0.0091286590182902069
0.011416749932594764
0.013145967128251912
0.014072893752828492
0.014409535068038782
0.014405556910930279
0.013505300843730451
0.01237599948258686
0.010276477946837389
0.0079290957834508777
0.0057363133801383035
0.0040293938229536428
0.0030695424313106484
0.0030063149057661127
0.0038517626928314458
0.0054743218950007279
0.0076237026281044343
0.010341781082603075
0.01259682537815099
0.014348527626277058
0.014873052558491508
0.016533531886215248
0.015770526952065995
0.012396916413492878
0.0095412424380720701
0.0087936426650329115
0.0071199505839710329
0.0055321118047666189
0.0045438704363822561
0.0043112104342203153
0.0048753428955812753
0.0061404647974888016
0.0079161891588240222
0.011065498982221436
0.012541058689392454
0.012557310937498515
0.013028173995566879
0.013109840221292697
0.012630949803352236
0.011811236495237054
0.010181586080594369
0.0079762337136333687
0.0059177517860063162
0.0043172546070223009
0.0034208186992121955
0.0033673325122223884
0.0041674003084681416
0.0056962557798015852
0.0077179013929330248
0.011107204693845832
0.013350213791720876
0.015458965148168828
0.016133505970098088
0.016207908227599464
0.016052342739146703
0.013439130070632155
0.011285566355436063
0.0087653911043666689
0.0072693157642821759
0.006108465734673745
0.0054604359161357259
0.0054276263598795329
0.0060176933864375054
0.0071345330900529818
0.0086099514162051929
0.010215351147127556
0.012181039762830352
0.011875415668801759
0.011301502151339722
0.011911076564003741
0.011974808586818752
0.011485575791260519
0.0099021742566799409
0.0081733049366750909
0.0065616682162567474
0.0053116479466450766
0.0046156888522257064
0.004580735330409552
0.0052133264379171261
0.0064149803403785073
0.0080005113310510217
0.010869415026978409
0.013480807507595796
0.015626274799365909
0.016805498482866839
0.016068928926149396
0.015126980996696897
0.01240801267320636
0.011544027459973112
0.0085805103817408867
0.0077624903758973518
0.0072056230786822911
0.0069949067508372886
0.0071651763785593355
0.0076911891633749032
0.0084880906432478666
0.0094386555025092606
0.010394259315322436
0.011211287886534273
0.011600792010112842
0.01131952325040125
0.011917158463083321
0.011075464108486772
0.010385302191862018
0.0094769750234100277
0.0084875587990771682
0.0075683898473950604
0.0068592024594319578
0.0064690509514947186
0.0064577415706111559
0.0068267040510218788
0.0075191292060085091
0.0084280001283453861
0.010902667888056841
0.013021347232909994
0.014803911356625401
0.01585350019353915
0.012769226215273271
0.0094647614904712039
0.0089780818343082065
0.0086953016791895335
0.0085353265423180301
0.0085212478828639946
0.0086531616972301672
0.0089113108771885809
0.0092564529590418911
0.0096378115719041504
0.0099942126117381191
0.010275767620110834
0.010436567472001449
0.010452638317990167
0.010011812258642007
0.009261264207879049
0.0097298049270686596
0.0091434157331158165
0.0090671269077100235
0.0089726388439260469
0.0088732667938384215
0.0087860213038498548
0.0087245209715271013
0.0086983349007800463
0.0087117549316559854
0.0087609562384300208
0.0088399438589677679
0.008934782192989205
0.0090329438803370184
0.0091182978860054852
0.011021090717668462
0.012852515731154826
0.0069410248991791284
0.0075860318513848819
0.0075452438579207588
0.0079740852439371557
0.0086357805966256022
0.0094277138461395411
0.010227958956086034
0.010914833801009632
0.011382481405898424
0.011560811259504797
0.01142230763241318
0.01099191633052949
0.01033303974605719
0.0095456011359769666
0.0083463743484381431
0.0074412434952956822
0.0074750620906432952
0.0071791958598746959
0.0077283246173989783
0.008462687332924981
0.0092693304048350432
0.010028058311921814
0.010623199658495832
0.010965005526199135
0.011000751336476825
0.010722460733086013
0.010176581932207782
0.0094435932561072067
0.0086364850312737641
0.0078764258148232499
0.0072793885479977977
0.0069359987586984631
0.0049998513287605462
0.0058803395392872061
0.0064067151836285988
0.007482083407770527
0.0088652440701814349
0.010342494414932207
0.011688886744899211
0.012699238087403338
0.013217941106083474
0.013166678843306062
0.012554462641837443
0.011477416001385885
0.010098632635070716
0.0086267616046338362
0.0069395590324016574
0.0057862394959201854
0.0054964959139992544
0.0054815200467318841
0.0065720421610144224
0.0080239758732679536
0.009614389078143817
0.011104272365509791
0.012265455262003368
0.012923832353584339
0.012976703002236632
0.01241423113510005
0.011326982503539357
0.009878035590535789
0.0082880458393369463
0.0067974023265679057
0.0056335629454247428
0.0049735976354337965
0.0036885547168422888
0.0046108136203582197
0.0057386394179592716
0.0072959143665178063
0.0091887175170204845
0.011125455792774807
0.012811728505830421
0.013991418620809793
0.014482477635310641
0.014209964513962395
0.01321758261605337
0.011658583703209512
0.0097693236733147892
0.0078367701239420683
0.0060134954259028657
0.0046079370362875688
0.0040963126990610195
0.0043100027290836314
0.0057752787855404209
0.0077239872937330239
0.0098560023921949128
0.011850186837121836
0.013400579409473038
0.014275911776336197
0.014338603140681309
0.013578523263522563
0.012116306089978008
0.010172337261561866
0.008041540304144907
0.0060471113671610325
0.0044931336277758737
0.0036163740640593823
0.0030246064866072671
0.004056418096709747
0.005643216036757462
0.0074442745388462496
0.0095573456265952862
0.011657811935950436
0.013427410483862687
0.014597250691511703
0.014986661241786452
0.014535859018661303
0.013315142102239977
0.011512402895994025
0.0094001003379245631
0.0073004957461068479
0.0057120372245667416
0.0040873009309957834
0.0034892889136267555
0.0038461120521888037
0.0054652675434161526
0.0076148625035592256
0.0099639175805341235
0.012158115957515049
0.013861275516566357
0.014819089288587071
0.014881793843831596
0.014038888474251504
0.012424247836393376
0.010280886906916403
0.0079339598484693009
0.0057390800243409031
0.004030646042697276
0.0030696573093398089
0.0036233298994426451
0.0040599709213660238
0.0061353210712185337
0.0079054147744434013
0.0099159260420639463
0.01185937869761205
0.013441969287332723
0.014423943559463219
0.014652423815905719
0.014092938001181858
0.012830866627291673
0.011059923072929497
0.009047769533384032
0.0071012143722415273
0.0060825911730251203
0.0043054627615683105
0.003770004511513846
0.0041627554056761955
0.0056909133276209674
0.0077145049403527658
0.0099222397507981262
0.011980940908805719
0.013576725515691265
0.01446960057988537
0.01452232710494151
0.013723918420784405
0.012202923361729991
0.010186595066837934
0.007981586893694069
0.0059203658050008216
0.0043168763290873987
0.0034169397681231605
0.0048816827880402329
0.0048625729882186943
0.0071389524541951672
0.0086077334649902366
0.010209038318806535
0.011698876235583112
0.012852321027696173
0.013495554358500302
0.013526958686336797
0.012943427484603358
0.011832059706375448
0.010364017380743242
0.0087602710700485
0.0072655025545647631
0.0070667639635015409
0.00522958001619378
0.0048960285127368332
0.0052099381997252761
0.0064135873667553822
0.0080016879736921395
0.0097304972208072816
0.011339192271716087
0.012584202245340206
0.013276410644885713
0.013311837570068333
0.012680387280022526
0.01148556651456031
0.0099038368748170132
0.0081768801712362622
0.0065634933244024278
0.0053094510911138506
0.0046077545569428585
0.0067887277019207173
0.0062556545405076979
0.0084997641496395663
0.009443868624088813
0.010392969052898094
0.011203116632161891
0.011751796122648974
0.011957069439576137
0.011784829400372378
0.011265010163345107
0.010472431680543988
0.0095306995811469588
0.0085799642212267668
0.0077656916737888614
0.0085118458778560575
0.0067159958699337281
0.0066923603290866326
0.0068244588928571452
0.0075193071528791662
0.0084299497089255007
0.0094166701543542397
0.010331213923000565
0.011036552002869579
0.011424051522308919
0.01143754568581712
0.011070335655574779
0.010383488433815372
0.0094768191425222848
0.0084903317463253369
0.0075704453190130524
0.0068573528036277136
0.0064610058671675684
0.010418556092781367
0.0093297301900323593
0.0081601503402228409
0.010285983843931279
0.010440228821729049
0.01044826423581877
0.01030923906087442
0.010044536344848415
0.009694412419567788
0.0093165506823477372
0.0089630161688039924
0.0086900866193111905
0.0085364142593604975
0.0085263226316158094
0.0051591502408549379
0.0044312126332478382
0.0045551646498430843
0.0047134646505671077
0.0067528686619568378
0.0089350849205762969
0.0090303942761710797
0.0091129951405546864
0.0091718828017971106
0.0091967650856397427
0.0091860846909548443
0.0091382272393276155
0.009063391389206768
0.0089695011700132114
0.0088731758017953893
0.0087864784392241435
0.0087222319676253605
0.010200624093594946
0.012663887145027947
0.012601388233044465
0.0099245525568382124
0.0090666615974350304
0.010345267468733443
0.0095502584530945383
0.0087445483205571307
0.0080504044134755478
0.007574586606413883
0.0073960819450287129
0.0075356250781526734
0.0079729159503239954
0.0086389081969163641
0.0070833414058118155
0.0082417601457707296
0.0072630357119669751
0.0076091709328086768
0.0077043349403185715
0.0077064535684795606
0.0074476270246236764
0.0086329585856673059
0.0078711716039238933
0.007274285416348043
0.0069323752726094161
0.0068984725773166798
0.007176797726161587
0.0077256970280409742
0.0084595261508961257
0.009268358376237771
0.011139971284997907
0.011868853386524585
0.012998186291865575
0.014474076374944781
0.013582792865172265
0.011466498456716092
0.0093686755939370817
0.0079255667667591182
0.006718646549729701
0.0062681980645141952
0.0062783876069373743
0.0057488466709640423
0.0066231097214047097
0.0081141834479586065
0.0095771763206042981
0.0078297932057862108
0.010565303671002576
0.01023748131686677
0.010543319366530138
0.010553370783678993
0.010247363557728302
0.0099874140338558678
0.0090790440118636989
0.0082842734087963943
0.006793656161790073
0.0056307070737170095
0.0049728622840152547
0.0049204366598941352
0.0054824563455241355
0.0065730555675646944
0.0080242010825165317
0.0096158043541703861
0.011875171562728413
0.0133459341080515
0.014273363273643086
0.014631116290413297
0.0134394212721762
0.011464637571502947
0.00918625235500687
0.0071155612093270907
0.005393718647932152
0.0042783628199052556
0.0040234199776617114
0.0045791304955406639
0.0058684753159630541
0.0076891840353461279
0.0092312207887046884
0.011222007068794665
0.012426941537167132
0.013189559096360383
0.013393258731185114
0.013362536012782275
0.01264334931226159
0.011602163110596069
0.010507752232142306
0.0080389693095032477
0.0060451606213172918
0.0044915759687520814
0.0036158419446178174
0.0035532494274614448
0.0043144597921497283
0.0057818845911363301
0.0077299348809002077
0.0098623401156611654
0.012147911094912518
0.013862380852605119
0.014364267413498041
0.014405556929365983
0.013505300857715265
0.012375999458305521
0.010276477979536135
0.007929095778819251
0.0057363133461278354
0.0040293937996014086
0.0030695424240274019
0.0030063149106272528
0.0038517626917747359
0.0054743218950080623
0.0076237026246154397
0.010341781050076543
0.012596825363913208
0.014348527591701179
0.014873052568177683
0.01520681288402898
0.013894116012804391
0.011908796774642629
0.010017509261259296
0.0069263393533390274
0.0049784052418561289
0.0036652371107195048
0.0031879604486014022
0.0036224854878103316
0.0049069563063896702
0.0068404796970215854
0.0091279056967459703
0.011416749926447266
0.013145967170173306
0.014072893815558585
0.014409535124631129
0.01310984036908127
0.012630949841923736
0.011811236580565335
0.010181586197226485
0.0079762337969803525
0.0059177518318104805
0.0043172546106564963
0.0034208186928756873
0.0033673325058103378
0.0041674003060421802
0.0056962558573551174
0.007717901400825183
0.011107204700387254
0.013350213810519018
0.015458965174141786
0.016133727125639857
0.016533501773517617
0.015770526951776147
0.012396916419535362
0.0095412425570015544
0.0087936427223652292
0.0071199505761408701
0.0055321118076230536
0.0045438704390919054
0.0043112104261397955
0.0048753428380581085
0.006140464809136493
0.0079161891627065224
0.011065498976031816
0.012541058832979556
0.012557879498927015
0.01302817394997244
0.011911076591892321
0.01197480863578905
0.01148557585893295
0.0099021744429413552
0.0081733049968224832
0.0065616682442419692
0.0053116479504047125
0.0046156888478029534
0.0045807353259882172
0.0052133264368901325
0.0064149803446734805
0.0080005112896623775
0.010869415070703433
0.013480807574757088
0.015626274831903895
0.016805498494382835
0.016207908220253524
0.016052342704505011
0.013439130076740713
0.011285566393415256
0.0087653911662305111
0.0072693157622293709
0.0061084713565002025
0.0054604359122871595
0.005427626359819358
0.0060176934096583872
0.0071345331126998167
0.0086099514420461386
0.010215351189297176
0.012181039713405062
0.011875415636150247
0.011301502050817341
0.011917158529097405
0.011075464132938811
0.010385302263588032
0.0094769750719403689
0.0084875588418385634
0.0075683898886285891
0.0068592024802692254
0.0064690509557977297
0.0064577415710740564
0.0068267040558066452
0.0075191292068672042
0.0084280001617963729
0.010902667898698976
0.013021347278002492
0.014803911386660094
0.01585350024016256
0.016068746661079221
0.015126980979972338
0.012408012732688614
0.011544027399460059
0.0085805105065248025
0.0077624903475320105
0.0072056231150353445
0.0069950109650377696
0.0071651763747380449
0.0076911890732323926
0.0084880906568066631
0.00943865550628426
0.010394259346365496
0.011211287897984016
0.011600791878631963
0.01131952321354635
0.0097296017167235547
0.009143415708401003
0.0090671269421040944
0.0089726388473333855
0.008873266787942341
0.0087860213052338796
0.0087245209751952244
0.0086983348996921891
0.0087117549389589006
0.0087609562527223399
0.0088399438353288229
0.0089347821760302013
0.0090329437456987943
0.0091182978507592504
0.011021090772485405
0.012852515809266774
0.012769226132475196
0.009464761472069776
0.0089780819242103321
0.0086953017003859497
0.0085353266299655894
0.0085212479140883077
0.0086531615813743405
0.0089113105734363214
0.0092564530886903272
0.0096378116075693
0.0099942126086535934
0.010275767449301487
0.010436567511675638
0.010452638398879345
0.010011812173964371
0.0092612641262472869
0.0074750620314418927
0.0071791957996422875
0.0077283246408177894
0.0084626873324341045
0.0092693304017231071
0.010028058316496431
0.010623199667993709
0.010965005547796591
0.011000751384424613
0.010722460774820976
0.010176582028640888
0.0094435932570002355
0.0086364850110093108
0.0078764257598637928
0.0072793884885064492
0.0069359987058547311
0.0069410248637333596
0.0075860317862553126
0.0075452439395221078
0.0079740852866725682
0.0086357806125247471
0.0094277139808593494
0.010227958781671003
0.010914833618683208
0.011382481862819817
0.011560811326107553
0.011422284675984882
0.010991916212293052
0.010333039573506578
0.0095456011264831928
0.0083463743725457878
0.0074412433853479768
0.0054964958903986581
0.005481520035110995
0.0065720421457718496
0.0080239758671218006
0.0096143890735544673
0.011104272354395291
0.012265455261742757
0.012923832350868029
0.012976703004374396
0.012414231151231086
0.01132698252519438
0.0098780356181342854
0.008288045868808866
0.006797402329186842
0.0056335628991994883
0.0049735975715786687
0.0049998513394559005
0.0058803394561930903
0.0064067152656841989
0.0074820833956425366
0.008865243953382897
0.010342494612184359
0.011688886312843991
0.012699238081665275
0.013217941242172081
0.013166678874302385
0.012554462593743905
0.011477415888463349
0.010098632476612334
0.0086267615197672069
0.0069395590416624743
0.0057862394632948134
0.0040963126617730048
0.0043100027103305768
0.0057754767709419308
0.0077239872893192967
0.0098560023867560707
0.011850186840572494
0.013400579425898448
0.01427591177678432
0.014338603141089616
0.013578523275677126
0.012116306071687613
0.010172337282841341
0.0080415403334794626
0.006047111391321163
0.0044931336241543036
0.0036163740296764487
0.0036885546784543141
0.0046108135517388595
0.0057386394426200494
0.0072959143380321107
0.0091887174047826578
0.011125455890674313
0.012348228379061106
0.014779885670684292
0.01448247765870927
0.014209964504219547
0.013217582589631377
0.011658583639531111
0.0097693234997753547
0.0078367699079077129
0.0060134952181268219
0.004607937069306004
0.0086425764108604523
0.0075076473074095207
0.0081704637053750997
0.0091275040762748057
0.01022861539864975
0.011309451596216743
0.012199463485580729
0.012767833001870205
0.012923303867620681
0.012643129652892394
0.011973513595792634
0.011017653589698711
0.0099199449254118496
0.0088472834832127572
0.0079620587455577867
0.0073970567691563748
0.0052970791016480577
0.0098778182066889264
0.0099610085043340037
0.010299733684222215
0.0087040615168499751
0.00885919845456201
0.010399384526054491
0.012779489143444754
0.013015251901055557
0.014466668479258709
0.014767138564664379
0.016161588463531992
0.014773224433035984
0.011444543854255758
0.010835977069748768
0.012214232987169766
0.0079926483803063192
0.0071226433099813692
0.0079307906340356869
0.0090678265860293008
0.010356300629709447
0.011602604062572193
0.012614767466881456
0.013241920184127643
0.013386867637307259
0.013025662991713191
0.012219116845017515
0.011088207000279118
0.0098043832077369889
0.0085602802355466325
0.0075452821038220971
0.0069139841852139021
0.0046312144103797396
0.0096561130882897566
0.01013578097986207
0.01084129720019905
0.009336097451806389
0.0093797060697591462
0.010774184466021589
0.012973326492738092
0.013879724389273927
0.014449591608388544
0.01597458636134232
0.016179989590416697
0.014295199832114316
0.010474318888970446
0.0098509871657952598
0.011592366226369971
0.0039336404292214348
0.0033079355619758557
0.0080193585404838771
0.0091610908101304473
0.010437025495862647
0.011656324496879374
0.012634897942155509
0.013225100382102487
0.013338664154546296
0.012953388586080914
0.012134602552809189
0.011002539947791474
0.0097296871512611745
0.0085047513132453702
0.0098719458994671536
0.009426428505680139
0.0097021225456421153
0.007615021013337258
0.010518297622991906
0.011481340613222342
0.010218093928106195
0.010309167934152179
0.011648942389839117
0.013052507024691328
0.01431192628738907
0.015235809013215865
0.015671591211706005
0.014190215479786895
0.010478771974299129
0.0096565278249561848
0.0051853213649605346
0.0055571042171228399
0.0040184184916592751
0.0040811417352448589
0.0047102163630945507
0.0066846510308479056
0.010455546907561465
0.011464039224992222
0.01226291907440042
0.012728818143588791
0.012794717748054281
0.012445007095648636
0.011738284031384685
0.010776189462770995
0.011240393054443897
0.011523081372176809
0.012038991413769913
0.011938058968390546
0.012334150154395462
0.011453858522758313
0.012931054376476443
0.012121244577822923
0.013094115083630018
0.011880129052320535
0.012594364306644937
0.013594790780734885
0.014370242851278168
0.014806168701312608
0.014263195531729642
0.013304285511498197
0.0080107675456068742
0.0061593255683743929
0.0072805699021590816
0.0064761447284994497
0.006425167118936541
0.0041814214705752639
0.006066805452737487
0.0094226112435606395
0.008781863443571427
0.011061835736722255
0.011562547556556505
0.011836325226456841
0.011844170043710163
0.011581273243192634
0.011091162089912714
0.011495897773011467
0.011674440526385901
0.012189968218265769
0.012727824193102383
0.012984929545762846
0.013909608982967165
0.011593212321155441
0.012633371586302842
0.012939585556460157
0.013496806497984187
0.014021372743599577
0.014157369229764799
0.013885246529640618
0.013244247398048975
0.012338636379808093
0.011298678930953066
0.0099137450954600147
0.012740785580902554
0.0090565903241505794
0.0066414169780202766
0.0077700548828803237
0.0074307801983641295
0.0077588140921044215
0.0087893706930991453
0.0090837002283284379
0.012322421520390009
0.010513033131038421
0.010640520790082082
0.010681506790063966
0.010630185628026699
0.010493031318112307
0.010293239425607791
0.0108615658032427
0.01131309308330595
0.012159234060477919
0.01281181338851429
0.013169740800919334
0.013557449344836483
0.012712055104378221
0.010765572000883742
0.012418629879679814
0.013140506391025175
0.013845990316671183
0.01373099527807089
0.013275030204364671
0.012542724635256101
0.011656028682721593
0.010740998217148478
0.012493758474169435
0.01163311404476192
0.010498789274094564
0.0090567279466451985
0.0075321174494964076
0.0091346286592402046
0.0094080481394977766
0.0099866494869151785
0.010733738595750015
0.01196799472011351
0.0083644157866666034
0.0096327509790186151
0.0094334800135379652
0.0093304662682549243
0.0093399618450800692
0.0094620605518813614
0.01063776167166881
0.011123640572333809
0.011948912289387666
0.012615670230629447
0.013017684569188219
0.012907984498854086
0.013529042464995247
0.010828565704331067
0.010508663831167494
0.012624396329624298
0.013326650670405293
0.012982604933607512
0.01241277663060497
0.011698331035287656
0.010964339208588322
0.010309587013815047
0.013843274677950469
0.011885727437554798
0.010743115525133358
0.010172237130036104
0.0090205762772631558
0.011271339530998467
0.011308186513663061
0.011347356867701797
0.011346402272418029
0.01146853042123722
0.010430838558411416
0.0086906474411507489
0.0082795956510569382
0.0081406560235740815
0.0082963444576521789
0.0087231639594800604
0.010238642685546983
0.010899010151869601
0.011576713744275194
0.012155216357250974
0.01240933694938603
0.012588729878505695
0.011904875065930083
0.01108330409599325
0.0098120257237453833
0.0093442807041987652
0.0098399500102774231
0.010090777323032289
0.01054879852605157
0.011136207216621249
0.011787436997650634
0.010140340125962332
0.012472369992339295
0.01350052268666652
0.012581050634393593
0.012147237498917246
0.011553897061437573
0.013007937113770154
0.012069248570257219
0.011056644223478435
0.010166489439135515
0.0092342505451954993
0.0090370641027339195
0.0075761147623773419
0.010178519975452587
0.010253130676836867
0.012064047957510206
0.012140935139988665
0.014095562492802719
0.013453482496727804
0.013155276365623523
0.012844168831853372
0.012019623065871111
0.011687054917002334
0.011729176847266983
0.011812834596400026
0.011515930502674855
0.01114801634297662
0.0088388201719982341
0.0079564128078045693
0.0073953567695877239
0.0072413645189960277
0.0075203372155180958
0.009111299517484359
0.010091601658214962
0.011035041103601616
0.011912957852167429
0.012661741038940523
0.012754073174128798
0.014147351217224097
0.01402009514754198
0.012190867723196684
0.011035252883871739
0.0098185311201348033
0.0098342178087030274
0.0098908176275422505
0.0094938641733068093
0.0093964536420748299
0.0096313422292554386
0.010147315124860718
0.010126551811988538
0.01043545181653871
0.012083853108130064
0.01229007713983845
0.010882520343201467
0.011016957851413843
0.011246010164267762
0.011329844222122231
0.011360714782854614
0.010695559287805627
0.0085538408337988269
0.0075444656545971545
0.0069190356967258745
0.0067736723638440414
0.0071338957838313127
0.0088109417963998515
0.0095528845465147061
0.011292831219058538
0.012827038236402107
0.014090715259181288
0.014886120484310046
0.015681252412231204
0.015190836441197449
0.013103404117220342
0.016205536100335212
0.013338266952179371
0.011443623200176729
0.0091165536538518974
0.0089183548134206259
0.0091090269229600982
0.0096683484440108474
0.010500900433363805
0.0098603079471561213
0.01038406326986324
0.010050942865224245
0.011214024192690037
0.010379460734548179
0.010772966576085988
0.010462506994006577
0.010785250583853269
0.011140197856076995
0.0098871044800691171
0.0085012177454471451
0.0075196345922823506
0.0069267172792867602
0.0068136082455333771
0.0071998095550043963
0.0098257434344519636
0.009232282658864709
0.012647424437335431
0.013468012026460851
0.015053244532145077
0.016023001573738788
0.015858703344916073
0.014707755741532998
0.018070378754890617
0.016063734713002976
0.013081801057747122
0.011741727949978992
0.0087212304704148026
0.0087544327501424043
0.009201566736047561
0.0099985914516170331
0.01101580383173863
0.012104407189487174
0.010683885508131577
0.010167600384895824
0.010037747350188865
0.010848026335702738
0.010220924422117942
0.0097514993035387153
0.010265083146428829
0.0098803495022770985
0.0097027945928717003
0.0086878296013515217
0.007884180950305639
0.0074150423338144042
0.0073518310000257386
0.0077047633007970417
0.0084190579695493303
0.011048315298825171
0.012372410317158513
0.015167908938740414
0.015413403172036318
0.016410534173160365
0.018209907034654312
0.015992787541517839
0.018335923967217095
0.015813485957537347
0.013146089738857605
0.0089071104916167761
0.0091045095981371633
0.0097474502669880666
0.010045966698114263
0.010600201064203207
0.011484295429446468
0.012632691455065792
0.013485893854970543
0.011704939984956904
0.011581705580252361
0.012176480044217114
0.010722838737479028
0.0096003209336402683
0.0095657829969371701
0.010450949460852949
0.0097429049491852323
0.009087174314070896
0.0085833465597725291
0.0083085381113240323
0.008304341515794551
0.0085701749400557883
0.0090654782172817291
0.011520718261664519
0.013929726369228833
0.015270226690941142
0.016603652780252869
0.017566314680979765
0.016544554689672926
0.015073005518766964
0.015901837574622098
0.01284916326695771
0.0093612032320005319
0.0091493296655168407
0.010035189919690412
0.010192959963401445
0.01063988902163733
0.011310767768921913
0.012092912980137281
0.013157645368783158
0.013565671951578446
0.013831347708535719
0.013739415901291258
0.013710653261344109
0.011976584797201885
0.010496010612188555
0.010297929640270492
0.010065255549759544
0.0098320949627963821
0.0096377434424709963
0.0095112914000225219
0.0094731039859770882
0.0095280032141351629
0.0096654978971050069
0.0098664985421969293
0.010099633188963156
0.012409412848982051
0.014709142533642925
0.01564880320257956
0.016114118880770533
0.0082803243996681913
0.010990236449517415
0.010303599827983777
0.0098166347354928154
0.008526918703294183
0.0092945426790241991
0.0096908484304345632
0.010327849403574329
0.011266274614378841
0.012068783003164479
0.013644013196120306
0.014542059305625216
0.013565317684038692
0.013267021880946785
0.012943732935368026
0.01335992749398829
0.010797249739696089
0.0093344425461661905
0.0094569959088591834
0.0096754144854741524
0.0099533233376857717
0.010252320395132797
0.010524167723528866
0.010730349202442421
0.010836535132224746
0.010824566405902925
0.010700549813686275
0.010483106378301415
0.010205729703210957
0.0099101949600774331
0.0096406384870499663
0.0094354482951611966
0.0065779357156099099
0.01034527390265262
0.010020191915597342
0.0099407672744166176
0.008420532498771973
0.0088299513462951756
0.010050764750276024
0.012010391804506996
0.012162894155801924
0.013464880209839004
0.013977393528427315
0.015531225978990433
0.014917218813116973
0.012425797733211841
0.011922635166055778
0.012835064272270939
0.009627370012615797
0.0082846372482136502
0.0087073138216737511
0.0093419994984022762
0.010087926423196563
0.010835240528699192
0.011464697417044012
0.011884826269637086
0.01202634381685018
0.01186908215990494
0.011439602771341937
0.010804973983601064
0.010061075576282611
0.0093215957682111199
0.0086979315635428763
0.0082822623581420927
0.0052970791431964951
0.0098778182773386972
0.0099610084683518993
0.010299733720533062
0.0087040615620535035
0.0088591984084577802
0.010399384577490206
0.012779489066215849
0.013015251786108703
0.014466668374260737
0.01476713841580907
0.016161588154616359
0.014773224280652747
0.011444544597927349
0.010835977321541408
0.012214232887285978
0.0086425764166737883
0.0075076472854533824
0.0081704637506650277
0.0091275039922990193
0.010228615431643622
0.011309451546384791
0.012199463493207477
0.012767833002472405
0.012923303855438576
0.012643129638339691
0.011973513583564297
0.011017653508155041
0.0099199449072045337
0.0088472834536574268
0.007962058718265776
0.0073970567739514281
0.0046312144167248706
0.0096561130840554475
0.010135780906925362
0.010841297206726348
0.0093360974761962662
0.0093797061133888953
0.010774184439816299
0.012973326550280372
0.013879724477557405
0.014448942178318649
0.015974586294016546
0.016179989428575462
0.014295199784917393
0.010474319125119485
0.0098509871637115082
0.011592366123681868
0.0079926484317055999
0.0071226432264898066
0.0079308553716348242
0.0090678265230798756
0.010356300681957583
0.011602604027219472
0.012614767414815622
0.013241920145243148
0.013386867614439763
0.013025662989302848
0.012219116852122984
0.011088207017231325
0.0098043832232385508
0.0085602803018435258
0.0075452821577432624
0.0069139842095561075
0.0097021226120399609
0.0076150210861935779
0.010518297588158251
0.011481340530852658
0.010218093769281641
0.010309167840981097
0.011648942369265076
0.013052507098633743
0.014311926264507739
0.015235808678441737
0.015671591133495526
0.014190215375008045
0.010478771991991711
0.0096565277923199664
0.0051853212852086975
0.005557104232847122
0.0039336404462442832
0.0033079354862451242
0.0080193585007320486
0.0091610907477648919
0.010437025497391747
0.011656324357847234
0.012635131044000549
0.013225508062030537
0.013338664111091811
0.012953388579910227
0.012134602567143183
0.011002539978011138
0.0097296871875808301
0.0085047513536759285
0.009871945936444488
0.0094264285517235893
0.012334150214405351
0.011453858593234329
0.012931054516407029
0.012121244493596821
0.013094114956780556
0.011880128883865939
0.012594364212063639
0.013594790642173359
0.014370242900463412
0.014806168705846355
0.014263195413241163
0.01330428499143182
0.0080107677477041974
0.0061593255878395359
0.0072805697894691261
0.00647614473893399
0.0040184186470471695
0.0040811416735415541
0.004710216326593508
0.0066846509861331685
0.010455546888055904
0.011464039213385341
0.012262919107487251
0.012728818110267147
0.012794717724612823
0.012445007105445128
0.011737711484045782
0.010776189453884226
0.011240398987671872
0.011523081324887533
0.012038991397178237
0.011938059069234648
0.013909608874344776
0.011593212454237259
0.012633371579197238
0.012939585358153522
0.013496806231017944
0.014021372757559885
0.014157369333314402
0.013885246559863472
0.013244247402750429
0.012338636353710309
0.011298678836693896
0.0099137450967793014
0.012740785605959152
0.0090565902038411365
0.0066414170002200212
0.0077700549101847819
0.0064250465653806141
0.004181421456123882
0.0060668054296989975
0.0094226111878449089
0.0087818634183398549
0.011061835677862666
0.01156254759106286
0.011836325254126812
0.011844170053585281
0.01158127322964211
0.011091162059198403
0.011495897721714155
0.011674440467167129
0.012189968077539607
0.012727823990562761
0.01298492944297455
0.013557449176584531
0.012712055195855077
0.01076557200079783
0.012418609762313315
0.01314050671117821
0.013845990461878201
0.013730995380794492
0.013275030195071723
0.012542724618776374
0.011656028647561784
0.010740998215156143
0.012493758218207215
0.011633114105165451
0.010498789222163379
0.0090567279339487314
0.0075321174615623852
0.007430780210153652
0.0077588140681887456
0.0087899766345406003
0.009083700333171173
0.012322421456444247
0.010513033009524194
0.010640520795916536
0.010681506814065836
0.010630185645557602
0.010493031311827964
0.010293239399249351
0.010861565719599476
0.011313092969439154
0.012159233914218885
0.012811813176018483
0.0131697405019833
0.012907984515373049
0.013529042520065858
0.010828565624462536
0.0105086637371816
0.01262439564587611
0.013326650643209113
0.012982605192748778
0.012412776804192388
0.011698331083530434
0.010964339200419032
0.010309586995555915
0.013843274658669238
0.011885727414372646
0.010743115481664761
0.01017223718624748
0.0090205763290914318
0.0091346286590957646
0.0094080481171010047
0.0099866494612390558
0.010733738549792366
0.011967994690391462
0.008364415775686411
0.009632750969760278
0.0094334800248155968
0.0093304662769365596
0.0093399618344503603
0.0094620605250594521
0.010637761643983373
0.01112364051708062
0.011948912289990302
0.012615670146957839
0.01301768453172129
0.012588729913116437
0.011904875037589139
0.011083304156546651
0.009812025772857301
0.0093442801549400902
0.0098399499589660686
0.01009077731635202
0.010548798846489417
0.011136207325828493
0.011787436995400431
0.010140340130702882
0.012472369980230694
0.01350052263590912
0.012581050605505593
0.012147237490552734
0.011553897069363913
0.011271339546411758
0.011308186762184862
0.011347356823409425
0.011346402242478345
0.011468530363978175
0.010430838567614835
0.0086906474435254032
0.0082795956615109023
0.0081406560258687668
0.008296344446581682
0.0087231639508108614
0.010238642700276638
0.010899010144377634
0.011576713739022202
0.012155216348139888
0.012409336962195226
0.011687054862016922
0.011729176903463905
0.011812834625408174
0.011515930541394232
0.011148016289466781
0.0088388200369415408
0.007956412694111549
0.0073953567553616054
0.0072413645328411862
0.007520337222650394
0.009111299525994359
0.010091601658294065
0.011035041103978224
0.011912957842869304
0.012661740953510603
0.01275407320715464
0.013007937153049941
0.012069248576523276
0.011056644202510315
0.010166489473044733
0.0092342505409387047
0.0090370641198027589
0.0075761148115760851
0.010178520018770171
0.010253130682630019
0.012064047926399556
0.012140935132377628
0.014095562469533571
0.013453482474135244
0.013155276377715614
0.012844168948390631
0.01201962311052238
0.011016957907032582
0.011246010373551279
0.011329844402695972
0.011360714956419077
0.010695559615601912
0.0085538409599551155
0.0075444656931459462
0.0069190356944319967
0.0067736723689183018
0.0071338644640393531
0.0088109418148195218
0.0095528845712229016
0.011292831280101036
0.012827038334360438
0.014090715432264261
0.014886120489477062
0.014147351217293398
0.0140200951511491
0.01219086773194099
0.011035252905142975
0.0098185311642837048
0.0098342178596981487
0.0098908176135064866
0.0094938641770572919
0.0093964538207620078
0.0096313422064398125
0.010147315150602403
0.010126551794017648
0.010435451749588945
0.012083852907131744
0.012290077106328524
0.010882520328592231
0.010772966463015062
0.010462507116814812
0.010785250805019421
0.011140198014391943
0.0098871046000718193
0.008501217803524504
0.0075196345976696515
0.0069267172747133057
0.0068136082426951804
0.0071998095555037564
0.0098257434584335026
0.0092322827211491921
0.012647424530727796
0.013468012262818692
0.015053244745474132
0.0160230015911982
0.015681252374654491
0.015190836419733858
0.013103404153573845
0.016205536101882696
0.013338267067972202
0.011443623226127348
0.0091165534860321324
0.0089183547906756533
0.0091090269138428895
0.0096683484947317627
0.010500900513063679
0.0098603080458451991
0.010384063348784925
0.010050942734506688
0.011214023992923521
0.01037946059779086
0.01022092435428119
0.0097514994827918172
0.010265083290562835
0.0098803495697360032
0.0097027946471813387
0.0086878296687376393
0.0078841810004060212
0.0074150423438806255
0.0073518310001504609
0.0077047633519274645
0.0084190579790362832
0.011048315336094639
0.012372410432850298
0.015167909167911321
0.015413403487986199
0.016410534341405981
0.01585870340505182
0.014707755678248915
0.018070378892449383
0.016063734743701347
0.013081801174439602
0.011741727940095757
0.0087212304882067944
0.0087544327179865152
0.0092015667255973665
0.009998591516878241
0.011015803938982797
0.012104407258060517
0.010683885605414691
0.010168920911474257
0.010037747003411633
0.010848025934748625
0.010722838825360178
0.0096003210545938071
0.0095657829988775814
0.010450949425071592
0.0097429049266313933
0.0090871743182908762
0.008583346563349286
0.0083085381104143121
0.0083043415173176
0.0085701749025482044
0.0090654782320336701
0.011520718369584348
0.013929726413595274
0.015270226782303007
0.0166036528542562
0.01756631474778712
0.018209907043306099
0.015992787090221762
0.01833592406283438
0.015813485931829293
0.013146089828668075
0.0089071105107663504
0.0091045095676443588
0.0097474501856100321
0.010045966681386173
0.010600201127916396
0.011484295490704418
0.012632682215885441
0.013485893829624195
0.011704940008055031
0.011581705369394466
0.012176479323499516
0.01197658465676134
0.010496010607922887
0.010297929621162948
0.010065255529494612
0.0098320949498584102
0.0096377434530155945
0.0095112913625744564
0.0094731039979451433
0.0095280032169325988
0.0096654978863246043
0.0098664985415028092
0.01009963318829296
0.012409412833133855
0.014709142527590631
0.015648803084693009
0.016114118723763345
0.016544554552500035
0.015073005404556505
0.015901837599588992
0.01284916329663939
0.009361203266973428
0.0091493296862634535
0.010035190238318082
0.010192959655670079
0.010639889084008749
0.011310767839884826
0.012092913115928593
0.013157645461345601
0.013565671783036677
0.01383134759606156
0.013739415667583771
0.013710652680923958
0.010797249525913013
0.0093344424842468944
0.0094569958798499387
0.0096754145196843236
0.0099533233355526187
0.010252320417108973
0.010524167712848488
0.010730349166353063
0.010836015828965621
0.01082456641005982
0.010700549823116199
0.010483106451597009
0.010205729759185076
0.0099101949535089426
0.0096406383459127828
0.0094354480561457104
0.0082803241979135939
0.010990236318954048
0.010303599841134532
0.0098166347453940376
0.0085269186244989435
0.0092945426383958512
0.0096908486515716458
0.010327849554696632
0.011266274350643883
0.012068783158840597
0.013581033999094409
0.014371483102982214
0.013565317555630523
0.013267021331930688
0.012943732633313446
0.013359927010018305
0.0096273699292488517
0.0082846372311046312
0.0087073137705939371
0.0093419995657132108
0.010087926414890883
0.010835240590151902
0.011464697405415789
0.01188482623680171
0.012026343830772468
0.011869082171191071
0.011439602783361235
0.010804974000648811
0.010061075607252019
0.0093215957983024105
0.0086979315394414003
0.0082822622638264176
0.0065779355130758466
0.010345273777629112
0.010021243532091231
0.0099407672239230568
0.0084205324471278396
0.0088285461429136666
0.010050764608822567
0.012010392013192941
0.012162894002690399
0.013464880328602456
0.013977393664147096
0.01553122629705264
0.014917219038984736
0.012425797036061672
0.011922634782730882
0.012835064328644495
0.015432418043372757
0.012346954438478981
0.011782636798182025
0.011183675805185216
0.010635824572636923
0.010226862234518561
0.011052385048276405
0.010304133911423949
0.0098967776233970638
0.010691045156093553
0.011243103782732328
0.011841098615224685
0.012392552413033987
0.012814926520897583
0.013041042923755502
0.013032579525813609
0.0095819651619630207
0.017119915793911079
0.015801742012351142
0.011152411140645743
0.010955305916188355
0.012422544041087696
0.011112722636413724
0.010371573814881239
0.010284640736775461
0.010877055025024659
0.012047997824499584
0.013637759002224022
0.018613889494505494
0.021274927063396048
0.017565881784582602
0.021365680944458447
0.013832821916427453
0.011238645577813376
0.01104939159721699
0.010934855343558429
0.010908756508750032
0.010978538445312828
0.011128825538298547
0.0113402212613463
0.011577811831998512
0.011805915694545409
0.011992077057022045
0.012109878118322851
0.012140038285095193
0.012077056634079453
0.011928545294387511
0.011715742308905909
0.0081452610289844372
0.016194520388892138
0.015636461619915588
0.011519597963409279
0.011012439285431327
0.013085505288092223
0.012328447830460257
0.011955417287931428
0.011999985679675756
0.012466033243911545
0.013272663979248046
0.014311450696707599
0.018552874062265422
0.019946276495103086
0.015573471809234634
0.019652368077675224
0.0080630112819024321
0.0053885812272059163
0.0065920765143005194
0.0080123426306335996
0.011270723734478813
0.011803954529359595
0.012293999487252941
0.012668589489425133
0.01287100849175953
0.01286750147781424
0.012662069759362292
0.012284789251840022
0.01397568563016274
0.015476477360774645
0.015926455742061942
0.01605750838129302
0.015057665285667656
0.019498464741470642
0.018398228752412434
0.013405124502139369
0.011543686089168082
0.014005669846073434
0.013908616767555322
0.013954648622592492
0.014118391208689726
0.014388362289848088
0.014713331667441787
0.017580295595831109
0.018486201022070846
0.016104924745785901
0.0087829986921000459
0.010975096070245551
0.010038764985239932
0.0087793865773062914
0.0077792112562332901
0.010179757040756519
0.010010321659532778
0.012575521561976912
0.013334293400178398
0.013818396557412297
0.01395558314574165
0.013721708330053052
0.013155745175164322
0.01404274799987811
0.014555097628212409
0.014721521694663051
0.015254927706002968
0.017263569698916195
0.017046136144559132
0.01675237066847686
0.015307381660671372
0.013880694943996739
0.013148405564985491
0.017261346684834127
0.013912938063693533
0.016084173312926504
0.016338650469153948
0.016371045873826547
0.018063995845053311
0.018775602394637041
0.018750069888687909
0.013641113430699044
0.013602681276928773
0.013803902863739852
0.0073036076566192192
0.0075610714396470765
0.009135795992077549
0.011360160033078636
0.013598384478475556
0.011826247314132978
0.014102624922799028
0.014625689662974862
0.0146774128188347
0.014248065686818788
0.013405632733019682
0.012984286143373873
0.013384793629986123
0.015854148023423581
0.016119193291779764
0.016529851793069698
0.016861778346102658
0.017070710907240483
0.018141003757137179
0.013863445879630903
0.012621724786595232
0.015577515733051659
0.017274686115955274
0.018266837197837022
0.018791138907309407
0.018781262110411503
0.018212838367331591
0.021035484408098389
0.016270225959159394
0.013621792604537919
0.011336652538654903
0.010762417497872935
0.012367755096478084
0.0075052878055414281
0.0089660455584650422
0.011550213331895999
0.01432134319652765
0.015542387988220732
0.014482759600106991
0.014968207707953367
0.014926577700600364
0.014367446197670705
0.014915665012902741
0.013025851847730143
0.014949866968781311
0.014438850952304473
0.014621224034895356
0.014713151938949896
0.014685670401538432
0.013917462576545766
0.01791714255949205
0.01753560990677875
0.014862032933782394
0.018882934457137832
0.019571983360585469
0.019424543165621689
0.018454919612796144
0.016823959659025452
0.015290851271307035
0.018740819698824893
0.015519900325419661
0.011817567161402169
0.0097552785112195537
0.010868530691685961
0.012332616942329018
0.012188244862125936
0.011016987573396683
0.012019303713005986
0.014596820440420539
0.018257962199227307
0.014413750433665119
0.014784957200333531
0.014658265328630704
0.014054228966243304
0.014902877823973764
0.013070046485639879
0.014031661824079797
0.012809937553786181
0.012386864738717421
0.012212924401116295
0.012265001213761799
0.011119664669851188
0.011959450901924502
0.017605122694862221
0.016184272441154224
0.019862484328226137
0.019818412233996423
0.019873350833885663
0.019037241120151795
0.01746320829776089
0.018833051779251726
0.018188814881410085
0.014843091533192396
0.011183652058427153
0.013061193050847913
0.011388917801660481
0.010953856811411424
0.011445148557726284
0.012805758927374702
0.01268955712480562
0.014686010968956486
0.016952119658346532
0.013902764664929037
0.014103968823788374
0.01391059741424008
0.013354002495951195
0.014400548677387109
0.013096589701624256
0.01275563400265373
0.011363526662240006
0.010393398040791132
0.0098248066661977499
0.0098300727900939109
0.0098629770742022088
0.01057443793830316
0.011391281949688097
0.01397660138012812
0.016453148166118519
0.016945976707555512
0.018410733809932259
0.019193914411743142
0.019213183890460846
0.017931928335108954
0.017343618994548653
0.014453819984959308
0.01452427045016555
0.01236218847850127
0.011025827463178423
0.010281111740596335
0.011059744748367477
0.012346896038121591
0.01153670670832828
0.012900966180112043
0.014799875003980887
0.013253447967833573
0.017920676478735256
0.018237045489916302
0.017958047904614912
0.018043450360064783
0.018618213813684864
0.015725272228107628
0.01404056027813968
0.010832214275319552
0.0089817709971688284
0.0087137658688142879
0.0097226359455684034
0.011475981913912654
0.012678777778037201
0.014358832733648092
0.015766773596333633
0.013028639724349077
0.01302774242973005
0.012796224416745761
0.012371790643368425
0.014013056786618641
0.013183132578800863
0.012667415203219803
0.014226414513820364
0.012280787016964261
0.010747637512410382
0.010794350324740652
0.010464771806886737
0.011220172157217196
0.013844401183101217
0.013546455897476325
0.0179789637697912
0.017924220201314421
0.016132319137659761
0.016292055207945081
0.016132137464043884
0.016355276647444319
0.014692110566662147
0.012265352630906048
0.011072842422098415
0.011214694143156463
0.0083992573462823069
0.008227685480812626
0.009116927286447904
0.011101894722655178
0.011470387992277963
0.014429718011471651
0.011762859385006472
0.01192545950671285
0.011722012703024811
0.011487186720726758
0.011259757988444846
0.011785964125755237
0.012424874328229621
0.013321383440015105
0.01217953623827266
0.011248079657779436
0.010961136838034994
0.012082697125986011
0.011272847914734664
0.018187498426367736
0.018748556833963655
0.017467804330049269
0.016298601157773342
0.017455023078101095
0.013841676066590012
0.014359182598677465
0.014840271562083734
0.013307875372855091
0.014187028714846379
0.012246824909756057
0.010518560504649707
0.0098075065994452839
0.010360725867584956
0.0087937453800354445
0.0084948852450174497
0.010374177577096765
0.012869952753919922
0.014285711596536745
0.011251410791534142
0.01076204189755728
0.010388214584702446
0.010187061826111491
0.010191968695914048
0.012307413049751704
0.011810975233863062
0.012787522248756457
0.013327231843439709
0.012482122202413962
0.011842854113564755
0.016425649730939854
0.016005578232733266
0.020380675751872079
0.018498300001977965
0.018013181451478621
0.014945685439277713
0.013469772546030403
0.014661356620671993
0.013515421361207843
0.01405828014305289
0.014564606687862141
0.013168488969308622
0.012732918499695252
0.012002533722528103
0.01120302952474247
0.011289160003988778
0.0098771214834641879
0.0095304625880455983
0.011955520578507376
0.012935536992022446
0.011024203536944567
0.010476194567982452
0.009715130865471773
0.0092300006559089161
0.0090943686878579549
0.009330439298206275
0.011812141706272187
0.012297711303479316
0.013316565379428406
0.015708961350288011
0.01605141091741456
0.016241475451070794
0.018844376240596719
0.01845318670552951
0.020957795905951121
0.020164308786851805
0.017624233702463282
0.015463007545047492
0.01235098394309231
0.011514969442162237
0.011172065936226707
0.011396188399460522
0.012609305020010193
0.014048514071447188
0.013595508660557218
0.013735376215157614
0.014097719873034729
0.016506135726842581
0.013660730404025925
0.012223533381937475
0.012589165330045789
0.011161895629946858
0.011032879598177345
0.0098605088379725512
0.0089429726583638673
0.0084206327504292872
0.00837163963703276
0.008803527524523588
0.011791723382167911
0.013853775797977056
0.015074972951812572
0.016275424201200726
0.018237383526817513
0.019449259031068832
0.018692768845866618
0.024987499791789602
0.022834665594879941
0.019313182614193142
0.016728841944837751
0.012741243884003467
0.011121890771596534
0.010069941416052558
0.0097263306342208911
0.010160721910975166
0.011293463576663944
0.013565203669401695
0.017381874252261113
0.016303474148637951
0.016634081313089775
0.019184065861628376
0.014884012465270951
0.012118380168520812
0.011606507403344925
0.012103863998150626
0.010740583251089435
0.0094977233288263546
0.0085636270015514351
0.0080832650467319214
0.0081280589070061738
0.0086907320359181153
0.0096844817959324779
0.013449996385606736
0.01663754931019706
0.01986036750550765
0.020561819269748115
0.021847749935616455
0.017569282006126421
0.024885228939275833
0.02208791583294328
0.011328874843026604
0.012226314646064381
0.012239486291033084
0.010462038044906315
0.0093526229457485989
0.0090561443015493206
0.0096326809995304144
0.010983350163810234
0.012914405036797428
0.01758437269006833
0.021506724821760716
0.019737981434582958
0.022018451768609792
0.0172732017839126
0.014037533678551027
0.013047610524307264
0.011827435428786144
0.01055809697769023
0.0094370949258237233
0.008631722340291758
0.010119538594554271
0.0061240011703860876
0.0090087967764965887
0.0099987164686358224
0.011222402270213615
0.012493526832825754
0.01703791074903194
0.021308357390000875
0.022210367079038694
0.011092934154652677
0.017584313067302845
0.015703644910753725
0.011086237035227131
0.011381287334559403
0.012125911419315119
0.010457056436730281
0.0094560859323488972
0.0092490276739416368
0.0098810009622629872
0.011244644230348873
0.013147632862251195
0.018274956301678778
0.021824170516657491
0.019029147069683745
0.022196209366117464
0.016640222863337654
0.013329566612385537
0.012484730256268438
0.011498376783877566
0.010514314187642886
0.0096864756304278002
0.010845211028429383
0.0093061545821254751
0.0085401449566065019
0.0075871505021867644
0.010542653651596134
0.011529599216181817
0.012517117005828448
0.013356754466042044
0.013917708139329393
0.014110300166273196
0.0095819651974918801
0.017119915858911892
0.015801742016977767
0.01115241113216584
0.010955305981525774
0.012422544115799889
0.011112722734776564
0.010371573809694239
0.010284640764919589
0.01087705490743931
0.012047997319784997
0.013637757904418402
0.018613888270624632
0.021274927488195775
0.017565882867636617
0.02136568100801654
0.015432417926439252
0.012346954284666648
0.011782636847610651
0.011183675548193316
0.010635824671523891
0.010226861956886954
0.011052385419397005
0.010304133802349494
0.0098967775864756777
0.010691045089137933
0.011243103780808618
0.011841098593909171
0.01239255240275992
0.012814926522930269
0.013041042943873163
0.013032579521787937
0.0081452610911723639
0.016194520396005888
0.015636461317435148
0.011519598030847185
0.011012439432212343
0.013085505392587521
0.012328448373545083
0.011955416786275935
0.011999985666664282
0.012466033005282838
0.013272663550301954
0.014312196861847806
0.018552873549744817
0.01994627696168726
0.01557347151328348
0.019652367975448243
0.013832821992512245
0.011238645142607117
0.011049391456901952
0.010934855134021575
0.010908756705469957
0.01097853839184619
0.011128825819442075
0.011340221264606496
0.011577811796577187
0.011805915657965288
0.011992077039369055
0.012109878131236481
0.012140038347347301
0.012077056792650705
0.011928545497631496
0.011715742397653625
0.01505765879317191
0.019498464658602433
0.01839822858148929
0.01340512480235798
0.011543686031992722
0.014005669795009577
0.013908616417455713
0.013954648548984955
0.014118391343611331
0.014388362189901215
0.014713331332700325
0.017580295485269407
0.01848620107812543
0.016104925557286178
0.0087829983877367925
0.010975096011637398
0.008063011369217157
0.0053885809233980833
0.0065920762928712764
0.0080123424090052953
0.01127072379031498
0.011803954493902681
0.012293999493260514
0.01266858956461382
0.012871008484294563
0.01286750138427818
0.012662069822361212
0.01228478931931295
0.013975685676747169
0.015476463034034113
0.015926455768209415
0.016057508099684658
0.017046136283372544
0.016752370954198927
0.015307382054505821
0.013880695495235297
0.013148405960735474
0.017261347395166122
0.013912937810340155
0.016084781875095176
0.016338650305812521
0.016371045868901528
0.01806407542450059
0.018775602432868903
0.018750070417382643
0.013641113368770011
0.013602680943416491
0.013803902490113876
0.010038764890421575
0.0087793863494934656
0.0077792110173120141
0.01017975682153419
0.010010321563149915
0.01257552161018294
0.013334293451481821
0.013818396562660724
0.013955583123144086
0.013721708309269706
0.013155745183020833
0.014042748017307156
0.014555097702751684
0.014721521758066224
0.015254927672312657
0.017263569603140884
0.016861778068627858
0.017070711091207214
0.018141003904891411
0.01386344623549054
0.012621725418907787
0.015577516257915529
0.017274686824098745
0.01826683719235218
0.018791138831253839
0.018781261967248077
0.018212838218433086
0.021035484596547385
0.016270226166619776
0.013621792474918962
0.011336652345172137
0.010762412937073688
0.007303607645598181
0.007561071382755794
0.0091357959292205932
0.011360159865956164
0.013598384327496636
0.011826247345451889
0.014102624975439031
0.014625689543507838
0.014677412683928219
0.014248065666035604
0.013405632725819964
0.01298428609226281
0.013384793490139567
0.015854147508657608
0.016119192201030544
0.016529851049115096
0.014685670783933605
0.013917462799170846
0.017917142685830813
0.017535609067228345
0.014862034703396103
0.018882934739016512
0.019571983803807726
0.019424543326956853
0.018454919583144606
0.016823959571528154
0.015290851311803756
0.0187408198699472
0.015519900293275128
0.011817567009466007
0.0097552784287001214
0.010868530748388771
0.01236775517669263
0.0075052877078725178
0.0089660456090268105
0.011550213344228604
0.014321343126935171
0.01554238792231104
0.014482759609071819
0.014966993197602512
0.014926577719481499
0.014367446198626857
0.014915664951145916
0.013025851697540333
0.014949866723953778
0.014438850637607402
0.014621223938982322
0.014713152033423627
0.012265001818646194
0.011119664799677772
0.01195945098789988
0.017605124158093888
0.016184270829342734
0.019862483098912708
0.019818413145161463
0.019873351392941656
0.019037241116353604
0.017463208295691372
0.018833051882596381
0.018188814898603359
0.014843091479192617
0.01118365239790064
0.013061193000226847
0.011388917852199922
0.012332617103933746
0.01218824497914804
0.011016987654291167
0.01201930378816154
0.01459682048731171
0.018257962303223147
0.014413750453342656
0.014784957224020944
0.014658265344608427
0.014054228959210236
0.014902877799924842
0.01307004635806438
0.014031661808774161
0.012809937602430493
0.012386865134663642
0.012212924997718705
0.0098300729763517516
0.0098629770399947941
0.010574437822132948
0.0113912822075417
0.013976599023323103
0.01645314870858831
0.016945976979291413
0.018410734444879916
0.019193914617447391
0.01921318387963945
0.017931928381361924
0.017343618995581345
0.014453820008454034
0.014524270409808441
0.012362188496338005
0.0110258274905817
0.010953856884375234
0.011445148602682762
0.012805758947573537
0.012689557129455482
0.014686011144348275
0.016952120058158496
0.013902764686522837
0.014103968862465148
0.013910597387892444
0.013354002470695198
0.014400548668041628
0.013096589690029897
0.012755633944311694
0.011363526770979628
0.010393398310072618
0.0098248068767619236
0.0087137659748457979
0.0097226358716303429
0.011475981919262796
0.012678777710600293
0.014358832568575888
0.015766773842872069
0.013028639532087301
0.013027742426612011
0.012796224445911242
0.012371790662374416
0.014012443745153307
0.013183132557132202
0.012667415168206818
0.014226414532134945
0.012280786937758643
0.010747637622881752
0.010281111845084762
0.01105974499963722
0.012346896077919568
0.01153670671137505
0.01290096677196668
0.014799875030155995
0.01325344802425305
0.017920676479536005
0.018237045507475642
0.017958047857228904
0.018043450353916135
0.018618213925424093
0.015725272241241608
0.014040560398363362
0.010832214505964657
0.0089817710887094837
0.008227685505538403
0.009116927333661826
0.011101894982297524
0.011470388102071759
0.014429718301460297
0.011762859586537456
0.011925459558580431
0.01172201275903737
0.011487186760291208
0.011259758010071031
0.011785964115540771
0.012424646785373347
0.013321383443891006
0.012179536527136733
0.01124807947356599
0.010961136924913937
0.010794350793231511
0.010464771943024944
0.011220172221432326
0.013844401198129666
0.013546456045241583
0.017978963836312329
0.017924220263549895
0.016132319058621902
0.016292055178412181
0.016132137456460822
0.016355276728436931
0.014692110489546937
0.012265352514741038
0.01107284216318918
0.011214694003817881
0.0083992574264580688
0.0087937452968991723
0.0084948854566835978
0.010374178033878518
0.012869953020640411
0.014285711700358059
0.0112514109002309
0.01076204191641684
0.010388214592108275
0.010187061829691006
0.010191968704430775
0.012307413118489874
0.011810975330699757
0.012787522430715124
0.013327232101141319
0.012482122448488007
0.011842854161347754
0.012082697189518037
0.011272848028689414
0.018187498863355418
0.018748556907938072
0.017467804026646567
0.016168874631513428
0.017455023119822714
0.013841676111498134
0.014359182525005575
0.014840271608813562
0.013307875534103925
0.014187028646090043
0.012246824855551567
0.010518560372408206
0.0098075063295399202
0.010360623853439482
0.0098771207410502364
0.0095304627822980145
0.011955520965439238
0.012935537121332798
0.011024203564509333
0.010476194616382455
0.0097151247786793418
0.0092300006684969283
0.0090943686400859064
0.0093304845661787445
0.011812141624205698
0.012297711614606553
0.013316565739125315
0.01570896184871929
0.016051411534304959
0.016241475587771687
0.016425649872712712
0.016006328988632332
0.020380675933623846
0.018498300063746358
0.018013181877964808
0.014578164018950823
0.013469772592225655
0.014661356423336743
0.013515421235565374
0.014058280099522485
0.014564606782776855
0.013168489283830869
0.012732918675504743
0.012002533747544435
0.011203029152514161
0.011289159585514812
0.013660729170389144
0.012223533658896783
0.012589165214767717
0.0111618955966907
0.011032879578330806
0.0098605088451166386
0.0089429726518718416
0.0084206327380996777
0.0083716396267985525
0.0088035275169647351
0.01179172340951162
0.013853775825596253
0.015074973190882475
0.016275424922890063
0.018237384159956047
0.019449259078880305
0.018844375771214644
0.018453186380773555
0.020957795639006394
0.02016430886723004
0.017624233697582835
0.015463007352077314
0.012350984184420613
0.011514969250739223
0.011172065748284924
0.011396188677472704
0.01260930498643196
0.014048514444633424
0.0135955085975141
0.013735375963110565
0.014098297682589236
0.01650613514703448
0.014884011895511013
0.012118380109319019
0.011606507280757676
0.012103863997822333
0.010740583244905318
0.0094977236688599514
0.0085636269900022134
0.008083265047333317
0.0081280588990433611
0.0086907320312959759
0.0096844817903828668
0.013449996528510262
0.016637549293067908
0.019860367512821497
0.020561818385833722
0.02184774925275066
0.018692768176406638
0.024987498868539744
0.022834665285538933
0.019313182591364473
0.016728841973527718
0.012741243086846389
0.011121891028237924
0.010069941256803744
0.0097263304275467099
0.010160722040987526
0.011293605784415128
0.013565204262410514
0.017381874947149472
0.01630347330172572
0.016634080900649776
0.019184064763259311
0.017273201092058432
0.014037533461823386
0.013047610513032401
0.011827732238600563
0.010558096852450247
0.009437094999058513
0.0086317223156752009
0.010119538588034018
0.0061240009932811909
0.0090087967072605638
0.0099987164652882779
0.011222402261893126
0.012493526808558844
0.017037910251533169
0.021308356231296639
0.022210366431882355
0.017569281462579942
0.024885228581929736
0.022087915694560693
0.011328874865547447
0.012892933349271449
0.012702290535088518
0.010462038235177407
0.0093526230212110876
0.0090561441398336294
0.0096326809907055447
0.010983350951020477
0.012914406402888831
0.017584374521219599
0.021506723596137717
0.019737980624976156
0.022018451027489058
0.016640222887582729
0.013329566605188378
0.012484730209660694
0.01149830803995521
0.010514314160027039
0.0096864758472522527
0.01084521082384297
0.0093061545736281004
0.0085401449713319692
0.0075871505240565438
0.010542653623542755
0.011529599229213549
0.012517117026953699
0.013356754504389223
0.013917708108815608
0.014110300015230818
0.011092933897457344
0.017584312812020587
0.015703644817096601
0.0110862370344832
0.011381287286857522
0.012125911242485632
0.010457056489909161
0.0094560857988038281
0.0092490276587559369
0.0098810008504566886
0.011244645000643542
0.013147633904999186
0.018274957887482023
0.021824170190751918
0.019029145481304837
0.022196209038046585
0.022819735952095441
0.017620168101355218
0.015742807565750406
0.013462074946733444
0.015303112563643903
0.012217578905869301
0.0088108522161154754
0.007181958796425649
0.0069818016893994621
0.0082376624062698942
0.0091528867284284363
0.01280466781364694
0.014966797078777601
0.017031824592089115
0.018491322785818984
0.019116635213782748
0.014307887699504678
0.025046946056851416
0.018484082409151448
0.017676503837029581
0.016994027363152035
0.012961899193232767
0.010933704021036703
0.0092317821812624504
0.00718464047517672
0.0069586174674810845
0.011268857575975432
0.014565666752713516
0.018704448520171019
0.027605124055498895
0.027460035915734569
0.031154062263870332
0.016559118214066273
0.01148121463846207
0.014564834560678456
0.013025373233326107
0.012896383124652239
0.013568441579416279
0.011615516079976365
0.0095335014707193209
0.0097167926483085702
0.010841602818151344
0.010334639167100387
0.013085936493304732
0.014626251096839375
0.019459713095158208
0.023527388345574333
0.024436348422096067
0.022889316643838094
0.029847184346398156
0.017762441422227934
0.016633965570729117
0.016963736342669702
0.0139537626669958
0.011565854683016174
0.0096013220345844055
0.0099189310608986912
0.011469625601842502
0.012863330949286909
0.015640062660441833
0.018775493291523535
0.025904860834302067
0.017299193079916605
0.021130254123214318
0.017560198158837886
0.013278009071507545
0.0083416396453705847
0.008538863909101144
0.010394842408500644
0.012988527874307787
0.014611169819456898
0.013141081518356629
0.012838241807418282
0.011879598196420208
0.013015550537113032
0.015606079762673131
0.017996454373370618
0.020081323677899474
0.020722369490546923
0.021325326569536097
0.018934046962272869
0.024215302281954988
0.020798927968148404
0.016944057087878498
0.021677521368253044
0.015547711632484551
0.014384080990873847
0.013765939870725684
0.013761279142339836
0.014391592997934719
0.015540738879696921
0.01705602874526534
0.019732913919092886
0.021062347191614261
0.021227183115787626
0.025139920576438074
0.013159382690366268
0.012948858730385142
0.012831070642549031
0.013747680744036239
0.014581531409497641
0.012147457201249639
0.014084955723180786
0.014523788405049044
0.014740647543315099
0.014702861362381721
0.015955110120643531
0.016516882814984018
0.016375842488138805
0.021357790624529326
0.022333483244226765
0.022713799338548089
0.019831723888627542
0.026106651091093051
0.024877196722342884
0.014817223913763951
0.022063872419696279
0.021174476480846069
0.017738146150160592
0.018003859322250106
0.018245352332047646
0.018452434101313468
0.018570498938105678
0.014584084717698724
0.023228752691840864
0.02376249315386077
0.017887339022081561
0.020678072540701708
0.020177626586600394
0.014034369633474578
0.011936511876780577
0.013231305044489754
0.01595700468807993
0.014819317254405091
0.016405983008497538
0.017140210083218359
0.017254267135865697
0.016731821254570598
0.017327048166247638
0.015550866463156397
0.018551100826027785
0.017820432985611985
0.018015645622368237
0.018918417770161088
0.017151580869802709
0.021169353614091072
0.023083236807931031
0.020236007740925981
0.014250853190068316
0.017528098859346627
0.025123102221299216
0.02226275905088362
0.022711033616874082
0.022461862018164441
0.022324178025782692
0.025901709376407241
0.020514395687548096
0.016847840754744478
0.01709941518610282
0.021255576423766152
0.016632649477369373
0.014576403009657703
0.016597042042582669
0.01274451461498474
0.016899188932659577
0.020561048510268107
0.018218202335713852
0.01913794785406292
0.019133794747102379
0.018208355168008197
0.017315090352609998
0.019477881028921284
0.016218699233159165
0.015054328691085564
0.014618760763876599
0.013873192960252132
0.012953943472496773
0.013881986845798798
0.019536068548969394
0.021991934529077158
0.02376552730462949
0.019046410827044762
0.023368518594231634
0.026899963850187288
0.027244609455095426
0.026293634813898861
0.026128146980021322
0.025744755224441741
0.017218295288161732
0.019225409880671833
0.016998591930895264
0.017066084376895541
0.013259978145982815
0.012430411647936849
0.014589245908085018
0.01765359834716709
0.017683346233498289
0.02170674985377755
0.017532648312889396
0.020214333372958995
0.020092394805950549
0.018904577095002626
0.018644137727295871
0.019206005483422484
0.015090871461031699
0.013284007706767024
0.010852123810962122
0.0096574736768346506
0.0095280432016113994
0.0093789960802539117
0.011682859141362323
0.020241371211211841
0.024388634600747684
0.023573593147044148
0.026760599802392357
0.027519749164340138
0.026645002959965806
0.024303336564780769
0.028428437291694378
0.022467181012314208
0.015847728500721137
0.016315211707816926
0.01399241458191188
0.01327162556280684
0.0094295103696626411
0.010430762438598628
0.013058383648713067
0.016537171828888652
0.018188096877727874
0.021972393153403193
0.022662333914252774
0.020203247544805528
0.019982768160218569
0.01871323391444393
0.019448154349947067
0.018038586594968122
0.014218189198968448
0.011237007137807599
0.0081932674701263881
0.0068069700041309793
0.0068227297566305035
0.0076683184395920515
0.0098348560523433427
0.013914575517746145
0.017139034655156708
0.022970945892994303
0.024350695538469261
0.026785086874122382
0.027677242238970064
0.023525756907479777
0.028118827587576788
0.022557237259424292
0.018809204635623716
0.015522126545642506
0.012857799371421876
0.01024364358315114
0.0071028348015011594
0.0090242569446616211
0.011860022111905002
0.015714361706805402
0.016899654636835727
0.021924643954177325
0.022154961561585817
0.026271750534132339
0.026858368914692565
0.025977924507153284
0.026610885847304151
0.019406322286481335
0.020277821752231844
0.014418370054966536
0.009325643917805335
0.0062833159251605899
0.0056527507277799108
0.0074015562188094412
0.011220127149015005
0.01542987134317284
0.018175739718519674
0.02092439811534948
0.018476150264101539
0.019108748489021398
0.018821911186280092
0.020594534902261073
0.019782125762550156
0.017339106058917551
0.018516316018807856
0.014068075863585199
0.010217158582556396
0.0075944379188039547
0.0064413578994713741
0.0074285113958083597
0.011228228644206284
0.015630143649359513
0.025326129339586157
0.025291109492156849
0.027447526627812788
0.023441413817971348
0.023943076660717877
0.023386950655784312
0.023414980164883276
0.01890266887185987
0.016031243389180026
0.012847891351368332
0.009565280902684976
0.0071446768965108326
0.0062549234278165521
0.0075353515690080881
0.011504054063844629
0.015613273624102893
0.015734969806511429
0.020561342221256728
0.01679405295044022
0.017097317146347664
0.01678698206929416
0.018660786994188036
0.017606222630476249
0.018791014578528619
0.015347257676060665
0.012141533629363641
0.0074233706605999952
0.006371932515627711
0.0086811416376815116
0.010457357658048101
0.016999923597990126
0.02061424181576019
0.024880649951079491
0.022961898134408465
0.02230729894825699
0.019342496979003657
0.022106026012061825
0.02247406462265196
0.019397747987813529
0.024045757098137981
0.014354726187747878
0.016948180361338949
0.011635208692525996
0.011208266601391362
0.0086261394039684209
0.0098804828652798108
0.012601270196660113
0.013086889117323329
0.017165730489375489
0.019398573972869652
0.014544378125734057
0.014472747756069989
0.014186854779663522
0.016122384185177627
0.015169721093226667
0.01858991659630695
0.01683854686305656
0.014308031532344848
0.011120662165041395
0.0095637221399404657
0.013415707658639676
0.014592318338672064
0.019903105346304604
0.025058458253835323
0.022452145307479302
0.022222671089992065
0.02010183181388266
0.017807841524181398
0.017509728958644197
0.017310341664349048
0.016345541023751776
0.016621091448234898
0.020955389174939783
0.014402623728963615
0.013862374856956981
0.022340328588551707
0.013104844406535842
0.012626084229235085
0.011488760054161122
0.012869017537733124
0.016433185265516986
0.012672693147509514
0.012070016736666652
0.011635047045277774
0.011417885812117286
0.014594538090557324
0.013439178488276977
0.013686203775094486
0.018173839934998683
0.016843624755765452
0.015343381305929542
0.014041557157830203
0.017549497619759338
0.026708409653497311
0.026317557269110874
0.027220225485870241
0.021465450484843662
0.019002571992167126
0.016671684046911012
0.013529607517598194
0.013032287109780308
0.013297402486307414
0.014259287571056238
0.013392274603047073
0.022079381939322257
0.023425392628948261
0.019756344056835535
0.0184411582854812
0.01511088282082162
0.012785701556913102
0.013347941259079087
0.015605252681319777
0.012017042378617669
0.01098296086907059
0.0097431732361682264
0.0090114536074558747
0.0088974501604899923
0.0094201670531089202
0.013117220795105838
0.014201270247494749
0.015893654456958884
0.020874067564474439
0.021507329723455669
0.021651572510463964
0.019984420888242954
0.030048704539832691
0.029489505006161223
0.022951440850832047
0.022422697830770787
0.016920015289279753
0.011786300680181704
0.0099581290224572648
0.0093252863934660934
0.010009659229352985
0.011882868304598972
0.014674363071807778
0.017218889648362219
0.022650893830603987
0.021630720975086164
0.027443276930351951
0.021292576995813269
0.01572419169372603
0.014532839854722439
0.012969404816180677
0.011848538502710464
0.014817985920471349
0.011652337966895382
0.0089139289787875508
0.0074986347144222797
0.0053351565897660829
0.0090327067112381341
0.015663717174422366
0.021056742033616151
0.02212649669216947
0.023286172892154212
0.024977470024809996
0.023695358167480546
0.033714484240869716
0.029195003956826695
0.025426100189143104
0.020238889584534792
0.013295771123960312
0.0098286730322854794
0.0076820959332757448
0.0070338025853658387
0.0078826033627003023
0.010419235508836258
0.014052140121236812
0.018278678338596852
0.028648049288915088
0.026624549773744382
0.030049492437894499
0.022873888002321228
0.018867793638205139
0.016789122536369494
0.01414336939904717
0.016949683862969363
0.013176971850464831
0.0088607535881900911
0.006729538929330192
0.0061072864758652257
0.0065204940099309232
0.006682642004297505
0.011974422909356491
0.018722485645157383
0.02480962929287019
0.028173504138397587
0.029809516486210275
0.015801313324952795
0.025361498344738817
0.018745688011203909
0.018626084737064518
0.017176787122134426
0.012732656236887364
0.0098124869226792061
0.0089060810414128364
0.0061652509630088616
0.0056647196283874726
0.0093875450661998136
0.0140082556491469
0.018530683082841042
0.028394100254787603
0.028809037462206259
0.032089500737546087
0.024063200393511376
0.018670655911391224
0.016523840073032977
0.01385529457527151
0.016005754981794459
0.01223351634769777
0.0081939150015529934
0.0061621576250786431
0.0057158433389674071
0.0069189103686194287
0.008163368549613961
0.01257369741160199
0.015026863482143467
0.017532243075103815
0.01935559942492043
0.020212836364801718
0.014307887687812611
0.025046946138697086
0.01848408220828552
0.01767650363671119
0.016994027399956254
0.012961899347626172
0.010933704207226601
0.0092317822335735711
0.0071846406659981932
0.0069586175312575209
0.011268857653308277
0.014565665043711365
0.018704445223472567
0.027605121389538724
0.027458025666605095
0.031154063979053317
0.022819735153123959
0.01762016770233224
0.015742807456107146
0.013462074636818385
0.015303111995347611
0.012217578546155274
0.0088108525998151638
0.0071819590464514381
0.0069818016393242413
0.0082376623034515033
0.0091528868036917354
0.012804667750006563
0.014966796950916239
0.017031824577554904
0.018491322963912451
0.019116635377994469
0.022889721339113427
0.029847184515535363
0.01776244177476544
0.016633965458188273
0.016963736609074936
0.0139537628266737
0.011565854660541199
0.0096013220679721217
0.0099189310653163779
0.011469625432208993
0.012863330259993241
0.01564006096623986
0.018775491953085591
0.025904327135617716
0.017299192803256681
0.021130254392499642
0.016559118415041894
0.011481213973421308
0.0145648341389551
0.013025372887288219
0.012896383083483209
0.013568442335851782
0.010619345180018598
0.0096363210563623607
0.0097167923986276744
0.010841602724626665
0.010334639062020591
0.013085936405118129
0.014626251009018711
0.019459712730877918
0.023526234320060794
0.024436347051768191
0.018934045836514875
0.024215301814849734
0.020798927959710521
0.016944057046725886
0.021677522248479783
0.015547711422452893
0.014384081196412929
0.013765939949781611
0.013761279020046842
0.014391592710538224
0.015540738597442745
0.017056028178117796
0.019732913531816988
0.021062348154325537
0.02122718263168584
0.025139918483306854
0.017560198260949098
0.013278008640948968
0.0083416392354216679
0.0085388635966926179
0.01039484267465802
0.012988528317336642
0.014611169768890158
0.01314108115090447
0.012838241806182675
0.011879614856522483
0.013015550542909784
0.015606080014496626
0.017996454405806928
0.020081323651768641
0.020722368923737522
0.021324906960029946
0.019831722807300219
0.026106651542287362
0.024877198995538651
0.014817225621560065
0.022063875091625936
0.021829780082919362
0.017738146357319837
0.018003858962588493
0.01824535212589545
0.018452434072240034
0.018570498753932907
0.014584084618047393
0.023228753477036245
0.023762493899291089
0.017887338422979647
0.020678071365514233
0.013159382351751105
0.01294885820074893
0.012831070127996733
0.013747680277768634
0.014581531797033847
0.012147457112845464
0.014084955642207353
0.01452378823795499
0.014740647585931788
0.014702861340306133
0.01595511017619201
0.016516882938997581
0.016375842996274152
0.021357790658424879
0.022333482488868555
0.022713797641114718
0.017151580557282844
0.021169353516119371
0.023083237742780684
0.020237004805378676
0.014481913383054788
0.017528100432244741
0.025123103667272377
0.022262760519511992
0.022711033728671785
0.022461861697688788
0.022324178598671657
0.025901709637156545
0.020514395929322988
0.016847840506931125
0.017099414723023929
0.021255576120989869
0.020177626583320386
0.014034369216346966
0.011936511842718402
0.013230855285433548
0.015957004582347965
0.014819317306739792
0.016405982959510398
0.017140210338616017
0.017254266978621112
0.016731821252157667
0.017327048174669023
0.015550866496514193
0.018551100277659025
0.017820431966307376
0.018015643808772949
0.018918416704785654
0.01295394492532094
0.013881987000094041
0.019536068415122988
0.02199193453849646
0.023765528683336989
0.019046411921561032
0.0233685194354444
0.026899964785894258
0.027244609256499006
0.026293634306181531
0.026128147214819271
0.025744755655363931
0.017218295103875403
0.019225409703951379
0.016998591363605365
0.01706608443875271
0.016632649754986524
0.014576403303950271
0.016597042217697654
0.012744514650841537
0.016899189022304979
0.020561048533956402
0.018218202587929104
0.019137947920859939
0.019133794753625092
0.018208355178446083
0.017315090294477302
0.019477880796182047
0.016218698597434904
0.015054328068660911
0.014618762070131649
0.013873196068530593
0.0095280441296305869
0.0093789962259308354
0.011682858965319915
0.020241373209286043
0.025396571966838262
0.023573593175118979
0.026760600618127836
0.027519749607138929
0.026645002590685914
0.024303336735760746
0.028428437571866094
0.02246718108124611
0.015847728225450487
0.016315211573426823
0.013992414338456207
0.013271625715297199
0.013259978436062575
0.01243041187914558
0.014589246094326843
0.017653598481677673
0.017683346326045568
0.021707578964820055
0.017532648338073803
0.020214333418083427
0.020092394814906392
0.01890457706873231
0.01864413764484079
0.019206005340981522
0.01509087122830763
0.013284008014330063
0.010852124895245794
0.0096574752164011683
0.0068227300111634651
0.0076683185116038187
0.0098348558685975307
0.01391457595939969
0.017512338389095071
0.022970946083103932
0.024350696279493305
0.026785070831058182
0.027677242382929949
0.023525756836324064
0.028118827764145721
0.022557237286360443
0.018809204837438562
0.015522126571707892
0.012857799370299204
0.010243643588348561
0.0094295104021387948
0.010430762485907488
0.013058383537444419
0.016537171862876652
0.018188096860340428
0.021972393127778395
0.022662333887343768
0.020203247618023605
0.019982768151190163
0.018713233812331871
0.019448154269014063
0.018038586631962946
0.014218189276469128
0.011237007495711366
0.0081932681610728045
0.0068069706954045376
0.0056527509905284819
0.0074015562961790363
0.011220126933119915
0.015429871114556955
0.018175739335134618
0.020924398159193041
0.018476150295546515
0.019108748658372841
0.018821911313956077
0.020594534904587167
0.019782125647615563
0.017339105929186232
0.018516315725966626
0.014068075824476107
0.010217158518263655
0.0075944380098197659
0.0071028349014457129
0.0090242570475406077
0.011860021923899263
0.01571436173779827
0.016899654664767904
0.021924643998936157
0.022154961600854652
0.026271750536617091
0.026858368887580569
0.025977924447068455
0.026610885957999798
0.019406322597823173
0.020277821388980519
0.014418370359619896
0.0093256443412540087
0.0062833162205365037
0.0062549235953180205
0.0075353515199315033
0.011504053782439891
0.015613273784282225
0.015734969807226298
0.020561342503095072
0.016794053078800792
0.017097317238447429
0.016786982123711797
0.018660786989889815
0.017606222668632692
0.018791014417366636
0.015347256851339895
0.012141533248648282
0.0074233706281300604
0.0063719326641492142
0.0064413580598375545
0.007428511559709354
0.011228228830722263
0.015630143807106315
0.025326129471821616
0.02529110964258709
0.027447526797126663
0.023441413704689527
0.023943076555006815
0.023386950680498265
0.023414980437321115
0.018902668696260123
0.016031243261002366
0.012847891109778853
0.0095652808871449085
0.0071446766183904603
0.0086261393968647213
0.0098804832718693732
0.012601270351680897
0.013086889304408879
0.017165730573323271
0.019398573993580588
0.014544378170543479
0.014472747772719244
0.014186854680999955
0.01612238431995754
0.015169721157450005
0.018589916434029484
0.016838546372990901
0.014308030813496417
0.011120661966528025
0.0095637222581764561
0.0086811418682405418
0.01045735798133066
0.016999924300330406
0.020614242263083796
0.02488065010139939
0.022961897983814539
0.022307298826871706
0.019342496838146709
0.022106025812091156
0.022474064463080767
0.019397748400605746
0.024045757313968078
0.014354725597698967
0.016948179839699214
0.011635208571024099
0.011208266668769656
0.013104841894875303
0.012626084450616849
0.011488760164328524
0.012869017523417925
0.016433185239067657
0.012672693157952625
0.012070016739753666
0.011635047009356754
0.011417885784494352
0.014594538092547347
0.013439178603699231
0.013686204318589579
0.018173840116697149
0.016843625132815461
0.01534338168220821
0.014041557118904847
0.013415707839667066
0.014592318774545397
0.019903105804389459
0.025058458495601274
0.022452144892339997
0.02222267106843644
0.020101831433756621
0.017807841184081991
0.017509728361104173
0.017310341694365565
0.016345540779630571
0.016621091516726024
0.020955389556608261
0.014402624012959261
0.013862375119529737
0.017594231469642545
0.015110879258572279
0.012785702391051557
0.013347941347418268
0.015605252618273214
0.012017042355978004
0.010982960886927857
0.0097431732253454289
0.0090114535815937723
0.0088974501356498675
0.0094201670400475088
0.013117220894305654
0.014201270806295027
0.0158936557061903
0.020874068336325727
0.021508791384566996
0.021651572205360521
0.017549497189833591
0.026708409002896769
0.026317557083705003
0.027220225671214109
0.021465451887955619
0.019002572106049973
0.016671683805874346
0.013529607525092101
0.013032286404509874
0.013297402176704977
0.014259287369019488
0.013392274944717968
0.022079402613554268
0.023425394838024367
0.017662808890330298
0.018441155776403331
0.021292576306835058
0.015724191758591501
0.014532839802444233
0.012969404829053274
0.011848538511953168
0.014817985869206697
0.011652337948523644
0.008913928944950595
0.0074986346724486737
0.0053351565381232913
0.0090327067446885085
0.015663717350409726
0.021056742638311587
0.022126497563756262
0.023286171322124374
0.024977468185415356
0.019984419034839024
0.030048702516654247
0.029489504296264232
0.022951440546802187
0.022422696764088711
0.016920014827094074
0.011786300630797058
0.0099581286830594182
0.009325285709339437
0.010009658418070435
0.011882868218982314
0.014674364135062894
0.017218891235331032
0.022650894043932179
0.021630721402533918
0.027443274583897677
0.022873887423212263
0.01886779342359831
0.016789122578602624
0.014143369540672067
0.016949683982116697
0.013176971813771676
0.0088607535282179059
0.0067295388811316912
0.0061072864352013532
0.0065204939250144206
0.0066826420056850695
0.011974423010061488
0.018722494481168379
0.024809628242495191
0.028173502178186097
0.029809515992801239
0.023695357093400961
0.033714482832414613
0.02919500372923799
0.025426100753138746
0.020238889434354122
0.013295770964202839
0.0098286728890249996
0.0076820957498274127
0.0070338022358479935
0.0078826027899309113
0.010419235611108054
0.014052141938665821
0.018278682717345791
0.028648047443692488
0.026624549979317555
0.030049492426768944
0.024063201305383669
0.018670656064309191
0.016523840161563701
0.013855294789691587
0.016005755159198914
0.012233516542562519
0.008193914925456184
0.0061621574738059829
0.0057158432697628665
0.0069189103907319758
0.0081633685419100939
0.012573697385618745
0.015026863528266238
0.017532243238186626
0.019355599505193027
0.020212836360619497
0.015801313506898593
0.025361497763722051
0.018745688145076499
0.018626084821370265
0.017176786780064946
0.012732656031005176
0.0098124868231176891
0.0089060808130939466
0.0061652508196819809
0.0048991521346347404
0.012522377292559627
0.014008257327771955
0.018530686831121562
0.028394102145614185
0.028809032722495412
0.032089498988667975
0.029679968885177065
0.022520920188030067
0.019440268400825283
0.022276594474030784
0.017117776294909421
0.010187131276040403
0.0062875022931602005
0.0042877634600979198
0.0045153686851316837
0.0069341114869288893
0.011223704806134067
0.010319237736922247
0.017240344392412822
0.020849814221544985
0.023483443290155614
0.024727113528253405
0.018757098659658439
0.032451915700173216
0.023799916507676707
0.026173648224211383
0.019702471608717572
0.012097960323726205
0.010274578758729981
0.0063281680854781024
0.0042911073903402087
0.0045020176941496463
0.0069089846019949139
0.017010062917406688
0.02163147620436711
0.032861068763480474
0.039286859238495758
0.040096555782204196
0.023003591269000662
0.014840479333653534
0.014072825068697106
0.018012693111024956
0.01834776685708827
0.011457440017698656
0.0086320999916002401
0.0073602789996954215
0.0078605082145240153
0.010048837961601475
0.013633245065586649
0.011415713104993126
0.020269652339565049
0.026139613243347719
0.029230622932229632
0.030701034188036047
0.028697204360047975
0.037532497966902723
0.027054092566951755
0.030629739189188352
0.019622509757091254
0.012135918480320567
0.011537688334442435
0.0086799721824774925
0.0073731214941744607
0.0078492656565458604
0.010017846765769443
0.019265332299063097
0.021768326753868004
0.031278759503434651
0.033231913917811259
0.028832721966084988
0.027856055600057293
0.021441930520020993
0.017208875743717003
0.010077509614717869
0.016054937226925699
0.013884403340164426
0.012561803505060698
0.012210256497744815
0.012914139840596786
0.01454850371272725
0.012448262876326237
0.017253808449510095
0.021084680648329867
0.022535309325014449
0.031160765400887334
0.032374701911353027
0.02693862328082175
0.037545080491316621
0.021563117332025417
0.029064818527082609
0.025026045305253403
0.021640236814041182
0.0085853036692911909
0.010674511699030144
0.012231753841672339
0.01290903773782474
0.019159423159480906
0.013946959799166244
0.016008845834815065
0.030593687939147254
0.032859765823075336
0.03611102755629568
0.017297737673456041
0.017459851345093546
0.017419906113285626
0.015974707468899393
0.016263565495422922
0.015729777695822428
0.020623439245778381
0.019375332524648365
0.016044630919553021
0.014488692592108485
0.017087488120312792
0.01719776034406971
0.02309545837672217
0.024530260993360864
0.023991163416406121
0.024403896394861627
0.021820778337440838
0.030839864974497866
0.026950805650306064
0.023283684125123872
0.022851897448294755
0.025242685133145877
0.023864820204338638
0.019354429622797875
0.019554785202198308
0.019961264601922327
0.020175005541821299
0.019853252674353769
0.027453501061377606
0.026438624861071569
0.023865543318891545
0.027144482605943758
0.02381000867737685
0.019520690178995458
0.022038267363947681
0.015924341474542525
0.017608490591689924
0.020577805373648284
0.018114086213411186
0.01898881524760055
0.019173783796988132
0.018644099675180496
0.020478235485160257
0.022874884030831825
0.019590623985298993
0.021167632243566187
0.019898406676673332
0.019849225501288367
0.019640862047390333
0.023998906440082492
0.025547371683343575
0.02413398656657887
0.02239458746061801
0.024789727199605115
0.029882714280148454
0.025709903380729243
0.026272876857458053
0.026038335872759857
0.023600418064832714
0.029437610046714299
0.024662014856905862
0.023779547339224629
0.025504014732087847
0.027519574586656177
0.018526750094642726
0.015847264010757856
0.016897521843350173
0.021731288644270343
0.018610829116395368
0.023342548628916156
0.01947773033328631
0.022558699781744636
0.022609458153675061
0.021425790453530873
0.021133571657192204
0.023739476515086323
0.017979161945170512
0.016800751503488899
0.011943329599339789
0.011895913004894978
0.011356862809243154
0.012822014657459017
0.02000164632698595
0.024739965915393632
0.026012130113992202
0.023801648451013884
0.027774830578343533
0.032287938701396471
0.033236662730175733
0.032449636051744175
0.035741222490058178
0.028423126441940214
0.025697071428814364
0.022559744615124944
0.020013410964543319
0.020877040675362061
0.011762325650545549
0.011832989659960906
0.014226463066675379
0.018762219996246991
0.020685417533942294
0.025625044683077639
0.026763511567565283
0.024899063610572637
0.024807476459118016
0.026961840702689647
0.023065743521449661
0.021414706455932263
0.018285872968992513
0.011176894149503843
0.0081063028614806604
0.0069302023536787771
0.0067938170181789537
0.0075600078479520086
0.011288466812007783
0.02235495406447438
0.028882435600031398
0.034875622711108008
0.032749408328512614
0.03419273397537223
0.03337022085013807
0.030452376216241285
0.03478229593460435
0.026135318055566757
0.023926458313623746
0.019006823868637442
0.015006278318380353
0.012798195297585899
0.0071720321025679542
0.0085712224330080477
0.012418682504469774
0.017231032291518997
0.024208849132555037
0.026779139389402434
0.028079711295889497
0.025655235742302312
0.025436183646097375
0.02678263195322704
0.024100279486071172
0.02165794847579481
0.01673030176888942
0.010466214816917802
0.0061327318225351908
0.0040029947561045724
0.0040145875845467886
0.0056525674040737127
0.010107699256332602
0.016228905533160729
0.023739129593872657
0.025820837755558376
0.031176227375751951
0.03439748208655212
0.03529985988512923
0.029841410348670248
0.035415762146232002
0.027834656217996547
0.02219151415750676
0.01570286268041627
0.01124054121611999
0.0085776797209627005
0.0043326358312033983
0.0067883418137201492
0.011594633012510746
0.018248526123186511
0.024616861736194061
0.026451527560128228
0.0292021375398487
0.033957408789400186
0.03480434637674143
0.031570884215059797
0.033216576673557811
0.025390416766318275
0.020924925876928943
0.014475336876539908
0.0085360511242402615
0.0040099422620196792
0.0033919104843646987
0.0057768286900037715
0.01044514599385025
0.017019649531315417
0.023418912988470861
0.025506162795209446
0.023476030998421552
0.024718119608409986
0.024403521020497806
0.026482047430109148
0.024875133883923192
0.020419551404518909
0.021066928252125115
0.013784524253682612
0.0081477680584327982
0.0046933702854545312
0.0036534252322629273
0.0059920377430060017
0.010671562377811474
0.019348700942523073
0.028541540094516829
0.035573742074349345
0.034393536166563772
0.030312154407708337
0.03118951238918085
0.030297479071342545
0.029033610691966142
0.025314680940250883
0.020992468090002527
0.012571148381692458
0.0099464743764700533
0.0071873598260986625
0.0054667775573084146
0.0065973631705745156
0.010364185473888159
0.017493483076649805
0.019455032848297305
0.024656782794839419
0.021412899596186773
0.022229085604252602
0.021866047525633633
0.024442378667784845
0.022431246667048692
0.022697582416050934
0.017250511803219612
0.0098100803000458116
0.0057841913110460901
0.0037081883852436021
0.0062929286625626997
0.0092349267937323724
0.016089481210155989
0.023942008938846262
0.032180564460425026
0.028826788630509911
0.029448801252946719
0.0281236583145433
0.030278914562201928
0.031179810518431238
0.028018124769973056
0.029631862663811962
0.026070619380367085
0.016167109961965517
0.012023061516303836
0.013429823221940768
0.0096734540621511191
0.0082088147254773033
0.01085241288102856
0.018260865321196168
0.017689741270050723
0.022686571440399438
0.01829251555259272
0.018559416824961865
0.018203401116971978
0.021203339824687795
0.019333695104492236
0.023373457259916002
0.0192955487325293
0.014075119710298767
0.0076441528257324854
0.0063369482083127484
0.011923142573393643
0.0163919118335807
0.022038190408290984
0.024688928875548306
0.023901134333197516
0.020842678120168479
0.025653830778461832
0.022166116987005983
0.021903111239228674
0.021509043399390741
0.018011762266820445
0.026429470969854665
0.027693582955264952
0.025447188007723637
0.020386857868535245
0.021906656124894043
0.015371542274170286
0.015411650420386032
0.017135842083494165
0.014814850049732629
0.015957262253396828
0.014566935091374703
0.014588772388036297
0.01426446145240364
0.013969282014242135
0.018151451540335335
0.016061075634814865
0.022266081601312823
0.021355602867663095
0.018979653662006216
0.015755890063296342
0.012244138234137059
0.017706514528788693
0.02635788451970501
0.030894838700702344
0.023629727704522801
0.019385464045957295
0.020630908206945315
0.02008282339328632
0.015788841474870662
0.015169139228280878
0.015422154957064053
0.01647761680448237
0.01564924635930369
0.025368402835189201
0.029130989602264169
0.021035790987625279
0.023472330091794402
0.019079575694236767
0.015792808961475373
0.015890658537758486
0.015239043168044751
0.017334730333408009
0.019322300460228828
0.01713245324906499
0.014114894241088149
0.011964650648666749
0.0077121234862111985
0.013800350316025721
0.015083443202469992
0.023054090230820893
0.022758326533411463
0.021859255395206889
0.020867948547142637
0.023760638197927501
0.038234101403639524
0.037239571042168067
0.024540120385572149
0.025106230584899251
0.019337201088764085
0.011321995825458156
0.0094645820331839235
0.00932560028954201
0.011298212253167721
0.014479226151177959
0.013816139863789016
0.017936736348246961
0.027593971513530897
0.036388703027899046
0.035599059021564738
0.027864799089171336
0.023105002768726506
0.017171604234161537
0.014836445068246816
0.020100471212272101
0.01592252076799977
0.010785460761080865
0.00860446704888977
0.0080304257490287911
0.0072775947069178108
0.011437515889748428
0.019715014459752617
0.019040586141285044
0.028064562740580789
0.030084971395064719
0.030776737668552271
0.029126529416338847
0.042174029869211579
0.035149509920326574
0.031861162212703568
0.023921662848855611
0.013620455668315339
0.010474968011332441
0.0075105762976477169
0.0049752240181078393
0.0045952822654953566
0.0084127228334306917
0.016458412797623664
0.021565337050607009
0.035502347931643793
0.03146401073189431
0.037772918752879255
0.027622453406565144
0.020719842351733651
0.02010499793184917
0.018002985687926326
0.018399172814065872
0.011671410190453394
0.0074476458684510005
0.0049581368054934967
0.0046077698306708067
0.0064416156473692957
0.0085796687115306438
0.013453086739180442
0.024399406391108162
0.03001261058842207
0.034315905315097685
0.036658720010254643
0.01998884125703377
0.032496597576391166
0.023516240714033375
0.02674485308163816
0.019961488391956585
0.012602893603630261
0.010359411858620608
0.0059182114721844752
0.003451725563085485
0.0033637299235086552
0.0056461621700217594
0.016061560567239536
0.021384089103946805
0.032560056684162918
0.03984024762288272
0.041014198401831327
0.030767228241936347
0.023492232255590838
0.020202443186862862
0.023461712119484467
0.017934476788122048
0.010262053589001589
0.0058730574085785843
0.0034475036865335425
0.0033774586738649277
0.0056719358754643593
0.010027766139840374
0.0094222881912268269
0.017197106387931874
0.021206033740402572
0.024184579627716932
0.02566573952592454
0.018757098701381418
0.032451915286117017
0.023799915488424073
0.026174222507830823
0.01970247267432888
0.01209796079122928
0.010274578923525726
0.0063281681225873746
0.0042911076500824173
0.0045020178374272669
0.0069089852913520886
0.017010039109469889
0.021631470070800206
0.03508971250801423
0.040811733803255895
0.040096561321164931
0.029679964308441498
0.022520920087091414
0.019440268262181235
0.022276594583920915
0.017117776427661099
0.010187131181742793
0.0062875023587622373
0.0042877635271049387
0.0045153889026570007
0.006934111546701623
0.011223705119962814
0.010319237775965101
0.017240344170594453
0.02084981391429214
0.023483443434986841
0.024727114150056
0.028697202686788083
0.037533251688227284
0.027054093279951605
0.030629740139440136
0.019622510837976354
0.012135918234486703
0.011537687370062538
0.0086799725025911833
0.0073731217598378583
0.0078492656096575911
0.01001784705532505
0.019265332638174246
0.021768322599842842
0.031278763160642611
0.033231916610545455
0.02883272186895372
0.023003593240236739
0.014840478874371324
0.014072824691157728
0.018012693277437295
0.01834776712625007
0.011457440186700266
0.0086321000654204453
0.0073602790432412551
0.0078605082432787274
0.010048838052369504
0.013631592672593749
0.011415713030897414
0.020269651742302226
0.026139611671170883
0.029230620616667227
0.030701031291398902
0.026938624012581784
0.037545081697265142
0.021559593042826081
0.029064817515551105
0.025026046681515843
0.021640237766697771
0.010852708298287076
0.012610027547522818
0.01223175410426048
0.012909038318417687
0.019159422654385357
0.01394695931369889
0.016008844087469255
0.030593687403503576
0.032859771982372027
0.036111021338386562
0.027856056598437248
0.021441930548629952
0.01720887556937558
0.010077509788735634
0.016054937095144418
0.013884403422951087
0.012561803313143518
0.012210256805592639
0.012914139971582909
0.01454850379605065
0.012448262894927448
0.017253808366381317
0.021084680664144085
0.022535309317131758
0.031160768099934455
0.032374707742331102
0.021820776880189977
0.030839866320550299
0.026950806941229411
0.023283685681226868
0.022851897257421133
0.0252426854012088
0.023864821487566041
0.019354429871047241
0.019554784813918053
0.019958362777985465
0.020175005523475748
0.01985325170923314
0.027453501212520444
0.02643862719324433
0.023865542580890114
0.027144480536120619
0.017297737367392794
0.017459850992231261
0.017419905424005632
0.015974707776176496
0.016263565939665187
0.015729777947991356
0.020623439401077141
0.019375332500457212
0.016044630963152211
0.014488692657248186
0.017087488188809379
0.017197760563311862
0.023095458507603108
0.024530260457863842
0.023991161304876461
0.024404258729851712
0.019640862805905383
0.023998903438106102
0.02554737150314566
0.024133986999188714
0.022394587579977594
0.024789729621724616
0.029882716315308758
0.025709905430639488
0.026272875883383593
0.026038334898091393
0.023600419683060946
0.029437609348389328
0.024662014382474527
0.023779547369239873
0.02550401425117186
0.027519574451523265
0.023810009280139363
0.019520689784765396
0.022038267463139079
0.015924341404487091
0.017608490944435624
0.020577805580615685
0.018114086333572001
0.018988815296131785
0.019173783849834324
0.018644099589258684
0.020478235658379279
0.022873014757262333
0.01959062394381849
0.021167631882525861
0.019898405233602964
0.019878247929920087
0.011356864416171368
0.012822015049368352
0.020001645402346505
0.02473996639790569
0.026012126974761483
0.023801647110010975
0.027774831032629021
0.032287940866687188
0.033236662369044635
0.032449636499988624
0.035741223298671645
0.028423126901014714
0.025697070775819831
0.022559744533413365
0.020013411301284638
0.020877041154246104
0.018526751003041488
0.015847264669838417
0.016897522399681449
0.021731288562657713
0.018610828736794035
0.023342549340702921
0.019477730637505335
0.022558699940261016
0.02260945821432251
0.021425790626037722
0.021133571737849403
0.023739476408676671
0.017979161481698643
0.016800752158219717
0.011943333056563666
0.011895918392070737
0.0067938177181390601
0.0075600078183157204
0.011288466314035125
0.022354952855804293
0.028882435699469078
0.034875621628125422
0.03274940751814031
0.034192733909234267
0.033372856350411907
0.030452376127618152
0.034782296666675365
0.026135317839980653
0.023926620033384353
0.019006823663573803
0.015006278196308129
0.012798195382078038
0.011762325813892598
0.011832989837391006
0.014226463158984352
0.018762220121445072
0.020685326782594902
0.025625044506702548
0.026763511831245767
0.024899063716959161
0.024807476495241742
0.026961840857064989
0.023065743440271694
0.021414706315880563
0.018285872805835397
0.011176894148774815
0.0081063036082659017
0.0069302039787553773
0.0040145876531009032
0.0056525675768746798
0.010107699343013121
0.016228905320098849
0.023739130236779656
0.025820836251748407
0.031176226894648915
0.034397481497890264
0.035299859723628077
0.029841410284064507
0.035415762778990806
0.027834656440005802
0.022191211892686535
0.01570286270869305
0.011240541084107606
0.0085776796081355119
0.0071720320582130317
0.0085712224079742428
0.012418682609485122
0.017231032809780378
0.024208848883086859
0.026779139585874714
0.028079711162478729
0.025655235925499675
0.025436183553411772
0.026782631820163175
0.024100279256925896
0.021657949254631464
0.016730301974372655
0.010466215151596287
0.0061327323438405508
0.0040029951010041613
0.0033919106667825924
0.0057768288854447439
0.010445146022768385
0.017019649516110669
0.023418913191626468
0.025506163170988187
0.023476031538106273
0.024718119765377706
0.024403520965109417
0.026482047291552971
0.024875133422025415
0.020419551093018084
0.021066927976544688
0.013784524053106892
0.008147768016354447
0.0046933702540172895
0.0043326358575351727
0.0067883418597951481
0.011594633103365526
0.018248526245943687
0.0246168616622237
0.026451527551238786
0.029202137525772807
0.033957408880886025
0.034804346420461686
0.031570884408178741
0.033216576878504309
0.02539041721709458
0.020924926369995323
0.014475337534036856
0.0085360516044930487
0.0040099427390079519
0.005466777630273977
0.0065973634849712014
0.010364185786505688
0.017493483054213731
0.019455032597932083
0.024656782842163279
0.02141289973736011
0.022229085577978692
0.02186604743413112
0.024442378640220176
0.022431246428435758
0.022697581837688139
0.017250510488060897
0.0098100795266295622
0.0057841912000820136
0.0037081884010755615
0.0036534253084558681
0.0059920378324285328
0.010671562614786068
0.019348701271507122
0.028541540394544984
0.035573742214075631
0.034393535858574902
0.03031215439429627
0.031189512466792801
0.030297911039677081
0.029033611327461045
0.025314680382233251
0.021581148948235242
0.012571148382704169
0.0099464741627807544
0.0071873600604561083
0.0096734534843387152
0.0082088143208139223
0.01085241275322908
0.018260865423864171
0.017689741478295402
0.022686571895107761
0.018292515762299504
0.018559416807999492
0.018203401041928
0.021203339925350777
0.019333695301873049
0.02337345701006642
0.019295547114645126
0.014075117595995593
0.0076441520378921065
0.006336948348539745
0.0062929288192126401
0.009234927121697099
0.016089481913045767
0.023942009683663557
0.032180564403996095
0.02882678789313238
0.029448800671393511
0.028123658015370076
0.030278914386190618
0.031179810756189769
0.028018124332497417
0.029631862247215403
0.02631267373744009
0.016167109276536258
0.012023061026858772
0.013429822897118878
0.015371542540632986
0.015411650468947827
0.017135841918359106
0.014814849924290538
0.015957262108587267
0.014566935086150633
0.014588772355354808
0.014264461389797766
0.01396928194680408
0.01815145151787487
0.016061075943311152
0.022266081715329435
0.021355602654084711
0.018979650613107107
0.015755885957679776
0.012244138140980777
0.011923142381295375
0.016391912821041361
0.022038191064636985
0.024688929012148256
0.023901134129032272
0.020842676868494378
0.025653830267036055
0.022166117658187465
0.021903110964903119
0.021509043431846373
0.018011761882665074
0.02642947042065345
0.027693582786909272
0.025447187461970461
0.019251314885288452
0.021115896828908982
0.019079577858829994
0.015792809458310134
0.015890658616926893
0.015239043148673005
0.017334730595192371
0.019322300294715128
0.017132453214611636
0.014114894013197942
0.011964650661765072
0.0077121232704677163
0.013800350464449523
0.015083444103705391
0.023054090847838955
0.022758325220156375
0.021859251138208302
0.020867947711307216
0.017706514841091148
0.026357884863681433
0.030894837655529733
0.02362972727179169
0.019385463281318498
0.020630907762279035
0.0200828231567509
0.015788841115991614
0.015169138241766158
0.015422153942798339
0.016477616453319868
0.015649246573284602
0.025368403690787383
0.029130993287213646
0.021035792662042065
0.02347233222715207
0.027862343212086641
0.023105003289921423
0.017171604104875116
0.014836445057318784
0.020100471143009713
0.015922520712515785
0.010785460697666846
0.0086044670146137071
0.0080304256873148412
0.0072775945474934439
0.011437516216341294
0.019715014691585497
0.019040587116989031
0.028064569221722381
0.030084979140869765
0.030776733242654696
0.023760636014242012
0.03823409959424913
0.037239570297309073
0.024540117402459975
0.026055341843523323
0.020895417375480892
0.011321995419105635
0.0094645816024027905
0.0093255998273842275
0.011298211510187327
0.014479224929707169
0.013816138176447897
0.017936739932486487
0.02759397325246386
0.036388686931790405
0.035599068498471713
0.027622453227493213
0.020719842287425981
0.020104998012898435
0.018002985657701656
0.018399172778523799
0.01167141046164253
0.0074476458230497023
0.0049581367754441734
0.0046077698032936133
0.00644161551520316
0.0085796680506564568
0.013453086801744526
0.024399407367264654
0.030012611842481614
0.034315904047017808
0.036658722050642044
0.029126530011121265
0.04217402863770281
0.035149509480848988
0.031861161058253207
0.023921662119622898
0.01362045512805924
0.010474967648117157
0.0075105761445816701
0.0049752237918274387
0.0045952816664946057
0.0084127216010065394
0.016459831543863615
0.021060572602102343
0.030840193203575044
0.031464003261270565
0.03777292443263381
0.030767233256222392
0.023492232318724882
0.020202443258426694
0.023461712071744602
0.017934476665592867
0.010262053621741948
0.005873057346931854
0.0034475033943152742
0.0033774586414930495
0.0056719358656872653
0.010027766123891975
0.0094222880612540687
0.017197106410360086
0.021206141489552598
0.024184580330020855
0.025665739896021573
0.019988842449866824
0.032496598421492037
0.023516241835458557
0.026744849734089228
0.019961487090008133
0.01260289317711262
0.010359411733352808
0.0059182112837921049
0.0034517253500060399
0.003363729646669809
0.0056461613212150227
0.016061558225299848
0.021384093592804253
0.032560070156599785
0.039840234674429952
0.041015123687773908
0.034974779990211334
0.026304888463045094
0.022312419908600112
0.02782282585784894
0.015293121643421597
0.0088131522744565611
0.0041728575049262339
0.0020198202611680888
0.0027038555160496885
0.0061252436256694293
0.011816480250041591
0.013081936821472809
0.018553836098681862
0.023688384003698857
0.027259077104932531
0.029015426182037077
0.022255799846282186
0.038210161735410794
0.027830062961609989
0.030018618053693956
0.022110576290677076
0.014757646534176992
0.0089075439491163588
0.0042067028652203039
0.0020233827571663203
0.0027020109825229978
0.0061171115354530575
0.0128200227353683
0.025769941210010514
0.031720399955283272
0.047861446910746078
0.046839351933596118
0.028257445861976063
0.018264689762858572
0.015580391127027504
0.024954563667082166
0.015456173578507501
0.010316820160543203
0.0067936070932949014
0.0053692582715512902
0.0062953769113306612
0.009423602482522133
0.014310266872990423
0.013680915665814201
0.021800218915703731
0.029494079375156131
0.033419356121091898
0.035330040364555775
0.032988296738453562
0.043259557610637191
0.030637839237636712
0.036577298792969844
0.027591843285838816
0.011885289866196008
0.010414620247596937
0.0068442739609149315
0.0053854248924835712
0.0062946821402078863
0.009404810045714378
0.02047016608448448
0.023971641168971793
0.033528442037798728
0.039141275004466222
0.034961812806591816
0.028389988996950923
0.026232161555302058
0.02306706812352867
0.02047772153290453
0.016875663854652355
0.013423873422680794
0.011555573056594418
0.011084784747282578
0.01211708148502073
0.014475004527122814
0.017830929933613935
0.016604728449111456
0.02308147051856093
0.031454185942498589
0.034451840602959839
0.03582489045609679
0.029378295029694839
0.042194588375092011
0.036106964600147687
0.030414490129559813
0.029098286898418969
0.018637899779255628
0.013515340040177652
0.011623563769133729
0.011116512557655762
0.012119560068765618
0.014450636162687694
0.01844370021446556
0.018060058344805695
0.037415959154842297
0.039409348485689513
0.043253812060598841
0.031685125826592248
0.020859884248531715
0.020221512788628822
0.018035850479610555
0.027528766436505574
0.017996766338551129
0.017777125040384565
0.018327952253715772
0.019314940685514145
0.017221619013215398
0.016051982809141063
0.018744327550424131
0.025333099853019958
0.02422447995846708
0.027761027505092743
0.029735180197778845
0.029128398254817504
0.033616734391847834
0.029634496280937582
0.025773866637201753
0.029677300139050573
0.028009358872742494
0.025884988750875207
0.013887985332539526
0.01836429953752473
0.025799353164040251
0.016294438164053265
0.020496063942930666
0.021774172382555385
0.031514058064570104
0.030303620336804327
0.034909941718304659
0.025425229324295615
0.020680003917781613
0.022028505680635448
0.020781053286036175
0.018483926277597956
0.020851567871570317
0.02068149619179608
0.023139766752577121
0.019908263747983698
0.019682789818685861
0.020962823661665572
0.025139453509553277
0.021053164674261042
0.021566718793875467
0.020561483905935849
0.017349100317412075
0.016485989725555272
0.02270183873299628
0.027006112354281655
0.025846093337427867
0.026308296551298675
0.027929544775792042
0.033507084620521432
0.027864059247899801
0.02849577467630808
0.028327811512756811
0.023359577930791089
0.023765835435805658
0.026832043847099269
0.037825894965889638
0.028928005333904494
0.030765980670206458
0.018237990100045547
0.016223770573458317
0.017085167420367149
0.021333122243405944
0.022619660691331412
0.024905859326566263
0.025196951189373346
0.024702464538380518
0.024818944850557603
0.027547855284075232
0.024142314872539029
0.023523236823518024
0.022225621901987715
0.012741864865566305
0.010416362290316252
0.010243544315671389
0.0097476657415310076
0.015145811478472153
0.01672654322318767
0.02716459097728785
0.02878546223604787
0.033795206685682241
0.028161062907821815
0.035156214733300793
0.036180473313236171
0.038700590583332431
0.040627564670790699
0.03033361375023964
0.036867568007337738
0.024498084234043323
0.022162512943922769
0.021770146998497147
0.010817430505503553
0.010978554337426507
0.014027120460786094
0.018402816434212953
0.027788085249445701
0.028189114495786254
0.029398006926773666
0.028127087324673675
0.028086979622725446
0.029852499878070766
0.031883254441889677
0.024175194425631721
0.019625691945116316
0.010518800231036123
0.0068669479821386976
0.0042408912300895031
0.0039247230721609037
0.0065024355250930775
0.011781594681474931
0.021330322752491256
0.032084293259124298
0.040435738043159475
0.036874296056767883
0.038878043135383497
0.038194831936161196
0.034974611173258965
0.039343393050702891
0.027986153087256466
0.026394948915577331
0.020161070985514569
0.013757798775807035
0.012157676631242445
0.0057462578733279944
0.0079345145649070328
0.011924098372511072
0.018538665519606427
0.027216583663804379
0.030225267236617084
0.031891245197711755
0.02963595525170817
0.029446285211887139
0.030988009898671363
0.031095226482506812
0.024369882746328658
0.018373721520198685
0.01013087430054418
0.0045587076338108462
0.0018140791188802283
0.0017853731933352422
0.0042937208664695992
0.010483635090050325
0.019267422550485913
0.027809487951741124
0.03272624585825324
0.03638667296387911
0.040094115520714693
0.040906554688505251
0.034532981990361748
0.039202513373125358
0.034395869614365908
0.025397689430005109
0.015587321797062594
0.0096797060107889372
0.007000663731788293
0.0020713429232612321
0.0056449393255623677
0.010486746584722106
0.019834248221358569
0.027962790519662471
0.031032218702493512
0.034898440168791331
0.039818797849308557
0.040876740143791016
0.042311993193201891
0.034194097054820322
0.034497845025795081
0.023266708958627699
0.015084671174639097
0.0070823864368643793
0.0038505380398347793
0.0031610359345075408
0.0047331703005350032
0.010310867500249761
0.017826743818628681
0.025918173332415279
0.026710887480493824
0.027269842494661283
0.029007841228113385
0.028696590701735688
0.031056434469098417
0.029178569870977715
0.029986835757991586
0.021826086128541502
0.013063705368491883
0.0075546428456226226
0.0023527624375068094
0.0018935847505902805
0.0044749900921628727
0.013791146472667963
0.022461198225454344
0.0316940083395972
0.041637554183507015
0.041079825439124654
0.035698884731365774
0.036931486745636739
0.032824423737207856
0.042416366392848022
0.027923216434549768
0.022110054828309432
0.014837183809911862
0.010350052504312151
0.0068015167489930686
0.0056519598685634857
0.0065751439658423066
0.01081095413154997
0.015212622894951426
0.025588588543989762
0.027545725099146708
0.025078320622354572
0.026337262670596984
0.025951738301261823
0.029213126660026761
0.032956975540244786
0.02580567850795891
0.016695986124835815
0.011628008434331542
0.0056388348050025539
0.0022085472689980195
0.0056481965464507877
0.011455694036607462
0.016987114020908665
0.026031261367332949
0.03193319658376953
0.035091973687682819
0.033749792190974882
0.03353074606689898
0.033840076785278873
0.034599003088679296
0.029352378336805679
0.03553380614236145
0.031179754527720475
0.017295422190299274
0.014806307587663024
0.016330583124806154
0.012050183427615607
0.010890011331035017
0.011687069513004624
0.020037799379831224
0.019437605211724367
0.024946389950269453
0.021431800898752261
0.022021368254511293
0.021619853738182017
0.025658421080690448
0.028524151801068792
0.026557036827403919
0.021895097227046894
0.011384341979208852
0.0094081179274276214
0.0067060327699049096
0.01050255720864844
0.018712345996749459
0.024151103724123445
0.028425451032438414
0.028758904640825544
0.023970756042661835
0.030975488926661313
0.025906339898729973
0.025704402546672174
0.025130119665622369
0.021760268913265147
0.0268976248211866
0.028117840458571672
0.029285026341233433
0.021320808860541694
0.025507326550175461
0.017175438316709937
0.013804605304152305
0.019612681701451574
0.016150231439318936
0.017030297579667387
0.021417402692308189
0.016882104125505362
0.016710806588417924
0.016353057012845472
0.020939623642902305
0.019030019317681425
0.026530821161404542
0.023753036102146109
0.019997271111134356
0.012606153781049987
0.012010262458234892
0.021171513218788674
0.029993545528594498
0.030098281115499514
0.027980374455987365
0.030322705920349566
0.023899147298713289
0.02088835626654395
0.015754428251694826
0.017851458052696969
0.020762265944266743
0.01822360037419438
0.016924723125792112
0.023691641716139043
0.034073758263230107
0.024518815852762315
0.032461376973383749
0.024625480528703309
0.020097666419307318
0.018116814595048287
0.016663268963902484
0.023932194644436727
0.020716201341652009
0.019548749542106208
0.015692290853431747
0.012734887619349659
0.014951021125305533
0.014274793944540684
0.024478907635157383
0.02544335969196453
0.025366799406050258
0.024526898158227627
0.024095022836658431
0.026402043676491134
0.043334289103014373
0.036107076675588171
0.031607028688604905
0.025787970484145849
0.017905840884018625
0.011491186786435842
0.011188929045943038
0.0089020007852695961
0.0084683627398476086
0.015645892205185571
0.018111550448928048
0.019644050386507048
0.028721685708252957
0.042846426931465065
0.039067490969126484
0.030927966643046711
0.02406988438419454
0.02424595064601889
0.018052809442189104
0.019349856872811735
0.014777480672392002
0.011083282048992296
0.0088561996817389729
0.0084720819826178649
0.009970122079675979
0.012738028863890883
0.015412297470405302
0.020396600766140027
0.031229675186103169
0.033574120223716655
0.03441070802673573
0.032927411000847201
0.048385137897248215
0.040258345567503247
0.036364957465802629
0.025549417462763509
0.01432411897193304
0.011355199754143562
0.0065512734068155177
0.0039118699942302191
0.0038693100264803495
0.006397401023976533
0.017409175052932952
0.025589333672561689
0.030090298913023086
0.038387146765754616
0.043747794795659295
0.031935850753546907
0.023764890143699445
0.020591319406513441
0.027663741680340335
0.019483431711291879
0.011220415476619333
0.0064806405835279718
0.0038908891601399423
0.0038750439422495647
0.0064266597508056611
0.011192450659965873
0.014456998928608253
0.026676732980287846
0.033376525142403621
0.038543039763594453
0.04138769576124697
0.02302188903629173
0.037905053705331218
0.027393326841292476
0.03053029905666451
0.021092686416072665
0.014659756878282167
0.0092372430788335239
0.0041044155383000705
0.0015085205950072058
0.001854596808891526
0.0050651950558365773
0.013093721895217512
0.026242064982927017
0.033879308713258213
0.047330303288438381
0.047622799591311819
0.035736634854402351
0.027062849040858664
0.02296192944712331
0.028399334135355593
0.015989101129411615
0.0091290886846536207
0.0040639695576989753
0.0015037093584377703
0.0018587685673963988
0.0050777358464979341
0.010725137946558976
0.012762215067179856
0.01867317863992388
0.023818068753017726
0.027671353201276058
0.029644613208159087
0.022255800146895845
0.038210160417768424
0.027830060218680716
0.030018622435177261
0.022228165889312857
0.015387111498034749
0.0089075433098003403
0.0042067025288000997
0.0020233828250544117
0.0027020109923341852
0.0061171124873643052
0.012820025883450527
0.025769936612394441
0.031720396534740312
0.047861450226602383
0.046839351485531075
0.03497478218780236
0.026304889051601429
0.022311806797774184
0.027822825809594214
0.015293121506478737
0.0088131522356197072
0.0041728575033147365
0.0020198202779520514
0.002703855891662485
0.0061252436851907104
0.011816480441396007
0.01308193694684512
0.018553836151118518
0.023686541534664263
0.027259076649252312
0.029015426800285446
0.032988297136558362
0.043259560079396492
0.030637839638627137
0.036577302291137329
0.027591848464429365
0.011885289570663338
0.010414619919777103
0.0068442744972761239
0.0053854249822791059
0.0062946825944322658
0.0094048106267033867
0.020470173712199797
0.023971629131964687
0.033528436993694434
0.039141280031850995
0.034961812551477553
0.028257448170525976
0.018264690150135585
0.015580390715430995
0.024954566579677304
0.01545650463401242
0.0103168204250849
0.0067936071513121947
0.0053692583011240892
0.0062953769762941402
0.0094236025671828785
0.014310267061138925
0.013680915735701916
0.021800218433634517
0.029494078320279643
0.033419355162841599
0.035330040873016659
0.029378295049438598
0.042194588434014406
0.036106964219193224
0.03041448424206868
0.029098292038486989
0.018637903809330482
0.013515339534937264
0.011623561674705742
0.011116512798698368
0.012119561069054399
0.014450635461635832
0.018443703496634021
0.018060052666475854
0.037415955545862564
0.03940935050999244
0.043253809535564722
0.02838998843252746
0.026232161627171745
0.023067066955859673
0.020477722878390042
0.016876106312553717
0.01342387327554481
0.011555573011029227
0.011084784773520574
0.012117081271872096
0.014475004612929823
0.017830929609096807
0.016604728416165556
0.023081470439215199
0.031454185808343867
0.03445184068634459
0.035824891034909295
0.029128398826701346
0.033616735715945055
0.029634495749603654
0.025773866801108745
0.029677531292407522
0.028009359650907045
0.025884989070939664
0.013887984552110886
0.018364298604804662
0.025799352512273457
0.016294437997814881
0.020496064202272186
0.021774170079704388
0.031514057443326485
0.030303621539304777
0.034909940831596972
0.031685128766414994
0.020859885472474908
0.020221513001404044
0.018035853447621722
0.027528761452056998
0.017996766663964055
0.017777125106354701
0.018327952248321882
0.019314940927076391
0.017221619069904232
0.016051982872487384
0.018744327616582721
0.025333099878722076
0.024224480168845236
0.02776082298016512
0.029735181130834214
0.016485989884740305
0.022701839606645163
0.027006111394073194
0.025846089014583264
0.02630828075119564
0.027929545435106746
0.033507086223382603
0.02786406129984307
0.028495773495824474
0.028769197884714395
0.025513214382276144
0.023765833852225686
0.026832044542437365
0.037825893458576579
0.028928006213049081
0.030765981376050106
0.025425231503383362
0.020680004996640439
0.022028504896446918
0.020781052362543417
0.01848392748509721
0.020851569258097814
0.020681496491478671
0.023139766909950062
0.019908263832450476
0.01968278989481104
0.020962823701979331
0.025139453570503043
0.021053164917024966
0.02156671909519493
0.020561483470466855
0.017349100050800786
0.0097476662458388375
0.015145812872790895
0.016726542125065583
0.027164590070810218
0.028785450162763342
0.033795198501872771
0.02816106155098206
0.035156217683017077
0.036180474496509671
0.038700591194004659
0.040627621778653089
0.030333612702649202
0.03686756762412844
0.024498084292575842
0.022162512626711671
0.021770147279601151
0.018237989703379257
0.016223770176167315
0.017085166000853965
0.021333123442832787
0.022619660096056544
0.0249058598709616
0.02519695134711545
0.024702464878575168
0.024818944985900451
0.027547855318172478
0.024142315296958431
0.023523236952135908
0.022225621967646408
0.012741865064489693
0.010416362982881308
0.010243545522432715
0.0039247231570594034
0.0065024356375033851
0.011781594866169063
0.021330322683453182
0.032084290901367746
0.040435734446012159
0.03687429389460941
0.03887804377885988
0.038194833246313155
0.034974611395905214
0.039343394253974255
0.027986152220677001
0.026394948948390732
0.02016107098802224
0.013757798605876002
0.012157676482084443
0.010817430272283832
0.010978554064753981
0.014027120171550703
0.018402814822461061
0.02778808385169932
0.028189113794822092
0.029398007114860809
0.028127087563572819
0.028086979755696122
0.029852500108533294
0.03188325439913571
0.024175194387028663
0.019625692094828139
0.010518800379410649
0.0068669480037981947
0.0042408913793962931
0.0017853733276552845
0.0042937211405377484
0.010483635454542665
0.019267423101456863
0.027809487865828323
0.032726245829577734
0.036386418592537773
0.040094113813535621
0.040906554332485308
0.034533043828374597
0.039202514189176182
0.034395869832468222
0.02539768932028896
0.015587321882315616
0.0096797057028803826
0.0070006632993717347
0.0057462576798089108
0.0079345143344390461
0.011924098207079663
0.018538665284573101
0.027216582766399267
0.030225266849475855
0.031891245026369273
0.029635955143308176
0.029446285137413087
0.03098800992534536
0.031095226850640152
0.024369883133825015
0.018373721841668553
0.010130874450862845
0.0045587076614130636
0.0018140791917054865
0.0031610375093867956
0.004733170778843972
0.010310867426780583
0.017826744874508908
0.025918173563886662
0.026710888231006091
0.027269842995300476
0.029007840923527518
0.028696589847905286
0.031056434112991617
0.029178569570278454
0.02998683583422242
0.021826085684869191
0.013063705164126525
0.0075546424138231098
0.0023527624911745702
0.0020713429648180066
0.0056449393809487004
0.010486746591756572
0.019834248443904384
0.027962790573881593
0.031032218671042482
0.034898440253441576
0.039818798155865136
0.040876740293184444
0.042313714492966274
0.034194097146574343
0.034497845069968877
0.023266709013575197
0.015084671922751123
0.0070823863971232453
0.0038505386581083748
0.0056519599315813848
0.0065751438469646949
0.010810953409596844
0.015212622503005896
0.025588588265064927
0.027546440647283999
0.025078320400771452
0.026337262312974889
0.025951737843876589
0.029213126615786789
0.03295697530040153
0.025805677894080864
0.016695985309888813
0.011629546825364474
0.0056388346492572891
0.0022085471613176393
0.0018935847613000992
0.0044749900920719281
0.013791146485528871
0.022461198594603066
0.031694008637298744
0.041637554806027682
0.04107982545284166
0.0356988853065092
0.036930911880344149
0.032824424931045752
0.042416075131326315
0.027923216019781223
0.022110055130754775
0.014837184025596742
0.010350052886491582
0.0068015173620713651
0.012050180082746382
0.010890008649253883
0.011687069561501652
0.020037800302538215
0.01943760555070307
0.024946390084607025
0.021431800924108343
0.022021368161448618
0.0216198536167851
0.025658421247918693
0.028524151966586586
0.026557036779981873
0.021895096191896134
0.011384339814609601
0.009408119024364895
0.0067060324728437414
0.005648196560396372
0.011455693799227539
0.016987114598241704
0.026031261416147762
0.031933196034075566
0.035091972794393973
0.033749791068423927
0.033530912967490528
0.033840076825823448
0.034599005906885104
0.029352378635008745
0.035533884041541133
0.031179754277874696
0.01729542130141171
0.014806307028803058
0.016330580213874884
0.017175437916050459
0.013804604657867686
0.019612680132796323
0.016150230926252757
0.017030297533683
0.021416491689479254
0.016882104151032192
0.016710806512734565
0.016353056953681992
0.020939623655214245
0.019030019753716008
0.026530821726125007
0.023753036109201375
0.019997267044996804
0.012606148593186116
0.01201026199581277
0.01050255720622318
0.018712347738428923
0.024151104549512189
0.028425450484264616
0.028758903998931683
0.023970754221443239
0.030975488382184335
0.025906339610252422
0.025704402174271092
0.025130119887756125
0.021760269050065589
0.026898604904041133
0.028117842364792221
0.02928502363725588
0.021320809370689534
0.025507327609035173
0.024625480801690528
0.020097667964162763
0.018116815023443054
0.016663269169840216
0.023932195333766667
0.020716201482665196
0.019548749497107599
0.015692290771919151
0.012734887638900226
0.014951021085347523
0.01427479411890901
0.024478907310333059
0.025443361118066297
0.025366794714390968
0.028060112244444574
0.024095026462823084
0.021171513556309689
0.029993548338590928
0.030098282284001066
0.027980372845855118
0.030322706226684305
0.024126431841267344
0.02088835619116965
0.015754428550439549
0.017851458009289438
0.020762265707018054
0.018223601167569436
0.016924723339010059
0.023691643339098008
0.034073763631909698
0.024518815609423896
0.032461378861396342
0.03092796511334198
0.024069884131968325
0.024245949405983565
0.018052809455986089
0.019349856683602389
0.014777480588103712
0.011083281965352366
0.0088561996496551599
0.0084720819496264341
0.009970121894273069
0.012738029563617569
0.015412297250798231
0.020396601172778028
0.031229681030557239
0.037019103940719521
0.034414001041902828
0.026402043866919672
0.043334289866975691
0.036107073428635526
0.031607026251577901
0.025787970058667418
0.018560041267731069
0.011491185332202549
0.01118892977871536
0.0089020009218624165
0.008468362979425598
0.015645893077084461
0.018111540973901209
0.0196440540575544
0.028721697387950797
0.042846414512232672
0.039067500439186019
0.0319358496638198
0.023764890226447587
0.020591319384751852
0.027663741562969676
0.019483431687079392
0.011220415492129557
0.0064806405484337552
0.0038908891076952353
0.0038750440134786355
0.0064266596466581085
0.011192449650647475
0.014456999371557271
0.026676736318377088
0.033376533112968482
0.038543046216568469
0.041387701188435974
0.032927417409771204
0.048385146750743312
0.040258337580298245
0.036364947523256773
0.025549415199158806
0.014324119913480433
0.011355199225160642
0.0065512733536233604
0.0039118699189354495
0.0038693100120516214
0.0063973994349244626
0.020172836310859931
0.0270977072179545
0.030090315511225058
0.038387129306883774
0.04374518893970273
0.035736633445365158
0.027062848420178517
0.022961929338206503
0.028396860910962916
0.015989101050755909
0.0091290886542964179
0.0040639695222912118
0.0015037093426665637
0.0018587685528340565
0.0050777358578485855
0.010725138005715925
0.012762215306267312
0.01867317830721852
0.023817376240091948
0.027671354557349082
0.029644614139609515
0.023021891006712654
0.037905063517227944
0.027393331041441326
0.030530282986673738
0.021092682972767986
0.014659759963019567
0.009237243976951982
0.0041044156571065967
0.0015085204928899061
0.0018545967906372009
0.0050651939455349272
0.013093719553532585
0.027475957538293544
0.035160017677751038
0.047326966036107421
0.047622801789960013
0.042889026298713967
0.028410777044568975
0.0239376058669763
0.028955474178297896
0.014738338799519123
0.0076847652279610854
0.0032297174656502974
0.00074158208364944475
0.0016280019379448503
0.0059293223064960038
0.012492380298050915
0.016272165067581387
0.019154580862446147
0.025124171792902762
0.02925204042207789
0.031334414251264139
0.024276810574537105
0.041462590479120931
0.030202987117202328
0.032197658164213404
0.017717251528247591
0.014944829789873396
0.0077766877683492219
0.0028108656564237834
0.00071839433733582054
0.001822369508560466
0.0059306004569691494
0.012452694614557948
0.029834764191814498
0.033711613402432221
0.051474959656203405
0.04924886474987402
0.031778217535236811
0.020666220608392787
0.017376609864807518
0.025859780886870496
0.015024718333911861
0.0092518533203654781
0.0053902714526164784
0.0039730716993801821
0.0052749294531120525
0.0090677272650547588
0.014816437703179992
0.01411476294256409
0.024425982347430195
0.031103563417237409
0.035473188820373765
0.037631301983372147
0.03512996726836333
0.046174429890107782
0.032720644916505622
0.03895948845064081
0.028851228855426601
0.015503431939173891
0.0093521986142055535
0.0054380352473269002
0.003988600816110955
0.0057740247983986207
0.0091665746443993518
0.016673171775688899
0.031752578899531411
0.026875485670303206
0.046654775854933744
0.038876049359959239
0.030027501031069159
0.02945582801662262
0.025593504675834239
0.022792909266644169
0.014149544079186536
0.012718331723063621
0.010489552474939982
0.0099613098007012343
0.011258573308326934
0.014148859437142381
0.018766313002758307
0.017079321236412853
0.022215857115012973
0.032570261516117666
0.035587197149422253
0.036981140760034552
0.029983764963161845
0.044176823216928882
0.035937657146316568
0.036547244778078913
0.030476458681195188
0.019214242714401551
0.012822053648227524
0.010564211581633265
0.0099974646816311363
0.011266964238952416
0.014132585170743095
0.018701721735748137
0.019283110282007132
0.040274705585429248
0.042828302126096653
0.045554677353017291
0.037496012220177566
0.026673550191349534
0.022102602977504573
0.022009407639054474
0.02712896597051858
0.014880632059638051
0.017364233024021802
0.017797792569750989
0.018896327326121336
0.016500945415328802
0.015855096458633176
0.023582917998217118
0.026314494083768968
0.024343419202296403
0.028637093761416342
0.028552930265698041
0.029181791360183531
0.035957826601677449
0.030026099589061443
0.028301441801489212
0.030636802975328049
0.029442129539294155
0.020429977386968952
0.017439339983636157
0.01784405617118338
0.018907929225221651
0.02107136738150589
0.020243992485752361
0.022622461598791672
0.032283280869006503
0.034374394943840154
0.043450260491123972
0.025745491333834965
0.021151805351905778
0.021625570142375535
0.030381882975055858
0.018835384499175767
0.022910208813973182
0.020204077814036256
0.023192282694960382
0.022612513010118063
0.019033617226786856
0.02238794895893003
0.027882716043291532
0.024793157998390283
0.021658624364550339
0.018821490007088056
0.014460459153707472
0.014690591059482786
0.02036518873663816
0.027371214893563731
0.026364957396577262
0.025460343721039305
0.029670940820021034
0.035252076452965644
0.028413124082536861
0.029055715807353999
0.028992041693894188
0.023196342391999341
0.02390777739030912
0.028453852747658648
0.03831351740223337
0.02994342052422036
0.032386275877041584
0.017074870599515464
0.015533168205636619
0.017244272297859693
0.020666653731179773
0.02384878287324884
0.025021273772001026
0.025328408431729198
0.025246145924736705
0.025431712380596366
0.028839082658423422
0.032132247235371753
0.025117694717155404
0.023431299364779577
0.012014173693999451
0.010999836640417012
0.0089461467807369736
0.0079698724551982621
0.014129484474863356
0.015895207245457239
0.028054356506057396
0.030102139514968068
0.034289869057938925
0.030844845670594614
0.036626114356268162
0.037747389935533372
0.036882039691882723
0.043187911809311835
0.032793268296455701
0.03746807741169382
0.025737850653839142
0.022107646583570374
0.020028333603174974
0.010691239621303616
0.010215237177163531
0.01356201945443161
0.019093368718842863
0.029464733502549738
0.029019609004931234
0.028944990159674944
0.029410174023200831
0.029438510710781955
0.031828886548367477
0.033886747404982778
0.02578559787443372
0.020785364430620554
0.01154799530499454
0.0060410813282478189
0.0027890170801489122
0.0021170235461320562
0.0054988307951199878
0.014388803610571639
0.021475829768222852
0.033520928620681276
0.042964253234699719
0.038525842127348719
0.040881999640262678
0.040394770778419388
0.03676536580133425
0.038327908236793801
0.036647349936071522
0.028418896661015457
0.018441814866318944
0.013801694120784001
0.011202035430615424
0.0040245708350370316
0.0079087690406993566
0.011299558386231701
0.018973506557320781
0.026607225975284886
0.031788942732575286
0.036339250067628635
0.031543172873754063
0.0314107471992289
0.033160236822113942
0.03329646928990334
0.025893799882101207
0.018418967641581213
0.009648633196027526
0.0051236087611539246
0.0006146499891504692
0.00066773248551707553
0.0042310600912031735
0.010224326534648264
0.021088851612916869
0.030555865620222486
0.035840775434843493
0.039202789342466092
0.043025725385769743
0.042151119971088578
0.041190721450927448
0.044083992386975759
0.037210104079555176
0.027147886278515023
0.015409410513909974
0.01098092344533589
0.0052530379148016011
0.00085372001208181328
0.0046829695024617479
0.010230862661281028
0.020727514279226932
0.031124869511102226
0.033783540761711334
0.040722250747449694
0.042978861194881854
0.044163165259772236
0.0453734925430756
0.036635306640197957
0.037055173092964411
0.025220247313061758
0.015588308344489188
0.0063922561561583881
0.0035578347539597164
0.0026955592336657978
0.0062639598797697271
0.010356564592597301
0.018393453380938271
0.027042383578953465
0.032025288374416254
0.029279870487432996
0.031329060066978318
0.031055876061768399
0.036929906362696711
0.031153015783500621
0.0311644909845749
0.021986070157392526
0.012104623727215446
0.0063492232842316488
0.00094329532084316402
0.0015598436839294046
0.0045767646726896207
0.015073205712985746
0.022990601463213953
0.034732193281730751
0.044584307770649458
0.047530304593501778
0.038803117738179072
0.04030657875294661
0.036017583834076522
0.045368445099114967
0.029542261789657093
0.023622266751061976
0.016303163170737354
0.0098463985903132611
0.0073044904641271276
0.0063386497342506109
0.0074071275723619264
0.011388490126757191
0.015897902366365756
0.026552856421177426
0.02612088672456666
0.027232183442511302
0.028800031898374625
0.028428702031752792
0.036295260913970367
0.034871951210463027
0.027655979796920388
0.017541815609767298
0.012211019543725358
0.0056623114493599379
0.0019075173353201023
0.0049678100241472315
0.013009595985071584
0.020977801275146764
0.025123131508403673
0.032555386551113917
0.039513483189687872
0.038513280298961713
0.03670843166826078
0.037168893797435529
0.035736308857639155
0.03239595354424224
0.038835924424999384
0.033650986516910217
0.018858023522131291
0.016877460095761809
0.018439391783074757
0.014099202056880936
0.012413572379307963
0.014338331424688933
0.016213639205322258
0.019824641627002555
0.02584542269641419
0.023484144814151037
0.024333057548113036
0.023919371015462737
0.028813086942567918
0.033888987523131797
0.028453042675038887
0.022060099346833634
0.01564926039275253
0.010300086832556192
0.0065454393833742092
0.012808843780826177
0.023538596626361884
0.023629862508648722
0.028736147292059446
0.02965454775750909
0.030091783859572029
0.034920238656947322
0.028470105447737166
0.028344676585307736
0.027624795069095983
0.023218362035428743
0.026052417692840783
0.029234583448385476
0.030071706412241436
0.024219497783750481
0.028928944333737737
0.020146516641356589
0.016073953222831543
0.016235657098147501
0.017007988007152291
0.017479774927810773
0.021938714460710631
0.025337890117742744
0.023190824266726928
0.016353962555098651
0.023836155553646342
0.021298929169971229
0.0283535539447093
0.025804316154492597
0.01582742434087072
0.017447386784293743
0.015504510505264066
0.023054611622458195
0.032293903679598258
0.031512589589019521
0.029423843222548377
0.032140289183738596
0.021151291402822014
0.020984429042258279
0.018548425388857523
0.02094814004310501
0.02275279828180676
0.021634501870470526
0.021852233112780672
0.024781366444043204
0.037566800878315917
0.038404423966367729
0.041994695590379681
0.031568585683048427
0.022557710413959934
0.019684967045326466
0.017515759474816033
0.02579122426526459
0.020591797073050987
0.018628351421194192
0.0172602195434346
0.01664168288532444
0.016738861431989938
0.013801616426999765
0.026049631550628283
0.027481362478776292
0.026850492711813737
0.026485444472521363
0.026071099896488925
0.027550594474439825
0.045801077406075925
0.035588796990521643
0.032260256272676278
0.022411796095474244
0.017578503771037514
0.019446440964857908
0.01167719470733455
0.0095597556184998256
0.009348936877893262
0.015656605482471119
0.019487728547693574
0.025024825375564205
0.037422345179819863
0.046035119078295897
0.039543637771863017
0.032199971253196451
0.026232443165050287
0.025994416925330818
0.027885045405866445
0.019717215859793476
0.015142515359474336
0.01155810344840612
0.0095096738797508518
0.0093535126452304294
0.01108357727749807
0.014299885552308723
0.016021225409222101
0.029036654583038193
0.032654983282396709
0.035083278596848323
0.035977067564172627
0.034540615519741358
0.051426706431294412
0.043126536597996076
0.038619654153706995
0.028703507974921692
0.016593825153041603
0.011013377594946385
0.006176434388936506
0.0036965247002740337
0.0040088298368952252
0.0069995289565194171
0.018530027770824145
0.028710411489370213
0.027721574396700026
0.042485332047502988
0.046751763051586834
0.034096410243158591
0.025310167853486918
0.021886081907665222
0.02966272592060443
0.017298862383677248
0.010866204522004293
0.0061015495682369006
0.0036748349996580916
0.004011891820971422
0.007028207997300741
0.012309401185961556
0.01794844092881925
0.028080231877629522
0.034734412971144817
0.040231617797828141
0.04330025551750373
0.024445068126839956
0.040780181859127927
0.029619042788395965
0.032593918977567284
0.020279737091374494
0.014124471553276553
0.0083593631767125299
0.0030692796915767922
0.00061605815395561838
0.0013777898423067406
0.0052099528184953656
0.011565355602332773
0.029228002825827236
0.033429454296831876
0.051870409062199078
0.049825042075319556
0.043180634463232698
0.028854291811381081
0.024398921503661335
0.029498937126523267
0.015535518875618012
0.0082504531230228207
0.0030329464156286334
0.00061180167561000471
0.0013777769602597912
0.0052161194501944294
0.011614092216754508
0.01740874540755415
0.016278402294307614
0.024985156650016212
0.029293919496677319
0.0315494197548409
0.024276811057691163
0.041462587311274765
0.030202983423715437
0.032197664173262044
0.017717253521497438
0.014944831774778339
0.0077766867449365115
0.0028108652755880459
0.00071839431047730545
0.0018223695412568006
0.0059306010633368477
0.012452696023979111
0.029834756876284965
0.033711618020600187
0.051474966315521453
0.049250244087351056
0.042889026709740485
0.028410777437228096
0.023937605873771913
0.028955473987002524
0.014738655243820739
0.0076847651502617636
0.003229717550808431
0.00074158209493380915
0.0016280019557244692
0.0059293223644166192
0.012492380351112248
0.016272164744001023
0.019154580985356204
0.025124171682956234
0.029252039925063773
0.031334414779058031
0.035129968288305086
0.046174433608073051
0.032720645521130576
0.03895949460961079
0.028851233876954579
0.015503428326066802
0.0093521992113778409
0.0054380353531295377
0.0039886007772130059
0.00528248470448412
0.0090599507320576027
0.015073905006307118
0.027435341558284889
0.026875478810567555
0.046654811097432761
0.038876046906943552
0.031778217934880913
0.020666221511322455
0.017376609395626515
0.025859783969010355
0.015024718901004088
0.0092518536609712231
0.0053902715166382733
0.0039730717120230958
0.0052749295442396224
0.0090677273433883016
0.014816437814249102
0.014114762897070407
0.024425982035242235
0.031103562742935614
0.035473189122475518
0.0376313037729692
0.029985364353008661
0.044176823698817071
0.035937660889396761
0.036547210839017019
0.030476474231988706
0.019214253276194578
0.012822050784761046
0.010564208278060523
0.0099974642631915477
0.011266965218760526
0.01413258436311742
0.018701726136769809
0.019283103948087903
0.040274697999134836
0.04282830512069178
0.043876995923194932
0.030027499119090573
0.029455825447869243
0.025593501424363615
0.022792911861206439
0.014149544349048783
0.012718331586105002
0.010489552382847465
0.009961309841291642
0.011258573371988262
0.014148859464824635
0.018766313019906184
0.017079321186923815
0.022215321277931237
0.032570261589870177
0.035587197254636424
0.036981141959351004
0.029181790983322832
0.035957825479481349
0.030026095785631066
0.028301438385361088
0.03063678018757798
0.055390748025934473
0.020429976580790484
0.01743933389806503
0.01784405487057282
0.018907932352904847
0.02107136328358878
0.020243991876315207
0.022622458065799982
0.032283280794251759
0.034374394946066339
0.050043483934206774
0.037496019349390189
0.026673557779189012
0.022102609324989839
0.020350364589411373
0.0271289564217067
0.014880632387181427
0.017364232979607756
0.017797792528841169
0.018896327485236938
0.016500945571299653
0.015855096453061945
0.023582918121535873
0.026314494291408332
0.024343419382949372
0.028637095173862825
0.02981231432088326
0.014690590060303727
0.020365191429159348
0.0273712136641041
0.026364950967903953
0.031951372950874732
0.029277163701081674
0.035252075205456597
0.028413127334523395
0.029055716472348142
0.028992043967144925
0.023196341579989403
0.023907775972243035
0.028453853651460938
0.038313516549708083
0.029943420192032735
0.032386276701296214
0.025745494606779041
0.021151809238109488
0.02162563142671518
0.027378545943358396
0.018835385613148157
0.022910211833002018
0.02027786512169669
0.02319228295555719
0.022612513187871806
0.019033617310631551
0.022387948941981442
0.027882715767009899
0.024793158082203472
0.023017471974645706
0.018821489307596726
0.015841974277716064
0.0079698727902864207
0.014129485717494587
0.015895205426272669
0.028054353359363692
0.030102118663362973
0.03428985795242398
0.030844829620942409
0.036626120490103976
0.037747396443670748
0.03688204204087512
0.043187918309141919
0.032793265590929613
0.037468078130419337
0.025737850298210595
0.022107646016576044
0.020965460980546642
0.017074868762771638
0.015533164142577034
0.017244265008068145
0.020666652835807122
0.023848782962860388
0.025021273748505629
0.027488800511264601
0.025246145716984112
0.025431712483814605
0.028839082653174183
0.032132247309564037
0.025117694300575297
0.023431299462791887
0.013796116915233343
0.010999837397386074
0.0089461470076036727
0.0021170236885639953
0.0054988308382094642
0.014388803602042892
0.02147582950476213
0.033520926483474114
0.042964247156454853
0.038525836846670623
0.04088200069217994
0.040394775545977084
0.036765367276105118
0.038327908207750463
0.036646790685638232
0.02841889690171907
0.018441815123676722
0.01339641997076561
0.011202034416554131
0.010691238328617387
0.010215236615726025
0.013562018399839356
0.019093366312661991
0.029464731042938869
0.029019608204916277
0.037953282150555705
0.029410174263834788
0.029438510943439862
0.031828887118826782
0.033887057708757766
0.02578559799681698
0.020785364209917834
0.011547995364661817
0.0060410814943092934
0.0027890171488953474
0.00066773235406003344
0.0042310601637619112
0.010224327075645093
0.02108885232862151
0.030555865604163013
0.035840774912480701
0.039202672760958783
0.043025720333040376
0.043658496981303592
0.041120387610133965
0.044083992453345031
0.037210103389253298
0.02714788593987397
0.015409410730759947
0.010980923228384259
0.005253037825872638
0.0040245707456390521
0.00790876884852117
0.011299558230961742
0.018973506300813001
0.026607224872503554
0.031788942325554133
0.036339249722915058
0.031543172685338988
0.03141074705748198
0.033160237774644045
0.033296470664683685
0.025893800736245955
0.018418967505825997
0.0096486331895286916
0.0051236088067864623
0.00061464991821392611
0.0026955626100311544
0.0062639617201294285
0.010356563674509803
0.018393455989156971
0.027042384216219142
0.032025288679946612
0.029279317863936768
0.031329059294281418
0.031055873953553938
0.036929905462655899
0.031153017241254442
0.031164491215606448
0.021986069603473424
0.012104623620026485
0.0063492229803873085
0.00094329534365063554
0.00085372005302512669
0.0046829695709618415
0.010230862649800158
0.020727514580408037
0.031124869097251071
0.033783540669700768
0.040722250557301498
0.042978861245468791
0.044163164566964126
0.045373493775020278
0.036635306277173117
0.037055171725207767
0.02522024629018137
0.015588309075315582
0.0063922561436599431
0.0035578355976238563
0.0063386502647245213
0.0090251564129847413
0.011388485799648183
0.015897896359954575
0.026552855784448749
0.026120887160747806
0.027232183082219443
0.028800031291779445
0.02842870124442538
0.036295035448840107
0.034871951316354441
0.02765597988656078
0.017541814966522535
0.012211019557305337
0.005662311417722784
0.0019075172804453749
0.001559843683286702
0.0045767646364462695
0.015073205752160382
0.02299060189531776
0.034732193319169234
0.044584307790040779
0.047530305108468666
0.038803119063320284
0.040306580496141269
0.03601758575394063
0.045368448387330125
0.029542261822775414
0.023622268083212498
0.016303163890714401
0.0098463986595997439
0.0073044918899045925
0.014099196557204825
0.013671615227615515
0.014338342758267253
0.016213641662000088
0.019824642283434033
0.025845422884558145
0.023484144739318619
0.024333057390365863
0.023919370880316117
0.028813087436893474
0.033888988048920078
0.028453042693577367
0.022060098785188532
0.015649260308041556
0.010300087128258395
0.0065454393556838636
0.0049678101910779846
0.01300959560481563
0.020977801685400185
0.025123131671563149
0.03255538594614435
0.039513482351411382
0.038513279693474206
0.036708432506623902
0.03716889520375783
0.035736316311972473
0.032395958844378861
0.038835933881114178
0.033650984954280476
0.018858023784027424
0.016877459474160094
0.018439387529132562
0.020146516956726559
0.016073948611063819
0.016235652700376538
0.017007986899722341
0.017479774489181046
0.021938714164694714
0.02533788991921989
0.023190824292658421
0.016353962556156138
0.023836155713464383
0.021298929493580969
0.028353554279140727
0.025804315967541486
0.015827423455767528
0.017447388669633163
0.01550451026294688
0.012808844082964975
0.023538595922091069
0.023629863257976582
0.028736146731227145
0.029654547185756355
0.030091782900857591
0.034912109389503045
0.028470105563577184
0.028344675695533957
0.027624794798668962
0.023218363142150956
0.026052417695464219
0.02923458854798645
0.030071703757544189
0.024219498126707213
0.028928945032711841
0.031568586766677703
0.022557713931049803
0.019684967771306763
0.017515759863791929
0.025791225113443735
0.020591797419998961
0.018628351352737566
0.017260219512522226
0.016641683219669762
0.016738861480566882
0.01380161641134447
0.026049631534932258
0.027481363526444119
0.026850491320002633
0.026485437290999399
0.026071100303433084
0.023054611033460719
0.0322939022151566
0.031512593254150137
0.029423841152882324
0.032140289038126824
0.021151290667383579
0.020984429332481937
0.016503681257460462
0.018879168380077773
0.022752796965725915
0.02163450405795482
0.021852234280568976
0.024781367667106213
0.037566800125914415
0.038404422261263192
0.041994697400475185
0.032199970886500777
0.026232441739295752
0.025994414415065586
0.027885045112545449
0.019717215552849006
0.015142515269477547
0.011558103374214207
0.0095096738646390701
0.0093535126656400756
0.011083577182101107
0.014299885753989534
0.016021225376587858
0.029036654593200404
0.032654985250103165
0.035083290785001754
0.035977074301016897
0.027550598343998128
0.045801084466247484
0.035583623662763242
0.032260262889225476
0.022411795770628365
0.01757850290085404
0.01944643898931794
0.011677195278002678
0.009559755294696954
0.0093489368958729162
0.015656604781619819
0.019485986300500649
0.025024827068900725
0.037422342196242936
0.046035117196878889
0.039543641000754984
0.03409641021773669
0.025310167990171037
0.02188580382073434
0.029662726087396684
0.017298862456679529
0.010866204499260372
0.0061015495608822993
0.0036748349133233827
0.0040118917957082971
0.007028207944744261
0.012309400568387845
0.017948440555527037
0.028080232998717911
0.034734414813035401
0.04023161901821172
0.043300262662519275
0.034540628269700079
0.051487119135917872
0.045686599852812461
0.038701585219750742
0.024823936748842593
0.016593824198619978
0.011013378819503403
0.0061764346650610641
0.0036965248272831045
0.004008829726302566
0.0069995285374242341
0.018530028063637762
0.02871041545942404
0.027721571191762436
0.042485328219573411
0.046751766623179813
0.043180634191136213
0.02885429111022406
0.024398921423567914
0.029498937265067065
0.015535518838242012
0.0082504530743824217
0.0030329463984126721
0.00061180167040693963
0.0013777768627638418
0.00521611964257812
0.01161409226980752
0.017408745735103148
0.016278401975232209
0.024985156163990177
0.029293919692439562
0.031549420010082214
0.024444803409576901
0.040780209266740641
0.029619047803453261
0.03259388334198552
0.020279736063048552
0.014124477694931487
0.0083593640584638269
0.003069279916498616
0.00061605817981558305
0.0013777899115287597
0.0052099524223819839
0.011565354886962172
0.02922800865990818
0.03696015015157543
0.06387380049186589
0.049825044146571462
0.043025715838796101
0.028543741904851684
0.024101290105670164
0.028523018860215271
0.013886304715158351
0.0069732465992899655
0.0025781990282015927
0.00055533854476929494
0.0019392101348795357
0.0063768805320961568
0.013162289402179299
0.016021928746261845
0.018497113601731473
0.024971684491393347
0.029173342787191348
0.031335538974950672
0.024518394595690267
0.041740090233729016
0.030577322579554526
0.032408602007109398
0.020129444356228945
0.01311936598586822
0.0070582660751123839
0.0023339697639679982
0.00054823971352296592
0.0019772121215851338
0.006377914926364742
0.013120232363473866
0.030044886799334321
0.033591084331019691
0.051448014567953546
0.04907597223851877
0.033054893530416997
0.021705340899984021
0.018149469588768605
0.025364077862918284
0.014243567118768901
0.0084183618862984748
0.0046207403655444167
0.0033802031989675222
0.0049420504930765378
0.0090359562547168756
0.015087757916302284
0.014119449160200982
0.024048774692368019
0.030753190040783123
0.035103891943943408
0.037280048203877612
0.034818947470475703
0.045872263598768108
0.032688107871675365
0.038918573827028104
0.028091670698381806
0.014421032638345177
0.0085105873124841497
0.0046633603379120691
0.0033940608412668456
0.0049506041475827689
0.0090306955984146928
0.01564900796552943
0.027983986071788102
0.02760745612405022
0.047783686451435048
0.040009555379491288
0.03106624232591031
0.030701508164728632
0.026669171773486842
0.023726031326373777
0.01406673111506292
0.011882732313328424
0.0095315587567185757
0.0090227875416829528
0.010474461534767009
0.013629113586040872
0.018052471265874268
0.016952305281546193
0.021880879235280808
0.031690254617187136
0.034426851214668923
0.035697782726826825
0.028691057766952705
0.043231396971099983
0.035387610295439818
0.036222592663126371
0.030220707851734953
0.019087000935790532
0.011978901153925917
0.0096002078444599043
0.0090564109915438496
0.01048483357896356
0.013616796497253411
0.018136945276489586
0.019511163072799632
0.040623663723059686
0.043373481535044042
0.046528241902737147
0.037419914290841329
0.027262575614280568
0.022798182550240596
0.020504115768762588
0.026227598439466752
0.0141446368766679
0.016356648320077754
0.016646229279607426
0.017770304312755086
0.015140925463228559
0.016662825837396648
0.023581169519747754
0.025912825373033868
0.023227585403637403
0.027044392748335078
0.028143361378985949
0.027529711185147333
0.034510858502590759
0.028796118950045826
0.027902040269298593
0.030553800343279033
0.029343997649583765
0.020475657036648796
0.016427225054519639
0.016690344784690964
0.017783846361426114
0.019799407941713542
0.019145883890574079
0.022400701220478492
0.03255403100899433
0.034439784131308993
0.043897147106773705
0.024744296218590933
0.020645986419024379
0.02127898093387472
0.027614439105897764
0.018344069269945834
0.021567623905843849
0.018860578834525445
0.021964833060986011
0.021423775181652466
0.017976396652722298
0.022688831851165069
0.028077795001698144
0.024398125026191347
0.020754524091234423
0.017226519454718189
0.013923300797804987
0.0125844608494277
0.018627592993892533
0.026318672448286957
0.025496962627675063
0.026059297103124476
0.02977944500118598
0.034888254149812274
0.027307443850133999
0.027902707826669391
0.027961087276140426
0.021810593268654772
0.022850158145659313
0.028495774326181018
0.037825242685279051
0.02932985501561761
0.032165288618945853
0.015131269946171744
0.014444471748407798
0.016498003535786235
0.020369008377406361
0.023871345273944137
0.023700084242044787
0.022842040668958681
0.024126617341739404
0.02437669507388095
0.028303516215995757
0.026145354955231195
0.025424964739775843
0.0231935958405757
0.011224043569438904
0.010168177381889076
0.0078848392161094127
0.0069202671160707996
0.012873656500692329
0.014716841001373358
0.027479755400073476
0.029802310474704819
0.034050197261151799
0.030196179322997285
0.035631441152419556
0.036738507400403443
0.03600800093369963
0.042055285652869534
0.032966796668673269
0.037528890317224589
0.025207030855390593
0.018714098305355111
0.018694308129294131
0.0091411221908339561
0.0089997949412723745
0.012906491985959714
0.018797934094787219
0.029495932416367544
0.028014642355884235
0.027546663244488633
0.028561273445865922
0.028670012099453513
0.031623204173981706
0.034225725352251539
0.026033796295986698
0.020727508021909889
0.011306792799105604
0.0056694589480590137
0.0022619197995917785
0.0017135269719326795
0.0048391427562007334
0.013659067810840442
0.020782382081417469
0.033015792390494091
0.042665425711597392
0.037488969392895026
0.039926971628011343
0.039658989691334932
0.036385846541486709
0.03741717402124161
0.037008378177158768
0.028632895761318285
0.017978365267821022
0.012193370181857996
0.0098577610103280696
0.0031493287940511667
0.0070731822556733123
0.0107771662315807
0.018711249308452731
0.02622996288048551
0.031250954864953551
0.03594511408302245
0.03108749022747501
0.031039181330490363
0.032993083028114017
0.03333903764917056
0.026037680211752946
0.018609300115406284
0.0097083777894254111
0.0050707714815158124
0.00052922061350222326
0.00070148510424132701
0.0045807313625734307
0.010972886075525989
0.022144879155988895
0.031589875931401161
0.036634999452115243
0.039221393746892833
0.042771512171677017
0.043161730435114065
0.044204187359131106
0.053103270366093927
0.037750347532960395
0.027579789190262247
0.015415452088201253
0.010237867444875906
0.0041752430924972593
0.00079157644514435139
0.004494446230254817
0.010082943202671463
0.0208198091744171
0.03129415231350878
0.034310730368735998
0.041462186913126295
0.042980566997853326
0.04654770422441961
0.054966049799685439
0.036623340336785472
0.037342939940669347
0.025897808414718209
0.015910628465724729
0.0065213963761814537
0.0037725301760844865
0.0032448358752568403
0.0065340783063542428
0.010582050527887996
0.018326051985122667
0.026640620383363109
0.031469722582524055
0.029198537398296528
0.031329767614078852
0.031131555664036158
0.03709134704085329
0.031101778127121133
0.030505274087335135
0.021226280981179062
0.011229799899619024
0.0057229979361556327
0.00065398676109301376
0.0022627229903688802
0.0055925051783896496
0.015460483713737516
0.022580412942748374
0.03433291492592358
0.044583913645373376
0.046231151934295243
0.039172870004194324
0.040824835815816266
0.036729591537980805
0.044690532716467966
0.05568788106504502
0.024393031903853248
0.017449191987064145
0.010689675006668125
0.0084215613174657977
0.0078124302011949153
0.0084593814399059504
0.012013993218036916
0.015943655548823876
0.026064204948265227
0.025641862692799632
0.027554076962965961
0.029251376243607588
0.028934628451461723
0.036913902084490059
0.03525152609394025
0.027996711876162914
0.017853382398774934
0.012803687655488743
0.0063895563467231825
0.0026602248696709322
0.0062943772182932692
0.014173033113748583
0.021293019441887499
0.024917327502143458
0.032074883621575699
0.039615663871482937
0.042899472639236096
0.037522251752900262
0.038076136653123753
0.036598669054456891
0.040553902159611709
0.038295516338393225
0.034371611295248822
0.020207896268225795
0.018597100186377613
0.020100282103012745
0.016081574615302536
0.013917734774723099
0.015274587343058404
0.016391297772032031
0.019312982660750957
0.02526711137864638
0.024153653131571754
0.025160666912043161
0.024773026662033723
0.030216892935705137
0.034845140157483905
0.028803775505210738
0.022272212850250932
0.016440762787823072
0.011605919997896341
0.0079870529878746845
0.014478487992584234
0.024558063604686854
0.0241497073901372
0.028485195763166528
0.030376552149783482
0.038077345083277536
0.036900149705757876
0.029493545027737385
0.029448440121367069
0.028638717705017809
0.023529094310591425
0.027710739172150105
0.029345964804365646
0.031156988180944152
0.02620018390438339
0.031040062709836481
0.022518018547387872
0.018023741895670482
0.017498072161637193
0.017271188208811111
0.017249794034373801
0.021413303863690766
0.019511103102719425
0.027416214992393498
0.017314293009044517
0.025543653042769791
0.022538143961317317
0.028668969451501953
0.026093958977130249
0.016619567719973829
0.018729412841476372
0.016937483376496351
0.023884399924674893
0.032852275778607332
0.031892021023121865
0.029277909831704224
0.034029440187180529
0.029204337569947721
0.021590931239588836
0.01736842387344948
0.019976067288208197
0.023905817140913777
0.022596775772394634
0.022303506540450359
0.024676969411824255
0.037743307595032784
0.039505729382900832
0.043556459917955842
0.03317942139420766
0.023890919077402987
0.020378809276005654
0.017680877409635233
0.025441236234122817
0.021062186584979808
0.022110526986476784
0.018366404312801864
0.017857193794555307
0.018301223486685673
0.014922015141674662
0.026364501306401465
0.02766865069713112
0.027361000773866117
0.027129945140052868
0.026767901334248282
0.027060200473877184
0.045306576408884962
0.035306987600901917
0.037749763597568126
0.029667555003426091
0.017076141770809281
0.018774581968494818
0.012258965906389996
0.010521626302079265
0.010533808130937395
0.017070570885452382
0.020428026978941194
0.025519710223771756
0.02963705031163115
0.048084392350493846
0.040485636044239069
0.033112485170051935
0.026791225276867715
0.026254729634427643
0.02269978117644059
0.018895742100879988
0.015252895353921183
0.012142537372951739
0.010474562682507823
0.010544043574030999
0.012307861945849173
0.015195078592082408
0.016229157930034127
0.02880618330604548
0.032162450986018103
0.034420666397156109
0.035265723090675709
0.033747961580166692
0.050881431490755649
0.043201313728673731
0.038731911881550889
0.023839750888465554
0.01264809939579689
0.010806602106892643
0.0064307982091482471
0.0043641646762656132
0.0049802292362433713
0.0081182410401652097
0.019852089900123916
0.029410171584095219
0.027721679367637513
0.042084174147150731
0.046370816719975151
0.033800598903508165
0.025146514211351952
0.021879471227105068
0.029143642145368378
0.016655199913968025
0.010662362296041656
0.0063571714052632839
0.0043434895252848276
0.0049865613001789334
0.0081535790907585216
0.013410502185095629
0.019073948078879188
0.026594165237074117
0.033912068906525428
0.03916166041838607
0.042131944781527465
0.024048577742358992
0.040712844040273345
0.029880800702239401
0.032652982632842678
0.01918754651545419
0.01294285823699488
0.0078632507111895782
0.0029525180258644819
0.00088595290137239541
0.0019870653722440135
0.0060583026884842113
0.015851631125197524
0.02902162827255805
0.033115736256299662
0.051387606254170111
0.049333665524616953
0.042856397639149106
0.028618944195097921
0.024327375174489251
0.028989518078630237
0.014731270714469299
0.0077592412733428241
0.0029178112387815876
0.00088216510914852103
0.0019874539130057705
0.006068094607868107
0.012574399497001343
0.015437905887788161
0.018091738251464966
0.024558220048631212
0.028819623125246316
0.031094522127233692
0.024518394831849467
0.041740090144369114
0.030577320156295017
0.032410194964595206
0.020129446021268819
0.013119367363002968
0.0070582657443613878
0.0023339694833888788
0.00054823966542395905
0.0019772121160599445
0.0063779153855837729
0.013120232129358571
0.030044884093237596
0.033591087903228824
0.051448016576981767
0.049075970988037086
0.043025718275934155
0.028543742432456925
0.024101290179896616
0.02852301889274643
0.013886304777111957
0.0069732466558846398
0.0025781990552510327
0.00055533854762378134
0.001939210281530514
0.0063768806235903735
0.013162289437827253
0.016021928019349534
0.018497113875012357
0.024971684222530013
0.029173347584720757
0.031335539325300567
0.034818948440161437
0.045872267815758726
0.032688108624420342
0.038918577266323459
0.028091674943487237
0.014421031004833169
0.0085105884493316391
0.004663359766828982
0.0033940606484008915
0.0049506043739029415
0.0090306966389903237
0.015649008193718155
0.027983982529926139
0.027607458378392461
0.047783703403738685
0.040009552647992185
0.033054893385660263
0.02170534134773594
0.018149469498959743
0.025364079875762988
0.014243567350171814
0.0084183621308487923
0.0046207404195021031
0.0033802031842318069
0.0049420505716795977
0.0090359563280377544
0.015087757929719196
0.014119448995736323
0.024048774631098131
0.030753189628147673
0.035103892149447098
0.037280049321271561
0.028691058891661299
0.04323139895390421
0.035387610034262183
0.036222581274999027
0.030220707581984998
0.019087002099632457
0.011978904284579062
0.0096002036006779898
0.0090564099285756969
0.010484834423723081
0.013616797104716249
0.018136947147726765
0.019511162050587089
0.040623665242769183
0.045770986593485406
0.046528244127718187
0.031066240452404324
0.030701498676824916
0.026669176174525445
0.023726032917451696
0.014066731569277607
0.011882732305460704
0.009531558745524164
0.0090227875627102612
0.010474461585216066
0.013629113596470651
0.018052471255230188
0.01695230521597672
0.021880879129093152
0.031690254600979628
0.034426850917374144
0.035697783074187833
0.027529709516545459
0.0345108566903157
0.028796116835456464
0.027902033018454873
0.030553798979790592
0.029343993069079529
0.020475660895704566
0.016427199887300452
0.016690345491559885
0.017783851542508576
0.019799408381270599
0.01914588335454637
0.022400700453276141
0.032554030014588849
0.036992762054665132
0.043897148433934607
0.037419925045036648
0.027262591831181928
0.022798193785136724
0.020504118746525149
0.026227593788813452
0.014144637313097013
0.016356648358548911
0.016646229264584641
0.01777030445513221
0.015140925427517146
0.016662825826170426
0.023581169524744993
0.025912825870011237
0.023227585657585238
0.027044393460478176
0.028143362898934737
0.012584460491866784
0.018627596543477041
0.026318670918524946
0.025496957303458554
0.026059291401588833
0.029779443088024962
0.034888245829560724
0.02730744198894601
0.027902707585758416
0.027961092613591611
0.021810594499536758
0.02285015640295961
0.028495774464616173
0.037825241326462151
0.029329853824935522
0.032165227834943202
0.024744298424194424
0.020644529655351112
0.02132264127847288
0.027614443350630923
0.018344071426246229
0.021567624445820794
0.018860579161211227
0.02196483318815173
0.021423775298001716
0.017976396689456338
0.022688831634541783
0.028077795015897723
0.024397795841405254
0.020754524393010426
0.017226519671339712
0.013923300537504738
0.006920267915517698
0.012873658615070355
0.014716838253649663
0.02747975675449929
0.029802298128524831
0.034050193623017609
0.034812230645842823
0.041226497987265305
0.036738524173654988
0.036008005234252752
0.042055294757778895
0.032966793351556681
0.037528891438414945
0.025209063237283023
0.018714097266958642
0.018694307837164355
0.015131266978676361
0.014444462877426635
0.016498001051806276
0.020369007236464697
0.023871345038236503
0.023700084865763315
0.022842040536740899
0.024126617324175613
0.024376695237918803
0.028303516063008745
0.026145355372438679
0.025424965028301407
0.023193595974140665
0.011224043707935076
0.010168177754204099
0.0078848390152457988
0.0017135268835530471
0.0048391428103665866
0.013659066619947273
0.020782383915128488
0.033015787432045023
0.042665420760742895
0.037488959457835397
0.039926976389188004
0.039658996056277401
0.036385848010792116
0.037417175607380185
0.037008379527105874
0.028632896019038949
0.017978365668135078
0.012193370489076252
0.0098577607913925003
0.0091411209496625925
0.0089997948420183597
0.012906490045470256
0.018797930866166303
0.029495930687061186
0.028014641166417664
0.027546663615640961
0.028561273607072179
0.02867001248198419
0.03162320498737712
0.034225726704257935
0.026033796582758374
0.020727507573590775
0.011306792808146244
0.0056694589667974533
0.0022619198641384433
0.00070148499428531201
0.0045807317323237808
0.010972886450415739
0.022144880118882344
0.031589875286531725
0.036634999697340569
0.039221394056509068
0.042771503343220663
0.043161733780479744
0.04121897148920102
0.044295690208202142
0.037750344202919353
0.027579788866466937
0.015415452513413657
0.01023786743242594
0.0041752432407341855
0.0031493287302848862
0.0070731824226242879
0.010777166074921163
0.018711248831103405
0.026229961428286219
0.031250954380628776
0.035945113504168701
0.031087489965769443
0.031039180917693893
0.03299430183914883
0.033339039635539629
0.026037681800554033
0.01860930008537353
0.0097083775627703605
0.0050698802182220478
0.00052922061126688894
0.0032448365474590435
0.0065340768938189908
0.0105820503925164
0.018326052943473885
0.026640620824079777
0.031469722817309566
0.029198537648633238
0.031328596986834129
0.031131553217348725
0.037091347253868708
0.031101780308134808
0.03050527325283206
0.021226280345309566
0.011229799792253175
0.0057229974087004585
0.00065398676568785639
0.00079157645632222415
0.0044944462451856539
0.010082943259258173
0.02081980948026017
0.031294152442378285
0.034310730306479381
0.041462186682800113
0.042980566257807717
0.044188010920034257
0.045167850831023974
0.036623338910042637
0.037342934830203539
0.025897805242440643
0.015910628853761665
0.0065213963111212456
0.0037725303397396432
0.0078124297849556257
0.0084593811546321094
0.012013990228976963
0.015943652907621019
0.026064204714311472
0.025641862781699477
0.027554076626450579
0.029251375522477096
0.028934627606873039
0.036913901574152246
0.035251526753039941
0.027996712024504263
0.017853381952743622
0.012803687690915515
0.0063895563654189922
0.0026602248364516598
0.0022627229931276934
0.0055925051809384016
0.015460483750583405
0.022580413342361268
0.034332914935096145
0.044583913322709147
0.046231152331969706
0.039172871274955924
0.040824837227854412
0.036729593366096623
0.045309894955360197
0.029490095053857291
0.024393035456293448
0.017449193456888428
0.01068967475124416
0.0084215615191079729
0.016081572489321207
0.013917738719180709
0.015274592728286929
0.016391298669849459
0.019312982855470243
0.025267111559311665
0.024153653051342188
0.025160666739442668
0.024773026571046186
0.03021689358659168
0.034845141815941484
0.028803775441087354
0.022272212718456162
0.016440762556238751
0.011605920024929172
0.0079870530089408316
0.0062943771631965642
0.01417303298518203
0.021293019662885729
0.024917327702499322
0.032074883571997025
0.039615663051100238
0.042899472586297824
0.037522252884976529
0.038076139131802231
0.036598680158577111
0.032368177256476345
0.03829553479850422
0.034371604995376011
0.02020789788582893
0.018597099330237989
0.020100280321504894
0.022518018578322675
0.018023739370868326
0.01749806988264117
0.017271187565648338
0.017249793580879524
0.021413303693902111
0.019511102876306287
0.027416215043559459
0.017314292985736352
0.025543653332709505
0.022538144161466354
0.028668969540199093
0.026092983156957659
0.01661956692037353
0.018729412118378402
0.016937483156316914
0.014478488155693921
0.024558063419505595
0.024149708240451016
0.028485195693311552
0.030376551267050654
0.038077344221380614
0.036900148864652906
0.029493545037791183
0.029448437929024442
0.028638716994293111
0.023529095291052227
0.027710735578345341
0.029345975891533007
0.031156985911776458
0.026200183680397591
0.031040063504128943
0.033179421978298235
0.023890920749763584
0.020378809706756956
0.017680877644716493
0.025441236800917456
0.021062186780216305
0.022110526912155988
0.018366404300317635
0.017857194174358982
0.018997603016386699
0.015164912141013545
0.026364501149227535
0.027668651721636715
0.027361000634754336
0.027129944588886051
0.026767901934819635
0.023884399780686724
0.032852276408322577
0.031892022810619411
0.029277908106068333
0.03402943940524053
0.029204336986396007
0.021590931181404417
0.017368424485792153
0.019976067872466825
0.023905815000838014
0.022596777704486981
0.022303509298308179
0.024676969752064948
0.037743307847220381
0.039505728203078141
0.043556461406566202
0.03311248485243426
0.026791223928392258
0.026254727582601171
0.022699781171479801
0.018895741892972214
0.015252895286100996
0.012142537365097433
0.010474562671219214
0.010544043664227362
0.012307861873142688
0.015195078488387945
0.016229158164056175
0.028806185031361089
0.032162454609336956
0.034420673228422675
0.035265727113686134
0.027060203448580154
0.045306579897158604
0.035306984376520439
0.037749768625874779
0.02966755443199677
0.017076141314213467
0.018774581479302312
0.012258966438097645
0.010521626265153801
0.0105338089490886
0.017070568826522081
0.020428025591976835
0.025519714610738545
0.029637048384633779
0.048084392242646941
0.040485638408398396
0.033800598177002698
0.025146514095897209
0.021879470803219326
0.029143641962586897
0.016655199923612109
0.010662362259947569
0.0063571713833112864
0.0043434896434983447
0.0049865612676437019
0.0081535787887408867
0.013410501469559766
0.019073947500569975
0.026594165614047958
0.033912069179628059
0.039161658703454914
0.042131949069704203
0.033747968697983674
0.050881441905028801
0.043201303574847576
0.038731908192274948
0.023839750938621569
0.012648098148093583
0.010806601651578859
0.0064307986069972673
0.0043641647945890285
0.0049802290606180809
0.0081182412180036273
0.019852092257738003
0.029420245394468456
0.027721675147250702
0.042084173405014344
0.046370819218587808
0.042856395673069973
0.028618943222822792
0.024327374892615144
0.028989518292738145
0.014731270754194751
0.0077592412317012919
0.0029178112838972592
0.00088216505771469844
0.0019874538955150481
0.0060680945456728858
0.012574399515433266
0.015437906432256033
0.018091737909063474
0.024558219989244054
0.028813222936924007
0.031094522459276887
0.02404857905874494
0.040712852858387064
0.029881436144004746
0.032652971709661471
0.019187544520153289
0.012942859430180118
0.0078632511540774972
0.0029525182639019922
0.0008859529034888681
0.0019870653950439187
0.0060583024038976304
0.015851630746321684
0.029021632330727416
0.033115732324639283
0.051387603101189547
0.049335478772839433
0.035376066185193025
0.02668403101077969
0.022779274915712744
0.026583531557111312
0.012855142721986108
0.0067753463538934872
0.002816658463420176
0.001534501617084057
0.0031462583424541769
0.0074075907111122883
0.013731352765135811
0.015209781474438721
0.017012022284095412
0.023250268472315445
0.02703376505976867
0.029018254997560892
0.022944443484806756
0.039003200394845859
0.028901129034251894
0.030624188044217043
0.019502778331431204
0.011484924358169932
0.0068525690065314561
0.0028409213481040739
0.0015358862926367039
0.0031460852844816161
0.0073974384903143023
0.015742834635747278
0.027636108816495187
0.031377458891471512
0.047788232294623492
0.046327226653236749
0.031898602968250415
0.021230159768853979
0.017787726110484407
0.023338123623386324
0.01772404515732736
0.007933032859970485
0.0045910902291064733
0.0036710313267083838
0.0053406478727121252
0.0093308685611338017
0.015083219108072402
0.013692395236925361
0.023468845540757101
0.028491781547381748
0.03236427110666238
0.034325175353440013
0.032098194679140643
0.042392150090257597
0.030544592215794895
0.03608646567720214
0.021521310307086143
0.012898884967729838
0.0080086246697969269
0.0046274427871537691
0.0036820210926274831
0.0053441785116243815
0.009319896511823347
0.016483709856361717
0.025665571917819721
0.029791948898465689
0.043636886137417986
0.038195989180505374
0.029935573768849821
0.029884850405184942
0.026136343856118467
0.016731918027008231
0.015081480738543925
0.011032283410602845
0.0088149076745963808
0.0083974106159066218
0.009871417981744875
0.012986634304003505
0.012536046933114758
0.017476967394753934
0.020839939025858872
0.028736305010443736
0.031136386664889711
0.032159247079421423
0.025684319878082333
0.039490936122062961
0.032656702730766207
0.033243338267018946
0.027761241509130802
0.02262368931815531
0.011777994707907878
0.0088666859430304289
0.0084226608420256682
0.0098807937476938622
0.012974957605920599
0.016821110193933543
0.018704707920277213
0.038411797125944253
0.040962566011380354
0.044185141062003462
0.034955938701429684
0.026222604561477125
0.022207685390451634
0.01889407723743506
0.017457263030356027
0.015252288667688336
0.018890848717866428
0.015034104070424777
0.012399858379554186
0.014156204303212913
0.017919306238967848
0.018800006686011936
0.024184531800808699
0.024560436827101774
0.023023679824076368
0.024967895026064193
0.024411522229066052
0.028427554985633607
0.026117468783595006
0.024905163756120539
0.029413309226426879
0.027727094233043623
0.02546630447764351
0.015069026536471332
0.015064207966139474
0.019245935001300413
0.013547400554433696
0.017358355689869567
0.0211392399588201
0.032160590753250534
0.030692559220557577
0.041448962824376628
0.022567326294189761
0.019234591405054156
0.020065461308420875
0.021430316443353244
0.017076524104074665
0.016767846146727043
0.019843219736127869
0.019631828812841104
0.016225710095947938
0.016898464462615677
0.021820894365856856
0.025524793445823306
0.020033018783839892
0.018981110459715459
0.016322460000715844
0.011860333807196312
0.010462025781923593
0.020999456353071932
0.023995045259434394
0.023745315659027506
0.025780242321681066
0.028230531817034756
0.032466872005565452
0.024701154647397069
0.025193609029151746
0.025378434089819393
0.019405652804170982
0.020741553815903983
0.026951464507184362
0.037604709204812549
0.027179385684474318
0.030138775338929578
0.014166201964994145
0.013114130141910109
0.015281308214488813
0.019238748249889706
0.022680686814019253
0.021138663181058805
0.017564847391149468
0.021506499044927314
0.021806259303310194
0.021134092409120869
0.024859080182566343
0.024397756649664114
0.021559183882650105
0.010481908327421696
0.0087212744231085441
0.0072066774864314809
0.0064482858514500517
0.011554687845400221
0.01335500377627357
0.026149403525433004
0.027925184514566385
0.032993087275076723
0.02569843291575118
0.03232027477712042
0.033301403633247281
0.032779434533165903
0.038289925632952929
0.029875120782561632
0.037673876343864876
0.024471270413922903
0.019483572274715207
0.01867562387227812
0.0065402553198519956
0.0078526035935909677
0.012154671746259244
0.017811947314179601
0.027869725055737187
0.025321195808018646
0.024318683472762302
0.025705755359846087
0.025894432647071326
0.029400955518824053
0.032085819334378658
0.024881227967982044
0.019503917669332779
0.0094760436576052619
0.0059612033315136481
0.0027329122724950115
0.0023042430359024907
0.0056970823455250071
0.012776580061205715
0.023046846788773431
0.030643476273987398
0.037862052302068017
0.033917503835166507
0.036154771928252477
0.036093122907523506
0.033447259445673741
0.034085258881772447
0.02928941401887436
0.027044183069483654
0.019556938343127245
0.011258073160870468
0.0085942007709152255
0.0032364842724336008
0.0056735668144685418
0.010594506048316032
0.017787349265828745
0.027062370301517449
0.02868876622262154
0.03300580929450915
0.028336913944521123
0.028386932608417202
0.030511565522066065
0.031214699050494964
0.024776151179360321
0.018849437779603354
0.010479518117671198
0.0047114291012803847
0.001569849482494753
0.0018828874484891453
0.0057199173879344803
0.011918527494340764
0.022274428163670208
0.030744106256024858
0.032566031493134993
0.03644155406688817
0.039365077508896833
0.03948432343645554
0.038346640241136952
0.04148605176385195
0.035938187625381895
0.026636101775050217
0.015391695167983156
0.0078887948734018866
0.0039099032504536137
0.0018935553441955411
0.0051054856746759287
0.010110406664513556
0.020096275087610995
0.028427205559917741
0.03252720295280187
0.039213544957644585
0.039818967488019219
0.040943235967715173
0.04172706615988149
0.03416280695603785
0.029302855999261222
0.025141489763432504
0.01600160893618956
0.0071019790718859525
0.0042581981382601684
0.0047363787110106127
0.0062031516890664407
0.010952254524669551
0.017629840206658372
0.024770636683929471
0.027467112492045746
0.027038037048827356
0.02900935858544141
0.028912134766690373
0.034624826182378665
0.029031650925970764
0.028109409689484253
0.019657683167903828
0.010565250188884505
0.00576235163368846
0.0015231004821828257
0.0039104081186289641
0.0073856135521325568
0.016166767452505316
0.020744461196570849
0.030274107792433724
0.041633536460500262
0.045621072300613102
0.036757243283804017
0.038403475353536977
0.034854030891564657
0.033191965340829986
0.029158543042894804
0.024127017930868615
0.018112801425801708
0.013251330476423771
0.0099995244226485994
0.009871688395238009
0.0096343618585933936
0.012595832313177882
0.015269081667031816
0.024184578174176127
0.025945811064895633
0.025992870886541872
0.027621634001501586
0.027392327494188608
0.034977396400756408
0.033325781798431584
0.026782179941794472
0.017584978923835579
0.013152749816846099
0.0077227126561903395
0.0043682772370175517
0.0082692797534631608
0.014515839344879657
0.020878750447243369
0.02526868947829199
0.030778262577940453
0.036787154303544373
0.042018497270522155
0.032536782944934596
0.036428168473433151
0.040394856276548416
0.030326311803498263
0.036240670801727021
0.033234991644109327
0.021349913343090613
0.019725721604630573
0.021080812130596153
0.017719681075433574
0.015190167329070447
0.014657688681705961
0.020465535984504415
0.01797502353260606
0.023293121515755008
0.023334546436403023
0.024376339096277275
0.024049732144622873
0.029658942671249234
0.033610060958886044
0.027560189331747979
0.022378773053154787
0.013253811604428671
0.01227739921026081
0.0099175262594964966
0.01587557019086205
0.021355097433743704
0.025103433588674284
0.027386358446256899
0.026007366679050362
0.02954079980105398
0.036646517943668834
0.028825593533849777
0.028849171326959425
0.028013416371541758
0.022793864043372452
0.025949868254502875
0.028777701236405592
0.032190648681601111
0.026979954444489276
0.031541516490042013
0.023952738926590559
0.019374375541421306
0.0222535471883991
0.016902252138324463
0.016375578007074322
0.019913871379823835
0.019472831262723193
0.019761921905986423
0.019386324739358387
0.02580778997638657
0.022564476639642634
0.027431392502869252
0.02443564300988426
0.021150790399230138
0.015743888838842191
0.016700190567169905
0.023543730412748546
0.031585484398203273
0.030687042876518307
0.027561836672581743
0.030625347910545803
0.021648580640469595
0.020862096639550989
0.018531352717442065
0.021026810567396661
0.023942964944460767
0.026688465567384089
0.021801847313834864
0.025250237935863729
0.03559125885778771
0.027159357164834707
0.033900878658563935
0.028857869372511263
0.021443103404276902
0.020096599848784688
0.01713644374904617
0.020728211294002846
0.019461741457448316
0.021520281910513032
0.020598162376638699
0.015958611117806248
0.019309873885529089
0.018628600965669418
0.025377036081101853
0.026429304905203205
0.025689355052945576
0.026372083752782157
0.026094728474303823
0.025004044581680384
0.041921107702674425
0.036103088168252168
0.030220503959718682
0.021243363196986245
0.016902585484423884
0.010741255649294984
0.01058441466618716
0.011650314670998849
0.015160684609848027
0.020262110110299502
0.021114279802231729
0.024745078197570918
0.026588583712846826
0.042406201761810487
0.043202662124571752
0.032675304611147656
0.027772835612514788
0.022967254766116409
0.018228504028126154
0.018358685608185009
0.015091326908086808
0.012753999896153341
0.011613795117905588
0.011873875441926834
0.013471162858487602
0.016117152186965182
0.016001957303804611
0.027056140266790714
0.029820172432614072
0.031686644323203103
0.032386623848080123
0.030667675539741323
0.046829832316702978
0.04046929043655012
0.036449983375307027
0.021731619554527411
0.011509092299242412
0.010762967342261235
0.0072798509717586371
0.0058273376532800604
0.0066518749957576208
0.0095997266358949784
0.020460391549163976
0.028590209831864419
0.030714215104332018
0.036762707226829082
0.042656807481080541
0.031089705165170421
0.023296237077716178
0.021771915112721311
0.026899001917196519
0.018406524829391192
0.010636533418504219
0.007211660123172702
0.0058066024025473914
0.0066665235267777219
0.0096472833368641889
0.014339199238014895
0.016100823088912534
0.025369701889178416
0.031029308099695552
0.035481802654102709
0.038053710260568967
0.02189138991072994
0.037711500333999656
0.02813581009521849
0.030700586065331419
0.018276707512280225
0.010873164725343679
0.0078183060095909501
0.0037689906899572643
0.0022838359622558793
0.003601770380383125
0.0074943562091808243
0.017931662589191807
0.027770344792288314
0.030747319931281384
0.047288922465254707
0.046268896133085519
0.03473523457448565
0.026390941269886132
0.022756790330130446
0.026943817102860142
0.013687177158787251
0.0077220789295542819
0.0037332405547876812
0.0022800890958620747
0.0036085762671187317
0.0075171843651394418
0.012884198118227625
0.015353121021050969
0.016519422336636742
0.022598699835876975
0.026318334811605826
0.02834782012634918
0.022944443651077267
0.03900320083916934
0.028901128084160871
0.030624189587599368
0.019502778721317469
0.011484924661167005
0.0068525691403711663
0.0028409210843979844
0.0015358862130995055
0.0031460852421598094
0.0073974386013389935
0.015742833582459679
0.027636107638273684
0.031377461213469383
0.04778823274076098
0.046327226596949253
0.035376069158526348
0.026684031854940785
0.022779275068410654
0.02658353156800727
0.012855142810996324
0.0067753464015571484
0.0028166584796622319
0.0015345016305256349
0.0031462583839290546
0.0074075908877276131
0.013731352703674706
0.015209779263784879
0.017012022812926759
0.023250267804704013
0.027033764811308376
0.029018255120552568
0.032098195840893337
0.042392153184354429
0.030544592578817364
0.036086467091300534
0.021521310500854946
0.012898884049255691
0.008008625041105645
0.0046274418368966487
0.0036820209860043977
0.0053441785551702412
0.0093198966399673702
0.016483709905993144
0.025667300726233883
0.02979195177689082
0.043636890042608019
0.042478394880423591
0.031898604769713255
0.021241205354103142
0.017787726016959438
0.023338124439455772
0.017724045434527939
0.0079330329753669066
0.0045910902884273462
0.0036710313590286115
0.0053406479336056802
0.0093308686193499801
0.015083218845584164
0.013692394499294007
0.02115730916941239
0.028491782091467115
0.03236711155291358
0.034325175768238535
0.025684319801296724
0.039490937866562111
0.032656702910726962
0.033243340286598401
0.027761240018120203
0.022623688396465839
0.011777996308033443
0.0088666826173399611
0.0084226600316355833
0.0098807942394443637
0.012974958350046436
0.016821110425717368
0.01870470826372345
0.038411798800568629
0.04096256907246134
0.04391233094497192
0.029935571534146905
0.029884845493015896
0.026136347311805055
0.016731918403409062
0.015081480882606477
0.011032283513831887
0.0088146944513349725
0.0083974106521665648
0.0098714180276317908
0.012986634287860907
0.01253604697560432
0.017476967318199605
0.022088768183815277
0.028736304633934253
0.031136385989005925
0.032157846726451098
0.0244115298350197
0.028427557466109307
0.026117467839785444
0.024905162692546296
0.029413311365083052
0.027727091393924895
0.025466304552127395
0.015069018532858554
0.015064207087673727
0.019245939005309274
0.013547401482966076
0.017358355801738407
0.021139239866327503
0.032160590600053926
0.030692556130646469
0.041448965531583899
0.034955946307771255
0.026222610467975138
0.022207688237063882
0.018894077607139199
0.017457261823828053
0.015252288769040315
0.018890848800109317
0.015034276153505277
0.01239985858087898
0.014156204124087737
0.017919306284470284
0.018800006849618189
0.024184532390053848
0.024560436737197381
0.023023680933891715
0.024967901783699672
0.010483454098222931
0.020999455424757868
0.023995045621478001
0.023745314474984614
0.025780244680273935
0.028230535615317919
0.032466866219562129
0.024701153105934376
0.025193611021040934
0.025378437853061007
0.019405654510083997
0.020741552775883541
0.026951464819950362
0.037604709015377845
0.027179384409137638
0.030138775285440487
0.022567328606846876
0.019234592128370982
0.020065461209479211
0.021430317831418515
0.017076525361020115
0.016767846286647077
0.019843219782890609
0.019631828908123598
0.016225710088269885
0.016898464600373534
0.021820894471223738
0.025524793486642026
0.020033018569786572
0.018981110804081349
0.016322461344754607
0.011860335927961305
0.0069300534094920551
0.011554692144829874
0.013355000713490451
0.026149404575115325
0.027925183006291619
0.032993087913736237
0.025698424189732966
0.032320282917501629
0.033301407742698921
0.032779436923225921
0.038289930274293907
0.029875119705282182
0.03767387733166537
0.024471270134663343
0.019483571777929372
0.01867562367106906
0.014166200475024227
0.013114127046617338
0.015281308013588958
0.019238747605561927
0.022680687103130422
0.021138664132515236
0.017564847700612601
0.021506499145851891
0.021806259498990191
0.021134092831879982
0.024859080432995478
0.024397756910708848
0.021559183965272621
0.010481908587837955
0.0087212738700920937
0.0072066733222359118
0.0023042427271290399
0.0056970825226386615
0.01277671068334512
0.023046849202358451
0.030643473756523612
0.037862051576538693
0.033917499423572424
0.036154775023520637
0.036093126024005606
0.033447260414670027
0.034085259458006396
0.029289412898640784
0.02704411496952492
0.019556938599436996
0.011258073088683873
0.0085942006764633677
0.0065402550746199162
0.0078526032755407097
0.012154670460590962
0.017811945046900268
0.027869724235738649
0.025321195684183055
0.02431868379105823
0.025705755410711562
0.025894432968212758
0.029400955842875446
0.032085819866514639
0.024881228155372772
0.019503917458788197
0.0094760437699667015
0.0059612035768230919
0.0027329127225546842
0.0018828873862228514
0.0057199168311835146
0.011918527468199817
0.022274429276580458
0.030744105454599789
0.032566032796299119
0.036441553550761223
0.039365074412532244
0.039483011039438985
0.038346645352757669
0.041486050530763513
0.035938186797670711
0.026636101669988428
0.015391695655685544
0.0078887946873656654
0.0039099033345747283
0.0032364840559239421
0.0056735666846139321
0.010594506002734261
0.017787348826271948
0.027062369558412978
0.02868876561245759
0.033005947734866738
0.028336913408150914
0.028386932501488743
0.030511565865074895
0.031214699638093556
0.024776152641285253
0.018849437464516321
0.010479517814855906
0.0047124150445095282
0.0015698495648939523
0.0047363788236220927
0.0062031515949467677
0.010952254434026058
0.01762984007766304
0.02477063666027679
0.027467112270448457
0.027038037350007427
0.029009357825430192
0.028910624031811487
0.034622295565930938
0.029031651278494039
0.028109418329959675
0.019657682820813264
0.010565250162597087
0.0057623516582822627
0.0015231004664504647
0.0018935553263587585
0.0051054856298606063
0.010110406744756294
0.020096275327381279
0.028427205554580424
0.032527202833698428
0.039213544648315272
0.039818967261082229
0.040943235749840108
0.041727068205741569
0.03416280576355761
0.029302855861767993
0.02514148799514249
0.016001609654185706
0.0071019789303088865
0.0042581982587138033
0.0098716882893879511
0.0096343627123189716
0.012595832702697832
0.015269081659569276
0.02418457781348303
0.025945811058591898
0.025992870790498415
0.027621633441493612
0.027392326870178736
0.034977396173353818
0.033325781998008841
0.026782180368625765
0.017584978754484913
0.013151559969681594
0.0077227126349498536
0.0043682772830209091
0.003910408102862385
0.0073856136672518407
0.016166767338132649
0.020744461904621665
0.030274108077986105
0.041633536764101226
0.045621072897047144
0.036757244149794172
0.038403476572399696
0.034854033221822567
0.033191963683693787
0.029158541933681378
0.024127018819783401
0.018112801953683894
0.013251330215110648
0.0099995242980791595
0.017719680333371401
0.015190167274312157
0.014657688745913944
0.020465536038333641
0.017975023560093839
0.023293121641353789
0.023335790571386409
0.024376338881268281
0.024049732049836008
0.029658943105150153
0.033610061682552123
0.027560189404203555
0.022378773010809108
0.013253811573488835
0.012277399233917701
0.0099175263326857794
0.0082692798275589598
0.014515839525688887
0.020878750391257684
0.02526869000781409
0.030778262488459437
0.036787153552838486
0.042018496472030223
0.032536782264306063
0.03642816810328052
0.040394864726608137
0.030326316690814505
0.03624067618226904
0.03323498999340288
0.021349914402835537
0.019725720779553011
0.021080810821616947
0.02395273868289997
0.019374375082440682
0.02225354638314055
0.016902251857043155
0.016375577900803646
0.019913871326726184
0.019468498676425843
0.019761921843722018
0.019386324781831093
0.025807790102744258
0.022564476687620329
0.027431392741984913
0.024435643589779087
0.021150790379843593
0.015743889095088569
0.016700190561725392
0.015875570258138988
0.021355097873365033
0.025103434062203677
0.02738635845442634
0.026007366179808252
0.029540799295418359
0.036646517595983155
0.028825594351982019
0.028849170577107418
0.028013415413606798
0.022793866770819717
0.025949866716531315
0.028777707252746858
0.0321906464134444
0.026979954165511095
0.031541516879501706
0.028857869682366637
0.021443103745297575
0.020096599899937232
0.017136443814221702
0.020728211513728664
0.019461741586482159
0.021520282085279535
0.020598162368955682
0.015958611336042042
0.019309873964183991
0.01862860077012261
0.025377036208784089
0.026429305703681388
0.025689356585155448
0.026372084233253112
0.026094728677715732
0.023543730243371405
0.031585485181397699
0.030687043511252815
0.027561835876388947
0.030625347928307248
0.021648580426806542
0.02086209678130712
0.018531353490883789
0.021026811506564505
0.023942963314789251
0.026688469196663844
0.02180184854048178
0.025250238692835873
0.035591258593673007
0.027159357417723934
0.033900878657751939
0.032676891082915549
0.027772834764238766
0.022967254034940824
0.018228504039151217
0.018358685451737598
0.015091326961987771
0.012753999851218634
0.011613795197372675
0.011873875500012303
0.013471162742678074
0.016117151940280267
0.016001957451609504
0.027056141339803687
0.029820173746823112
0.031686646114061322
0.032386625282904577
0.025004045444875504
0.041921108187524626
0.036103086861093113
0.030220503508374529
0.02124336268476635
0.016902585155015443
0.012228104894453865
0.012507106262059468
0.011650314580274783
0.015160685153772216
0.020262108169593729
0.021114280531173715
0.024745079263612635
0.026588582412722776
0.042406202121451318
0.043202662810972389
0.031089705086773937
0.023296236954296442
0.02177191496930047
0.026899001751360594
0.018406524750061416
0.010636533378233986
0.0072116600916832781
0.0058066023192973413
0.0066665235425735509
0.00964728341902279
0.014339198799072056
0.016100823054240487
0.025369702206107844
0.031029307728938547
0.03548180208879919
0.03805371132029492
0.030667676368703406
0.046829832979967005
0.04046929021574338
0.036449981570059881
0.021731618747809614
0.011509092363630352
0.010762966467092391
0.0072798513489317736
0.0058246117922977009
0.0066518746120721502
0.0095997272195329081
0.020460394587139059
0.02859021185798952
0.030855630838918905
0.036774531571047125
0.042656808381572466
0.034735233460540513
0.026390940326036734
0.022756790170754316
0.026943817200563488
0.01368717706015295
0.0077220788688336459
0.0037332405307542774
0.0022800889821136595
0.0036085762478658343
0.0075171843544467121
0.013470023246279118
0.01478921513797463
0.016519422370386904
0.022598700324457217
0.026318334931838005
0.028347820061436643
0.021891390208845632
0.037711501461632983
0.028135811444212754
0.030700584158152085
0.018276706762334664
0.010873164591088278
0.0078183060365366649
0.003768990920809749
0.0022838359789166831
0.0036017704324592652
0.0074943561054283203
0.017931662895923912
0.02777034561966972
0.030747317692210702
0.047288921549180761
0.046267849066798337
0.030281949066393213
0.023088591679485775
0.02013920449993211
0.022092791700367133
0.016327014558876494
0.0071167590721193056
0.0042417575781916132
0.0035566596954713686
0.0051857272306297829
0.0088657618250924629
0.01305499619325722
0.011345090925505162
0.016335080961762685
0.020191263116096588
0.023143069322133801
0.024730437062176824
0.019789219782364944
0.033642849647502221
0.025404762072424893
0.027079021735970335
0.018234114683029688
0.011239588572166559
0.0063401312709942901
0.0042701817674469554
0.0035573692759972623
0.0051735212322986035
0.0099565144581027741
0.016843870856892981
0.023579526865258958
0.028609994432972307
0.039197167833832709
0.039328185972495891
0.02846284942323762
0.019290973458957788
0.016321132974165306
0.019111319303034127
0.016869531276307172
0.0078664284038642545
0.0053141746795920567
0.0047987806772676802
0.0064176580796242964
0.0099049874560918506
0.0097877770932887301
0.011552923629561004
0.016556942301634205
0.024626876165336011
0.027636360943478273
0.029183853762474444
0.02734986615297539
0.03622440816424196
0.026587049360617329
0.031897787704287223
0.02012039614919935
0.011988600394868501
0.0078307476968529684
0.005342578271817432
0.0048049263410291565
0.0064136509403378188
0.010209263451336008
0.017513956145207014
0.021142755644747907
0.028928472185880807
0.035042751785754174
0.033684063666053338
0.036067887212284197
0.028199364194487656
0.024052922112856794
0.011869670966384875
0.012476268038003023
0.014036085317763973
0.0084341076447912878
0.0081587136465458079
0.0095254564616633532
0.0082257538411446476
0.0092922096129197246
0.016172174292530931
0.019917944473168581
0.020079827729482056
0.026169333446663733
0.026853598431870303
0.021374282756591621
0.033472123631993568
0.022519682034357072
0.021107578080194471
0.024873061203381303
0.021752473110206793
0.013264770437997099
0.0089433324063379199
0.0081731509340423961
0.0095083025511306738
0.01239694752620113
0.012057452234220212
0.016976494554416008
0.030421359888869647
0.037175743315661904
0.04198165993106609
0.024012927014566865
0.022266874512930707
0.020398241446658413
0.017430865090346831
0.014140903303216597
0.011326503847560798
0.013420839042843094
0.013877345746738063
0.012258944751383465
0.011665090068012023
0.015267331278181197
0.01727960555940344
0.022032601723324132
0.020975342074559953
0.017101821658419183
0.01644241302822828
0.013884600699195246
0.023860946148234564
0.023522511191918744
0.021968461450772674
0.022566721344440033
0.025307970193461787
0.015833400545209465
0.014821687085593777
0.014696675530772495
0.015500103252744198
0.014501911833404985
0.012952750694424359
0.019012241477207613
0.028430760001078893
0.02739597765372263
0.032931862772588173
0.019517792584823179
0.017112233688070324
0.023149375726817717
0.019652627604606163
0.015065296362222168
0.011287541957707007
0.013459929248840975
0.013724939870279725
0.014073769059083436
0.014456216259994374
0.020736985494396662
0.022972604853739937
0.021027772485154819
0.016763971753571024
0.014211403439343189
0.013243899301996362
0.012986437468478228
0.017915969751996778
0.020202611649357483
0.02096858728350123
0.021085736261354682
0.022466455688729899
0.026950997847803061
0.020954416597544448
0.02130577363943767
0.021600905802569004
0.016901530559891267
0.017884172105280524
0.023691986067744118
0.032775898500721809
0.023783251556079396
0.02657543734118353
0.012403886101430854
0.011724995376976209
0.014767855553095788
0.022298205230970303
0.016586495157579415
0.01769886324644546
0.016906424557869303
0.017761314854117895
0.018085760183372847
0.017834390512409103
0.022201841436359671
0.024853404002751801
0.017099257873040171
0.013628033635823324
0.0066201240802816587
0.0054797827485932203
0.0056518954379763944
0.0071705015455812739
0.015936657890644454
0.021396934680971074
0.02471922098756902
0.022793934764942875
0.022883752041149098
0.024085601167854742
0.02792017967976845
0.03232226179296973
0.032647319454158309
0.026416969719774887
0.033308059979286674
0.021497521026499322
0.017277962429146969
0.017335568897503074
0.0065986199887883273
0.0079357157841513735
0.011409513504251319
0.016001956942307022
0.021038820022998932
0.021323893091770914
0.018034959715722169
0.021267026233054868
0.021517492920259309
0.020672313709883865
0.023713460180497307
0.022463177137346264
0.017926124881301762
0.0096039267020789684
0.0053001552109009191
0.0033276653689701644
0.0036994212809824015
0.0064901635514293884
0.010035589922130708
0.019080300993279262
0.026724084576245938
0.032593849858013911
0.028317716493370171
0.030106171712567333
0.030216622708708535
0.028676773885666598
0.03194543436002651
0.026344664380853318
0.025472613846345686
0.018094828401800999
0.012440634394283761
0.009449528769497709
0.0040055432175828834
0.0060425767403709668
0.010422145317776662
0.016323889657935322
0.023973455383693002
0.024473726913435752
0.024676723992897047
0.023707724951627061
0.023847565206011632
0.022537865314363238
0.0241847314712259
0.022258140641401747
0.017350932218555715
0.010985867676954751
0.0062933872488713377
0.0035656260921112168
0.0041083777899757401
0.0075076719683086863
0.013644880108484855
0.021617719143407158
0.028124304960177506
0.029000564867279987
0.031258911102458528
0.033303831661472376
0.033168126011914843
0.028506879554953943
0.035323798516541154
0.032026631908885217
0.023849684730802938
0.016303827759293274
0.0083514142328808636
0.0037790533228699999
0.004018715608168251
0.0062599916841918459
0.011718093595770994
0.01863954498907763
0.025308824474554143
0.028688116159024613
0.032536265670078827
0.033958177610617271
0.034904948551528453
0.033531617165744633
0.032196554605167911
0.026051811180049216
0.02359994345686401
0.017679871467002738
0.009553334577318575
0.0062258477047938236
0.0066765409805683018
0.0078438877679909997
0.01140264040334054
0.015294099593481542
0.018202737316128172
0.023488418475167392
0.023125629032489558
0.024719308893852751
0.024725931568758026
0.027398556989399577
0.024060690630836237
0.024300658422008344
0.01749348224227747
0.010741357660785293
0.0057489309852267545
0.0034427586762139739
0.0062791719617840943
0.0093294895299132971
0.013959103732209554
0.020113673775016504
0.026415452553262209
0.036139444498994401
0.038891208765573337
0.031892928202676717
0.033397200591657898
0.032769951225571428
0.028863108456485473
0.02413029671092768
0.025731760596616474
0.017861472215846358
0.014315075738483597
0.015564162112691002
0.011828039466899989
0.011202861577861743
0.013040824027425374
0.017551295429367987
0.017824467064356433
0.022249579899380423
0.022777357402135094
0.024149539931408386
0.024021584653384394
0.028199005429040646
0.030287266156571943
0.024159258399404786
0.019319629568173225
0.011656890551941424
0.0087041654590781
0.0064595914227190843
0.010453812859762834
0.013673246725325491
0.016908775348913156
0.022697850056207794
0.026971135426964499
0.03283787254887658
0.038659343591172082
0.032151512340638469
0.033940378584183771
0.033905838276853041
0.028604853618593475
0.032191522427687518
0.02832212403050292
0.022085149490337116
0.021088011245251351
0.022188703021727964
0.018816374021362443
0.0155058110598591
0.015309806230260186
0.01890214641405066
0.016127779210669366
0.020195705141975932
0.021135838569035153
0.022079386690815325
0.021836655263788189
0.027200809869811611
0.023940738026781674
0.024876726184777851
0.020432513932512553
0.013662466842195346
0.011310885356925891
0.010853023628630352
0.015174789706240201
0.020672974559802
0.02264922212064837
0.023137627908451287
0.02290394122956594
0.023766880565772388
0.032116447849878653
0.02653136903654741
0.026605448070496095
0.025784433777952653
0.021188585659378915
0.023004758535136133
0.027657754847417785
0.029276616505719593
0.027876896640482065
0.029936447294977596
0.024879709063108869
0.021605486484077584
0.021101391279581713
0.016017522575285506
0.01747185507133742
0.015561875135309265
0.018453010308513759
0.01882393442397641
0.018502486865539194
0.02337524129089608
0.021359056885709455
0.025211950372583111
0.022383941468000546
0.019871896111002218
0.016507871290788022
0.016185396730201293
0.022068943851209475
0.027985279627235161
0.02649614760846173
0.023535575457802983
0.027498804053464193
0.026322305964951467
0.021568529012530251
0.018725680501746431
0.020486994748582267
0.022406809956589748
0.023716513778390388
0.01669352303780821
0.024714888097215882
0.030521637452634139
0.02499080937096778
0.028756220949692466
0.024026111340300905
0.020210972575291572
0.018860307961568883
0.018341123658694392
0.014064190103045439
0.019110300306188918
0.019830590845080515
0.018816369738866721
0.017184996158856262
0.013838583370522109
0.021691738437393016
0.021650177870575674
0.022679839034270205
0.023246112477250135
0.023161345697197782
0.024130722642869976
0.021669330685958405
0.036119199417560539
0.030827313353298261
0.020200246217244745
0.025531686896682726
0.01864745014183215
0.011048117846353749
0.011474043323896671
0.013417182893593298
0.01665275181368861
0.020349388303809526
0.021763545618494855
0.017682342992181785
0.02575282591101357
0.026515612797625668
0.036752678394165621
0.029255238483124779
0.02199579188263711
0.016672049946049913
0.015134775116065686
0.018356815631008872
0.016800461675502712
0.013292283755601384
0.012746673499330499
0.013143074971361524
0.011959919877634407
0.015767929630644984
0.017938551443646505
0.016485107649013224
0.025957610460830945
0.02725599555069181
0.027740697769607987
0.025733979867954847
0.039838317539533263
0.035310400390430312
0.03216985543940519
0.021000191549561845
0.010391009805843062
0.0078522872649197436
0.0086057965474840969
0.0078599831128087876
0.0087912818313668119
0.014402696162725182
0.020925436269738345
0.024805618841052444
0.030584795697907587
0.027782361935977187
0.036138196589637413
0.026351800534945111
0.020807361125704058
0.018803649078979443
0.021781513760659513
0.017981070320777049
0.010788410801276333
0.0085468158101780472
0.0078475187207094552
0.0088176810524581931
0.011292803930913449
0.0107949885051073
0.0160102892512483
0.022427366141365986
0.026483361559714324
0.029720460357817471
0.031651973305186709
0.018293420319616276
0.032204936630525149
0.02462864824329683
0.026998849620150745
0.01759026269717447
0.0099434839776644281
0.0065944091613699737
0.0054129419570339721
0.0046255278517075117
0.0060042311929351016
0.011423520683545576
0.018557962601061295
0.024292377271529123
0.027954138307290582
0.038301814125669235
0.038983365615518371
0.029264243970080678
0.022482419983647067
0.0198913082035241
0.022177611997317676
0.016788036252973149
0.0081403270611294307
0.005372708760207485
0.0046227173401353133
0.0060237783109007613
0.0093499300044390145
0.01232571433693914
0.010521185292572099
0.015811662161229451
0.019374244061586304
0.022154022748127739
0.023721481361565169
0.019789219853936293
0.033642850627462993
0.02540476204903231
0.027079020685872576
0.018234113980821885
0.01123958860681294
0.0063401315147419051
0.0042701813940273772
0.0035573690961371077
0.0051735210163561364
0.009956514304951012
0.016843870500496468
0.023579527223395732
0.028609995543519329
0.039197168112987152
0.039328186185244987
0.030281950160455779
0.023088592170389766
0.020139204559672327
0.022092791938392291
0.016327014689089273
0.0071167591224635856
0.0042417576121901463
0.0035566597235595935
0.0051857272449870135
0.0088657618884549049
0.013054996090235645
0.011345090760391361
0.016335081102084717
0.020195745435867513
0.023143069231980153
0.024731197608313753
0.02734986664923687
0.036224409991177306
0.026587049586160365
0.031897789073737456
0.020120395852742896
0.011988600345032893
0.0078307491485894165
0.0053425771208101686
0.0048049254337229228
0.0064136508010411084
0.010209263778475957
0.017513955581036248
0.021142756798726164
0.028928474296879503
0.0350427524446775
0.033684063849139703
0.028462850352902837
0.019290973571719956
0.016321132868856322
0.019111319726380908
0.016869531392341559
0.0078664284595968033
0.0053141747380867832
0.0047987807259071797
0.0064176581303380942
0.0099049874670854091
0.0097877769752100531
0.011552923570417312
0.016556942610107386
0.024626876558755648
0.027636361035303661
0.029183853877490402
0.021374282617746411
0.033472125094050086
0.022519682277454878
0.021107483696653103
0.024873060273683127
0.021752473989969625
0.013264772700459292
0.0089433278355792872
0.0081731506865660494
0.0095083023296668942
0.012396948432982417
0.01205745232574771
0.016976495016916272
0.030421360601046724
0.037175743679084036
0.041981660512571642
0.036067886531639962
0.028199362958216827
0.024052922339387217
0.011869671179499258
0.012476268110859192
0.0140360853896156
0.0084341076736388163
0.0081587136826778515
0.0095254564941138521
0.0082257538499940341
0.0092922095829783505
0.016172174275419959
0.019917944458956508
0.020079827963777226
0.026169332924327743
0.026853597770732571
0.013884600841721904
0.023860948297445811
0.02352251130156334
0.021968461564906141
0.022566721665608157
0.025307968215589435
0.015833403497485181
0.014821683194110325
0.01469667518880062
0.015500105710990829
0.014501913574001943
0.012952750746641546
0.019012241654654861
0.028430760414971189
0.027395978130120784
0.032943433148839379
0.024012928370181891
0.022266874272491848
0.020398241302780163
0.017430865341097078
0.014140903448348275
0.011326503835825895
0.01342083904758435
0.013877345778236004
0.012258944780958781
0.011665090064140161
0.015267331308160418
0.017279605640949727
0.022032601980380172
0.020975342113736205
0.017101821404432869
0.016435610702745181
0.012986438358698277
0.017915970096423213
0.020202610138523383
0.020968587214503957
0.021085735916623598
0.02246646049178953
0.028433000151840096
0.019566873338779586
0.021305774492192116
0.021600905533340643
0.016901531361374809
0.017884172269240578
0.023691986306099005
0.032775899034358028
0.02378325178906486
0.026575437260232242
0.01951779319981593
0.01711223328746397
0.023149375164173546
0.019652627371310738
0.015065296744425413
0.011287541903590791
0.013459929405566598
0.013724939826637828
0.014073769119453782
0.01445621627959298
0.020736985576918932
0.022972604885766617
0.021027772625389334
0.0167639723030726
0.01421140487449828
0.013243901541971364
0.0056518948701127511
0.0071705021387861514
0.015936655873792022
0.021396332747108077
0.024719222132234705
0.02279393765793699
0.022883747618081089
0.024085609001955603
0.027920187126123895
0.032322259974765059
0.03264731957427864
0.026416970101851775
0.03330748433713502
0.021497520922995613
0.017277962356811727
0.017335569196327148
0.012403885946647231
0.011724995025574928
0.014767855083930217
0.022298204978531883
0.016586495173739613
0.017698863786859715
0.016906424638043867
0.017761314881885794
0.018085760238357233
0.017834390651638478
0.022201841619035906
0.024853404254212091
0.017099257832269083
0.01362803367093641
0.0066201242549353773
0.0054797823909827513
0.0036994209461183648
0.0064901636471849499
0.010035589130914201
0.019080303490794329
0.026724083434631906
0.032593852139898349
0.028317714682906066
0.030106173209248261
0.030216624692393779
0.028676774018342031
0.031945435319680561
0.02634466443607492
0.025472614584667014
0.018094828402053009
0.012440634292480008
0.0094495289625254244
0.0065986199228063817
0.0079357157006891312
0.011409513389252342
0.016001956310213727
0.021038819794091782
0.021323893423114432
0.018034959965970366
0.021267026255145208
0.021517492975689011
0.020672313877150215
0.023713460209941493
0.02246317722535613
0.017926124467775469
0.0096039264344894883
0.0053001552197220851
0.0033276653535191728
0.0041083777209223469
0.0075076717034971655
0.013644879688781503
0.021617720273893852
0.028124303788032837
0.029000565872153175
0.03125890989682515
0.033303830888115976
0.03316812665925635
0.028506880596151411
0.035323798605968411
0.032026632155707467
0.02384968473392653
0.016303828143066822
0.0083514141138449349
0.0037790533385547377
0.00400554317296646
0.0060425766834252166
0.010422145397329979
0.016323889437087218
0.023973454612151085
0.024473724937533813
0.024676723996912384
0.023707723002532322
0.023847565207342998
0.022537865399667338
0.024184731425235383
0.022258140188054002
0.01735093172750091
0.010985868032953835
0.0062933869401585463
0.0035656260064681365
0.0066765408009475955
0.0078438879167634593
0.011402640508568606
0.015294099543512499
0.01820273695731588
0.023488418305253462
0.02312562900360551
0.024719308409813873
0.024725931069490545
0.027398556663095097
0.024060690135750237
0.024300658264096876
0.017493482316543445
0.010741357684149916
0.0057489309992793816
0.0034427586727256753
0.0040187155671482415
0.0062599917437615718
0.011718093527645173
0.018639545107969512
0.025308825022650663
0.028688115729988611
0.032536265128563086
0.033958176978673218
0.03490494851293946
0.033531618208723364
0.032196554047594736
0.026051811564915494
0.02260302254119113
0.014543802674472394
0.0095533343170766723
0.0062258475436266234
0.011828039888794073
0.011202861963845127
0.013040824347761234
0.01755129552560861
0.017824466860043436
0.022249579799150421
0.02277735729425788
0.024149539653101657
0.024021584417978265
0.028199004929585464
0.030287266079444628
0.02415925900444903
0.019319629531945083
0.011656890640922249
0.0087041654728241061
0.0064595914464934618
0.0062791719787179106
0.009329489751292842
0.013959103493776048
0.020113674005833932
0.026415452549252164
0.036139531738794195
0.038891209565689928
0.031892928067505946
0.033397200779202121
0.032769952869833308
0.028863109808183549
0.024130297533053305
0.02573176188817004
0.017861473819041046
0.014315075550811169
0.012636462365976948
0.018816372685508481
0.015505811419396894
0.015309806151798467
0.018902146209577225
0.016127779075102541
0.020195705141764064
0.021135838583118821
0.022079386682992832
0.021836655168831355
0.027200809799352344
0.023940737923207982
0.024876726373788738
0.020432514266625935
0.013662467068434048
0.011310885486477639
0.01085302369156207
0.010453812951197376
0.013673247012530844
0.016908774928113726
0.022697850615737817
0.026971135425952624
0.032837871880529029
0.038659342513040533
0.032151511556408441
0.03394037912061041
0.033905839040507556
0.028604853944087651
0.032191520466974849
0.028322124037693405
0.022085149211339021
0.02108801046734015
0.021263537648268431
0.024879708257286474
0.021605486730784121
0.021101391490616087
0.016017522520612972
0.017471854943767087
0.015561875147515917
0.018453010420472836
0.018823934382468252
0.018502486842898687
0.023375241238545331
0.02135905686374422
0.025211950602877471
0.022383942059597445
0.019871896578823593
0.016507871461409113
0.016185396685632195
0.015174789714178443
0.020672974772098025
0.022649222278265348
0.023137627851782645
0.022903940946813889
0.023766880626345636
0.032116446299645933
0.026531369911072963
0.026605450774461768
0.025821313772867859
0.021188585515143667
0.023004753054490016
0.02765775695915651
0.029276615527299852
0.027876896031746451
0.029936446569248185
0.024026110861079777
0.02021097265040905
0.018860307771483547
0.018341123688980287
0.014064190041502637
0.019110300361440992
0.019830590820796114
0.018816369713045771
0.01718499623125655
0.013838583329704486
0.021691738518582835
0.021650178155955668
0.022679839347514899
0.023246112917914678
0.023161346017037811
0.024130722722238512
0.022068943902887155
0.027985279799079534
0.02649614734736545
0.023535574726190264
0.027498804039090781
0.026322305431044281
0.021568529095675228
0.018725681136869343
0.020486994367916241
0.02240681148951662
0.023716516098187566
0.016693520759089874
0.024714887952975374
0.030521635728988621
0.024990809050314606
0.028756219558305002
0.029255238649230644
0.021995791771674177
0.016672049831234329
0.015134775071967
0.01835681554481924
0.016800461643297862
0.01329228384789282
0.012746673497698643
0.013143074992421554
0.011959919847083353
0.015767929747617763
0.017938550898956324
0.01648752365907637
0.025957610835381371
0.02725599591201559
0.027740697983529076
0.021669330500838482
0.036119199315614463
0.03082731270560167
0.020200246556527503
0.025531686350028449
0.018647449654037817
0.011048118399075985
0.011474043375678247
0.013417182334908722
0.016652756322069081
0.020349385672830348
0.021763545894051297
0.017682341931591787
0.025752824888942094
0.026513775762827155
0.036752679116496594
0.026351800520032567
0.020807360977628937
0.018803648899720624
0.021781513784336098
0.017981070238749165
0.010788410738559684
0.0085468157598806108
0.0078475187185943675
0.0088176810892652523
0.011292804020485379
0.010794988268844428
0.016010288911781623
0.022427366009918917
0.026483361264586988
0.029720460054048201
0.031651972721321552
0.025733979491405184
0.039838317228126967
0.035310400231282894
0.032169856097683185
0.021000191934920625
0.010391009706206931
0.0078522874832396734
0.0086057968326580959
0.0078599834520237909
0.0087912824406355065
0.014402696544762875
0.020925436861986061
0.024805619077890244
0.030584794065057222
0.027782361339958473
0.036138196311657385
0.029264243533396267
0.022482419426444262
0.019891308018353631
0.02217761193064148
0.016788036124533494
0.0081403269969318945
0.0053727087204023796
0.0046227173194263249
0.0060237782912025608
0.0093499300447849945
0.012325714203753316
0.010521185188878329
0.015811662276967835
0.019372882093887562
0.022154022788586841
0.02372148117818022
0.018293420114762617
0.032204935389463965
0.024628647997830898
0.0269988510424535
0.017590263267780397
0.0099434836367305757
0.0065944092227133589
0.0054129422839802486
0.0046255279679466403
0.0060042315113795156
0.011423520581088302
0.018557962996273044
0.02429237703944916
0.027954137039174431
0.038301813906145496
0.038983365658594865
0.023529766540935994
0.018289536490543729
0.016566456936360052
0.014279946935953133
0.015134023631183036
0.011324231867318438
0.0063808961557280429
0.0063163547836628279
0.0077820443530333015
0.006786146954120967
0.0086915660760710899
0.011229273224957002
0.013888860783574484
0.016247298707977264
0.018085689745145114
0.019119240200668904
0.015527447191659095
0.026455458026236219
0.021818155618104063
0.022581521252738903
0.017819868881655567
0.011336297627232005
0.007532857308705336
0.0060325843394558763
0.006284807760077166
0.0081760953351022216
0.011789927533458011
0.015651367418524222
0.017710163734718197
0.027090423857868265
0.023196805179762931
0.03024406442379312
0.02324548224946827
0.018280691598206632
0.016427031456565423
0.014027605207246571
0.014872325077024681
0.011928586621831962
0.0092627323547739369
0.0065926015778316723
0.0052383797516111184
0.0071418743315047918
0.0084754268579041777
0.011654102008650618
0.014242306860166245
0.016617661042060212
0.020476421995028166
0.021194462941461181
0.019200512254493131
0.026409372026527687
0.024485506442375644
0.019174304134703501
0.01754138843482177
0.013345420999338347
0.0086648844684727548
0.0071987281362332119
0.0067418274099471619
0.0080464948635693007
0.011435408048939465
0.013814215339279705
0.018033285829643388
0.026744154725718859
0.022624884198223911
0.026281668064000098
0.027860312966747812
0.015844984035239994
0.013512149096687274
0.010655926962157577
0.011321041820911874
0.011912711770146737
0.0098680573020068461
0.0084262104245252795
0.0081086829078664494
0.0080860522615047396
0.0095917141945071702
0.012110953464745439
0.016856731568766478
0.018478726407478687
0.018554392157341289
0.018899703198998363
0.016697217647633697
0.025110369107239443
0.022748786224941506
0.017800677578133566
0.02201235280969983
0.013951406523019185
0.011202898916805801
0.0094310285695721544
0.0092330280620321545
0.01018215617551399
0.011943078674478075
0.014903786122387897
0.01456816268582237
0.025813512365057953
0.021408842380644465
0.034438115933565563
0.020108988781311489
0.01928277205284204
0.018225571901324056
0.015775935115290712
0.0075651271215039124
0.010019030887226674
0.0090523738804312338
0.010160120969061081
0.0087046708741617303
0.0097648402563133303
0.011086188193283282
0.015760114165557771
0.01503853548633044
0.017693583716310263
0.016500504348853903
0.016072794529110625
0.01279884084503365
0.02048024854597132
0.020956366618738485
0.013995077910959455
0.017156147205615209
0.020189032286087191
0.013566747128640207
0.012635588654059888
0.012490344953553811
0.013171898447192657
0.014550106048002939
0.011030362194359889
0.022265298443356882
0.021763556853423845
0.023006504312547287
0.027689064279515428
0.01930712422766365
0.01890392964912924
0.017354416941397586
0.014590683591157684
0.012952177985664745
0.006515132444535646
0.010901462683906528
0.010914221473295391
0.011220959699210447
0.011775313463468521
0.015634312139766401
0.015939833608431514
0.017527692359244042
0.015223669640516259
0.010652138932058597
0.009330520545241916
0.008344316721053676
0.01347643105303134
0.016735310208438159
0.01914930285644742
0.01438718244345993
0.014619408726616103
0.016617993332677033
0.016633807589646686
0.016829098883297561
0.017206145290773099
0.015031836251347746
0.021102863689804515
0.020126759599852693
0.018722867195009384
0.022106726710445446
0.02360988509471848
0.011657650547333299
0.011566827133723189
0.017313712018073121
0.016466934459627863
0.01387822522533687
0.013896219287145848
0.013050064479840775
0.013464539354579901
0.013782509082301841
0.013957328254292252
0.019213401377637575
0.01645574255459958
0.017280206225474784
0.011535401084939667
0.0090612873500546184
0.0072673183287259129
0.0073309072999144546
0.0093024653414298109
0.013625382095241903
0.018029385004960378
0.020739860388486454
0.021923189377106307
0.017588507858276446
0.020023883011354771
0.0223170023627343
0.024034102454495145
0.024349545721115501
0.018132237578290834
0.018493496843240999
0.020099247858302201
0.015969392873460463
0.016081115247237085
0.0075295351017008556
0.0082377164535766215
0.011267842004335865
0.017735437783836946
0.015090417528631923
0.016625060224379956
0.015167444608413442
0.015919752135687717
0.016200967288629721
0.015971240033789632
0.019411528186031479
0.019173310637068779
0.014905905834374312
0.011406340177510783
0.0075009491648768039
0.0053737270857619748
0.0058496059687578317
0.0081018884575821456
0.010831929537319169
0.01636643849658553
0.021813140393183758
0.02152335252268919
0.021521199530372358
0.022687020123557059
0.022913641419175904
0.022202008840030429
0.020510777193417672
0.021709505468542036
0.022011035172283703
0.016840385213589864
0.011847681747204006
0.0084587656349101106
0.0061339002667695
0.0074310284815775514
0.010428838803502082
0.016052317429066432
0.018210931649908876
0.01924829650748348
0.016924548578537514
0.017900907836415444
0.018104014977527002
0.017506234912877033
0.019546256349297041
0.018517071607170095
0.014896458740634473
0.011719177351503133
0.0083795458652384421
0.0062915407651942552
0.0069375033494864739
0.0098644251174305891
0.013897720296989713
0.018930668221272116
0.021664329805969735
0.025023763805747255
0.024447208994458736
0.02549299206623707
0.025156694360874438
0.021946563606510101
0.028011594234150405
0.024372557619686007
0.021416142091618358
0.014446194037115395
0.0082503603612363984
0.0064225896598145435
0.0068489914699806521
0.0081654978469553399
0.011064956279220106
0.016161198863298438
0.01999886683168171
0.027490442747272501
0.022884354512474
0.026271882970667286
0.026976703518627517
0.026156055273753635
0.025398965841074581
0.020425331691273783
0.020186099907037038
0.014000708861023822
0.01072927378118483
0.0089248440217498046
0.0095619606333764914
0.0098533101613029073
0.011988803801044407
0.014765138544361145
0.016289527805665966
0.018541625671331365
0.018059320776566714
0.019108761045352092
0.019201799001022882
0.021675110901667596
0.021373202206713272
0.016744543950409606
0.014689147476336957
0.010580231282757245
0.0074760392168239601
0.0061862122679419663
0.0089911891116322279
0.011682418261704408
0.014365996532319517
0.017789012994775071
0.020900260314118291
0.025628002811522315
0.028241697798897264
0.025305420578817229
0.026549362010991538
0.026304352980718967
0.023203383716403663
0.020220875594278771
0.018127739499770295
0.019285503660074168
0.016269525057850818
0.01464820477251441
0.014786330526242921
0.013594531520168283
0.014074733375497297
0.015683045426598607
0.014731798841983708
0.017710610743012962
0.018399899575901237
0.019361601155696614
0.019329825201851454
0.02248653887948885
0.021407699083922583
0.020513987727948862
0.016656980601295893
0.012298894044339604
0.0099257809559125075
0.008711379645940041
0.012136820872472465
0.014351024691449221
0.015860973989337845
0.018198627466102828
0.02484032277560104
0.025436411480674721
0.028060410105111056
0.022323215796393677
0.027193939016028859
0.028011325605988062
0.020007960558355155
0.01806074185435317
0.016602542925254815
0.022011176455770536
0.020564751972854785
0.020287127959852703
0.018080446355662572
0.016374692752425365
0.016554485253253471
0.013576391778206557
0.015455102133402765
0.014611358178548965
0.017892633722077753
0.018620690473758503
0.018469299436383913
0.017461998874323387
0.02060871878234298
0.021150214078408162
0.018184619743239181
0.015149819576117742
0.012578187289453154
0.012078279469208498
0.014478751011480794
0.018387756782424002
0.01824289761772023
0.020365639954083799
0.022653696425124659
0.019887978305905048
0.026116368083924479
0.022952503405796746
0.023052340733760144
0.022391613504081493
0.021039208813685283
0.017222290098433794
0.022725029052886508
0.017975956576240324
0.018739230123996291
0.02627550144646186
0.021856222084246771
0.017243901130230724
0.015387845941957041
0.013776588838871576
0.015090432077632755
0.015663314998409849
0.016620622331359875
0.017004463182167574
0.016756071737450161
0.01591287278266644
0.020671499293044099
0.021214853109706378
0.019543479192091241
0.017539155139523543
0.016787931636044806
0.015997513997071128
0.013694806843227559
0.021719593665374261
0.023434561934671663
0.020788190789795644
0.015203903698956578
0.023286740837078618
0.019003123872019571
0.018943722518457703
0.01870421843525303
0.018347567728048384
0.017902000025607014
0.014779122552897973
0.016729604345644029
0.023349907869910418
0.020126310057593882
0.024691387084531908
0.020962757093226571
0.017257931048936415
0.017162776025043975
0.016019335962541511
0.012872086172628966
0.014496270920380685
0.014774391619650214
0.014758977023388289
0.014452847334572839
0.013902453584483547
0.017869968224139304
0.016990929422269731
0.019416492564052763
0.018571438755345664
0.018938646627697141
0.017620620455928826
0.017538413376966884
0.028745250091392571
0.021349797582977687
0.02239237872902592
0.021910449107066621
0.020641224207878735
0.012402356494026703
0.01298758646804005
0.014459943232128604
0.01653101358186666
0.018302488041225737
0.017462965418191843
0.015240476406543649
0.020720102098571922
0.01744167409906313
0.024601720369190744
0.017751308788226838
0.014265237945348187
0.013933212662218966
0.013314676287295166
0.013476247496217954
0.015431355972477077
0.014646779877767356
0.013628270303924463
0.012939672681032065
0.011804633758512602
0.010864683920089603
0.017098540864300984
0.017138178493184844
0.013806099449069858
0.021783942079938758
0.022007894915925464
0.019681556717485657
0.030943409652915119
0.030014686779556311
0.023679322615559793
0.018361583135700264
0.011868978749410761
0.008483835677505153
0.0085217869945504732
0.010396647548234748
0.013465230040971683
0.016399980996363257
0.018254589512011431
0.017202796532204932
0.025264162098117476
0.021403302879101395
0.027459833982736475
0.019951087992383529
0.015956678354178678
0.015241971482371875
0.014162094545740149
0.016147077190768515
0.014343199545906951
0.011597762159492644
0.010152895113868448
0.010250217236628797
0.0095394492542128853
0.0097806763719634014
0.011509071932978595
0.016794439209839994
0.020947988031489652
0.022732983536340866
0.023879484843730862
0.013796174878418206
0.025016196044291745
0.021309942918433893
0.019266105774921192
0.018105557453810654
0.011208911088182899
0.0072078748537084472
0.006598113023448802
0.0075344539099347742
0.0098618393538996048
0.013688944964682377
0.016721820175578182
0.017418672479224677
0.026570240005424253
0.022766580961318832
0.029687335053326457
0.022284951554435908
0.01747381077755672
0.016151097680388499
0.014327300461139818
0.015579612961587394
0.011983569934992569
0.0075973014329799764
0.0075611995272415128
0.0088652113474467359
0.0079664165213547116
0.0091141171312097945
0.010138928172127236
0.013380316519139786
0.015359320789583929
0.016952860690662704
0.017914050035000059
0.015527447276188575
0.026455457976400878
0.021818155761126085
0.022581522026045898
0.017819866988334859
0.011336297727413938
0.0075328571132559233
0.0060325842310016524
0.0062848074650219028
0.0081760950839738031
0.011789926901916515
0.015650445151806188
0.017710164620334055
0.027090424015797605
0.023196805417291372
0.03024406486007513
0.023529766363231303
0.01828953657463538
0.016566456977149407
0.014279946998819132
0.015134023704358002
0.011324231907654971
0.006380896192816031
0.0063163548451574455
0.007782044376428641
0.0067861470813582129
0.0086915660621792942
0.011229273233739394
0.013888860754155876
0.016247298670656777
0.018085689708557961
0.019119240159455302
0.019200512200323382
0.026409372673118426
0.02448550602869087
0.019174304294284159
0.017541388104532065
0.013345420922867888
0.0087208239105458548
0.007187058672976079
0.006741826684948141
0.0080464942849674849
0.01143540913052328
0.013822742202807185
0.018033285451387347
0.026744157782841286
0.022624883501672324
0.026281669151085894
0.023245482472945916
0.018280691562007723
0.016427031335790161
0.014027605180179575
0.014872325093038366
0.011928586636997396
0.0092627323865069593
0.0065926016065655547
0.0052383798181795393
0.0071418744401770626
0.0084754268465503414
0.011654102001430756
0.014242306806707973
0.016617660948906952
0.020476422050511631
0.021194566084100003
0.016697217491734702
0.025110370083624788
0.023076257041106257
0.017800678176761332
0.022012352570601596
0.013951406251067115
0.011202898907088376
0.00943102812681091
0.009233028520639168
0.010182155483067471
0.011943079517578807
0.014903786845886235
0.014568161988671453
0.025813514236339961
0.021408841838898136
0.034438113235276853
0.027860312093674407
0.015844983719361432
0.013512148736526461
0.010655926834881011
0.01132104179136262
0.011912711793760793
0.0098680573891632376
0.008426210414742976
0.0081086828956517358
0.0080860522546143277
0.0095917142007444622
0.012110953465797276
0.016852251903366918
0.018478726383818683
0.018554392304409542
0.018899703294269293
0.012798840853676191
0.02048024998747577
0.021209635916365963
0.013995077808708926
0.017156148124360421
0.020189032066413069
0.013566748075386192
0.012635586501981324
0.012490344560394401
0.013171898051317099
0.014550108477362746
0.011030362154620811
0.022265298323688905
0.021763557666425386
0.0230065040312394
0.03139132635102785
0.02010898880361417
0.019282771376032831
0.018225572094819006
0.015775935184226188
0.0075651270230062467
0.010019030872807833
0.0090523738783474961
0.010160120949679236
0.0087046708699356212
0.0097648402617906797
0.0110861882009633
0.015760114168829546
0.01503853548593858
0.01769358374122432
0.01650050435028963
0.016072794577172787
0.0083443171717887746
0.01347643201248055
0.01673530934624198
0.019149303018648218
0.01438718401231655
0.014619409282964022
0.016617994883170315
0.016633806322639135
0.016829098822673541
0.017206144516356492
0.015031834991261636
0.021102864203403033
0.020126759476951448
0.01851123848253549
0.02188391017599833
0.026621984493105107
0.019307123965944899
0.018903929197392713
0.017354416621496047
0.014590683488251953
0.012952177845492522
0.0065151324150890637
0.01090146272445058
0.010914221513388441
0.011220959724704445
0.011775313504186717
0.015634312159387917
0.015939833629303804
0.017527692360554792
0.015223669789382251
0.010652139344854825
0.0093305211484908668
0.0073309071992200131
0.0093024654494581194
0.013625381156797785
0.018029385932648734
0.020739861175506392
0.021923189757906844
0.017588506660628458
0.020023885471941071
0.022317003273008097
0.024034104612264146
0.024349542975014092
0.018132238413170739
0.018493497208690139
0.020099247779107984
0.015969392787143936
0.016081115912212382
0.011657650790638314
0.011566827153132227
0.017313711850213038
0.016466934349775489
0.013878225263277496
0.013896219197961067
0.013050064438511522
0.013464539331336203
0.013782509117605288
0.013957328294539646
0.0192134014083001
0.016455742641745232
0.017280206195679985
0.011535401329859894
0.0090612875868289113
0.0072673182952911917
0.005849605825996437
0.0081018885100529042
0.010831929417675168
0.016366440279593119
0.021813139887658848
0.021523353124609228
0.021521199051279919
0.02268899826521904
0.022913642051829303
0.022202008526351361
0.02051077789108904
0.021709505232553421
0.02201103559785253
0.016840385701362617
0.011847681664389945
0.0084587659272478792
0.0075295351468474929
0.0082377166393087162
0.011267841935300307
0.017735437664143268
0.015090416828663673
0.016625060014910348
0.015167444797735378
0.015919752228098313
0.016200967308260424
0.015971240081429056
0.019411528321627982
0.019173310734699484
0.014905905693727385
0.011406340105695927
0.0075009493215903713
0.0053737270604713545
0.0069375031519498852
0.0098644249071346904
0.01389771972547893
0.01893066865348398
0.021664328557146707
0.02502376449455997
0.024447208220906312
0.025492992198168151
0.025156694950286058
0.021946564071882901
0.028011594135895827
0.024372558818279808
0.021416141915466327
0.014446194397362885
0.0082503604304248017
0.0064225896968091679
0.0061339003259829441
0.0074310285906221884
0.010428838769994796
0.01605231756428975
0.018210931575068926
0.020183681868699361
0.016924548148634342
0.017900907794824041
0.018104015068182436
0.017506234767357288
0.019546256519087722
0.018517071478311678
0.014896458170346665
0.011719177398278231
0.0083795458310362489
0.0062915406742952984
0.0095619603802659537
0.009853310137926995
0.011988803736756403
0.014765138384873026
0.016289527403602063
0.018541625376879992
0.01805932050861923
0.019108760793867578
0.019201798885084418
0.021675110910963673
0.021373202081839893
0.016744544044829411
0.014689147405568819
0.01058023110488956
0.0074760391915788017
0.0061862123241591543
0.0068489914903123224
0.008165563964175282
0.011064956144479434
0.016161199623714654
0.019998867441682444
0.03129282862806522
0.022884354460741121
0.026271882991388919
0.026976703576364908
0.026156055637171941
0.025398965626796315
0.020425332573929131
0.020186100006730521
0.014000709529576282
0.010729274019336018
0.0089248438828207141
0.014786330769322051
0.013594531595567096
0.014074733392519577
0.015683045368485481
0.014732166506458998
0.017710610700958841
0.018399899529737716
0.019361601028769545
0.01932982511485028
0.022486566821237203
0.021407698994201058
0.020513987684322971
0.016656980566829429
0.01229889419688846
0.0099257810323962227
0.0087113796866901596
0.0089911891348265095
0.011682418284004211
0.014365995964266111
0.017789013657606201
0.020900260080654733
0.025628003681839626
0.028241698708923672
0.02530542000523121
0.026549362081803727
0.026304353420695977
0.02320338436534634
0.020220876785709191
0.018127740550944484
0.019285504509761336
0.016269525285368441
0.014648205297010939
0.01808044629028794
0.016374692876117029
0.01655448514824414
0.013576391714195489
0.015455101967191664
0.014611357947547634
0.017892633704093341
0.01862069042431581
0.01846929937617018
0.017461998787752335
0.020608718732613291
0.021150214105631438
0.018184619950599789
0.015149819805038456
0.012578187363989907
0.012078279678578923
0.012136820891243034
0.014351024966321752
0.015860973375484633
0.018198628234783177
0.024840322319296053
0.025436411564864068
0.028060409729018458
0.022323216015471763
0.027193940136919111
0.028011325100021186
0.020007959312726198
0.018060742045362507
0.01660254382810708
0.022011176413355392
0.020564752761424672
0.020287127488204926
0.02185622220433248
0.017243900939927462
0.015387845826316391
0.013776588747600021
0.015090317620958103
0.015663315003155473
0.016620622245843143
0.017004463080320359
0.016756071719132064
0.015912872776135106
0.02067149929170398
0.02121485309730612
0.01954347934308022
0.017539155487608121
0.016787931662084178
0.015997513928495161
0.014478751077032181
0.018387757196668558
0.018242896903278859
0.020365640009824344
0.02265369634013548
0.019887978287783332
0.026116367295946408
0.022952503692532395
0.023052341638013691
0.022391611897425379
0.021039209079067134
0.017222287680767591
0.022725029556209163
0.017975956789130252
0.018739229987843335
0.026275501176962975
0.020962757310792612
0.017257930953113686
0.017162775839454282
0.016019335866864784
0.012872086147997683
0.014496270834202834
0.014774391649816922
0.014758977013982601
0.014452847286353642
0.013902453514078929
0.01786996822056065
0.016990929408775644
0.019416492637482255
0.018571438965500727
0.018938646631495235
0.017620620376333846
0.013694806721091935
0.021719594314022046
0.02343456107202933
0.020788189311748244
0.015203904878644904
0.023286738713262652
0.019003125829279675
0.018943721991681203
0.018704218875807602
0.018347567599334001
0.017901999450760674
0.014779121973929343
0.016729603743105479
0.023349904562657793
0.020126309392561933
0.024691385404659028
0.017751308830385927
0.014265237847616239
0.013933212580971726
0.013314676238065442
0.013476247243995505
0.015431355944511397
0.014646779858700467
0.013628270301088005
0.012939672685038421
0.011804633906333932
0.010864683923250563
0.017098540872070491
0.017138178356265351
0.01380609928779112
0.021783942102684143
0.022007894786944888
0.017538413103386892
0.028745250867525076
0.021349796936532033
0.022392379148016603
0.021910449646751966
0.020641222525476576
0.012402357852127609
0.0129875864764851
0.014459942850364338
0.016531014462276596
0.018302487859538925
0.01576234595409089
0.014372863548739191
0.020720099703336978
0.017441672942055755
0.024601720120065743
0.01995108821824286
0.015956678271403166
0.015241971389492751
0.014162094465902308
0.016147077168792809
0.014343199500494973
0.011597762122063043
0.010152895015991684
0.010250357497762777
0.009539449241381847
0.0097806763041194209
0.011509262190614817
0.016794439311504965
0.02094798782567845
0.022732983189842047
0.023879484298348578
0.019681056056488583
0.030943410161976794
0.03001468491174929
0.023679322832742319
0.018361585381497576
0.011667681624448983
0.0080387722643394909
0.0085217877246824263
0.010396647748046025
0.013465231178395345
0.016399981139386607
0.018254588982325223
0.017202796834166541
0.025264161871607144
0.02140330229946601
0.027459833081685838
0.022284951622740346
0.017473810620097549
0.016151097579547264
0.014327300423938394
0.015579613031890299
0.011983569656062317
0.0075973013896595727
0.007561199484981778
0.0088652113296399989
0.0079664165266552147
0.0091141170103962652
0.010138928134298546
0.013380750445559676
0.015359320839541156
0.016952860706999553
0.017914050031754308
0.013796174708765846
0.025016197053688235
0.021309941688074773
0.019266106661852231
0.018105561035138454
0.011208910227616971
0.0072078750953025999
0.0065981131164365801
0.0075344543864607318
0.0098618398804542484
0.013688945003392903
0.016721278237602371
0.017418672093241609
0.026570239700045802
0.022766580521886674
0.029687334844880561
0.016143473412116256
0.013015819054871034
0.012604712028559846
0.011997866380162014
0.011283274558982601
0.010573888020226489
0.010305192055106289
0.0098483903890392317
0.008853097022592956
0.009432178462439612
0.0099837914432029679
0.010590244175456251
0.011306297737340626
0.012023507717681839
0.012631460998419322
0.013033787359665434
0.010804004397732138
0.018531408665621526
0.017873853806157108
0.014628551790829711
0.014927790287749151
0.01285679369983651
0.011083789196008338
0.0098678844059009122
0.0093717317282843212
0.0096813871264895077
0.010737225958733131
0.012395445385550392
0.016534565841952582
0.018376152949156194
0.016063568139422425
0.020448758412872133
0.016940165172524602
0.013645805436603379
0.012910889719427525
0.011932163350510554
0.010855552396105885
0.0098461402969685554
0.0090559344154521066
0.0084146468037673301
0.0089459937794340149
0.0089486900514503462
0.0096865187735865246
0.010670260929277619
0.0117499096599944
0.012760674813105248
0.013549428707989418
0.013993527966246935
0.012400344641056155
0.019123009930106568
0.018392843697450704
0.015439172743582833
0.015236522528123046
0.012459492514955125
0.010594705097183098
0.009362037507469341
0.0089318398509988708
0.0093784499924652182
0.010619803000448267
0.012480624070373881
0.016507784171370707
0.015547818023094618
0.016391255261284272
0.020297148567039083
0.017519177595545738
0.012852858899299725
0.011199186820103457
0.010935075524721996
0.010485118155557886
0.0093244581641121153
0.0084630789682793653
0.0080331186847016709
0.0081045476186991112
0.0086627786865431794
0.0096250993895261733
0.010840199617330083
0.012122919587232999
0.014212970696719713
0.014655006934440726
0.014870582136687089
0.014168636190704914
0.01832846570465857
0.017400449883438859
0.016977277507432241
0.013258255621049028
0.012392575980285358
0.010714677079067843
0.0096481511859717439
0.0093450608364388076
0.0098619154625851531
0.011103998084988194
0.012892085951374106
0.015961815986903272
0.014146280422468429
0.016691769382850063
0.019167736658309911
0.022731441872100997
0.018317858298848726
0.016124095367428287
0.0098744990896328828
0.0072161816838388322
0.0090934319074302689
0.0082956275175865238
0.0079526416166649863
0.0081231830733639078
0.0087776690774129962
0.0098169356511039821
0.011078117301721648
0.01356262662285309
0.012084635683205371
0.01168239197176991
0.011411990793275765
0.0094752442810580075
0.01285921988693898
0.013321945672442572
0.015593031498293811
0.01325845620406667
0.012758898617695776
0.011446649318125906
0.010707014051621456
0.010573197616571391
0.011080360464422791
0.012131213652722832
0.013952595801522263
0.012943157626325728
0.01780680152135217
0.021677444470502967
0.02501996564695488
0.015230328988011034
0.014875878024580361
0.014331008590305222
0.013036556414868238
0.0090018282714196436
0.009200549730306774
0.0085925822320306721
0.0083926994488230412
0.0086365159724355704
0.0092851994072709419
0.010239878325473314
0.013608987123176503
0.012542562992148757
0.01172855424487761
0.011107592404912275
0.010322507299028756
0.0090220822666532783
0.012199557034143526
0.011743202568196874
0.012307089965891313
0.015291951506476742
0.013152177693429265
0.011764058116239052
0.012771936867566037
0.014276475610020118
0.013543687676103883
0.015103068010549701
0.012239758533498117
0.017072530071851676
0.016116082017331473
0.01693378659170643
0.018934887541161665
0.013094697359977934
0.013897415942903066
0.013848261200207906
0.012245234514461795
0.011297440159359677
0.0075806266891077891
0.0093069327405217589
0.0092830188746284223
0.0095642000227329216
0.010107257564090342
0.010829685003432694
0.013593457898810736
0.012537482863408309
0.011835110719265357
0.0090902846723738412
0.0079979369213250898
0.0076864679825973808
0.009211226236029553
0.011709070945160324
0.011709494877718869
0.013275624945605581
0.013677819064586549
0.013475316504134374
0.013322910382871759
0.013236641593724622
0.013245374585286641
0.012676970763121829
0.016398878734840697
0.014421338065939329
0.015008635370438932
0.016091206750595295
0.013505257834028096
0.011167154119034567
0.012244614591136392
0.013563933351785868
0.013667518838672928
0.012025168978945079
0.011948323309099375
0.010324194235072172
0.010480176294023816
0.0107566347893393
0.011112111006961247
0.013400434909302697
0.013660266363764446
0.012538263100125156
0.011174259082565891
0.0095210331760976711
0.0085017653540783809
0.0085024686372175366
0.010244403529711633
0.012503730475353816
0.011780782618513713
0.013527792969087984
0.013992877247265762
0.014564467638485545
0.015026590633312267
0.015294393952639568
0.015356011071523954
0.01767741474480428
0.017699617145659423
0.01544075548761405
0.015958232525100934
0.013553356581144829
0.01100670325021492
0.0095861587310139655
0.01089257967699055
0.012221324920405199
0.013861090057229382
0.012965770760101759
0.01364476497860188
0.011483935438157981
0.011795553405989898
0.012026161364718657
0.012141505661915448
0.013687917390395096
0.013568547784307853
0.012908196841956845
0.011861619222753457
0.010599018551183788
0.0093333298642200319
0.010029285893788167
0.011587060413251542
0.014215638548127546
0.015344861247489181
0.01667973346097525
0.016479547087098378
0.01704393619683349
0.017115697499314613
0.0166645691608973
0.015797139060379821
0.016482708505007167
0.018794125934284051
0.015676727847535557
0.011375576042677108
0.0097660859944052516
0.0096487768886142859
0.0099225154736145293
0.010033213136828594
0.011593340560522603
0.014119957877752668
0.015714400066861606
0.018156051509313091
0.016861531613869662
0.017921295439746708
0.018355107436883344
0.018134916124366927
0.0171247022232816
0.012734103185341411
0.011032226749180188
0.01135952283190848
0.01209318141121884
0.011159803671101106
0.011927333001753861
0.011769331552291795
0.012252022487995139
0.011963006960911881
0.012532065194646936
0.011993831148819327
0.01260976956556583
0.013026517607541829
0.013175629990899716
0.013034976937677505
0.015582481234715806
0.014398756152444061
0.011841656784415846
0.010545920707966146
0.0093905261186886333
0.009196312859847889
0.011440122040590011
0.011981923430273336
0.013259563760427346
0.015694342269581274
0.020761018273427818
0.017327063795375304
0.016449019337809512
0.01799564597457861
0.018901390783952206
0.019053549916166233
0.01779387690066889
0.01600872587574979
0.014841222537567551
0.014218393138275508
0.015993561044962298
0.014071787805675815
0.01431387604551914
0.013770798653126533
0.012244364402425703
0.012132845185254412
0.012545891960553505
0.012735937801353906
0.013531344980982702
0.013987535305309384
0.014031974660761367
0.013657206729897226
0.01595160244650556
0.014183679275785517
0.014684806063773717
0.012918576661753868
0.011346080658620021
0.0095721995471033435
0.009602984866323612
0.012736058800136972
0.013160400700101282
0.016416125656904156
0.01614131095933689
0.019022174544012185
0.016311898578647392
0.017784966683566061
0.018649051701991017
0.018786473036745285
0.018161478052440973
0.014612510870778261
0.014142300677919169
0.013821561110832187
0.015539888164065938
0.015577350708197468
0.015812256085673663
0.013866044542511075
0.012544487408764897
0.012579226629837311
0.012571721339774668
0.013257114148367884
0.014111222550337718
0.014536746245161318
0.014469650163242023
0.013918074091190905
0.015901240248316215
0.013850719891357504
0.015613594209395391
0.014088117119705992
0.012575495251056825
0.01129952613272847
0.010351064523532273
0.014352103837426465
0.016513004468189357
0.017886985622234931
0.016650509053095237
0.016729171578033723
0.01885143422851655
0.018479533506790907
0.01937836442485124
0.019650397888681493
0.019865804173533261
0.014079461833129411
0.01361269978995007
0.01413156208813811
0.014800932777900748
0.021135378460608294
0.015338004151389415
0.013672314792933097
0.013414583933115523
0.013040417761166444
0.011356740840439488
0.013479322372370369
0.014264616068841959
0.014596568348895811
0.014428257076006604
0.013783092289420684
0.016108696845533448
0.015187531573333584
0.015743085016599004
0.014455614422385047
0.014060666393141845
0.012852883041214165
0.011032085761572909
0.016918041250083993
0.017397229447983744
0.015008154037795499
0.017573337187352999
0.017745235450364757
0.016668400605194734
0.016927003641829707
0.016840009327577374
0.01644155752744756
0.01577414756995614
0.017708790430323841
0.014503468655338339
0.012018892656308188
0.015988858881349766
0.019100459432012253
0.016125461244166531
0.01458203770130229
0.010535083220037355
0.011043773111091743
0.012453135789956124
0.013369094465586016
0.013968886575158514
0.014160607719286898
0.013918433919718948
0.013276175069880271
0.012333005160755049
0.014943629223345646
0.01298820910704189
0.011969091853878774
0.014216682639492958
0.013667449194451779
0.012122407695263642
0.016975967990259602
0.018967159468538282
0.018036313211763716
0.016616922864878227
0.01529325274194759
0.015130571502597523
0.014911647476994512
0.014649576635593161
0.014398400967040958
0.014184429673485028
0.014049033545936146
0.016839773528014343
0.013655702579091178
0.012431526328583997
0.017333448142690368
0.012630346306959292
0.010648950244025021
0.010840522508950208
0.011628010106956166
0.012365240861881463
0.012941161144527917
0.013266480226904099
0.013292215853324102
0.013014388454337054
0.012472791602066475
0.011752890376197735
0.010963615681456429
0.014712764272613775
0.013925228581002714
0.013832934982406475
0.012377132123356213
0.012777704974896612
0.019185187453888076
0.015174056790794498
0.013272529015533817
0.013226399717966915
0.014386806090482257
0.013535313018572538
0.012870144429867548
0.012467758200724193
0.01240097482337129
0.012670763295540108
0.013250738234009888
0.016903775706825629
0.017811598813595217
0.014499277639466162
0.018409218837697281
0.013276968604403283
0.011112813069145586
0.011490317601168301
0.01184021358192155
0.01210739087135872
0.01225486748974936
0.012256633638644321
0.012395872937819101
0.011589273571629432
0.01148882793161932
0.011103703901556825
0.010749721123786402
0.010482644760041274
0.010342149772202141
0.014241850598412233
0.015664032026546534
0.0090815203324215235
0.017235417641483564
0.016744241514887185
0.014205278465220187
0.015143873232209186
0.013530812914475131
0.012113355017677931
0.0092261182577769579
0.010604466674851687
0.012374326494995482
0.011454984709432826
0.012665663288831366
0.016763841551512556
0.018275588485190491
0.015398855828959786
0.019785408231259755
0.014856532203676857
0.012126695757594539
0.012106464853572377
0.011965700878631141
0.011722124920963283
0.011417473596499654
0.011364243707862095
0.011082218113061306
0.010021296769555776
0.010393264201868174
0.010480317243792099
0.010617815196571276
0.010861584523037773
0.0111744950842739
0.011507024919390709
0.011804966060648169
0.010804004359928275
0.018531409897976688
0.017873853231331997
0.014628551436677788
0.014927790033398549
0.012856793641085114
0.011083789162526664
0.0098678843175160277
0.009371731534666132
0.0096813870012947018
0.010737225983072533
0.012395445512111311
0.016534566315386644
0.018376152902232993
0.016063568383092794
0.020448758683623846
0.016143473218146489
0.013015819062429842
0.01260471208730217
0.011997866410860798
0.011283274581972249
0.010576738745304863
0.010305192104292003
0.0098483903935786578
0.0088530972184043544
0.0094321784737493135
0.0099837914524919195
0.010590244170759454
0.011306297717117407
0.012023507689875555
0.012631460962452152
0.013033787365234415
0.01240034456964372
0.019123010506441312
0.018392843462102265
0.015439172588848544
0.015236522602080586
0.012459492280861675
0.010594705095660642
0.0093620375218250763
0.0089318397640312398
0.0093784498170843104
0.010619803454252041
0.012480623792186896
0.01650778455965948
0.015547817989477132
0.016391255247163436
0.020297149162307137
0.016940165066716743
0.013645805366067316
0.012910889680921118
0.011932163326710937
0.010855552394658009
0.0098461402993838664
0.0090559342203448672
0.0084146468316444213
0.0089459937766120275
0.0089486900507782258
0.0096865187693496724
0.010670260876264534
0.011749909632601099
0.012760674763629021
0.013549428619932333
0.013993527868021197
0.01416863606598584
0.018327341507413483
0.017400449767375085
0.016977277448411546
0.013258255693880196
0.012392575637319178
0.010714677116978566
0.0096481510227988884
0.009345061240521587
0.0098619146514740165
0.011103998375058148
0.012892086499525153
0.015961815556015918
0.014146280562204629
0.016691769035674299
0.019167736991789495
0.017519177302063215
0.012852858669620782
0.01119918663533644
0.010935075491804329
0.010485118140493207
0.0093244581654293671
0.008463078954599244
0.0080331186717245168
0.0081045476065457894
0.0086627786817921465
0.0096250993839935312
0.010840199614104814
0.012122919578082656
0.014212970694539029
0.014655006910306832
0.014870581983074572
0.0094752438898747637
0.012859298852535865
0.013321945324618924
0.015593031314515216
0.013258456325408991
0.012758898440446906
0.011446649564092064
0.010707012930287377
0.01057319596938797
0.011080359873970304
0.012131219041345776
0.013952593003838375
0.012943157632969727
0.017806801729670464
0.021677444261128605
0.025019966546795027
0.022731441463038737
0.018317858065769348
0.016124095245011742
0.0098744990024746387
0.00721618159067386
0.0090934318856435402
0.0082956275056488317
0.0079526416164762345
0.008123183073483628
0.0087776691306209551
0.0098169356554329013
0.011078117309890332
0.013562626617781392
0.012084635682737011
0.011682391946100068
0.011411990730535358
0.0090220822781651496
0.012199557688708727
0.011743202359653097
0.012307090075661661
0.015291951560778254
0.013152177269694743
0.011764056767976596
0.012771935080421383
0.012877130465218078
0.014565031290454484
0.015103068242250205
0.012239761105425332
0.017072529457435367
0.016116082323523073
0.016933786586005174
0.018934888232153526
0.015230328944515011
0.014875877916770038
0.014331008374562467
0.013036555894400972
0.0090018281866749497
0.0092005495797955507
0.0085925822256190075
0.0083926995384146583
0.008636515996676206
0.0092851994401051408
0.01023987833712588
0.013608987136730413
0.012542562993197844
0.01172855426066117
0.011107592440284969
0.010322507357950995
0.0076864681818064971
0.0092112265413512619
0.011709070391660326
0.011709495212114987
0.013275624723343548
0.01367781884405987
0.013475315673136805
0.013322909654906071
0.013236639657536808
0.013245374607555411
0.012676970828994986
0.016398877878080434
0.014421337440568192
0.015008634931591564
0.016091206062428046
0.013505258164104823
0.013094697199667871
0.013897416398192764
0.013848261113020571
0.012245234512956305
0.011297439904240491
0.0075806264727351861
0.0093069326734327509
0.0092830189067738701
0.0095642000447609104
0.010107257619131766
0.010829685031376745
0.013593457935908528
0.012537482879869754
0.01183511068118278
0.0090902847454236383
0.0079979370620904093
0.0085024686904554697
0.010244403794357084
0.012503730291477234
0.011780782874814889
0.013527792687567574
0.013992877240786137
0.014564467178224341
0.015026591129776057
0.015294394356294884
0.015356010795998121
0.017677412916722354
0.017699617700620857
0.015440755390405639
0.015958233155118851
0.013553356124796519
0.011006703327897419
0.011167154062771576
0.012244614709769088
0.013563933474641552
0.013667518709630308
0.012025168630665044
0.011948323185758574
0.0103241942223761
0.010480176399430071
0.010756634875126641
0.011112111092698079
0.013400434995649213
0.013660266362445132
0.012538262974207572
0.011174259059335704
0.0095210332374435925
0.0085017654220199794
0.010029285838135121
0.011587060448729874
0.01421563827377724
0.015344861325813759
0.016679732648669395
0.016479547235973488
0.017043936230170201
0.017115697936975705
0.016664569752954356
0.015797138870860129
0.016482707896547912
0.018794127259535724
0.015676727190809002
0.011375576238976799
0.0097660859426344157
0.0096487768759035922
0.0095861586197477072
0.01089257980495021
0.01222132525315991
0.013861090475077322
0.01296577119402448
0.013644765024426141
0.011483935489988981
0.011795553535006349
0.012026161460416428
0.012141677141428324
0.013687917547139859
0.013568547942167896
0.012908196834001271
0.011861619106662178
0.010599018539214964
0.0093333312161197456
0.011927333087964212
0.011769331527639364
0.012252022518008995
0.011963006796385836
0.012532064953980047
0.011993830922347572
0.012609769414897472
0.013026517555961289
0.013175630020047999
0.013034976921982777
0.015582481304089213
0.014398756175527713
0.011841656843923139
0.010545920775121943
0.0093905261413265023
0.0091963130514500571
0.0099225154787202421
0.010033213130746331
0.011593340429062212
0.01411995806997478
0.015714401444654164
0.018156052001316071
0.016860888639744324
0.017921295342649999
0.018355107181557712
0.018134916063969803
0.01712470206378355
0.012734103265610574
0.011032226946845426
0.011359522920265005
0.012093181381091845
0.011159803760983298
0.01431387655081927
0.013770798907951116
0.012244156318233066
0.012132845172802841
0.012545891878911638
0.012735937691617112
0.013531344927933037
0.013987535235289067
0.014031974597584238
0.013657206709057325
0.015951602414691284
0.014183679241695635
0.014684805934139945
0.012918576809198227
0.011346080748340205
0.0095721996246131355
0.011440122092093942
0.011981923725631253
0.013259562673862992
0.015694342470633612
0.020761018671029537
0.017327064818421358
0.016446677372588966
0.017995645013688982
0.01890139060710147
0.01905354989078337
0.017793877390579832
0.016008726274318874
0.014841223149805925
0.014218393037821643
0.015993561255048156
0.014071788468236828
0.015812255872931533
0.013866044977665054
0.012544487459948531
0.012579226528709001
0.012571721248400079
0.013257114120316877
0.014111222501630931
0.014536746210295113
0.014469650133102583
0.013918074083785306
0.015901240201335973
0.013850719866390623
0.015613594268843185
0.0140881172058868
0.012575495301120065
0.011299526149912731
0.0096029848745388287
0.012736059272831711
0.013160399998565627
0.016416127268239874
0.016141307694301027
0.019022175751768337
0.016311899292259995
0.017784966437189104
0.0186490519248305
0.018786473245730982
0.018161478092051625
0.014611914689917646
0.014142301077608046
0.01382156137557284
0.015539888328564472
0.015577351943279165
0.0153380051356133
0.013672315102897476
0.013414583827543855
0.013040417604028231
0.011356740755556807
0.013479322344469169
0.014264616051702449
0.01459656824001279
0.014428257104150658
0.01378309228728501
0.016108696825160446
0.015187531544986067
0.015743084972101948
0.014455614408986975
0.014060666369459792
0.012852882962679796
0.010351064471797174
0.014352104612409867
0.016513003996786648
0.017886988167110769
0.016650504956722149
0.017561023589713936
0.01632043878032621
0.018479534720875327
0.01937836435108926
0.019650397063039348
0.019865804858616033
0.014079461552150781
0.013612699459780173
0.014131562529614011
0.014800933169490446
0.017417710915782654
0.016125463676929387
0.014582038264020514
0.010535083004374578
0.011043772959591859
0.012453135753002232
0.013369094458724964
0.013968886574462767
0.014160607718633585
0.013918433917163589
0.013276175082429148
0.012333005171686541
0.01494338111074053
0.012988209073872298
0.011969091859379291
0.014216682622740428
0.013667449147613725
0.011032085655103559
0.016918041407252102
0.017397228545973038
0.01500815281170507
0.017573337734346758
0.017745230326356352
0.016668404193343197
0.016927003251653621
0.016840008873103832
0.016441557286592631
0.01577414706336289
0.01770879021435845
0.014503467622766152
0.012018892814179014
0.015988860119648233
0.018966328859262718
0.012630345093966228
0.010648950113468487
0.010840522452689958
0.011628010009901258
0.012365240791908044
0.01294116112651123
0.013266480219740502
0.013292215850811424
0.013014388449886736
0.012472791600751498
0.011752890386405783
0.010963615693023133
0.014712764303708844
0.013925228530359745
0.013832934916846279
0.012377132018209966
0.012122407621814667
0.016975968836540539
0.018967158984893377
0.018036312829846517
0.016616924415145382
0.015293248359104743
0.015130576716050283
0.0149116461058574
0.014649575518655011
0.014398400619809211
0.014184429564394394
0.014049033655956054
0.016839772603731547
0.013655702283723403
0.012431525374315654
0.017333446816297678
0.013276968601553148
0.011112813018114547
0.011490317508999337
0.011840213488234023
0.012107390810256923
0.012254867485434967
0.012256633628199317
0.012395873112265979
0.011589273569311482
0.011488827965627552
0.011103703894766699
0.010749721138887097
0.010482644779534625
0.010342149804470933
0.01424185054132191
0.015664031977306418
0.012777704895846526
0.01918518715901834
0.015174056464645494
0.013272529816971418
0.013226400215370176
0.014386805445295229
0.01353531363585705
0.01287014456794025
0.012467758269674372
0.012400974817955162
0.012670763034670563
0.013250738512667311
0.016903775724619718
0.017811598707797797
0.014499277330035601
0.018409218111739102
0.01485653217533413
0.012126695645256744
0.012106464772941907
0.011965700826241319
0.011722124879825907
0.011417473592829502
0.011364243690704484
0.011082218105043158
0.010021296630849982
0.010393264188735388
0.010480317290253598
0.010617815207850394
0.010861582980214963
0.011174495121684103
0.011507024837408803
0.011804966061783389
0.0090815203239836342
0.017235415227350618
0.017231618169729769
0.015153087690816181
0.015143872129279217
0.013530812680309546
0.012113355309163413
0.0092261183491135126
0.010604467275072776
0.01237432676698169
0.011454984628087014
0.012665663156285768
0.0167638411975118
0.018275588553476722
0.015398855427047876
0.019785408026767554
0.0092460392459661391
0.008074002380123969
0.008865682618500877
0.0098146852593971583
0.010773466263612414
0.011598626309508354
0.012161999103947899
0.012380430165388943
0.012217448385322143
0.011695890635500163
0.010900897776448383
0.0099519876211280021
0.0089942721638541483
0.0081721208131697587
0.0076119572719557955
0.0073968453418730594
0.00647492015025713
0.0098939681395419036
0.011721341546723992
0.012319741091870581
0.011777517992197751
0.011820490236633828
0.012365416907683812
0.012346960504349596
0.012238598337856831
0.012061171869313561
0.013049593283081747
0.01245875341961537
0.0097346935675627737
0.0095079157610661706
0.0095546495268292418
0.011432331925151296
0.010631333145575508
0.0091646273856187434
0.0095076230991990342
0.0099097199425902914
0.01030564287375926
0.010636549057976889
0.01085277301805946
0.010921981727856404
0.01083451339522953
0.010599285849353756
0.010259393360122725
0.0098624951841708147
0.0094700463439165647
0.0091387157564924697
0.0089203975076211587
0.0088479841388156791
0.0079544497373366923
0.011290441332617657
0.012475201496006972
0.012643665924110715
0.013161971406806869
0.011621234272469323
0.011409999102867109
0.011204918371360766
0.011086199426622036
0.01107636472806629
0.011421631526751347
0.011542638964771052
0.0099118350741519354
0.010135558269491883
0.010541533894218386
0.012135824830265282
0.011133465193281454
0.010364325420564284
0.010205920144395562
0.0099965337839874775
0.0097655172064130807
0.0095494031422242373
0.0093845404592941342
0.0092940215407752366
0.0092968961835941354
0.0093862436499147703
0.0095555191006981271
0.0097730845189069517
0.010007379241648302
0.010218626199844179
0.010375604762997974
0.010455572890770903
0.0097480187677208684
0.012559490656738379
0.013049733911878924
0.012757522776915369
0.01224344637937284
0.011327550445858306
0.010847740610814822
0.010466345759911375
0.0100284025883558
0.010123162960695041
0.010749035074483024
0.0099262293039266373
0.010286328667507356
0.010934958680884453
0.01163941583593528
0.011778511704364045
0.012367092226154137
0.010287331750141064
0.0095000168718797524
0.008997803408826336
0.0092361019823051921
0.0085083165642304785
0.0079898486930634199
0.0077562497836720888
0.0078501767985386436
0.0082516644848921721
0.0089033515606041901
0.0097008743086346317
0.010524931204662562
0.011246827084924839
0.011429226821489008
0.010864262823120193
0.010307154560964935
0.012668639266725261
0.013355647386908226
0.012643636310362406
0.011724675723105796
0.010737749447811916
0.010095017338157429
0.009353714064420619
0.0091447210461311039
0.0093303123141746623
0.0094870596293392135
0.0098956441223913977
0.0095982031282871999
0.010306648793289165
0.012013982108885265
0.012219849982587504
0.017471660877777531
0.014776593012933333
0.0091840883304417122
0.0082322035787496719
0.0088039915246588604
0.0076792420556813434
0.006888814154151086
0.0065500731112564554
0.0067208405639783515
0.0073715068536238226
0.0084043153049903584
0.0096580355567775968
0.010944491922307278
0.011599809588989471
0.011041387410943874
0.010045189003044181
0.0098284110304212267
0.011077296688341041
0.012350278411722026
0.012320501946075989
0.01113896749978642
0.0099787416926990537
0.0090148214316196577
0.008393676522203455
0.0082078557713813928
0.0084930215137319198
0.0091991849578604689
0.010217081602309446
0.010668542071149614
0.010251400486334728
0.017428618349457806
0.015949540280787308
0.015983831576897471
0.014732907080498802
0.013063061173224803
0.011094630745481731
0.0076882669245646393
0.0071880975369322643
0.0062475578803886378
0.0058562306292673592
0.0060778705438675343
0.0068771994163302468
0.0081323998489058712
0.0096501759880469658
0.011588839630559565
0.011194195296840934
0.01121955974539914
0.011139847518096463
0.011109619682721767
0.011617450488151194
0.010350772962257405
0.012099848854352181
0.010576840299321119
0.0094239609612538563
0.0085497918167396283
0.0080903533453908771
0.0081108607673426245
0.0086202550091805316
0.0095338071514244043
0.0095767247850093197
0.0093394143218499068
0.015237322705526772
0.014105729936646478
0.013720018505036471
0.012665839109456789
0.013020504766568556
0.012706277958855544
0.01102268718324736
0.0090267063219097565
0.0071068699668596089
0.0061593168641002477
0.0057753505774146251
0.0060145194474253991
0.0068400457164631877
0.0081265484620749989
0.0096775059617057648
0.011350505736867078
0.011817164871435861
0.012098905539712025
0.012141305654305492
0.011608630986030814
0.013516187224158142
0.012223483987020202
0.012118357084596671
0.01154115372261757
0.0087259616819357674
0.0085139470595745493
0.0082899352593793947
0.0085155677793371676
0.0091754655265231574
0.010157274465225219
0.012116707243521999
0.014344506029586424
0.012522654726329066
0.011320025726837565
0.011875462903152738
0.012445604294349958
0.012459443617436622
0.01143794150986799
0.010968454567681319
0.0096539206485059051
0.0074465158538331968
0.006635267758943411
0.0063165359754330927
0.0065375219184655988
0.0072644379003760726
0.0083867077740003553
0.0097349704989970857
0.011509037692066187
0.012253455318320231
0.012747791743361356
0.012338020332464967
0.013075305487103344
0.013509315560534191
0.014427461082537547
0.014119302845802225
0.01252263081458624
0.011069548361269844
0.010176157936478091
0.0094472857185155957
0.0089851399676678448
0.0088818902007625246
0.0091356117374975631
0.010049420711547088
0.0080152549147654989
0.010238192207878987
0.011872549034874778
0.012199523548307806
0.012744872220368669
0.01204260434661482
0.012215905020341648
0.013983186118411024
0.014164903883718941
0.012157581173209796
0.011244233935143061
0.010299731257950367
0.0094610938549432814
0.0088692893481627233
0.0086016333072810175
0.0087056755407389948
0.009794942186067369
0.010937148970706303
0.011935957832250181
0.012833985868139292
0.013469046420414538
0.012564036853954514
0.011679814818119947
0.010637243191614071
0.008970493711515445
0.0081546997510576272
0.0076008450031725796
0.0073934580129290956
0.0075625703419714974
0.0080818547171963954
0.0088724712979173989
0.011085328587306736
0.011589851720581839
0.012222918016774458
0.011432249365377324
0.012044665160090964
0.0126749663489268
0.014053850439241126
0.014221586787155079
0.012194932640789089
0.011601917394579645
0.010169018855071734
0.010568643694205123
0.011076617511206428
0.011613235772470773
0.012112148875606792
0.01248342300726204
0.012676156925269189
0.012632460597390373
0.012593558381863223
0.011933410097081806
0.012437255863159071
0.013494190298689847
0.012645352501223346
0.011803620729606794
0.010786287724700076
0.0094493458202485406
0.0091228784116360994
0.0089097168202667259
0.0088434007241798528
0.0089344866437930173
0.0091675492502084847
0.0095081061041049596
0.011229317471179265
0.010823852531217449
0.011978859458649228
0.012830704034830389
0.011500355678252916
0.011145653462373622
0.012773106918135137
0.0099023671111851258
0.010047378416396309
0.011621767815679106
0.010939049421435004
0.011631102908066279
0.012268156716797535
0.012751422368527419
0.013017450912250867
0.013016761160933265
0.012750725991448296
0.012074199771569729
0.012623483848434638
0.013173631594686278
0.01263776304891555
0.013223097998341453
0.012425116739426333
0.011754423859963409
0.0093854712180624026
0.0099933338021051411
0.010204948532760884
0.010365394550376118
0.010450111638010776
0.010449223515648646
0.010360937911500442
0.010199055433613741
0.01104204985166817
0.011993449522229216
0.0091401190371197694
0.012138649936905182
0.01197174692860787
0.0071955183392963633
0.0078935041545026841
0.0086385618216379776
0.011878847656971244
0.013059569836562526
0.011769579320392642
0.012654533497633694
0.01332730047457031
0.013684160384749565
0.013678428896519762
0.013302961074879008
0.012617578193244796
0.011725587053338404
0.01052323365031305
0.011339416252394569
0.011204082239848286
0.011508592882610318
0.0088041238274564927
0.0090777077741821081
0.0097012953049665455
0.010517584608918489
0.011235537009219282
0.011745984435296059
0.011970061783238986
0.011878164517926485
0.011480989684294696
0.010840588130438727
0.010849631771685382
0.010747172596513378
0.010299912197481843
0.0071132874468811209
0.0093414554235305286
0.010698068670633592
0.0097503528812876491
0.011977483575257856
0.013299470686030792
0.011391163110489355
0.012528844665196017
0.012000664730159972
0.014468529399832737
0.014661249216218432
0.015275505135665413
0.015285882102949806
0.012289438843805605
0.011131026172749185
0.0099937092145163976
0.010241322888778409
0.0086739935126795027
0.0080169221804925177
0.0073913954187603036
0.0084169343241293632
0.0096652166872097673
0.010944735575539185
0.012060441600628592
0.012844187370826755
0.013174968459688297
0.013006740803766719
0.01235998304878267
0.011337147844553407
0.010090094519332061
0.011604693682328471
0.01052760137301813
0.0097505718625279444
0.0082554863389346974
0.010018102374420631
0.0099689913001954743
0.011950025653912679
0.010715277260057112
0.011957096951070431
0.012030378554858249
0.013265087959620732
0.014611081949252999
0.014919281181027104
0.014751324112735432
0.014773237637524556
0.013744764557802458
0.010560210533574806
0.0094196470381786215
0.0085630495914646478
0.010018643231709387
0.0072139268528867108
0.0068899494772398356
0.0081421629434581255
0.0096590714821512408
0.011208004343601747
0.012554171802530361
0.013493679210742288
0.013882826915888935
0.01366428222908384
0.012865869018074981
0.011615493657128122
0.010099898071656344
0.0085524311505633006
0.0097294062152128626
0.0093735157123907564
0.0091708954684709219
0.0052766172480261646
0.0075602805985880636
0.010149771801656658
0.011277170622617372
0.011242742225148723
0.011940829424454544
0.013048295147127827
0.014196257626124496
0.014151453107524933
0.013748456539310379
0.014091829632246086
0.013303969882128001
0.010095436155170719
0.009122796466885949
0.0084850465453728818
0.010286748250186604
0.0073958312415218419
0.0068444030710727065
0.0081301904073134475
0.0096833086697857996
0.01126549713907189
0.01263867621496779
0.013593357125629943
0.013982185745969601
0.013747375112396513
0.012920213830138244
0.011632857064452686
0.01007880291421932
0.0084965772481280302
0.0071252092772113801
0.0061743081674554192
0.005786938701667986
0.0055339885466563661
0.0085843209826546377
0.010905113966972838
0.01183985503612133
0.011558205243214334
0.01206394545005895
0.013227346116498416
0.013395192612936516
0.013312971088740693
0.012997687327093829
0.014039412556973925
0.013635191494579873
0.01277161449331031
0.0091525025482593909
0.0088324962295132509
0.010782449793531693
0.008109433515647687
0.0072594229086809688
0.0083823808405421741
0.0097352692541747207
0.011109602882301584
0.012299905783514668
0.01312196365338302
0.01345305857428972
0.013238552332402464
0.012509628138456359
0.01138245956438658
0.010027591016749047
0.0086523492528993561
0.007465106446759036
0.0066473757505776136
0.0063212837394310707
0.0064749201178440682
0.0098939688102062575
0.011721341232526342
0.012319740876753632
0.011777517799405429
0.011820489851501852
0.012365416866121354
0.012346960553676851
0.012238598315691221
0.01206117181032622
0.013049593383644701
0.012458753374282481
0.0097346936679340926
0.0095079157984689928
0.0095546497833682732
0.011432332107986673
0.0092460391431694825
0.0080740024195846954
0.0088656826694958855
0.009814685268043289
0.01077346626493036
0.011598626303103685
0.012161999099269115
0.012380430161939135
0.012217448383437825
0.011695890635752689
0.010900897766693741
0.009951987601602123
0.008994272150827775
0.0081721207925757287
0.0076119572520199292
0.0073968453398306298
0.0079544496879335475
0.011290441640555178
0.012475201386555263
0.012643665824128845
0.013161971320921291
0.011621234112601837
0.01140999898770423
0.011204918281226139
0.011086199462031253
0.01107636473370277
0.011421631866896936
0.011542638758856399
0.0099118349543984973
0.010135558334119044
0.010541533974176046
0.012135585753776084
0.010631333027358069
0.0091646273601195382
0.009507623090206585
0.0099097199446346301
0.010305642868817352
0.010636549067558282
0.010852773005668758
0.010921981717563325
0.010834513385240281
0.010599285846463843
0.010259393341048211
0.0098624951648049759
0.0094700463322635875
0.0091387157380881448
0.0089203974835463887
0.0088479841222144466
0.0097480186780899928
0.012559490715354978
0.013049733695519121
0.012757522784275006
0.012243446403754897
0.011327550519811144
0.010847739856497162
0.010466346040594158
0.010028402792250325
0.010123162285916927
0.010749035116108863
0.0099262294141154884
0.01028632869742644
0.010934958707226421
0.011639415792992202
0.011778512065189636
0.011133464965121459
0.010364325574078485
0.010205920119906236
0.0099965337690210085
0.0097655172013946644
0.0095494031359812589
0.0093845404456043679
0.0092940215279616652
0.0092968961719255231
0.009386243640276409
0.0095555190435519174
0.0097730845134622792
0.010007379240707184
0.010218626197428369
0.010375604735339168
0.010455572817838973
0.010307209053343015
0.012668639337952243
0.013355647266415801
0.012643636383328532
0.011724675597297349
0.010737749716125658
0.010095015902816624
0.009353713324832761
0.0091447208559041551
0.0093303132255826531
0.0094870603348833037
0.0098956443309575377
0.0095982027777558546
0.010306648609423263
0.01201398183052684
0.012219850140234459
0.012367092069881841
0.010287331714447647
0.0095000168625627348
0.0089978033980076533
0.0092361019796176978
0.0085083165523259282
0.0079898486698695374
0.0077562497446408366
0.007850176792437949
0.0082516644850963439
0.0089033515637012891
0.0097008743181468751
0.010524931215251204
0.011246827093814941
0.011429226808936488
0.010866682364078565
0.0098284109837065599
0.011077296832333244
0.012350278268873409
0.012320502028382429
0.011138967192245485
0.009978622388376367
0.0090148201708563584
0.0083936751218978683
0.0082078542318972554
0.0084930225781718344
0.0091991854632629266
0.010217082625338011
0.010668543024017206
0.010251400584811998
0.017428617761708464
0.015949540614983757
0.017471660768489699
0.014776593148100635
0.0091840882900390379
0.0082322034561711794
0.0088039914425239434
0.0076792420417165592
0.006888814122643248
0.0065500731107274819
0.006720874893952236
0.0073715068823212672
0.0084043153155872619
0.0096580355710977478
0.010944491935496179
0.011599809577863546
0.011041387381691572
0.010045188900395673
0.011109619704232068
0.011617450600323853
0.010350772830735266
0.012099848829129031
0.010576840158826876
0.0094239604154672859
0.0085497912516082197
0.0080903526971058456
0.0081108599104242427
0.0086202547724283356
0.0095338070928574319
0.0095767262219750605
0.0093394146339229808
0.015237323757586296
0.014105729392341445
0.013720018581083957
0.015983831743221686
0.014732907105309124
0.013063061181269528
0.011094630662891491
0.0076882668545532572
0.0071880974461434764
0.0062475578378759639
0.005856230635479227
0.0060778705573681724
0.0068771994428216687
0.0081323998700317413
0.0096501760101071477
0.011588839653374502
0.011194195287894516
0.011219559710596174
0.011139847470954523
0.011608631089911229
0.013516187290190841
0.01222348377799466
0.012118357088666008
0.011541153200669875
0.0087259615461265372
0.0085140900342992373
0.0082899353568600988
0.0085155679550088792
0.0091754652701198126
0.010157273137442002
0.012116707014691509
0.0139709507795259
0.012522655296929442
0.011320026236514374
0.011875462733622102
0.012665839141436685
0.013020504743011196
0.012706277961211284
0.011022687139806956
0.0090267061173113106
0.0071068697938395349
0.0061593167464855918
0.0057753506119302368
0.0060145194924311612
0.0068400457627315787
0.0081265484976265311
0.0096775059786397329
0.011350505772923092
0.01181716481640376
0.012098905539179612
0.012141305640509097
0.013075305472615836
0.013509315652140384
0.014427460853337624
0.014119302868046038
0.012522630460290054
0.011069548406925565
0.010176158098802278
0.0094472861150102679
0.0089851401237823984
0.0088818899388676004
0.0091356113315143421
0.010049420931082201
0.0099227195505841841
0.010238192177307931
0.011872549233496302
0.012199523477867482
0.012445604279799415
0.012459443624485273
0.01143794147857434
0.010968454618209236
0.00965392075919453
0.0074465160271218796
0.0066352678459915574
0.0063165360771631597
0.0065375220707611474
0.0072644379516962638
0.0083867078495950854
0.0097349705194886577
0.011509037665515823
0.012253455391650195
0.012747791692353374
0.012338020352043046
0.013469046452118903
0.012564036948038215
0.011679814846986008
0.010637243182742614
0.0089704935875551464
0.0081546996566074607
0.0076008449685726759
0.007393458046909873
0.0075625703561871599
0.0080818547161178901
0.0088724713464859925
0.011085328927149899
0.011589851224744801
0.01222291716849915
0.011432248855806381
0.012044664974270852
0.012744983069697983
0.012042604319833065
0.012215904540323647
0.013983186297775514
0.01416490408924437
0.01215758128500556
0.011244234270308765
0.010299731311040474
0.009461093747714729
0.0088692892563744675
0.0086016333361666232
0.0087056755411711352
0.0097949420684393766
0.010937149163019709
0.011935957857874708
0.01283398586433262
0.013494190651903036
0.01264535285525569
0.011803620993190525
0.010786287591503402
0.0094493457428044825
0.0091228783623731914
0.0089097167914422831
0.0088434006890185102
0.0089344866166854373
0.0091675492537526271
0.0095081060172847974
0.011229317324647615
0.010823852709127391
0.011978859724061706
0.012830704040539856
0.011500355705659118
0.012674966458648919
0.014053850633173772
0.014221585697391509
0.012194932589402543
0.011601916837468043
0.010169019279770465
0.010568644379019191
0.011076617449778378
0.01161323563719565
0.012112148806624983
0.01248342314307339
0.012676157146699191
0.012632460781517536
0.012593558289515996
0.011933410042706778
0.012437256087418545
0.013223098143064325
0.012425116919261868
0.011754423728837856
0.0093854710864800066
0.0099933337007854697
0.010204948485325891
0.01036539454090421
0.010450111616218682
0.010449223504398196
0.010360937910933619
0.010199055399300206
0.011042049721601045
0.011993449441880907
0.0091401190240771105
0.012138650120020123
0.011971746994770983
0.011145653532274346
0.012773107475034365
0.0099023662531540543
0.010047378130489054
0.011621765354461877
0.010939049288888211
0.011631104396566385
0.012268156461866421
0.012751422268427426
0.01301745102522269
0.013016761176256525
0.012750725868501647
0.012074199905811697
0.012623484023593312
0.013173631825837742
0.012637763299063035
0.011508593190130601
0.0088041239806172702
0.0090777075997999605
0.0097012951022439516
0.010517584523038817
0.011235536988562379
0.011745984422707429
0.011970061768015428
0.011878164506384362
0.011480989673030821
0.010840588116623084
0.010849631813734335
0.010747172604623255
0.010299912177508667
0.0071132874467285685
0.0093414553628342768
0.0071955182808854561
0.0078935044123929349
0.0086385614552717625
0.011878848065903716
0.013059568609775486
0.011769576799416761
0.012654535200092212
0.013327301120741696
0.013684160334739856
0.013678428982806872
0.013302961256967229
0.012617578085763166
0.011725587030572041
0.010523233961266849
0.011339416605212418
0.011204082252294517
0.0080169227067896521
0.0073913953158468056
0.008416934081701976
0.0096652165028624643
0.010944735510762539
0.01206044159529159
0.012844187388893143
0.013174968454643362
0.013006740809468544
0.012359983054155983
0.011337147854197798
0.010090094521884432
0.01160469369557178
0.010527601365274855
0.0097505718518933748
0.0082554863311460457
0.010698068643845154
0.0097503530365954574
0.011977482603151551
0.013299470799184062
0.011391163147910274
0.012528842809844277
0.012000848612195881
0.014468530797984333
0.014661249072986365
0.015275505089561065
0.01528588211112851
0.012289438684290428
0.011131025814108837
0.0099937093879533725
0.010240702075944177
0.0086739941311091105
0.0072139266809893559
0.0068899494220954049
0.0081421628731215175
0.0096590713662660001
0.01120800428090084
0.012554171768487233
0.013493679220272245
0.013882826888873673
0.013664282231980341
0.012865869025796995
0.011615493694204249
0.010099898120674394
0.0085524311684408664
0.0097294062295943309
0.0093735157211135289
0.0091708955121235832
0.01001810245881503
0.0099689913780499802
0.01195002532052983
0.01071527751078972
0.0119570971476624
0.012030378118860985
0.013265087983525244
0.014611081882325315
0.014919281216778676
0.014751323960553392
0.014773237445845029
0.013744764626435854
0.010560210427502549
0.0094179918900160076
0.0085630493923844874
0.01001864256968928
0.0073958313238728932
0.0068444030539189255
0.0081303140695448434
0.0096833085821985149
0.011265497095056492
0.012638676159050805
0.013592239803792188
0.013982185749252213
0.013747375114900495
0.012920213836199077
0.011632857030173362
0.010078802934509938
0.0084965772689131851
0.0071252093884074533
0.0061743082144143724
0.005786938706336538
0.0052766172609229499
0.0075602800436126603
0.01014977183942059
0.011277171130593377
0.011242742520376209
0.011940829340451337
0.01304829496204085
0.014196257773814613
0.014151452986786731
0.013748456139017234
0.014091829528617665
0.013303969783004462
0.010095436144029845
0.0091227965104725417
0.0084850465263941726
0.010286748085300916
0.0081094334388305128
0.007259422803373502
0.0083823807630682128
0.009735269211613393
0.01110960285775019
0.012299905786536133
0.013121963656001885
0.013453058586894988
0.013238552331966039
0.012509628136859331
0.011382459572770946
0.010027591037528016
0.0086523492707842251
0.0074651064740028951
0.0066473757489266356
0.0063212837377330027
0.0055339884737161844
0.0085843194491290516
0.010905114448722615
0.01183985557831752
0.011558205438050292
0.012063945590350643
0.013227346309100029
0.013395192645454263
0.013312971175080108
0.012997687245640011
0.014039412512793338
0.01363519149726595
0.012771614341447354
0.0091525024494754654
0.0088324960042613469
0.010782449509313634
0.0038928871759905657
0.0042240563370846912
0.0059290443663720322
0.008072796807885977
0.010326546743982638
0.012349791777475649
0.013834684228151463
0.014557429827484826
0.014406947569785788
0.013401854065023035
0.011703825838275205
0.009565390616308159
0.0073127196622556085
0.0052859477638018621
0.0037953468659286125
0.00306872542462127
0.0027875718366216743
0.0043083793381976081
0.006823318200272389
0.0087980031282167068
0.01085770310213033
0.012687070506171419
0.01401212487573137
0.014631492825189491
0.014443467642903843
0.01347907971963935
0.011887139984998813
0.0099058181356691827
0.0078384652886245177
0.0059995765827833098
0.0052260320881471912
0.0046346562684202036
0.0055362043706245244
0.005528116854208915
0.006744359502911205
0.0082755652093050597
0.0098879074047855051
0.011333601238720204
0.012397958708314566
0.012917398053524454
0.012814521306138959
0.012099131615785354
0.010889766530090562
0.0093640993113520751
0.0077561078632804757
0.0063068123376462375
0.0052378621136009561
0.0047123862118904685
0.0044366397580459446
0.0055249486199604918
0.0069768514291659927
0.0091117097331465269
0.010558136440863154
0.011820533303067459
0.012710829083662001
0.013093715074069045
0.012903116034335273
0.012171641466839899
0.011011459910919083
0.0095954375990064331
0.0081411592087555287
0.0068697743267390745
0.0063803210015658651
0.0059888992174927328
0.0077546231419311253
0.0073321823884434541
0.007873942738970045
0.008558356014772164
0.0092800307254162131
0.0099296913238352078
0.010411195031719001
0.010648463766930358
0.010609692677473873
0.010294047868862505
0.0097588023511537246
0.0090790263015015985
0.0083608625783526541
0.0077095590531357019
0.0072245984717813263
0.0069800758522542191
0.006765100773980872
0.007613074542693745
0.0082655931932275519
0.0094625304062930238
0.010073523043767591
0.010575398248513749
0.010893989795827098
0.010980974309700802
0.01081585493276949
0.010429051443966161
0.0098779396893015087
0.0092440795315683819
0.0086257097965992992
0.0081161697123778211
0.0080546087410717001
0.0077714621942400215
0.010208020183911776
0.0093589848647569369
0.0091435016036861289
0.0088771933617311921
0.0086000570021923916
0.0083543443250769043
0.0081801367352889575
0.0081003630470755563
0.0081325019191365866
0.0082659059070982928
0.0084863833758637118
0.0087552731817108799
0.009034881375047087
0.0092793134976897479
0.009451353025634341
0.0095248476448450518
0.0094119460723905233
0.0099907246279420121
0.0096194241169950991
0.0097950065534551378
0.0094782096249661843
0.0091430760442384965
0.0095559521082272374
0.0080545256642051873
0.0085050281129994357
0.0085218209435363543
0.0086637608068220687
0.0089082864815241275
0.0092188240274974197
0.0099303555201547718
0.0099472435727808867
0.0096629218362654524
0.011126187441629057
0.00963159374552865
0.010361001053219857
0.0091854518334487344
0.0079528046616437111
0.0068502295785017328
0.0060467544767140334
0.0056625650221641668
0.0057607927741604491
0.0063225656671493432
0.007265223603918982
0.0084414257111035153
0.0096751290956107218
0.01077677480623789
0.011578760605073771
0.011958548361835505
0.011977778811471584
0.012294661500461825
0.01114646356760964
0.009554302821514234
0.008863395477287369
0.007742668644799955
0.0068676883425385126
0.0063706031121815417
0.0063248235075384924
0.0067437809736207634
0.0075579882363063303
0.0086430997470633535
0.010209094382744994
0.010912141955439051
0.0097257237087232454
0.0099657184105254332
0.012641161540043478
0.011218453161780013
0.0097268872518267227
0.0094390041989327132
0.0074388934446858509
0.0056467322738808275
0.0043354239360570831
0.0037042952486072674
0.0038534609392071439
0.0047580530628285028
0.006279882892097831
0.0081845759667302596
0.010184437052419995
0.011975578307637824
0.013285573091456676
0.013913978395506649
0.013294863852789046
0.014505393617338555
0.013041478799109394
0.010753166758006567
0.0088751407552392688
0.0060502570825672246
0.0052721011461419835
0.0045771153281834636
0.0046077542304691632
0.0053663424779117081
0.0067310279912293457
0.0087356940684154595
0.0097897468816266105
0.0098989032100522938
0.010896438063286319
0.01130243723646172
0.014146008036294382
0.012615199989781733
0.011208161685598152
0.0095978522272211486
0.0071344829874181769
0.0049254395848171047
0.0033054070660443876
0.0025226449884858727
0.0026996172114825603
0.0038090756350621967
0.0056795457637626705
0.0080237715535690351
0.010486486881769102
0.012694650457838342
0.014312822054665953
0.014441797056497977
0.015214650776875303
0.015673368393167474
0.013751092348704067
0.011953511634242643
0.0089532432271013842
0.006733788770955788
0.0049064830024796854
0.0037517367997755378
0.003448925420746101
0.004049189828321054
0.005451354603496608
0.007443799839183164
0.0097188442085818071
0.010557632017807093
0.011611625991319449
0.013337730338060055
0.014971717237563348
0.013486103318547594
0.011813878643644464
0.0083508086874707725
0.0070878426385145091
0.0047971617927769373
0.0031149060173095901
0.0022993523763299604
0.0024776488157641505
0.0036224895164682549
0.0055564017472369389
0.0079828150668185376
0.010533546759554509
0.012823437831727855
0.014504841310680288
0.014724870798653132
0.015410047266236692
0.014938946085524296
0.013581071593771294
0.011543102230292731
0.009691571352635233
0.0072972532758418945
0.0051866159616663025
0.0036944339333262102
0.0030510375313408411
0.0033598515451931472
0.0045655285213514352
0.0064792083299141916
0.0079074863555898562
0.011261596550529615
0.013043876097080079
0.014275635479688686
0.014919186873134817
0.014521680703207173
0.013351161626789381
0.012268297450389296
0.0091580668422248795
0.0070333176335250136
0.0053958870393589278
0.0044206215199970728
0.0038178403603642613
0.0040494038328313586
0.0051720170610946442
0.0069263792260857437
0.0090405211941513176
0.011165547752439484
0.012979574710222633
0.014203386897702371
0.014741828235324749
0.013402322314832706
0.011697038125469598
0.0095552142203575701
0.0073031337239510214
0.0052803929962549111
0.0037923449148444728
0.0030678673365978687
0.0032206212846522973
0.0042269098549111992
0.0059307865347382914
0.0080704517688944283
0.011238989430405881
0.012621805401102151
0.01410047668012457
0.014361777094713729
0.01394393657909858
0.014693907030718965
0.013072807102139702
0.011157742407486626
0.0097199983691875057
0.0081921604150022396
0.0067670221151723215
0.0059202073965677511
0.0055942188094673393
0.005844368492579478
0.0066244518969084338
0.0075455372835915545
0.0088008287788448724
0.010307924896444515
0.011183306308153536
0.012708770377663766
0.013102653979726287
0.012099396697049281
0.010883060140870779
0.0093552594343644727
0.0077471551396276232
0.0063008848918497994
0.0052341774253109805
0.0047114280273691791
0.0048147954233284575
0.005529079074663084
0.0067428933552477113
0.0082698621508671671
0.0098791071525089359
0.012083250146729264
0.013416849836070643
0.014100489980479851
0.012670325226139
0.013189246353927365
0.012694352779549946
0.0088901145589337024
0.008623776111650697
0.0081139748539432611
0.0077920214734388277
0.0077058203488531134
0.0078682947957130194
0.0082617353414006882
0.0088204833773487378
0.0094595410119237347
0.010131995795212895
0.0093231939216645836
0.010187454120847808
0.010212750917681895
0.01089159960264228
0.010301228534297465
0.0097588592185508978
0.0090759207752499991
0.0083548296885987278
0.0077033894641564578
0.0072196780774679411
0.006977764782754736
0.007016875546267569
0.0073301201340501944
0.0078695449833616413
0.0085511393396503956
0.0092738328360721396
0.011548777924961949
0.012079178408027863
0.01261801562851257
0.01146268121005407
0.011344307225238768
0.0078027629422892479
0.0089184939351720088
0.0092195744041182037
0.0095427162748293898
0.0098376397836745112
0.01005758227384158
0.010167036310421006
0.010155894496913951
0.010020549287776006
0.0097825827935778022
0.0094767907809572578
0.0096786120923585111
0.0082449972282455618
0.0081793948529615169
0.0084393383336001642
0.0082754884273037975
0.0084897727978838142
0.0087554682645046532
0.0090308056259240897
0.0092728305345418822
0.0094448527472551346
0.0095197932641685173
0.0094889461853414955
0.0093542841463524051
0.0091388009807653863
0.0088724740329542695
0.0085994122072227987
0.0083607412877524968
0.010428715907567217
0.010624177985833169
0.0058153066804240757
0.0067783699265576234
0.006586858347084985
0.0086548530653038028
0.0098341152124249084
0.010941654835296312
0.011808577651492675
0.012302012772311353
0.012342206329262901
0.011929280926802668
0.01112272835356147
0.010045328615854745
0.0088603228268060944
0.0084490726993694844
0.0067806496701335733
0.0062567187362622583
0.0061195497712127267
0.0063318188534097365
0.0072710859427096899
0.0084456124340721427
0.0096752926111251056
0.010772961120428907
0.011573231425584769
0.011952617476090719
0.011856469512356542
0.011294724959041578
0.010358060038317315
0.0091848260553176273
0.0079572643666785577
0.0068602483456242881
0.0060614058063119831
0.0056813161184048524
0.0037101303676635067
0.0048875403355532494
0.0056919106035694415
0.0084954470372110777
0.010374420444564434
0.01209812109330622
0.013405767543596576
0.014098504044220703
0.014063683126784755
0.013312841475574207
0.011958619735431541
0.010205324304259694
0.0083199839829425862
0.0065888627014257699
0.0061673747079982553
0.0047353645401686491
0.0042838045496594607
0.0047635862058997723
0.0062851003081526033
0.0081905621804848928
0.010188365499630076
0.011975760819636656
0.01328256110516173
0.013909107026032531
0.013762276052943999
0.012858642768805198
0.011343524415549023
0.0094419094439966191
0.0074458423009043104
0.0056562538381409915
0.0043467875611348508
0.0037169138259679395
0.0023927666074599857
0.0037023194238368644
0.0052555883844954297
0.0084648289856367395
0.010757986262402366
0.012836295976997833
0.014386522584832815
0.015173000517000686
0.015069426085332797
0.014094946161015316
0.012398841477523844
0.010236030538363628
0.0079363948447837007
0.0058490780327798966
0.0050850285260699108
0.0039486202873155272
0.0032148343471249245
0.0038114810865003844
0.0056826607862822277
0.0080289046405953111
0.010491493518007013
0.012697781460490698
0.014312923326032463
0.015092244408301711
0.014917515402406028
0.013810154654701045
0.011950235626147962
0.0096055699430086985
0.0071436890664061557
0.0049329497996393598
0.0033118677340261077
0.0025281629815896807
0.0020689910834337873
0.0034134762872513953
0.0063338185708441399
0.0085707747654565104
0.010927630312853915
0.013043127167122042
0.014599876972437489
0.015360716238238597
0.01520313934568049
0.014153547731844001
0.012373710159863766
0.0101303741575019
0.007766600917667967
0.0056410819282603133
0.0047713133576589573
0.0039177455721023423
0.003077289650189038
0.0036212569618605606
0.0055563237968577935
0.0079859243724691529
0.010538393941943778
0.012828019744477809
0.014506142894036995
0.015320081665721224
0.015144448010042024
0.014001968157210675
0.012074664771530288
0.0096499973998974767
0.0070975202696619555
0.0048031519582446298
0.0031183805682311952
0.0023008377358625844
0.0027875718533927826
0.004308379432599826
0.0068233181934438608
0.0087980031133116539
0.010857703061194504
0.012687070420140655
0.014012124784090982
0.014631492818667902
0.014443467684792093
0.013479079722571995
0.01188713999490313
0.0099058181696828444
0.0078384653348058369
0.005999576594753156
0.0052260321153553202
0.0046346563419429497
0.0038928871623212752
0.0042240563650197101
0.0059290443987633987
0.00807279682568675
0.010326546738141547
0.012349791739999387
0.013834684226047004
0.014557429823408076
0.014406947558020347
0.013401854032319103
0.011703825819354292
0.0095653906050749225
0.0073127196566379008
0.0052859477641819183
0.0037953468693670582
0.0030687254399170702
0.0044366397669236383
0.0055249486684296311
0.0069768514770204553
0.0091117097264242584
0.010558136361162462
0.011820533414078955
0.012710828923763953
0.013093714976290496
0.012903116070315881
0.012171641494879025
0.011011459891469665
0.0095954376280405363
0.0081411592258236621
0.0068697743234984784
0.0063803210236116278
0.0059888992708982828
0.0055362043392550696
0.0055281168367159296
0.0067443595392703629
0.0082755651778404979
0.0098865716852617608
0.011333601233522587
0.012397958704831879
0.012917398045520468
0.012814521288225265
0.012099131586069432
0.010889766511923487
0.0093640992993792149
0.0077561078604204328
0.006306812341074379
0.0052378621424586823
0.0047123862230226297
0.0067634797557204899
0.0076130745530393774
0.0082655930707854555
0.0094625303368537517
0.010073522901003138
0.010575398542431195
0.010893989231037935
0.010980974295020218
0.010815855004980978
0.01042905148957957
0.0098779395573576761
0.0092440795748676523
0.0086257098384522057
0.0081161696922357179
0.0080546087933921692
0.0077714622943389237
0.0077546230798571413
0.0073321823883014496
0.0078739427483801271
0.0085583559619723283
0.0092800307137896609
0.0099296913221162148
0.010411195013315579
0.010648463759315234
0.010609692662186426
0.010294047844120009
0.0097588023366294348
0.009079026285224865
0.0083608625794482846
0.007709559059070694
0.007224598464835856
0.0069800758917186638
0.0094119460440813072
0.0099907246694120773
0.0096194240908460196
0.0097950063756451905
0.0094782093978816873
0.0091430759999399681
0.0088418983936027692
0.0086197095742105486
0.0085050289357589352
0.0085218214669486331
0.008663760904025675
0.0089082865262805778
0.0092188238755469189
0.0099303553104967916
0.00994724347509259
0.0096629221320059695
0.010208020174409364
0.0093589848707656739
0.0091435016102459302
0.0088771933563595723
0.0086000569865639365
0.0083543443079258303
0.0081801367065562781
0.0081003630357228233
0.0081325018924540901
0.0082659058999244635
0.0084863833684109546
0.0087552731765083106
0.0090348813920543142
0.0092793135059395584
0.0094513530183627289
0.0095248476198140503
0.011977778938715088
0.012294661558987455
0.011146463546866664
0.0095543027688180775
0.0088633952500840156
0.0077426680758883055
0.0068676875469437845
0.0063706031269132228
0.0063248238448560951
0.006743781153025436
0.0075579883348427159
0.0086431002398258874
0.010209094865261319
0.010912142043339207
0.0097257236326034214
0.0099657184828629512
0.011126187415939891
0.0096315937618827174
0.010361001058951522
0.0091854518111333296
0.0079528046271561664
0.0068502295403969661
0.0060467543980325797
0.0056625650144098818
0.0057607927780063354
0.0063225656749876253
0.0072652236153983082
0.0084414257184520364
0.0096751291075104443
0.010776774806765352
0.011578760622073317
0.011958548370711324
0.013294863930856781
0.014505393685752422
0.013041478694378703
0.010753166572251336
0.0088751404078042159
0.0060502568335522797
0.005272101035399001
0.0045771152134298429
0.0046077541188210896
0.0053663422722728046
0.0067310278472338392
0.0087356945280125334
0.0097897472759188031
0.009898903008980121
0.010896437624401741
0.011302437060601075
0.012641161524180796
0.011218453087529683
0.0097268872681095849
0.0094390041892530498
0.0074388934381255205
0.0056467322459959465
0.0043354239288869254
0.0037042952420581155
0.0038534609451870571
0.0047580530732453732
0.00627988290151924
0.0081845759884424558
0.010184437059247259
0.011975578457222373
0.013285573083334567
0.013913978381894973
0.015214650756660536
0.015673368425956416
0.013751092272062993
0.011953511336209774
0.0089532430063867987
0.0067337886490519312
0.0049064830879555089
0.0037517368331711739
0.00344892535808666
0.0040491896450093297
0.0054513544757291621
0.0074438001810944706
0.0097188454434660489
0.010557633261726991
0.011611626295561159
0.013337730277574861
0.014146008008793778
0.012615199901674543
0.011208161660512332
0.0095978522060062368
0.0071344828989155654
0.0049254395521097323
0.0033054070474647676
0.002522644996191507
0.0026996172249834863
0.0038090756462351352
0.0056795457727348633
0.0080237715618495017
0.010486486903702401
0.012694650476215884
0.014312822152565373
0.014441797032624668
0.015410047255385292
0.014938946164247239
0.013581071514596902
0.011543102138613155
0.0096915712766401183
0.0072972532474485227
0.0051866160001360706
0.0036944340732427343
0.0030510375314987078
0.003359851447684534
0.004565528432252712
0.006479208112128548
0.0079074859547358777
0.011261596609431492
0.013043876250936398
0.014275635370030501
0.014971716911496591
0.013486841302334037
0.011813878631610186
0.008350808612104273
0.0070878426089648235
0.0047971618662937029
0.0031149060340456155
0.002299352401114411
0.0024776488407938549
0.003622489531126428
0.0055564017445187911
0.0079828150641866134
0.010533546786188341
0.012823437908794434
0.014504841273376741
0.014724870811050882
0.014741828632314527
0.01340232236996528
0.011697038144097834
0.0095552141848182157
0.0073031336803555877
0.0052803929750349487
0.0037923449366305288
0.0030678673571497219
0.0032206212951969878
0.0042269098493988968
0.0059307865282162029
0.008070451614321697
0.011238989057596018
0.012621805339357908
0.0141004766898265
0.014361777110566673
0.014919186736348684
0.014521680716351838
0.013351161326038898
0.012268297384935711
0.0091580668190806222
0.0070333176325991387
0.0053958871020265229
0.0044206215895846394
0.0038178403167784983
0.0040494038046649736
0.0051720170535471304
0.0069263791782506606
0.0090405211884373154
0.011165547818628465
0.012979574737505805
0.014203386943488923
0.01310265417513631
0.012099396868443095
0.010883060177540147
0.0093552593838370276
0.0077471550837291273
0.0063008848652193195
0.0052341774162894834
0.0047114280226778554
0.0048147954201540446
0.0055288466310619549
0.0067428933299957883
0.0082698620730228319
0.0098791070827055957
0.012083250194049603
0.013416849785101423
0.014100490024491126
0.013943936565223589
0.014693907113609525
0.013072806241381102
0.011157742301228492
0.0097199980950762183
0.0081921604971230255
0.0067670223643265231
0.0059202074302768587
0.0055942187452277612
0.0058443683995494256
0.0066244518835261801
0.0075455372381638477
0.0088008287348943174
0.010307924968645797
0.011183306450503033
0.012708770510244926
0.010891599818568328
0.010301228757494814
0.0097588591851628867
0.0090759206593373359
0.0083548296517362876
0.0077033894374168837
0.0072196780409412879
0.0069777647730190993
0.0070168755409003095
0.0073301201120752448
0.0078695449443623149
0.0085511393213632235
0.0092738328107909319
0.011548777829443128
0.012079178444819347
0.012618015667005888
0.012670325239874046
0.013189246571226245
0.012694352055717202
0.0088901142636924838
0.0086237756438572958
0.0081139748760273439
0.0077920217226756794
0.007705820323983815
0.0078682947505401141
0.0082617352336773683
0.0088204833770738796
0.0094595410530475942
0.010131995687629446
0.0093231940355939166
0.010187454341082291
0.010212751183437863
0.0084393385573053575
0.0082754885006274016
0.0084897726885945074
0.0087554681585142111
0.0090308055748599333
0.0092728305234989865
0.0094448527481615866
0.0095197932624885295
0.0094889461799720839
0.0093542841258878618
0.0091388009603739426
0.0088724740345352392
0.0086003800632158799
0.008360741300761176
0.010428715904130923
0.01062417799061242
0.011462681215145501
0.011344307265784453
0.0078027627502511663
0.0089184936755049102
0.0092195739320921274
0.0095427162397797253
0.0098376399675971019
0.010057582221088778
0.010167036251061336
0.010155894536563933
0.010020549329633565
0.0097825828158015493
0.0094767906938188554
0.0096786120367178957
0.0082449974659964155
0.0081793952231616045
0.0061195497817272213
0.0063318188232377197
0.0072710858767022317
0.0084456123452474104
0.009675292576099984
0.010772961122862586
0.011573231435815208
0.011952617482168176
0.011856469495859582
0.011294724957883454
0.010358059969461706
0.0091848260626836691
0.0079572643673221036
0.0068602483446993448
0.0060614058081622955
0.0056813161310318517
0.0058153065810586484
0.006778369986972504
0.0065868583504031042
0.008654853233069075
0.0098341151018322415
0.010941654568881104
0.011812045488324426
0.012302012575697976
0.01234220623936196
0.011929280978681511
0.011122728386621787
0.010045328721046113
0.0088603227532088429
0.0084490726660134755
0.0067806497734714897
0.0062567188687019538
0.0042838045501034606
0.00476358619523255
0.0062851002677279015
0.0081905621351848479
0.010188365454253936
0.011975760821043544
0.013282561117754952
0.013909107063986329
0.013762276055038247
0.012858642800682144
0.011343590395198659
0.0094419094265509457
0.0074458423071468507
0.0056562538354792032
0.004346787564747101
0.0037169138343737468
0.0037101303784698508
0.0048875403242851301
0.0056919106305091784
0.0084954472678793018
0.010374420530440194
0.012098120936032472
0.013405767515939299
0.014098113837843998
0.01406368293472338
0.013312841429105576
0.011958619704717883
0.010205324272721791
0.008319984018039777
0.006588862731874829
0.0061673746780109865
0.0047353644651974176
0.0032148343851496229
0.0038114811303971048
0.0056826607498246771
0.0080289045945618268
0.010491493494284283
0.012697781459929896
0.014312923332569767
0.015092244410874065
0.014917515401877173
0.013810154676066309
0.011947010047418105
0.0096055699555254916
0.0071436890713745512
0.0049329498026063337
0.003311867729276058
0.0025281629760376548
0.0023927666107305271
0.0037023193564290494
0.0052555884223450819
0.0084648291709839927
0.010757986294001256
0.012836296047901553
0.014386522666641402
0.015173000462074376
0.015069425975260614
0.014094946109774355
0.012398841439834518
0.010236030488114778
0.0079363948327274177
0.0058490780330911849
0.0050850285588676979
0.003948620274527556
0.0030772896249012293
0.0036212569224728106
0.0055563270201388765
0.0079859243563244614
0.010538393935909315
0.012828019743523765
0.014506142896545773
0.015320081737090324
0.015144448017731267
0.014001968178452258
0.012074664792315419
0.0096499974096004287
0.0070975202762424651
0.0048031519589186115
0.0031183805649342661
0.0023008377226364212
0.0020689910691945711
0.0034134761822324608
0.0063338187134534827
0.0085707748491098308
0.010927630306907393
0.01304312727225204
0.014599877105028729
0.01536071624077924
0.015203139206314142
0.014153547709744446
0.012373710128761421
0.01013037411426798
0.0077666009012169433
0.0056410818962687962
0.0047713133182505866
0.0039177454716319039
0.00091112283773419776
0.0020639331852422612
0.0042499414561094732
0.0070422978735765031
0.01001555392499115
0.012719514782769947
0.014744617323573624
0.015785610655421473
0.015682176161773136
0.014447955799697966
0.012277007148173983
0.0094936563120640374
0.0065212161890914506
0.0038086046645014813
0.0017696850538549437
0.00071805233113391277
0.00069114979022622913
0.0017811094977268252
0.0036116815879906256
0.0062353759201113756
0.009661375116965543
0.012124833186967127
0.014324326814513925
0.015614698585241638
0.015796194382646987
0.014839415789432897
0.012892266158293253
0.010250857556106056
0.0070881461193365953
0.0046650702531448917
0.0022743566953655073
0.0009736787739450096
0.0024384949309932684
0.0032969998629793487
0.005046304078248548
0.0072831118821962701
0.0096663426638508559
0.01183474113130999
0.013459827005236428
0.014295624643004413
0.014213760835973603
0.013224721424124085
0.011484974595620714
0.0092541940555931936
0.0068725300778769314
0.004699378316889144
0.0030661203955464908
0.0022233725389658207
0.0021211535043734243
0.0031773112842666349
0.0045397832100556312
0.006638338464252649
0.0094576977309910031
0.011359620492704163
0.013125938346313098
0.014165424059076779
0.014316416839176791
0.013554476082062153
0.011997179770662303
0.0095240675335899021
0.0076599762444848861
0.0054056645938779088
0.0033979230072830437
0.0024367605493122039
0.0048809164478210466
0.0052847548901196299
0.0063322412960522875
0.0076735738905521671
0.0091039534280063679
0.010406532662304757
0.011384140663339214
0.011887725949339881
0.011840012654334785
0.011246917006785748
0.010203579822320293
0.0088651110810401782
0.0074368485026195669
0.0061333983276873755
0.0051531805772899106
0.0046463389386998373
0.0044426552270122495
0.0054252152164901918
0.0060440384350900645
0.0072984852641881761
0.0091381918435561576
0.010133203517245186
0.011197157093281836
0.011827300902223448
0.011924811401922751
0.011473646707595724
0.010543312850174357
0.0089206664433791761
0.0079433125389595152
0.0065897717724731275
0.0052053479977222849
0.004790090348028745
0.0078630325040223246
0.007721672864485051
0.0079101996018467961
0.0081535477358245009
0.0084137260318866511
0.0086517454903469529
0.0088322605343051554
0.0089267406948224416
0.0089208233949939677
0.0088148617135717418
0.0086276087096714259
0.008385650237859834
0.008127590127163636
0.0078903309989350762
0.0077099844406446809
0.0076143142618011776
0.0072983793952828601
0.0081791376502467119
0.0078933444729903154
0.0081146575068537403
0.008367373666080858
0.0090242951178594183
0.0088306406002524665
0.0089545726659412041
0.008983679296255067
0.0089123592111399162
0.0083764008326613001
0.0085391596603986188
0.0082840783076288081
0.0080355072225075982
0.0074189053825123663
0.0076719845222430211
0.010931806954483992
0.010237403414619055
0.0095405108740355543
0.0086503076505978337
0.0077010204586818991
0.0068372303883078222
0.0061912723005140271
0.0058613316868381463
0.005898077002741758
0.0062961617890692542
0.0069951976912093414
0.0078876669251905489
0.0088387125942451898
0.0097023196200806752
0.010347323002000159
0.010255654683106446
0.010707800818921828
0.011019820080876088
0.0098058608249569097
0.0089617614624834321
0.0080202465772200738
0.0071251793247288564
0.0064124957307792173
0.0059911317785032309
0.0059269144683605328
0.0062270772290502147
0.0068460425323607311
0.0076908148318648988
0.0086304283932019926
0.0095230106831182722
0.0097020148804254757
0.010644456420293092
0.013623615046558166
0.012452079032345829
0.010977700177014408
0.0090905679432404813
0.0070757518505977996
0.0052396108041262383
0.0038626944349026424
0.0031564972775944057
0.003230426633321435
0.0040732968595807552
0.0055547022389893976
0.0074472334711691811
0.0094629732583523044
0.011295200871651256
0.012666141448022755
0.012862923870205838
0.013388755433147707
0.01274151356421936
0.012121773738736288
0.0097119394616324746
0.0077195082841038419
0.0058165447465148897
0.0042939187026569984
0.0033839617239366944
0.0032293556176696812
0.0037657267446411626
0.0053365575049152862
0.0069396811055241854
0.0089314782145941008
0.010290314852198399
0.012379761809138998
0.01325873205264314
0.015530759789995689
0.014029406535672681
0.012002426375433481
0.0094060370643890365
0.0066323619447385841
0.0041023569328543794
0.002202095234263509
0.0012251320043831159
0.0013248618166622119
0.0024856830665023893
0.0045260569613108891
0.0071317937534800856
0.0099059281516764158
0.012427578224557997
0.014315162789755715
0.014727949639250431
0.015295540932423421
0.014405562828867449
0.012589018644477151
0.010119651504774093
0.0078416612667239344
0.0048890635641894034
0.0027858476626490148
0.0015242635490245384
0.0013028946093612609
0.0021552426941434289
0.0039463134475127585
0.0061386368299697174
0.0092478456536787806
0.011848427527944785
0.013909536765374432
0.015118544742781216
0.016139405427766079
0.015241728050506798
0.012462253319775346
0.0095504483856262319
0.006439135704220186
0.0036000367082185316
0.0014659364901824918
0.00036656127484781335
0.00047668949833633279
0.0017790197174808941
0.0040675258525968323
0.0069895256365554185
0.010099910613815112
0.01292777062596776
0.014416311608425542
0.015947962110362382
0.016141042174339808
0.015142968202571078
0.013106671441118668
0.010338917605161931
0.0072583948121255886
0.0043311185868086218
0.0020030815095690097
0.00063309139458418446
0.00043785264869627651
0.001448031868597671
0.0035015667991420973
0.0062808734626611752
0.0093624738071585011
0.012279335765239829
0.014590714879791883
0.015946417534435223
0.015795713697425121
0.01484142027358853
0.012894995713305948
0.010249647456039901
0.0073054710583499664
0.0045079763188053791
0.0022835478426374706
0.00097491539463092475
0.00078844242419773378
0.0017532037797948811
0.0037147610316521267
0.0063704165428853862
0.0093154515667886306
0.012103559733755124
0.014313372325100149
0.015609628811063762
0.016002399066545481
0.014451760378215292
0.012280367987022466
0.0094971373403133046
0.0065232481986074202
0.0038096108181036306
0.0017696231680654087
0.00071807161806194042
0.00082167294243599867
0.0020646417554530064
0.0042508349119534626
0.0070432839133163757
0.010016436351090976
0.012720104295947563
0.014745384777141071
0.015259323192603532
0.014311565281168006
0.013546120782346254
0.011985084843237983
0.0098639713666508304
0.0079921552697568236
0.0054060327870857194
0.0035932504829684531
0.0024998062946146133
0.0022968173342254833
0.0030147814909094791
0.0045409312335197675
0.006369521316930785
0.0091154326619922177
0.011348680070763584
0.013119236289834774
0.014157996586799775
0.014486794994547421
0.013224626808428768
0.011485267535764366
0.0092560247268562452
0.0068736820971519114
0.0046997811944384542
0.0030657368176130306
0.0022235729632234576
0.0023047537716308058
0.0032970179416877349
0.005045991863588532
0.0072825527798341559
0.0096658499105592832
0.011834368847239877
0.013459833376345614
0.013844061912581532
0.011914811294341125
0.011454192406787545
0.011156544631969988
0.0093526650279219595
0.0079278911281241548
0.006715206363829395
0.005499894267532098
0.0048397547808415676
0.0047125702001472054
0.005135959533646893
0.0060446118123618159
0.0072997770095436483
0.0087089868628450872
0.0095804297364173088
0.011195764041334903
0.011819328018439481
0.012059240008624246
0.011246484547336044
0.010203489364851617
0.0088664180480920538
0.0074370808127490187
0.0061328023539991595
0.0051524502904394106
0.0046465669259256751
0.0046930662918207022
0.0052851691237901701
0.0063318110362421288
0.0076720837015223755
0.0091028913653990427
0.010406430415266029
0.01138484695013427
0.011538899818533354
0.0089671614937175369
0.009389430276046766
0.008760834854525135
0.0085378668592872783
0.0082831515959487477
0.0080357327298580927
0.007832480454945558
0.0077042424292642544
0.007672129125694262
0.0077382635765688651
0.0078933688378600222
0.0081151352983856763
0.0083676397955754836
0.0086136640657584595
0.0083865207656713646
0.0089432270220433357
0.0090829958349970125
0.0088130186189626925
0.0086262325351710595
0.0083856433516386886
0.0081267319890740066
0.0078891152576910911
0.0077092774987593572
0.0076146671766595016
0.0076194284019171221
0.0077232072472260124
0.0079105995279294492
0.0081526073143751588
0.0084135813501321384
0.0086529481244704016
0.0088343234801563086
0.0086920447816320658
0.0057362293196563906
0.0065460671746269813
0.006847096744495817
0.0076905431394086125
0.0086301836120746822
0.0095245901630804201
0.010680445649061942
0.010674397755571483
0.010719949151641728
0.01000502390431022
0.0098059807354927662
0.0089628738723220927
0.0080209158983024186
0.0071250330465251633
0.0061011562242407578
0.005967234662217602
0.0060105523647272065
0.0062950345473073909
0.0069949505764318664
0.0078885667671472273
0.0088387576494913609
0.00970185211066521
0.010347162308949295
0.010676322818520356
0.010638749005251394
0.01023967992430112
0.0095420438167195636
0.008650335456899149
0.0077019604548435464
0.0068394439300547482
0.0061942953455459597
0.0058650098196182951
0.0031148522780833016
0.0040379011954483892
0.0051559623715789404
0.0069388053457837837
0.0089300699900615333
0.011347487058682311
0.012417546006706118
0.013282794979996361
0.013394050605695918
0.01273334671225361
0.011402176529861563
0.0092600100447457496
0.0077198346989655036
0.0058168012525852877
0.0040858607690288078
0.0033410065313607459
0.0033064350012141537
0.0040729727237010646
0.0055553479912565781
0.0074485414009652536
0.0094635587353459165
0.011295241444806861
0.012666062586042857
0.013368249819554569
0.013294217160862376
0.012453145638310983
0.010978023325094906
0.0090892740512887021
0.0070756190843602792
0.0052410372226184294
0.0038653618089304095
0.0031594837340461327
0.0012308645794404203
0.0022479833470840167
0.0039454657510541785
0.0063976886262433119
0.0096176082408441829
0.011892871700808081
0.013940336739584946
0.015136585939771663
0.015296705021657489
0.014394998005898541
0.012570257725719444
0.009750499195044263
0.0075105543885228719
0.0048888070152113151
0.0026486668631443742
0.0014659970114146001
0.0013838348270931381
0.0024860992612975798
0.0045268297944997234
0.0071326253624940592
0.0099062533381611383
0.012427748097177378
0.014315156346243339
0.015283409083327022
0.015183894092836955
0.014029692617307006
0.012001843711457303
0.0094036906424301014
0.0066307394815308101
0.004101895673772114
0.0022031544167997823
0.0012264221518425522
0.00037744729794958009
0.0014541118535691419
0.0034027687648911019
0.0061508437521633963
0.009717501335576726
0.012311948770992122
0.014610056202952996
0.015955435096785552
0.016140125597858632
0.015134315770886761
0.013093357540785885
0.010327232749203562
0.0070322664738611566
0.0044834434447531355
0.0020109167484863508
0.00063194047580624542
0.00053990643942317931
0.0017788121760694013
0.0040673862431903083
0.0069893981851365458
0.010099713228302306
0.012927576950939552
0.015044707940016241
0.016132174765751576
0.016022543325399183
0.014730398567982058
0.012458383391010951
0.0095461040173200184
0.0064362418927238797
0.0035984944498469698
0.0014658636793640056
0.00036667862783232888
0.00069114979471767942
0.0017811094995895879
0.0036116816413766704
0.0062353760047790851
0.0096613750506911386
0.012124833118591128
0.0143243267691211
0.015614698608441521
0.015796194400748701
0.014839415784776459
0.012892265966195277
0.010250857562401091
0.0070881461141082411
0.0046650702577797527
0.0022743567029505384
0.00097367877970135812
0.00091112283459476786
0.0020639331917610922
0.0042499414177807841
0.0070422978861808365
0.010015553926203831
0.012719514789578003
0.014744617326244604
0.015785610657899157
0.015682176153330677
0.014447955767333999
0.012277007142829199
0.0094936563357928792
0.0065212161983125017
0.0038086046894703412
0.0017696850536037714
0.00071805232929141819
0.002121153509908328
0.0031773112873241744
0.0045397832147099125
0.0066383385477895157
0.009457697669782968
0.01135962050374181
0.013125938284127611
0.014165423947984946
0.014316416917394265
0.013554475935914648
0.01199717966334932
0.0095240675463019002
0.0076599762462046441
0.0054056646133610773
0.003397923026016666
0.0024367605619961159
0.0024384949299146408
0.0032969998619405945
0.005046304077890397
0.0072831117650148528
0.0096663426624129783
0.011834741158395501
0.013459827014288821
0.014295624643551264
0.014213760820667793
0.013224721335379464
0.011484974645936324
0.0092541940164531638
0.0068725300622575029
0.0046993783397583835
0.0030661204064833304
0.0022233725468948618
0.0044426552259294455
0.0054252152170582661
0.0060440383537626267
0.0072984853043751539
0.0091381917918708037
0.010133203621518722
0.011197156948376401
0.011827300964222602
0.01192481146430403
0.011473646688961756
0.010543312850661369
0.0089206664596877903
0.0079433125228057944
0.006589771791370891
0.0052053480613620451
0.0047900904120368095
0.0048809164865796714
0.0052847549236592507
0.0063322413120888441
0.0076735738710957072
0.0091039534042755936
0.010406532565508686
0.011384140660318339
0.011887725951399858
0.011840012636531011
0.011246916979432049
0.010203579751509855
0.0088651110521195745
0.0074368484996288021
0.0061333983322448835
0.005153180552410673
0.0046463389627704596
0.0072983793810752449
0.00817913766489917
0.0078933444365628345
0.0081146574773747222
0.0083673734246742133
0.009024295172481012
0.0088306404391487268
0.0089545729849800724
0.00898367950766513
0.008912359165067614
0.0083764008482278083
0.0085391275398571213
0.0082840782271733776
0.0080355071599323164
0.0074189054104854216
0.0076719845790436877
0.0078630324831065572
0.0077216729384724011
0.007910199633202733
0.0081535477209807722
0.0084137260196632153
0.0086517454680479812
0.0088322605498984633
0.0089267407223154027
0.0089208233935966132
0.008814861668386036
0.0086276087328183513
0.0083856502106082892
0.0081275901063240768
0.0078903310322616625
0.0077099844403410306
0.0076143142523751491
0.010707800810007743
0.011019820082404699
0.0098058607884300829
0.0089617613636327857
0.0080202464589871764
0.0071251791733677287
0.0064124959356759723
0.005991132079543742
0.0059269145551702745
0.0062270770532057125
0.0068460425804131855
0.0076908148978491872
0.0086304284299058859
0.0095230106821193438
0.0097020149349602899
0.010644456436491126
0.010931806975602689
0.010237403428532126
0.0095405108760553588
0.0086503076374710476
0.0077010204362499999
0.0068372303637885866
0.0061912722778879716
0.0058613316805290168
0.0058980770010751051
0.0062961617956072387
0.0069951976826657112
0.0078876668838302032
0.0088387125858047019
0.0097023196192767367
0.010347323022513562
0.010255654680370594
0.01338875543575584
0.012741513573550287
0.012121773663439164
0.009711939344629144
0.0077195081803234982
0.0058165447508684116
0.0042939188502900292
0.0033839618580124354
0.0032293556066104439
0.0038521413714090796
0.0051554440184770935
0.0069396811519580335
0.0089314781120561453
0.010290314718969152
0.012379761664913716
0.013258731923149936
0.01362361498682184
0.012452079024178397
0.010977700147727636
0.0090905679419334105
0.0070757518337984686
0.0052396107528339987
0.0038626944122389885
0.0031564972704796151
0.0032304266367764313
0.0040732968643366601
0.0055547022379399819
0.0074472334722334175
0.009462973371695679
0.011295200908889556
0.012666141444619628
0.012862923873814696
0.015295540911404351
0.014405562830189808
0.012589018596834776
0.010119651447850561
0.0078416612243877009
0.0048890635941132698
0.0027858477257263763
0.0015242635901198398
0.0013028945846445502
0.0021552426525422129
0.0039463134163155375
0.0061386368228910663
0.0092478456790237185
0.011848427648762257
0.01390953675102282
0.015118544619419154
0.015530759774932103
0.014029406504315885
0.012002426356907171
0.009406037144801321
0.0066323619109717423
0.0041023568280282863
0.0022020952170653434
0.0012251320010602043
0.0013248618184222814
0.0024856830746463505
0.0045260569549315345
0.0071317937624764908
0.0099059281518931088
0.012427578220674865
0.014315162734096575
0.01472794963766059
0.016141042127596761
0.015142968241002456
0.013106671455070169
0.010338917582807272
0.0072583948119568928
0.004331118592324568
0.002003081529174367
0.00063309141476460657
0.00043785264226379339
0.0014480318535747231
0.0035015667841988142
0.0062808735141632495
0.0093624739489056464
0.012279335722967974
0.01459071483105113
0.015946417407025213
0.016139405360405121
0.015241728026285269
0.012462253275494968
0.0095504483445935026
0.0064391356572556218
0.0036000366700414278
0.0014659364819998818
0.0003665612754525463
0.00047668950083702997
0.0017790197050895061
0.0040675258313887181
0.0069895256482222536
0.010099910669164922
0.012927770576709904
0.014416311606601008
0.015947962095747448
0.016002399103664626
0.014451760338054787
0.012280367914626042
0.0094971373267065534
0.0065232481956178055
0.0038096108156070274
0.0017696231690703644
0.00071807162072504984
0.00082167294596958941
0.0020646417559371821
0.0042508349147319475
0.0070432839372239027
0.010016436450251725
0.012720104378315947
0.014745384865995106
0.015259323392633245
0.015795713631721976
0.014841420256165925
0.012894995642129935
0.010249647418240788
0.0073054709857436383
0.0045079763220521856
0.0022835478698090264
0.00097491540040722596
0.00078844242428862158
0.0017530055775618904
0.0037147610190623715
0.0063704165251272692
0.009315451553296215
0.012103559730363405
0.014313372330415682
0.0156096288098271
0.014486795029647899
0.013224626778445939
0.011485267496312863
0.0092560246958771682
0.0068736820810132888
0.0046997811842119592
0.0030657367688997788
0.0022235729623408442
0.0023047537757916485
0.0032970179425986451
0.0050459918570869159
0.0072825527864932103
0.0096658498580840836
0.011834368897546629
0.013459833453139345
0.013844061889485598
0.014311565222430055
0.01354612081918021
0.011985084738195035
0.0098639713582976355
0.0079921552428021229
0.0054060328575617489
0.0035932505077445136
0.0024998062908916292
0.0022968173246380162
0.0030147814876608885
0.0045409312185141684
0.0063695212896176384
0.009115432621189766
0.011348680062620038
0.013119236326402328
0.014157996623137166
0.012059240071702839
0.011246484637800546
0.010203489342245067
0.0088664180070073106
0.0074370807903431048
0.0061328023235539039
0.0051524502882082648
0.004646566921547364
0.0046930662926003416
0.005285169117208075
0.0063316188928193929
0.0076720837004750769
0.0091028913642605801
0.010406430490980865
0.011384847064179176
0.01153889996967671
0.011914811239289058
0.011454192429643803
0.011156544494741785
0.0093526650548621752
0.0079424069666120551
0.0065893162798786242
0.0054998942293930687
0.0048397547424242973
0.0047125701747674619
0.0051359595282324724
0.0060446118194119342
0.0072997769837126816
0.0087089868093894584
0.009580429671234127
0.011195764039948821
0.011819328064023889
0.0090829958695676071
0.0088130186761612526
0.0086262325431029213
0.0083856433399754453
0.0081267319832713479
0.007889115252737838
0.0077092774918454754
0.0076146672037526427
0.0076194284018198692
0.0077232072061379818
0.0079105995123492454
0.008152607490734428
0.0084135813622472598
0.0086529480927947308
0.0088343234735316859
0.008692044784639771
0.0089671614674805191
0.0093894302571327845
0.0087608347923700865
0.0085378669652181639
0.0082831518239917506
0.0080357330216530107
0.0078324801986640429
0.0077042423051975912
0.007672129096453293
0.0077382636038429127
0.0078933688596276221
0.008115135297787443
0.0083676397368298502
0.0086145861999992086
0.0083865206918124803
0.0089432270175226012
0.0060105522851121394
0.0062950344357041834
0.006994950542871606
0.0078885667518985986
0.00883875764776796
0.0097018521054347308
0.010347162309481029
0.010676322857106358
0.010638748998854678
0.01023967991327757
0.0095420438164272522
0.008650335458004756
0.0077019604740084955
0.0068394439079347601
0.0061942953285284196
0.0058650098080481406
0.0057362293003007207
0.0065460671301054065
0.006847096770112391
0.0076905431772377577
0.0086301838055392252
0.0095245902498252936
0.010680445426741058
0.010674397695830768
0.010721664412478685
0.010005023913814899
0.0098059807370569785
0.0089628738892732814
0.0080209158798495994
0.0071250329642714508
0.0061011560422642797
0.0059672345020745279
0.0033064349133953594
0.0040729726770756883
0.0055553480480391845
0.0074485414029457006
0.0094635587413890564
0.011295241455971657
0.012666062592297675
0.013368249864348659
0.013293946679091921
0.012453145640237679
0.010978023339416706
0.0090892740432745433
0.007075619079042951
0.0052410371950577196
0.0038653617939564872
0.0031594837248430079
0.0031148522679855257
0.004037901132660407
0.0051559624303188275
0.0069388053295848483
0.0089300700265710162
0.011347487127995754
0.012417545922412869
0.013282794968213841
0.01339405056734014
0.012733346699075295
0.011402176520929947
0.0092600100478044036
0.0077198346980171528
0.0058523285605634762
0.0041155693607226396
0.0033410064157913403
0.0013838348088731046
0.0024860992437948006
0.0045268297761064391
0.0071326253488065055
0.00990625333833485
0.012427748182943036
0.014315156350463397
0.015283442868219326
0.015183894115634852
0.014029692638912602
0.012001843726213499
0.0094036906443033738
0.0066307394639986885
0.0041018956438822552
0.0022031543992727105
0.0012264221345450544
0.0012308645783714531
0.0022479833397262214
0.003945465740776543
0.0063976885193162197
0.0096176083097597627
0.01189287173934067
0.013940336745962498
0.015136585869897459
0.015296704990618521
0.014394997942473927
0.012570257784623635
0.0097504991782224881
0.0075105543864209482
0.0048888070004916894
0.002648666832673141
0.0014659969820839296
0.00053990643150839948
0.0017788121651987456
0.0040673862251220235
0.0069893981864862864
0.010099713229227746
0.012927576963735352
0.015044707941838339
0.016132174751083486
0.01602254333539796
0.014730398594714202
0.012458383421505721
0.0095461040246806479
0.0064362418811025014
0.0035984944247266907
0.0014658636616129389
0.00036667862519029401
0.00037744729639661861
0.0014541118533464294
0.0034027687142485588
0.0061508436672680833
0.009717501400471595
0.012311948849897832
0.01459141043157082
0.01595583967147195
0.016140125570343018
0.015134315778272837
0.013093357536070466
0.010327232768488275
0.0070322664723967351
0.0044834434434525127
0.0020109167342847521
0.0006319404685221088
0.00081340633273801804
0.002226286445888381
0.0037465726373656473
0.0061445245686872563
0.0091065201114532996
0.011953159350200963
0.014253431635408964
0.015660937281791402
0.01595981405821182
0.015102475876516292
0.013223548407900848
0.010607620581439305
0.0076483082982407632
0.0044804997289710673
0.0016502420130616504
0.00068870976442401337
0.00076927102212906255
0.0019311431523570135
0.0040864960785859487
0.0068799117125156808
0.0098857768572428034
0.012649906497852441
0.014751974139792219
0.015877360552257993
0.015850907995543121
0.014675155993445045
0.012533640480257034
0.0097485964142902653
0.0067419764090007502
0.0039691517463116364
0.0018526872985078892
0.000730719296646881
0.0018528570400643369
0.0031401627679286401
0.0042848727822559583
0.0065330875312382582
0.0090887866027963907
0.011533271637788918
0.013496260529808296
0.014681885172158746
0.01490808205545687
0.014138491932479891
0.012493440239181402
0.010222862710454235
0.0076684944350522734
0.0050471573392309437
0.0025133632984219072
0.0017449287319856539
0.0018171464131589952
0.0028170213292501253
0.0046757540840145417
0.0070847622208633186
0.0096768258513718584
0.012060081645074038
0.013871966892541459
0.014840558411395911
0.014815311661718561
0.013798620364598295
0.011949632454889452
0.0095465273482280635
0.006954016569085837
0.00456450904393198
0.0027420888746457913
0.0017664003655126026
0.0038774914655110146
0.0049182595431950154
0.006246661481177391
0.0067380458578456077
0.0089636985943668049
0.010633928062425333
0.011960613674825225
0.012743643761718474
0.012862501991338246
0.012297400756828262
0.011136665324579785
0.0095573173146228027
0.0077968618439197912
0.0061334508133370283
0.0041992425606835436
0.003803063626243506
0.0038766264365565147
0.0045395313168206924
0.005819239664488946
0.0074772742715017481
0.0092607356405267627
0.010900122282249011
0.01214594192848167
0.012810583453643699
0.012790544880798317
0.012087804212237763
0.010813062575883301
0.0091577586845602906
0.0073740308880017686
0.0057312900417292086
0.0044797012197314275
0.0037596407083303821
0.0065747055918843455
0.0068779679010770398
0.0082184085985500237
0.0073345999626380021
0.0087501330216072024
0.0093915594767412982
0.0098792620760483878
0.010139332006959626
0.01013213451412311
0.0098575651476174742
0.0093582815609319896
0.0087112919264860991
0.0085195637899313902
0.0070435123733648183
0.0064476547982860507
0.0065448446260075351
0.0066293637316219628
0.0068327438461041612
0.0073403802851721182
0.0079963484825305142
0.0086999117033656308
0.0093454721320312944
0.0098349202979118172
0.010094237383366074
0.010082838049935485
0.0098018510185167874
0.0092961123422685941
0.0086412017814979977
0.0079374103174103729
0.0072899719050424075
0.0067976650524853898
0.0064030069873052056
0.0095332917657102705
0.0093372688295953465
0.0095099213589343971
0.0089137930749178616
0.0080581520875467917
0.007423272897263764
0.0075669655181868955
0.0072631278084521944
0.0071306438271493376
0.0071886489137607066
0.0074281330299052215
0.0083722398784284498
0.008334728414731039
0.0086107706318690972
0.0093840589845329628
0.0095527986815602747
0.0096561427646191279
0.0093475696904093322
0.0090077629651459292
0.0085628878458108484
0.0080795767618314258
0.0076321048661594244
0.0072890256619875041
0.0071030570577978111
0.0071021261517278016
0.0072864636907970948
0.0076282253817708985
0.008074454394289176
0.0085574949415792474
0.0090026558191644273
0.009342465857300291
0.009292704583348587
0.01230608171675155
0.011641874752393989
0.010472671418309092
0.0094773221652003619
0.0073401242894505407
0.0061392047493697526
0.0049179012521557118
0.0043554161592174049
0.0044063758274312317
0.0050642826859384638
0.0062262536502926792
0.0074567953355643814
0.0088620453450356084
0.010739713984947488
0.011820004573718733
0.012370630621199193
0.012498204431140518
0.011702869424761401
0.010569346217074024
0.0090924403866324537
0.0074953758938459914
0.0060213291136151257
0.0048955113098497916
0.0042909886046781365
0.0043008566139687895
0.0049237079611065444
0.0060633166921338182
0.0075444601080853551
0.0091413729146429742
0.010610581608471814
0.011729331586546701
0.011993026481440773
0.014471456208829375
0.013441220953535751
0.011631743155041601
0.0093176310925372555
0.0068495935395550952
0.0046037930755919269
0.0029226420709531978
0.0021649312465061485
0.0022197931812621367
0.0031167134948891177
0.0050300769373008486
0.0073530737580143769
0.0098201580554969324
0.012056802182323384
0.013724503722384988
0.014572384814434349
0.014473510078563828
0.013704494131627857
0.011787952364183698
0.0095043223751821431
0.0070362916809550121
0.0047588221778460055
0.0030196385980930896
0.0020869714233815065
0.002106045069491936
0.0030741164475768263
0.0048401992844130026
0.0071321057983929669
0.009600097805111972
0.011868912681311464
0.013595107642771173
0.014092888951010756
0.015705115447715128
0.014465218084201606
0.012290165839932744
0.0095101088264071335
0.0065466325948502109
0.0038500104711824252
0.0018312254302372865
0.00080137531558246078
0.00092253323342598038
0.0021778952392685052
0.004370127708333625
0.0071607303919380087
0.010123335808836143
0.012808578459354287
0.014809983343856865
0.01582618578836921
0.015705793791564237
0.014465402567189941
0.01229025051348495
0.0095102005536565996
0.0067420928734100811
0.004038343552848875
0.0019501732808055957
0.00083066697781314803
0.00085593502758936086
0.0020225991882647622
0.004146786745989014
0.0067732124252000052
0.010122126983322186
0.012807014012326168
0.014808804195665787
0.015825093242356026
0.015815168051121098
0.014554642488712681
0.012648282194905413
0.0097518674201626278
0.0067438126604062783
0.0039697495719257913
0.0018525665243220256
0.0007185008847229099
0.00074644059954499982
0.0019326587296152645
0.0040900883883985767
0.0068859456561639618
0.0098936106247007015
0.012656859067736344
0.014312367559702074
0.015937995962326798
0.015814662115317884
0.014554899236207336
0.012346487093895537
0.0095247323850454375
0.0065173726665856552
0.0037811444822927072
0.0017331189697808187
0.00068888885067490836
0.00081332161785022594
0.0020885487655721959
0.0043140073502489235
0.0071462373441079337
0.010152821545238231
0.012877766653503025
0.014908387536291092
0.015938769821722421
0.015094873802853829
0.013798538282302378
0.011950668101433472
0.0095484504155444513
0.0069552301570739794
0.0045649402153220917
0.0027422563095508196
0.0017681216465234098
0.00179462714663471
0.0028176423806495956
0.0046776465024079032
0.0070881092474071568
0.0096811517652600695
0.012062728200046445
0.013872436096574471
0.014334246749059278
0.014782829336644057
0.013695785732572248
0.011790932640059329
0.0093575089326217841
0.0067641569909725752
0.0044059309292342206
0.0026422661409907875
0.0017448152668189695
0.0018535809609737961
0.0029529438285234013
0.0048712325759645726
0.0073134907822608531
0.0099056880411162538
0.012254753834162357
0.014004706208869629
0.01489217941789614
0.013050546832783887
0.012086606337444291
0.010812979510297948
0.009158892672373983
0.0073745575269715561
0.0057316086149753198
0.0044807726394603059
0.0038144154937182757
0.0038352159340317238
0.004539943017129084
0.0058198018192925308
0.0074783966520028068
0.0092622384651534859
0.010900361595130165
0.012144172605312399
0.012353985441352291
0.012771935458812307
0.012022697973064246
0.010710686403161732
0.0095354824428107183
0.007201741278288318
0.0055946817651853038
0.0038105328447687165
0.0041552209935928628
0.0037599897475639136
0.0051491592252516129
0.0060460383508761841
0.0077344534411470387
0.0089904145474077393
0.011036225287905928
0.012239329779734694
0.012848952602930898
0.010307349036330578
0.0097997963417324665
0.0092948792564747397
0.0086411924508738337
0.0079371065848086748
0.0072905011342050755
0.0068000889381216994
0.0065413356408682895
0.0065532486759781938
0.0068340647461229342
0.0073410188754568012
0.0079961698403719032
0.0086999298045147399
0.0093444299827343241
0.0098320061770852587
0.0097186084038911429
0.010083104350848627
0.009786666100534084
0.0098006813942884668
0.0085990645430087768
0.0075163787452241036
0.007370693297448697
0.0068820290869221505
0.0066210245953723405
0.0066295280810283524
0.0069043566844064546
0.0074052205019070364
0.0080529209467061179
0.0088155544832898662
0.0089496329419048882
0.009878421802166918
0.010116628911551863
0.0072809258434331633
0.0072850858496613076
0.007627616387876875
0.0080747716141393797
0.0085575086967904588
0.0090039327274038811
0.0093460946994091323
0.009532649825176839
0.0095340514914272322
0.0093496094456953401
0.0090089552982431723
0.0085629200034530971
0.0080798465804657674
0.0076318354973753649
0.0072873858745084608
0.0068285998010552979
0.007124723046324318
0.0073274736686520271
0.0081359730039773318
0.0077418784219831071
0.0082837462940474685
0.0087693293537824454
0.0091954336873479193
0.0094978692277231328
0.0096307679917186934
0.009572372477077323
0.0093327764968030476
0.008949941946610921
0.0086651254772358247
0.0073615264798448923
0.0069226116737203299
0.0071088779464940858
0.0044294849782086079
0.0049232233543545162
0.0060629790895956343
0.00754392131799414
0.0091400681562798774
0.010610549284295763
0.011731489840057764
0.012334412146966078
0.01232521573780348
0.011704379669150554
0.010569605655780223
0.0090913996907000198
0.0074948630817104969
0.0060212780067886024
0.0048951452657069027
0.0041207815459705401
0.0043440586233211096
0.0053164543622752549
0.0064731007835732461
0.0068855930023233947
0.0085686998594834557
0.010107125559423677
0.011381583252588447
0.012200169308660719
0.01243721507830883
0.012054988409398894
0.011114209971328396
0.0097589498745001193
0.0081920673197204297
0.0063099776081297103
0.0046022275886563766
0.0042815743479917264
0.0021873348648236181
0.0030738989516886769
0.0048390269721806231
0.0071295202306315801
0.0095962860762484267
0.01186659904208707
0.013594993385790203
0.014522292302744457
0.014504236009321683
0.013542248568941425
0.011786765587955453
0.0095020160650193114
0.0070346308254205904
0.0047582175241354056
0.003019697664353364
0.0020076417191537068
0.0021646316914749157
0.0034060921125370091
0.0046066204797575701
0.0063973800071336568
0.0088249157239739511
0.011181472579675082
0.01310954655268548
0.01431879804045119
0.014623748681492348
0.013976171101416728
0.012478021977577299
0.01035726560496337
0.0079326473018008024
0.005165328411788574
0.0027831379578149638
0.0020653416427006107
0.00089954475632950635
0.0020215016911825762
0.0041439395586108999
0.0068956952300595021
0.0098575469601152096
0.012581983652386892
0.014654716535464194
0.015765577231725725
0.015741635395819169
0.014585085269870656
0.012476410470538817
0.0097329402121536252
0.0067702764122409666
0.0040371629813992019
0.0019501103239122121
0.00081536532605209914
0.00092275416084976701
0.0023195779594525228
0.0038595342523053276
0.0060968573106181343
0.0090138986572828508
0.01182970319767206
0.014117670323567633
0.015533444454440215
0.015859931852376111
0.01504544267428928
0.013218040101811714
0.010654785886695658
0.0077411389369362168
0.0045220778999013195
0.001745101105655498
0.00080148116334093035
0.00076927103003375757
0.0019311431400745136
0.0040864961628352256
0.0068799116939846795
0.009885776814519175
0.012649906450393968
0.014751974106094645
0.015877360555692284
0.01585090797680341
0.014675155787179527
0.012533640467431445
0.0097485964096710991
0.0067419764200796501
0.003969151765746466
0.0018526873053717706
0.0007307192958373003
0.00081340632212084673
0.0022262864437349529
0.0037465726394968215
0.0061445245306211253
0.0091065200998152879
0.011953159369094128
0.014253431635748839
0.015660937288448511
0.015959814226200204
0.015102475862321977
0.013223548391276305
0.010607620548005422
0.0076483082865974189
0.0044804997189164218
0.0016502420377451923
0.00068870976663694015
0.0018171464155627413
0.0028170213186153141
0.0046757540686550008
0.0070847622221648357
0.0096768257974875569
0.012060081630970618
0.013871966886043996
0.014840558408899291
0.014815311586696347
0.013798620368875572
0.011949632451771509
0.0095465273633966834
0.006954016594610481
0.004564509084426821
0.0027420888967185429
0.0017664003852692967
0.0018528570472456137
0.0031401627880370659
0.0042848727492425728
0.0063202423576556579
0.0095443046795329351
0.011533271674107908
0.013496260536945965
0.014681885140322863
0.014908082032868192
0.01413849199556283
0.012493440213338621
0.010222862682631581
0.0076684944314691977
0.0050471573189094388
0.0025133633169950971
0.0017449287202732373
0.0038766263530307988
0.0045395313067894769
0.0058192396547315705
0.0074772742670899985
0.0092607356293637408
0.010900122347776646
0.012145941926055032
0.012810583429932422
0.012790544905883652
0.01208780423665104
0.01081306257250607
0.009157758684037922
0.0073740308606572835
0.0057312900762232187
0.0044797012574624732
0.0037596407722965365
0.0038774915141591084
0.0049182595723384374
0.006246661481932452
0.0067380458290629899
0.0089636986053290707
0.010633928086498995
0.011960613661322604
0.012743643759735763
0.012862501963697778
0.01229782825406019
0.011136665302967148
0.0095573172997461559
0.0077968618098574376
0.0061334507682756622
0.0041992425678176199
0.0038030636333317531
0.0066293637358210544
0.0068327437881079795
0.0073403802766513248
0.0079963484607001034
0.0086999117101618246
0.0093454722077753166
0.009834920338567546
0.010094237226866438
0.010082838056015444
0.0098018510457910241
0.0092961123373926108
0.0086412017459532205
0.0079374102571588261
0.0072899718581298052
0.0067976651602680242
0.006402696722468992
0.0065747057300169862
0.006877967937433358
0.0082184086104176643
0.0073345999982893477
0.0087501329276019179
0.0093915594652276228
0.0098792620419281933
0.010139331972844931
0.010132134489373234
0.0098575651378287939
0.0093582815415982224
0.0087112919165570606
0.0085195638287324221
0.0070435123627754954
0.0064476547982362312
0.0065448446428388943
0.0096561426910025967
0.0093475696523157327
0.009008749688852128
0.0085628878333915658
0.0080795767794455808
0.007632104905030703
0.007289025636014303
0.0071030569808019596
0.0071021261253325545
0.0072864637215238259
0.0076282254444478325
0.0080744544322206655
0.0085574949254390246
0.0090026558214851681
0.0093424659648998366
0.0092927048090885762
0.0095332918877615701
0.0093372688788733067
0.009509921349425755
0.0089137930399918793
0.0080581520660072334
0.0074232728773476328
0.0075669654900860379
0.0072631277764386454
0.0071306438058887046
0.0071886489076508639
0.0074281330192773097
0.0083722398729161422
0.0083347284021016224
0.0086107706723633545
0.0093840589921718939
0.0095527987040346651
0.012498204434516125
0.011702869418793671
0.010569346197117429
0.0090926238703341981
0.0074953759050658169
0.0060213291240601092
0.004895511311907374
0.0042909885611358816
0.0043008566033064253
0.0049237079913664892
0.0060633167178041026
0.0075444601655834517
0.0091413728989026399
0.010610581546384511
0.011729331486324556
0.011993026436396702
0.012306081709186293
0.011641874806569556
0.010472671416628757
0.0094773221136608236
0.007340124257279544
0.0061392047290431163
0.0049179012498967445
0.0043554161455667071
0.0044063758110074857
0.0050642826805472789
0.0062262536483353031
0.0074567953321836387
0.0088620453247605906
0.010739713873582487
0.011820004577000044
0.012370630636483826
0.014473510062246411
0.013704494146826653
0.011787952352191667
0.0095043223704150206
0.0070362916082775595
0.0047588221824092199
0.003019638592711853
0.0020869714131137623
0.0021060450672860651
0.0030741164530846696
0.0048401992885214254
0.0071321058051585324
0.009600097793061653
0.011868912757392268
0.013595107579371647
0.014092888833953408
0.014471456230654942
0.013441220968493513
0.011631743117976297
0.0093176310354801638
0.0068495934976940216
0.0046037930630572705
0.0029226420760623513
0.0021649312520132299
0.0022197931787871898
0.0031167134971761129
0.0050300769376884491
0.0073530737588613495
0.0098201579633653818
0.012056802173960631
0.013724503709923948
0.014572384808682363
0.015705793719711966
0.014465402680266741
0.012290250495452031
0.0095102005216875524
0.0067420928858823448
0.0040383435563219059
0.0019501732788682479
0.00083066697606994783
0.00085593502387606654
0.0020225991872723829
0.0041467867542906963
0.006773212449873665
0.010122126918494241
0.012807013973553045
0.014808804122633206
0.015825093234982497
0.015705115412884139
0.014465218045432472
0.012290165788455655
0.0095101088141058589
0.0065466325729728438
0.0038500104774752066
0.0018312254322683087
0.00080137531643043015
0.00092253322846988625
0.002177895240212759
0.0043701277123467707
0.0071607303895651923
0.010123335811767669
0.012808578479338584
0.0148099833824425
0.015826185780042249
0.015814662088813543
0.014554899368605764
0.012346487076594513
0.0095247323686797804
0.0065173726838180174
0.0037811444874614585
0.0017331189705995906
0.00068888885120432352
0.00081332161555014491
0.0020885487625779604
0.0043140073829806428
0.0071462373354291928
0.010152821596429233
0.012877766703379298
0.014908387551299772
0.015938769731788194
0.01581516800460921
0.014554642460462942
0.012648282183563677
0.0097518674108897623
0.006743812666514754
0.0039697495800867797
0.001852566527891853
0.00071850088461022736
0.00074644059136469985
0.0019326587284683213
0.0040900884432772903
0.0068859456557182471
0.0098936106163023049
0.012656859066871267
0.014312367639170454
0.015937995935044903
0.014782829470384271
0.013695785527848069
0.011790932746433539
0.0093575089862094514
0.006764157014130026
0.0044059309358641897
0.0026422661474085323
0.0017448152680753293
0.0018535809602112086
0.0029529438223323289
0.0048712326232433871
0.00731349077065673
0.009905688062031525
0.012254753794048568
0.014004706145406642
0.014892179362707985
0.015094873755996977
0.013798538261655606
0.011950816330285823
0.0095484503855271605
0.0069552301589628955
0.0045649402152149431
0.0027422562993803536
0.0017681216406609623
0.0017946271412440644
0.0028176423802151311
0.0046776464813076193
0.0070881092438138784
0.0096811517611778558
0.012062728196122441
0.013872436095174601
0.01433424675529698
0.012771935457916101
0.012022697870396705
0.010710686508708584
0.0095354824164099565
0.0072017412429006078
0.005594681764287868
0.0038105328511437524
0.0041552209914644013
0.0037599897467422531
0.00514915921990808
0.0060460384228000598
0.0077344534750504552
0.0089904145523182644
0.011036225249677662
0.012239329729327167
0.012848952564255332
0.013050546790132031
0.012086606261972914
0.010812979471305492
0.0091588926557442316
0.0073745575009796782
0.0057316085812118079
0.0044807726195718644
0.0038144154918052465
0.0038352159479128189
0.0045399430229606927
0.0058198018325326699
0.0074781834229917989
0.0092622384469780057
0.010900361579748597
0.012144172591305048
0.012353985514035631
0.01008310426541997
0.0097866663654798836
0.0098006813709808835
0.0085990645560466688
0.0075163787405159062
0.0073706933010646231
0.0068820291029325241
0.0066210245878312148
0.0066295280486543635
0.006904356734023195
0.007403716593909101
0.0080529209534638789
0.0088155544810102904
0.0089496329456339972
0.0098784217701231112
0.010116628878859316
0.010307348965506677
0.0097997962744531715
0.0092948791773709225
0.0086411924263772952
0.0079371065367489189
0.0072905010673238492
0.0068000889043213558
0.0065413356386861323
0.0065532486973218498
0.0068340647544107057
0.0073410189041416682
0.0079961698493398181
0.0086999297969108935
0.0093444299415762211
0.009832006095350683
0.0097186083066659584
0.0071247229391117684
0.0073274735324514745
0.0081359730388589468
0.0077418784167697253
0.0082837462908071733
0.0087693293537374709
0.0091954336936601599
0.0094978692174450211
0.009630767967598217
0.0095723724671607727
0.0093327764803571613
0.0089499419929385381
0.0086651255174872068
0.0073615264942895105
0.0069226116525186471
0.0071088779325101147
0.0072809257840811053
0.0072850857815207372
0.0076276163029130742
0.0080747715625158027
0.0085575086471270691
0.0090039326960367934
0.0093460946703554353
0.0095326497995488878
0.0095340515079099433
0.0093496094439716997
0.0090089552932017918
0.0085629199976428767
0.0080798465731485389
0.0076318354579066145
0.0072873857700324106
0.0068285996599837997
0.0043440584781800759
0.0053164543710977124
0.0064731007989849831
0.0068855930046069326
0.0085686998635705579
0.010107125566179129
0.011381583256322691
0.012200169294535608
0.012437214973212629
0.012054988413090349
0.01111420998134279
0.0097589498934626453
0.0081920673403371082
0.0063099776314889744
0.0046022275801001055
0.0042815743263396764
0.0044294849285269645
0.0049232233021613333
0.0060629790363567922
0.0075439212754135178
0.0091400681320682724
0.010610549318178241
0.011731489899734689
0.012334412138476504
0.012325215741158479
0.011704379663595702
0.010569605643598646
0.0090913997021417805
0.0074948630780729761
0.006021278007144526
0.0048951452327918804
0.0041207814791174146
0.0021646316434926482
0.0034060921017279558
0.0046066204809878265
0.0063973799893301125
0.008824915706449412
0.011181472596254289
0.013109546562994607
0.014318798031297679
0.014623748668520885
0.013976171094487452
0.01247802199432899
0.010357265635002172
0.0079326472575948388
0.0051653284528936499
0.0027831379475137022
0.0020653416408893855
0.0021873348348063894
0.0030738989599748585
0.0048390269884839628
0.0071295202320821914
0.0095962861813889844
0.011866599074269991
0.013594993405327962
0.014522292313506371
0.014504236002470479
0.013542248566808754
0.011786765586686372
0.0095020160601954565
0.0070346307998422671
0.0047582175130565412
0.0030196976456233395
0.0020076416873656836
0.00092275415340020315
0.0023195779650670087
0.0038595342585854924
0.0060968573040222932
0.0090138986704680381
0.011829703208265928
0.014117670331765095
0.015533444445962793
0.015859931853280187
0.015045442853539485
0.0132180401262686
0.010654785920816074
0.007741138931258257
0.0045220779012531982
0.0017451011057729845
0.00080148115491998845
0.00089954474838552061
0.0020215017059160879
0.0041439395811876814
0.0068956951337981725
0.0098575470041295625
0.012581983694363965
0.014654716601639726
0.015765577328204803
0.01574163531768423
0.014585085393055327
0.012476410475481616
0.0097329401652811315
0.0067702763932809976
0.0040371629566171279
0.0019501103231403434
0.00081536531985288525
0.0030246064986548605
0.0040564180891942683
0.0056432160536109208
0.0074442745472003118
0.0095573456428480179
0.011657811955513589
0.013427410474572793
0.014597250685145721
0.014986661251826862
0.014535859015930177
0.013315142092328572
0.011512402719081674
0.0094000999262829794
0.0073004956210920742
0.005712037128416109
0.0040873009710546216
0.003489288910783441
0.0038461120466533171
0.0054652675466873007
0.0076148624861270917
0.0099639175734796675
0.012158115960074817
0.013861275537002808
0.014819089296124284
0.014881793835120477
0.014038888471120895
0.01242424783712312
0.010280886884454615
0.0079339598554728809
0.0057390800354448351
0.0040306460544970732
0.0030696572844661433
0.0036233299042298288
0.0040599709262675492
0.0061353210477671618
0.0079054147881559428
0.0099159260686503149
0.011859378736471853
0.013441969309419413
0.014423943574008226
0.014652423828639549
0.014092938000504237
0.012830866630301072
0.011059923118326032
0.0090477693885565279
0.0071012143804686937
0.0060825911136759099
0.0043054628141267976
0.0037700045321710936
0.0041627553966485081
0.0056909133246999984
0.0077145049276550696
0.0099222397485375542
0.011980940910132029
0.013576725530933241
0.014469600558657933
0.014522327078660366
0.013723918387115935
0.012202923393667462
0.010186595058160639
0.0079815868795973001
0.0059203657954246943
0.0043168763256773192
0.003416939775293198
0.0048816828365067771
0.0048625729919884817
0.0071389525134277773
0.0086077334609854245
0.01020903836146589
0.01169887625930623
0.012852321050384807
0.013495520843570826
0.013526958996885233
0.012943427518063289
0.011832059714528963
0.010364017329178195
0.0087602710207553419
0.0072655026243588052
0.0070667639970688262
0.0052295800198192098
0.0048960285385691582
0.0052099382240920269
0.0064135873689141259
0.0080016879714993588
0.0097304972170219519
0.011339192265981608
0.012584202321341911
0.013276410633855108
0.013311837556774061
0.012680387232329601
0.011485566537278143
0.0099038368856704251
0.008176880186100955
0.0065634933810059968
0.00530945115326304
0.0046077546047461988
0.0067887276511501881
0.0062556545513561441
0.0084997641062958852
0.009443868589610235
0.010392969077270463
0.011203116689117599
0.011751796355704449
0.011957069529322273
0.011784829467174057
0.011265010189958709
0.010472431721737044
0.0095306996024973802
0.0085799641906651805
0.0077656918569859994
0.0085118459379758798
0.0067159957825488129
0.0066923603650544472
0.0068244588987436787
0.0075193071612127717
0.0084299497134205214
0.0094166701450664678
0.010331213903387268
0.01103655204134932
0.011424051545131833
0.011437545648492586
0.011070335544939485
0.010383488356251407
0.009476819120334351
0.008490331781023085
0.0075704452703103829
0.0068573527245176054
0.0064610058164485595
0.010418556062294053
0.0093297301348630613
0.0081601505291707434
0.010285984069314368
0.010440228616699472
0.010448264285430504
0.010309239204436216
0.010044536451905152
0.0096944125740440514
0.0093165506641376943
0.0089633275427241695
0.0086900865444164421
0.0085364142680345867
0.0085263226546023457
0.0051591704955133875
0.0044312125537484173
0.0045551646706063591
0.0047134646524007381
0.0067528686650729771
0.0089350849195703602
0.009030394297805
0.0091129951440598999
0.0091718828475805068
0.0091967651528997666
0.0091860846373041684
0.0091382271774860333
0.0090633913747861297
0.0089695011621742735
0.0088731758397480997
0.0087864784591282809
0.0087222320268505772
0.010200624080785967
0.01266388719787547
0.012601388260787395
0.0099245525578916648
0.0090666616566475039
0.010345267515906791
0.009550258328899856
0.0087445483920844391
0.0080504045010688068
0.0075745866818254714
0.0073960819088760878
0.0075356250736206354
0.0079729159646383697
0.0086389082386082571
0.0070833414377205117
0.0082417601639157966
0.0072630356580560725
0.0076091710387815705
0.0077043349529359526
0.0077064535691625941
0.007447627030505952
0.0086329585967787146
0.0078711716261618599
0.0072742854472414627
0.0069323753020601869
0.006898472568922699
0.0071767976938298195
0.0077256969885011731
0.0084595260467830273
0.0092683582832843621
0.011139971576116056
0.011868853802949202
0.012998186354862549
0.014474076427477113
0.013582792820321746
0.011466498442216049
0.0093686757921800819
0.0079255669912452233
0.0067186465960479775
0.0062681980670025381
0.0062783876234566594
0.0057488467007519879
0.0066231097169157241
0.0081141834519324208
0.0095771763355991159
0.0078297932348091251
0.010565303711855977
0.010237481368010946
0.010543319474741311
0.010553370796318681
0.010247363563833538
0.0099874140624405267
0.0090790440515339625
0.0082842734491911929
0.0067936561759632669
0.0056307070822389721
0.0049728622885373214
0.0049204366548886514
0.0054824563388070928
0.0065730555205518312
0.0080242009944282173
0.0096158042829382444
0.011875171326395328
0.013345933689995433
0.014273363260675838
0.014631116104776035
0.013439421172450845
0.011464637550549994
0.0091862524498264684
0.0071155612933350198
0.0053937187238043806
0.0042783627860244937
0.0040234199393730397
0.004579130487364207
0.0058684752974062972
0.0076891840521508019
0.0092312206972899706
0.011222007043614471
0.012426941552817266
0.013189559093466457
0.013393258652471995
0.01336253600355247
0.012643349302228131
0.011602163194966167
0.010212136754684301
0.0080389693828927071
0.0060451606337524975
0.0044915759976959556
0.0036158419456610441
0.0035532494260607935
0.004314459785356722
0.0057818845422090495
0.0077299347785909581
0.0098623400636838401
0.01214791082403088
0.013862380117635409
0.014364267258256675
0.014405557009072143
0.013505300845549942
0.012375999450807189
0.010276477986387283
0.0079290957930869526
0.0057363133947311027
0.0040293938352206791
0.0030695424408886431
0.0030063149207454291
0.0038517627024894836
0.0054743219132250961
0.007623242492347697
0.010341781078019851
0.012596825379695078
0.014348527707476058
0.014873052510162544
0.015206812877902149
0.013894115728489975
0.01190879665908991
0.0095583190596277359
0.0069263392888314502
0.0049784052414596543
0.0036652371129855419
0.0031879604526805099
0.0036224854821152691
0.004906956290558641
0.0068404796673014476
0.00912790564757536
0.011416749847333742
0.013145967463621693
0.014072894484923024
0.014409535759718655
0.013109840398754987
0.012630949953433265
0.011811236662645264
0.010181586174597598
0.0079762337144911565
0.0059177518184086531
0.0043172546240649416
0.0034208187117770387
0.0033673325138500834
0.0041674003037072095
0.0056962557865618615
0.0077179013953164706
0.011107204661520577
0.013350213787468604
0.015458965142299351
0.016133505979623566
0.01653353189439101
0.015770526943081623
0.012396916360616681
0.009541242430294512
0.0087936426907883267
0.0071199505979263221
0.0055321118276472053
0.0045438704374156603
0.0043112104058513233
0.0048753428691020667
0.0061404648084023789
0.0079161892099771508
0.011065498940251118
0.012541058633340596
0.012557311092941569
0.01302817402241321
0.011911076612280538
0.011974808621866279
0.011485575923809044
0.0099021743760360579
0.0081733050548841481
0.0065616682884495547
0.0053116479791911024
0.0046156888686607854
0.0045807353349690159
0.005213326439159496
0.0064149803039074216
0.0080005113014670406
0.010869414941985889
0.013480807479630322
0.015626274817290439
0.016805498533791183
0.016207908280906506
0.016052342739964271
0.013439130035677432
0.011285566340281402
0.0087653911363655499
0.0072693157879600689
0.0061084713579885892
0.0054604359126988241
0.0054276263561636347
0.0060176933768421237
0.0071345331167270995
0.0086099514704964467
0.010215351033367306
0.012181039590468149
0.011875415602158653
0.011301501995842365
0.01191715850051895
0.011075464182066739
0.010385302307941713
0.0094769751567627143
0.0084875589414916026
0.0075683899385055424
0.0068592025038651649
0.0064690509666606583
0.0064577415735017803
0.0068267040509862945
0.0075191291789571749
0.0084280001681613075
0.010902787079674943
0.013021347124052457
0.014803911266867585
0.015853500269699648
0.016068746724370937
0.015126980995503672
0.012408012694342887
0.011544027483064738
0.0085805104439361912
0.0077624903698897347
0.007205623092038661
0.0069950109605576094
0.0071651764196718421
0.0076911892296688475
0.0084880905565914849
0.0094386554615219671
0.010394259193672144
0.011211287788499547
0.011600791944558765
0.011319523191481443
0.0097296017641031723
0.0091434158011901318
0.0090671270408502341
0.0089726389786402433
0.0088732668952285331
0.0087860213706007582
0.008724521018340552
0.0086983349107028086
0.0087117549292500939
0.0087609562393472454
0.0088399438628942797
0.0089347822387713955
0.0090329439189548218
0.0091182978920995063
0.011021090690253196
0.012852515814205231
0.012769226243445134
0.0094647614871485233
0.0089780818626200038
0.0086953017507473106
0.0085353265608724537
0.0085212478986844246
0.0086531617077495269
0.0089113107569387222
0.0092564530533069869
0.0096378115841844175
0.0099942124170755015
0.010275767314074374
0.010436567465714336
0.01045263820528316
0.010011812057856161
0.0092612640744201315
0.0074750620203822681
0.0071791958983285714
0.0077283248360755855
0.0084626874685174835
0.0092693304394898309
0.010028058316959557
0.010623199686712314
0.01096500553327511
0.011000751319378001
0.010722460752283954
0.010176581984885205
0.0094435932830513863
0.0086364850693911258
0.0078764258437929256
0.0072793885280139723
0.0069359987508798189
0.0069410248714392806
0.0075860318546198038
0.0075452438788810748
0.007974085273993143
0.0086357806964936345
0.0094277138549919027
0.010227959370628722
0.010914833825725154
0.011382481425040676
0.011560811267367173
0.011422307509441346
0.010991916082319336
0.010333039465136822
0.00954560109738542
0.0083463743285014883
0.007441243467760446
0.0054964959770381046
0.0054815199975499487
0.0065720421362658607
0.0080240235749659931
0.0096143890357515294
0.011104272305740036
0.012265455270018648
0.012923832346739109
0.012976702806302184
0.012414231126955558
0.011329235409757573
0.0098780356001617314
0.0082880458538198577
0.0067974023157050967
0.0056335629149488111
0.0049735976186429639
0.0049998512909729372
0.0058803395338462442
0.0064067151979273797
0.0074820834176416284
0.008865244081410836
0.010342494407312778
0.011688886714299523
0.012699238091224944
0.013217941138752194
0.013166678607812621
0.012554462615410919
0.011477415784050727
0.010098632387309233
0.0086267614650023163
0.0069395589667570288
0.0057862396385525349
0.0040963128847538843
0.0043100026763798855
0.005775476715242046
0.0077239872673007855
0.0098560022893656105
0.011850186711881785
0.013400579456641285
0.014275911785811366
0.014338603136310912
0.013578523262146345
0.012116306088532374
0.010172337274263627
0.0080415403385929191
0.0060471114244277958
0.0044931336708004836
0.0036163740816383297
0.00368855471375265
0.0046108136192217685
0.0057386394008843156
0.0072959143721464392
0.0091887174571072729
0.011125455786349414
0.012811728474077997
0.01399141861971581
0.014482477646197436
0.014209964518779688
0.013217582539869637
0.011658583537222034
0.0097693234454989675
0.0078367698438904353
0.0060134953324610853
0.0046079372592546372
0.0034892889674217218
0.0038461120224575185
0.0054652674853106009
0.0076148624369836221
0.00996391750231433
0.012158115840954701
0.013861275537084461
0.014819089297672164
0.014881793856363401
0.014038888462478446
0.012424247837902646
0.010280886884378641
0.0079339598682437382
0.0057390800495473373
0.0040306460543248638
0.0030696573031146258
0.0030246064574723855
0.0040564181027393058
0.005643215996883443
0.0074442745409669915
0.0095573456136909714
0.011657811934700368
0.013427410456920318
0.01459725080807139
0.014986661233998801
0.014535859012185487
0.013315142067098553
0.011512402640183009
0.00940010001505533
0.007300495553064416
0.0057120371883538842
0.004087301024946921
0.0037700045337554547
0.0041627554024145797
0.0056909132999718205
0.0077145049178475832
0.0099222397257083591
0.011980940870506931
0.013576725507959289
0.014469600546524837
0.014522327081501559
0.013723918402118443
0.012202923357963216
0.010186595056992917
0.0079815869309136749
0.0059203658807162572
0.0043168763594804435
0.0034169397582818617
0.0036233298589826795
0.0040599709224784361
0.0061353211001448542
0.0079054148153538169
0.0099158538733329898
0.011859378718953198
0.013441969265510943
0.014423943272846899
0.014652423772835037
0.014092937947404117
0.012830866597343974
0.011059923068158714
0.0090477693445026423
0.0071012143700587725
0.0060825911513989091
0.0043054628423643783
0.0048960285241217852
0.005209938209339896
0.0064135873671802741
0.0080016879782164752
0.0097304972173681281
0.011339192258481201
0.012584202230000013
0.013276410614011646
0.013311837530339293
0.012680387246466526
0.011485566486144636
0.0099038368633120565
0.0081768801347158488
0.0065634933376955591
0.0053094509934426774
0.0046077544321822045
0.004881682621964715
0.0048625729246320444
0.0071389524570723995
0.0086077334364116995
0.01020903832493124
0.011698876228008153
0.012852320977701776
0.013495520759841966
0.013526958612956223
0.012943427368977264
0.011832059666527313
0.010364017531212768
0.0087602709479227964
0.0072655024732725219
0.0070667640401664731
0.0052295800700785907
0.0066923603519464768
0.0068244589089843767
0.0075193071377677306
0.0084299497183614458
0.009416670153374631
0.010331213908636413
0.011036551984294802
0.011424051486156874
0.011437545638240589
0.011070335609479632
0.010383488371523286
0.0094768191053823028
0.0084903317199838957
0.0075704453423138945
0.006857352924227721
0.0064610059548442719
0.0067887277807917494
0.006255654608376052
0.0084997642592362834
0.0094438686284794918
0.010392969009871907
0.011203116639613354
0.011751796120428116
0.011957069418373351
0.011784829355342924
0.011265010032174939
0.010472431532939169
0.0095306996529515731
0.008579964166793342
0.0077656916371698515
0.0085118459335159144
0.0067159958643439521
0.0045551646635557715
0.004713464633912692
0.0067528686770940271
0.0089350848972356966
0.0090303942787601094
0.0091129951403677838
0.0091718827867929217
0.0091967650597715341
0.0091860846554929175
0.0091382272011255525
0.0090633913692460093
0.0089695010922863777
0.0088731756981041375
0.0087864784033508322
0.0087222321774493485
0.010200624026416586
0.010418556018581247
0.0093297302575792475
0.0081601502974552285
0.010285984010951129
0.010440228787302936
0.01044826422646448
0.010309239048687911
0.010044536285929936
0.0096944124024650347
0.0093165506588932228
0.0089630161590638704
0.0086900866778952222
0.0085364143409682649
0.0085263226164329561
0.0051591502398530024
0.0044312126156991344
0.0076091709624254425
0.0077043349648789434
0.0077064535782211509
0.0074476270445077309
0.0086329585964332149
0.0078711716020716076
0.007274285411480964
0.006932375271240473
0.0068984725691385012
0.0071767977163605442
0.0077256970056949151
0.0084595260798567221
0.009268358238860892
0.01113997120357752
0.011868853489667482
0.012998186755673317
0.012663887373950558
0.012601388283443916
0.0099245525244028611
0.0090666616374512933
0.010345267530841338
0.0095502583976749041
0.0087445483506489261
0.0080504044319200489
0.007574586615569247
0.0073960819061083018
0.0075356250683985956
0.0079729159532862578
0.008638908174799103
0.0070833413949471244
0.0082417601767611724
0.0072630357259264085
0.010553370772720493
0.010247363559482659
0.0099874140663392882
0.0090790440437150729
0.0082842734530165357
0.0067936561636997165
0.0056307070721431426
0.0049728622825139356
0.0049204366594275961
0.0054824563361989456
0.0065730555456558672
0.0080242010337676431
0.0096158042975285317
0.011875171581845919
0.013345934072692829
0.014273363350171627
0.014474076403684073
0.013582792831576013
0.011466498468913875
0.009368675700484547
0.0079255668949203221
0.0067186465919925548
0.0062681980427564676
0.0062783876113887208
0.0057488466734957029
0.0066231097108000051
0.0081141834453110559
0.0095771763235652854
0.0078297932049219022
0.01056530366879708
0.010237481205087898
0.010543319361884095
0.013362535923248087
0.012643349226156942
0.011602163137959873
0.010212136764284027
0.0080389694014151754
0.0060451606376169262
0.0044915759385497685
0.0036158419397341554
0.0035532494233711858
0.0043144597881064773
0.005781884579125149
0.0077299348765625005
0.009862340097935662
0.012147911111622235
0.013862380887220353
0.014364267407230876
0.01463111626963998
0.013439421321384796
0.011464637644970434
0.0091862524197356202
0.0071155612734823065
0.005393718691843517
0.0042783627948698496
0.0040234199623211319
0.0045791304820233239
0.0058684752983007857
0.0076891840333772696
0.0092312208069213527
0.011222007098365596
0.012426941549627566
0.013189559105774599
0.013393258734430667
0.015206812851238146
0.013894116147192687
0.011908796715239344
0.0095583192850971672
0.0069263393164097804
0.004978405247978086
0.0036652371067885082
0.0031879604406123718
0.0036224854788253738
0.0049069562981214638
0.0068404797264128162
0.0091279056642048981
0.011416749992971074
0.013145967185318706
0.014072893847231907
0.014409535129827712
0.014405556967230639
0.013505300933394339
0.012375999558353286
0.01027647801190356
0.0079290958215611478
0.0057363133825059729
0.0040293937669190942
0.0030695424292602374
0.0030063149113254417
0.00385176269312227
0.0054743219060062005
0.0076237026424851428
0.010341781078593704
0.012596825404098977
0.014348527636702987
0.014873052556002551
0.01653353215160468
0.0146175059991045
0.012396916289376574
0.0095412425812834711
0.00879364263097486
0.0071199505857734756
0.0055321118028210364
0.0045438704223695276
0.0043112103831539749
0.0048753428773886786
0.0061404649342984069
0.007916189096437121
0.011065499045104194
0.0125410587159432
0.012557310978213146
0.013030315739430472
0.01310984042444995
0.012630949834662454
0.011811236467584977
0.010181586131237255
0.0079762337380328424
0.0059177517837378955
0.0043172546050372577
0.0034208186959740652
0.003367332510692198
0.0041674003162517972
0.0056962557835312459
0.007717901393724187
0.011107204676709068
0.013350213782367677
0.015458965132884289
0.016133505967504767
0.016207908296120323
0.015559578799359063
0.013439130023934646
0.011285566148577907
0.0087653911307066772
0.0072693158068472116
0.0061084713889049567
0.0054604358921651009
0.0054276263193763479
0.0060176933976620805
0.0071345332748432508
0.0086099513442810943
0.010215351191913106
0.012181039642976352
0.011875415738456428
0.011301502073407152
0.011911076630949948
0.011974808654253889
0.011485575851246684
0.0099021743080233322
0.008173304956508344
0.0065616682166243518
0.0053116479439405308
0.0046156888510067943
0.0045807353349206041
0.0052133264670261633
0.0064149803380077856
0.0080005113353244905
0.010869415039615873
0.013480807516293764
0.015626274801133828
0.016805498517231763
0.016068746710134585
0.015126980526545033
0.012408012525793556
0.011544027259383203
0.0085805104604844661
0.007762490386926388
0.007205623134287702
0.0069950110516605679
0.0071651763347851932
0.0076911891906677916
0.0084880907110371911
0.009438655489826921
0.010394259430220879
0.011211287898378785
0.011600792010779263
0.011319523164480195
0.011917158501313408
0.011075464122955046
0.010385302249216842
0.0094769750528497527
0.008487558799110036
0.0075683898443179845
0.006859202456954607
0.0064690509556159402
0.0064577415864210033
0.0068267040505443338
0.0075191292014282832
0.0084280001785142483
0.010902667899668412
0.013021347244445808
0.014803911316547069
0.015853500213132112
0.012769226016631356
0.0094647614325764351
0.0089780817608771882
0.0086953016724895475
0.0085353265442977937
0.0085212478854797373
0.0086531617190547631
0.0089113107389816471
0.0092564528953870007
0.0096378115267211524
0.0099942126351218706
0.010275767636522553
0.010436567542652382
0.010452638408921267
0.010011812187872296
0.0092612641053629735
0.0097296017236363393
0.0091434157403415522
0.0090671269742153403
0.0089726388582423103
0.008873266791533968
0.0087860213015102592
0.0087245209786498395
0.0086983348977434632
0.0087117549481031311
0.0087609562374315487
0.0088399438548385813
0.0089347822052956907
0.0090329438815003795
0.0091182978592026266
0.011021090693729339
0.012852515687523979
0.0069410248935704369
0.0075860318456023911
0.0075452438806382161
0.0079740852593874426
0.0086357806030510856
0.0094277137416910375
0.01022795894101455
0.01091483375949078
0.011382481369038595
0.011560811282318629
0.01142230759317233
0.010991916220460475
0.010333039635320035
0.0095456011827253408
0.0083463743472743449
0.0074412432994723776
0.0074750620343786373
0.0071791957986873812
0.0077283246615731643
0.0084626873309358933
0.0092693303929678277
0.010028058313727335
0.010623199735256893
0.010965005540198483
0.011000751384328895
0.010722460754087254
0.010176582012832011
0.0094435932678637816
0.0086364850326592236
0.0078764258234045054
0.0072793885472379272
0.0069359987476319898
0.0049998513076381099
0.0058803395298316205
0.0064067151911288622
0.0074820834004923073
0.0088652440726601032
0.010342494617788828
0.011688886718510367
0.012699238063087561
0.013217940909930781
0.013166678834480664
0.012554462562172625
0.01147741590512793
0.010098632476292486
0.008626761646210495
0.0069395590150713587
0.0057862394850096118
0.0054964959179539868
0.0054815200753194245
0.0065720421871301197
0.0080239758582379209
0.009614389066833897
0.011104272384393574
0.012265455280577068
0.012923832364701467
0.012976703004940419
0.012414231171728051
0.011326982507748726
0.0098780356010958695
0.0082880458407204732
0.0067974023355827284
0.0056335629421519215
0.0049735976246083101
0.0036885547126682067
0.0046108136180406153
0.0057386393979643327
0.0072959143690721718
0.0091887175280634444
0.011125455810458597
0.012811728489219572
0.013991418611293566
0.014482477647806719
0.014209964458042408
0.013217582566942346
0.01165858358878678
0.0097693235216383019
0.0078367699910708525
0.0060134953932449641
0.0046079370906151633
0.0040963126839176269
0.0043100027420470395
0.0057754768100940646
0.0077239872754804985
0.0098560024310974676
0.011850186842091203
0.013400579485723828
0.014275911709640595
0.014338603135204329
0.013578523268547003
0.012116306096098019
0.010172337267175017
0.0080415402760886812
0.0060472038430462545
0.0044931336296495259
0.0036163740638972528
0.0052970791303858502
0.0098778183338396018
0.0099610084669672916
0.010299733718769469
0.0087040615900908034
0.0088591984272042464
0.0103993845341376
0.012779489060423031
0.013015251896291125
0.014466668372881266
0.01476713859513829
0.016161588225827462
0.014773224305821222
0.011444544213229782
0.010835977224711215
0.012214232989192756
0.0086425765597117395
0.0075076473586325855
0.0081704638122530246
0.0091275040107227298
0.010228615436196343
0.01130945154747731
0.012199463496948434
0.012767833007760548
0.012923303852311809
0.012643129636058275
0.011973513585745834
0.011017653556738775
0.0099199449140643364
0.0088472834654097585
0.0079620587168886849
0.0073970568009322979
0.0046312144293407069
0.0096561131460121893
0.010135780891670299
0.010841297150399021
0.0093360975223125073
0.0093797061468672803
0.010774184439129914
0.012973326573831224
0.0138797243118698
0.014448942504155484
0.015974586140571036
0.016179989528658234
0.014295199618111034
0.010474201102494857
0.0098509872120658287
0.011592366129488196
0.0079926485094831082
0.0071226432762988463
0.0079307906951224076
0.0090678265404417566
0.010356300679753693
0.011602604033284484
0.012614767412306216
0.013241920137558531
0.013386867597089134
0.013025662953917884
0.012219116834631033
0.01108820701311369
0.0098043832302675913
0.0085602802810001259
0.0075452821571909186
0.0069139842153804658
0.0097021225290113734
0.0076150210609593292
0.010518297673284641
0.011481340612016553
0.010218093876489639
0.010309167784972347
0.011648942308395763
0.013052507012997672
0.014311926513402231
0.015235809209803589
0.015671591058910875
0.014190215459484961
0.01047877201355471
0.0096565280540651822
0.0051853214181310885
0.0055571038210572889
0.0039336405250521237
0.0033079355024298127
0.0080193585326531081
0.0091611387406379946
0.010437025495062861
0.011656324348054565
0.012635131046689101
0.01322510028091332
0.013338664081906487
0.01295338856453704
0.012134602601093119
0.011002540006046455
0.0097296871845784279
0.0085047514486760907
0.0098719458443280901
0.0094264285172364973
0.012334150088095875
0.01145385853722195
0.01293105438783524
0.012121244474004565
0.013094115056748002
0.011880129057537452
0.012594364627656276
0.013594790650073156
0.014370242888738899
0.014806169065617766
0.01426319542449926
0.013304285414735164
0.008010767597917922
0.0061593256491063817
0.0072805698408825829
0.0064761442394001278
0.0040184187517534322
0.0040811416261542863
0.0047102163361173186
0.0066846510041917344
0.010455546885292988
0.011464039198483173
0.012262919111695247
0.012728818110907052
0.012794717719898357
0.012445007011702324
0.011737711464017033
0.010776189489342315
0.011240393332810418
0.011523081521672463
0.012038991658554009
0.011938058936268469
0.01390960873616244
0.011593212259866535
0.012633371721678749
0.012939585344228068
0.013496806364219531
0.014021372834003365
0.014157369671864215
0.013885246741783128
0.013244247387410217
0.012338636282395982
0.011298679108099336
0.0099137451467736643
0.012740785895577684
0.0090565904212638916
0.0066414170081841375
0.0077700546298633067
0.0064251671445831483
0.0041814214198102988
0.0060668054100943194
0.0094226112379174748
0.0087818634198942227
0.011061835722519958
0.011562547597839512
0.011836325261985621
0.011844170092657562
0.011581273171946382
0.011091162057203119
0.011495897707049839
0.0116744404033222
0.012189967639096102
0.012727823346309296
0.012984929336859914
0.013557448960539209
0.012712055175370008
0.010765571918610555
0.012418609907793136
0.013140506220943289
0.013845990513107812
0.013730995697600385
0.013275030385820435
0.012542989317964735
0.011656028601712089
0.010740998203490384
0.012493758448736056
0.011633114156630724
0.010498789352634199
0.0090567278760277665
0.0075321174196885821
0.0074307802215941143
0.0077588140465494025
0.0087893706670776409
0.0090837001992293866
0.012322421492760962
0.010513033025079402
0.010640520791237711
0.01068150679854463
0.010630185626889055
0.010493031257409774
0.010293239303477532
0.010861565632346129
0.011313093030578621
0.012159233879396538
0.01281181263897131
0.01316974004515095
0.012907984705521828
0.013529042494822355
0.010828565593225406
0.010508663985305623
0.012624396319076209
0.013326650937428923
0.012982605036258319
0.012412776696955646
0.011698331132597413
0.010964339187720117
0.010309587024894014
0.013843274880534516
0.011885727504430574
0.01074311554876789
0.010172237090703754
0.009020576252418323
0.0091346286871857637
0.0094080481176320035
0.0099866494426289684
0.010733738562501307
0.011967994679669174
0.0083644157765486431
0.0096327509540671506
0.0094334800052264939
0.0093304662496059756
0.0093399617865368122
0.0094620604247414829
0.010637761368168035
0.011123640264055854
0.011948912000179524
0.012615670030062896
0.013017684282398885
0.012588730000736775
0.011904874883369828
0.011083303983379566
0.0098120257924004892
0.0093442810081336702
0.0098399500904651372
0.010090776900304925
0.010548798547275341
0.011136207225081305
0.011787436981379757
0.01014034024130195
0.012472369960906339
0.01350052265027458
0.012581050635180028
0.012147237478179725
0.011553897063542677
0.011271339547702399
0.011308186789071762
0.011347356855436945
0.011346402254720278
0.011468530419106381
0.010430838585791635
0.0086906474491258746
0.0082795956626816221
0.0081406560052856569
0.0082963444030316608
0.0087231638547555657
0.010238642384717018
0.010899009744153202
0.011576713559692316
0.0121552163149296
0.012409337337473896
0.011687054597237762
0.01172917683175072
0.011812834635462507
0.011515930577189748
0.011148016539371003
0.0088388203626155251
0.0079564128637193195
0.0073953567843538584
0.0072413645191988672
0.0075203372364655687
0.0091112646978210119
0.010091601584493287
0.011035041043722727
0.011912957826929414
0.012661740942812541
0.01275407318042295
0.013007937104382406
0.012069248569293168
0.011056644214319497
0.010166489428903695
0.0092342505352301339
0.0090370641520195107
0.0075761148031926757
0.010178520029639111
0.010253130626656497
0.012064047794665571
0.012140935184395997
0.014095562432997319
0.013453482139204064
0.013155276310579115
0.012844169147449005
0.012019623731175461
0.011016957497435174
0.011246010285914276
0.011329844569574565
0.011360714881637644
0.010695559284974336
0.0085538409458749912
0.0075444657302962065
0.0069190357421800002
0.0067736723756933338
0.0071338644513635327
0.0088109418463624481
0.0095528845066854204
0.011292831185538156
0.012827038175126313
0.014090715244928163
0.014886120483014489
0.014147829690821944
0.014020095123947692
0.012190867703000267
0.011035252892279338
0.0098185311788533455
0.0098342179182380716
0.0098908176509482203
0.0094938641246556689
0.0093964537907695669
0.0096313422093471154
0.010147315179832146
0.010126551947383114
0.010435451671578964
0.012083852693359206
0.012290077497157647
0.010882520123522905
0.010772966398561753
0.010462507094598747
0.01078525078990108
0.011140197984876357
0.0098871045486024559
0.0085012178566582532
0.0075196346855130299
0.0069267173250898741
0.0068136082662089877
0.0071998096459482417
0.009825743412747126
0.0092322429402549831
0.01264742448339751
0.013468011975056477
0.015053244518915574
0.016023001601659839
0.015681252426833388
0.015190836426919917
0.013103404110387504
0.016205536109956179
0.013338267040653266
0.011443623223971754
0.0091165536943208243
0.0089183547470132914
0.0091090268452851675
0.0096683485677376575
0.010500900694211104
0.0098603081678720478
0.0103840631557065
0.010050941962452171
0.01121402361253733
0.01037946035745603
0.010220924249183716
0.0097514993914853965
0.010265083113802444
0.009880349480716262
0.0097027946678374683
0.0086878297155607923
0.007884181055996772
0.007415042373539682
0.0073518310120450981
0.0077047633622097864
0.0084190579701444012
0.011048315318092595
0.012372410396678149
0.015167909077574317
0.015413403292040315
0.016410534269138986
0.015858703509836976
0.014707755822765504
0.018070378830978829
0.016063734748792514
0.013081801073591219
0.011741748544827478
0.0087212305239897231
0.0087544327789042236
0.0092015667631102135
0.0099985914637547666
0.011015804031071193
0.012104407331006416
0.010683885223216377
0.010167599920311177
0.010037746924724191
0.010848026304667994
0.010722838744547512
0.0096003209200029773
0.0095657827650136116
0.010450949356595388
0.0097429050422519047
0.0090871744560406878
0.0085833466693051412
0.0083085381544567918
0.0083043415187437093
0.008570174888289395
0.0090654782251819062
0.011520718386952924
0.013929726683211683
0.015270227118658409
0.016603653437947077
0.017566314872166755
0.018209907310627386
0.015992787637502198
0.018335924061898805
0.015813485941756317
0.013146089771290287
0.0089071105271803439
0.0091045096153094512
0.0097474502778696695
0.010045966779677505
0.010600201284165764
0.011484295192498087
0.012632691370606583
0.013485893680358126
0.011704939681757938
0.011581705032654318
0.012176479351835141
0.011976584529862546
0.01049601053860573
0.01029792965657176
0.010065255599188193
0.0098320949859450023
0.009637743518196332
0.0095112914710636359
0.0094731040261382491
0.0095280032170677268
0.0096654979676926572
0.0098664985916823919
0.010099633257237541
0.012409413101849535
0.014709143324588527
0.015648685969618832
0.01611411908436924
0.016544554893674616
0.015073005588153063
0.015901837596497628
0.012849163290239449
0.0093612032390595363
0.0091493296873847337
0.010035189890426901
0.010192959955196991
0.01063988909626472
0.011310767783346418
0.012092913002559142
0.013157645113167939
0.013565671702895701
0.013831347660690179
0.013739415601126445
0.013710652750934731
0.010797249731941202
0.0093344424081052355
0.0094569958674592964
0.0096754146676989051
0.0099533233194682037
0.010252320350234583
0.010524167784688582
0.010730349204001717
0.010836015825787556
0.010824566395443998
0.0107005498167207
0.010483106378864907
0.010205729648096849
0.0099101947925725169
0.0096406382242365755
0.0094354482462626395
0.0082803242284357828
0.010990236376376576
0.010303599783955755
0.0098166347325995308
0.0085269186940530924
0.0092945427101193221
0.0096908483732126415
0.010327849698328003
0.011266274627220215
0.012068783042932532
0.01358103382085088
0.014371482754016106
0.013565317392185418
0.013267021435914298
0.012943732440170944
0.013359927280174213
0.009627370075485293
0.0082846370789116785
0.0087073136735383826
0.0093419997214307729
0.010087926362214537
0.010835240401701619
0.011464697562144134
0.011884826278986014
0.012026343810569875
0.011869082148429752
0.011439602774173599
0.010804973986772191
0.010061075562160496
0.0093215957895165028
0.0086979316317235735
0.008282262389532535
0.0065779357165877562
0.010345273867950288
0.010020191880409387
0.0099407672383295727
0.0084205324919518348
0.0088285464005081957
0.010050764727052497
0.012010391780039166
0.012162894073498853
0.013464880222177822
0.013977393574595346
0.0155312257635647
0.014917218820428258
0.012425797188987566
0.012113256892491308
0.014767946206929448
0.0086425765343988176
0.0075076472564840017
0.0081704636689113059
0.0091275042234453835
0.010228615377081512
0.011309451484999926
0.01219946357166868
0.01276783301646665
0.012923303838540465
0.012643129626799712
0.011973513582122024
0.011017653550864911
0.0099199448890586843
0.0088472833929484091
0.0079620586786613972
0.0073970567589733459
0.0052970790890818518
0.0098778182170608814
0.0099610084224236034
0.010299733692667984
0.0087040615756802144
0.0088591983742924152
0.010399384562257214
0.01277948905013295
0.013015251808801977
0.014466668369767613
0.014767138466126477
0.016161587940158432
0.014773224296527568
0.011444543987996533
0.010835977010583517
0.012214233404347356
0.0079926484555234781
0.0071226432927935382
0.0079307906486286786
0.0090678321332400089
0.010356300675082157
0.011602604033124986
0.012614767428886984
0.013241920141918259
0.013386867601797026
0.013025662980233452
0.012219116841926876
0.011088207032894898
0.0098043832623471144
0.0085602803381707848
0.0075452821929497087
0.0069139842077171141
0.0046312144257178835
0.0096561129933290593
0.010135781020035433
0.010841297242661075
0.0093360975241269083
0.009379706080191787
0.010774184350195974
0.012973326456842333
0.013879724420474717
0.014448942135437858
0.015974586589366787
0.016179989256575759
0.014295199389418594
0.010474319022734845
0.009850987279867161
0.011592366473850009
0.0039336404404653027
0.0033079355526581204
0.0080193585454637981
0.0091602712322848938
0.010437025502984865
0.011656324351117761
0.012635131005239582
0.013225100268894041
0.013338664059764778
0.012953388555732233
0.012134602548521211
0.011002539953952816
0.0097296871531149121
0.008504751221862351
0.0098719454265453997
0.0094264274927974099
0.0097021214663999857
0.0076150209295588788
0.010518297568222819
0.011481340588090472
0.010218093848368946
0.010309167892253812
0.011648942391183355
0.013052506984317314
0.014311926418491756
0.015235808926765031
0.015690643623594229
0.014244228715569008
0.010478772005056557
0.0096565278099142084
0.0051853213377934847
0.0055571043334634853
0.0040184186397029687
0.0040811417177235654
0.004710216368834506
0.0066846510257361448
0.01045554689091336
0.011464039196925967
0.012262919068903868
0.012728818081053007
0.012794717668284434
0.012445007045750408
0.011737711447914249
0.010776189364165406
0.01124039307618924
0.011523081679106562
0.012038991888997028
0.011938059527404565
0.012334150190839024
0.011453859347342974
0.012931054566926756
0.012121244552563375
0.013094115025776943
0.011880129037229868
0.012594364303784748
0.013594790667484785
0.014370242934989595
0.014806168775868869
0.014263195121332969
0.013304285546063069
0.0080107676037213752
0.0061593255687809401
0.0072805699982602572
0.0064761448168892486
0.0064251671324320652
0.0041814214659661514
0.0060668054637512325
0.0094226112433489131
0.0087818634315537467
0.011061835709228748
0.011562547573179016
0.011836325223864399
0.011844170016341976
0.011581273193525976
0.011091162051044866
0.011495897681520187
0.011674440269902501
0.012189967944749641
0.012727824075164684
0.012984926953780396
0.013909609083796423
0.011593212732021211
0.012633371861326284
0.012939585454684094
0.013496806339946885
0.014021372806201467
0.014157369323601008
0.013885246578710254
0.013244247407236814
0.012338636331624818
0.011298678764212802
0.0099137450274313105
0.012740785530014896
0.0090565902530670359
0.0066414171164908666
0.0077700548609375844
0.0074307802230198618
0.0077588140998350683
0.0087893707230148402
0.009083700236922107
0.012322421468230225
0.010513033000947235
0.010640520717232647
0.010681506813106091
0.010630185640818985
0.010493031305875348
0.010293239384135523
0.010861565600385982
0.011313092720129137
0.012159233584678986
0.012811813434640749
0.013169742188970381
0.013557450233757802
0.012712054749202546
0.010765571788176359
0.012418609805762407
0.013140506247358638
0.013845990354957437
0.013730995371110706
0.013275030275433879
0.012542724658013975
0.011656028653576751
0.010740998169556513
0.012493758408909787
0.011633113995406105
0.010498789247785538
0.00905672804728473
0.0075321174419892313
0.0091346286741933302
0.0094080481399581636
0.0099866496521878578
0.010733238592582468
0.011967994728747737
0.0083644157785539974
0.0096327509922476771
0.0094334800422102068
0.0093304662835403569
0.0093399618200288061
0.0094620604949466093
0.010637714981932469
0.011123640442978771
0.011948912112250959
0.012615670402274196
0.013017685286174949
0.012907984925603458
0.013529042497835221
0.010828565697121392
0.010508663818693307
0.012624396171880395
0.013326650551851563
0.012982604942467906
0.012412776694653365
0.011698331072020424
0.010964339210434309
0.010309586990861099
0.01384327456946007
0.011885727370991655
0.010743115511361619
0.010172237148228978
0.0090205762621975716
0.011271339529420651
0.011308186769068066
0.011347356861390738
0.011346402301957799
0.011468530477471643
0.010430838591001367
0.0086906474693392525
0.0082795956624893228
0.0081406560265499788
0.0082963444415246612
0.0087231639428905997
0.010238642710813409
0.010899010191470843
0.01157671382408621
0.0121552164911939
0.012409337052907875
0.012588729955992018
0.011904875053289016
0.011083304138685432
0.0098120257980369302
0.0093442806752172987
0.0098399499511869735
0.010090777190526753
0.01054879859044114
0.011136207197634179
0.011787437008233093
0.010140340163649791
0.012472369984065782
0.013500522643038956
0.012581050626138606
0.012147237497103005
0.011553897046794718
0.013007937107350652
0.012069248557067638
0.011056644234493686
0.010166489226211406
0.0092342505311357841
0.0090370641221430952
0.0075767037118098079
0.010178520012222254
0.01025313071506654
0.012064047918800459
0.012140935271077784
0.014095562111383091
0.013453482677967797
0.013155276402008757
0.012844169053387504
0.012019623066104887
0.011687054975448958
0.011729176993790903
0.011812834708285782
0.011515930490755338
0.011148016398799376
0.0088388201649577166
0.0079564127852029369
0.0073953567749184667
0.0072413645354740645
0.0075203372367083918
0.0091112996292987049
0.010091601630573384
0.011035041101066113
0.011912957843221309
0.012661740941220941
0.012754072706629819
0.014147351215611765
0.014020095193484121
0.012190867681730824
0.011035252919848427
0.0098185311404672231
0.0098342179103080192
0.0098908176148941179
0.009493864177202006
0.0093964537662183188
0.0096313421006971635
0.010147315568342481
0.010126551752910952
0.010435451852711962
0.012083852868474871
0.012290077165300301
0.010882520294093373
0.01101695789593363
0.011246010223401371
0.011329844352546839
0.01136071489228916
0.010695559384000486
0.0085538408404049089
0.0075444656555286576
0.006919035685651464
0.0067736723795829039
0.0071338644906367441
0.0088109417807497072
0.0095528845233562674
0.011292831255138963
0.012827038259160961
0.014090715259291141
0.014886120474559606
0.015681252473125077
0.015190836328546372
0.013103404081264931
0.016205536125989548
0.013338267024612546
0.011443623237679151
0.0091165537020199642
0.0089183547794116531
0.0091090268168978021
0.0096683486110290557
0.010500900875769915
0.0098603077865511875
0.010384063290532403
0.010050942604507774
0.011214024063969931
0.010379451029770632
0.010772966555075337
0.01046250710635918
0.010785250774318947
0.011140197970411679
0.0098871045074321665
0.0085012177707708188
0.0075196345922248784
0.0069267172815336208
0.0068136082580173892
0.0071998095748720568
0.0098257434298274424
0.009232282574429965
0.01264742444380281
0.013468012044361696
0.015053244525002686
0.016023001589463518
0.015858703225061426
0.014707755691834471
0.018070378721276755
0.016063734788753409
0.013081801022762293
0.011741727889816336
0.0087212304132208065
0.0087544326404719718
0.0094483496553109635
0.010131329048081495
0.01101580410750504
0.012104407085654559
0.010683885613329757
0.010167600086949974
0.010827479812439159
0.011047920154232921
0.010220924375023546
0.0097514994873169752
0.010265083296599972
0.0098803495140534613
0.0097027945662561382
0.0086878295960190217
0.0078841809713996978
0.007415042353638557
0.0073518310098757882
0.0077047633533020334
0.0084190579690537389
0.011048315320370478
0.012372410338172079
0.015167908802735101
0.015413403127585488
0.016410533979378684
0.018209906870033696
0.015992787438665012
0.018335923898114368
0.015813485931526684
0.013146089824384569
0.0089071105280623293
0.0091045096091854436
0.0097474502187428497
0.010045966846680156
0.010600201286842087
0.011484295214693371
0.012632691587566969
0.01348589386075714
0.011704940057028629
0.011581705329687409
0.012176479220763625
0.010722838806775365
0.0096003211066049421
0.0095657830953631371
0.010450949413380255
0.0097429049166705313
0.0090871743061653153
0.0085833466120567997
0.008308538123088717
0.0083043415259562957
0.0085701749161433954
0.009065478221339832
0.011520718293291337
0.013929726365649729
0.015270226697592084
0.016603652755876844
0.017566314578838421
0.016544554640588467
0.01507300543822295
0.015901837521788854
0.012849163250306781
0.0093612032535754265
0.0091493297074440611
0.010035189937418976
0.010192959706195404
0.010639889314722938
0.011310767791931601
0.012092912942210805
0.013157645447793827
0.013565671869509875
0.013831347947003208
0.01373941589458025
0.013710652838627319
0.011976584841790859
0.010496010758287773
0.010297929696727156
0.010065255533224004
0.0098320949524465292
0.009637743451398598
0.0095112913700099149
0.0094731040113451726
0.0095280032193320163
0.0096654979041212331
0.0098664985542196038
0.010099633220859439
0.012409412869250978
0.014709142562513133
0.01564880319761772
0.016114118809709733
0.0082803243821464503
0.010990236502688431
0.010303599821654604
0.0098166347273689752
0.0085269187139655964
0.0092945426443577488
0.0096908483847461535
0.010327849543343034
0.011266274600106832
0.012068782984815811
0.013581033684469324
0.014371482871648274
0.013565317688125734
0.013267021904510545
0.012943733009482363
0.013359927245008193
0.010797249791531162
0.0093344426773063014
0.0094569959913891263
0.0096754144954245922
0.0099533233512571918
0.010252320407212084
0.010524167738403869
0.010730349186115484
0.010836015827196508
0.010824566424407102
0.010700549814456398
0.010483106390898334
0.010205729703458115
0.0099101949661608967
0.0096406384846787554
0.0094354482881220652
0.006577935720600332
0.010345273947603041
0.010020191900544047
0.0099407672584748939
0.0084205325182952016
0.0088285460498828076
0.010050764718602842
0.012010391819572907
0.012162894093867701
0.01346488024104849
0.013977393441498901
0.015531225985487592
0.014917218693368775
0.012425797491774837
0.011922634963706893
0.012835064385916403
0.0096273701820347498
0.0082846373384737708
0.0087073138900717294
0.0093419995144557681
0.010087926410107018
0.010835240534290615
0.011464697430688542
0.011884826272447144
0.012026343822611592
0.011869082216910619
0.011439602768532219
0.010804973988859851
0.010061075584369909
0.0093215957683400515
0.0086979315688633374
0.0082822623712539949
0.0095819652360149329
0.01711991600604839
0.01580174192355295
0.011152411187233506
0.01095530603821817
0.012422544025564773
0.011112722768301797
0.010371573818490737
0.010284640706224018
0.010877054800499771
0.012047997249837286
0.013637758373387054
0.018613889003158576
0.021274928059641367
0.017565882037549281
0.021365680619831035
0.015432418387194611
0.01234695450910551
0.01178263693382242
0.011183675615440959
0.010635824722250286
0.010226862017721978
0.011052385392567692
0.01030413379784011
0.0098967775773869098
0.010691045086605559
0.011243103804342965
0.011841098586297612
0.012392552415605449
0.012814926547539096
0.013041042977236433
0.013032579573658694
0.0081452611053763387
0.016194520475779909
0.015636461626585677
0.011519598095675775
0.011012439509438768
0.013085505308598533
0.012328448323930237
0.011955417353247301
0.011999985869314833
0.012466032966863319
0.013272663422334097
0.014312196822391866
0.01855287370732964
0.019946277315242789
0.015573472037796429
0.019652367931163282
0.013832821995526354
0.011238645397241894
0.011049391677158599
0.010934855205316819
0.010908756729241196
0.010978538422447486
0.011128825864176635
0.011340221252718356
0.011577811789142573
0.011805915651461871
0.011992076980030119
0.012109878077693471
0.012140038301382969
0.012077056847193677
0.011928545524161258
0.011715742441770224
0.015057664919137886
0.019498464597943983
0.018398228718763666
0.013405124902302402
0.011543686154366337
0.014005670190207311
0.013908616556075922
0.013954648508755873
0.014118391368454761
0.014388361981190187
0.014713331208311798
0.01758029535197039
0.018486200590598474
0.016104924926098847
0.0087829988687726478
0.010975095410159744
0.0080630111111873147
0.0053885810268709108
0.0065920764677863822
0.0080123424674001468
0.011270723819306957
0.011803954506152993
0.012293999499338031
0.012668589516761409
0.012871008530790103
0.012867501400751101
0.012662069882438098
0.012284789372503966
0.013975685524912542
0.015476476755671632
0.015926455328288687
0.016057508115917375
0.017046136017689287
0.016752370611687429
0.015307381960749862
0.013880695184407434
0.013148405684533777
0.017261346870433149
0.013912938137029558
0.016084781655519954
0.016338650503166262
0.016371046029446269
0.018064075277528766
0.018775602167688431
0.018750069947167172
0.013641113854702992
0.013602681219789262
0.013803945550235815
0.010038764927115668
0.0087793864324015661
0.0077792111179876087
0.010179756917601831
0.010010321572705793
0.012575521486917702
0.013334293480662864
0.01381839653014507
0.013955583143689641
0.013721708269217198
0.013155745262501704
0.014042748294619121
0.014555097637023139
0.014721521165060003
0.01525492698112213
0.017263569491041995
0.016861777571804102
0.017070710093643058
0.018141003854464887
0.013863445960146726
0.012621725562662996
0.015577515866399239
0.017274686843879738
0.018266837138367912
0.018791138038306572
0.01878126254500977
0.018212838519015426
0.021035484220269421
0.01627022607303847
0.01362179299167582
0.011336652573669923
0.010762417078657866
0.0073036075553930217
0.007561071271807474
0.0091357958762515196
0.011360159903355765
0.0135983843547519
0.011826247294861777
0.014102625034774019
0.01462568942070106
0.014677412758853628
0.014248065623069113
0.013405632690685985
0.012984285986910317
0.013384793385595919
0.01585414664421712
0.01611918875723416
0.016529850593499911
0.014685670664273086
0.013917462746917639
0.017917142463620427
0.017535610756632892
0.014862033323768951
0.018882935153942529
0.019571984037314877
0.019424543254985289
0.018454919488684086
0.016823959579319609
0.015293908042039655
0.01874081958902803
0.015519900532222656
0.011817567385835654
0.0097546339397825022
0.010868530290105363
0.012367754955552398
0.0075052876493823095
0.0089660455281176561
0.011550213324397835
0.0143213431064797
0.015542387933867292
0.014482759578318537
0.014966993125682986
0.014926577676309425
0.014367446125158719
0.0149156648734723
0.013025851591524669
0.014949867127765186
0.014438851901271955
0.014621225342249904
0.014713150839320671
0.012265002081819252
0.011119664534993913
0.011959450623506193
0.017605123383856346
0.016184272219555627
0.019862485211813614
0.019818412374293742
0.019873351122842726
0.019037241180447702
0.017463208251618009
0.018833051827221881
0.018188815228764602
0.014843091487745576
0.01118365222009639
0.013061193165784364
0.011388917682690543
0.012332617003669931
0.012188244835526536
0.011016987604884808
0.012019303760717415
0.014596820428605441
0.018257962157692674
0.014413750412868048
0.01478495717959654
0.014658265262779503
0.014054228850958991
0.014902877487126322
0.013070045921272297
0.014031660484270025
0.012809934842953636
0.012386863657234876
0.012212924637657371
0.009830072986157715
0.0098628364227976856
0.01057443767594806
0.011391282005971452
0.013976603286849833
0.016453147497265421
0.016945975657777664
0.0184107340081421
0.019193896947529415
0.019213183853699169
0.017931928649962202
0.017343618961192863
0.014453819822289552
0.014524270467677475
0.012362188309333427
0.011025827420197268
0.010953856888455434
0.011445148497011809
0.012805758929131085
0.012689557159538784
0.014686011008241458
0.016952119713916299
0.013902764699264191
0.014103968781759436
0.013910597322845922
0.013354002378094721
0.014400548346586366
0.013096589292993606
0.012755633170431411
0.011363526188798529
0.010847404781124751
0.0098248072865559453
0.0087137659368350835
0.0097226360727153353
0.011475982061563474
0.012678777942171378
0.014358833432027401
0.01576677410456569
0.013028639783594349
0.013027742389144278
0.012796224436897497
0.012371790623890445
0.014013056526074543
0.013183132247198715
0.012667414947734648
0.014226414309310537
0.012280786822176043
0.010747637540024862
0.010281111737911535
0.01105974490102994
0.012346896007911182
0.011536706710872337
0.012901215243628847
0.014799875039752953
0.01325344801342164
0.017920676486400038
0.0182370454083726
0.017958047658477277
0.018043450376000976
0.018618213691872523
0.015725271355565694
0.014040563445870076
0.01081508196208171
0.0089817729064104092
0.0082276845365092388
0.0091169268272518547
0.011101894842847791
0.011470388206367326
0.014429718103411926
0.01176285959568482
0.011925459708433983
0.011722012802225196
0.011487186782751612
0.011259758092671619
0.011785963882108058
0.012424646512985599
0.013321383362220067
0.012179535939119039
0.011248079561319934
0.010961136763438271
0.010794350441554168
0.010464771756516457
0.01122017182771958
0.01384440118516944
0.013546456059618487
0.017978963869362975
0.017924220284981671
0.016132318955881946
0.016292055024439346
0.016132137563754503
0.016355276363811538
0.014692110565646685
0.012265352409826914
0.011072840182723157
0.011214694629828516
0.0083992600621492341
0.0087937452213877332
0.0084948853870143257
0.010374177873481077
0.01286995265011456
0.014285711575085349
0.011251410951100563
0.01076204209604101
0.010388214730929213
0.010187061882580528
0.01019196871962893
0.012307413288758482
0.011810975436476656
0.012787522498331346
0.013327231551112585
0.012482121657109699
0.011842854257002513
0.012082696878240711
0.011272847941136544
0.018187498403800639
0.018748556845708614
0.017467804459526316
0.016168874654136238
0.017455023076784086
0.013841675858620284
0.014359182193471483
0.014840271913196689
0.013307876821354512
0.014187028420271107
0.012246825091772412
0.010518559377366087
0.009807506067355691
0.010360726228746887
0.0098771205202683714
0.009530462924102626
0.01195552056000075
0.012935536632838711
0.011024203432855368
0.010476194683672896
0.0097151248625536122
0.0092300007234838027
0.0090943686527318792
0.0093304845176552
0.011812141647559563
0.012297712189552496
0.013316565674557981
0.015708961499075039
0.016051410195576311
0.016241474869173163
0.016425649858714138
0.016005578396536779
0.020380675932057592
0.018498300080837856
0.018013181555915404
0.014578143304356096
0.013469772645765966
0.014661356430375737
0.013515420916315194
0.014365264661981689
0.014772373794229
0.0131684899524894
0.012732918210094738
0.012002533339783386
0.011203029329469486
0.011289160179006599
0.013660730103990775
0.012223534382818721
0.012589164835482789
0.011161895089124648
0.011032879714013328
0.0098605090337820847
0.0089429728550171825
0.0084206328214767364
0.0083716396225848883
0.0088035274710969499
0.011791723903386174
0.013853776185428513
0.015074973455052394
0.016275424381828187
0.018237381690141403
0.019449258992827907
0.01884437686927562
0.018453187190601298
0.020957796105542957
0.020164308824945066
0.017624233680428085
0.015463007035200768
0.012350983884302981
0.011514969231869029
0.011172065471907421
0.011396188621655331
0.012609306437332371
0.014048512789700335
0.013595508571790578
0.013735375892940351
0.014098297653296
0.016506135487301142
0.014884012896860782
0.012118380326492841
0.011606506771670751
0.012103863938205488
0.010740583405352432
0.0094977236068756691
0.0085636271302778171
0.0080832650885163358
0.0081280588795718672
0.0086907320032523251
0.0096844818217370482
0.013449996410459653
0.016637549530795742
0.019860368742856516
0.020561823764842335
0.021847751050238999
0.018692769903198209
0.024987499864984237
0.022834665458348172
0.019313182543329706
0.016728841928373206
0.012741243754919593
0.011121890777275215
0.010069941539158309
0.0097263306403514421
0.01016072198610132
0.011293463763926606
0.01356520367371913
0.017381874532525647
0.016303473632813516
0.016634080762454019
0.019184064572364476
0.017273201439335913
0.014037533874122141
0.013047611136981028
0.011827436520296244
0.010558097385318436
0.0094370950772186858
0.0086317221147119583
0.010119538498747244
0.0061240011250826504
0.0090087967773527788
0.0099987164626227781
0.01122240228209144
0.012493526859713576
0.017037911270888259
0.021308358928653324
0.022210368251373607
0.017569281814488146
0.024885228363187441
0.022087915636491241
0.011328874835186577
0.012226314550127357
0.012239486358869038
0.010462037887272006
0.0093526229467509134
0.009056144294599262
0.0096326810377093727
0.01098335040646721
0.012914405265926568
0.017584373265501909
0.021506723519872747
0.019737980711913645
0.022018450931249836
0.016640222964274653
0.013329566680714815
0.012484730265588913
0.011498309176267237
0.010514314960557559
0.0096864764771223428
0.010845210412327493
0.0093061541973467037
0.0085401447653657581
0.0075871504521501359
0.010542653603409242
0.011529599184778791
0.012517116839939477
0.013356754446876477
0.013917673124322748
0.014110300124071789
0.011092934107467513
0.017584312983080271
0.01570364480386479
0.011086236944176341
0.011381287258968456
0.012125911723541072
0.010457056477704941
0.0094560854759814447
0.009249027673735144
0.0098810010954736519
0.011244644385379855
0.013147633204653167
0.018274957185067504
0.02182417029218494
0.019029145195331235
0.022196209193590086
0.015432418198688014
0.012346954425503704
0.011782636868862209
0.011183676717896919
0.010635824991230459
0.010226862665836275
0.011052384998562812
0.01030413357811521
0.0098967774205537748
0.010691045084172407
0.011243103749224553
0.011841098604280854
0.012392552396983064
0.012814926405140054
0.01304104279280591
0.013032579562826128
0.0095819651529291758
0.017119915791657368
0.015801741905236099
0.011152411131466915
0.010955305926904182
0.012422544535014419
0.01111272288131978
0.010371573824483896
0.010284640775917861
0.010877054883387898
0.012047997309258511
0.013637758077958523
0.018613888787359045
0.021274927146856519
0.01756588186137923
0.021365681180537971
0.013832821998057562
0.011238645389869288
0.011049391643923294
0.010934855597233851
0.010908756781907052
0.01097853849620853
0.011128826017598899
0.011340221251288064
0.011577811514411899
0.011805915592025007
0.011992077134482087
0.012109878140328566
0.012140038336989555
0.012077056767520543
0.01192854550847843
0.011715742408227042
0.0081452610587741461
0.016194520594510448
0.015636461831923174
0.011519598089693156
0.011012439464867544
0.013085505440021902
0.01232844840777249
0.011955417333898738
0.011999985755689547
0.012466033331206059
0.013272663511380241
0.014312196997397629
0.018552873614241464
0.019946276969752919
0.015573472173598264
0.019652368411650509
0.0080630113109648443
0.0053885811426870192
0.0065920764351911111
0.0080123425883795764
0.01127072389439949
0.011803954495346896
0.01229399958261034
0.012668589490090174
0.012871008533286696
0.012867501366921745
0.012662069804657153
0.012284789310359043
0.013975685614188781
0.015476477276399008
0.015926455325584433
0.016057508502793034
0.015057664262449763
0.019498463843185203
0.018398228498970652
0.013405124841123127
0.011543686190004532
0.014005669907920907
0.013908616536494417
0.013954648451868929
0.014118391164256162
0.014388362190359704
0.014713331124185351
0.017580295334831426
0.018486201426827779
0.016104924827149255
0.0087829988134351718
0.010975096231978692
0.010038763855557889
0.0087793864806686578
0.007779211159579749
0.010179757089471598
0.01001032158062248
0.012575521510186125
0.013334293415168796
0.013818396513723054
0.013955583109367843
0.013721708278697634
0.013155745152147024
0.014042748033148563
0.01455509778519995
0.014721522092515732
0.01525492849937489
0.017263567359981784
0.017046134845646047
0.016752373038070936
0.015307383043342677
0.013880695501878435
0.013148405977207829
0.017261347345172325
0.013912937971787576
0.016084781868678937
0.016338650340263446
0.016371045968085737
0.018064075578839305
0.018775601942734001
0.018750069766047928
0.013641113398091063
0.013602681248344782
0.013803902950591061
0.0073036076678186694
0.0075610714458089227
0.0091357960121579602
0.011360159962670749
0.013598384377807403
0.01182624724733744
0.014102624957038628
0.014625689515841502
0.014677412776412126
0.014248065619499799
0.013405632711232292
0.012984286042907375
0.013384793451104202
0.015854146989737871
0.016119189531716985
0.01553483724747989
0.016861775523716743
0.017070708803159106
0.018141003282509394
0.013863446238151316
0.012621725465569975
0.015577516339318306
0.017274686552532593
0.018266837296738812
0.018791138876795399
0.01878126205646764
0.018212838263012024
0.021035484345196687
0.016270225971769005
0.013621792576936891
0.011336652559130833
0.010762417465155213
0.012367755172341283
0.0075052878136532362
0.0089660456682582115
0.01155021344245831
0.014321343174667298
0.015542387920792116
0.014482759608590075
0.014966993214027472
0.014926577729409585
0.014367446209412457
0.014915664928702528
0.01302585159306642
0.014949866489694272
0.014438850286927828
0.014621329137964732
0.013983156199763369
0.014685672812517411
0.013917462289103453
0.017917141851213052
0.017535609503956315
0.014862033433516999
0.018882934741881161
0.019571983572501488
0.019424543308633767
0.01845491967190889
0.016823959617316173
0.015290851424597319
0.018740819669748464
0.015519900271328768
0.011817567139590465
0.0097552785379510579
0.010868530618652682
0.0123326169716317
0.012188245016514996
0.011016987753839915
0.0120193039127211
0.014596820570252602
0.018257962109248321
0.014413750532487845
0.014784957294477588
0.014658265377307071
0.014054228983550536
0.014902877755184969
0.013070046252668202
0.014031661839346184
0.012809937649989948
0.012386866204205213
0.012212927152829992
0.012265002794919455
0.011119664843741406
0.011959450863041371
0.017605123075966247
0.016184272188523221
0.019862484272338492
0.019818412436516896
0.019873351115251209
0.019037241240699648
0.017463208420006104
0.018833051766162505
0.018188814690963891
0.014843091384792825
0.011183652040296367
0.013061193095736494
0.011388917654834135
0.010953856864782657
0.011445148644812275
0.012805759075957273
0.012689557247106622
0.014686011114524397
0.016952119765785742
0.013902764883064096
0.014103968910864495
0.013910597410983905
0.013354002490549339
0.01440054865577442
0.013096589660163246
0.012755634102368128
0.011363526976017144
0.010393398719223531
0.0098248073525696086
0.0098300730680577833
0.0098629771054234358
0.010574437960163616
0.011391282029580825
0.013976601109667761
0.016453148024318864
0.016945976645142188
0.018410733912931843
0.019193914470974991
0.019213183984702245
0.017931928414381227
0.017343618921505738
0.014453819859929945
0.014524270397483217
0.012362188443878937
0.011025827438933785
0.010281111786853052
0.011059744714814667
0.012346896020265183
0.011536706763068226
0.012900966727330453
0.014799875135164621
0.013253448049337143
0.01792067648660985
0.018237045587973205
0.017958047923912188
0.018043450432369854
0.018618213772942097
0.015725272451274554
0.014040560485407267
0.010832214787167116
0.0089817713042170642
0.0087137661717848237
0.0097226362404057732
0.011475982023296848
0.012678777907671383
0.014358832776788391
0.015766773534905291
0.013028639691418502
0.013027742408619349
0.012796224442729941
0.012371790677115324
0.014013056753552697
0.013183132466757784
0.012667415095040354
0.014226414316234566
0.012280787014747293
0.010747637516743619
0.010794350696795693
0.010464771913372932
0.011220172091831139
0.013844401143925137
0.013546455903453726
0.017978963876418293
0.017924220008527721
0.016132319090973089
0.016292055103940828
0.016132137502607034
0.016355276830927305
0.014692110531214589
0.012265352616952481
0.011072842071499327
0.011214694105799002
0.0083992573444363582
0.0082276855583229992
0.0091169273295535896
0.011101894916048559
0.01147038814254866
0.014429718213509232
0.011762859389315485
0.011925459531315604
0.011722012749771233
0.011487186784954041
0.011259758041876207
0.011785964129267955
0.012424646851696749
0.013321383365147588
0.0121795363053726
0.011248079691838584
0.010961136865394686
0.012082697305532681
0.011272847919288604
0.018187498423923209
0.018748556758208142
0.017467804346087676
0.016168874575034388
0.017455023229587637
0.013841675988216161
0.014359182621315556
0.014840665285211153
0.013307875412364769
0.014187028664764697
0.012246824875882068
0.010518560248585778
0.0098075062542122334
0.010360725276081064
0.0087937453581835232
0.0084948854261279044
0.010374177900646049
0.012869952879573732
0.014285711640669092
0.01125141077741324
0.010762041907152459
0.010388214598448395
0.010187061875081704
0.010191968707827612
0.012307412964144837
0.011810975342161315
0.012787522273351094
0.01332723191535864
0.012482122295382637
0.011842854160085877
0.016425649246494707
0.016005578089261716
0.020380675748047809
0.018498300086145478
0.018013181521838298
0.014578143217807663
0.013469772534096784
0.014661356554457435
0.013515421314450748
0.014058280384056959
0.014564606671200898
0.013168488680810298
0.012732918491114813
0.012002533803701492
0.011203029161818786
0.011289159459207158
0.0098771209079245754
0.0095304628735852024
0.011955520931957647
0.012935536990433448
0.011024203486129871
0.010476194549916195
0.0097151247604434585
0.0092300006680937942
0.0090943686970354123
0.0093304845329043491
0.011812141632583676
0.012297711447281491
0.0133165653100243
0.015708961212026328
0.016051410776340948
0.016241475149224669
0.018844375625454726
0.018453186535096255
0.020957795839275612
0.02016430889572228
0.017624233768777309
0.015463007476996896
0.012350983997369688
0.011514969312447396
0.011172065826516059
0.011396188793922563
0.012609304848065319
0.014048514665732018
0.01359550840629571
0.013735376290262976
0.014098297587215342
0.016506134950744086
0.013660729485038462
0.012223533829327076
0.012589165295846631
0.011161895501689884
0.011032879559144986
0.0098605088402402598
0.0089429726769549092
0.0084206327410240173
0.008371639616371605
0.0088035275407534665
0.011791723250800008
0.01385377580322467
0.015074972981906199
0.016275424489547295
0.018237383468794294
0.01944925877287788
0.018692768859337509
0.024987499731148881
0.022834665573203659
0.01931318262197268
0.016728841887853296
0.012741243860503557
0.011121890908692518
0.010069941288480834
0.0097263305134684744
0.01016072188446532
0.012586865203066606
0.014486762517989809
0.017381873865494262
0.016303474192174906
0.016634081574199721
0.019184064866991615
0.014884012540541591
0.012118380398520165
0.011606507319032879
0.01210386401361156
0.010740583282599095
0.0094977235302195935
0.008563627008252318
0.0080832650557591864
0.0081280588891919307
0.0086907320352324572
0.0096844817946112743
0.013449996549074783
0.016637549372341912
0.019860367503674342
0.020561819277326678
0.02184774994771603
0.01756928219851206
0.024885229130948622
0.022087915896451923
0.011328874836270406
0.01222631443191898
0.012239486030012755
0.010462038119511382
0.0093526228452238298
0.0090561441745591938
0.0096326809626267034
0.010983350286256586
0.012914405638691548
0.017584373437627147
0.021506724180287286
0.019737981775441133
0.022018451230163921
0.017273201947119343
0.01403753379268511
0.013047610503432991
0.011827435521309212
0.010558096921821091
0.0094370949734843296
0.0086317223822450669
0.010119538508771538
0.0061240011477624147
0.0090087967411942357
0.0099987164956108522
0.011222402259112998
0.012493526846819052
0.017037910750165055
0.021308357458977977
0.02221036703650647
0.011092934179186992
0.017584313253946892
0.01570364480256118
0.011086237043793112
0.011381287339576204
0.012125911496746349
0.010457056624755941
0.0094560859030631324
0.0092490272373860344
0.0098810009059993303
0.01124464445076123
0.013147633254776836
0.018274957428819329
0.021824171012986782
0.019029145875618343
0.022196209000043064
0.016640223517908292
0.013329566799726467
0.01248473038363687
0.011498307942444341
0.010514314249814204
0.00968647567488049
0.010845211045617115
0.0093061545873808701
0.0085401449539545485
0.0075871504987097011
0.010542653687356565
0.011529599209670151
0.012517117009152381
0.013356754443246155
0.013917708154286916
0.014110300211392155
0.014307887793677882
0.025046946534011134
0.018484082105237238
0.017676504263348228
0.0169940275921013
0.012961899366778556
0.010933704073036437
0.0092317820027842043
0.007184640661288687
0.0069586174883198961
0.011268857335053345
0.014565665970548102
0.018704446986649331
0.027605125171267904
0.027460037756522566
0.031154060438689648
0.022819736262155603
0.017620168044755899
0.015742807438980762
0.013462074636747237
0.015303112040219219
0.012217578560265516
0.0088108524846315355
0.0071819590185692693
0.0069818014537668784
0.008237662231944852
0.0091528868068901075
0.012804667685531916
0.014966796989773873
0.017031824606496188
0.018491322987435787
0.019116635416870909
0.022889721578432044
0.029847184887483141
0.017762441682102788
0.016633965886217083
0.016963736500428244
0.013953763113316177
0.011565854823307679
0.0096013223288747666
0.0099189314223792902
0.011469626441977923
0.012863329835581283
0.015640059612960076
0.018775493042299203
0.025904327658390763
0.017299194434339922
0.021130253231564054
0.016559118483983386
0.01148121475011424
0.014564834499401642
0.013025372925288782
0.012896383219509465
0.013568442459511087
0.010619345319625566
0.0096363209716694848
0.0097167923635761277
0.01084160262888622
0.010334639148826777
0.01308593625975242
0.014626250683505702
0.019459711974648866
0.023527387295810914
0.024436347387123542
0.018934045569381688
0.024215301984993404
0.020798928158321361
0.016944057308650225
0.021677522099422482
0.015547711879481611
0.014384080734717608
0.013765825409963071
0.013761279276757479
0.014391593032127056
0.01554073869703145
0.017056026238610848
0.019732912508525224
0.021062346797471074
0.021227184984346538
0.025139921413711415
0.017560197804177596
0.013278008921947077
0.0083416394536342323
0.0085388636523936225
0.010394842753108209
0.012988528430803753
0.014611169678934388
0.013141080954720084
0.012838241837561245
0.011879598285286589
0.013015550564788746
0.015606080042657903
0.019244805730597194
0.020081322920620138
0.020722368868866248
0.021324907046803499
0.01983172268495487
0.026106651340414469
0.024877198359846375
0.01481722492745101
0.022063873202386723
0.021829778704236864
0.017738146230252182
0.018003858452397194
0.018245352539758179
0.018452433782253412
0.018570498254984195
0.014584083157298658
0.023228751871133962
0.023762491662930488
0.01788733901552151
0.020678073794189563
0.013159382491334609
0.012948858041912162
0.012831070257691115
0.013747680369315046
0.01458153198462072
0.012147457152526468
0.014084955742641823
0.01452378872096036
0.014740647377595206
0.014702861262705489
0.015955110132879417
0.016516882975335056
0.016786490911111774
0.021357790905707538
0.02233348195685269
0.022713797494912487
0.017151574553085729
0.021169353059744538
0.023083237226738666
0.020237001329337145
0.014481912524086815
0.017528099137756672
0.025123102543600638
0.022262758461178651
0.022711033458944079
0.022461862270500045
0.022324178303213718
0.025901708702203572
0.020514395207516901
0.016847842016351401
0.017099415326533692
0.021255575432827849
0.020177625403752422
0.014034369442616514
0.011936511768354198
0.01323085531867664
0.015957004543329569
0.014819317506567571
0.01640598312058145
0.01714021006600756
0.017254266963062662
0.016731821277422749
0.017327048065728653
0.015550866166861525
0.018551099627488323
0.017820431951807103
0.018015643467184341
0.018918416614737237
0.012953944600785571
0.013881987173423843
0.019536067818224988
0.021991934269685924
0.023765525257972479
0.019046411355533529
0.023368519917099186
0.026899963221909767
0.027244607106733203
0.026293634295420542
0.02612814722900085
0.025744755251890558
0.017218295531702617
0.019225410821616284
0.016998592349456092
0.017066083740667433
0.016632649164580852
0.014576403116734592
0.016597042010854705
0.012744514635393157
0.016899188904847047
0.020561048383645312
0.018218202303472309
0.019137947763139179
0.019133794564153397
0.018208355087137338
0.017315090131853332
0.019477880515640096
0.016218698479784577
0.015054327659407287
0.014618759814677791
0.013873194855362521
0.0095280445219329823
0.0093789965461880936
0.011682858677382014
0.020241370797746606
0.026315829158047283
0.024869606071015789
0.026760600208291425
0.027519749002121299
0.026645002367674503
0.024303336796945435
0.028428437230925425
0.022467181560528529
0.015847728204590628
0.016315212204333841
0.01399241488928368
0.01327162530088094
0.013259978328817949
0.012430411739309687
0.014589973858935927
0.017653598509960976
0.01768334626538573
0.021707578936719336
0.01753264820950283
0.020214333317314922
0.020092394602036094
0.018904576831982177
0.018644137128225203
0.019206004976164398
0.015090871467980793
0.01328400952064631
0.010852125895096891
0.0096574750922002756
0.0068228123166553332
0.0076683184849470456
0.0098348558680896696
0.01391457544061298
0.017139036743402732
0.022970944140244864
0.024350693813882905
0.026785087519132784
0.027677242326721571
0.023525756780082736
0.028118828118731766
0.022557237276425401
0.018809204147259166
0.015522126178685052
0.012857799183551486
0.010243643498688488
0.0094295103846345658
0.010430762461719673
0.013058383814210732
0.016537171878730349
0.018188096903509313
0.021972393099530994
0.022662333930204656
0.020203247563784828
0.01998276794285106
0.01871323345398393
0.019448154002719382
0.018038586629369305
0.014218188541080786
0.011237005937979948
0.0081932690447374425
0.0068069712501139263
0.0056527512370661732
0.0074015565595066321
0.011220127059617835
0.015429871625115311
0.01817574081434041
0.020924398519459025
0.018476150284981986
0.019108748446315296
0.018821911183621243
0.020594535146277106
0.019782125074193829
0.017339105818393569
0.018516315525488401
0.014068075630410709
0.010217158353827872
0.0075944379221548905
0.0071028347392498165
0.0090242569170460862
0.011860022105047401
0.015714361680113625
0.01689965470037803
0.021924643940334877
0.022154961608144539
0.026271750536628103
0.026858368790270162
0.025977924222844603
0.026610885752518219
0.019406322602254108
0.02027782255714004
0.014418372991298535
0.0093256454203315652
0.0062833159349665185
0.006254923213716285
0.0075353512944321766
0.011504170886607304
0.015613273533584736
0.015734969906958433
0.020561342422560098
0.016794053197784094
0.01709731723600259
0.01678698215658856
0.018660787477699264
0.017606222549465755
0.018791014188979237
0.015347257680212523
0.012141533223867381
0.0074233703796475273
0.0063719323878700107
0.006441357753478311
0.0074285113627744811
0.011228228562792241
0.015630143396530086
0.025326129436073576
0.025291109584169604
0.027447526618517248
0.023441413317670926
0.023943076140495807
0.023386950898330913
0.023414980195887947
0.018902668860003413
0.016031243504132583
0.012847890149733726
0.0095652804306113285
0.007144677506945315
0.0086261390448604553
0.0098804828402525528
0.01260127034723503
0.013086888821870252
0.017165730228477939
0.019398574106185212
0.01454437835793887
0.014472747890036646
0.014186854902364118
0.016122384302564123
0.01514766638418236
0.018589915480775408
0.016838546472377886
0.014308030845483237
0.011120661363609638
0.0095637219259372564
0.0086811414641769485
0.010457357542019704
0.016999923590407116
0.020614242011328048
0.02488064997061765
0.022961898300460276
0.022307298976587769
0.019342496281602634
0.022106025137789857
0.022474064012780518
0.019397751572986437
0.02404575993234313
0.014354726593146508
0.016948180591772999
0.011635209359181621
0.011208267227449952
0.013104840468070193
0.012626081581439049
0.011488759387223907
0.012869016537456259
0.016433184928339072
0.012672693257117271
0.012070016933921596
0.011635047109362829
0.011417885713006668
0.014594537307566545
0.013439178572553528
0.013686205086621866
0.018173842075197188
0.016843624366322772
0.015343379229730647
0.014041556366517761
0.013415707497535619
0.014592318389526909
0.01990310594882197
0.025058458244454043
0.022452144916399432
0.022222671150155651
0.020101831589825904
0.017807840562493595
0.017509727153313795
0.017310342459473521
0.016345538933013281
0.016621093628187124
0.020955388205754707
0.014402623874170196
0.013862375118424102
0.017594230627065926
0.015110881199107879
0.012785702752266242
0.013347940190307139
0.015605252100769105
0.012017042208333113
0.010982961009501132
0.0097431735435170499
0.0090114536768694919
0.0088974501226815449
0.009420166941212043
0.013117221649383328
0.014201270236115393
0.015893655267306891
0.020874063975646121
0.023852807311070791
0.021651571925212422
0.01754949866535533
0.02670841056333724
0.02631755777268624
0.027220225665817766
0.021465450632014032
0.019002571886285735
0.016671683682503331
0.013529606887468999
0.013032284095443923
0.01329740006142402
0.014259292981766161
0.013392275343139271
0.022079403397441209
0.023425394665876547
0.017662808724902532
0.018441155445332875
0.021292580574146163
0.015724196206662974
0.014532839004765666
0.012969404561362871
0.011848538700188288
0.014817986178975227
0.0116523379280655
0.0089139290576705586
0.007498634624830235
0.005335156749270889
0.0090327060002270629
0.015663716972310674
0.021056741632914325
0.022126499481731197
0.028592664712351688
0.024977473707644419
0.019984422850134576
0.030048704682722763
0.029489505146044422
0.022951440664088402
0.022422697890393417
0.016920015308715224
0.011786300766623565
0.0099581290002390705
0.0093252860310229588
0.010010265317347925
0.011882867747959812
0.014674365542258788
0.0172188911538513
0.022650892705102451
0.021630719917091062
0.027443272363049626
0.022873887562499581
0.018867795086282522
0.016789125551307658
0.014143371658875517
0.01694968521282459
0.013176972273939136
0.008860752895965664
0.0067295389120867752
0.0061072862975450545
0.0065204939945680109
0.006682642032471711
0.011974422916769575
0.018722486202981198
0.024809571494165024
0.028173508058279159
0.029809518924012349
0.023815247451265023
0.036136233282641289
0.029195004202013299
0.025426099625233168
0.020238889218809106
0.013295770884691036
0.009828672986835315
0.0076820961188245555
0.0070338028237187907
0.007882603516117791
0.010419236104758992
0.014052141524733943
0.018278679442548084
0.02864804619393441
0.026624549904156799
0.03004949126118828
0.024063202285560432
0.018670656782429632
0.016523840973231247
0.013855296638926259
0.016005757795403523
0.014502560601375874
0.0073146522332895869
0.0061621572558981461
0.0057158428222853332
0.0069189102844859638
0.0081633684543160959
0.012573697301674097
0.015026863428751666
0.017532243113702953
0.019355599652013798
0.020212836324773678
0.015801313263461771
0.025361498174156526
0.018745688051065156
0.01862608473930405
0.017176786802289706
0.012652089298479547
0.010190904100369109
0.0089060811991170212
0.0061652508711479911
0.0056647196481564863
0.0093875452858921665
0.014008257102065573
0.018530684821865814
0.028394101400202171
0.028809032770910702
0.032089498604299896
0.022819736422260796
0.017620168250943188
0.015742807979260188
0.013462076243144551
0.015303112761488481
0.012217581032598849
0.0088108519025160252
0.0071819587147530463
0.0069818014069649185
0.0082376622380759181
0.0091528866690092654
0.012804667784268454
0.014966797055024444
0.017031824584109224
0.018491322789500567
0.019116635519214685
0.01430788775233585
0.025046946074004886
0.018484082382082139
0.017676503852144514
0.016994026758672547
0.012961899891971064
0.010933704376245646
0.0092317814293306245
0.0071846406384253525
0.0069586175513743787
0.011268857881598924
0.014565665957955252
0.018704446658802911
0.027605124033434732
0.027460035899239989
0.031154061777715764
0.016559118592917629
0.01148121468784675
0.014564834634507827
0.013025373619224226
0.012896383336495161
0.013568442586795749
0.010619345755944214
0.0096363210410193786
0.009716792345426023
0.010841602755162454
0.010334639126984723
0.013085936404394465
0.014626250999708691
0.019459712585052601
0.023527386806878367
0.024436346587200685
0.022889720931189208
0.029847184574018446
0.017762442025019091
0.016633965600602135
0.016963736430287282
0.013953763079142801
0.011565855053289456
0.0096013222967147489
0.0099189313575786878
0.011469625570078924
0.012863330389147082
0.015640060907749848
0.018775492351211055
0.025904327552015959
0.0172991935998194
0.021130253831864444
0.017560198726816578
0.013278009429638769
0.0083416394261383552
0.0085388638693547694
0.010394842696809924
0.012988528303696121
0.014611169867321564
0.013141081192675602
0.012838241836791765
0.011879598263873338
0.013015550555052005
0.015606080023643316
0.01799645434941086
0.020081323523300908
0.02072236849918423
0.021324906429655861
0.018934045243388861
0.024215301507274779
0.020798928011903573
0.016944057190437668
0.021677522186290776
0.01554771177918131
0.01438408102017092
0.013765939990207764
0.01376127920367093
0.014391592863806152
0.01554073834014281
0.017056027834157373
0.019732913115945393
0.021062347795712966
0.021227183628824302
0.02513992105084108
0.013159382514528932
0.01294885845265477
0.012831070361294421
0.013747680597519218
0.014581531779485157
0.012147457112575668
0.014084955679221614
0.014523788404543596
0.014740647570478256
0.014702861332881014
0.015955109974434223
0.016516882946071502
0.016375842985114197
0.021357790648780337
0.022333482335881276
0.022713797125411862
0.019831722691124515
0.026106651029636347
0.024877198423831105
0.014817225260806258
0.022063874104751888
0.021829779849494805
0.017738146441271023
0.018003859217120055
0.018245352438663088
0.018452434634899911
0.018570499087250225
0.014584084283249001
0.023228752141023018
0.02376249333364748
0.017887339092554775
0.020678072599858013
0.020177626690902038
0.014034369515728881
0.011936511986640547
0.013230855435803858
0.01595700468564654
0.014819317327932676
0.016405982982846339
0.01714021017593341
0.017254267115141768
0.016731821240914668
0.017327048162934802
0.015550866495152152
0.018551100124162796
0.017820431541594007
0.018015642133425058
0.018918414156733742
0.017151579375276189
0.021169352247285757
0.023083237310346755
0.020237003763953341
0.014481912413561769
0.01752809947572747
0.025123102818231345
0.022262759327762695
0.022711033715796695
0.022461861993771232
0.022324178681283946
0.025901173519422581
0.02051439566704873
0.016847840853657425
0.017099415066143722
0.021255576314375496
0.01663264967454162
0.014576403384043524
0.016597042334087493
0.01274451478589987
0.016899189089844779
0.02056104860302186
0.018218202378717359
0.019137947911662699
0.019133794796501159
0.018208355218562244
0.017315090294872548
0.019477880722703234
0.016218698505117625
0.015054327479790243
0.014618762326742063
0.013873197669425706
0.012953945218695317
0.013881987001349981
0.019536067554630384
0.021991934331847547
0.023765527293047383
0.019046411281021514
0.023368519061493547
0.026899964139670419
0.027244609277948285
0.026293634774809532
0.026128147183226962
0.025744755259039909
0.017218295083106749
0.019225409852063363
0.016998591642531299
0.017066084025821587
0.013259978503863646
0.012430306523846706
0.014589246326466805
0.017653598689244571
0.017683346455175782
0.021707636839946802
0.01753264845282167
0.020214333523622587
0.020092394913250471
0.018904577209740425
0.018644137718009067
0.019206005278265839
0.015090871059020437
0.013284007959874495
0.0108521254452309
0.009657475563871764
0.0095280442301318765
0.0093789961515540129
0.011682858888407489
0.020241371511227655
0.024388634174061095
0.023573593332081869
0.02676059957914759
0.027519749305034914
0.026645003004698575
0.024303336927221319
0.028428437211600814
0.022467180562275466
0.015847728000998238
0.016315211618838959
0.013992414599044597
0.013271625676265509
0.0094295103028771646
0.010430762262130166
0.013058383912534261
0.01653717217984603
0.018188096915294608
0.021972393220919106
0.022662334421393673
0.020203247762436309
0.019982768304478326
0.018713233922298744
0.019448154368369767
0.018038586578114
0.014218189316437651
0.011237007685051455
0.0081932684131127437
0.0068069708871623964
0.0068227301208518857
0.007668318586561822
0.0098348560703220341
0.013914575516835332
0.017139034336528195
0.02297094581511867
0.024350695443976469
0.026785086901339253
0.027677242147344152
0.023525756948683942
0.028118827578246422
0.022557236814294383
0.018809204116691486
0.015522126348255267
0.012857799285283768
0.010243643476015515
0.0071028347768021657
0.0090242569827401215
0.011860022172246933
0.01571436191855002
0.016899654406016592
0.021924644293435901
0.023124715829765653
0.026666063955647971
0.02685836902632701
0.025977924561108909
0.026610885964778515
0.019406322482197105
0.020277821971632783
0.014418370460488437
0.0093256446454545866
0.0062833163230124108
0.0056527511072892974
0.0074015563776351663
0.011220127176386128
0.015429871417802285
0.018175739486529011
0.020924398055769858
0.018476150202619366
0.019108748483302331
0.018821911273110708
0.02059453483320332
0.019782125105538107
0.017339105410728195
0.018516315201731984
0.014068075610654946
0.010217158603924715
0.0075944378490797838
0.0064413579451431903
0.0074285114202312956
0.011228228630729678
0.015630143548418757
0.025326129090297855
0.025291109673721734
0.027447526609375279
0.02344141416632024
0.023943076687267764
0.023386950690028847
0.023414980283808909
0.018902668823908723
0.016031243307192668
0.01284789135645243
0.0095652811115409936
0.0071446768016202008
0.0062549237910071998
0.0075353515620125884
0.011504053830735002
0.015613273785459295
0.015734969859236607
0.020561342265169615
0.016794053000811476
0.017097317259501997
0.016786982269487331
0.018660786932934909
0.017606602138765061
0.018791014242521924
0.015347257574846172
0.01214153361646598
0.0074233707030221634
0.0063719325209866907
0.0086811417567754599
0.010457357553239508
0.016999923704838712
0.020614241886674059
0.024880649845245472
0.022961898210928196
0.022307298570420204
0.019342496752289922
0.022106025859159648
0.022474064597478506
0.019397747545031981
0.024045756663810456
0.01435472606007852
0.016948180606591572
0.011635208835741139
0.011208266561380135
0.0086261393197967062
0.0098804834544992445
0.012601270553931513
0.01308688925422598
0.017165730547671298
0.019398573649857337
0.014544378143135767
0.014472747762742494
0.014186854782310158
0.016122383632898005
0.015169721183253347
0.018589917308946227
0.016840397576226938
0.014308031643215289
0.011120662371332267
0.0095637222070408985
0.013415707258801956
0.014592318193544012
0.019903105515083931
0.025058458107492246
0.022452144896646389
0.022222671183326315
0.020101831791827379
0.017807841627144702
0.017509728513998891
0.01731034176201595
0.016345540722212053
0.016621090939156122
0.020955388845933565
0.014402624418510505
0.013862375152398203
0.017594230896226779
0.013104842255865194
0.012626084357940132
0.01148876017966129
0.012869017409779363
0.016433185288044227
0.012672693141471743
0.012070016776843873
0.011635047030103256
0.011417885763665344
0.014594538386798559
0.013439178802674845
0.013686203528028306
0.018173839592588104
0.01684362445086416
0.015343381819752725
0.014041556819479122
0.01754949740458852
0.026708408859408089
0.026317557112495664
0.027220225430909243
0.021465450390363232
0.019002572191284768
0.016671684045906007
0.013529607514575053
0.013032287015055438
0.013297402628288078
0.01425928744136036
0.013392274607764782
0.022079400403899958
0.023425394152845662
0.017662808785647802
0.018441154644761176
0.015110880060781996
0.012785702563758421
0.013347941193267449
0.015605252410263067
0.012017042343253716
0.010982960914640912
0.0097431733212946115
0.0090114535330563846
0.0088974500321965591
0.0094201668568288394
0.013117170658920551
0.014201270432394556
0.015893654590546136
0.020874067749546164
0.021507329698989375
0.021651572242982486
0.019984421355302137
0.030048705228877079
0.02948950494654717
0.022951440948673737
0.022422697474130358
0.016920015601298039
0.011786300524232777
0.0099581287303987
0.0093252861614180962
0.010009659212778355
0.011882868648196631
0.014674363862439102
0.017218888799380206
0.022650892780997432
0.021630721264602339
0.027443272222974352
0.021292576706197809
0.015724191752332362
0.014532839464847125
0.012969404596083001
0.011848538541823078
0.014817986061526121
0.011652338165948893
0.0089139288170486559
0.007498634611586872
0.0053351565974721687
0.0090327068330062245
0.015663717290632581
0.021056742189478984
0.02212649702153506
0.023286172851167911
0.024977470631765492
0.023695358455696591
0.033714484586225398
0.02919500408582772
0.025426100783980984
0.020238888595159692
0.013295771324665879
0.0098286728153757132
0.00768209562549839
0.0070338022968580039
0.0078826034435063915
0.010419236240570269
0.014050003795471333
0.018278679307789415
0.028648045959630466
0.02662455045284081
0.030049491116943012
0.022873887973498735
0.018867792876801799
0.016789122070264853
0.01414336936285558
0.016949683847170462
0.013176971867898091
0.0088607536748739908
0.0067295389470241026
0.0061072863394750973
0.0065204939245844858
0.0066826420473282662
0.011974422848271391
0.018722485622540606
0.024809629095308986
0.028173504021623757
0.029809516571691744
0.015801313474272716
0.025361498848951003
0.018745687869516314
0.018626085608460522
0.017176786321569559
0.012732656574964593
0.0098124865466345367
0.0089060805849699182
0.0061652507115743478
0.0056647195422895018
0.0093875451215536983
0.014008256968891887
0.0185306854017513
0.028394102364151755
0.028809033006751264
0.032089497701810153
0.024063201983095417
0.018670655768511634
0.01652383987577068
0.013855294536920996
0.016005754870860027
0.012233516335174445
0.0081939151515981728
0.0061621576296848569
0.0057158432911734195
0.0069189103384843598
0.0081633686767428916
0.01257369730738549
0.01502686374443594
0.017532243034052739
0.019355599443655558
0.020212836359110573
0.018757098941144409
0.032451915860243936
0.023799915754463569
0.026173651315657197
0.019702471587632244
0.01209796095755432
0.01027457866752661
0.006328168164524541
0.0042911076776438774
0.004502017875662026
0.0069089848299179945
0.017010064244698857
0.021631472813792508
0.03286106798188513
0.039286861194995533
0.040096551670585047
0.029679968844673874
0.022520919580123797
0.019440267809197803
0.022276594676114078
0.017117776402044017
0.010187131168555049
0.006287502409132598
0.0042877635250448513
0.0045153888852212552
0.006934111404723396
0.011223705185459691
0.010319237710747466
0.017240344147552194
0.020849814016484596
0.023483443463487099
0.024727114156704845
0.028697203341557884
0.037533252142820737
0.027054093490973558
0.030629740240614475
0.019622509882961343
0.012135918676297649
0.011537688563025828
0.0086799724447112481
0.0073731222546579295
0.007849266628111664
0.010022917760051016
0.019265330432928343
0.021768324935796477
0.031278758498081857
0.033231919930223029
0.028832719651181327
0.023003590530715715
0.014840479671041001
0.014072824786161791
0.018012693281826673
0.018347767169468156
0.011457440315859817
0.0086321002800521882
0.0073602789369796393
0.0078605081599941434
0.0100488381095322
0.013631592754852755
0.01141571297479169
0.020269652773497435
0.026139611750952235
0.029230620815178181
0.030701031723845709
0.026938624600989412
0.037545082089034044
0.021559517805497003
0.029064819573223936
0.025026045061197953
0.021640237130466124
0.010852708104560875
0.012610026827834816
0.012231755240901473
0.012909038680169274
0.019159424980540851
0.01394695559853319
0.016008841172263637
0.033335601999375228
0.035331980949310907
0.03611103598833719
0.027856051328117314
0.021441930495917281
0.017208875424386264
0.010077509716102918
0.01605493679643567
0.013884403451189959
0.012561803882593411
0.012210256789553866
0.012914139273791651
0.014548504189261728
0.012448263019791173
0.017253808501634219
0.021084681254561387
0.022535309318139359
0.031160768147569618
0.032374707976147145
0.021820777537277718
0.030839865884830519
0.026950806856068824
0.023283685138941794
0.022851897581038311
0.025242684482536179
0.023864820023023467
0.019354431569451692
0.019554786355908415
0.019958360954338492
0.020175004397745496
0.019853249048868336
0.027453500485231274
0.026438622158965464
0.02386554199613064
0.027144488578356257
0.017297737637359901
0.017459851275124259
0.01741990559289008
0.01597470779132287
0.01626356573576123
0.015729778191001242
0.020623439673276438
0.024930322700767289
0.017272844206074594
0.014488692625365909
0.017087488176307911
0.017197760614998163
0.023095457954556163
0.02453026053489922
0.023991161499439577
0.024403892850482705
0.019640862760603253
0.023998902602707817
0.025547371766765505
0.024133986542178115
0.022394588365277485
0.024789729787106026
0.032825858371977455
0.031884589403630412
0.026689404106932019
0.026038335510376379
0.02360041769452844
0.02943760925506753
0.024662014113899459
0.023779547401862978
0.025504018906363519
0.027519573200007575
0.023810005753845453
0.019520689963833281
0.022038267361424772
0.015924341529562642
0.017608491093757048
0.020577805691809007
0.018114086225579876
0.018988815758354705
0.019173783635151775
0.018644099375415155
0.020478235644228293
0.022873014831907453
0.019590623740859757
0.021167632102725039
0.019898405050607793
0.019878248108387366
0.011356864480677799
0.01282201488822696
0.020001645531715073
0.024739965604419906
0.026013134651848652
0.02380164964813913
0.027774829272468285
0.032287940324930285
0.033236658885717377
0.032449633870313688
0.035741219655695294
0.028423126436553554
0.025697071107760892
0.022559745828149312
0.020013412291246795
0.020877038871967294
0.018526750009006578
0.015847264282733104
0.016897522723130939
0.021731288927432466
0.018610828853490757
0.023342549068582061
0.0194777302616683
0.0225586998624474
0.022609457855990323
0.021425790188572293
0.02113357134555937
0.023739476165550347
0.017979162022636375
0.016800752957659631
0.011943333595516931
0.011895918606019067
0.0067938178909484554
0.0075600079014576937
0.011288466325573216
0.022354954228193884
0.028882434360192891
0.034875623757309973
0.032749408164855574
0.034192733270030855
0.03337022004761156
0.030452376361617451
0.034782296024724532
0.026135429631152774
0.023926620113915411
0.0190068245166779
0.015006278844538057
0.012798194905464437
0.011762325661946358
0.011832989706120551
0.014226463170378586
0.018762219765195275
0.020685326892368301
0.025625044365145316
0.026763511421262456
0.024899063448529598
0.024807476084369302
0.026961840410903923
0.023065743595634337
0.021414706387549498
0.018285872047299333
0.011176893957300612
0.0081063040982768952
0.0069302040458239927
0.0040145875930827791
0.0056525674544596945
0.010107698988777201
0.016228905156538
0.023739128039434804
0.025820837677285952
0.031176226828841167
0.034397482458755041
0.035299860165122744
0.029841409662127644
0.035415762672201062
0.027834656489962958
0.022191514429044473
0.015702862606356675
0.011240541102358068
0.0085776795186586104
0.007172032003528726
0.0085712223305326289
0.012418682579095718
0.017231032391786669
0.024208848799319928
0.026779139226285741
0.028079711093106002
0.025655235784260624
0.025436183192912611
0.026782631060679386
0.024100278867722154
0.021657949276575616
0.01673030155175307
0.010466214878087866
0.0061327324044592804
0.0040029950938636032
0.0033919108462704688
0.0057768285189922462
0.01044514607191613
0.017019648808521495
0.023418912481156195
0.025506362480191683
0.023476031234448514
0.024718119467708327
0.024403521052072909
0.0264820474253551
0.024875133882231542
0.020419551588382937
0.021066928383506978
0.01378452417514113
0.0081477679113277288
0.0046933702092947531
0.0043326357633209659
0.0067883417352832785
0.011594632948974936
0.018248526178990681
0.024616861553475686
0.02645152758599564
0.029202137312102503
0.033957408622996295
0.034804345696101573
0.031570883791682165
0.033216578268465101
0.025390418110719626
0.020924926677900156
0.014475338799621795
0.0085360509182380809
0.004009942449852151
0.0054667775404952405
0.0065973634942409201
0.010364185362351432
0.017493483128547368
0.019455032800757222
0.024656782780304819
0.021412899817457771
0.022229085614042753
0.021866047563167967
0.024442378708483491
0.022431246632381004
0.022697582521296594
0.017250511647157869
0.0098100801094934201
0.0057841912298490263
0.0037081883231352203
0.0036534251928552692
0.005992037678798713
0.01067156228593351
0.019348701158389808
0.028541540144186705
0.035573742061263777
0.034393536116260878
0.030312153894800659
0.031189511693183694
0.03029747923180847
0.02903361230914786
0.025314680767664653
0.020992469474740524
0.01257114786039084
0.0099464734398092402
0.0071873604600492837
0.0096734539385782917
0.0082088135716818326
0.010852412625141934
0.01826086512215153
0.01768974092598246
0.022686571337685982
0.018292515732157972
0.018559416869878595
0.018203401150273135
0.021203339840953926
0.019333695582109973
0.023373457431653658
0.019295549075137652
0.014075120110043067
0.0076441526262972801
0.0063369481136400542
0.0062929285781487447
0.0092349267134614298
0.016089481196303237
0.023942009255166746
0.032180564686348015
0.02882678867050795
0.029448801196705655
0.028123657939686166
0.030278914061259606
0.031179810982560698
0.02801811782387301
0.029631863848679874
0.026070618526261375
0.016167110178271868
0.012023061866593068
0.01342982388998217
0.015371539760347519
0.015411647970255586
0.017135839484381108
0.014814825329822444
0.015957261857049092
0.014566935082628801
0.01458877250793307
0.014264461488632935
0.01396928200611992
0.018151451575754138
0.016061075723190155
0.022266081808643902
0.021355603382680492
0.018979653656675879
0.015755889596322945
0.012244138036377228
0.01192314245299169
0.016391911517480474
0.022038190636412529
0.024688929241848387
0.023901134457067399
0.020842678146180897
0.025653830314504564
0.0221661161008379
0.021903108004896751
0.021509043102486219
0.01801176265778491
0.02642947731992093
0.027693580298069374
0.02544719076415531
0.019251314722403854
0.021115895462367397
0.019079581372538696
0.023764974755150957
0.01589065683811194
0.015239042549831286
0.017334730644456835
0.019322300481797738
0.017132453343517203
0.014114894171070688
0.011964650675318177
0.0077121233154451366
0.013800350550970402
0.01508344315697248
0.023054090135258387
0.022758326319728378
0.021859254487835746
0.020867947962274407
0.017706514471556942
0.026357884802676073
0.030894839109300781
0.023629728226614879
0.019385464154639834
0.020630908832749789
0.020082823242044554
0.015788840245575989
0.015169133319362057
0.016666029461325105
0.025010856519578562
0.015649252443397803
0.025368404180557125
0.029130991725990651
0.021035792869497374
0.023472330136583803
0.027862354900105267
0.024717090912378475
0.017171604287555146
0.014836444731922012
0.020100471602709707
0.015922520830547127
0.010785460974463024
0.0086044671126008655
0.008030425711919021
0.007277594621672866
0.011437515781925279
0.019715014311484133
0.01904058525998099
0.028064562369140646
0.030084972663753807
0.0307767393816398
0.02376063985763955
0.03823410232965483
0.037239572100158935
0.024540120806091151
0.025106230290583526
0.019337201104576571
0.01132199602717005
0.0094645823462026803
0.0093256006315414024
0.011298209913072715
0.014479227716859605
0.013816145626861769
0.017936739192571202
0.027593967935800989
0.036388690178395681
0.035599061989288937
0.027622450305640166
0.020719844677313939
0.020105002824945588
0.01800298584197476
0.018399172447353816
0.011671410661161912
0.0074476459401386303
0.0049581367975998552
0.0046077696648225575
0.006441615632144679
0.0085796687512224717
0.01345308673326734
0.024399406316365505
0.030012610943691984
0.034315906384297774
0.036658721774122466
0.029126531119328832
0.042174030409196227
0.035149510689543771
0.031861161935729604
0.023921661892125187
0.013620455418327616
0.010474968073443411
0.0075105767862244967
0.0049752244559347998
0.0045952832187557309
0.0084127195368101666
0.016458416887599806
0.021060564982950621
0.03084057456263492
0.031464005127075277
0.0377729195651978
0.030767235269671834
0.023492835023921754
0.02020244427193996
0.023461711914503063
0.017934348266970507
0.010262054332564189
0.0058730573421125112
0.0034475036525070876
0.0033774586349252611
0.0056719358490122706
0.010027766097994101
0.0094222876194041509
0.017197106310343515
0.021206141039778741
0.02418457966286779
0.025665922906821605
0.019988841346325618
0.032496598187941247
0.023516241622246688
0.026744851625976736
0.019961486422797204
0.012602893237141746
0.010359411472123293
0.0059182118083469619
0.0034517255137378406
0.0033637298711312355
0.0056461621346859956
0.016061559263374263
0.021384091688506111
0.032560065886904049
0.039840232785229572
0.0410141920310126
0.029679970052568817
0.022520920290088172
0.019440268757310572
0.022276594504941835
0.017117776023625218
0.010187131739006325
0.0062875023638403124
0.0042877634776402667
0.0045153888774577874
0.0069341115385962351
0.011223705060103362
0.010319237766547451
0.017240344249174904
0.020849813991702746
0.023483443379975759
0.024727114130453823
0.018757098966658177
0.032451915597531938
0.023799916740519265
0.02617364897079846
0.019702471394810874
0.012097960662766818
0.010274578868192471
0.0063281684600004096
0.0042911076732252773
0.0045020178693808699
0.0069089854377731878
0.017010064073814054
0.021631473404145608
0.032861068207763106
0.039286759371915253
0.040096553719299009
0.023003592207106249
0.014840479486858004
0.014072824853027173
0.01801269352659465
0.018347767079073925
0.011457440422167973
0.0086321002176527484
0.0073602790354669757
0.0078605082473207234
0.010048838065615923
0.013631592745263817
0.011415713026457311
0.02026965176653597
0.0261396116253345
0.029230620560509808
0.030701031731793442
0.028697203241498864
0.037533251802881543
0.02705409366918439
0.030629738843476955
0.019622510173219053
0.012135918607688976
0.011537688379448316
0.008679972303811654
0.0073731218019285243
0.0078492657382526337
0.010017847234813866
0.019265333637701408
0.021768323656317409
0.031278760048933478
0.033231915831047489
0.028832721621388831
0.027856056947912669
0.021441931691164831
0.017208876369351242
0.010077510007727707
0.016054937191763517
0.013884403519886658
0.012561803648952697
0.012210256857703904
0.012914139983162418
0.014548503837909619
0.012448262900627487
0.017253808470269735
0.021084680730388453
0.022535309282754021
0.0311607680413763
0.032374708081856815
0.02693862425363713
0.037545081720855696
0.021559517404977593
0.029064817957609103
0.025026045551924541
0.021640236855628305
0.010852708708903806
0.012610027930283797
0.012231754102179098
0.012909038333378958
0.019159423077773387
0.013946958813837201
0.016008843685514616
0.030593688208791193
0.032859766973139047
0.036111028001486252
0.01729773733964822
0.017459851147999597
0.017419905747171161
0.015974708105012767
0.016263566210341619
0.015729778023381855
0.020623439480640125
0.019375332554892558
0.016044630940531164
0.014488692665757441
0.017087488161613918
0.017197760400924668
0.023095458435307144
0.024530260444523756
0.023991161318204134
0.024403892416467541
0.021820776946813947
0.030839865764074232
0.026950806351164834
0.02328368404318603
0.022851897985311651
0.025242685462580024
0.023864820132623078
0.019354429502389438
0.01955478545479997
0.019958362964939649
0.020175005603360708
0.019853251247259198
0.027453500568634482
0.026438625323035935
0.023865543262331434
0.027144482224155105
0.023810009308497481
0.019520689920172522
0.022038267726908995
0.015924341640317974
0.017608491189369569
0.020577805476259703
0.018114086400385344
0.018988815315364733
0.019173783848457669
0.018644099577827783
0.020478235591642135
0.022873014728875644
0.019590623776745281
0.0211676314434949
0.019898404211322555
0.019878246671632321
0.019640861998921729
0.023998902248186241
0.02554737162023132
0.024133985830891252
0.022394587648979461
0.024789727212167056
0.029882714440094722
0.025709903684698367
0.026272876924357005
0.026038336185673541
0.023600419045002739
0.029437609366128485
0.02466201507996689
0.023779547425789943
0.025504014624858629
0.02751957461138296
0.018526750782540687
0.015847264488202086
0.016897522456802098
0.02173128879156894
0.018610828780233454
0.023342549400363219
0.019477730551722625
0.022558699898810555
0.02260945826341659
0.021425790628774311
0.021133571670850046
0.023739476280945804
0.017979161174224
0.016800751845633396
0.011943332861130269
0.011895918579472248
0.011356864472105821
0.012822014739181943
0.020001645259292617
0.024739965539950688
0.026012129858849806
0.023801648460264155
0.027774830052475129
0.03228793906021471
0.033236663346675618
0.032449637190137194
0.035741222610831277
0.028423126109320886
0.025697071209453515
0.022559744733337325
0.02001341100889303
0.020877041087501099
0.011762325692345728
0.01183298975265358
0.014226463088646385
0.01876221944391461
0.020685326802061654
0.02562504448956698
0.026763511680188406
0.024899063793325869
0.024807476712172743
0.026961841400555134
0.023065743477605878
0.021414706195652455
0.018285872708061549
0.011176893999864433
0.008106303390168091
0.0069302039248820696
0.0067938173571984936
0.0075600079031412585
0.011288466632812513
0.022354954077314478
0.028882435323256482
0.034875623021354295
0.032749408125677573
0.034192734317737027
0.033370221296098034
0.030452376194633021
0.034782295761529941
0.026135317831010838
0.023926620083504237
0.019006824015665731
0.015006278286504544
0.012798195258051601
0.0071720318553966534
0.0085712221294926075
0.012418682384771798
0.017231032146265642
0.02420884895818648
0.026779138964100026
0.028079711243653629
0.025655236026892396
0.025436183918993129
0.026782632183940374
0.024100279509562676
0.021657948471386426
0.016730301922768361
0.010466214755421293
0.0061327323986631824
0.0040029951033304229
0.0040145875889445451
0.0056525674888264861
0.010107699248184006
0.016228905534400883
0.02373912936011157
0.02582083780772643
0.031176227069130785
0.034397487902870498
0.035299860048009689
0.029841410177027298
0.035415761400579802
0.027834656677110544
0.022191512842179295
0.015702862527602304
0.011240541070682206
0.0085776794800765145
0.004332635643881597
0.0067883416724877407
0.011594633123386645
0.018248526473816612
0.024616861743546728
0.026451527637550997
0.029202137485138321
0.03395740870808283
0.034804346331254683
0.031570884755131992
0.033216576926390608
0.025390417009519259
0.02092492609673454
0.014475337507533048
0.0085360516543308736
0.0040099425570029263
0.0033919105941246758
0.0057768286052303384
0.010445146069362941
0.017019649716036058
0.023418912996180728
0.02550616271334271
0.023476031109519818
0.024718119508087208
0.024404666992644652
0.026482047890945666
0.027308026179389745
0.020419550014728702
0.021066927744870435
0.013784523732865147
0.0081477681283586879
0.0046933701690193121
0.0036534251985500441
0.0059920377751192218
0.010671562660089205
0.01934870135142526
0.028541540398413986
0.035573742379071037
0.034393536458655991
0.030312154547165349
0.031189512530772824
0.030297479163928148
0.029033611025660419
0.025314680531055872
0.020992468125354651
0.012571148600613898
0.0099464746801887442
0.007185265912667777
0.0054667777365020901
0.0065973632369022012
0.010364185592811258
0.017493483239527052
0.019455032940815575
0.024656782790859817
0.021412915003596815
0.022229085685517229
0.021866047820376051
0.024442378511295323
0.02329710092634495
0.022698427064720663
0.017250511744918942
0.0098100801407667824
0.0057841913667563425
0.0037081883191317851
0.006292928296849
0.0092349268216588079
0.016089481520068082
0.023942009417688058
0.032180564494901941
0.028826788638976648
0.029448801335339711
0.02812365851671474
0.030278914195318904
0.031179811043714242
0.028018124044529275
0.029631861511208106
0.026070618661989724
0.016167110562914026
0.012023061796232238
0.013429824469786054
0.009673454562111234
0.0082088148254762013
0.010852413228803639
0.018260865340470285
0.017689741287818698
0.022686571504384245
0.018292515590455409
0.01855941677571302
0.018203400963832463
0.021203338617154351
0.019333696019167863
0.023373458896309415
0.019282549973848876
0.014075120188185773
0.0076441530537948695
0.0063369480995466671
0.011923143644752377
0.016391912978233183
0.022038190423145976
0.02468892810454049
0.023901133972477919
0.020842678069514481
0.025653830723797705
0.022166118017041818
0.021903111601958934
0.021509043435532664
0.01801176139127519
0.026429469108071944
0.027693581987849044
0.025447188154386929
0.019251316047810489
0.021115896496551181
0.015371542426584308
0.015411650277792789
0.01713584167226255
0.014814849792855916
0.0159572622450064
0.014566935083505822
0.014588772481279612
0.01426446143100725
0.01396928190461701
0.018151452105157971
0.016061075663776226
0.022266080816025848
0.021292646015492134
0.018979653056148044
0.015755890138007999
0.012244138817925668
0.017706514903035122
0.02635788452450618
0.030894837336576088
0.023629727917364261
0.019385463464593057
0.020630908958590904
0.020082823272162015
0.01633348516636474
0.015667340288493287
0.015422155021077289
0.01647761635495815
0.015649245261012117
0.025368400268595232
0.029130989209658932
0.021035791801219502
0.023472327956327806
0.019079578512323475
0.015792809664547588
0.015890658350299507
0.015239042666416043
0.017334730346231036
0.019322300658998683
0.017132453145082105
0.014114893372685648
0.011964651175353957
0.007712123671794708
0.013800349760545571
0.015083443645707533
0.02305409071018651
0.022758326583675513
0.021859255042483556
0.020867947819102905
0.023760639406391761
0.038234101987627549
0.037239568658228382
0.024540120845488511
0.025106230336821068
0.019337202121098757
0.011321995575563687
0.0094645814266085919
0.0093256002409201101
0.011298212015131526
0.014479226103581802
0.013816139731613126
0.01793673415527218
0.027593964400374635
0.036388682213399789
0.035599056410295114
0.027862345765533963
0.023105002990465907
0.017171603391706404
0.014836444590990736
0.020100471234512845
0.015922520816070009
0.010785461032009426
0.0086044669488060752
0.0080304256502885078
0.0072775940295630569
0.011437516887193144
0.019715014795052967
0.019040585812835232
0.028064562760282921
0.030084971319056408
0.030776738314530885
0.029126529584009925
0.042173316178559753
0.035149509480268251
0.031861161396922036
0.023921660057538669
0.013620456964534657
0.010474967749099073
0.0075105756327824265
0.0049752238559903879
0.0045952822802196895
0.0084127228089135534
0.016458413415468942
0.021060561771168752
0.030840177349070526
0.031463997020225405
0.037772918992012031
0.027622452790528544
0.020719838389181636
0.020104996505654008
0.018002985621731884
0.018399172826292505
0.011671410209409372
0.0074476459272612931
0.004958136829427892
0.0046077697630560613
0.0064416154345134291
0.0085796689800018491
0.013453086751151746
0.024399406304051595
0.030012610643205304
0.034315905277362148
0.036658720037039197
0.019988841599412301
0.032496598365471974
0.023516240498984584
0.026744855799342816
0.019961485545591476
0.013134765805408309
0.010370751383706489
0.0059182112945090183
0.0034517253677241338
0.0033637298185396776
0.0056461619675833696
0.016061558909059269
0.02138409126570761
0.032560064732733721
0.039840231884612311
0.04101404320539577
0.030767231933754604
0.02349223028633279
0.020202442396388146
0.023461712159386854
0.017934476793355053
0.010262053585227139
0.005873057457465824
0.0034475037067613051
0.0033774586552022786
0.0056719357132602472
0.010027766360054138
0.0094222881378423391
0.017197106382207651
0.02120614105971047
0.024184579624944177
0.025665739631880739
0.022255800741894902
0.038210160602004661
0.027830061728114114
0.030018622236343519
0.022228164520855825
0.015387110806447481
0.008907543424887459
0.0042067027114911018
0.0020233828813597276
0.0027020109219374113
0.0061171129206135299
0.01282002583004724
0.025769935349362491
0.031720396672381808
0.047861449363539151
0.046839347309721696
0.034974780550238574
0.026304887317119011
0.022312419237921773
0.027822825871012546
0.015293121462164178
0.008813152197826456
0.0041728575400128897
0.0020198202830092348
0.0027038555514991448
0.0061252435421006108
0.011816480318724525
0.013081936947031617
0.018553836158074939
0.023686541748626472
0.027259076649762865
0.029015427010073671
0.032988298205565085
0.043259558873371816
0.030734162251862832
0.037816180821493656
0.027591844174183512
0.011885290125954179
0.010414619965863955
0.0068442739783279895
0.0053854251050306128
0.0062946824099375225
0.0094048111524217062
0.020470175676015848
0.023971627153695566
0.033528435697070529
0.039141281355363607
0.034961809664741043
0.028257445539803146
0.018264690150285545
0.015580390444225496
0.024954566375172689
0.015456174046879901
0.010316820423630186
0.0067936072247108004
0.005369258308855711
0.0062953769539357734
0.0094236025613781884
0.014310267144493117
0.013680915871807297
0.021800218353221046
0.029494078335731883
0.033419355663599777
0.03533004158317285
0.029378295519161733
0.042194589415101548
0.036106964328345183
0.030414490584037935
0.029098286796611618
0.018637899481827574
0.013870970252514839
0.011784364793739699
0.011116512872822216
0.012119560944639346
0.014450635843739323
0.018443704296032752
0.018060049163841619
0.037415950668444699
0.039409353793138577
0.043253812533913881
0.028389987475678575
0.026232161796401893
0.023067066934632771
0.020477722857117468
0.016875663237133836
0.013423872784128306
0.011555573019098632
0.011084784712841172
0.012117081164660256
0.014475004713717007
0.017830929421599161
0.016604728596415007
0.0230814707551459
0.031454185947227736
0.034451840843131132
0.035824891081088675
0.029516905025104029
0.033947261341212905
0.029634496460015158
0.025773867302812226
0.029677301933574516
0.028009358483380004
0.025884987778043277
0.013887985240863791
0.01836429675162303
0.025799353768714662
0.01629443656884726
0.020496061394224399
0.021774166875724098
0.031514060673467292
0.030303618380013095
0.034909945211492689
0.031685126598345957
0.02085988593828475
0.020221513243374456
0.018035853334265828
0.027528761955942279
0.017996766915725843
0.017777126061595108
0.018327953051364893
0.019314940352307516
0.01722161915762065
0.016051982777531188
0.018744327669880521
0.025333100118812315
0.024224480461836354
0.027761028290915948
0.029735182161298442
0.016485990023213402
0.022701838036136523
0.027006112425572628
0.025846093762022272
0.026308297555976561
0.027929544944065871
0.033507085265853491
0.027864058914816376
0.028495773113997817
0.028327810738702882
0.02335957580846805
0.02376583511768917
0.026844056120404875
0.037825889399789508
0.0289280248630184
0.030765980852239024
0.025425229998351541
0.020680005065700943
0.022028505098179947
0.020781052277808711
0.018483928480830237
0.020851568893465719
0.020681495578684587
0.023139766614309814
0.019908263644289791
0.019682789718793548
0.020962824034237878
0.025139455010220881
0.021053165077251568
0.021566718962850218
0.020561483620924307
0.017349100042090504
0.009747666573763112
0.015145812591414206
0.016726543374988963
0.027164592619592136
0.02878546623266854
0.033795208466599225
0.028161061354343229
0.035156211393381528
0.036180474405893538
0.038700588871791092
0.04062761978404781
0.030333613679025481
0.036867567559888084
0.024498084444890291
0.022162515591519619
0.02177014573077957
0.018237989582478027
0.016223770199860561
0.017085166433144984
0.021333123726894013
0.022619660991577018
0.024905858643423463
0.025196949953787573
0.024702464291116281
0.024818944640724226
0.027547856581112719
0.024142313999361724
0.023523237341767176
0.02222562148108953
0.012741865850172425
0.010416362604994844
0.010243545446244911
0.0039247231133421037
0.0065024355844917605
0.01178159459881902
0.021330324103192334
0.032084291277173417
0.054863864564951369
0.036874296038820177
0.038878043402243601
0.038194832263935788
0.034974610992477687
0.039343392899228287
0.027986152916522362
0.026394949778323237
0.020161071548426463
0.013757799081725707
0.012157675804786602
0.010817430081134392
0.010978554008777687
0.014027120181605388
0.018402814587749873
0.027788083598589104
0.028189113503024065
0.029398006518005837
0.028127087100157953
0.028086979499434696
0.029852500050296753
0.031883254959419363
0.024175199608109512
0.019625691805721233
0.010518799939218141
0.0068669479246149159
0.0042408913896660591
0.0017853732694391195
0.0042937208709918654
0.010483634169996097
0.019267421823187279
0.027449058458762554
0.032726246290885615
0.036386672429013237
0.040094115429078162
0.040906554659959314
0.034533042631273353
0.039202514050911824
0.034395870091180947
0.025397688817301381
0.015587321361114608
0.00967970599886743
0.0070006630427605129
0.0057462575931572987
0.0079345142375668101
0.011924098101236413
0.018538665007019985
0.027216583021187329
0.030225266995116715
0.031891245080215666
0.029635955157892725
0.029446285220573444
0.030988009654861658
0.031095224454271968
0.024369881159159477
0.018373720549990195
0.010130873921465911
0.0045587079901338876
0.0018140792654644988
0.0031610360272394671
0.0047331705010615812
0.010310867404534019
0.017826743760644088
0.0259181703664054
0.026710887234341042
0.027269842351002934
0.029007840807502936
0.028696590543871001
0.031056435066909013
0.029178570866940177
0.029986836607827416
0.021826085836709391
0.013063705116497185
0.0075546425999359892
0.0023527623858702481
0.002071342896183269
0.0056449392017270854
0.010486746432685937
0.01983424826036637
0.027962790524743118
0.031032218803402994
0.034898440435958293
0.039818797404530086
0.040876740178878983
0.042311991506346708
0.03419409754301958
0.034497846875660348
0.023266709920173417
0.015084672689127832
0.0070823858964218162
0.0038505382618353222
0.0056519598720357542
0.0065751441487748238
0.010810953839620198
0.015212623113475585
0.025588587891007063
0.027546440343604074
0.025078320553015329
0.026337262587057753
0.025954403270562233
0.029213126821542576
0.032956975932802779
0.025805678789359861
0.016695986139770601
0.011628008276383529
0.0056388346909101864
0.0022085472093294864
0.0018935847155040011
0.0044749900308824614
0.013791146269234821
0.022461198167667465
0.031694008353841126
0.041637555106420469
0.041079826119138997
0.035698885011573665
0.036930910886528841
0.034234734687709899
0.043814992560551588
0.027923217667503841
0.022110056410376513
0.014837184204870273
0.010350052216188753
0.0068015171640490963
0.012050183580380519
0.010890009871864049
0.011687069268015425
0.020037799239379317
0.019437605124997908
0.02494638969426265
0.021431800816699178
0.022021368227972661
0.021619853832571576
0.025658421538172254
0.028524152281290766
0.026557037282575066
0.021895097387543395
0.01138434183071411
0.0094081177498696704
0.0067060327127062141
0.0056481964457892279
0.011455693833649369
0.016987113936180707
0.026031261173021299
0.031933196702780643
0.035091973934157542
0.033749791839931174
0.033530913643327789
0.03384007562670082
0.034599006594946073
0.02935237838916082
0.035533798647793616
0.03117975771360192
0.018513710993166153
0.014806307413375653
0.016330583885299316
0.017175438552972877
0.013804606087163209
0.019612681243751359
0.016150230970903234
0.017030297431690551
0.021416491965043177
0.016882104125384968
0.016710806609917757
0.016353057045353944
0.020939623567807011
0.019030019968054195
0.026530821920181944
0.023753037513140209
0.019997271498094226
0.012606153386556613
0.012010262154937281
0.010502557115319191
0.018712345742500337
0.024151103992957688
0.028425450560995907
0.028758905063227362
0.02397075617488913
0.030975488808473468
0.025906339281367794
0.025704401886499393
0.025130119577795575
0.021760268380920787
0.026898603705013742
0.028117840961039881
0.032992828777950858
0.021320809590425326
0.025507326857917293
0.024625482648209313
0.020097665808014371
0.018116813629882846
0.016663268274170029
0.023932194746706801
0.020716201404110793
0.019548749698977092
0.015692290977038611
0.012734887644163195
0.014951021081315538
0.014274794023330246
0.024478907770350576
0.025443359954844574
0.025366800157946279
0.024526897858917079
0.024095021227412822
0.021171512618487671
0.029993544855685578
0.030098281986342811
0.027980375012970234
0.030322706266254214
0.023899147491214995
0.020888356451763675
0.01575442826782213
0.017851457809244135
0.020762265779974653
0.018223600247407042
0.01692472265061554
0.023691641854220475
0.034073758307405527
0.024518816554762402
0.032461377185762912
0.030927964908353405
0.024069881770563416
0.024245948741159356
0.018052809367490614
0.019349856967178451
0.014777480900593285
0.011083282257150502
0.0088561997444263647
0.0084720819922153769
0.0099701219662487774
0.012738028726624917
0.01541229732169694
0.020396600279481408
0.031229675113002793
0.033574122970278945
0.034414002064673738
0.026402041821003707
0.04333429010826869
0.036107076631767841
0.031607028393371796
0.025787970993858319
0.017905840978700831
0.01149118697108497
0.011188929680342068
0.008902001404834407
0.0084683631085302243
0.015645888546598343
0.018111550599378041
0.019644050201469355
0.028721684834860987
0.042846424961937073
0.039067490257233994
0.031935849391270872
0.023764890960852696
0.020591320484843134
0.027663741846478372
0.019483431689089642
0.011220415641808319
0.0064806408840662362
0.0038908891485154658
0.00387504403663192
0.0064266597292515736
0.011192450611807243
0.014456999339436491
0.026676732809489991
0.033376524691235761
0.038543038061987625
0.041387700203037912
0.032927420531585955
0.048385140333328545
0.040258345542139688
0.036364954350842631
0.025549417530523671
0.014324120098829628
0.011355200610902737
0.0065512738838833604
0.0039118701393439162
0.0038693099120185805
0.0063974006957437102
0.017409176408434347
0.025589333878291973
0.030090298757585839
0.038387146635738306
0.043745176593392457
0.035736633494824005
0.027062848242183638
0.022961929274873474
0.028396860848890367
0.015989100948648704
0.0091290889567327595
0.0040639696771232088
0.001503709359087681
0.0018587685606680322
0.0050777358430845118
0.010725137922727402
0.012762215108294618
0.018673178551252043
0.023818068680342835
0.027671353181150903
0.029644612964950672
0.023021889400015698
0.037905056326443309
0.027393328424048308
0.03108894166352166
0.026830828296633316
0.014659758504460954
0.0092372430213971575
0.0041044158177612686
0.0015085206141843025
0.0018545968181968066
0.0050651949131103437
0.013093721254717538
0.026242065813988934
0.033879310323107627
0.047330303243763028
0.047622797026205331
0.03497478114017321
0.026304888168072731
0.022312419598085099
0.027822825781918376
0.015293121290628688
0.0088131523391311931
0.0041728575464115517
0.0020198201535331956
0.0027038555412057723
0.0061252436854005166
0.011816480441972988
0.013081936980306807
0.01855383625913485
0.023686541634308333
0.027259076675690285
0.029015426704738161
0.022255800170162363
0.038210160371453222
0.027830062098789615
0.030018624003936501
0.022228162950469307
0.015387110135251136
0.0089075436644255618
0.0042067028694646189
0.0020233828683558592
0.0027020110331098606
0.0061171124628003068
0.01282002528595364
0.025769937316679946
0.031720399262536329
0.047861440104999195
0.046839348176631886
0.028257447132150046
0.018264690173821881
0.015580390352021715
0.024954566860683536
0.015456174160025277
0.010316820534177356
0.0067936071860358622
0.0053692582706560054
0.0062953769872621003
0.0094236025965315304
0.01431026712522562
0.013680915823664968
0.021800218404874051
0.029494078412871449
0.033419355573930221
0.035330041367049647
0.032988297842149308
0.043259558702849109
0.030637840343431262
0.036577300118983636
0.027591846972232267
0.011885290195553146
0.010414620317544615
0.0068442738821147854
0.0053854251108684291
0.0062946831074175789
0.0094048103034177107
0.020470173742557371
0.023971629620240197
0.033528437200776445
0.039141279573457116
0.03496181108510317
0.028389988518180264
0.026232161912364549
0.023067067277159518
0.020477723128122221
0.016875663805661394
0.013423873485760024
0.011555573138729415
0.011084784814645893
0.012117081298115286
0.014475004752563756
0.017830929444897465
0.016604728397291664
0.02308147050490322
0.031454185785769966
0.034451840706115025
0.035824890832509122
0.029378294792332935
0.042194587703448444
0.036106964006232575
0.030594561387768775
0.029098287145463586
0.01863789964529752
0.013515340696355377
0.011623563806640848
0.01111651285194928
0.012119560752283105
0.01445063702106684
0.018443702543828749
0.018060052631712151
0.037415956603130802
0.039409351381436752
0.043253810024432383
0.031685126297282297
0.02085988576967996
0.020221513608267204
0.018035853937914133
0.027528761854618271
0.017996766786258479
0.017777125297329728
0.018327952334025201
0.019314940888422592
0.017231325414684168
0.018715757024497161
0.018744327411845493
0.02533309986501904
0.024224480042477854
0.027761027935559967
0.029735180870560957
0.029128399069768565
0.033616735095914362
0.029634496178740723
0.027209109284343416
0.029677300390455501
0.028009358644272207
0.025884989164667988
0.013887984983323758
0.018364300070982213
0.025799353860238607
0.016294438282321119
0.020496063989403207
0.021774170516734671
0.031514058515186197
0.030303620652058671
0.034909939373556624
0.025425231800665988
0.020680005249633371
0.022028505378825877
0.020781052465823183
0.018483927911021214
0.020851569429172916
0.020681496483794037
0.023139766900908007
0.019908263870472707
0.019682789840708936
0.020962823488404381
0.025139453382386365
0.021053164696369392
0.02156671818664779
0.020561482855839548
0.017349099432334491
0.016485989762803039
0.022701838046990649
0.027006112196825884
0.02584609211900615
0.026308297046364323
0.027929544603285866
0.033507084029639589
0.027864059118526199
0.028495774638324315
0.028327811915481251
0.023359577814247447
0.0237658340355184
0.026832044962543065
0.037825894533983939
0.028928006723453279
0.030765982218680328
0.0182379902388622
0.016223770657818694
0.017085166117733183
0.021333123544220834
0.022619660414421164
0.024905859753604456
0.025196951917635324
0.024702464845980848
0.024818945061443345
0.027547854909409308
0.024142315016780869
0.02352323663985725
0.022225621713306654
0.012741864916917159
0.010416362645194429
0.010243545465958117
0.0097476660883306938
0.015145812587346092
0.016726542735394298
0.027164591204789999
0.028785461704764283
0.033795206215733876
0.031014856261829059
0.033471870134630599
0.036180475224075984
0.038700591082270579
0.040627621494772052
0.030333613399467961
0.03686756663038903
0.0244980844750411
0.022162513190402463
0.021770147723109146
0.010817430228531223
0.01097855414022385
0.014027120227981965
0.018402813471783568
0.027788083145462106
0.02818911358999571
0.029398007226145498
0.028127087673830795
0.028086980537727978
0.029852500654268574
0.031883254558742136
0.024175194146271815
0.019625691956001022
0.010518800275980379
0.0068669479492697002
0.0042408913703127302
0.0039247230717469172
0.0065024356326841256
0.011781594497693343
0.021330323008017769
0.032084292762054878
0.040435738259577615
0.036874295412374927
0.038878044396180762
0.038194832534806336
0.034974611234917144
0.039343393224101506
0.027986153438939003
0.026394948822886059
0.020161071006135442
0.013757798674342979
0.012157676350286396
0.0057462572799808183
0.0079345139666788383
0.011924096958362496
0.018538662003990711
0.027216582971263871
0.030225266089739498
0.031891245222233355
0.029635955358314071
0.029446285548143082
0.03098800961284064
0.031095227293066574
0.024369883044473364
0.018373721641136868
0.010130873931648476
0.0045587076887017236
0.0018140792079015572
0.001785373224055326
0.0042937209055485676
0.010483635167322378
0.019267422550294299
0.027809487735070762
0.03272624607770569
0.036386672573307299
0.040094114593065742
0.040906555338572022
0.034533043145510582
0.039202513248474444
0.034395869587272559
0.02539768930317314
0.01558732179277696
0.0096797057458549041
0.0070006631214942537
0.0020713426184681824
0.0056449382304663755
0.010486746410550902
0.019834248433016167
0.027962790566079154
0.031032219174338082
0.034898440568569979
0.039818797826123568
0.040876739915555495
0.042311991852100869
0.034194096608088836
0.034497845125293358
0.023266708873261349
0.015084671753524502
0.0070823863255100247
0.0038505380233033954
0.0031610359718226961
0.0047331704037333142
0.010310867477407311
0.017826743891629908
0.025918173320759456
0.02671088749397019
0.02726984242012194
0.029007840993879229
0.028696590507674348
0.031056434746000297
0.029178569896041014
0.029986835888615112
0.02182608596359999
0.013063705254559695
0.0075546427340544391
0.0023527623978585269
0.0018935846500406036
0.004474990490596303
0.013791146582211051
0.022461198880746363
0.031694008867047554
0.041637555750613113
0.041079826146657894
0.035698885643459806
0.036930911544897901
0.032824424025584817
0.042416366669580208
0.02792321561568438
0.02211005541813011
0.014837184439096616
0.010350052571077165
0.0068015168662309998
0.0056519599623294113
0.0065751444533352337
0.010810954238231365
0.015212623008040693
0.025588588627741955
0.02754644066667267
0.025078320597238121
0.026337262579617379
0.025951738313271275
0.029213126885571025
0.032956975390963456
0.025805678756780682
0.016695986385301901
0.011628008439669055
0.0056388347241446979
0.002208547196073603
0.0068129746032138784
0.011455693138923787
0.016987114850403932
0.026031261252771418
0.031933196107410279
0.035091973502440935
0.033749792218887339
0.033530913365298898
0.033840076730266469
0.03459900551322926
0.029352377760829957
0.035533805647821992
0.031179754133027565
0.01729542262768833
0.014806308304641403
0.016330584194928739
0.01205018361456236
0.010890011085583781
0.011687069662813658
0.020037799462584428
0.019437605196122504
0.024946390059856764
0.021431801003922144
0.022021368343933846
0.021619853698688473
0.025658420890255908
0.028524152359211921
0.026557036964737782
0.02189513090447524
0.011384342154291587
0.0094081178048353066
0.0067060323845705965
0.012473699856180621
0.018712349615976814
0.024151103345906803
0.028425449860366415
0.028759078675871387
0.023970755494639215
0.030975488686829464
0.025906339862761526
0.025704402482429643
0.025130119358449245
0.021760267658455335
0.026898603591917997
0.028117840059361607
0.029285025488125841
0.021320810711978395
0.025507327272348553
0.017175437920964508
0.013804605230262881
0.019612681534309662
0.016150231391659799
0.017030297693012213
0.021416491826426624
0.016882104180741188
0.016710806838220807
0.01635305716601422
0.020939623529579707
0.019030019700595265
0.02653082087771251
0.023753037264300093
0.019997270379356009
0.012606153710701624
0.012010263614234904
0.021171517298238351
0.029993548289397768
0.03009828140108178
0.027980374641278082
0.030322706043878243
0.023899147790491404
0.020888356242781528
0.015754428249196758
0.017851458264719997
0.020762265809386948
0.018223600755184536
0.016924721618355072
0.023691639606689255
0.034073757868450932
0.024518815827052617
0.032461382296656641
0.024625478469808434
0.020097666688266198
0.018116814627600238
0.016663268682202866
0.023932194590100611
0.020716201438240562
0.019548748905611868
0.015692288987625074
0.012734887914006331
0.014951021570796027
0.014274794250095934
0.024478907876033403
0.025443360105473347
0.025366799061868738
0.024526897578795427
0.024095022092289271
0.026402046121887682
0.04333428978942145
0.036107073467218517
0.031609810839646937
0.025787971984137417
0.017905840835482214
0.011490995974316518
0.011188929251176304
0.0089020006771686182
0.0084683624809258028
0.015645891495912882
0.018111549601756156
0.01964404683012505
0.028721680467884519
0.042846410212518879
0.039067482197183007
0.030927972495644392
0.024069883423018277
0.024245950605542743
0.018052809411757464
0.01934985675743298
0.014777480512887933
0.011083281764611647
0.0088561994194511495
0.0084720815681512008
0.0099701211254298941
0.012738029773619052
0.015412298029392051
0.020396600947591097
0.031229674946333021
0.033574120766024132
0.034414002124325042
0.032927410657345987
0.048385138708440883
0.040258343735439919
0.03636494893764871
0.025549417534773605
0.014324121213848085
0.011355199703448778
0.006551273351902899
0.0039118700222028676
0.0038693099720850366
0.0063974010041856705
0.017409175732632062
0.025589332110446967
0.030090280143147321
0.044327883765143225
0.058416989197324659
0.031935855329706317
0.023764884078138281
0.020591317935583924
0.027663741729630084
0.019483431870966364
0.011220415363114054
0.0064806405633324893
0.003890889149847504
0.003875043864853947
0.0064266591682089671
0.011192451667550092
0.014456999120566047
0.02667673294217714
0.03337652542414761
0.038543039448916731
0.04138769597934544
0.023021889394129184
0.037905054129977508
0.027393328240466287
0.030530297108701202
0.021092684698300314
0.01465975902456529
0.00923724337626676
0.0041044154027853634
0.0015085206207478151
0.0018545967669770984
0.0050651949801155133
0.01309372141336379
0.02624206472550096
0.033879306291985538
0.047330300481641115
0.047622799831974018
0.035736626735209581
0.027062845240875159
0.022962099450946755
0.028396860776532779
0.01598910112398658
0.009129088643120056
0.0040639695883622267
0.0015037093707510052
0.0018587685149128801
0.0050777356245537376
0.010725137900754998
0.012762215277409278
0.018673178586405471
0.023818068999665942
0.027671353068968389
0.029644651056646119
0.02427681135251486
0.041462587126509326
0.030202985050263313
0.032197663909323673
0.017717252621212525
0.014944829691556086
0.0077766876445385215
0.0028108655229781639
0.00071839432949900362
0.0018223695157928367
0.00593060086012351
0.012452695814975299
0.029834757010113792
0.033711616574279971
0.051474960237836057
0.049250242380122267
0.042889027784748103
0.028410776153439558
0.023937605506782193
0.028955473895580262
0.014738338789283052
0.0076847651934983168
0.0032297176206727654
0.00074158203635666287
0.0016280019720205851
0.0059293222420071347
0.012492380186829631
0.016272165033466863
0.0191545809379206
0.025124171928492457
0.029252039931226981
0.031334414778887945
0.035129969144978554
0.046174431856759492
0.032720646193710214
0.038959489968442423
0.02885122952167779
0.015503432654220627
0.0093521986010841659
0.0054380351483643893
0.0039886009538141224
0.0052824846060483639
0.0090599503816766458
0.015073904859348758
0.027435342475633867
0.026875477583722246
0.046654799259211691
0.038876042244109371
0.031778216742883648
0.020666220797746666
0.017376609159102618
0.025859783652172726
0.015024718687637065
0.0092518536123293357
0.0053902713837250702
0.0039730717192687295
0.0052749294158123223
0.009067727242838941
0.014816437753696655
0.014114763006399217
0.024425982413470763
0.031103562781624444
0.035473189876095407
0.037631304467029836
0.029983765601874691
0.044176823386371612
0.035937657019841585
0.036547244675942572
0.03047645879468578
0.019214242613180704
0.012822053413247136
0.01056421151615154
0.0099974652362125709
0.01126696527765223
0.014132584422590775
0.01870172754452493
0.019283099304403771
0.040274688385063574
0.042828299542217965
0.045554673776131809
0.03002749866796308
0.029455826545814145
0.025593501866056575
0.022792911919210845
0.014149543777102798
0.01271833092439084
0.010489552257053981
0.0099613097831602465
0.011258573390016048
0.014148859577499295
0.018766312433927752
0.01707932095820968
0.022215321274107254
0.032570262287390676
0.035587197565084723
0.036981141950675096
0.029181792270787356
0.035957827156729918
0.030026099595341499
0.028301442143573878
0.030636803098988946
0.029442129430004984
0.020429977804217049
0.017439339269224231
0.017844056041148304
0.018907930953778865
0.021071367482831886
0.020243989335569736
0.022622455002647347
0.032563972014984635
0.034374395872275781
0.043450562476461826
0.03749601478090684
0.02667355795353369
0.022102609600926745
0.02035036439492555
0.027128958215994533
0.014880631918044328
0.017364234239544932
0.017797793038978649
0.018896327144719775
0.016500945443617757
0.015855096611897251
0.023582917997254937
0.026317712695827136
0.024343419902162912
0.028637094859988724
0.029812314246448431
0.014690590281398026
0.020365188446103792
0.027371214892899117
0.026364957620707032
0.025460344070947463
0.029670941295406112
0.035252076390227587
0.028413124330096583
0.029055716097024148
0.028992040892422785
0.023196338998519965
0.023907772720191057
0.028453849907227827
0.038578477004520037
0.029941904830796978
0.032386278628586861
0.025745491894169619
0.021151809478214999
0.021625631792870123
0.027378545126505546
0.018835387419832018
0.023236397333523905
0.020277862520669234
0.023192282397678794
0.022612513077236648
0.01903361711988286
0.022387949547040046
0.027882718408480299
0.024793162533151905
0.021658624685131498
0.018821489176648182
0.015841973596665549
0.0079698726538946791
0.014129484634070402
0.015895207092208385
0.02805435678083083
0.030102140521253481
0.03428986951106569
0.030844845286433747
0.036626115078182815
0.037747389841633512
0.036882038223107316
0.043187911932072345
0.03279326560314802
0.037468071798931017
0.02573785290163938
0.022107651653185706
0.020028333221164058
0.017074868952902524
0.015533164122096406
0.017244265133850446
0.020666652916087807
0.023848784902516542
0.030344205173514625
0.02481033599033142
0.025246145691375847
0.025431712204114592
0.028839084464830741
0.032132250982922855
0.025117696858224396
0.02343129850169981
0.012014175586876752
0.010999837747059033
0.0089461472835435565
0.0021170235982733909
0.0054988308799173609
0.014388803599531106
0.021475830485748727
0.033520928637441653
0.042964253855169152
0.038525842165277657
0.040881999317090009
0.040394770797132031
0.036765365866987844
0.038327909844998932
0.036647348863635042
0.028418893025337854
0.018441814302331147
0.013609331352945656
0.011202033307165935
0.010691237830401466
0.010215236598233297
0.01356201841153579
0.019093365991268135
0.029464730777393876
0.029019607877375436
0.028944989657296034
0.029410173849313385
0.029438510968858984
0.031828886979430648
0.033886751052077863
0.034127278433712584
0.020785363624492913
0.011547991853662795
0.0060410811185269064
0.0027890172493329007
0.00066773248253942355
0.0042310601983340593
0.010224326361336919
0.021088851635966403
0.032309939716960764
0.035840775205234224
0.03920278917044448
0.043025725029063225
0.043658496741354066
0.041120777556737903
0.044083992652428058
0.037210104513313025
0.027147885526477449
0.015409410236696841
0.010881206897309115
0.0052530375639381682
0.0040245705628002967
0.0079087686581336102
0.011299558149023285
0.018973505906455027
0.026607224917327719
0.031788942560764984
0.036339250305386983
0.031543172780146206
0.031410747627672
0.033160238832325849
0.033296466459765237
0.027725170217014612
0.018418963119903226
0.0096486327757025151
0.005123608073985245
0.00061465000296165122
0.0026955592700464701
0.0062639599201976953
0.010356564812683666
0.018393453353969868
0.027882935610118783
0.032025287766725738
0.029279317450941429
0.031329059557593797
0.031055875260859008
0.036929907862753943
0.031153019217122203
0.031164492990971276
0.021986069054374446
0.01210462319380089
0.0063492231639554223
0.00094329530106544626
0.00085372001946833686
0.0046829694561021113
0.010230862587790797
0.020727514432196316
0.031124868976475845
0.033783541144047739
0.040841880370502882
0.042753282866851393
0.044163164295665205
0.045373495864716062
0.036635300853632674
0.037055167314937194
0.025220245884198637
0.015588308582205224
0.0063922554834395483
0.0035578349143212985
0.006338649750489098
0.0074071275650014869
0.011388490076996029
0.015897902302378128
0.026552856125799655
0.026120886382001347
0.027232183260014219
0.028800031688207689
0.028428702024383679
0.036295262185668642
0.034871952883161264
0.027655981578358121
0.017541815643758653
0.012211019257205157
0.0056623113839426422
0.0019075172793748102
0.0015598436260087357
0.004576764574934093
0.015073205646132149
0.022990601368441818
0.034732193255367069
0.044584308535786495
0.047530305795935784
0.038803118217305844
0.040306579357937335
0.036017585910208802
0.045368358073402476
0.029542260052180438
0.023622268330004321
0.016303163981860731
0.0098463982790368311
0.0073044906977499935
0.014099202104976262
0.01241357185141867
0.014338331003626048
0.01621363899410724
0.019824641640897814
0.025845422456141225
0.023484144654097566
0.024333057629642343
0.023919371147375922
0.028815030974039049
0.033888989041334493
0.028453043630893116
0.022060099629863807
0.015649259752617415
0.010300086624038363
0.0065454392428762444
0.004967809975893858
0.013011167414485186
0.020977800956632642
0.025123131007254031
0.032555386536976726
0.03951348357187371
0.038513280717476991
0.036708432355820948
0.037168894866986074
0.035736314037904622
0.032395965798596486
0.038835929453281341
0.033650984314908726
0.018858024644929628
0.016877460584833328
0.018439392674271762
0.020146516848039819
0.016073953830650297
0.016235657095188486
0.017007987747096817
0.017479774588070429
0.02193871439794037
0.025337889979512435
0.023190824382022603
0.016353962676169773
0.02383615548708733
0.021298929564061497
0.028353554465280189
0.025804316218947975
0.015827424172119721
0.017447386753545131
0.015504511065343649
0.012808844329863595
0.023538596694079868
0.023629862946970021
0.028736147589463228
0.02965454799800089
0.030091783744792752
0.034912110560178712
0.028470105552023079
0.028344676041014014
0.027624794912443178
0.023218363006122796
0.026052415042176966
0.02923458675966438
0.030071704255039296
0.024219498439053883
0.028928944554988765
0.031568589280436342
0.022557712374413969
0.019684966588788277
0.017515759005323903
0.02579122437909772
0.020591797307680418
0.018628351537361757
0.017260219642957528
0.016641683038487502
0.016738861345574622
0.013801616407716771
0.026049631916059503
0.027481363123187885
0.026850494247827112
0.026485444541841045
0.026071098286541017
0.023054609990562715
0.032293902865702891
0.031512590580717183
0.029423843381567626
0.032140290361018065
0.021151291849455762
0.020984429498375909
0.016503681195476454
0.018879168305562785
0.022752797260479844
0.021634504934914381
0.021852232459721763
0.024781364789819679
0.037566800703105578
0.038404422485941329
0.0419946965279017
0.032199971019403632
0.026232441189407405
0.025994415824837698
0.027885045331242322
0.019717215744490688
0.015142515487989294
0.011558103558984505
0.0095096739360627652
0.0093535126617685926
0.011083577196742019
0.014299885407027564
0.016021225381943349
0.02903665570968577
0.032654984396838324
0.035083280993039111
0.035977066120347477
0.029354230431040337
0.045801075570630158
0.035583626892114334
0.032260257943754138
0.022411798078598152
0.017578503428297369
0.019446440721585093
0.011677195465294223
0.0095597556220240951
0.0093489370670473172
0.015656604592038378
0.0194877275024978
0.025024825126117024
0.037422340461393665
0.046035116102739547
0.039543636947717106
0.034096401347341196
0.025310165019902148
0.021885804209295822
0.029662725612428626
0.017298862306558721
0.010866204605094291
0.0061015496284918822
0.0036748349100075009
0.0040118918815371264
0.0070282079769460448
0.012309401144414216
0.017948440724206715
0.028080231841610171
0.034734413050606282
0.040231616988021079
0.043300262682051352
0.040903151623689932
0.051426708488415046
0.043126531750563475
0.038701584915425032
0.024823941998972435
0.016593822629803065
0.0110133789661252
0.0061764346317128562
0.003696524807329132
0.0040088296922969301
0.0069995292875470252
0.018530028061370597
0.028710411425564866
0.027721572344884454
0.042485334607449646
0.046751755579724601
0.043180623081410227
0.028854288481522668
0.024398921017162865
0.029498936980616865
0.015535518844579616
0.0082504531642058222
0.00303294651415626
0.00061180167588285362
0.0013777769531969819
0.0052161196301170974
0.011614092249528585
0.017408745589869386
0.016278402430592625
0.024985156676078327
0.029293919280859154
0.031549419914447298
0.02444506890760087
0.040780186829889986
0.029619044302784069
0.032593917633066731
0.020279737239846996
0.014124470996436345
0.0083593637593935479
0.0030692798885790218
0.00061605816929765234
0.0013777898913398812
0.005209952822311445
0.011565354665151469
0.029228003359629353
0.033429456990776006
0.051870412163624348
0.04982503547197583
0.042889025334981304
0.028410775887860396
0.02393760552169474
0.028955474025375939
0.014738338878183778
0.0076847653594934225
0.0032297174298563172
0.00074158208263289376
0.001628001951456905
0.0059293223485269832
0.012492380465051151
0.016272165067762412
0.019154581102917963
0.025124171757173304
0.029252039971851936
0.031334414253786608
0.024276810681815177
0.041462587100490556
0.030202984306040726
0.032197666385191906
0.017717253695069501
0.014944827867673363
0.0077766872450884591
0.0028108656395640021
0.00071839436143553419
0.001822369582165117
0.00593060103025966
0.012452695436269262
0.029834757636925426
0.033711618502961969
0.051474961211745586
0.049250242737323965
0.031778218119834667
0.020666221438455923
0.017376609055562448
0.025859784184198042
0.015024718912505432
0.0092518536817830233
0.0053902715333000043
0.0039730717105252687
0.005274929504480488
0.0090677273454043607
0.014816437925300388
0.014114763036712771
0.024425982030604754
0.031103562998467584
0.035473189634400291
0.037631304054177972
0.035129968652905887
0.046174430826567171
0.03272064575190381
0.038959488137531154
0.028851229758690089
0.015503432324374239
0.0093521985202263402
0.0054380352821548654
0.0039886009471084994
0.0052824846510305268
0.0090599512736616924
0.01507390489114728
0.027435343091577916
0.026875476060220761
0.046654804748149072
0.038876045736768589
0.031247906174013351
0.029455826918432768
0.025593502420966321
0.022792912107376356
0.01414954447270751
0.012718331765850631
0.01048955245801819
0.0099613098390003412
0.011258573385597461
0.014148859509309773
0.018766313030330578
0.017079321184183642
0.02221532141885563
0.032570261444618512
0.03558719729952
0.036981141638359707
0.029983765535931083
0.044176822739868379
0.035937656168734025
0.036547245182824428
0.030476458240703636
0.019214242638490135
0.012822053725657624
0.010564211545511239
0.0099974649297052791
0.011266965093295866
0.014132584411468396
0.018701726473202611
0.019283103709411886
0.040274698777092437
0.042828301699301304
0.045554664709347874
0.038745418908320027
0.02667355709176155
0.022102610070296371
0.02035036521958393
0.027128956756551369
0.014880632514115515
0.017364233145981147
0.017797792580803187
0.018896327393807071
0.016500945688192423
0.015855096362000581
0.023582917893625457
0.026314494603227739
0.02434341923023434
0.028637094807758806
0.029812314269316458
0.029181791812268144
0.035956800224345629
0.030026099381277687
0.028301442079180478
0.03063680175322318
0.0294421297686106
0.020429977455360515
0.017439339585376856
0.017844056600874174
0.019446974132754872
0.021545424434476285
0.02024399132637603
0.022622458710420179
0.032283282295788349
0.034374398885494477
0.043450265131971366
0.025745496218384574
0.021151809854046518
0.021625632226714892
0.027378546028925251
0.018835386084745939
0.022910210980482352
0.020277864908482702
0.023192282941520988
0.022612512974125192
0.019033617193114107
0.02238794883120335
0.027882715891179636
0.024793157633655697
0.021658624007557328
0.01882148877388071
0.015841973894526101
0.014690590076537542
0.020365188229360856
0.027371214765998308
0.026364957615446157
0.025460344063237432
0.029670941063213222
0.035252076513323086
0.028413124001479148
0.029055716642490889
0.02899204187998821
0.023196341644602807
0.023907775650762072
0.028453853310117412
0.038313517596741592
0.02994342211416116
0.032386280030594426
0.017074869381850447
0.015533164942635742
0.01724426523508096
0.020666653125341477
0.023848783298196501
0.025021273710174655
0.024810339402884362
0.025246146300826736
0.025431712631201198
0.028839081638687803
0.032132245053929573
0.025117694664364951
0.023431299281566561
0.012014173752577064
0.010999837406690692
0.0089461470266449569
0.0079698725281484081
0.014129484603052831
0.015895207002373818
0.028054356562816192
0.030102139348132839
0.03428986895983361
0.030844845157766202
0.036626114877426008
0.037747390354264131
0.036882039425447849
0.043187913918049117
0.033268977253546175
0.036558896632302454
0.025737850525623957
0.022107646695213548
0.020028333920950638
0.010691237511322211
0.010215236864418581
0.013562019205850604
0.019093365032678857
0.029464729656108989
0.029019607538726244
0.028944990150329308
0.029410174456607742
0.029438512382511169
0.03182888814003719
0.033886747733737163
0.025785597746330824
0.020785364187008725
0.011547995412354128
0.0060410814479041602
0.0027890172454315791
0.002117023589675639
0.0054988308475415193
0.014388803464263342
0.021475829866697441
0.033520928374909845
0.042964252996133045
0.038525841806785921
0.040881999609572305
0.040394771096485427
0.036765366333818196
0.03832790944006511
0.036647350201852232
0.028418896686007774
0.018441814943858437
0.013801693965010181
0.011202033541350669
0.004024570275610386
0.007908769338627112
0.011299556179259984
0.020658657890074556
0.026607225390951686
0.031788941062935665
0.036339250096515771
0.031543172826187314
0.031410747145576276
0.028178581711232553
0.033296471171179433
0.025893800285937404
0.018418967439902123
0.0096486330495604931
0.0051236086227582755
0.00061464999783412673
0.00066773246666306039
0.0042310600790187872
0.010224326381321562
0.021088851537999213
0.030555865460856105
0.035840775469369673
0.039202789010109096
0.043025724858591782
0.043658496853148418
0.041120385216568696
0.044083992007360857
0.037210103511706338
0.027147886051113769
0.015409410599593871
0.010980923184910387
0.0052530375667558015
0.00085371987089791928
0.0046829669480643963
0.010230861385888473
0.029271276450070046
0.031124867737680664
0.033783541629800372
0.040722251056615491
0.042978860635530552
0.044163163001802612
0.047099417330225865
0.036635305775022574
0.037055171542704164
0.025220246079336039
0.015588309000134044
0.0063922560402190397
0.0035578348088342289
0.0026955592522649673
0.0062639599816416381
0.01035656478156757
0.018393453245275301
0.02704238361902192
0.032025288239817824
0.029279317552251709
0.03132905967311695
0.031056641699036311
0.036929907266916487
0.031153017554360354
0.031164491280315038
0.021986069933220269
0.012104623434705796
0.0063492231646545003
0.00094329534845770001
0.0015598436848146434
0.0045767652109285854
0.015073208097147473
0.022990602859585839
0.034732192016932034
0.044584309034640543
0.047530306031243467
0.038803118891511175
0.040306579635898426
0.036017583999786468
0.045368448493057281
0.029542261501300186
0.023622268312666034
0.016303163976306149
0.0098463984670360237
0.0073044904580294367
0.0063386495850641838
0.0074071275256279347
0.01138849027540891
0.015897902429250581
0.026552856486856805
0.026120886860125019
0.027232183413437156
0.028800031714616221
0.028428702026693894
0.03629526176988393
0.034871952660702484
0.027655979964204814
0.017541815707059521
0.012211019415123855
0.0056623113208028198
0.0019075172270675142
0.0049678099912759729
0.013009596187517443
0.020977802742036776
0.025123131405945305
0.032555385974813528
0.039513482766013665
0.038513280588584685
0.036708432763283352
0.037168895034323426
0.035736316101627925
0.03239595814966733
0.0388359330303399
0.033650985254816489
0.018858024918104496
0.01687746029547546
0.018439392523956998
0.014099202051398963
0.01241357222354879
0.014338331290562695
0.016213639343798138
0.019824641760108962
0.025845422802532707
0.023484144957622279
0.024333057859503019
0.023919371207900875
0.028811238591323094
0.033888988391550155
0.028453042932057259
0.022060099922672979
0.015649260610616191
0.010300086909816744
0.0065454393336399769
0.012808844157393045
0.023538597326690461
0.023629862162858638
0.028736146163716492
0.029654546755221639
0.030091783706660043
0.034912109100138124
0.028470814974282017
0.028344675910808349
0.027624794517421961
0.023218362290617724
0.026052416752881974
0.029234587644573207
0.030071704494550315
0.024219498268088127
0.028928943863714755
0.020146516614400835
0.01607395337775001
0.016235657124124895
0.017007988012734957
0.017479774692158442
0.021938713958506134
0.025337890489426675
0.023190824940487804
0.016353962908885446
0.023836155235478131
0.021298930015423902
0.028353553664387725
0.025804316828258445
0.015827424255127218
0.017447386901211771
0.015504510688912846
0.02305461214359315
0.03229390354471328
0.031512589538719812
0.029423841978451579
0.032140290061070713
0.021151291738243587
0.020984429328547962
0.016503681003662913
0.018879168501289689
0.022752797154368527
0.021634503937637262
0.021852233728914955
0.024781365430203987
0.037566801533640504
0.038404419414256791
0.041994697539287543
0.031568586554387858
0.022557710746093199
0.019684967061333419
0.017515759306458576
0.025791224047927632
0.020591797309019395
0.018628351518774403
0.017260217803589242
0.016641678836119871
0.016738869358389634
0.013801616473568501
0.026049632758750382
0.027481363049344041
0.026850492072388842
0.026485444972421824
0.026071099607896806
0.027550595654866391
0.045801078246452041
0.035583624915247448
0.032260255391247404
0.022411798122826992
0.017578503377993337
0.019446440973733176
0.01167719541191261
0.0095597555192190719
0.0093489372292026238
0.01565660462032175
0.019487727830303631
0.025024824994229984
0.037422341545324353
0.046035112857047575
0.039543633142669607
0.032199972973651791
0.026232443022828546
0.025994417109582769
0.027885045529365621
0.01971721551977226
0.015142514914302612
0.011558102485011075
0.0095096727702146996
0.014404061366131241
0.013117032487954899
0.014299883820205831
0.016021226290776069
0.029036655405388224
0.032644129479734905
0.035083278685752457
0.035977068514845487
0.034540615326198773
0.051426706182350602
0.043126533104214423
0.038701583289058983
0.024823941553949298
0.016593824164104529
0.011013379171697533
0.0061764343485492404
0.0036965247209574644
0.0040088296244656972
0.0069995291759786362
0.018530027940148516
0.028710411889844613
0.027721568700558707
0.042485313692970823
0.04675176601861674
0.034096416753603309
0.025310166720347534
0.021885803475986829
0.029662726530614202
0.017298862333488343
0.010866204274984238
0.0061015493517468655
0.00367483491436553
0.0040118914515460723
0.0070282070349227434
0.01230940253412453
0.017948441174472227
0.028080231684697525
0.034734413518500575
0.040231617242683745
0.043300255848445997
0.024445068550943843
0.040780182141649926
0.029619045117622349
0.032593912854260533
0.020279736144103982
0.014124474400749687
0.0083593641025819197
0.003069279736604362
0.00061605814725566681
0.0013777898371832424
0.0052099526367934594
0.011565354900261565
0.029228004670781904
0.033429453149637037
0.051870399472744598
0.049825045272848138
0.043180637095338863
0.028854290236366213
0.0243989208559975
0.029498937009916282
0.015535518822199038
0.0082504530714965236
0.0030329464176276025
0.00061180167845596353
0.001377776881023844
0.0052161194371554819
0.011614092080617843
0.017408746801051485
0.0162784020702984
0.024985157032139278
0.029293919318893545
0.031549419810364888
)
;

boundaryField
{
    xmin
    {
        type            cyclic;
    }
    xmax
    {
        type            cyclic;
    }
    ymin
    {
        type            cyclic;
    }
    ymax
    {
        type            cyclic;
    }
    zmin
    {
        type            cyclic;
    }
    zmax
    {
        type            cyclic;
    }
}


// ************************************************************************* //
