factor,pair,ratio,stage,baseline_state,optimized_state,baseline_manuscript_state,optimized_manuscript_state,baseline_ms,optimized_ms,speedup
1,1,T2_over_T1,total_ms,E1,E2,T1,T2,24.821248050000001,25.231871599999998,0.98372599716304843
1,1,T2_over_T1,gas_flux_ms,E1,E2,T1,T2,0.37836798999999999,0.36966399849999998,1.0235456834728796
1,1,T2_over_T1,eulerian_coupling_ms,E1,E2,T1,T2,0.098815999949999997,0.098304003500000001,1.0052082970354306
1,1,T2_over_T1,injection_ms,E1,E2,T1,T2,0.03225599975,0.032767999899999997,0.98437499537467965
1,1,T2_over_T1,bin_pre_ms,E1,E2,T1,T2,0.37788799399999995,0.38604798899999998,0.97886274444496579
1,1,T2_over_T1,pressure_pre_ms,E1,E2,T1,T2,1.5385600349999999,1.5406080499999999,0.99867064500928715
1,1,T2_over_T1,collision_pool_ms,E1,E2,T1,T2,0.803327978,0.96716800300000005,0.83059817478267006
1,1,T2_over_T1,relax_ms,E1,E2,T1,T2,10.33983995,10.3434238,0.99965351414876769
1,1,T2_over_T1,track_ms,E1,E2,T1,T2,3.8195199999999998,3.8123519449999996,1.0018802185903641
1,1,T2_over_T1,bin_post_ms,E1,E2,T1,T2,0.373760015,0.37990400200000002,0.98382752756576641
1,1,T2_over_T1,moments_ms,E1,E2,T1,T2,1.5697920299999999,1.7986559849999999,0.8727583501744498
1,1,T2_over_T1,pressure_post_ms,E1,E2,T1,T2,1.5211520200000002,1.5201280150000001,1.0006736307665509
1,1,T2_over_T1,compaction_ms,E1,E2,T1,T2,3.9459840050000001,3.9439359899999999,1.0005192820079212
1,1,T2_over_T1,boundary_ms,E1,E2,T1,T2,0.024576000899999999,0.024576000899999999,1
1,1,S2_over_S1,total_ms,S1,S2,S1,S2,24.795136450000001,25.048063299999999,0.98990233907625114
1,1,S2_over_S1,gas_flux_ms,S1,S2,S1,S2,0.358400002,0.37632000450000003,0.95238094630709424
1,1,S2_over_S1,eulerian_coupling_ms,S1,S2,S1,S2,0.1049599985,0.099327996399999993,1.0567010541249577
1,1,S2_over_S1,injection_ms,S1,S2,S1,S2,0.034816000600000001,0.033280000099999998,1.0461538610392012
1,1,S2_over_S1,bin_pre_ms,S1,S2,S1,S2,0.026623999699999998,0.11161600050000001,0.23853210633541735
1,1,S2_over_S1,pressure_pre_ms,S1,S2,S1,S2,1.490432025,1.471967995,1.0125437713745944
1,1,S2_over_S1,collision_pool_ms,S1,S2,S1,S2,0.73164799800000002,0.87091201550000008,0.84009404506832175
1,1,S2_over_S1,relax_ms,S1,S2,S1,S2,10.74022435,10.393088349999999,1.0334006590062328
1,1,S2_over_S1,track_ms,S1,S2,S1,S2,3.8640641000000002,3.850751995,1.0034570143746691
1,1,S2_over_S1,bin_post_ms,S1,S2,S1,S2,0.37529599699999999,0.37990400200000002,0.98787060684872696
1,1,S2_over_S1,moments_ms,S1,S2,S1,S2,1.5923199650000002,1.8263040149999998,0.8718811062790115
1,1,S2_over_S1,pressure_post_ms,S1,S2,S1,S2,1.5299040100000001,1.52524799,1.0030526314609338
1,1,S2_over_S1,compaction_ms,S1,S2,S1,S2,3.9567360900000002,3.9429119799999999,1.003506066092807
1,1,S2_over_S1,boundary_ms,S1,S2,S1,S2,0.0255999994,0.0255999994,1
1,1,S2_over_T2,total_ms,E2,S2,T2,S2,25.231871599999998,25.048063299999999,1.0073382240294801
1,1,S2_over_T2,gas_flux_ms,E2,S2,T2,S2,0.36966399849999998,0.37632000450000003,0.98231290943769101
1,1,S2_over_T2,eulerian_coupling_ms,E2,S2,T2,S2,0.098304003500000001,0.099327996399999993,0.98969079275619021
1,1,S2_over_T2,injection_ms,E2,S2,T2,S2,0.032767999899999997,0.033280000099999998,0.984615378651997
1,1,S2_over_T2,bin_pre_ms,E2,S2,T2,S2,0.38604798899999998,0.11161600050000001,3.4587154822842803
1,1,S2_over_T2,pressure_pre_ms,E2,S2,T2,S2,1.5406080499999999,1.471967995,1.0466314860330914
1,1,S2_over_T2,collision_pool_ms,E2,S2,T2,S2,0.96716800300000005,0.87091201550000008,1.1105232053145326
1,1,S2_over_T2,relax_ms,E2,S2,T2,S2,10.3434238,10.393088349999999,0.99522138672091642
1,1,S2_over_T2,track_ms,E2,S2,T2,S2,3.8123519449999996,3.850751995,0.99002790882148195
1,1,S2_over_T2,bin_post_ms,E2,S2,T2,S2,0.37990400200000002,0.37990400200000002,1
1,1,S2_over_T2,moments_ms,E2,S2,T2,S2,1.7986559849999999,1.8263040149999998,0.98486121162034468
1,1,S2_over_T2,pressure_post_ms,E2,S2,T2,S2,1.5201280150000001,1.52524799,0.99664318521737572
1,1,S2_over_T2,compaction_ms,E2,S2,T2,S2,3.9439359899999999,3.9429119799999999,1.0002597090691332
1,1,S2_over_T2,boundary_ms,E2,S2,T2,S2,0.024576000899999999,0.0255999994,0.96000005765625129
1,1,S1_over_T1,total_ms,E1,S1,T1,S1,24.821248050000001,24.795136450000001,1.0010530936198982
1,1,S1_over_T1,gas_flux_ms,E1,S1,T1,S1,0.37836798999999999,0.358400002,1.0557142519212375
1,1,S1_over_T1,eulerian_coupling_ms,E1,S1,T1,S1,0.098815999949999997,0.1049599985,0.94146342761237745
1,1,S1_over_T1,injection_ms,E1,S1,T1,S1,0.03225599975,0.034816000600000001,0.92647056508839787
1,1,S1_over_T1,bin_pre_ms,E1,S1,T1,S1,0.37788799399999995,0.026623999699999998,14.193509549956913
1,1,S1_over_T1,pressure_pre_ms,E1,S1,T1,S1,1.5385600349999999,1.490432025,1.0322913149964017
1,1,S1_over_T1,collision_pool_ms,E1,S1,T1,S1,0.803327978,0.73164799800000002,1.0979705817496135
1,1,S1_over_T1,relax_ms,E1,S1,T1,S1,10.33983995,10.74022435,0.96272103943527021
1,1,S1_over_T1,track_ms,E1,S1,T1,S1,3.8195199999999998,3.8640641000000002,0.98847221504425864
1,1,S1_over_T1,bin_post_ms,E1,S1,T1,S1,0.373760015,0.37529599699999999,0.99590727848877114
1,1,S1_over_T1,moments_ms,E1,S1,T1,S1,1.5697920299999999,1.5923199650000002,0.9858521305421174
1,1,S1_over_T1,pressure_post_ms,E1,S1,T1,S1,1.5211520200000002,1.5299040100000001,0.99427938619495482
1,1,S1_over_T1,compaction_ms,E1,S1,T1,S1,3.9459840050000001,3.9567360900000002,0.99728258727510932
1,1,S1_over_T1,boundary_ms,E1,S1,T1,S1,0.024576000899999999,0.0255999994,0.96000005765625129
1,2,T2_over_T1,total_ms,E1,E2,T1,T2,24.899583849999999,25.602047900000002,0.97256219296425883
1,2,T2_over_T1,gas_flux_ms,E1,E2,T1,T2,0.32819201050000002,0.373760015,0.87808218463390209
1,2,T2_over_T1,eulerian_coupling_ms,E1,E2,T1,T2,0.099839996699999989,0.099839996699999989,1
1,2,T2_over_T1,injection_ms,E1,E2,T1,T2,0.032767999899999997,0.032767999899999997,1
1,2,T2_over_T1,bin_pre_ms,E1,E2,T1,T2,0.37785598599999998,0.38911999800000002,0.97105260059134757
1,2,T2_over_T1,pressure_pre_ms,E1,E2,T1,T2,1.54419196,1.5477759849999999,0.99768440327622743
1,2,T2_over_T1,collision_pool_ms,E1,E2,T1,T2,0.80537599299999996,0.98099201899999999,0.82098118781942908
1,2,T2_over_T1,relax_ms,E1,E2,T1,T2,10.397696,10.531840299999999,0.98726297625306769
1,2,T2_over_T1,track_ms,E1,E2,T1,T2,3.8650881049999999,3.8635520950000002,1.0003975642005676
1,2,T2_over_T1,bin_post_ms,E1,E2,T1,T2,0.373760015,0.38195198800000002,0.97855234883605313
1,2,T2_over_T1,moments_ms,E1,E2,T1,T2,1.572943985,1.8365439750000001,0.85646954628461858
1,2,T2_over_T1,pressure_post_ms,E1,E2,T1,T2,1.52224004,1.528831955,0.99568826712547354
1,2,T2_over_T1,compaction_ms,E1,E2,T1,T2,3.9429119850000003,3.949568035,0.998314739753559
1,2,T2_over_T1,boundary_ms,E1,E2,T1,T2,0.024576000899999999,0.024576000899999999,1
1,2,S2_over_S1,total_ms,S1,S2,S1,S2,24.44236755,24.800255749999998,0.98556917301145175
1,2,S2_over_S1,gas_flux_ms,S1,S2,S1,S2,0.36710400900000001,0.33894400299999999,1.0830815879636615
1,2,S2_over_S1,eulerian_coupling_ms,S1,S2,S1,S2,0.109056,0.098304003500000001,1.10937496050199
1,2,S2_over_S1,injection_ms,S1,S2,S1,S2,0.0336000007,0.032191999250000006,1.0437376206139168
1,2,S2_over_S1,bin_pre_ms,S1,S2,S1,S2,0.019455999099999999,0.089600000550000003,0.21714284576530618
1,2,S2_over_S1,pressure_pre_ms,S1,S2,S1,S2,1.476464035,1.4714879999999999,1.003381634780576
1,2,S2_over_S1,collision_pool_ms,S1,S2,S1,S2,0.72294402099999999,0.86534398800000001,0.83544120144739475
1,2,S2_over_S1,relax_ms,S1,S2,S1,S2,10.3900161,10.39411215,0.99960592593759923
1,2,S2_over_S1,track_ms,S1,S2,S1,S2,3.8067199,3.8179839849999997,0.99704972963630711
1,2,S2_over_S1,bin_post_ms,S1,S2,S1,S2,0.37171199900000002,0.37990400200000002,0.97843664989872892
1,2,S2_over_S1,moments_ms,S1,S2,S1,S2,1.561087965,1.7935519850000001,0.87038902583021582
1,2,S2_over_S1,pressure_post_ms,S1,S2,S1,S2,1.5144959650000001,1.5104,1.0027118412341103
1,2,S2_over_S1,compaction_ms,S1,S2,S1,S2,3.9357439300000001,3.9367679400000002,0.99973988560778615
1,2,S2_over_S1,boundary_ms,S1,S2,S1,S2,0.024576000899999999,0.025088000149999998,0.97959186675148358
1,2,S2_over_T2,total_ms,E2,S2,T2,S2,25.602047900000002,24.800255749999998,1.0323299952259566
1,2,S2_over_T2,gas_flux_ms,E2,S2,T2,S2,0.373760015,0.33894400299999999,1.1027190677275385
1,2,S2_over_T2,eulerian_coupling_ms,E2,S2,T2,S2,0.099839996699999989,0.098304003500000001,1.0156249302705154
1,2,S2_over_T2,injection_ms,E2,S2,T2,S2,0.032767999899999997,0.032191999250000006,1.0178926647433986
1,2,S2_over_T2,bin_pre_ms,E2,S2,T2,S2,0.38911999800000002,0.089600000550000003,4.3428570938775515
1,2,S2_over_T2,pressure_pre_ms,E2,S2,T2,S2,1.5477759849999999,1.4714879999999999,1.0518441095000435
1,2,S2_over_T2,collision_pool_ms,E2,S2,T2,S2,0.98099201899999999,0.86534398800000001,1.1336439989226572
1,2,S2_over_T2,relax_ms,E2,S2,T2,S2,10.531840299999999,10.39411215,1.0132505930292468
1,2,S2_over_T2,track_ms,E2,S2,T2,S2,3.8635520950000002,3.8179839849999997,1.0119351233999481
1,2,S2_over_T2,bin_post_ms,E2,S2,T2,S2,0.38195198800000002,0.37990400200000002,1.0053907986997199
1,2,S2_over_T2,moments_ms,E2,S2,T2,S2,1.8365439750000001,1.7935519850000001,1.0239703060516532
1,2,S2_over_T2,pressure_post_ms,E2,S2,T2,S2,1.528831955,1.5104,1.0122033600370763
1,2,S2_over_T2,compaction_ms,E2,S2,T2,S2,3.949568035,3.9367679400000002,1.0032514222822084
1,2,S2_over_T2,boundary_ms,E2,S2,T2,S2,0.024576000899999999,0.025088000149999998,0.97959186675148358
1,2,S1_over_T1,total_ms,E1,S1,T1,S1,24.899583849999999,24.44236755,1.0187058925067183
1,2,S1_over_T1,gas_flux_ms,E1,S1,T1,S1,0.32819201050000002,0.36710400900000001,0.89400279608496458
1,2,S1_over_T1,eulerian_coupling_ms,E1,S1,T1,S1,0.099839996699999989,0.109056,0.91549292748679567
1,2,S1_over_T1,injection_ms,E1,S1,T1,S1,0.032767999899999997,0.0336000007,0.97523807194444478
1,2,S1_over_T1,bin_pre_ms,E1,S1,T1,S1,0.37785598599999998,0.019455999099999999,19.421052810389984
1,2,S1_over_T1,pressure_pre_ms,E1,S1,T1,S1,1.54419196,1.476464035,1.0458717065871503
1,2,S1_over_T1,collision_pool_ms,E1,S1,T1,S1,0.80537599299999996,0.72294402099999999,1.1140226208468773
1,2,S1_over_T1,relax_ms,E1,S1,T1,S1,10.397696,10.3900161,1.0007391615110202
1,2,S1_over_T1,track_ms,E1,S1,T1,S1,3.8650881049999999,3.8067199,1.0153329392582837
1,2,S1_over_T1,bin_post_ms,E1,S1,T1,S1,0.373760015,0.37171199900000002,1.0055096849321778
1,2,S1_over_T1,moments_ms,E1,S1,T1,S1,1.572943985,1.561087965,1.0075947161632239
1,2,S1_over_T1,pressure_post_ms,E1,S1,T1,S1,1.52224004,1.5144959650000001,1.005113301837024
1,2,S1_over_T1,compaction_ms,E1,S1,T1,S1,3.9429119850000003,3.9357439300000001,1.0018212706739791
1,2,S1_over_T1,boundary_ms,E1,S1,T1,S1,0.024576000899999999,0.024576000899999999,1
1,3,T2_over_T1,total_ms,E1,E2,T1,T2,24.982527750000003,25.2303362,0.99017815505764062
1,3,T2_over_T1,gas_flux_ms,E1,E2,T1,T2,0.3430400045,0.32716800299999999,1.0485133061743817
1,3,T2_over_T1,eulerian_coupling_ms,E1,E2,T1,T2,0.100863997,0.098336000000000007,1.0257077469085583
1,3,T2_over_T1,injection_ms,E1,E2,T1,T2,0.03273599965,0.03225599975,1.0148809493960886
1,3,T2_over_T1,bin_pre_ms,E1,E2,T1,T2,0.37839999800000002,0.38604798899999998,0.98018901479111198
1,3,T2_over_T1,pressure_pre_ms,E1,E2,T1,T2,1.5447519999999999,1.537024025,1.005027881720977
1,3,T2_over_T1,collision_pool_ms,E1,E2,T1,T2,0.80998399899999995,0.96614402499999996,0.83836775681555342
1,3,T2_over_T1,relax_ms,E1,E2,T1,T2,10.40742395,10.395648,1.0011327769081833
1,3,T2_over_T1,track_ms,E1,E2,T1,T2,3.8604800699999999,3.8103039249999999,1.013168541404476
1,3,T2_over_T1,bin_post_ms,E1,E2,T1,T2,0.37427200399999999,0.37990400200000002,0.985175207498867
1,3,T2_over_T1,moments_ms,E1,E2,T1,T2,1.5800319950000001,1.7930240049999999,0.88121073147595708
1,3,T2_over_T1,pressure_post_ms,E1,E2,T1,T2,1.5293439600000001,1.5175679899999999,1.007759764358235
1,3,T2_over_T1,compaction_ms,E1,E2,T1,T2,3.9577600950000003,3.9321599000000003,1.0065104664233009
1,3,T2_over_T1,boundary_ms,E1,E2,T1,T2,0.024592000099999997,0.024576000899999999,1.0006510090907426
1,3,S2_over_S1,total_ms,S1,S2,S1,S2,24.363008499999999,24.814592400000002,0.98180167972454779
1,3,S2_over_S1,gas_flux_ms,S1,S2,S1,S2,0.31948800399999999,0.31999999299999998,0.9984000343400008
1,3,S2_over_S1,eulerian_coupling_ms,S1,S2,S1,S2,0.099327996399999993,0.098304003500000001,1.0104165940708609
1,3,S2_over_S1,injection_ms,S1,S2,S1,S2,0.032767999899999997,0.032767999899999997,1
1,3,S2_over_S1,bin_pre_ms,S1,S2,S1,S2,0.019455999099999999,0.09625600275,0.20212764444968601
1,3,S2_over_S1,pressure_pre_ms,S1,S2,S1,S2,1.4720320099999999,1.479040025,0.99526178137065624
1,3,S2_over_S1,collision_pool_ms,S1,S2,S1,S2,0.7280960085,0.86681598400000004,0.83996606193177903
1,3,S2_over_S1,relax_ms,S1,S2,S1,S2,10.3905277,10.3946562,0.99960282476682583
1,3,S2_over_S1,track_ms,S1,S2,S1,S2,3.81593597,3.81183994,1.00107455456275
1,3,S2_over_S1,bin_post_ms,S1,S2,S1,S2,0.37171199900000002,0.37990400200000002,0.97843664989872892
1,3,S2_over_S1,moments_ms,S1,S2,S1,S2,1.5672320150000001,1.799679995,0.87083927106718773
1,3,S2_over_S1,pressure_post_ms,S1,S2,S1,S2,1.5175679899999999,1.51961601,0.99865227795277034
1,3,S2_over_S1,compaction_ms,S1,S2,S1,S2,3.9567360900000002,3.9372799399999998,1.0049415206174037
1,3,S2_over_S1,boundary_ms,S1,S2,S1,S2,0.024576000899999999,0.025088000149999998,0.97959186675148358
1,3,S2_over_T2,total_ms,E2,S2,T2,S2,25.2303362,24.814592400000002,1.0167540047927606
1,3,S2_over_T2,gas_flux_ms,E2,S2,T2,S2,0.32716800299999999,0.31999999299999998,1.0224000317400006
1,3,S2_over_T2,eulerian_coupling_ms,E2,S2,T2,S2,0.098336000000000007,0.098304003500000001,1.0003254852179038
1,3,S2_over_T2,injection_ms,E2,S2,T2,S2,0.03225599975,0.032767999899999997,0.98437499537467965
1,3,S2_over_T2,bin_pre_ms,E2,S2,T2,S2,0.38604798899999998,0.09625600275,4.0106380690112333
1,3,S2_over_T2,pressure_pre_ms,E2,S2,T2,S2,1.537024025,1.479040025,1.0392038072127223
1,3,S2_over_T2,collision_pool_ms,E2,S2,T2,S2,0.96614402499999996,0.86681598400000004,1.1145895355339916
1,3,S2_over_T2,relax_ms,E2,S2,T2,S2,10.395648,10.3946562,1.0000954144111087
1,3,S2_over_T2,track_ms,E2,S2,T2,S2,3.8103039249999999,3.81183994,0.99959704105519176
1,3,S2_over_T2,bin_post_ms,E2,S2,T2,S2,0.37990400200000002,0.37990400200000002,1
1,3,S2_over_T2,moments_ms,E2,S2,T2,S2,1.7930240049999999,1.799679995,0.99630157026888544
1,3,S2_over_T2,pressure_post_ms,E2,S2,T2,S2,1.5175679899999999,1.51961601,0.99865227795277034
1,3,S2_over_T2,compaction_ms,E2,S2,T2,S2,3.9321599000000003,3.9372799399999998,0.99869959970385047
1,3,S2_over_T2,boundary_ms,E2,S2,T2,S2,0.024576000899999999,0.025088000149999998,0.97959186675148358
1,3,S1_over_T1,total_ms,E1,S1,T1,S1,24.982527750000003,24.363008499999999,1.0254286842283868
1,3,S1_over_T1,gas_flux_ms,E1,S1,T1,S1,0.3430400045,0.31948800399999999,1.0737179493600018
1,3,S1_over_T1,eulerian_coupling_ms,E1,S1,T1,S1,0.100863997,0.099327996399999993,1.0154639241268337
1,3,S1_over_T1,injection_ms,E1,S1,T1,S1,0.03273599965,0.032767999899999997,0.99902342986762527
1,3,S1_over_T1,bin_pre_ms,E1,S1,T1,S1,0.37839999800000002,0.019455999099999999,19.449013954775523
1,3,S1_over_T1,pressure_pre_ms,E1,S1,T1,S1,1.5447519999999999,1.4720320099999999,1.0494010928471589
1,3,S1_over_T1,collision_pool_ms,E1,S1,T1,S1,0.80998399899999995,0.7280960085,1.1124686710873515
1,3,S1_over_T1,relax_ms,E1,S1,T1,S1,10.40742395,10.3905277,1.0016261204904926
1,3,S1_over_T1,track_ms,E1,S1,T1,S1,3.8604800699999999,3.81593597,1.0116731780486348
1,3,S1_over_T1,bin_post_ms,E1,S1,T1,S1,0.37427200399999999,0.37171199900000002,1.0068870658113998
1,3,S1_over_T1,moments_ms,E1,S1,T1,S1,1.5800319950000001,1.5672320150000001,1.0081672527599559
1,3,S1_over_T1,pressure_post_ms,E1,S1,T1,S1,1.5293439600000001,1.5175679899999999,1.007759764358235
1,3,S1_over_T1,compaction_ms,E1,S1,T1,S1,3.9577600950000003,3.9567360900000002,1.0002588004296238
1,3,S1_over_T1,boundary_ms,E1,S1,T1,S1,0.024592000099999997,0.024576000899999999,1.0006510090907426
1,4,T2_over_T1,total_ms,E1,E2,T1,T2,24.872447999999999,25.485824600000001,0.97593263668619923
1,4,T2_over_T1,gas_flux_ms,E1,E2,T1,T2,0.32819201050000002,0.35123200700000001,0.93440234363379082
1,4,T2_over_T1,eulerian_coupling_ms,E1,E2,T1,T2,0.098304003500000001,0.10188799749999999,0.96482417862810588
1,4,T2_over_T1,injection_ms,E1,E2,T1,T2,0.031743999600000003,0.032767999899999997,0.9687499907493593
1,4,T2_over_T1,bin_pre_ms,E1,E2,T1,T2,0.37785598599999998,0.38912001299999999,0.97105256315870858
1,4,T2_over_T1,pressure_pre_ms,E1,E2,T1,T2,1.54316801,1.54316795,1.0000000388810564
1,4,T2_over_T1,collision_pool_ms,E1,E2,T1,T2,0.803327978,0.97177600900000005,0.82665961143315281
1,4,T2_over_T1,relax_ms,E1,E2,T1,T2,10.392064099999999,10.5036802,0.98937361973377669
1,4,T2_over_T1,track_ms,E1,E2,T1,T2,3.826688055,3.8707200300000002,0.98862434517125219
1,4,T2_over_T1,bin_post_ms,E1,E2,T1,T2,0.37273600699999998,0.38092800999999998,0.97849461634496238
1,4,T2_over_T1,moments_ms,E1,E2,T1,T2,1.5728639950000001,1.831423995,0.85882024003949997
1,4,T2_over_T1,pressure_post_ms,E1,E2,T1,T2,1.5211520200000002,1.5226880350000001,0.99899124773775483
1,4,T2_over_T1,compaction_ms,E1,E2,T1,T2,3.9423999800000002,3.9608319999999999,0.99534642721529221
1,4,T2_over_T1,boundary_ms,E1,E2,T1,T2,0.024095999999999999,0.024624000299999997,0.97855749295129768
1,4,S2_over_S1,total_ms,S1,S2,S1,S2,24.565760599999997,24.830975550000002,0.98931918927365681
1,4,S2_over_S1,gas_flux_ms,S1,S2,S1,S2,0.34918399150000001,0.321024001,1.0877192683795627
1,4,S2_over_S1,eulerian_coupling_ms,S1,S2,S1,S2,0.101375997,0.099327996399999993,1.0206185634889138
1,4,S2_over_S1,injection_ms,S1,S2,S1,S2,0.03225599975,0.032767999899999997,0.98437499537467965
1,4,S2_over_S1,bin_pre_ms,S1,S2,S1,S2,0.02918399965,0.077919997299999988,0.37453799616597272
1,4,S2_over_S1,pressure_pre_ms,S1,S2,S1,S2,1.4832639699999999,1.47761601,1.0038223462400084
1,4,S2_over_S1,collision_pool_ms,S1,S2,S1,S2,0.72806400100000002,0.86836800000000003,0.83842794874983873
1,4,S2_over_S1,relax_ms,S1,S2,S1,S2,10.400768299999999,10.3946238,1.0005911228841202
1,4,S2_over_S1,track_ms,S1,S2,S1,S2,3.8655999899999998,3.8369280100000003,1.0074726395505136
1,4,S2_over_S1,bin_post_ms,S1,S2,S1,S2,0.37227199950000001,0.38092800999999998,0.97727651873119026
1,4,S2_over_S1,moments_ms,S1,S2,S1,S2,1.57798398,1.809487995,0.87206103845966654
1,4,S2_over_S1,pressure_post_ms,S1,S2,S1,S2,1.5283199550000002,1.5165439850000002,1.0077650039276638
1,4,S2_over_S1,compaction_ms,S1,S2,S1,S2,3.9629439099999999,3.93216002,1.0078287480274009
1,4,S2_over_S1,boundary_ms,S1,S2,S1,S2,0.024576000899999999,0.024576000899999999,1
1,4,S2_over_T2,total_ms,E2,S2,T2,S2,25.485824600000001,24.830975550000002,1.0263722642987338
1,4,S2_over_T2,gas_flux_ms,E2,S2,T2,S2,0.35123200700000001,0.321024001,1.0940989019696381
1,4,S2_over_T2,eulerian_coupling_ms,E2,S2,T2,S2,0.10188799749999999,0.099327996399999993,1.0257732078848214
1,4,S2_over_T2,injection_ms,E2,S2,T2,S2,0.032767999899999997,0.032767999899999997,1
1,4,S2_over_T2,bin_pre_ms,E2,S2,T2,S2,0.38912001299999999,0.077919997299999988,4.9938401756079118
1,4,S2_over_T2,pressure_pre_ms,E2,S2,T2,S2,1.54316795,1.47761601,1.0443633119540983
1,4,S2_over_T2,collision_pool_ms,E2,S2,T2,S2,0.97177600900000005,0.86836800000000003,1.1190831640502645
1,4,S2_over_T2,relax_ms,E2,S2,T2,S2,10.5036802,10.3946238,1.0104916158678103
1,4,S2_over_T2,track_ms,E2,S2,T2,S2,3.8707200300000002,3.8369280100000003,1.0088070508260591
1,4,S2_over_T2,bin_post_ms,E2,S2,T2,S2,0.38092800999999998,0.38092800999999998,1
1,4,S2_over_T2,moments_ms,E2,S2,T2,S2,1.831423995,1.809487995,1.0121227662524503
1,4,S2_over_T2,pressure_post_ms,E2,S2,T2,S2,1.5226880350000001,1.5165439850000002,1.0040513496876913
1,4,S2_over_T2,compaction_ms,E2,S2,T2,S2,3.9608319999999999,3.93216002,1.0072916615433163
1,4,S2_over_T2,boundary_ms,E2,S2,T2,S2,0.024624000299999997,0.024576000899999999,1.0019531005144127
1,4,S1_over_T1,total_ms,E1,S1,T1,S1,24.872447999999999,24.565760599999997,1.0124843437577098
1,4,S1_over_T1,gas_flux_ms,E1,S1,T1,S1,0.32819201050000002,0.34918399150000001,0.93988275089638529
1,4,S1_over_T1,eulerian_coupling_ms,E1,S1,T1,S1,0.098304003500000001,0.101375997,0.96969703291795994
1,4,S1_over_T1,injection_ms,E1,S1,T1,S1,0.031743999600000003,0.03225599975,0.98412697935366278
1,4,S1_over_T1,bin_pre_ms,E1,S1,T1,S1,0.37785598599999998,0.02918399965,12.947368096613857
1,4,S1_over_T1,pressure_pre_ms,E1,S1,T1,S1,1.54316801,1.4832639699999999,1.0403866346190558
1,4,S1_over_T1,collision_pool_ms,E1,S1,T1,S1,0.803327978,0.72806400100000002,1.103375495693544
1,4,S1_over_T1,relax_ms,E1,S1,T1,S1,10.392064099999999,10.400768299999999,0.99916311951685333
1,4,S1_over_T1,track_ms,E1,S1,T1,S1,3.826688055,3.8655999899999998,0.98993379162338013
1,4,S1_over_T1,bin_post_ms,E1,S1,T1,S1,0.37273600699999998,0.37227199950000001,1.0012464206296019
1,4,S1_over_T1,moments_ms,E1,S1,T1,S1,1.5728639950000001,1.57798398,0.99675536313112645
1,4,S1_over_T1,pressure_post_ms,E1,S1,T1,S1,1.5211520200000002,1.5283199550000002,0.99530992513933381
1,4,S1_over_T1,compaction_ms,E1,S1,T1,S1,3.9423999800000002,3.9629439099999999,0.99481599274010424
1,4,S1_over_T1,boundary_ms,E1,S1,T1,S1,0.024095999999999999,0.024576000899999999,0.98046871409416336
1,5,T2_over_T1,total_ms,E1,E2,T1,T2,24.918016399999999,25.319424650000002,0.98414623335447704
1,5,T2_over_T1,gas_flux_ms,E1,E2,T1,T2,0.34457600099999997,0.37631998950000001,0.91564628670888071
1,5,T2_over_T1,eulerian_coupling_ms,E1,E2,T1,T2,0.099327996399999993,0.098304003500000001,1.0104165940708609
1,5,T2_over_T1,injection_ms,E1,E2,T1,T2,0.0337920003,0.032767999899999997,1.0312500123023989
1,5,T2_over_T1,bin_pre_ms,E1,E2,T1,T2,0.37785598599999998,0.38604798899999998,0.9787798324731074
1,5,T2_over_T1,pressure_pre_ms,E1,E2,T1,T2,1.5395840399999998,1.5400960449999999,0.99966754995465235
1,5,T2_over_T1,collision_pool_ms,E1,E2,T1,T2,0.80179202599999999,0.96716800300000005,0.82901008254302222
1,5,T2_over_T1,relax_ms,E1,E2,T1,T2,10.392576250000001,10.3936005,0.99990145378398965
1,5,T2_over_T1,track_ms,E1,E2,T1,T2,3.8226400599999999,3.850752,0.99269962334629702
1,5,T2_over_T1,bin_post_ms,E1,E2,T1,T2,0.373760015,0.37990400200000002,0.98382752756576641
1,5,T2_over_T1,moments_ms,E1,E2,T1,T2,1.5667200100000001,1.8078720000000001,0.8666100310198952
1,5,T2_over_T1,pressure_post_ms,E1,E2,T1,T2,1.52473605,1.5165439850000002,1.0054017984845984
1,5,T2_over_T1,compaction_ms,E1,E2,T1,T2,3.9480320200000003,3.9480320249999998,0.99999999873354639
1,5,T2_over_T1,boundary_ms,E1,E2,T1,T2,0.024576000899999999,0.024576000899999999,1
1,5,S2_over_S1,total_ms,S1,S2,S1,S2,24.378880500000001,25.0096636,0.97477842524839087
1,5,S2_over_S1,gas_flux_ms,S1,S2,S1,S2,0.32972800699999999,0.34150400749999998,0.96551724067249778
1,5,S2_over_S1,eulerian_coupling_ms,S1,S2,S1,S2,0.099327996399999993,0.099327996399999993,1
1,5,S2_over_S1,injection_ms,S1,S2,S1,S2,0.0317599997,0.032767999899999997,0.96923827505260707
1,5,S2_over_S1,bin_pre_ms,S1,S2,S1,S2,0.019455999099999999,0.098400000449999997,0.19772356718520726
1,5,S2_over_S1,pressure_pre_ms,S1,S2,S1,S2,1.4704639900000001,1.4863359900000002,0.98932139159195087
1,5,S2_over_S1,collision_pool_ms,S1,S2,S1,S2,0.72755199649999991,0.8683519959999999,0.8378537734137943
1,5,S2_over_S1,relax_ms,S1,S2,S1,S2,10.399744,10.3987198,1.0000984928933272
1,5,S2_over_S1,track_ms,S1,S2,S1,S2,3.8297599550000001,3.8379520149999999,0.99786551265675483
1,5,S2_over_S1,bin_post_ms,S1,S2,S1,S2,0.37171199900000002,0.37990400200000002,0.97843664989872892
1,5,S2_over_S1,moments_ms,S1,S2,S1,S2,1.5687680249999998,1.8032640199999999,0.86996025407305577
1,5,S2_over_S1,pressure_post_ms,S1,S2,S1,S2,1.519104005,1.5232000349999999,0.99731090473615969
1,5,S2_over_S1,compaction_ms,S1,S2,S1,S2,3.9490560299999999,3.9388159500000004,1.0025997863647322
1,5,S2_over_S1,boundary_ms,S1,S2,S1,S2,0.024576000899999999,0.024576000899999999,1
1,5,S2_over_T2,total_ms,E2,S2,T2,S2,25.319424650000002,25.0096636,1.0123856543996059
1,5,S2_over_T2,gas_flux_ms,E2,S2,T2,S2,0.37631998950000001,0.34150400749999998,1.1019489705402652
1,5,S2_over_T2,eulerian_coupling_ms,E2,S2,T2,S2,0.098304003500000001,0.099327996399999993,0.98969079275619021
1,5,S2_over_T2,injection_ms,E2,S2,T2,S2,0.032767999899999997,0.032767999899999997,1
1,5,S2_over_T2,bin_pre_ms,E2,S2,T2,S2,0.38604798899999998,0.098400000449999997,3.9232519027900064
1,5,S2_over_T2,pressure_pre_ms,E2,S2,T2,S2,1.5400960449999999,1.4863359900000002,1.0361695170955254
1,5,S2_over_T2,collision_pool_ms,E2,S2,T2,S2,0.96716800300000005,0.8683519959999999,1.1137971783967664
1,5,S2_over_T2,relax_ms,E2,S2,T2,S2,10.3936005,10.3987198,0.99950769901502678
1,5,S2_over_T2,track_ms,E2,S2,T2,S2,3.850752,3.8379520149999999,1.0033351081383961
1,5,S2_over_T2,bin_post_ms,E2,S2,T2,S2,0.37990400200000002,0.37990400200000002,1
1,5,S2_over_T2,moments_ms,E2,S2,T2,S2,1.8078720000000001,1.8032640199999999,1.0025553551498245
1,5,S2_over_T2,pressure_post_ms,E2,S2,T2,S2,1.5165439850000002,1.5232000349999999,0.9956302193756188
1,5,S2_over_T2,compaction_ms,E2,S2,T2,S2,3.9480320249999998,3.9388159500000004,1.0023398084899091
1,5,S2_over_T2,boundary_ms,E2,S2,T2,S2,0.024576000899999999,0.024576000899999999,1
1,5,S1_over_T1,total_ms,E1,S1,T1,S1,24.918016399999999,24.378880500000001,1.0221148752093026
1,5,S1_over_T1,gas_flux_ms,E1,S1,T1,S1,0.34457600099999997,0.32972800699999999,1.0450310367478124
1,5,S1_over_T1,eulerian_coupling_ms,E1,S1,T1,S1,0.099327996399999993,0.099327996399999993,1
1,5,S1_over_T1,injection_ms,E1,S1,T1,S1,0.0337920003,0.0317599997,1.0639798683625303
1,5,S1_over_T1,bin_pre_ms,E1,S1,T1,S1,0.37785598599999998,0.019455999099999999,19.421052810389984
1,5,S1_over_T1,pressure_pre_ms,E1,S1,T1,S1,1.5395840399999998,1.4704639900000001,1.0470056053531782
1,5,S1_over_T1,collision_pool_ms,E1,S1,T1,S1,0.80179202599999999,0.72755199649999991,1.1020408573643439
1,5,S1_over_T1,relax_ms,E1,S1,T1,S1,10.392576250000001,10.399744,0.99931077630372456
1,5,S1_over_T1,track_ms,E1,S1,T1,S1,3.8226400599999999,3.8297599550000001,0.99814090306346626
1,5,S1_over_T1,bin_post_ms,E1,S1,T1,S1,0.373760015,0.37171199900000002,1.0055096849321778
1,5,S1_over_T1,moments_ms,E1,S1,T1,S1,1.5667200100000001,1.5687680249999998,0.99869450743044064
1,5,S1_over_T1,pressure_post_ms,E1,S1,T1,S1,1.52473605,1.519104005,1.003707478211803
1,5,S1_over_T1,compaction_ms,E1,S1,T1,S1,3.9480320200000003,3.9490560299999999,0.99974069499338059
1,5,S1_over_T1,boundary_ms,E1,S1,T1,S1,0.024576000899999999,0.024576000899999999,1
2,1,T2_over_T1,total_ms,E1,E2,T1,T2,25.31430435,25.720320700000002,0.98421418011323625
2,1,T2_over_T1,gas_flux_ms,E1,E2,T1,T2,0.38297601049999996,0.351743996,1.0887918908500713
2,1,T2_over_T1,eulerian_coupling_ms,E1,E2,T1,T2,0.099327996399999993,0.100863997,0.98477156720251724
2,1,T2_over_T1,injection_ms,E1,E2,T1,T2,0.032767999899999997,0.033280000099999998,0.984615378651997
2,1,T2_over_T1,bin_pre_ms,E1,E2,T1,T2,0.38092800999999998,0.39116799800000002,0.97382202007230656
2,1,T2_over_T1,pressure_pre_ms,E1,E2,T1,T2,1.5549440400000001,1.5580159999999998,0.99802828725764059
2,1,T2_over_T1,collision_pool_ms,E1,E2,T1,T2,0.83353599899999997,0.97587201000000001,0.85414479609882443
2,1,T2_over_T1,relax_ms,E1,E2,T1,T2,10.432512300000001,10.547712300000001,0.98907820039801431
2,1,T2_over_T1,track_ms,E1,E2,T1,T2,3.8466559650000001,3.8891520499999999,0.98907317470398215
2,1,T2_over_T1,bin_post_ms,E1,E2,T1,T2,0.376832008,0.38246399200000003,0.98527447258355227
2,1,T2_over_T1,moments_ms,E1,E2,T1,T2,1.5718559600000002,1.8073599950000001,0.86969721823459978
2,1,T2_over_T1,pressure_post_ms,E1,E2,T1,T2,1.5308799749999999,1.536512015,0.99633452915107856
2,1,T2_over_T1,compaction_ms,E1,E2,T1,T2,4.2106881100000004,4.2163200399999994,0.99866425462332808
2,1,T2_over_T1,boundary_ms,E1,E2,T1,T2,0.024576000899999999,0.024576000899999999,1
2,1,S2_over_S1,total_ms,S1,S2,S1,S2,24.761856049999999,25.208832749999999,0.98226904417063898
2,1,S2_over_S1,gas_flux_ms,S1,S2,S1,S2,0.33280000100000001,0.32614399500000002,1.0204081819749586
2,1,S2_over_S1,eulerian_coupling_ms,S1,S2,S1,S2,0.098304003500000001,0.098304003500000001,1
2,1,S2_over_S1,injection_ms,S1,S2,S1,S2,0.031743999600000003,0.032128000650000002,0.98804777632497964
2,1,S2_over_S1,bin_pre_ms,S1,S2,S1,S2,0.019455999099999999,0.088064000000000003,0.2209302223382994
2,1,S2_over_S1,pressure_pre_ms,S1,S2,S1,S2,1.4919680399999999,1.4878720049999998,1.0027529484970719
2,1,S2_over_S1,collision_pool_ms,S1,S2,S1,S2,0.73728001099999996,0.86886400000000008,0.84855628844099873
2,1,S2_over_S1,relax_ms,S1,S2,S1,S2,10.4325118,10.42176005,1.0010316635528373
2,1,S2_over_S1,track_ms,S1,S2,S1,S2,3.8123519449999996,3.8205440049999999,0.99785578703208777
2,1,S2_over_S1,bin_post_ms,S1,S2,S1,S2,0.373760015,0.38092800999999998,0.98118280931874768
2,1,S2_over_S1,moments_ms,S1,S2,S1,S2,1.566208005,1.80531204,0.86755528700733642
2,1,S2_over_S1,pressure_post_ms,S1,S2,S1,S2,1.5375360250000001,1.5329920050000001,1.0029641511405012
2,1,S2_over_S1,compaction_ms,S1,S2,S1,S2,4.213824035,4.2188799350000004,0.99880160135441254
2,1,S2_over_S1,boundary_ms,S1,S2,S1,S2,0.024576000899999999,0.02513599955,0.97772124999898802
2,1,S2_over_T2,total_ms,E2,S2,T2,S2,25.720320700000002,25.208832749999999,1.0202900290970436
2,1,S2_over_T2,gas_flux_ms,E2,S2,T2,S2,0.351743996,0.32614399500000002,1.078492939905271
2,1,S2_over_T2,eulerian_coupling_ms,E2,S2,T2,S2,0.100863997,0.098304003500000001,1.0260415996180663
2,1,S2_over_T2,injection_ms,E2,S2,T2,S2,0.033280000099999998,0.032128000650000002,1.0358565558607207
2,1,S2_over_T2,bin_pre_ms,E2,S2,T2,S2,0.39116799800000002,0.088064000000000003,4.441860442405523
2,1,S2_over_T2,pressure_pre_ms,E2,S2,T2,S2,1.5580159999999998,1.4878720049999998,1.0471438368114199
2,1,S2_over_T2,collision_pool_ms,E2,S2,T2,S2,0.97587201000000001,0.86886400000000008,1.1231585265357984
2,1,S2_over_T2,relax_ms,E2,S2,T2,S2,10.547712300000001,10.42176005,1.0120855066126764
2,1,S2_over_T2,track_ms,E2,S2,T2,S2,3.8891520499999999,3.8205440049999999,1.0179576638589194
2,1,S2_over_T2,bin_post_ms,E2,S2,T2,S2,0.38246399200000003,0.38092800999999998,1.0040322107056399
2,1,S2_over_T2,moments_ms,E2,S2,T2,S2,1.8073599950000001,1.80531204,1.0011344049973765
2,1,S2_over_T2,pressure_post_ms,E2,S2,T2,S2,1.536512015,1.5329920050000001,1.0022961698355366
2,1,S2_over_T2,compaction_ms,E2,S2,T2,S2,4.2163200399999994,4.2188799350000004,0.99939322876226844
2,1,S2_over_T2,boundary_ms,E2,S2,T2,S2,0.024576000899999999,0.02513599955,0.97772124999898802
2,1,S1_over_T1,total_ms,E1,S1,T1,S1,25.31430435,24.761856049999999,1.0223104560047711
2,1,S1_over_T1,gas_flux_ms,E1,S1,T1,S1,0.38297601049999996,0.33280000100000001,1.150769258861871
2,1,S1_over_T1,eulerian_coupling_ms,E1,S1,T1,S1,0.099327996399999993,0.098304003500000001,1.0104165940708609
2,1,S1_over_T1,injection_ms,E1,S1,T1,S1,0.032767999899999997,0.031743999600000003,1.0322580743732115
2,1,S1_over_T1,bin_pre_ms,E1,S1,T1,S1,0.38092800999999998,0.019455999099999999,19.578948788088709
2,1,S1_over_T1,pressure_pre_ms,E1,S1,T1,S1,1.5549440400000001,1.4919680399999999,1.0422100194585939
2,1,S1_over_T1,collision_pool_ms,E1,S1,T1,S1,0.83353599899999997,0.73728001099999996,1.1305555373316638
2,1,S1_over_T1,relax_ms,E1,S1,T1,S1,10.432512300000001,10.4325118,1.0000000479270965
2,1,S1_over_T1,track_ms,E1,S1,T1,S1,3.8466559650000001,3.8123519449999996,1.008998125171783
2,1,S1_over_T1,bin_post_ms,E1,S1,T1,S1,0.376832008,0.373760015,1.0082191590237388
2,1,S1_over_T1,moments_ms,E1,S1,T1,S1,1.5718559600000002,1.566208005,1.0036061334011634
2,1,S1_over_T1,pressure_post_ms,E1,S1,T1,S1,1.5308799749999999,1.5375360250000001,0.99567096322182103
2,1,S1_over_T1,compaction_ms,E1,S1,T1,S1,4.2106881100000004,4.213824035,0.99925580067559716
2,1,S1_over_T1,boundary_ms,E1,S1,T1,S1,0.024576000899999999,0.024576000899999999,1
2,2,T2_over_T1,total_ms,E1,E2,T1,T2,25.177599899999997,25.586175900000001,0.98403137688113829
2,2,T2_over_T1,gas_flux_ms,E1,E2,T1,T2,0.33689600200000003,0.34919999550000003,0.96476519570860075
2,2,T2_over_T1,eulerian_coupling_ms,E1,E2,T1,T2,0.098304003500000001,0.098304003500000001,1
2,2,T2_over_T1,injection_ms,E1,E2,T1,T2,0.032767999899999997,0.032767999899999997,1
2,2,T2_over_T1,bin_pre_ms,E1,E2,T1,T2,0.37990400200000002,0.38912001299999999,0.97631576199602987
2,2,T2_over_T1,pressure_pre_ms,E1,E2,T1,T2,1.5518720149999998,1.5580159999999998,0.99605653279555539
2,2,T2_over_T1,collision_pool_ms,E1,E2,T1,T2,0.83660799299999999,0.97535997600000002,0.85774279608126958
2,2,T2_over_T1,relax_ms,E1,E2,T1,T2,10.42176005,10.423296000000001,0.99985264258061934
2,2,T2_over_T1,track_ms,E1,E2,T1,T2,3.821568015,3.8420479299999997,0.99466953162138205
2,2,T2_over_T1,bin_post_ms,E1,E2,T1,T2,0.37427200399999999,0.38195198800000002,0.97989280265246315
2,2,T2_over_T1,moments_ms,E1,E2,T1,T2,1.5595519549999999,1.815039995,0.85923834146696032
2,2,T2_over_T1,pressure_post_ms,E1,E2,T1,T2,1.531391975,1.53804797,0.99567243991746235
2,2,T2_over_T1,compaction_ms,E1,E2,T1,T2,4.231679915,4.210688115,1.0049853609259778
2,2,T2_over_T1,boundary_ms,E1,E2,T1,T2,0.024576000899999999,0.024576000899999999,1
2,2,S2_over_S1,total_ms,S1,S2,S1,S2,24.7234564,25.202176049999998,0.98100482874771444
2,2,S2_over_S1,gas_flux_ms,S1,S2,S1,S2,0.33023999650000002,0.32819201050000002,1.0062402067523821
2,2,S2_over_S1,eulerian_coupling_ms,S1,S2,S1,S2,0.099327996399999993,0.098863996600000004,1.0046933142089867
2,2,S2_over_S1,injection_ms,S1,S2,S1,S2,0.032287999999999997,0.032767999899999997,0.98535156550705438
2,2,S2_over_S1,bin_pre_ms,S1,S2,S1,S2,0.019455999099999999,0.089120000599999999,0.21831237622321112
2,2,S2_over_S1,pressure_pre_ms,S1,S2,S1,S2,1.48479998,1.4960160250000001,0.99250272402663597
2,2,S2_over_S1,collision_pool_ms,S1,S2,S1,S2,0.73318397999999996,0.87142401899999999,0.84136306093715785
2,2,S2_over_S1,relax_ms,S1,S2,S1,S2,10.4212484,10.434080099999999,0.99877021262276877
2,2,S2_over_S1,track_ms,S1,S2,S1,S2,3.8287360650000002,3.84511995,0.99573904449976913
2,2,S2_over_S1,bin_post_ms,S1,S2,S1,S2,0.373760015,0.38297599599999999,0.97593587823713113
2,2,S2_over_S1,moments_ms,S1,S2,S1,S2,1.563135985,1.8129919750000001,0.86218582682915623
2,2,S2_over_S1,pressure_post_ms,S1,S2,S1,S2,1.535535995,1.529343965,1.004048814486282
2,2,S2_over_S1,compaction_ms,S1,S2,S1,S2,4.2239999749999999,4.2024960499999997,1.0051169411569107
2,2,S2_over_S1,boundary_ms,S1,S2,S1,S2,0.024576000899999999,0.024576000899999999,1
2,2,S2_over_T2,total_ms,E2,S2,T2,S2,25.586175900000001,25.202176049999998,1.0152367735721775
2,2,S2_over_T2,gas_flux_ms,E2,S2,T2,S2,0.34919999550000003,0.32819201050000002,1.0640112626995226
2,2,S2_over_T2,eulerian_coupling_ms,E2,S2,T2,S2,0.098304003500000001,0.098863996600000004,0.99433572261633607
2,2,S2_over_T2,injection_ms,E2,S2,T2,S2,0.032767999899999997,0.032767999899999997,1
2,2,S2_over_T2,bin_pre_ms,E2,S2,T2,S2,0.38912001299999999,0.089120000599999999,4.3662478723098213
2,2,S2_over_T2,pressure_pre_ms,E2,S2,T2,S2,1.5580159999999998,1.4960160250000001,1.0414433896187707
2,2,S2_over_T2,collision_pool_ms,E2,S2,T2,S2,0.97535997600000002,0.87142401899999999,1.1192713934133598
2,2,S2_over_T2,relax_ms,E2,S2,T2,S2,10.423296000000001,10.434080099999999,0.99896645416781893
2,2,S2_over_T2,track_ms,E2,S2,T2,S2,3.8420479299999997,3.84511995,0.999201060034551
2,2,S2_over_T2,bin_post_ms,E2,S2,T2,S2,0.38195198800000002,0.38297599599999999,0.99732618229159209
2,2,S2_over_T2,moments_ms,E2,S2,T2,S2,1.815039995,1.8129919750000001,1.0011296354469523
2,2,S2_over_T2,pressure_post_ms,E2,S2,T2,S2,1.53804797,1.529343965,1.0056913324923606
2,2,S2_over_T2,compaction_ms,E2,S2,T2,S2,4.210688115,4.2024960499999997,1.0019493331825975
2,2,S2_over_T2,boundary_ms,E2,S2,T2,S2,0.024576000899999999,0.024576000899999999,1
2,2,S1_over_T1,total_ms,E1,S1,T1,S1,25.177599899999997,24.7234564,1.0183689324280725
2,2,S1_over_T1,gas_flux_ms,E1,S1,T1,S1,0.33689600200000003,0.33023999650000002,1.0201550556278547
2,2,S1_over_T1,eulerian_coupling_ms,E1,S1,T1,S1,0.098304003500000001,0.099327996399999993,0.98969079275619021
2,2,S1_over_T1,injection_ms,E1,S1,T1,S1,0.032767999899999997,0.032287999999999997,1.0148662010654113
2,2,S1_over_T1,bin_pre_ms,E1,S1,T1,S1,0.37990400200000002,0.019455999099999999,19.526316795522469
2,2,S1_over_T1,pressure_pre_ms,E1,S1,T1,S1,1.5518720149999998,1.48479998,1.0451724379737666
2,2,S1_over_T1,collision_pool_ms,E1,S1,T1,S1,0.83660799299999999,0.73318397999999996,1.1410614740927647
2,2,S1_over_T1,relax_ms,E1,S1,T1,S1,10.42176005,10.4212484,1.0000490968049471
2,2,S1_over_T1,track_ms,E1,S1,T1,S1,3.821568015,3.8287360650000002,0.99812782864153882
2,2,S1_over_T1,bin_post_ms,E1,S1,T1,S1,0.37427200399999999,0.373760015,1.0013698335280727
2,2,S1_over_T1,moments_ms,E1,S1,T1,S1,1.5595519549999999,1.563135985,0.99770715405800081
2,2,S1_over_T1,pressure_post_ms,E1,S1,T1,S1,1.531391975,1.535535995,0.99730125505784706
2,2,S1_over_T1,compaction_ms,E1,S1,T1,S1,4.231679915,4.2239999749999999,1.0018181676243973
2,2,S1_over_T1,boundary_ms,E1,S1,T1,S1,0.024576000899999999,0.024576000899999999,1
2,3,T2_over_T1,total_ms,E1,E2,T1,T2,25.466880799999998,25.952256200000001,0.98129737174835685
2,3,T2_over_T1,gas_flux_ms,E1,E2,T1,T2,0.373264015,0.36249598900000002,1.029705227993571
2,3,T2_over_T1,eulerian_coupling_ms,E1,E2,T1,T2,0.099839996699999989,0.10239999700000001,0.97499999633789036
2,3,T2_over_T1,injection_ms,E1,E2,T1,T2,0.0337920003,0.032767999899999997,1.0312500123023989
2,3,T2_over_T1,bin_pre_ms,E1,E2,T1,T2,0.38092800999999998,0.38912001299999999,0.9789473614146903
2,3,T2_over_T1,pressure_pre_ms,E1,E2,T1,T2,1.5646719949999999,1.56006402,1.0029537089125355
2,3,T2_over_T1,collision_pool_ms,E1,E2,T1,T2,0.83046400499999995,0.97023999699999997,0.8559366832616776
2,3,T2_over_T1,relax_ms,E1,E2,T1,T2,10.427903650000001,10.488832,0.99419112156625267
2,3,T2_over_T1,track_ms,E1,E2,T1,T2,3.8533120150000002,3.8661119900000003,0.99668918669890882
2,3,T2_over_T1,bin_post_ms,E1,E2,T1,T2,0.37478399299999998,0.38297599599999999,0.97860961761164789
2,3,T2_over_T1,moments_ms,E1,E2,T1,T2,1.5667200100000001,1.8099199549999998,0.86562944713209722
2,3,T2_over_T1,pressure_post_ms,E1,E2,T1,T2,1.542656005,1.5395839800000002,1.0019953604609473
2,3,T2_over_T1,compaction_ms,E1,E2,T1,T2,4.2060799600000003,4.2378239650000005,0.99250936205416451
2,3,T2_over_T1,boundary_ms,E1,E2,T1,T2,0.024655999599999999,0.024576000899999999,1.0032551553169906
2,3,S2_over_S1,total_ms,S1,S2,S1,S2,24.759248750000001,25.191423399999998,0.98284437353389098
2,3,S2_over_S1,gas_flux_ms,S1,S2,S1,S2,0.35123200700000001,0.34201599650000003,1.0269461387605008
2,3,S2_over_S1,eulerian_coupling_ms,S1,S2,S1,S2,0.098304003500000001,0.098304003500000001,1
2,3,S2_over_S1,injection_ms,S1,S2,S1,S2,0.032767999899999997,0.032767999899999997,1
2,3,S2_over_S1,bin_pre_ms,S1,S2,S1,S2,0.019455999099999999,0.096800003200000012,0.20099171959531503
2,3,S2_over_S1,pressure_pre_ms,S1,S2,S1,S2,1.48683202,1.495024025,0.99452048605038312
2,3,S2_over_S1,collision_pool_ms,S1,S2,S1,S2,0.73984000100000002,0.86681598400000004,0.85351448826075171
2,3,S2_over_S1,relax_ms,S1,S2,S1,S2,10.4222722,10.426447849999999,0.99959951365411581
2,3,S2_over_S1,track_ms,S1,S2,S1,S2,3.8318560100000001,3.8292480700000002,1.0006810579916281
2,3,S2_over_S1,bin_post_ms,S1,S2,S1,S2,0.373760015,0.38092800999999998,0.98118280931874768
2,3,S2_over_S1,moments_ms,S1,S2,S1,S2,1.5636479849999998,1.8022399550000001,0.86761364970404276
2,3,S2_over_S1,pressure_post_ms,S1,S2,S1,S2,1.53651202,1.5262719950000001,1.0067091744024301
2,3,S2_over_S1,compaction_ms,S1,S2,S1,S2,4.2234880950000004,4.1943039899999999,1.0069580328630401
2,3,S2_over_S1,boundary_ms,S1,S2,S1,S2,0.024576000899999999,0.024576000899999999,1
2,3,S2_over_T2,total_ms,E2,S2,T2,S2,25.952256200000001,25.191423399999998,1.0302020567841357
2,3,S2_over_T2,gas_flux_ms,E2,S2,T2,S2,0.36249598900000002,0.34201599650000003,1.05988021820494
2,3,S2_over_T2,eulerian_coupling_ms,E2,S2,T2,S2,0.10239999700000001,0.098304003500000001,1.0416665990617564
2,3,S2_over_T2,injection_ms,E2,S2,T2,S2,0.032767999899999997,0.032767999899999997,1
2,3,S2_over_T2,bin_pre_ms,E2,S2,T2,S2,0.38912001299999999,0.096800003200000012,4.0198347121542239
2,3,S2_over_T2,pressure_pre_ms,E2,S2,T2,S2,1.56006402,1.495024025,1.0435043142534115
2,3,S2_over_T2,collision_pool_ms,E2,S2,T2,S2,0.97023999699999997,0.86681598400000004,1.1193148429528728
2,3,S2_over_T2,relax_ms,E2,S2,T2,S2,10.488832,10.426447849999999,1.0059832601570056
2,3,S2_over_T2,track_ms,E2,S2,T2,S2,3.8661119900000003,3.8292480700000002,1.0096269344075168
2,3,S2_over_T2,bin_post_ms,E2,S2,T2,S2,0.38297599599999999,0.38092800999999998,1.0053763071925323
2,3,S2_over_T2,moments_ms,E2,S2,T2,S2,1.8099199549999998,1.8022399550000001,1.0042613637427651
2,3,S2_over_T2,pressure_post_ms,E2,S2,T2,S2,1.5395839800000002,1.5262719950000001,1.0087218956015767
2,3,S2_over_T2,compaction_ms,E2,S2,T2,S2,4.2378239650000005,4.1943039899999999,1.0103759706267739
2,3,S2_over_T2,boundary_ms,E2,S2,T2,S2,0.024576000899999999,0.024576000899999999,1
2,3,S1_over_T1,total_ms,E1,S1,T1,S1,25.466880799999998,24.759248750000001,1.0285805137766952
2,3,S1_over_T1,gas_flux_ms,E1,S1,T1,S1,0.373264015,0.35123200700000001,1.0627277912061128
2,3,S1_over_T1,eulerian_coupling_ms,E1,S1,T1,S1,0.099839996699999989,0.098304003500000001,1.0156249302705154
2,3,S1_over_T1,injection_ms,E1,S1,T1,S1,0.0337920003,0.032767999899999997,1.0312500123023989
2,3,S1_over_T1,bin_pre_ms,E1,S1,T1,S1,0.38092800999999998,0.019455999099999999,19.578948788088709
2,3,S1_over_T1,pressure_pre_ms,E1,S1,T1,S1,1.5646719949999999,1.48683202,1.0523529046677376
2,3,S1_over_T1,collision_pool_ms,E1,S1,T1,S1,0.83046400499999995,0.73984000100000002,1.1224913547219786
2,3,S1_over_T1,relax_ms,E1,S1,T1,S1,10.427903650000001,10.4222722,1.0005403284324124
2,3,S1_over_T1,track_ms,E1,S1,T1,S1,3.8533120150000002,3.8318560100000001,1.005599376632109
2,3,S1_over_T1,bin_post_ms,E1,S1,T1,S1,0.37478399299999998,0.373760015,1.0027396670561455
2,3,S1_over_T1,moments_ms,E1,S1,T1,S1,1.5667200100000001,1.5636479849999998,1.0019646525493398
2,3,S1_over_T1,pressure_post_ms,E1,S1,T1,S1,1.542656005,1.53651202,1.0039986572965436
2,3,S1_over_T1,compaction_ms,E1,S1,T1,S1,4.2060799600000003,4.2234880950000004,0.9958782564059766
2,3,S1_over_T1,boundary_ms,E1,S1,T1,S1,0.024655999599999999,0.024576000899999999,1.0032551553169906
2,4,T2_over_T1,total_ms,E1,E2,T1,T2,25.34604835,25.635327350000001,0.98871561123248142
2,4,T2_over_T1,gas_flux_ms,E1,E2,T1,T2,0.39679999649999997,0.3548160045,1.1183260942785347
2,4,T2_over_T1,eulerian_coupling_ms,E1,E2,T1,T2,0.10188799700000001,0.098304003500000001,1.0364582659138599
2,4,T2_over_T1,injection_ms,E1,E2,T1,T2,0.032767999899999997,0.032767999899999997,1
2,4,T2_over_T1,bin_pre_ms,E1,E2,T1,T2,0.3814719915,0.38809600500000002,0.98293202348217934
2,4,T2_over_T1,pressure_pre_ms,E1,E2,T1,T2,1.5575040599999999,1.5477759799999999,1.006285198973045
2,4,T2_over_T1,collision_pool_ms,E1,E2,T1,T2,0.82943999749999997,0.96972799300000001,0.85533263295205297
2,4,T2_over_T1,relax_ms,E1,E2,T1,T2,10.434559799999999,10.4238081,1.0010314560568319
2,4,T2_over_T1,track_ms,E1,E2,T1,T2,3.8353919950000002,3.8343679900000001,1.0002670596569423
2,4,T2_over_T1,bin_post_ms,E1,E2,T1,T2,0.376832008,0.38092800999999998,0.98924730685989726
2,4,T2_over_T1,moments_ms,E1,E2,T1,T2,1.5621119750000001,1.8012160100000001,0.86725410296569594
2,4,T2_over_T1,pressure_post_ms,E1,E2,T1,T2,1.539072035,1.5319039800000001,1.0046791803491495
2,4,T2_over_T1,compaction_ms,E1,E2,T1,T2,4.208127975,4.2188799399999999,0.99745146457047562
2,4,T2_over_T1,boundary_ms,E1,E2,T1,T2,0.0255999994,0.024576000899999999,1.0416666041056339
2,4,S2_over_S1,total_ms,S1,S2,S1,S2,24.800255800000002,25.256959950000002,0.98191769116694505
2,4,S2_over_S1,gas_flux_ms,S1,S2,S1,S2,0.37427200350000001,0.38400000349999996,0.97466666689756953
2,4,S2_over_S1,eulerian_coupling_ms,S1,S2,S1,S2,0.099327996399999993,0.100863997,0.98477156720251724
2,4,S2_over_S1,injection_ms,S1,S2,S1,S2,0.032767999899999997,0.032767999899999997,1
2,4,S2_over_S1,bin_pre_ms,S1,S2,S1,S2,0.019455999099999999,0.096847999800000001,0.2008921107320587
2,4,S2_over_S1,pressure_pre_ms,S1,S2,S1,S2,1.4838079799999999,1.494528055,0.99282711691885905
2,4,S2_over_S1,collision_pool_ms,S1,S2,S1,S2,0.73574399949999991,0.87193602299999995,0.84380502708052463
2,4,S2_over_S1,relax_ms,S1,S2,S1,S2,10.42790415,10.4309759,0.9997055165279406
2,4,S2_over_S1,track_ms,S1,S2,S1,S2,3.8338561049999997,3.851264,0.99547995281549118
2,4,S2_over_S1,bin_post_ms,S1,S2,S1,S2,0.37478399299999998,0.38246399200000003,0.97991968090946446
2,4,S2_over_S1,moments_ms,S1,S2,S1,S2,1.57132798,1.823744,0.86159459880334077
2,4,S2_over_S1,pressure_post_ms,S1,S2,S1,S2,1.536512015,1.533952,1.0016689016344711
2,4,S2_over_S1,compaction_ms,S1,S2,S1,S2,4.2138080549999994,4.2332160449999998,0.99541530841003878
2,4,S2_over_S1,boundary_ms,S1,S2,S1,S2,0.024576000899999999,0.0255999994,0.96000005765625129
2,4,S2_over_T2,total_ms,E2,S2,T2,S2,25.635327350000001,25.256959950000002,1.0149807182158515
2,4,S2_over_T2,gas_flux_ms,E2,S2,T2,S2,0.3548160045,0.38400000349999996,0.92400000329687504
2,4,S2_over_T2,eulerian_coupling_ms,E2,S2,T2,S2,0.098304003500000001,0.100863997,0.97461935302841507
2,4,S2_over_T2,injection_ms,E2,S2,T2,S2,0.032767999899999997,0.032767999899999997,1
2,4,S2_over_T2,bin_pre_ms,E2,S2,T2,S2,0.38809600500000002,0.096847999800000001,4.0072691826517204
2,4,S2_over_T2,pressure_pre_ms,E2,S2,T2,S2,1.5477759799999999,1.494528055,1.0356285884509542
2,4,S2_over_T2,collision_pool_ms,E2,S2,T2,S2,0.96972799300000001,0.87193602299999995,1.1121549831873387
2,4,S2_over_T2,relax_ms,E2,S2,T2,S2,10.4238081,10.4309759,0.99931283514901037
2,4,S2_over_T2,track_ms,E2,S2,T2,S2,3.8343679900000001,3.851264,0.99561286632129087
2,4,S2_over_T2,bin_post_ms,E2,S2,T2,S2,0.38092800999999998,0.38246399200000003,0.99598398272222177
2,4,S2_over_T2,moments_ms,E2,S2,T2,S2,1.8012160100000001,1.823744,0.98764739459046891
2,4,S2_over_T2,pressure_post_ms,E2,S2,T2,S2,1.5319039800000001,1.533952,0.99866487347713628
2,4,S2_over_T2,compaction_ms,E2,S2,T2,S2,4.2188799399999999,4.2332160449999998,0.99661342467580105
2,4,S2_over_T2,boundary_ms,E2,S2,T2,S2,0.024576000899999999,0.0255999994,0.96000005765625129
2,4,S1_over_T1,total_ms,E1,S1,T1,S1,25.34604835,24.800255800000002,1.0220075371158066
2,4,S1_over_T1,gas_flux_ms,E1,S1,T1,S1,0.39679999649999997,0.37427200350000001,1.0601914992019967
2,4,S1_over_T1,eulerian_coupling_ms,E1,S1,T1,S1,0.10188799700000001,0.099327996399999993,1.025773202850994
2,4,S1_over_T1,injection_ms,E1,S1,T1,S1,0.032767999899999997,0.032767999899999997,1
2,4,S1_over_T1,bin_pre_ms,E1,S1,T1,S1,0.3814719915,0.019455999099999999,19.606908364834371
2,4,S1_over_T1,pressure_pre_ms,E1,S1,T1,S1,1.5575040599999999,1.4838079799999999,1.0496668578369555
2,4,S1_over_T1,collision_pool_ms,E1,S1,T1,S1,0.82943999749999997,0.73574399949999991,1.1273486403744704
2,4,S1_over_T1,relax_ms,E1,S1,T1,S1,10.434559799999999,10.42790415,1.0006382538527647
2,4,S1_over_T1,track_ms,E1,S1,T1,S1,3.8353919950000002,3.8338561049999997,1.0004006123229292
2,4,S1_over_T1,bin_post_ms,E1,S1,T1,S1,0.376832008,0.37478399299999998,1.0054645209994335
2,4,S1_over_T1,moments_ms,E1,S1,T1,S1,1.5621119750000001,1.57132798,0.99413489410403044
2,4,S1_over_T1,pressure_post_ms,E1,S1,T1,S1,1.539072035,1.536512015,1.0016661242964637
2,4,S1_over_T1,compaction_ms,E1,S1,T1,S1,4.208127975,4.2138080549999994,0.99865203162416005
2,4,S1_over_T1,boundary_ms,E1,S1,T1,S1,0.0255999994,0.024576000899999999,1.0416666041056339
2,5,T2_over_T1,total_ms,E1,E2,T1,T2,25.227264399999999,25.640447600000002,0.98388549192097563
2,5,T2_over_T1,gas_flux_ms,E1,E2,T1,T2,0.32256001200000001,0.32563200599999997,0.99056605633538375
2,5,T2_over_T1,eulerian_coupling_ms,E1,E2,T1,T2,0.098304003500000001,0.099327996399999993,0.98969079275619021
2,5,T2_over_T1,injection_ms,E1,E2,T1,T2,0.03225599975,0.032767999899999997,0.98437499537467965
2,5,T2_over_T1,bin_pre_ms,E1,E2,T1,T2,0.37939199800000001,0.387071997,0.98015873258844921
2,5,T2_over_T1,pressure_pre_ms,E1,E2,T1,T2,1.558079955,1.55392003,1.0026770521775177
2,5,T2_over_T1,collision_pool_ms,E1,E2,T1,T2,0.82892799350000002,0.96460801399999996,0.8593418066916455
2,5,T2_over_T1,relax_ms,E1,E2,T1,T2,10.417664050000001,10.427391999999999,0.99906707736699663
2,5,T2_over_T1,track_ms,E1,E2,T1,T2,3.8174719800000001,3.8225920200000001,0.99866058423885895
2,5,T2_over_T1,bin_post_ms,E1,E2,T1,T2,0.373760015,0.38195198800000002,0.97855234883605313
2,5,T2_over_T1,moments_ms,E1,E2,T1,T2,1.557504,1.7991679899999999,0.8656801414080294
2,5,T2_over_T1,pressure_post_ms,E1,E2,T1,T2,1.5293439600000001,1.5349760049999999,0.9963308579537048
2,5,T2_over_T1,compaction_ms,E1,E2,T1,T2,4.2101759899999998,4.2188801800000002,0.99793684825625917
2,5,T2_over_T1,boundary_ms,E1,E2,T1,T2,0.024576000899999999,0.024576000899999999,1
2,5,S2_over_S1,total_ms,S1,S2,S1,S2,24.870399450000001,25.23340795,0.98561397252724248
2,5,S2_over_S1,gas_flux_ms,S1,S2,S1,S2,0.37683200849999998,0.33484800149999999,1.1253822833402816
2,5,S2_over_S1,eulerian_coupling_ms,S1,S2,S1,S2,0.099839996699999989,0.098304003500000001,1.0156249302705154
2,5,S2_over_S1,injection_ms,S1,S2,S1,S2,0.032143998899999998,0.033231999700000001,0.96726044746563955
2,5,S2_over_S1,bin_pre_ms,S1,S2,S1,S2,0.04505600035,0.094208002050000003,0.47826086287327224
2,5,S2_over_S1,pressure_pre_ms,S1,S2,S1,S2,1.4919680350000002,1.4853119850000001,1.0044812470829152
2,5,S2_over_S1,collision_pool_ms,S1,S2,S1,S2,0.73779201499999991,0.86886400000000008,0.84914556823622556
2,5,S2_over_S1,relax_ms,S1,S2,S1,S2,10.42585615,10.42278385,1.0002947676977874
2,5,S2_over_S1,track_ms,S1,S2,S1,S2,3.8287360650000002,3.8143999549999998,1.0037584181441719
2,5,S2_over_S1,bin_post_ms,S1,S2,S1,S2,0.37478399299999998,0.38195198800000002,0.98123325646887316
2,5,S2_over_S1,moments_ms,S1,S2,S1,S2,1.5590400099999999,1.8068479900000001,0.86285067622096967
2,5,S2_over_S1,pressure_post_ms,S1,S2,S1,S2,1.5319039800000001,1.5303679699999999,1.0010036867146404
2,5,S2_over_S1,compaction_ms,S1,S2,S1,S2,4.2152960299999993,4.2096641049999999,1.001337856147076
2,5,S2_over_S1,boundary_ms,S1,S2,S1,S2,0.0255999994,0.0255999994,1
2,5,S2_over_T2,total_ms,E2,S2,T2,S2,25.640447600000002,25.23340795,1.0161309820221887
2,5,S2_over_T2,gas_flux_ms,E2,S2,T2,S2,0.32563200599999997,0.33484800149999999,0.97247707778240977
2,5,S2_over_T2,eulerian_coupling_ms,E2,S2,T2,S2,0.099327996399999993,0.098304003500000001,1.0104165940708609
2,5,S2_over_T2,injection_ms,E2,S2,T2,S2,0.032767999899999997,0.033231999700000001,0.9860375600569109
2,5,S2_over_T2,bin_pre_ms,E2,S2,T2,S2,0.387071997,0.094208002050000003,4.1086955309227893
2,5,S2_over_T2,pressure_pre_ms,E2,S2,T2,S2,1.55392003,1.4853119850000001,1.046190999394649
2,5,S2_over_T2,collision_pool_ms,E2,S2,T2,S2,0.96460801399999996,0.86886400000000008,1.1101944769261931
2,5,S2_over_T2,relax_ms,E2,S2,T2,S2,10.427391999999999,10.42278385,1.0004421227635838
2,5,S2_over_T2,track_ms,E2,S2,T2,S2,3.8225920200000001,3.8143999549999998,1.0021476680727364
2,5,S2_over_T2,bin_post_ms,E2,S2,T2,S2,0.38195198800000002,0.38195198800000002,1
2,5,S2_over_T2,moments_ms,E2,S2,T2,S2,1.7991679899999999,1.8068479900000001,0.99574950408528828
2,5,S2_over_T2,pressure_post_ms,E2,S2,T2,S2,1.5349760049999999,1.5303679699999999,1.0030110634111089
2,5,S2_over_T2,compaction_ms,E2,S2,T2,S2,4.2188801800000002,4.2096641049999999,1.0021892661196066
2,5,S2_over_T2,boundary_ms,E2,S2,T2,S2,0.024576000899999999,0.0255999994,0.96000005765625129
2,5,S1_over_T1,total_ms,E1,S1,T1,S1,25.227264399999999,24.870399450000001,1.014348983445861
2,5,S1_over_T1,gas_flux_ms,E1,S1,T1,S1,0.32256001200000001,0.37683200849999998,0.85597827340614574
2,5,S1_over_T1,eulerian_coupling_ms,E1,S1,T1,S1,0.098304003500000001,0.099839996699999989,0.98461545221585545
2,5,S1_over_T1,injection_ms,E1,S1,T1,S1,0.03225599975,0.032143998899999998,1.0034843471202335
2,5,S1_over_T1,bin_pre_ms,E1,S1,T1,S1,0.37939199800000001,0.04505600035,8.4204544356543174
2,5,S1_over_T1,pressure_pre_ms,E1,S1,T1,S1,1.558079955,1.4919680350000002,1.0443118876873256
2,5,S1_over_T1,collision_pool_ms,E1,S1,T1,S1,0.82892799350000002,0.73779201499999991,1.1235252979798109
2,5,S1_over_T1,relax_ms,E1,S1,T1,S1,10.417664050000001,10.42585615,0.99921425157971333
2,5,S1_over_T1,track_ms,E1,S1,T1,S1,3.8174719800000001,3.8287360650000002,0.99705801475767175
2,5,S1_over_T1,bin_post_ms,E1,S1,T1,S1,0.373760015,0.37478399299999998,0.9972678182122896
2,5,S1_over_T1,moments_ms,E1,S1,T1,S1,1.557504,1.5590400099999999,0.99901477191723909
2,5,S1_over_T1,pressure_post_ms,E1,S1,T1,S1,1.5293439600000001,1.5319039800000001,0.99832886392788145
2,5,S1_over_T1,compaction_ms,E1,S1,T1,S1,4.2101759899999998,4.2152960299999993,0.99878536644554483
2,5,S1_over_T1,boundary_ms,E1,S1,T1,S1,0.024576000899999999,0.0255999994,0.96000005765625129
4,1,T2_over_T1,total_ms,E1,E2,T1,T2,27.828224200000001,27.650048249999998,1.0064439652469686
4,1,T2_over_T1,gas_flux_ms,E1,E2,T1,T2,0.35276800349999998,0.37529599650000001,0.93997273296252704
4,1,T2_over_T1,eulerian_coupling_ms,E1,E2,T1,T2,0.098304003500000001,0.098304003500000001,1
4,1,T2_over_T1,injection_ms,E1,E2,T1,T2,0.032767999899999997,0.0337920003,0.96969695812887402
4,1,T2_over_T1,bin_pre_ms,E1,E2,T1,T2,0.38246399200000003,0.39014399100000002,0.980314962738975
4,1,T2_over_T1,pressure_pre_ms,E1,E2,T1,T2,1.99219203,1.9768320349999999,1.0077700051031397
4,1,T2_over_T1,collision_pool_ms,E1,E2,T1,T2,1.11411196,0.97075200100000003,1.1476792825070881
4,1,T2_over_T1,relax_ms,E1,E2,T1,T2,10.490880050000001,10.490367900000001,1.0000488209760499
4,1,T2_over_T1,track_ms,E1,E2,T1,T2,3.83643198,3.83846402,0.99947061116388947
4,1,T2_over_T1,bin_post_ms,E1,E2,T1,T2,0.37734399699999999,0.385024011,0.98005315569786633
4,1,T2_over_T1,moments_ms,E1,E2,T1,T2,1.8165760049999999,1.8073599950000001,1.0050991556886817
4,1,T2_over_T1,pressure_post_ms,E1,E2,T1,T2,1.9655680100000001,1.9568639999999999,1.0044479381295788
4,1,T2_over_T1,compaction_ms,E1,E2,T1,T2,5.2469758999999998,5.237247945,1.001857455499942
4,1,T2_over_T1,boundary_ms,E1,E2,T1,T2,0.024576000899999999,0.024576000899999999,1
4,1,S2_over_S1,total_ms,S1,S2,S1,S2,27.147263500000001,27.2568321,0.99598014180085148
4,1,S2_over_S1,gas_flux_ms,S1,S2,S1,S2,0.37683199349999996,0.37119999549999999,1.0151724085891052
4,1,S2_over_S1,eulerian_coupling_ms,S1,S2,S1,S2,0.099327996399999993,0.099327996399999993,1
4,1,S2_over_S1,injection_ms,S1,S2,S1,S2,0.032767999899999997,0.032767999899999997,1
4,1,S2_over_S1,bin_pre_ms,S1,S2,S1,S2,0.019455999099999999,0.11571200200000001,0.16814158223621434
4,1,S2_over_S1,pressure_pre_ms,S1,S2,S1,S2,1.8590720300000001,1.8775039950000001,0.99018272927829376
4,1,S2_over_S1,collision_pool_ms,S1,S2,S1,S2,0.95436799500000002,0.87500798700000004,1.0906963241239533
4,1,S2_over_S1,relax_ms,S1,S2,S1,S2,10.491391700000001,10.491392149999999,0.9999999571076944
4,1,S2_over_S1,track_ms,S1,S2,S1,S2,3.8348801099999998,3.8302720800000003,1.0012030555281075
4,1,S2_over_S1,bin_post_ms,S1,S2,S1,S2,0.37585599749999998,0.385024011,0.97618846295796335
4,1,S2_over_S1,moments_ms,S1,S2,S1,S2,1.7950720200000001,1.81196797,0.9906753594546156
4,1,S2_over_S1,pressure_post_ms,S1,S2,S1,S2,1.981951955,1.972224,1.0049324797791732
4,1,S2_over_S1,compaction_ms,S1,S2,S1,S2,5.2597761149999993,5.229568005,1.0057764063821557
4,1,S2_over_S1,boundary_ms,S1,S2,S1,S2,0.024576000899999999,0.0255999994,0.96000005765625129
4,1,S2_over_T2,total_ms,E2,S2,T2,S2,27.650048249999998,27.2568321,1.0144263334989687
4,1,S2_over_T2,gas_flux_ms,E2,S2,T2,S2,0.37529599650000001,0.37119999549999999,1.0110344855863556
4,1,S2_over_T2,eulerian_coupling_ms,E2,S2,T2,S2,0.098304003500000001,0.099327996399999993,0.98969079275619021
4,1,S2_over_T2,injection_ms,E2,S2,T2,S2,0.0337920003,0.032767999899999997,1.0312500123023989
4,1,S2_over_T2,bin_pre_ms,E2,S2,T2,S2,0.39014399100000002,0.11571200200000001,3.3716812798727656
4,1,S2_over_T2,pressure_pre_ms,E2,S2,T2,S2,1.9768320349999999,1.8775039950000001,1.0529043028747322
4,1,S2_over_T2,collision_pool_ms,E2,S2,T2,S2,0.97075200100000003,0.87500798700000004,1.1094207314932771
4,1,S2_over_T2,relax_ms,E2,S2,T2,S2,10.490367900000001,10.491392149999999,0.99990237234626689
4,1,S2_over_T2,track_ms,E2,S2,T2,S2,3.83846402,3.8302720800000003,1.0021387357944556
4,1,S2_over_T2,bin_post_ms,E2,S2,T2,S2,0.385024011,0.385024011,1
4,1,S2_over_T2,moments_ms,E2,S2,T2,S2,1.8073599950000001,1.81196797,0.99745692248632856
4,1,S2_over_T2,pressure_post_ms,E2,S2,T2,S2,1.9568639999999999,1.972224,0.99221183800623047
4,1,S2_over_T2,compaction_ms,E2,S2,T2,S2,5.237247945,5.229568005,1.0014685610728566
4,1,S2_over_T2,boundary_ms,E2,S2,T2,S2,0.024576000899999999,0.0255999994,0.96000005765625129
4,1,S1_over_T1,total_ms,E1,S1,T1,S1,27.828224200000001,27.147263500000001,1.0250839536736365
4,1,S1_over_T1,gas_flux_ms,E1,S1,T1,S1,0.35276800349999998,0.37683199349999996,0.93614132978334819
4,1,S1_over_T1,eulerian_coupling_ms,E1,S1,T1,S1,0.098304003500000001,0.099327996399999993,0.98969079275619021
4,1,S1_over_T1,injection_ms,E1,S1,T1,S1,0.032767999899999997,0.032767999899999997,1
4,1,S1_over_T1,bin_pre_ms,E1,S1,T1,S1,0.38246399200000003,0.019455999099999999,19.657895234997213
4,1,S1_over_T1,pressure_pre_ms,E1,S1,T1,S1,1.99219203,1.8590720300000001,1.0716056171314674
4,1,S1_over_T1,collision_pool_ms,E1,S1,T1,S1,1.11411196,0.95436799500000002,1.167381938452368
4,1,S1_over_T1,relax_ms,E1,S1,T1,S1,10.490880050000001,10.491391700000001,0.9999512314462532
4,1,S1_over_T1,track_ms,E1,S1,T1,S1,3.83643198,3.8348801099999998,1.0004046723640598
4,1,S1_over_T1,bin_post_ms,E1,S1,T1,S1,0.37734399699999999,0.37585599749999998,1.0039589617031455
4,1,S1_over_T1,moments_ms,E1,S1,T1,S1,1.8165760049999999,1.7950720200000001,1.0119794552867021
4,1,S1_over_T1,pressure_post_ms,E1,S1,T1,S1,1.9655680100000001,1.981951955,0.99173342978437651
4,1,S1_over_T1,compaction_ms,E1,S1,T1,S1,5.2469758999999998,5.2597761149999993,0.99756639546624515
4,1,S1_over_T1,boundary_ms,E1,S1,T1,S1,0.024576000899999999,0.024576000899999999,1
4,2,T2_over_T1,total_ms,E1,E2,T1,T2,27.892735500000001,27.821568499999998,1.0025579794323962
4,2,T2_over_T1,gas_flux_ms,E1,E2,T1,T2,0.35072000299999995,0.34923200300000001,1.0042607778989829
4,2,T2_over_T1,eulerian_coupling_ms,E1,E2,T1,T2,0.100863997,0.098304003500000001,1.0260415996180663
4,2,T2_over_T1,injection_ms,E1,E2,T1,T2,0.032767999899999997,0.032767999899999997,1
4,2,T2_over_T1,bin_pre_ms,E1,E2,T1,T2,0.38400000299999998,0.39014399100000002,0.98425199889852966
4,2,T2_over_T1,pressure_pre_ms,E1,E2,T1,T2,1.9799039949999999,2.01062399,0.98472116360254902
4,2,T2_over_T1,collision_pool_ms,E1,E2,T1,T2,1.1207680099999999,0.96972799300000001,1.1557550344945027
4,2,T2_over_T1,relax_ms,E1,E2,T1,T2,10.508287899999999,10.4934397,1.0014149983632155
4,2,T2_over_T1,track_ms,E1,E2,T1,T2,3.8671360000000004,3.8399999149999999,1.0070666889585076
4,2,T2_over_T1,bin_post_ms,E1,E2,T1,T2,0.38143999900000003,0.38451200699999999,0.99201063180323534
4,2,T2_over_T1,moments_ms,E1,E2,T1,T2,1.814527985,1.80275202,1.006532215673235
4,2,T2_over_T1,pressure_post_ms,E1,E2,T1,T2,1.974784015,1.980416,0.99715616062483847
4,2,T2_over_T1,compaction_ms,E1,E2,T1,T2,5.2843520650000002,5.2828159350000004,1.0002907786337629
4,2,T2_over_T1,boundary_ms,E1,E2,T1,T2,0.0255999994,0.0255999994,1
4,2,S2_over_S1,total_ms,S1,S2,S1,S2,27.0013437,27.044863700000001,0.99839082198813223
4,2,S2_over_S1,gas_flux_ms,S1,S2,S1,S2,0.32716800299999999,0.31955198949999997,1.0238334097431743
4,2,S2_over_S1,eulerian_coupling_ms,S1,S2,S1,S2,0.099327996399999993,0.098304003500000001,1.0104165940708609
4,2,S2_over_S1,injection_ms,S1,S2,S1,S2,0.032767999899999997,0.031743999600000003,1.0322580743732115
4,2,S2_over_S1,bin_pre_ms,S1,S2,S1,S2,0.019455999099999999,0.09164800125,0.21229049007765458
4,2,S2_over_S1,pressure_pre_ms,S1,S2,S1,S2,1.8426880250000002,1.8626560000000001,0.98927983750085902
4,2,S2_over_S1,collision_pool_ms,S1,S2,S1,S2,0.95743998850000001,0.87044802300000002,1.099939299304951
4,2,S2_over_S1,relax_ms,S1,S2,S1,S2,10.500608,10.488832,1.0011227179537245
4,2,S2_over_S1,track_ms,S1,S2,S1,S2,3.8579200500000002,3.8328321000000001,1.0065455384805404
4,2,S2_over_S1,bin_post_ms,S1,S2,S1,S2,0.37785598599999998,0.38400000299999998,0.983999955854167
4,2,S2_over_S1,moments_ms,S1,S2,S1,S2,1.7960959700000001,1.8078719950000002,0.99348625066787422
4,2,S2_over_S1,pressure_post_ms,S1,S2,S1,S2,1.9650560000000001,1.9701760450000001,0.99740122462000602
4,2,S2_over_S1,compaction_ms,S1,S2,S1,S2,5.2505598100000004,5.1967999950000001,1.0103447919973298
4,2,S2_over_S1,boundary_ms,S1,S2,S1,S2,0.024576000899999999,0.0255999994,0.96000005765625129
4,2,S2_over_T2,total_ms,E2,S2,T2,S2,27.821568499999998,27.044863700000001,1.0287191242158118
4,2,S2_over_T2,gas_flux_ms,E2,S2,T2,S2,0.34923200300000001,0.31955198949999997,1.0928800773434084
4,2,S2_over_T2,eulerian_coupling_ms,E2,S2,T2,S2,0.098304003500000001,0.098304003500000001,1
4,2,S2_over_T2,injection_ms,E2,S2,T2,S2,0.032767999899999997,0.031743999600000003,1.0322580743732115
4,2,S2_over_T2,bin_pre_ms,E2,S2,T2,S2,0.39014399100000002,0.09164800125,4.2569830839600558
4,2,S2_over_T2,pressure_pre_ms,E2,S2,T2,S2,2.01062399,1.8626560000000001,1.0794392469677707
4,2,S2_over_T2,collision_pool_ms,E2,S2,T2,S2,0.96972799300000001,0.87044802300000002,1.1140561726567331
4,2,S2_over_T2,relax_ms,E2,S2,T2,S2,10.4934397,10.488832,1.0004392958148247
4,2,S2_over_T2,track_ms,E2,S2,T2,S2,3.8399999149999999,3.8328321000000001,1.0018701093115976
4,2,S2_over_T2,bin_post_ms,E2,S2,T2,S2,0.38451200699999999,0.38400000299999998,1.0013333437395833
4,2,S2_over_T2,moments_ms,E2,S2,T2,S2,1.80275202,1.8078719950000002,0.99716795491375476
4,2,S2_over_T2,pressure_post_ms,E2,S2,T2,S2,1.980416,1.9701760450000001,1.0051974822381926
4,2,S2_over_T2,compaction_ms,E2,S2,T2,S2,5.2828159350000004,5.1967999950000001,1.0165517126082895
4,2,S2_over_T2,boundary_ms,E2,S2,T2,S2,0.0255999994,0.0255999994,1
4,2,S1_over_T1,total_ms,E1,S1,T1,S1,27.892735500000001,27.0013437,1.0330128681707051
4,2,S1_over_T1,gas_flux_ms,E1,S1,T1,S1,0.35072000299999995,0.32716800299999999,1.0719874797780882
4,2,S1_over_T1,eulerian_coupling_ms,E1,S1,T1,S1,0.100863997,0.099327996399999993,1.0154639241268337
4,2,S1_over_T1,injection_ms,E1,S1,T1,S1,0.032767999899999997,0.032767999899999997,1
4,2,S1_over_T1,bin_pre_ms,E1,S1,T1,S1,0.38400000299999998,0.019455999099999999,19.736843172448541
4,2,S1_over_T1,pressure_pre_ms,E1,S1,T1,S1,1.9799039949999999,1.8426880250000002,1.0744651119117137
4,2,S1_over_T1,collision_pool_ms,E1,S1,T1,S1,1.1207680099999999,0.95743998850000001,1.170588259798802
4,2,S1_over_T1,relax_ms,E1,S1,T1,S1,10.508287899999999,10.500608,1.0007313766974255
4,2,S1_over_T1,track_ms,E1,S1,T1,S1,3.8671360000000004,3.8579200500000002,1.0023888390325766
4,2,S1_over_T1,bin_post_ms,E1,S1,T1,S1,0.38143999900000003,0.37785598599999998,1.0094851296070246
4,2,S1_over_T1,moments_ms,E1,S1,T1,S1,1.814527985,1.7960959700000001,1.0102622662195495
4,2,S1_over_T1,pressure_post_ms,E1,S1,T1,S1,1.974784015,1.9650560000000001,1.0049505026828751
4,2,S1_over_T1,compaction_ms,E1,S1,T1,S1,5.2843520650000002,5.2505598100000004,1.0064359337333213
4,2,S1_over_T1,boundary_ms,E1,S1,T1,S1,0.0255999994,0.024576000899999999,1.0416666041056339
4,3,T2_over_T1,total_ms,E1,E2,T1,T2,27.665920249999999,27.592191700000001,1.0026720802320317
4,3,T2_over_T1,gas_flux_ms,E1,E2,T1,T2,0.32716800299999999,0.31897600000000004,1.0256821923906498
4,3,T2_over_T1,eulerian_coupling_ms,E1,E2,T1,T2,0.098304003500000001,0.097792003299999999,1.0052356039627219
4,3,T2_over_T1,injection_ms,E1,E2,T1,T2,0.03225599975,0.032304000099999994,0.99851410506898819
4,3,T2_over_T1,bin_pre_ms,E1,E2,T1,T2,0.38092800999999998,0.38912001299999999,0.9789473614146903
4,3,T2_over_T1,pressure_pre_ms,E1,E2,T1,T2,1.9875840550000001,1.9758080250000001,1.0059601083966647
4,3,T2_over_T1,collision_pool_ms,E1,E2,T1,T2,1.10131198,0.97023999699999997,1.1350923311812304
4,3,T2_over_T1,relax_ms,E1,E2,T1,T2,10.488832,10.488832499999999,0.9999999523302523
4,3,T2_over_T1,track_ms,E1,E2,T1,T2,3.841023925,3.833855985,1.0018696424769331
4,3,T2_over_T1,bin_post_ms,E1,E2,T1,T2,0.376832008,0.38451200699999999,0.98002663412276747
4,3,T2_over_T1,moments_ms,E1,E2,T1,T2,1.790975985,1.8078719950000002,0.99065420005026394
4,3,T2_over_T1,pressure_post_ms,E1,E2,T1,T2,1.953792035,1.9711999900000001,0.991168853952764
4,3,T2_over_T1,compaction_ms,E1,E2,T1,T2,5.2423679849999996,5.222912075,1.0037251077024878
4,3,T2_over_T1,boundary_ms,E1,E2,T1,T2,0.024576000899999999,0.024576000899999999,1
4,3,S2_over_S1,total_ms,S1,S2,S1,S2,27.2527361,27.113472000000002,1.0051363432908924
4,3,S2_over_S1,gas_flux_ms,S1,S2,S1,S2,0.3415200115,0.33843199899999998,1.0091244696397637
4,3,S2_over_S1,eulerian_coupling_ms,S1,S2,S1,S2,0.098304003500000001,0.098304003500000001,1
4,3,S2_over_S1,injection_ms,S1,S2,S1,S2,0.032592000449999999,0.032767999899999997,0.99462892301827677
4,3,S2_over_S1,bin_pre_ms,S1,S2,S1,S2,0.019455999099999999,0.1071840005,0.18151962055194981
4,3,S2_over_S1,pressure_pre_ms,S1,S2,S1,S2,1.8600959800000001,1.86880004,0.99534243374695142
4,3,S2_over_S1,collision_pool_ms,S1,S2,S1,S2,0.95948800450000005,0.87296000100000004,1.0991202384999081
4,3,S2_over_S1,relax_ms,S1,S2,S1,S2,10.4888482,10.491392149999999,0.99975752026388609
4,3,S2_over_S1,track_ms,S1,S2,S1,S2,3.83590388,3.84102392,0.99866701168577987
4,3,S2_over_S1,bin_post_ms,S1,S2,S1,S2,0.376832008,0.385024011,0.97872339707146216
4,3,S2_over_S1,moments_ms,S1,S2,S1,S2,1.799679995,1.817088005,0.99041983109673326
4,3,S2_over_S1,pressure_post_ms,S1,S2,S1,S2,1.9758080200000001,1.9563519949999999,1.0099450533696008
4,3,S2_over_S1,compaction_ms,S1,S2,S1,S2,5.2587521050000001,5.2444160000000002,1.0027335941694937
4,3,S2_over_S1,boundary_ms,S1,S2,S1,S2,0.024576000899999999,0.0255999994,0.96000005765625129
4,3,S2_over_T2,total_ms,E2,S2,T2,S2,27.592191700000001,27.113472000000002,1.0176561563196334
4,3,S2_over_T2,gas_flux_ms,E2,S2,T2,S2,0.31897600000000004,0.33843199899999998,0.94251134922971647
4,3,S2_over_T2,eulerian_coupling_ms,E2,S2,T2,S2,0.097792003299999999,0.098304003500000001,0.99479166481759818
4,3,S2_over_T2,injection_ms,E2,S2,T2,S2,0.032304000099999994,0.032767999899999997,0.98583984981030215
4,3,S2_over_T2,bin_pre_ms,E2,S2,T2,S2,0.38912001299999999,0.1071840005,3.6303927002612668
4,3,S2_over_T2,pressure_pre_ms,E2,S2,T2,S2,1.9758080250000001,1.86880004,1.0572602647204568
4,3,S2_over_T2,collision_pool_ms,E2,S2,T2,S2,0.97023999699999997,0.87296000100000004,1.111436945436862
4,3,S2_over_T2,relax_ms,E2,S2,T2,S2,10.488832499999999,10.491392149999999,0.99975602379899597
4,3,S2_over_T2,track_ms,E2,S2,T2,S2,3.833855985,3.84102392,0.99813384786210857
4,3,S2_over_T2,bin_post_ms,E2,S2,T2,S2,0.38451200699999999,0.385024011,0.9986702024149865
4,3,S2_over_T2,moments_ms,E2,S2,T2,S2,1.8078719950000002,1.817088005,0.99492814328494794
4,3,S2_over_T2,pressure_post_ms,E2,S2,T2,S2,1.9711999900000001,1.9563519949999999,1.0075896336845049
4,3,S2_over_T2,compaction_ms,E2,S2,T2,S2,5.222912075,5.2444160000000002,0.99589965307862682
4,3,S2_over_T2,boundary_ms,E2,S2,T2,S2,0.024576000899999999,0.0255999994,0.96000005765625129
4,3,S1_over_T1,total_ms,E1,S1,T1,S1,27.665920249999999,27.2527361,1.0151611988052824
4,3,S1_over_T1,gas_flux_ms,E1,S1,T1,S1,0.32716800299999999,0.3415200115,0.95797608334292295
4,3,S1_over_T1,eulerian_coupling_ms,E1,S1,T1,S1,0.098304003500000001,0.098304003500000001,1
4,3,S1_over_T1,injection_ms,E1,S1,T1,S1,0.03225599975,0.032592000449999999,0.98969070031416262
4,3,S1_over_T1,bin_pre_ms,E1,S1,T1,S1,0.38092800999999998,0.019455999099999999,19.578948788088709
4,3,S1_over_T1,pressure_pre_ms,E1,S1,T1,S1,1.9875840550000001,1.8600959800000001,1.0685384390756008
4,3,S1_over_T1,collision_pool_ms,E1,S1,T1,S1,1.10131198,0.95948800450000005,1.147812140261103
4,3,S1_over_T1,relax_ms,E1,S1,T1,S1,10.488832,10.4888482,0.99999845550248323
4,3,S1_over_T1,track_ms,E1,S1,T1,S1,3.841023925,3.83590388,1.0013347688472318
4,3,S1_over_T1,bin_post_ms,E1,S1,T1,S1,0.376832008,0.376832008,1
4,3,S1_over_T1,moments_ms,E1,S1,T1,S1,1.790975985,1.799679995,0.99516357906728858
4,3,S1_over_T1,pressure_post_ms,E1,S1,T1,S1,1.953792035,1.9758080200000001,0.98885722460019165
4,3,S1_over_T1,compaction_ms,E1,S1,T1,S1,5.2423679849999996,5.2587521050000001,0.99688440913873411
4,3,S1_over_T1,boundary_ms,E1,S1,T1,S1,0.024576000899999999,0.024576000899999999,1
4,4,T2_over_T1,total_ms,E1,E2,T1,T2,27.731967900000001,27.671039550000003,1.0022018814974372
4,4,T2_over_T1,gas_flux_ms,E1,E2,T1,T2,0.31385600599999997,0.32665599899999997,0.96081506833125696
4,4,T2_over_T1,eulerian_coupling_ms,E1,E2,T1,T2,0.098304003500000001,0.098304003500000001,1
4,4,T2_over_T1,injection_ms,E1,E2,T1,T2,0.032767999899999997,0.032767999899999997,1
4,4,T2_over_T1,bin_pre_ms,E1,E2,T1,T2,0.38195198800000002,0.38912001299999999,0.98157888373631408
4,4,T2_over_T1,pressure_pre_ms,E1,E2,T1,T2,1.9809280650000001,1.9886080050000001,0.99613803224130137
4,4,T2_over_T1,collision_pool_ms,E1,E2,T1,T2,1.10643202,0.96716800300000005,1.1439915470404576
4,4,T2_over_T1,relax_ms,E1,E2,T1,T2,10.4939518,10.488832,1.0004881191728496
4,4,T2_over_T1,track_ms,E1,E2,T1,T2,3.8312960900000004,3.8349440100000001,0.99904876838084533
4,4,T2_over_T1,bin_post_ms,E1,E2,T1,T2,0.376832008,0.38348799950000001,0.98264354684193966
4,4,T2_over_T1,moments_ms,E1,E2,T1,T2,1.799679995,1.81452799,0.99181715846664897
4,4,T2_over_T1,pressure_post_ms,E1,E2,T1,T2,1.9834879650000001,1.9599359600000001,1.0120167217096216
4,4,T2_over_T1,compaction_ms,E1,E2,T1,T2,5.261823895,5.3268477949999999,0.98779317478133433
4,4,T2_over_T1,boundary_ms,E1,E2,T1,T2,0.024576000899999999,0.024576000899999999,1
4,4,S2_over_S1,total_ms,S1,S2,S1,S2,27.2209921,27.240448000000001,0.99928577165838095
4,4,S2_over_S1,gas_flux_ms,S1,S2,S1,S2,0.36505599300000002,0.33280000050000003,1.0969230542414017
4,4,S2_over_S1,eulerian_coupling_ms,S1,S2,S1,S2,0.099327996399999993,0.098304003500000001,1.0104165940708609
4,4,S2_over_S1,injection_ms,S1,S2,S1,S2,0.032767999899999997,0.03225599975,1.0158730206463371
4,4,S2_over_S1,bin_pre_ms,S1,S2,S1,S2,0.034816000649999998,0.088064000050000008,0.39534884436583112
4,4,S2_over_S1,pressure_pre_ms,S1,S2,S1,S2,1.8565120099999999,1.85889602,0.99871751298924183
4,4,S2_over_S1,collision_pool_ms,S1,S2,S1,S2,0.96102398600000005,0.87244802700000001,1.1015257714600803
4,4,S2_over_S1,relax_ms,S1,S2,S1,S2,10.488832499999999,10.48780825,1.0000976610151124
4,4,S2_over_S1,track_ms,S1,S2,S1,S2,3.8312959649999998,3.8399999149999999,0.99773334630399335
4,4,S2_over_S1,bin_post_ms,S1,S2,S1,S2,0.37632000450000003,0.38400000299999998,0.9800000040625001
4,4,S2_over_S1,moments_ms,S1,S2,S1,S2,1.81452799,1.8017439849999999,1.0070953504529114
4,4,S2_over_S1,pressure_post_ms,S1,S2,S1,S2,1.965568005,1.96608001,0.99973958079152636
4,4,S2_over_S1,compaction_ms,S1,S2,S1,S2,5.2643840300000004,5.2710399600000004,0.9987372643632928
4,4,S2_over_S1,boundary_ms,S1,S2,S1,S2,0.024576000899999999,0.024576000899999999,1
4,4,S2_over_T2,total_ms,E2,S2,T2,S2,27.671039550000003,27.240448000000001,1.0158070656547207
4,4,S2_over_T2,gas_flux_ms,E2,S2,T2,S2,0.32665599899999997,0.33280000050000003,0.98153845705898657
4,4,S2_over_T2,eulerian_coupling_ms,E2,S2,T2,S2,0.098304003500000001,0.098304003500000001,1
4,4,S2_over_T2,injection_ms,E2,S2,T2,S2,0.032767999899999997,0.03225599975,1.0158730206463371
4,4,S2_over_T2,bin_pre_ms,E2,S2,T2,S2,0.38912001299999999,0.088064000050000008,4.4186047962739563
4,4,S2_over_T2,pressure_pre_ms,E2,S2,T2,S2,1.9886080050000001,1.85889602,1.0697790428320999
4,4,S2_over_T2,collision_pool_ms,E2,S2,T2,S2,0.96716800300000005,0.87244802700000001,1.1085680442486692
4,4,S2_over_T2,relax_ms,E2,S2,T2,S2,10.488832,10.48780825,1.0000976133407091
4,4,S2_over_T2,track_ms,E2,S2,T2,S2,3.8349440100000001,3.8399999149999999,0.99868335804377228
4,4,S2_over_T2,bin_post_ms,E2,S2,T2,S2,0.38348799950000001,0.38400000299999998,0.99866665756250017
4,4,S2_over_T2,moments_ms,E2,S2,T2,S2,1.81452799,1.8017439849999999,1.0070953504529114
4,4,S2_over_T2,pressure_post_ms,E2,S2,T2,S2,1.9599359600000001,1.96608001,0.99687497458457963
4,4,S2_over_T2,compaction_ms,E2,S2,T2,S2,5.3268477949999999,5.2710399600000004,1.0105876326917467
4,4,S2_over_T2,boundary_ms,E2,S2,T2,S2,0.024576000899999999,0.024576000899999999,1
4,4,S1_over_T1,total_ms,E1,S1,T1,S1,27.731967900000001,27.2209921,1.0187713878363751
4,4,S1_over_T1,gas_flux_ms,E1,S1,T1,S1,0.31385600599999997,0.36505599300000002,0.85974757850366246
4,4,S1_over_T1,eulerian_coupling_ms,E1,S1,T1,S1,0.098304003500000001,0.099327996399999993,0.98969079275619021
4,4,S1_over_T1,injection_ms,E1,S1,T1,S1,0.032767999899999997,0.032767999899999997,1
4,4,S1_over_T1,bin_pre_ms,E1,S1,T1,S1,0.38195198800000002,0.034816000649999998,10.970587685808768
4,4,S1_over_T1,pressure_pre_ms,E1,S1,T1,S1,1.9809280650000001,1.8565120099999999,1.0670160248518943
4,4,S1_over_T1,collision_pool_ms,E1,S1,T1,S1,1.10643202,0.96102398600000005,1.1513053119571148
4,4,S1_over_T1,relax_ms,E1,S1,T1,S1,10.4939518,10.488832499999999,1.0004880714798334
4,4,S1_over_T1,track_ms,E1,S1,T1,S1,3.8312960900000004,3.8312959649999998,1.0000000326260361
4,4,S1_over_T1,bin_post_ms,E1,S1,T1,S1,0.376832008,0.37632000450000003,1.0013605535020129
4,4,S1_over_T1,moments_ms,E1,S1,T1,S1,1.799679995,1.81452799,0.99181715846664897
4,4,S1_over_T1,pressure_post_ms,E1,S1,T1,S1,1.9834879650000001,1.965568005,1.0091169371674831
4,4,S1_over_T1,compaction_ms,E1,S1,T1,S1,5.261823895,5.2643840300000004,0.99951368764409831
4,4,S1_over_T1,boundary_ms,E1,S1,T1,S1,0.024576000899999999,0.024576000899999999,1
4,5,T2_over_T1,total_ms,E1,E2,T1,T2,27.810303699999999,27.698175450000001,1.0040482179124905
4,5,T2_over_T1,gas_flux_ms,E1,E2,T1,T2,0.3251200025,0.34918400650000003,0.9310850338158313
4,5,T2_over_T1,eulerian_coupling_ms,E1,E2,T1,T2,0.098304003500000001,0.098304003500000001,1
4,5,T2_over_T1,injection_ms,E1,E2,T1,T2,0.031743999600000003,0.032767999899999997,0.9687499907493593
4,5,T2_over_T1,bin_pre_ms,E1,E2,T1,T2,0.38195198800000002,0.39014399100000002,0.9790026164980713
4,5,T2_over_T1,pressure_pre_ms,E1,E2,T1,T2,1.99270397,1.9778559800000002,1.007507113839502
4,5,T2_over_T1,collision_pool_ms,E1,E2,T1,T2,1.12179202,0.9712640050000001,1.1549815644614565
4,5,T2_over_T1,relax_ms,E1,E2,T1,T2,10.489344150000001,10.488832499999999,1.0000487804529248
4,5,T2_over_T1,track_ms,E1,E2,T1,T2,3.83180809,3.83385599,0.99946583804781874
4,5,T2_over_T1,bin_post_ms,E1,E2,T1,T2,0.376832008,0.38400000299999998,0.98133334649999993
4,5,T2_over_T1,moments_ms,E1,E2,T1,T2,1.8135039799999999,1.80480003,1.0048226672513962
4,5,T2_over_T1,pressure_post_ms,E1,E2,T1,T2,1.9743359700000001,1.9691520300000001,1.002632574794136
4,5,T2_over_T1,compaction_ms,E1,E2,T1,T2,5.2807681550000005,5.3002240650000001,0.99632922877195385
4,5,T2_over_T1,boundary_ms,E1,E2,T1,T2,0.024576000899999999,0.024576000899999999,1
4,5,S2_over_S1,total_ms,S1,S2,S1,S2,27.230207450000002,27.210240349999999,1.0007338082921418
4,5,S2_over_S1,gas_flux_ms,S1,S2,S1,S2,0.34764800949999997,0.33587199400000001,1.0350610223846171
4,5,S2_over_S1,eulerian_coupling_ms,S1,S2,S1,S2,0.098304003500000001,0.098815999949999997,0.99481868877247548
4,5,S2_over_S1,injection_ms,S1,S2,S1,S2,0.032767999899999997,0.03225599975,1.0158730206463371
4,5,S2_over_S1,bin_pre_ms,S1,S2,S1,S2,0.019455999099999999,0.099328000249999993,0.19587627910590097
4,5,S2_over_S1,pressure_pre_ms,S1,S2,S1,S2,1.862656055,1.8657280250000001,0.99835347384032558
4,5,S2_over_S1,collision_pool_ms,S1,S2,S1,S2,0.95743998850000001,0.87193602299999995,1.0980622009465941
4,5,S2_over_S1,relax_ms,S1,S2,S1,S2,10.488832,10.489344150000001,0.99995117425906932
4,5,S2_over_S1,track_ms,S1,S2,S1,S2,3.8307839650000002,3.8302720749999999,1.0001336432477843
4,5,S2_over_S1,bin_post_ms,S1,S2,S1,S2,0.375808001,0.38451200699999999,0.97736350012081685
4,5,S2_over_S1,moments_ms,S1,S2,S1,S2,1.8007040050000001,1.8068480500000001,0.99659957847589886
4,5,S2_over_S1,pressure_post_ms,S1,S2,S1,S2,1.97838402,1.9681440000000001,1.0052028814964757
4,5,S2_over_S1,compaction_ms,S1,S2,S1,S2,5.2551679599999996,5.2797439099999997,0.99534523825039078
4,5,S2_over_S1,boundary_ms,S1,S2,S1,S2,0.024576000899999999,0.0255999994,0.96000005765625129
4,5,S2_over_T2,total_ms,E2,S2,T2,S2,27.698175450000001,27.210240349999999,1.0179320393250404
4,5,S2_over_T2,gas_flux_ms,E2,S2,T2,S2,0.34918400650000003,0.33587199400000001,1.0396341842660453
4,5,S2_over_T2,eulerian_coupling_ms,E2,S2,T2,S2,0.098304003500000001,0.098815999949999997,0.99481868877247548
4,5,S2_over_T2,injection_ms,E2,S2,T2,S2,0.032767999899999997,0.03225599975,1.0158730206463371
4,5,S2_over_T2,bin_pre_ms,E2,S2,T2,S2,0.39014399100000002,0.099328000249999993,3.9278349510514792
4,5,S2_over_T2,pressure_pre_ms,E2,S2,T2,S2,1.9778559800000002,1.8657280250000001,1.0600987676111044
4,5,S2_over_T2,collision_pool_ms,E2,S2,T2,S2,0.9712640050000001,0.87193602299999995,1.1139165940847935
4,5,S2_over_T2,relax_ms,E2,S2,T2,S2,10.488832499999999,10.489344150000001,0.99995122192649177
4,5,S2_over_T2,track_ms,E2,S2,T2,S2,3.83385599,3.8302720749999999,1.0009356815729598
4,5,S2_over_T2,bin_post_ms,E2,S2,T2,S2,0.38400000299999998,0.38451200699999999,0.99866843169867514
4,5,S2_over_T2,moments_ms,E2,S2,T2,S2,1.80480003,1.8068480500000001,0.99886652339138304
4,5,S2_over_T2,pressure_post_ms,E2,S2,T2,S2,1.9691520300000001,1.9681440000000001,1.0005121728897886
4,5,S2_over_T2,compaction_ms,E2,S2,T2,S2,5.3002240650000001,5.2797439099999997,1.0038790053739559
4,5,S2_over_T2,boundary_ms,E2,S2,T2,S2,0.024576000899999999,0.0255999994,0.96000005765625129
4,5,S1_over_T1,total_ms,E1,S1,T1,S1,27.810303699999999,27.230207450000002,1.0213034091299218
4,5,S1_over_T1,gas_flux_ms,E1,S1,T1,S1,0.3251200025,0.34764800949999997,0.93519880343224004
4,5,S1_over_T1,eulerian_coupling_ms,E1,S1,T1,S1,0.098304003500000001,0.098304003500000001,1
4,5,S1_over_T1,injection_ms,E1,S1,T1,S1,0.031743999600000003,0.032767999899999997,0.9687499907493593
4,5,S1_over_T1,bin_pre_ms,E1,S1,T1,S1,0.38195198800000002,0.019455999099999999,19.631579238714089
4,5,S1_over_T1,pressure_pre_ms,E1,S1,T1,S1,1.99270397,1.862656055,1.0698185339429185
4,5,S1_over_T1,collision_pool_ms,E1,S1,T1,S1,1.12179202,0.95743998850000001,1.1716577889727446
4,5,S1_over_T1,relax_ms,E1,S1,T1,S1,10.489344150000001,10.488832,1.000048828125
4,5,S1_over_T1,track_ms,E1,S1,T1,S1,3.83180809,3.8307839650000002,1.0002673408392007
4,5,S1_over_T1,bin_post_ms,E1,S1,T1,S1,0.376832008,0.375808001,1.002724814259609
4,5,S1_over_T1,moments_ms,E1,S1,T1,S1,1.8135039799999999,1.8007040050000001,1.0071083170606931
4,5,S1_over_T1,pressure_post_ms,E1,S1,T1,S1,1.9743359700000001,1.97838402,0.99795386034304912
4,5,S1_over_T1,compaction_ms,E1,S1,T1,S1,5.2807681550000005,5.2551679599999996,1.0048714323109857
4,5,S1_over_T1,boundary_ms,E1,S1,T1,S1,0.024576000899999999,0.024576000899999999,1
8,1,T2_over_T1,total_ms,E1,E2,T1,T2,33.015296900000003,31.69177625,1.041762274211437
8,1,T2_over_T1,gas_flux_ms,E1,E2,T1,T2,0.36096000699999997,0.35328000799999998,1.0217391271118856
8,1,T2_over_T1,eulerian_coupling_ms,E1,E2,T1,T2,0.099327996399999993,0.099327996399999993,1
8,1,T2_over_T1,injection_ms,E1,E2,T1,T2,0.03225599975,0.032767999899999997,0.98437499537467965
8,1,T2_over_T1,bin_pre_ms,E1,E2,T1,T2,0.38604798899999998,0.395264,0.97668390999433286
8,1,T2_over_T1,pressure_pre_ms,E1,E2,T1,T2,2.8308479800000002,2.82419193,1.002356798038156
8,1,T2_over_T1,collision_pool_ms,E1,E2,T1,T2,1.6732159850000001,0.98048001499999993,1.7065273737374447
8,1,T2_over_T1,relax_ms,E1,E2,T1,T2,10.614799999999999,10.616320099999999,0.99985681479216126
8,1,T2_over_T1,track_ms,E1,E2,T1,T2,3.85638404,3.8604800699999999,0.99893898429062478
8,1,T2_over_T1,bin_post_ms,E1,E2,T1,T2,0.38297599599999999,0.38912001299999999,0.98421048315497461
8,1,T2_over_T1,moments_ms,E1,E2,T1,T2,2.6091519600000002,1.82169604,1.4322652641875426
8,1,T2_over_T1,pressure_post_ms,E1,E2,T1,T2,2.809344055,2.7811839550000004,1.0101252202139932
8,1,T2_over_T1,compaction_ms,E1,E2,T1,T2,7.2898559600000006,7.2872960600000001,1.000351282557882
8,1,T2_over_T1,boundary_ms,E1,E2,T1,T2,0.024576000899999999,0.024576000899999999,1
8,1,S2_over_S1,total_ms,S1,S2,S1,S2,32.220159550000005,30.878720299999998,1.0434421905107256
8,1,S2_over_S1,gas_flux_ms,S1,S2,S1,S2,0.33843199899999998,0.34150400749999998,0.99100447305878248
8,1,S2_over_S1,eulerian_coupling_ms,S1,S2,S1,S2,0.098304003500000001,0.098815999949999997,0.99481868877247548
8,1,S2_over_S1,injection_ms,S1,S2,S1,S2,0.032767999899999997,0.03225599975,1.0158730206463371
8,1,S2_over_S1,bin_pre_ms,S1,S2,S1,S2,0.018432000699999999,0.092672001599999998,0.1988950317438703
8,1,S2_over_S1,pressure_pre_ms,S1,S2,S1,S2,2.5953280899999998,2.5687040100000003,1.010364790920383
8,1,S2_over_S1,collision_pool_ms,S1,S2,S1,S2,1.368063985,0.87808001049999995,1.5580174569980147
8,1,S2_over_S1,relax_ms,S1,S2,S1,S2,10.6209278,10.619903600000001,1.0000964415533866
8,1,S2_over_S1,track_ms,S1,S2,S1,S2,3.8599680649999999,3.8568960450000001,1.0007965005963753
8,1,S2_over_S1,bin_post_ms,S1,S2,S1,S2,0.38297599599999999,0.38912001299999999,0.98421048315497461
8,1,S2_over_S1,moments_ms,S1,S2,S1,S2,2.6337280300000003,1.822208045,1.4453497981346035
8,1,S2_over_S1,pressure_post_ms,S1,S2,S1,S2,2.8078080399999998,2.752511975,1.0200893095115418
8,1,S2_over_S1,compaction_ms,S1,S2,S1,S2,7.3779199100000001,7.211519955,1.0230741863072332
8,1,S2_over_S1,boundary_ms,S1,S2,S1,S2,0.024639999499999999,0.024607999299999999,1.0013003982814646
8,1,S2_over_T2,total_ms,E2,S2,T2,S2,31.69177625,30.878720299999998,1.0263306232285798
8,1,S2_over_T2,gas_flux_ms,E2,S2,T2,S2,0.35328000799999998,0.34150400749999998,1.0344827593275021
8,1,S2_over_T2,eulerian_coupling_ms,E2,S2,T2,S2,0.099327996399999993,0.098815999949999997,1.0051813112275245
8,1,S2_over_T2,injection_ms,E2,S2,T2,S2,0.032767999899999997,0.03225599975,1.0158730206463371
8,1,S2_over_T2,bin_pre_ms,E2,S2,T2,S2,0.395264,0.092672001599999998,4.265193296526359
8,1,S2_over_T2,pressure_pre_ms,E2,S2,T2,S2,2.82419193,2.5687040100000003,1.099461798247436
8,1,S2_over_T2,collision_pool_ms,E2,S2,T2,S2,0.98048001499999993,0.87808001049999995,1.1166180795320588
8,1,S2_over_T2,relax_ms,E2,S2,T2,S2,10.616320099999999,10.619903600000001,0.99966256755852267
8,1,S2_over_T2,track_ms,E2,S2,T2,S2,3.8604800699999999,3.8568960450000001,1.0009292511278975
8,1,S2_over_T2,bin_post_ms,E2,S2,T2,S2,0.38912001299999999,0.38912001299999999,1
8,1,S2_over_T2,moments_ms,E2,S2,T2,S2,1.82169604,1.822208045,0.99971901946026143
8,1,S2_over_T2,pressure_post_ms,E2,S2,T2,S2,2.7811839550000004,2.752511975,1.0104166594951873
8,1,S2_over_T2,compaction_ms,E2,S2,T2,S2,7.2872960600000001,7.211519955,1.010507646858477
8,1,S2_over_T2,boundary_ms,E2,S2,T2,S2,0.024576000899999999,0.024607999299999999,0.99869967486548161
8,1,S1_over_T1,total_ms,E1,S1,T1,S1,33.015296900000003,32.220159550000005,1.0246782561323473
8,1,S1_over_T1,gas_flux_ms,E1,S1,T1,S1,0.36096000699999997,0.33843199899999998,1.0665658332148433
8,1,S1_over_T1,eulerian_coupling_ms,E1,S1,T1,S1,0.099327996399999993,0.098304003500000001,1.0104165940708609
8,1,S1_over_T1,injection_ms,E1,S1,T1,S1,0.03225599975,0.032767999899999997,0.98437499537467965
8,1,S1_over_T1,bin_pre_ms,E1,S1,T1,S1,0.38604798899999998,0.018432000699999999,20.944443052240118
8,1,S1_over_T1,pressure_pre_ms,E1,S1,T1,S1,2.8308479800000002,2.5953280899999998,1.0907476364577862
8,1,S1_over_T1,collision_pool_ms,E1,S1,T1,S1,1.6732159850000001,1.368063985,1.2230538946612208
8,1,S1_over_T1,relax_ms,E1,S1,T1,S1,10.614799999999999,10.6209278,0.99942304475509181
8,1,S1_over_T1,track_ms,E1,S1,T1,S1,3.85638404,3.8599680649999999,0.99907148843212001
8,1,S1_over_T1,bin_post_ms,E1,S1,T1,S1,0.38297599599999999,0.38297599599999999,1
8,1,S1_over_T1,moments_ms,E1,S1,T1,S1,2.6091519600000002,2.6337280300000003,0.99066871380793253
8,1,S1_over_T1,pressure_post_ms,E1,S1,T1,S1,2.809344055,2.8078080399999998,1.0005470512863124
8,1,S1_over_T1,compaction_ms,E1,S1,T1,S1,7.2898559600000006,7.3779199100000001,0.98806385118376816
8,1,S1_over_T1,boundary_ms,E1,S1,T1,S1,0.024576000899999999,0.024639999499999999,0.99740265416807328
8,2,T2_over_T1,total_ms,E1,E2,T1,T2,32.959999100000005,31.691263200000002,1.0400342483034883
8,2,T2_over_T1,gas_flux_ms,E1,E2,T1,T2,0.37028799950000002,0.35123199199999999,1.054254760198496
8,2,T2_over_T1,eulerian_coupling_ms,E1,E2,T1,T2,0.099327996399999993,0.098304003500000001,1.0104165940708609
8,2,T2_over_T1,injection_ms,E1,E2,T1,T2,0.032767999899999997,0.032624000649999998,1.0044139053191197
8,2,T2_over_T1,bin_pre_ms,E1,E2,T1,T2,0.38604798899999998,0.396288007,0.97416016175326747
8,2,T2_over_T1,pressure_pre_ms,E1,E2,T1,T2,2.8154879799999999,2.86361599,0.98319327376014543
8,2,T2_over_T1,collision_pool_ms,E1,E2,T1,T2,1.6604160100000001,0.98150402300000006,1.6917057608433257
8,2,T2_over_T1,relax_ms,E1,E2,T1,T2,10.614336,10.616319650000001,0.99981315087851552
8,2,T2_over_T1,track_ms,E1,E2,T1,T2,3.8574080500000001,3.86099207,0.99907173598520238
8,2,T2_over_T1,bin_post_ms,E1,E2,T1,T2,0.38297599599999999,0.38963200200000003,0.98291719888039364
8,2,T2_over_T1,moments_ms,E1,E2,T1,T2,2.587648035,1.833984015,1.4109436144676539
8,2,T2_over_T1,pressure_post_ms,E1,E2,T1,T2,2.7929599249999999,2.8200960149999998,0.99037760067186931
8,2,T2_over_T1,compaction_ms,E1,E2,T1,T2,7.2985599050000003,7.2657918949999996,1.0045099020827379
8,2,T2_over_T1,boundary_ms,E1,E2,T1,T2,0.024576000899999999,0.024576000899999999,1
8,2,S2_over_S1,total_ms,S1,S2,S1,S2,32.33535955,30.957056049999998,1.0445230805466077
8,2,S2_over_S1,gas_flux_ms,S1,S2,S1,S2,0.38400000299999998,0.35123199199999999,1.093294494084696
8,2,S2_over_S1,eulerian_coupling_ms,S1,S2,S1,S2,0.098304003500000001,0.098863996600000004,0.99433572261633607
8,2,S2_over_S1,injection_ms,S1,S2,S1,S2,0.03225599975,0.032767999899999997,0.98437499537467965
8,2,S2_over_S1,bin_pre_ms,S1,S2,S1,S2,0.02764800005,0.094208002050000003,0.29347825501411318
8,2,S2_over_S1,pressure_pre_ms,S1,S2,S1,S2,2.5605120650000002,2.5717760350000001,0.9956201590470144
8,2,S2_over_S1,collision_pool_ms,S1,S2,S1,S2,1.38393605,0.87961599199999996,1.5733411654480243
8,2,S2_over_S1,relax_ms,S1,S2,S1,S2,10.618880300000001,10.617856,1.0000964695697512
8,2,S2_over_S1,track_ms,S1,S2,S1,S2,3.855872035,3.8681600100000004,0.99682330230180927
8,2,S2_over_S1,bin_post_ms,S1,S2,S1,S2,0.38246399200000003,0.39014399100000002,0.980314962738975
8,2,S2_over_S1,moments_ms,S1,S2,S1,S2,2.616832015,1.820160035,1.4376933701876384
8,2,S2_over_S1,pressure_post_ms,S1,S2,S1,S2,2.8405760549999997,2.7796479449999998,1.0219193621658442
8,2,S2_over_S1,compaction_ms,S1,S2,S1,S2,7.2826879,7.2965118899999997,0.99810539745450899
8,2,S2_over_S1,boundary_ms,S1,S2,S1,S2,0.024592000099999997,0.024576000899999999,1.0006510090907426
8,2,S2_over_T2,total_ms,E2,S2,T2,S2,31.691263200000002,30.957056049999998,1.0237169564448942
8,2,S2_over_T2,gas_flux_ms,E2,S2,T2,S2,0.35123199199999999,0.35123199199999999,1
8,2,S2_over_T2,eulerian_coupling_ms,E2,S2,T2,S2,0.098304003500000001,0.098863996600000004,0.99433572261633607
8,2,S2_over_T2,injection_ms,E2,S2,T2,S2,0.032624000649999998,0.032767999899999997,0.99560549162477263
8,2,S2_over_T2,bin_pre_ms,E2,S2,T2,S2,0.396288007,0.094208002050000003,4.2065217218986755
8,2,S2_over_T2,pressure_pre_ms,E2,S2,T2,S2,2.86361599,2.5717760350000001,1.1134779821525167
8,2,S2_over_T2,collision_pool_ms,E2,S2,T2,S2,0.98150402300000006,0.87961599199999996,1.1158323995091715
8,2,S2_over_T2,relax_ms,E2,S2,T2,S2,10.616319650000001,10.617856,0.99985530506347053
8,2,S2_over_T2,track_ms,E2,S2,T2,S2,3.86099207,3.8681600100000004,0.99814693808387711
8,2,S2_over_T2,bin_post_ms,E2,S2,T2,S2,0.38963200200000003,0.39014399100000002,0.99868769220643983
8,2,S2_over_T2,moments_ms,E2,S2,T2,S2,1.833984015,1.820160035,1.0075949255747723
8,2,S2_over_T2,pressure_post_ms,E2,S2,T2,S2,2.8200960149999998,2.7796479449999998,1.0145515082486463
8,2,S2_over_T2,compaction_ms,E2,S2,T2,S2,7.2657918949999996,7.2965118899999997,0.99578976976079459
8,2,S2_over_T2,boundary_ms,E2,S2,T2,S2,0.024576000899999999,0.024576000899999999,1
8,2,S1_over_T1,total_ms,E1,S1,T1,S1,32.959999100000005,32.33535955,1.0193175384066513
8,2,S1_over_T1,gas_flux_ms,E1,S1,T1,S1,0.37028799950000002,0.38400000299999998,0.96429165783105486
8,2,S1_over_T1,eulerian_coupling_ms,E1,S1,T1,S1,0.099327996399999993,0.098304003500000001,1.0104165940708609
8,2,S1_over_T1,injection_ms,E1,S1,T1,S1,0.032767999899999997,0.03225599975,1.0158730206463371
8,2,S1_over_T1,bin_pre_ms,E1,S1,T1,S1,0.38604798899999998,0.02764800005,13.96296253985286
8,2,S1_over_T1,pressure_pre_ms,E1,S1,T1,S1,2.8154879799999999,2.5605120650000002,1.0995800482588234
8,2,S1_over_T1,collision_pool_ms,E1,S1,T1,S1,1.6604160100000001,1.38393605,1.199777988296497
8,2,S1_over_T1,relax_ms,E1,S1,T1,S1,10.614336,10.618880300000001,0.99957205469205623
8,2,S1_over_T1,track_ms,E1,S1,T1,S1,3.8574080500000001,3.855872035,1.0003983573588693
8,2,S1_over_T1,bin_post_ms,E1,S1,T1,S1,0.38297599599999999,0.38246399200000003,1.0013386985721782
8,2,S1_over_T1,moments_ms,E1,S1,T1,S1,2.587648035,2.616832015,0.98884759134987887
8,2,S1_over_T1,pressure_post_ms,E1,S1,T1,S1,2.7929599249999999,2.8405760549999997,0.98323715715473081
8,2,S1_over_T1,compaction_ms,E1,S1,T1,S1,7.2985599050000003,7.2826879,1.0021794157896016
8,2,S1_over_T1,boundary_ms,E1,S1,T1,S1,0.024576000899999999,0.024592000099999997,0.99934941444636716
8,3,T2_over_T1,total_ms,E1,E2,T1,T2,33.111040150000001,31.806464200000001,1.0410160633321826
8,3,T2_over_T1,gas_flux_ms,E1,E2,T1,T2,0.36095999199999995,0.33894398800000003,1.0649546968804766
8,3,T2_over_T1,eulerian_coupling_ms,E1,E2,T1,T2,0.098304003500000001,0.098304003500000001,1
8,3,T2_over_T1,injection_ms,E1,E2,T1,T2,0.032767999899999997,0.032767999899999997,1
8,3,T2_over_T1,bin_pre_ms,E1,E2,T1,T2,0.38604798899999998,0.395264,0.97668390999433286
8,3,T2_over_T1,pressure_pre_ms,E1,E2,T1,T2,2.8799999949999999,2.853375915,1.009330729911905
8,3,T2_over_T1,collision_pool_ms,E1,E2,T1,T2,1.7029119699999999,0.98099201899999999,1.7359080777598048
8,3,T2_over_T1,relax_ms,E1,E2,T1,T2,10.615312100000001,10.614784200000001,1.0000497325230597
8,3,T2_over_T1,track_ms,E1,E2,T1,T2,3.8604800699999999,3.85638404,1.0010621426594224
8,3,T2_over_T1,bin_post_ms,E1,E2,T1,T2,0.38297599599999999,0.39014399100000002,0.9816273089798786
8,3,T2_over_T1,moments_ms,E1,E2,T1,T2,2.61887991,1.8253440250000001,1.4347322335579999
8,3,T2_over_T1,pressure_post_ms,E1,E2,T1,T2,2.804224015,2.829311965,0.99113284420016223
8,3,T2_over_T1,compaction_ms,E1,E2,T1,T2,7.2637438750000003,7.4045441150000002,0.98098461730888076
8,3,T2_over_T1,boundary_ms,E1,E2,T1,T2,0.024576000899999999,0.024576000899999999,1
8,3,S2_over_S1,total_ms,S1,S2,S1,S2,32.098303800000004,31.195135100000002,1.0289522291570394
8,3,S2_over_S1,gas_flux_ms,S1,S2,S1,S2,0.36710400899999995,0.38656000749999997,0.94966887902908581
8,3,S2_over_S1,eulerian_coupling_ms,S1,S2,S1,S2,0.098304003500000001,0.098304003500000001,1
8,3,S2_over_S1,injection_ms,S1,S2,S1,S2,0.032767999899999997,0.032767999899999997,1
8,3,S2_over_S1,bin_pre_ms,S1,S2,S1,S2,0.019967999299999997,0.093311999000000007,0.21399176433890346
8,3,S2_over_S1,pressure_pre_ms,S1,S2,S1,S2,2.5548800250000001,2.6014720200000001,0.98209014179595133
8,3,S2_over_S1,collision_pool_ms,S1,S2,S1,S2,1.3829120399999999,0.88166397799999996,1.5685250554718704
8,3,S2_over_S1,relax_ms,S1,S2,S1,S2,10.61836815,10.613264050000002,1.0004809170841273
8,3,S2_over_S1,track_ms,S1,S2,S1,S2,3.8517760050000001,3.8594560599999999,0.99801006803015657
8,3,S2_over_S1,bin_post_ms,S1,S2,S1,S2,0.38195198800000002,0.39014399100000002,0.9790026164980713
8,3,S2_over_S1,moments_ms,S1,S2,S1,S2,2.6065920600000001,1.8140159849999999,1.4369179111726516
8,3,S2_over_S1,pressure_post_ms,S1,S2,S1,S2,2.80985606,2.800127985,1.0034741537001566
8,3,S2_over_S1,compaction_ms,S1,S2,S1,S2,7.2709119300000005,7.3257439150000003,0.99251516492574532
8,3,S2_over_S1,boundary_ms,S1,S2,S1,S2,0.024576000899999999,0.024576000899999999,1
8,3,S2_over_T2,total_ms,E2,S2,T2,S2,31.806464200000001,31.195135100000002,1.019596937087796
8,3,S2_over_T2,gas_flux_ms,E2,S2,T2,S2,0.33894398800000003,0.38656000749999997,0.87682114399793432
8,3,S2_over_T2,eulerian_coupling_ms,E2,S2,T2,S2,0.098304003500000001,0.098304003500000001,1
8,3,S2_over_T2,injection_ms,E2,S2,T2,S2,0.032767999899999997,0.032767999899999997,1
8,3,S2_over_T2,bin_pre_ms,E2,S2,T2,S2,0.395264,0.093311999000000007,4.2359396887424943
8,3,S2_over_T2,pressure_pre_ms,E2,S2,T2,S2,2.853375915,2.6014720200000001,1.09683129130868
8,3,S2_over_T2,collision_pool_ms,E2,S2,T2,S2,0.98099201899999999,0.88166397799999996,1.112659747339706
8,3,S2_over_T2,relax_ms,E2,S2,T2,S2,10.614784200000001,10.613264050000002,1.0001432311485738
8,3,S2_over_T2,track_ms,E2,S2,T2,S2,3.85638404,3.8594560599999999,0.99920402773027039
8,3,S2_over_T2,bin_post_ms,E2,S2,T2,S2,0.39014399100000002,0.39014399100000002,1
8,3,S2_over_T2,moments_ms,E2,S2,T2,S2,1.8253440250000001,1.8140159849999999,1.006244729976842
8,3,S2_over_T2,pressure_post_ms,E2,S2,T2,S2,2.829311965,2.800127985,1.0104223736044693
8,3,S2_over_T2,compaction_ms,E2,S2,T2,S2,7.4045441150000002,7.3257439150000003,1.0107566140605393
8,3,S2_over_T2,boundary_ms,E2,S2,T2,S2,0.024576000899999999,0.024576000899999999,1
8,3,S1_over_T1,total_ms,E1,S1,T1,S1,33.111040150000001,32.098303800000004,1.0315510861978943
8,3,S1_over_T1,gas_flux_ms,E1,S1,T1,S1,0.36095999199999995,0.36710400899999995,0.98326355242827113
8,3,S1_over_T1,eulerian_coupling_ms,E1,S1,T1,S1,0.098304003500000001,0.098304003500000001,1
8,3,S1_over_T1,injection_ms,E1,S1,T1,S1,0.032767999899999997,0.032767999899999997,1
8,3,S1_over_T1,bin_pre_ms,E1,S1,T1,S1,0.38604798899999998,0.019967999299999997,19.333333460202997
8,3,S1_over_T1,pressure_pre_ms,E1,S1,T1,S1,2.8799999949999999,2.5548800250000001,1.1272544960305915
8,3,S1_over_T1,collision_pool_ms,E1,S1,T1,S1,1.7029119699999999,1.3829120399999999,1.231395722030159
8,3,S1_over_T1,relax_ms,E1,S1,T1,S1,10.615312100000001,10.61836815,0.99971219212247786
8,3,S1_over_T1,track_ms,E1,S1,T1,S1,3.8604800699999999,3.8517760050000001,1.0022597536795237
8,3,S1_over_T1,bin_post_ms,E1,S1,T1,S1,0.38297599599999999,0.38195198800000002,1.0026809861767232
8,3,S1_over_T1,moments_ms,E1,S1,T1,S1,2.61887991,2.6065920600000001,1.0047141438771972
8,3,S1_over_T1,pressure_post_ms,E1,S1,T1,S1,2.804224015,2.80985606,0.9979956108499024
8,3,S1_over_T1,compaction_ms,E1,S1,T1,S1,7.2637438750000003,7.2709119300000005,0.99901414635894237
8,3,S1_over_T1,boundary_ms,E1,S1,T1,S1,0.024576000899999999,0.024576000899999999,1
8,4,T2_over_T1,total_ms,E1,E2,T1,T2,33.097215649999995,31.534591650000003,1.0495526949371483
8,4,T2_over_T1,gas_flux_ms,E1,E2,T1,T2,0.33945599199999998,0.38195200299999998,0.88873991845514688
8,4,T2_over_T1,eulerian_coupling_ms,E1,E2,T1,T2,0.098304003500000001,0.098304003500000001,1
8,4,T2_over_T1,injection_ms,E1,E2,T1,T2,0.031743999600000003,0.031743999600000003,1
8,4,T2_over_T1,bin_pre_ms,E1,E2,T1,T2,0.38604798899999998,0.395264,0.97668390999433286
8,4,T2_over_T1,pressure_pre_ms,E1,E2,T1,T2,2.8410880550000002,2.8011521099999999,1.014256971214605
8,4,T2_over_T1,collision_pool_ms,E1,E2,T1,T2,1.670656025,0.97945600750000006,1.7056978692327842
8,4,T2_over_T1,relax_ms,E1,E2,T1,T2,10.6101761,10.6173439,0.9993248970677121
8,4,T2_over_T1,track_ms,E1,E2,T1,T2,3.8666239949999999,3.8635520950000002,1.0007950973416342
8,4,T2_over_T1,bin_post_ms,E1,E2,T1,T2,0.38297599599999999,0.39014399100000002,0.9816273089798786
8,4,T2_over_T1,moments_ms,E1,E2,T1,T2,2.6398719550000003,1.8252800100000002,1.4462832773805483
8,4,T2_over_T1,pressure_post_ms,E1,E2,T1,T2,2.7929600499999996,2.7837439799999997,1.0033106744248801
8,4,T2_over_T1,compaction_ms,E1,E2,T1,T2,7.2360961449999994,7.2550399300000006,0.99738887929180553
8,4,T2_over_T1,boundary_ms,E1,E2,T1,T2,0.024576000899999999,0.024576000899999999,1
8,4,S2_over_S1,total_ms,S1,S2,S1,S2,32.347648599999999,31.089664450000001,1.0404630983400658
8,4,S2_over_S1,gas_flux_ms,S1,S2,S1,S2,0.36608000100000004,0.34713600550000001,1.0545722575585725
8,4,S2_over_S1,eulerian_coupling_ms,S1,S2,S1,S2,0.098304003500000001,0.099327996399999993,0.98969079275619021
8,4,S2_over_S1,injection_ms,S1,S2,S1,S2,0.032767999899999997,0.032767999899999997,1
8,4,S2_over_S1,bin_pre_ms,S1,S2,S1,S2,0.019455999099999999,0.095232002400000001,0.2043010606694961
8,4,S2_over_S1,pressure_pre_ms,S1,S2,S1,S2,2.5987360449999999,2.5733120400000002,1.0098798764412573
8,4,S2_over_S1,collision_pool_ms,S1,S2,S1,S2,1.3772800000000001,0.88012799599999991,1.5648632997239644
8,4,S2_over_S1,relax_ms,S1,S2,S1,S2,10.612736249999999,10.614272100000001,0.9998553033137334
8,4,S2_over_S1,track_ms,S1,S2,S1,S2,3.860992075,3.8574080449999997,1.0009291290831017
8,4,S2_over_S1,bin_post_ms,S1,S2,S1,S2,0.38195198800000002,0.39014399100000002,0.9790026164980713
8,4,S2_over_S1,moments_ms,S1,S2,S1,S2,2.61222398,1.8421759600000001,1.4180100254918102
8,4,S2_over_S1,pressure_post_ms,S1,S2,S1,S2,2.8160001050000001,2.8318719850000003,0.99439526924802002
8,4,S2_over_S1,compaction_ms,S1,S2,S1,S2,7.4173438550000004,7.2831997899999994,1.0184182871358525
8,4,S2_over_S1,boundary_ms,S1,S2,S1,S2,0.024576000899999999,0.0255999994,0.96000005765625129
8,4,S2_over_T2,total_ms,E2,S2,T2,S2,31.534591650000003,31.089664450000001,1.0143110968828744
8,4,S2_over_T2,gas_flux_ms,E2,S2,T2,S2,0.38195200299999998,0.34713600550000001,1.1002949764598819
8,4,S2_over_T2,eulerian_coupling_ms,E2,S2,T2,S2,0.098304003500000001,0.099327996399999993,0.98969079275619021
8,4,S2_over_T2,injection_ms,E2,S2,T2,S2,0.031743999600000003,0.032767999899999997,0.9687499907493593
8,4,S2_over_T2,bin_pre_ms,E2,S2,T2,S2,0.395264,0.095232002400000001,4.1505375298083615
8,4,S2_over_T2,pressure_pre_ms,E2,S2,T2,S2,2.8011521099999999,2.5733120400000002,1.0885396199366477
8,4,S2_over_T2,collision_pool_ms,E2,S2,T2,S2,0.97945600750000006,0.88012799599999991,1.1128563253883814
8,4,S2_over_T2,relax_ms,E2,S2,T2,S2,10.6173439,10.614272100000001,1.0002894027938098
8,4,S2_over_T2,track_ms,E2,S2,T2,S2,3.8635520950000002,3.8574080449999997,1.0015927923435439
8,4,S2_over_T2,bin_post_ms,E2,S2,T2,S2,0.39014399100000002,0.39014399100000002,1
8,4,S2_over_T2,moments_ms,E2,S2,T2,S2,1.8252800100000002,1.8421759600000001,0.99082826485261488
8,4,S2_over_T2,pressure_post_ms,E2,S2,T2,S2,2.7837439799999997,2.8318719850000003,0.98300487972093109
8,4,S2_over_T2,compaction_ms,E2,S2,T2,S2,7.2550399300000006,7.2831997899999994,0.9961335867734038
8,4,S2_over_T2,boundary_ms,E2,S2,T2,S2,0.024576000899999999,0.0255999994,0.96000005765625129
8,4,S1_over_T1,total_ms,E1,S1,T1,S1,33.097215649999995,32.347648599999999,1.0231722268060002
8,4,S1_over_T1,gas_flux_ms,E1,S1,T1,S1,0.33945599199999998,0.36608000100000004,0.92727270288660191
8,4,S1_over_T1,eulerian_coupling_ms,E1,S1,T1,S1,0.098304003500000001,0.098304003500000001,1
8,4,S1_over_T1,injection_ms,E1,S1,T1,S1,0.031743999600000003,0.032767999899999997,0.9687499907493593
8,4,S1_over_T1,bin_pre_ms,E1,S1,T1,S1,0.38604798899999998,0.019455999099999999,19.842105615640165
8,4,S1_over_T1,pressure_pre_ms,E1,S1,T1,S1,2.8410880550000002,2.5987360449999999,1.0932576474883968
8,4,S1_over_T1,collision_pool_ms,E1,S1,T1,S1,1.670656025,1.3772800000000001,1.2130111705680762
8,4,S1_over_T1,relax_ms,E1,S1,T1,S1,10.6101761,10.612736249999999,0.99975876626539184
8,4,S1_over_T1,track_ms,E1,S1,T1,S1,3.8666239949999999,3.860992075,1.0014586717327048
8,4,S1_over_T1,bin_post_ms,E1,S1,T1,S1,0.38297599599999999,0.38195198800000002,1.0026809861767232
8,4,S1_over_T1,moments_ms,E1,S1,T1,S1,2.6398719550000003,2.61222398,1.0105840751833235
8,4,S1_over_T1,pressure_post_ms,E1,S1,T1,S1,2.7929600499999996,2.8160001050000001,0.99181816259200728
8,4,S1_over_T1,compaction_ms,E1,S1,T1,S1,7.2360961449999994,7.4173438550000004,0.97556433764657913
8,4,S1_over_T1,boundary_ms,E1,S1,T1,S1,0.024576000899999999,0.024576000899999999,1
8,5,T2_over_T1,total_ms,E1,E2,T1,T2,33.066495900000007,31.5366392,1.0485104544684649
8,5,T2_over_T1,gas_flux_ms,E1,E2,T1,T2,0.37324799600000003,0.367615998,1.0153203289047286
8,5,T2_over_T1,eulerian_coupling_ms,E1,E2,T1,T2,0.098304003500000001,0.098815999949999997,0.99481868877247548
8,5,T2_over_T1,injection_ms,E1,E2,T1,T2,0.032767999899999997,0.031791999949999997,1.0306995455314223
8,5,T2_over_T1,bin_pre_ms,E1,E2,T1,T2,0.38553599999999999,0.395264,0.97538860103626934
8,5,T2_over_T1,pressure_pre_ms,E1,E2,T1,T2,2.8200960149999998,2.8349440100000001,0.99476250855479853
8,5,T2_over_T1,collision_pool_ms,E1,E2,T1,T2,1.6819199949999999,0.97791999600000001,1.7198952898801343
8,5,T2_over_T1,relax_ms,E1,E2,T1,T2,10.615295850000001,10.613759999999999,1.0001447036676918
8,5,T2_over_T1,track_ms,E1,E2,T1,T2,3.860992075,3.8615360249999999,0.99985913636530166
8,5,T2_over_T1,bin_post_ms,E1,E2,T1,T2,0.38348799950000001,0.3891360015,0.98548578908600415
8,5,T2_over_T1,moments_ms,E1,E2,T1,T2,2.6179039450000001,1.8181120150000001,1.4399024501248896
8,5,T2_over_T1,pressure_post_ms,E1,E2,T1,T2,2.8200960149999998,2.8001279800000001,1.0071311151285305
8,5,T2_over_T1,compaction_ms,E1,E2,T1,T2,7.33542395,7.2176640049999996,1.0163155204950554
8,5,T2_over_T1,boundary_ms,E1,E2,T1,T2,0.024576000899999999,0.024576000899999999,1
8,5,S2_over_S1,total_ms,S1,S2,S1,S2,32.338943499999999,31.09324745,1.0400632340511604
8,5,S2_over_S1,gas_flux_ms,S1,S2,S1,S2,0.374784008,0.3819520025,0.98123325849037801
8,5,S2_over_S1,eulerian_coupling_ms,S1,S2,S1,S2,0.098304003500000001,0.098304003500000001,1
8,5,S2_over_S1,injection_ms,S1,S2,S1,S2,0.032767999899999997,0.032767999899999997,1
8,5,S2_over_S1,bin_pre_ms,S1,S2,S1,S2,0.026623999700000001,0.092160001399999997,0.28888888124517759
8,5,S2_over_S1,pressure_pre_ms,S1,S2,S1,S2,2.57536006,2.6029440150000003,0.98940278590663411
8,5,S2_over_S1,collision_pool_ms,S1,S2,S1,S2,1.39064002,0.87910401800000004,1.5818833625214985
8,5,S2_over_S1,relax_ms,S1,S2,S1,S2,10.61836815,10.615295850000001,1.0002894219853513
8,5,S2_over_S1,track_ms,S1,S2,S1,S2,3.8645759850000001,3.8584320549999997,1.0015923385231156
8,5,S2_over_S1,bin_post_ms,S1,S2,S1,S2,0.38246399200000003,0.39014399100000002,0.980314962738975
8,5,S2_over_S1,moments_ms,S1,S2,S1,S2,2.5840640050000001,1.819648025,1.4200900226295139
8,5,S2_over_S1,pressure_post_ms,S1,S2,S1,S2,2.8247519749999999,2.811903955,1.0045691532163301
8,5,S2_over_S1,compaction_ms,S1,S2,S1,S2,7.272992135,7.2688641549999993,1.0005678989057956
8,5,S2_over_S1,boundary_ms,S1,S2,S1,S2,0.024576000899999999,0.0255999994,0.96000005765625129
8,5,S2_over_T2,total_ms,E2,S2,T2,S2,31.5366392,31.09324745,1.0142600656529366
8,5,S2_over_T2,gas_flux_ms,E2,S2,T2,S2,0.367615998,0.3819520025,0.96246647639974081
8,5,S2_over_T2,eulerian_coupling_ms,E2,S2,T2,S2,0.098815999949999997,0.098304003500000001,1.0052082970354306
8,5,S2_over_T2,injection_ms,E2,S2,T2,S2,0.031791999949999997,0.032767999899999997,0.9702148451849818
8,5,S2_over_T2,bin_pre_ms,E2,S2,T2,S2,0.395264,0.092160001399999997,4.2888888237364977
8,5,S2_over_T2,pressure_pre_ms,E2,S2,T2,S2,2.8349440100000001,2.6029440150000003,1.0891298443850701
8,5,S2_over_T2,collision_pool_ms,E2,S2,T2,S2,0.97791999600000001,0.87910401800000004,1.1124053308558532
8,5,S2_over_T2,relax_ms,E2,S2,T2,S2,10.613759999999999,10.615295850000001,0.99985531726843002
8,5,S2_over_T2,track_ms,E2,S2,T2,S2,3.8615360249999999,3.8584320549999997,1.0008044640817189
8,5,S2_over_T2,bin_post_ms,E2,S2,T2,S2,0.3891360015,0.39014399100000002,0.99741636543621648
8,5,S2_over_T2,moments_ms,E2,S2,T2,S2,1.8181120150000001,1.819648025,0.99915587521383431
8,5,S2_over_T2,pressure_post_ms,E2,S2,T2,S2,2.8001279800000001,2.811903955,0.99581209913693514
8,5,S2_over_T2,compaction_ms,E2,S2,T2,S2,7.2176640049999996,7.2688641549999993,0.99295623787868137
8,5,S2_over_T2,boundary_ms,E2,S2,T2,S2,0.024576000899999999,0.0255999994,0.96000005765625129
8,5,S1_over_T1,total_ms,E1,S1,T1,S1,33.066495900000007,32.338943499999999,1.0224977170327165
8,5,S1_over_T1,gas_flux_ms,E1,S1,T1,S1,0.37324799600000003,0.374784008,0.99590160741330247
8,5,S1_over_T1,eulerian_coupling_ms,E1,S1,T1,S1,0.098304003500000001,0.098304003500000001,1
8,5,S1_over_T1,injection_ms,E1,S1,T1,S1,0.032767999899999997,0.032767999899999997,1
8,5,S1_over_T1,bin_pre_ms,E1,S1,T1,S1,0.38553599999999999,0.026623999700000001,14.480769393938957
8,5,S1_over_T1,pressure_pre_ms,E1,S1,T1,S1,2.8200960149999998,2.57536006,1.0950298013862962
8,5,S1_over_T1,collision_pool_ms,E1,S1,T1,S1,1.6819199949999999,1.39064002,1.2094574949741486
8,5,S1_over_T1,relax_ms,E1,S1,T1,S1,10.615295850000001,10.61836815,0.99971066175549772
8,5,S1_over_T1,track_ms,E1,S1,T1,S1,3.860992075,3.8645759850000001,0.99907262529863283
8,5,S1_over_T1,bin_post_ms,E1,S1,T1,S1,0.38348799950000001,0.38246399200000003,1.0026773958370438
8,5,S1_over_T1,moments_ms,E1,S1,T1,S1,2.6179039450000001,2.5840640050000001,1.0130956276371335
8,5,S1_over_T1,pressure_post_ms,E1,S1,T1,S1,2.8200960149999998,2.8247519749999999,0.9983517278539118
8,5,S1_over_T1,compaction_ms,E1,S1,T1,S1,7.33542395,7.272992135,1.0085840619433035
8,5,S1_over_T1,boundary_ms,E1,S1,T1,S1,0.024576000899999999,0.024576000899999999,1
16,1,T2_over_T1,total_ms,E1,E2,T1,T2,43.888639449999999,39.683584249999996,1.1059646017231926
16,1,T2_over_T1,gas_flux_ms,E1,E2,T1,T2,0.32460801299999997,0.34252800049999998,0.9476831456878223
16,1,T2_over_T1,eulerian_coupling_ms,E1,E2,T1,T2,0.098304003500000001,0.098304003500000001,1
16,1,T2_over_T1,injection_ms,E1,E2,T1,T2,0.033280000099999998,0.031791999949999997,1.0468042322703892
16,1,T2_over_T1,bin_pre_ms,E1,E2,T1,T2,0.39731198499999998,0.406527996,0.97732994752961611
16,1,T2_over_T1,pressure_pre_ms,E1,E2,T1,T2,4.5593597900000002,4.6146557349999995,0.98801731956284289
16,1,T2_over_T1,collision_pool_ms,E1,E2,T1,T2,2.8247039300000001,0.99123197799999996,2.8496900752731769
16,1,T2_over_T1,relax_ms,E1,E2,T1,T2,10.8646402,10.86822415,0.99967023591430071
16,1,T2_over_T1,track_ms,E1,E2,T1,T2,3.9306240099999998,3.9311360149999999,0.9998697564780139
16,1,T2_over_T1,bin_post_ms,E1,E2,T1,T2,0.395264,0.40243199499999999,0.98218830736855312
16,1,T2_over_T1,moments_ms,E1,E2,T1,T2,4.2644479300000002,1.8340480349999999,2.3251560747698741
16,1,T2_over_T1,pressure_post_ms,E1,E2,T1,T2,4.5777919300000001,4.5926401649999997,0.99676695006215454
16,1,T2_over_T1,compaction_ms,E1,E2,T1,T2,11.585536000000001,11.437568200000001,1.0129369982685654
16,1,T2_over_T1,boundary_ms,E1,E2,T1,T2,0.024576000899999999,0.024576000899999999,1
16,1,S2_over_S1,total_ms,S1,S2,S1,S2,42.152448649999997,38.647296949999998,1.0906959082943057
16,1,S2_over_S1,gas_flux_ms,S1,S2,S1,S2,0.33689600200000003,0.351743996,0.95778749838277277
16,1,S2_over_S1,eulerian_coupling_ms,S1,S2,S1,S2,0.098304003500000001,0.098815999949999997,0.99481868877247548
16,1,S2_over_S1,injection_ms,S1,S2,S1,S2,0.032767999899999997,0.033199999450000003,0.98698796514588483
16,1,S2_over_S1,bin_pre_ms,S1,S2,S1,S2,0.038543999199999998,0.104447998,0.36902573470101357
16,1,S2_over_S1,pressure_pre_ms,S1,S2,S1,S2,4.0540158750000002,4.107264045,0.98703561070907486
16,1,S2_over_S1,collision_pool_ms,S1,S2,S1,S2,2.243584035,0.89139199250000001,2.5169443453352538
16,1,S2_over_S1,relax_ms,S1,S2,S1,S2,10.8702722,10.866687799999999,1.0003298521192447
16,1,S2_over_S1,track_ms,S1,S2,S1,S2,3.9357439250000001,3.93369591,1.0005206337873738
16,1,S2_over_S1,bin_post_ms,S1,S2,S1,S2,0.39475199599999999,0.40243199499999999,0.98091603278213502
16,1,S2_over_S1,moments_ms,S1,S2,S1,S2,4.2193920600000006,1.85446405,2.2752622570386309
16,1,S2_over_S1,pressure_post_ms,S1,S2,S1,S2,4.5383679850000007,4.5117440200000001,1.0059010362471763
16,1,S2_over_S1,compaction_ms,S1,S2,S1,S2,11.4119682,11.4201598,0.99928270705984346
16,1,S2_over_S1,boundary_ms,S1,S2,S1,S2,0.024576000899999999,0.02468799985,0.99546342552331146
16,1,S2_over_T2,total_ms,E2,S2,T2,S2,39.683584249999996,38.647296949999998,1.0268139658341615
16,1,S2_over_T2,gas_flux_ms,E2,S2,T2,S2,0.34252800049999998,0.351743996,0.97379913913299598
16,1,S2_over_T2,eulerian_coupling_ms,E2,S2,T2,S2,0.098304003500000001,0.098815999949999997,0.99481868877247548
16,1,S2_over_T2,injection_ms,E2,S2,T2,S2,0.031791999949999997,0.033199999450000003,0.95759037580345485
16,1,S2_over_T2,bin_pre_ms,E2,S2,T2,S2,0.406527996,0.104447998,3.8921568989766562
16,1,S2_over_T2,pressure_pre_ms,E2,S2,T2,S2,4.6146557349999995,4.107264045,1.1235352011560289
16,1,S2_over_T2,collision_pool_ms,E2,S2,T2,S2,0.99123197799999996,0.89139199250000001,1.1120045797360021
16,1,S2_over_T2,relax_ms,E2,S2,T2,S2,10.86822415,10.866687799999999,1.0001413816268836
16,1,S2_over_T2,track_ms,E2,S2,T2,S2,3.9311360149999999,3.93369591,0.99934923922474728
16,1,S2_over_T2,bin_post_ms,E2,S2,T2,S2,0.40243199499999999,0.40243199499999999,1
16,1,S2_over_T2,moments_ms,E2,S2,T2,S2,1.8340480349999999,1.85446405,0.9889908812198327
16,1,S2_over_T2,pressure_post_ms,E2,S2,T2,S2,4.5926401649999997,4.5117440200000001,1.0179301273834236
16,1,S2_over_T2,compaction_ms,E2,S2,T2,S2,11.437568200000001,11.4201598,1.001524356953394
16,1,S2_over_T2,boundary_ms,E2,S2,T2,S2,0.024576000899999999,0.02468799985,0.99546342552331146
16,1,S1_over_T1,total_ms,E1,S1,T1,S1,43.888639449999999,42.152448649999997,1.0411883735252472
16,1,S1_over_T1,gas_flux_ms,E1,S1,T1,S1,0.32460801299999997,0.33689600200000003,0.96352586873381763
16,1,S1_over_T1,eulerian_coupling_ms,E1,S1,T1,S1,0.098304003500000001,0.098304003500000001,1
16,1,S1_over_T1,injection_ms,E1,S1,T1,S1,0.033280000099999998,0.032767999899999997,1.0156250061511993
16,1,S1_over_T1,bin_pre_ms,E1,S1,T1,S1,0.39731198499999998,0.038543999199999998,10.308011447862421
16,1,S1_over_T1,pressure_pre_ms,E1,S1,T1,S1,4.5593597900000002,4.0540158750000002,1.1246526729498809
16,1,S1_over_T1,collision_pool_ms,E1,S1,T1,S1,2.8247039300000001,2.243584035,1.2590140979497566
16,1,S1_over_T1,relax_ms,E1,S1,T1,S1,10.8646402,10.8702722,0.99948188969913743
16,1,S1_over_T1,track_ms,E1,S1,T1,S1,3.9306240099999998,3.9357439250000001,0.99869912395278604
16,1,S1_over_T1,bin_post_ms,E1,S1,T1,S1,0.395264,0.39475199599999999,1.0012970270073061
16,1,S1_over_T1,moments_ms,E1,S1,T1,S1,4.2644479300000002,4.2193920600000006,1.0106782847764091
16,1,S1_over_T1,pressure_post_ms,E1,S1,T1,S1,4.5777919300000001,4.5383679850000007,1.0086868110145104
16,1,S1_over_T1,compaction_ms,E1,S1,T1,S1,11.585536000000001,11.4119682,1.0152092782733131
16,1,S1_over_T1,boundary_ms,E1,S1,T1,S1,0.024576000899999999,0.024576000899999999,1
16,2,T2_over_T1,total_ms,E1,E2,T1,T2,43.998720149999997,39.506431599999999,1.1137103091335638
16,2,T2_over_T1,gas_flux_ms,E1,E2,T1,T2,0.37529601150000003,0.37683199350000002,0.99592396073981448
16,2,T2_over_T1,eulerian_coupling_ms,E1,E2,T1,T2,0.099327996399999993,0.098304003500000001,1.0104165940708609
16,2,T2_over_T1,injection_ms,E1,E2,T1,T2,0.032767999899999997,0.032767999899999997,1
16,2,T2_over_T1,bin_pre_ms,E1,E2,T1,T2,0.398335993,0.40755200400000002,0.97738690790488658
16,2,T2_over_T1,pressure_pre_ms,E1,E2,T1,T2,4.6576638199999998,4.6300158499999995,1.0059714633590293
16,2,T2_over_T1,collision_pool_ms,E1,E2,T1,T2,2.7816959600000004,0.99174398200000002,2.8048528758302065
16,2,T2_over_T1,relax_ms,E1,E2,T1,T2,10.87129595,10.8697596,1.0001413416723586
16,2,T2_over_T1,track_ms,E1,E2,T1,T2,3.9311360100000003,3.93471992,0.99908915753271721
16,2,T2_over_T1,bin_post_ms,E1,E2,T1,T2,0.396288007,0.40243199499999999,0.98473285405649724
16,2,T2_over_T1,moments_ms,E1,E2,T1,T2,4.3591999999999995,1.8370559799999999,2.372927144005704
16,2,T2_over_T1,pressure_post_ms,E1,E2,T1,T2,4.5475840549999997,4.530175925,1.0038427050711061
16,2,T2_over_T1,compaction_ms,E1,E2,T1,T2,11.492864149999999,11.35923195,1.0117641932648447
16,2,T2_over_T1,boundary_ms,E1,E2,T1,T2,0.024576000899999999,0.024576000899999999,1
16,2,S2_over_S1,total_ms,S1,S2,S1,S2,42.208255749999999,38.934015250000002,1.0840971700189592
16,2,S2_over_S1,gas_flux_ms,S1,S2,S1,S2,0.378879994,0.39577600349999997,0.95730916136758659
16,2,S2_over_S1,eulerian_coupling_ms,S1,S2,S1,S2,0.098304003500000001,0.099327996399999993,0.98969079275619021
16,2,S2_over_S1,injection_ms,S1,S2,S1,S2,0.032767999899999997,0.032767999899999997,1
16,2,S2_over_S1,bin_pre_ms,S1,S2,S1,S2,0.035328000799999995,0.11583999950000001,0.30497238391303683
16,2,S2_over_S1,pressure_pre_ms,S1,S2,S1,S2,4.0478718249999996,4.0949759449999998,0.98849709482237258
16,2,S2_over_S1,collision_pool_ms,S1,S2,S1,S2,2.254848,0.89292800400000005,2.5252293464860354
16,2,S2_over_S1,relax_ms,S1,S2,S1,S2,10.8687363,10.87129595,0.99976454969014061
16,2,S2_over_S1,track_ms,S1,S2,S1,S2,3.9311358949999997,3.9331839100000003,0.99947929843941608
16,2,S2_over_S1,bin_post_ms,S1,S2,S1,S2,0.39475199599999999,0.40243199499999999,0.98091603278213502
16,2,S2_over_S1,moments_ms,S1,S2,S1,S2,4.1917440849999998,1.8375680449999998,2.2811367973042871
16,2,S2_over_S1,pressure_post_ms,S1,S2,S1,S2,4.5071361049999998,4.5040960299999995,1.000674957856083
16,2,S2_over_S1,compaction_ms,S1,S2,S1,S2,11.439119850000001,11.459584250000001,0.99821421095621332
16,2,S2_over_S1,boundary_ms,S1,S2,S1,S2,0.024576000899999999,0.0255999994,0.96000005765625129
16,2,S2_over_T2,total_ms,E2,S2,T2,S2,39.506431599999999,38.934015250000002,1.0147022172340676
16,2,S2_over_T2,gas_flux_ms,E2,S2,T2,S2,0.37683199350000002,0.39577600349999997,0.95213451590679887
16,2,S2_over_T2,eulerian_coupling_ms,E2,S2,T2,S2,0.098304003500000001,0.099327996399999993,0.98969079275619021
16,2,S2_over_T2,injection_ms,E2,S2,T2,S2,0.032767999899999997,0.032767999899999997,1
16,2,S2_over_T2,bin_pre_ms,E2,S2,T2,S2,0.40755200400000002,0.11583999950000001,3.5182320939150209
16,2,S2_over_T2,pressure_pre_ms,E2,S2,T2,S2,4.6300158499999995,4.0949759449999998,1.1306576429718196
16,2,S2_over_T2,collision_pool_ms,E2,S2,T2,S2,0.99174398200000002,0.89292800400000005,1.1106651124808937
16,2,S2_over_T2,relax_ms,E2,S2,T2,S2,10.8697596,10.87129595,0.99985867830228647
16,2,S2_over_T2,track_ms,E2,S2,T2,S2,3.93471992,3.9331839100000003,1.0003905258526291
16,2,S2_over_T2,bin_post_ms,E2,S2,T2,S2,0.40243199499999999,0.40243199499999999,1
16,2,S2_over_T2,moments_ms,E2,S2,T2,S2,1.8370559799999999,1.8375680449999998,0.99972133548937514
16,2,S2_over_T2,pressure_post_ms,E2,S2,T2,S2,4.530175925,4.5040960299999995,1.0057902617586953
16,2,S2_over_T2,compaction_ms,E2,S2,T2,S2,11.35923195,11.459584250000001,0.99124293710742595
16,2,S2_over_T2,boundary_ms,E2,S2,T2,S2,0.024576000899999999,0.0255999994,0.96000005765625129
16,2,S1_over_T1,total_ms,E1,S1,T1,S1,43.998720149999997,42.208255749999999,1.0424197676067199
16,2,S1_over_T1,gas_flux_ms,E1,S1,T1,S1,0.37529601150000003,0.378879994,0.99054058657950683
16,2,S1_over_T1,eulerian_coupling_ms,E1,S1,T1,S1,0.099327996399999993,0.098304003500000001,1.0104165940708609
16,2,S1_over_T1,injection_ms,E1,S1,T1,S1,0.032767999899999997,0.032767999899999997,1
16,2,S1_over_T1,bin_pre_ms,E1,S1,T1,S1,0.398335993,0.035328000799999995,11.275361865367714
16,2,S1_over_T1,pressure_pre_ms,E1,S1,T1,S1,4.6576638199999998,4.0478718249999996,1.150645084963875
16,2,S1_over_T1,collision_pool_ms,E1,S1,T1,S1,2.7816959600000004,2.254848,1.2336512084184834
16,2,S1_over_T1,relax_ms,E1,S1,T1,S1,10.87129595,10.8687363,1.0002355057597634
16,2,S1_over_T1,track_ms,E1,S1,T1,S1,3.9311360100000003,3.9311358949999997,1.0000000292536315
16,2,S1_over_T1,bin_post_ms,E1,S1,T1,S1,0.396288007,0.39475199599999999,1.0038910784886823
16,2,S1_over_T1,moments_ms,E1,S1,T1,S1,4.3591999999999995,4.1917440849999998,1.0399489834313203
16,2,S1_over_T1,pressure_post_ms,E1,S1,T1,S1,4.5475840549999997,4.5071361049999998,1.0089742020337769
16,2,S1_over_T1,compaction_ms,E1,S1,T1,S1,11.492864149999999,11.439119850000001,1.0046982897901886
16,2,S1_over_T1,boundary_ms,E1,S1,T1,S1,0.024576000899999999,0.024576000899999999,1
16,3,T2_over_T1,total_ms,E1,E2,T1,T2,43.545087850000002,39.416320800000001,1.104747651891447
16,3,T2_over_T1,gas_flux_ms,E1,E2,T1,T2,0.35993599850000002,0.36403200050000001,0.98874823643423082
16,3,T2_over_T1,eulerian_coupling_ms,E1,E2,T1,T2,0.098304003500000001,0.098304003500000001,1
16,3,T2_over_T1,injection_ms,E1,E2,T1,T2,0.033280000099999998,0.0337920003,0.98484847906443695
16,3,T2_over_T1,bin_pre_ms,E1,E2,T1,T2,0.39731198499999998,0.40755200400000002,0.97487432548607944
16,3,T2_over_T1,pressure_pre_ms,E1,E2,T1,T2,4.5286397950000001,4.6151678549999993,0.98125137314209365
16,3,T2_over_T1,collision_pool_ms,E1,E2,T1,T2,2.816511985,0.99379199750000002,2.834106122896205
16,3,T2_over_T1,relax_ms,E1,E2,T1,T2,10.867199899999999,10.8687358,0.99985868641686915
16,3,T2_over_T1,track_ms,E1,E2,T1,T2,3.9377919449999998,3.9260160949999996,1.0029994400723414
16,3,T2_over_T1,bin_post_ms,E1,E2,T1,T2,0.395264,0.40243199499999999,0.98218830736855312
16,3,T2_over_T1,moments_ms,E1,E2,T1,T2,4.2772641199999999,1.847311975,2.3153989027760185
16,3,T2_over_T1,pressure_post_ms,E1,E2,T1,T2,4.5040638450000001,4.6090240500000004,0.97722723859512073
16,3,T2_over_T1,compaction_ms,E1,E2,T1,T2,11.324927799999999,11.247104199999999,1.0069194344265078
16,3,T2_over_T1,boundary_ms,E1,E2,T1,T2,0.024576000899999999,0.024576000899999999,1
16,3,S2_over_S1,total_ms,S1,S2,S1,S2,42.170368199999999,38.841856,1.085693953450628
16,3,S2_over_S1,gas_flux_ms,S1,S2,S1,S2,0.35328000749999999,0.34867200249999997,1.0132158732762033
16,3,S2_over_S1,eulerian_coupling_ms,S1,S2,S1,S2,0.098304003500000001,0.098304003500000001,1
16,3,S2_over_S1,injection_ms,S1,S2,S1,S2,0.032767999899999997,0.032767999899999997,1
16,3,S2_over_S1,bin_pre_ms,S1,S2,S1,S2,0.037376001499999999,0.095744002600000003,0.39037433661667281
16,3,S2_over_S1,pressure_pre_ms,S1,S2,S1,S2,4.0790081049999998,4.0596478000000005,1.0047689617311135
16,3,S2_over_S1,collision_pool_ms,S1,S2,S1,S2,2.257407905,0.88731199499999991,2.5440971357543747
16,3,S2_over_S1,relax_ms,S1,S2,S1,S2,10.86876775,10.86822415,1.0000500173710531
16,3,S2_over_S1,track_ms,S1,S2,S1,S2,3.9296000050000002,3.9301120049999998,0.99986972381465256
16,3,S2_over_S1,bin_post_ms,S1,S2,S1,S2,0.39423999199999998,0.40243199499999999,0.97964375819571703
16,3,S2_over_S1,moments_ms,S1,S2,S1,S2,4.18867207,1.8391039949999999,2.2775612914700889
16,3,S2_over_S1,pressure_post_ms,S1,S2,S1,S2,4.4738559700000007,4.5194239600000001,0.9899173013190824
16,3,S2_over_S1,compaction_ms,S1,S2,S1,S2,11.322367700000001,11.469312200000001,0.9871880285898923
16,3,S2_over_S1,boundary_ms,S1,S2,S1,S2,0.024576000899999999,0.024576000899999999,1
16,3,S2_over_T2,total_ms,E2,S2,T2,S2,39.416320800000001,38.841856,1.0147898390849295
16,3,S2_over_T2,gas_flux_ms,E2,S2,T2,S2,0.36403200050000001,0.34867200249999997,1.0440528573842118
16,3,S2_over_T2,eulerian_coupling_ms,E2,S2,T2,S2,0.098304003500000001,0.098304003500000001,1
16,3,S2_over_T2,injection_ms,E2,S2,T2,S2,0.0337920003,0.032767999899999997,1.0312500123023989
16,3,S2_over_T2,bin_pre_ms,E2,S2,T2,S2,0.40755200400000002,0.095744002600000003,4.2566844181632328
16,3,S2_over_T2,pressure_pre_ms,E2,S2,T2,S2,4.6151678549999993,4.0596478000000005,1.1368394704092308
16,3,S2_over_T2,collision_pool_ms,E2,S2,T2,S2,0.99379199750000002,0.88731199499999991,1.120002888611914
16,3,S2_over_T2,relax_ms,E2,S2,T2,S2,10.8687358,10.86822415,1.0000470776083505
16,3,S2_over_T2,track_ms,E2,S2,T2,S2,3.9260160949999996,3.9301120049999998,0.99895781341733025
16,3,S2_over_T2,bin_post_ms,E2,S2,T2,S2,0.40243199499999999,0.40243199499999999,1
16,3,S2_over_T2,moments_ms,E2,S2,T2,S2,1.847311975,1.8391039949999999,1.0044630320103243
16,3,S2_over_T2,pressure_post_ms,E2,S2,T2,S2,4.6090240500000004,4.5194239600000001,1.0198255553789648
16,3,S2_over_T2,compaction_ms,E2,S2,T2,S2,11.247104199999999,11.469312200000001,0.98062586525458761
16,3,S2_over_T2,boundary_ms,E2,S2,T2,S2,0.024576000899999999,0.024576000899999999,1
16,3,S1_over_T1,total_ms,E1,S1,T1,S1,43.545087850000002,42.170368199999999,1.0325991853682701
16,3,S1_over_T1,gas_flux_ms,E1,S1,T1,S1,0.35993599850000002,0.35328000749999999,1.0188405538346237
16,3,S1_over_T1,eulerian_coupling_ms,E1,S1,T1,S1,0.098304003500000001,0.098304003500000001,1
16,3,S1_over_T1,injection_ms,E1,S1,T1,S1,0.033280000099999998,0.032767999899999997,1.0156250061511993
16,3,S1_over_T1,bin_pre_ms,E1,S1,T1,S1,0.39731198499999998,0.037376001499999999,10.630136158358191
16,3,S1_over_T1,pressure_pre_ms,E1,S1,T1,S1,4.5286397950000001,4.0790081049999998,1.110230643927588
16,3,S1_over_T1,collision_pool_ms,E1,S1,T1,S1,2.816511985,2.257407905,1.2476752556600974
16,3,S1_over_T1,relax_ms,E1,S1,T1,S1,10.867199899999999,10.86876775,0.99985574721660597
16,3,S1_over_T1,track_ms,E1,S1,T1,S1,3.9377919449999998,3.9296000050000002,1.0020846752823638
16,3,S1_over_T1,bin_post_ms,E1,S1,T1,S1,0.395264,0.39423999199999998,1.0025974229423178
16,3,S1_over_T1,moments_ms,E1,S1,T1,S1,4.2772641199999999,4.18867207,1.0211503905102792
16,3,S1_over_T1,pressure_post_ms,E1,S1,T1,S1,4.5040638450000001,4.4738559700000007,1.0067520892944615
16,3,S1_over_T1,compaction_ms,E1,S1,T1,S1,11.324927799999999,11.322367700000001,1.000226109950483
16,3,S1_over_T1,boundary_ms,E1,S1,T1,S1,0.024576000899999999,0.024576000899999999,1
16,4,T2_over_T1,total_ms,E1,E2,T1,T2,43.531265250000004,39.332864749999999,1.1067402673739906
16,4,T2_over_T1,gas_flux_ms,E1,E2,T1,T2,0.3901440055,0.37683199349999996,1.0353261194102938
16,4,T2_over_T1,eulerian_coupling_ms,E1,E2,T1,T2,0.098832000049999993,0.099327996399999993,0.99500647986492563
16,4,T2_over_T1,injection_ms,E1,E2,T1,T2,0.032767999899999997,0.032767999899999997,1
16,4,T2_over_T1,bin_pre_ms,E1,E2,T1,T2,0.39731198499999998,0.406527996,0.97732994752961611
16,4,T2_over_T1,pressure_pre_ms,E1,E2,T1,T2,4.5250558850000004,4.5491197149999998,0.99471022274470977
16,4,T2_over_T1,collision_pool_ms,E1,E2,T1,T2,2.7294720400000001,0.99430400100000005,2.7451081734106388
16,4,T2_over_T1,relax_ms,E1,E2,T1,T2,10.867199899999999,10.867199899999999,1
16,4,T2_over_T1,track_ms,E1,E2,T1,T2,3.9296000050000002,3.9352319250000001,0.99856884673957302
16,4,T2_over_T1,bin_post_ms,E1,E2,T1,T2,0.395264,0.40191999099999998,0.98343951246754491
16,4,T2_over_T1,moments_ms,E1,E2,T1,T2,4.2705919750000003,1.8396159999999999,2.3214583777266564
16,4,T2_over_T1,pressure_post_ms,E1,E2,T1,T2,4.4943361299999998,4.5127680300000002,0.99591561102244375
16,4,T2_over_T1,compaction_ms,E1,E2,T1,T2,11.372543799999999,11.207168100000001,1.0147562433724893
16,4,T2_over_T1,boundary_ms,E1,E2,T1,T2,0.024576000899999999,0.024576000899999999,1
16,4,S2_over_S1,total_ms,S1,S2,S1,S2,42.44428825,38.736383400000001,1.0957215032624856
16,4,S2_over_S1,gas_flux_ms,S1,S2,S1,S2,0.38348799950000001,0.3911679985,0.98036649462775516
16,4,S2_over_S1,eulerian_coupling_ms,S1,S2,S1,S2,0.099327996399999993,0.098304003500000001,1.0104165940708609
16,4,S2_over_S1,injection_ms,S1,S2,S1,S2,0.032767999899999997,0.033711999649999998,0.97199810869124759
16,4,S2_over_S1,bin_pre_ms,S1,S2,S1,S2,0.019455999099999999,0.107519999,0.18095237426481001
16,4,S2_over_S1,pressure_pre_ms,S1,S2,S1,S2,4.0186878450000005,4.0913915650000003,0.98223007530690853
16,4,S2_over_S1,collision_pool_ms,S1,S2,S1,S2,2.2476800699999999,0.89139199250000001,2.5215394449485138
16,4,S2_over_S1,relax_ms,S1,S2,S1,S2,10.8697596,10.86822415,1.0001412788307278
16,4,S2_over_S1,track_ms,S1,S2,S1,S2,3.9260160900000001,3.9306240099999998,0.99882768741342931
16,4,S2_over_S1,bin_post_ms,S1,S2,S1,S2,0.39423999199999998,0.40448001,0.97468350042811758
16,4,S2_over_S1,moments_ms,S1,S2,S1,S2,4.2787840349999993,1.8524160350000001,2.3098396656882745
16,4,S2_over_S1,pressure_post_ms,S1,S2,S1,S2,4.5798401799999997,4.5711359949999997,1.0019041623372222
16,4,S2_over_S1,compaction_ms,S1,S2,S1,S2,11.428352350000001,11.425280050000001,1.0002689036930872
16,4,S2_over_S1,boundary_ms,S1,S2,S1,S2,0.024592000099999997,0.024576000899999999,1.0006510090907426
16,4,S2_over_T2,total_ms,E2,S2,T2,S2,39.332864749999999,38.736383400000001,1.0153984780623582
16,4,S2_over_T2,gas_flux_ms,E2,S2,T2,S2,0.37683199349999996,0.3911679985,0.96335077241754463
16,4,S2_over_T2,eulerian_coupling_ms,E2,S2,T2,S2,0.099327996399999993,0.098304003500000001,1.0104165940708609
16,4,S2_over_T2,injection_ms,E2,S2,T2,S2,0.032767999899999997,0.033711999649999998,0.97199810869124759
16,4,S2_over_T2,bin_pre_ms,E2,S2,T2,S2,0.406527996,0.107519999,3.7809523789151074
16,4,S2_over_T2,pressure_pre_ms,E2,S2,T2,S2,4.5491197149999998,4.0913915650000003,1.1118759088999588
16,4,S2_over_T2,collision_pool_ms,E2,S2,T2,S2,0.99430400100000005,0.89139199250000001,1.1154509007999642
16,4,S2_over_T2,relax_ms,E2,S2,T2,S2,10.867199899999999,10.86822415,0.99990575737251419
16,4,S2_over_T2,track_ms,E2,S2,T2,S2,3.9352319250000001,3.9306240099999998,1.0011723113145081
16,4,S2_over_T2,bin_post_ms,E2,S2,T2,S2,0.40191999099999998,0.40448001,0.99367083925853339
16,4,S2_over_T2,moments_ms,E2,S2,T2,S2,1.8396159999999999,1.8524160350000001,0.99309008626671702
16,4,S2_over_T2,pressure_post_ms,E2,S2,T2,S2,4.5127680300000002,4.5711359949999997,0.98723119043847229
16,4,S2_over_T2,compaction_ms,E2,S2,T2,S2,11.207168100000001,11.425280050000001,0.98090970645397868
16,4,S2_over_T2,boundary_ms,E2,S2,T2,S2,0.024576000899999999,0.024576000899999999,1
16,4,S1_over_T1,total_ms,E1,S1,T1,S1,43.531265250000004,42.44428825,1.025609500001452
16,4,S1_over_T1,gas_flux_ms,E1,S1,T1,S1,0.3901440055,0.38348799950000001,1.0173564909688915
16,4,S1_over_T1,eulerian_coupling_ms,E1,S1,T1,S1,0.098832000049999993,0.099327996399999993,0.99500647986492563
16,4,S1_over_T1,injection_ms,E1,S1,T1,S1,0.032767999899999997,0.032767999899999997,1
16,4,S1_over_T1,bin_pre_ms,E1,S1,T1,S1,0.39731198499999998,0.019455999099999999,20.421052805250181
16,4,S1_over_T1,pressure_pre_ms,E1,S1,T1,S1,4.5250558850000004,4.0186878450000005,1.1260033273373089
16,4,S1_over_T1,collision_pool_ms,E1,S1,T1,S1,2.7294720400000001,2.2476800699999999,1.2143507772438451
16,4,S1_over_T1,relax_ms,E1,S1,T1,S1,10.867199899999999,10.8697596,0.99976451181128234
16,4,S1_over_T1,track_ms,E1,S1,T1,S1,3.9296000050000002,3.9260160900000001,1.0009128630443285
16,4,S1_over_T1,bin_post_ms,E1,S1,T1,S1,0.395264,0.39423999199999998,1.0025974229423178
16,4,S1_over_T1,moments_ms,E1,S1,T1,S1,4.2705919750000003,4.2787840349999993,0.99808542335088923
16,4,S1_over_T1,pressure_post_ms,E1,S1,T1,S1,4.4943361299999998,4.5798401799999997,0.98133034196839597
16,4,S1_over_T1,compaction_ms,E1,S1,T1,S1,11.372543799999999,11.428352350000001,0.99511665826439089
16,4,S1_over_T1,boundary_ms,E1,S1,T1,S1,0.024576000899999999,0.024592000099999997,0.99934941444636716
16,5,T2_over_T1,total_ms,E1,E2,T1,T2,43.715072649999996,39.723009149999996,1.1004975097663265
16,5,T2_over_T1,gas_flux_ms,E1,E2,T1,T2,0.40140800199999999,0.3548160045,1.13131312260183
16,5,T2_over_T1,eulerian_coupling_ms,E1,E2,T1,T2,0.098304003500000001,0.098304003500000001,1
16,5,T2_over_T1,injection_ms,E1,E2,T1,T2,0.032767999899999997,0.032767999899999997,1
16,5,T2_over_T1,bin_pre_ms,E1,E2,T1,T2,0.39731198499999998,0.406527996,0.97732994752961611
16,5,T2_over_T1,pressure_pre_ms,E1,E2,T1,T2,4.58444786,4.6264319450000002,0.99092516965577015
16,5,T2_over_T1,collision_pool_ms,E1,E2,T1,T2,2.817023995,0.99225598599999998,2.8390093229430011
16,5,T2_over_T1,relax_ms,E1,E2,T1,T2,10.868752000000001,10.8687363,1.000001444510159
16,5,T2_over_T1,track_ms,E1,E2,T1,T2,3.9285759900000001,3.9311360149999999,0.99934878239006952
16,5,T2_over_T1,bin_post_ms,E1,E2,T1,T2,0.395264,0.40191999099999998,0.98343951246754491
16,5,T2_over_T1,moments_ms,E1,E2,T1,T2,4.297216175,1.8380800500000001,2.3378830399687978
16,5,T2_over_T1,pressure_post_ms,E1,E2,T1,T2,4.5214719750000008,4.5189120799999998,1.0005664847987041
16,5,T2_over_T1,compaction_ms,E1,E2,T1,T2,11.363840100000001,11.59065625,0.98043112097298202
16,5,T2_over_T1,boundary_ms,E1,E2,T1,T2,0.024576000899999999,0.024576000899999999,1
16,5,S2_over_S1,total_ms,S1,S2,S1,S2,42.033151599999997,38.984704949999994,1.0781959656719167
16,5,S2_over_S1,gas_flux_ms,S1,S2,S1,S2,0.35686400500000004,0.38041599100000001,0.93808886440843653
16,5,S2_over_S1,eulerian_coupling_ms,S1,S2,S1,S2,0.098815999949999997,0.098304003500000001,1.0052082970354306
16,5,S2_over_S1,injection_ms,S1,S2,S1,S2,0.032767999899999997,0.032767999899999997,1
16,5,S2_over_S1,bin_pre_ms,S1,S2,S1,S2,0.019967999299999997,0.104959998,0.19024389939489136
16,5,S2_over_S1,pressure_pre_ms,S1,S2,S1,S2,4.0467519749999994,4.1251196849999996,0.98100231848182118
16,5,S2_over_S1,collision_pool_ms,S1,S2,S1,S2,2.2277120349999997,0.88835197700000001,2.5076907494741802
16,5,S2_over_S1,relax_ms,S1,S2,S1,S2,10.8718076,10.872320200000001,0.99995285274986656
16,5,S2_over_S1,track_ms,S1,S2,S1,S2,3.9275521050000002,3.93471992,0.99817831633617271
16,5,S2_over_S1,bin_post_ms,S1,S2,S1,S2,0.39423999199999998,0.40243199499999999,0.97964375819571703
16,5,S2_over_S1,moments_ms,S1,S2,S1,S2,4.218368055,1.837568045,2.2956254961431917
16,5,S2_over_S1,pressure_post_ms,S1,S2,S1,S2,4.482048035,4.554751875,0.98403780447425582
16,5,S2_over_S1,compaction_ms,S1,S2,S1,S2,11.399695850000001,11.41504005,0.99865579096238044
16,5,S2_over_S1,boundary_ms,S1,S2,S1,S2,0.024576000899999999,0.02511999945,0.97834400629335994
16,5,S2_over_T2,total_ms,E2,S2,T2,S2,39.723009149999996,38.984704949999994,1.018938304161771
16,5,S2_over_T2,gas_flux_ms,E2,S2,T2,S2,0.3548160045,0.38041599100000001,0.93270528288596577
16,5,S2_over_T2,eulerian_coupling_ms,E2,S2,T2,S2,0.098304003500000001,0.098304003500000001,1
16,5,S2_over_T2,injection_ms,E2,S2,T2,S2,0.032767999899999997,0.032767999899999997,1
16,5,S2_over_T2,bin_pre_ms,E2,S2,T2,S2,0.406527996,0.104959998,3.8731707674003575
16,5,S2_over_T2,pressure_pre_ms,E2,S2,T2,S2,4.6264319450000002,4.1251196849999996,1.1215267188059783
16,5,S2_over_T2,collision_pool_ms,E2,S2,T2,S2,0.99225598599999998,0.88835197700000001,1.1169626585972015
16,5,S2_over_T2,relax_ms,E2,S2,T2,S2,10.8687363,10.872320200000001,0.99967036474882331
16,5,S2_over_T2,track_ms,E2,S2,T2,S2,3.9311360149999999,3.93471992,0.9990891588034555
16,5,S2_over_T2,bin_post_ms,E2,S2,T2,S2,0.40191999099999998,0.40243199499999999,0.99872772541358201
16,5,S2_over_T2,moments_ms,E2,S2,T2,S2,1.8380800500000001,1.837568045,1.0002786318587729
16,5,S2_over_T2,pressure_post_ms,E2,S2,T2,S2,4.5189120799999998,4.554751875,0.99213133975602119
16,5,S2_over_T2,compaction_ms,E2,S2,T2,S2,11.59065625,11.41504005,1.0153846328379723
16,5,S2_over_T2,boundary_ms,E2,S2,T2,S2,0.024576000899999999,0.02511999945,0.97834400629335994
16,5,S1_over_T1,total_ms,E1,S1,T1,S1,43.715072649999996,42.033151599999997,1.0400141551603284
16,5,S1_over_T1,gas_flux_ms,E1,S1,T1,S1,0.40140800199999999,0.35686400500000004,1.124820649815887
16,5,S1_over_T1,eulerian_coupling_ms,E1,S1,T1,S1,0.098304003500000001,0.098815999949999997,0.99481868877247548
16,5,S1_over_T1,injection_ms,E1,S1,T1,S1,0.032767999899999997,0.032767999899999997,1
16,5,S1_over_T1,bin_pre_ms,E1,S1,T1,S1,0.39731198499999998,0.019967999299999997,19.897435843760274
16,5,S1_over_T1,pressure_pre_ms,E1,S1,T1,S1,4.58444786,4.0467519749999994,1.1328709761116509
16,5,S1_over_T1,collision_pool_ms,E1,S1,T1,S1,2.817023995,2.2277120349999997,1.2645368659598772
16,5,S1_over_T1,relax_ms,E1,S1,T1,S1,10.868752000000001,10.8718076,0.99971894278187923
16,5,S1_over_T1,track_ms,E1,S1,T1,S1,3.9285759900000001,3.9275521050000002,1.0002606929132007
16,5,S1_over_T1,bin_post_ms,E1,S1,T1,S1,0.395264,0.39423999199999998,1.0025974229423178
16,5,S1_over_T1,moments_ms,E1,S1,T1,S1,4.297216175,4.218368055,1.0186916169883615
16,5,S1_over_T1,pressure_post_ms,E1,S1,T1,S1,4.5214719750000008,4.482048035,1.0087959655256129
16,5,S1_over_T1,compaction_ms,E1,S1,T1,S1,11.363840100000001,11.399695850000001,0.99685467485520685
16,5,S1_over_T1,boundary_ms,E1,S1,T1,S1,0.024576000899999999,0.024576000899999999,1
32,1,T2_over_T1,total_ms,E1,E2,T1,T2,64.952320099999994,55.5345917,1.1695831032822737
32,1,T2_over_T1,gas_flux_ms,E1,E2,T1,T2,0.39219200649999997,0.35430398600000002,1.1069364782703854
32,1,T2_over_T1,eulerian_coupling_ms,E1,E2,T1,T2,0.099327996399999993,0.098304003500000001,1.0104165940708609
32,1,T2_over_T1,injection_ms,E1,E2,T1,T2,0.032767999899999997,0.032767999899999997,1
32,1,T2_over_T1,bin_pre_ms,E1,E2,T1,T2,0.42086398600000002,0.43007999699999999,0.97857140284531774
32,1,T2_over_T1,pressure_pre_ms,E1,E2,T1,T2,8.1085436350000002,7.9846396449999997,1.0155177936023185
32,1,T2_over_T1,collision_pool_ms,E1,E2,T1,T2,4.8773119449999998,1.0265600099999999,4.7511220946547494
32,1,T2_over_T1,relax_ms,E1,E2,T1,T2,11.378687899999999,11.37715195,1.0001350030312286
32,1,T2_over_T1,track_ms,E1,E2,T1,T2,4.055552005,4.0509440899999998,1.0011374916309941
32,1,T2_over_T1,bin_post_ms,E1,E2,T1,T2,0.41881600000000002,0.42905598900000003,0.97613367657711447
32,1,T2_over_T1,moments_ms,E1,E2,T1,T2,7.5550720699999996,1.88672,4.0043419638314113
32,1,T2_over_T1,pressure_post_ms,E1,E2,T1,T2,7.9170560850000005,7.9995200649999996,0.98969138406680157
32,1,T2_over_T1,compaction_ms,E1,E2,T1,T2,19.681792299999998,19.80006405,0.99402669861565418
32,1,T2_over_T1,boundary_ms,E1,E2,T1,T2,0.024576000899999999,0.024576000899999999,1
32,1,S2_over_S1,total_ms,S1,S2,S1,S2,62.317567799999999,54.288896550000004,1.1478879063715284
32,1,S2_over_S1,gas_flux_ms,S1,S2,S1,S2,0.32972799249999996,0.33791999500000003,0.97575756800067404
32,1,S2_over_S1,eulerian_coupling_ms,S1,S2,S1,S2,0.098304003500000001,0.098304003500000001,1
32,1,S2_over_S1,injection_ms,S1,S2,S1,S2,0.032767999899999997,0.03225599975,1.0158730206463371
32,1,S2_over_S1,bin_pre_ms,S1,S2,S1,S2,0.018432000699999999,0.096975997100000003,0.19006765850515805
32,1,S2_over_S1,pressure_pre_ms,S1,S2,S1,S2,6.9088318350000009,6.9845757499999994,0.98915554534575723
32,1,S2_over_S1,collision_pool_ms,S1,S2,S1,S2,3.9736318600000002,0.92007997600000002,4.3187896309570375
32,1,S2_over_S1,relax_ms,S1,S2,S1,S2,11.378687899999999,11.382783849999999,0.99964016271819134
32,1,S2_over_S1,track_ms,S1,S2,S1,S2,4.0464000700000007,4.0499198449999998,0.99913090255246795
32,1,S2_over_S1,bin_post_ms,S1,S2,S1,S2,0.417791992,0.42905598900000003,0.97374702302547278
32,1,S2_over_S1,moments_ms,S1,S2,S1,S2,7.4823679900000002,1.9036160149999999,3.9306078174594474
32,1,S2_over_S1,pressure_post_ms,S1,S2,S1,S2,7.9457280600000004,8.0998401649999998,0.98097343875180043
32,1,S2_over_S1,compaction_ms,S1,S2,S1,S2,19.7422085,19.9137287,0.99138683655964444
32,1,S2_over_S1,boundary_ms,S1,S2,S1,S2,0.024576000899999999,0.025088000149999998,0.97959186675148358
32,1,S2_over_T2,total_ms,E2,S2,T2,S2,55.5345917,54.288896550000004,1.0229456708307325
32,1,S2_over_T2,gas_flux_ms,E2,S2,T2,S2,0.35430398600000002,0.33791999500000003,1.0484848225687267
32,1,S2_over_T2,eulerian_coupling_ms,E2,S2,T2,S2,0.098304003500000001,0.098304003500000001,1
32,1,S2_over_T2,injection_ms,E2,S2,T2,S2,0.032767999899999997,0.03225599975,1.0158730206463371
32,1,S2_over_T2,bin_pre_ms,E2,S2,T2,S2,0.43007999699999999,0.096975997100000003,4.4349118324249739
32,1,S2_over_T2,pressure_pre_ms,E2,S2,T2,S2,7.9846396449999997,6.9845757499999994,1.1431817666234059
32,1,S2_over_T2,collision_pool_ms,E2,S2,T2,S2,1.0265600099999999,0.92007997600000002,1.1157291070097148
32,1,S2_over_T2,relax_ms,E2,S2,T2,S2,11.37715195,11.382783849999999,0.9995052264828872
32,1,S2_over_T2,track_ms,E2,S2,T2,S2,4.0509440899999998,4.0499198449999998,1.0002529050053335
32,1,S2_over_T2,bin_post_ms,E2,S2,T2,S2,0.42905598900000003,0.42905598900000003,1
32,1,S2_over_T2,moments_ms,E2,S2,T2,S2,1.88672,1.9036160149999999,0.99112425254522774
32,1,S2_over_T2,pressure_post_ms,E2,S2,T2,S2,7.9995200649999996,8.0998401649999998,0.98761455807072707
32,1,S2_over_T2,compaction_ms,E2,S2,T2,S2,19.80006405,19.9137287,0.99429214630206342
32,1,S2_over_T2,boundary_ms,E2,S2,T2,S2,0.024576000899999999,0.025088000149999998,0.97959186675148358
32,1,S1_over_T1,total_ms,E1,S1,T1,S1,64.952320099999994,62.317567799999999,1.042279446920263
32,1,S1_over_T1,gas_flux_ms,E1,S1,T1,S1,0.39219200649999997,0.32972799249999996,1.189441040557089
32,1,S1_over_T1,eulerian_coupling_ms,E1,S1,T1,S1,0.099327996399999993,0.098304003500000001,1.0104165940708609
32,1,S1_over_T1,injection_ms,E1,S1,T1,S1,0.032767999899999997,0.032767999899999997,1
32,1,S1_over_T1,bin_pre_ms,E1,S1,T1,S1,0.42086398600000002,0.018432000699999999,22.833331706633455
32,1,S1_over_T1,pressure_pre_ms,E1,S1,T1,S1,8.1085436350000002,6.9088318350000009,1.1736490087835521
32,1,S1_over_T1,collision_pool_ms,E1,S1,T1,S1,4.8773119449999998,3.9736318600000002,1.2274191764206359
32,1,S1_over_T1,relax_ms,E1,S1,T1,S1,11.378687899999999,11.378687899999999,1
32,1,S1_over_T1,track_ms,E1,S1,T1,S1,4.055552005,4.0464000700000007,1.0022617474401139
32,1,S1_over_T1,bin_post_ms,E1,S1,T1,S1,0.41881600000000002,0.417791992,1.0024509995873736
32,1,S1_over_T1,moments_ms,E1,S1,T1,S1,7.5550720699999996,7.4823679900000002,1.0097167207088942
32,1,S1_over_T1,pressure_post_ms,E1,S1,T1,S1,7.9170560850000005,7.9457280600000004,0.99639152324576286
32,1,S1_over_T1,compaction_ms,E1,S1,T1,S1,19.681792299999998,19.7422085,0.99693974460861345
32,1,S1_over_T1,boundary_ms,E1,S1,T1,S1,0.024576000899999999,0.024576000899999999,1
32,2,T2_over_T1,total_ms,E1,E2,T1,T2,65.769474000000002,55.19257545,1.191636256575521
32,2,T2_over_T1,gas_flux_ms,E1,E2,T1,T2,0.36352001099999998,0.35737599450000002,1.0171920235118086
32,2,T2_over_T1,eulerian_coupling_ms,E1,E2,T1,T2,0.098304003500000001,0.098304003500000001,1
32,2,T2_over_T1,injection_ms,E1,E2,T1,T2,0.032271999849999997,0.031743999600000003,1.0166330726012229
32,2,T2_over_T1,bin_pre_ms,E1,E2,T1,T2,0.42188799399999999,0.43007999699999999,0.98095237384406886
32,2,T2_over_T1,pressure_pre_ms,E1,E2,T1,T2,8.086527825000001,8.1141762750000002,0.99659257464184203
32,2,T2_over_T1,collision_pool_ms,E1,E2,T1,T2,5.1476478549999998,1.0209280300000001,5.0421260889467394
32,2,T2_over_T1,relax_ms,E1,E2,T1,T2,11.37715195,11.3771839,0.99999719174795088
32,2,T2_over_T1,track_ms,E1,E2,T1,T2,4.0540161100000001,4.0468480600000003,1.0017712673897621
32,2,T2_over_T1,bin_post_ms,E1,E2,T1,T2,0.41932800400000003,0.42905598900000003,0.97732700335293543
32,2,T2_over_T1,moments_ms,E1,E2,T1,T2,7.63955188,1.89132798,4.0392528217131334
32,2,T2_over_T1,pressure_post_ms,E1,E2,T1,T2,7.9211521149999999,7.9616003050000002,0.99491959047798495
32,2,T2_over_T1,compaction_ms,E1,E2,T1,T2,20.206080400000001,19.427839249999998,1.0400580393931353
32,2,T2_over_T1,boundary_ms,E1,E2,T1,T2,0.024576000899999999,0.024576000899999999,1
32,2,S2_over_S1,total_ms,S1,S2,S1,S2,62.6647034,54.592512150000005,1.1478626084804562
32,2,S2_over_S1,gas_flux_ms,S1,S2,S1,S2,0.33894400299999999,0.35430398600000002,0.95664744511228839
32,2,S2_over_S1,eulerian_coupling_ms,S1,S2,S1,S2,0.098368000250000004,0.098304003500000001,1.0006510085827787
32,2,S2_over_S1,injection_ms,S1,S2,S1,S2,0.032767999899999997,0.0337920003,0.96969695812887402
32,2,S2_over_S1,bin_pre_ms,S1,S2,S1,S2,0.01900799945,0.097791999699999993,0.19437172272079023
32,2,S2_over_S1,pressure_pre_ms,S1,S2,S1,S2,6.8792319299999996,7.0128638750000007,0.98094473992623998
32,2,S2_over_S1,collision_pool_ms,S1,S2,S1,S2,3.9091199599999999,0.92159998399999998,4.2416666969039358
32,2,S2_over_S1,relax_ms,S1,S2,S1,S2,11.37715195,11.38176015,0.99959512413376594
32,2,S2_over_S1,track_ms,S1,S2,S1,S2,4.0488960699999996,4.0442879200000004,1.0011394218441301
32,2,S2_over_S1,bin_post_ms,S1,S2,S1,S2,0.41832000000000003,0.42854400000000004,0.97614247311827951
32,2,S2_over_S1,moments_ms,S1,S2,S1,S2,7.5786240100000004,1.8923519849999999,4.004870166899738
32,2,S2_over_S1,pressure_post_ms,S1,S2,S1,S2,8.0081920649999994,7.9897599199999991,1.0023069710710406
32,2,S2_over_S1,compaction_ms,S1,S2,S1,S2,19.92908765,20.269055350000002,0.98322725484096118
32,2,S2_over_S1,boundary_ms,S1,S2,S1,S2,0.024576000899999999,0.0255999994,0.96000005765625129
32,2,S2_over_T2,total_ms,E2,S2,T2,S2,55.19257545,54.592512150000005,1.010991677729562
32,2,S2_over_T2,gas_flux_ms,E2,S2,T2,S2,0.35737599450000002,0.35430398600000002,1.0086705445645199
32,2,S2_over_T2,eulerian_coupling_ms,E2,S2,T2,S2,0.098304003500000001,0.098304003500000001,1
32,2,S2_over_T2,injection_ms,E2,S2,T2,S2,0.031743999600000003,0.0337920003,0.93939391921702853
32,2,S2_over_T2,bin_pre_ms,E2,S2,T2,S2,0.43007999699999999,0.097791999699999993,4.3979057419765599
32,2,S2_over_T2,pressure_pre_ms,E2,S2,T2,S2,8.1141762750000002,7.0128638750000007,1.1570417477980777
32,2,S2_over_T2,collision_pool_ms,E2,S2,T2,S2,1.0209280300000001,0.92159998399999998,1.1077778295621152
32,2,S2_over_T2,relax_ms,E2,S2,T2,S2,11.3771839,11.38176015,0.99959793125670471
32,2,S2_over_T2,track_ms,E2,S2,T2,S2,4.0468480600000003,4.0442879200000004,1.0006330261471592
32,2,S2_over_T2,bin_post_ms,E2,S2,T2,S2,0.42905598900000003,0.42854400000000004,1.0011947174619176
32,2,S2_over_T2,moments_ms,E2,S2,T2,S2,1.89132798,1.8923519849999999,0.99945887181237059
32,2,S2_over_T2,pressure_post_ms,E2,S2,T2,S2,7.9616003050000002,7.9897599199999991,0.99647553677682987
32,2,S2_over_T2,compaction_ms,E2,S2,T2,S2,19.427839249999998,20.269055350000002,0.95849751823781937
32,2,S2_over_T2,boundary_ms,E2,S2,T2,S2,0.024576000899999999,0.0255999994,0.96000005765625129
32,2,S1_over_T1,total_ms,E1,S1,T1,S1,65.769474000000002,62.6647034,1.0495457639076611
32,2,S1_over_T1,gas_flux_ms,E1,S1,T1,S1,0.36352001099999998,0.33894400299999999,1.0725075758310436
32,2,S1_over_T1,eulerian_coupling_ms,E1,S1,T1,S1,0.098304003500000001,0.098368000250000004,0.99934941495367036
32,2,S1_over_T1,injection_ms,E1,S1,T1,S1,0.032271999849999997,0.032767999899999997,0.98486327967792742
32,2,S1_over_T1,bin_pre_ms,E1,S1,T1,S1,0.42188799399999999,0.01900799945,22.195286521854353
32,2,S1_over_T1,pressure_pre_ms,E1,S1,T1,S1,8.086527825000001,6.8792319299999996,1.1754986468380346
32,2,S1_over_T1,collision_pool_ms,E1,S1,T1,S1,5.1476478549999998,3.9091199599999999,1.3168303627602156
32,2,S1_over_T1,relax_ms,E1,S1,T1,S1,11.37715195,11.37715195,1
32,2,S1_over_T1,track_ms,E1,S1,T1,S1,4.0540161100000001,4.0488960699999996,1.0012645520930845
32,2,S1_over_T1,bin_post_ms,E1,S1,T1,S1,0.41932800400000003,0.41832000000000003,1.0024096481162745
32,2,S1_over_T1,moments_ms,E1,S1,T1,S1,7.63955188,7.5786240100000004,1.0080394369637029
32,2,S1_over_T1,pressure_post_ms,E1,S1,T1,S1,7.9211521149999999,8.0081920649999994,0.98913113605498926
32,2,S1_over_T1,compaction_ms,E1,S1,T1,S1,20.206080400000001,19.92908765,1.0138989177459914
32,2,S1_over_T1,boundary_ms,E1,S1,T1,S1,0.024576000899999999,0.024576000899999999,1
32,3,T2_over_T1,total_ms,E1,E2,T1,T2,65.112575550000003,55.510015500000002,1.1729878827001949
32,3,T2_over_T1,gas_flux_ms,E1,E2,T1,T2,0.36812800150000002,0.37734399750000003,0.97557667258242264
32,3,T2_over_T1,eulerian_coupling_ms,E1,E2,T1,T2,0.098304003500000001,0.099327996399999993,0.98969079275619021
32,3,T2_over_T1,injection_ms,E1,E2,T1,T2,0.032767999899999997,0.033695999550000001,0.97245964914550209
32,3,T2_over_T1,bin_pre_ms,E1,E2,T1,T2,0.42086398600000002,0.42956799300000004,0.97973776644946631
32,3,T2_over_T1,pressure_pre_ms,E1,E2,T1,T2,8.0184314249999993,8.0322563649999985,0.99827882236674614
32,3,T2_over_T1,collision_pool_ms,E1,E2,T1,T2,5.0775041549999997,1.0275839549999999,4.9412061469955519
32,3,T2_over_T1,relax_ms,E1,E2,T1,T2,11.381247999999999,11.381759600000001,0.99995505088685921
32,3,T2_over_T1,track_ms,E1,E2,T1,T2,4.0442881599999998,4.0376319899999995,1.0016485331046727
32,3,T2_over_T1,bin_post_ms,E1,E2,T1,T2,0.41932800400000003,0.42905598900000003,0.97732700335293543
32,3,T2_over_T1,moments_ms,E1,E2,T1,T2,7.4746878149999993,1.90464002,3.9244622272506904
32,3,T2_over_T1,pressure_post_ms,E1,E2,T1,T2,7.9513597499999999,8.1064961000000011,0.9808627120661908
32,3,T2_over_T1,compaction_ms,E1,E2,T1,T2,19.914752,19.610624299999998,1.0155083130117384
32,3,T2_over_T1,boundary_ms,E1,E2,T1,T2,0.024576000899999999,0.024576000899999999,1
32,3,S2_over_S1,total_ms,S1,S2,S1,S2,62.115327800000003,54.060545000000005,1.1489955900370594
32,3,S2_over_S1,gas_flux_ms,S1,S2,S1,S2,0.37632000450000003,0.37324801099999999,1.0082304350176432
32,3,S2_over_S1,eulerian_coupling_ms,S1,S2,S1,S2,0.098304003500000001,0.098352000150000007,0.99951199111429556
32,3,S2_over_S1,injection_ms,S1,S2,S1,S2,0.032767999899999997,0.032767999899999997,1
32,3,S2_over_S1,bin_pre_ms,S1,S2,S1,S2,0.019455999099999999,0.104543999,0.18610345200206088
32,3,S2_over_S1,pressure_pre_ms,S1,S2,S1,S2,7.0190076850000001,7.0461440050000004,0.99614877016695313
32,3,S2_over_S1,collision_pool_ms,S1,S2,S1,S2,3.9531840099999997,0.92108798000000003,4.291863639345288
32,3,S2_over_S1,relax_ms,S1,S2,S1,S2,11.381247999999999,11.381759600000001,0.99995505088685921
32,3,S2_over_S1,track_ms,S1,S2,S1,S2,4.0494079599999999,4.0529921049999995,0.99911567925445055
32,3,S2_over_S1,bin_post_ms,S1,S2,S1,S2,0.417791992,0.43007999699999999,0.97142855960352881
32,3,S2_over_S1,moments_ms,S1,S2,S1,S2,7.4378240099999999,1.9174399950000001,3.879038733621492
32,3,S2_over_S1,pressure_post_ms,S1,S2,S1,S2,7.9923198200000005,7.9467840199999999,1.0057300915546967
32,3,S2_over_S1,compaction_ms,S1,S2,S1,S2,19.430399900000001,19.731967900000001,0.98471678032681176
32,3,S2_over_S1,boundary_ms,S1,S2,S1,S2,0.024576000899999999,0.02513599955,0.97772124999898802
32,3,S2_over_T2,total_ms,E2,S2,T2,S2,55.510015500000002,54.060545000000005,1.0268119845998591
32,3,S2_over_T2,gas_flux_ms,E2,S2,T2,S2,0.37734399750000003,0.37324801099999999,1.0109739004074694
32,3,S2_over_T2,eulerian_coupling_ms,E2,S2,T2,S2,0.099327996399999993,0.098352000150000007,1.009923501794691
32,3,S2_over_T2,injection_ms,E2,S2,T2,S2,0.033695999550000001,0.032767999899999997,1.0283203019052745
32,3,S2_over_T2,bin_pre_ms,E2,S2,T2,S2,0.42956799300000004,0.104543999,4.108968444951107
32,3,S2_over_T2,pressure_pre_ms,E2,S2,T2,S2,8.0322563649999985,7.0461440050000004,1.1399506395697057
32,3,S2_over_T2,collision_pool_ms,E2,S2,T2,S2,1.0275839549999999,0.92108798000000003,1.1156197641402288
32,3,S2_over_T2,relax_ms,E2,S2,T2,S2,11.381759600000001,11.381759600000001,1
32,3,S2_over_T2,track_ms,E2,S2,T2,S2,4.0376319899999995,4.0529921049999995,0.9962101788994232
32,3,S2_over_T2,bin_post_ms,E2,S2,T2,S2,0.42905598900000003,0.43007999699999999,0.99761902900124888
32,3,S2_over_T2,moments_ms,E2,S2,T2,S2,1.90464002,1.9174399950000001,0.99332444559757915
32,3,S2_over_T2,pressure_post_ms,E2,S2,T2,S2,8.1064961000000011,7.9467840199999999,1.0200976998491524
32,3,S2_over_T2,compaction_ms,E2,S2,T2,S2,19.610624299999998,19.731967900000001,0.99385040556446458
32,3,S2_over_T2,boundary_ms,E2,S2,T2,S2,0.024576000899999999,0.02513599955,0.97772124999898802
32,3,S1_over_T1,total_ms,E1,S1,T1,S1,65.112575550000003,62.115327800000003,1.0482529490893229
32,3,S1_over_T1,gas_flux_ms,E1,S1,T1,S1,0.36812800150000002,0.37632000450000003,0.97823128480537636
32,3,S1_over_T1,eulerian_coupling_ms,E1,S1,T1,S1,0.098304003500000001,0.098304003500000001,1
32,3,S1_over_T1,injection_ms,E1,S1,T1,S1,0.032767999899999997,0.032767999899999997,1
32,3,S1_over_T1,bin_pre_ms,E1,S1,T1,S1,0.42086398600000002,0.019455999099999999,21.631579228434486
32,3,S1_over_T1,pressure_pre_ms,E1,S1,T1,S1,8.0184314249999993,7.0190076850000001,1.1423881814712673
32,3,S1_over_T1,collision_pool_ms,E1,S1,T1,S1,5.0775041549999997,3.9531840099999997,1.2844087556146926
32,3,S1_over_T1,relax_ms,E1,S1,T1,S1,11.381247999999999,11.381247999999999,1
32,3,S1_over_T1,track_ms,E1,S1,T1,S1,4.0442881599999998,4.0494079599999999,0.99873566702822403
32,3,S1_over_T1,bin_post_ms,E1,S1,T1,S1,0.41932800400000003,0.417791992,1.0036764993810605
32,3,S1_over_T1,moments_ms,E1,S1,T1,S1,7.4746878149999993,7.4378240099999999,1.00495626206676
32,3,S1_over_T1,pressure_post_ms,E1,S1,T1,S1,7.9513597499999999,7.9923198200000005,0.99487507120304397
32,3,S1_over_T1,compaction_ms,E1,S1,T1,S1,19.914752,19.430399900000001,1.0249275415067498
32,3,S1_over_T1,boundary_ms,E1,S1,T1,S1,0.024576000899999999,0.024576000899999999,1
32,4,T2_over_T1,total_ms,E1,E2,T1,T2,64.826833749999992,55.94623945,1.158734427681001
32,4,T2_over_T1,gas_flux_ms,E1,E2,T1,T2,0.371199995,0.39884799700000001,0.93068035389933268
32,4,T2_over_T1,eulerian_coupling_ms,E1,E2,T1,T2,0.098304003500000001,0.100863997,0.97461935302841507
32,4,T2_over_T1,injection_ms,E1,E2,T1,T2,0.032767999899999997,0.032767999899999997,1
32,4,T2_over_T1,bin_pre_ms,E1,E2,T1,T2,0.42086398600000002,0.43007999699999999,0.97857140284531774
32,4,T2_over_T1,pressure_pre_ms,E1,E2,T1,T2,8.0593917350000002,8.1259520050000003,0.99180892651605068
32,4,T2_over_T1,collision_pool_ms,E1,E2,T1,T2,5.0135040249999996,1.0301439800000001,4.8667993235275704
32,4,T2_over_T1,relax_ms,E1,E2,T1,T2,11.379200000000001,11.388415800000001,0.99919077419003266
32,4,T2_over_T1,track_ms,E1,E2,T1,T2,4.0483839499999998,4.062207935,0.99659692826630253
32,4,T2_over_T1,bin_post_ms,E1,E2,T1,T2,0.41881600000000002,0.42803201099999999,0.97846887437584673
32,4,T2_over_T1,moments_ms,E1,E2,T1,T2,7.45676804,1.91952002,3.8847044898234508
32,4,T2_over_T1,pressure_post_ms,E1,E2,T1,T2,8.0153601200000004,8.09676814,0.9899456155107339
32,4,T2_over_T1,compaction_ms,E1,E2,T1,T2,19.512319599999998,19.812352150000002,0.98485628825247762
32,4,T2_over_T1,boundary_ms,E1,E2,T1,T2,0.024576000899999999,0.024576000899999999,1
32,4,S2_over_S1,total_ms,S1,S2,S1,S2,62.442495350000002,54.096384049999998,1.1542822398681194
32,4,S2_over_S1,gas_flux_ms,S1,S2,S1,S2,0.3548160045,0.41523200250000003,0.85450062221540835
32,4,S2_over_S1,eulerian_coupling_ms,S1,S2,S1,S2,0.098815999949999997,0.098304003500000001,1.0052082970354306
32,4,S2_over_S1,injection_ms,S1,S2,S1,S2,0.032767999899999997,0.032767999899999997,1
32,4,S2_over_S1,bin_pre_ms,S1,S2,S1,S2,0.019455999099999999,0.12595199800000001,0.1544715400227315
32,4,S2_over_S1,pressure_pre_ms,S1,S2,S1,S2,7.0287358750000006,6.97804761,1.0072639609003757
32,4,S2_over_S1,collision_pool_ms,S1,S2,S1,S2,3.9193600399999999,0.91955202800000002,4.2622493569227382
32,4,S2_over_S1,relax_ms,S1,S2,S1,S2,11.380784050000001,11.380224250000001,1.0000491905948161
32,4,S2_over_S1,track_ms,S1,S2,S1,S2,4.0442879200000004,4.0504319649999996,0.9984831136399549
32,4,S2_over_S1,bin_post_ms,S1,S2,S1,S2,0.41881600000000002,0.42854400000000004,0.97729988052568695
32,4,S2_over_S1,moments_ms,S1,S2,S1,S2,7.3707520950000003,1.8892800200000002,3.9013550225339277
32,4,S2_over_S1,pressure_post_ms,S1,S2,S1,S2,7.9431676849999997,8.0870401849999993,0.98220949856699646
32,4,S2_over_S1,compaction_ms,S1,S2,S1,S2,19.884544400000003,19.662848449999998,1.0112748644004326
32,4,S2_over_S1,boundary_ms,S1,S2,S1,S2,0.0255999994,0.024576000899999999,1.0416666041056339
32,4,S2_over_T2,total_ms,E2,S2,T2,S2,55.94623945,54.096384049999998,1.0341955461993582
32,4,S2_over_T2,gas_flux_ms,E2,S2,T2,S2,0.39884799700000001,0.41523200250000003,0.96054252706593823
32,4,S2_over_T2,eulerian_coupling_ms,E2,S2,T2,S2,0.100863997,0.098304003500000001,1.0260415996180663
32,4,S2_over_T2,injection_ms,E2,S2,T2,S2,0.032767999899999997,0.032767999899999997,1
32,4,S2_over_T2,bin_pre_ms,E2,S2,T2,S2,0.43007999699999999,0.12595199800000001,3.4146341767440638
32,4,S2_over_T2,pressure_pre_ms,E2,S2,T2,S2,8.1259520050000003,6.97804761,1.1645022303022092
32,4,S2_over_T2,collision_pool_ms,E2,S2,T2,S2,1.0301439800000001,0.91955202800000002,1.1202672047176432
32,4,S2_over_T2,relax_ms,E2,S2,T2,S2,11.388415800000001,11.380224250000001,1.0007198056751825
32,4,S2_over_T2,track_ms,E2,S2,T2,S2,4.062207935,4.0504319649999996,1.0029073368227777
32,4,S2_over_T2,bin_post_ms,E2,S2,T2,S2,0.42803201099999999,0.42854400000000004,0.99880528253808232
32,4,S2_over_T2,moments_ms,E2,S2,T2,S2,1.91952002,1.8892800200000002,1.0160060973915344
32,4,S2_over_T2,pressure_post_ms,E2,S2,T2,S2,8.09676814,8.0870401849999993,1.0012029067220469
32,4,S2_over_T2,compaction_ms,E2,S2,T2,S2,19.812352150000002,19.662848449999998,1.0076033592172655
32,4,S2_over_T2,boundary_ms,E2,S2,T2,S2,0.024576000899999999,0.024576000899999999,1
32,4,S1_over_T1,total_ms,E1,S1,T1,S1,64.826833749999992,62.442495350000002,1.0381845470241924
32,4,S1_over_T1,gas_flux_ms,E1,S1,T1,S1,0.371199995,0.3548160045,1.0461760188159719
32,4,S1_over_T1,eulerian_coupling_ms,E1,S1,T1,S1,0.098304003500000001,0.098815999949999997,0.99481868877247548
32,4,S1_over_T1,injection_ms,E1,S1,T1,S1,0.032767999899999997,0.032767999899999997,1
32,4,S1_over_T1,bin_pre_ms,E1,S1,T1,S1,0.42086398600000002,0.019455999099999999,21.631579228434486
32,4,S1_over_T1,pressure_pre_ms,E1,S1,T1,S1,8.0593917350000002,7.0287358750000006,1.1466345980741521
32,4,S1_over_T1,collision_pool_ms,E1,S1,T1,S1,5.0135040249999996,3.9193600399999999,1.2791639384576672
32,4,S1_over_T1,relax_ms,E1,S1,T1,S1,11.379200000000001,11.380784050000001,0.99986081363172863
32,4,S1_over_T1,track_ms,E1,S1,T1,S1,4.0483839499999998,4.0442879200000004,1.0010127938665652
32,4,S1_over_T1,bin_post_ms,E1,S1,T1,S1,0.41881600000000002,0.41881600000000002,1
32,4,S1_over_T1,moments_ms,E1,S1,T1,S1,7.45676804,7.3707520950000003,1.0116699006955272
32,4,S1_over_T1,pressure_post_ms,E1,S1,T1,S1,8.0153601200000004,7.9431676849999997,1.0090886202914147
32,4,S1_over_T1,compaction_ms,E1,S1,T1,S1,19.512319599999998,19.884544400000003,0.98128069758540681
32,4,S1_over_T1,boundary_ms,E1,S1,T1,S1,0.024576000899999999,0.0255999994,0.96000005765625129
32,5,T2_over_T1,total_ms,E1,E2,T1,T2,65.300991049999993,55.63852885,1.1736649476489527
32,5,T2_over_T1,gas_flux_ms,E1,E2,T1,T2,0.39270399499999997,0.35327999300000001,1.1115942107709449
32,5,T2_over_T1,eulerian_coupling_ms,E1,E2,T1,T2,0.098304003500000001,0.098847996450000003,0.99449667196567637
32,5,T2_over_T1,injection_ms,E1,E2,T1,T2,0.032767999899999997,0.0337920003,0.96969695812887402
32,5,T2_over_T1,bin_pre_ms,E1,E2,T1,T2,0.422399998,0.43059200050000002,0.98097502394264746
32,5,T2_over_T1,pressure_pre_ms,E1,E2,T1,T2,8.0614399900000002,8.0977921500000001,0.99551085538790962
32,5,T2_over_T1,collision_pool_ms,E1,E2,T1,T2,5.0815999500000002,1.028607965,4.9402689099340202
32,5,T2_over_T1,relax_ms,E1,E2,T1,T2,11.38176015,11.395071999999999,0.99883178886451973
32,5,T2_over_T1,track_ms,E1,E2,T1,T2,4.0473599450000002,4.0698881149999995,0.99446467092867508
32,5,T2_over_T1,bin_post_ms,E1,E2,T1,T2,0.41881600000000002,0.42803201099999999,0.97846887437584673
32,5,T2_over_T1,moments_ms,E1,E2,T1,T2,7.50080013,1.88518399,3.9788159510096412
32,5,T2_over_T1,pressure_post_ms,E1,E2,T1,T2,8.0343041399999997,8.0025601399999999,1.0039667305767976
32,5,T2_over_T1,compaction_ms,E1,E2,T1,T2,19.928576450000001,19.99872015,0.99649259055210093
32,5,T2_over_T1,boundary_ms,E1,E2,T1,T2,0.024576000899999999,0.024576000899999999,1
32,5,S2_over_S1,total_ms,S1,S2,S1,S2,62.439392050000002,54.7496948,1.1404518742632335
32,5,S2_over_S1,gas_flux_ms,S1,S2,S1,S2,0.38092799500000002,0.39270399499999997,0.97001303742784706
32,5,S2_over_S1,eulerian_coupling_ms,S1,S2,S1,S2,0.099327996399999993,0.10188799700000001,0.97487436523067561
32,5,S2_over_S1,injection_ms,S1,S2,S1,S2,0.032320000199999997,0.0337920003,0.95643939136683775
32,5,S2_over_S1,bin_pre_ms,S1,S2,S1,S2,0.019967999299999997,0.15731199849999999,0.12693246217960927
32,5,S2_over_S1,pressure_pre_ms,S1,S2,S1,S2,6.9616639649999996,7.0143997650000003,0.99248178008571186
32,5,S2_over_S1,collision_pool_ms,S1,S2,S1,S2,3.92703998,0.92467200800000005,4.2469545374190671
32,5,S2_over_S1,relax_ms,S1,S2,S1,S2,11.38129565,11.3868799,0.99950958910175214
32,5,S2_over_S1,track_ms,S1,S2,S1,S2,4.0468480600000003,4.0642559550000001,0.99571683102817776
32,5,S2_over_S1,bin_post_ms,S1,S2,S1,S2,0.417791992,0.43007999699999999,0.97142855960352881
32,5,S2_over_S1,moments_ms,S1,S2,S1,S2,7.4475519700000001,1.8979840299999999,3.9239276265143288
32,5,S2_over_S1,pressure_post_ms,S1,S2,S1,S2,7.9764478199999997,7.9959361549999999,0.99756272003399959
32,5,S2_over_S1,compaction_ms,S1,S2,S1,S2,19.738623650000001,19.992079750000002,0.98732217442259851
32,5,S2_over_S1,boundary_ms,S1,S2,S1,S2,0.024576000899999999,0.024640000449999998,0.99740261571302047
32,5,S2_over_T2,total_ms,E2,S2,T2,S2,55.63852885,54.7496948,1.0162345023702306
32,5,S2_over_T2,gas_flux_ms,E2,S2,T2,S2,0.35327999300000001,0.39270399499999997,0.89960885933946266
32,5,S2_over_T2,eulerian_coupling_ms,E2,S2,T2,S2,0.098847996450000003,0.10188799700000001,0.97016331030631597
32,5,S2_over_T2,injection_ms,E2,S2,T2,S2,0.0337920003,0.0337920003,1
32,5,S2_over_T2,bin_pre_ms,E2,S2,T2,S2,0.43059200050000002,0.15731199849999999,2.7371847322885547
32,5,S2_over_T2,pressure_pre_ms,E2,S2,T2,S2,8.0977921500000001,7.0143997650000003,1.1544526148061651
32,5,S2_over_T2,collision_pool_ms,E2,S2,T2,S2,1.028607965,0.92467200800000005,1.1124030532997382
32,5,S2_over_T2,relax_ms,E2,S2,T2,S2,11.395071999999999,11.3868799,1.0007194332487865
32,5,S2_over_T2,track_ms,E2,S2,T2,S2,4.0698881149999995,4.0642559550000001,1.0013857788639198
32,5,S2_over_T2,bin_post_ms,E2,S2,T2,S2,0.42803201099999999,0.43007999699999999,0.99523812775696241
32,5,S2_over_T2,moments_ms,E2,S2,T2,S2,1.88518399,1.8979840299999999,0.99325598118968372
32,5,S2_over_T2,pressure_post_ms,E2,S2,T2,S2,8.0025601399999999,7.9959361549999999,1.0008284189457739
32,5,S2_over_T2,compaction_ms,E2,S2,T2,S2,19.99872015,19.992079750000002,1.0003321515361601
32,5,S2_over_T2,boundary_ms,E2,S2,T2,S2,0.024576000899999999,0.024640000449999998,0.99740261571302047
32,5,S1_over_T1,total_ms,E1,S1,T1,S1,65.300991049999993,62.439392050000002,1.0458300266233933
32,5,S1_over_T1,gas_flux_ms,E1,S1,T1,S1,0.39270399499999997,0.38092799500000002,1.0309139789003954
32,5,S1_over_T1,eulerian_coupling_ms,E1,S1,T1,S1,0.098304003500000001,0.099327996399999993,0.98969079275619021
32,5,S1_over_T1,injection_ms,E1,S1,T1,S1,0.032767999899999997,0.032320000199999997,1.0138613767706599
32,5,S1_over_T1,bin_pre_ms,E1,S1,T1,S1,0.422399998,0.019967999299999997,21.153846795257053
32,5,S1_over_T1,pressure_pre_ms,E1,S1,T1,S1,8.0614399900000002,6.9616639649999996,1.1579760285082936
32,5,S1_over_T1,collision_pool_ms,E1,S1,T1,S1,5.0815999500000002,3.92703998,1.2940026014199122
32,5,S1_over_T1,relax_ms,E1,S1,T1,S1,11.38176015,11.38129565,1.0000408125765541
32,5,S1_over_T1,track_ms,E1,S1,T1,S1,4.0473599450000002,4.0468480600000003,1.0001264897995701
32,5,S1_over_T1,bin_post_ms,E1,S1,T1,S1,0.41881600000000002,0.417791992,1.0024509995873736
32,5,S1_over_T1,moments_ms,E1,S1,T1,S1,7.50080013,7.4475519700000001,1.0071497533974241
32,5,S1_over_T1,pressure_post_ms,E1,S1,T1,S1,8.0343041399999997,7.9764478199999997,1.0072533941555954
32,5,S1_over_T1,compaction_ms,E1,S1,T1,S1,19.928576450000001,19.738623650000001,1.0096234065438499
32,5,S1_over_T1,boundary_ms,E1,S1,T1,S1,0.024576000899999999,0.024576000899999999,1
64,1,T2_over_T1,total_ms,E1,E2,T1,T2,108.679169,87.601665499999996,1.2406061960089105
64,1,T2_over_T1,gas_flux_ms,E1,E2,T1,T2,0.3624960035,0.35379199699999997,1.0246020446301956
64,1,T2_over_T1,eulerian_coupling_ms,E1,E2,T1,T2,0.098304003500000001,0.098304003500000001,1
64,1,T2_over_T1,injection_ms,E1,E2,T1,T2,0.031743999600000003,0.032767999899999997,0.9687499907493593
64,1,T2_over_T1,bin_pre_ms,E1,E2,T1,T2,0.46182400000000001,0.47206398799999999,0.97830805089923534
64,1,T2_over_T1,pressure_pre_ms,E1,E2,T1,T2,14.94835185,15.148031700000001,0.98681809927820519
64,1,T2_over_T1,collision_pool_ms,E1,E2,T1,T2,9.6977920500000003,1.0920959749999999,8.8799814961317853
64,1,T2_over_T1,relax_ms,E1,E2,T1,T2,12.396095750000001,12.400639999999999,0.99963354713950259
64,1,T2_over_T1,track_ms,E1,E2,T1,T2,4.2839040750000006,4.2844161950000004,0.99988046912888684
64,1,T2_over_T1,bin_post_ms,E1,E2,T1,T2,0.45977601400000001,0.46796798699999997,0.98249458675043944
64,1,T2_over_T1,moments_ms,E1,E2,T1,T2,14.4619999,2.02704,7.1345409562712137
64,1,T2_over_T1,pressure_post_ms,E1,E2,T1,T2,14.822400099999999,14.88793615,0.9955980433191205
64,1,T2_over_T1,compaction_ms,E1,E2,T1,T2,36.993535999999999,36.429822950000002,1.0154739442674123
64,1,T2_over_T1,boundary_ms,E1,E2,T1,T2,0.024576000899999999,0.024576000899999999,1
64,1,S2_over_S1,total_ms,S1,S2,S1,S2,104.22118399999999,85.050880400000011,1.2253980618406388
64,1,S2_over_S1,gas_flux_ms,S1,S2,S1,S2,0.3558399975,0.35737599399999997,0.99570201545210679
64,1,S2_over_S1,eulerian_coupling_ms,S1,S2,S1,S2,0.098304003500000001,0.098352000150000007,0.99951199111429556
64,1,S2_over_S1,injection_ms,S1,S2,S1,S2,0.032767999899999997,0.031743999600000003,1.0322580743732115
64,1,S2_over_S1,bin_pre_ms,S1,S2,S1,S2,0.020479999499999998,0.103935998,0.19704433395636417
64,1,S2_over_S1,pressure_pre_ms,S1,S2,S1,S2,12.783103950000001,12.972383499999999,0.98540903836214844
64,1,S2_over_S1,collision_pool_ms,S1,S2,S1,S2,7.3379840850000004,0.97894400349999999,7.495815959610197
64,1,S2_over_S1,relax_ms,S1,S2,S1,S2,12.4021759,12.397088050000001,1.0004104068616337
64,1,S2_over_S1,track_ms,S1,S2,S1,S2,4.2874879850000003,4.2864639750000002,1.0002388938775579
64,1,S2_over_S1,bin_post_ms,S1,S2,S1,S2,0.45875200599999999,0.46899199499999999,0.97816596208641049
64,1,S2_over_S1,moments_ms,S1,S2,S1,S2,14.244351850000001,2.0270079399999998,7.0272797500734026
64,1,S2_over_S1,pressure_post_ms,S1,S2,S1,S2,15.21561625,14.9719038,1.0162779866378784
64,1,S2_over_S1,compaction_ms,S1,S2,S1,S2,37.078016300000002,36.026880250000005,1.0291764383345403
64,1,S2_over_S1,boundary_ms,S1,S2,S1,S2,0.024576000899999999,0.024576000899999999,1
64,1,S2_over_T2,total_ms,E2,S2,T2,S2,87.601665499999996,85.050880400000011,1.0299912838997489
64,1,S2_over_T2,gas_flux_ms,E2,S2,T2,S2,0.35379199699999997,0.35737599399999997,0.98997135493101973
64,1,S2_over_T2,eulerian_coupling_ms,E2,S2,T2,S2,0.098304003500000001,0.098352000150000007,0.99951199111429556
64,1,S2_over_T2,injection_ms,E2,S2,T2,S2,0.032767999899999997,0.031743999600000003,1.0322580743732115
64,1,S2_over_T2,bin_pre_ms,E2,S2,T2,S2,0.47206398799999999,0.103935998,4.5418718931240738
64,1,S2_over_T2,pressure_pre_ms,E2,S2,T2,S2,15.148031700000001,12.972383499999999,1.167713836088796
64,1,S2_over_T2,collision_pool_ms,E2,S2,T2,S2,1.0920959749999999,0.97894400349999999,1.1155857445323223
64,1,S2_over_T2,relax_ms,E2,S2,T2,S2,12.400639999999999,12.397088050000001,1.0002865148642708
64,1,S2_over_T2,track_ms,E2,S2,T2,S2,4.2844161950000004,4.2864639750000002,0.99952226823509005
64,1,S2_over_T2,bin_post_ms,E2,S2,T2,S2,0.46796798699999997,0.46899199499999999,0.99781657680532476
64,1,S2_over_T2,moments_ms,E2,S2,T2,S2,2.02704,2.0270079399999998,1.0000158164155983
64,1,S2_over_T2,pressure_post_ms,E2,S2,T2,S2,14.88793615,14.9719038,0.99439165178178612
64,1,S2_over_T2,compaction_ms,E2,S2,T2,S2,36.429822950000002,36.026880250000005,1.0111845016055754
64,1,S2_over_T2,boundary_ms,E2,S2,T2,S2,0.024576000899999999,0.024576000899999999,1
64,1,S1_over_T1,total_ms,E1,S1,T1,S1,108.679169,104.22118399999999,1.0427742693846196
64,1,S1_over_T1,gas_flux_ms,E1,S1,T1,S1,0.3624960035,0.3558399975,1.0187050529641486
64,1,S1_over_T1,eulerian_coupling_ms,E1,S1,T1,S1,0.098304003500000001,0.098304003500000001,1
64,1,S1_over_T1,injection_ms,E1,S1,T1,S1,0.031743999600000003,0.032767999899999997,0.9687499907493593
64,1,S1_over_T1,bin_pre_ms,E1,S1,T1,S1,0.46182400000000001,0.020479999499999998,22.550000550537124
64,1,S1_over_T1,pressure_pre_ms,E1,S1,T1,S1,14.94835185,12.783103950000001,1.1693835791736638
64,1,S1_over_T1,collision_pool_ms,E1,S1,T1,S1,9.6977920500000003,7.3379840850000004,1.3215880462079252
64,1,S1_over_T1,relax_ms,E1,S1,T1,S1,12.396095750000001,12.4021759,0.99950975134935804
64,1,S1_over_T1,track_ms,E1,S1,T1,S1,4.2839040750000006,4.2874879850000003,0.99916410028143798
64,1,S1_over_T1,bin_post_ms,E1,S1,T1,S1,0.45977601400000001,0.45875200599999999,1.0022321602665647
64,1,S1_over_T1,moments_ms,E1,S1,T1,S1,14.4619999,14.244351850000001,1.0152796036135543
64,1,S1_over_T1,pressure_post_ms,E1,S1,T1,S1,14.822400099999999,15.21561625,0.97415706708560024
64,1,S1_over_T1,compaction_ms,E1,S1,T1,S1,36.993535999999999,37.078016300000002,0.99772155286527553
64,1,S1_over_T1,boundary_ms,E1,S1,T1,S1,0.024576000899999999,0.024576000899999999,1
64,2,T2_over_T1,total_ms,E1,E2,T1,T2,107.954689,87.647182450000003,1.2316960566483104
64,2,T2_over_T1,gas_flux_ms,E1,E2,T1,T2,0.35635200150000002,0.35737599450000002,0.99713469003022248
64,2,T2_over_T1,eulerian_coupling_ms,E1,E2,T1,T2,0.099327996399999993,0.098304003500000001,1.0104165940708609
64,2,T2_over_T1,injection_ms,E1,E2,T1,T2,0.032767999899999997,0.032767999899999997,1
64,2,T2_over_T1,bin_pre_ms,E1,E2,T1,T2,0.46335999699999997,0.471551999,0.98262757444062909
64,2,T2_over_T1,pressure_pre_ms,E1,E2,T1,T2,15.169536600000001,15.02259205,1.009781570950667
64,2,T2_over_T1,collision_pool_ms,E1,E2,T1,T2,9.3265919650000004,1.0920959749999999,8.5400845516347594
64,2,T2_over_T1,relax_ms,E1,E2,T1,T2,12.398592000000001,12.397568249999999,1.0000825766778902
64,2,T2_over_T1,track_ms,E1,E2,T1,T2,4.2915840149999998,4.2874879850000003,1.0009553449512465
64,2,T2_over_T1,bin_post_ms,E1,E2,T1,T2,0.45977601400000001,0.46745599799999998,0.9835706803787766
64,2,T2_over_T1,moments_ms,E1,E2,T1,T2,14.209023949999999,2.0101120449999996,7.0687721041938243
64,2,T2_over_T1,pressure_post_ms,E1,E2,T1,T2,14.97292805,14.9386239,1.0022963393569337
64,2,T2_over_T1,compaction_ms,E1,E2,T1,T2,36.43289755,36.416000350000004,1.0004640048285807
64,2,T2_over_T1,boundary_ms,E1,E2,T1,T2,0.024576000899999999,0.024576000899999999,1
64,2,S2_over_S1,total_ms,S1,S2,S1,S2,102.4824335,85.000701899999996,1.2056657322732061
64,2,S2_over_S1,gas_flux_ms,S1,S2,S1,S2,0.35739199799999999,0.3620000035,0.98727070316174736
64,2,S2_over_S1,eulerian_coupling_ms,S1,S2,S1,S2,0.098304003500000001,0.098895996799999997,0.99401398116045891
64,2,S2_over_S1,injection_ms,S1,S2,S1,S2,0.03225599975,0.032767999899999997,0.98437499537467965
64,2,S2_over_S1,bin_pre_ms,S1,S2,S1,S2,0.019455999099999999,0.1029119975,0.18905472221545402
64,2,S2_over_S1,pressure_pre_ms,S1,S2,S1,S2,12.702176550000001,13.002591600000001,0.97689575591991984
64,2,S2_over_S1,collision_pool_ms,S1,S2,S1,S2,7.3016319250000006,0.98616001050000002,7.4041046556916745
64,2,S2_over_S1,relax_ms,S1,S2,S1,S2,12.398592000000001,12.399615750000001,0.99991743695767343
64,2,S2_over_S1,track_ms,S1,S2,S1,S2,4.2880001050000001,4.2941439150000003,0.99856925847814759
64,2,S2_over_S1,bin_post_ms,S1,S2,S1,S2,0.45875200599999999,0.46847999099999998,0.97923500429712051
64,2,S2_over_S1,moments_ms,S1,S2,S1,S2,13.9688959,2.0198400000000003,6.9158427895278818
64,2,S2_over_S1,pressure_post_ms,S1,S2,S1,S2,14.973440200000001,14.8592639,1.0076838463041229
64,2,S2_over_S1,compaction_ms,S1,S2,S1,S2,36.300287249999997,36.243967050000002,1.0015539193025504
64,2,S2_over_S1,boundary_ms,S1,S2,S1,S2,0.024576000899999999,0.0255999994,0.96000005765625129
64,2,S2_over_T2,total_ms,E2,S2,T2,S2,87.647182450000003,85.000701899999996,1.0311348081938605
64,2,S2_over_T2,gas_flux_ms,E2,S2,T2,S2,0.35737599450000002,0.3620000035,0.98722649459863887
64,2,S2_over_T2,eulerian_coupling_ms,E2,S2,T2,S2,0.098304003500000001,0.098895996799999997,0.99401398116045891
64,2,S2_over_T2,injection_ms,E2,S2,T2,S2,0.032767999899999997,0.032767999899999997,1
64,2,S2_over_T2,bin_pre_ms,E2,S2,T2,S2,0.471551999,0.1029119975,4.582089653832635
64,2,S2_over_T2,pressure_pre_ms,E2,S2,T2,S2,15.02259205,13.002591600000001,1.1553536796464483
64,2,S2_over_T2,collision_pool_ms,E2,S2,T2,S2,1.0920959749999999,0.98616001050000002,1.1074226934494014
64,2,S2_over_T2,relax_ms,E2,S2,T2,S2,12.397568249999999,12.399615750000001,0.99983487391534676
64,2,S2_over_T2,track_ms,E2,S2,T2,S2,4.2874879850000003,4.2941439150000003,0.99844999838576676
64,2,S2_over_T2,bin_post_ms,E2,S2,T2,S2,0.46745599799999998,0.46847999099999998,0.99781422255022201
64,2,S2_over_T2,moments_ms,E2,S2,T2,S2,2.0101120449999996,2.0198400000000003,0.99518379921181843
64,2,S2_over_T2,pressure_post_ms,E2,S2,T2,S2,14.9386239,14.8592639,1.005340775999005
64,2,S2_over_T2,compaction_ms,E2,S2,T2,S2,36.416000350000004,36.243967050000002,1.0047465361549048
64,2,S2_over_T2,boundary_ms,E2,S2,T2,S2,0.024576000899999999,0.0255999994,0.96000005765625129
64,2,S1_over_T1,total_ms,E1,S1,T1,S1,107.954689,102.4824335,1.0533970097421623
64,2,S1_over_T1,gas_flux_ms,E1,S1,T1,S1,0.35635200150000002,0.35739199799999999,0.99709003977195942
64,2,S1_over_T1,eulerian_coupling_ms,E1,S1,T1,S1,0.099327996399999993,0.098304003500000001,1.0104165940708609
64,2,S1_over_T1,injection_ms,E1,S1,T1,S1,0.032767999899999997,0.03225599975,1.0158730206463371
64,2,S1_over_T1,bin_pre_ms,E1,S1,T1,S1,0.46335999699999997,0.019455999099999999,23.815790421166291
64,2,S1_over_T1,pressure_pre_ms,E1,S1,T1,S1,15.169536600000001,12.702176550000001,1.1942470284748168
64,2,S1_over_T1,collision_pool_ms,E1,S1,T1,S1,9.3265919650000004,7.3016319250000006,1.2773297888471693
64,2,S1_over_T1,relax_ms,E1,S1,T1,S1,12.398592000000001,12.398592000000001,1
64,2,S1_over_T1,track_ms,E1,S1,T1,S1,4.2915840149999998,4.2880001050000001,1.0008357998862503
64,2,S1_over_T1,bin_post_ms,E1,S1,T1,S1,0.45977601400000001,0.45875200599999999,1.0022321602665647
64,2,S1_over_T1,moments_ms,E1,S1,T1,S1,14.209023949999999,13.9688959,1.0171901953969031
64,2,S1_over_T1,pressure_post_ms,E1,S1,T1,S1,14.97292805,14.973440200000001,0.99996579610342318
64,2,S1_over_T1,compaction_ms,E1,S1,T1,S1,36.43289755,36.300287249999997,1.0036531474003696
64,2,S1_over_T1,boundary_ms,E1,S1,T1,S1,0.024576000899999999,0.024576000899999999,1
64,3,T2_over_T1,total_ms,E1,E2,T1,T2,107.72326649999999,87.861759199999995,1.226054059022301
64,3,T2_over_T1,gas_flux_ms,E1,E2,T1,T2,0.37331199650000002,0.39428800350000004,0.94680029112273001
64,3,T2_over_T1,eulerian_coupling_ms,E1,E2,T1,T2,0.098304003500000001,0.099839996699999989,0.98461545221585545
64,3,T2_over_T1,injection_ms,E1,E2,T1,T2,0.032767999899999997,0.0337920003,0.96969695812887402
64,3,T2_over_T1,bin_pre_ms,E1,E2,T1,T2,0.46284800799999998,0.472575992,0.97941498475445188
64,3,T2_over_T1,pressure_pre_ms,E1,E2,T1,T2,15.01184035,15.073279849999999,0.99592394617419655
64,3,T2_over_T1,collision_pool_ms,E1,E2,T1,T2,9.4827518449999992,1.0926079799999999,8.6790065774551639
64,3,T2_over_T1,relax_ms,E1,E2,T1,T2,12.39654395,12.401152100000001,0.99962840952495047
64,3,T2_over_T1,track_ms,E1,E2,T1,T2,4.2956800450000001,4.2854402050000004,1.0023894488104286
64,3,T2_over_T1,bin_post_ms,E1,E2,T1,T2,0.45977601400000001,0.47001600300000002,0.97821353116778875
64,3,T2_over_T1,moments_ms,E1,E2,T1,T2,14.2740483,2.0541439050000001,6.9489037575485737
64,3,T2_over_T1,pressure_post_ms,E1,E2,T1,T2,14.925856100000001,15.0410237,0.99234310095528944
64,3,T2_over_T1,compaction_ms,E1,E2,T1,T2,36.194305400000005,36.774398849999997,0.98422561705587219
64,3,T2_over_T1,boundary_ms,E1,E2,T1,T2,0.024576000899999999,0.024576000899999999,1
64,3,S2_over_S1,total_ms,S1,S2,S1,S2,103.87661,85.473789199999999,1.2153036734681233
64,3,S2_over_S1,gas_flux_ms,S1,S2,S1,S2,0.40755200400000002,0.39065600950000001,1.0432503125233505
64,3,S2_over_S1,eulerian_coupling_ms,S1,S2,S1,S2,0.098863996600000004,0.098304003500000001,1.0056965441900849
64,3,S2_over_S1,injection_ms,S1,S2,S1,S2,0.032767999899999997,0.032767999899999997,1
64,3,S2_over_S1,bin_pre_ms,S1,S2,S1,S2,0.04505600035,0.1172480025,0.38427947077392638
64,3,S2_over_S1,pressure_pre_ms,S1,S2,S1,S2,12.819327850000001,12.87628795,0.99557635708201142
64,3,S2_over_S1,collision_pool_ms,S1,S2,S1,S2,7.3630719200000003,0.98355197900000002,7.4862051800111322
64,3,S2_over_S1,relax_ms,S1,S2,S1,S2,12.3970561,12.393471699999999,1.0002892167817676
64,3,S2_over_S1,track_ms,S1,S2,S1,S2,4.29619193,4.2910718899999996,1.0011931843910451
64,3,S2_over_S1,bin_post_ms,S1,S2,S1,S2,0.45977601400000001,0.46847999099999998,0.98142081376534185
64,3,S2_over_S1,moments_ms,S1,S2,S1,S2,14.290431999999999,2.00960004,7.1110826610055193
64,3,S2_over_S1,pressure_post_ms,S1,S2,S1,S2,14.8423681,15.015424250000001,0.9884747745305964
64,3,S2_over_S1,compaction_ms,S1,S2,S1,S2,36.7743988,36.635135649999995,1.0038013548340718
64,3,S2_over_S1,boundary_ms,S1,S2,S1,S2,0.024576000899999999,0.0255999994,0.96000005765625129
64,3,S2_over_T2,total_ms,E2,S2,T2,S2,87.861759199999995,85.473789199999999,1.027938038343104
64,3,S2_over_T2,gas_flux_ms,E2,S2,T2,S2,0.39428800350000004,0.39065600950000001,1.0092971665907524
64,3,S2_over_T2,eulerian_coupling_ms,E2,S2,T2,S2,0.099839996699999989,0.098304003500000001,1.0156249302705154
64,3,S2_over_T2,injection_ms,E2,S2,T2,S2,0.0337920003,0.032767999899999997,1.0312500123023989
64,3,S2_over_T2,bin_pre_ms,E2,S2,T2,S2,0.472575992,0.1172480025,4.030567531417006
64,3,S2_over_T2,pressure_pre_ms,E2,S2,T2,S2,15.073279849999999,12.87628795,1.1706230793013601
64,3,S2_over_T2,collision_pool_ms,E2,S2,T2,S2,1.0926079799999999,0.98355197900000002,1.1108797535142776
64,3,S2_over_T2,relax_ms,E2,S2,T2,S2,12.401152100000001,12.393471699999999,1.0006197133608659
64,3,S2_over_T2,track_ms,E2,S2,T2,S2,4.2854402050000004,4.2910718899999996,0.99868758083193077
64,3,S2_over_T2,bin_post_ms,E2,S2,T2,S2,0.47001600300000002,0.46847999099999998,1.0032787142023318
64,3,S2_over_T2,moments_ms,E2,S2,T2,S2,2.0541439050000001,2.00960004,1.0221655374768006
64,3,S2_over_T2,pressure_post_ms,E2,S2,T2,S2,15.0410237,15.015424250000001,1.0017048769034946
64,3,S2_over_T2,compaction_ms,E2,S2,T2,S2,36.774398849999997,36.635135649999995,1.0038013561988817
64,3,S2_over_T2,boundary_ms,E2,S2,T2,S2,0.024576000899999999,0.0255999994,0.96000005765625129
64,3,S1_over_T1,total_ms,E1,S1,T1,S1,107.72326649999999,103.87661,1.0370310168959114
64,3,S1_over_T1,gas_flux_ms,E1,S1,T1,S1,0.37331199650000002,0.40755200400000002,0.91598616332653338
64,3,S1_over_T1,eulerian_coupling_ms,E1,S1,T1,S1,0.098304003500000001,0.098863996600000004,0.99433572261633607
64,3,S1_over_T1,injection_ms,E1,S1,T1,S1,0.032767999899999997,0.032767999899999997,1
64,3,S1_over_T1,bin_pre_ms,E1,S1,T1,S1,0.46284800799999998,0.04505600035,10.272727370484406
64,3,S1_over_T1,pressure_pre_ms,E1,S1,T1,S1,15.01184035,12.819327850000001,1.1710317830743364
64,3,S1_over_T1,collision_pool_ms,E1,S1,T1,S1,9.4827518449999992,7.3630719200000003,1.2878798343993356
64,3,S1_over_T1,relax_ms,E1,S1,T1,S1,12.39654395,12.3970561,0.99995868777265595
64,3,S1_over_T1,track_ms,E1,S1,T1,S1,4.2956800450000001,4.29619193,0.99988085145907346
64,3,S1_over_T1,bin_post_ms,E1,S1,T1,S1,0.45977601400000001,0.45977601400000001,1
64,3,S1_over_T1,moments_ms,E1,S1,T1,S1,14.2740483,14.290431999999999,0.99885351961368285
64,3,S1_over_T1,pressure_post_ms,E1,S1,T1,S1,14.925856100000001,14.8423681,1.0056249784022
64,3,S1_over_T1,compaction_ms,E1,S1,T1,S1,36.194305400000005,36.7743988,0.98422561839406619
64,3,S1_over_T1,boundary_ms,E1,S1,T1,S1,0.024576000899999999,0.024576000899999999,1
64,4,T2_over_T1,total_ms,E1,E2,T1,T2,109.34783899999999,88.722942350000011,1.232464074158379
64,4,T2_over_T1,gas_flux_ms,E1,E2,T1,T2,0.40447999550000002,0.38297601049999996,1.0561496919139275
64,4,T2_over_T1,eulerian_coupling_ms,E1,E2,T1,T2,0.099327996399999993,0.099327996399999993,1
64,4,T2_over_T1,injection_ms,E1,E2,T1,T2,0.032767999899999997,0.032767999899999997,1
64,4,T2_over_T1,bin_pre_ms,E1,E2,T1,T2,0.46284799300000001,0.47308799600000001,0.97835497183065279
64,4,T2_over_T1,pressure_pre_ms,E1,E2,T1,T2,15.027711849999999,15.28064015,0.98344779423393458
64,4,T2_over_T1,collision_pool_ms,E1,E2,T1,T2,9.6921601300000013,1.0936319800000001,8.8623598315038308
64,4,T2_over_T1,relax_ms,E1,E2,T1,T2,12.400639999999999,12.39807985,1.0002064956857009
64,4,T2_over_T1,track_ms,E1,E2,T1,T2,4.2849760049999999,4.2987518300000005,0.99679538955846148
64,4,T2_over_T1,bin_post_ms,E1,E2,T1,T2,0.45977601400000001,0.46899199499999999,0.98034938528108573
64,4,T2_over_T1,moments_ms,E1,E2,T1,T2,14.301184150000001,2.0464639650000001,6.9882413737004159
64,4,T2_over_T1,pressure_post_ms,E1,E2,T1,T2,15.15724805,14.97344015,1.0122755958656569
64,4,T2_over_T1,compaction_ms,E1,E2,T1,T2,37.169153199999997,37.198335650000004,0.99921549043821245
64,4,T2_over_T1,boundary_ms,E1,E2,T1,T2,0.024576000899999999,0.024576000899999999,1
64,4,S2_over_S1,total_ms,S1,S2,S1,S2,103.25862100000001,86.372352599999999,1.1955054816927611
64,4,S2_over_S1,gas_flux_ms,S1,S2,S1,S2,0.35123199249999998,0.37427200399999999,0.93844046240765577
64,4,S2_over_S1,eulerian_coupling_ms,S1,S2,S1,S2,0.098304003500000001,0.098304003500000001,1
64,4,S2_over_S1,injection_ms,S1,S2,S1,S2,0.032191999250000006,0.033280000099999998,0.96730766686506131
64,4,S2_over_S1,bin_pre_ms,S1,S2,S1,S2,0.019455999099999999,0.1107520015,0.17567176065888074
64,4,S2_over_S1,pressure_pre_ms,S1,S2,S1,S2,12.957183349999999,13.072896,0.99114865979198485
64,4,S2_over_S1,collision_pool_ms,S1,S2,S1,S2,7.3840639600000006,0.98048001499999993,7.5310703400721541
64,4,S2_over_S1,relax_ms,S1,S2,S1,S2,12.399616200000001,12.401663750000001,0.99983489715240825
64,4,S2_over_S1,track_ms,S1,S2,S1,S2,4.2910718899999996,4.2956798099999993,0.99892731297400872
64,4,S2_over_S1,bin_post_ms,S1,S2,S1,S2,0.45824000200000004,0.46899199499999999,0.97707425048907293
64,4,S2_over_S1,moments_ms,S1,S2,S1,S2,13.941247950000001,2.0444159499999999,6.8191837135686608
64,4,S2_over_S1,pressure_post_ms,S1,S2,S1,S2,15.117311949999999,14.950943949999999,1.0111275917130302
64,4,S2_over_S1,compaction_ms,S1,S2,S1,S2,36.413440700000002,37.428768149999996,0.97287307330203987
64,4,S2_over_S1,boundary_ms,S1,S2,S1,S2,0.024576000899999999,0.0255999994,0.96000005765625129
64,4,S2_over_T2,total_ms,E2,S2,T2,S2,88.722942350000011,86.372352599999999,1.0272146083699474
64,4,S2_over_T2,gas_flux_ms,E2,S2,T2,S2,0.38297601049999996,0.37427200399999999,1.0232558310719921
64,4,S2_over_T2,eulerian_coupling_ms,E2,S2,T2,S2,0.099327996399999993,0.098304003500000001,1.0104165940708609
64,4,S2_over_T2,injection_ms,E2,S2,T2,S2,0.032767999899999997,0.033280000099999998,0.984615378651997
64,4,S2_over_T2,bin_pre_ms,E2,S2,T2,S2,0.47308799600000001,0.1107520015,4.2715977101325793
64,4,S2_over_T2,pressure_pre_ms,E2,S2,T2,S2,15.28064015,13.072896,1.1688795007624937
64,4,S2_over_T2,collision_pool_ms,E2,S2,T2,S2,1.0936319800000001,0.98048001499999993,1.1154046622765688
64,4,S2_over_T2,relax_ms,E2,S2,T2,S2,12.39807985,12.401663750000001,0.99971101458060407
64,4,S2_over_T2,track_ms,E2,S2,T2,S2,4.2987518300000005,4.2956798099999993,1.0007151417554097
64,4,S2_over_T2,bin_post_ms,E2,S2,T2,S2,0.46899199499999999,0.46899199499999999,1
64,4,S2_over_T2,moments_ms,E2,S2,T2,S2,2.0464639650000001,2.0444159499999999,1.0010017604294275
64,4,S2_over_T2,pressure_post_ms,E2,S2,T2,S2,14.97344015,14.950943949999999,1.0015046675363932
64,4,S2_over_T2,compaction_ms,E2,S2,T2,S2,37.198335650000004,37.428768149999996,0.99384343884691828
64,4,S2_over_T2,boundary_ms,E2,S2,T2,S2,0.024576000899999999,0.0255999994,0.96000005765625129
64,4,S1_over_T1,total_ms,E1,S1,T1,S1,109.34783899999999,103.25862100000001,1.0589705531705675
64,4,S1_over_T1,gas_flux_ms,E1,S1,T1,S1,0.40447999550000002,0.35123199249999998,1.1516035103208886
64,4,S1_over_T1,eulerian_coupling_ms,E1,S1,T1,S1,0.099327996399999993,0.098304003500000001,1.0104165940708609
64,4,S1_over_T1,injection_ms,E1,S1,T1,S1,0.032767999899999997,0.032191999250000006,1.0178926647433986
64,4,S1_over_T1,bin_pre_ms,E1,S1,T1,S1,0.46284799300000001,0.019455999099999999,23.789474424883174
64,4,S1_over_T1,pressure_pre_ms,E1,S1,T1,S1,15.027711849999999,12.957183349999999,1.1597977310400567
64,4,S1_over_T1,collision_pool_ms,E1,S1,T1,S1,9.6921601300000013,7.3840639600000006,1.3125780305402448
64,4,S1_over_T1,relax_ms,E1,S1,T1,S1,12.400639999999999,12.399616200000001,1.0000825670717131
64,4,S1_over_T1,track_ms,E1,S1,T1,S1,4.2849760049999999,4.2910718899999996,0.99857940273286827
64,4,S1_over_T1,bin_post_ms,E1,S1,T1,S1,0.45977601400000001,0.45824000200000004,1.0033519814797836
64,4,S1_over_T1,moments_ms,E1,S1,T1,S1,14.301184150000001,13.941247950000001,1.0258180760639868
64,4,S1_over_T1,pressure_post_ms,E1,S1,T1,S1,15.15724805,15.117311949999999,1.0026417461075148
64,4,S1_over_T1,compaction_ms,E1,S1,T1,S1,37.169153199999997,36.413440700000002,1.0207536691252577
64,4,S1_over_T1,boundary_ms,E1,S1,T1,S1,0.024576000899999999,0.024576000899999999,1
64,5,T2_over_T1,total_ms,E1,E2,T1,T2,107.4094085,87.258621199999993,1.23093176379459
64,5,T2_over_T1,gas_flux_ms,E1,E2,T1,T2,0.37990400199999996,0.35636799050000001,1.0660441232866562
64,5,T2_over_T1,eulerian_coupling_ms,E1,E2,T1,T2,0.099327996399999993,0.098304003500000001,1.0104165940708609
64,5,T2_over_T1,injection_ms,E1,E2,T1,T2,0.032767999899999997,0.032767999899999997,1
64,5,T2_over_T1,bin_pre_ms,E1,E2,T1,T2,0.46236799649999999,0.47104001000000001,0.98158964564390183
64,5,T2_over_T1,pressure_pre_ms,E1,E2,T1,T2,15.04409555,14.92224025,1.0081660191739641
64,5,T2_over_T1,collision_pool_ms,E1,E2,T1,T2,9.5293440800000013,1.0941439850000001,8.7094059014545522
64,5,T2_over_T1,relax_ms,E1,E2,T1,T2,12.396544499999999,12.392448399999999,1.0003305319391123
64,5,T2_over_T1,track_ms,E1,E2,T1,T2,4.2977278200000004,4.2864639750000002,1.0026277708306182
64,5,T2_over_T1,bin_post_ms,E1,E2,T1,T2,0.460288003,0.46796798699999997,0.98358865517867144
64,5,T2_over_T1,moments_ms,E1,E2,T1,T2,14.08563185,2.0152320850000001,6.9895829640882283
64,5,T2_over_T1,pressure_post_ms,E1,E2,T1,T2,14.99699165,14.904831900000001,1.006183212975384
64,5,T2_over_T1,compaction_ms,E1,E2,T1,T2,35.932670599999994,36.336128250000002,0.98889651513710719
64,5,T2_over_T1,boundary_ms,E1,E2,T1,T2,0.024576000899999999,0.024576000899999999,1
64,5,S2_over_S1,total_ms,S1,S2,S1,S2,103.25606500000001,84.712959299999994,1.2188933765651133
64,5,S2_over_S1,gas_flux_ms,S1,S2,S1,S2,0.38251198799999997,0.35020799950000003,1.0922422918554717
64,5,S2_over_S1,eulerian_coupling_ms,S1,S2,S1,S2,0.098304003500000001,0.098304003500000001,1
64,5,S2_over_S1,injection_ms,S1,S2,S1,S2,0.032767999899999997,0.03225599975,1.0158730206463371
64,5,S2_over_S1,bin_pre_ms,S1,S2,S1,S2,0.0282399999,0.10188799749999999,0.27716709124644445
64,5,S2_over_S1,pressure_pre_ms,S1,S2,S1,S2,12.904960150000001,12.961279900000001,0.99565476940282727
64,5,S2_over_S1,collision_pool_ms,S1,S2,S1,S2,7.4178559750000002,0.98099201899999999,7.5615864668925505
64,5,S2_over_S1,relax_ms,S1,S2,S1,S2,12.39398385,12.399616200000001,0.99954576416647467
64,5,S2_over_S1,track_ms,S1,S2,S1,S2,4.2854399650000001,4.2900478849999999,0.99892590476294885
64,5,S2_over_S1,bin_post_ms,S1,S2,S1,S2,0.45926401,0.46796798699999997,0.98140048626873277
64,5,S2_over_S1,moments_ms,S1,S2,S1,S2,14.24793625,2.0362240050000002,6.9972342016466893
64,5,S2_over_S1,pressure_post_ms,S1,S2,S1,S2,14.79372785,14.9862404,0.98715404632105064
64,5,S2_over_S1,compaction_ms,S1,S2,S1,S2,36.385839500000003,35.951616299999998,1.0120779882711421
64,5,S2_over_S1,boundary_ms,S1,S2,S1,S2,0.024576000899999999,0.0255999994,0.96000005765625129
64,5,S2_over_T2,total_ms,E2,S2,T2,S2,87.258621199999993,84.712959299999994,1.0300504423530392
64,5,S2_over_T2,gas_flux_ms,E2,S2,T2,S2,0.35636799050000001,0.35020799950000003,1.0175895211097254
64,5,S2_over_T2,eulerian_coupling_ms,E2,S2,T2,S2,0.098304003500000001,0.098304003500000001,1
64,5,S2_over_T2,injection_ms,E2,S2,T2,S2,0.032767999899999997,0.03225599975,1.0158730206463371
64,5,S2_over_T2,bin_pre_ms,E2,S2,T2,S2,0.47104001000000001,0.10188799749999999,4.6231157894726511
64,5,S2_over_T2,pressure_pre_ms,E2,S2,T2,S2,14.92224025,12.961279900000001,1.1512937275584951
64,5,S2_over_T2,collision_pool_ms,E2,S2,T2,S2,1.0941439850000001,0.98099201899999999,1.1153444307481162
64,5,S2_over_T2,relax_ms,E2,S2,T2,S2,12.392448399999999,12.399616200000001,0.99942193372081944
64,5,S2_over_T2,track_ms,E2,S2,T2,S2,4.2864639750000002,4.2900478849999999,0.99916459906833888
64,5,S2_over_T2,bin_post_ms,E2,S2,T2,S2,0.46796798699999997,0.46796798699999997,1
64,5,S2_over_T2,moments_ms,E2,S2,T2,S2,2.0152320850000001,2.0362240050000002,0.98969076096320741
64,5,S2_over_T2,pressure_post_ms,E2,S2,T2,S2,14.904831900000001,14.9862404,0.99456778365840182
64,5,S2_over_T2,compaction_ms,E2,S2,T2,S2,36.336128250000002,35.951616299999998,1.0106952618427896
64,5,S2_over_T2,boundary_ms,E2,S2,T2,S2,0.024576000899999999,0.0255999994,0.96000005765625129
64,5,S1_over_T1,total_ms,E1,S1,T1,S1,107.4094085,103.25606500000001,1.0402237243884898
64,5,S1_over_T1,gas_flux_ms,E1,S1,T1,S1,0.37990400199999996,0.38251198799999997,0.99318194963343209
64,5,S1_over_T1,eulerian_coupling_ms,E1,S1,T1,S1,0.099327996399999993,0.098304003500000001,1.0104165940708609
64,5,S1_over_T1,injection_ms,E1,S1,T1,S1,0.032767999899999997,0.032767999899999997,1
64,5,S1_over_T1,bin_pre_ms,E1,S1,T1,S1,0.46236799649999999,0.0282399999,16.37280446661758
64,5,S1_over_T1,pressure_pre_ms,E1,S1,T1,S1,15.04409555,12.904960150000001,1.1657607133331596
64,5,S1_over_T1,collision_pool_ms,E1,S1,T1,S1,9.5293440800000013,7.4178559750000002,1.2846493801060894
64,5,S1_over_T1,relax_ms,E1,S1,T1,S1,12.396544499999999,12.39398385,1.0002066042711522
64,5,S1_over_T1,track_ms,E1,S1,T1,S1,4.2977278200000004,4.2854399650000001,1.0028673497004643
64,5,S1_over_T1,bin_post_ms,E1,S1,T1,S1,0.460288003,0.45926401,1.0022296391132413
64,5,S1_over_T1,moments_ms,E1,S1,T1,S1,14.08563185,14.24793625,0.98860856778468531
64,5,S1_over_T1,pressure_post_ms,E1,S1,T1,S1,14.99699165,14.79372785,1.013739863411101
64,5,S1_over_T1,compaction_ms,E1,S1,T1,S1,35.932670599999994,36.385839500000003,0.98754545982098318
64,5,S1_over_T1,boundary_ms,E1,S1,T1,S1,0.024576000899999999,0.024576000899999999,1
