/*--------------------------------*- C++ -*----------------------------------*\
  =========                 |
  \\      /  F ield         | OpenFOAM: The Open Source CFD Toolbox
   \\    /   O peration     | Website:  https://openfoam.org
    \\  /    A nd           | Version:  10
     \\/     M anipulation  |
\*---------------------------------------------------------------------------*/
FoamFile
{
    format      ascii;
    class       volScalarField;
    location    "0.0325";
    object      T;
}
// * * * * * * * * * * * * * * * * * * * * * * * * * * * * * * * * * * * * * //

dimensions      [0 0 0 1 0 0 0];

internalField   nonuniform List<scalar> 
32768
(
299.9712897535581
300.02883060047367
300.08451448069991
299.98670363368478
300.1055528692068
299.8285427715623
299.92528427678701
299.98913269877704
299.99253679676718
300.00277480114357
300.02076522037481
300.01245553105724
300.00740941228815
300.12212601202361
299.93324459201602
300.03770093303655
300.03590268877934
300.00565903073357
299.9414849592269
299.92515717099974
300.01178615674598
300.02045699478629
299.93386237121808
299.94600705823063
300.13070114255299
299.97918820583442
299.94891959268767
300.03824301917393
299.93420986443937
300.03814504409263
299.97667641655721
299.96464029284277
299.96642846280781
300.01602203464194
300.04250689633204
299.98164845027873
300.03067561049266
299.98179849271844
299.97100675031675
299.9989034016387
300.00706637740637
300.0176836432729
300.0458199236574
300.09903130153424
300.01668096022723
300.08892428170225
299.87252610739824
299.83009538855674
299.9080784334476
299.99459562082859
299.97836366285139
299.97122674104537
300.06150835856948
300.10820690534007
300.04210554854762
300.0151429000677
300.00785633862142
299.99090704730838
299.9981877765353
300.04710538544015
299.97776463638581
299.98432702152246
299.97077566490469
299.98420493098808
299.89326777811584
299.99324736520174
299.99381001597686
299.99503827199982
300.03643125028111
300.05368334312061
300.00368297281091
300.00131075570937
300.01556675344176
300.02390676572873
300.01594184630835
299.94001242696316
299.97464057900692
300.00872543796737
300.13394754475877
299.70988986369468
299.92026532151402
299.93753178762466
300.00509508452365
299.99764245246297
299.93116759578822
299.95703285888789
300.04916932337773
300.02281876496045
300.0070778154975
300.02579725841304
300.02290078296659
300.00389894901969
299.99938679755189
299.99109406759476
299.99736501915305
300.08153453374416
299.98007017413596
300.02023394914914
300.0041513921272
299.97064793417417
300.00903149601066
300.07343660312762
300.11120410046675
299.95244942603836
300.01125073621807
300.03968597801133
299.9771904554737
299.98227834180727
300.00264697925502
300.05067882652116
300.23208360052536
299.97867734180409
299.98541144215449
300.01247456036344
300.00742780966556
300.02699198514051
300.00745119044126
300.03025887607708
300.03852403040958
300.02718238368089
300.02633669330311
299.90919574989255
299.98676978288523
299.96614438449325
300.01508768657339
299.99288476084888
300.00503898326582
300.02424877800087
299.94849898962298
299.99195293779911
299.84614613660432
299.98134192318867
299.94798771735572
300.04965732029825
300.07129584360746
300.03349883770937
300.04310860088947
300.04084529790259
299.95109459893911
299.99260755553541
300.03668729910663
300.03553414278048
299.96265522920442
300.00285934930264
300.02886304469968
300.02960337071875
300.02220909334807
300.02234855070452
300.00280744568028
299.99701010523557
299.99190707344951
300.01896787031228
300.03790986171174
300.13196496853112
299.93475961418648
299.96576049960061
299.99899717823371
300.00671855805979
299.98647098118806
299.9676299929049
299.91564990555798
299.95761814267502
300.27892176758905
299.99133886594637
300.11235584630589
300.07538543732682
300.13278952998337
300.04326023549044
300.03886470462692
300.02752967920895
300.21237582864654
299.82647720793074
300.07859108251756
300.00702761795714
299.87956741876297
299.96023119039592
300.03723070905039
299.99237677958939
300.03351512181769
300.15433990478436
300.04908229973523
300.01535934846947
299.94836919966309
300.05852961268141
300.04392450343499
300.04501327178508
300.08411328769802
299.96961156364699
299.99848879913037
299.99515133340969
299.86446306602932
299.93021830128401
299.9893901141487
299.94380641193635
299.95860280040307
299.90342141435752
300.12817005930157
300.00051501724113
300.08102725755606
300.05589127780843
300.03350869669089
300.0106451747925
299.96307742472538
300.01899453875103
300.1241589828515
300.02390790324165
300.01225555017891
299.9820115973842
299.90679008922115
299.9880019754907
300.0248122527243
299.93570960835899
300.07410390010705
300.05040750288015
300.00854676619048
300.01769946811601
300.03331544119953
300.03062221588328
300.01781801850251
300.03555189119186
300.01432472746995
300.22134769457267
299.93363982736992
300.0350460376269
299.97343824037046
299.94295163542711
299.96827386081645
299.84075011050106
300.01958537953954
300.04179777902908
300.0539102476144
300.04628036384605
300.03504820980095
300.03869055397269
300.10506291559085
299.9832527890315
299.93403803128012
299.99814882641999
299.97460267242644
300.01439402478576
299.99565977812711
299.9835243132444
300.02428144131989
300.06704561168436
300.14066956825235
300.06911808642377
300.22934052127209
299.81550533836565
300.04071884119054
300.0361324401307
299.97442128347262
299.98525816991184
299.96592486097433
299.99107424998198
300.04483283992869
300.04844213907882
299.96024563591419
300.0151687876841
300.12671073395006
300.10260023288595
300.01884830785571
300.02551431727034
300.0272367330715
300.03025103096149
300.02765045045368
300.01370183476848
300.00743540644277
299.99692691559125
300.02663434408504
300.16256829068061
300.02007958240978
300.26232725951945
300.23511011695393
299.79428754592442
300.01076377990972
300.14716831973197
299.98702941956986
300.11680422596999
300.04258322777235
300.01140072234614
300.03130078901432
300.03921156173931
299.97491120495397
299.95452816529433
299.9435617462637
299.98150733670224
300.03242109162886
299.91975717335288
300.11906438243858
300.07339354086855
299.99119954292769
299.96830470647723
300.00124478659382
300.02770219010353
300.01032495733716
300.01107448767289
300.0164243302313
299.98947403322234
299.91884741565963
299.99746106830935
300.03076599057817
299.91504922616224
299.99475937532111
299.86144645548393
299.7780714624011
299.97735008644077
300.01269920409601
299.95505564789232
300.02908069755392
300.01693101086812
300.04442702694473
300.01245613723853
300.01489560498771
300.00760739814564
299.9875914726469
299.93372603488535
299.99537499226403
300.015829536365
300.00741860086913
300.18633640944336
300.04181779916001
300.02362973745761
299.98177888725166
300.00471005256935
300.01010713995487
300.01541969687287
300.01479561933235
300.00833980316793
299.99462213548134
299.96812740609028
299.94270129490786
299.99085153366838
299.96508686335341
299.97618191117141
300.01094913682914
300.00701962633275
299.98716087792621
300.02893840851522
300.21390071801153
300.03925469288748
299.80103360378251
300.03199730529241
300.05620367201908
300.03009421285242
300.02254032713114
300.02741799916993
300.01573574025861
300.00107647714964
300.01710583155705
300.02991360092324
299.99311291794857
300.02282759920939
300.00296780729815
300.03325338877863
300.04677477948718
299.86700191080934
300.15007622128741
300.02159838684628
300.03395315215272
300.01604837233828
299.98879774141045
299.95371230495778
299.89999678591391
300.02782275664873
299.9917425691051
300.00124210911258
299.99961783908941
299.99661591028644
299.94046272257066
299.95294375702673
299.78940668647851
299.97501128167556
300.0101976173176
300.03374426165345
300.06917348023541
300.04584915700667
300.00389696242871
299.99125700872065
299.98621977291776
299.99525113384641
299.99522823495909
299.97770755603614
300.00262231181296
299.99014204661245
299.97005165779876
299.98998171013704
300.02096959826457
300.07545420320423
300.03056189495743
299.98433870691548
299.88087293738147
299.99947335202614
300.12601445917471
299.99450126615335
299.97444998459684
300.02577242841608
300.02803157575204
300.0202705957339
300.00249829013609
300.00794232724047
299.93465163772208
299.97220316854907
299.97093870041755
300.02025801564577
299.98319067070145
300.03526449082796
300.0254360066964
300.02140679818888
299.96170417295315
300.14862056389342
299.76763418853585
299.97795570845454
299.95212022385357
299.97455792622378
299.9934614062405
299.96461573946272
299.9208447945594
299.93038973731694
299.94000716875559
300.00385566760309
299.99689500952007
299.99503008743704
299.99029360545097
299.98227242821383
299.98490580531427
299.58733041604125
300.37781932300817
300.02676860034768
300.02111530226375
299.96281693829303
299.99429719025864
299.99322189776535
299.96798969256201
300.02118275392462
299.96267161774296
299.99398666161159
300.04552472440537
300.09707889503937
299.93775435548571
299.95794027070855
299.96079001989136
299.96811904097603
300.00407670373386
300.18115386929952
299.77189064835068
299.98152261487587
299.93578902592748
299.90641868402298
299.89959786342752
299.91487560429618
299.91566103033051
299.94196363369468
299.98304818361333
299.9858688762522
299.98209692503542
299.99113986914597
299.97532763627191
299.95830538226653
299.94761124864817
299.93667622357702
299.77190125600492
300.13669450220436
299.87716198992376
299.90911575994397
299.92986219277583
299.96592479843196
300.03767742460082
299.97734357432449
300.16799130379115
299.87478362132651
299.93641908721611
299.96257849538506
299.96633021465618
299.98222203106218
300.01016183229439
300.0169916804029
299.9462559776909
299.98673326270699
299.9177972403121
299.87668143996001
299.94291281284723
299.93777380682002
299.90785559273502
299.84815116959078
300.04964238577458
299.98773927007619
299.92352939263355
299.85965565722626
300.19563743209
299.95393920959708
299.8761286158508
300.06312935166068
299.95550926600487
300.01213177103978
299.9464779004507
299.93810619877593
299.94802252951905
300.00808904248601
300.11090737218586
299.95516764014172
300.15297033824373
299.7734122328136
299.9156371450095
299.9746563751246
299.97802726141009
299.98957502616327
300.00860613235199
299.99644662661183
299.98004620690233
300.00684709543805
299.91774664414481
299.91696488700796
300.03147153996707
300.00548918272727
299.94142910280982
299.92606137239602
300.01228467392713
300.02054060817369
299.93386341719969
299.94604135337784
300.13068539120229
299.97924969397974
299.94907569721914
300.03858452353575
299.93506397695239
300.03925682773382
299.97744129194768
299.96493834333279
299.97117803053317
300.02840752788325
300.08403657261817
299.98652099416989
300.10563834737405
299.82860387125561
299.92527575307525
299.9891806012684
299.9926335623615
300.00290007580116
300.02077050497081
300.01208907099857
300.0064818486947
300.12085738013781
299.93330204905783
300.03743992393311
299.91075626603612
299.99374416539911
299.97826708698142
299.97306802362669
300.06194707025099
300.10818697131765
300.04207812452944
300.01515614236649
300.00790624023438
299.99098334129184
299.99831089151553
300.0472823372661
299.97798541291814
299.98454655209059
299.97098472059093
299.98427378050661
299.96627047722609
300.01572306305161
300.04229584478162
299.98175579468256
300.03028186981271
299.98079777977949
299.97122874746333
299.99909733600595
300.00699582479632
300.01770573615204
300.04567230535537
300.09851184676279
300.01522217969932
300.08697756159927
299.8705527332088
299.82897570972722
299.91783328957882
299.93516554618805
300.00474557130258
299.99784479062151
299.93144546430284
299.95700137978122
300.04902943750375
300.0227556923976
300.00709251655252
300.02585012543727
300.02300531642504
300.0040454074429
299.99950381553981
299.99115411566368
299.99738945350487
300.08146265340417
299.89317745284347
299.99315426522401
299.99383486521225
299.99535180356355
300.0351322417423
300.05146621335371
300.00456570184218
300.00167965671818
300.01533580257774
300.02388498836279
300.0155683980318
299.93946934469125
299.97318306335166
300.00776410032472
300.13289031196484
299.7078595773167
299.98490571754081
300.01239791540723
300.00732906062564
300.02674334315572
300.00717743568811
300.0299127091132
300.03806664061659
300.0269169949932
300.0262661014836
299.90920553941993
299.98683904701608
299.96623819463514
300.01516958804234
299.99294206964919
300.00501588604089
300.02421993618077
299.98011370124965
300.02032325245528
300.00407744765459
299.97052688532938
300.00874005173335
300.0728267693936
300.11159564282661
299.9524683197015
300.01103495095373
300.03970484148942
299.97674063117518
299.9827418454052
300.00379099721084
300.05111723424636
300.2314218633415
299.97805018364448
300.02916434878136
300.03032621800162
300.02217651948746
300.02194356335588
300.00241079607855
299.9971710654961
299.99165985586785
300.01858362819587
300.03777969668448
300.13195340939842
299.934817673971
299.96582224755832
299.99900014959809
300.00666064787862
299.98638022064563
299.96760783408251
299.94855973383198
299.99211758089558
299.84619597566927
299.98118727199824
299.94814835372534
300.04971769188774
300.07153906024485
300.03348903831289
300.04290909438555
300.04088609879602
299.95124258540977
299.99383180232832
300.0383634126585
300.03594489944743
299.96279116954992
300.00278720752692
300.03794145553331
299.99356722324262
300.03390227383403
300.15388087444819
300.04912129035063
300.01661416928528
299.9489685057917
300.05839149890272
300.04379041135184
300.0450207956153
300.0842406200444
299.96974539595692
299.99849848094374
299.99503553071349
299.86432845893393
299.93018032670318
299.91569653604091
299.95772173086874
300.27890247743602
299.99097474307752
300.11235928294775
300.07562485106189
300.13326294297957
300.04366913536057
300.0388713216044
300.02759152472635
300.2129044776197
299.82751590713809
300.07988866274957
300.00802074992026
299.8800624503927
299.96049135218516
299.9069714810413
299.98775847127246
300.02453680539941
299.93561400801713
300.07394987939296
300.04948460616799
300.008429960961
300.01770127540652
300.03330647552622
300.03069820365317
300.01803721151407
300.03579718364813
300.01443723653995
300.22129266704553
299.93355321689046
300.03501574070947
299.98941324991335
299.94386122590356
299.9585561311111
299.90318142350094
300.12815127946004
300.00083445144367
300.08171874009986
300.05657082318533
300.03343407282568
300.0097931546494
299.96198423657296
300.01893610118196
300.12496269202404
300.02462297060532
300.01269876500987
299.9823177071425
299.99566091291729
299.98288976367837
300.02414755531663
300.06717753044671
300.14093151615657
300.06905696238346
300.22971889251806
299.81576623620441
300.04080497468743
300.03621459800729
299.97452015624168
299.98542257316137
299.96605548681407
299.99112660534405
300.04482361620779
300.04844881658636
299.97345978833948
299.94305232902445
299.96838816744338
299.84080706794225
300.01963303063138
300.04210077755459
300.05445103882994
300.04687390257931
300.03475191152768
300.03749954276162
300.10294118708759
299.98248489412157
299.9341925247009
299.99848199375572
299.9748849685397
300.01459068757202
300.23520341149469
299.79427106793776
300.01069615873962
300.14720882548329
299.9873647059926
300.11726273264111
300.04295966355761
300.01148816066927
300.03133474496684
300.03923429978136
299.97487045367086
299.9544381180782
299.94352306147948
299.98152049586997
300.03244618179207
299.91975456027996
299.96028892957128
300.01548062717421
300.12712240851346
300.10296632195133
300.01902926281809
300.02566744633657
300.02738174759168
300.03029224502194
300.02742397494706
300.01406140596276
300.00860393270563
299.99725578184103
300.02625474041997
300.16242572110281
300.02020044409807
300.26245888716397
299.7782983871827
299.97753993976846
300.01271936552934
299.95500982877451
300.02908993692677
300.01700580322057
300.04441296968167
300.01225261658078
300.01473691440435
300.00757581799178
299.98756327178245
299.93358686696217
299.99532326646715
300.0158088903986
300.00741629963784
300.18637890072273
300.119253767256
300.07404542745229
299.99201657891871
299.9689842588669
300.00161817353234
300.02778343115665
300.01022365553513
300.01072826056497
300.01619279526199
299.9898964720021
299.91856861396678
299.99687183885601
300.02931982655298
299.9145240475994
299.99483551550787
299.8616578659454
299.98759939227131
300.02932944148461
300.21408349516219
300.0392703893574
299.80091739915008
300.03175063073542
300.05581134228709
300.02972704925548
300.02232748335348
300.02743142491096
300.0158658600846
300.00117215359438
300.01713714965859
300.02989564810952
299.99310837389493
300.02298721864213
300.04232294723926
300.02447931827419
299.98275615393146
300.00546195063328
300.01056572745534
300.01550633043109
300.01465105089341
300.00797605124149
299.99473827202144
299.96879816901969
299.94363123072333
299.99686076395398
299.9648643702231
299.9758721459919
300.01105039071496
300.0073039960883
299.9409941170764
299.95349103839726
299.78973701740796
299.97514836492053
300.0101151005374
300.03357138750249
300.06884520535925
300.04558628801419
300.00380777145762
299.99146026808074
299.9865138920199
299.99544512914531
299.99532114802474
299.97764002918387
300.00253729960997
299.99015183093121
300.00323239395368
300.03391866864138
300.04746621801831
299.86739116460654
300.15034364583289
300.02163199822587
300.03377455980143
300.01578035431328
299.98853179228291
299.95386520024095
299.90024700386493
300.02311744783606
299.99256762169296
300.00242016448311
299.99993892119574
299.99693081974465
299.93498230496431
299.9726615050231
299.97134744966229
300.02045500053481
299.98326604025374
300.03530282969155
300.02551282006903
300.02153987245691
299.96194987343335
300.14893775086955
299.76792331012604
299.97811472978049
299.95211140823045
299.97441408502914
299.99326877783017
299.96431229920893
299.96965554381359
299.98930755763001
300.02058331831836
300.07543517879822
300.03054908994284
299.98426298040852
299.8806990638389
299.99944488115335
300.12823771362804
299.99511016421417
299.97666544812535
300.02657127104015
300.03131265086409
300.02291017390451
300.00321495628526
300.00833176488408
299.9679292479766
300.02142667807095
299.96305757559315
299.99429985648288
300.0457321438397
300.09730583229549
299.93811137905112
299.95833346048181
299.96114639237169
299.96838464985535
300.0041752155023
300.18113105738382
299.77177069225604
299.98137137796471
299.93564316161826
299.90617081842072
299.92029379588308
299.92946303510365
299.93940719184116
300.00439989696105
299.99673735087549
299.99481603749297
299.99018968073017
299.98358189983446
299.99339251591448
299.5899583404896
300.37835157060869
300.02844232572465
300.02269228184241
299.96310312605362
299.99426523449284
299.99300377873885
299.92948825407899
299.96611576478603
300.03821595906874
299.97776869887605
300.16824831217178
299.87501336074553
299.93670251630937
299.96289163280824
299.96660534559948
299.9822882224264
300.01007476011148
300.01685084155343
299.94612125024526
299.98670513439959
299.9178020104124
299.87655290379428
299.89907355531295
299.91411802085867
299.91497401880412
299.94142333830649
299.98276744913113
299.98571505720588
299.98192728109092
299.98938908031869
299.96533650276962
299.95714334512314
299.94765080829302
299.93638575980589
299.77030241608549
300.1335809319088
299.87476319207548
299.90780676850301
299.9478521159869
300.00850767498252
300.11148614233628
299.95556326977299
300.15311031800996
299.77345845946422
299.91575275893729
299.97476760206484
299.97800450378236
299.98948319873773
300.00851120468974
299.99644761394478
299.98024591200345
300.00731806411147
299.91775448321363
299.91577870352563
299.94109828292125
299.93633208943567
299.90763509332595
299.84759453913318
300.04933021361273
299.98763805259119
299.92349485273093
299.85943612196598
300.19338077938522
299.95368640602271
299.87594339115498
300.06248757370008
299.95369366396767
300.00937247522631
299.94404034205439
299.93695814487535
299.9723518405342
300.02443231302561
300.05502459966362
300.00068169737034
300.12079124531192
299.87789619228317
299.94899274159673
299.99179499460723
299.99428929146859
300.00006746733555
300.01782136548184
300.01068580525032
299.96505639207373
300.08745778171419
299.89232019459649
299.9605880137853
299.99034725523262
299.96949758241834
299.94107513506322
299.94949504170017
299.95662254056418
300.0375029742649
300.00225871367155
300.00069989520057
300.00056733759351
299.96918746603859
300.03013384894626
300.00943057189767
299.95508009671704
300.00442592604156
299.97410968501754
299.96516424281515
299.95982913728176
300.00214720789734
299.82227749472389
300.00671760997
300.04355819897421
299.82245315407522
299.96978272016423
300.00492682997833
300.00746809564953
300.01572250870316
300.04305491653292
300.05182689620659
299.96447978288893
300.09083985762243
299.89698728377147
299.9200646328004
299.95864578663367
299.98101185007084
299.98032418207748
299.99035562427446
299.95912237226719
300.08952899270008
300.0423421205096
300.01054786125218
299.99748771535019
299.97925721343103
300.05011691702327
300.01383755181996
299.99311153588155
299.97974305942893
299.96661886793203
299.97919026086038
299.91251280973989
299.95871225660773
300.10650528841825
300.00994678214835
300.02491097807126
300.32662981274802
299.93419032326221
300.02179702513507
300.02022556233379
300.04366559283352
300.0258803146325
300.03334036635437
299.93282000912808
300.00540841654635
300.00867909028517
299.91008353123402
299.93463678598329
299.99098639212764
299.88185759791423
300.19364570028051
299.97404425334139
300.03202958092419
300.04996784494369
300.0232191155946
300.020462672218
300.02833456314119
300.02589571165737
299.98794727199265
299.99777493661048
299.78798188071744
299.98506322255128
300.03928793882943
299.98512644832965
300.078800720657
300.03302503871822
300.01237212822099
300.01210570746809
300.04999569077364
300.04476938373574
300.05498822046837
300.03654166289874
300.11738025592757
299.92010983602478
299.98246046190599
299.99765941611679
300.02646323525414
300.11967950203308
299.89430453704489
299.97117017733132
299.99933885682879
299.93622257729675
300.00107485072249
300.01412655376657
300.15732290883238
300.05319523145909
300.02890423921605
300.0302678598498
300.02014607417175
300.00665917175905
299.97811913473976
299.97913501395351
300.09688118760897
299.98070068404996
300.018329086618
299.94246384697283
299.9955666579699
300.01939312072551
300.02705590374796
300.01235299898065
300.0242233318192
300.06117038396371
300.05048536192123
300.02800055861775
300.0343027026841
299.9607813809809
299.99801844936792
300.02991418334068
300.01346768065599
300.03208909876327
300.18460834590388
300.03481120552954
300.0575817393717
300.03525551035023
300.12499058313534
299.99454999786394
299.91483103553026
300.01742103981309
300.01295389437479
300.01218117714188
300.01555960526309
300.00092781551842
299.97399171517208
299.98634207068937
300.05890279330401
300.00260355580036
299.96760746375253
299.83244381851705
299.88497501477497
300.20303139679902
299.84024173067985
300.03085766245698
300.05952983772022
300.15041873523523
299.98614492701194
300.03343411147159
300.10900710486334
299.95596821942871
300.02284184098522
300.0540978589712
300.04641100933287
299.98448200775101
299.76726279128872
299.97299252248376
299.99157267018239
300.0277504846448
299.92616242990221
300.03132197969978
300.03416621763705
300.01304207720659
300.01792312062224
300.01874825509304
300.01931251335947
300.01109809384633
299.99335224827126
300.00919817053483
299.9570084182061
299.97347154745773
299.92213519796809
300.11953671635109
300.05122528015119
299.97738610605302
299.97195894761552
300.04445043394759
300.06608254846213
300.0557868224206
300.02992953062068
300.02334900528331
299.96608716791502
300.06854448539247
300.02900436246409
300.06224882932463
300.08066078872065
300.01034830543261
299.99703068377693
299.99378257427009
300.02292115546805
300.03054988332485
300.23470140117223
300.08862141010371
300.06493279506464
300.03391261041941
300.01096344260895
300.02763665098513
300.00456719724389
299.98882626820352
299.98974448157435
300.02088215223017
300.12503397342874
299.94835868697908
300.05206067280488
299.99712159147157
299.98279054432879
300.01850789416932
299.92218672266699
299.99770411623183
300.03689153696621
300.04194218880428
300.03726383233237
300.03244597291155
300.0334419246899
300.03331817361556
299.93674519928135
300.04050539058034
299.947553616817
300.01007066925735
300.01447496238291
300.01505412174009
299.9585047959427
300.00985328636972
299.85292278436839
300.02665815238299
300.03248211513886
300.05956171139519
300.18892279434687
299.90069726269746
299.93688258508496
299.98415023393591
299.99009195176797
299.97413425525411
300.01871812649426
299.8876227087182
300.05956135737523
300.0276187239873
299.99173474697017
300.01544494804074
299.9817394731715
299.99455116436212
299.9588153587332
300.02711202964133
300.03309212730363
300.02719154334346
300.00701450859594
299.99890734388754
300.00230684223175
300.21874252124422
299.82998869964229
300.00210926526461
300.04024086169579
300.29318241838484
299.64985644891084
300.098488502679
300.03376540073782
300.041958960589
300.06607593612534
300.0500543125732
300.01071530428754
300.02617500402317
300.00772595989059
300.00336196383319
300.00150483806704
299.97696434429741
299.9992967492534
300.21333875336825
300.0607126107447
300.04305228469275
300.01215696372327
299.99622552085839
300.00168099113034
300.02766400758253
300.10861246087387
300.03299979080799
300.02098472181797
300.02111188728492
299.9948926069718
300.16638085953133
300.01773659199984
300.08628708935476
300.12830891795249
300.01360400570786
300.09842667976335
299.84161764701321
299.96140969974005
299.88560306405157
300.0276510151852
300.08742079257348
300.10298052188261
300.17556682758186
299.91423188627658
300.00626285708211
299.9645558492353
300.02436620972225
299.92268439497667
299.98214722560533
300.00467046384119
299.90734450242059
300.03011435660159
300.0196049256528
300.02172432244561
300.01586642874224
300.02774384919263
300.03512960407619
300.03984495988726
300.02392158471622
300.0074740796635
299.98870238112761
299.97944137559296
299.79065669403877
300.03898338330129
299.88698812061278
299.85528364023588
300.17326001229276
300.20559899720706
300.05620304459057
300.05587587905842
299.9791152898207
299.95313905342624
300.00845577661067
300.03266868720334
300.04973157617832
300.02006470190645
300.03020863635805
300.08056138741495
300.04962847330927
299.96247771014816
299.81537620810269
300.06108880490461
300.02189555600313
299.99478706569766
300.0030934118036
300.02436697856501
300.02007065598485
300.00837233747615
300.02624733129221
300.00536478453154
300.01483613692824
300.01174524260426
299.99381315938325
299.95256995557509
299.96596792463799
299.91615958950774
299.95486672129988
299.98329327962063
299.81719570109703
299.80552310359815
299.8830756829895
299.91806395498526
300.16092597828981
299.99009967849111
300.02125558798434
300.10578029670427
299.9704178026995
300.01840342004783
300.01756517409359
300.02075046011322
299.98319301499799
300.10125933915191
300.10274773444064
299.95304888921351
300.02550501339562
299.98420074771991
299.97381069457617
299.98532989480913
299.9887926478774
300.0008162941146
299.99382390266095
299.9781242914998
299.98607457242002
299.99480503064109
300.00550461596623
299.99628320299814
299.99078853125098
299.78805831164215
300.19397969866168
299.98407278921684
299.97280660346252
300.00263773752084
299.93839973310838
299.98078574303378
299.81230936982655
300.27678329657488
299.73424337885251
300.02376877354544
300.14258526815695
299.90122285210794
299.98031909582988
300.03988582575687
299.88073349453225
299.94979106449227
299.88713622006054
299.955589929756
299.99780477664694
299.96302151112491
299.92647228871181
299.93274961217242
299.93234766357079
299.97333943299003
299.9965923803951
300.00772527459304
299.99063424044374
299.97927175622459
299.98857910732829
300.17772106857427
299.97575483915824
300.10829722113886
300.07428924124486
299.97755742835398
299.96991728810468
300.10133998976232
299.84190254491637
300.0969024538108
299.83882432820491
299.99646742421015
300.01143865345244
300.06631964385798
300.01346048773388
299.95166577147432
299.95954326252371
299.98176547254963
299.9766518734919
299.97351670886439
300.06587704243299
300.0630077243689
299.89322755411456
299.90560627325681
299.89987687205047
299.9149703170263
299.92528977198214
299.97436139803517
299.97345766720599
299.9888092045457
299.98940848955203
299.98162662486067
299.97262368276444
299.77269354133188
299.98443567006126
299.78411798105731
299.98768794204534
299.98523803052319
299.93813662277671
299.94058607172923
299.91204067912554
299.97793066927528
300.30311956542204
299.6955759270067
300.05592274253729
300.01485997994035
299.95962337798954
299.96099301647007
299.96544820338426
299.97992012306986
300.00203245825315
300.09000601432371
299.85034939831274
300.01506442011214
299.90050590681886
299.87125620188147
299.92726061372821
299.92693399577212
299.92100299907463
299.93387225254139
299.94778773379954
300.01367140437111
299.98652735524246
299.99345460964992
299.97997924389341
299.94472539199211
300.02143348686002
300.00434972567632
299.93594030962942
300.02230259238746
299.9681488050029
299.94530217306414
299.9514187252355
300.00841549794643
300.06046724036099
299.98803484759054
300.22454694583928
299.76878472277684
299.92996032706401
299.97461885734424
299.97955730897257
299.98575392206686
300.00399233835293
300.00127604800207
299.93834451124371
300.17451584133642
299.73408023877488
299.89819941448127
299.99198038415011
299.96936219414442
299.94198957964232
299.94919365343389
299.9567060246556
300.03762183467722
300.00231205063369
300.00073113387253
300.00061290156214
299.96925037620906
300.03022958503158
300.00954960323696
299.95543070550229
300.00489432732286
299.97446911093897
299.96530508672851
299.97231774561328
300.02428052480241
300.05488054029655
300.00059007466632
300.12087299946239
299.87800554873832
299.94905322892561
299.99184274136098
299.99432817200199
300.00010974648205
300.01774526357792
300.01034625889019
299.9642384715259
300.08632940738022
299.8912724822751
299.96029690776169
299.95514927564176
299.98150368396779
299.98272940966376
299.98575222221916
299.95742434773018
300.08924276694245
300.04237580250725
300.01060259075604
299.99754143079986
299.97932908842267
300.05022143070039
300.01399776514592
299.99331044156582
299.97992338603041
299.96670610511796
299.97921785136828
299.95974603297901
300.00201357303712
299.82222681464208
300.00686775377756
300.04374927647638
299.82222491065113
299.96986823965597
300.00496066372483
300.00743858643779
300.01568718178987
300.04292997103488
300.05131613975027
299.96326873902456
300.0892385050891
299.89552395591085
299.91866293330804
299.93338321591148
299.99055609624099
299.69361161698691
300.38181556660982
299.97361230251636
300.03173148923395
300.04969193343356
300.02313546697752
300.02049080247031
300.02838035001366
300.02600167098115
299.98818368294491
299.99808369428445
299.78825093044333
299.98523336006889
300.03934496366946
299.91244355124252
299.95865179504193
300.10654239826289
300.01011550866804
300.02505095772142
300.32618086656282
299.93449636074496
300.02190594898366
300.02007074600499
300.04349732269509
300.02599533841806
300.03317951420621
299.93200835335978
300.00434178794626
300.007695997241
299.90918162933002
299.97092821777431
299.99970064667582
299.93656907312237
300.00067081828803
300.01365680437999
300.15682132718075
300.0523810770282
300.02849287288262
300.03024688294192
300.02015245133418
300.00671107390508
299.97825471725281
299.97931862532033
300.09705947745601
299.98083474499708
300.01838559255134
299.98512411863396
300.07877691833028
300.03299479279224
300.01243524911052
300.01225271991365
300.04986682052612
300.04483244409425
300.05489069181766
300.0363277400707
300.11723146993506
299.92070556853292
299.98355156660244
299.99843101571764
300.02647065166053
300.11913664953744
299.89367879779246
300.0360673691776
300.06041518964463
300.03665755638411
300.12454047372216
299.99440667718551
299.91567519729369
300.0171139173475
300.01237675929548
300.01202365354612
300.01555858497022
300.00097804496664
299.97402284394906
299.98627133283048
300.05872876800032
300.0024572622595
299.9675231142711
299.94244322274653
299.99551452819799
300.0190878202489
300.02661971411021
300.0123224256476
300.02449957817976
300.06143973670231
300.05061450714732
300.02788159178994
300.03423250740201
299.96144691873627
299.99955886394372
300.03131195902995
300.01408700758896
300.03217749789684
300.18439258873582
299.97398192548746
299.99235732643626
300.02982828668615
299.92664056055031
300.03249146638933
300.03670312965619
300.01424737474326
300.01775546275775
300.01862465452768
300.01936281401697
300.01125875178309
299.99343198634023
300.00907471290452
299.95668318979324
299.97312685838915
299.92194949253906
299.83239613403504
299.88496559332685
300.20252643054027
299.83917015026435
300.03049883547141
300.06018637632877
300.15111986840333
299.9866240825317
300.03338933635564
300.10883104741367
299.95616903870109
300.02333570641906
300.05500766195507
300.04733059720536
299.98496912152331
299.76741256937277
299.99223154395673
300.02275568627721
300.02940915884335
300.23492526376577
300.08839206508509
300.06297785533121
300.03360127690934
300.01106057210092
300.02770835489201
300.00471223114437
299.98911138968867
299.989996446725
300.02089292946204
300.12480961673498
299.94809249705338
300.05187704848652
300.11946496914294
300.05115041075362
299.97709606980061
299.97153364309099
300.04453356037016
300.06670934950216
300.05663152226742
300.03061454099714
300.02320253204158
299.96568039045098
300.06827713383018
300.02918915860158
300.06291374570105
300.08144128622916
300.0109173480754
299.99695694614951
300.01378987277934
299.95556728707231
300.0085997937702
299.8532443249465
300.0271431769379
300.03224991661727
300.05982988255414
300.18933105813147
299.90088611176134
299.93702197909641
299.98432004213839
299.99026748308586
299.97420230944954
300.01860476391067
299.88744422656174
300.05942460583333
299.99709248464399
299.98280020111866
300.01854544144811
299.92222482950905
299.99787081864486
300.03735256195904
300.04264895876582
300.03779323299909
300.03215671939319
300.03287506989847
300.03310250147939
299.93678413605841
300.04100512423798
299.94807181789304
300.01040184942434
300.01441495692802
300.29321194158899
299.64921649190529
300.09832224833787
300.03389561713692
300.0425797442814
300.06691450673856
300.05070995694859
300.01100581491096
300.02627308941038
300.00770575318523
300.0032987823829
300.00139132421276
299.97677749156503
299.99914443606355
300.21320668059991
300.0607539551865
300.02786945523559
299.99215535008909
300.0157950469474
299.9820799897193
299.9947918422065
299.95898843307907
300.02737694987184
300.03328356981825
300.02696915974536
300.00647005849385
299.99784920463929
300.00096396367832
300.21816562458309
299.83006055350404
300.00229014492101
300.04040589442695
299.8418063799067
299.96159252547193
299.8855478130323
300.02758087077979
300.08754506060279
300.10324046818079
300.17582217273355
299.91423919550681
300.00621013987757
299.96448465524651
300.0241938447702
299.92235468935581
299.98187788763818
300.00449513909018
299.90721768361817
300.03029314781719
300.0435856811909
300.0130032284618
299.99705714405673
300.00261270883624
300.0281238329361
300.10872952588244
300.03301619774174
300.02086237800791
300.02098853989105
299.99401837070195
300.16383908798463
300.02116182700792
300.08537745446841
300.12776991138838
300.01365880343315
300.09858853890313
300.05654996734887
300.05618047756883
299.9791851189554
299.95307265253217
300.0083289818416
300.0325608325756
300.0495867375447
300.01989728464116
300.03012188976618
300.08057427052029
300.04959359508359
299.96234761084634
299.81521115034786
300.06094870018677
300.02183256033612
299.9948167244919
300.01993358560594
300.02255667162189
300.01643676145261
300.02814879927905
300.03548910931403
300.03997032855068
300.02382987307243
300.00729863920014
299.98845719753365
299.97928717622409
299.79435442995134
300.10323736263911
299.89447127743301
299.85497404754375
300.17304366715075
300.2058172461397
299.88347429266548
299.91847823493595
300.16118702891833
299.9901499677714
300.02117913636903
300.10566605050383
299.97031290018191
300.01830812927722
300.01755227425326
300.02087976207633
299.98337829171777
300.10133870540363
300.1026907216912
299.9528967484888
300.0253793211765
299.98417193197571
300.00337799519752
300.02516171888192
300.02009261865436
300.00468628196722
300.02497489527411
300.00542945388531
300.01477849653827
300.01157514602659
299.99386173435227
299.95216148696198
299.96258637177766
299.85262089846083
299.95036843417051
299.98352453303937
299.81682928648445
299.80557512531936
299.93862884305474
299.98113845168911
299.81264323729386
300.27697762442187
299.73432881548928
300.02382981908096
300.14263811033089
299.90132597606356
299.98046540844746
300.04008662218638
299.8809536637819
299.94985261312701
299.88704908302202
299.95536539589563
299.99755683103217
299.96274818705922
299.97363218298295
299.98515797626925
299.98560355732093
299.99092130638678
299.99064498195702
299.97868899777035
299.98608592846284
299.9946866049001
300.00556301937604
299.99761328397784
299.99291315709092
299.78705833659478
300.19562684060554
299.98448888093162
299.97264581122084
300.00260039415548
299.84180383002473
300.09710068972953
299.83911049186224
299.99673308396376
300.01164444031974
300.06650376374938
300.01367666662429
299.95188928712787
299.95974195128355
299.98188588620309
299.97673496457901
299.97346857232225
300.06574226319748
300.06278733636827
299.89307043605709
299.90539209582005
299.92580236079755
299.93216456294141
299.93393207497758
299.98133257429112
299.99796573227945
300.00787972252175
299.9905361849631
299.97914868628681
299.98935452911024
300.1780497919238
299.97694455857078
300.10965215969168
300.07537866734299
299.97768325973163
299.96959848732297
300.10102423976673
299.9116070073689
299.97796485702128
300.3032682641865
299.69587641152253
300.05619825886112
300.01506383324192
299.95980186708545
299.96116280209088
299.96558000237962
299.97994905273009
300.00198614500732
300.08988319549377
299.85024762749669
300.01506912600229
299.90063976668381
299.87144353387743
299.89970265161037
299.91444417553953
299.92565071942823
299.97765180457395
299.974348926537
299.98868894248824
299.98931513842939
299.98168424921744
299.9722687160185
299.77260209268837
299.98452437703384
299.78406714862058
299.98732403161063
299.98435965522719
299.93720720419998
299.93986433400221
299.95112750730306
300.00848735604114
300.06061467782007
299.98824731375441
300.22465989118911
299.76880924063022
299.92999761799558
299.97465390320923
299.97955794379783
299.98571877916697
300.00395343031022
300.0013100882083
299.93858155913676
300.17491054636236
299.73459791755317
299.89848386696116
299.9268339238584
299.9268411752368
299.92072314098999
299.93355882965938
299.94751931157271
300.01353357977359
299.98648759561041
299.99343116567229
299.98003559020032
299.94467518595934
300.02129181524407
300.00409414876532
299.93535872831302
300.0213557431631
299.967326246168
299.94478065484208
299.97642801594719
300.02596529405133
300.05437561654702
299.97075046885703
300.02104789987192
300.04672521543074
300.00218985804059
300.0123310353647
299.99395917871198
299.99589326147265
300.00381349583603
300.02265494684838
299.89201528951611
299.9708581347607
300.06414152330785
299.80969397652535
299.95021910319025
299.95075414194781
299.94217340452701
299.94228345956566
299.79274995022348
300.20130593805641
300.0101687855398
299.98493705855708
299.99965720466082
299.90658587084772
300.11464242094121
300.01972157973506
299.99025084703385
299.98890955887265
299.97822385868784
299.99103140096997
299.76050134723118
299.98429814248766
300.00001377314226
300.02118136351299
300.03454808268094
300.1824709509836
299.924700348751
300.01403530495804
300.00069234585095
300.00260496748683
300.01073999915786
300.19115980637787
299.77996078915328
300.00602241908717
300.01297025227245
300.15464333484277
299.98719998291796
299.98806424154048
299.9711833658979
300.00224611571196
300.1790369503388
300.03180269284098
300.03135644398969
300.00666221878708
300.0041275358177
299.82357824955903
300.21865794557846
299.97989937212952
300.02482813472301
299.99224316529001
299.97349209801416
300.18034546554219
299.87392566977502
299.77409192668688
299.81678558257755
300.00187881593581
300.00742707510335
300.18660908568881
299.9327864805918
300.03871685950628
300.01886572058538
300.06485313938981
300.03128594776496
299.92224441580925
299.98931717704914
300.00690132845727
300.03319719615217
299.76215288144311
299.96027089234985
300.10614509896749
300.01043085330576
300.00315324574638
299.81666855292877
299.99724907364583
299.86951522086315
300.02211574060624
300.2089735358332
300.04130950634163
300.01724622337935
299.98549401122602
300.00030941450029
299.98006352687554
299.78621308702549
300.04473666535955
299.96953525076191
300.25105640532809
300.06725398734289
300.12728826805005
299.79229066825468
300.02086327275885
300.03887624737979
300.06665572155265
300.03191113810743
300.09913943460191
299.92479157678514
299.99986865117876
300.02856779239823
300.00860560534119
300.13914312398924
299.8991104775227
300.15552714646702
299.89109784836353
300.00228905843386
299.98856328886126
300.03433340744743
300.0449020934243
300.05010379977915
300.03352862024968
300.02672673206644
300.00799122080304
300.01270453849986
299.99495146373863
299.98603881228115
299.96317824701191
300.09899354590459
299.99391315550457
299.87657304860022
300.01420712607103
300.03405613972444
300.08891656732663
300.32228607528049
299.71791711674473
300.00906584789652
300.04160373239154
300.02055780779614
300.01565737250388
299.99782788001124
300.21733252093344
300.06541749760663
299.92118490335918
299.99106272405101
299.91815941234142
299.82761715345976
300.04599244759999
300.07073323087781
300.01275047046204
300.00735407957126
300.03558695250888
300.0421130679851
300.02428292306513
300.00128913571518
299.95377081475033
300.04460306463932
299.8105905606144
299.98690060602343
300.00577380102516
300.06846185951918
299.9603383593506
300.09229767894072
300.00577267627136
300.01693819730298
300.05422653622884
300.01738259964907
299.83097381795682
299.92242112757538
300.0240069946766
300.02637721987185
300.02752166086032
300.01293204738579
300.01868808469504
299.85809361183243
300.02548162133786
300.00156750667031
299.99477045907099
300.01878139179155
300.1452186680508
300.14457386341269
300.02209791590599
300.01670587668491
300.02907002848121
300.03562351348177
300.02159679239963
300.01264278048285
300.00099967929594
299.98836174638507
300.17568553437098
299.99448518642146
299.99808868444831
300.03170988066165
300.05395901243764
300.00531065429152
299.97808855760115
299.9186874594709
299.95574126977829
300.00136949413104
300.26598763312586
300.12177234225089
300.02945409057264
300.02295991632917
300.03792835974394
300.01499364509624
300.14217552534939
300.02863132200571
300.01605305720204
300.00219646759052
300.03904628333771
300.06301368448777
299.89547886933167
300.00678004301392
300.03941693447678
300.04133938602155
300.03999820518686
300.0363341618891
300.01932384747175
300.00922519994288
299.98398728636306
299.9785142685235
299.98335019577627
300.00984401633804
299.91744873839792
300.00848816996444
300.03035669980102
300.00906721161255
299.98056289417963
300.0088218075154
299.91614772108807
299.96152908161292
300.02953907721684
300.03196074047679
300.02787417782537
300.03883765287725
300.17388514199041
300.020346999396
299.89317916117756
300.03307062097662
300.00079417188113
300.02818648111014
300.24880109054226
300.19824081106543
300.00634205387911
299.88861279475174
300.03234270588462
300.03298776363857
300.0347160369414
300.04511499181189
300.02170274209931
300.01001861954597
299.91890157116768
299.9837543754773
299.87251722759743
299.9845122465897
300.00947858888577
300.03292334294514
300.05730763245555
300.06944163444905
299.95529932598197
300.09708703197919
300.00021361993885
299.98166522819042
300.00653784823675
300.02927985097222
300.02609274385026
300.01366959673982
299.91630377996472
299.99928246525536
300.03000607998558
300.08257799854897
299.95717823222282
300.01857343167831
299.97361907373005
300.03935496994632
299.78340665876561
299.96951047424841
300.00999618414761
300.03996688906579
300.03900260855812
300.04392392877293
300.02738715913574
300.0257009197133
300.07938683693339
300.02169211709429
300.12740298715096
300.00169607480342
300.11714348909533
300.01157719671045
300.0496634803722
300.0081865922383
299.97366815884732
300.00757845770852
300.00929675063395
300.02312026711883
300.04485352294182
300.03266538501754
300.01849668258359
300.00062007348095
299.93345407689947
299.98874257399109
300.0660747502418
300.0500070148812
299.98475173107875
299.98923521198157
299.94438209042721
299.87428296421484
299.90295963875803
299.97474608146666
300.0215540348733
300.08777470215557
300.04626084303692
300.04742633186299
300.02839250738811
300.02579084121641
300.03131094004362
300.00104063384259
299.98419161524635
299.9816468774423
300.00168412057036
299.98876316951089
300.00802464106783
300.01113114940586
299.83362384645039
300.01387494995441
300.03231732420352
300.05088809560476
300.03967337161032
300.02383742879493
300.01128456110786
300.00146442395391
299.97277186333247
299.98485894241855
299.95842147783321
299.96573240241281
299.96777435810992
299.96142555395767
299.94571331594705
299.8702094956879
299.94845407473008
299.96823274418301
300.0216549763
300.10390638543709
300.05134175846712
300.03906498304707
300.04845867764777
300.02586422273572
300.02764193775937
300.04904624294886
299.94799286500802
299.98050759662874
299.99402215093045
299.99717976847359
299.99580344202053
300.00625043034785
300.19545324892823
299.74362459708561
300.00580622248441
300.02694991982361
300.01587431223874
299.99742528645118
300.01179850150652
300.01280166558104
299.93093346025199
300.03043425011015
300.07888137076088
299.97394483256102
299.9873369860004
299.99148152209898
300.18273958563577
299.99032476139195
299.97832017792564
299.98380100147205
299.99548225841619
299.9810001639151
300.11843128233915
300.05714609120952
299.92302260710329
300.01021140576091
300.05887340697416
299.93381177745948
299.98388322511204
299.97770786647118
299.98400320790739
300.01940914496936
299.99879434534245
299.98063841377439
299.99133343210161
300.22104759896808
299.95540828448327
299.98106269534685
300.01653299366473
299.98015821062972
299.99055506975208
299.99224857414362
299.98981437059882
300.18732335468599
299.86460295948632
300.17242524325616
299.99296426583942
299.98620933419141
299.82496890369941
300.06086484972309
300.02543086712598
299.96018119111875
300.04103760090726
300.0874312631459
299.95616625939419
299.9927217215461
299.96533822705345
299.97995871586647
299.99202788817769
299.96822125444481
299.83104814586341
299.97759683197199
299.95936735449817
299.98608605577857
299.96863562647286
299.95729895073362
299.96527342646687
299.95449540431014
299.9029443443975
299.97572844699971
299.99833653065355
299.96093286971728
299.97625792334588
300.01415726240697
300.01488183982178
299.81889998337931
299.97958503434097
299.81143154789982
299.96942027026847
299.97694620799814
300.00077117513223
299.7899149437153
299.98955426467069
299.95952058841584
300.03106407016054
299.94839951448068
300.02022607468331
300.01432218920348
299.97350336538364
299.97120034372386
299.99190238877009
300.09653183518583
299.91824706083543
299.96562803521914
299.98817173231947
299.97882795771125
299.94336668144769
299.91903015055055
299.93829338368494
299.96690546509552
300.02127563837809
299.96648918494117
300.00620907838555
299.97593789423775
299.97577971147791
299.97727104975786
299.92891787992772
300.00646827736739
300.01390295528586
300.01616934777172
299.99385761262397
299.98632019691951
300.09514377622429
299.82124810357055
300.00141472328971
300.01766512228079
300.00086317886269
300.02094774364411
300.05418289742681
299.98055168213233
299.98387125303043
299.97954615299619
299.96614467955851
299.95699201139018
299.95270930681198
299.93821042641582
300.01581633893386
299.91114721765547
299.88589623693258
299.91032985454979
299.92912320930486
299.93811179432697
299.93673377170472
299.68815312739747
300.27000539947619
299.99418973836805
299.98103210676868
299.96721983543205
299.80343834040286
300.18071294259084
300.03681728189781
299.969134870586
299.99022373216104
299.98146227786231
299.99111389115018
299.96641423088693
300.02318627885018
300.09438170825103
299.89767145952595
300.0074269888936
300.02653150018614
299.98104745258746
299.99394276705351
299.98558458945155
299.98246833260913
299.97814545436233
300.01210765400958
299.87128213510755
299.95869228373198
300.04861430670547
299.77382165736134
299.94924310603585
299.95089283848989
299.94387627896253
299.93926677071875
299.79207499092348
300.20151989289258
300.01026551355653
299.98497010908545
299.99968765438388
299.90662521719133
300.11468612385181
300.01978275337615
299.99028114642675
299.98897191961004
299.97825380506271
299.99102953627772
299.97646052752054
300.02595799621002
300.05440187075311
299.97082102684089
300.02115608835913
300.04681439541963
300.00225376770936
300.01235206679092
299.99393376638824
299.99584302215186
300.00369978398419
300.02232595790844
299.8914163367711
299.9699883579454
300.06316587713974
299.80869595946189
299.98621265141537
299.99070538058356
299.97942842269219
299.99357016066028
300.17527770327473
300.03173163692225
300.03152426180947
300.00676450838
300.00417411844023
299.82361656537762
300.21873084677213
299.98007608881608
300.02509608251177
299.99250607285154
299.97365748499749
300.18040457744013
299.76045191873487
299.98422703355527
300.00001095852946
300.02143116294792
300.03494830882954
300.18278495571428
299.924781659742
300.01399536513787
300.00065527736149
300.00251280286921
300.01060673142132
300.1907456317503
299.77899530935105
300.00492261950313
300.01205006272608
300.15363244166082
299.95938367703781
300.10698375564027
300.01454428384079
300.000669789173
299.81568439107502
299.99694856427618
299.86937855790205
300.02211767860007
300.20900277265247
300.0413334098925
300.01731545852687
299.98578157965903
300.00074506570644
299.98058000957946
299.78655097649175
300.04492097414294
299.87389009975681
299.77398144805079
299.816747977739
300.00219075992686
300.00805191483579
300.18705316738715
299.93290139700156
300.03862558104703
300.01879018837082
300.06489275579565
300.0315869421355
299.92273247439567
299.98922654140449
300.0061696356716
300.03246648274978
299.7616422749814
300.1554815565641
299.8928740118115
300.0033404240117
299.98869894795126
300.03382252179017
300.0441072395742
300.04930186609113
300.03314032781304
300.02669890585133
300.00801396743719
300.01273478628849
299.99505221501443
299.98623452084752
299.96345593897871
300.09926510925521
299.99402988719538
299.9695128444975
300.25087511076521
300.06707186032986
300.12751890535407
299.79282369868298
300.02137067153149
300.03891733890879
300.06650088456951
300.03184420097142
300.09943190766217
299.92609429751303
300.00219131369704
300.03011301583831
300.00884716888305
300.13884428607435
299.89859904243605
299.83058843296692
300.04982617565219
300.07323342883416
300.0128321557379
300.0065868747987
300.03485889263413
300.04111618903386
300.02356764864271
300.00113445633696
299.95381580989073
300.04461852709341
299.81054562622882
299.98680380897571
300.00555072979409
300.06826381331098
299.96023982371412
299.87651394812525
300.01398120704613
300.03375099337825
300.08963712326954
300.32202715390628
299.71832778587645
300.00946794262711
300.04163422080165
300.02060680159394
300.01617877270968
299.99925373823822
300.2197545381203
300.06695088676241
299.92171448127806
299.99117006625363
299.91819399050632
300.02031448507142
300.05848397385819
300.14817771293536
300.02342334009757
300.01676367177504
300.02959247915021
300.03555956636723
300.02126368263373
300.01255520009278
300.00108296427794
299.98848048189359
300.17569781695749
299.99423497171284
299.99763909064399
300.03126423737177
300.05370415135963
300.09214169637261
300.00559997943873
300.01728355802487
300.05678544240254
300.01655290311629
299.8308147948535
299.92316354893239
300.0244817537353
300.02638476358663
300.0273573047304
300.01233602951936
300.01769229907501
299.85769791966322
300.02576796822837
300.0019082960909
299.99489762251164
300.06024340269011
299.97847786095332
300.00475444809399
300.04020568760637
300.04149013019969
300.03962270259626
300.03643812299083
300.01947508141421
300.00925479109264
299.98412796376931
299.97874996325123
299.98350890251373
300.00968813590077
299.91708324999718
300.00809503275639
300.03008957353239
300.00517428869568
299.97779529196896
299.91842212014456
299.95681529814027
300.0011953226583
300.2666505111934
300.12264272042364
300.03000237291951
300.02288884829773
300.03756181093263
300.01428653746751
300.14109456452678
300.02813468979542
300.01641560159845
300.00276750421227
300.03815019828903
300.19597428813648
300.0037298548437
299.8857538307447
300.03259428781467
300.03378662866692
300.0354281300643
300.04619183269511
300.02230570651147
300.01015557776981
299.91901805285113
299.98394445451362
299.87266017082408
299.98446511161626
300.00927642796734
300.03265695089885
300.05717630403916
300.00928885570306
299.98056236156395
300.00868019536472
299.91628117214304
299.96177708985243
300.03005625819344
300.03252442618373
300.02825779336433
300.03870191021588
300.17371762117455
300.02039925680538
299.89322512614751
300.0333670514355
300.00120080076431
300.0285403272191
300.24849538369006
300.03901660412464
299.7820369667063
299.96921348768694
300.01008372422001
300.04073430375018
300.03995485088518
300.04481220150217
300.02775821960961
300.02576711216756
300.07937755204159
300.02166853165812
300.12731139991592
300.00150459017743
300.11692533911111
300.01158256350675
300.05035751678849
300.07077475635396
299.95596388746117
300.09733677200239
300.00047325538566
299.98186782569064
300.00668396206379
300.02945583388527
300.02626184246998
300.01353261371594
299.9160814736623
299.99893190895688
300.02950780063111
300.08249200935313
299.9573712199653
300.01874965650171
299.97370992552993
299.87443852942522
299.90293139565324
299.97466348918846
300.02146006592915
300.0879084971499
300.04655606183508
300.04770206355613
300.02850396232992
300.02580551844829
300.03127496072545
300.00089942622924
299.98394887119372
299.9813991074497
300.00154562783024
299.98901043945386
300.00907608839049
300.00947467266462
299.97446669565153
300.00815839097828
300.00993795531264
300.02348201082333
300.04490499564355
300.03267407148383
300.01841723243149
300.00054334574355
299.93298215737389
299.9868203833085
300.06456508109596
300.04794938286506
299.98455146856122
299.98928378487136
299.94446081673914
299.87035529442903
299.94853917660299
299.96821317276448
300.02152845571504
300.10378986154058
300.05130015555949
300.03903937950088
300.04844880597932
300.02588517196347
300.02764885773183
300.04897194297735
299.94783781438059
299.98033025909342
299.99394210115975
299.99716871952251
299.99535226900849
300.00970962088434
299.83333980221812
300.01375031467609
300.03137287401967
300.05069491541923
300.03973694038382
300.02377875032653
300.01117116728074
300.00147543797618
299.97206899456165
299.98456118406818
299.96283492089282
299.96535020993031
299.96711622140049
299.96132695798389
299.94579190456204
299.99049797015869
299.97851856790254
299.98392392644439
299.99549837749396
299.98095537722668
300.11840178599124
300.05715374976518
299.92306512461283
300.01029751271352
300.05893244015755
299.93382513106519
299.98382372224262
299.9776305171489
299.9839302899311
300.01923986672136
299.99811557999681
300.00528406116069
300.19564340007167
299.73943789981166
299.99096288683631
300.02328801977524
300.01604092233106
299.99765360657733
300.01170419418258
300.01278970248433
299.93142485940365
300.03052313359035
300.0747527346544
299.97419411121979
299.98727038441643
299.9912263181904
300.18272468046217
300.06095523589988
300.02575324233857
299.96039843549977
300.04117234615688
300.0875253071427
299.95626143767748
299.99282046899725
299.96543741741698
299.98004454747615
299.9921045402171
299.9682483101962
299.83099355246566
299.97749852172063
299.95921192200473
299.98587929543447
299.96841317573069
299.98097627229998
299.99247620605757
300.21038571191269
299.92711629533238
299.97243233230984
300.01827314992141
299.98060253937797
299.99052185590836
299.99216736432857
299.99025253903426
300.188941409552
299.86629369770549
300.17399311649791
299.99302467964793
299.98599884454302
299.82485595905109
299.79003823410596
299.9900855589903
299.95960248410665
300.03108016365525
299.94857911775443
300.02042725257155
300.01446753972573
299.97365091485784
299.97126274062401
299.99193465878614
300.09652192475937
299.91815450015304
299.96550999256903
299.98803808079248
299.97873022983526
299.94320211034761
299.95692907202402
299.96619696744017
299.96053437620196
299.92771436578852
299.98352903520714
299.99995817737363
299.96070848106632
299.97616296392562
300.01386130652583
300.0150072910086
299.81945229373594
299.98057636154067
299.81188049915772
299.9694384298611
299.97676799244971
300.00061255992193
299.82148304424118
300.0020735911225
300.01714208726054
300.00052998600125
300.02112739414866
300.05439809706706
299.98068987100766
299.98396007749164
299.97959959985656
299.96616077248035
299.95694596472498
299.9526085758655
299.93815512898118
300.01584502778246
299.91129617740813
299.88621060741917
299.91912768299397
299.93793488035857
299.97041687266807
300.03232063023137
299.970370157996
300.00650126577113
299.97587753167141
299.9757405941333
299.97739955321646
299.9288908216983
300.00649517886615
300.01387679236115
300.01626979846191
299.99392016602525
299.98630059314343
300.09505013677585
299.96636516942141
300.02332581880734
300.09408579773492
299.8975297696212
300.00754416286026
300.02661966208058
299.98106631202222
299.99395020197051
299.98561627791497
299.98248805838739
299.97814907860862
300.01219193421633
299.87144542564295
299.9591171545988
300.04926052678223
299.77442963778367
299.91088463274747
299.92908177954865
299.93792546169402
299.93861488975068
299.68810880261009
300.26977130039558
299.99414978155829
299.98102334411738
299.96720737394048
299.80340551323968
300.18065634260239
300.03677123380879
299.9690873265485
299.99019368466861
299.9815230793497
299.99111714111348
299.96369109146417
300.01867461794222
299.993533861846
300.00028491423774
300.00877236272777
300.06096173582506
300.2647277523451
299.86712061003038
299.99446873867254
300.10937889855694
299.99836821386589
299.80082238905834
299.97689644060819
299.90530347200132
299.95292303227995
299.92893861708012
299.94953301149309
299.95866090275604
299.96040753133246
299.96290934720469
299.9863862460723
300.00681038008526
299.52372914294807
300.11062105700552
300.36264206136167
300.0049498801622
300.03114645902286
300.00599582459785
299.99653861526906
299.99259726504056
300.00212411211328
300.03008411105458
299.9598463823765
300.0206196326601
299.99055708580534
300.03304843330886
300.01506980715811
300.07316470464406
300.1263646342536
300.03122814755744
299.97203070903521
300.16250192208418
299.80171830530185
300.09009054247423
300.00695081134097
299.97630466231146
299.99500678509611
299.97212610192423
299.98634127607329
299.9944269057026
299.99575965549803
300.01571042286304
300.02333694056489
300.02058854554787
299.99432950550556
300.00106213137775
300.04817615565076
300.01604012980494
299.99168949430606
299.98907348696275
300.02857008068776
300.00420507509313
300.00108724073397
300.01748841771899
299.9669382942281
300.17677883604625
299.77378906623647
300.02655543971071
299.96623502872927
300.04383351452577
300.05512152628177
300.16338681038502
299.93530233205513
299.9500449987861
299.998628854245
299.89053531304768
300.01086142897805
299.98042616058217
300.00241207361415
299.98680625084461
299.99003757659858
300.01640945963618
300.01688823067235
300.01185171999344
300.01316171089701
300.03638687536596
300.02540700081067
300.02262155235104
300.0394127104172
300.02558769807717
299.81170822369882
300.18372805846769
300.00281648390262
299.98877397835793
299.99310916093179
300.02623779902882
299.97307620642096
300.00434503001492
299.8680098504388
300.00191936462522
299.97414274146354
300.02283196030555
300.01346697022188
300.04516152380546
300.01623615817897
300.0083365588705
300.21468828043879
300.06377625287752
299.94381793896753
299.9872210872162
300.00948391055903
300.01216222930913
300.02052263338339
300.01909402380255
300.02026402127331
300.0058614844732
300.01748476489422
300.04927215986601
300.10442639517669
300.05818698806775
300.04076490976581
299.91199937777492
300.10974484797936
300.00063856337641
299.98510105347219
299.97224513226081
299.96783693635342
299.99202497314991
299.95965151523052
300.00889024493171
300.19199023392167
299.98501284611621
300.05297711313642
300.09968335731924
299.93178708428633
300.0083123961777
300.01670235138096
300.02525679521284
299.86429721338993
299.97319536547792
299.98170702827565
299.98890945729062
299.98453052732992
300.00165622370525
300.03453706407862
300.03849433975734
300.0373885024473
300.0089892871834
300.20814978715458
300.14600257519209
299.93194713020682
300.018672036228
300.01321593588432
299.99606491406058
300.00283902458216
300.00414087949457
299.79742598055913
299.97492772151242
299.97351961254049
299.97772188728226
300.00071317801024
300.01376660837394
300.03860968759051
300.04196642527802
300.02941538212235
300.03972897213168
300.00656310437057
300.02501596878597
300.01209308402537
300.01539842053927
300.04313446455245
300.09304399665251
299.9918766724868
300.02829109986266
299.9834371204953
300.03968871571766
300.06562912316218
300.0333257400095
300.03919457173964
300.0265540630599
299.82730732535913
299.91339662582783
300.00638096226419
300.01455936557352
300.00922035563957
299.99210541357326
299.91395479483037
299.98190823152538
300.17920609418809
300.00201758793469
300.04873898565501
300.02536004441555
299.58420577687883
299.97571619864033
299.98542673259595
299.98299944059835
299.98604379016911
300.03787720709755
300.02469755536555
300.1328909324921
300.08935747902171
299.82357491368037
299.99960314343929
299.96741123252679
300.01696762566274
299.97611327626754
300.2251834340193
300.12609127950822
300.23166724716276
299.96937095955195
300.00211778410397
300.03292792567959
300.02771376624361
300.02863775569534
300.02751690777694
300.01716119977971
300.00348247582434
299.99389204555831
300.05178581269502
299.80373887945132
300.01551911336077
300.03643965101071
300.06297832074949
300.08523893444294
299.88166347425062
299.98498375964562
300.00865903914183
300.02648615157079
299.92310418538273
299.98870046717201
300.01535655828019
300.02213435465723
300.01009074679848
300.02744781293501
300.01110248043426
300.00772175878609
300.01770080592928
300.01612740942255
299.87207240467927
300.00981340361892
299.9379128611979
300.15800563721632
300.06639239332765
300.01178764837266
300.00993974023032
300.02447804263835
300.03297498840277
300.02464912517053
300.00450046567073
299.98065348034555
299.98881777546205
300.10153656804499
299.99647475452497
300.01187277947378
300.05102257123019
299.97439122794879
300.33468204237801
299.97649766892454
300.02105441671097
300.04140193850077
299.97540709793543
299.97733660036721
300.01145018899354
300.01265939164222
300.00909128923223
300.00401431015786
300.02122544450197
300.22129054337938
299.84766756411381
299.98428253289296
300.02001993299882
300.04664339232028
300.0666920145672
299.73626646858793
299.92660994165135
299.99828404694858
300.01974150734378
300.03951239032739
300.03503871496804
300.03109495195849
300.00979726434957
299.99907317176695
300.00591193228468
300.07207653021544
299.99747164550661
299.99174274397279
300.00777495445624
300.23592229141849
299.99519644087957
299.90414828421285
299.99093606148733
300.00967890219795
300.00951043958236
300.03265810243818
300.02235256903595
300.00925057234235
300.00682333253815
300.00049857806601
300.01276211514818
300.0519706065005
300.08777316339996
299.94849157058201
300.03246673870427
300.03513017124448
299.89989603807857
299.84949347953892
299.92179650248443
300.02939825726338
300.04506783823274
300.1604248428327
299.93316095439889
300.05515115080749
300.02825057594418
300.00934109611933
299.99778760950164
299.99299495229479
299.98776868247984
299.99543034290792
300.00370368405123
300.00800057313523
300.01894720293774
300.07576721737189
300.01740257578967
300.02909439933637
300.04284531982557
300.02783341020125
300.00839360222727
300.01045532308865
300.01800963632974
300.03148718099237
300.01555273727354
300.02258752811753
300.02659029429964
299.95512329768945
299.89848642764292
299.92799602656288
300.00545055526572
299.89612631990718
299.98449299995718
300.15195591850215
299.8960168056189
300.01009049603289
300.02906163878123
300.11651360650797
300.01805116031886
299.95436757685479
300.00038885699075
299.98994289155587
299.98729740699952
299.95181257323583
300.00625780677478
300.01431546750206
300.00655278664129
300.00982066332438
299.99486926519114
300.01703178719589
300.02468180807682
300.00084040758298
299.96101127945417
300.02016084080213
300.01440313215647
299.94635853221484
299.9677633103139
299.95251173778274
299.97231888495003
299.99623658789233
299.96042477657954
299.93718587464463
299.80334913757605
299.97081127304699
300.13000321577954
300.01128583320411
299.98469568446018
300.0229180698376
299.99426493601891
299.99988400336781
299.98113234010799
299.97042756403425
299.99934136352903
299.9949978678485
299.98600996693068
300.01358108874297
299.99353256438224
299.80536287592696
299.97900570819212
299.99087646010918
299.99074213769541
299.97737754009438
299.99442659809796
300.00117806672483
299.9458794282142
300.01826255235579
300.00832482029472
299.97097736757837
299.98513868069375
299.9636582747861
299.98342240323086
300.04985482107946
300.00387744392395
299.99377931205072
299.96889150578556
300.00822261780843
299.90565951375771
300.0372536989583
300.03232856870272
300.10595670296055
299.89862062947191
299.98366041245202
299.98177998186048
299.98619040885495
300.02456249519815
299.9389023799535
300.03009571172998
299.88640303138487
299.90137441069606
300.14051470671376
299.98241558319313
299.97542362730263
299.9452027692688
299.94389435217164
299.9714488940109
300.00443748993462
299.97441204941435
299.98310166451301
299.99160974642888
299.9502951391471
300.06136948188288
300.00642246141297
299.98453666608987
299.91683221337166
299.99020362935573
300.01367321103106
299.9790521231015
300.02513982812792
299.96671253149998
300.16937633049656
299.95709703395357
299.99626066138427
300.04803355409575
300.00992837590456
300.17720071601053
299.77465239947406
299.95728966234731
299.94381373842708
299.97243609228389
299.94751856146206
300.05016842681016
299.98383409334787
299.94987133996892
299.97079511654033
299.99893896015766
299.97959247169666
299.97489364145082
299.97670712605782
299.97080071809108
299.97832318557784
299.99577863975838
299.95189311526877
299.8672779900802
300.06972177661777
300.13410578675382
299.98999853629238
299.99657058170783
300.0340626495676
299.98072445727968
300.04657576125231
299.98208079704568
300.03140799652289
299.95296495991334
299.98883682799067
299.98529861729668
300.26855948359059
299.79281211595128
299.90960614517371
299.87680911966936
299.92773903504423
299.95829762591364
299.9424054979043
299.95736252720155
299.93128937611112
299.93185506526913
299.94947931160999
299.96084546833583
299.95489166997635
299.95920851250708
299.98951813846969
299.84658845978817
300.00319410036053
300.10828632689822
299.97849434951246
300.01271887331268
300.00291757311027
299.87704922557151
299.98020780629071
299.99546096084947
300.02214256488145
299.9547084332317
300.0112319904573
299.97393451110662
299.96708813937664
299.98239269276377
300.03336487503651
300.03258832166711
300.04373142976868
300.00399488325723
300.00744407512258
299.91856651150613
299.89540643943383
300.11996623509589
299.74134223414006
299.94829599749022
299.91155064534178
299.9485550400899
299.95814020582446
299.96153515181277
299.96222086870813
299.98646593306393
300.00707339049461
299.52379118251145
300.11064245387468
300.36264917549391
300.0049470861286
300.03112798569612
300.00599048268606
299.99655657870824
299.9925947248089
300.00202183505786
300.03002681953012
299.96368203951675
300.01867997881914
299.99372255566334
300.00045433531398
300.00881708452783
300.06101984046705
300.26475791996683
299.86709913087742
299.99441108812255
300.10928711682618
299.99820111995291
299.80050284913045
299.97636719362373
299.90459139314987
299.95212792995119
299.92810951655969
299.98506515475941
299.99450010057211
300.00121254187536
300.01355955698097
300.02300828372262
300.02082763243101
299.99448683552083
300.001127888474
300.04820312076026
300.01603902952843
299.99170967350318
299.9891820131744
300.02882208867703
300.00445860987099
300.00124941559739
300.01752253846252
299.95983513320806
300.02061185585154
299.99058145126099
300.03317710480155
300.01528941747836
300.07332820910005
300.12637739135403
300.03118452187482
299.97197952951717
300.16241224572491
299.80151984939084
300.08979557348636
300.00649808149836
299.97561823825015
299.99434713936927
299.97132722873772
299.98963900092497
300.016339230217
300.01793388653886
300.0112048358061
300.01312185091388
300.03646758101127
300.02537702042247
300.02264668001516
300.03944788188738
300.02558894823045
299.81172295168977
300.18390176548013
300.00318792189393
299.98930843815629
299.99350803498476
300.02641593701964
299.96687816435002
300.17666630391994
299.77369924207284
300.02666614987072
299.96662688942308
300.04419689609978
300.05508969980019
300.16326527860917
299.93524093948264
299.95012171399406
299.99910954023318
299.89157144541582
300.01138943523193
299.9802060452397
300.00211875589849
299.98664814586033
300.02049269840728
300.01952330570754
300.02030297552596
300.00593004924508
300.01721086584251
300.04867195695977
300.10394189154624
300.05800365298967
300.04076672178797
299.91200974303416
300.10973924139699
300.00069448609673
299.98527211032973
299.97255150896109
299.96810651555609
299.99214853922393
299.97303376441539
300.00412947001064
299.86782678135785
300.00235332028586
299.9744321467092
300.02334200616269
300.01355408896222
300.04501232612643
300.01626886076781
300.00898405250609
300.21680797269232
300.0668156663553
299.94599600222665
299.98766897601024
300.0094151667264
300.01217712454718
300.03544601175372
300.04008750670886
300.0382505624641
300.00864446776438
300.2073529790876
300.1450405473459
299.93110505097036
300.01826697016548
300.01315461924224
299.99608396132396
300.00282820331478
300.00406922767473
299.7973398802697
299.97487754421923
299.97340481273682
299.97767668451212
299.95959091926829
300.00858816188816
300.1925154092292
299.98732628705631
300.05044204429765
300.09932254090052
299.93227720906998
300.00845206218423
300.01694262611699
300.02629005997107
299.86636149405962
299.97610597515472
299.98321036905838
299.9893132184111
299.98451199608792
300.00168422033295
300.066972944768
300.0354109765392
300.04078243612997
300.02676799180227
299.82679541679181
299.91299876614806
300.00603703593828
300.0143222540043
300.00911011485141
299.99214023517828
299.91400688189913
299.9818787475611
300.17897462972024
300.00158572376404
300.04835907459869
300.02515340792149
300.00050175474411
300.01336023776867
300.04119538623695
300.04920404045077
300.02136868308929
300.03644379791632
300.00684548938546
300.02538889441689
300.01231488325624
300.0153957805033
300.04182838961106
300.09042281979214
299.99028573270294
300.02788679716616
299.983410064559
300.03997729326761
300.22823917001648
299.9712355499189
300.0011775866131
300.03286819734063
300.02779910068404
300.02873592866592
300.02778528537874
300.01727413102941
300.00343562123641
299.99395684631094
300.05194562859322
299.80380480966227
300.01534296646122
300.03609925115416
300.06265133537443
300.08500976459788
299.58395512625202
299.97522091886026
299.98565129056368
299.98562712845296
299.98438810587675
300.03768496022496
300.02528513396464
300.13328434784654
300.08950600263881
299.82334829069111
299.99812365020904
299.96425086034384
300.01505475376831
299.97577503308969
300.22548999356815
300.12562048802113
299.93642651379287
300.15595421372052
300.06497263278317
300.01169191113428
300.01041707476054
300.02540058492417
300.03383015534541
300.02500626653324
300.00452376039965
299.98072447646911
299.98895505857837
300.10166427902658
299.99642970344047
300.01170226137867
300.05086259832331
299.97443603865293
299.88202379901463
299.98492066718546
300.00857165156322
300.02698072914973
299.92337025542162
299.98914525241042
300.0156632150792
300.02232557117281
300.01015821461829
300.0274797595913
300.0110052288195
300.00725715730334
300.01749181118419
300.01628516008225
299.87230026773653
300.00982514705714
300.06657795474689
299.73594544683016
299.9263556650227
299.9981621448278
300.0199928594065
300.0400853929994
300.0355456298135
300.03127156013818
300.00979668587274
299.99909877974108
300.00595911065824
300.07208082685526
299.99737319711386
299.99158909166107
300.00796440517365
300.23726189053764
300.33646530946788
299.97719018463886
300.02114419810215
300.04157475308341
299.97550649992576
299.9773830412127
300.0114690408177
300.01268302982356
300.00911497084246
300.0041308701222
300.02145350424036
300.22135163303403
299.84785979858572
299.98452541181445
300.02016379343502
300.0466865663771
299.899894799187
299.849538091054
299.92163542963345
300.02921930882104
300.04503227232266
300.16053979430581
299.93327467368084
300.05514119208425
300.02827075626664
300.00936068639402
299.997746633551
299.99291691257707
299.98764114855027
299.99540298436312
300.00417030777243
300.0091147979615
299.99669713317309
299.90463556552811
299.99112386982972
300.01006168009388
300.00970059969251
300.03264438221294
300.02229009253864
300.00920588616145
300.00683305819661
300.00050022211531
300.01261618147203
300.05118917170086
300.08736586278803
299.94850236935258
300.03251972293776
300.03515065608411
300.00545184294612
299.89608909019358
299.98441324071894
300.15181398700844
299.89587087660328
300.00999217090964
300.02903212527019
300.11642090879468
300.01821027410108
299.95439693530682
300.00029426252422
299.98982005263747
299.98727593852448
299.9519352014284
300.00638415058978
300.01358026622989
300.01598853461132
300.07349005605039
300.01693550052653
300.02859761377954
300.04287038412394
300.02788510761701
300.00832652931689
300.01038113772222
300.01799825408523
300.03143553115183
300.01492021543351
300.02159561301994
300.02561664375526
299.95503294662842
299.89852182678169
299.928014545927
299.80334088302146
299.97083493918132
300.13006192305801
300.01128259969443
299.98466096105778
300.02285933941295
299.99420071819424
299.99983154174492
299.98141485106538
299.97044033462629
299.99915632748213
299.99485637444292
299.98605834010243
300.01376315398312
299.99345873950199
299.80421447115828
300.00452820707488
300.00840731681831
299.99353887773464
300.01213423693963
300.02324360020873
300.00101779605217
299.96108192563622
300.0200944025425
300.01434503347429
299.94651768396392
299.96787500816652
299.9518261186912
299.97220570541185
299.99619120765033
299.96039098472625
299.93717590987757
299.96896345329685
300.0085901992104
299.90579133092251
300.03729691628132
300.03243783307704
300.10606178823349
299.89858030555814
299.98362715463617
299.98186953219243
299.98616778301783
300.02423832435039
299.9386734001759
300.03009376661322
299.88652985470736
299.90141061311738
300.14043536612888
299.97924871091743
299.99131247348726
299.98820806281111
299.96830916963773
299.99141010162469
300.0012867165787
299.94609667928762
300.01824507726769
300.00826276608598
299.97099565723738
299.98527939762261
299.96407359186998
299.98365823022306
300.04985583106463
300.00382621918135
299.99372129603552
299.97949421906844
300.02609651529315
299.96641975521209
300.16894807992998
299.95715888933859
299.9965034249264
300.04819561635196
300.0098376320708
300.17714691928097
299.77458828395311
299.95702244692865
299.94357534000886
299.97239261766214
299.94761701636082
300.05022128683794
299.98388668604775
299.98253685102407
299.97586627828156
299.94740098132809
299.95196429463437
299.97365022977181
300.00439559465804
299.97434776912792
299.98306674724518
299.99157910509626
299.95029080976838
300.06144366065138
300.00663046399126
299.98462683498775
299.9168642897755
299.99020500260991
300.01370056501833
299.9817054005095
300.04786080062587
299.98062953396686
300.03002583991656
299.95288699840302
299.9890395230471
299.98545765499733
300.26854791155978
299.79282610255115
299.90958342291327
299.8766891891176
299.92760610178618
299.95832567997394
299.94253420678353
299.9575513572812
299.93156035101572
299.95007714733129
299.97072222551691
300.00024825052003
299.98367619658791
299.97580311187977
299.97667607720223
299.97075584819697
299.97831376610048
299.99578786442504
299.95189866331782
299.86729635423171
300.06978916575673
300.13422875291099
299.9901588832293
299.99668721826845
300.03429393761115
299.95503357653439
300.01151121625321
299.97304789528994
299.96650319546683
299.98250973850026
300.03350500469026
300.03264183268237
300.04375925594212
300.00405406907839
300.00748985778205
299.91856928952893
299.89545475809552
300.12018097284459
299.74173244378471
299.94879753718556
299.9121180738058
299.93244929109761
299.94974355453547
299.9607541910143
299.95528499939724
299.95901917524594
299.9893811762297
299.84657964194651
300.00320269708999
300.10829052574991
299.9784940572215
300.0127349603315
300.00296574173302
299.87716127451483
299.98037513860987
299.99567682173557
300.02232075784127
299.97124742316191
300.09960464997596
299.94342721785091
300.02112131532164
300.02040817698247
300.04778972269384
300.04054776929877
300.04979558172494
299.99665270640247
299.97291831785054
299.96993331179493
299.93281530196163
299.97211186774342
299.94836215541255
299.95429369911648
299.95831614698494
299.97355737446645
299.9764133074035
299.98873882828195
299.9941631030282
300.00340443506889
299.98833704461117
299.97576312842324
299.99249495520439
300.02847765342256
299.92998057182979
300.06683174476717
300.02098558732666
300.00468104218021
299.9987771430234
300.00387479586163
299.99706334668758
299.9104905455066
300.03216582912302
300.01814770503125
300.03630114820066
300.04934254170496
300.04986883088804
300.04881357897057
300.03474094496988
300.00302561038319
299.98557625364884
299.99290878496083
299.99191600457721
300.1897809724029
299.9993476767084
299.98805062904677
300.00184319789133
300.01559746793333
300.01616299896483
300.03511930097113
300.02802534531429
300.02252437338922
300.02887935739108
300.00577122275445
300.01618713479792
300.03351604572276
299.99482097714974
299.98273249377587
300.03130732126118
300.02197519223608
300.00536820378892
299.812225460646
299.89043371266757
300.08641847878607
300.05327879027067
299.99620102451951
300.02256362330138
300.05287135975755
300.05572226622189
300.00971733851935
300.04058964894432
300.01538758798034
299.99273270778406
300.03210177928963
300.00261239614713
299.81756477892304
299.99634860038634
299.99093418734515
299.99989647771895
300.00460724686837
300.01382395931506
300.01562604792809
300.0113538460671
299.9881576769352
300.09663842676127
299.91219741511958
300.10484864280812
300.06305860291343
300.03458654221208
299.99387011193795
300.00974119958715
300.00444511284462
299.99807679141196
300.20158452328326
300.13944153845989
299.98410333823341
299.9900287187038
299.99990707793086
299.99615055637315
300.01824253935592
300.04233585103276
300.00538548864438
300.02791219267937
300.0150340210289
300.21056788283516
299.88583483801335
300.01278666400782
300.00590905460876
299.99165131208667
299.99421154782067
300.06322778674183
300.04303975510845
300.02080023146254
300.01268820785697
300.01243798240529
300.01349797132565
300.02629668310686
300.0176990244089
299.98468142952612
300.03888010692401
300.06030381921983
300.0095455761458
299.99209551476656
299.98263021787653
299.98068684626446
299.98837184188903
300.00107472769912
299.95307817245703
299.94147211774731
300.01261215919862
300.00766164088162
300.01718687411375
300.02319612733737
300.00432688433852
300.02150598899146
300.02139824558873
300.1193058783789
299.97619888061479
299.99389792710116
299.98208894550646
300.02574148044056
299.93532198292957
299.96775645948395
300.0260750585237
300.01691366037733
300.01043022688725
300.02167331123337
300.03020445154118
300.0441580694802
300.10064296465771
300.01800560389626
300.0178629840529
300.02177887408101
299.99648684087043
299.99327034363029
299.98205795179092
299.97317261959881
299.97170319688024
299.97683479411478
299.98971811113216
300.01252419738557
300.00216963943473
300.03154484338472
300.05956386083233
300.05435502245666
300.01956126496117
300.02518243967472
300.00719786841864
299.89276896279671
300.00348584196735
300.0749353768116
299.9210944593454
300.01152195257509
300.01544017945162
300.06177882085041
300.07470120491871
300.03337373801236
300.0161202270213
300.01469446125697
300.03486198972541
300.02032942990394
299.9450114177904
300.00476284969864
300.00833041042017
299.99937030718775
299.98243588698364
299.98972019303409
299.98663196453441
299.9996992063418
300.04810454012539
300.02314228573647
299.87832521648545
299.99566431235104
300.02230890970509
300.01655574359444
300.03045545360106
300.06512907437798
299.99800353955823
300.01490117701479
300.00745148013135
300.01035221917004
299.99398077362321
300.00171288509739
299.98881525023307
300.13213036487247
300.05864421157668
300.05572718694833
300.03998321365611
300.04579306438768
300.02377257060465
300.01587513767464
300.03064041520821
300.03876475947482
300.01866499854231
300.01426169464946
300.00368990216697
299.99481739703265
300.00163807208276
300.00557553909442
300.02093840380354
300.05107772616725
300.17232071017241
300.01772948672237
299.96840781501504
299.97159385525549
300.00207181377425
300.01152632498281
299.97533275494311
299.99863685051116
300.00415475814339
300.00891346523667
300.01138538475288
300.01587089621728
300.00920514942385
300.00595667690459
299.99402652168249
299.93754900549504
300.07339587524893
300.0432010608838
299.99029003519496
300.11985926355067
299.84875407925222
300.00567994695376
299.99411199705492
299.99110877817458
300.01986806786846
300.01993214111445
300.00546575222961
299.99374236853515
299.99722028158465
300.00154452335801
300.02515781149725
300.01929271116262
300.18301944738687
299.92563478600465
300.19088398620238
299.78434019909054
300.00896460272253
300.08539258156895
299.96592425607071
299.95572294980587
299.99431232522818
300.00752980797824
300.00846057836128
300.01513009185607
300.09489619943901
299.9724846491975
299.96140971925513
299.99603571499904
300.03160458402846
300.03781946973169
300.02073566748533
299.88048702824801
299.96006188736095
299.99375234329017
300.00940856386643
300.02097301952375
300.03077731908894
300.03354284175578
300.00917083042953
299.98730021664016
299.99612007211482
300.00008411156864
299.99537768004609
299.96550732308845
300.02516126951508
300.02760308391521
300.00216557710121
299.97032731636466
299.98734853782128
300.01307151638252
299.88716358975182
299.99816693802126
300.0062179439355
300.0014672518962
300.00516645986471
300.01062821322637
300.02874100747016
300.02724724803704
300.0208784670092
300.03730152019375
300.02303448604556
300.03580398731566
299.92913201324882
299.90688657920703
299.9205659109416
300.01556613480892
300.05810498750714
300.1508221738062
300.2288626666662
299.8768742739079
300.02781365022099
299.96421850315562
299.98854803321268
299.98014745303936
300.00114263078825
299.86586850778872
300.03135141588621
300.02928220860815
300.02893986475078
300.00151051226345
299.98985919464707
300.02074183603997
300.13869637771228
300.02207333636284
300.00568335889324
300.00063690993221
300.00698472326627
300.01706111912387
300.01973060645662
300.02307948652168
300.01643797225353
299.92450850461017
300.0838031494593
299.98822784568642
300.00137371462449
299.94234144660822
299.96085958146659
300.04182454882124
299.96534672217507
299.863656639787
299.99903313614175
300.04578770442583
300.00760614108924
299.9768740378762
299.9922133925013
299.98939187714507
300.00764073211218
300.20681874373497
300.02625894120666
300.03971660975662
300.01488788771371
299.98609672109308
299.97334800902888
300.00379611263315
300.02409420110899
300.00689541810613
299.98709141026796
299.99977000188647
300.00018304373253
299.9706901118555
299.955779462767
299.95647665091622
299.96622229941613
299.98210593373733
299.858567706293
299.90902256236689
299.81779700892019
299.95375578688419
300.02583250457974
300.02077086468847
299.9785383048997
300.00029231576303
300.0110769836873
300.00113629446429
299.98571950801937
299.98109239049899
299.98161487375648
299.98648708705736
299.96477155668572
299.97861987065409
299.95984340704939
300.00779396757196
299.98448335644775
299.99296435194418
300.01230880593334
299.99745886682507
299.99185438553451
300.00332205990571
299.9803342998672
299.99444146455215
299.80792173494427
300.16226883786618
299.9598871967504
299.95621443521861
299.96505048950178
299.99725550091176
299.99609557822737
299.97568109146289
299.95568781372862
299.99709433912142
300.01762875688092
300.0215737361296
300.19320258503649
300.02822935512336
300.14931234174207
299.89554780348743
299.98444032445423
300.03834489274607
299.90848826604054
299.9587785264481
299.96380067621601
299.95608117646344
300.01136555168756
299.97949374400179
299.97953361555926
299.98278562791728
299.98120847057925
299.97055732177103
299.93548614066964
300.03103034557876
300.00341518721723
299.98235250110918
299.97765535758856
299.97518171020965
299.98398095707739
299.98173191186811
299.97830101026631
299.96498834990655
300.02398703271643
300.0285110100055
300.12019977009487
300.20288010833127
299.81657049381772
300.05403454805224
299.83931637196707
300.0049236743767
299.99318152228511
299.98867943895408
299.98365618188797
299.97142202723495
299.94675158545328
299.95558785185511
299.95688599121485
299.93528151721227
299.97268564205132
299.96987803426595
299.95752313758658
299.96433801182457
299.97771077881771
299.9713824400888
299.962678556931
299.94176587864774
300.03243765235374
299.98276606229717
299.97684915720464
299.98635640663366
299.77372100067993
300.18358206915156
299.99078100874232
299.97580729705226
299.97106974969097
300.07001529791978
299.94216559807739
300.01380534326069
299.99983399512553
300.03778228283142
300.02380851465432
299.92121741736491
299.97703789109471
300.01263478664839
299.995045722876
299.95457173911831
299.93997706344953
299.95641597860413
299.96081440387331
299.90602734536611
299.93150227059641
299.93991632012694
299.95186774381449
299.9566160607701
299.96568107068651
299.9678694291224
299.98247608374146
299.96814043431283
299.97279284073454
299.98268296940665
300.0204953471769
299.99214002291933
299.9953076445268
299.99412947843751
299.98073794643625
299.98367751876646
299.97985804399815
299.91912524179634
299.89448244580404
300.04896619799774
299.94499010882777
300.00424962161179
300.00325857482289
300.01463772808302
300.01640010699242
300.04167256369061
299.99758061117302
299.96232248983762
299.9433436743206
299.92572772527114
299.95283649714105
299.92770923274077
299.9363123964722
299.93850454890571
299.97327803252068
299.97608959360889
299.98854634271908
299.9943087636961
300.00357923111426
299.98843235650861
299.97578438236235
299.99250068099195
300.02847721111647
299.92995567467602
300.06678399611451
300.02092864409218
300.00463769379297
299.99871091880027
300.00381201712008
299.99701051103244
299.97123174807717
300.0995802570352
299.94354614700222
300.02111560567749
300.02033893766026
300.04776116443907
300.04052612904621
300.04976373021515
299.9966064621704
299.97287497124245
299.96984122909657
299.93253807002998
299.97162369477769
299.94771419287741
299.95366623755518
299.95786919345568
300.01541674009985
300.01584357475883
300.0354095256842
300.02806652001527
300.02265231000808
300.02905636876636
300.00584907250095
300.01622778392408
300.03354333012004
299.99479987903288
299.98268919210324
300.03130798186771
300.02207227524804
300.00550488447135
299.81226617526602
299.89041699151159
299.91045265756247
300.03210420854947
300.01805827551124
300.03626419911075
300.04935988688158
300.04985662178728
300.04877672174706
300.0346891886407
300.00298196334336
299.98549486500906
299.99273446560119
299.99168683182643
300.18938031446976
299.99886424668784
299.98766979164026
300.00161396251536
300.00459319938017
300.01379482254578
300.01574433705161
300.01137639822991
299.98831437485069
300.09674474909735
299.91224111775506
300.10488867415825
300.06309558146376
300.03457505213066
299.9938379367598
300.00977985572104
300.00466690550502
299.99839794136528
300.20174461455434
300.13947667514475
300.08635034039554
300.05316370828137
299.99604783341238
300.02245736911192
300.05296983659719
300.05575717521612
300.00963846545494
300.04050711964339
300.01532603159541
299.99269775366497
300.03230541896198
300.00317846804825
299.81786213465551
299.99634272349897
299.9909557410424
299.99993820772545
300.04314149977188
300.02075763211593
300.01277389519618
300.0124645900558
300.01331047657123
300.02609115809071
300.01755302120171
299.98465944584569
300.03890278480389
300.06030409287428
300.00951453129318
299.99213579822549
299.98280781830539
299.98092312583231
299.98830668966747
300.00107311276599
299.98404416470373
299.9898488235176
299.9995788701163
299.99591990006178
300.01811805720581
300.04249055538429
300.00538528781965
300.0278387908761
300.01501512030967
300.21088179847538
299.88678905083071
300.0146733409436
300.00713829765789
299.9920345707099
299.99435002302874
300.06338472205044
300.02612117412019
300.01699181195045
300.01049552172407
300.02159398618915
300.02992136470283
300.04363206943646
300.10022238395692
300.01784996354377
300.01785591113986
300.02179450733644
299.99648270319938
299.99323072843237
299.98203271551853
299.97307495799294
299.9714243855085
299.97675060153404
299.95300336646301
299.94118538021138
300.01244241250492
300.00795878198409
300.01556045346064
300.02329655356328
300.00474752863209
300.02156422468386
300.02153154135976
300.1198878438708
299.97723456620383
299.9952842346766
299.983020386379
300.02606737959326
299.93545172786179
299.967873460058
300.07482836694777
300.03359699193908
300.01644693959003
300.01448144645849
300.03446377436813
300.01999222016201
299.94473237416702
300.00462106862216
300.00828478062937
299.99939930534083
299.98245610031086
299.98966476770335
299.98647919936349
299.99941722991679
300.04775971810085
300.02297884675255
299.98949892614689
300.01226668839479
300.00291140470694
300.03351726599686
300.05495247133337
300.05308506007253
300.02025296000539
300.02539412229783
300.00737623476772
299.8929633238792
300.00277536432094
300.07312602744759
299.91992194765339
300.01135524948427
300.01551019103221
300.06184066005301
300.0392550269263
300.04297259552715
300.02342428544341
300.01574957540367
300.03056140976412
300.03883636705245
300.01873353348964
300.01423526241308
300.00363474579405
299.99485522362659
300.00171651274036
300.00563042683848
300.02085472437994
300.05089357427613
300.17211059302628
300.01754527453505
299.87802115590642
299.9952881698764
300.02222840914027
300.01717632947458
300.02929997938071
300.06528623018164
299.99840663153941
300.01510728358949
300.00758568858907
300.01035039426642
299.99314733231938
300.00010773230213
299.9877275356705
300.13207682811799
300.05879382227226
300.05576246059434
299.99019218148857
300.1191674475225
299.84837054351124
300.00552805331535
299.99416107965595
299.99128888499496
300.02005856679119
300.01995824782063
300.00540498439676
299.99379263101849
299.9973260526491
300.00164295251602
300.02518237531928
300.01922730349031
300.18290586848951
299.92555641058146
299.96842285982524
299.97141696023903
300.0018842392173
300.01163283471368
299.97550290718277
299.99880939091037
300.00422722312118
300.00896248278355
300.01150324171533
300.01608322631768
300.00929302833026
300.00576366806956
299.99397298258839
299.93774345518216
300.07354151046854
300.04324835863326
300.02069089079538
299.8803549956645
299.95990556857288
299.99355116376381
300.009345404172
300.02104263434904
300.03084250565684
300.03351990323216
300.0091609777146
299.98737800503221
299.99621249027035
300.00018310121402
299.99541582376952
299.96546796115376
300.02527340815078
300.02819672855412
300.1917706263655
299.7846933927022
300.00893474369508
300.08540129069263
299.96597184351577
299.95571738530339
299.99427561694836
300.0075259976831
300.00852715457012
300.01531169290638
300.0952251079936
299.97284952979328
299.96173469278955
299.99624920150728
300.03169458867319
300.03784239164594
299.9291052875364
299.90681539623199
299.92044744096773
300.01539124744517
300.05798215398119
300.1507563599933
300.22870986574509
299.87664956379075
300.02790119672318
299.96443576809287
299.98863718445011
299.98018217023446
300.00120326370609
299.86593182177745
300.03158334969629
300.03012909673731
300.00383738273092
299.97070498939377
299.98739766174913
300.01315680377729
299.88723169548302
299.99815152005147
300.00616766003213
300.00143538876796
300.00517803750273
300.01071107137676
300.02888431488083
300.02734690316885
300.02094164169227
300.03739629705751
300.02308378630141
300.0358118262601
300.00134901872343
299.94229257426315
299.96077057968694
300.04168181965719
299.96517134273904
299.86332067343801
299.99843720610386
300.04543302794553
300.00799684188445
299.97740790247144
299.99226633506129
299.98929845398476
300.00781081659113
300.20709672273767
300.02644395163122
300.03929790523381
300.02731629153004
300.00037230890018
299.9896770597789
300.02090789004535
300.13881906751175
300.02208167584581
300.00563560160487
300.00059830336335
300.00697856835899
300.01709625732985
300.01972849340973
300.02286384215557
300.01630335314735
299.92452852862675
300.08383203318863
299.98823050789485
299.81776105370852
299.95372023975108
300.02586231956519
300.0207549972173
299.97843894496327
299.99986419444582
300.01041381854452
300.00079914428085
299.98534331086358
299.98140184623281
299.9814268849662
299.98620311333394
299.96502093895936
299.97915616418686
299.96014383000261
300.00721965829194
300.01356312245122
299.98548447752057
299.97345001310583
300.00354187631137
300.02409534795163
300.00691183053891
299.98705871509634
299.99972966216109
300.00015664908
299.97067704008003
299.95573911636012
299.95629459222459
299.96610400873618
299.98210079527172
299.85858235551683
299.90901608157014
299.95567412648182
299.99716752670594
300.01773945206014
300.02167220299367
300.19328608840709
300.02799011344501
300.14857586389735
299.89423617552222
299.98464279899906
300.03855403189812
299.90802976164332
299.95835699737324
299.96397227102813
299.95658027579367
300.01173233175643
299.97961270358888
299.98452514885338
299.99301154066586
300.01225790734173
299.99676021470106
299.99119979423421
300.00327957977765
299.98033526806501
299.99441609687449
299.8079095678678
300.16226395607669
299.95983750486556
299.95619522857015
299.9649839735772
299.99725136402918
299.99610001211767
299.97565227305506
300.12044875372544
300.20324568748521
299.81638935784071
300.0538444249886
299.8394730329598
300.00473966406571
299.99219489416413
299.98747730780633
299.98400379536361
299.97164966333042
299.94624672862989
299.95515210561507
299.95694847474368
299.93561840344398
299.97290661218233
299.96995065379656
299.97961092130276
299.98285743889335
299.98134302849212
299.97041828392202
299.93527239200256
300.03090793202199
300.00339155403123
299.9823445517215
299.97766627345936
299.97519803180109
299.98399957081665
299.98175959436759
299.97833539318111
299.96502724816065
300.02401108626043
300.02851760127817
299.94265762097302
300.0143537028452
299.99904041597563
300.03713449827001
300.02388103660786
299.92133551966333
299.97666665247743
300.01285926306298
299.99509952737765
299.9544774825298
299.93972117181579
299.95618625492313
299.96083744227622
299.90627694112351
299.93169489365869
299.94004849913608
299.95761586914961
299.96436463094386
299.97780896061954
299.97146715728627
299.9626722022403
299.9417286724115
300.03243372885754
299.98277406687629
299.97686877366453
299.98638157374114
299.77375055872284
300.18363078865917
299.99084685349987
299.97588945773191
299.97114656003504
300.07011161100007
299.89470837641977
300.04912078013376
299.94454880056128
300.00404502215594
300.00336943449065
300.01478852539537
300.01648748328563
300.04171724650524
299.99762493966375
299.96232892395676
299.94329966300097
299.92574408706253
299.95300047443453
299.9280552019203
299.93663621342426
299.93878271050198
299.95209554745662
299.9567432348681
299.9657135628795
299.96781574574658
299.98238684016707
299.96810667651187
299.97279976247307
299.98270025951757
300.02051280041002
299.99216697683346
299.99534923479354
299.99418552944877
299.98082239979396
299.98380411976422
299.97996375276091
299.91922611689654
299.9950669583709
300.03998241124953
300.05213522036246
300.03526132910457
300.03602044190501
300.12166618758226
299.96011750882894
300.04888585775109
299.98842151809208
299.95638056831763
300.01921999260884
299.9010502767411
299.94193962128048
299.98165532337282
299.9656581327427
299.99304886155522
300.00458419437899
299.98051195543962
299.99224130552949
299.99687526397406
299.99943976624945
299.99074583250882
300.00047225397958
299.80597583377823
300.20232629413874
299.9973096386509
300.00472903224841
300.0081242146199
300.00401279219756
300.01214372371368
300.01814456964172
300.01150303930905
299.98693808826761
300.03812662686477
300.17301553994344
299.93579798709408
300.0440336590537
300.05629597980322
300.02926497166771
300.03356519046497
300.00578494199323
299.98581432655112
300.00083636766129
299.96175548066248
299.9977745325138
300.1538948293761
299.98937346626127
300.08497098625901
300.05763713440098
300.02734288842709
300.09644859892006
300.03098189668691
300.02423667279578
300.01922146043353
300.0142887201697
300.01091871713948
300.01696252482338
300.00381215839298
299.99443916681963
300.01580897587087
300.01276280705673
300.01503959537689
300.01488178899422
300.00471774374211
300.00585554410225
300.03253717503179
300.04670640006788
300.0200545173663
300.05029622318034
300.06254829907783
300.04368058619929
300.14980813806886
299.96769618757742
299.92882242567947
300.01286172665937
299.99967932965581
300.01032468652613
299.93973859364604
299.94308255076157
299.92027964697979
299.97454566810296
299.99411605827356
299.94721446388093
300.01089918842212
300.02712336517249
300.04974133875527
300.02131327117144
300.01356263296901
300.02391377355406
300.01521212213839
299.99774977903388
300.00653580966969
300.00608531408108
300.01338951467233
300.0148284362719
300.01636872759633
299.97102206088255
299.98414097886263
300.0298797222469
299.99709978938705
300.02134217802455
300.04470420787652
300.04055643905349
300.0313924088311
300.01325627917237
299.99700906753259
300.0230269473393
300.01169310765113
300.06378342227038
299.91811555034678
299.99366593711341
300.02292829605608
300.02081250804446
299.99911991312575
299.98921925465663
300.01772886798341
300.02875660726863
300.03043253334852
300.02677570268685
300.00660004198772
300.01743297006936
300.02129713239589
299.9956676645221
299.99160086932687
299.99355132841964
300.01079919704387
300.01785558976241
299.99941407625437
299.93492905364184
299.9056091067211
299.99156075400992
300.02768528074444
300.03231355992796
300.01884355704169
300.02736505384388
300.04135789522275
300.01515925554429
299.99455112439978
299.99936687594072
300.02352894319569
299.98755491576122
299.98174248577612
300.00152975930905
300.04032943189515
300.04434059556564
300.00274712126696
300.005183324401
300.13275940288008
300.04195845722211
300.21965862841807
300.03840157261675
300.01881146766812
300.01348638024137
300.00796083113499
299.9920924668711
299.99083058821884
299.99239614008911
300.00268742983002
300.01165558254502
299.98600817856783
299.78706945185269
300.02358848595327
299.99073006629931
300.02402103684273
300.06725091642403
300.02637150367292
300.02751985670307
300.0914052970806
300.05906449376891
299.90900380258171
300.0862933652225
299.89872398953537
299.99223874069162
300.01333267412792
300.1017122751303
300.10978192972675
300.0958658813791
300.01743617600664
300.00363206343894
299.90636433290365
300.06138056475839
299.84161276880769
300.0132873095846
300.01316009079761
300.00871943125998
300.0015812368049
299.99672052437018
299.99942457907133
299.99693848874762
300.00940141066565
300.02389257409362
300.21676774514737
299.91352856416984
299.97903283035191
300.00262973004402
299.81477641836983
300.028163230063
300.03260500733694
300.01738636643245
300.01999321291561
300.01274025345032
300.01800340766408
300.01870909708316
299.99931393770277
300.00360916400894
300.23490227231923
300.02204901860284
300.01677239144857
299.99731256355011
299.99376164384256
300.01491449472479
300.00011348641556
299.97241512095576
300.01468411539025
300.02026935253252
300.01520232735606
300.00521692436683
300.00133753555241
300.00346573112637
300.0149667313874
300.02451079268656
300.0394723971425
300.07710372922213
300.04108170481805
299.96377774665217
299.96300268658428
299.9764985944837
300.16480577818197
299.99516843650713
300.01861164897502
300.00956642684736
300.01188956767731
300.00989159911654
300.00231392293017
299.97905489375302
299.99516773507548
300.01990031597791
299.90192987110083
300.06172951895564
300.03076053730877
299.99182723216762
300.07983249212094
299.90985263190407
299.99870448603536
300.05587335571835
300.11293095535763
300.00806298316814
300.01485394201683
300.00346531157322
299.99798700660938
300.00183567073179
300.01977882140045
300.04482529167194
300.0333446731313
300.10924144707815
299.99402684758621
299.98977058983564
299.96983952788196
299.98258530456667
300.03649549888758
300.0156155903021
300.12660189580828
299.93007361638047
300.05394415263254
299.97497851556903
299.95577968631238
299.98445742089592
299.99493319375318
299.99417233599377
300.01918867711896
300.04029626727623
300.03220699864153
299.99398323305047
300.10846575000403
299.7617532512831
299.97019535072491
300.00713762721847
299.81247303858243
300.01669382555764
300.01698774545542
300.00311377397583
299.99508167349831
299.99817746725648
300.00222301322196
300.00931586437633
299.97574533130461
300.04746464528989
300.03440086437178
300.0307515019615
299.98999958034062
299.94777674712117
299.99853155355981
300.00294575003102
300.01645126022322
300.00834804356867
300.00397374288173
299.99755982136912
299.98582098669442
299.99310213098198
300.0081211343001
299.99767996482456
299.95481458023107
300.12443737319995
299.93370825325394
299.93796342623631
299.9251207017362
299.92837663667814
299.97850418625427
300.02052072477289
300.02638799632149
300.01479904002775
300.02241710016
300.00558540384964
299.99060500573097
299.99114705791999
299.98258090929744
300.0116449313586
300.08816648921442
300.06049687564462
300.06515204054108
300.04140723183781
300.02006076290195
299.96984288259324
299.99754902812816
300.02096651353696
300.01207606385924
300.00660034906628
299.99771274107741
299.99560315558261
299.99283895762267
300.19001364470472
300.01250662119526
299.99757873903229
299.97559316864158
300.22701876032096
300.13074961903152
299.92607472671585
299.94844096565237
299.93879391967874
300.01962115965563
300.02116259764489
300.02974304888613
299.99156560494919
300.00331611693753
299.99882353793947
299.99438816649342
299.9855984529147
299.9805178213706
299.98212625476168
300.02992492636923
300.05095202221707
300.05885596965186
300.02598771453461
299.98013228363772
299.96980642565512
299.99421152507364
300.0146238141059
300.00893625979637
300.00277758219312
299.9955541489951
299.99208673341712
299.97792452435124
299.77471207487315
299.9680059640811
299.98027894580281
300.00447379486963
299.81093692587262
299.89840169250562
299.828147732817
299.92371981681788
300.00578511802303
300.03943855939474
300.00872058060617
300.03989997903597
300.01009018228319
300.00730538906259
299.9912207921015
299.98153504581643
299.97146970974052
300.07123572305005
299.82824456142902
299.9744677813884
300.01851196911855
300.03766811412385
299.99081822410602
299.96703483905435
299.97719860936525
299.98859145421238
299.99818895393184
300.00076492921039
299.99529601585658
299.99171365984631
299.98988682767629
299.974941589916
299.95788608691794
299.9611128272939
299.99321235801898
300.11433123483494
299.99921526507876
299.96203813556065
299.921264858504
299.96250045124583
300.02820736132077
300.04499463945319
299.98207449000478
299.98983523638753
300.02056468172333
300.03246103790099
299.98585089192375
299.93902443572404
299.95932123962484
299.9518603827936
299.96217380728723
299.9767094888357
299.99559084117021
299.99643391318199
299.96788512486438
299.95961578646774
299.96734780460241
299.97668020562344
299.98139373083035
300.00065184566222
299.99736187352471
299.98710876500343
299.98416188967013
299.97859820057846
299.96909047885606
299.97271697149358
299.98902878140154
299.86961819020968
299.98401214797985
299.98332405886174
299.96854407157184
299.97718819153511
300.02724701419959
300.0086602480917
300.00773230623975
299.99581023503214
299.99787467413404
300.04507582774676
299.98231778742161
299.9116669358649
299.96412610999715
299.93699950124511
299.9395956501948
299.95345921652324
299.95777607842984
299.96363618744806
299.95447484526773
299.94823531832594
299.95555558815067
299.9725197429924
299.98023348971287
299.97726619411026
299.99747868671091
299.98035057746421
299.99120320099883
299.99194645146855
299.97391644730618
299.96772034065509
299.93653361624217
299.96336023780447
299.97650007418588
299.99209377724361
299.9689748203844
299.98561141145956
300.25428753326412
299.74900243331655
300.01207702627698
300.00139342088954
299.98560898744046
300.02187274491786
299.98892336928662
299.94786718387354
299.96529348783332
299.93637504363204
299.94301732609819
299.94127797752458
299.9330385287879
299.94350120650682
299.96076395589699
299.94934144599642
299.9563050340447
299.97262350496533
299.98547006886082
299.97975830909621
299.98641992034243
299.87530681223882
300.11539931943321
300.00658265464671
299.98845221513278
299.98424922184091
299.97370442190038
299.98950849341543
299.99584173701834
299.98902418447534
299.97144220074796
300.01687348438156
300.02702254770446
300.01303833906064
300.01955744189615
300.08235579026893
299.97398791261901
300.05573198919177
299.99050385684149
299.93039070450533
299.99466257477189
299.90684746345335
299.92910425975555
299.94878082884679
299.94214440142315
299.95104914223208
300.00458380230185
299.98046515809943
299.99215646372772
299.99684434051522
299.99943632614321
299.99075449557665
300.00046338203299
299.80596463946131
300.2023237020432
299.9972835497345
300.00467609761984
300.00804659903474
300.00393781148108
300.01206890274585
300.01808417931392
300.01145647494633
299.99504325684495
300.03995328733737
300.05205166673932
300.03515083929017
300.03591930022606
300.12158503407181
299.96002787921987
300.04884600678281
299.98840414735338
299.95638498860831
300.01919327939328
299.90095909717172
299.94170531149314
299.98130943467078
299.96533320944752
299.99291435032245
300.05771987025969
300.02732946280048
300.09628330250996
300.03096507771772
300.02425986676002
300.01925476676649
300.01431371002212
300.01093930330114
300.01698300430013
300.00378895031878
299.9943875792888
300.01574349911726
300.0127260838068
300.01500849647607
300.01483466401055
300.00466281038285
299.9868833435425
300.03804429985013
300.17289532808394
299.93567038350068
300.04394990102378
300.05622326347913
300.02919557801528
300.03351743571545
300.00577542624956
299.98580255467226
300.00077763450662
299.96160925414773
299.9975626615398
300.15367786570914
299.98920798783473
300.08494483177049
299.97466029266127
299.99416965291391
299.94717120000632
300.01090355852341
300.02722239096363
300.04980748457263
300.0213588626703
300.01359667459951
300.02394102503706
300.0152034815635
299.99770925453174
300.00650553384105
300.00609323088145
300.01343116673456
300.01481614151845
300.01632669994171
300.0057753284695
300.03241684276094
300.04654372674145
300.01987823693747
300.05021014359568
300.0624656725231
300.04360319399797
300.14975623634086
299.96767672272722
299.92879272156335
300.01287087952994
299.9997915584799
300.01043752321567
299.93984808420834
299.94319420112237
299.92039256097593
300.02092414782868
299.99913585532835
299.98910853919404
300.01765912917284
300.02930326754716
300.03052820971101
300.02678687820384
300.00662289051451
300.01745785973281
300.02129623546097
299.99564817542148
299.99161190502161
299.99358793020741
300.0110688211368
300.01809947070922
299.99939592095882
299.97092336044096
299.98401839577286
300.02966869450211
299.99686816310555
300.02122129022746
300.04469212540255
300.04050710128001
300.03134275185914
300.01323479395302
299.99705655603896
300.02328660179131
300.01224391239657
300.06420080744181
299.91840368073304
299.99389857670565
300.02309551841944
300.04436709413744
300.00258831625229
300.00484982521812
300.13241016629451
300.04295198886774
300.21975373429234
300.03832356969946
300.01876924994031
300.013506456534
300.00798080348767
299.99209823626802
299.99078921941492
299.99205660703035
300.00262890318061
300.01245001910348
299.98621752613423
299.93485941054058
299.90545213968915
299.99131272730477
300.02743523409811
300.03203538230582
300.01901948321608
300.02745143808016
300.04135150335526
300.0151934992482
299.99474779060756
299.99975449212315
300.02394812660185
299.9879015863973
299.98202084444443
300.00170726864286
300.0404270049147
300.09573928383651
300.01721532505127
300.00339481258351
299.90588731448787
300.06115661956665
299.84146283529333
300.01318151340303
300.01308790448076
300.00871600515984
300.00160874048038
299.99675340881072
299.99945570147031
299.99693036131555
300.00894498508501
300.02440856758528
300.21690239491926
299.78698027849885
300.02339839978129
299.99057876877401
300.02401721678899
300.06668202790308
300.02663683465255
300.02771041994737
300.09144681684324
300.05916239484941
299.90919329194094
300.08625879585071
299.89837105700832
299.9921594590827
300.01347166849763
300.10182449419455
300.10981336247607
299.99724428137381
299.99339803700394
300.01475426887345
299.99988391031468
299.97204017675961
300.01459772537771
300.02020639708684
300.0151352608612
300.00518478270664
300.00136486259584
300.00352392252205
300.0150382964859
300.02455004364742
300.03942635020127
300.07718184625969
300.04104442932459
299.91339967347739
299.9788290951895
300.00248123243409
299.81483304216414
300.02808579414045
300.03287761973053
300.01753681556471
300.02004060943011
300.01285812282521
300.01818017787394
300.01871364778833
299.9990910899981
300.00358039297424
300.23509399366401
300.02215046307441
300.01678311635919
299.99177612683417
300.07976286985621
299.90974651590545
299.99855373790547
300.05576311746444
300.11287331703301
300.00804084496161
300.01479012254805
300.00343819439735
299.99802187327288
300.00190859895781
300.01988303429749
300.04491543044139
300.03340305416475
300.10925353641261
299.99405136278841
299.96370273896031
299.96291866467675
299.97642972841783
300.16480203562509
299.99521046336696
300.01866852866203
300.00957668932699
300.01189794850001
300.00997354998054
300.00250263625185
299.97926306109281
299.99536512632079
300.02010460285959
299.90214562447687
300.06182473520107
300.03076534058386
299.99393592227699
300.10836518308793
299.76163896836948
299.97014715995016
300.00714044274599
299.81245747160165
300.01658601496649
300.01680272443423
300.00316558390477
299.99524306382074
299.99826924430693
300.00238257447819
300.00943428289457
299.97581742606616
300.04757099029564
300.03458357953741
299.99001041587258
299.9699288745233
299.9825994790296
300.03653271300396
300.01563777262811
300.12658377425271
299.93003767051056
300.05392134593154
299.97501817686987
299.95589625729372
299.9846447973801
299.99515494369246
299.9943684059993
300.019298157241
300.04033497492884
300.03220455486706
299.9379446793584
299.92507746432648
299.92833367350056
299.9785031607808
300.0204778638635
300.02615099099592
300.01426244574998
300.02170314827339
300.00580188609644
299.99116111889219
299.99136752607433
299.98264058646708
300.01176304336633
300.08829779031799
300.06063659149572
300.06537981654333
300.03131590716328
299.99024100016658
299.94789519052927
299.99859985930192
300.00297363942838
300.01642852768293
300.0083096637087
300.00394595636857
299.99756685091842
299.98587582643387
299.99319305316646
300.00824547118577
299.99775137291641
299.95484858193726
300.12445168874353
299.93370877474138
299.92609085357952
299.94843440459454
299.93874883598301
300.01948792756752
300.02088073016716
300.02890214240944
299.99053183302357
300.00384603977415
299.99707908151424
299.99501100733778
299.98643580369941
299.98043374060319
299.98229391564382
300.0303620882936
300.05109517339815
300.05883336406816
300.04117462811263
300.02000726486682
299.97001259121379
299.99768347518244
300.02099923512031
300.01206283360733
300.00656297567122
299.99768543937256
299.99560534038017
299.99287368178307
300.19009289141849
300.01258467369973
299.99762053994817
299.97561806378957
300.22702636794594
300.13076239309504
299.82817827722931
299.92371997728503
300.00576903144929
300.03933322268608
300.00834539571326
300.03848692514617
300.00996836837299
300.01192896881929
299.9839211324562
299.9816243900828
299.97224923342173
300.0709517367527
299.82854652726132
299.9753463438081
300.01902361502994
300.03771015146987
300.02574635615343
299.98012472144973
299.96999622672263
299.9943192174955
300.01465668302831
300.00892273748315
300.00274902784355
299.99553452958929
299.9920877155688
299.97793789248112
299.77471707825578
299.96800086584273
299.98028200943844
300.00448458059583
299.81093989445469
299.89842104515242
299.92116614989959
299.96236824165356
300.02818830371621
300.04504958902106
299.98189298774173
299.98853014435673
300.01651731113657
300.03727619455481
299.98567732793015
299.93955445191631
299.95913268609706
299.95136589612264
299.96244452007414
299.97768960543567
299.99623655801815
299.9965842378121
299.99076336420814
299.9670649136973
299.9772954827904
299.98853877220444
299.99822066526383
300.00074378295761
299.99528123342424
299.99170422286289
299.98989538081628
299.97496156954145
299.95789437068316
299.96110560257057
299.9932178721379
300.11434733430252
299.99921490480386
299.96198418373217
299.96837355040287
299.97690252537342
300.02711857333833
300.00875418670023
300.00753671487473
299.99245380391909
299.988248344738
300.05235242658495
299.98681893321361
299.91113792109081
299.96348663701184
299.93646216521563
299.93965161421613
299.95400336626312
299.95813183750136
299.96366018125036
299.96787260655594
299.95960021253222
299.9673330113817
299.97656682940351
299.98134270656237
300.00063601282108
299.99735873845145
299.98711458016248
299.98418098473144
299.97862241904602
299.96911486617125
299.97273954460923
299.9890533963333
299.86964350065989
299.98402031353118
299.98326423136831
299.96889835751023
299.98535712609038
300.25399355814409
299.74894141843987
300.01212152857983
300.00064761669995
299.98295713140732
300.02462971917015
299.99024057619948
299.94771589331145
299.96492121610203
299.93607537249352
299.94304163458617
299.94151077223813
299.93319784345795
299.9435289787956
299.95449524354467
299.94824456205669
299.95554572357821
299.97250888879501
299.98020038673729
299.97726496420216
299.99748892019215
299.9803679075971
299.99122969491663
299.99197652728515
299.97394582332521
299.96774814972724
299.93656346991759
299.96339568951112
299.97651400611039
299.99205321474795
299.97138137507807
300.01679298513488
300.02692340999596
300.01310196094471
300.01968631778584
300.08248276140341
299.97396990769323
300.05586855300874
299.99068326967085
299.93034479242522
299.99457464705364
299.90680991030115
299.92921258241552
299.94900656168801
299.94232839447579
299.95110628103328
299.96078701578995
299.94936529369926
299.95632289103088
299.9726161976314
299.98546398596841
299.97976044791665
299.98643951303069
299.87533372434439
300.11542506047323
300.00661502897333
299.98849331871838
299.98429919070378
299.97375945726566
299.98956329568097
299.99587026979054
299.98901784323704
299.99191969194362
300.00046934428406
300.05409618594075
300.09045188441064
300.02022833509039
300.02966226170463
300.00949932289865
300.01735886083111
299.99566357188081
299.98714766981124
300.00813613908502
300.00162876071778
299.85897141185808
299.97234798620048
299.99454289017291
300.01187816875068
300.00305782137758
299.95809682344969
299.94628932008419
299.972962808955
299.99929523856008
300.00045084386562
300.00605607255636
300.00179248994635
300.0032822441957
300.00124955623653
299.99640187456913
299.99955317955022
300.01367790947415
300.04332717113425
300.03228948958139
300.02988511315596
299.9924917791808
300.00250071526966
300.05847803378907
300.29673288632398
299.84524208944418
300.01364915948409
300.01961343376428
300.01328500098992
300.00326248112668
300.00626624064995
300.01768785023427
299.94661424842076
299.95555556571895
300.02623748167412
300.01950447239221
300.04019482030998
300.03301743571325
299.98655611714798
299.99364614213937
299.99839810190912
300.01766937901033
300.01602756781296
300.01504323406385
300.00712149794344
300.00443132316599
300.00336377369086
299.99831324021744
300.00519263771406
300.02143230531976
300.05225373271247
300.03077405945578
300.02874662122514
299.99013292762288
299.99790681132987
300.03058390096299
300.04478675946723
300.05651614746233
300.24411729824828
299.85977841799473
300.01927829615431
300.01005781215667
300.00590040521035
300.02124799142911
299.97159681525631
299.97741048001853
300.03718304939741
300.03627267662608
300.02831739412397
300.02114149675242
299.99807143708449
299.99442965763501
300.00434062102175
300.02631075089994
300.02958944545696
300.02417109053084
300.01007983831329
300.00524103587725
300.00397989133717
300.00006157827085
300.00630465556583
300.02489784417247
300.05148923267001
300.03435899819107
300.02605791240723
299.78013181863395
299.98119767380172
300.01430284688905
300.01274122720116
300.03590860525861
300.05614647873193
300.11885314401485
299.9728533688118
300.00630439333332
299.98360473938584
300.0035867466172
299.9874500952659
299.99234080739564
299.99557707933531
300.05543212664946
300.05441649773195
300.04575696607213
299.9775674257142
299.9614128491117
299.99014105715059
300.01849418414452
300.02643944608707
300.02602399133781
300.01281948004851
300.00597836264603
300.00353845717001
299.9979727251835
300.00207992212262
300.02720282769462
300.05548002143018
300.03976242012311
300.21098106310467
299.8693665822957
299.94497924110834
299.98900139845296
300.0176569524391
300.02685194966267
300.02599267018809
300.04801832676537
300.0626501944829
300.02604291441315
299.93315314137993
299.98970110587112
300.00952199485391
300.01633322399613
300.03247429708057
300.02615462550756
300.06435930083933
300.06098329995899
299.98537939025545
299.98753226134011
300.01033837439132
300.00681891939166
300.01847152797842
300.01910482634639
300.01335859609725
300.00701398649835
300.00543962887434
299.99779396717759
300.00858427821953
300.0376582427192
300.05333303256111
300.16214766981511
299.95760173458723
299.90022919104348
299.95993013573758
299.97388662299403
300.00184971768465
300.02783642482757
300.01967768180413
300.02270471161478
300.03236382308376
300.0096309807538
299.99616200157931
300.01310038698119
300.01206112721496
300.02772800592493
300.00517610535275
300.06971419328897
300.21668645251412
300.14400725392852
300.00962019444853
300.00562689667828
300.00266138951912
300.01035227035067
300.02604056953959
300.00981877769993
300.00755420000581
300.00901694190469
300.01578362064038
299.99662825339828
300.01423549489812
300.04160001725853
300.05265272114491
300.03041364070367
300.02160338219556
299.8672106687257
299.93948601918157
299.98060372466176
299.99102068906643
300.01015452740614
300.01410909399425
300.01446795614521
300.01252782217335
300.00867409512176
300.02363528457971
300.052012340565
300.01772436350905
300.0078383828195
300.04065253121252
300.09827344598955
299.95484797054991
300.00457969245218
299.93745359210988
300.01737013418159
300.008105028052
299.98405136197937
300.0352461517017
300.01723621630492
300.00109711856362
300.00653856516453
300.01686183126714
300.00113951970462
300.01611917810828
300.05750512036849
300.04522689719477
300.03426892964558
299.97199136288202
299.99832199874362
299.96997686355712
299.97437543213312
299.98014312387687
299.99677148584811
300.00768428952608
300.00716456155612
300.00534260337474
300.00876859485021
300.00565666933863
299.97823062044125
299.99986963001442
300.01277821334628
300.0432462534726
300.01492438011991
300.01984391281201
299.98518837937587
299.98154034202156
299.98475300351754
299.96197445761891
299.98704235295702
299.98036085413486
300.00779734207771
300.00881128512395
300.00163254125357
299.9999844361293
300.00210685445541
300.03204674605684
300.23232491982469
299.90830298375801
300.0117491686695
300.0261330836006
299.89359281842133
299.79109515563164
299.9723772357101
299.99229031975062
300.00152940670256
300.01249685314235
300.00458886482107
300.00031249625039
300.0108905284718
299.99737568113881
299.99108305060122
300.00438409536105
300.01729271946658
300.0251424135584
300.0215539177965
300.02797954115374
299.9886774001215
299.97315314320298
300.00509099869333
299.88123338300113
299.98092012796894
300.00096922726834
300.01022481429789
300.00883343530143
299.99923522579604
299.99521080353821
299.99723982726601
300.00961964638549
300.03872411330985
300.02633559827274
300.04227819971072
299.81463965694746
300.35416549380989
300.03742721852745
299.91465216346216
299.97113697608461
299.99819659291779
299.99976776668808
300.00438057609409
300.00047560691343
299.99841191497194
299.98646322879677
299.98455989735032
300.01265339731367
300.02667540608053
300.01548702114172
300.03159930594984
300.0188397742163
299.92988582832857
299.95450074781945
300.10391622116128
299.98274146861019
300.00035444491118
300.00043922124217
300.00545055521832
300.00449477933142
299.99787883470066
299.99486449161947
299.99185182814796
299.99237988740379
300.00971489580036
300.04261848909289
300.06453530649935
300.31043660940782
300.04229524191805
300.02560816804203
299.90829710961572
299.97489849066386
300.0043959415114
299.98183310315972
299.99772317336124
299.99937029866129
299.99401121640977
299.98788691804265
299.99213784050374
300.00895730818252
299.97326751531853
299.98976425140381
300.06581580111981
300.04462165021869
299.91580160515377
300.03264451804893
299.79659619209991
300.09825897296889
300.03318391607286
300.02354464397979
300.00843130668397
300.00007130093451
299.99521735655537
299.9952113049626
299.97355523898625
299.97594133034647
299.99041385533957
300.02343628439348
300.05003084247238
300.06310538738893
300.01406944037939
299.95500170368115
299.95527905152744
299.96091089295237
299.99187183716202
299.9956954422351
300.00231176572646
299.99800276648551
299.99152644644511
299.98543557028688
299.98371905929321
300.00326080482319
300.00629608744271
300.01462560296216
300.09978477001766
299.98090566879483
299.82805594938287
299.79857097497325
299.94461400572828
299.91023127859069
300.00702221596651
300.01835624273247
300.01834040142461
300.00449897049327
299.99537037519815
300.00161724402335
299.94475884713819
299.95248985062415
299.957803750528
299.99955805678405
300.03316056177164
300.03821024772344
299.99940006407496
299.93101065296713
299.93567538374708
299.95921549637313
299.9917050274131
299.99907927940325
300.00065621718824
299.99584891928981
299.9913205234447
299.98045722847434
299.96619104601024
299.97528872682994
300.03042677524235
300.02051591548155
299.9632680732729
300.06892071451881
299.79194981432227
299.91708104778394
299.98190238579917
300.02542970843706
300.01766134897144
299.9890864246949
300.20326904326947
299.84470757392631
299.99410340533922
299.93720873221645
300.02492002077918
299.88035595065668
299.9449724585325
299.98130707287743
300.00744424333271
300.0134746024267
299.97979420804245
299.9373349513811
299.92468859477879
299.95746047850417
299.99176746084623
299.99739928613241
299.99946820285845
299.99515352359907
299.99220380445723
299.98317248305364
299.96777505095127
299.96237228402606
299.96129783797886
299.99428551914286
299.98378817169146
299.98333561096035
299.93053049106521
299.9428852245
299.97771933967329
299.97091700722956
300.01788717274212
300.01694122346834
300.03255597586104
300.02423638431389
299.99279108342512
299.90141018035138
299.98870213333129
299.98640205699684
299.86322610759646
299.95761153274094
299.98290856227163
299.99036615364435
299.96515709931089
299.94373364468117
299.91908123955619
299.95660363307263
299.98935804633578
299.99335196289928
299.99892976938878
299.99422465281185
299.99541318744093
299.98981015970679
299.97585137006718
299.97040422836363
299.96771394458125
300.00929192416459
299.99268151295382
299.99788842800189
299.95729255104266
299.95639686835113
299.99675298086487
300.02326293652879
300.06704358299078
300.01922303060991
299.95617354535079
299.99692714697568
299.98608221152932
299.96429926179002
299.97528474419374
299.94409924119566
299.92012128581075
299.96200931384305
299.96942357694371
299.97910307491622
299.97571370777479
299.9408522719786
299.92704891907425
299.95962254902855
299.99046280000891
299.99480720664627
299.99999158899482
299.99135133879827
300.00560755890768
299.99847489009727
299.98666528072437
299.98627560350269
299.99355383276696
300.02516648038818
300.01543837179509
300.01612518948394
299.97705824630242
299.98249129242367
300.0343939706687
300.08022486254168
300.0095953014561
300.02435715662881
299.99691965649447
300.0131806591358
299.99266317060983
299.97824464267012
300.00116691442304
299.99618901869513
299.85368854982477
299.9563491523669
299.97570487028048
299.98709737580998
300.00308539488469
299.95813442915426
299.94631070069261
299.97293814245182
299.9992480564681
300.00041478522616
300.00602462411882
300.00175542810803
300.00323124855208
300.00120349754849
299.99635613813984
299.99949880903841
300.01362315542633
300.04328297035357
300.03224088359656
300.0298641009195
299.99190197212471
300.00042824390522
300.05398865553707
300.09030753741291
300.02010398520014
300.02951413967617
300.00947534253527
300.01715953379346
299.99563652388537
299.98716774249715
300.00817597355808
300.00164244722987
299.85893877635044
299.97223515868023
299.99447269677171
300.01188322196163
300.03306949354982
299.98658961235094
299.99362044730998
299.99831695473222
300.01751898269009
300.01596640407564
300.01502593864592
300.00707780077028
300.00436042770497
300.00332667672956
299.99827150419162
300.00513776666753
300.0214060412697
300.0522198215869
300.0307445677908
300.02870778313905
299.99245819629039
300.00243275382365
300.05833430721276
300.2965546258626
299.84509540967412
300.0135248652474
300.0195086931426
300.01328576346151
300.00328547568751
300.00630328888224
300.01770731397954
299.94662991166945
299.95557580725466
300.02621996606217
300.0194908049528
300.04022245889655
300.02121941563371
299.99806992753315
299.99422048526804
300.00404629793206
300.02668241188525
300.02974051178802
300.02419412956624
300.0100473161686
300.00520490350766
300.00395438370413
300.00002684247499
300.00622445118705
300.02461297207225
300.05099650070264
300.03465719566549
300.02628079117903
299.9901105451454
299.99782419723175
300.03042105797743
300.04459235884781
300.0563561409989
300.24400284803704
299.85970400998042
300.01925344242085
300.01007241715945
300.00593065707
300.02126139386451
299.97162662640818
299.97750454222046
300.03730591981804
300.03638879583099
300.02842403627818
300.04590495498934
299.97744896780381
299.96002354448973
299.98628697973658
300.02154010158512
300.02738906558466
300.02619115382493
300.01279890278704
300.00596154678658
300.00353734157738
299.99794878389952
300.00193932049297
300.02527699910053
300.05210320759318
300.04185607527535
300.21285795488177
299.78014099593821
299.9811111971697
300.01416870678031
300.01257324616466
300.03577066863227
300.05606437881221
300.11879155843724
299.97282810620692
300.00631198034597
299.9836328034865
300.00362226640931
299.98752310501845
299.99249392024194
299.99574971516188
300.05555232558282
300.05455599985731
300.0612060435891
299.98518195408479
299.98314089658663
300.00239440702586
300.01706265995023
300.02261424109679
300.01997931908625
300.01329059864838
300.00700007936041
300.00545206051936
299.99778231798695
300.00806359297889
300.03312352802772
300.04585874060251
300.16809148969026
299.96162117837798
299.86975079730752
299.94490149648982
299.98890066654428
300.017513021323
300.02680340558373
300.02600426681045
300.04800473421352
300.06263616429095
300.02605883796315
299.93321649589643
299.98980281386639
300.0097049299041
300.01650154160711
300.03261594502726
300.02626551229753
300.06449494057352
300.14409383103236
300.00940341657832
300.0044416256805
300.00039137497942
300.01356257471633
300.0274090941939
300.00995793575498
300.00754699148581
300.00902632370014
300.01581488783546
299.99666318789815
300.01409600412137
300.03991023920224
300.05048796217648
300.03364238799793
300.02351060698504
299.9005007422985
299.95986256459696
299.97368390305854
300.00161167124935
300.0277877155047
300.01974921197962
300.022753538188
300.03237957667062
300.00968487243097
299.99629124734167
300.01325185069146
300.01226028388874
300.02796960039927
300.00533541730982
300.06979391188236
300.21675474756643
300.00454700664744
299.93742395310716
300.01713966231125
300.00765399495964
299.98367411901
300.03517185419986
300.0171856176097
300.00107440181654
300.00654083163744
300.01687354113568
300.00118572203758
300.01618516047273
300.05765645980398
300.04513053654671
300.03481147686296
299.97234187520752
299.86728457889177
299.93951517947096
299.98044016169803
299.99093391144601
300.0102450019445
300.01419250263615
300.0145241814663
300.01255333830051
300.00872803653664
300.02379529790267
300.05223062166908
300.01798933704418
300.0080307199363
300.04080029349478
300.09832583749289
299.95486267522023
299.98513026708997
299.98143835318353
299.98465001571367
299.96194707162107
299.98694062572929
299.9802739983038
300.00775510182916
300.00878070765606
300.00163818232733
300.00000503266591
300.00216174577452
300.03214359651969
300.23251159851975
299.90850539381091
300.01198191525742
300.02653119536973
299.99857947431889
299.97001094760623
299.97424588284872
299.98004866549047
299.99678036676119
300.00772831622493
300.00719207247812
300.00535131351182
300.00880625936526
300.00577477769457
299.97841218377499
300.00006283685758
300.01295508396925
300.04334292268283
300.01493847106491
300.01982242956478
299.98862975931621
299.97309602807286
300.00506400584447
299.88133032379034
299.98104014340845
300.00098978920454
300.01014847136372
300.0083903044993
299.99929235835776
299.99543832830648
299.99734109204979
300.0097377650643
300.03887146747212
300.0265363220916
300.04249799235441
299.81478931193175
299.89353452239709
299.79098469583164
299.97227201158063
299.99220331341877
300.0015338101303
300.012514617146
300.00459490473622
300.00029916492321
300.01089915301418
299.9974338527278
299.99117897089229
300.00448677000514
300.01733799360557
300.02514520401206
300.02152256175071
300.02795371376527
299.92988819757704
299.95449940100332
300.10394432086969
299.98286468888261
300.00044632577146
300.00028285573893
300.00494675725133
300.00504178829442
299.99815079340442
299.99542403142044
299.99206757039161
299.99246707849272
300.00982365341321
300.04281042625718
300.06470658969658
300.31047965622537
300.35418862818625
300.0374405506164
299.91467823513278
299.97116037070174
299.99819718571456
299.99975385386477
300.00436252154873
300.00045833760879
299.99840557125799
299.98649206246222
299.98460970586433
300.01269268933908
300.02666652053557
300.01543777626523
300.03155042146386
300.01883772027048
299.91588457296012
300.0326763392664
299.79659216503956
300.09818741170619
300.03286444915017
300.02210818357742
300.00858656996337
300.00601881793557
299.98850230054518
299.99472276841988
299.97442255858078
299.97592887138512
299.99050515391593
300.02379405685093
300.05019664538401
300.06314325226845
300.04244795192238
300.02583647285104
299.90847707540576
299.97495207355286
300.00439329916151
299.9818091204798
299.99769719032872
299.99934716671942
299.99400683346607
299.98790826993417
299.99217327787471
300.00898464816498
299.973259698883
299.98972451967319
300.06577578435378
300.04467961031548
299.8283178560016
299.79868545622708
299.94459837459624
299.91010549018085
300.00622692443193
300.01655598685966
300.02390728870984
300.0371050825359
299.96500790699889
299.99498596817222
299.94430223499103
299.95222954074325
299.95806335164298
300.00037981875647
300.03351214766889
300.03863068249075
300.01399422822931
299.95525933361375
299.95543867831691
299.96096163694028
299.99186386022524
299.99567297492115
300.00228818591563
299.99798639026864
299.99152990987301
299.98545754091032
299.98374759988832
300.00329411199323
300.00630831218359
300.01460813690164
300.09978020073305
299.98098277305593
299.79206361611114
299.91717901237666
299.98187397975283
300.02544112371658
300.01713320243505
299.98521413040737
300.19399307312693
299.86126646640133
299.99196065571618
299.9354640272179
300.02488483448855
299.87978607064264
299.94509917969873
299.98230452487041
300.00800006934463
300.01356384181605
299.99928188041616
299.93101663754982
299.93572634891649
299.95924866605054
299.99171106323911
299.9990697737959
300.00065012590062
299.99584777031993
299.99133134457355
299.98047932483877
299.96621805462536
299.97531558166321
300.03045080013686
300.02052082251549
299.9632256137586
300.06882962866121
299.93064164345947
299.94300490383296
299.97769331203284
299.9713908901233
300.0165553511136
300.00500498862095
299.99642502898848
300.06328081171324
300.00870099860163
299.8996830925721
299.98793723157826
299.9858860691067
299.86319939690549
299.95799305295174
299.98312772079572
299.99033205071987
299.97971700445851
299.93731506586522
299.92469855091605
299.95748432071252
299.99177178990249
299.99740367973249
299.99947699356625
299.9951640896233
299.99222138620195
299.98319519640756
299.96779881683972
299.96239556696321
299.96132639040115
299.99430757639078
299.98378129469239
299.98324619576579
299.95723001576079
299.95614985006654
299.99660729423681
300.02335228090266
300.06689870492028
300.01610942094874
299.94320803207671
300.00678360841141
299.99070526438118
299.96411324730053
299.97500117626879
299.94380084728476
299.92008108564465
299.96216750953141
299.96946654208313
299.97904536243453
299.96509115931974
299.94371284438097
299.91907646414614
299.95660904771188
299.98937047473777
299.99336462397662
299.99894399307971
299.99424409867089
299.99543915370589
299.98983763752273
299.97587581998107
299.97042791600802
299.96773945762504
300.00931198718371
299.99268976828671
299.9978802381587
299.97701651601568
299.9823738427645
300.03439446989739
300.08033532417357
300.00968646123772
300.02427890402009
299.99528985954038
300.01486323649118
299.99331190263842
299.97824225513648
300.00105142738329
299.99609847563102
299.85368653102955
299.95640608792212
299.97571957812625
299.98703594872779
299.97565567038123
299.94082765551224
299.92703800879013
299.95962856785991
299.99048142382327
299.99482788232217
300.00001771990998
299.99138140150848
300.00565166832087
299.99851205843328
299.98669918555947
299.98631132627145
299.99358963920452
300.02519175754492
300.0154581829143
300.01613059266947
299.97964043918824
299.95385711225629
299.9916466893809
300.04156479037147
300.03245766806606
300.03312915187797
300.02508358370164
300.01243164050277
299.99664390865229
299.98531117136093
299.97802134804442
299.96290546668973
299.95535271527228
299.9983315777834
300.0183353125642
300.02867993817188
300.17374432181458
299.76558183493233
299.92940273887757
299.96134387473171
299.99895112776068
300.00988682515072
300.01395858608367
300.00924674292492
300.00000376347492
299.99276266286989
299.98861410258451
299.99571395546172
300.03138501669281
300.07031211657198
300.02946293001031
300.0424919130482
299.98570407769324
299.96307170067757
299.99578992925433
300.04083169931079
300.04401169422101
300.0385859312272
300.02989375996611
300.01428881283266
300.00012530498151
299.99365740064366
299.98937514756682
299.96400096033528
299.97604181510548
300.01657754144014
300.0348167777716
300.05101534130057
300.11945100944718
299.85695471505716
299.94320813238699
299.97943307240456
300.00877118762043
300.01593730877948
300.0173240059309
300.01128578559519
300.0012968405747
299.99705013224821
299.99520537686095
300.00315400676533
300.04268536522767
300.18315796036308
299.93481456855437
300.04170542304939
299.98652099796692
299.97065788577521
299.9980558308493
300.01789775937453
300.04396418967013
300.04897771642379
300.03852782302914
300.01702241733898
300.00420135464395
299.99882699628972
299.99955545270939
299.98271835498031
299.98817928202254
300.02585198849607
300.05368917723359
300.06352293790934
300.14279690828681
299.92962020522117
299.89756841566401
299.97676577491433
300.01135670528424
300.0196124324824
300.02065793826654
300.01243947667388
300.00310965212913
300.00047803744826
300.00046295563772
300.00883569165967
300.04239077453224
300.086310257896
300.03325387951861
300.04473352363777
299.98410664559299
299.97094223584088
299.98754421203972
300.00751360123263
300.02941533865612
300.03875819627427
300.04298982046436
300.01758996451343
300.006388888066
299.99386749678024
299.99896872545901
299.99750202284582
300.00077838750553
300.02426211575028
300.06643387494495
300.06578838149329
300.06945213070463
299.93985030396811
299.96115509332367
299.96859549341923
299.99191459928835
300.01739009202367
300.01913004445049
300.012471351839
300.00428007577295
300.00316478835856
300.0029487729127
300.01673089921417
300.05777778236086
300.18059789724589
300.12765744772804
299.84211662382342
299.96959188034566
299.97523182897316
299.98129029085544
300.0013448914271
300.01176480929041
300.02108969200816
300.02795228316563
300.02877600930555
300.00776002897192
299.98631193462296
300.00009064581172
300.01126318333519
300.016220255571
300.03716387985872
300.05686147074789
300.06860797511672
300.05409385925327
299.94862604287738
299.97742684538775
299.99788916143171
299.97188990703881
300.00737294778264
300.00650995329397
300.00784527245344
300.00787391575244
300.01540767871802
300.00012755793989
300.03124690420384
300.08358273293669
300.06608409279289
300.1095001719728
299.96437773204781
299.97239719954848
299.98929115790611
299.9801465387601
299.98758099434184
300.00779699178884
300.01886862173814
300.0219304045188
300.01899204260678
300.00305195515102
299.99734130824521
300.00355708438656
300.01315391888227
300.02875799806696
300.03530589687898
300.06593345748433
300.09963159259343
300.08248941754277
300.08744354554653
299.87921038734981
299.97452708596632
300.18481591439871
299.83938817415384
299.99017320332177
299.99112345159637
300.0171377460012
300.06663673519029
299.95766681204202
300.01848106372677
300.07664946401684
300.04492722933605
300.07938320802162
300.00776998059445
299.92759075763024
299.95802424785836
299.99699349372094
299.98399989637556
300.00018265206228
300.01166393361325
300.01296995932876
300.00911664817181
300.00729334068166
300.00860413654641
300.01651898474364
300.01562727526749
300.02298721264276
300.04689301893586
300.09017871696017
300.12856526297412
300.09609870722784
300.01767421761093
300.04304890289353
300.1036504866172
299.81290952839083
300.05327797582686
300.08623392842128
300.06668882430785
300.01067074515367
299.87987895378308
299.96414612698078
299.99866023085349
300.15832765622207
299.9676959844499
300.02546737572231
299.96993133511211
299.97845328675947
299.97212599234308
299.98328706166171
299.98714694753835
299.99275487076852
299.99490454732592
300.00711642352701
300.00032975938791
300.01290539250169
300.00522219172183
300.00390776510045
300.02043254526563
300.02149386159044
300.04031665806542
300.1522978059761
300.00170703529164
299.96582760431772
300.09128595942673
299.988349668745
299.96923970185941
299.99875567940836
300.00962651655288
300.00564405029644
299.99718665263066
300.0038692945526
300.01370129133659
300.00019342275294
300.0102355911817
300.04762622634371
300.03392048228233
300.02700095166733
300.01383636240638
300.00313303237942
299.99227745888834
299.9742680362308
300.00839039611293
300.01871480146667
300.04508170692765
299.99763856243447
300.07624783721889
299.93221701229015
300.00796972938775
299.95619943359571
299.98506692575819
300.00206774129128
300.00989764712347
299.90652618540594
300.00812086792649
299.96917328292119
299.83081870771508
299.95716431040478
299.96313847330993
299.98981301639685
300.00061752107774
300.00623121552934
300.00506700530235
299.99990772127478
299.99827437703783
300.00058812165003
300.01106570811811
300.02028426654022
300.03490197403158
300.04464944422068
300.04198345382014
300.03179546980124
300.02808155040316
299.8705262098062
299.97443463332763
299.99871867345252
299.97808193668646
299.99762747014796
299.99775427754605
300.0049758387118
299.99190374569361
299.99910489470938
300.02308055816604
300.0213996142956
300.14369408722911
299.93184460497343
299.95601934987002
299.91160469967076
299.92710034959742
299.96741997294362
299.97918905777487
299.99253482682707
299.98867247274791
300.0037020588361
300.00422371271691
299.99728064274831
299.9945243307709
299.99819014793951
300.0110285549228
300.00643295087468
300.02022052707815
300.05078476048578
300.06539573791412
300.00421652609356
299.90506458586299
299.92466078198953
299.98940629663645
300.04997441317079
299.9053007778316
299.98120395101466
300.00090880650743
299.99483484393664
299.99040073997406
300.19782783454986
299.86094312012443
299.97869569521464
300.0127691276229
300.10314082847538
299.9328405564417
299.92062244540733
299.93831335342475
299.93443286429255
299.98246633294309
300.00075092294355
300.00470408260645
300.0114900574784
300.00526046568604
299.9921354698343
299.98585900988536
299.98435523328686
299.99793264502512
300.00164654517891
300.01587886305458
300.01743947680274
300.04069252703204
300.01987486305211
299.88195409367086
299.97807510837578
299.91573156968417
299.98148853886374
299.97396522234743
299.99675371163801
299.99981966492288
299.9923705374477
299.98905600895574
299.99649412833048
300.02496661763035
300.01983952608862
300.01096561848459
300.21493997457395
299.81034791510916
299.92151660487036
299.92752603074632
299.95188892587743
299.98038696714212
299.99584533700533
300.00704005086391
300.01332452294184
300.00385494554166
299.99186333618542
299.98538840195476
299.97196083370443
299.98280853367368
299.99134695650372
300.00791766144238
300.02301096098665
300.03403323742083
300.04485580401592
299.85246863040493
299.92181195516633
299.94140567443401
299.98525554448253
299.99605649579883
300.00086906476707
299.99921645868255
299.99288846928442
299.98577004446128
299.9801169960329
299.98627026291337
300.02493810566926
300.04019798310924
299.98126749963023
299.99899880951972
299.92642593373211
299.92928523020959
299.95514083142348
299.98278211285594
300.00138881700485
300.00389550099175
300.01092605170118
300.01080693525239
299.99061138696118
299.96695548037695
299.97526786984452
299.96102043327426
299.97729673054988
299.99726623867105
300.02363176746741
300.02769241383527
300.08773329953067
299.83967715240607
299.88602947540829
299.94209063293687
299.98867044950833
299.99806433699752
300.00216823724986
300.00020886279577
299.993877036995
299.98494064231681
299.97634752415092
299.97538483651516
300.00048739074106
300.04075376931809
299.99835754949794
300.00850945807463
299.94064907148612
299.93336785754155
299.95897752044584
299.97209420978402
300.00772927535684
300.01886946804757
300.01991563776386
300.0075916224211
299.98751197399957
299.96275647866344
299.97128826379395
299.95916611706554
299.9604084562896
299.98130899630758
300.02297308413677
300.01335765774621
300.1604941857309
299.86650732035054
299.79485573366128
299.9398508507806
299.98765839969633
299.99921454398401
300.00580102779077
300.00346927170307
299.99596596446906
299.98524508275858
299.97642786056883
299.97859725473035
300.01058871204754
300.15464662285331
299.90196044907691
300.01356282107338
299.95283347549224
299.93440099645784
299.96337323066433
300.00435384251
300.02706080010677
300.02431099710356
300.00966335483605
300.00435945354502
299.99098971475115
299.97746690517812
299.96469201399259
299.95254137950701
299.95617175210941
299.98493519789054
300.00404443202279
300.00550508839592
300.15600085654694
299.76783898338186
299.91256615163422
299.94951930449639
299.99107290961751
300.00428270086468
300.01079748301845
300.00734297832565
299.99830324435658
299.98792627977133
299.98211496451324
299.98699306649968
300.02018496697599
300.06204069107338
300.01365831009616
300.03172797612257
299.96591210738802
299.94258374986413
299.97999225563109
300.03220163508803
300.02366044293353
300.02693427663741
300.01996939879825
300.00883050580256
299.99404821215228
299.98172844582552
299.97141815269788
299.95815678934798
299.94901241581914
299.98815287713148
300.00657187969051
300.0133994693428
300.17375195244034
299.76558784385861
299.92941115503135
299.96139570037383
299.99893819488358
300.00983560977409
300.01389391174291
300.00912325551269
299.99971709499175
299.99260784536199
299.98859393623007
299.99578926799535
300.03145722265134
300.07027701860619
300.0294113662946
300.04250256636004
299.97965036282176
299.95384940808691
299.99154587297983
300.04139597521987
300.03231810021327
300.03299903275126
300.0250287295205
300.0124753119976
299.99667511458046
299.98532280980368
299.9780606273419
299.96296464554462
299.95541505109486
299.99840092349552
300.01837342646962
300.02870058300482
300.11948268392422
299.85696169914394
299.9431564893365
299.97926284536686
300.00865806897536
300.0158087878674
300.01724392303174
300.01116616730889
300.00096829545259
299.99686289617483
299.99517109727054
300.00330706621537
300.04277244836038
300.18317254315218
299.93481267836307
300.04176739513525
299.9857172724449
299.96304990261467
299.99565399591353
300.0406225391697
300.04382681485953
300.03845427126885
300.02982402443649
300.01427118781561
300.00014290662961
299.99369498823978
299.98943095646831
299.96408033700436
299.9761272991895
300.01663605977814
300.03485265868102
300.05105017617677
300.14292128017644
299.92958735221174
299.89694223351552
299.97483003562417
300.0110147993654
300.01988996148549
300.02066724859162
300.01235488880889
300.00291509199377
300.00033260247494
300.00043317100756
300.00884016773603
300.04214417386174
300.08501667894353
300.03446545574877
300.04548083119005
299.98665510518265
299.97063868370509
299.99792530309583
300.01768126104673
300.04377412540106
300.04884572785511
300.03845522007214
300.01700192220306
300.00422464200443
299.99888684443948
299.99962586789457
299.9828133314748
299.98826993715909
300.0258736507742
300.05371695658931
300.06360937767386
300.06972722695178
299.93997417291672
299.957349056959
299.95826671042164
299.99982675545675
300.02025554399927
300.01964605046106
300.01237494909719
300.00422151006478
300.00314448654154
300.0029266028555
300.01621131812323
300.05293689387656
300.17297395593096
300.13308194346286
299.84636742415296
299.98486451993688
299.97096232866221
299.98742336492728
300.00734205291837
300.02926673235959
300.03866355058545
300.04293784390438
300.01757358805742
300.00641220249099
299.99393284036535
299.99905763526579
299.99759370562299
300.00083169056353
300.02419977555667
300.06640171141635
300.06592030454493
300.0547432357813
299.94874207826632
299.96668809050851
300.16038020197277
299.81109840997948
300.01923704131201
300.00868409203326
300.00808164257558
300.00788703316971
300.01541355251226
300.00001478719611
300.0285382420243
300.07076410201392
300.04891149080623
300.12849324157702
299.97620186971858
299.97092660223888
299.97532192876974
299.98116900264387
300.00122165088192
300.01172675238331
300.02109214279295
300.02795479222868
300.02877744967424
300.00778329176524
299.98638800038492
300.00020651984948
300.01139936806862
300.01627084442526
300.0370804331082
300.05681412128564
300.06881667492866
300.08280919916757
300.08738452033271
299.87505041154662
299.96624861747983
300.19379120168634
299.84377991206395
299.99065721426524
299.99118807235931
300.01715690664076
300.06668412375302
299.95778914697365
300.01770999245412
300.07084171601673
300.0394628140383
300.0868311073632
300.01311598560443
299.97296981448011
299.98930026807903
299.97993444949282
299.98741660964311
300.00781433812477
300.01894621274266
300.02200283306161
300.01902691859584
300.0030875131589
299.99743709786412
300.00370799823554
300.01336285315784
300.02885998891827
300.03525570749105
300.06590350553591
300.09978571442412
300.09614649751728
300.01755830238795
300.04247333072897
300.1023738474637
299.81302851994678
300.05342672223651
300.08623446464526
300.06670118114994
300.01068426101386
299.87987795741196
299.96422507448534
299.99882209736955
300.15912968758641
299.96784079238898
300.02596740286549
299.97122082519974
299.92845526092765
299.95832835620399
299.99675478889998
299.98377623405071
300.00020589507534
300.01180207754254
300.01308731826896
300.00918023611337
300.00733938832127
300.0086847266349
300.01667290619287
300.01580253562707
300.02312551571731
300.0468687059045
300.09015301031275
300.12861247891732
299.96580593397579
300.09120611400772
299.98823296225544
299.96915484984453
299.99860061013737
300.00957386406429
300.00564767504625
299.99722107028879
300.0038896489371
300.01368843861849
300.00022032254111
300.01032402787075
300.04790285168076
300.03422775855921
300.02744899768663
300.01457853253595
299.97937558220019
299.97232089188873
299.98298901300075
299.98687855686177
299.99276045717664
299.99506480731668
300.00726859283651
300.00041443864313
300.01293943740677
300.0052845169929
300.00400594386412
300.02053323142098
300.02153666992808
300.04026587430957
300.15223833384096
300.00168309004039
299.96917640191901
299.8308033651511
299.95717485077046
299.96323293035084
299.98996335455371
300.00067950385414
300.00617381301981
300.00499014931381
299.99998399936032
299.99839602600565
300.00063757605301
300.0111299888311
300.02045098936492
300.03520859613695
300.04489406644672
300.0418519065696
300.00255581266384
299.99172732433294
299.97376927425745
300.00813951761864
300.01873523323383
300.04520000128991
299.99773341186938
300.07629663973159
299.9322263831296
300.00799787164101
299.95624693744577
299.98508857266563
300.00202409618765
300.0097898492487
299.90643016556572
300.00809937192923
299.91156986095359
299.92706084900789
299.96744914965689
299.97932167104818
299.99268110941495
299.98872851532229
300.00328004528586
300.00382152945548
299.99772068097991
299.99497084122351
299.99833373267455
300.0110791747162
300.00654563149129
300.02043315412431
300.05086382119765
300.06498117124232
300.0312295198421
300.02753502695748
299.87017246528359
299.97432990810466
299.9987244003608
299.97814414462403
299.99767369874996
299.99776842072208
300.00496825113902
299.99191987834342
299.99912942511742
300.02306002163289
300.02131736727728
300.14355779333806
299.93171595747259
299.95594918088943
299.92044740148998
299.93818118973121
299.93438969070723
299.98250679287531
300.00066344918179
300.00404130443064
300.01036667662294
300.00606660882556
299.9912664555373
299.9869157600429
299.98503120591442
299.99787145382919
300.00170822317534
300.01598280076468
300.01719226071248
300.04040712459522
300.004530687206
299.90563174625743
299.92478208976655
299.98938938581438
300.04995917588275
299.90528423448029
299.98119093965408
300.00089357820457
299.99482941781423
299.99041140769691
300.19783867797048
299.86092072455864
299.9786411781447
300.01266138237429
300.10296885703133
299.93263681451776
299.92155077018373
299.9276089119931
299.95193085221433
299.98037613541271
299.99564934499142
300.00579951422407
300.01298920596963
300.01016356450668
299.98543672464865
299.98526589680318
299.97294106067841
299.98271627752541
299.99137121586557
300.00803876307378
300.0228954941561
300.03543494698619
300.02014405631797
299.88256087021688
299.97836331624421
299.91576552647467
299.98146842672207
299.97394102295533
299.99673404369821
299.9998033586707
299.99237234995076
299.98907158449987
299.99651550233688
300.02497284952204
300.0198229708011
300.01091372715769
300.2148009207508
299.80998833141541
299.92702731334583
299.92984568954876
299.95549517093252
299.98291370297392
300.00129344327445
300.00188134474473
300.00685141594448
300.01382576455399
299.99054790679395
299.96798942733341
299.97559709684202
299.96058843430569
299.97719247922038
299.99755913456409
300.02357792409975
300.02791516713114
300.04460809810666
299.85261016024555
299.92188199080124
299.94141638314494
299.98524447149407
299.99604612575439
300.0008632116519
299.99921558550062
299.99289675534629
299.98579296192707
299.98014847966334
299.98629682245536
300.02494824974457
300.04019969683583
299.98119538514248
299.99914097247057
299.94137318870389
299.93398638500292
299.95932646744842
299.97237627089913
300.00779115021891
300.01526819108136
300.01132769195948
300.0180279429182
299.99263307633379
299.96295437411936
299.97113486810059
299.95882952809029
299.96029265910363
299.98142442939911
300.02297741094873
300.01327056799875
300.0876316260223
299.83966488492842
299.8860305411182
299.94209688958335
299.98867087432785
299.99806690280951
300.00217308600406
300.00021589261212
299.99388655931608
299.9849660181855
299.97638348777417
299.97541717793246
300.00051745009176
300.04079159636996
299.9984699923175
300.00887575377874
299.9531575914624
299.93467838080545
299.96340772798499
300.00442050728628
300.02708032829293
300.02349490368255
300.0063256832251
300.00712247253927
299.99248868393755
299.97747665801199
299.9645272072886
299.95236160475855
299.95609422401213
299.98494289749254
300.00400207591468
300.00543256576475
300.16043082306237
299.86646963426546
299.79484330390494
299.93985054648397
299.9876625054813
299.9992287041822
300.00582126985171
300.00349433296066
299.99599454432968
299.98527206453338
299.97645571139981
299.9786281396029
300.010621439565
300.15468954202709
299.90201613171223
300.01371291813791
299.96594217032543
299.94262952387248
299.98002055659651
300.03229155169402
300.0237456409904
300.02700492146181
300.01989481087054
300.00914529210763
299.9941333387153
299.98171213371012
299.97135152839758
299.95808363151338
299.94895036589895
299.98808803939193
300.00651522330583
300.01334184053007
300.15595560414857
299.7678158365581
299.91255482248187
299.94951826500812
299.99108687008004
300.00430915263507
300.01084040677625
300.00740504611281
299.99843656640945
299.98800981444714
299.98213164000884
299.98699971566043
300.02018788888813
300.06207055900978
300.01368526985311
300.03173466483116
300.00666306072509
299.94180635113838
299.96464215775723
300.00348433721001
300.02658391086476
300.02892373578965
300.02560885872867
300.01275241019613
299.99688487011099
299.98383788470113
299.97546067073756
299.9747675701737
299.99402804125447
300.01560602130849
300.02505943797354
300.13751141071958
299.84480978865156
299.96161593728101
299.96838383745171
299.98973027611504
300.00865255831468
300.03470760121104
300.03237140693278
300.01731083851934
299.99829804220087
299.98134542841109
299.95450483880529
299.9918473212233
300.03006269560717
300.01986494228174
300.02306272276786
300.04064609071924
300.01583070346237
299.95491609805538
300.17098546603177
299.81665542550894
300.02959017245803
300.03328360878373
300.03011457396491
300.01659807248342
299.99893932428108
299.98828189929407
299.98263907365697
299.98247658017704
300.00031739859634
300.01993006922123
300.03662747014153
300.15298279980425
299.85846369143945
299.96258486082752
299.98106554431206
300.00335694229187
300.00643600973234
300.02048670773434
300.03217372255426
300.03310772998969
300.00249866697112
299.97487845698106
299.97550016601531
300.00426946923824
300.0450981552932
300.03141693465091
300.03059737845206
300.04846259293748
300.02102107947167
299.97051166219393
299.99498553697373
300.00387488659982
300.02461105742299
300.03478849916496
300.03193331105342
300.01830674635659
300.00236300058543
299.99247485100301
299.98981388209995
299.9941571683853
300.19659723350901
299.83413991403495
300.05590771702452
300.11287964338374
299.90566844669047
299.96842837954824
299.98222547857966
300.00851053547791
300.00321916874987
300.01198365830282
300.02428619647435
300.03060569702922
300.0050307758064
299.98521388368596
299.99745848172063
300.01252834034716
300.03294874763617
300.04570372671799
300.0438729112434
300.05507198858334
300.01827122496167
299.97659221770459
299.98541509742159
299.98631575194628
300.02015765566097
300.02880005059654
300.02858040579918
300.01831073947483
300.0036203528955
299.99642225847987
299.99852653629415
300.00981437700682
300.01275351317031
300.03356087795481
300.08521765505213
300.0614188215427
299.91832897228005
299.95624026768752
299.98351690563646
299.99443332025777
300.00395276710009
300.01760038265036
300.01383877470204
300.01219567229521
300.00646547807673
300.00594787400752
300.01187312962321
300.01688606198411
300.01747070766226
300.043224200802
300.04520253158438
300.06123863309813
300.04506203821148
300.01108652803333
299.98557586688383
299.99149619316091
299.9989522995877
300.02009417806511
300.02613822139693
300.01872603435862
300.00134066355088
299.99611199243833
300.00251738835544
300.01672506084549
300.01381944552389
300.03333165867582
300.06149838455525
300.06134549871058
299.94073740895686
299.95839319901597
299.9849614953859
299.99278929672943
300.00047597674586
300.02275527780677
300.00320009282046
300.00439647101251
300.00803805991978
300.012371431752
300.00959640657612
300.01458667286181
300.03095137342007
300.04133699405986
300.06568536925158
300.07558061077361
300.07283697829149
300.0907373238137
299.98969516877872
299.98342908949718
300.00482656450032
300.02903137290582
300.03738706834309
300.02688108239266
299.98998473117865
299.98332461864834
299.98933876043867
300.00897085866831
300.02628260232052
300.03355827816245
300.05919539800493
300.06954552177336
299.96129536212777
299.9712953802599
299.97685529981931
299.97716795191542
299.99890383325618
300.01838834946557
300.00077182753046
300.00314842738618
300.00924934879066
300.01960173370702
300.00187593461857
300.01136178333797
300.03342721807087
300.04260299420105
300.08871899104622
300.09688059444289
299.96044252239216
299.9607131178758
300.09380049206089
299.97613491279554
300.00018827474958
300.02654948098035
300.03175029141096
300.01511358088499
300.00141522141109
299.98691648497316
299.99192100010697
300.01468379607803
300.21593268079778
299.85388310620749
300.06768595859921
300.06675116930541
299.9882646359639
299.97906277648815
299.98954379307025
299.99094047888127
300.00413403157705
300.01436559292671
300.00338518164261
299.99676302318943
300.00700787865054
300.02186568947002
300.01158655155825
300.00942711287189
300.03307923348348
300.04956324517531
300.06409275147496
300.00117346581936
299.9694370909977
299.96916215913075
299.95991780905121
300.02552749557447
300.031227438972
300.06423975415657
299.82070943356536
300.00951471824834
300.0054472106828
300.18591319333643
300.00818736576895
299.90566658135765
300.00589655600515
300.01134333907947
300.03865984702475
300.01997077898517
299.97916784057395
299.96779502070581
299.97773477914615
299.98798292232334
299.99797089209903
300.00404386913101
300.00520796458147
300.004415447273
300.0035880134738
300.00534844274569
300.00157841296499
300.00814913840907
300.01846637782614
300.03128624632791
300.01789849602727
300.00509632873309
299.99135906629709
299.97906012314508
299.96534398390901
299.9809193600866
299.98670025772054
299.98994786703088
300.01156076488184
300.00248765722057
300.00889957474942
299.99871286714574
300.00389459170174
300.01945931853777
300.02187372750973
300.02942938115245
300.02949897822339
300.02997777717565
300.0231020389985
299.90711746283137
299.96715562554357
299.98582798803869
299.99461712523453
299.99289733832558
300.00563731437728
300.0052771632034
300.00044331735694
299.99881154329626
300.00367510335292
300.01520710324456
300.01345638304872
300.03036120751523
300.04102635908481
300.04051120003686
299.94576275730429
299.94417869765044
299.94710195390917
299.98006721930363
299.99095523919016
299.99249943025626
300.00042500888441
300.00210715164593
299.99928471328087
299.99386398100614
299.99957360847009
300.01495189111978
300.01907803391231
300.03737982331137
300.03596969457237
300.01452123622738
299.97049280733756
299.95124719370551
299.97898298456164
299.98877721700035
300.09783868108502
299.8778734156524
300.00028445288643
300.0054902542422
299.99636373169903
299.99002698431968
299.9963632589708
300.02193054471809
300.00182825705838
300.01902229743382
300.25000002448576
299.85857866972515
299.88998418671298
299.88707442360294
299.89547177920821
299.95592734931199
299.99634708489845
299.98314951232737
300.00048138456833
300.00239664536798
299.99394776151416
299.99185109438963
300.00006965828459
300.01925082645084
300.00644846242488
300.01719950993237
300.041190461295
300.01847806091786
299.98200678568082
299.95138203162247
299.95543428849021
299.98109288180967
299.99559078502438
299.99658727161204
300.01286265282272
300.01022819658618
299.98915667782802
299.97925490361558
299.98880913895601
300.00762373997219
299.99455578713548
300.00921991451088
299.98061554735716
300.03121482420801
299.9138336366621
299.90650556648245
299.94258539931161
299.95434253174153
299.99114826321545
299.9894824555679
300.00932457411733
300.00307488315673
299.98695686924725
299.99235664348191
299.98652130318834
300.00542544674374
300.01107627010623
300.01204915915787
300.02606520635504
300.02765054630191
299.98486131071411
299.95951403490136
299.9686869217507
299.97989672471357
300.18018601132741
299.81416431701894
300.0100969129179
300.00532683504099
299.98968696893826
299.98262427704685
299.98810662276588
300.00474457903107
299.99708432119814
300.00619635002499
300.01163441219353
300.03757227924797
299.86608115848117
299.91985502643138
299.94481327142989
299.97014973775202
300.00192501183693
299.98172794569933
299.99787460772342
300.00051279450355
299.99275445825327
299.98731111369989
299.98576974347435
299.98616678392972
300.00101895826663
300.02112833598142
300.0178858153306
300.02598425381433
299.98278536548941
299.94726228984126
299.95842055839006
299.96882177711234
299.99081110873078
300.004438883354
300.00798339094905
300.00447098182138
299.99030612186482
299.97873983927201
299.97921711968098
299.9955098348558
300.00134632770664
299.99946433672272
300.03804642387917
300.0591749168359
299.87082850697254
299.93973357317009
299.9440826438011
299.969539440446
299.99183715602612
299.99210004676132
300.00567957083382
300.01169497598278
299.99468637559823
299.97434036960345
299.97729430441672
299.98054939810788
299.99569912932407
300.01960543638722
300.01550614410138
300.0268678522267
299.98806441393305
299.93998079586703
299.95978881805303
299.96361765976997
299.99213000636064
300.01188044810539
300.01291789344191
300.00541693952357
299.99105094944031
299.97593667976827
299.96505660901829
299.96517348607784
300.095620416771
299.89482403994617
300.10449975561966
300.01725018503413
299.81050007654829
299.94732409414098
299.94398686799116
299.97380428522456
299.98783423332799
300.00623557661419
300.0283741551325
300.01238717431823
299.99661816557528
299.97151071916568
299.95821020670434
299.97528499583007
299.99906496826293
300.01906835566382
300.00823827391366
300.02430929017714
299.98528895134547
299.93338796846507
300.14253438102423
299.78832875325412
300.00785906037089
300.01955237089101
300.01750631800434
300.00772239653259
299.99247691398858
299.9769877622777
299.96459548569771
299.96207268752124
299.98325386427439
299.98834657047951
300.01167081475467
300.10205297783455
299.82849755046982
299.95135912508016
299.95587189934588
299.98107838436493
299.99948210656584
300.02843840308049
300.02844135139043
300.01619614807146
299.99775626869985
299.97706989278385
299.95041612584754
299.98277403013708
300.01538698248419
300.0106420458647
300.01170956538607
300.03038200391074
299.99342594889777
299.93572383073439
299.95467559690894
299.99472387281389
300.0195899501511
300.02434927859332
300.02142995996445
300.01009978999207
299.99481750647556
299.97989853665217
299.96885947081415
299.96761959986213
299.98570027282523
300.00545302151249
300.01326843761501
300.1234921622613
299.84478724549206
299.96159702632548
299.9683630533097
299.9897118706952
300.00862607774644
300.03466114331371
300.03223714911655
300.01689153272497
299.99755158524874
299.98089140991107
299.95450657044012
299.99220242340982
300.03027453840912
300.01989846716134
300.02306823834408
300.04069931935049
300.00678247607351
299.94180543501278
299.96459204758099
300.00332215646097
300.02645711363277
300.02883978912416
300.02555541964432
300.01275706450798
299.99689317419376
299.98384601856867
299.97548264710179
299.97480674644254
299.99410830526762
300.01566716655162
300.02510249195274
300.13751156915004
299.85847352771134
299.96259783964615
299.98104911029611
300.00331053887373
300.00635404771663
300.02042657761297
300.03195770459399
300.03257858858439
300.00152381682449
299.97429798734254
299.97553145375963
300.0048186224069
300.04546548929244
300.03163403205127
300.03062594562067
300.04855692926708
300.01591798621786
299.9549267484046
300.17090724378625
299.8164733614953
300.02940687337366
300.03317667587947
300.03004767426683
300.01658654638032
299.9989525251849
299.98830515870742
299.98269311415987
299.98255246196146
300.00039041313357
300.01995780348733
300.03662689626401
300.15298173233015
299.905841838463
299.96856083660862
299.98215888601004
300.00838653316345
300.0032148217212
300.01200298107307
300.02412597996431
300.03021752653865
300.00438904288916
299.98484569787399
299.99755355557039
300.01291915046062
300.03305006448903
300.04530701498817
300.04427976594366
300.05536141406571
300.0211167942735
299.97049198416931
299.9948874866314
300.00370206532307
300.02443782948228
300.03468326382642
300.0318636582349
300.01828757902274
300.00237269464907
299.9925268516651
299.98990009318823
299.99427153050704
300.19659907265265
299.83399037719954
300.05577264646479
300.11292081261166
299.91879630268659
299.95655265097571
299.98233986886049
299.99080578300703
300.00708984025721
300.01867136260967
300.01391383266559
300.01206363209957
300.0062877329749
300.00585677292469
300.01199438984378
300.01680923533883
300.01565508350643
300.03999685032574
300.04795792644006
300.06315522480224
300.01839270989063
299.97651683704549
299.98525286670218
299.98613180230353
300.02003790645063
300.02874889139167
300.02854399937792
300.01828949054033
300.00362767530208
299.99649919870888
299.9986640267748
300.00995169436419
300.01268090959888
300.0332727041615
300.08493525990247
300.06155691167669
299.94147907087745
299.95881461046753
299.98107571840666
299.98234328551473
300.00922028204678
300.02721050114883
300.00351638381795
300.00442287168124
300.00802553024772
300.01239578592731
300.00964190365215
300.01423108774992
300.02675149869646
300.03254143039663
300.07360240978085
300.08160558974942
300.04535518428708
300.0107432091483
299.98527206360637
299.99126257080957
299.99889670180681
300.02012551435234
300.0261658657414
300.01873147058893
300.00135942673029
299.99618754377138
300.00265873111493
300.01683589391979
300.0137418605708
300.03298294759827
300.06123549698896
300.06161826079597
299.96184451416633
299.97157296423268
299.97541589202706
299.97346360827555
300.00177909498319
300.01970548767298
300.00091966455261
300.00318698131821
300.00927994156586
300.01965121282581
300.00192757155918
300.01127671243836
300.03193038459295
300.03945798690359
300.09159658681017
300.09958351715835
300.07382732607977
300.09066715326543
299.98918172561184
299.98312109057491
300.00484617575103
300.02922382767389
300.03751966147053
300.02694577670275
299.99002876807305
299.98340791288189
299.98948387014076
300.00911837289885
300.02624234482414
300.03328542661905
300.05905339897595
300.0697668762877
299.98846922139086
299.97917769017147
299.98939815758547
299.99068501723633
300.00429003402701
300.01431778035044
300.00341256883638
299.9968121596753
300.00704700478042
300.02189340141769
300.01162172530917
300.00950677433582
300.03326480646587
300.04961127473916
300.06499860118038
300.0028978776437
299.96174244866086
299.96126398472074
300.09346878768758
299.97582804189329
300.00025896633099
300.02686336969225
300.03201716987661
300.01525217508674
300.00148022468579
299.98698621912615
299.99203899953022
300.01479299909533
300.21592598462377
299.85373374702999
300.06758851577399
300.06684199018764
299.97927676324377
299.96781456527953
299.97768492937331
299.9878822766637
299.9977978737611
300.00398764456435
300.00525583276129
300.00447639277678
300.00362770325938
300.00537184322229
300.00160269307941
300.00821259056409
300.01868038187041
300.03175565420639
300.01852044450879
300.00641936524187
299.97066050583101
299.96941694125462
299.95950998758008
300.02522897846984
300.03133628012699
300.0645802224895
299.82103218447213
300.00970092621418
300.00550060942868
300.18594685873359
300.00825276845563
299.90570948080801
300.00584774129089
300.01120196944089
300.03856769029915
300.01999330723976
300.02323638659419
299.9071753736693
299.96715528836336
299.98584172899814
299.99466216287476
299.99297029593731
300.00566759423737
300.00529538936729
300.00048823533763
299.99884736065746
300.00369695023375
300.01528074732289
300.01362319591834
300.03071103218502
300.04115608019248
300.04007865553859
299.9906574177752
299.97817150505693
299.96456805602816
299.98056357053093
299.98675273179731
299.99022802089075
300.01183227309031
300.00264204418534
300.0089280866415
299.99873633624975
300.0039189416072
300.01942170332177
300.02174911296606
300.02926103870726
300.02941390689688
300.03003021505879
299.97004055788301
299.95102155382267
299.97894603210824
299.98884555737203
300.09795066225274
299.87796896972645
300.00019951400503
300.00533611157687
299.99649314972106
299.99014644054517
299.99642185773206
300.02198612595214
300.00193303253639
300.01914503457471
300.24973671012594
299.85725114737545
299.94441915858522
299.94318455301766
299.94651155048859
299.97985333807679
299.99100369400566
299.99267102374552
300.00055510955951
300.00216517797054
299.99928763601594
299.99386885722413
299.9995794138199
300.01488621756101
300.01891628383169
300.03720750835049
300.03578403026228
300.01414009486291
299.97969758969487
299.95043321127838
299.95515813414465
299.98114310932795
299.99563599083808
299.99647630663731
300.01246429013094
300.00981586227459
299.98956823336493
299.97965867225082
299.98897444558236
300.00762895067862
299.99457258996745
300.00912889801003
299.98003088421098
300.03117727488666
299.88987247863543
299.88753899702203
299.89566582448845
299.95582253771664
299.99634969739907
299.98318179202033
300.00051074490733
300.00239880225166
299.99393905553791
299.99185275126951
300.00007068694418
300.01919553374506
300.00635671716452
300.01703878729961
300.04060165669785
300.01701447485976
299.98181120333805
299.95865195932595
299.96867118180916
299.97996619681487
300.18020476852598
299.81400448006497
300.00971887517233
300.00555987338743
299.98980955722107
299.98312368165108
299.98829058684811
300.00468793644325
299.99708806635459
300.00613115029415
300.01175603392011
300.04578817843856
299.90745502115038
299.90710506687935
299.9431570714018
299.9543010438876
299.99109575578376
299.98946681103365
300.00930722947828
300.00305212357608
299.98694925585056
299.99236667806821
299.98653453234044
300.00542046115356
300.01104193375846
300.01198624437978
300.02517933952464
300.02568012750345
299.98517945832043
299.94916445981477
299.95925757384083
299.96895960513473
299.99079602775998
300.00426123258978
300.00738710448195
300.00427651895228
299.99059292749865
299.97913439845706
299.97927158695182
299.99536508697639
300.00126928462043
299.9993796307748
300.03794525593133
300.06062948075248
299.86462842283396
299.91985977164029
299.9449022936264
299.97011845052003
300.00188411947101
299.98170200045126
299.99785759025565
300.00050292416108
299.99275760385018
299.98733164585974
299.98579919972394
299.9861946712038
300.00097642395366
300.02116513758244
300.01825968679333
300.02715469820407
299.99110030623348
299.94169494084844
299.96050107958848
299.96384475925299
299.99217849101359
300.01174265329831
300.01213125568773
300.00600626796012
299.99154538166914
299.97603398295672
299.96498569665272
299.96504737308209
300.0955442871844
299.89477785021052
300.10438988689725
300.0173876123722
299.87055977959494
299.939684225755
299.94407959319756
299.96952177175586
299.99182257794115
299.99208848248924
300.00567787761213
300.01170199719758
299.9946989147918
299.97437451321485
299.9773521670395
299.98059724562199
299.99570174259702
300.01968221264553
300.01582413007304
300.02813597254971
299.9865820967795
299.9339656387844
300.14282093746914
299.78836082232215
300.00787541485482
300.01957017070441
300.01730835373553
300.00810677622661
299.99260113770168
299.97699466108702
299.96453525086423
299.96201001088093
299.98320058413009
299.98830239290663
300.0116229563792
300.10197323012494
299.8104827128235
299.94728909412981
299.9439619173516
299.97379710858064
299.98783098859775
300.00624599654941
300.02840735863128
300.01245258991077
299.99673511043352
299.97160502364636
299.95826016348479
299.97531358108415
299.99908954936888
300.0191214852166
300.00838629298545
300.02473756684685
299.99341582633929
299.93588106320311
299.95475564542397
299.99478577748772
300.01965597355195
300.02439747824002
300.02146314892855
300.01015064686646
299.99480196495182
299.97989319376296
299.96884018397304
299.9675927243668
299.98564464519757
300.00538130959728
300.01320909721164
300.12345168347167
299.82847711350536
299.95134454605005
299.95586216677691
299.98108080674325
299.99949413006141
300.02847251091811
300.02852001470274
300.016393604749
299.99811067522762
299.97732898428228
299.95043908963993
299.98267616330475
300.01534801544693
300.01067077938455
300.01175653249578
300.0304214493994
299.99903822909664
299.96873281927782
299.97885854685495
299.99696354289847
300.01331438932283
300.01664984333189
300.01118394377005
299.9993217275665
300.0089300946816
299.99486394955937
299.98363940346673
299.9877772914208
299.99946178238804
300.01526304616954
300.01324441003163
300.00842774405027
299.9673195755305
299.98243806835262
300.01044473189063
300.02573914772825
300.03376072951806
300.08805073171334
300.06027084702828
300.02567008532066
300.00125451747778
300.01657161776922
299.83145304152606
299.98082935982376
300.04126642282677
299.96167929221832
299.98245202764275
300.00552787768294
300.01971786704047
299.97383526042125
299.99353077936371
300.02031530107564
300.02637270325761
300.02788988164485
300.02539095954455
300.00968504596136
300.0036550284529
299.99482212576197
299.98893835198078
299.99316095418925
300.00162422612522
300.01690427410159
300.01889042623446
300.01664304255922
299.97440547067617
299.98820313563039
300.01982685176733
300.03586093095203
300.01394084234801
300.03367942500631
300.07311791535085
300.10699843836125
300.03309156488427
299.88292315002747
299.92505126810306
300.02031192144165
300.09763613754643
299.94487069136369
299.99250148348807
300.02142736463446
300.05175082605865
299.95662947653204
299.99791629167163
300.08686101939799
300.04298837393367
300.03246652752779
300.0294197336255
300.01572802386346
300.00340818224794
299.99656637421731
299.9935291720729
299.99660631772599
300.00377222829121
300.01620940646103
300.02171305589485
300.0142560390471
299.96642400091753
299.98232431126377
300.02469106231985
300.04731127819599
299.99863022344658
300.00948420412732
300.04461731997981
300.10173247427861
300.03890826810391
299.89772427334998
299.98787700658613
300.02924802386667
300.04005174255769
299.98862796108261
300.00749985742715
300.03937906272847
300.03377782041474
299.97828808109466
299.98094199577616
299.92854694722587
300.12254169193835
300.03274859584747
300.02766199320558
300.01637773443747
300.00605193848941
299.99945831130964
299.99630722073488
300.00281640107738
300.00716043554826
300.01847143404939
300.02695093771933
299.98730860080843
299.94980430282334
299.96955436640667
300.00112148023823
300.0232803309982
300.01814037014282
300.02608204400957
300.01287830968141
300.02308255259305
300.00912567276947
300.00200068078306
300.019398831731
300.01489038310575
299.97418462370177
299.99124443924978
300.03364256052885
300.05074220975348
300.03871310780647
300.00242667733681
299.9998465793791
299.97954791533652
299.88834760564595
300.20240332624547
300.02244039215844
300.01425924073646
300.00741313778252
300.00085452192405
299.99691139540425
300.00756666598159
299.82890719463569
300.0222731244387
300.02246809997007
300.01599839733086
299.96212741525835
299.97663452270234
299.98654533932324
299.99163615067221
300.03208575922781
300.05386938383191
299.9896987408685
299.99896039684387
300.00889195395774
300.01876963901623
300.02342146950082
299.98862615766734
299.98268628055541
300.01489892259099
300.05216766216898
300.06734968111664
300.04585201276933
300.01339144202893
299.98545280152678
299.99883731997249
300.00942927492667
299.84748341443191
300.0370218098688
300.01652464529366
300.00397790330771
299.98937662984923
299.98833618104675
300.00653393983094
300.24197388750895
299.9930875890476
300.04615171115245
300.1361346682682
299.84722277907099
299.9690639844444
299.97482720506218
299.94414045365278
300.00789680868377
300.02535748008449
300.00261945014051
300.00477030349634
300.0074221089958
300.01510462201668
300.02209401892981
300.00488669878621
300.0021780334751
300.01653220956354
300.05294438651572
300.07284740050181
300.0080710709542
299.98697002717574
300.01214650970257
300.01280224768112
300.03440257027273
300.08879875248817
300.07365201572918
300.10437251029668
299.9289121180953
299.94582028043186
299.98314683490599
299.99825457128128
300.03009746592647
300.04713542243474
300.18931840010146
299.94074772988949
299.92999293925146
299.96676665053002
299.99744376970773
300.04830507930404
300.01306344273513
300.00179169131485
300.00510566997457
300.00775633599295
300.00640482337957
300.02049957640713
300.06463442570168
300.02028603492221
300.01487506270678
300.02557640231385
300.05122305470815
300.04978046355905
300.01805384662691
299.979382694028
299.97811408579719
299.97981694279991
300.00154766878279
299.96394717427455
300.02089541422737
300.01324368047483
300.00512082753283
299.99387848382531
300.00435298003833
300.00418785477461
300.0258601378514
300.24201782276816
299.907713814906
299.9937667778164
299.9558111223331
299.95955415362641
299.98293885753577
300.00423082017181
300.00155153946082
300.0147108907189
300.01167750946706
300.0079113699241
300.00379545291929
299.99800425899736
299.96865305599698
300.00112645785771
300.00531187135141
300.02255345528187
300.0403260207832
300.06056699723115
299.9976402191723
300.04544865333349
299.83827666507494
299.97676506781721
299.99281873324981
299.9906627301288
300.01930464726354
300.01199674009342
300.00266877073335
299.99872241098376
300.00296368152277
300.00938959241233
300.02741188419805
300.04264379560698
300.05175378446916
300.03377768101939
299.99296847023771
299.95983163373529
299.98305206796618
299.98511888087148
299.99901259587199
300.01814937449979
300.02206851319187
300.01305911208391
299.99712271269215
299.98845645326139
299.98923854832168
300.00346570183746
300.01153063113463
300.0212391136705
300.0368301144951
300.04431562302375
299.88914049481178
299.92503278123075
299.9592193689715
300.0245980770469
299.99688092402045
299.9990188127689
299.99660508810973
299.99880683038776
299.9966682348055
299.99760614581976
299.9978801826083
300.00798121045096
300.020257915424
300.03261589028273
300.03924781351344
300.03411278514005
299.99888106438704
299.96955948200326
299.99525772188866
299.95992110903507
299.99489268755593
300.00121182689935
300.01081334785886
300.0050724884635
299.99740133785957
299.98457489165872
299.975917958629
300.00911241748207
300.07400878932629
300.02500315149166
300.03518266543773
300.01738143128574
299.8849761632643
299.92508511628921
299.94342056404668
299.92448594598176
299.9892117426005
300.0212558427861
300.02864294470095
300.00216695342056
299.98763856566416
300.00140396373627
299.97619625789258
299.98690159826236
300.00235303347836
300.01674660319605
300.0335990849569
300.03646524451108
300.03217947547768
299.93730871339528
299.90438254116646
299.97339879525919
299.9966569598601
300.00371644149527
300.00807770095338
300.00267524471866
299.99303679210237
299.98678116967966
299.98785870734963
299.99725336474228
299.93307224967612
300.0052357248606
300.01406639782442
300.0507584792212
299.78502259458332
299.95912360094081
299.97202762711464
299.98832618516042
300.0030328332025
299.98335044133762
300.03646015107643
300.09238789121991
300.06747646754491
299.90203220831478
299.86546392039844
299.97419239071723
299.99886893880523
299.99751708844371
300.03007694753171
300.03952609831271
300.02159572309461
299.97947322870675
300.05124923031519
299.9945738985636
299.99863945183279
300.00341045666937
300.00458003701652
299.99885521662293
299.99077195288663
299.98524623090066
299.98346948510613
300.00167301435943
299.98371222089065
300.00039525639647
300.02123610191103
300.23231861543798
299.91507166630811
299.95514930646465
299.97325468556892
300.01551123513178
300.07671665576089
299.9004428989864
299.99346956562971
300.00940120668423
299.98531183209741
299.98076535565144
299.97425270765223
299.97861356188253
299.98760396352912
299.99380076217693
300.02002206143698
300.03431706870828
300.01703529921906
299.95672819631699
299.96501297059575
299.97590423209817
299.99579501250525
300.00179755448289
300.00410008861542
299.99735187758176
299.99016902416935
299.98395915238825
299.98516690203229
300.01723500599303
299.99615819846775
300.00148028817614
300.01893189672694
299.95524351355317
299.99833525000901
299.98240727110988
299.9901973721399
300.19529795725452
299.82636067296909
299.98101834506667
300.01869362279928
300.13359675904104
299.99319880109567
299.84084445725779
299.96414668855681
299.98102848155469
299.99061500771489
299.98490494434526
299.99345601952922
300.02133882404672
300.01802045782603
299.94134498251867
299.96454087162141
299.97332920374896
299.99443366145448
300.00343325991707
300.00507788476835
299.99863515407151
299.99099556090266
299.98053649991073
299.96092909464835
299.93817930163078
299.9735352346579
299.99582095356311
300.04181988243784
300.11142201682776
299.88106858556739
299.94663092924304
299.99019496848973
300.00408378367484
299.99262844111155
300.02154247514164
300.15543229103446
299.93808474785163
299.99814448607287
299.93674937945457
299.92372649393872
299.97124500314868
300.36995136086085
299.59040911795489
299.97968974322771
299.99794209516352
299.99126221062039
299.9462349740491
299.96152117366421
299.97714639112496
299.99826214858274
300.00502434692328
300.00497066652974
300.00146056917191
299.99384106207532
299.981177244153
299.96572135636006
299.95996299387633
299.97501766395231
299.98678350643695
299.96703728456032
299.8484091430542
299.9375854507669
299.95983810840187
299.99764199985316
300.01595200402147
300.02138507504492
300.07943112785551
300.04859666201514
300.02324717352673
300.00101955458649
299.99517536860941
299.85292085272391
299.96982707407761
300.01708511504648
299.95589739552815
299.9734682152212
299.99583882465646
299.98900540351787
299.95624504130006
299.964839657634
299.983560491795
300.00476357198153
300.00607351756383
300.00119497946014
300.00395976975585
300.00364779311479
299.98780437080137
299.9742233937485
299.97716653563936
299.98905547088788
300.0011363019928
299.98962380260474
299.97713809146637
299.9672922939273
299.9824319229802
300.01044444519312
300.02572987926641
300.03374406284712
300.08801914591908
300.05988992678164
300.02467764623651
299.9998429948597
300.01574753077648
299.83183098152301
299.98169408154172
300.04178754369963
299.9617823106916
299.98244125612314
300.00557774315661
299.99916189472788
299.96883740651896
299.97886854661522
299.99688083676716
300.01323289686718
300.0166194066141
300.01117154694748
299.99932294009045
300.00893265341159
299.99486756689834
299.98365073440976
299.98779875639786
299.99951278599821
300.01529472021429
300.01323607664762
300.00840869142513
299.97443460332369
299.988237664829
300.01982333144042
300.03586513315105
300.01392220933599
300.03363368684342
300.07269038441569
300.10592646506262
300.03133162649328
299.88195341538989
299.92568160863738
300.0217259259648
300.09844780630806
299.94515876658153
299.99258197505316
300.02153966732345
300.01984790150493
299.97388767491253
299.99350740576534
300.02020759120796
300.02624801720202
300.02782620710423
300.02535251603143
300.00967999524687
300.00366261341679
299.99483841523664
299.98898199407654
299.99321840635304
300.00167348124114
300.01684187879806
300.01879801074324
300.01658913425484
299.96663335970055
299.98254939590186
300.0247447005616
300.04737426949066
299.9986388673338
300.00944016804635
300.04438166500063
300.29014884145374
299.84811182452472
299.89716714290319
299.98845030457477
300.03045453593973
300.04078563384246
299.98884183250124
300.00752972574747
300.03946046667454
300.05180505810978
299.95661389024082
299.99782143986164
300.08673495798962
300.04286851596066
300.03238975756869
300.0293693989226
300.0157035029722
300.00340975094252
299.99660736101407
299.99361482075375
299.99670246217164
300.00374587624873
300.01594447099041
300.02143200071004
300.01420583645893
299.95030071238568
299.97002596154437
300.00124161585455
300.02327782615384
300.01814572807575
300.02601797750873
300.01275481062402
300.02282859670953
300.0087786593092
300.00190164025031
300.01980922266529
300.01557689202002
299.97453622636408
299.99127791744371
300.03408663601311
300.05083351728319
300.03368786163122
299.97798157191306
299.98059016068117
299.92831115716496
300.12244357994177
300.03270286545256
300.02763382627376
300.01635178750007
300.00604146717126
299.99952455415098
299.99644287261918
300.00293980543177
300.00699653483139
300.01797734636818
300.0264696830742
299.98735134153389
299.96285298297619
299.97718786521625
299.98635233121206
299.99048587800996
300.03172190877461
300.05382199257139
299.98958907077838
299.99891365196913
300.00884680660312
300.01882608243318
300.02362246494312
299.98889792391367
299.98261965206575
300.0142441071016
300.05349894810922
300.06869666350889
300.03841924174839
300.00163584575472
299.99902740256664
299.97909753135167
299.88827531118153
300.20250399490817
300.02251544373013
300.01425938895648
300.00740390217339
300.00093145310314
299.99706958143474
300.00768910188748
299.82870560954393
300.02175586549868
300.02202241101986
300.01622601657584
299.84782949318787
299.96948061495897
299.97479274739686
299.94363578126735
300.00755037780237
300.02536635714949
300.00264749093208
300.0048129236522
300.00747046372044
300.01516005950623
300.02215923746775
300.00496990694438
300.00214441656118
300.01629262735139
300.05352444558616
300.0735532858136
300.04595333557842
300.01275411785025
299.98463674319595
299.9983895824688
300.00955516210848
299.84783774965746
300.03726148044575
300.01662052000916
300.00401237884432
299.98945900441333
299.98847568818877
300.00662403359502
300.24182230249471
299.99266683348691
300.04581413868084
300.13631916153946
299.93029532647193
299.96695476510217
299.99739328764542
300.0480725547701
300.01289048666206
300.00176072299496
300.00516953368486
300.00784926112368
300.00648073590685
300.02053426135006
300.06465438002192
300.02031048547786
300.01492066863676
300.02571954446785
300.05184517962624
300.05088532182657
300.00926084945735
299.98729224003733
300.0119303835591
300.01274132625355
300.03474033493268
300.08928420586591
300.07400461367206
300.10455777205448
299.92900423384327
299.94589938610733
299.98324991589544
299.99832410152175
300.03001305577709
300.04686869379799
300.18915122812331
299.94085960775584
299.95602561307453
299.95964864143269
299.98287080120434
300.00406489758166
300.00141165299141
300.01468232269701
300.01174854457219
300.00801758947955
300.00387405541136
299.99803163664393
299.96866845724497
300.00115068209544
300.0053711853821
300.02279138167688
300.04091619452072
300.06144946318227
300.01906437923714
299.97960915267481
299.97799074482469
299.97978239154293
300.00179771785253
299.96438136479856
300.02127017479535
300.01346373861736
300.00520424289186
299.99390730086242
300.00437950176416
300.00419520989573
300.02576052883683
300.24184008008029
299.90762302324418
299.99389153170853
299.99309717688249
299.9599160659057
299.9830430421494
299.98506210510538
299.99893753221602
300.01814044839983
300.02213778883078
300.01315693763956
299.99717736864847
299.98847846729672
299.98924953287485
300.00349576445228
300.01163701265762
300.02151048204604
300.03692986772791
300.04405445891535
299.9968604572727
300.04462582450225
299.83774230516656
299.97661281236498
299.99302625508312
299.99099046200377
300.01961069809363
300.01218698657897
300.00270395367926
299.99872211687057
300.00295895541166
300.00931172053419
300.02724872448039
300.04250877399249
300.05178683150683
300.03388796017231
299.99790491158132
299.96923177831155
299.99516436821369
299.95991652013163
299.99489991433285
300.00123973339282
300.01085766847643
300.00509298681959
299.99742512921523
299.98459303577982
299.97593298594973
300.00914666722923
300.07410581462341
300.02515447769667
300.03515274513171
300.01654822950974
299.88815330843585
299.92421377959096
299.95887900689843
300.0245211022999
299.99700021869495
299.99925776190588
299.99680907393747
299.99889899733057
299.99668488274898
299.99762383325668
299.99786751072992
300.00787204149725
300.02008116661796
300.03251442352871
300.03906634917269
300.03341794688043
300.02784288235517
299.93516660502746
299.90393538578877
299.97337407940881
299.99670655725583
300.00374078011453
300.00807400708533
300.0025759526477
299.99312123871027
299.98683866603733
299.98785405760486
299.99724771807098
299.93310587872702
300.00527712434518
300.01372013351153
300.05015771747719
299.88462321453159
299.92553030528506
299.94347560160634
299.92446150007231
299.98928444332108
300.02138800395096
300.02872178277778
300.00217396105893
299.98763377021487
300.00140386846118
299.97617800933051
299.98684276096145
300.00230855783087
300.01668735561861
300.03242241645285
300.03343528081615
300.01584881532511
299.97713119386225
300.05126603926283
299.99467051949364
299.99868956430561
300.00341668808795
300.00462467630916
299.998496426668
299.99095286189822
299.9852838669313
299.98344318764339
300.00162879442291
299.98369102987817
300.00032981263718
300.02067400096956
300.23174319616493
299.78395910177892
299.9601202928169
299.97239752394364
299.9882900210402
300.00301224378171
299.98335722530271
300.03645508925234
300.09235672520316
300.06745483768742
299.90202893348084
299.86546007641959
299.974182418721
299.99892243447721
299.9976065665295
300.02834247494206
300.03663025759909
300.01995143727981
299.95959432908944
299.96639314977045
299.9760025807314
299.995768779147
300.00181081256733
300.00422010858171
299.99729919881031
299.99027969880859
299.98394919521911
299.9851115028622
300.0171969580137
299.99610978954212
300.00122450611258
300.0181691344394
299.95501046060457
299.91474325669873
299.95566450639649
299.97333022738781
300.01546246771767
300.0766812712136
299.90041499740562
299.99344546075827
300.00938012239595
299.98529538248357
299.9807726402305
299.97429175349606
299.97862965942625
299.98756200815666
299.99353016042812
300.02022455634585
300.03603163089616
300.02275071733254
299.94465277551842
299.96579584941776
299.97345089025242
299.99439956989528
300.00357526250241
300.0054528589751
299.99853380713358
299.99100250827757
299.98051240490838
299.96088820817386
299.93815346125177
299.97349067184791
299.99565226292907
300.04151067353251
300.11129447897065
299.99835417951385
299.98242814348339
299.9901567722614
300.19525745206613
299.82633258551095
299.98099721539279
300.01868886015308
300.13361318391941
299.99322884875806
299.84091408988365
299.96424523932069
299.98107381884796
299.99054427054159
299.9847786443043
299.9937867817132
300.02388623979135
299.9929374496823
299.94745263296392
299.96201016699399
299.97717853163743
299.99822115119127
300.00506088615413
300.0050380274842
300.00138437986504
299.99383384699661
299.98115829340145
299.96569185157625
299.95993363355575
299.97497898972387
299.98672428011434
299.9669823546156
299.8483655817775
299.88105234666762
299.94656337116459
299.99015240458789
300.0040565295746
299.99261479141762
300.02154824254148
300.15548221309314
299.93818461825776
299.99832816391915
299.93694018956006
299.9238442200292
299.97125625167234
300.36996257885613
299.59038900222009
299.97973201766462
299.99876860272121
299.98933805141917
299.95630796497454
299.9649005116396
299.98358785430645
300.00478016382755
300.00608080293711
300.00119580802482
300.00395163146641
300.00364416427004
299.98780042123349
299.97421819461385
299.97715468063751
299.98902643696272
300.0010866628229
299.98956813708236
299.97711253298894
299.93757299042142
299.95981275209323
299.99761435772712
300.01594892524213
300.02138877609912
300.07945485530269
300.0487996120259
300.02368601343039
300.00173113012903
299.99568971658988
299.85283179316838
299.96957490195518
300.01692592233138
299.95588724546008
299.97350571485453
299.99604738322529
299.97691348682963
299.98179127404381
299.98944003211727
299.98782540298095
299.99084703476058
300.01003460695512
299.99321288994997
299.97295029302876
300.04324742292368
300.01181671237322
299.99288065171027
300.0020734325949
299.99965130337591
300.00319505869425
300.00361882732744
300.00285620536636
299.9754624175394
299.98872282192394
300.01273533928344
300.03621822591157
300.03340145304901
300.05003682047311
300.21449568096108
299.99921783708021
300.00081400473414
299.96699022295257
299.81338987416734
299.97043959916715
299.99970711825893
299.96177094152364
299.96537167602128
299.96960809124897
300.0019613917321
299.99555382084208
300.00737743035563
300.01901146558237
300.01826344425979
300.0284598498144
300.02200639243307
300.00091029196057
300.0118006284273
300.00532453776532
299.99561646473438
300.01159460437185
300.00317097050214
300.00610177498578
300.00681355851032
300.00714452709383
299.98470420055099
300.00352751507518
300.0112003378697
300.03854318320219
300.0346999634034
300.02095120162966
300.14812002347827
300.04620139703292
299.98916617944627
299.94917333360019
299.91337963002309
300.02172838338532
300.03594096307768
299.97158313344772
299.97107225042032
299.98519159022123
300.0321398186515
299.99583885432872
300.00934955136057
300.04004219944784
300.03306590496561
300.03211691249828
300.02755993802737
300.0149593987523
300.00191691948027
300.00805722935411
300.00547065158349
300.00066080160224
299.99762318045634
300.00061637098344
299.99102946567632
299.98627235181664
299.96850410628798
299.98935679160417
300.02376406185579
300.0360979180619
300.02110606692872
300.02093225061788
300.04154723613362
300.04974126691536
300.01221640880789
299.98441381363193
300.00963005677204
300.05183968131558
300.050421164743
299.96789502532727
299.96889071530308
300.00174688327394
300.0103398426931
299.99968092730171
300.00731606900547
299.99028287559941
300.02119329184774
300.02586254839269
300.02508587023783
300.02239420651267
300.01262372735283
300.00544657536346
300.0012261415626
300.00428365657638
299.99577336288604
299.9980811454667
300.00955965519677
299.91118397817218
299.94479261108211
299.98395898168945
300.02227074941425
300.00485889840542
300.02862862869694
300.05033510061992
300.02213053067106
300.02343528246917
300.01322795820016
300.01039113105793
300.01637046954392
299.98298421367036
299.96884693159461
299.98066934726239
299.99947225759342
300.01440016029767
300.02787532843075
300.00962748258371
300.07896051091279
300.00559929203007
300.00521843730093
300.01523317934789
300.01991063652935
300.01611729131923
300.01235507310582
300.00414506948186
299.99117362540449
299.98628862290201
299.97990471043198
299.983200558421
300.0163222469323
300.07227374100927
299.99524303610571
299.98307568385155
299.99472122536758
300.0022303508278
300.03737682641741
300.05448512191862
300.00942268577245
300.00861168339674
300.0133352366135
300.02558529826132
300.03759286074916
299.95368794737146
299.9808695735835
300.00373079743156
300.02366770103993
300.03777126569071
300.03571508093472
299.97620704620158
299.91100866295335
300.01480916756492
300.02858783524357
300.02912335397184
300.03468488665072
300.01731157382801
300.01159601983937
300.00186682181095
299.98999483804499
299.98219687160633
299.96239248951298
300.03466651254615
300.04459428997905
300.03472528960049
299.97344016541547
299.98933887682114
299.98943217226974
299.99724691318767
300.02768544076309
300.02507875993206
300.00660775005235
300.00803260235347
300.01327135871639
300.02692909877408
300.03340521127251
300.00316931594136
299.9934046726583
299.98500085860474
300.01474177468424
300.04097185599989
300.06159316454637
300.0035463832603
300.00012385971331
300.07802504059856
300.03626381343031
300.03122486476497
300.02965899649445
300.01542840328665
300.00990326050157
299.99958800841506
300.00374762814408
299.99365150052859
300.04509617471211
300.0522084648286
300.08116194825067
300.06310740049491
299.91420872265127
299.97418439104905
299.99871423243985
300.0179134239612
300.00809656517987
299.96654628971021
299.9993408699483
300.00833842328507
300.0106713203084
300.02691082156156
300.04252319991053
300.00876539231183
299.99917420082056
300.00264898708792
300.04924504870201
300.09351519933028
300.10025615358478
299.98677086238422
299.99159980242723
299.92097627059212
300.01645192811799
299.9954659804481
300.01031091831686
300.01162131674408
300.00978825763877
300.01228951938998
300.05094478315112
299.96330984294343
300.0272103893862
300.05021917997982
300.13898506034127
299.96776663788518
299.95644618961484
299.96217700648759
299.98855780484888
300.00463238025583
300.00832316711421
300.05204152794016
300.025587074979
300.01484139101848
300.0018151637438
299.99716241582786
300.0107067419637
300.00350714450656
299.98792087473879
300.00995938104387
300.06131563231463
300.15405670659203
300.02135663826641
299.90537467187715
299.9496859068488
299.97808593259748
300.00667133311555
300.00302737350239
300.01581430777526
300.01392127608938
300.00549094141468
300.00496276059994
300.01358689880374
300.01010535376014
300.0356872418036
300.04020549735844
300.05435941157214
300.03578173439161
299.99356989670696
299.96052278309094
299.97488726141432
300.00245633124075
300.02350502731468
300.04901242432948
300.05836253133003
300.04017462355813
299.97816901283647
299.96161699735586
299.98516379941424
300.00412395746457
299.99280260153716
300.00746086074429
300.04487632512075
300.07796095777724
299.81585664928082
299.90202011987873
299.96229696113824
299.99517976719324
299.99331213411244
300.01358323539813
300.01726352188979
300.00530816049798
300.00205967370226
300.00685171084672
299.99415702858562
300.00402629297264
300.0137968382117
300.02412722919127
300.02728993926843
300.02724765104728
299.99504795294837
299.9629101759669
299.92738529140689
299.981987588001
300.00975080162976
300.01978943093599
300.02363939529516
300.01135486949784
299.99333076876019
299.97927763010517
299.98198395391614
300.00747030019119
300.02607767226107
300.01605483487418
300.00765001705054
299.89316345342218
299.71311887981676
299.93879849468522
299.9866498865477
299.99970014836725
299.99977541620126
300.0332981970372
300.05190132465719
299.99768615011169
300.00003560346914
300.04133258509461
299.94837029461644
299.97357646972767
299.99407181071655
299.99892750444354
300.02595129348157
300.02380790715387
300.00277505914244
299.97313663160378
299.91392940030215
299.99436764733474
300.00620964957523
300.00764922055856
300.00606310430339
299.99789952770021
299.99384451773841
299.9907811718594
299.99902512593496
300.00568636658318
300.18810546339802
300.01116296473219
300.00951027194873
300.15751565417645
299.97122292789737
299.99225843623287
300.08583466000852
300.0884957700016
299.9443993288948
299.93738267575878
299.9824922282175
299.99374612882309
299.98664452228763
300.00078285396239
299.97058845466262
299.97726090201314
300.03121103232655
299.94009711766438
300.01334022789536
300.03810793170288
300.0279720942026
299.99431131036113
300.11461295240576
300.00769906774212
300.00911837958535
300.0039981153314
300.00368114377818
299.99286902975916
299.98966589075434
299.98568609492497
299.96641365180579
299.98663370137689
299.77461890748043
299.99713586960866
300.02246277137817
299.98775423383535
299.95311135674041
299.97842531605608
299.95477926442015
300.04563211693613
299.96998563636413
299.97502169044918
299.99978804545941
299.99942540176124
299.98994196408535
299.98190589988752
299.97023151518607
299.97614113400419
299.99177395480461
299.96871791720781
299.98801847183893
300.02177584540578
300.01627070847934
299.96525609170288
299.95764334259127
299.98123577997842
299.99767333087931
299.9918929741691
300.00536518436456
299.9886367136528
299.98541340517932
299.9984017963788
299.98600153646413
299.97988380454836
299.97376816790018
299.9995065944517
300.0442281643019
299.92664465733537
299.9825886181186
300.00394200567939
299.99466787462029
300.01232606264927
300.07303737923019
299.98583988937185
300.00208757685169
300.02028536542264
299.99287800620777
299.95656721043684
299.97538403356862
299.9899014023905
299.99582048811698
299.9579120309362
299.9412992188349
299.97485384410794
299.99291566119223
299.9677667926502
299.99064250410856
299.98387320737538
299.99098112108788
299.99404896066085
299.99584547802561
299.98375501123928
299.97184702799734
299.98278003432449
299.97066216321588
299.96765981514847
299.97470987553322
300.00177979140619
300.02981902603688
299.99381213474601
299.95323192260332
299.96307637730291
299.98994253291784
300.00968051243899
299.94672340801725
299.97693496025056
300.03865486588461
300.15701433209887
299.94701394674365
299.87120280475244
299.93586687713673
299.98506394439426
299.9754397600671
299.94427599407334
299.94166085496255
299.95770713660534
299.97273862420337
299.97337082446546
299.98000648767101
299.9757359468839
299.98269203785793
299.99075230421329
299.98713199990618
299.99251405464247
299.98802344662681
299.98306059614475
299.97640941887948
299.97816238960559
299.98398723348993
299.98882824396566
299.97911526813562
299.96978594471
299.95554414451556
299.96611458380323
299.99933820418573
300.02615899137197
300.01761157856521
300.03518766252887
300.29521521952483
299.90541147784188
299.99876102792138
300.00263806270283
299.77066077961922
299.96392475689868
299.97964807255369
299.94498685600962
299.95152845009522
299.9598987097371
299.96914812982584
299.97186577993222
299.97478028972728
299.97267560053041
299.97914694382462
299.98906824545071
299.97150157827258
300.00395172225791
300.01944986434864
299.99708350316536
299.98229146951871
299.98805946426512
299.98943021125621
299.98768822463683
299.97590148696452
299.97967714526214
299.97546023875384
299.98874861847111
300.01276998210386
300.03624632751121
300.0333995557794
300.04994223246376
300.21410219949337
299.99813326673899
299.99913943479072
299.96617038994339
299.81401002096442
299.97156445927908
300.00054247671937
299.96188894343106
299.96535648123847
299.96961859026374
299.97705220062659
299.98193835581606
299.98951040823835
299.98783561094103
299.99084777681071
300.01003751155906
299.99321988385987
299.97295703538691
300.04324823281547
300.01181746010474
299.99288583434202
300.00208668593041
299.9996869331178
300.00314430190099
300.00352584889487
300.0027853683406
299.98471482284759
300.00357477137038
300.01124261087233
300.03856849218215
300.03469548238849
300.02085651149474
300.14752771501946
300.0447230642767
299.98663435216201
299.94887875595458
299.9150573866782
300.02324164750513
300.0371167455109
299.97190239906718
299.97115157242678
299.98526869480935
300.00209703109226
299.99566133245634
300.00742933741265
300.01899435406881
300.01823723572085
300.02842771003981
300.02198480248745
300.00090569423475
300.01180237185133
300.00534288587801
299.99566859129033
300.01170980229693
300.00326122142565
300.00606237063499
300.0066529981948
300.00703973846919
299.96863034370062
299.98951694615874
300.02384428927769
300.03613254648246
300.02108610008719
300.02086726763639
300.0411547941473
300.048783746906
300.01079126861941
299.98409682007576
300.01062458369751
300.05351591588237
300.05148726559355
299.96821340864801
299.96896210538677
300.00174184880916
300.03210888431647
299.99581718561865
300.00929510481598
300.03999707037281
300.03301272868725
300.03206515543491
300.0275128377753
300.01491769278636
300.00190670848264
300.00808861891511
300.00556088737187
300.00078570793966
299.99760667206323
300.00043505087626
299.99072685053369
299.98616709973464
299.94511679944605
299.98432516503942
300.02246321430272
300.00492132185514
300.02850217990431
300.0502244102729
300.02195640889363
300.0231551406747
300.01283047834312
300.01036435122097
300.01700692506057
299.98380436245799
299.96940062675634
299.98090449504417
299.99919693244669
300.01401966963203
300.0100124442165
299.99921140103356
300.00685100519883
299.99001635696442
300.02114759498278
300.02586638348464
300.02507440008003
300.02234187869345
300.01258567185812
300.0054855745708
300.00131831044598
300.00430843543188
299.9956337906649
299.99755763421399
300.0090596585917
299.91110307166701
299.99566495867714
299.98349150843393
299.99508059318367
300.00253804715322
300.03729297847713
300.05440890896591
300.00938710662399
300.00858752622742
300.01328876097318
300.02561818482144
300.03783983651721
299.95402792253327
299.98112233465031
300.00367377920588
300.02325960463634
300.03711864113149
300.02733335107121
300.00865710546447
300.07800134455363
300.00515762649536
300.00528577951025
300.01548210056268
300.02008294855045
300.01615717425602
300.01231367505585
300.00419996132985
299.99129845308573
299.98621543155912
299.97959757332859
299.98261415965612
300.01588019303904
300.07231943968856
299.97387026452469
299.98964374027139
299.98960831396886
299.99715186352455
300.02745692889158
300.02500768467661
300.00664068533769
300.00809173968935
300.01334320880505
300.02701958681496
300.03348552192938
300.00326490417478
299.99350765312096
299.98519328107494
300.01484494362046
300.04100441018386
300.03537227635661
299.97524761654364
299.9099694493213
300.0145983548552
300.02910308386379
300.0296710650108
300.03510842174245
300.0174923571484
300.0115747015974
300.00188526425086
299.99010042737234
299.98221695512029
299.96219049728364
300.03425385351011
300.04425516608285
300.03481044920227
299.91445653244801
299.97433026938035
299.99863060749664
300.0176988342339
300.00789298639722
299.96645553601348
299.99940103320989
300.00845892124249
300.01077586731981
300.02694486807241
300.04253220445401
300.00877192598966
299.99920619106746
300.00276536409524
300.04967893359651
300.09402894592398
300.06185781501426
300.00329534795736
300.00000723080416
300.07832766388708
300.03687567347879
300.03188534407894
300.03016033518611
300.01562657610862
300.00992289644978
299.99956994948269
300.0037559749689
299.99367347354661
300.04499681114589
300.05198509684459
300.08099372603112
300.0631508428778
299.95665722705439
299.9622835138245
299.9884544547059
300.00441617663819
300.00812181166532
300.05195951529879
300.02566364214186
300.01499955389528
300.0019161839225
299.997193407488
300.01070449269378
300.00349847965305
299.98791283300733
300.01003867149694
300.06165722184198
300.15449418609569
300.10055306125412
299.98685016225431
299.99172718897256
299.92123042221982
300.01675722644814
299.99578112863844
300.01051557522908
300.01172255649681
300.00976601935622
300.01219986041622
300.05086212162047
299.96324824163582
300.02711878427783
300.05008807033136
300.13893341266004
299.96787467821019
299.99380951172134
299.9606728267629
299.97486924249642
300.00228339082389
300.02331316151373
300.04894970030591
300.05843414267116
300.04030298541716
299.97824635961723
299.96163929594132
299.98515477726227
300.00410206808243
299.99278381366514
300.00755654101698
300.04501742380705
300.07796608466225
300.0211049886247
299.90501104525754
299.9495661213337
299.97811503581931
300.00666353769617
300.00310707645087
300.01587908229249
300.01397234310468
300.00543652282414
300.00492215261943
300.0135283041372
300.0100152094995
300.03557476217634
300.04013967190895
300.05445173433998
300.03601861985396
299.99462574262196
299.96276831222514
299.92734379380141
299.98191224448101
300.00963316647631
300.01973332615046
300.0236714443987
300.01143546365211
299.99337945936827
299.97929282780365
299.98197198566459
300.00745105824763
300.02605664509167
300.01617265203635
300.00786078950466
299.89298200971098
299.81543589725948
299.90164946565062
299.96214331006149
299.99518071773116
299.99338483774051
300.0137108918733
300.01731148242192
300.00536295703745
300.00209473670441
300.00681477883529
299.99409730531801
300.00395274121382
300.01369871249744
300.02415298273417
300.02729907383252
300.02700350583018
300.00024495176433
299.97178258108249
299.91362513608561
299.99432723693593
300.00614709715825
300.00764201042387
300.0060847053295
299.99793116759935
299.99386273325138
299.99075927330193
299.99897236623877
300.00564917525338
300.18808692383021
300.01131522786375
300.00980685597784
300.15743380167089
299.71319835503726
299.93884056764546
299.98665365899353
299.9997332396743
299.99989275278284
300.03342153262429
300.05195577594861
299.99770537711606
300.00004872432686
300.04131009518102
299.94835672541046
299.97355764087513
299.99406558392604
299.99899545004018
300.02556502462136
300.02226903042788
300.02588068758223
299.99297626354667
300.11432368564823
300.00769376474477
300.00908062132919
300.00400570407061
300.00371791258652
299.99292330283396
299.98965167454713
299.98555349097836
299.96626532865503
299.98652903389308
299.774541662356
299.99717019745884
300.02222293458692
299.98701804355778
299.97080194180359
299.99229268267453
300.08586692277203
300.08851987535695
299.94445808014848
299.93744478673261
299.98249751306747
299.99372550483116
299.9866163189655
300.0007443685534
299.97059283701964
299.97726850495565
300.03124520941907
299.94016163407031
300.01245501126016
300.03631061775354
300.01848643636629
299.96690301778153
299.95835662410008
299.98135494419961
299.9976390604445
299.99190594083433
300.0054575317165
299.98874096693203
299.98542357873134
299.99816784990225
299.98573999705945
299.97971787040575
299.97364890604933
299.99865332091173
300.04217601112316
299.92553054461757
299.95300778731394
299.97843450729994
299.95476147366367
300.04560163197408
299.9699847855145
299.9750262363429
299.99977088090185
299.99940010039091
299.98990912580081
299.98191779927936
299.97035494414087
299.97613119013488
299.99168182965013
299.96848187631599
299.98770704162877
300.02294766525461
299.99546492831138
299.96945994502937
299.99124664566659
299.98394692490507
299.9909411077611
299.99406778074194
299.99593494087179
299.98381129132196
299.97184706327596
299.98262553479015
299.97042883453406
299.96753250653313
299.97460612711399
300.00126639961513
300.02851941923655
299.99327971421906
299.98247876086339
300.00387461880467
299.99459365940254
300.01226066609661
300.07300095167938
299.9858205152911
300.00207452390674
300.02029073194325
299.99292345374363
299.95674228320416
299.97567332769694
299.98986990347544
299.99569790903843
299.95759906529827
299.94103604636632
299.97618342735575
299.97330976347837
299.97373045346177
299.980153837572
299.97576025162004
299.98266249282062
299.99074235257751
299.98714266334503
299.992517029125
299.98802975738363
299.98298838482043
299.97631294398167
299.97809879872437
299.98394374373174
299.98868977303437
299.97887124430412
299.96963778408457
299.9531703320701
299.96300522921507
299.98986290926035
300.00962270005817
299.946691833138
299.97692350782393
300.03869476539506
300.15712965500956
299.94724667707555
299.87153864830697
299.93606702172349
299.98500597003158
299.97535045475422
299.94411069807927
299.94141864219552
299.95786799810492
299.96925179775559
299.97188442781152
299.97476280788612
299.97266001515345
299.97912859602002
299.98905386116576
299.97149014038069
300.00394952027466
300.01945769496427
299.99706628722532
299.98227675385436
299.98806063195059
299.98943544134625
299.98770466197311
299.97587580589072
299.97966423468813
299.95551442347687
299.96606914331159
299.9992873052866
300.02612537915587
300.01759724924551
300.03522169685925
300.29543816152477
299.90592556084437
299.99962429172353
300.00323652786165
299.77048922011505
299.9635147267702
299.97938861188965
299.94493501608179
299.95148716220808
299.95991944601366
299.95622753872698
299.97748588929488
299.98344966375311
299.97289296917597
299.96625541028271
300.0089929670691
299.99895969054808
299.99278041572421
300.02469117459589
300.01227712790478
299.99517057171744
300.01315392708426
300.00261939911235
299.98888340874805
299.98832101071406
300.01106997390406
299.97072994887617
300.00332947363381
299.98913098591817
300.04008997855914
300.04385814662504
300.01606101240156
300.02036781274057
300.05083619291958
300.00854884063591
299.98171789137621
299.94560177703545
299.98085607989384
299.95180116948325
299.94719975787444
299.95361593610909
299.9401641655536
300.00179982080255
300.00086399558808
300.00598774846031
300.00403257517905
300.00117686724587
300.02062133257965
300.02940057996665
300.00264964894933
299.99646878379713
300.01074188216222
299.98301243451596
300.03842718216794
300.00961810627501
299.99565416082208
299.99016600390382
300.01477693726969
299.98719408617035
300.03159231455106
299.97171444907156
300.04341997754386
300.08106547865179
299.95129149315062
300.02322549329915
300.05442599059978
300.00948023866727
299.98696610917949
300.01338867032769
300.04661919243159
299.95234413287238
299.96837742456989
299.96780270796864
299.96339696428777
300.1013036197175
300.02474312918747
300.018999877537
300.02434075312783
300.02146801128532
300.0290839638252
300.02525804957634
300.01077880988004
299.98253049905583
300.01892624991791
300.00641083564392
299.90642635483886
299.99178522474352
299.98069008260001
299.91225599882432
299.99182761209846
299.96959631506775
299.99451957719617
300.00646748496911
300.00894016096686
300.0432654185114
300.02817427112149
300.03167432997367
300.03847466459951
300.0160238480276
299.99739293021008
300.02559920535685
300.06968352360894
299.96097169757144
299.98957319167192
299.97916321603003
299.9963279540741
299.93246102564586
300.00845808309947
300.03449814923977
300.02916814201041
300.02130148825131
300.02302069312128
300.02150444406851
300.0264077427741
300.01116242778625
300.01272621405138
300.0144751540256
300.13078729468174
300.0014788925472
299.99181577723908
300.09464949664425
300.00043752571179
299.96974764205441
300.00607385270604
300.05534624698396
299.93672667396987
300.03293333874035
300.08950063626935
300.02184634658749
300.03289282474179
300.01755396981468
299.99569980497319
299.99122150315822
299.9823552259158
299.97764899842286
299.98213496301713
299.98809801117375
299.98514694038579
300.03801051032741
300.02096482724733
300.06748497639154
300.01571609049483
300.20664135895032
300.01765388355335
300.02025738405894
300.01680922474043
300.00804785178667
300.01136724104452
299.9928058553507
299.98573149369975
299.96624803627435
299.9246073462179
300.00810558649664
299.99175427711634
299.97012973874314
299.98828668994025
300.03769191222335
299.99692732614744
300.02374501140383
300.06066436692055
300.03671523610598
300.03079200716729
300.01829056338556
300.01460997826882
300.01092490455096
299.9789083122152
300.015144928062
299.99210676377641
300.01161966508192
300.03756684015269
300.1604297458361
299.89673610848513
299.94752233462424
300.02652239236954
299.84703918334515
300.04045691559224
300.07599122313161
300.0246604472693
300.00926858462486
300.00204437461485
299.98837746676111
299.98453410643219
299.99317304304071
300.10328570133106
300.04805316712367
300.01582980176744
299.99106532764449
300.01380261840598
300.02538806260048
300.04004917147648
300.4115552084981
299.66036151459053
300.01855952827077
300.0166277228281
300.02115092161017
300.04803982546508
300.0438016746412
299.99552689945421
300.07841644988486
299.92691656425325
300.00645375968287
300.04637249210737
300.08919121505335
300.14194990422294
300.00218107384495
299.99423818720015
300.00815470417609
300.01288209043111
299.99562905620235
300.01475512572995
300.01044337787073
300.00045647286532
299.99830328613501
299.99607770878811
300.00989668691068
300.15170487164539
299.97487469300165
300.10531519673395
299.85583952938339
299.99600669158002
300.0122476397886
300.02399615068413
300.0139524780223
300.0074165427572
300.00595808809817
300.00909073545563
300.01818277877311
300.0630813226125
300.08066857017587
300.00412971822624
300.03599360778946
300.01923673969151
300.07639398628754
300.09744446366449
300.04144519667085
299.86541058578644
300.00521013966966
299.99520819454375
300.01400393161691
300.01068361822121
300.00601457966587
300.01531636916098
300.00948779296846
300.00233304388274
300.00895235445319
300.00465908466606
300.02699547908219
300.0388267366917
300.05941486671765
300.03249541676894
299.96818211729703
299.97554666236283
300.00007336378223
300.00948290257571
300.05288057768911
299.88489304110601
300.00171252314567
300.00830481139388
300.00505515555392
299.99832666752809
300.05558180780923
300.01542636267726
299.97018700506845
299.99969203595435
300.21098220329407
300.06077155364835
300.04346518280681
299.85820182732584
299.96145550518844
299.99031445070864
300.01106516423846
300.01795797624243
300.01290430203574
300.01890786200892
300.01032168687038
300.00119744797638
300.00299375607324
300.01089945409524
300.03831055168007
300.0356700820272
300.03549574640795
300.03132342457781
299.98693385577468
299.96987070087295
299.97766735011385
300.01076845377889
300.05477978433703
300.0157897367435
300.02166789076512
300.01543085785789
300.00133990664131
299.99833204199439
300.04330430621559
300.04607751360004
299.98642775723175
300.00041579704231
299.95253483361108
300.0428716580987
299.88170023903922
299.98025452234691
299.94742063798844
299.99309637121883
300.00715197773565
300.02076642120068
300.00409185847298
300.01285692287325
300.00854503069235
300.00345163412078
299.99909465065554
300.01447236998672
300.01149337820635
300.00070523821279
300.00335539131675
299.99369145628276
299.9715414666361
299.9666686262147
299.85998862929324
299.98615431225164
300.00936833331133
300.00350047710839
300.01065136295284
300.00430238392011
299.99169186126534
299.97167938905335
299.97570941326336
300.03168689339736
300.05542829076416
300.00904665380182
299.9224206082709
300.00687208873228
299.90137300545774
299.8493503619431
299.97284395285783
300.13518143256124
300.02013026601162
300.21112982470379
300.01969054210576
299.99968629851145
299.99790158683413
300.00511349870374
299.99600564206003
300.01180358340605
299.99269304694076
299.99211321044305
300.0178298203266
300.01536391048069
299.99524917332343
299.99515015869133
300.11099197099435
300.0026363747283
300.00732119107602
300.01548816335782
300.00802188651943
299.99683869394607
299.9901270140802
299.97566087508909
299.96001051969159
299.97461566953518
299.94425369143175
299.97732453408628
299.96510415827106
299.95544402176841
299.96107750426057
299.98096304030787
300.21139091757726
299.69786742714018
299.98964743356299
299.81636679411736
300.01470295276414
300.00308993213929
299.99429131431947
299.99371249100182
299.96872609766376
299.98516966623123
300.02962183988484
299.94029460817711
299.99579684668839
300.0371176009283
300.03952908417779
300.00323312486978
300.01270454895166
300.01164846038756
300.00864021196332
300.00017630137285
300.00981430695936
299.99021629493342
299.98835907131337
300.00377431974022
300.00250077816816
300.01642132694883
299.98185213357738
299.99134785843177
300.00721143713173
299.97817120482722
299.95730118009021
299.98128557081941
300.06864569884164
299.92647843106204
300.00838876339253
300.10193141872656
300.06482734637086
299.99753538355333
299.98892350156495
299.96685571136783
299.93956802601144
299.97419278542287
299.97489892182716
299.95498120328813
299.96944546019336
300.00959115157781
300.01565282183174
299.97446850994612
299.97333587423191
299.99042432786155
299.99126817734538
299.87852521542061
300.11476992382057
299.98906213084206
299.98137405797678
300.04520993207893
300.10260746163516
299.96137826529292
300.15006074190615
299.98078389217039
299.97496721410846
299.96198416364439
299.98429463215751
300.01474357161192
299.99226505088461
299.99608768191274
300.01761117217671
299.9215995679458
300.00973309183951
300.00473794849893
299.99000191199474
299.96191469246747
299.96847801332484
299.98505677983979
299.982564662882
299.93339765190143
299.9263691275446
299.95667251291673
299.97873762726812
299.97204571875454
299.9825613856201
299.97773903658515
299.98936635485114
299.9844427981534
299.99549715323946
299.9652864531958
299.92793365308739
299.97559282662161
299.86154318701551
299.97099929539388
299.80190667261405
300.01197707699936
300.00092580134833
299.9970863749644
299.98601417386834
300.01030346237292
299.98902003922007
300.05230545702693
300.05379618583794
299.91444603687506
299.96557114398121
300.01781860949018
300.00935956907182
299.94888597570144
299.98602073910405
299.98803808537269
299.95005786561779
299.91822621393504
299.93112455082331
299.93897786171436
299.96935030151963
299.99090143198998
299.9787138065081
299.96555599017557
299.9722850989055
299.98736921404856
299.98621482287928
299.97904321148053
299.97341118746732
299.98078910347749
299.97268357886139
299.98169379252062
300.00476553787882
299.99551425972402
300.01966125296212
300.02093735937837
299.95810031310083
299.98372903502104
299.98034997316387
300.03509810601537
300.03702381253839
300.00658832532139
300.00047991175711
300.04230392701095
300.19327018031657
299.78389511286804
299.9424179308952
299.96993896447083
299.94446141296265
299.93046712166466
299.94354118382074
299.93532095642183
299.95310384092318
299.97549050595939
299.97150332287049
299.95878737836136
299.95456901214828
299.9882837966997
299.98269711254613
299.9943438557404
300.01351353497051
299.99953550771829
299.98826469934801
299.99237330074607
299.99608362826012
299.97091632863868
299.96219258911049
299.99489985311823
299.97073796942328
300.00341379562013
299.98923783352956
300.04013435903272
300.0438590740327
300.01587850969366
300.01989489057877
300.04986780186465
300.00724790688759
299.98107482385819
299.94603234094347
299.9819278837731
299.95248470383063
299.94737848113147
299.95370615283559
299.94020479190488
299.95637833337855
299.97767307923306
299.98356863147035
299.97296365190289
299.9662926296898
300.00900928848836
299.99897064970821
299.99278676652659
300.02468757805752
300.01227588863253
299.99518609218148
300.01319868202125
300.00264505217876
299.98878498584043
299.9881985761142
300.01094974354788
299.98716798356048
300.03168335690088
299.97182772084341
300.04349472332859
300.08104508551327
299.95110775723367
300.02268882916002
300.05336795762895
300.00808148012538
299.98640438854801
300.01433947364552
300.0479927773149
299.95327878983693
299.96872529022596
299.96791237724926
299.96346176218827
300.00190399282815
300.00101190370674
300.00608751160712
300.00409828283034
300.00120188721337
300.0206098748867
300.02937693073363
300.00264157267742
299.99646985848091
300.01075660010025
299.98309784063679
300.03854883419916
300.00953455734589
299.99568915716793
299.99000412477318
300.01461585402996
299.96960027417396
299.99464644909108
300.00659604533428
300.00904080407872
300.04323260130548
300.02798376917127
300.03130872088281
300.03787577107681
300.01532054197389
299.99717974545172
300.0265522753034
300.07086304611113
299.96178021163769
299.98987368331098
299.97923320917738
299.99622083599411
300.10123154118895
300.0247551567669
300.01903620556021
300.02435587843411
300.02146337660372
300.02903166282454
300.02520752280878
300.01072361265932
299.98251168552116
300.01896262286152
300.00648759958852
299.90622888494818
299.99062588063941
299.98041905411651
299.91199872784699
299.99165402443151
299.96983587932317
300.00624688223911
300.05548878199079
299.93682931219229
300.03292299009439
300.08938542816844
300.0216672505569
300.03265952161331
300.01729351829476
299.99572672640954
299.99181775028745
299.98301523189235
299.97811229815392
299.98229350308037
299.9878832115873
299.98480117015407
299.93209473797106
300.00812779906926
300.03424734875773
300.02908516870428
300.0213777279854
300.02308953984902
300.02152237987968
300.02634304756128
300.01111897542836
300.01275208515415
300.01457322287018
300.13107133269057
300.00209273333144
299.99146513764225
300.09414335368444
300.00027671277769
299.97030843332215
299.98848831150252
300.03783553754579
299.99700754828473
300.02374379262358
300.06061812972052
300.0366950074727
300.03079616866376
300.01834670102579
300.01445562830548
300.01113774485816
299.97919762661593
300.01536669557851
299.99217664646875
300.01145022845583
300.03717814481297
300.03752412665193
300.02027267771808
300.06680285216345
300.0155450547183
300.20699684240617
300.01815578761813
300.02058968614119
300.01689974779259
300.0080062371016
300.01137807776962
299.99280845631245
299.98561473456874
299.96623605677621
299.92403685541171
300.00770994519723
299.99166028046318
299.99120240533654
300.01392865926715
300.02542302507396
300.03996831301663
300.41147354705674
299.66033857631498
300.01861390832647
300.01673369833043
300.02132349050322
300.04842874450009
300.04393183907621
299.99558514036244
300.0785199997494
299.92704592891658
300.0065857621118
300.04648770686987
300.16013717778719
299.89595663925144
299.94677280739444
300.02668760073749
299.84805222275435
300.04160063380567
300.07678528313113
300.02494567761676
300.00918169233233
300.00196006256226
299.98840409509285
299.98447028425647
299.99297300622402
300.10296687817169
300.04778710840458
300.01580346482655
299.85590645110454
299.99603077289368
300.01214791053462
300.02382684515709
300.01380926473502
300.00741765428006
300.00607000492568
300.00924058366741
300.01830354881639
300.06308859676784
300.08063980904984
300.00412020194187
300.03602078333523
300.01934713091202
300.07677125951011
300.09783492988817
300.08923683992651
300.14157566918328
300.0020459991112
299.99455600246432
300.0089925100113
300.01380583360981
299.99629877381642
300.01495425248493
300.01029697957659
300.00026192610648
299.9982182701699
299.99602672809493
300.00980429736404
300.15156621710611
299.97473006326538
300.1052878516295
299.96827440075288
299.97555510630474
299.99991820619891
300.00927185861264
300.0527226665277
299.8849447068215
300.00186650981499
300.0084771070463
300.0051373114951
299.99830558731298
300.05548927175522
300.01532712117233
299.97012853613307
299.9997077202857
300.21121963263067
300.06107092203945
300.04155462080831
299.86538703206094
300.00524146104158
299.99522711168618
300.01400624236692
300.0106058241343
300.00595818080308
300.01516153323996
300.0093630111831
300.00224538993263
300.00880932821309
300.00456109570598
300.0269429548149
300.03877609317243
300.05938133374275
300.03253138968267
299.98714808170638
299.96999839896529
299.97758714235812
300.01056615913046
300.05462602275162
300.01580874451349
300.02174241132252
300.0155633926845
300.00139266041577
299.99831830821847
300.04322161387114
300.04591975205005
299.98629566818823
300.00041387206966
299.95286174346631
300.04311202862516
300.04346990442406
299.8581189818604
299.96142477237538
299.99013494092833
300.01055355880703
300.01722971257993
300.01244345617295
300.01864337715409
300.01029936563066
300.00128325908918
300.00295486924699
300.01081160995176
300.03826045903139
300.03569194922909
300.0356553328607
300.03154455417092
299.97167013436314
299.96673690470817
299.85994334938135
299.98600699568192
300.00913375433925
300.00339745552981
300.010626028611
300.0043443611853
299.99174538836542
299.97167137206219
299.97562121308982
300.03148656863664
300.05528502579028
300.00923366301816
299.9228009003636
300.00737429391182
299.8817764803598
299.9802361860319
299.94740257349184
299.99301421450383
300.00691180413753
300.02037701456419
300.00383907696613
300.01274313019422
300.00838676212987
300.00302886559962
299.99889277862053
300.01447012827373
300.01152568445542
300.00089301506011
300.00364924481755
299.99396317545887
299.9947873602261
299.99493660870411
300.11085784069559
300.00241674119917
300.00708667838336
300.01542250047817
300.00802046496307
299.99688799554178
299.99018916188953
299.97561096621058
299.95986016886781
299.97444164136397
299.94423792120915
299.97719449126816
299.96380706697096
299.9558091859692
299.90171862204454
299.84937478886633
299.97283400985242
300.13524019608104
300.02019896265699
300.21118516692439
300.01972027237463
299.99975976313027
299.9978551583028
300.00463519938285
299.9957932456644
300.01191326524457
299.99277383391615
299.9922985356551
300.01803460886077
300.01521415338686
300.03900435874345
300.00291026257707
300.0125525488408
300.01141237338317
300.00832418323773
300.00024625672108
300.00996397367044
299.99038344517089
299.98844274310244
300.00345802971725
300.00210596102949
300.01613918261131
299.98169321404168
299.99057109120622
300.00370623478898
299.97745999596634
299.96124961214957
299.98096019734987
300.21134979306612
299.69790400176339
299.98975520006059
299.81647874217765
300.01476900925132
300.00315223569868
299.99427300747556
299.9935171533815
299.9687582276091
299.98527026926479
300.02973275481719
299.9403149213461
299.99585818071358
300.03647062245
300.0161422212517
299.97501157731347
299.97348745509896
299.99032215026898
299.99115066293876
299.87868731144215
300.11502338041799
299.98938095084122
299.98151462817827
300.04474129809313
300.10196830872746
299.96089531535489
300.14970663761807
299.9816337040902
299.97912010951143
299.96255663678522
299.95733678048038
299.98117796306121
300.06853506954934
299.92644130299391
300.00841920951927
300.1019830208204
300.06485271573547
299.99753070402591
299.9889020068598
299.96695524351412
299.93991267451014
299.97412777321745
299.97475309336369
299.95469605929532
299.96900481380453
300.00948229429474
299.97892502771123
299.97220652126487
299.982643833797
299.9776930084563
299.98931764938419
299.98448483275996
299.9955995730287
299.96551940692819
299.92804767273071
299.97533207532376
299.86106910044595
299.97067692004271
299.80149932334962
300.01131495682023
300.0013601962267
299.9964051603456
299.98405627366111
300.01458508669316
299.99210845741436
299.99597157565341
300.01756504187119
299.92159098588616
300.00972306603381
300.0047409114444
299.9900568205934
299.96230301379836
299.96914440312446
299.98489882956414
299.98223852166512
299.93298530971703
299.92583208796435
299.95635640810173
299.96912252118494
299.99084963175966
299.97866348984212
299.96550285727579
299.97226217219384
299.98735958271703
299.98623368882932
299.97913519597273
299.9734447758496
299.98069673854513
299.97251103132209
299.98159217580246
300.00468258772435
299.99507589517884
300.01877876066487
300.02037312348301
299.98579520194795
300.01014336092965
299.9888625614754
300.05218261540296
300.05373659336493
299.91443426693456
299.96561517111087
300.01791555596793
300.00956179691224
299.94923534240064
299.98634764782054
299.98786365061812
299.94978661307044
299.91791306756306
299.93071515781628
299.93866264791438
299.95283435842089
299.97530643887336
299.97139890093808
299.95873084145978
299.9545352863272
299.98826420993953
299.98269050004433
299.99434772970011
300.01352304944339
299.99951641070732
299.98824192792188
299.99240144892093
299.99616648949745
299.97103719322149
299.96201173381087
299.99486556565819
299.95805997288409
299.98364118243518
299.98022421302869
300.03503125900238
300.03700284457591
300.0066630783295
300.00069662246585
300.04280394768944
300.19389391386045
299.78436780945634
299.94230638580001
299.96948208836875
299.94407879894055
299.93025339357882
299.94338774791646
299.93516326465522
299.94478189604257
299.95440391937018
299.95022173580946
299.97406952756614
299.9610387142389
299.97136666332926
299.97632890598027
299.99520770552635
300.03972956122772
300.04244533828006
300.01867489110185
300.00695968740473
299.99923016946667
299.98802671684518
299.98876091996567
300.05375818765509
299.92750970531
300.01343194631465
299.96975545844919
300.0257823735235
300.04353666410026
300.13277748949457
299.89639665271875
300.02926920648173
300.01453497061431
300.04884699843063
299.9248413944664
299.95072703483356
299.937580442296
299.94342230424894
299.96152861236561
299.91828789145671
299.93628917670554
299.97552591652811
299.99285084677302
300.00215914626091
299.99068029221723
299.88922006521773
300.13558530438462
300.00463237162461
299.98074001768703
300.05989314388756
300.01733735365542
300.01901511809348
299.99984178398421
299.99183707227991
299.99640445200066
300.04274833326417
299.92935558060475
300.00461385618729
299.98239973140454
300.03827541023401
300.02815256937663
300.02723991812553
300.02867530947896
300.09490647575194
300.1764944768708
299.79554476080477
300.11349969294844
299.88262218463456
299.95506677219987
299.9785740207721
299.99122700698655
299.9145386209355
299.99448323749431
300.0118243720575
300.02176163642127
300.02130799003635
300.01346628195012
300.01717349157013
300.03519419461844
300.01578353417182
300.00018500630608
300.018359206676
299.99813409548545
300.01118139734183
299.99070833363186
299.97512665566427
299.97879810879465
300.02525278022483
299.95377965225998
299.98505473189908
299.96805658906095
300.00734190693913
300.03210067918644
300.03477479188064
300.0823669903462
300.13640995609035
299.93788118551242
299.95410920365543
300.01126898320553
299.99872069574747
300.1819340139109
299.83081692915084
300.04502904935487
299.92369030251604
300.02837084705681
300.03483814642971
300.03916655088318
300.03399838743599
300.01948985938083
300.03400386892065
300.03973762006274
300.02575747307685
300.00790581534983
300.00899218226118
300.001080667444
300.05992095261894
300.0011888167034
299.91323593298955
300.00073240462848
299.99587462911774
299.96357405900858
299.99255261914209
299.92058564422217
299.95668595497057
300.24014500482031
299.83847064993114
300.03880687082324
300.03718574546758
300.02033133089526
300.00493358442895
300.01677006270637
299.99563228729937
299.97548319868775
299.95577361377809
300.01961675334741
300.00825118169388
300.09170243622737
300.05238028339846
300.04199947565621
300.01004480460921
300.01492866913208
300.02655392647614
300.00790349649373
300.00661285868853
299.987995050525
300.01807843924217
300.00761515202663
299.99093614543358
299.96318694160749
300.04279920877428
299.97752048911917
299.93901929482558
299.86124642764332
300.00774439511764
300.1401565363588
300.01728309668164
300.01138109051197
300.03820732712956
300.05198551358973
300.04846322170187
300.01567745602927
299.99321965944148
300.11480703330801
300.09244565028843
299.80746395543378
299.99761507505553
300.08391209664802
300.10694862171187
300.03579685797723
300.04160694260486
300.21001143634976
300.02641574269165
300.03072351952221
300.04311352945786
300.02786258446514
300.01117832226976
300.00188606441208
300.00122890682837
299.98602397553253
299.99169477508138
300.02006585684632
300.02667648361461
300.05415198893468
300.06937478336465
300.12372168143179
300.01947091100516
300.07596917097243
300.10176385380714
300.01618076654296
300.03342138555388
300.03787715535668
300.04476219038867
300.01677603953465
300.00140817647491
300.01455209442446
299.98080993375351
300.01261077426022
300.00321114179292
299.98703617572636
299.98995470851628
300.08087449744443
300.16493249729149
299.83476537421734
300.01856340371472
300.01254003940687
300.01319391007723
300.02434916391292
300.01747866743153
300.00778381042505
299.99540802628474
299.99553113447467
299.99329730624243
300.00195956475022
300.01768091658778
300.0361369535338
300.03576506215649
300.00395169165358
300.02211039794264
300.02757998869282
300.03531632966383
300.01446363186761
300.03387727845575
300.02119774867742
300.03366632291403
300.01873041420282
300.01734603582071
300.05305144614823
300.05736206991708
300.05791729984946
300.03671287297914
300.3042578322374
300.08123878285988
300.03716709534814
299.86280215437392
300.1958788488638
300.04441177872644
300.02684027008928
300.02557183285813
300.10674614628863
300.03484931041055
300.00919383406796
299.99180481919865
299.98984948162996
299.99319009209995
300.01486098852911
300.0214947547089
300.04026427874521
300.04419454119665
299.98221481095771
299.98437803686227
300.01209297160938
300.08728038063498
299.86178036374076
299.99678785532438
299.83197062701953
300.01850091963843
300.01449111599339
300.01146520271249
300.02383324128647
300.00439323801066
300.01267181595045
300.00182379138084
299.76877539071597
300.04689393609539
300.08617032269035
299.82178502054558
299.84253503744787
300.00154443127946
300.02249437661078
300.03223295864746
300.07126142812899
300.02314785810478
300.011120638828
299.99583997025263
299.97694080276125
299.87997338792104
300.0208303643829
300.02599043328109
300.031637968506
300.01942169670042
299.98095284468064
299.95306157280561
299.97925382290168
299.97364450686416
299.98196821572861
299.99916061318663
300.20867434487997
300.01655353507209
300.01339204654448
300.00429786857524
300.01715193635897
300.03898863043639
300.0315113172602
299.98808457431585
300.02370684926336
300.02822759175046
299.86805580576373
300.03075973068854
299.88893761095261
299.9787967720892
300.03237780394755
300.04081171339868
299.89185404288861
300.01395041085334
300.00728706867773
300.00420866868092
300.16482510473622
299.90641699424231
300.09091303653292
299.93970710213028
299.99956106924179
299.97171420183099
299.95053102325642
299.98222106735011
299.97641682108701
299.9826598838485
299.98684424181454
299.93199117316976
300.00444712943738
300.00639790079543
300.00107930488895
299.97776582941265
299.99139594234697
300.08585408437983
300.03347005109936
300.00976482714691
300.08755549157769
300.08302259207579
299.89486094949018
299.79851740001976
299.97195257243885
300.06344532312772
300.04114200219459
300.0229321664786
300.02472470481717
300.0228234556493
300.01133963088563
300.00992400855512
299.98631859166164
300.03610311895062
300.02243127754917
299.80886300962732
299.99223995115199
300.02431778976131
300.03313143151399
300.01217232553921
300.01208720765044
300.00540802281398
300.02116302654628
300.08612427024912
300.02205588921498
299.99807106577862
299.97926023243485
299.98168441113188
299.97265763546824
299.89822320788727
299.96909960995475
299.96621786411879
299.89962201858373
299.93069618468581
299.95851551675491
300.03478276545121
300.03879711548961
299.91283278777428
300.00277112488573
300.02789737157758
300.21195470768816
299.82340833247946
300.00722018891787
300.10448180172398
299.86768458686225
299.99668774396883
299.99759453867716
300.27871965419416
299.87170212377544
300.01624702920031
300.03407932886938
299.99765425067596
299.98227085768355
299.99370216755585
300.01091673832536
300.0326024339119
300.01774221185701
299.99084637926853
299.98703275895878
300.00989015705449
300.07106435872947
300.0052066744679
300.10346210367169
299.98448611494678
299.98749830907411
299.9725774005359
299.9350717395846
299.90072559041573
300.18138192198313
299.97857369379994
300.01579158275683
300.05328144612366
300.05222726914286
300.01045876223299
299.992090887708
299.97693175108787
299.96154306089369
300.04038898001386
299.90174638669862
299.9315804895233
299.96904255963318
299.99551661878837
300.01020524403276
299.98186944390778
299.9873317822744
299.97848345058304
299.99853713318686
299.99087497672855
300.00980089153779
299.98862465851232
299.98961096204499
300.00200811502606
299.92718582311159
299.98526216364081
299.86660114405203
299.98322682091731
299.95822250064725
299.96978716005577
299.961679026338
300.00215934358573
299.80662101206036
300.03316538607487
299.99379256955552
300.01136486747157
300.14377897888238
300.10491540631187
299.918998846411
299.91017091716873
299.95836470163141
299.96693319799448
299.98932704833641
299.87439260953266
299.93164558253505
299.96095170771321
299.98739876824379
299.995713655288
299.99021918101892
299.97957840786825
299.99463391179432
299.98290012406812
299.98430692755954
299.97102839657043
299.98507391786609
299.9858761648423
299.75264423074157
300.16997474147263
300.02184928862471
300.0912222313458
299.99904957593765
300.00300901502357
299.97027275547947
300.02366487378146
300.00803853171158
300.14498857670088
300.13186898045421
299.98968700160816
299.90901117160854
300.19457882312327
299.99561404758907
299.80143852738269
300.07139190695199
299.8615702087958
299.95916297797385
299.88554937715128
299.93680867819273
299.91329200381011
299.94694391684374
299.97096194610003
299.96071148999329
299.97062221236683
299.96980846700677
299.96336719425227
299.97696991993962
299.7897382928312
300.18475569848039
299.99573501481996
299.98016713412864
299.95904267313836
300.01174096656712
299.91656919676501
300.00792275717151
300.04640594967111
299.92286451781717
299.99895390484198
299.95982944952641
300.01956076036447
299.83901047130973
300.12343248666997
299.87656235429097
300.00567575949606
300.02262332104328
300.023173022766
299.92082884415828
299.94171911024955
299.93437858478325
299.92770144335873
299.95174390506435
299.90036038836422
299.92951101222411
299.94619388481323
299.94211987748372
299.95972187613637
299.93934530883752
299.94091653421304
299.92658554138342
300.01534861477444
300.05469319468546
300.03352843880936
300.00760840208585
299.9827061869629
299.99470506629609
299.96084102206981
299.96876911297841
300.04647027254549
299.92756635767148
300.013677958909
299.96999849041634
300.02594582272843
300.04348088906835
300.13248648378334
299.89596687124089
300.02862803013085
300.01385425890044
300.04845808669097
299.92491797195436
299.95112005658609
299.93797410184243
299.94377632574793
299.96179818877602
299.91816405698489
299.9446758801439
299.95447415896513
299.95035645270696
299.97416302980844
299.96109614138476
299.97138967591559
299.97633746764467
299.99521100459577
300.03971767817768
300.04241779009817
300.01866060411925
300.00702971201832
299.99918683734984
299.98798334321964
299.98870849843013
300.05357857204177
299.92936600850572
300.00478462874833
299.98261647916468
300.03839230487142
300.02804269941919
300.02682237599134
300.02805173803603
300.09430098489571
300.17599826522604
299.79530143048316
300.11389803717185
299.88321928729084
299.95558704668173
299.97888740622
299.9914051983784
299.91456368663995
299.93632261883226
299.97566713186853
299.99300860638442
300.00223318600689
299.9907007574858
299.88920272657106
300.13556972457121
300.00461843114647
299.98073072580553
300.05989046326624
300.0173435118042
300.01878547534267
299.99873478537148
299.99186224234586
299.99627013631294
300.04254014359128
299.95380116606884
299.98521083519637
299.96826764529931
300.00747715880652
300.03200177178218
300.03440791016357
300.08197359153758
300.13618693346803
299.93775776537319
299.9540738736556
300.01167187054983
299.99923042668604
300.18234465388628
299.8310062006185
300.04509234692006
299.92373797635713
299.99457690908656
300.01196992577042
300.02183585311059
300.02135544152776
300.01345275940071
300.01714331978076
300.03513490524091
300.01571631866494
300.00016612740234
300.01840100076424
299.99812217718335
300.01026754001674
299.98575818026887
299.97390954033625
299.97849636115126
300.02508477780435
299.96365960891217
299.99270338805212
299.92075422366656
299.95681667230497
300.24011170678318
299.83826411589297
300.03865976251404
300.03723168991218
300.02065539375542
300.00536894752724
300.01727230534891
299.99586854060323
299.97574008230168
299.9558820069272
300.01954170882203
300.00800287582581
300.02818453504352
300.03479111294132
300.03913051308439
300.03404965446447
300.01966558306191
300.03414170023467
300.03973307733639
300.02568029953744
300.00785247118597
300.00901569987724
300.00130760364453
300.06114971580649
300.00481291046196
299.9134449300094
300.00039614993983
299.99574375211648
299.86130397172536
300.00786200365837
300.1402757702424
300.01737091673806
300.01140681153106
300.03820444437559
300.05200225931947
300.04865155466234
300.01643755375488
299.99520986614925
300.11500302416005
300.09248289579062
299.80759343421369
299.99767933622741
300.08380220543791
300.10669782212398
300.09143334643181
300.05212279354834
300.04178727116903
300.0101451915387
300.01541259086133
300.02715690096335
300.00831373625078
300.0067313557991
299.987936549089
300.01802679970507
300.00754079272502
299.99122613061269
299.96443981265912
300.04256670612529
299.97719675906296
299.93891975176922
300.12369927844418
300.0195006977745
300.07599876747207
300.10174474903221
300.01618451608567
300.03349665899037
300.03800804733976
300.04499588475528
300.01697282606403
300.00048303473767
300.01441812498166
299.98087874929979
300.01271994454868
300.00333734460452
299.98718181993098
299.9900405714402
300.03569892282007
300.04128549136999
300.20974704942029
300.02669867331321
300.03181436340248
300.04451976026826
300.02876075253351
300.011447038607
300.00172326120673
300.00106570408991
299.98592412200378
299.99159403849683
300.02004755004066
300.02647610553066
300.05396245354291
300.06926671009404
300.00391120887554
300.02206888060471
300.02750866649723
300.03524008376701
300.01452728227457
300.03421140643036
300.02150661086591
300.03389214626867
300.01876033712898
300.01675031155861
300.05279804139673
300.05726598915891
300.05790580664637
300.03683794278015
300.30455864017347
300.08157706500043
300.08096088851886
300.1646928872878
299.8345863871624
300.01871869195259
300.01330102087627
300.01416213968315
300.02500033035506
300.01762451107845
300.00753470266477
299.99533478587773
299.99549130605322
299.99322907119068
300.00191345731957
300.01759060456664
300.03603869576494
300.03569173716221
299.98221113011732
299.98429834167149
300.0119618242199
300.08723135238995
299.86195209323643
299.99744969684951
299.83235602871162
300.01875621907863
300.01450456900955
300.0112251905806
300.02358688631659
300.00413859823783
300.01243793856065
300.00178316313026
299.76904579219519
300.04726738504286
300.03733982798423
299.86272073686899
300.19571681979477
300.04405656108042
300.02646468463428
300.02506355422798
300.10614582856266
300.0344547939892
300.00938339122541
299.99250133989221
299.99015687813295
299.99317943872643
300.0148400139247
300.02148784393574
300.04025182973896
300.04419761988038
299.98106599103755
299.95306717377611
299.97914637501481
299.97356512562135
299.98179391985087
299.99909586729353
300.20881342647925
300.01669751749205
300.01342489166791
300.00423646844621
300.01693500674702
300.03859206790838
300.03102507791237
299.98791902517939
300.02405654416566
300.02882977678786
300.08648170561401
299.82187275705138
299.84240911077285
300.00102821935246
300.02128056315524
300.0310737163166
300.07039900492663
300.02273975620636
300.01162001138448
299.99711631538514
299.97744363922595
299.88008057186374
300.02085351173133
300.02607244939901
300.03175935215114
300.01957973187166
299.95073901432556
299.98225661854184
299.97622426761382
299.982227399186
299.9865163850281
299.93236589955961
300.00448134747029
300.00631298409763
300.00108863888903
299.97778232654093
299.9912064164032
300.08536310692591
300.03299215540017
300.0098887452807
300.088061029899
300.08414243757403
299.86857297374473
300.03092625074532
299.88895123164713
299.97862211072771
300.03182707680901
300.04018195070671
299.89142558508246
300.01366437889118
300.00659794757888
300.00307357459599
300.1639122385937
299.90634801774581
300.09116919185664
299.93992453116192
299.99986041684218
299.97203078885707
300.03327393089
300.01215078934337
300.01170923941231
300.00455276130367
300.02042032388289
300.08590472144073
300.02220325421933
299.9981336318184
299.97929439244774
299.98157409077646
299.97233997431914
299.89782537265302
299.96891060826363
299.9657488566358
299.89631652534229
299.93094823537109
299.89557156151642
299.79865975499024
299.97192327037197
300.06347219623075
300.04115405498607
300.02293911431832
300.02481970520984
300.02291105042531
300.01068404786014
300.00845224814043
299.98520836606644
300.03587734057942
300.02327471153399
299.80947372024349
299.99262421406502
300.02455413780382
300.03394201742969
299.99745924970483
299.98178547403552
299.99269642263152
300.01046604572741
300.03204034500368
300.01840710681336
299.99130039201515
299.9872117322704
300.00945684583269
300.07041546030399
300.00478515576333
300.1033665507606
299.98248074353467
299.97899770214013
299.97140216555329
299.95911025802121
300.03483147337272
300.03869394792002
299.91283393353478
300.00291396946858
300.02810862450798
300.21218571672011
299.82363623482127
300.0070641939152
300.1037585388417
299.86640123105991
299.99587357609846
299.9991009241503
300.27970644412977
299.87186005610766
300.01629203841094
300.00998335462424
299.98170519871087
299.98701134772915
299.97803571649757
299.9983766656498
299.99099716352509
300.01058232940949
299.98930696861936
299.9899367975222
300.00159835776321
299.92643696654926
299.98467665903655
299.86677109105591
299.98656844378604
299.96959595898221
299.97405512935444
299.93536749557751
299.90046609993919
300.18120957976595
299.97851517236188
300.01589795932392
300.05346810455978
300.05236428414463
300.0105145598867
299.99201923005069
299.97673035165235
299.96121745480383
300.03974919294649
299.90208364208127
299.93169199173747
299.96880165495418
299.99527007743887
299.98718427474535
299.99556788763408
299.99004248003547
299.97935762305497
299.99455205479552
299.98308695400283
299.98463073522163
299.97143034401336
299.98530609573652
299.98566766241782
299.75211941843457
300.16958947309791
300.02127402065776
300.09010384214224
300.00183686303291
300.00320928236567
299.961138667527
300.00193692754237
299.80634961754259
300.03304942028609
299.99377565636502
300.01138950289072
300.14378444979997
300.10488840950109
299.91897482577457
299.91035175163734
299.95842868743699
299.96624202669659
299.98844563827407
299.87399112329535
299.93120953122059
299.96051499303195
299.9468104327288
299.97080825335757
299.96055289535377
299.97053817429571
299.96979984421154
299.96338354446186
299.97703844482999
299.78985187698527
300.18482900061952
299.99567583814849
299.98003908954604
299.95900416011386
300.01158821157316
299.91540905793613
300.00626857735517
300.04539790006504
299.96985900259784
300.02339883335168
300.00782680098632
300.14479928604277
300.1317765103899
299.98964945438189
299.9090724630729
300.19465986619434
299.99571025200851
299.80155922545657
300.07150767818638
299.86140050219689
299.95876204724289
299.88519055532424
299.93638670262874
299.91311758218103
299.92972818546025
299.94609681945178
299.94198182590804
299.95964322947515
299.93931149920525
299.94089588350283
299.9265777383639
300.01535136347906
300.05472012593629
300.03356152849466
300.00764160146673
299.98278302864583
299.99482051270792
299.96079585690012
299.96821447455238
300.04623984664141
299.9227123719985
299.99867394145406
299.95951439131431
300.01931375630954
299.83895481608999
300.12359196430111
299.87679133178659
300.00605858011244
300.02301354780889
300.02348539870025
299.9208531011659
299.94155334444963
299.93404466789337
299.92725323153968
299.95133747469538
299.90051316011568
300.02941258040477
299.95588197954584
299.90491780496683
299.9887280918465
299.95115812608452
299.80847168023979
300.21113125640966
299.99434708756314
299.80357157848766
300.21327844198453
300.03576970596259
300.01064920552017
299.97979912267982
299.98754599430549
299.97258054113013
299.98279137913391
299.95716685890977
300.00208075663784
300.01254979770124
300.01436737049966
300.03860791875331
300.06108444726095
299.9565296645834
299.99920873952675
299.9976681002704
300.00863428383042
299.98960540333439
299.97492997671668
299.93278578476185
299.96426146045167
299.98210621531365
300.03368868170321
299.8659464470266
299.95431226847495
299.96591011910681
299.99873424223119
299.98725826254491
299.98521361569863
300.06325450890756
300.00759325784776
299.98308038781818
300.05574090211979
300.04261565770514
300.01548275014147
299.99057674462279
299.97780151083543
299.96434573366633
300.00830057963458
299.85414057514072
299.89000004363288
299.96754962388928
300.01943791507568
300.02858556659839
300.23359712366869
299.83193396990259
300.0230056934991
300.00851291454302
300.01026597515346
300.03117474329849
299.99921099602699
299.94482773649059
299.96636193104393
299.98233012541647
299.79688275194025
299.92933448744026
299.98482059745834
300.01244835415372
300.02359234518309
300.01353100554871
300.00353528584861
300.0533585919992
300.0225885597867
300.00922735031713
300.03558825026994
300.02158294449657
299.82690711798421
300.17962977360008
299.96023450367028
299.93564416794453
300.04195421278291
299.94255832378377
300.02433143784037
299.96083360996079
299.99123531671455
300.02711556998514
300.04933759914314
300.24854159284206
299.82384423689774
300.01881655111725
300.02495151053057
300.02299742136006
300.00177911687302
300.09640311204913
299.99666061013897
300.02726811375118
299.94035602350971
300.0143200274502
300.02741316873988
300.04502528191824
300.13916973567609
300.0107048030473
300.03387876653443
300.11936029476624
300.03800890601588
300.0147167000722
300.00858513667623
300.00957339593617
300.01623213938069
299.80326106081543
299.98523959377718
300.01670994608588
300.00883555514889
299.94876104254217
300.05195829359849
299.97724690082828
299.99361658515528
299.88685587805253
299.97854512291764
300.05098560320153
300.02591319334846
300.02353539992089
300.04827590256997
300.04220064795788
300.00210638958646
299.93429549937633
299.90937071705912
300.03144213800488
299.97834742985629
300.06245326442587
300.05905409071556
300.14958419794056
299.91038108728839
300.19960761494468
299.83549011864443
300.13074257473068
300.00500640937207
300.00132508868217
299.96684153642917
300.051377451257
299.99576154124742
300.16760447631748
300.00449666672199
300.03750211408993
300.03565472392785
300.03659336453609
300.00796053100964
299.98591111564411
299.93475429606912
300.22405810215105
300.01315647196947
300.04250264998262
300.04761957478053
300.01116559064553
299.97844580900352
299.99050654093173
300.1094944390203
299.88266531578643
299.99982124781087
300.0443502854946
300.04580355042145
300.01676366424624
300.0475111657953
300.13566221155605
300.02756317102711
299.84395611303535
300.03922061761381
300.00459231296207
300.00958957315476
300.00864319745051
299.98788464144457
299.8878287467673
299.99248568556214
300.00831899383593
299.99843309685798
299.99894220636725
300.01542122473495
299.99809776938719
299.96503845246451
300.07888027941419
300.18184414256325
300.03249172568303
300.03832202755234
300.05695358429858
300.09131978147065
300.02293678347723
299.96492666840692
299.99814657144327
300.02279964661693
300.04537937754708
300.03609355467233
300.01950383836328
299.99475204909237
300.24199939139726
300.04580689603392
299.84000529896082
300.0451018681033
300.03869589395049
300.07372787898686
300.03317744984787
300.01896754974263
300.0083602911115
299.99896088805315
300.10772713386666
299.99700025484816
300.00174950334804
300.01121999037053
300.00048235389585
300.01339804669936
300.00294959696993
300.04545651094543
300.04284680197071
300.01351897380135
300.02422826062235
300.24741137637
299.74861373938734
300.10615834093073
300.06053907689892
299.9374131543164
300.0696490727525
300.07093481102783
300.11078414140741
300.00777881258375
300.03350187086778
300.04660156330431
299.86335613329254
300.00730897127556
300.00975244129978
300.06579820166633
300.04446718811192
299.98878782086751
300.04739595266744
300.03580252834757
300.0067976022188
299.98791770689866
299.99123534906158
299.99974473409134
299.98827069856947
300.01049311878182
300.01801284414688
300.05031399651574
299.99189381235595
299.99390531191938
300.02929278806062
299.92190419060887
299.96431066424464
300.03952699989213
300.15375504835276
300.05326596931832
300.02942440470247
299.99996046833633
299.97658361194721
300.0469534200742
300.03994829774359
299.9857023273666
300.00803777173485
300.05934489233937
300.20384296628549
299.70268216266322
299.96539793197917
299.99699683127955
300.03981132826743
300.03720756894126
300.04300102436713
300.03348335027579
300.00577018540167
300.00142799799374
299.96517731370301
299.97985974386734
299.89515452051614
300.01412399664827
300.00340213069711
300.02688579116244
300.01164388494158
299.8002425343301
299.96554486876528
299.91860406768205
299.96694415841625
300.02112666037124
300.04169544354733
300.03195073957363
300.02920324982432
300.0019261036947
299.98707176235717
300.03464667383582
300.10598774305515
299.93292291827277
300.00997166675671
300.02712762719631
299.8714886784955
299.93390050745705
299.95233391124162
299.97383422791205
300.05880344166127
300.1590589915952
300.07867457017932
300.12322031842893
300.09422367574058
299.91680293311396
299.85251758531609
299.97279637420013
300.12476501265047
300.01374933132581
300.05225554184506
300.00780958268342
300.0063022466486
300.11082690506692
299.97706516882448
299.97987699431417
299.98492655103007
299.99925164280558
300.0222454567832
300.02042707061509
300.06472381861192
299.97714783535582
299.96509896214604
299.99388162957024
300.02757860864409
300.02326378244999
300.10989635268817
300.0888822849036
299.89999837072077
299.91340084203802
300.17373164351244
300.01822752887801
300.0628298003291
299.91988781721432
300.10143933121543
300.03358967580726
300.01995754958324
300.04438425360109
299.94151284136223
299.97503787770978
299.99599889343278
299.99754979655364
300.0060379857967
300.00888581005029
300.0215490978174
300.04623817697774
300.03447915819225
300.0241633446214
300.02781824209444
300.01457146456113
300.02157594806198
299.99179302647758
299.90840269686356
299.971366863274
299.96853963798372
299.94227810878215
299.96326788084281
300.04193923744691
299.92058688114065
299.9138183872688
300.03927938313518
300.14841630007516
299.80768798382883
299.82606756662426
300.04473744020828
300.03453830419056
300.00432193445766
299.98082725785315
300.00139745149329
300.0106277315424
299.97606386433699
299.9910017113549
299.80476264154453
299.780961709069
299.99589888267445
300.00345663763176
300.02644817678816
300.00350216362585
299.74974035173943
299.97494266459989
300.01513791520904
300.07458524719328
300.03484971398751
299.9918321565732
299.97709122759125
299.80705572333568
300.18774337019408
299.98176280439878
299.97370778005461
299.90147238517682
299.96495352494702
299.95388791109127
299.82204124214559
299.96044956801069
299.96178657017833
300.00300513589713
300.00582974324874
300.09000086698563
300.05950752904192
299.99703956825027
299.99487035618409
300.00262639816788
299.95784445667624
300.15791660994216
299.95964504063159
300.03764951867652
300.04598356677172
299.91619908416828
299.99969259043223
300.00470956223768
300.23409423078374
299.97098770867137
300.03028126468365
300.00535461437977
300.00244840936762
299.984543617599
300.00593438150577
300.00822896637783
299.98154430189601
299.99315756542887
299.99547853689205
299.97315634110367
299.96353196466708
300.16715990252061
299.95335320742669
300.05764763766933
299.89594805564059
300.0387028789612
299.95932769000893
300.00353571317299
300.10873239769796
299.9120372239322
299.97184227953642
299.99124065694332
299.95581370254945
299.94431873987867
299.93670687761448
300.04648204693831
299.98760398132328
299.93113946742398
299.96358151038413
299.97631177302026
299.97762246629878
300.00178215337979
299.99589428350635
299.96840074064738
299.78361201180479
300.05585064842711
300.1211208142974
300.02435203183774
299.99260485469284
299.97434351532854
300.02879391295579
300.0082507888784
299.98149064926349
299.83922706324574
299.76166133554301
300.01277367798343
299.99912938750651
300.04857229078942
300.01877951108111
300.21159552012489
299.79030180979919
299.96767450789719
299.99121037357895
299.97848734937452
300.00013673661266
300.06908270655833
299.81181250481688
299.93741539095583
300.07106443834033
299.78190238689706
299.91721475758959
299.92611812488769
299.91013733079319
299.99462272001881
299.95834857978764
299.94898354574968
299.98738547521515
299.9720631346363
299.98689375938761
299.90344794908117
300.12376962414663
299.98720588870657
300.00169071389519
299.9744518175101
299.97349688870082
300.16440506748245
299.96260662636035
300.01157214757546
300.01475395162441
300.01244698510857
300.0323837778119
300.05054535403855
299.93925402517897
299.98082156943212
299.98833680618822
299.99843407084836
299.98178885386255
299.96607047726474
299.92093688025216
299.95337497635813
299.95978776025208
299.88498075226158
299.93289609558673
299.92447949248634
299.90345001085882
299.96443311361594
299.90600957652475
299.96669646985561
300.03141916775928
299.98708197064781
299.97845790929864
300.02055738331978
300.03537318076337
299.99185308191829
299.96977572770805
299.98283742453026
299.96765494753328
299.97811668961543
299.95740398288962
300.00291457478841
300.01367469234032
300.01531697614411
300.03878222869298
300.06082277748897
299.95607508312077
299.99875664705786
299.99730466881181
300.00834432047219
299.98954196430287
299.97506699020101
299.9333017248058
299.96509372841308
299.98269263147785
300.0333348137238
300.02870211832027
299.95563122276008
299.90496451899151
299.98881440434241
299.95120586009801
299.80848848566558
300.21113433739259
299.99434369652585
299.80355412030957
300.21324285799085
300.03573376257867
300.0106639541674
299.97984726986965
299.98748099105831
299.97247673675696
299.98267023557008
299.85431019860351
299.89053337200386
299.9681427440467
300.01981302890573
300.02848212752394
300.23302058071789
299.83120780294439
300.02269291261348
300.00842277942888
300.01014924003329
300.03123411089695
299.99942043477012
299.94516613042492
299.96679023790597
299.98263937190438
299.79690479141675
299.86585884642017
299.95433814932238
299.96605973449914
299.99881586340229
299.98727749043076
299.98520706005394
300.06323623984969
300.00758060030591
299.98306109667692
300.05571797120081
300.04262858944679
300.01571445764228
299.99077741377153
299.97786301576843
299.96418765593103
300.00809535432717
299.94274295456717
300.02458080189922
299.9611370366249
299.99138799777165
300.02697549274637
300.04878681019159
300.24810471336144
299.82379725822551
300.01938028809434
300.02635625855328
300.023369444222
300.00186653571865
300.09657766221528
299.99681191556294
300.02736739500534
299.94046962469548
299.92947577763812
299.98504557618492
300.01258974241347
300.02365185724011
300.01352356577968
300.00347173693217
300.05330708297481
300.02253650542622
300.00919987514993
300.035617683444
300.02167362397051
299.82675988960153
300.17841500149734
299.96007445901847
299.93556695928862
300.04186659945896
299.94886604892878
300.05212841258566
299.97744381388048
299.99376078199191
299.88680156817179
299.97827795055719
300.05078069674153
300.02622163673186
300.02551405000224
300.05539336790497
300.04346091171942
300.0019327858987
299.93431818365889
299.90944296652162
300.03148949533391
299.97834502046902
300.01429728937978
300.02752557980892
300.04512896724219
300.139230257713
300.01075410407282
300.03390633015789
300.11933191787148
300.03794468772583
300.01467428449632
300.00857265413117
300.0096013514036
300.01640234323861
299.8037230010828
299.98514447067697
300.0165095931892
300.00879598643729
300.03659568988132
300.00806232908286
299.9860692027957
299.93489332030219
300.22410564478872
300.01311786983644
300.04256254925093
300.04801922751312
300.01492900941986
299.98766768581078
299.99416126751544
300.10946554512225
299.88271413389674
299.99988848465352
300.04434041959212
300.04573584778518
300.06233175424182
300.05900498481577
300.14955846988522
299.91049541248486
300.19990230703343
299.83581160618724
300.13101888061885
300.00506265940589
300.00125015310289
299.96675752110843
300.0512842810366
299.99568766294919
300.16780202257922
300.00425822490286
300.03732852978482
300.03557037770702
299.99804482790557
299.96507331992836
300.07893302403403
300.18192879195948
300.03260588385734
300.0386051739132
300.05727286654735
300.09181971633484
300.02031536865542
299.95339852866596
299.99485171777474
300.02276138779973
300.04540297789077
300.03618781145678
300.01966531870386
299.99484062822535
300.01675694357272
300.04740354537711
300.13552358573884
300.02769713496002
299.84466029095279
300.0400731808578
300.00513924036818
300.00975204977453
300.0084936038989
299.9877120598448
299.88772214820176
299.99240392084852
300.0082355797515
299.99830735233053
299.99882769259028
300.0153102558391
300.00291438910926
300.04542773729372
300.04282345151336
300.01361266833516
300.02459510832631
300.24795787933334
299.74915463068277
300.10643605868563
300.05918980811771
299.93237850287545
300.06796052880367
300.07067266305643
300.11036255242584
300.00778777059685
300.03377610703035
300.04701381338856
300.24215993705536
300.04571052915082
299.8398221584352
300.04509675225256
300.03911036373881
300.07436754901545
300.03356233835552
300.01895096970861
300.00840519052406
299.99937957275341
300.10782815020849
299.99698635520269
300.00175657353611
300.01121603274458
300.00044446582689
300.0133759262032
299.99189915107644
299.99387836114801
300.02928726118165
299.9220759300631
299.96426426601272
300.03863853194201
300.15394213956648
300.05362071009131
300.02921078919968
299.99933840658275
299.97610385225386
300.04642949449646
300.03933014934569
299.98539232058255
300.00838693773602
300.05996870762283
299.86371165382968
300.00733288127861
300.00956508445819
300.06542539356394
300.04384481025505
299.98820456493451
300.04684595119011
300.03554442471437
300.00784658378223
299.9899359328578
299.99250537231603
300.00003676920471
299.98837352023736
300.01053086566122
300.01802338844078
300.05031894046988
300.01167243445855
299.80021810700526
299.96550402112064
299.91868636100656
299.96555992606613
300.01723350793776
300.04084298129976
300.031832665237
300.02940599513875
300.00197433791595
299.98690972854376
300.03385582825643
300.10493337222482
299.93221510336895
300.0105866590622
300.02805195383849
300.20445997875822
299.70289231271761
299.96535687060248
299.99662601043207
300.0390204861464
300.03633984212456
300.04230865765442
300.0333959509145
300.00702469178083
300.0034278615779
299.96639646339452
299.98036668083603
299.89543622045665
300.01420775496223
300.00349592849216
300.02699940786528
300.00637727044659
300.11072771187656
299.97651550642053
299.97908494108475
299.98566084041244
300.00415702982315
300.0241455915405
300.02044327879003
300.06473850126122
299.97734345486072
299.96502826728391
299.99304512743907
300.02651958735322
300.02291687442141
300.11138628172711
300.09038216485095
299.87234673680757
299.93422404973376
299.95234342471792
299.97369272173034
300.05854787347278
300.15872816948462
300.07847434211192
300.1227996834773
300.09319620083659
299.91508667123219
299.85080641868961
299.97194038366257
300.12580702470842
300.01413928363291
300.05241318540732
300.00792033497544
300.02160489788633
300.0460520623717
300.03367324007257
300.02298716783145
300.02840126018555
300.01374987132323
300.02187791991452
299.99216428346807
299.90842000798227
299.97126214739728
299.96823550062157
299.94164576090117
299.96288157767157
300.0429711431903
299.92028828886833
299.91537727111466
299.90086209275137
299.91365164572534
300.17365920961822
300.01825082790202
300.06295449904178
299.92009144905182
300.10176890340625
300.03336713951484
300.01829940853668
300.04168180951086
299.93805923928937
299.97298578112628
299.99865007048152
299.99971329836774
300.00643979892294
300.00894666616693
300.0263442195054
300.00317485816106
299.74880865223327
299.97547709556108
300.01968478184943
300.06781172220116
300.03290658439619
299.99318501275525
299.97718160753482
299.80664083405856
300.1871718808307
299.98129119879195
299.97381389130783
299.90251488020141
299.96290030707212
299.95524776978635
300.03983576582056
300.148393193022
299.80754566176086
299.82608804563716
300.04501129811985
300.03496838465492
300.0048028126364
299.98102821553994
300.00085471127488
300.00912999954471
299.97313487059438
299.99252325584041
299.80300416524955
299.78400522324483
299.9967612821257
300.00328842255715
299.99937348630698
300.00431663976542
300.23346473445747
299.97088456919681
300.03182559843094
300.00409857709525
300.00289229281606
299.98550834161051
300.00625701238187
300.00801192463018
299.98106621682717
299.99283904461521
299.99536658969447
299.97488979430199
299.96869434227585
300.17040429137882
299.82081930968616
299.96034423058711
299.96186923981764
300.00310552782071
300.00605068935198
300.09035251316135
300.05982139588025
299.99715607008704
299.99459423285674
300.00187160459188
299.95591397488926
300.15615332468525
299.96111970363614
300.03906426735387
300.04612291258633
299.91589721669624
299.96342275401997
299.97608700303624
299.9772866161349
300.00151008097799
299.99598822847111
299.96885275973005
299.78417138623939
300.05625536965493
300.12139740275887
300.02433140928338
299.99237792781923
299.97430668388898
300.0287937403906
300.00795749917086
299.98345395050711
299.84565194030483
299.9465851672964
300.05655634397738
299.89658935556986
300.03886588226828
299.95943454437395
300.00363724496151
300.10877199772455
299.91200042888454
299.97165147693323
299.99106268728298
299.95514423809959
299.94252897856967
299.93405513232989
300.0455408392599
299.98729529320707
299.93099487120304
299.91791347834629
299.92634478978562
299.91009406373149
299.99452642737907
299.95833957011894
299.94913259518762
299.98757238121414
299.97216267258528
299.98700469050937
299.90348333120676
300.12377681254389
299.98731556262248
300.00193528565796
299.97429507732454
299.9728031725237
300.16521762534217
299.76011557339467
300.01273160279112
299.99915046454328
300.04853700937724
300.01866447965955
300.2115070245988
299.79027850354868
299.96767662704968
299.99119094299942
299.97843022031333
300.0002797100384
300.0692337460365
299.81069716737744
299.93653665726447
300.07045275979112
299.7823830120513
299.9338567119118
299.92502607840197
299.90345987950053
299.96438383003823
299.90598899517204
299.96670999871338
300.03142716473747
299.98710353819962
299.97850054211966
300.02060490859145
300.03543218721035
299.99196859626102
299.96993460753589
299.9829579463331
299.9675861519342
299.97804121037046
299.96248055320888
300.01070850493744
300.01378012077868
300.01167011834076
300.03212279326436
300.05058687373486
299.93945861262216
299.9810923495761
299.98859098786795
299.99863481179972
299.98189740591334
299.96601164684665
299.92027289659501
299.95226378007573
299.95906320284371
299.88562026715186
300.08798232753844
300.01837972665021
299.93986217426931
299.94838490537893
299.95525741431504
300.02959685083647
300.01316066679811
300.00403404296179
299.9853037748781
299.97338970171364
300.00812640239599
300.04080725393379
299.96198627134316
300.01080193041838
299.97586335006201
299.96728778494412
299.97107884986394
300.02243778553901
300.06642292532712
299.96414507508507
300.02199127811929
299.96391262387385
299.95060108853346
299.98498013584162
299.99192669405983
300.00441280039746
300.02363614194269
300.00844009329796
299.96716334437252
300.06222226729176
300.01808005903388
300.13787313405578
299.95481337035136
300.03655813651261
299.97464135658851
299.96603307459469
300.00355492738629
300.15601059922381
300.05839599390998
300.00933462996477
299.98928246375181
300.01094580521152
300.03684155445069
300.0289362535608
299.9757465788303
299.97199802294443
299.96840555915583
299.97974390500769
299.94605856937875
299.96614955260094
299.92520900581934
299.97231102031532
300.03916012347526
300.02281536697262
299.98078778678877
300.00205394961273
300.00749284586999
300.01752923634092
300.04750611575042
300.05522958970101
299.92131062850979
299.99005779425278
299.88544271129092
299.91309743846074
299.83251070756086
299.91048149228675
300.0033242932185
300.0158504220139
300.06142536089033
299.8865174872887
300.06141154439285
300.02148417649556
299.99393810113287
300.04501343791651
300.0313669669514
300.01597375315487
299.97550379822928
299.85295396768328
299.97345574655481
300.05718835671502
299.91141577564002
299.99175648134508
299.97672249472066
299.9580941529768
300.04020681405103
300.30259311796164
299.76293180931339
300.02754978421996
300.01823084012585
300.01955647041262
300.01741501443604
300.00857752294093
299.96818243972245
300.19171069250598
299.86577425032328
299.74685823610548
299.99339441750288
299.99983418187492
300.01707255158391
300.01849697083389
299.9361835890046
300.00706941574543
300.0654471945416
300.03129724718428
300.01334400006749
300.01519836649146
299.94070165233722
299.97560486271192
299.98569597765419
300.09953725582147
300.00749897147676
300.02109179889749
299.98337554371477
300.15786816087814
299.97433000480788
300.07536851739684
300.04337288139737
300.20871872377091
299.86791628900352
300.11925662413023
299.98289931432311
300.05767812065028
299.92464261882913
299.99480555822691
300.00460324374205
299.99877094849847
299.99882296002579
299.99246715332544
300.16415846245235
300.0651618248317
300.04519488661833
300.00837821619706
300.02109780075824
300.04020028070681
300.0117998911
300.01514207848726
300.01888087568659
300.01577384890618
300.09046619471678
299.99083463967844
299.87966772897613
299.99805912369465
300.00548186025486
300.0029220879033
299.98039911899804
299.99663925813024
300.02311175761497
300.04593325311748
300.03110629250853
299.92966094720407
300.03483739700096
300.05300282532141
300.03751457834915
300.06845538439632
299.90221289002972
300.00677489798971
300.02768626301867
300.03163018850142
300.02595117232022
300.0701511061888
299.86318887535754
299.98304962382042
300.11226844324932
300.06326542680114
300.04499647995539
300.02873572844652
300.00342782609209
300.01959992083397
300.02177353705639
300.01052350222733
300.01288809357294
299.99655029002986
300.11943645276455
300.00873147560628
299.98406066356523
299.96854598052369
299.95608225745264
299.9640645268542
300.02131391148191
300.02013338007959
300.03275371185453
300.12941414060344
300.14399916317075
300.10446274233885
300.03507302427107
299.95805090784148
299.96291795404608
300.02811262401968
300.08645431264779
300.04866254835514
299.98556118971237
299.90179112163486
299.97678282279713
300.04438809636156
299.98155431159
300.15128695387165
300.25079824766834
300.14621004017476
300.03234258289552
300.02309312564324
300.01116269968753
299.99834562915947
299.99522999860966
299.96409805669396
300.00075904124139
300.02783888294289
299.96824422552589
299.89228933226673
299.96537967242267
299.92167803089541
300.01212388683291
300.0005624911916
300.06003567150611
300.18912436031883
299.95204397459094
300.06051084225686
300.03947715718243
300.02603440000598
300.06181331151856
300.03569856682918
300.04409454689608
300.03106581812096
300.05284848480932
299.99410942967631
300.01893454210784
299.95205779698688
300.02527759895031
300.14336023792265
299.87155519889603
299.93527694882414
300.05533348749304
300.03944530034647
300.00239489157781
299.99317515007738
299.97881818778706
300.02803576812221
299.95886492070292
299.98587324976501
300.02553663396208
300.16847143853749
300.00074597231799
299.88258208072011
300.03393065990656
299.91056597343885
299.99610743668597
300.05190600386544
300.04599634880219
300.04826466664582
300.0375233046031
300.01978675069518
300.01047112667146
300.02805944342987
300.05036047781311
299.97173040971296
299.95937238788605
300.03099909674802
300.10069073618308
299.82867469825533
299.95688610642088
299.90431243830142
300.05610092789595
300.05993567443005
300.04725455736207
300.02737459056516
300.01744983407326
300.04609286202526
299.94242570097998
299.98609891755808
300.00007412642873
300.00256364415782
300.02598077648759
300.05210017870661
300.03233964423328
300.142809512008
299.95678017274292
299.93820056457321
299.99586334791729
300.02999078153874
300.03606611984958
300.03269046104003
300.02650604421859
300.00291920730126
299.98582920498177
300.01255225405083
300.0387925510322
300.02582546219634
300.0016178950346
300.02695581286929
299.83532578483238
299.95402856664828
299.96646418981965
299.91633682995331
300.14691557467359
300.07247182518751
300.05150515110125
300.0092862309217
300.00760301446002
300.0268738303991
300.07790901480314
299.84291581969683
299.98472551978551
299.99309585974572
299.97098400617483
299.99800271823909
300.00930376947917
299.9556746888739
299.98816393793226
300.0000029943908
300.01040657635946
300.02637487269294
300.02545543971581
300.0140950130093
300.00519048746071
299.96586766264511
299.94403059286742
299.98816503539922
300.02856556038006
300.04137487583444
300.03541195857656
300.1168827126146
299.96656942520139
300.1899938908544
300.12190982067216
299.83749457843209
299.91342706209701
300.12334770798611
300.13287031090385
299.95997840867778
300.02125102236749
300.09015030115842
299.92679939361665
299.95603139136858
299.95596730569258
300.01236434034769
299.91413992521723
300.00197225084338
300.03062755894649
300.0937835813383
300.03513416142164
300.02729327734983
300.01413387692423
300.02870703833952
300.02800436581765
300.00081277562805
299.97706914230963
299.97455866615394
299.96754720109629
299.97835314931729
299.93617512548241
299.97437727409181
300.04518851751129
300.00628362295049
299.93399560555696
299.76877090578574
300.03137593525065
300.00583261203082
300.11968104468792
299.98270140085185
300.03631263966696
300.01457025533381
300.00947752196134
300.01797075664911
299.97613753143611
299.98612699113943
299.99905380689285
299.94469216006621
300.12185050726947
300.00049107083692
300.01770172268755
300.0366483747224
300.01452529799542
299.9854950497753
299.88912603977406
300.03452222542768
300.03196455828254
299.99079972818873
299.97095880113397
299.98583665269246
299.97088134559084
299.99892227071911
299.97317360839207
299.96322075995027
299.94845854643381
299.95082978616216
299.93715225257063
299.95888424699939
299.99437721697103
300.12716387155137
299.78802644066832
300.04711670896182
300.15343814206182
300.0262563258533
299.99491717370995
300.05960323578074
299.8969825235863
299.95396185602505
299.9817974474351
299.99240410322273
300.01123845939111
299.96100972567064
299.98181727930512
299.99099341878036
300.00168377995044
300.01472011603823
300.11121642354726
299.92863442124616
300.00240499819262
299.98998448152446
299.99000195882064
300.19075114492153
299.96158632538982
299.993436007811
300.02147503538617
299.98479652943394
299.95946638603948
299.98786490645676
300.05283239583252
300.17396871406169
299.86751217919954
300.01419567980366
300.0585450992325
300.09289415085846
299.96525937268871
299.83633613143115
299.96657109531407
299.99605323677673
299.98015378472451
299.96337351707706
299.91901628986665
299.97682642121833
299.9983537239824
299.88459782775811
299.92559856230253
299.93166279218769
299.91369024790987
300.03192920294362
300.00274859297042
300.02758482753626
300.0132025005654
299.97559289608546
299.9776619305008
299.82520711578979
299.99303761528489
299.93760122268907
300.0562804402382
299.97885123423566
299.97522896967251
300.08231581970051
299.84084886824547
299.78217093702585
300.01529344007781
300.0063750774263
300.09856121802773
299.94892939198985
299.95142131386996
299.96300370777999
299.97019490194072
299.98756784731478
300.01231806006797
300.18981016714019
299.75546271989577
300.17670351140379
299.77275701780991
299.85296908505404
299.90119775927178
299.90980227238987
299.83808768774247
300.04562186140822
299.96831127080901
299.9725059481363
299.996269572453
299.97891538249434
299.97297231723104
299.79174096405239
300.18887323521392
299.96707577844006
299.98891626404674
299.97876819403751
299.91159535717327
299.82949507013149
299.94451067302612
300.0234641726783
300.10366741721128
299.95787679599005
300.01543929776989
299.94293197853915
299.93571388927171
299.97264403257543
299.97756383036347
299.99149537180944
300.01155793386687
299.99283496629062
299.96896969277077
300.11682258961798
299.80483913460631
299.87681141299362
299.94037673922924
299.93585887349951
299.90669035319081
299.94685493526805
299.93992469221132
299.99347164826082
299.99944086547617
299.99160526305133
299.97563786922058
299.98170116576654
299.81163380318378
300.19700226151286
299.90057914522185
300.05825524990973
299.96267111030051
299.93148449217432
299.97171683156375
300.02437004012575
300.06892216315663
299.96599293643396
300.02285764674065
299.9639637159288
299.95033164287236
299.98461104156547
299.99156148545012
300.00411608825431
300.02355066402242
300.00861944626394
299.96790327806275
300.06354545796313
300.01883869771308
300.13736119684955
300.08690936651294
300.01792716668393
299.93986393257683
299.94843450477174
299.9552711870748
300.02959827322417
300.0131552148265
300.00402634801179
299.98527914237411
299.97335319792819
300.00807806642149
300.04074989727229
299.96194334359512
300.01078176095984
299.97587761139215
299.96738340393318
299.94651408674889
299.96711469022625
299.92639076278044
299.97315393306468
300.03926643773485
300.02241764240051
299.98025414725851
300.00173018934299
300.00751377829346
300.0176863914952
300.04755575426844
300.05533130298636
299.92162303415387
299.99036923980634
299.885412966606
299.91278810268335
299.95453747649805
300.0365683583654
299.97479655780865
299.96612479756419
300.00355861250097
300.15597920836387
300.05837268722706
300.00932594927627
299.98926376276427
300.01091807356653
300.03682230181772
300.02895101412076
299.97586545629059
299.97205156403538
299.96846679270027
299.97975249618963
299.91132127040191
299.99200432859982
299.97702112306774
299.95829847278912
300.04005224131635
300.30214641216634
299.76253048154638
300.02772491314278
300.01913973783007
300.02073179071562
300.01690144017897
300.00862283494376
299.96831588105147
300.19173192508242
299.86563495636028
299.74669774325179
299.83257674272068
299.91078562191444
300.00355397923835
300.01593379824112
300.06139634393372
299.88645079862732
300.06135696746446
300.02145197931816
299.99391719962222
300.04500296941154
300.0313757762151
300.01609797985094
299.97569539588716
299.85311730736316
299.97340871232859
300.05719533607754
299.98340309422309
300.15792396096907
299.97449216686573
300.07545386398914
300.04334211780179
300.20845580204031
299.86777202303574
300.11998553743371
299.98789432633072
300.07038303393972
299.92936471376458
299.99534177854127
300.00468819946826
299.99896082508985
299.9992065329738
299.99278748129143
299.99356212894924
300.00004381276017
300.01728418712929
300.01854667185137
299.93613422653198
300.00699174386341
300.06538041720705
300.0312501048399
300.01332018501449
300.01518879842195
299.94072422416411
299.97579814331868
299.98611636026305
300.0996792089901
300.00741943152127
300.02097248578349
299.98038244577288
299.99669274105821
300.02326674656655
300.04609166705558
300.03120248603909
299.92966202032278
300.03460578074441
300.05477309073166
300.04511369396789
300.10253523171821
299.91350547493397
300.00800154112244
300.02756116765602
300.03176970027073
300.02637606876988
300.07036299457087
300.16418517924552
300.06520515682496
300.04523959124538
300.00838411738096
300.02107244015087
300.04020215756464
300.01182699983315
300.0151250673344
300.01883958500389
300.01573634746489
300.09043798461363
299.99087474655153
299.87983249718252
299.99807734032186
300.00539207143186
300.0028301554654
299.95617319516305
299.96416503782797
300.02142472619403
300.02024573312974
300.03298733305405
300.12978430355156
300.14451239689339
300.10498104364154
300.02452744291963
299.91914819621655
299.95431256099943
300.0266695796393
300.08539935194273
300.04854685285073
299.98583540251167
299.90195765670069
299.86323990896739
299.98299516740241
300.11213690412188
300.06316805509488
300.04497742958984
300.02883325366861
300.00356355370667
300.01960605358346
300.02173080297752
300.01049438792484
300.01273749689699
299.99649097692838
300.11946268280542
300.00872980354688
299.98409324602994
299.96867169107412
299.96556388108246
299.92179291240541
300.01219979217171
300.00072371638083
300.06033277039217
300.18887685567051
299.95270636814297
300.0608646961856
300.03525079986088
300.0145272255877
300.05599823947648
300.03433779011255
300.04246948999202
300.03044191699985
300.05311553871394
299.99444939739266
299.97697180314935
300.04434466992575
299.98137363563882
300.15108347554968
300.25067881368648
300.14628292022297
300.03237530667144
300.02309041371393
300.01155322444833
299.99914839878682
299.99495587072238
299.96389085594546
300.00077265260927
300.02793731369661
299.96838511944742
299.89258243778022
300.00078937312549
299.88266536332185
300.03404799120483
299.91086995820001
299.99477934404911
300.04641809413857
300.04507063511579
300.04856022903022
300.03676231508439
300.01788029908539
300.00946799408098
300.02776728551424
300.04889531900847
299.97163005016455
299.9599120097779
300.03167380820946
300.01938570659377
299.95214048519068
300.02512864850831
300.14309004235832
299.87122127189849
299.93493104121126
300.05511376391303
300.03962033382805
300.00360398187343
299.99498735576515
299.97941614638381
300.02794662923247
299.9588996120923
299.9860161628477
300.02554758874675
300.16839971812186
300.03230861101378
300.14284777628086
299.95689334034699
299.93857066877695
299.99259911309844
300.02126414826427
300.03338963704533
300.03214762495747
300.02697367194861
300.00385779650395
299.98606792956502
300.0119411216686
300.03794208520827
300.02469646512355
300.00281030879842
300.02800213442475
300.10144375494417
299.82895726329326
299.95687559377836
299.90410874692827
300.0558347813232
300.05978864357803
300.04720217293544
300.02773130798266
300.01843195029318
300.04803168028945
299.94327040015071
299.98626433981786
300.00044271683294
300.00270220085548
300.02597074573998
300.05197327447974
300.00928184857355
299.95552130205982
299.98738437487452
299.99935055808834
300.01505023944355
300.03327931854619
300.02943712489241
300.01453111198009
300.00595640776504
299.96699026268527
299.94458501306332
299.98751938654442
300.02754046224044
300.04105793136483
300.0364599162358
300.11815190372675
299.83622786781206
299.95441673349649
299.96647830595538
299.91625308212616
300.14699271437172
300.07274692208432
300.05177685420347
300.00889121412075
300.00665483979412
300.02629259151126
300.07672131944724
299.84070140956959
299.98680798974959
299.99406017396615
299.97094176758389
299.99793039315682
300.03051183733368
300.09348009421325
300.03415678120973
300.02759670321495
300.0184749574683
300.02726992106398
300.02813837392853
300.00176902598361
299.97736495847909
299.97481897696878
299.96745372681551
299.97773988022396
299.93531155309449
299.97498280893035
300.0466342692074
300.00776543121134
299.96741797020348
300.19020399972914
300.12182249010777
299.83744370505508
299.91367206419216
300.12385863076014
300.13321550667325
299.95924974580413
300.01933390693637
300.08865617094989
299.92443021969308
299.9577671176441
299.9547685123332
300.01568476526217
299.91550315761043
300.00177304973232
300.0174891059109
300.03612709674394
300.01363272023906
299.98958154268138
299.90270506275658
300.0163218631763
300.0266403858933
299.99289815681976
299.97102705585274
299.98552658918362
299.97047806537824
299.99843374764254
299.97296290170146
299.96421717019905
299.95048779580674
299.95259758059984
299.93420014449339
299.76879818478676
300.03129822967077
300.00591334769763
300.12004741968337
299.98338020752851
300.03684185745158
300.01429135423797
300.00824931765567
300.01629590662424
299.97745011530571
300.09572826252929
299.89380026185876
299.94321293985053
300.12532902577436
300.0003343982093
299.98152286085593
299.99057401916008
300.00099194370227
300.01592622081517
300.11538108090917
299.9226333454626
300.00055575944054
299.99077342250621
299.99001411236395
300.19055068079257
299.96128504900275
299.99333943478115
300.02172187747237
299.985716536506
299.96228228086869
299.99660889963059
299.92994767980883
299.95837382122767
299.99545613428893
300.12775986185466
299.7884612549301
300.04760075945183
300.15383694978976
300.02625873296324
299.9943697682404
300.05850930638394
299.89524321115584
299.95466013445838
299.97769705211289
299.99399566716141
300.01189256113787
299.96063619921455
299.92582792583715
299.93159324549845
299.91343091801883
300.03178183122571
300.00347658407139
300.02775048720957
300.01378223130365
299.97589662773174
299.9777960502721
299.82522330769609
299.99300931734797
299.937778076901
300.05653896018293
299.98000254623844
299.98290457282485
300.20340484146288
299.92782600152805
300.16858005486046
299.87137044529084
300.01547134344628
300.05876724892454
300.09301842611558
299.96534275148576
299.83629071172891
299.96621693605135
299.99578985014813
299.98012966392179
299.96141478993025
299.92218920603545
299.97676259297543
299.99771989890087
299.88486707560378
299.90245102537938
299.91017749136142
299.83809269642444
300.04555034690782
299.96827387723476
299.97281561903083
299.99660215659316
299.97907726189749
299.97306086125138
299.79181782977167
300.18894533751387
299.96724288833701
299.98925604578017
299.97907947975852
299.91324068902054
299.83613945527748
299.83294318895639
299.78123112959042
300.01633583864515
300.0068177693978
300.09840025981214
299.94869037839044
299.95129755482071
299.96293141395819
299.97002706697873
299.98752548201537
300.01270740732468
300.18890769420267
299.7549893839082
300.17478324424934
299.77180234018419
299.85394769794345
299.94211960570732
299.93668390142329
299.90680551773107
299.94681996925806
299.93992602143402
299.9935250523053
299.9995068573806
299.99164489607631
299.97568366490987
299.98175674034474
299.81169751781272
300.19708485249299
299.90070595620693
300.05843258475454
299.96281684033266
299.93190347931511
299.94373101553037
300.02191300167408
300.10126360456525
299.95621063210541
300.01454471089636
299.9426115762501
299.93568414341934
299.97277799421954
299.97779287391813
299.9916464993691
300.01177549385983
299.9927339018256
299.96786095505234
300.11497519261331
299.80387072399026
299.87777904812742
300.0220172838458
300.12541109429731
299.94861628210145
299.7261308865406
300.17972789512066
300.02515951360169
299.8767952395155
300.12761028807415
300.01012119466816
299.96622580814358
299.95705776447193
300.06071464595902
299.98023531228864
299.99851565701994
299.97092610910619
299.96560909921061
299.97156247109842
300.02742595275311
300.08596359520209
299.97782511708647
300.09325578198508
299.83947520351057
299.92492542629208
299.98779632486395
299.99163302457538
300.00347066579025
300.02080540774483
300.00597476828318
300.00440230179129
300.0843822280757
299.93646199124009
299.97475110691818
299.9343608383694
299.97971748574878
299.96753839868973
299.8958011725573
300.26751532606283
300.07823208000542
300.05191964243744
300.01739271357695
299.98920759300819
299.99775318211795
300.01641684480688
300.04014106073276
299.98016590672825
299.97916093401767
299.97136353817132
299.98562151797393
299.9663850156233
300.01180730114851
300.02997178454888
299.9792578145653
300.08046531387538
299.93039007052204
299.96276614931645
299.9988281509402
300.00687069034745
300.01798246683109
300.03930197417611
300.03368098909641
299.99873541952195
300.06686594418818
299.96855222391912
299.88575955235166
299.90983120673519
299.83778046264894
299.80886273570917
300.19256547221983
299.80363566140994
299.95464230879281
300.09601656399462
300.01957536737814
299.95454652762908
300.06875639172051
300.03544294265151
300.00435117778744
299.99412150339225
299.97841818763118
299.9945382384106
300.08398756242326
299.89263966027664
299.99553650310645
300.00535991654982
299.99816452144319
300.1579800961004
299.92860709774487
300.00613141711187
299.99816773667646
300.0164999572097
300.01985516054094
300.01979629516541
299.99668828889281
299.9854020261381
300.00722864436642
299.91772873541572
299.90429845360921
299.98671668802069
300.00929141920676
300.01686962450106
300.03918579559945
300.0139398399308
300.03362896732784
300.05045145285197
300.02582884096336
300.01109632734114
300.0134859729464
299.98812279253775
299.91180740138731
300.0684126430524
300.00696393285767
300.00526219264276
300.02231730632599
299.97909750594033
300.02574632530059
300.02213776896025
299.94783766685799
300.0265335932483
300.06396456048105
300.3086384551961
299.7744213654484
300.00933778607725
300.01555383842197
299.98054376708376
299.99463821285929
300.01032327855336
300.04733024047835
300.29126309816684
299.9892088206517
300.0469632177518
300.02817928128894
300.01939319649489
300.00944616963011
300.01005136118761
299.98773298775842
299.99147221292645
300.02032679390493
300.03154492819323
300.02663333357958
300.00513221018952
299.97421088937125
299.9992941489981
300.00041194846108
299.99149678082341
299.96599712187174
299.94572063520161
299.99392876236061
299.92070673914998
300.01591418791776
299.83353706424492
300.22393187959221
299.87804952674747
300.02309030579647
300.1562594481569
299.92822783865853
299.96236046019914
299.99421389493369
300.04005680926292
300.04215030338929
299.85997352860585
300.01667503268487
300.22414356964396
300.00071083545629
300.04301891367572
300.1621717966828
300.04986386483756
300.00704434927457
299.94768007159786
300.05973259140808
300.04610349538683
300.03442523693792
300.03395173716683
299.95517282081522
300.00131258141658
299.99991166460615
299.97237944796268
299.92944640678752
299.91669465847446
299.95692541990087
300.28508724908494
299.93742975157483
300.23222468576148
300.07197865633037
300.14680169030783
300.16549515628037
300.04592385450201
299.92415673129625
300.00316100614253
299.94557702614867
300.07091858398746
300.00879108381054
299.89136625347436
299.95912264003988
299.71692485603251
299.97934579168862
300.01983917548569
299.9408052688928
300.06866784570622
300.04592306806711
300.01492048946199
300.01676471720776
300.02827065360378
300.02500303059139
300.01589252174432
300.0455882042362
300.01125291436171
300.20391598371617
299.82134277148361
300.03578284975799
299.99178349141113
299.85493181315422
299.80999571440105
299.98114861166965
300.17584186912575
299.96449808664346
300.07427284359227
300.05016687578757
300.03792035407491
300.04139216830367
300.04402377613229
300.00827342258373
300.0970216057504
300.0182564089173
300.00884004807165
299.97940329857926
300.11398164012741
299.99030945456553
300.02459267562352
300.06831274438628
300.15310917200372
300.08089205563209
300.155288075454
299.90693015668387
300.20926785769149
299.84282222980545
299.78482868959378
299.98962268702809
299.96383416021627
299.98344340294221
300.02169010221405
300.06609551219657
299.99675162384773
300.09868705303376
300.26015447567397
299.8856893079319
300.01654922598874
300.04536837230472
300.05316429283596
300.04752216819384
300.03706533329739
300.04312140485843
300.19281357730927
299.97146258227832
299.93321232672491
300.19054180803818
299.99069392403823
300.14496428708867
300.00929996573933
299.97668395090142
299.99911967091845
300.11034353347469
299.99402347550773
300.13742035525985
300.04907687307258
300.00981167690753
300.0264559027363
300.04005015605742
300.15993892201374
299.95409237227062
299.94529239737335
299.98207926341865
300.05615059524354
299.86034990448837
299.99633495705064
299.87857250200869
299.97989813986487
299.96404254746045
300.01251987385507
300.03236423966581
300.02989603404103
300.03028794917407
300.02684430200804
300.01293071204702
300.0087720729216
299.99528925138145
300.03014587909701
299.90858637737801
300.02420972131495
299.97329978203055
299.67861775625352
299.97188583316466
300.01021503576908
299.9581710012427
300.01741414249119
299.98254993439889
300.03226227612475
300.01465250963139
300.0164966820077
300.01574855861139
299.99138700664275
299.93780825475818
300.00064151087025
300.01886180973253
300.0056594939341
300.23118520312744
300.06196208474046
300.12495598547144
299.98036512971993
299.9422021625474
299.99804494949376
300.02212743605935
300.01437447478725
300.0113491324787
300.01558065325082
299.98428009950851
299.84621938786256
299.99692627318808
300.02702252781
299.98665232731253
299.99576111510305
300.02752467309517
299.96746188297146
300.02396188739573
300.09674137519511
299.88573202891274
299.99048250258352
300.04364455616764
300.06504875317046
300.02650495587392
300.0218351070418
300.02205137774519
300.00176838148957
300.001268956655
300.00900723779421
300.02628662629263
299.98485596221917
300.00680344788486
300.03266467811682
300.02826625961751
299.9759220329147
300.02719638631851
300.00490515423388
300.01932633616593
300.02245711697526
300.01209601645058
300.10405342190336
299.977405591761
299.94223742333139
299.98904890292346
299.96792166030338
299.98825630558252
300.1286237416611
300.00728900150045
299.94108611543987
299.95601066796422
299.92519711414036
299.97647155296977
300.01494145564146
300.0285331704261
300.09871175685379
300.04629956567965
300.00314334608549
299.98988034259781
299.9888098547483
299.99457467017731
300.00578045412556
299.96256242858993
299.9979339293269
299.9916685464234
300.00406591191188
300.03536983982485
300.05402468835342
299.92932112887104
300.05587625860062
300.03060375379448
300.03502654241095
299.99858972902251
299.86372559549966
299.9540961830229
299.90485113330828
300.0402804637182
299.99494900231485
299.99195942640966
299.87707646473302
299.97975086779587
299.93119239098712
299.96710246064345
299.96123557264082
300.03166192599429
299.98144994460421
300.03757278503252
299.99074038078686
300.02493858685995
299.96502801057716
300.15193365857095
299.77184453518555
299.97171086123791
299.96352024549498
299.97522852892234
299.98663076002225
299.96488002472188
299.97152765392832
299.99164480342245
300.02503240271585
300.10202098468056
300.03217553018879
299.98871986845535
300.00151741666593
299.99569967612916
299.98874627854349
299.97323420216532
299.9734807953804
300.03437111448528
300.02858325128369
300.02247972948766
299.99812816004288
300.00481273639753
299.97744382774829
300.0195059376133
299.96467473163113
299.9919215550313
300.05244602485396
300.16412787063575
299.86638168103269
299.94914337805443
299.96419948162742
299.96989394371394
300.00042221396239
300.03181230112921
299.91084383182186
299.99393978640825
299.92997288320402
299.89957918645405
299.9214500397851
299.93333049256188
299.93672241048205
300.0098117198487
299.99075195076352
299.9880051608211
299.99944526875737
299.98235458314275
299.96057058735789
299.80185157992173
300.1858288179763
300.142417137385
300.01413914762617
299.9563625944304
300.02088071029266
300.00049974633072
299.91992516933459
299.96322564007261
300.07387084159092
299.9354144891924
300.04577824898752
300.00169821398009
299.9364377447011
299.9644581978834
299.96759541532975
299.982917018097
300.01195064874878
300.01013172848627
299.95954347839722
299.99491201462871
299.91526692545534
299.87303125396784
299.90123874387302
299.91709815704809
299.90688002578793
299.95305184628171
299.97373222110093
299.98396767339108
299.98270870093512
299.99015688193538
299.97029587594335
299.94987798243608
299.96301590740296
299.84515137809655
299.9619140804453
299.93394803168565
299.8411579108888
299.89148415109491
299.94820188109867
300.013197485864
300.12080171663615
299.93782469876641
300.20302632725026
299.71735538668452
299.92629126372958
299.97471689650837
299.97711865462895
299.98991277234796
300.01064098796036
299.99660181742269
299.99182803598751
300.12370977808752
299.79757857888978
299.90049280562027
299.94150904098564
299.94955969514666
299.91217371774565
299.89874857237072
299.98691001434293
299.98977504152845
299.86000010099059
300.12307020549048
299.9943899491513
299.95379273931877
299.88580321746832
300.07491486073826
299.78860674061883
300.17897907453028
299.93225555651981
299.93519988335095
299.97227613310304
300.02938351890737
300.08926426206835
299.98019483582493
300.09440725476253
299.83984231329811
299.92493290411016
299.98755621162354
299.99137082400125
300.00325189036187
300.02075220534118
300.00610590135585
300.00491059851743
300.08506151007651
299.93657480368216
299.97410529321013
300.02122058401017
300.12514484717218
299.94867666419373
299.7261700890358
300.17970022809914
300.02513198199586
299.87678474542798
300.1276081217357
300.01009654452855
299.96618223599728
299.9569949443179
300.06065712375459
299.98028441143674
299.99871784742027
299.97169315502327
299.96662221322146
299.96577056770724
300.01190760519438
300.03136218894031
299.98027393590303
300.08072758982098
299.93023233932087
299.96256634283583
299.99868928152841
300.00678015252106
300.01811412088978
300.03932612966929
300.03382133006687
299.99884177101438
300.0663387183626
299.96725402634786
299.88470880440656
299.93400932745965
299.97992930414529
299.96777844024882
299.89590343462731
300.26747675078349
300.07815863075001
300.05188303512676
300.01740121509721
299.98918899502314
299.99772174584649
300.01637374269569
300.04007167591112
299.98027094461025
299.97948806018934
299.97266101977362
299.98684922985575
299.89193213182682
299.99510511158627
300.00529131484399
299.99826865910558
300.15790318204108
299.92841850606686
300.0059710159469
299.9981841357158
300.01684926965561
300.02044375337579
300.0198688251171
299.99678090027413
299.98530218693315
300.00663336661199
299.91650786579316
299.90341290659165
299.90960167203747
299.83820491054024
299.80918023299483
300.19268728682641
299.80357884613687
299.95454009806895
300.09595577359607
300.01956017243123
299.95453085352244
300.06873225732045
300.03542870094373
300.00439901178294
299.99428942717418
299.97856977568034
299.99478505950304
300.0844711160604
299.97868018543403
300.02545378147568
300.02205593889931
299.94791271031761
300.02661557811462
300.06399057378661
300.3086308295259
299.77467771986761
300.01059666804275
300.01891313672036
299.98161495926735
299.99488130350755
300.01052726675687
300.04817108932122
300.29279652516357
299.9902614640028
299.98743638898156
300.00966650931292
300.01712939197569
300.03923609190718
300.01384932923713
300.03350052014815
300.05037628832963
300.02581312215483
300.01108632876452
300.01346889142405
299.98813119028756
299.91193082549495
300.06862678075703
300.00703498476713
300.00505740758223
300.02207106104817
299.94574588622726
299.99387711611752
299.92077571479342
300.01606446008765
299.83374514795923
300.22410808598505
299.87818235461521
300.02353112625661
300.15853717320221
299.93506540324563
299.96530353959497
299.99421398416575
300.03957656978389
300.04293748722597
299.86165930131619
300.01830774424786
300.04764107764771
300.02844010259145
300.0194447449918
300.00939171442781
300.00991340398718
299.98759858135247
299.99142156700515
300.02033160672778
300.03156053454177
300.02663001281098
300.00506518552157
299.97423331520827
299.99936168704176
300.00039813730012
299.99146535852537
299.96607544636748
299.91738112413384
299.95716540625079
300.28520600058732
299.93755718591518
300.23244247922679
300.07235461173826
300.14716766767373
300.16575383228468
300.0435101623404
299.91472156553488
299.99963407626825
299.94375497237809
300.06940373332424
300.00737154519999
299.89133499120436
299.95882408947216
300.22397405534542
300.00062434429776
300.04287499258317
300.16196197386142
300.04962524007772
300.00688457533835
299.94769397763827
300.05978413832696
300.04625944501083
300.03441572798977
300.0337213540912
299.95501372192695
300.00128787795597
299.99996272111861
299.97281244091869
299.93043645636118
299.99251512409819
299.85531161595588
299.81016795174543
299.98127473381027
300.17618791728376
299.96484910112054
300.07485132300678
300.05024287675326
300.03652975709502
300.03749178262046
300.04179878256673
300.00796733880361
300.10450345394815
300.01799541356291
300.00857734941087
299.97899239378489
299.71676545601656
299.97931310793246
300.01965637806893
299.94054061178321
300.06840611453953
300.04587327923747
300.01506152304313
300.01693105749501
300.02847432011174
300.02442253621763
300.01624784893528
300.04545555747751
300.01124148927818
300.20416041031001
299.82203070073314
300.03663927105686
299.99662772652403
300.0988119214515
300.26031325665497
299.88588628237108
300.01645548325104
300.04376427037039
300.0532808505119
300.0476463320162
300.036311559323
300.04208269719987
300.19309124933443
299.97104551751926
299.92833241289111
300.19061939475887
299.99126715545901
300.14526473922365
300.11422388967276
299.99040586097505
300.02447636786485
300.06811709965569
300.15296126084161
300.0811233761828
300.15573082619125
299.90737694228756
300.20899402874318
299.84034232772387
299.78707645095733
299.99030694489352
299.96365074915002
299.98358701012131
300.02160122320862
300.0657723847803
299.99597133531518
299.87859346119438
299.97990304991816
299.96401474115737
300.01138822710612
300.02870761455051
300.02935020966731
300.03041249953571
300.02691481755676
300.01360222767966
300.00952774621965
299.9964022575399
300.03040162344706
299.90935972012375
300.02490221461221
299.97403661943849
300.00988979878912
299.9768722655823
299.99909423519568
300.1103208399507
299.99429880653236
300.13816241786299
300.04982945588284
300.01015908565455
300.02708304386135
300.04019644747137
300.16083251579693
299.95373462350301
299.94504677799841
299.98197769464014
300.05588717723538
299.85961578222987
300.06179070508864
300.12489798725937
299.97987276447418
299.94130644026842
299.99932725705372
300.02573460603685
300.01675849505716
300.01248315513197
300.01728455282546
299.98593621852757
299.84732695423384
299.99703018947463
300.02640065178946
299.98636536393502
299.99624424346916
300.02839382503686
299.67936609137752
299.97210955007489
300.01020491481609
299.95814542238128
300.01784999586738
299.98357950959138
300.03314714895015
300.01447258749289
300.01615034894911
300.01709571529733
299.99199637612202
299.93670722150608
300.00101913257947
300.0194726925958
300.0055724221973
300.23091624015757
300.03247561115074
300.02806157702031
299.97526748659271
300.02670038589389
300.00674942203511
300.01929246106528
300.02297555694588
300.01314768100389
300.10528385285284
299.97835237634291
299.94255995952489
299.98865524991004
299.96721954412789
299.98808235815312
300.12942148873003
300.00817329506879
299.96809804274011
300.02402157051768
300.0966434716297
299.88568646744517
299.99078691072896
300.04435948344735
300.06547074949685
300.02547202345676
300.02030928042655
300.02309913034679
300.00179591811326
300.00071632864058
300.01107096979263
300.0287602704189
299.98498002782077
300.00653950559456
300.00389569410061
300.03508875482214
300.05368095809507
299.93101848275489
300.06239391186085
300.02726471397409
300.03357220396333
299.99955552147776
299.86403654612809
299.95388263133992
299.90458198526909
300.03989787507004
299.99469105170181
299.99229534104956
299.87820276358815
299.98031465207424
299.94135296006817
299.95616191712992
299.92515052416627
299.97659857540287
300.01524547118584
300.02904547922458
300.09908846980875
300.04562209819909
300.00185182533568
299.98994038208502
299.98745656812133
299.99727493140472
300.00326549144916
299.96348362430899
299.99821238880168
299.99138529770704
299.97171468746609
299.99137099081065
300.02460192988138
300.10253628020592
300.03440188423411
299.98732205528466
300.00161062640535
299.99629201006576
299.98858165715677
299.97292319547404
299.97321212447554
300.03433557283853
300.02885441950355
300.02310893825779
299.99897018831837
300.00694248526634
299.93016414504496
299.9679250183521
299.96243777269791
300.03254701005591
299.98193980370723
300.03792694460896
299.99101321257774
300.02480758521699
299.96438449165782
300.15152385429042
299.77127595547881
299.96926386961763
299.96591474186295
299.97533685938305
299.98573287731102
299.96494353664582
299.92193221296208
299.93332732399472
299.93654162660113
300.00972397693914
299.9909390952526
299.98830123298177
299.99997452715735
299.98258951096295
299.96053826135807
299.80179071965438
300.18581575546523
300.14255372886913
300.01453135291729
299.95696330077794
300.02284361282682
300.00733118241419
299.97160744617042
300.02018421537787
299.96824390648783
299.99397630945163
300.05283941790316
300.16415639112171
299.86643059012016
299.94912711439008
299.96385036080858
299.97019735722296
299.99920895345599
300.00865127298471
299.93124481547341
299.99608471122497
299.92927858971501
299.90004502920766
299.90212832145545
299.91728794059321
299.90690606821204
299.95305173443853
299.97381938598471
299.98419618437356
299.98286789628133
299.99023374767705
299.97034691803259
299.94994558979175
299.96311464695953
299.845338641404
299.96220059722583
299.93445359072382
299.84135143817423
299.89253376822825
299.9189649240887
299.9639290142776
300.07469392747606
299.93539240762374
300.04574867181208
300.00148943171439
299.93628286313788
299.9643777767086
299.96754780858384
299.98328394419673
300.01218795658667
300.00462632889639
299.96275944636369
299.99383490249204
299.91417032628857
299.87386550132942
299.94272661112393
299.95012232489654
299.91220197939373
299.89874455762373
299.98693781935594
299.9898027272871
299.86002941931389
300.12308938995284
299.99443301328984
299.95385103765614
299.88589313189431
300.07501215287419
299.78869945535541
300.17904469136568
299.93225212827201
299.93493350924223
299.94736005008656
300.0107204597947
300.11787748097595
299.93638197991675
300.20202523421847
299.71687086707021
299.92611051375081
299.97478050089336
299.97730197234011
299.99007296558113
300.01084111660703
299.9966211452043
299.99151932835429
300.12204351169817
299.79687407909677
299.90127200247309
300.03198084852454
300.00606197149369
299.94114098034419
299.92502857918629
300.01184946511387
300.02048553252655
299.93388764075581
299.94606232939066
300.13071015040771
299.97926406614334
299.94907989017781
300.03855302812707
299.93496654166023
300.03910752919984
299.97742191494848
299.96464498810349
299.9704878252096
300.02667225507952
300.08148174103297
299.98473571617018
300.10462778194238
299.82847416297392
299.92531289808034
299.98926726371053
299.99271917412091
300.00303172656072
300.0208389695411
300.01211666620867
300.00630392798894
300.12040692599413
299.932857108669
300.03742914270475
299.91112149619391
299.99437039961794
299.97793977413301
299.97113962143908
300.06151971674711
300.10820082003886
300.04210628348034
300.01516976912046
300.00792846749806
299.99099001254223
299.99826955057642
300.04717360165739
299.97783172779117
299.98446506614033
299.97125357041818
299.98440423670502
299.96603438253607
300.01478666172864
300.04084918986325
299.98063803156532
300.02938291539738
299.98094087505558
299.97145313802918
299.99917034660285
300.00702509311441
300.01776270461454
300.04580837525458
300.09856261696194
300.01516517108706
300.08672225555398
299.87016071260911
299.82870501991653
299.91804646486827
299.93569938515196
300.00486210970968
299.99750408583481
299.93118131376929
299.95705574801701
300.04917566486324
300.02283479302184
300.00712928091662
300.02586414909194
300.02296070793568
300.00390338646713
299.99930123984512
299.9910085577439
299.99734501870006
300.08163441236348
299.89325082376922
299.99294228789159
299.99354966794448
299.99485021204612
300.03542691816313
300.05184271803114
300.00477982135374
300.00173954305222
300.01537625334669
300.02381955448686
300.0159486872405
299.93951555554401
299.97323389627348
300.00792508069321
300.13292947994552
299.70791665123892
299.98543943803685
300.01212183984563
300.00710599437434
300.0267535313281
300.00739030916964
300.03033205617777
300.03853618283529
300.02718239450235
300.02635294329264
299.90923443701126
299.98681990957056
299.96619416553403
300.01512466365239
299.99285660662832
300.00483932893121
300.02382815588055
299.97981954610839
300.02026235977911
300.00415664927471
299.97076756862538
300.00884264000035
300.07286772107722
300.11159648266857
299.95243686988425
300.01100540210268
300.03962613020963
299.97742184921162
299.98263741783074
300.00390260840817
300.0515666688857
300.23283091203155
299.97986041674085
300.02920392202651
300.02957451171818
300.0217846751612
300.02215324701592
300.00270827402488
299.99703599377119
299.99189864018706
300.01893965170933
300.03791187526429
300.13199185497291
299.93480759047372
299.96585081575932
299.99913628936991
300.00681837239006
299.98622068308111
299.96695226383628
299.94813193130437
299.99212189998235
299.84630792825209
299.98144113243598
299.94812651821252
300.04966719427989
300.07136411899222
300.03328004346474
300.04296248370588
300.04106393430885
299.95154489912005
299.99425628994811
300.04030245088757
300.03692028506208
299.96334558440418
300.00403229750469
300.0373438981739
299.99239626489219
300.03340662943117
300.15411959045861
300.04910292548755
300.0155044471154
299.94837030423867
300.05848682917718
300.04390392281721
300.04503168620619
300.08417914890333
299.96974205542227
299.99866144079812
299.99518182445206
299.86387732133062
299.92905243071215
299.91495134874611
299.95764944918875
300.27905382115239
299.99140980820306
300.11237619947309
300.07539123054465
300.13272234225269
300.04321455931768
300.03910298129694
300.02816885773757
300.21411849689753
299.82879689302058
300.07427910372297
300.01012732414068
299.88094139152076
299.96075890560843
299.90687189900859
299.98802996363645
300.02482494154111
299.93572521500676
300.07417597334222
300.05043632004674
300.00847496150772
300.01759137067461
300.03326810087555
300.03064234725662
300.01792040904007
300.03570664291811
300.01446281652068
300.22127905966465
299.93309117534687
300.03414665278433
299.98873408663138
299.94363702680556
299.95855062347761
299.90340675427888
300.128048660334
300.00037648237378
300.08090460820819
300.05601262471498
300.03394008057484
300.0111856370599
299.9647193984332
300.01358740274924
300.05309825411422
300.01956906550362
300.01288831405481
299.98240295746541
299.99571352734984
299.98355032395335
300.02431878230283
300.06704606484965
300.14052303680199
300.06873503488197
300.22890322603854
299.81515878813354
300.04051847072304
300.03607813722999
299.97454475015178
299.98545494711811
299.96618578326627
299.99139106647834
300.04571847990383
300.04951640595675
299.97411785295668
299.94288086711634
299.96811317060781
299.84063534495249
300.01941240630146
300.04179522440978
300.05365347854109
300.04639910762967
300.03530128847899
300.03786071522933
300.1008912442831
299.98575208831664
299.99887069147144
300.00309406755031
299.97410231155152
300.0143009750945
300.23517909256964
299.79431895974659
300.01076115369756
300.14703844706787
299.9863127639872
300.11561924264856
300.04146146618001
300.01076232184033
300.0309134640296
300.0389961579566
299.97499295361717
299.95489642965509
299.9440001771577
299.98195302739259
300.03343231456785
299.92114475229232
299.96091584074384
300.01506034137344
300.12654940199064
300.10259589633193
300.01898042194296
300.02558511241517
300.02708770185689
300.03003491685331
300.02748342403549
300.01381411014125
300.00771687422986
299.99603784786228
300.03103324089841
300.16191737402602
300.01957641679275
300.26248353186037
299.77828740313538
299.9775730637474
300.01277536121466
299.95494861851898
300.02831498487791
300.01571294842466
300.04289977985343
300.01192014850955
300.01493599546916
300.00687265617665
299.98726652516939
299.9342340445379
299.99585904856218
300.01616004963898
300.00784857446308
300.18688730752751
300.11912067734829
300.07322279431639
299.99124689969301
299.96874252999834
300.00134346112816
300.02722035041364
300.00995977025093
300.01057543855461
300.01570896823267
299.98952502780884
299.91927234787812
299.99681949935001
300.03021128566405
299.91442258367988
299.9946874516113
299.86161180142898
299.98758808923822
300.02939125472301
300.21420934056283
300.03949412246709
299.80076201670414
300.03030100849486
300.05521984109339
300.03026647250454
300.02306696417611
300.02661040720386
300.01534658477777
300.00181646845147
300.01740990432035
300.03006428512509
299.99335973377765
300.0231122627647
300.0420099998172
300.02366776292638
299.98203662984963
300.00515643433602
300.01035994849258
300.01543501202588
300.01452798547325
300.00788589981408
299.99440734794524
299.96844243107574
299.94276012730296
299.99035247353305
299.96455249936639
299.97598923720255
300.01090228568978
300.00719669333529
299.94098828245995
299.95364101493965
299.78993794842256
299.97536124318293
300.01024984716713
300.03361827922248
300.06895398996272
300.04623367111174
300.00454654491159
299.99067400101706
299.98689131917325
299.99632111109054
299.99554872354696
299.97713230981833
300.00259475745054
299.99029436919346
300.00321588881303
300.0334105107662
300.04699417599443
299.86708550245658
300.1493568359333
300.02135140349645
300.03358165932605
300.0157294270964
299.98851365173044
299.9531519402326
299.89954891710579
300.02747967480946
299.99144746299851
300.00087646045148
299.9993404725393
299.99666191092263
299.93485513955432
299.97281559267901
299.97155525272422
300.0206245124192
299.98340045805446
300.03524405415942
300.02536982407105
300.02152893261581
299.96205600584631
300.14898564827149
299.76828993382333
299.97892006453668
299.95175267170401
299.97424043729916
299.99331398864831
299.96470949321179
299.97021621157705
299.99013144032045
300.02116892196346
300.07552936145481
300.03030413652846
299.98401266340386
299.88028180432065
299.99921698069096
300.12586738539579
299.99408568834093
299.97419446499953
300.02567274299668
300.02774991808724
300.01970669064366
300.00185871733294
300.00775595500227
299.96784684591665
300.02154805465972
299.96320857263481
299.99439196769907
300.04571342868138
300.09715951180345
299.9377930574168
299.95799641155685
299.96101524826827
299.96847903404444
300.00435484305564
300.18129847612948
299.77184849211659
299.98147512999844
299.93590330917459
299.90663079625472
299.9209552858664
299.93046301433958
299.94006123131834
300.00394158258081
299.99686034927453
299.99483949706416
299.99005045559812
299.9822274243183
299.98484635468918
299.58715989395427
300.37774273291006
300.02670489160397
300.02083385948089
299.96202726831518
299.99332227067009
299.99205154878655
299.9296098160832
299.96613237589736
300.03803780585253
299.97761603772796
300.16819653286615
299.87497220959409
299.93656725624413
299.96273807221371
299.96654186970142
299.98240044728533
300.01024801788304
300.01701317303684
299.94625729192484
299.98681243165805
299.91794506728792
299.87692112483518
299.89969362593479
299.91489321614563
299.91563899342975
299.94192760484697
299.98299862929082
299.98582141127116
299.98207610883878
299.99113103280149
299.97529541558379
299.95825164838084
299.9475695864881
299.93662209568066
299.77166529764287
300.13612194141484
299.8761415516982
299.90808896707688
299.94780141770582
300.00803739169243
300.1110125834573
299.95533776605345
300.15309605754203
299.77355617397109
299.9157883599982
299.97481576664688
299.97815487504982
299.98965974204583
300.00867455335066
299.99652415762904
299.98013858225369
300.00685961461636
299.91770209899033
299.91686542536399
299.94297428549123
299.9378712321643
299.90778138380671
299.84785304091884
300.0494903031684
299.98772184900122
299.92356504070665
299.85967856584364
300.19562839979596
299.9539061123894
299.87607857258109
300.06306954896849
299.95548179038911
300.01219464620601
299.94647144834653
299.93781192785468
299.96904488023074
300.02604898011793
300.08360826212731
299.98660580311133
300.10565788925595
299.82866951229056
299.92537425776317
299.98925748073833
299.99265199518396
300.0029401640071
300.02087925392965
300.01227209396995
300.00650327232427
300.12033325369782
299.9322890213993
300.0366961375417
300.03159658344111
300.00609684220535
299.94128857828821
299.9250624743492
300.011790853484
300.02043316905707
299.93387820465864
299.94608075212636
300.13070061311578
299.97922133192225
299.94900618680299
300.03849082590131
299.93514740787094
300.04000041330556
299.98069426639262
299.96738439889538
299.96191851435117
300.01140600945729
300.04128392647988
299.98167457196018
300.03030848396378
299.98085086567698
299.97131465994903
299.99909907007395
300.00697065872168
300.0177608532191
300.04590134959813
300.09879867166995
300.01489223151151
300.08551247001088
299.86812741372643
299.82709512668424
299.91069027273346
299.99466606781084
299.97825925932329
299.97124179166184
300.06142838188424
300.10809797092475
300.04206208170575
300.01519854739047
300.00792177055155
299.99095602921949
299.99821956368345
300.04708644469429
299.97817323161831
299.98609576957114
299.97565258247852
299.98920003613
299.89082936533725
299.99098347814663
299.9931968112009
299.9950527268806
300.03554729833968
300.05173109230822
300.00471682130473
300.00170761136496
300.01537670381083
300.02394183039888
300.01614064529463
299.93965060953894
299.97292749190871
300.00680568693849
300.13102052228032
299.7067092619065
299.91773705206981
299.93619833688069
300.0052872255888
299.9976340641972
299.93109287583252
299.95693892551134
300.04911594554039
300.02283822345009
300.00712006940466
300.02583998379714
300.02294231289545
300.00391449351861
299.99940655759923
299.99162537401673
299.99906793356155
300.08435301028692
299.97894620915991
300.01968093751833
300.00388642954192
299.97080109947728
300.00903612841881
300.07317759421915
300.11180978452421
299.95249126595513
300.01104760488448
300.03981025669839
299.97762948416056
299.98288175025976
300.00405607204243
300.05280985677848
300.23461415862516
299.98109318331529
299.98649391668647
300.01258813051044
300.00743300283989
300.02680498588063
300.00729442653557
300.03018862809898
300.03847537870615
300.02717808393544
300.02635311767051
299.90920978761835
299.98681540061472
299.96621890960131
300.01515132877654
299.99282744846397
300.00470005704
300.02369838201935
299.94827836436565
299.9919369571719
299.84623049922749
299.98162717694532
299.9485249736037
300.05017035568699
300.071724809476
300.03342385024251
300.0430078858945
300.04106597543
299.95161786812537
299.99369985679749
300.03872194686613
300.03784315213898
299.96608482591819
300.0061029836354
300.03030889235254
300.02991782335909
300.02184813579572
300.02208034250179
300.00255958856582
299.99687718028417
299.99182891029551
300.01894781731789
300.03795114634727
300.13199668547958
299.93474355103882
299.96581304644337
299.99904631188485
300.00671471255345
299.98629354081561
299.96725772974952
299.91599148458602
299.95794958873597
300.27913693954548
299.9915803908811
300.11270008770413
300.07586599728916
300.13315427927563
300.0433794362562
300.0388148955638
300.02692026151868
300.21291182620587
299.82756063211718
300.08035375217719
300.00817033268345
299.88006138395457
299.95983792529887
300.03706637501045
299.99227615245303
300.03328918571611
300.15393915859778
300.04887081862216
300.01534721275334
299.94839058101212
300.05847203539531
300.04402642587797
300.0449280091359
300.08414933904038
299.96955937338953
299.99849182345332
299.99522139698723
299.86457417559842
299.9304845040262
299.9898151297499
299.94407988770951
299.95876835552389
299.90351481179624
300.12833676317894
300.00081819808872
300.08130100333722
300.05595953862314
300.03331633304691
300.00992056107862
299.96210783706096
300.01904289979018
300.1255306907392
300.02393446499309
300.01200547557795
299.9812219154631
299.90626172516795
299.98794838317065
300.02468758870378
299.9355190637695
300.07407817663568
300.05082973159546
300.00862213590091
300.01777230659343
300.03282496980518
300.02843532737586
300.02047207697035
300.03616666538238
300.01430390801499
300.22150937905002
299.93393728277562
300.0354241601508
299.97363227032668
299.94304142683188
299.96827799337672
299.84072978639864
300.01963011734932
300.04195496250509
300.05389824643856
300.0456842973727
300.03368005779407
300.03698161492798
300.10263235590622
299.98211665001628
299.93387850992383
299.99794883127754
299.97461219794963
300.01430196153899
299.99566169583568
299.98356729005064
300.02424032968429
300.06693524519596
300.14080413147207
300.06969247972472
300.22791483623615
299.81665409156187
300.03896926039226
300.02994739299959
299.98107364963153
299.98760167370244
299.9658623925348
299.99138995864161
300.04522911240792
300.04870629520508
299.96017544123652
300.01507585162341
300.12663795989465
300.10254239196428
300.0188752632248
300.02562957067278
300.02717187213818
300.02945358768909
300.02620440484549
300.01358943692537
300.00887240315768
299.99748981529598
300.02591034089932
300.1620951216965
300.02024826563189
300.26273389842316
300.23539368066969
299.79440109620441
300.01073071434223
300.14709956161971
299.98713890526039
300.1171932475782
300.04246120227509
300.01133544063504
300.03081315324573
300.03729884009766
299.97657477500866
299.95444113713853
299.94363015113385
299.98191033869091
300.03277999300553
299.91988796949846
300.11881681328964
300.07326429578922
299.99114889234437
299.96825967660999
300.00121909686811
300.02780963555858
300.01068137803821
300.01207277800944
300.01773889389267
299.99106342737252
299.92034918034324
299.99736538189495
300.02975844599302
299.91445290360934
299.99498245020828
299.8620876917015
299.77867466117442
299.97766349201885
300.0127489429147
299.95502405086444
300.02906371521249
300.01702438659044
300.04462054743095
300.01252517867226
300.01533440233618
300.00877204888144
299.98817033057736
299.93386756783559
299.99570859492047
300.01617669620896
300.00763674931278
300.18629428679947
300.04178778128772
300.02362465317384
299.98178611720601
300.00470035386104
300.01007202367657
300.01541222572325
300.0150089870429
300.00936052484394
299.99665020744169
299.96967633213353
299.94323797083399
299.99015639602197
299.9642862482969
299.97578092912391
300.01122549204882
300.00766355439987
299.98786779666688
300.02938426581051
300.21406684694819
300.0393208488025
299.80104948838431
300.03199072177034
300.0562380334718
300.03020089850611
300.022814401419
300.02801337992889
300.01592310893028
300.00126658182273
300.01737974521927
300.03018116828321
299.99313076768982
300.02279884441651
300.0031716492723
300.03330772101725
300.04678950293248
299.86701383657078
300.15006168803899
300.02157293412796
300.03401898066693
300.01650844086049
299.98913007215515
299.9531967307322
299.89933065553026
300.02716377856927
299.9912354172406
300.00098812916082
299.99972097001103
299.99700123539037
299.9411558795552
299.95376278948385
299.78993601220122
299.97533914865522
300.01028204666403
300.0337392451666
300.06918899498612
300.04593051490718
300.00396696929459
299.99114458017647
299.98641201660729
299.99578119274611
299.99528591250868
299.97736676604336
300.00226769425672
299.99025356362597
299.97064980563221
299.99006210714555
300.02093631149353
300.07544978303605
300.03057012119694
299.98433535809784
299.88088280941588
299.99943435520936
300.12568243332237
299.99378780913884
299.97393489036392
300.02557865882397
300.02783348201797
300.02001525866081
300.00230688343379
300.00801247375676
299.93510387345088
299.9733928765628
299.97260446855
300.02119105224341
299.98353895588684
300.03528524472955
300.02545076257672
300.02148504803182
299.96171962485352
300.1485645725777
299.76851674010703
299.97921650868273
299.95259479218413
299.97353028495411
299.9925567008811
299.96514897144641
299.92126045460645
299.93042959715308
299.93992799160577
300.00384604767311
299.99690937142282
299.99504856412045
299.99030594931673
299.98225818283294
299.98473493039086
299.58705156925203
300.37772223098375
300.0267584817696
300.0209808447874
299.96244966202323
299.99375367855151
299.99277767475297
299.96822191878908
300.02271039097542
299.96537074573314
299.9959296904438
300.04595547498752
300.09710042869801
299.93776202663435
299.9580681398229
299.96084467784067
299.96812177583269
300.0055949649776
300.18034176373516
299.77657409722775
299.98111341073758
299.93474580186876
299.906872009555
299.89996675318372
299.91489753772623
299.91558755731654
299.94190155610062
299.98303619829801
299.98589477559381
299.98212005619831
299.99114532189543
299.97531062898031
299.95830965012317
299.94770314611804
299.93680290930052
299.77190015258219
300.13647414406068
299.8764876024224
299.90825403877926
299.92936967215252
299.96630091913573
300.03878642131934
299.97811195324198
300.16825151394363
299.87479713610827
299.93641582757562
299.96269710144918
299.96646478367347
299.98230865413842
300.0107892389222
300.01703239178158
299.94681176957766
299.98567966763653
299.91739897989669
299.87708198700074
299.94348494311129
299.9380101233495
299.9077271135086
299.84783485443364
300.04952016357367
299.98774892370494
299.92355754992582
299.85967861366407
300.19565627611371
299.95397208814967
299.8761969109708
300.06321588581761
299.95553829094206
300.01201218540353
299.9460358613469
299.93736012454804
299.94708646542074
300.0065414457693
300.10889622983348
299.95401976211423
300.1525081185145
299.7732226644938
299.91560351465859
299.9747770731675
299.97818789570175
299.98970809390505
300.00880362117687
299.99665337848182
299.97944047830305
300.0060442192821
299.91746630372779
299.91731687938653
299.99234151223766
299.96942534982321
299.94094306225435
299.94948698386935
299.95667642721389
300.03752734219341
300.0022753695801
300.00072343385818
300.00062463249975
299.96926864234848
300.03023876406439
300.00947642661504
299.95524230432443
300.00480744763109
299.9747177663275
299.965474844342
299.9720072003924
300.02305900529848
300.05377443839751
300.00078201525264
300.11983942536051
299.87805531595581
299.94917583833342
299.99181708708358
299.99432793115511
300.00015378768478
300.01784155027138
300.01048495652793
299.96440853793672
300.08633964740318
299.89120303830344
299.9602965975148
299.95571458371018
299.98031333153529
299.98012805044954
299.99032182809333
299.95912636157198
300.08952058902975
300.04234215613093
300.01056983722719
299.99754571170217
299.97932389380048
300.05014823947693
300.01372436462316
299.99277618762653
299.98004632002699
299.96777730225676
299.98032520867616
299.96009329907361
300.00083635678351
299.82189301835172
300.00893375961562
300.0408313161505
299.8214184277204
299.97011020169271
300.00501911516886
300.00744378109954
300.01581845221205
300.04308028420968
300.05150749878896
299.96359541264042
300.08942709318382
299.89547449874749
299.91870126437885
299.93355863417844
299.99083043089792
299.88179407636534
300.19362037563303
299.97402950780338
300.03201466210868
300.04996270302519
300.02323232837955
300.02050633556263
300.02838696779003
300.02592772176723
299.98784370547077
299.99762885393204
299.78826134412071
299.9859956267357
300.04071199925176
299.91292177264273
299.95811053313037
300.10608340189737
300.01046674415448
300.02407605142611
300.32635454107162
299.93482420483997
300.02197580886133
300.02019546485809
300.04376825644357
300.02605664696353
300.03326493988743
299.93230919766
300.0048118709401
300.00828631865613
299.90676032344305
299.96889440810088
299.99938035172352
299.93623923171094
300.00101312856538
300.01413117683296
300.15731474387195
300.05317795388459
300.02890296879957
300.03028696124164
300.02017797272265
300.00670089895777
299.97814841490992
299.97911419873168
300.09675410906544
299.97997231188776
300.01723828843149
299.9842018527595
300.07837014457857
300.03286599310792
300.01260387524422
300.01244544981688
300.05003313293764
300.04487425024342
300.05486895328767
300.03644357699437
300.1175090166866
299.92047886363258
299.98302956873357
299.99830345694983
300.02713457128925
300.12093009945994
299.87872238458436
300.03674402025922
300.05771319900595
300.03523726704498
300.12487979676638
299.99465253821126
299.91484022039458
300.01739121362345
300.01292284246489
300.0121761752244
300.01556996986869
300.00096708165535
299.97407750176944
299.98645419684664
300.05876444928191
300.0016338261828
299.96606498796206
299.94154751014082
299.99543923374148
300.01956512347437
300.02726335935233
300.01258162516245
300.02430053173964
300.06108071606781
300.05030727460064
300.02794404978602
300.03448833419543
299.96132231059988
299.99903435011339
300.03164542199289
300.0145629851873
300.03559718417159
300.19441660924372
299.97353215025305
299.9915658242997
300.027758780836
299.92610848838513
300.03135175898211
300.03416614225631
300.01301142724412
300.01788516893259
300.01872304863417
300.01931083228249
300.01113657738273
299.9934674562748
300.00939912860082
299.95707134997213
299.97305402615211
299.92114183992004
299.83189383629076
299.8850058103306
300.2032761600579
299.84036877417867
300.03090819601624
300.05951268176869
300.15033072594161
299.98603226803834
300.03351231562613
300.1094106060458
299.95683181645597
300.0249388503828
300.05664290519235
300.04883096427795
299.98544417245944
299.76940848466649
299.99384553240492
300.02294485756329
300.03056170846725
300.23468783285244
300.08855452216443
300.06485399607379
300.03378793174647
300.01087046754708
300.02757627239043
300.00456021461355
299.98886182123726
299.9898519254956
300.02106898545037
300.12519670562097
299.94824422571799
300.05176308344761
300.11929835022869
300.05122480641586
299.9774247452267
299.9719979139112
300.04446918779189
300.06604050734717
300.05573375300827
300.02991852276244
300.02358371017601
299.96650505993739
300.06972609256172
300.02966500218372
300.05704441629774
300.0820901685172
300.01114343222588
299.99725662184039
300.01507811710519
299.95851242917325
300.00983335598607
299.8527739219611
300.02633432475625
300.03205876091772
300.05905292645929
300.18856653184878
299.9005209878801
299.93685332219735
299.98419714073663
299.99020123731111
299.97429940621709
300.01904124641629
299.88829612367527
300.06045077683081
299.99760821230296
299.98274190349321
300.01832001500526
299.92214340340922
299.99772259235215
300.03686265312245
300.04189849587766
300.03727876964433
300.03250076023937
300.03330487897279
300.03237617371872
299.93682456425955
300.04763767534894
299.94835829013624
300.00968898082164
300.0144819522173
300.29322709305029
299.64986222107586
300.09843870015823
300.03353687367468
300.04166655770842
300.06629418510175
300.04926833501821
300.00974950697099
300.02574130151493
300.00760588872106
300.00339295515965
300.00163183546852
299.97719272254244
299.99960149748847
300.21406110259579
300.06182566961991
300.02814465981447
299.99160113503422
300.01517691561605
299.98163941475696
299.9945741305599
299.95885806748498
300.02710534237343
300.03300369005029
300.02701450202449
300.00660612176569
299.99813858590329
300.00058829324757
300.2174437197832
299.82867646014898
300.00179485375526
300.0403124926292
299.84177448865273
299.96152707686463
299.88556576020488
300.02747842084955
300.08861926056215
300.10639342974434
300.17539573228578
299.91293132694182
300.00569792647087
299.96431648258579
300.02430372713349
299.92283343189001
299.98243242581646
300.00499534940701
299.90772963640359
300.03065448231456
300.04335187638702
300.01201121040623
299.99596220955158
300.00152840132341
300.0278328738014
300.10886434643453
300.03302933691623
300.02084741290122
300.02074476762527
299.99431934908608
300.16565581358594
300.01692850891925
300.08511853501381
300.1278417896184
300.0135444244583
300.09853503945601
300.05654530056108
300.05621096138111
299.97944740984195
299.95357971323847
300.00735966943734
300.02901737558233
300.04750311763615
300.01934792907429
300.02990311200432
300.08019720754618
300.04943828555616
299.96265122601898
299.8157008847744
300.06130869897117
300.0220016434111
299.99483297650579
300.01942687501617
300.02152128666353
300.01564904589367
300.02775796363892
300.03529610686417
300.03988579122341
300.02388229339118
300.00735300431506
299.98849991442023
299.97918106899516
299.79023177317191
300.0386110919319
299.88675975265352
299.85520142045795
300.17320753227978
300.20577993252937
299.8834693189325
299.9185413277923
300.16134882892652
299.99055063138456
300.02122832928529
300.10443299004521
299.97000552970189
300.01840023047174
300.01744146072366
300.02050300838636
299.98310865930551
300.10149944802362
300.10272452525913
299.95282895017112
300.0251759784565
299.9840981634469
300.00308798316183
300.02447792216032
300.02011127121409
300.0084186121988
300.02627592242942
300.00518063158825
300.01460639650765
300.01164637230914
299.99388584585847
299.95256177309977
299.96591132988902
299.9161100868169
299.95476687302562
299.9831126114542
299.81700141992252
299.80557738490091
299.93862456469799
299.98119810437419
299.81272338189501
300.27713408729772
299.73466038475573
300.02389404771048
300.14275771025757
299.90126634841164
299.98030027780726
300.03986783671564
299.8807533004138
299.9496358611251
299.88677461943666
299.95501428175305
299.99742066918651
299.96307279885417
299.97415933522603
299.98567365943143
299.98900983859477
300.00091083048727
299.99386864056163
299.97794602658894
299.98596491861753
299.99483287336773
300.00556188673812
299.99634581784778
299.9908524959007
299.78807939639108
300.19381325387496
299.98368052938616
299.97236908788102
300.00239657491642
299.84169176176147
300.09713851463255
299.83911904917647
299.99668508653349
300.01162190248493
300.06643572914714
300.01351690528651
299.95168893470543
299.95959383869973
299.98181192395162
299.97668240980124
299.97335831017165
300.06556049418134
300.06294737079321
299.8935258368179
299.90618047004921
299.92698755124712
299.93298703145939
299.93244982736115
299.97340606930652
299.99662981867345
300.00769518708393
299.99060851024291
299.97928447326422
299.98859226258168
300.177740123864
299.97577889755263
300.10828146816385
300.07418678283273
299.97712128744348
299.96925150498294
300.10086100390282
299.91166539998272
299.97804124753611
300.30323717558218
299.69568394341098
300.0560243166899
300.01494208588258
299.95967331906627
299.96107731572806
299.96552599397853
299.9799671245699
300.00206684634077
300.08990595427923
299.85029473813745
300.01534317146246
299.90106510421492
299.87184401042663
299.9002108646726
299.91507669523406
299.92532316731308
299.9743205001356
299.97344033124034
299.98882070814813
299.98941915804568
299.98163694109871
299.9726183410362
299.77268106754059
299.98443028018016
299.78409655073261
299.98760410316294
299.98499651454483
299.93733661941684
299.93962590753074
299.9506907104352
300.00766897584481
300.06027913165491
299.98807002013643
300.22463163578459
299.76890168786531
299.93004450311003
299.97471860283815
299.97964703761318
299.98580960376938
300.00404661747939
300.00133159636925
299.93845622894531
300.17474648257939
299.73434260731085
299.89845239006087
299.92748134954581
299.92715533995437
299.92098943239466
299.9335513779626
299.94762024162605
300.01365827254517
299.98654270399658
299.99347456818202
299.97997747242624
299.94471232957375
300.02139819020306
300.00430950189258
299.93592334343992
300.02252066184894
299.96900852154096
299.94559213310032
299.96816886040881
300.02014970259955
300.05403165679684
300.00069360587122
300.12094575789814
299.87809926368743
299.94912347073824
299.99186438605511
299.99438331918981
300.00021446863747
300.01792378362171
300.01059009765925
299.96442952381869
300.08618228128722
299.89059580595227
299.95978484099612
299.99232573277112
299.96968370816529
299.94111823366268
299.94954861153798
299.95662592656709
300.03747713542111
300.00227430289658
300.00075336441529
300.00061913561393
299.96923827100579
300.03016226091989
300.00936826576122
299.95519874597574
300.00586367187384
299.97973032693369
299.97229725588613
299.94882934608211
299.99232536654716
299.82071940928108
300.00674681262149
300.04377593612264
299.82229157547351
299.96995034851511
300.00494005331689
300.00743548331968
300.01586068642706
300.04320545265352
300.05167177684649
299.96345232441809
300.08850874719445
299.89396645889417
299.91760008886843
299.9555786418839
299.9806871666101
299.98043043329426
299.99042545985543
299.95905024722776
300.08942097451467
300.04230532267081
300.01061897017837
299.99754286261555
299.97930146176259
300.05012046530504
300.01361430578112
299.99250918592764
299.98342166617238
299.97617766695043
299.98983883990229
299.90621024679797
299.95376677382848
300.10494046985724
300.01001338320395
300.02505753786477
300.32645324032814
299.93471624518622
300.02187901066225
300.02003972857375
300.04371095207887
300.0261680270724
300.0334199854903
299.93212490492959
300.00404549083839
300.00679590744039
299.90863309713239
299.93360410231588
299.99115490276881
299.88218974459892
300.19371739119543
299.97393096827199
300.03188692659546
300.04990868279287
300.02325030750455
300.02049975110276
300.02836429982676
300.02591691170358
299.98788407683486
299.99766939847132
299.7891521151509
299.98919677851626
300.04552767957045
299.98376848409674
300.07788677644334
300.03252973069135
300.01256898163911
300.01267709781769
300.05052045216479
300.0452077534232
300.05477845033914
300.03608344110887
300.11721726455346
299.92051277316074
299.98320256653938
299.99857426544833
300.02770111956164
300.12154730809959
299.89603384531318
299.97215515039079
299.99971181450508
299.93643468471583
300.00106237118371
300.01401758772562
300.15718943640042
300.05311573173663
300.0289116564515
300.03029103195416
300.02015751903321
300.006687328005
299.97814279195421
299.9791259169487
300.0968649664411
299.98068534355025
300.01829014223102
299.94207186945033
299.99538812009547
300.01938231954159
300.02741252795948
300.01314014963521
300.02520058914496
300.06165633310644
300.05030102238209
300.02751062627664
300.03419253964404
299.96125195605191
299.99892782603501
300.03149220366942
300.01521789384537
300.03427894406178
300.18620101527205
300.03574251967564
300.05778463132327
300.03525287023359
300.12482744602784
299.99453285675287
299.91470936368404
300.01732594195846
300.01289798975006
300.01220704618794
300.01558127403655
300.00091889211348
299.97398791769638
299.9863184317411
300.05878171434517
300.00211111770028
299.96689475653329
299.83276097897954
299.88532296677067
300.20328747065309
299.84062455052572
300.0314736056356
300.06036654824851
300.15087568753518
299.98614578712602
300.0333394971002
300.10933291611531
299.95646414693482
300.02382522768198
300.05597006475273
300.04705032659791
299.98456636098695
299.76706568663428
299.97282377961824
299.99149496520232
300.02767452546107
299.92597226546479
300.03126182219467
300.0342477775925
300.01308600930884
300.01768617235263
300.01877140628733
300.01936539116076
300.01107883278229
299.99318737892014
300.00912059489036
299.95699776077589
299.97351901893171
299.92234477896022
300.11993938686066
300.05153435931913
299.97757671458379
299.9721140081528
300.04481494491966
300.06655134369419
300.05600551619
300.02955160355077
300.02272604548904
299.96577774553322
300.06837644702682
300.02977918119308
300.06420774705254
300.0795383738357
300.00967581350989
299.99638045617991
299.99350042002726
300.02285434281208
300.0304467556025
300.23459992041478
300.08876308741065
300.0655091426944
300.03266102820555
300.01175829260512
300.02748880872196
300.00402316644812
299.9896244792377
299.98967458468678
300.02073060028471
300.12513351128575
299.94861264051889
300.05244719033249
299.99733211943715
299.98283524168312
300.01845584003053
299.92216871218352
299.99783599226453
300.03719190241776
300.04186927526666
300.03577779327452
300.03030690176143
300.03161566267079
300.03213894105158
299.93654982604835
300.04093378931003
299.94699370706559
300.00990354143806
300.0143437505036
300.01498864124153
299.95843032533992
300.00971313843951
299.85285672920793
300.02691273956418
300.03249108640148
300.04832684585153
300.19830843604018
299.90166374293869
299.93558210119045
299.9863206555907
299.99040180611269
299.97402395993879
300.01890926216527
299.88793175363855
300.05983266421265
300.02779855789623
299.99171502933291
300.01529502656729
299.98165807692163
299.99461207039468
299.95899039899786
300.02712849810894
300.03161592277223
300.02499304746669
300.00497460021398
299.99801488458183
300.00183400342161
300.21843338202621
299.8297356655483
300.00213058166503
300.04030195300624
300.29319429577612
299.64978209716088
300.09835699595931
300.0336333056548
300.04215975146315
300.06666285492548
300.04896596812819
300.01197527691915
300.02637681666459
300.00774672317294
300.00403826020107
300.00122971613206
299.97694942002511
299.99953940924826
300.21362356605761
300.06100669131689
300.04324090917078
300.01219377416771
299.99612311591437
300.00160571396356
300.02766574657437
300.10875772523184
300.03349243722744
300.02234347726301
300.02247613634825
299.99527626339375
300.16601965431357
300.01720909086544
300.08584403314654
300.12808131014515
300.01366341738185
300.09861287668764
299.84179795446983
299.96151440148998
299.88556188525553
300.02756239244229
300.08737234232439
300.10302366399793
300.17589981341467
299.91446772640802
300.006546316087
299.96508902184524
300.02446662452792
299.92265247359228
299.98230811590071
300.00491410027848
299.90755201100018
300.03032289017432
300.01942519737037
300.02162932797057
300.01585291827155
300.02775724571171
300.03511724964136
300.03983621420116
300.0242639471756
300.00918768791388
299.99050100090784
299.98019141901136
299.79045263371773
300.03847425467472
299.8865796833004
299.85508408979945
300.17326893806364
300.20590793699392
300.05659580737967
300.05621464226454
299.97924521910556
299.95316669233586
300.00840988822284
300.03260312711313
300.04971654909963
300.02017313270312
300.03032794215812
300.08076935019642
300.04966435188237
299.96252922482563
299.81554840571118
300.06127770013046
300.02203644942557
299.99481501963515
300.00319349753482
300.02448136822483
300.02017299429156
300.00842077657921
300.02624297629831
300.00530941944822
300.01495331073261
300.01237941234677
299.99457146223506
299.95274935214957
299.9657859601835
299.91581247693421
299.95449300620623
299.98303582931044
299.81710451847647
299.80569433944703
299.88351914277183
299.91856845834178
300.16132695010208
299.99023989920892
300.02125291471873
300.10572836595981
299.97040290516213
300.01847971066252
300.01762404043961
300.02069083426278
299.98302588539735
300.10126991887029
300.10283779039236
299.95302369169718
300.02546925149431
299.98439097357169
299.97427325067724
299.98555192446202
299.98889610778019
300.00086106876512
299.99384821902646
299.9781127407436
299.98602318178717
299.9947546454394
300.00549824610613
299.99616964021067
299.99064896924244
299.7878075318489
300.1934443302211
299.98358935209461
299.9724450948782
300.00249755018734
299.93870656073057
299.98137732779094
299.81308233276786
300.27718804785377
299.73435133836944
300.02372643082987
300.14257958849157
299.90133774303371
299.98040300954477
300.03969194178103
299.88039691765084
299.94984800326938
299.88698827717161
299.95533189208055
299.99753811412296
299.96345424520911
299.92664121934001
299.93275609278993
299.93231951970171
299.97335714203638
299.99663147991004
300.00774539430211
299.99063457984556
299.97922992385753
299.98849659528025
300.17768828461794
299.97575758321926
300.10816290657374
300.07389421913791
299.97703267231026
299.96932430758096
300.10087415694301
299.84186309161362
300.0974912539142
299.83985589267672
299.99714648988038
300.01159373888675
300.06624542450322
300.01344362574218
299.95181690762428
299.9596905381847
299.9815718484947
299.97652205858753
299.97386234223092
300.06664889354073
300.06275879996707
299.8929525602631
299.9057854361111
299.89994306652102
299.91492682196991
299.92522162527632
299.97428609192082
299.97343725784827
299.988834855417
299.98942278960584
299.98161541073074
299.97261970714783
299.77275436947593
299.98460058159577
299.78424545153592
299.9876640278552
299.98499558626634
299.93749728716023
299.93985063054754
299.91147609390481
299.97795650532726
300.30360038814649
299.69608638566234
300.05621795468386
300.01488033304753
299.95961033885141
299.96111575946162
299.96559507619276
299.97990078633802
300.00199998446055
300.09004822081948
299.85029735049557
300.01502997659691
299.90046423377993
299.87133216878647
299.92730822124037
299.92699416879537
299.92088490382923
299.93351286456129
299.94763382150688
300.01366989864749
299.98654012094607
299.99346741660469
299.97998729255477
299.94477377521474
300.02157452098271
300.00454848760398
299.9360331128666
300.02226092833922
299.96788833877673
299.94470713758761
299.95074481075949
300.0076612306604
300.05972733064732
299.987782285153
300.22450965209464
299.76895754778678
299.92996948863788
299.97467944453712
299.97963048001446
299.98578159137065
300.0040005947497
300.00128860683839
299.93834891283569
300.17458392505245
299.73406529455201
299.89821801646178
299.94977978377028
299.95040214434709
299.94205676436201
299.94211456457009
299.79282478036163
300.201351507455
300.0101704681033
299.98493906672286
299.99968058950469
299.9066291060077
300.11468710614406
300.0196620302076
299.99007522879788
299.98940903857778
299.97952907268359
299.99228846671463
299.9764568688696
300.02480949865225
300.05416596947543
299.97329703231395
300.0187460879593
300.04669648805771
300.00259673797711
300.01243181856654
299.99390031055549
299.99585997666651
300.00380134858926
300.02258237772287
299.89177355676674
299.97042643763376
300.06348610552664
299.80917946858847
299.98699570555328
299.98788279056589
299.97111292864713
300.00229979106251
300.17903886439836
300.03179127643165
300.03135222181527
300.00666910964674
300.00416255489966
299.82360311131924
300.21859011857345
299.97958823222359
300.02452567689386
299.99328225280721
299.97619169261566
299.99426935811459
299.95079282325798
299.98262601309148
300.00121652326419
300.02692259245322
300.02768069890726
300.18050810751703
299.92496570165321
300.01416523692552
300.00067339533348
300.00264844193168
300.01083049183626
300.19111792125176
299.77954797940419
300.00550568412683
300.01246979510671
300.15380279206261
299.9584607777291
300.10648667679266
300.01049504735738
300.00318674629005
299.81667905436325
299.99724480834487
299.86950748777616
300.02212367323608
300.2090029232541
300.04134892540969
300.01722993749803
299.98531992336717
300.00014187551119
299.98099058542977
299.78856260970963
300.04744344686708
299.87491627021546
299.77316068573447
299.81690367435158
300.0036445533172
300.00601615992207
300.18657039412
299.93314447424046
300.03874525385589
300.01886562033377
300.06499140159798
300.03151680505869
299.92246681673123
299.98936449708833
300.0065732405705
300.03109264248843
299.75142445660009
300.14573355591278
299.89145550087648
300.00248798243456
299.98860498492064
300.03433064429299
300.0448897068286
300.05008804212667
300.03352178966924
300.02673856486911
300.00801260186631
300.01271825350187
299.99494271329337
299.98596812259973
299.96292989030206
300.09815856429663
299.99252919305547
299.96815376919767
300.25001584646327
300.06720927709517
300.1280370568989
299.79304189847602
300.02133069546574
300.03894050459741
300.06652686991771
300.03186586303758
300.09930100359463
299.92516278300843
300.00043885131771
300.02932580580216
300.00769139679971
300.12906278297044
299.81855751504469
299.83713457421027
300.04651545978783
300.07075572346986
300.01277155883463
300.00737469152972
300.03556673682266
300.04209066024112
300.02425975517309
300.001276444258
299.95376958272396
300.04461955927979
299.81063813538015
299.98691191972279
300.00530010830857
300.06715139280487
299.95839037554219
299.87517416032904
300.01374410323569
300.03429231939134
300.08931143545755
300.32269117389671
299.71804548480122
300.00899149629231
300.04147963350755
300.02051960539507
300.01580938725516
299.99821105089234
300.21800850783524
300.06601493737224
299.92076396521026
300.00347589416009
299.99807755489576
300.02090128471087
300.1452676781177
300.14462606936991
300.02212388115441
300.01671340649625
300.02904553796901
300.03559407221712
300.02156478187595
300.01260968751535
300.00097858664839
299.98836108738931
300.17574478690966
299.99460626936639
299.99813747522364
300.03135299070902
300.0532812858541
300.09179798939931
300.00585120156757
300.0172075303546
300.05443260358055
300.01749556362904
299.83098218341325
299.92235893896003
300.02391309663994
300.02634000717171
300.02766917249744
300.01329793035381
300.01941340585461
299.85947768375638
300.02604562190493
300.00373297352598
300.00396182306218
300.06268684250404
299.89548448645098
300.0067753714664
300.03936075757787
300.04126675236148
300.03988689765714
300.03623227960139
300.01925490880359
300.00917424002034
299.98394910298481
299.97849540991962
299.98339083214142
300.00999494410411
299.91770129280178
300.00867407865161
300.03036603976625
300.00530480144931
299.97822770648355
299.91879785721278
299.95581882861791
300.001421981654
300.26600261562766
300.12175396016522
300.0293974818203
300.02294318395303
300.03805595526626
300.01530622904414
300.14291431873909
300.03044236759263
300.01684015346723
300.00230879413238
300.03796758638168
300.19819189826592
300.00633326757122
299.88852600032601
300.03212384987819
300.03283898026177
300.03523267872629
300.04501537465995
300.02140622104719
300.00992802522006
299.91884370924333
299.9837221254748
299.87252672742272
299.98460191869776
300.00967217636946
300.03334408609186
300.05786146910077
300.00950367365232
299.9805374406975
300.00865193481263
299.91611536439791
299.96160419188919
300.02961750359594
300.03198038804834
300.02783294441309
300.038798691799
300.17392622514302
300.02028629723236
299.89280885463285
300.03295779516543
300.00032685894104
300.02800073982547
300.2487569123125
300.03936018030777
299.78336949477512
299.96935269765009
300.00979903401094
300.04225927417082
300.04385795626456
300.04543651253334
300.02634377798603
300.02533147955938
300.07928124811349
300.02163284047867
300.1274077955228
300.00181509166316
300.11734742258966
300.0120933247793
300.050881302829
300.07074814377171
299.95548800256734
300.09674760986979
300.00004410303563
299.98170358738537
300.00664357342254
300.02931578802247
300.02607098231061
300.01357118485214
299.9161558383762
299.9990695860476
300.02954236998534
300.08142028230208
299.95682785482421
300.01851159663312
299.9736575643708
299.87433240632095
299.90289862724552
299.97474189961548
300.0225036937029
300.09324657893524
300.0541059907813
300.05094225346255
300.02753948704066
300.02509844232867
300.03110382971551
300.0009618968499
299.98415819593657
299.98170024295479
300.00190746698257
299.98934021824783
300.00925563469775
300.00915484897791
299.97365648451068
300.00717441477531
300.00905755101007
300.0231365767346
300.04494334332492
300.03270804619711
300.0184631104392
300.00050853336569
299.93323739545264
299.9885449839482
300.06586396805864
300.04971833041952
299.98468359937317
299.98923358334378
299.94442162756246
299.87035385462644
299.94859848586168
299.9685582059688
300.02216582255556
300.10016969001026
300.04193382606422
300.03556593261652
300.04765332239435
300.02559893532106
300.02738902456883
300.04885824302067
299.94781788624817
299.980370735907
299.99396790835533
299.99710980666339
299.99527186395477
300.00937891757565
299.83250844499725
300.01349526888242
300.03223630236374
300.05088396809151
300.03969057403418
300.02385586186602
300.0113126813805
300.00143221487218
299.97265796135383
299.98474193493951
299.95834767980904
299.9657383794476
299.96774602235411
299.96139899388845
299.94577068988792
299.990527195352
299.9785701572228
299.98406224639717
299.99585400437809
299.97970313740808
300.11422592838943
300.05542141133185
299.92325452718063
300.01015037023757
300.05869208768223
299.93359612743222
299.98351896434428
299.97709828512694
299.98307595861769
300.01858505070942
299.99783023465261
300.00505609942536
300.19513600051783
299.74373496361096
300.00586497434796
300.02695344783405
300.01583786457695
299.99742560575294
300.01181892409045
300.01284449511331
299.93098617087674
300.03044894345391
300.07887721906593
299.97391924092926
299.98725312602437
299.9913821353208
300.18276131425688
300.06090781515184
300.02560092208114
299.96034949653898
300.04128156929693
300.08763308169148
299.95556932931532
299.99292992171416
299.96546227291014
299.97988290120043
299.99196750948352
299.9681882996768
299.83066334462569
299.97672274384189
299.95821353533148
299.98525480256188
299.96860494952472
299.98132531812655
299.9921321819088
300.22150743598655
299.95565069860498
299.98109262738444
300.01650086278653
299.98016288718884
299.99058141169695
299.99227739140281
299.98985007051658
300.18735509517387
299.86461512684303
300.17238646694051
299.99279660469426
299.98596961471543
299.82482979084796
299.78976791993648
299.98959531830798
299.95961158625437
300.03113803797999
299.94850052579415
300.02027636521439
300.01437426363668
299.97348394516723
299.97110703901546
299.99190574711315
300.09660994495204
299.91800576437032
299.96500219112193
299.98780960523413
299.9790624551062
299.944424650065
299.95855905973184
299.9661513883446
299.95485497161263
299.9030445414985
299.9757693724016
299.99834337819493
299.96094760181643
299.97626444146448
300.0141681715096
300.01489676132326
299.81891601679376
299.97958022243233
299.81139207964338
299.96923765909293
299.97658968430983
300.00045333204184
299.82110792853433
300.00140526795838
300.01764542310985
300.00084523276644
300.02094199661497
300.054155595238
299.98049156551559
299.98381008877169
299.97949178241498
299.96619938038805
299.9570972727106
299.95259348046852
299.93803834698554
300.0160259587077
299.91189759982325
299.8868820689014
299.91987302517254
299.93865251639505
299.96707018644491
300.02115344788734
299.96648659139242
300.00622320550866
299.97594485198329
299.97577863605085
299.97726941285754
299.92891781930859
300.00646334969878
300.01389431734168
300.01615830984116
299.99380227351458
299.98611678851881
300.09471875881616
299.9661697537627
300.0227748004653
300.09423055867256
299.89759010110117
300.00740771537181
300.02654598018881
299.98100624682593
299.99389617396139
299.98559061213098
299.98252310007194
299.97823559396858
300.01221129988596
299.8713452416884
299.95901409414307
300.04907778423546
299.7743645613856
299.91076930287005
299.92929830653401
299.93786606937931
299.93694493218584
299.68806277363251
300.26993480150344
299.99417740902607
299.98102356126145
299.96721118529064
299.80342625196846
300.18068785283526
300.03676867082578
299.96911095455272
299.99042136203957
299.98196279256871
299.99163705592878
299.97534668238967
300.02437025210401
300.0539552272005
299.97071793162593
300.02108039153973
300.04681975536215
300.00220949392769
300.01228796000873
299.99396333769533
299.9959831790917
300.00393036970183
300.02267135646144
299.89175937735246
299.97029686273618
300.0633174298618
299.80894153500242
299.94988314777589
299.95059268989354
299.94222000091156
299.94219210698679
299.79282341611514
300.20132739599308
300.01015809118735
299.98494264225667
299.99967579211204
299.90661253129292
300.11462788321768
300.01960295777832
299.99003841794428
299.98970962414825
299.98151667148812
299.994404569952
299.75608451147093
299.98015981765144
299.99926966529313
300.02120927580381
300.03481625738215
300.18288066681549
299.92485307521662
300.01394860545525
300.00068991040928
300.00276121094123
300.01097526833513
300.19124711014729
299.77949632426191
300.00505745858919
300.01189823136713
300.15392867691145
299.98694828544052
299.9881616669357
299.97138074530523
300.00238755830082
300.17902582197229
300.03173380169022
300.03131885500608
300.00667590897172
300.00415820827095
299.82359195747796
300.21862601520695
299.97965719386775
300.02446997555444
299.99366467989159
299.97890468476334
300.18561849053532
299.87039118195094
299.771232622002
299.81575639960164
300.00209784287887
300.00801090744744
300.18735817293901
299.9331677878871
300.03855866854633
300.01865910233875
300.06489442471127
300.03158458267546
299.92252475897038
299.98916019931352
300.00616865397546
300.03231592853359
299.76187092260091
299.96029438028302
300.10659077045688
300.01074161910202
300.00324994118131
299.81661756708496
299.99715854968292
299.8694620927098
300.02212055425372
300.20899420894631
300.04132292134778
300.01724140159052
299.98541380761526
300.00016616111481
299.98076753301513
299.7889445630546
300.04701546015571
299.9684136115435
300.25008823640349
300.0669292427101
300.12752534191952
299.79304930069026
300.02194343334003
300.03930342409433
300.06638564455909
300.0313640505592
300.09900320094488
299.92512697835218
300.00038123426248
300.02908113397319
300.00902691366298
300.13946898460398
299.89972870628196
300.15587105968723
299.89138998984384
300.00247018666209
299.98861061408451
300.03425547474893
300.04481233071368
300.05004514810577
300.03353006805816
300.02673926022919
300.00798660561742
300.01269244077827
299.99492990568024
299.98601548420112
299.96315105250716
300.09882483244917
299.99363085477898
299.87631332074295
300.01403180797223
300.03403735725027
300.08929333969024
300.32313329537931
299.7190114179304
300.00956780733702
300.04120871457388
300.01989856423006
300.0154363883654
299.99807683063938
300.21788403811627
300.06608312118539
299.92187205516632
299.99169978741332
299.91867788101257
299.82785808140136
300.04606438017009
300.07075907685925
300.01270737417832
300.00726877770683
300.03548629068308
300.04204435683391
300.02427254504602
300.0013068016857
299.9537501485151
300.04457377369368
299.81054931023465
299.98685875512825
300.00566611060736
300.06826348351126
299.96002610623492
300.09249915253935
300.00603151239278
300.01716573226776
300.05460928975793
300.01810740829245
299.83189776701624
299.9229290404611
300.02387902609581
300.02591463550749
300.02742404302069
300.01314887126216
300.01913631291723
299.85887125957203
300.02576341832565
300.00184246442814
299.99480283962771
300.01874680721124
300.14516453976995
300.1444825900258
300.02196514671817
300.0165710045265
300.02903544282356
300.03562724589324
300.02143938561142
300.01258243382836
300.00097484110455
299.98817642003399
300.17553123741664
299.99438937002151
299.9980457911459
300.03178721185333
300.05413008309876
300.00556659666228
299.97831365897275
299.91884388702852
299.95593829857529
300.00185802486828
300.26659682031402
300.12215436662956
300.02927191353228
300.022287580615
300.0374356901595
300.01488882334411
300.14246316283368
300.02947472996641
300.01560591106602
300.00213810099694
300.03900443132994
300.06297683222158
299.89537589116389
300.00658674807073
300.03921622699994
300.04127251906669
300.0402208114412
300.03629491180288
300.01920355955212
300.0087715490946
299.98362144707244
299.97807797560506
299.98301545010918
300.00972596893251
299.91746840809611
300.00864300700999
300.03057049782853
300.00946628102452
299.9806102367009
300.00871121975996
299.91613003194942
299.96172179282127
300.02993134526383
300.0320741431284
300.02710185059766
300.0371900470052
300.17247345436135
300.01977280284439
299.89298836778147
300.03321401536527
300.0007604171534
300.02830667392084
300.24883219769123
300.19821785187332
300.00620213635381
299.8883764005688
300.0321044372098
300.03302127934489
300.03510242347448
300.04397896299946
300.02246430882855
300.00907000432221
299.91773644952099
299.98306885461136
299.8720093011554
299.98442713729258
300.00956059331418
300.0331024240345
300.05755284505364
300.07075845370559
299.95565737747643
300.09687706269932
300.00007222963137
299.98172903424893
300.00678559880123
300.02934022575977
300.02518051011964
300.01186082315388
299.91472590768245
299.99843147391044
300.02974594515865
300.08248308277462
299.95719914421494
300.01865347759912
299.97363838674744
300.03929296451531
299.78322494725984
299.9692716256269
300.00975632191989
300.03996125582682
300.03925646230869
300.04415160895161
300.02745158754544
300.02540376952379
300.07915937013217
300.02133048083772
300.12713942453138
300.00171006857255
300.11729263123237
300.01196024471466
300.05060833053494
300.00928762898207
299.97389392755485
300.00737460840566
300.00914297161097
300.02310711616144
300.04496432713177
300.03300071151119
300.01953924098888
300.00112067626685
299.9331022370572
299.98843398241098
300.06585622591558
300.04987981503774
299.98475604474879
299.98922884575313
299.94436182071746
299.87424741985006
299.90286882692345
299.97461951002367
300.02139623996749
300.08767602025301
300.04622688597777
300.04762670032204
300.02846405676411
300.0258082768712
300.03133853978716
300.00097173284212
299.98415160309384
299.98171358202126
300.00190037388461
299.9893552866244
300.00927025874364
300.00947652809737
299.83261007069495
300.01362386555451
300.03232909054537
300.05088681404015
300.03965643293748
300.02403354426195
300.01221587113821
300.00261715377638
299.97299502062384
299.9847660900756
299.95819878787302
299.96556955984306
299.96767519412754
299.96137360623862
299.94569524095391
299.8702858990888
299.94854612523898
299.96826398303807
300.02161593853458
300.1038370353881
300.05128530309986
300.03904433981432
300.04852098830077
300.02588295123462
300.02762735814343
300.0490229951663
299.94797278474817
299.98056407880102
299.99424018890056
299.99748373733462
299.9955541243441
300.00513993495571
300.19505703147075
299.74370540490429
300.00589502032398
300.02695616024585
300.01581754451553
299.99735012884042
300.01204704766138
300.01317014326145
299.93105994281996
300.03031287596389
300.07860155260119
299.97361760301902
299.98707447078164
299.99135985121757
300.18275888806312
299.99051788859191
299.97855659779867
299.98395100368003
299.99552470543733
299.98096897611691
300.11839375568633
300.05713500031186
299.92308150576781
300.01023452179459
300.05882565734163
299.93371289329315
299.98380793780035
299.97773003946236
299.98411611038699
300.01952608693813
299.99838854493692
299.98097538646363
299.99162193065825
300.22123250089891
299.9555258844083
299.98109069498105
300.01651239146594
299.98008745898608
299.99046627919432
299.99218502240876
299.98974750379119
300.18720930286861
299.86421460356695
300.17180938237448
299.99239291954046
299.98580752349153
299.82482720289619
300.06093141142975
300.02567332897564
299.960443066599
300.04118031213812
300.08745982194307
299.95614197105766
299.99273306091538
299.96543573566731
299.98003507882635
299.99196819757026
299.96798444840709
299.83079148236845
299.97754946653663
299.95935430609774
299.98616747667495
299.96892278836765
299.95746779578172
299.96542085085133
299.95454302936605
299.90294803944067
299.97575357282005
299.99834983141602
299.9609180100195
299.97621028305821
300.01411329925048
300.01489091579657
299.81892144878088
299.97939408500247
299.81104634521205
299.96887144130505
299.97640342299314
300.00041788473362
299.78977449345939
299.98978237150669
299.95990699698444
300.03124689586144
299.94852546489705
300.02022670204457
300.01431689647205
299.97363788708395
299.97131531914846
299.99185504435565
300.09617040135367
299.91784897515544
299.96568097868726
299.98817454660048
299.97880091030737
299.94347902157523
299.91896012953288
299.93820299044035
299.96688755799948
300.02108330351302
299.96646101920226
300.00622230715078
299.9759383195111
299.97576325187703
299.97725692701107
299.92897791636096
300.00665902643055
300.01412337754294
300.01627629236788
299.9937125319853
299.98596113774698
300.09470592799732
299.82098295216832
300.00149149965455
300.0179238165648
300.00106697930937
300.02136946469403
300.05431895746892
299.98057027373227
299.98394098149669
299.97963968311927
299.96612833774265
299.95673451490586
299.95243704866067
299.93818856737272
300.01586071861527
299.91114361590024
299.88586680712001
299.91033246779614
299.92906555688194
299.9377478398481
299.93687588231501
299.68804518984973
300.26993826860382
299.99418431194317
299.98102453403385
299.96721679644372
299.8034965498432
300.18088815886961
300.03706032635233
299.96930839779822
299.99038088044455
299.98164274935266
299.99116379794555
299.96612290428101
300.0227022341324
300.0940863816723
299.89819344204983
300.00781358567184
300.02699523672788
299.98114585735533
299.99395908787881
299.98559836974226
299.9824565959857
299.97809193334564
300.01215280251631
299.87140971616986
299.95891224834872
300.04875331092785
299.77378090331297
299.94904299117297
299.95841130619743
299.96032183656916
299.96288545968747
299.98642578857215
300.00681507890266
299.52371407180055
300.11059844800053
300.36262296113881
300.00493658693955
300.03110803088282
300.00587453957985
299.9964243443992
299.99316854799656
300.00383273939036
300.03153038488279
299.96372940950425
300.01743122830476
299.9927974580682
300.00067731667212
300.00797254650115
300.06152215901528
300.26509922396156
299.86713111042826
299.99436683799661
300.10929890002592
299.9983338413233
299.80080669260133
299.97684172166925
299.90518165814382
299.95261081081156
299.9284618125684
299.98620411632987
299.99439492550761
299.99578095089942
300.01575999070502
300.0233550426434
300.02058764314597
299.99431775682621
300.00105120783468
300.04817843159412
300.01604577584862
299.99155715304755
299.98880390620718
300.02835436515545
300.00553077839947
300.00429719752447
300.02043534211879
299.96062781980601
300.01899483684377
299.98951544804282
300.03302552939152
300.01289986043219
300.07315146525406
300.12704839667799
300.03134163552778
299.97197858157421
300.16250755116903
299.80175374002016
300.0901467702339
300.00698957784124
299.97625252524904
299.9948688656803
299.97201363826031
299.98998888983391
300.01660183505373
300.01699506175271
300.01191770224074
300.01318210905788
300.03638156869533
300.02539684762763
300.02261409292072
300.03941850579702
300.02559823007056
299.81163369621402
300.18352671599087
300.00261789088688
299.98993422528446
299.99581247577316
300.02923178161342
299.96728827790889
300.17567060316168
299.77303213583787
300.02671064029533
299.96583278462435
300.04427780713689
300.0554478917731
300.1634331236346
299.93528822045204
299.95012820302833
299.99877832539516
299.8907544427359
300.01109244269884
299.98052396084933
300.00223699631226
299.9851704884606
300.01892603707915
300.01936802709025
300.02043713311878
300.00593512394545
300.0174971798358
300.04925708360793
300.10441090194149
300.05817609557744
300.04076107460224
299.91200181800809
300.10973004875433
300.00059057173769
299.98501913498308
299.9720835204833
299.96732682264923
299.99114737481273
299.97199285881169
300.00353660140257
299.86802811176881
300.00237349306968
299.97439280946475
300.02310119995678
300.01347916700007
300.04477126758121
300.01621308529747
300.00844613980041
300.21494031758209
300.06415087555013
299.94427234721178
299.98751730156107
300.00731208538781
300.00429529260106
300.03650830742009
300.03871196997386
300.03754273355139
300.0090446770534
300.20813865751626
300.14597187519479
299.93191977864268
300.01864922248723
300.01319949191003
299.99605267213309
300.00283257475166
300.00415186014686
299.79741590765099
299.97458843196318
299.97261000443655
299.97660164562433
299.95879574209164
300.00879771428794
300.19241188551831
299.98540231637844
300.05321134531687
300.09968373878735
299.9317551515179
300.00824020004012
300.0166822508607
300.02536288834131
299.86452519399944
299.97359705973878
299.98214801467282
299.98908346245275
299.98593698346735
300.01307193568573
300.06579034398362
300.03336881371808
300.03924816283757
300.02656795562484
299.8273029030513
299.9133643050622
300.00636368865605
300.01452638035147
300.00918238826506
299.99207363212031
299.91393559750975
299.98191364063882
300.17925353753753
300.00204481630732
300.04860964528484
300.02511402683518
300.00070218628747
300.01406281331464
300.03896610925244
300.04218121768781
300.02948030807693
300.03973597601959
300.00654465044545
300.02497220043495
300.01205167668468
300.01543271184983
300.04328949659811
300.09331509716827
299.99221080165461
300.02848168625206
299.98363795191943
300.04157442457029
300.23153878690061
299.96937818361744
300.00211237148335
300.0328816274432
300.02762438311288
300.02853583760873
300.02748443152399
300.01712620617701
300.00343508894184
299.99384085260232
300.05174560074965
299.80372919365686
300.01557193762324
300.0366025612816
300.06316103423961
300.08536588008417
299.58432763439913
299.97587819931493
299.98551001534946
299.98308129326546
299.98610401468773
300.03791561109614
300.02470378221955
300.13285468613668
300.08929405829912
299.82357421010909
299.99963506556685
299.96742184137076
300.01693372342498
299.97610637763199
300.22499788855555
300.1256070581307
299.93788588044578
300.15799385232691
300.06632448466866
300.01166150465713
300.0098135847677
300.02437222860902
300.03286805293817
300.02452537533287
300.00444995651208
299.98058626381066
299.98874751725174
300.10149339249875
299.99646647112149
300.01194274947181
300.05124699774501
299.97479546324286
299.88216029435654
299.98501321869981
300.00853156722218
300.02643657417997
299.92315797175576
299.98876427920652
300.01537588417074
300.02211805621783
300.01004555104424
300.02743372929172
300.01109549638153
300.00762597755573
300.01726171703285
300.0160238899046
299.87201527555527
300.00972734963227
300.06669171277764
299.73623397490837
299.92647340910281
299.99811991595021
300.02041155184912
300.04119871517975
300.03535836463192
300.03083921022801
300.00962396472147
299.99895994199784
300.00580197070946
300.07200425958376
299.9974697767376
299.99178090979342
300.00820065120087
300.23740954793976
300.33631970393986
299.97682838605175
300.02076643071524
300.04121210719529
299.97541602211686
299.97739196858373
300.01148075676832
300.01266554218068
300.00906908461434
300.00399161756616
300.02124131752544
300.22126014273135
299.84752235549888
299.98424207924222
300.02001099411086
300.04663914894036
299.89989456836167
299.84943637297681
299.92152246610306
300.02970690342687
300.04793528282789
300.1657331431166
299.93570167903988
300.0549243769841
300.02786418230875
300.00915419466634
299.99762000925108
299.9928630516219
299.98769292546137
299.99552865429007
300.00434570132614
300.00923592812495
299.99651402695673
299.90415334321557
299.99050998003929
300.00945379198095
300.00947200573603
300.03270503160257
300.02238586644944
300.00927138380564
300.00681039624959
300.00047707998914
300.01279216794813
300.05197861007622
300.08776741628765
299.94849975690357
300.03247365883794
300.03514084460505
300.00548147937781
299.89614210829825
299.98465807236511
300.15235938332734
299.89560705196243
300.00800332722122
300.02860758621239
300.11653908935739
300.01790637167102
299.95414762961411
300.000150943096
299.98967163121961
299.98701393430332
299.95155966679596
300.00612875391431
300.01358895147098
300.01601131007573
300.07327874849454
300.01675603516412
300.02904221212879
300.04287313374243
300.02785869041929
300.00842351937229
300.01047626940772
300.01801868746696
300.03148796306061
300.01557534012142
300.02260241528086
300.02660534610271
299.95512520403628
299.89848461585444
299.92800793772778
299.80340049161612
299.9709097364227
300.13015037699034
300.01163587706833
299.98493577107723
300.02210693347473
299.99442957130464
300.00012377999991
299.98105793642179
299.97024387787712
299.99911969739213
299.99461620127425
299.98518874969199
300.01251240911881
299.99238017723491
299.8039865090189
300.00485751440868
300.00878110257014
299.9949894914235
300.01724384716942
300.0247329235745
300.00084744468705
299.96103333954227
300.02017940045749
300.01441038349162
299.94637492347567
299.96776888351565
299.95251854114377
299.97232387959593
299.99622698229814
299.96040978095158
299.93719430793072
299.96889320117742
300.00828033215396
299.90573091746143
300.03742894682125
300.0327187749823
300.10636153469858
299.89887166670172
299.98368177366342
299.98163289983705
299.98611649941296
300.02457619070577
299.93852638144972
300.0290301668494
299.88497404700081
299.90029608064077
300.1406180037423
299.98049463487894
299.99215735038632
299.99145169814989
299.9777722122688
299.99447026651609
300.00117942673802
299.94588753602801
300.0182725430127
300.00832909716007
299.97097781979926
299.98513901339447
299.96366264862655
299.98342069695775
300.04983457573655
300.00382188944747
299.99372628183659
299.97896975233476
300.02511357055999
299.96671775652618
300.16935708057116
299.95710821022436
299.99635737027205
300.04801214950282
300.00961020125209
300.17696638141143
299.7747601727902
299.95756599426937
299.94368381384118
299.97166523563868
299.94673662694879
300.04994837272716
299.98451645033805
299.98383794954253
299.97673662666193
299.94588523528205
299.94418588738193
299.9715012844141
300.00443823516218
299.9744072889369
299.98309259002031
299.99160606966171
299.95029596175254
300.06136954796932
300.0064210247271
299.98452532056808
299.91679335037458
299.99013176579319
300.0135684095589
299.98065619143472
300.04651061078181
299.98202538773467
300.03134504000781
299.95287345728866
299.98871109491324
299.98515823727649
300.26828698669163
299.79266638488656
299.90972149476329
299.87706242187488
299.92773964839444
299.95796257742853
299.94227174487276
299.95768919833597
299.93208384110295
299.95086083276703
299.97137078493148
299.99929884795273
299.97961290801453
299.97492168488935
299.97671097673503
299.97078235805759
299.97829691076794
299.99576268967053
299.95188865684469
299.86727497081995
300.06971477213352
300.13409188772476
299.98997071011576
299.99650918120489
300.03398132311219
299.95474120959557
300.0111446261925
299.97386085490785
299.96699698841309
299.98232124843412
300.03327026747939
300.03243859734675
300.04358148145212
300.00396358487683
300.00750730748263
299.91870348781254
299.8954979490868
300.1200206470906
299.7415944474098
299.9487047154567
299.91198157419382
299.9322730767862
299.94978355245371
299.96078600476108
299.95486991941112
299.95901962497953
299.98943061456072
299.84654188330717
300.00314834595008
300.1082473223093
299.97847673164711
300.0127033580743
300.00288531497188
299.87701974025742
299.98024783721814
299.99558021601661
300.02223543823055
299.96373080454964
300.01849753918589
299.99362725450635
300.0003090518988
300.00870677005571
300.06095806247282
300.26464150601532
299.86699802574259
299.99442561133299
300.10942584264416
299.99845878333548
299.80087582885886
299.97683154307026
299.90512612597814
299.95257192401982
299.92845812790983
299.94915781107682
299.9585850464772
299.96048500705268
299.96300187493966
299.98645251126726
300.00680266999694
299.52367152609963
300.11055744843225
300.36259422618394
300.0049204823527
300.03109923111504
300.00588810930014
299.99641014638178
299.99269089685475
300.00214668669912
300.03017825385507
299.9596693163187
300.02037017390614
299.99038675917365
300.03299062614963
300.01514173519149
300.07331565650446
300.12636420147584
300.03113969423083
299.97198724202173
300.16258686182317
299.80186939928655
300.09022561658338
300.00697558608118
299.97609451668819
299.99465226177887
299.97179728322652
299.98625692414254
299.99456680166014
299.99594787870603
300.01584089097355
300.02336897688832
300.02056440342636
299.99428010598922
300.00101840193207
300.04814328569739
300.01601451263934
299.99162879438978
299.98895833093678
300.02841960155456
300.00418137068135
300.00110195034944
300.01806078933799
299.96631088379212
300.17617975532397
299.77350396032739
300.02658155200254
299.96657192100474
300.04437334377724
300.05525904342505
300.16321455184743
299.93511424744349
299.95006410880183
299.99882361395413
299.89074026671699
300.01093116371368
299.98029136561729
300.00219568398018
299.98681412372622
299.99022689202076
300.01663412660668
300.01706090630609
300.01194619283865
300.01315903807512
300.0363401582668
300.02536885342778
300.02259632667358
300.0393947474322
300.02556396519253
299.81165609732739
300.18365639455612
300.00276089597412
299.98887343020857
299.99333421379936
300.02668057746655
299.97261927748315
300.00392067422035
299.86782280140346
300.0020340639245
299.97464558907257
300.02352734462482
300.01373030983001
300.04478566087153
300.01576386558804
300.00817513960277
300.21484954216794
300.06403539794616
299.94397589814753
299.98724685418352
300.00941196498906
300.01213905619653
300.0206016484164
300.01921150359431
300.02036890016916
300.00589272128741
300.01744089857976
300.04920987243162
300.10439428970164
300.05817828357357
300.04075417301021
299.91197179384255
300.10969485636645
300.00058971887364
299.98510969309211
299.97230803440067
299.96784201492244
299.99192980656125
299.95959637625867
300.00879280490409
300.19199730219231
299.9852395754715
300.05359285474293
300.10051332157673
299.9321662389645
300.00797892706049
300.01602301631982
300.02497322315043
299.8643480462751
299.9734416909547
299.9819028554441
299.9890536714172
299.98459367000163
300.0016353277959
300.03453039717704
300.03850870474383
300.03739173832491
300.00892432645884
300.20803355642977
300.1459082075018
299.93189273902419
300.01866832108402
300.0132126645567
299.99603591334699
300.0027775491651
300.00406253897228
299.79739630605815
299.97499737764906
299.97358898441558
299.9778124583699
300.00086394821483
300.01387076212279
300.03875569343256
300.04224272893953
300.03003023661171
300.04048120102397
300.00700782624199
300.02486252897086
300.01160541609732
300.01509029327673
300.04313485648265
300.09318932470819
299.99205590069323
300.02839007149356
299.98352286066523
300.03969773598959
300.06560828797711
300.03321403009954
300.03906096314012
300.02638391610429
299.8271428308812
299.91326443542908
300.00631892150182
300.01449845186551
300.00922889927978
299.99206089481561
299.91382900808043
299.98177141021563
300.17911465404836
300.00204004058344
300.04885902401514
300.02553190410504
299.58426011443646
299.97575483195482
299.98546600786563
299.98315856723571
299.98640792665901
300.03844305984825
300.02509456852175
300.13289104111044
300.0890338329873
299.82323820519036
299.99948920178343
299.96738611480237
300.01705433225783
299.97613543012261
300.22535147226273
300.12625104402986
300.23175696846141
299.9692621736786
300.00192614950259
300.03270538254736
300.02750796653595
300.02849816643408
300.0274611675585
300.01696523485259
300.00341101751349
299.99371918561735
300.0514944773995
299.80355043812352
300.01538536179942
300.03641420930995
300.06302071075464
300.08530962608489
299.88214627958024
299.98504316745556
300.00855065972598
300.02645377660701
299.92324832780218
299.98902651292377
300.01567639688739
300.02214777537785
300.0095966743757
300.02689939817088
300.01088524879827
300.00762861815804
300.01770415971851
300.01623627826126
299.87233977307739
300.01006826823345
299.93801766965311
300.15791889863692
300.06621280831178
300.01159568109131
300.00975083003141
300.02446600001446
300.03285673356498
300.02436243687612
300.00424942392436
299.98025372857484
299.98838594072703
300.10127906946877
299.99639671178579
300.01186257380476
300.0511261002809
299.97465036300667
300.33644481337205
299.97699122238782
300.02086767949675
300.04123269937742
299.97544094837184
299.97749717708223
300.01159858695081
300.01258316198607
300.00852731532109
300.00337107535796
300.02095102884817
300.22123701413005
299.84766703786386
299.98436532937541
300.02016732758688
300.04679409831613
300.06674499576792
299.73616274960563
299.92641430675644
299.99803449460069
300.01950488465053
300.0394305508114
300.0350484247507
300.03102893910716
300.00966301196087
299.9988685318686
300.0057238503158
300.07198836217941
299.99749647377615
299.99178911593725
300.00821759485967
300.23743380211533
299.99664135154433
299.9043111824389
299.9906431528006
300.00950647886145
300.00946864597597
300.03269625691803
300.02240385302224
300.00922173376478
300.00678801809232
300.0002897139737
300.01262941907783
300.05193011687061
300.08778870648138
299.94851431789021
300.03244451480731
300.0350737789019
299.899786219681
299.84935990880189
299.921633579966
300.02921353957476
300.04488463433358
300.1603157452999
299.93314583851219
300.05521348454329
300.02825393729933
300.00927861374828
299.99772812265002
299.99296145232074
299.98778890965917
299.99562832969883
300.00444169065969
300.0093523116654
300.01595565858173
300.07316434053882
300.01669925301331
300.02905199514703
300.04286338526822
300.02779284529657
300.00831094250174
300.01047553127501
300.01804477914635
300.03136373058334
300.01545102016297
300.02251630978225
300.02657603600329
299.95511429726122
299.89839644635441
299.92781549055286
300.00524757947898
299.89599004716979
299.98443449351242
300.15184383572699
299.89591191567325
300.01002731870153
300.02905224820159
300.11653987777612
300.01803574672476
299.95431510443325
300.00033892571673
299.98990314215365
299.98733253694115
299.95206395406109
300.00661859192417
300.01382551629979
300.00456555951655
300.00828354629027
299.99465979788812
300.01716513448747
300.02471903688223
300.00078868846339
299.96087322076937
300.02002919045776
300.01426869940599
299.94626678737927
299.96764098691676
299.95235804340098
299.9721309109587
299.99605989904353
299.96031016577246
299.93704762579875
299.80323170800892
299.97081369796967
300.13000858323466
300.01127437649865
299.98465402434829
300.02289592208763
299.99428532739967
299.99990049834958
299.98112359026845
299.97037739053354
299.99927949455179
299.99493903340448
299.98600802491353
300.01373427074469
299.99362227938599
299.80448590093312
299.97930757572556
299.99116377715916
299.99092064674477
299.97751934432523
299.99445029490619
300.00116611715072
299.94581535964926
300.01814250791142
300.00818968433697
299.97089455628918
299.9850620815854
299.96346644415638
299.98308828807848
300.04947995207192
300.00360188485314
299.99364355383102
299.96887820375048
300.00833624050705
299.90577099772662
300.03732705997754
300.03235856610394
300.1059892795875
299.89862361897138
299.98366387675463
299.98178272079059
299.98615628168909
300.02448321079669
299.93880500687226
300.03005024815951
299.88640801762165
299.90147550448864
300.14071107329534
299.98272211087118
299.9757020346122
299.94531135207944
299.94393680928101
299.97147496912748
300.00444959290155
299.97439185553861
299.98305415509611
299.99156725044338
299.95030027664092
300.06141664879516
300.00638548415759
299.98430184946869
299.91646223448453
299.98988936675681
300.01345566118431
299.9789996016433
300.02527085104174
299.96692377530496
300.16950889554835
299.9572516788495
299.99636916595949
300.04810504639761
300.00981507975615
300.1771524300263
299.77466786083068
299.95718655829506
299.94367205794634
299.97237906562015
299.94748780363352
300.05021373268022
299.98402629200791
299.94992186279524
299.97077594097908
299.99892314484384
299.9794788947035
299.97489315969938
299.97671654742618
299.97079494409769
299.97829607878174
299.99575112923475
299.95194106922753
299.86745846794162
300.06994348919892
300.13422764136163
299.98994243273398
299.99639222114894
300.03391980247648
299.98061766539917
300.04663889101778
299.98221999666816
300.03162807933029
299.9532531613637
299.98890213577596
299.9853341412425
300.26849156490221
299.79280179977684
299.90958203740587
299.87670597795261
299.92763801921245
299.95829603438938
299.94242854362409
299.95740530332466
299.93132454765606
299.93194071156483
299.94954948637195
299.96059679352675
299.95475358289156
299.95898539373383
299.98943589198865
299.84657839153056
300.00317390642357
300.10825665360795
299.9785209334039
300.01283534530768
300.00309150039192
299.87720158369211
299.98042966328251
299.99586758262257
300.02271705476153
299.95448961130973
300.01077491881449
299.97376480957627
299.96724274996052
299.98280157611919
300.03373954991565
300.03267446040996
300.04371377891766
300.00396176750928
300.00740364388031
299.91852513040669
299.89544791714712
300.1201386903349
299.74161445826553
299.94852267023526
299.91162393988736
299.97336110424277
299.97630876509277
299.98870987566687
299.99418501491687
300.00341851338652
299.98833543217324
299.97573959546048
299.9924605910935
300.0284437459872
299.92993602209026
300.06674736471695
300.02084315627684
300.00458218488467
299.99900848303889
300.00480456282872
299.99781957732529
299.97102418350607
300.09859171594223
299.94302395404344
300.02100063404021
300.02040413608563
300.04799239316259
300.04065573408212
300.04975901847126
299.99658098971906
299.97286107099382
299.96988761637476
299.93281075470566
299.97213490317972
299.94835517929789
299.9542223673642
299.95814052554863
300.01562287553662
300.01622413350674
300.03518320460933
300.02806947536345
300.02254112817866
300.02887611057901
300.00575278253194
300.01616774632902
300.03350566406681
299.99478732127994
299.98263218855288
300.03109203195334
300.02180944796271
300.00584673251399
299.81361902725513
299.89177072936508
299.91047384261458
300.03101412693718
300.01713973200083
300.03603518315134
300.04940630978996
300.05012257799825
300.04901720506024
300.03473868245226
300.00299540171488
299.98558019224828
299.99289373067853
299.99193593460245
300.18983468802145
299.99940628186744
299.98806872106741
300.00184110040072
300.00471843352017
300.01397199800101
300.01573370976917
300.01142240939964
299.98816613625013
300.09663434512379
299.91218467916997
300.10483563565464
300.06305419351509
300.03457928280136
299.99379374890555
300.00959780638567
300.00431558722931
299.99839397972733
300.20276132239644
300.14079768557627
300.08645315394642
300.05239684723921
299.99564641197264
300.02246413458289
300.05292418285535
300.05588212072382
300.01004492825678
300.04036226209712
300.01538893140741
299.99277568737818
300.03213608964847
300.00268706720414
299.817706093916
299.99645829699779
299.99100126489969
300.00004437784548
300.04323885985292
300.02096264315372
300.01284828975423
300.0125171188393
300.01343927961369
300.02627379729068
300.01768133728223
299.98466934751832
300.03887190904356
300.06029582263858
300.00951564782252
299.99202951519021
299.98256012970262
299.98065287818849
299.9883241454645
300.00104928706691
299.98393744527806
299.98986009572855
300.00007551909425
299.99639800759314
300.01836016757034
300.04236918414279
300.00547080987155
300.02888134937399
300.01502901468467
300.21064149932033
299.88590520003089
300.01294909765477
300.0061237574626
299.99179911046281
299.99434022917973
300.06385651516842
300.02610222467905
300.01699619111974
300.01062988136437
300.02176886478259
300.0303425061428
300.04406021855766
300.10059069157387
300.01798196079102
300.01784761339758
300.02176324905577
299.9964636250769
299.99324254527312
299.98203717723936
299.97302629338913
299.97121370947627
299.97649735807965
299.95308799970934
299.94170949071588
300.0129559123111
300.00790274283156
300.01725258525562
300.02318143862266
300.0045216068936
300.02128699682669
300.02137376129929
300.11935756816678
299.97631016424623
299.99410148977819
299.98233497443056
300.02585183493659
299.93495969709022
299.96849805328628
300.07464355105867
300.03342402693852
300.01619673109565
300.01467872862315
300.0347602339649
300.02027074732575
299.9449751263009
300.00472760459417
300.00829670708004
299.99933796767431
299.98241108749534
299.98970523551202
299.98664183358125
299.99974592169104
300.0480586371645
300.02321486436966
299.98995994828709
300.01283289089622
300.00241629397698
300.03168349038071
300.05961233278225
300.05438705184366
300.01956507967765
300.02517166579077
300.00717177262129
299.89276652820877
300.00355389282043
300.07506144292461
299.92124680743314
300.0115831582462
300.01534063261374
300.06162453255814
300.03994688673311
300.04579508749265
300.02375016623591
300.0158329114804
300.03058285652844
300.0387126947308
300.01864724587642
300.01422659962941
300.0036415853167
299.9947673146969
300.00160026443285
300.00554408414297
300.02093772047249
300.05115049568172
300.17238541443703
300.01776745801067
299.87834677278096
299.9957377207341
300.02240170032258
300.01663257409518
300.03052099159095
300.06517765506976
299.99803301552237
300.01490541980212
300.00742395124729
300.01033126292208
299.99398856736752
300.00173298432412
299.98875377600615
300.13212206721192
300.05856823622793
300.05562332621389
299.99027667550564
300.11983714701984
299.84870112807721
300.00563999753439
299.99410111890109
299.99104893795908
300.01986609078597
300.01992886721087
300.00541474479741
299.9936800084829
299.99715866790945
300.00148496449015
300.02512272151228
300.01930114995798
300.18301233710059
299.92565168948892
299.96841517622352
299.97144663244501
300.00196097310396
300.01151181373211
299.97538856793074
299.99869226514505
300.00418572679092
300.0089256795282
300.01137043162959
300.01584974736522
300.00919323534276
300.00596054569331
299.99400747000595
299.93755177202132
300.07336454218517
300.04317075310121
300.02072703402064
299.88045212637024
299.96001063639903
299.99378559646152
300.00971543384668
300.0211279179365
300.03084229891601
300.03353216461971
300.00911083525813
299.98720144846743
299.99601659108083
299.99998511724499
299.9952862242128
299.96545598528394
300.0252574582214
300.02815194091249
300.1916083125634
299.7844829441583
300.00876323455401
300.0852631660008
299.9659326489442
299.95576390616475
299.99434656096849
300.0075446244154
300.00845763590655
300.01511929291581
300.09489719438665
299.9725008112357
299.96143728635565
299.9960382481039
300.03160120995722
300.03781660341622
299.92912972680932
299.90686734232435
299.92054004241351
300.0157410118145
300.05903047893071
300.15270362453384
300.22932139470714
299.8769047965738
300.02773388350545
299.96407389258997
299.98838057652125
299.97998465454828
300.00097187525074
299.86577728013248
300.03151058229048
300.03011381082683
300.00371521934528
299.97049256272498
299.987160969103
300.01296115159784
299.88716600619284
299.99820061765826
300.00624606173881
300.00148047826656
300.00516737948237
300.01062483116874
300.02874938871213
300.02725724315877
300.0208867287908
300.03731158395993
300.02304370587973
300.03581117835466
300.00137810171276
299.94235569807273
299.96091201545897
300.04207360767191
299.96593507644945
299.86417791392165
299.99966426973248
300.04588115696646
300.00756671079006
299.97669058410793
299.99199872711745
299.9891491009314
300.00730327046858
300.20648288159163
300.02595363653819
300.039313126953
300.02762576435634
300.00053305934807
299.9896265736017
300.02082099352072
300.13874823226166
300.02210185592503
300.00570163233675
300.00064574025191
300.00698574844438
300.01705947764731
300.0197344805074
300.02308529581643
300.01644772464033
299.92451864362039
300.08381127865931
299.98823577267797
299.81780702389642
299.95379241394789
300.02590622426834
300.02092393927347
299.97896241360371
300.00071316443365
300.01142536425601
300.00116242207139
299.98560764594833
299.98093314588766
299.98142459050808
299.98618953135718
299.9640426127462
299.97761536163051
299.95899302561821
300.00764315669034
300.01429917119134
299.98628342636169
299.9737121093649
300.00407537034295
300.02414907469165
300.00690897998311
299.98709927522299
299.99977529624374
300.00018155599633
299.97068255713293
299.95577776923653
299.95647859836913
299.96622967616236
299.98211553334562
299.8585708897761
299.90902911227414
299.95568388639157
299.99712501495043
300.01767170450989
300.02163944369227
300.19332912688026
300.02835425897769
300.14916387339184
299.89484199831338
299.98433683752251
300.03831440220296
299.90848746087647
299.95852550221133
299.96292328386079
299.9546990116396
300.01019216354922
299.98017306973344
299.98667319780827
299.99435316667382
300.01301745952964
299.99777257578506
299.99192271471213
300.00331925983141
299.98033141290136
299.99444266094628
299.80792304993889
300.16226716935591
299.95988524231205
299.9562155002115
299.96505625805906
299.99725810175795
299.99608709168922
299.97567112858667
300.12016351607559
300.20286440345501
299.81657240892741
300.05400129853803
299.83925757038872
300.00450932361144
299.99206513382734
299.98723071737555
299.9837736696137
299.97185774556277
299.94694964749021
299.95551223585505
299.95621032212904
299.9344037676571
299.97225701434996
299.97025917467192
299.98124287652888
299.98389635873423
299.98187215173215
299.97078395292397
299.93554228736434
300.03102830330772
300.00339927305316
299.98233590075688
299.97764818798788
299.97517904599528
299.98397898730951
299.98172806298538
299.97829286646697
299.96497080635919
300.02396977526627
300.02847326040239
299.94212177642532
300.01377869852405
299.99981694334019
300.03773226051879
300.02369808598445
299.92099790089776
299.97637511881356
300.01261887875302
299.99494731478416
299.95460285742342
299.94013526135075
299.95644429910027
299.96056691181258
299.90562541864296
299.93144774999797
299.94020708884995
299.9580240454498
299.96480253299876
299.97798763197142
299.97151614770058
299.96272098175245
299.94177100954039
300.0324039286038
299.98272951062347
299.97682692757076
299.98634523434754
299.77371625620066
300.18357144131267
299.9907612715898
299.97577320119677
299.97103125740733
300.06996637129333
299.89446527410877
300.0489621352238
299.94497692524163
300.00422399807644
300.00319285434915
300.01453013044841
300.0162793319729
300.04154498785954
299.99751830140826
299.96235018722251
299.94343593249977
299.92582010769848
299.952876891156
299.92780457964886
299.93647716359584
299.93869723618525
299.95210496076066
299.95688414616592
299.96585902699212
299.9679044260148
299.98243632939739
299.96811585766341
299.97272925375665
299.98260831011089
300.02044359967033
299.99211630486201
299.99529585784558
299.99411120792979
299.98070305841389
299.98363945399132
299.97982595155645
299.91909646310228
299.97130271988738
300.09963255190536
299.94354127580817
300.02109863985362
300.0203072518886
300.04771610248912
300.0404541063931
300.04969268705759
299.99661357310589
299.97294666537613
299.96998114611358
299.93286753999075
299.97212053548117
299.94830980148697
299.95419377343637
299.95811336076667
299.97336870601134
299.97639321709033
299.98883711026275
299.99429752157062
300.00347181834508
299.98833088194402
299.97567765251353
299.99239220336705
300.02839470374005
299.92992184391073
300.06676013989647
300.02088888125485
300.00455618201647
299.99861199999839
300.00376838298894
299.99703002276397
299.91080919084158
300.03209768113152
300.01801072488286
300.03623296023989
300.04935838578984
300.04989207717887
300.04877735317484
300.0346608332033
300.00301807195876
299.98566156800052
299.99298901141549
299.99199428959599
300.18983599549415
299.99936566261323
299.98801796258039
300.00179369606775
300.01557765120964
300.01621304157726
300.03522802291468
300.0281405306485
300.02258036577729
300.02886326965984
300.0057004588769
300.01610830961437
300.03345034704665
299.9947585190618
299.98265436194572
300.0312235132896
300.02191166267545
300.00539166131443
299.81229795933569
299.89059876883709
300.08646495011305
300.05304471620735
299.99595345193103
300.0224947207156
300.05299077818495
300.05586518387503
300.00974689765934
300.04047815178018
300.01527341310282
299.99276104367055
300.03218239387962
300.00270248907538
299.81762514140451
299.99633461643765
299.99090220309472
299.99989594024862
300.0046608451355
300.01391843977063
300.01569839645072
300.01142050481531
299.98816819213891
300.09661853726857
299.912155392123
300.10480410975202
300.06302041130203
300.03453905278946
299.99378436238084
300.00966090261755
300.00444159905328
299.9981989582601
300.20182096458882
300.13964829431637
299.98395420675371
299.98968746914892
299.99963149457295
299.99608617771463
300.01845573994257
300.04260704327635
300.00544399896216
300.02766938450782
300.01472414569156
300.21046133982497
299.8858672703023
300.01288745285348
300.00596755098326
299.99163693630561
299.99414544502736
300.06319078549825
300.0430460694073
300.0208319539538
300.01273336343093
300.01241924421191
300.01338514119266
300.0262396008784
300.01766374027807
299.98466509724778
300.03886062671842
300.06026519936137
300.00944811682666
299.99202614068156
299.98270355095718
299.98093626643936
299.98864852353415
300.0013051088971
299.95301696416044
299.94122911982242
300.01245910702755
300.0076880823687
300.01749408493708
300.02365780285459
300.00452203094807
300.02122927426757
300.02097026063836
300.11906217138829
299.97619637657021
299.99400522247265
299.98217288939986
300.02572677620435
299.93524336510058
299.9676995299979
300.02602166352278
300.01682922885624
300.01041105534347
300.02158472848896
300.03021903399684
300.04399576201115
300.10056760856423
300.01798838555288
300.01785670152537
300.02175011600912
299.99639636032606
299.9931579756506
299.982048345279
299.97337343319975
299.97185576333135
299.97707205681809
299.98970059389165
300.01242955606648
300.00209646731042
300.03164515041061
300.05987018051457
300.05482947681338
300.01983813764986
300.0250935025731
300.00685402535265
299.8925013027872
300.00343382395278
300.07499952412394
299.92116928232934
300.01156551372037
300.01548578355494
300.06178999906876
300.07459235635645
300.03316041407788
300.01605082340279
300.01458154093706
300.03462461710882
300.02013783568185
299.94492157096659
300.00474837745861
300.00834169238129
299.99932574051945
299.98233374328788
299.98959540794232
299.98655181280134
299.99976271740269
300.04818467884513
300.023302877947
299.87819468043523
299.995543814104
300.02227871825517
300.01660874390899
300.03067529214667
300.06550423849865
299.99831683994364
300.01501731469983
300.00725934853028
300.01012313397524
299.99388618556509
300.00170572361736
299.98884053942101
300.13227373921274
300.05889404686116
300.0558785788362
300.0397592283781
300.04553176539912
300.02388895164393
300.01598940487622
300.03047997686565
300.03851473168532
300.01851914464476
300.01424179836761
300.00372893409383
299.99474607238847
300.00152627860035
300.00545201863986
300.020815320917
300.05103365382337
300.17229928243427
300.01770249454989
299.96844292061894
299.97147477488318
300.00195179894877
300.01150254765366
299.97544297013599
299.99885568439083
300.00440134609408
300.0090886512466
300.01127849261371
300.01570223425841
300.00910872167191
300.00594509800635
299.99407267889876
299.93774799290804
300.07374025036682
300.04353227027337
299.99024247740465
300.11971649002624
299.84904966629927
300.00593921398286
299.99397822638548
299.99081944267664
300.01968749576832
300.0198939307536
300.00551294837908
299.99366233937639
299.99710525020055
300.00144665816083
300.02507807439918
300.01923350112344
300.18296609683972
299.92562810581387
300.1917321207485
299.78460250380778
300.00882341308699
300.08527020226296
299.96593636690329
299.95579484154564
299.99442122660901
300.00760635527701
300.00837831704723
300.01495624218546
300.09480600931755
299.97248190693898
299.96143899019268
299.99613901348113
300.03187966508199
300.03812954941014
300.02080359168804
299.88045730860779
299.96032356328413
299.99385420382214
300.00923445184236
300.02072866959435
300.03064599129323
300.03353186668517
300.00918709829426
299.98725849345891
299.9960757276549
300.00004530121129
299.99534848454022
299.96548177923893
300.0253402839752
300.02823892278093
300.00381321068812
299.97055002504914
299.98717162571398
300.01296790208227
299.88715345282776
299.99817029617094
300.00618673652644
300.00139735821421
300.00506608024295
300.01050287061611
300.02867542824987
300.02724430155291
300.02090482324081
300.03733757411408
300.02302921920455
300.03575377772773
299.92893535475025
299.90669594600183
299.92050079576643
300.01543154515252
300.05790147989063
300.15068153882504
300.22880044619728
299.87688253971089
300.02782146556922
299.96418802839463
299.98852268733486
299.98012587004746
300.00113196815988
299.8659236598084
300.03167318230493
300.03023328579036
300.02737412744227
300.00024652520153
299.98945933574424
300.02078406235557
300.13872997556092
300.02205678472166
300.00559609957423
300.0004472987759
300.00683981189604
300.01692839253121
300.01966338930515
300.02307247972431
300.01646412200375
299.92451028987404
300.08371592421173
299.98794750814608
300.0009761134562
299.94199237647859
299.96066547810881
300.041624179785
299.96516795228223
299.86354637518741
299.99902333787156
300.04577701525608
300.0075942257356
299.97683808301986
299.99217714720049
299.98935411694316
300.00765559180854
300.20692453455428
300.02641924047168
300.03940907672057
300.0137265433126
299.98545519210984
299.97331488898135
300.00389367042101
300.02412254404163
300.00688414461132
299.98700466369741
299.99962396388918
300.00000093646742
299.97054957278613
299.95572117031185
299.95643957951046
299.96620452841773
299.98207879466776
299.85849547344617
299.90878980217315
299.81745822964962
299.95351805330142
300.0257320274099
300.02067128465683
299.97844005089564
300.00023845487846
300.01103578765321
300.00103221450013
299.98568149208853
299.98104749210569
299.9815540095359
299.98642805053515
299.96473029485873
299.97865691848705
299.95993804670809
300.00733088377478
299.98471896192501
299.99314502257971
300.01245909267004
299.99754324380632
299.99187707089362
300.0033217573025
299.98029289091517
299.99436417541585
299.80781803963686
300.16220716052612
299.95987515126041
299.95619124184185
299.96499574616075
299.99715423013589
299.99600846571383
299.97557331490054
299.95559813157558
299.99712176154202
300.0176759050533
300.02161729647406
300.19324432957592
300.02822288610884
300.14910350783731
299.89491647849889
299.98446620596843
300.03833677364338
299.90842918742516
299.95871175013218
299.96374257038542
299.95604833262433
300.01144149213928
299.97967161895355
299.97975385153029
299.98296504650739
299.98128683511806
299.97057422348712
299.93550440939822
300.03103996196393
300.00340347355882
299.98231598235924
299.977618406624
299.9751720375877
299.98403260121563
299.98176766316499
299.97828926837946
299.96487542319682
300.02386056629842
300.02841628325183
300.12023157441621
300.20299253711852
299.81671586917525
300.05418682815764
299.83946315748761
300.00472064439424
299.99227393914526
299.98746088372332
299.98391884525557
299.97177239489162
299.94670056212755
299.9555215110982
299.9568307824494
299.9352441041292
299.97270251318332
299.96998600972898
299.95752341203797
299.96431950397368
299.97768816435922
299.97136695991151
299.96269232653651
299.94177741013823
300.03242986896799
299.98273619403636
299.97681673725731
299.98635552787704
299.77381385986882
300.18373251890915
299.99088887028
299.97582363184188
299.97105071199491
300.069980058841
299.94215860749057
300.01390591010767
299.99999700621373
300.03797853345355
300.02395679960864
299.9212702465922
299.9766138661264
300.01281561624279
299.99504254610872
299.95452894929463
299.93992243848686
299.95637395905243
299.96083078848909
299.90607435211871
299.93155564172514
299.93993658842521
299.95186187065002
299.95661088484928
299.96565435954091
299.96778897354181
299.98240839585162
299.96812011449612
299.97278018114019
299.98265396856681
300.02045698350986
299.99212599450857
299.9953485545339
299.99420784792613
299.98082515616039
299.98383415797065
299.98021052101694
299.91930883723148
299.89431918433053
300.04870402380828
299.94490369810717
300.00434067461521
300.00341000088912
300.01477176828661
300.01645378233053
300.04165856764922
299.99754374482433
299.96227847531725
299.94330712484845
299.92578498692518
299.95301376169459
299.92797488203456
299.93651805635704
299.93857208243628
300.00457166379454
299.98047889995087
299.99223531324185
299.99688342789432
299.99943635094803
299.99073737431775
300.00044387887323
299.80593926428423
300.20229759935438
299.99726973512236
300.00466427539112
300.00800603697724
300.00388501960384
300.01202020847649
300.01822832211968
300.01170851344153
299.99493390408378
300.03947707530119
300.05190962343306
300.03527430489794
300.0360866597311
300.12170831733147
299.96014046898983
300.04884443705441
299.98838528498004
299.95636215867847
300.01920284132513
299.90105337307972
299.94196772439147
299.98170056290309
299.96568677765276
299.99304963615845
300.05769502384368
300.0274053136971
300.09650188994192
300.03102326017319
300.02424019847427
300.01920704305422
300.01426634057083
300.01089899373471
300.01695666325321
300.00378303604271
299.99437400025636
300.01565961621031
300.01260950112328
300.01493064218715
300.01499603577525
300.0050577958072
299.98682238811472
300.03757340797119
300.17277343594014
299.93579062345304
300.04410551485881
300.05638294122525
300.02951332171858
300.03338100512076
300.0057838377441
299.98583191052376
300.00082388900711
299.96173139168025
299.99780372442683
300.15394868299262
299.98941951155518
300.08502761015183
299.97465200780113
299.99420979353482
299.9472696015157
300.01093633481315
300.02718720274072
300.04974799676734
300.02130075288602
300.01355055601749
300.02391089640247
300.01520325982557
299.99769921027041
300.00643455242681
300.0059625765445
300.01332651527986
300.01503782362022
300.01669376333837
300.00584235994143
300.03217540568704
300.04668892951992
300.0201544501785
300.05036604505733
300.06238244306269
300.04148897634849
300.15006288175408
299.96767697844291
299.9288546355387
300.01286280331033
299.99968471207313
300.01038140376124
299.93979458618344
299.94313098663798
299.92038236457239
300.02092791421433
299.99920141485705
299.98917967412484
300.0177035038522
300.02930452336818
300.03052518751196
300.02677692082824
300.0065917634451
300.01742587703268
300.02128643162951
299.99563602081543
299.99154419062199
299.99350189186407
300.01107798756817
300.01827420530418
299.99967478855382
299.97122441483975
299.98433424124835
300.03009861393383
299.99731786517242
300.02166959555228
300.04236790335756
300.03157248056471
300.04123065869726
300.0158098945584
299.99691173620766
300.02300981617162
300.01174568052033
300.06387078438195
299.91817751259163
299.9936994366937
300.0231368808715
300.04433538481823
300.00272679362217
300.00494590204767
300.13249992255214
300.04305885072108
300.21980669368133
300.03837914595164
300.0187842731151
300.01347507548797
300.0079492059063
299.99207037791103
299.99074829042127
299.99202448914178
300.00270213808273
300.01262174269527
299.98649348344952
299.93523848139972
299.90590776675174
299.99178905948054
300.02780323974315
300.03237157397734
300.01859974486194
300.02557618014021
300.04347533811983
300.01551904167104
299.99449683472056
299.99939562850648
300.02361309933099
299.98765900713556
299.9818196736444
300.0014786951707
300.03988553916031
300.09585910661508
300.01744254752674
300.0034927230401
299.90600189665571
300.06128573290374
299.8415682048601
300.01326628354673
300.01313426188523
300.00869894364592
300.00155459633271
299.99667551546395
299.99937831430276
299.99688785548977
300.00902941107654
300.02462581742952
300.21716709521564
299.78732039347892
300.02379974416999
299.9908762046968
300.02410525035435
300.06730661830727
300.02640138914279
300.02752526850986
300.09139071319436
300.05907609470546
299.90896741797542
300.08631283356067
299.89877985157278
299.99232146979665
300.01338562390879
300.10166849662829
300.10967445046936
299.99728966793663
299.99372956062518
300.01485405431202
300.00000755881854
299.97215122107116
300.01463726544773
300.0202471336334
300.01517455551664
300.00518287931959
300.00129761070929
300.00338291578635
300.01485872399178
300.02449339943047
300.03955036787477
300.0773608837099
300.0411532495969
299.91350816155051
299.9790689948727
300.00269143548206
299.8148343521608
300.02822282034759
300.03265824123463
300.01743315977109
300.02001348734757
300.01273088590841
300.01798966284213
300.01870485534926
299.99933928105435
300.00364921842487
300.23493247789503
300.02203151984224
300.01674300828785
299.99179756445187
300.07978163435678
299.90979825536772
299.99869294901498
300.05591129181767
300.11299846524696
300.00811555914316
300.01484878818644
300.00342887410062
299.99793033512589
300.00172005623045
300.01968187571276
300.04495793112574
300.03352881309297
300.1093989429861
299.99400060085947
299.96362270216036
299.96286895053606
299.97645964735864
300.16482724120095
299.99521415892173
300.01866068024839
300.00960599824111
300.0119116621629
300.00989438335586
300.00230291668981
299.97904594428638
299.99517606082992
300.0199315889609
299.90194875558296
300.06172816805235
300.03074501060331
299.99395702324369
300.10842120565195
299.76174073217356
299.97036703641578
300.00745095897594
299.81267286434036
300.01682328196705
300.01705099177019
300.00308424321815
299.99500989966617
299.99807017386473
300.00209329969624
300.00922258663905
299.97579718903023
300.0475010248133
300.03444156667774
299.9898058963696
299.96976035012813
299.98251643453477
300.03648461220445
300.01564511903581
300.12664875985979
299.93011353869082
300.05397274055133
299.974985220652
299.95577262454111
299.98444874068434
299.99493298912807
299.99417885642953
300.0191985835001
300.04030045598785
300.03220424729955
299.9379583681303
299.92512172242795
299.92843674845869
299.97874481931984
300.02097389851224
300.026612521267
300.01503370133361
300.02252683184832
300.00557117122338
299.99050943359453
299.99101836573914
299.98242438061158
300.01147953250074
300.08805678879889
300.06045722697814
300.06525105103168
300.03121268888771
299.99001383694139
299.9477124652974
299.99852278382821
300.00296779140785
300.01647988714222
300.00836790263907
300.00398957495713
299.99756286373093
299.98581532526867
299.99309430567354
300.00811529468507
299.99767994248782
299.95481979412961
300.12444642884356
299.93371429465117
299.92611085655108
299.94848450435882
299.93883715651435
300.0197277874725
300.02147009149445
300.03017126171028
299.9919871666936
300.00340197248494
299.99874369203457
299.99427473493427
299.98542828624556
299.98031161908796
299.98182194820652
300.02956185364354
300.05084891561012
300.05890830478188
300.04128582444986
300.01984170063207
299.96977199275636
299.9975535697078
300.02098975793115
300.01209486383476
300.00660517122429
299.99771185397105
299.99559870116656
299.99283257535433
300.19000693656534
300.01250171816423
299.99757907330155
299.97559844407374
300.22702808258742
300.13076867187783
299.8282039720724
299.92377483890726
300.00582925844589
300.03943638690151
300.00877416724796
300.04002406415105
300.00983782110416
300.00654425718824
299.99100575113948
299.98140367313789
299.97131116854797
300.07098993740669
299.82770299885419
299.97368429712219
300.01833594553671
300.03819155518028
300.02534088171927
299.98131557809228
299.9702218590441
299.99413905289998
300.01463550471709
300.00894139123085
300.00277031169725
299.99554607844681
299.99208494313939
299.97792075827715
299.77470779910425
299.96800312685934
299.98028026897015
300.00447791610793
299.81093484409917
299.89843328142405
299.92124366380637
299.96248632186308
300.02820644514878
300.04501431395124
299.98194188929637
299.9891331301838
300.01752938229771
300.03564272243631
299.9868172024913
299.93881990546157
299.95918419772892
299.95164889296569
299.96161254279207
299.97591664386562
299.99539879168049
299.9967068084394
299.98874083532047
299.96992969938742
299.97848012618812
299.98848660926933
299.99818435444558
300.00076898506074
299.99528941568281
299.99170841752601
299.98988973018572
299.97494253028566
299.95788389724595
299.96111186897133
299.9932129375959
300.11432906859795
299.99920125287855
299.96200213265183
299.96849539907458
299.97712722679904
300.02724434144005
300.00868751820343
300.00735980887862
299.99242288913064
299.98847836542228
300.05276587337664
299.98649000394761
299.91094143038475
299.96404666689898
299.93689102266501
299.93923080487014
299.95290562151638
299.95750822923412
299.96379224509678
299.96762542265526
299.96064016128122
299.96779432988438
299.97669481573291
299.98142603881934
300.00065956473821
299.99735141321236
299.98709757098879
299.98415968753523
299.97859895018286
299.96908861956103
299.97271245905682
299.98902097499109
299.86960291619522
299.9839897258878
299.98328582706694
299.96896060973597
299.9856096063582
300.25430352700749
299.74901799525588
300.01194640327822
300.00040149840277
299.98276077400152
300.02455648803129
299.98999944841808
299.94783109887567
299.96528736082593
299.93632165837886
299.94279707622866
299.94098315175148
299.93288518768219
299.94352810754731
299.95461082972946
299.94837067400891
299.95568023275496
299.97260552927031
299.98027236059886
299.97727961043262
299.99745553987572
299.98032307272194
299.99118761559981
299.99194030118304
299.97391442936828
299.96771099164266
299.93651345178284
299.96332448335659
299.97645041973959
299.99205350615534
299.97142838718241
300.01689821299311
300.02707523474578
300.01308276000356
300.0195727521409
300.08233178693808
299.97382879474299
300.05572711818866
299.99060372758481
299.93037772545074
299.99465761296733
299.90687561477114
299.92915237621338
299.94882581036211
299.94217299892335
299.95107928646144
299.96085514953143
299.94947885334034
299.95645419363859
299.97272141611364
299.98551020644095
299.97976310849162
299.98636540045419
299.87524132125714
300.11535261304374
300.00656229688849
299.9884448027716
299.984232624171
299.97367406096384
299.98945142060529
299.99577340479453
299.98898304571071
299.99503347249987
300.03994608478484
300.05211313184503
300.03524286068341
300.03600199813911
300.12164077681518
299.96007557529919
300.04882457165149
299.98840933198449
299.95640396372352
300.01924829870393
299.9010855228363
299.94197482907447
299.98169861657345
299.96567547278329
299.99303221082891
300.0045624709719
299.98055768400934
299.9923458107998
299.99700364973421
299.99951268084624
299.99073955894414
300.00037935764846
299.80587369484391
300.20225030508431
299.99724711376314
300.00465199971995
300.00801674652172
300.00391038384743
300.01206193566514
300.01812816506998
300.01148198850768
299.986905181932
300.03796812715063
300.17290625920901
299.93577791807246
300.04407107919269
300.05633030239602
300.02925923405883
300.03354222236186
300.00581853483027
299.98589022171046
300.00088336063754
299.96178608924112
299.99783814083656
300.15397347905696
299.98942401270614
300.08499813851557
300.05763086228166
300.02736248841694
300.09651193652684
300.03108617921191
300.02430020305576
300.01920521770694
300.01421474904549
300.0108429158069
300.01690790872004
300.00374876883222
299.99435063765355
300.01569116672761
300.01271344222073
300.01513181976594
300.01505046995106
300.0047920118879
300.005730915735
300.03220124100091
300.04643276254808
300.01995304750852
300.05035245748621
300.06260725896288
300.04369129711688
300.1497609275732
299.96769965277929
299.9288969970832
300.01291783415553
299.999723109027
300.01038380240453
299.93979213244762
299.94311760737133
299.92030549857407
299.9745540260592
299.99410768205973
299.94719858949509
300.01091633054421
300.02718395110162
300.04973327375978
300.02127279077575
300.0135216306183
300.02388416060103
300.01516106740507
299.99765128219059
300.00643674958246
300.00607477776208
300.0136578827599
300.01518747288878
300.01655723344408
299.97071722971145
299.98362746682068
300.02947515682712
299.99694645226873
300.02140678265744
300.04481265000192
300.04056767774142
300.03128204548125
300.01314804799318
299.99699613292569
300.02306431073868
300.01175794341646
300.06385097270476
299.91815476948886
299.99368816478739
300.02294195813948
300.02080584823619
299.99901611327806
299.98899878768697
300.01758508644599
300.02924447843651
300.03048431014741
300.02675428511236
300.00659056359194
300.01742239189304
300.02124767508968
299.99556245811482
299.99151138444029
299.99356569976931
300.01144642290666
300.01867862889839
299.99974195154226
299.93466671350029
299.90515184325056
299.99122146061183
300.02762358862429
300.03242152653871
300.01904530019181
300.02741968414557
300.04123699428766
300.01496919488858
299.99445803015402
299.99937100274434
300.02360246478355
299.98762685700262
299.98178770844237
300.00155302859707
300.04030478200451
300.04420828498905
300.00239111049575
300.00470177497363
300.13233906781034
300.04292844297635
300.21971618499992
300.03834369547519
300.01879245455495
300.01349406419695
300.00792967968766
299.99199407685268
299.99066938631114
299.99204244236324
300.00296610880218
300.01300651553117
299.98652368889026
299.78700135466414
300.02333731072042
299.9905581195726
300.02400020284063
300.06738159877614
300.02654948242957
300.02761050486873
300.09134634925562
300.05890739106712
299.90882960346602
300.08625192273308
299.89877376114566
299.99233021162632
300.01342786709637
300.10182114472894
300.10973359439078
300.09545778446994
300.01693811128553
300.00350391897433
299.90604278599614
300.06123486380687
299.8414410401441
300.01320563598603
300.01313830723842
300.00874047121607
300.00155878257499
299.99664388420547
299.99933476471915
299.99688963368567
300.00915061885394
300.02477855633623
300.21715789963275
299.91341396542987
299.97888437256324
300.00257651019115
299.81479270809871
300.02828104938658
300.03277901860122
300.01753015188098
300.02001571188589
300.01264188253964
300.01787095989874
300.01864475611808
299.99934651095498
300.00369824520487
300.2350903392487
300.02226694457318
300.01664317701977
299.99650488222971
299.99302820383679
300.01544386359518
300.00075959314552
299.97237210989164
300.01445145329654
300.02013776149897
300.01518950744662
300.00526111728777
300.00132825125911
300.00342155149997
300.01488294468845
300.0244305850365
300.03942752350065
300.0772797312452
300.04110914822121
299.96365684946511
299.96290918838224
299.97646373837915
300.16481762703819
299.99521619749686
300.01870076501103
300.00966782001069
300.01194430272818
300.00985246539199
300.00224646337966
299.97901855233425
299.99518083713531
300.01998843008306
299.90214535786316
300.06205329553126
300.03077368292782
299.99090166713637
300.07921325811827
299.91080336862825
299.99980928703229
300.05610577473374
300.11271297333406
300.0078775189902
300.01485426619928
300.00354094710349
299.99799559864687
300.00180820016919
300.01970781178221
300.0447603450333
300.03328641107095
300.109129867489
299.99392823422204
299.98991689750454
299.96985822828253
299.98255314285842
300.03648514785084
300.01563700674973
300.12664078524699
299.930106555142
300.05397337400149
299.97496166905569
299.95574854786503
299.98442904937019
299.99494209746587
299.99421286338992
300.01935496236865
300.04058078719095
300.03237907486209
299.99340741533098
300.10816568122192
299.76255837213665
299.97102987078091
300.00721347722401
299.81231233485863
300.01656117470594
300.0170009999232
300.00318293529949
299.99509161504358
299.99816586885788
300.00219096557214
300.00927975916994
299.97570803412032
300.04742771866023
300.03447266900508
300.03123900533217
299.99013751352555
299.94779177921538
299.99854010354255
300.00296018832552
300.01645342040359
300.00832782472224
300.00393310153009
299.99749413713874
299.98577853914395
299.99308175054085
300.00814125749139
299.9977276523781
299.95489306190206
300.12453294083434
299.93365051445471
299.93761773158576
299.92478444337024
299.92850953406906
299.97876542532038
300.02042973922437
300.02627518338949
300.01476598654381
300.02245074165847
300.00562481363136
299.99060002056109
299.99112955624486
299.98255937687389
300.01162948607316
300.08816973794774
300.06053555366611
300.06530255006265
300.04114585506642
300.01992198847915
299.96990703950303
299.99760469857898
300.02099096983795
300.01207483540509
300.0065655541618
299.99764927582902
299.9955398538188
299.99278541111903
300.18999929832916
300.01253715733645
299.99763877394764
299.9756458122767
300.2270324222975
300.13052753481992
299.92568243608571
299.94801584072007
299.9385292706869
300.01935161930555
300.02086998368873
300.02961273712117
299.99156551212724
300.00323777730301
299.99877077798288
299.99436746229526
299.98555752107734
299.98047908138648
299.98210823423665
300.02996026966872
300.05095102326879
300.05878084261201
300.02579478493243
299.98011110737627
299.96990221457588
299.9942789453101
300.01464358389865
300.00894012284294
300.00275686199967
299.9955083971451
299.99203112136041
299.97787619478117
299.77470807026759
299.96803926869165
299.98036221628774
300.0045629647725
299.81101494128308
299.89837098457451
299.82797663107874
299.92340552794099
300.00560394774794
300.03922436120399
300.00848802400708
300.03969239430108
300.00963512257442
300.00652955477273
299.9910669784889
299.98150132026473
299.97141343553375
300.07117580455929
299.82818845181265
299.97445246301851
300.01861038301871
300.03767313619085
299.99090473799509
299.96714247174987
299.97729066434738
299.9886305579235
299.99820665069035
300.00077325989429
299.99528286635535
299.99168601285595
299.98983730815826
299.97490672007041
299.9579014696975
299.9611494627444
299.99329465286871
300.11440594764866
299.99928290026929
299.96203354122702
299.92118541892705
299.96242438639445
300.0281906687735
300.04496312625184
299.98196085337833
299.98913259141545
300.01758390145795
300.03574421882968
299.98692891152461
299.93886310143614
299.95922805559746
299.95179785445407
299.9621167670399
299.976661705607
299.99560608345035
299.99650793238845
299.96790954139578
299.959633626205
299.96736658979478
299.97669376612788
299.9814064932786
300.00065687310746
299.99735344931537
299.98708387667443
299.98411540361894
299.9785773480437
299.9691299418605
299.97278732179757
299.98911427822662
299.86967505154962
299.98404729327041
299.9833497326012
299.96855154098944
299.97719120229561
300.02733426389847
300.00881468600693
300.00753393184459
299.99264383629628
299.98869947473509
300.05294069439969
299.98660342086936
299.91093536856511
299.96398850221124
299.93693902113347
299.93955503565763
299.95342674117569
299.95775262252494
299.96364536606399
299.95444710119489
299.94820256216929
299.95553944496459
299.97252158005898
299.98024207563213
299.97727311593474
299.99747095521667
299.98032639397752
299.99116366455542
299.99191898096433
299.97394678875492
299.96780362894754
299.93662477604107
299.96341885423976
299.97652258410119
299.99212508851497
299.96901957363144
299.98570051247503
300.2544257889528
299.74918235808195
300.01214285920145
300.00062727564824
299.98297103309835
300.02470963615292
299.99007937950182
299.9478047256402
299.96522804920977
299.93633491847504
299.94301430865573
299.94130865014495
299.93306944622583
299.94349626661653
299.96073548028249
299.94930617005645
299.95629411078573
299.97261852870878
299.98547002012373
299.97975973189682
299.9864116840011
299.87528374805419
300.11536831240875
300.00655468006443
299.98846023188895
299.98428468465818
299.97374697060121
299.9895445224891
299.99590777428745
299.98909961621268
299.97141781464353
300.01679924991976
300.02708282932537
300.01319006164499
300.01969565281485
300.08245155602509
299.97392922686396
300.05580451717583
299.99063060456609
299.93035984733041
299.99462576837141
299.9068651916337
299.92923104063721
299.94897333231046
299.94228436619301
299.95107853011785
300.00305873922014
299.95809356646294
299.94629425892288
299.97296544195524
299.99926580927968
300.0004264323515
300.0060237277483
300.00174828471017
300.00322382837851
300.0011979474848
299.9963646060292
299.99951593854388
300.01364072734771
300.04325082978158
300.03219476714872
300.02982739763723
299.99189820883004
300.00049492253117
300.05413052969271
300.09050627091983
300.02028082128345
300.02970787469667
300.00949565705702
300.01725479957872
299.99560350963139
299.98715725389917
300.00814078158106
300.00163579651593
299.85899965902519
299.97240086331459
299.99458573218078
300.01189365507622
300.03305083083649
299.98657951256939
299.99365371121064
299.99837742116534
300.01755107164036
300.01597288353781
300.01501455990143
300.00707006131148
300.00435607618903
300.0033280080749
299.99828131540659
300.00515516884235
300.02143475488162
300.05216174056795
300.03068471674379
300.02867002127221
299.99246626852613
300.00252918082373
300.05850355521886
300.29677619508368
299.84531737080209
300.0141868176467
300.01979435718727
300.01371305135672
300.00322843778338
300.00630629872006
300.01769288960958
299.94661384257824
299.95557438749074
300.02626332331681
300.01952135622741
300.04021320276638
300.02120630736817
299.99810130467779
299.99427362684128
300.00408858782919
300.02668272166324
300.02972859104972
300.02417537581118
300.01003696812927
300.00519975292292
300.00395582345135
300.00003279682437
300.00622359858585
300.02468327985207
300.05102406938198
300.03462991165645
300.02632647761095
299.99019684494885
299.99797360546034
300.03066870789269
300.04491026429008
300.05663983431594
300.24248084755232
299.84957615619868
300.02765586117982
300.0121146630608
300.00595766138952
300.02124052220046
299.97161092556291
299.97743678258581
300.03718974930234
300.03627393402212
300.02836453782305
300.04592404821165
299.97751065859438
299.96008703888805
299.98632268729176
300.02153194743403
300.02736997992957
300.0261706737835
300.01278293241575
300.0059496358989
300.00352949701744
299.99794239018433
300.00194518263169
300.02531725816272
300.05216950116539
300.04194831536529
300.21300823235708
299.78037266691427
299.98135543813328
300.01446422945816
300.01319457348319
300.03622668816922
300.04500162660122
300.04130493468585
300.04843522337643
300.01659566169195
299.98248983628315
300.00347225109681
299.98749720081463
299.99237848559409
299.99557519301692
300.05540320118388
300.05448207697617
300.06122591559654
299.98523760146105
299.9832112742576
300.00243878431058
300.01705981594637
300.02259572055021
300.01996371231729
300.01327900303517
300.00698454167343
300.00542902588484
299.99774571004144
300.00800034539378
300.03306512964656
300.04590045592835
300.1682533846519
299.96175918780591
299.86996509530809
299.94512448192609
299.98910431405562
300.01779866484941
300.0267949716407
300.02436914085939
300.03859723558429
300.07621128178386
300.02920590338039
299.93203653025978
299.98966411451886
300.00958632374159
300.01637946258131
300.03247293972771
300.02614084831373
300.06443664236167
300.144129704428
300.00948692551503
300.00451820490582
300.00046049140724
300.01361224755146
300.02743865124415
300.00997554446735
300.00755505921938
300.00900759061278
300.01575713571464
299.99652140604337
300.01385557446952
300.03976034137077
300.05048756328239
300.03388960627365
300.02373194758934
299.90043173580199
299.96000801062127
299.97393310301487
300.00189678150224
300.02787544983704
300.01967348099726
300.02266756152983
300.03370651084435
300.00968505064264
299.9960970293609
300.01312239708693
300.01211597087939
300.02778387029525
300.00519356003531
300.06971601384424
300.21673597589768
300.00457637287258
299.93739329276661
300.01721018297462
300.00773514052332
299.98376375011532
300.03522218231694
300.01722720528937
300.00108876406284
300.00651327789438
300.01677692449863
300.00092376596609
300.01592843835505
300.05772805407946
300.04508582077614
300.03478454640452
299.97240762661204
299.86724306667168
299.93949921482226
299.98062423333567
299.9910544825521
300.0102015300377
300.0141720023542
300.01450657032512
300.0124496737692
300.00865429265059
300.023637534947
300.05202619240413
300.01776561396969
300.00788834277046
300.04068540725461
300.09828744864359
299.95486936516551
299.98514845726419
299.98146790597269
299.98471178483908
299.96204544728448
299.98705337509557
299.98038623473633
300.00783019134212
300.00881490476377
300.00159121080486
299.99988059982019
300.00185403915913
300.03197745972381
300.23300595895518
299.90865389934169
300.01200728378575
300.02634403750312
299.99837283210167
299.96994295006209
299.9743697642707
299.9801681111951
299.99680956105317
300.00772382589867
300.00718920521825
300.00536216398922
300.00877878856085
300.00565943190071
299.97823511868677
299.99988875396735
300.01281499639174
300.04327452515685
300.01493758459162
300.01983883319298
299.98862881460065
299.97310428096625
300.00511419340125
299.88143958973131
299.98121816502317
300.00121595155292
300.01033787049045
300.00887949346202
299.99922132064501
299.99509585971248
299.99702538752371
300.00930898602098
300.03890729402815
300.02658081578068
300.04256646936744
299.814806115007
299.89362340090327
299.79101469528854
299.97236660531928
299.99231619736474
300.00155438183168
300.01251901553684
300.0045946992679
300.00034174804182
300.01090332354107
299.99737878404784
299.99108328182473
300.00439252152307
300.01730778503895
300.02515657954979
300.02155474192676
300.02796665857761
299.9298662501933
299.95449968281036
300.1040065769285
299.98299448063227
300.00070756497439
300.00075850259384
300.00566068083288
300.00465106255672
299.9978717039964
299.99473091421913
299.99166977889337
299.99212368220316
300.00956426577534
300.04261749589369
300.06464306072286
300.31058704624655
300.35439459619738
300.0373256909408
299.91456493263235
299.97112690506208
299.99820893784829
299.99975938050579
300.00434949752474
300.00046590658144
299.99841962222126
299.98646411047662
299.98455500810752
300.01264739704334
300.02667050574934
300.01548131990944
300.03159395841914
300.01884507344062
299.91587604343357
300.03269319128384
299.79664792494481
300.09828552485209
300.03323823746405
300.02372113608288
300.00864730312344
299.99977521256983
299.99512295749264
299.99512260885763
299.97338866040224
299.97574380867923
299.9901975671051
300.02322263377459
300.0500958588301
300.06335478924149
300.04257853729001
300.02561803314683
299.90816685853986
299.97482000520142
300.00441118263291
299.98187812850688
299.99773407139634
299.99936544142145
299.99401374841165
299.9878866844677
299.99213086635393
300.00894677243667
299.97325688471
299.98975098096633
300.06580859378965
300.04468305070236
299.82833005985395
299.79871489914581
299.94464543136917
299.91018116790508
300.00694962304749
300.01813806178222
300.01734433175528
300.00284977549774
299.99512738390291
300.00166396756151
299.94463878155568
299.95231500193108
299.95745384918365
299.99915037717761
300.03344689048168
300.03896851199232
300.01169515061537
299.95761172987972
299.95612487202828
299.96045402387017
299.99178361420752
299.99569599575608
300.00231650743956
299.99801467859959
299.99152776729534
299.98543337387332
299.98371298363196
300.00325195963899
300.00628961391641
300.01461783041992
300.09978739758805
299.98098903471265
299.79210244098215
299.91724424786571
299.9819276855942
300.02544828017272
300.01736566731347
299.98607020104578
300.1940997696056
299.85435019352047
299.99844098234979
299.93682965974057
300.02460455375694
299.88020692415563
299.94466822226138
299.98107799658032
300.00773457759368
300.01241210395949
299.99115664274683
299.93674814768264
299.93833270669677
299.95846848703496
299.99148517423856
299.99908736224864
300.00066844176496
299.99584797106854
299.99132211356044
299.98045914711207
299.96618931841698
299.97528783744275
300.03042713467784
300.0205113403066
299.96322193441466
300.06884176595338
299.93072687874269
299.94314283557316
299.9777662802307
299.97133893783126
300.01651462766552
300.00522950595609
299.99722838572973
300.06415484433285
300.008688534898
299.89915011473306
299.98812897892071
299.9862422157363
299.86301969061196
299.9573733533071
299.9829998495739
299.98977871177061
299.97729939797892
299.94001108283055
299.92554422280068
299.95710277924888
299.99174152379214
299.99741993202633
299.99947315514879
299.99515783665566
299.99221338128768
299.9831779706056
299.96777515876232
299.96237371382108
299.96130307141141
299.9942856404956
299.98376568701235
299.98325569370826
299.95737665002957
299.95642110276407
299.99677744366574
300.02331377190916
300.06679223521564
300.01599287705028
299.94319625886624
300.00693106805619
299.99018607086526
299.96399876943252
299.97519590061341
299.94402654533616
299.91999450415193
299.96184705271048
299.96931596632015
299.97906549006666
299.96471562033184
299.94393277029621
299.91915107659202
299.9565692939085
299.98939344395546
299.99337174527062
299.99893299309269
299.99422420042748
299.99541941783684
299.98981599866448
299.97585327532011
299.97040252582912
299.96771013526632
300.00927950028762
299.99266111769202
299.99787754842959
299.97708565960255
299.98252043341358
300.03448948802975
300.08034341282837
300.00964390051348
300.0242291239316
299.9952087154586
300.01480604620212
299.99323078668215
299.97824779359843
300.00112158584363
299.99615929388534
299.85368215963825
299.95635668152505
299.97568461369247
299.98710736940717
299.97587391034619
299.94098131946811
299.92710219322021
299.9596999594641
299.99051788811454
299.99482449501494
299.99997391602136
299.99132500218911
300.005595491034
299.99847025106163
299.986658820527
299.98626491856959
299.99353099216762
300.02513832027074
300.01541292610364
300.01610828145107
299.99187577828434
300.00042321857825
300.05411119537661
300.09050118077351
300.0202589475806
300.02968815347901
300.00949562097992
300.01735118160695
299.99568147991982
299.98716611362676
300.0081541558767
300.00165685771918
299.85901031053328
299.97242317581066
299.99459720672127
300.01189948149704
300.00311672820169
299.95816718525623
299.94638408367382
299.97307046706243
299.999333670282
300.00043570398577
300.00598588744407
300.00170669945408
300.00320664819589
300.0011845620129
299.99633409387974
299.99947248077109
300.01360482381392
300.04331151791342
300.03228674291142
300.02987195751933
299.99238124391536
300.00233507720174
300.05841120777603
300.2967682587564
299.84530769106175
300.01370362000222
300.01964049573888
300.01329838882293
300.00330325318998
300.00632921020969
300.01773240581133
299.94665100064094
299.95561944507597
300.0263126895922
300.01956859291823
300.04021575957677
300.03300215067753
299.98652928618992
299.99364996951869
299.99841944245514
300.01759898237469
300.0159856439339
300.01498177735908
300.00704190821648
300.00434020286548
300.00329812159663
299.99823852707243
300.00509581349769
300.02141905095465
300.0523845366215
300.03092013239689
300.02873577974401
299.98989141279071
299.99751417171183
300.03032832945405
300.04473530312845
300.0565736252737
300.24417322046423
299.85979696537515
300.01927570366234
300.01009395379333
300.00597731609616
300.02131314105475
299.97165677705976
299.97748410969683
300.03724794304071
300.03632761676624
300.0283625697636
300.02114030858365
299.99799767295576
299.99418198993806
300.00404350541669
300.02666120164673
300.02971223204997
300.02415478759997
300.01003433383289
300.00518721352307
300.00392358167704
299.99998005710029
300.00616848705033
300.02465624363504
300.05126341716891
300.03496042915788
300.02640213010227
299.77983254643158
299.98060010652148
300.01389618595022
300.01257548059073
300.0359533834698
300.05619999201571
300.11886069833372
299.97282964719165
300.00630831304056
299.98365595643031
300.00365495598169
299.98753771195589
299.99242361448432
299.99563877225137
300.05546873978381
300.05448543732234
300.04580501296834
299.97730705240656
299.95989341569447
299.98617073516857
300.02145031101117
300.0273294472828
300.02614531501968
300.01278687968323
300.00595851400652
300.00350092780036
299.99787318739732
300.00185394914644
300.02530680057595
300.05237960195848
300.04223083664749
300.21303685042238
299.86946524331626
299.9445232662564
299.98862345068716
300.01755907233456
300.02689706791142
300.02604885481952
300.04801996661394
300.06261842021974
300.02600745902572
299.93316041152463
299.98974846127913
300.00961983498553
300.01641811094225
300.03253012177453
300.0262231407533
300.06441976749358
300.06098480219384
299.98491420616193
299.98296665865166
300.00231617065458
300.01693938380049
300.02251006228568
300.01991419569714
300.01328304356423
300.00700120060645
300.00540973077733
299.99769911263655
300.0079395058433
300.03312304050513
300.04609968119291
300.16847878686434
299.96172510586803
299.90015804101586
299.95964934987308
299.97371875370834
300.00182303956382
300.02788923731407
300.01972261877523
300.02272580118353
300.03233479690005
300.00958043162888
299.99613521251757
300.01312022571477
300.01214069042766
300.02783226241058
300.00527485101765
300.06980038595748
300.21656127503059
300.14353506958173
300.00895579074273
300.00469275780478
300.00081728938477
300.0136920794381
300.02731063632626
300.00989738586173
300.00754455886937
300.00903287005895
300.01578934312835
299.99658109535699
300.01397872801067
300.03985663486407
300.05060366162229
300.03397735210621
300.02367739910716
299.86713625975267
299.9393734773339
299.98054549766573
299.99103375042876
300.01019170062881
300.01413950738993
300.01449584572475
300.01251518032393
300.00863434759464
300.0235943919032
300.0520116904321
300.01778431153411
300.00793497033578
300.04079639549599
300.09839776555424
299.95448857717929
300.00339765456027
299.93644229271666
300.01794549720898
300.00876411550337
299.98426049996311
300.03512278963183
300.01710884703346
300.00107747531968
300.00657245855166
300.01687745790275
300.00112236139654
300.01607029399844
300.05752729618399
300.04501706979295
300.034595974105
299.9722220711281
299.99826299002757
299.96995417523641
299.97436645059605
299.98016868297447
299.99680616780171
300.00771261499915
300.00717935973847
300.00533576152628
300.00873792498419
300.00562586787055
299.97822240428098
299.99989754961979
300.01286600497758
300.04341999080867
300.01511886123308
300.01937344496253
299.98357291831144
299.98041009314272
299.98615184581331
299.96393677481359
299.987581785347
299.98029628480543
300.00762825639151
300.00880104741316
300.00168990226439
300.00001458959895
300.00209592091051
300.03201247568722
300.23234069504099
299.9082901304111
300.01162966256049
300.02602764309796
299.89359174278599
299.79110682181795
299.97241202803309
299.99233349460752
300.00156101139112
300.01251475498236
300.00458961224405
300.00029865575914
300.0108651372546
299.99735898074988
299.99108166522535
300.00440464752711
300.01737510226531
300.02533987261342
300.02170134475404
300.02769020626852
299.98738587162734
299.97249939202078
300.00628798743907
299.88276391370067
299.98134756298174
300.00086520624291
300.01013328637117
300.00886071295196
299.99930925956977
299.99522833287915
299.99723748991454
300.00959639956255
300.03869800053138
300.02631023409418
300.0422338809305
299.8145977265695
300.35428993904327
300.03754013699978
299.9147254503676
299.97120378889559
299.99823677186259
299.99977630480618
300.00436632908037
300.00044709030493
299.99838546838561
299.98645932422704
299.98456782118529
300.01268270316911
300.02675988654499
300.0156764726911
300.03170866732268
300.01848459328465
299.92965800299254
299.95419375355806
300.10428358614882
299.98318429554212
300.00038102075973
300.00034626898849
300.00544564107923
300.00459083783636
299.9979398141474
299.99486809176386
299.99183378697967
299.99235877005873
300.00969693468443
300.04261382268737
300.06452396630465
300.31042819430627
300.04239113537699
300.02579142127678
299.90843838167791
299.97497513465692
300.00444147615582
299.98184989284039
299.99771088069599
299.99933791970022
299.9939972353443
299.98789237695416
299.99215818211047
300.00900265207241
299.97337017158816
299.9899341413427
300.06566126879341
300.04380280277843
299.91640788506965
300.03258829165907
299.79642098416082
300.09795577369385
300.03279296148207
300.02334209836778
300.00844160641753
299.9997307341269
299.99516238489178
299.99520095139445
299.97351497470936
299.97589846759075
299.99038941480768
300.02342758711063
300.04999923043761
300.06303739896151
300.01395534642023
299.95520188999933
299.9553993720798
299.96097704939467
299.99191159522002
299.99570820730025
300.00229843876684
299.99797747178292
299.9915007523154
299.98544423130869
299.98375081957533
300.00333203601463
300.00641554109473
300.01484377451374
300.10001637502154
299.98105208504279
299.8286196266377
299.79861615368719
299.94442020151627
299.9099404262962
300.00670306903322
300.01795722161057
300.01726997907383
300.00286170154823
299.99516750622058
300.001722110733
299.94471727686772
299.95243271974897
299.95775879303545
299.99951340442556
300.03310690939605
300.03848149305747
299.99933928719048
299.93104107491581
299.93572363401273
299.95926449078411
299.99173478412416
299.99908602554444
300.00064669205301
299.99582532436642
299.99128864569383
299.98045146401194
299.96623140553157
299.97536548574891
300.03054698799821
300.02068437810556
299.96346913849499
300.06911127394318
299.79225075882391
299.91721879600192
299.98187237560734
300.02539065608886
300.01732949888179
299.98609373427655
300.19415810841724
299.85442327921214
299.99849964190622
299.93687744929196
300.0246538631481
299.88028698023157
299.94492665771901
299.98127848308803
300.00742213801857
300.01342546173436
299.97977889786137
299.93733949819119
299.92470274287189
299.95748703987783
299.99178366571925
299.99740145441069
299.9994604925667
299.99513412660122
299.99217781225138
299.98316023557652
299.9678062856097
299.96244308376185
299.9613986533588
299.99440991745178
299.98391054301521
299.98344133718393
299.93080015878218
299.94315234057188
299.9777748841442
299.97136651939951
300.01660427682475
300.00536926879363
299.99737484571313
300.06426352175777
300.00875172176717
299.89917618382691
299.98815118980184
299.98629273854613
299.86321427965169
299.95758460827153
299.98287687525175
299.99031061277907
299.96513153398729
299.9437170736847
299.91908217911322
299.95661963715759
299.98936845943001
299.99335559530289
299.99892526927943
299.99421211092232
299.99539404831171
299.98978831849638
299.97587050500999
299.97046661391454
299.96780168592323
300.00938560156067
299.9927536369903
299.99795955466368
299.95741171873397
299.95643930039626
299.99681278223284
300.02338288105693
300.06689184785603
300.01610639140154
299.94331454767848
300.0070111940434
299.99023639405237
299.96402123472956
299.97520150418558
299.94405416947774
299.92010516466098
299.96201095539061
299.96942183083723
299.97908044369535
299.97567843516072
299.94082314848964
299.92703982327578
299.95963197617118
299.99047557034748
299.99481427325293
299.99999035971655
299.99134405335076
300.0055946345293
299.99845516471049
299.98667180416413
299.98630639111201
299.99359670887947
300.02519557185468
300.0154565106011
300.01613302052328
299.97708749446917
299.982524246666
300.03450022705721
300.08037657815515
300.00970371872307
300.02428171145402
299.99526229766656
300.0148387855719
299.99324958581462
299.97825458131945
300.00111844534422
299.99616093179395
299.85371815226085
299.95641482567834
299.97575352259537
299.98708288929009
300.17372384800603
299.76556763143594
299.92940307913989
299.96139958315706
299.99894890281087
300.00984870882854
300.0139089474975
300.00913698412501
299.99973018358827
299.99261530988394
299.98860730695981
299.9958180982153
300.03150625744672
300.07031868598904
300.02940655615242
300.04245642913531
299.97966368842413
299.95392519186493
299.99169500081183
300.04159913191046
300.03248081875961
300.03315350436804
300.02509552978285
300.01244590357766
299.99667821490965
299.98532800340399
299.97802681632248
299.96291774240217
299.95538074030992
299.99837951803948
300.01835668200255
300.02867603714304
300.11946243790209
299.85694995756586
299.94315964441319
299.97928300558539
300.00867613005397
300.01582378740352
300.01725975323916
300.01117465043677
300.00097986414306
299.99687309000416
299.99518287866425
300.00333485870726
300.04283955310751
300.18321168854743
299.93478798996694
300.0417007847451
299.98573397301146
299.96315356813813
299.99583510022768
300.04089601392724
300.04405703508621
300.03862088131791
300.03015530257653
300.0142350443096
300.00012806016235
299.99369768717884
299.98939794521363
299.96402142921124
299.97606549325991
300.01657575738369
300.03480671725305
300.05101450141325
300.1429109171508
299.9295977370773
299.89696925363137
299.97485825922985
300.01103094218104
300.01990446315801
300.02068186064366
300.01235839264007
300.00291908207504
300.00033697983935
300.00044040924149
300.00886810428761
300.04221306065227
300.08507266162269
300.03445273786912
300.04542272908753
299.98668421880689
299.97073547560467
299.99814416087941
300.01800726575595
300.04406081262624
300.04888141359578
300.03671513742779
300.0182287960144
300.00436521287298
299.99886948380606
299.99960707420593
299.98276696576158
299.98818926523563
300.02576136403422
300.05363411156986
300.06356163222313
300.06973500198046
299.94000680242561
299.95739054296479
299.95830417721794
299.99984374607959
300.02026219235188
300.01965475196585
300.0123799276771
300.00421898546421
300.0031413082599
300.0029255396671
300.01623703310912
300.05297469657637
300.1730298547883
300.13310147084383
299.84635688868519
299.98491415762578
299.9710544431295
299.98754948703635
300.00757584677456
300.02974967508629
300.03676240831777
300.03259916664035
300.02764285367971
300.0079091749638
299.99363074895035
299.9990283529221
299.99757158505895
300.00076359892063
300.02408955728981
300.06631772729514
300.06588080176596
300.05476271424533
299.94878192410494
299.96673882314491
300.16042511457573
299.81111757860083
300.01923892996132
300.0086891144478
300.00808724103803
300.00788558444287
300.01541055404215
299.99996917189844
300.02842642194406
300.07071836382431
300.04892647651604
300.12857004648993
299.97624714520299
299.97095066978738
299.97540489890173
299.98132983555934
300.00141446016369
300.01186070069514
300.0208760660484
300.02583470962423
300.0312636865504
300.00808812993466
299.98626505077914
300.00016257608837
300.01134064686158
300.01618876767947
300.03699920377454
300.05676180816903
300.06879974891172
300.08283293149896
300.08742338606447
299.87510320715938
299.96629788567634
300.19382232452114
299.84379577627897
299.99066698647221
299.9911977136822
300.01713607985818
300.06656462559647
299.95760209377272
300.01741441096533
300.07075222766514
300.03926898549651
300.08688270784427
300.01304668465042
299.9727813040364
299.98932568251143
299.98016141450142
299.98761213288071
300.00782125418704
300.01888621689659
300.02192549829942
300.01893471500978
300.00306163183706
299.99738210693585
300.00362469981513
300.01324252943283
300.02876171985088
300.03519723696718
300.06588394951348
300.09979200754759
300.09616942439692
300.01758571585509
300.04251703332358
300.1024305659015
299.81307480119051
300.05345418113626
300.08625250301361
300.0667141780346
300.01062209936197
299.87962957753518
299.96385963529815
299.99873845155508
300.15968609327882
299.96711993626002
300.02546090546741
299.97080801578079
299.92773621558746
299.958051833605
299.99699643834157
299.98401830875895
300.00019868570615
300.01168197188736
300.01299984655151
300.00910509231295
300.00730814288977
300.00863174367214
300.01657076361317
300.01569518424031
300.02303488934092
300.04687784555392
300.09018594415085
300.12863962076665
299.96579689641658
300.09120365360519
299.98825684401726
299.96921068206933
299.99865494126351
300.00960847627852
300.00566912778851
299.99723393721905
300.00377018541127
300.01328803298048
299.99964667522505
300.01075271746197
300.04926886996259
300.03315055062467
300.02640858860366
300.01413926205464
299.97881399749809
299.97221092545936
299.98329566801641
299.98716699509828
299.99276241227295
299.99487505759339
300.00705092769527
300.00026948944986
300.01290378955042
300.00524210324852
300.00394242285375
300.0204828489733
300.02154216628873
300.04033688526499
300.15231132920366
300.00170961622695
299.96912521805916
299.83075036689934
299.95717068203129
299.96328490139581
299.99003188604104
300.00075587115191
300.0063187554602
300.00516084756043
299.99983701983649
299.99781945509841
299.99964960491627
300.01047756763944
300.02104694586382
300.0346224147774
300.04478892621904
300.04241011323785
300.00344226930844
299.99231125265089
299.97427788141414
300.00842094051785
300.01870833775359
300.04500829111197
299.99749092962509
300.07612529684826
299.93218044351272
300.00798093838341
299.95621387839088
299.98508794778076
300.00209006002103
300.00991191284271
299.90652171926035
300.00811248101587
299.91148629310379
299.92699302250759
299.96744431101268
299.97936780016602
299.99276555413707
299.98888259126238
300.00382271252931
300.00431311485568
299.99725348025805
299.9941794091489
299.99742824910766
300.01055822225209
300.00654116249075
300.02048429574603
300.05111470352944
300.06554075937163
300.03208579916543
300.02799286070274
299.87044359306316
299.97443050631023
299.99871481286357
299.9780284610012
299.99762455692536
299.99771984220411
300.00495169148485
299.99191231651571
299.99910516638812
300.02307552833855
300.02139946587181
300.14368736829198
299.9318077589038
299.95593083971653
299.92037733340464
299.93813752465871
299.93439041016273
299.9825297565215
300.00076636352043
300.00477684693186
300.01156083869614
300.00525306472343
299.99209015953699
299.98568619489544
299.98406746519339
299.99764635877506
300.00165533383193
300.01594036621208
300.01729049581246
300.04071195624755
300.00464546573579
299.90557252481557
299.92459031705562
299.9893040406368
300.05005605637717
299.90569396671805
299.9814037366346
300.00095311921638
299.99486732312164
299.99041110986809
300.19781835831139
299.86092560249966
299.97868061110671
300.01273705500842
300.10301774142749
299.93260894562974
299.92152668233626
299.92760066392464
299.95195273308838
299.98038731537088
299.99579813732333
300.00695268006172
300.0130777602767
300.00316929636193
299.99176007506617
299.98531636404959
299.97184615307174
299.9826661297277
299.99122701579205
300.00771197415941
300.02300292961934
300.03550733143527
300.01849362770389
299.88352021780184
299.9782272704773
299.91544143771614
299.98154331835912
299.97415765029848
299.99688208729145
299.99993420804299
299.99241902192307
299.98906265230107
299.99648234562505
300.02495172625771
300.01983130184658
300.01094364807409
300.2148131842356
299.80996510047896
299.92704164771436
299.9298817903117
299.95553305801968
299.98289134956883
300.00134769711866
300.0027064901692
300.00796650476389
300.0129799275262
299.991814342498
299.96690424777012
299.97518545365875
299.96094789955066
299.97716975127008
299.99712570364107
300.02359752248742
300.02717105500329
300.04155988799954
299.85477060894482
299.92256543014253
299.94099583713637
299.98520975595966
299.99614365934622
300.00094660958092
299.99930580137362
299.99292181118761
299.98577094152932
299.98011467344082
299.98626450840851
300.02492909981902
300.04019308064346
299.98119096553592
299.9991332780225
299.94141068072673
299.93404059433107
299.95937576301935
299.97235740837988
300.00774554314324
300.01543715264091
300.01187162814654
300.01874670919955
299.99224949085323
299.96242746120123
299.9711902693532
299.95910551324181
299.96032144099064
299.98121746934123
300.02307057907871
300.01323063823202
300.08655686581602
299.84071969597881
299.88596948685034
299.94180059646197
299.98868887683034
299.99810882033427
300.00220857935557
300.00024492408306
299.9938979514385
299.98495044923607
299.97635302251581
299.97539136883421
300.00049197160143
300.04077647038702
299.9984628649662
300.00887760088011
299.95320354287509
299.93474573158818
299.96346150102551
300.00441805697744
300.02705174721234
300.02345989086621
300.00631210802476
300.00718328852008
299.99230155381088
299.97746966142984
299.96463527069778
299.95249875249044
299.95612218388584
299.98486322445035
300.00406930955586
300.0055797802703
300.16040734954981
299.86662991384037
299.79474639347171
299.93979345052787
299.98768713304435
299.99924237797217
300.00582244842809
300.00349356497446
299.99598603836205
299.98525626422855
299.97643424705808
299.97860526003223
300.0106015233651
300.1546742111172
299.90200384361975
300.01371175285396
299.96597661974113
299.94268928333412
299.98007825650257
300.03232818993285
300.02376043257277
300.02701114644304
300.01985871933556
300.0091433000386
299.99412624462576
299.98172369861476
299.97138248077255
299.95812127320983
299.94898670131209
299.98813308542572
300.00655262987328
300.01340550034365
300.15609217131146
299.76789579044703
299.91258338258945
299.94956161341764
299.99110959931528
300.00431147258234
300.01082389151003
300.00737269283042
299.9983239977737
299.98793549664396
299.98211427305739
299.98699548313965
300.0201864497173
300.06204528724476
300.01365981125821
300.03171845231913
299.97961946757374
299.95386064432506
299.99168395834027
300.04162500246258
300.03251480679887
300.03317624373238
300.02511071231618
300.01245858141374
299.99667583715473
299.98532394276589
299.97802725159795
299.96292555721936
299.95539512572338
299.99840227465648
300.01836040661948
300.02866995646428
300.17374852167598
299.76559364649842
299.9294580996293
299.96146811279124
299.99899762481925
300.00987170034801
300.0139202957576
300.00914089327443
299.99973951667351
299.99261096709211
299.98858419033326
299.99577897754324
300.03144514738028
300.07028602647051
300.02939629557915
300.04244943322959
299.98560797194239
299.96297764225454
299.99573485625706
300.04087786544716
300.04407865546773
300.03864072620968
300.02992848697932
300.01430998942175
300.00015439331924
299.99369632830599
299.98940933666393
299.96404115537399
299.97609351381283
300.01661671695058
300.03485322654882
300.05102623965621
300.11943470988945
299.85691904902035
299.94315112854713
299.97930212022436
300.00869389363089
300.01583308067677
300.01726153957543
300.01116996611768
300.00098205027729
299.99685769338475
299.99515252497639
300.00327978110755
300.04276091058716
300.18320912402891
299.93481449353214
300.04168760575311
299.98644648635565
299.97040826857818
299.99789291275403
300.01790382151319
300.04402804032134
300.04902788601572
300.03855235547132
300.01703124757671
300.00423074954136
299.99889179423064
299.99963009080813
299.98279974772731
299.98823734059613
300.02583899033084
300.05370009264027
300.06356304303421
300.1428455591211
299.92951133773704
299.89687833964854
299.9748049332066
300.01100965759957
300.01988733401231
300.02066759544499
300.01235713449972
300.00292033417884
300.00032098732538
300.00040723028422
300.008794731303
300.04214412868976
300.08509822693384
300.03451079863305
300.04540463079053
299.98460083742646
299.97062856240115
299.98724646066904
300.00745848874152
300.02946819245966
300.03878957796582
300.04299820207086
300.01758753437986
300.00641084037585
299.99393614100615
299.99906923410242
299.99761128750407
300.00081812439868
300.02416088326436
300.06637421316088
300.06585721137628
300.0696116086566
299.93984498923714
299.95724063324616
299.95817151530184
299.99975335522629
300.02021658729001
300.01963001100489
300.01237782216759
300.00422212733349
300.00312000326238
300.00288619335765
300.0161565753757
300.05295134449784
300.1730914006186
300.13318302093637
299.84632297046721
299.97064989606838
299.97502631040965
299.98105329029545
300.0012805913646
300.01177937509033
300.02110022972039
300.02794395691643
300.02876203045901
300.00777493239667
299.98636897715772
300.00019435465668
300.01137811658174
300.01623277818959
300.03705772646447
300.05680520934015
300.06875366104214
300.05454909115184
299.94854521881723
299.96658723968972
300.16030078065245
299.81099085378281
300.01916326533569
300.00864680744445
300.00807300402965
300.00788486564375
300.01538947682741
299.9999632898535
300.02847902120766
300.07077836881689
300.04901951864866
300.12864907500892
299.97618831123322
299.97256629845521
299.98910722084645
299.97999762660208
299.98755305426448
300.00780332932777
300.0188613469914
300.02190653640804
300.01896633113961
300.00305227914509
299.99738504433623
300.00364128392437
300.01326862386918
300.02879985620376
300.03525749202845
300.06594786090255
300.09966327115143
300.08237252810261
300.08703019479009
299.87517991612498
299.96647985495656
300.19377517434413
299.84366845241777
299.99059769057919
299.99117255087174
300.01715847696067
300.06667434702518
299.95773756342663
300.0176382363523
300.07080997018403
300.03947274824185
300.08682540213675
300.01286324016655
299.92751265230544
299.95794506162946
299.99696343106899
299.984006280399
300.0001936282066
300.01165719325763
300.01294754206862
300.0090941281868
300.00728491635658
300.00862335578626
300.01657710885212
300.01570844511053
300.0230644419766
300.04695762812162
300.09023630998291
300.12834854007428
300.09514790081045
300.01682332869802
300.04301976779499
300.10335327874611
299.81331063270193
300.0533289021796
300.08615303390468
300.06668253363694
300.01070163004283
299.87988470847853
299.96417760492415
299.99874303501485
300.15901426153101
299.96767092392571
300.02555726502226
299.97041148470225
299.97839034745374
299.97210590931206
299.98329464620076
299.98718053912404
299.99278462461632
299.99491697468164
300.00710956419374
300.00031153082881
300.01289176108969
300.00522720660348
300.00393808906455
300.02048628714766
300.02158158547235
300.04046940541275
300.15243700153525
300.00114242185992
299.96437522315921
300.09032974475201
299.98918410870266
299.97045586426674
299.99894590929858
300.00947275728009
300.00553186955494
299.99720378335985
300.00391858953373
300.01372805734786
300.00018331583834
300.01024489746351
300.04773073463832
300.03390817619993
300.02688323632844
300.01360811727841
300.00313589880028
299.9923047361429
299.97431058804614
300.00844773649533
300.01876963901196
300.04511230034473
299.9976376717467
300.07622623824125
299.93219066048351
300.00796493247918
299.95620575833743
299.98509194277119
300.00216954008977
300.01011526122846
299.90660283587823
300.00772482248658
299.96836447244249
299.83035370943242
299.95791447929435
299.9641625955187
299.98998048911818
300.00045794344447
300.00619616678472
300.00511224806905
299.99997414136362
299.99829615261672
300.00058252769117
300.01104706369216
300.02025483249537
300.03487795024898
300.04458460460876
300.04190843551015
300.03201616675193
300.02822667667829
299.87060760945639
299.97451534582029
299.99878747198164
299.97811897057147
299.99762322474197
299.99772882988071
300.00495138880956
299.99189902608629
299.99911214330473
300.02311635266994
300.02151461117489
300.14385080540933
299.93152495004563
299.95495446592219
299.9121787354498
299.92724261426287
299.96762719746607
299.97928164175079
299.9923867870944
299.98852107759149
300.00368927893231
300.00426774345516
299.99733148932694
299.99452514710407
299.9981742630012
300.0110033315429
300.00640719238322
300.0201838823333
300.05068322565887
300.06520347636121
300.00473503168922
299.90581256295684
299.92488524716902
299.98949073214311
300.0500450885466
299.90533078503881
299.98119584868118
300.00088535583376
299.99482812044181
299.99040695287562
300.19785669014902
299.86101899395669
299.97883954276699
300.0129485561414
300.10162775038145
299.9304355912289
299.92324394664075
299.93916088330866
299.93440504193075
299.98211249224192
300.00034207023793
300.00452124370759
300.01147911566562
300.00523195035129
299.99212714169443
299.98583609219099
299.9843161024487
299.99789404197264
300.00162836977728
300.01574716105097
300.01699829769552
300.04038243799386
300.02009576460995
299.88252105849494
299.97835840971675
299.91583586341432
299.9815492626455
299.9739841432887
299.99673378744973
299.9997972713964
299.99237973243243
299.98908592064686
299.9965431755241
300.02506418698397
300.02000333150102
300.01116710700813
300.21461528251803
299.80763968547745
299.9224913118436
299.92797396393576
299.95179048260945
299.9800931816402
299.99551052950244
300.00680382824692
300.01302896021906
300.00318196659504
299.9917824064047
299.98536553778763
299.97191123309091
299.98276718947818
299.99135401989906
300.00776605722717
300.02267941709982
300.03530075000623
300.04459554330754
299.85260163367457
299.92189791222944
299.94147241724994
299.98529563538159
299.99605927867799
300.00084842610994
299.99919265752345
299.9928966161828
299.9858188621875
299.98019131996216
299.98635682139536
300.02507334496761
300.04037840616172
299.98140273198476
299.99902636368523
299.92727920264917
299.92991272276436
299.9554236516247
299.9827449846232
300.0012425090934
300.00269351262131
300.00799887467622
300.01302059347529
299.99184123847579
299.9669182213093
299.97520336208936
299.96097760516079
299.97726923065539
299.99719516775627
300.02335716913916
300.0278425786658
300.08768222820083
299.83969604920333
299.88606267908693
299.94213253335977
299.98868613845138
299.99806559327527
300.00214431035619
300.00018545468043
299.99388241227604
299.98497728405903
299.97640650839884
299.97545818189928
300.00057803887205
300.04087409453825
299.99857539819095
300.00899130529052
299.94151024493419
299.93402592767131
299.95931448828071
299.97231584153701
300.00777448081107
300.01549487623021
300.01191870455608
300.01878986361481
299.99227365973411
299.96244127990457
299.97120328313122
299.95912591285997
299.9603798200601
299.98128249053212
300.02291697359249
300.01328496797913
300.16048108195395
299.86650430289393
299.79486897220409
299.93987104406256
299.98766973308403
299.99921681357858
300.00579256397555
300.00346108448377
299.99596490298768
299.98526063003737
299.97646513869108
299.97865372038814
300.01066645299881
300.15474227177464
299.90206265857813
300.01375868633056
299.95322208791464
299.93471921493773
299.96342440704689
300.00441735438278
300.02707984827293
300.02349035076458
300.00635013077283
300.00720232060729
299.99231550735368
299.97748273818672
299.96465082387715
299.95251030050105
299.95614396030265
299.98491480103701
300.00403492436635
300.00547885693823
300.15598041276195
299.76782746300881
299.91256637768123
299.94952440326745
299.99108086779182
300.00429157139644
300.0108064862489
300.00735252899887
299.99830550705894
299.98793041741783
299.98213356195083
299.98703312290843
300.02023524863534
300.0621001898059
300.01370114062956
300.0317407817642
299.96598073061358
299.94267650187948
299.98005218082181
300.03231534750574
300.02375663735035
300.02700487058331
300.01985404405968
300.00913961226632
299.99413181181376
299.98173343214137
299.97139223725998
299.95812232313114
299.94898456782096
299.98813437090007
300.00655759583447
300.01337956364108
299.84477575332278
299.96158680583954
299.96835649708242
299.98971242389553
300.00864151792359
300.03468872723403
300.03226860202557
300.01692307651177
299.99757603019378
299.98090802287163
299.9545254913308
299.99222768772779
300.0303171855216
300.01994200226528
300.02307010367127
300.04063501362998
300.00667252650669
299.94181751067492
299.96467875221771
300.00361476850878
300.02662889097053
300.02893332824146
300.02561958013348
300.01277433370336
299.99691987148259
299.98385759240091
299.97547188688117
299.9747835032212
299.99406243860977
300.01562266195003
300.02507398752761
300.13748901847833
299.85845504595841
299.96258985207857
299.98105001847586
300.00332208767355
300.00637646573387
300.02045774264838
300.03199308500268
300.0326152840488
300.00155015101808
299.97430543701779
299.97553589961257
300.00483651322742
300.04549696311824
300.03164598916516
300.03057162090397
300.04844953240638
300.01581438418856
299.9549577110094
300.17116898231166
299.81716041274728
300.0297842530515
300.03332622659451
300.03014808313304
300.01661456377366
299.99896543480628
299.98831399011078
299.98268210675809
299.98252467220573
300.00034552741158
300.01990531798697
300.03658633364802
300.15294848057027
299.9058241436976
299.96856174248546
299.98217332695884
300.00841078149443
300.00324186491576
300.01203182015871
300.02415780114853
300.03023907417463
300.00442217450228
299.9848459026278
299.99755224922831
300.01293889339797
300.03308970224015
300.0452982813913
300.04420294539085
300.05523459609918
300.02102895558494
299.97063179212404
299.99517601490641
300.0040043106311
300.02488783803801
300.03484966522109
300.03200851077747
300.01835452107247
300.00237208427717
299.99252301321906
299.98989023048722
299.99424408995105
300.19655305847215
299.83393359043237
300.05572249760405
300.11288511359845
299.9187893092689
299.9565676295843
299.98236747103351
299.99084181431692
300.0071132318875
300.01868717247771
300.01393600925712
300.01209350040006
300.00630997131788
300.00586364632994
300.01199162171633
300.01680524118035
300.01564762023827
300.03999038800856
300.04789735536076
300.0630561911313
300.0183349363873
299.97659598752745
299.98543463271278
299.98655213036415
300.02003185321956
300.02868971211359
300.02820720015984
300.01850803628531
300.00354875898654
299.99648219974137
299.99864234331631
300.00991583540292
300.01263356693056
300.03321417220911
300.08488785563441
300.06152839338012
299.9414850335076
299.95884115625114
299.98111395318949
299.98238602074798
300.00924161672731
300.02720839017979
300.00352697822808
300.00445173768452
300.00805950684202
300.01241063205458
300.00959680711679
300.01412516039289
300.02669393095306
300.03255798189576
300.07364422834416
300.08151654892595
300.04533522758663
300.01096681509517
299.9855216866373
299.99145370317382
299.99876640243968
300.02003298995464
300.02602625709306
300.018754229585
300.00136425114891
299.99617269691964
300.0026235825357
300.0167896356549
300.0136937007
300.03293674668623
300.061207317644
300.06161322103139
299.96186549126321
299.97160690487095
299.97545883791366
299.97350705431688
300.00180429394391
300.01970245397081
300.00092908450443
300.00321510697933
300.00927909387462
300.01952636396908
300.00168820840906
300.01104847754613
300.03200825519917
300.03918321956445
300.09146391942329
300.09927938960891
300.07342156410806
300.09073448851905
299.98963768835893
299.98340035211362
300.00477226257169
300.02899717717412
300.0373671226634
300.02687026248441
299.99001790884978
299.98339208091261
299.98944917803794
300.00907236730256
300.02620890818292
300.03328584406535
300.05906592240916
300.06978020327557
299.98846811290963
299.97919003604181
299.98942603615325
299.99072157653359
300.00431958609414
300.01433316477573
300.00344317039782
299.99685273055957
300.00692792218581
300.02137280435863
300.01101886349193
300.00960136974351
300.03481773933879
300.04841648182577
300.06370148341284
300.00182763412573
299.96059192485251
299.96076608747819
300.09379630205768
299.97614556876022
300.00015632730549
300.02644157390904
300.03165070704893
300.0150480473136
300.00141648411994
299.98697172118892
299.99201330519935
300.01477751575021
300.21595141115341
299.85380100351756
300.06765359516703
300.06687413104197
299.97922031968909
299.96776286141829
299.97767510381544
299.98790999155381
299.99782669439639
300.00400344718611
300.00530410165936
300.00456501181372
300.00330268007053
300.00446973776076
300.00043428423669
300.00955609654062
300.0219045137037
300.02886637314816
300.01564380775693
300.00539646155545
299.97010087264493
299.96937187455222
299.9599511121263
300.02554061055832
300.03113144521052
300.0639494696382
299.82045059299162
300.00926141673887
300.00539653171018
300.18594666515042
300.00824944140078
299.90573812158556
300.00595133962713
300.01136032409926
300.03868317792995
300.02001663358647
300.02311050522297
299.90703656218614
299.96710451242114
299.98585239902457
299.99468463079762
299.9929886320204
300.00574050955123
300.00541504429503
300.00012660914416
299.99771608929439
300.00188781889381
300.01516416360926
300.01491368164437
300.02904822367628
300.04061348136139
300.04090032741561
299.99195917079453
299.97923006929284
299.96540184392012
299.98097829872626
299.98661654638198
299.98970726308301
300.01145662381543
300.00215478698271
300.0087491326023
299.99870764826096
300.00392238868892
300.01950008326776
300.0219212816026
300.02947635055608
300.02954810639864
300.0300297527433
299.96985556830191
299.95086322577345
299.97888035936376
299.98885446486395
300.09797092068129
299.8779892954081
300.00038009353204
300.00558907119677
299.99618044604074
299.98908650980883
299.99496294951064
300.02149011753329
300.00244031407624
300.01938293041621
300.25027714341974
299.85837430266793
299.94628813185187
299.94438114463412
299.94712863872007
299.98014713419508
299.99100866907042
299.99288293052712
300.00204052619142
300.00237937262409
299.99915292475691
299.99384387356361
299.99957579752555
300.01495501371187
300.01911660719958
300.03743666989328
300.03591619034728
300.01408322284027
299.97952917458883
299.95030688187376
299.95510828172974
299.98115238109875
299.99566628336265
299.99665558487777
300.01292894804334
300.010287260231
299.98910456309432
299.97887107762011
299.98833414419408
300.0073494501429
299.99470065746203
300.0094562880646
299.98035246021914
300.03166750050292
299.89033003618925
299.88780476376911
299.89571680280068
299.95595041832593
299.99671813348658
299.98409900480391
300.00080251544688
300.00244642234054
299.99399210936684
299.99186798684997
300.00005754090637
300.01923990649976
300.00647004476411
300.0171753021985
300.04067201166032
300.01694474154806
299.98170136096388
299.95858965569568
299.9686657919533
299.97998593739368
300.18021127656687
299.81419776512871
300.0101258540351
300.00530139069207
299.98968074478961
299.98252898195386
299.98791366583606
300.00461157144571
299.9970562245656
300.00609718637435
300.01182197130697
300.04590624390022
299.90748375557791
299.90712176396215
299.94282955291516
299.95427930877628
299.99148814883006
299.98997090044992
300.00948765469741
300.00355768267787
299.98717567994703
299.9923914720552
299.98650478261527
300.00540659660197
300.01108867308142
300.01204413434664
300.02517754913538
300.02561627988973
299.98515930115622
299.949186283129
299.95928883455497
299.96898061569669
299.99080475021469
300.0044227213931
300.00781077188213
300.0046035197733
299.99038346976778
299.97873414403892
299.97920970076035
299.99547362586179
300.00126944914263
299.99927426103471
300.03799191063706
300.06070169115549
299.86425706776316
299.92014693157427
299.9445005884009
299.97004355435024
300.00221800935424
299.98213003640012
299.99827836733681
300.00084524155824
299.99288931055372
299.98732030592009
299.98576309479648
299.98614701197471
300.00093685669225
300.02115051001795
300.01824415330907
300.02712701374446
299.99112359068948
299.94173527859908
299.96054151339723
299.96386698574662
299.99218462396414
300.01179815816539
300.01228347638136
300.00619785894787
299.99140417394557
299.97593133024446
299.96506228672473
299.96516728729443
300.09558960224564
299.89474746251557
300.10445519064842
300.01757938933605
299.87054898674808
299.93978643112308
299.94378495005122
299.96943100834034
299.99194826026053
299.99229273927608
300.0058693914695
300.01181073945759
299.99473397116105
299.97435623978254
299.97730217724808
299.98054337740422
299.99565114301458
300.01965896895712
300.01581129041483
300.02812956477959
299.98660009127076
299.93400178104315
300.1428584284335
299.78838847665025
300.00789324629505
300.01957620313959
300.0173024675795
300.00810241422869
299.99258066126578
299.9769928864855
299.9645876081421
299.96206647829598
299.98323955398058
299.98831371633952
300.0116715043248
300.10209354373308
299.81060402435708
299.94730118754853
299.94388583519429
299.97375840433659
299.98786618419939
300.00627352691959
300.0284040011839
300.01241402434243
299.99664126849581
299.97153119720338
299.95822739560191
299.97528842236466
299.99905881399593
300.01910244549083
300.00837547192981
300.02473484716103
299.99342533194215
299.93590613881275
299.9547900390827
299.99482334455303
300.0196884259891
300.02442403453841
300.02147965696156
300.01016857736153
299.99482863063167
299.97990579362437
299.96884889034328
299.96760673226356
299.9856785813447
300.00542912068181
300.0132475865127
300.12347052451048
299.82851101310041
299.95134944632218
299.95587786961534
299.98107525688158
299.99949031111868
300.02845665021431
300.02847878958818
300.01623618447616
299.99779137504999
299.97709180641937
299.95043164459389
299.9827856477047
300.01540152956051
300.01066718438568
300.01173876031902
300.03040919585226
300.00664658652971
299.94181340857182
299.9646708469964
300.00353246625627
300.02662845916075
300.02896242228331
300.02564144271639
300.012784010536
299.99691313645081
299.98384982576505
299.9754672782127
299.9747811036022
299.99406681287206
300.01563254822275
300.02507232193636
300.13747800234819
299.8447719647346
299.96158662071957
299.96835912437126
299.98971790711471
300.00864233913308
300.03468954374887
300.03228125105943
300.01694203776344
299.99759601438637
299.98091532215858
299.95452019769283
299.99220456830312
300.03027020107851
300.01988827640253
300.02302440020145
300.04059960137124
300.01575784454957
299.95486843609143
300.17097357474108
299.81669621907844
300.02964278534949
300.0333207180488
300.03014362305299
300.01661617696629
299.99895687124967
299.98830871446296
299.98268277889832
299.98252821966207
300.00035832937493
300.0199221342416
300.03659179179971
300.15293283123935
299.85845221552228
299.96259168259417
299.98103429670147
300.00331043497971
300.00636278041191
300.02044600682143
300.03199491931178
300.03262065042617
300.00156622752218
299.97432158882071
299.975541187592
300.00480553741346
300.04544502786337
300.03159510505839
300.03053333169078
300.04841029664942
300.02090828978254
299.97038046751527
299.99489787004819
300.00388677011688
300.02465154663736
300.03481424132247
300.03195116971477
300.01830366708816
300.00237082700176
299.99252974850305
299.98990111089046
299.99426340502566
300.1965754096787
299.83392620732388
300.05571765666804
300.11280087299542
299.90580878648643
299.9685760684896
299.98213988866115
300.00837862370696
300.00321184938895
300.01200766125385
300.02414259172468
300.03023190563471
300.00443248998749
299.98486052434271
299.99755414750814
300.01290069035389
300.03303411976668
300.04526422860926
300.04417962040441
300.05518594677841
300.01819157519373
299.97636551886853
299.98528147273225
299.9862957911588
300.02017282876193
300.02879249388752
300.0285674243591
300.01829231696541
300.0036280109598
299.99650070603099
299.99866486401993
300.00994618996629
300.01265268806128
300.03318992342668
300.08481227891286
300.06116830158521
299.91889273668926
299.95650726415823
299.98230768678889
299.99075121648059
300.00704998206311
300.01865615457524
300.01391224374896
300.01207222980486
300.00629842973871
300.00585867680684
300.01198563821634
300.0167916446411
300.01564233576119
300.03997600962464
300.04789772013277
300.0630200945489
300.04521315197962
300.0108362393342
299.98543483484485
299.99146075684166
299.99892910436745
300.02006306811381
300.02610356255167
300.01869750683517
300.00135663709085
299.996185073373
300.00264735828512
300.01681788852625
300.01371117969342
300.03291472183264
300.06107814246184
300.06146018656295
299.9413935944757
299.95871128500363
299.98105886540395
299.98228318009433
300.00914789932705
300.02716668181836
300.00350403667045
300.00442180169887
300.00802668053677
300.01238607220444
300.00962581056314
300.01420160381451
300.02674194023871
300.03255441267709
300.0735556068604
300.08140970543502
300.07325553450636
300.09065246025818
299.98960761008613
299.98339552743937
300.00479874254182
300.02897281496428
300.03733441727979
300.026843069069
299.99000687671634
299.98340019523914
299.98946902654205
300.00909494536722
300.02622583906697
300.03328791986695
300.05904411834638
300.06968103103515
299.96171712081849
299.97141865678861
299.97542579592351
299.97349428275231
300.00171565721007
300.01963835443735
300.0008904376981
300.0031828405393
300.00928039070112
300.01964085898788
300.00190234556385
300.01124397077399
300.03190459572704
300.0394382531988
300.09132985660762
300.09898764546477
299.96030950096764
299.96065050509225
300.09377598725291
299.97612736563957
300.00016837935681
300.02651171874516
300.0317102171453
300.01508516179615
300.0014170480074
299.9869720875808
299.99202156871206
300.01478368166778
300.21596760229136
299.8538582549125
300.06768365086577
300.06677425348261
299.98816474697981
299.97888406488346
299.9895935894159
299.99094764656667
300.004281869294
300.01422936685884
300.00337381781276
299.99681340641678
300.00705524864213
300.02188430940731
300.01159071815232
300.0094586223039
300.03317675975109
300.04937437484642
300.06437182883121
300.00142959083138
299.96941564659613
299.9691503865543
299.95992169101334
300.02556116173309
300.03125754642355
300.06424443149604
299.82069571774332
300.00949348801191
300.00543645584969
300.18593006746335
300.00824167301039
299.90573079160123
300.00598620651607
300.01145845292046
300.0386711581213
300.01974043095544
299.97900966526669
299.96765052876316
299.97799559926892
299.9881530668402
299.99780329013367
300.00385369771419
300.00521104570072
300.00448452159696
300.00364467665548
300.00537006466789
300.0015747842383
300.00814261729397
300.01850984497969
300.03136403123153
300.01772381151306
300.00508820535953
299.99134046642553
299.97903986978019
299.96536617553397
299.98100041210887
299.98679020723466
299.99000733647188
300.01156517012186
300.00246638308795
300.00885830223211
299.99869753445836
300.00389991891399
300.01950912567054
300.02198453497795
300.02950809200996
300.02932576680394
300.02978463579046
300.02381639119966
299.90783905975815
299.96743321352443
299.98581907345232
299.99444640172118
299.992731282931
300.00563977125876
300.00534458186092
300.00050557894787
299.99883349515181
300.00366604346306
300.01518895244755
300.01344173634834
300.03034308820276
300.0409079609156
300.04029542894256
299.94609819313524
299.9444150244563
299.94717528227716
299.98017522843918
299.99107862630962
299.99256605329555
300.00043075393421
300.00207355841405
299.9992287335794
299.99382940153015
299.99955621334766
300.01499107030082
300.01922743286997
300.03751343561561
300.03562384347708
300.01375400276515
299.97194420386302
299.95227286715351
299.97900820281211
299.98852280069781
300.09752913868476
299.87769484826288
300.00028147543242
300.00554733943034
299.99641087643226
299.99002543136828
299.99634842107275
300.02190850841396
300.00179447374597
300.01892486996127
300.24966463766526
299.85786598769687
299.89032647273717
299.8879030679476
299.89589429557697
299.95598133530478
299.9964463198491
299.98319960589748
300.00047205691516
300.0023757785421
299.99394335807011
299.99184128421456
300.00006414245598
300.01931913423289
300.00666485912245
300.01745514604983
300.04053993153343
300.01547335699843
299.98203755446974
299.9514893451564
299.95509805830045
299.98069279301643
299.99526441145446
299.99644195914516
300.01286873673041
300.01026625510508
299.98917524824981
299.97923839671392
299.98877999542248
300.0076003547469
299.99450060901455
300.00898199973557
299.97992420994007
300.03135204501058
299.90748039307346
299.90710396653276
299.94318233065849
299.95443449244232
299.99121179203792
299.9895064416516
300.00929989076747
300.00307395722979
299.98700600731001
299.99238899982549
299.98655315891068
300.00554774874286
300.01130453462895
300.01221685803773
300.02471885949524
300.02549076915432
299.98156423140188
299.95880534140792
299.96852680883649
299.97968756696827
300.17994256234516
299.8140668366043
300.01010200479573
300.00530224250127
299.98968137878808
299.98259142147771
299.98806853693486
300.00474201952233
299.99708923985582
300.00603241751151
300.01162326093436
300.0456761217265
299.86458003870808
299.91985225066065
299.94495007727863
299.97023250807797
300.00197790005586
299.98173295597246
299.99784626140035
300.00050176560092
299.99281357647419
299.98737586238701
299.98583305472783
299.98626808166398
300.00111810436994
300.0211239259923
300.01759098414635
300.02567951744049
299.98471948851176
299.9489474127933
299.95912262274186
299.96883425391979
299.99067915445841
300.00437068833656
300.00780671898463
300.00461330240574
299.99038077034999
299.97870702310286
299.97918217029763
299.99548470262545
300.00130976883906
299.9992919597484
300.03785041425465
300.0605353732505
299.87058330187551
299.93972602219696
299.9441436831346
299.96960734787001
299.99186298313788
299.99208951653628
300.00564528113506
300.01167626761412
299.99472670118126
299.97441395029961
299.97737719385481
299.98063751347769
299.99574774642497
300.01968435242941
300.01569828925813
300.02747943933986
299.99096216921305
299.94162644601994
299.96044342368754
299.96378577922121
299.99214391162724
300.0117958805522
300.01228704786439
300.00620067142131
299.99140199438398
299.97591932014365
299.96503744100244
299.96515638242158
300.0956050315221
299.89477422459618
300.10437764514421
300.01739316653851
299.81053184323008
299.94733484157496
299.94401284577873
299.97383623044004
299.98785313341318
300.00623678923904
300.02836518365751
300.01238061791076
299.99663641235094
299.97156555698024
299.9582794523422
299.97535422330151
299.99912228573055
300.01914624613306
300.00839490581478
300.02467567469108
299.9865371492113
299.93395585971388
300.14279820135192
299.7883308206213
300.00786498550042
300.01955933660184
300.01728743737391
300.00809302299058
299.99257813185329
299.97699013922613
299.96458282987101
299.96205984472135
299.98323737489244
299.98832994930854
300.01165605281335
300.10201520075066
299.82850114907001
299.9513592853155
299.9558756659564
299.98108805782971
299.99949464425026
300.02845707912519
300.02846130891578
300.01621317113353
299.99777302753711
299.97709613534278
299.95045312279814
299.98281800268825
300.01544325634359
300.01071369639044
300.01178074878015
300.03045134497904
299.99342795577678
299.93587625245914
299.95473839410607
299.99475704280241
300.01964791855278
300.02439619480646
300.02145727858698
300.01015537008254
299.99482909501415
299.97991199873405
299.968852562221
299.96760469434054
299.98567119021834
300.0054263066192
300.01325181145614
300.12347558137617
299.96728843713544
299.98242977420659
300.01045363838932
300.0257509281264
300.03378457877841
300.08807147654511
300.0599422254831
300.02472166687693
299.99986491716828
300.01575310326962
299.83182487392332
299.98169411488828
300.04180386887731
299.96178424562061
299.98243314071294
300.00550571309265
299.99903440953756
299.96878208517074
299.9790288751152
299.99719380538932
300.01341174538436
300.01668963621853
300.01119650596934
299.99933679179532
300.0089488434935
299.99488489009372
299.98366412949679
299.98780655193025
299.99950806335698
300.01527352794096
300.01322194481935
300.00840421450806
299.9744236858927
299.98823448723357
300.01983674315812
300.03589135361551
300.01396250150299
300.03368252174897
300.07275250327319
300.10596074844119
300.03138882661165
299.88194487652811
299.92565393959427
300.02169811129193
300.09842771735998
299.94511752976035
299.9924935248813
300.02136797236011
300.01969126607429
299.97404566323416
299.99401363742885
300.02026010875983
300.02673007676987
300.02798786832921
300.02540176364738
300.00968552982846
300.00366903781094
299.99484841174217
299.98898576041228
299.99321822222112
300.00165644522843
300.01681960066043
300.01877712225809
300.01657338326999
299.96662140631429
299.98254947502772
300.02476220598408
300.04740371061183
299.99867282828677
300.00947355213799
300.04432693339618
300.10098397302005
300.03768502904438
299.89705675222297
299.98842036204934
300.0304136352741
300.04074054203443
299.98874755511548
300.00738073661898
300.03929586009207
300.05177858595079
299.95680654371307
299.99758189633144
300.08402738125869
300.04224776248157
300.0324249216394
300.0293989029434
300.01571226058172
300.00341377871348
299.99660800732818
299.99360800179403
299.99668962892275
300.00371855342678
300.01591879942214
300.02140847559679
300.01418557751987
299.95029853355521
299.97003545726767
300.00126692557524
300.02329647796705
300.01815405564889
300.0260227200443
300.01278382007115
300.02288898505952
300.00880713791605
300.00193679268779
300.01981000853277
300.01554250747159
299.97445920181133
299.99118444797944
300.03394300931745
300.05076060027204
300.03374835202845
299.97822667083119
299.9813220143767
299.930415225844
300.12257810222178
300.03261581620274
300.02760750410852
300.01634905469734
300.00604762683747
299.9995181135655
299.99642527593852
300.00290904789949
300.00696171652709
300.017946956586
300.02644438894345
299.98733590880249
299.96286356731076
299.97720967548918
299.98638064244335
299.99050217426958
300.03169981053588
300.05379804170462
299.9895746507932
299.99894118636996
300.00892488440297
300.01887705353806
300.02362412138802
299.9888202919654
299.98249747697031
300.01424980916067
300.05349626218941
300.06864665183491
300.03864966774762
300.00224367954928
299.99959366191439
299.97966057909628
299.88774076339683
300.20221027547558
300.02243108170478
300.01425508924694
300.00741403385723
300.00092318403784
299.99704587095079
300.00765473925009
299.82867540726852
300.02173465319441
300.02200743368775
300.01622395575833
299.84784763422277
299.96950712476587
299.97482270393095
299.9436596708602
300.00752834639411
300.02532615839181
300.00262584176534
300.00483610450527
300.00752938836342
300.01504088008619
300.02186296251273
300.00477582062615
300.00218328928605
300.01636921455105
300.05354424829255
300.07339040922233
300.04592110483566
300.01330992004597
299.98522313108549
299.99851893097753
300.00918308560165
299.84743337904052
300.0369876909794
300.01650396526395
300.00397845382884
299.98944192134911
299.9884534193236
300.00660675099414
300.24182296556904
299.99268275362357
300.04583698165663
300.13633659230743
299.93028969501
299.96695221303628
299.99740723963572
300.04809352794575
300.01288533633152
300.00173483364398
300.00517393556504
300.00787928403315
300.00641443957267
300.01984961977985
300.0636448756718
300.02008428391321
300.01621146846782
300.02554774462288
300.05146775709369
300.0503535956866
300.00836451145938
299.98700888117077
300.01213208038297
300.01277034725058
300.0343223807406
300.08855511462201
300.07334482420924
300.10417655165816
299.92886140991459
299.94587127510795
299.98324209046916
299.99834116383988
300.03007677201782
300.0469641498525
300.18922609295367
299.94088552465843
299.95594027245357
299.95955126053661
299.98284308523915
300.00407787533578
300.00142040445957
300.01469053663743
300.01182300082394
300.00806787502523
300.00337688974997
299.9962241850186
299.9664013999585
300.00103213595071
300.00825822248709
300.02251593538108
300.04042572231123
300.06121759929698
300.01851795801946
299.97948633459407
299.97815134689318
299.97982269039306
300.00126979879786
299.9633250541857
300.0208481931387
300.01282626632951
300.00488506449625
299.99388508052471
300.00441803978794
300.0042655843431
300.02591508759832
300.24202252039493
299.90775144706299
299.99389139198263
299.99290071674682
299.95974651399791
299.98296690747441
299.98505983284514
299.99895435794235
300.01817991486001
300.02224756903206
300.01322253522738
299.99626981053677
299.98590259315563
299.98625113383315
300.00357231769891
300.01380999242753
300.0218800069232
300.03751939351201
300.044966332581
299.99798030535754
300.04551246873905
299.83838132256471
299.97682950126148
299.99265212488649
299.99040840548469
300.02265478254043
300.01200633319871
300.00226074440775
299.99865771356031
300.00299077078995
300.00944305186675
300.02749083720016
300.0427609925793
300.05191980811207
300.03383381621961
299.99765010522191
299.96902688038671
299.99507391636342
299.95990851490257
299.99491907701821
300.00127200241241
300.01094618304569
300.00514404842528
299.99687509917237
299.98277675865131
299.97358192075876
300.00896484689048
300.07508051764927
300.02614723648145
300.03601857191529
300.01752767298728
299.88931829311787
299.92510892099222
299.95935727851401
300.02480168740703
299.99721711729848
300.00205290521973
300.00636414702763
300.00141581936816
299.99657882824664
299.99746123343101
299.99787865128457
300.00801676123791
300.02036229290451
300.03279136231862
300.03914650587109
300.03330872039407
300.02760518886345
299.93498273982794
299.90386378437563
299.97337971093822
299.99672481092659
300.00376235176452
300.00813455785658
300.00277859333863
299.99292481030972
299.98593400617824
299.9869136878487
299.9969777088379
299.93348388600123
300.00576901263275
300.01390713292102
300.05039946972352
299.8850046071538
299.92566940784116
299.9436862641607
299.9251751975487
299.99053056744134
300.01716686691606
300.0221712816417
299.99933071503409
299.987084617449
300.00144940766319
299.97619784878685
299.98690525924422
300.00251341888173
300.0168948313958
300.03245213053066
300.03329699382505
300.01570855729773
299.97703321891726
300.05124934593192
299.99469623108962
299.99871397588765
300.00344027844733
300.00463613036129
299.99892090342547
299.99079114746473
299.98514618170515
299.98324635566684
300.0015385130863
299.98372152440174
300.00035315087149
300.02053843756107
300.23173073964341
299.78387740488938
299.95990082155572
299.97232900380584
299.98876525527635
300.0038684628085
299.98371136010735
300.03408296150297
300.09275218853674
300.06793695438733
299.90215597443063
299.86545102398878
299.97417357728148
299.99897873185279
299.99769417167425
300.02832801140892
300.03654994118369
300.0199153735096
299.95958612583985
299.96641233376153
299.97603751412288
299.9957930885052
300.00183902036565
300.00423782621647
299.99737272327349
299.99016176610445
299.98399106906106
299.98513652704901
300.01720777353245
299.99610378897523
300.00135532015105
300.01849987646176
299.95524830933982
299.91478365273912
299.95556761682303
299.97326114950414
300.01577605612027
300.07726432287393
299.90118882590042
299.99403633615844
300.01013264877895
299.9856356140063
299.98083202333152
299.97423644949981
299.97856931661147
299.98751377153411
299.99350977295938
300.02020509759888
300.03599889077066
300.0227674679756
299.94469253048521
299.96583647243807
299.97348351238298
299.99441738722771
300.00359991216561
300.00546562996516
299.99853762625395
299.99097570613606
299.98053912076284
299.96094858440551
299.93818893920553
299.97351654365247
299.99576662739025
300.04175522778485
300.11147611147027
299.99843349289836
299.98241489885726
299.99019757821628
300.19542372027882
299.82661643818534
299.98140261698649
300.01904696810124
300.13384036518335
299.9932895846419
299.840866135336
299.96414635428829
299.98097439046734
299.99045856234187
299.98471742625202
299.99376503078389
300.02388537806729
299.9929594474421
299.94749025464819
299.96204872414438
299.97720678949423
299.99824550475552
300.00509227480876
300.00506261939967
300.00140017332609
299.99385208612813
299.98118079798684
299.96572607181594
299.95996857357363
299.97501583393284
299.98678602225351
299.96705900041923
299.84842648979082
299.88108342864285
299.94657129627831
299.99018128952605
300.00410104276358
299.99268064645332
300.02159223028087
300.15546926716053
299.93811653599676
299.99816449926374
299.93677336616787
299.92374828467138
299.97123454349139
300.36991104447361
299.59034771421494
299.97970671108436
299.9987697510083
299.98934596828326
299.95634073507176
299.96493749299856
299.98361782686942
300.00480683988866
300.00610990763238
300.00122665393832
300.00398046567574
300.00367471269658
299.98782024849936
299.97423291479726
299.97717692626702
299.98906833871064
300.00113714718162
299.98963912145894
299.97713784186789
299.93753279798847
299.95976315136858
299.99757038762391
300.01592553926827
300.0213841310196
300.07943661235754
300.04860900285757
300.02327244873942
300.00105029797555
299.99520543045588
299.85294335268662
299.9698385891636
300.01709910608616
299.9558789637926
299.97347184877242
299.99603476038197
299.9990260895143
299.96875134305657
299.97889318563261
299.99700537374332
300.01335153485115
300.01668162192573
300.01121293270501
299.99934892338968
300.00895464864249
299.99488535819393
299.98366450567443
299.98780980555438
299.9995206199776
300.01526384041227
300.01316580993404
300.0083446413268
299.96724468984519
299.98238353191357
300.01037768481712
300.0257032056428
300.03374762179152
300.08803849523372
300.05992204195326
300.02472084318674
299.99988757273945
300.01578362177577
299.83185475963427
299.98170673869834
300.04179120547326
299.96176228731446
299.9824027155131
300.00549036442379
300.01967058875152
299.97383137340444
299.99354550061872
300.02035606635468
300.02641227920725
300.02791396718101
300.02540714685745
300.00969613399309
300.00367296931563
299.99485273431208
299.98899734510832
299.99323002903151
300.00166603681447
300.01674158368479
300.01861493266762
300.01637874648571
299.97445577445171
299.98832166592632
300.01987545778525
300.03587649419535
300.01392883025665
300.03365088000947
300.07272593172524
300.10594986393733
300.03140668721539
299.88199137777661
299.9257098677997
300.02172914760274
300.09842527725289
299.94509639518901
299.99246173151175
300.02134662822601
300.05168873291211
299.95659200171212
299.99790113964366
300.08687979214642
300.04300702276043
300.0324687860616
300.02940731425343
300.01570814368336
300.00341468136565
299.99661997586645
299.99363020804145
299.99671295234629
300.00370690985341
300.01572955302231
300.02104240544872
300.0136925851823
299.96688451889838
299.98288492531759
300.02492706741941
300.04741672096191
299.99864153703396
300.00944247340522
300.04429674651607
300.10095396824153
300.03768279401487
299.89709589103018
299.98847262376
300.03045329192889
300.04075953610737
299.98874330412065
300.00736892257959
300.03926167399237
300.03369241887123
299.97822752031794
299.9808993310341
299.9285321405859
300.12252065572875
300.03272112264739
300.02762982168997
300.01634375227854
300.0060476891552
299.99953703925144
299.99645465559695
300.00294605341998
300.00693366336668
300.01770863602167
300.02583885079804
299.98752266876375
299.95059958690138
299.97062826621556
300.00148757223565
300.0233313691528
300.01814411918758
300.02601882514557
300.01276633549497
300.02286446774042
300.00876624014637
300.0019214759169
300.01981968873872
300.01557469458072
299.9745123014651
299.99120790724584
300.03394965342397
300.05073261148709
300.03857706187699
300.00232476047711
299.99980479740083
299.97950978465605
299.88829922475776
300.20235365798356
300.02240110258066
300.01420995449689
300.00740208958518
300.0009424819259
299.99707863302893
300.00769189624748
299.82865507881348
300.02155496385188
300.02154437581731
300.01594287049772
299.96336578896626
299.97762821768288
299.98653485960318
299.99048410027962
300.03168787106625
300.05381627917035
299.98959413004468
299.99891868216923
300.00885359649277
300.01883201717669
300.0236283848858
299.98889912724826
299.982613107139
300.01421464566863
300.05338144931625
300.0685677575359
300.04585372994507
300.01333485108836
299.98540178833014
299.9987897875377
300.00939518234605
299.84748916923644
300.03699634479494
300.01648166066286
300.0039626174048
299.98945027224613
299.98847426895497
300.0066295971443
300.24181680674525
299.99253648056782
300.04544579441153
300.13604817221045
299.84788704222052
299.96961604651756
299.97490319293837
299.94361175329101
300.00749990329069
300.02534697014715
300.002650883385
300.00481943877202
300.00747128570515
300.01515297500561
300.02215369440296
300.00496808647802
300.00214601950904
300.01624628178962
300.05326494500838
300.07316413775135
300.00804449878387
299.98707266739541
300.01209456129385
300.0127678691473
300.03439168773241
300.08878328335038
300.07361583210593
300.10432600477219
299.92890421986749
299.94587899176844
299.98324967636961
299.99835685881033
300.03010397862647
300.0469644406636
300.18913462115074
299.94072826159618
299.93021759596729
299.96687722024188
299.99740819859903
300.04804721123367
300.01283165492674
300.00173165539712
300.0051776558488
300.00786564588361
300.00648714632615
300.02052293070449
300.06464042524306
300.02029692913442
300.01489248257752
300.02557980212697
300.05126060958662
300.04978121485755
300.01806984522995
299.97943465008291
299.97812260437536
299.97982389450135
300.00153533120965
299.96393165274213
300.02085221677208
300.01319583228081
300.00508846608659
299.99389509409707
300.004405741798
300.00426921317319
300.02596103295059
300.24205503279438
299.90757329593629
299.99363525682799
299.95609671876855
299.95991735767632
299.98289002587921
300.00395737464021
300.00129895782078
300.01463164195661
300.01175274105015
300.00804291920383
300.00388732792936
299.9980223941854
299.96864817115511
300.00112370539779
300.00531447820151
300.02255417341917
300.04028222423358
300.06054028322751
299.99753179867582
300.04545561301524
299.8383065890776
299.97685090396766
299.99292996594403
299.99070950268396
300.01927988056525
300.01192744525605
300.00258265154008
299.99867470464341
300.00296019970494
300.00946812793046
300.0275748345839
300.04266726814319
300.05157764974518
300.03406443058304
299.99481454144757
299.96109301078951
299.98312547417663
299.98483671126695
299.99870182875111
300.01805823463354
300.02213747536354
300.01319129713636
299.99720306170855
299.98848234836191
299.9892363356862
300.00345956357239
300.01152242160344
300.02121450647121
300.03675562863805
300.04418327574467
299.88911431609932
299.92501316959044
299.95929787080064
300.02476307615518
299.99704019039615
299.99913867352637
299.9966127321315
299.99875153859432
299.99658306052027
299.99751753694318
299.9978373022995
300.00805146201532
300.02046744563222
300.03271576376227
300.03903723141144
300.03309002631545
300.0022263325024
299.97145908103357
299.99525171762508
299.9594697477832
299.99458477876419
300.00111141312368
300.01083922911965
300.00515752029429
299.99746281239288
299.98458437903662
299.97591473178011
300.00910302375337
300.07399556555487
300.02494788530231
300.03504506921388
300.01698943624814
299.88489744891342
299.92567086892706
299.94363320638018
299.9246412267787
299.9893868684656
300.02137126245822
300.02866016568845
300.00215784398119
299.98761447947038
300.00132934220278
299.97614344957145
299.98696018778105
300.0027229761169
300.01746631675189
300.03089699845577
300.02545283364663
300.02905080333267
299.93721721512287
299.90383311412819
299.97297098432358
299.99642460082237
300.00365177132255
300.00808374696538
300.00273630940029
299.99306761947838
299.98677573470246
299.98784169617772
299.99723604983552
299.93306017929581
300.00512675111901
300.01346887486608
300.05015345956889
299.78381297814639
299.96003074616101
299.97241900765005
299.98843502615995
300.00314343614519
299.98341682010067
300.03646252533787
300.09248978568468
300.06753913872564
299.90201767316125
299.8654512971458
299.97435136677922
299.9991574787723
299.99675906581365
300.02821502808217
300.0439877353806
300.01653774307192
299.97676410258333
300.05101193305575
299.99441229454828
299.99849858628204
300.00336523198661
300.00461519421418
299.99890812194587
299.99077059431937
299.98519686120727
299.9834221783824
300.00164783617498
299.98369279264375
300.0002442758726
300.02039952603883
300.23156152699494
299.91469153199722
299.95562544831245
299.97339294636544
300.01559286288295
300.07679257323701
299.90045053072032
299.99341730838461
300.00950376744663
299.98541857394395
299.98077473400866
299.97426355384403
299.97870999932519
299.98771310298605
299.99320902252873
300.01816179549024
300.03432420151739
300.01801833101445
299.95891280756274
299.9661149789132
299.97590866805825
299.99571100778917
300.00179475875007
300.00421580040376
299.9973643788905
299.99013335152245
299.98391186857685
299.9851148665191
300.01720783447928
299.99612592706802
300.00135009658601
300.01843773460092
299.95510569688241
299.99837094013844
299.98246274253188
299.99023572232448
300.19535746166059
299.82641162690061
299.98102931510385
300.01865516577027
300.13360137708156
299.993247305137
299.84089750964375
299.96419558824567
299.98108284975621
299.99057153524399
299.98470053915742
299.99318674166267
300.02194713777038
300.0217216190772
299.94435063690014
299.96568842916048
299.97340659327233
299.99437168604749
300.00357115796862
300.0054393745877
299.99852184221203
299.99096197795166
299.98050834124086
299.9609067437404
299.93816918294999
299.97351856608248
299.99577713580345
300.0417250662548
300.11137880981357
299.88109319322336
299.94662785483064
299.99022590975039
300.00412030971006
299.99266010008739
300.02156303470474
300.15543558346116
299.93807096267784
299.99815256814009
299.93680338999849
299.92380203781232
299.97130109795495
300.36996924353338
299.59038491046073
299.97972359000795
299.99879666006399
299.99282302935001
299.94737271615173
299.96196736195458
299.97715382451224
299.99820952136213
300.00505897067774
300.00503432062698
300.00138026585006
299.99384568984186
299.98117006207343
299.96570880901106
299.95995567420937
299.97500703934651
299.98677270778114
299.96703851290061
299.84840422363385
299.93759162211603
299.95984548341539
299.99766182131378
300.01597346386666
300.02141592018279
300.07947154526363
300.04863208832529
300.02326625489229
300.00103287600791
299.99519914504998
299.85295119448278
299.96986048427112
300.01712805898188
299.95590480848875
299.97350912025689
299.99607069973666
299.98933213729816
299.95628968651886
299.96483130444824
299.98350003284429
300.00476468762633
300.00607936688994
300.00120313005311
300.00396461552344
300.00366822788129
299.98781901863543
299.97423064617436
299.97717144854028
299.98905464413758
300.00112509745213
299.9896183859243
299.97713928123881
299.97547517953154
299.98877365394736
300.01280201619244
300.03630142458184
300.03346009809593
300.0500221640786
300.21419054686936
299.99819895715848
299.99915750023479
299.96615030663384
299.81397522152901
299.97152299927859
300.00051471357216
299.96186017438509
299.96531582911189
299.96956300380674
299.97697597942766
299.98190769940658
299.98985251936216
299.98846610907304
299.99128557178994
300.01017184326162
299.99323401675991
299.97296046506028
300.0432580091242
300.01183377228369
299.99290989676581
300.00211897579402
299.99971855278807
300.00319522355068
300.00355599231773
300.00279172508289
299.98471729353463
300.0035940172998
300.0112780242693
300.03861241068773
300.03475838597888
300.02093718332475
300.14761671994683
300.0447995184627
299.98666861342923
299.94884410048962
299.91498497195192
300.02314854536036
300.0370342713191
299.97181653281933
299.97104269540699
299.9850975577163
300.00200906612878
299.99580581146688
300.00753812995737
300.01658125074078
300.01798503488362
300.02859664563431
300.02201910323691
300.00089451075559
300.01180288536426
300.00534834397183
299.99567355898478
300.01171949395257
300.00327234657755
300.0060841944009
300.00665889968883
300.00703608666674
299.96862632820716
299.98952576959567
300.02386569021348
300.03615913881612
300.02112328831669
300.0209257239656
300.04123255725449
300.0488505494921
300.01082127899923
299.98410208462127
300.01056113290286
300.05340636307329
300.05137319771967
299.96809327821103
299.96886051712551
300.00169789709918
300.03225951327516
299.99568258732717
300.00657199877031
300.02881743887912
300.02990757869577
300.03172519622723
300.02753315459569
300.01492432016971
300.00190856077717
300.00808597266916
300.00555270930352
300.00077799917699
299.99759676593095
300.00042771947193
299.9907172472827
299.98615613957429
299.94511889792955
299.98433856899032
300.02246860300193
300.0049076858574
300.02849939078419
300.05028636841308
300.02202074092793
300.02314993923653
300.01286102627256
300.01042950633723
300.0170157428588
299.98372626333378
299.96929118935793
299.98082120259045
299.99923921472663
300.0142831575584
300.01030795747857
299.99983370583215
300.00941972143744
299.99932988531828
300.02350474277534
300.02567302408045
300.02495818218756
300.02234322976386
300.01259840282484
300.00548014450357
300.00130050033579
300.00428524099573
299.99561197080328
299.99754074583956
300.00904455248451
299.91109626777671
299.99567634191936
299.98350856058784
299.99508978955885
300.00249019980362
300.03724245874525
300.05448612975442
300.00938784090005
300.00848811340995
300.01331896445623
300.02578519924089
300.03790129509787
299.95399958507835
299.9810214040827
300.0036428274181
300.02328118833816
300.03737178282574
300.02784632113105
300.00948391087348
300.07921249780105
300.00806986886414
300.00528105773702
300.01496422484695
300.01997047347726
300.01615207422111
300.01232910747638
300.00419374359132
299.99127633895307
299.98618957016544
299.97957946353131
299.98259839760169
300.01587276179868
300.07232326788369
299.97388362717152
299.98965990391486
299.98961906061186
299.9971173387338
300.02738745858431
300.02495146763584
300.00660189716268
300.00801924723476
300.01338495170012
300.02700565583046
300.03336036274703
300.00315745971312
299.9934921719186
299.98521853985886
300.01475489776777
300.04097958251128
300.03573000964548
299.97603474433805
299.91061957306243
300.01418048356544
300.02843018693994
300.02918037796718
300.03481159175288
300.01739599608965
300.01158003882273
300.00189899946935
299.99009277141823
299.98221405574668
299.9621967773183
300.03426721238492
300.04427250658193
300.03482376461579
299.91443790813435
299.97431972711706
299.9986314950454
300.01767697162649
300.00783352986673
299.96637488688106
299.99936593677313
300.00845790788992
300.01071811120107
300.02637640718774
300.04179157863967
300.00865228505501
299.99974180310551
300.00312307397678
300.0496750992977
300.09376930114848
300.0616737557778
300.00349106261245
300.00003931927841
300.07782363394205
300.03623892342313
300.03100312997145
300.02906757867476
300.0151545760508
300.0098292186197
299.99961744770116
300.00382279471705
299.99372417426736
300.04506791051352
300.05206415018097
300.08104583286394
300.06316761403383
299.95656731493409
299.96218193906293
299.98842083427354
300.00440943937929
300.00810246187041
300.05194922278002
300.02573161769078
300.01506083543762
300.00111168760827
299.99501587294071
300.00830846210977
300.00356958702764
299.98952403884147
300.01167599014042
300.06211958807978
300.15449544005742
300.10040128082551
299.98677846345402
299.99158723012147
299.92087105201682
300.01598415921961
299.99462625280688
300.01005593270014
300.01100444894524
300.00933568568018
300.01226134781535
300.05101715624676
299.9633844110553
300.02726163028876
300.05023908731567
300.13901998823644
299.9678576378393
299.99359779275886
299.96050023098985
299.97479593679645
300.00229181762995
300.02333052815703
300.04900747778458
300.05858321865963
300.04047209670392
299.97670147400703
299.95813538931935
299.98176282698728
300.00482117989498
299.99484739165354
300.00967324740282
300.04608925113911
300.07841551718656
300.02145125641329
299.90543853161898
299.94978814980908
299.97797310613663
300.00620414078122
300.00434904028589
300.02386282572604
300.01500511604917
300.00466065678773
300.00479762304303
300.01363439613732
300.01016518377048
300.03578135157295
300.04035065322876
300.05455075422469
300.03596491788699
299.99438419942754
299.96256735165491
299.92726284424975
299.98192564924631
300.00967645875193
300.01979626960156
300.02378419097357
300.01152401641588
299.99259694654739
299.97701018630681
299.97968991189396
300.00749132903422
300.0275790259937
300.01749847496268
300.00851314934511
299.89342911485181
299.81591180712189
299.90208432800284
299.96248117887086
299.99538779708968
299.9936079684071
300.02103243008645
300.04612310615022
300.0129429724999
300.0020919889933
300.00658454921233
299.99413559259648
300.00407033597293
300.01396193185508
300.02438897567419
300.02736222804617
300.02690785314775
300.00004157825958
299.97162408822885
299.91357443694153
299.99435663824397
300.0061956438438
300.00768310391129
300.00614439719226
299.99803800020709
299.99368147843637
299.99015037246113
299.99819707396381
300.00553535809075
300.18856044920108
300.01181347497936
300.00972312886762
300.1573152530359
299.71320347692421
299.93886658234925
299.9869102105439
300.00070213884192
300.00223436980747
300.02211740193997
300.02831190523085
299.98732757091528
299.99791007463244
300.04170183117247
299.94842327742964
299.97360781732897
299.99421958281306
299.99915099407252
300.02560003004106
300.02215327288781
300.02578616180296
299.99290236700233
300.11431065447397
300.00773529924771
300.00912574155154
300.00402310997555
300.00372822420553
299.99299960275823
299.98977977564613
299.98549865513451
299.96616873163111
299.98648273565328
299.77458621377605
299.99707940343711
300.02214118008953
299.9868242502456
299.97073584011218
299.99228473657371
300.08616510686898
300.08932497247508
299.94590672676446
299.9369749241207
299.97080726787595
299.99147060969142
299.98670255993403
300.00095832475273
299.9705826472939
299.97726610580952
300.03128948562852
299.94023788822335
300.01245470500567
300.03623820227966
300.01846856158704
299.96691451083814
299.9583822115801
299.98139334059266
299.99766934096135
299.9919239315692
300.00545795242243
299.9887524418541
299.98548406786301
299.9982890460833
299.98579658370176
299.97975581298977
299.97369436846151
299.99944564639918
300.04406574476445
299.92641823461116
299.95313819074852
299.9784925463149
299.95493681747149
300.04604812407268
299.97064289090628
299.97553167022625
299.99896483516153
300.00025536639987
299.99035331131216
299.98197691630355
299.97019352111892
299.97606278961513
299.99163062208959
299.96845935703783
299.98770559320496
300.02292787989279
299.99551789337045
299.96952119958831
299.99129711224509
299.98398275656024
299.99096191688028
299.99408531883296
299.99594794092673
299.98382091784168
299.97188533852676
299.9826817754286
299.9704790901892
299.96757684075936
299.97467700147087
300.00175947784288
300.02981214585458
299.99384782746984
299.9826822866338
300.00401782397444
299.99476692999161
300.01248688826013
300.07323195696301
299.98618061438407
300.00246635365949
300.02074237357596
299.99307006935624
299.95660083133748
299.97536862082359
299.98980524613785
299.99561544002034
299.957544273525
299.94104664165735
299.97622519408111
299.97339604695208
299.97383728786417
299.98021621242475
299.97579533077618
299.98268237804803
299.9907645936708
299.9871676699106
299.99254615483625
299.98806019162305
299.98302123618731
299.97634862655707
299.97813400950594
299.98401029879426
299.98888298190155
299.97918369853284
299.96982518089385
299.95322641016082
299.96304890365104
299.98994541937026
300.00972423856308
299.94679445963135
299.97706230402605
300.03877195316898
300.157056729114
299.94704112712895
299.87121912848397
299.93587424562116
299.98501175214864
299.97531101543791
299.94405060731054
299.94140942312538
299.95790951389301
299.9693514884018
299.97200117405907
299.97483521145836
299.97269265235809
299.97915207242301
299.98907941408117
299.9715181865991
300.00397926928326
300.01948576700272
299.99709521326213
299.98231008216896
299.98810062558908
299.98948424463219
299.98777114564803
299.97596308181198
299.97967483909144
299.9554146357994
299.9659634565935
299.99921727303263
300.02611585340003
300.01761033321088
300.03519668852192
300.29519895202225
299.90540794193134
299.99877786896775
300.00266195489502
299.77068528936672
299.96391579099566
299.97960231705076
299.94489686425925
299.95145036658602
299.95994405484583
299.97698570870585
299.9818983233838
299.98951744735257
299.98787255009881
299.99089164469166
300.01006889161545
299.9932406686255
299.97297962939854
300.04327513828071
300.01185138455759
299.99293352968482
300.00214751362677
299.99974571052979
300.00313465243812
300.00335327929673
300.00253739779362
299.97532275141862
299.98859318695793
300.01268821865528
300.03621233384382
300.03340057123347
300.04996929892616
300.21412498734202
299.99816379217145
299.99917495021663
299.9661997040256
299.81403160569477
299.97157271575725
300.00054735257714
299.96187491757917
299.96532746516402
299.96956694242465
300.00196930026561
299.99559272962148
300.00743286380379
300.01905456771829
300.01829811251775
300.0284654526651
300.02200898152728
300.00091690523647
300.01182049648315
300.00537258012099
299.99571699492867
300.0117691767237
300.00325573218419
300.00583930635833
300.006113123587
300.00662738865225
299.98488282839025
300.00389951994879
300.0113524269658
300.03861409412349
300.03474850593727
300.02090378247124
300.14756676059193
300.04476850912448
299.98668048361566
299.9489137781373
299.91508175442794
300.02324454557851
300.03710187176324
299.97184287066534
299.97105808984134
299.98511622822213
300.03211293664242
299.99584248543169
300.00935897915326
300.04005240936613
300.03305597852034
300.03208976649688
300.02750857568265
300.01491405689507
300.00191606141391
300.00811741766404
300.00561579036247
300.00083330279949
299.99747329511018
299.99989842762631
299.98960798646777
299.98661331627994
299.96851589638572
299.9905766543452
300.02437929183094
300.0363271145502
300.02114876797771
300.02089704836027
300.04119508244031
300.04883891104805
300.01082210747018
299.98413672342622
300.0106465119141
300.0535111467259
300.05145289471238
299.96813008693192
299.96887577997705
300.00168449680723
300.01030005677848
299.99965942077085
300.00728466534207
299.99024716604578
300.02115736515066
300.02581670203227
300.02502713790739
300.02231378467798
300.01258172035045
300.00550767087208
300.00137409368699
300.00434815533617
299.9954926309747
299.99686313932625
300.00939988245813
299.91929074858518
299.94019662931191
299.98500782111017
300.02326088091758
300.00519596880901
300.02853578811215
300.05025278599021
300.0219860748835
300.02318574069585
300.01286250271187
300.01039880078213
300.0170246136816
299.98380234186129
299.96937474497673
299.98088454418888
299.99925502249329
300.01425757577994
300.02777526963433
300.00957910632104
300.07886999029785
300.00556236665079
300.00526644008909
300.01529930072479
300.01993931584258
300.01606748407403
300.01229341398681
300.00421624514564
299.9913519071381
299.98626561513441
299.97955021538672
299.98221297341979
300.01504255738655
300.07341117045399
299.99614522251687
299.98483783481544
299.99592474776938
300.00260683727453
300.03724449802252
300.05441732136956
300.00941542200928
300.00860759990962
300.01331614867462
300.02567803301793
300.03786123790996
299.95404104129238
299.9811281411765
300.00368944005186
300.02327258200927
300.03732994774896
300.03560194213895
299.97644956077539
299.91095160575082
300.01480544027203
300.02879228831017
300.02932630677122
300.034846217893
300.01733901469879
300.01153232921831
300.00190108098985
299.99014867897847
299.98228757866195
299.96222942029169
300.03394296091938
300.04336709775805
300.03425746261632
299.97433831341874
299.99039329688821
299.99004768660524
299.9971828994457
300.02743101683399
300.02502085622029
300.00667124228966
300.00811128476954
300.01334415800727
300.02698468422392
300.03348081398184
300.003280299957
299.99352180699577
299.98517131029507
300.01468994672001
300.0408903502256
300.06155986842754
300.00545939393754
300.00029520844714
300.07794086028071
300.03639982623639
300.03141529086759
300.0297949955189
300.01541793469318
300.00985738051116
299.99960982069877
300.0038390319682
299.99377667403769
300.04514528030057
300.05200580180019
300.08064878289252
300.06275203390493
299.91436401061293
299.97437667488936
299.99860240645774
300.01766460813968
300.00787876000919
299.96647893202442
299.99943222419557
300.00848116628765
300.01078181938607
300.0269397999769
300.04253416952758
300.00879325137095
299.99921336299161
300.00270605889466
300.04928613033582
300.09349820567627
300.10045365230815
299.98610331707238
299.99137690254554
299.92089330669626
300.01635739399563
299.99534436974426
300.01013514527557
300.01148586723883
300.00969264015754
300.01228521284503
300.05100557673933
299.96342068309661
300.0273473585342
300.05026396127874
300.13872920503883
299.96782624333741
299.95676696907736
299.96240777936941
299.98834548672414
300.00432440773551
300.00808057279119
300.05197992248844
300.02570139215578
300.01503145497503
300.00193029521796
299.99719814853631
300.0107065834336
300.00351719404904
299.98793716462973
300.00995708418418
300.06129080629051
300.15409772035173
300.02150288105651
299.90534144084074
299.94973128780794
299.97809468840984
300.00651210230086
300.00283741534457
300.01558257585833
300.01370895535916
300.00534883112277
300.00490726015443
300.01361863376474
300.01020841372178
300.03588035005953
300.0404971884243
300.05509338747805
300.03600465946528
299.99607053966622
299.96173402296012
299.97486941939007
300.00204988737846
300.02324182522807
300.04897186946954
300.05847707284903
300.04033961250514
299.97826559138878
299.96165085977992
299.98517507753951
300.00413190801947
299.99280901673478
300.00744092965857
300.04481771011228
300.07791681783181
299.81574895101278
299.90204233987862
299.9623961744656
299.99533346320112
299.99344546161319
300.01361399253454
300.01713460345485
300.00513493712947
300.00192676708872
300.00673978962112
299.99412738150397
300.00410928509717
300.01404723617065
300.02516342949821
300.02805568667594
300.02017673028735
299.99774258643811
299.96505002294208
299.92731874092226
299.98157687197727
300.00953419323395
300.01974050796423
300.02370688204888
300.01147019215443
299.9934148269723
299.97931464859477
299.98199624846416
300.00747356523243
300.02606717629982
300.0160188646492
300.007576033867
299.89303638683003
299.71309602190166
299.93878989741705
299.98674214219182
299.99988795622329
300.0000054800006
300.03342471155264
300.05189148402792
299.99777562749472
299.99998050626311
300.04119426417191
299.94829657629612
299.97363162529098
299.99431900398764
299.99941423092503
300.01583817848592
299.95079837289813
299.99528977734548
299.97344613402447
299.91359871210398
299.99408307894333
300.00607320372711
300.0076379931848
300.00611140787237
299.99797881267193
299.99389762327974
299.99077848741661
299.99899868141188
300.00566409740907
300.18808171651204
300.01111020386776
300.00933175420482
300.15710703098125
299.97063654249285
299.99219663904233
300.08590910957435
300.08865955672115
299.94459691698677
299.9374683879754
299.98247996191111
299.99413798613188
299.98676505248665
300.00066598021766
299.97051764605885
299.97738059878424
300.03117280892684
299.93839700544612
300.02023814689045
300.11406319919064
300.03326809245931
299.99214807794652
300.1139263680854
300.00754576872157
300.00903119621148
300.00398974788493
300.00372371483559
299.99297420574089
299.98971039846424
299.98558757736276
299.96628799471176
299.98654717104608
299.77457588307192
299.99706600000638
300.02208381941341
299.98672212940869
299.95302345219528
299.97839747660765
299.95482400911698
300.04574179807918
299.97010396786754
299.97488623963642
299.99959214943874
300.00002624725067
299.99023701774502
299.98182871588409
299.97014092210816
299.97618678595001
299.99184284239084
299.96753697758965
299.98626109354717
300.02835508234034
300.01799102408694
299.96507236847327
299.9580075353058
299.98130586412765
299.9976307690323
299.99190160932108
300.00544615981607
299.98874089633745
299.98544947293908
299.99821395032342
299.98575508444912
299.97973412884693
299.97370427932458
299.99944804575694
300.04403167768311
299.9263206865042
299.98258339549415
300.00391676105619
299.99467831395418
300.01238370962881
300.07311664275528
299.98579251345518
300.00189575838294
300.02038148513446
299.99294770242051
299.95654492475444
299.97536501721885
299.9898932224213
299.99572124980011
299.9573673244401
299.94011498192401
299.9741577277473
299.99393290972682
299.96905377889368
299.9911723770079
299.98393757858423
299.99093514893809
299.99406109140801
299.99592774775107
299.98380910274324
299.9718695934879
299.98264999263046
299.97043893526052
299.96754817855333
299.97466482078761
300.00174227164172
300.0297538926244
299.99375371460872
299.95323000393881
299.9630890369516
299.98997182829413
300.00971941900741
299.94676868727055
299.97696811162803
300.038638381422
300.15694308388129
299.94697092840147
299.87119975296622
299.93589769857601
299.98506037821107
299.97535374816056
299.94406777528042
299.94133806980932
299.95784868690384
299.97333553001721
299.97379407893106
299.98013554898057
299.97572377477076
299.98264579273427
299.99074306587426
299.98714728752719
299.99253015608173
299.98804984712365
299.98301101315184
299.97633200913924
299.97811432764445
299.98398040056134
299.98883026790753
299.97911509792698
299.96977302393418
299.95555821212139
299.96613683316264
299.99937349108376
300.02620507634049
300.01765563428194
300.03525333358533
300.29527869819509
299.90542314425676
299.99875162020106
300.002635032657
299.7706635379933
299.96391307115425
299.97960749509156
299.94489846005496
299.95146516431299
299.95995006535873
299.96934514196244
299.97194092611596
299.9746778842507
299.97255472884336
299.97911176570233
299.98906010329392
299.97150048760778
300.00396224197118
300.01947248883567
299.99708676727226
299.98229902602736
299.9880817636527
299.98945517634581
299.98772121447706
299.97591728795675
299.97968394145306
299.97080695730477
300.00354011252699
299.98936453556212
300.04021005076265
300.04391690150896
300.01595737665554
300.02001042110021
300.04996663539885
300.00727976646198
299.98101764199725
299.94593015479995
299.98182797158461
299.95237694973565
299.94729640143788
299.95363198684799
299.94016035201616
299.95637992415021
299.97767288107457
299.98373699344785
299.97322982156464
299.96643916917446
300.00907456887501
299.99897216750037
299.99278659700269
300.02469492007799
300.01228912644245
299.99520684672871
300.01325153431026
300.00269780662467
299.98883102176848
299.98819884726112
300.01094225212938
299.98720318925768
300.03176571861997
299.97190810413628
300.04356175826365
300.08110845655449
299.951202315084
300.02281015156348
300.05346466323851
300.00813326577747
299.9863934336048
300.01423002744019
300.04785444560281
299.95313629993535
299.96860706343057
299.96779673314052
299.96331740216647
300.00175190576965
300.00114208113973
300.00680934726961
300.00392917268817
300.00154833313047
300.02077977496077
300.02937765723203
300.00262679889482
299.99646557871904
300.01075594782873
299.98310534062955
300.03856554155402
300.00956000283213
299.99569922648305
299.98998075849732
300.0146054532425
299.96960568801308
299.99466589429977
300.00660987821908
300.00903304794451
300.043271452998
300.02810194865037
300.03141892517647
300.03788041578866
300.01534070342984
299.99724284920262
300.0265008600864
300.07073384340106
299.96163530044919
299.98976077420872
299.97918764110591
299.99630520748633
300.10129263560026
300.0248899173738
300.01869013733267
300.02262072105054
300.02094430968265
300.02904248988204
300.02518354300616
300.01071126537516
299.98250410716952
300.0189508429271
300.00647795916007
299.90622241919516
299.99062170719736
299.98040960169106
299.91198194478329
299.99164038324949
299.96982631406746
300.00623716093128
300.05544225751953
299.93675620789077
300.03295140454321
300.08961196563757
300.02178798335018
300.03245312163961
300.0171088460047
299.99578207397298
299.99187533767025
299.98293327927991
299.97798838204625
299.98225070805171
299.98810387805634
299.98516882406716
299.93245954160165
300.00833368495523
300.03504642467465
300.03271624668457
300.02224787508845
300.02285798808401
300.02143857783255
300.02633613212708
300.01111459168891
300.01273740441673
300.01455091830547
300.1310481252288
300.00207258602694
299.99144558029053
300.09412661147178
300.00025897733008
299.97030330403948
299.98847872899739
300.03776487113691
299.99689710020021
300.02371756230502
300.06088073201636
300.03683607108917
300.03021305190805
300.01796234732916
300.01481292131604
300.01133367188777
299.97919400217768
300.01528618230839
299.9921768069957
300.01158869175049
300.03756810358641
300.03801589293039
300.02072452683359
300.06691197981229
300.01647737728331
300.20666168491073
300.01780342449825
300.02050756071907
300.01689318018225
300.00801388070505
300.01137705821367
299.99278732642074
299.98558652280485
299.96621096423007
299.92401693255374
300.00769768898743
299.99165302423586
299.99120180561795
300.01391915873154
300.02537255015125
300.03985032076599
300.41140895216319
299.66041275260181
300.01862787482196
300.01643093280671
300.02106213511718
300.04820599149235
300.04390482962981
299.99559571516659
300.07849981752287
299.92701254149466
300.00648955930592
300.04640115079673
300.16042520572142
299.89657614540829
299.94713606610429
300.02649650778039
299.84757063949212
300.04129661664422
300.07658859193521
300.02491263792933
300.00927661334106
300.00205516506406
299.98842143750767
299.98446454021376
299.99296341151086
300.10296619625791
300.04778567783569
300.01580450909506
299.85589285446326
299.99601810475184
300.01212358690685
300.02374654495861
300.01370793418477
300.00731485999711
300.00600882381457
300.00917957119384
300.01827774568983
300.06281492339053
300.08029386992536
300.00419478984134
300.03633533601226
300.01958171221588
300.07656907415418
300.09750294134028
300.08919339873165
300.14187767916781
300.00209044835515
299.9942519811492
300.00855353896338
300.01324634077054
299.99567768755549
300.01466596835689
300.01036849337663
300.00046881390313
299.99835960687363
299.9961063431993
300.00984649071808
300.15159086820393
299.97474173682127
300.10528713036797
299.96821532126609
299.97549951092816
299.99990194849437
300.00924181115187
300.05267321603077
299.88487989634416
300.00187801705027
300.0085031806924
300.00474672814255
299.99705026738121
300.05450252265359
300.01559957721361
299.97123577662597
300.00058264902208
300.21139380786633
300.06089148325492
300.04148928810514
299.86541343811535
300.00517098678188
299.99500441328775
300.01342862319342
300.00962340404197
300.00512219691751
300.01444242964686
300.00912164866475
300.00230087857801
300.00900163402798
300.00469764670891
300.02704613316632
300.03886150049033
300.05943142339476
300.03251767146088
299.98703844958015
299.96988363740644
299.97756417476097
300.01058284283988
300.05464248838052
300.01584637440521
300.02184801404667
300.01566920995816
300.0005540189307
299.99623629757787
300.04124978392798
300.04666526257512
299.98809475509432
300.00170824806747
299.95303444466032
300.04302928992888
300.04351060163884
299.85826770875241
299.96155801447151
299.9900777108511
300.00992491834734
300.0169536977686
300.01446449162592
300.0183653914732
300.00966403808837
300.00109597951729
300.0029918145741
300.01092922897118
300.03839141665986
300.03580861974996
300.03570001724955
300.03150983459574
299.97154796747901
299.96662890766902
299.85992615370219
299.98605322272925
300.00920007492044
300.00347025503208
300.01073201742457
300.00444891226704
299.99119267257458
299.9704679686011
299.97411195995397
300.03182891560493
300.05650083871865
300.00992141011443
299.92274658220981
300.00699660463948
299.88171184335056
299.98030944258966
299.94758763761712
299.99310188437249
300.00673026979473
300.02230134566315
300.01067358600409
300.01446839916906
300.00813804362679
300.00324108454799
299.99906563855512
300.0145271210983
300.01162556722414
300.00098376365804
300.00369013781068
299.99390724561408
299.99469795025902
299.99487659077118
300.11086329904708
300.00246875796114
300.00715293156605
300.01549023339913
300.00809531642102
299.9969961236414
299.99023441171579
299.97532513947391
299.95950113201837
299.97448153186377
299.94453932985738
299.97749771194589
299.96525686874361
299.9554627145377
299.90138259598376
299.84933508446619
299.97300849061099
300.13567601045565
300.02096428444958
300.20861217256953
300.01315978607761
299.99574829419532
299.99713560427114
300.00512413319012
299.99599263359858
300.01190074904048
299.99280066978321
299.99236441429309
300.01806570131714
300.01516785212971
300.03897315425451
300.00290055643694
300.01257463712034
300.01146577845947
300.0083854793686
300.00029605301756
300.01000420371412
299.99045512606563
299.98857980436367
300.00357475041358
300.00210983016865
300.01614355354002
299.98180342000279
299.99137395103236
300.007265071966
299.97816675694907
299.96118002281059
299.98098671550889
300.21158111825372
299.69836426043241
299.99042694485087
299.8159377288664
300.01137757697643
300.00239174839982
299.99456282197895
299.99375223643096
299.96871553115403
299.98523744233631
300.02972729857737
299.94034144875764
299.99587328334775
300.03644173291133
300.01617351999943
299.97506923675701
299.97353975503609
299.99036466148897
299.9911845428195
299.87871314446051
300.11504429206633
299.9894107883328
299.98157902800557
300.04484150454908
300.10204235829315
299.96101765602913
300.14993944022802
299.98083154366577
299.97508559129454
299.96204951656216
299.95740125345787
299.98134839702084
300.06881382595731
299.92677663542088
300.00873473699255
300.10224769949173
300.06519580321259
299.99825486477749
299.98932453822169
299.96687383863559
299.93958357917245
299.97411771219095
299.97471337976526
299.95466462872696
299.96902319701536
300.00951626604365
299.97906597979647
299.97234029847135
299.98272440064432
299.97774378120999
299.98933728314864
299.98450216766594
299.99561615536771
299.9655380499596
299.92807989939786
299.97537498788319
299.86109756139172
299.97074883015773
299.80189712954291
300.01212568452831
300.00110796505942
299.99723738963837
299.98457992570258
300.01481212270193
299.99234805491301
299.99622276863238
300.01774256240304
299.92181845150253
300.01019151041919
300.00510350605515
299.99016460547011
299.96191791511518
299.96845776015147
299.98496114016496
299.98233491983518
299.93297993216009
299.92587268298155
299.95645671681638
299.96938030360826
299.99102576943648
299.97877774713214
299.96556322860613
299.97228668605811
299.98737732508198
299.98625219476304
299.9791576249371
299.97347317800563
299.9807301621812
299.97254622792826
299.98163700329707
300.00487800972763
299.99571033830625
300.01986103657941
300.02108474714788
299.98603148136493
300.010263180999
299.98894439918553
300.05230699039691
300.05381809684519
299.91451830664732
299.96563753088878
300.01784349949389
300.00937466964331
299.94888571183037
299.98599065541754
299.98797066474037
299.94988682892529
299.91793489657289
299.93078661420697
299.93879774712974
299.95311487478199
299.97553575104627
299.97153489059838
299.95879458285168
299.95457442692566
299.9882897317982
299.98271457162684
299.99437089495854
300.0135479844937
299.99955170766486
299.98828900512518
299.99245376385352
299.99622823428996
299.97112819263771
299.96234479937459
299.99485914605202
299.95790350866548
299.98347509828943
299.98011438849778
300.03501338301299
300.03701436033657
300.00660357699763
300.00048002892839
300.04229307374925
300.19327363723698
299.783902577606
299.94241545286849
299.96991883912784
299.94440020498428
299.93035177872088
299.94345148691019
299.9352570399937
299.95639337935626
299.97768519361352
299.98358379334263
299.97297860583848
299.96630617339594
300.00902148731797
299.99898253906053
299.992803273135
300.02471528022431
300.01231872983794
299.99525086842453
300.01331227979279
300.0027656599143
299.98887584517001
299.9880962882873
300.01063940478588
299.97051583736322
300.0032128393882
299.98904812301771
300.04007521817255
300.04389173614101
300.01593447674605
300.01993411000689
300.04990020200967
300.00727134433265
299.98108700450842
299.94603421564528
299.98192733129275
299.95247109829256
299.94736672304833
299.95368820163179
299.94020229945147
300.00187075915858
300.00097120994189
300.00607630098608
300.00409408489224
300.00120904983845
300.02061647389013
300.02937629179252
300.00263852270643
299.99648625928199
300.01079768775992
299.98317797716493
300.0386486996058
300.00959508023976
299.99553644626741
299.98938984300469
300.01436435579217
299.98740466854929
300.0322566136947
299.97202102626761
300.04358104306135
300.08126869501825
299.95127231704697
300.02277293879416
300.05342590804372
300.00812539669431
299.98644272794047
300.01435019064559
300.04798760999842
299.95325475689936
299.96867648605667
299.96785094804227
299.96340668097741
300.10133067663122
300.02478626280401
300.01903014451443
300.02432955224009
300.02142926262155
300.02901459757771
300.02518141615127
300.01070213920866
299.98250810086341
300.01899748360177
300.00656716293662
299.90632286408845
299.99055963973512
299.97951522389553
299.91136658736616
299.99686563094838
299.96346552100675
299.99478321642795
300.00744404802424
300.00956135474928
300.04376734030717
300.02819239744133
300.03141062640452
300.03794585512975
300.01538141192174
299.99724056041219
300.02656982025189
300.07084625039073
299.96174429453549
299.98983183449411
299.97922532250607
299.99634286005272
299.9324288781288
300.00835511645289
300.03442285829118
300.02913078601438
300.02131993826424
300.02300794105423
300.02144458917218
300.0262849013576
300.01108761353731
300.01277369940709
300.01465350951116
300.1312025242795
300.00180281899867
299.99007688677324
300.09937801174954
300.11615036820768
299.85153385566343
300.00176186575794
300.05646232618068
299.93738188306281
300.0332005194162
300.08948794560615
300.02173274444738
300.03272083424946
300.01734139191274
299.99574700175225
299.99186463859866
299.98301062120282
299.97809168259232
299.98232211394048
299.98812873088804
299.98517794020228
300.03779404592996
300.02089116981551
300.06722515413367
300.01570099697665
300.2069035631913
300.01799096640201
300.02044692234148
300.01679945013768
300.0079615813201
300.01138094605585
299.99288464494254
299.98571949902066
299.96620098212225
299.92310776890906
300.00738599207415
299.99755535344252
299.96439447362593
299.98921957599651
300.0389515338054
299.9972031821718
300.02377118492848
300.06062275504581
300.03673668712429
300.03084150006305
300.01835247419928
300.01472025942923
300.01122930947696
299.97921551557397
300.01538302189971
299.99225427444856
300.01161721653699
300.03748018330822
300.16048855231691
299.89804781458867
299.94768025112592
300.02662135190121
299.84779426195416
300.04135347275894
300.07657087934922
300.02481473125619
300.00916849784096
300.0020309018268
299.98849305717988
299.98459389099031
299.99304744970249
300.10250766342193
300.0464460578151
300.01508277662487
299.99193258671909
300.0151187117641
300.02587585100952
300.04000670186963
300.41146934509709
299.6603588313713
300.01866148092375
300.01676325277043
300.02127241814503
300.0480928014735
300.0438504272974
299.99561130775965
300.07854333206973
299.92704846904121
300.00649231938513
300.04615407382761
300.09012008922178
300.14540193014045
300.00398560422161
299.99433138655206
300.00853416608879
300.01349751696688
299.99606044412928
300.01484912721719
300.01035337492596
300.00042751427605
299.99839332334545
299.99620525552666
300.00995798106044
300.15143833567714
299.97399928375023
300.10461457868217
299.85608828745626
299.99623979011119
300.01220561575758
300.02383752998151
300.0138344025379
300.00746358365961
300.00611626447744
300.0092728672459
300.01830746597824
300.06309601866712
300.08065361890033
300.00417277842308
300.03605614724569
300.01929690512895
300.07630121424546
300.09756763730712
300.04059423715091
299.86185097267014
300.00374339246781
299.99511007246258
300.01378207871142
300.01034721613445
300.00573337770959
300.01505059959158
300.00934904317427
300.00231301574371
300.0090215658862
300.0047768228165
300.02716713915544
300.03891303013785
300.05916906461351
300.03225345944838
299.96833306833196
299.97549374301781
299.99983849766107
300.00926117329749
300.05275907570285
299.88499548527238
300.0019162072
300.00851445865487
300.00517824450321
299.99835052278729
300.05557054939294
300.01543925245278
299.97022908980557
299.99969859807675
300.21097692988099
300.06070166982994
300.04361185457225
299.85704804741738
299.96121021013374
299.99015197695616
300.0104857964331
300.01707777481136
300.01225420668197
300.01849842273236
300.01016507704696
300.00118296412745
300.00303963029035
300.01102855723792
300.03850447851119
300.03597709665974
300.03609037068662
300.03223772942954
299.98786220571907
299.97038372792451
299.97749565883697
300.01048445404473
300.05465775600391
300.01586241355983
300.02179555877012
300.01561034693032
300.00144753505668
299.99839006676336
300.04332944516528
300.04609330170342
299.98644567739262
300.00040184615648
299.95247005829776
300.04290038456799
299.88182447493097
299.98022280738297
299.94754124017174
299.99312767275273
300.0069685905471
300.02031402679097
300.00369779129647
300.01257280797489
300.0083987983221
300.00339143353153
299.99912502672947
300.01464529268236
300.01180811292676
300.00164688151074
300.00506867968454
299.99497628220701
299.97337991996795
299.96735721381867
299.85978956292377
299.98587118420062
300.00914249609752
300.00344444792933
300.01067909174424
300.00439293815685
299.99179906031765
299.97174329904311
299.97572033093843
300.03169020516367
300.05541588294062
300.00902013614024
299.92236094476215
300.00681345644756
299.90127214729597
299.84921047362457
299.9728588892583
300.13535729763328
300.02031031870047
300.21119762769501
300.01963228728198
299.99985884227777
299.99788754581766
300.00498135890581
299.99598976995998
300.01203752483775
299.99303730683692
299.99329849638133
300.01713665051233
300.00905143143274
299.99459833180606
299.99516081265256
300.11070865994856
300.00231016947896
300.00707338138358
300.01545837293617
300.00806296514389
299.99692794325313
299.99023719437787
299.97566906506512
299.95992222417669
299.97451506777065
299.94420278430158
299.97729987532756
299.96508133301859
299.95532649012534
299.96100700005223
299.98082866840997
300.21137778148733
299.69802822613394
299.98987812157782
299.816394863504
300.01461559563131
300.00379319259554
299.99447788155476
299.99348291686778
299.96870000046505
299.98539787842481
300.02989465166047
299.93970350695179
299.99544579403516
300.0449159272373
300.03964079148267
300.00161936932568
300.01232706230019
300.01137490351164
300.00833184424357
300.00026961898692
300.00999288128327
299.99041294722309
299.98847416327618
300.00348585604121
300.00212442043079
300.01613753584547
299.98175374028932
299.99132324908607
300.00718178039097
299.97801650203547
299.95720065522266
299.98116892846878
300.0686121856553
299.92658629065846
300.00849931845511
300.10160791043631
300.06434566051161
299.99849720829019
299.98942843099354
299.96664139015377
299.9394591183854
299.97420572513573
299.97486679620215
299.95430065295511
299.9676548756554
300.00848238693823
300.01429596061269
299.97422207729096
299.97339012218771
299.99033748185906
299.99116062502287
299.87869630070219
300.1150309114804
299.98939277404747
299.98153782199086
300.04475652940567
300.10198166980672
299.96098954212766
300.14992762425612
299.98078219037654
299.97497395705977
299.96187073256453
299.98439331517119
300.01466762190211
299.99223411605902
299.99611781424215
300.01765074676285
299.92135655659615
300.00927234927047
300.00504262111662
299.99010550175058
299.96174896069078
299.9683788354356
299.98500316770441
299.98241714931157
299.93289554494902
299.92552995624987
299.95563150348448
299.9786343040056
299.97213986464948
299.982671329548
299.9777208073391
299.98932262357806
299.98448591630552
299.99560152109075
299.96552811091914
299.92806811566652
299.97534987772241
299.86106577712155
299.97071943209494
299.80185086817227
300.0120498596724
300.00094826737165
299.99703780917906
299.98600575061232
300.01032203947648
299.98906795322421
300.05231829176984
300.05379405381058
299.91440035979446
299.96546590845043
300.01769334813713
300.00926173641699
299.94880246362408
299.98595743340866
299.98797312613749
299.94988565735815
299.91791380513894
299.93073542001162
299.93874445882273
299.96933921516847
299.99099766348996
299.97872359998337
299.96550708489713
299.97225336567539
299.98735596352503
299.98623404371108
299.97914423507666
299.97345042289714
299.98071921197754
299.97252969386574
299.98160912114224
300.00481832783845
299.99558995866693
300.01967283386466
300.02091067609774
299.95815123207501
299.98382990386199
299.9804704566302
300.03515819752147
300.03704842602508
300.00662180329999
300.00053969513397
300.04229726864656
300.19324266453714
299.78385332933738
299.94235919164237
299.9698759576433
299.94433958781491
299.9303027177192
299.94341703652412
299.93522766936672
299.95313141688467
299.97550467705258
299.97143359590859
299.95869770991408
299.9545272797651
299.9882616048439
299.98269226741979
299.99435461119691
300.01353305226399
299.99953598792877
299.98826526881038
299.99242015214952
299.9961569165867
299.97095844079149
299.9621717211952
299.99487985764864
299.9277406772004
300.01402088790195
299.97026297231457
300.02606666118777
300.04350208849189
300.13250479621439
299.89604406424621
300.02874273394917
300.01389890652558
300.04836340345832
299.92477405714817
299.95095105185226
299.93781451691723
299.94364761897333
299.96171076692281
299.91819362559556
299.94470588135175
299.954456588629
299.95033287021448
299.97427477184954
299.96113702957894
299.97138057317932
299.97632233767445
299.99520403870122
300.03971940858133
300.04243357546562
300.01869325376236
300.00706208305547
299.99917447471296
299.98774993157792
299.98841318574244
300.05346894405847
299.92947853389518
300.00498609362427
299.98278266639562
300.03848055839399
300.02809183068814
300.02690200064035
300.0281934898897
300.09442185300401
300.17608708865879
299.79538962954013
300.11380102826001
299.88305511748206
299.95541841449017
299.9787422013485
299.99127924695966
299.91459303832056
299.93668108820469
299.9756674609593
299.99310449813362
300.00293781715584
299.99104924544787
299.88928264500839
300.13556851425807
300.00460787673569
299.98071847079382
300.05988605676896
300.01735246298205
300.01879874615037
299.99872524744814
299.99176212396731
299.99614053381254
300.04245726226048
299.95379605480554
299.98522656895341
299.96827612260216
300.00744695037338
300.03202248795947
300.0345554669222
300.08209119827615
300.13618787871172
299.93784867870824
299.95428221472901
300.01170243521756
299.99913557103798
300.18219201165158
299.83089704326295
300.04507736176339
299.92371483767005
299.99454991003176
300.01192526709201
300.02186172501183
300.0212923265978
300.01351439206491
300.01713706361761
300.03512395578247
300.01570631295135
300.00014814676547
300.01838459482838
299.99810596597138
300.01025750430711
299.98573982999119
299.97386618416402
299.97841014795603
300.02501322617428
299.96360708704071
299.99265850820166
299.92066139210573
299.95671317755301
300.24013000650882
299.83852087550196
300.0388021906237
300.0369140408506
300.02021483820698
300.00525744089958
300.01728671531629
299.99592656245335
299.97564122063682
299.95584054354867
300.01965911761306
300.00829215369259
300.02842767735501
300.03487814704891
300.03925618314463
300.03464476083627
300.01958011275684
300.03393325504533
300.0396615933289
300.02566608350315
300.00783851131604
300.00899883417679
300.00128527734569
300.06112431199324
300.00478839823404
299.91340954939687
300.00033735901508
299.99568059017889
299.86125673683597
300.00779435073457
300.14013354355734
300.01719451636671
300.0113982994975
300.03854008564485
300.05219244129592
300.04792137210922
300.015286822147
299.99348564647698
300.11514492996002
300.0926125468792
299.80753186219118
299.99762871804899
300.0839393558586
300.10697953545645
300.09173508029545
300.05233797541052
300.04172323213419
300.00976770686975
300.01522947857495
300.02690080709618
300.00817929275166
300.00670251521899
299.9879555077344
300.01805694542219
300.00754041507514
299.99119498070337
299.96440454069398
300.04252817427476
299.9771535386397
299.93887233211689
300.12367385449835
300.01946057742009
300.07588488745671
300.10154619506659
300.01609913962898
300.03365074351973
300.03803149295078
300.04431186228391
300.01658080878804
300.00162431079821
300.01473046992419
299.98088169840423
300.01264117630592
300.00321677817232
299.98704292097477
299.98995723639922
300.03579063376731
300.04156079262663
300.20996459354194
300.02663389544756
300.03152579300809
300.04421258424202
300.02862948061932
300.01149851727337
300.00188958371155
300.00120943611205
299.9859913591232
299.99158682169286
300.02000574750332
300.02643034228731
300.0539331314402
300.06924013535451
300.00389455926222
300.02204581090075
300.02746136241387
300.03511260506809
300.014395606184
300.03413286964036
300.02142520840994
300.03371770252988
300.01870220020044
300.01717791206755
300.05277289167668
300.05726798889026
300.05795369572871
300.03679650176298
300.30427302119756
300.08124623322158
300.08086788923089
300.16487809306079
299.83473888513879
300.01868851450985
300.01305826917758
300.01389925134032
300.02477987721943
300.01761868037585
300.00775819130473
299.99537389526569
299.99551453482815
299.99326296417559
300.00188927007275
300.01755717748426
300.0360151007896
300.03567558123626
299.98220352976386
299.98430431677497
300.01197372538633
300.08720496796036
299.86187779088476
299.99734846282826
299.83233961274567
300.01879991693966
300.01453170987497
300.01103497787579
300.0232271949348
300.00433808061291
300.01303073711142
300.00209948647853
299.76882702796451
300.04690451261951
300.0371863645359
299.86281222007312
300.19580146629994
300.04406507616784
300.02626492955113
300.024651328179
300.10562941351571
300.03423256658408
300.00905447235488
299.99178954205752
299.98981583393305
299.99314713632805
300.0148264847237
300.0214661154464
300.04023771340377
300.04418157209642
299.98104993258721
299.95306723920305
299.97917774504111
299.97359574507544
299.98181751927507
299.99912323432801
300.20887669775544
300.01680599429238
300.01342542002197
300.00392417153819
300.01653734758224
300.0390859342462
300.03201832042214
299.98836767961029
300.02377668204673
300.02823689006601
300.08620364744814
299.82185639336222
299.84250726384778
300.00111543830013
300.02107320706341
300.03049316693563
300.06983232054858
300.02234796121712
300.01097500620284
299.99580744652678
299.9768235014493
299.8798382279561
300.02075588916523
300.02606395563231
300.03177116198339
300.0195815822986
299.95073541402388
299.98227351727741
299.97626860290234
299.9823122423619
299.98661615914904
299.93246532686271
300.00459353954403
300.00647151002283
300.00119703268268
299.97766570323955
299.99116491653615
300.08602145825176
300.03382194539239
300.01000568175238
300.08761233603263
300.08303688746679
299.86806555122337
300.03079537497359
299.88901917308556
299.97873943344524
300.03165920178702
300.03957216626611
299.89139436489523
300.01392498189921
300.00722076054876
300.00408704939582
300.16461863958017
299.90627487457601
300.09099258880968
299.93989253085363
299.99987135278377
299.97203879707183
300.0333025564226
300.0121896851652
300.01176266112901
300.00463237014969
300.02052315631698
300.08600775376755
300.02231536114601
299.9983053074086
299.97951899036065
299.98177168327015
299.97253466602905
299.89816788086137
299.96914052922966
299.96627647392501
299.89969209844537
299.93075307745863
299.89484192559991
299.79847459500968
299.97199843585804
300.06361794846396
300.04124793938877
300.02226076398466
300.02330071204472
300.02385067929742
300.01170251915715
300.00980097102763
299.98596235570761
300.03579501362941
300.02310268434383
299.80940460679443
299.99263146707335
300.02457984197395
300.03399890056096
299.99752510585267
299.98184783532156
299.99276248740563
300.01054168508142
300.03211957368069
300.0184774446231
299.9913757439615
299.98734149136368
300.00972249652756
300.07061125818262
300.00489075633703
300.10339363084017
299.98459104482049
299.98769086455792
299.97273856343622
299.95854297835604
300.03472908817167
300.03880433143576
299.91302637367835
300.00301577012863
300.02789807154147
300.21167711624258
299.82382334000073
300.00743006864889
300.10427311509937
299.86660825667508
299.99577062807816
299.99893385470193
300.27961573726208
299.87185788402707
300.01633757432518
300.01013145722078
299.98183145543118
299.98709975206458
299.97808901077684
299.99841248241063
299.99103137931343
300.01061139158304
299.98933253660022
299.98998377063157
300.00168914135054
299.92653794098004
299.98483345944572
299.86652439983663
299.98343005766566
299.95854883311091
299.9700293228538
299.93517625251496
299.90066704590328
300.18134635588376
299.97864494647871
300.01596787444623
300.05349281065486
300.05254118158189
300.01079652040181
299.99219497378505
299.97681746133418
299.96111614215266
300.0397701111749
299.90207761324194
299.93163384022199
299.96877017267155
299.99537328075667
299.98734791877268
299.99573899615916
299.99016167393825
299.97941759752746
299.99457576583677
299.98310014646637
299.98463719537773
299.97143357685002
299.98531205107088
299.98566968362445
299.75212612867705
300.16968948578153
300.02199250748788
300.09162320272907
299.99929529995882
300.0035174697901
299.96189450087599
300.00212436585082
299.80649453103632
300.03312177636099
299.99380936366214
300.01144174278068
300.14395130761812
300.10499098706879
299.9189787998082
299.91010633222311
299.95820019617906
299.96669648243778
299.98900354300423
299.8740682862894
299.93125085727854
299.96061255712016
299.94684014680934
299.97097216056824
299.96072725570292
299.97062891555703
299.96983471591864
299.96339486598231
299.97704628274789
299.7898635623813
300.18484219004398
299.9956957672585
299.98006356487377
299.95907022324565
300.01197110159518
299.91700422514356
300.00830489826245
300.04660517065923
299.97027205437195
300.02346241886619
300.0078400532484
300.14486682001319
300.131806254644
299.9896493865441
299.90901068660764
300.19456347723434
299.99558015119794
299.80138597786373
300.071315355612
299.86147752957459
299.95898792449594
299.88530952405034
299.93655713642084
299.91308091930301
299.92954685013848
299.9462491944704
299.94216642891075
299.95975704026387
299.93938947926461
299.94091635399838
299.92659428550638
300.01537207085431
300.05474106544085
300.03359377069967
300.00768909825086
299.98284218248318
299.99490615026053
299.96111290167391
299.96897220582269
300.04646609735619
299.92260285333793
299.99855179773874
299.95947536331778
300.01935336305075
299.83895635724991
300.12343906468419
299.87652660365387
300.00566247045424
300.02260619207112
300.0231493476582
299.92080436231129
299.94168466367449
299.93431959600451
299.92762282632589
299.95168991098001
299.90034894979061
299.94471122771495
299.95453709910208
299.95041890527938
299.97420117874589
299.96112249230316
299.97139120640537
299.9763419392566
299.99521791408256
300.03974623553279
300.04247544169959
300.01876572725013
300.00716344422841
299.99935946833102
299.9882577142659
299.98890263908493
300.05352704208718
299.92724661086913
300.01327042042408
299.96966687445132
300.02581339044241
300.04354627796232
300.13256937417475
299.8959936183216
300.02865789053277
300.0138676828339
300.04844031968798
299.92490135214706
299.95109993830766
299.93795161513503
299.94375548018337
299.96177749425817
299.91816989672526
299.93629376394517
299.97570260854519
299.99306313868499
300.00224425935141
299.99070753438184
299.88920202448605
300.13555260332504
300.00460325862002
299.98073282625916
300.05993590891939
300.01744179390721
300.01888206454163
299.99890014847688
299.99234031437561
299.99666624032415
300.04263229958076
299.92953139029237
300.00476501117242
299.98260071590386
300.03847381823721
300.02827879230119
300.0271014264066
300.02821972889603
300.09438764871658
300.17605714799885
299.79540419440519
300.11392919348737
299.88320891345654
299.9555460888148
299.97882735204956
299.99134424655455
299.91451203351306
299.9945956188148
300.01194183531959
300.02182186071627
300.02132551850889
300.01342117815415
300.0171044122211
300.03508909546929
300.01564628403258
300.00013925743531
300.01842943165389
299.99822321190061
300.01037080419366
299.98583378067377
299.97401844650727
299.97834068522991
300.02533728956729
299.95362915206624
299.98601662566483
299.96877388867938
300.00812054824178
300.03253389971525
300.03484096432328
300.08222225991886
300.13632406965633
299.93786349116658
299.95422820640016
300.01176937266382
299.99926025746464
300.18229458791978
299.83096169390922
300.04511489562731
299.92376773419937
300.0283553292773
300.03459711017655
300.03903265653571
300.03398368414912
300.01959346977156
300.03406331852733
300.03965330296489
300.02558222719153
300.00777753738333
300.00903539326674
300.00141005042326
300.06127554668927
300.00464307141419
299.91216848920283
299.99952179805194
300.0005508430134
299.95701768941763
299.99254431903199
299.92148047377066
299.95683241733548
300.24043332841347
299.83865384888077
300.03884773834443
300.03731803883079
300.02050960091503
300.00514633128392
300.01726383676464
299.99602679089941
299.97574941517206
299.95591574407064
300.01972479792431
300.00835069097292
300.09139055535002
300.05299421315664
300.0416208239414
300.01001594666832
300.01531045019283
300.02705460167886
300.00820264048485
300.00662087920074
299.98786274333713
300.01803476079192
300.0076383385944
299.99131661878846
299.96434411012859
300.04176589006363
299.97552986812707
299.93896698622325
299.86084649363409
300.00917197364913
300.14073488877472
300.01710741146246
300.01140791203096
300.03827088290302
300.05206775171763
300.048704454438
300.01590684390737
299.99339350640957
300.11502115830126
300.09263778740888
299.8076293044262
299.99775872979154
300.0839915105538
300.10683955335054
300.03683387669639
300.0462417032827
300.21142971583907
300.0267397221387
300.03161466687141
300.04438444493076
300.02864400447424
300.01136783973573
300.00176550247807
300.00115483922855
299.98605494686944
299.991736663295
300.0201186543963
300.02614908644989
300.05287873768111
300.0683760082722
300.12406336342667
300.02014605477166
300.0763125891533
300.10167374326471
300.01614745229659
300.03350666521794
300.0380441973752
300.04498853662977
300.01692638315751
300.0014642665364
300.0146046720804
299.98091555325323
300.01273934796586
300.00334659025526
299.98698126739043
299.98967194020406
300.08380320157397
300.10799841998744
299.84147683508866
300.0191809427273
300.01298779184293
300.01395421618423
300.02492364615574
300.01764250580601
300.00764405995437
299.99532085363165
299.99556051072972
299.99338452063847
300.00204305210042
300.01756855528998
300.03564568026309
300.03542740667024
300.00398302612228
300.0222343895058
300.02759567011788
300.03526111731833
300.0145456475708
300.03423971438144
300.02155088133429
300.03392609551634
300.01882583914744
300.01726712120154
300.05298852511402
300.05738176545333
300.0579932049742
300.03677231934768
300.3040718493304
300.08106107964767
300.03332690754991
299.92048845355987
300.19250871393069
300.0452589189606
300.02652190212183
300.02499180926173
300.10612849414065
300.03452198821049
300.00908788557649
299.99178135601403
299.98987364991444
299.99326421141279
300.01495906680827
300.02156893494583
300.04016410084381
300.04413192771352
299.98216023606574
299.98424609711145
300.01197301413032
300.08728607341061
299.8620149001909
299.99750745780801
299.83240840764284
300.01880797740932
300.01458182263093
300.01139216899827
300.02376041378278
300.00437855913327
300.01269706690073
300.00183427589826
299.76880327128293
300.04627980637952
300.08544277627533
299.8178942667268
299.84110341839164
300.00124166925968
300.02133206880097
300.03103676313168
300.07036901912176
300.02270097152308
300.01108892501674
299.99586673306152
299.97695070323931
299.8800082039424
300.02088858562598
300.02616252921541
300.03185226774417
300.01973765598188
299.98121641477451
299.95307825538151
299.97912960853728
299.97361608494748
299.98186404875673
299.99916078714119
300.20887062805548
300.01676107745436
300.01352149491117
300.00439006539102
300.01717088597184
300.03898554279328
300.03150722642988
299.9880594136219
300.02370109009007
300.02825576019336
299.86827960201617
300.03041395779042
299.88874675932476
299.97870721519479
300.03186640446552
300.04012993853763
299.89131729988935
300.01375310837415
300.0072741420459
300.00419837930224
300.16478438085772
299.9064912635526
300.09115864298661
299.94012937710158
300.0004570047476
299.97299683980464
299.95114181940073
299.98231654266471
299.97620052795185
299.98227261729073
299.98659237592227
299.93243002848004
300.00453999464526
300.00639488067839
300.00118288377149
299.97791001331422
299.99144809878766
300.08583738807903
300.03344516091238
300.00973965813188
300.08753335205745
300.08309753797391
299.89476083209922
299.798547509309
299.97188329708598
300.06353590639526
300.0412034484803
300.02288865188882
300.02461997980845
300.02278320559407
300.01139863066061
300.00981522306523
299.98612532298989
300.03602560501582
300.02328878772943
299.80972955696171
299.99396086016452
300.02545980462287
300.03374893191415
300.01211102189029
300.01168015263949
300.00455308962455
300.0204746570364
300.08595609168333
300.02224962050906
299.99819583860597
299.97937405508986
299.98167247409327
299.97252251330605
299.89808230688169
299.96904943401432
299.96624720071776
299.89964350653543
299.93065694637357
299.95830014402242
300.03454371504563
300.03867488996889
299.91291778561242
300.00298184043231
300.02801071681125
300.21184202597294
299.82358039578043
300.00719307228474
300.10418899482238
299.86671235461739
299.99596820460943
299.99913001076595
300.27961939056723
299.87100264088224
300.01524084612299
300.03345617357166
299.99725384279145
299.98177160704779
299.99272884156454
300.01050215121728
300.03206929507525
300.01842549963527
299.99131279598163
299.98724133786266
300.00951863398581
300.07047661865636
300.00483516874937
300.10338951407186
299.98459603753139
299.98761030636666
299.97254202662452
299.93489759307442
299.9004567603929
300.18122950516016
299.97858451425361
300.01594275213023
300.05322415341817
300.05187949870782
300.0108487867717
299.99217265229441
299.97670379595803
299.96114305146301
300.03989735554086
299.90219780569208
299.93157277778022
299.9682002289083
299.99445449180308
300.00948224809946
299.98168302417986
299.98705587839322
299.9780753195767
299.99839365957064
299.99100043160843
300.01057549990099
299.9893004768216
299.98993682814398
300.00160836985765
299.92648443889101
299.98481370763255
299.86651751683632
299.98339699811919
299.95843936604814
299.96977780831116
299.96166694239673
300.00205520654907
299.80646396347134
300.03310638678772
299.99377843591736
300.01125736021953
300.14348120968839
300.10493992972738
299.91893590750357
299.90999636186547
299.95817091788996
299.96673892389532
299.98904609363422
299.87405535431867
299.93109923180265
299.9602480178724
299.98719198475681
299.99569635198213
299.99013571264476
299.97940222085987
299.99456167132172
299.98307945351468
299.98461543480971
299.9714250011952
299.98530244488745
299.98561596895888
299.75210916576123
300.1696763662402
300.02202715355622
300.0915804043305
299.99909558829302
300.00319954540265
299.97036020925151
300.02377994804101
300.00810689673347
300.14496329142275
300.13179139322045
299.98958461688528
299.90892244073814
300.19455018718014
299.99554944782375
299.80133341878508
300.07126191876625
299.8614319364753
299.95894331297819
299.88525301733029
299.93648555962722
299.91301791511052
299.94682750953501
299.9709605049801
299.96070549341238
299.97059645979874
299.96980869541488
299.96337507847704
299.97702909739075
299.78986208291769
300.18487521214826
299.99568908064361
299.98004478736846
299.95902035330863
300.01191454450588
299.91679417084907
300.00797090796755
300.04634808724768
299.92298715530495
299.99926643226451
299.96008607330253
300.01966567931663
299.83894652372226
300.12339428879085
299.8765750367383
300.0057302530999
300.0226211907098
300.02308738189691
299.92070833795714
299.94157434552386
299.93420566293173
299.9275253751415
299.95162136462028
299.90034382783176
299.92954125100647
299.94623877853803
299.94211388981876
299.95970063091175
299.93933491827124
299.94089427938258
299.92656921836766
300.0153509417496
300.05479945571449
300.03357378344754
300.00764599129872
299.9827459039812
299.99478397999576
299.96076834165927
299.96854677214378
300.04635696464584
299.95769314431436
300.00352005022575
300.01417829015645
300.01555601792512
300.03874377500284
300.06075920371239
299.95612641214507
299.998868280301
299.9973367063746
300.00829147586478
299.98937514778686
299.97486162928692
299.93313179637943
299.9649857853542
299.98269440632788
300.03340170495056
300.0289700592009
299.95541918637957
299.90488648162432
299.98879623047139
299.95121031805007
299.80848386299778
300.21112606344104
299.99433600893383
299.80356006725731
300.21325752699369
300.03575980464529
300.01058742689622
299.97924661387788
299.98661669938292
299.97166858848698
299.98232122378397
299.85440858659024
299.89087050470403
299.96845207682009
300.01993730047235
300.02849747966394
300.23303883462052
299.83134905736154
300.02284268373404
300.00856088318955
300.01028166472531
300.0312202526539
299.99927590813815
299.9451268050471
299.96677226425169
299.98276859572866
299.79780767078671
299.86845185381571
299.95498912510294
299.96600130161153
299.99887807161133
299.98728966673275
299.98521562628281
300.06323552110666
300.00756780670139
299.98304578452036
300.05570813538185
300.04263288311694
300.01570381895169
299.99061713134421
299.97746473544072
299.9638391962485
300.00797111331019
299.94265465107111
300.02459689865174
299.96117767189594
299.99131906576793
300.02692648660792
300.04884046577632
300.24820837857845
299.82389152533068
300.01925174910474
300.02546119327798
300.0232716311117
300.00189716642046
300.09652384292059
299.99687237775413
300.02749742699763
299.94094581894382
299.93067867172482
299.98529439691436
300.0126534977324
300.02380701082853
300.01340426051195
300.0033492023075
300.05327807353058
300.02252227434184
300.00917109069491
300.03559598975943
300.02165077079019
299.82674292191501
300.17835597019939
299.95992685626618
299.935398331035
300.04175414092418
299.94873619170414
300.0520282152504
299.97730123290859
299.99359485244861
299.88670583408759
299.97837593561752
300.05088770947498
300.02602699659508
300.0239628762663
300.04888856623296
300.04262198140077
300.00221514481649
299.93434054429048
299.90943287146001
300.0314685187044
299.97843253490981
300.01443675597488
300.02765086450484
300.04515107643766
300.13858804715971
300.01081698278779
300.03355794486788
300.11915653097026
300.03789797246282
300.01464770383723
300.00855906366297
300.00957556586087
300.01637294356561
299.8036758786381
299.98506940330992
300.01638515073927
300.00864322435916
300.03647610611193
300.00794481737643
299.98588675465197
299.93465571359292
300.22398422063264
300.0132323743012
300.04260409572009
300.04744071970077
300.01121954687733
299.97883393101949
299.99072993022503
300.10947999225226
299.88262189905652
299.99970159692288
300.0442576191997
300.045688010665
300.06248211306155
300.05921253755514
300.14891312433576
299.90826990383391
300.20174556387946
299.83574710837217
300.13066655823025
300.00499751830915
300.0012786388474
299.9667971313757
300.05128962218737
299.99565084658252
300.16774346842425
300.00417822216343
300.03722230487449
300.03544991023966
299.99796911380429
299.96497281077779
300.07879905057337
300.18170088340696
300.03242785802968
300.03858186924498
300.05713222603771
300.09116382977106
300.02281738066557
299.96487414701141
299.99800551242538
300.02257006600553
300.04506384100512
300.0358832257815
300.01941994842241
299.99467664022927
300.01675328339212
300.04763915896393
300.13579743508063
300.02704766835399
299.84460856269055
300.03961430122797
300.00498580470753
300.0098172430196
300.00865579547434
299.98783867703906
299.8877767389082
299.9923717152688
300.00814434472056
299.99820739278368
299.99873060417667
300.01522812112449
300.0028762897029
300.04538762237922
300.04275893011368
300.01347840473693
300.02440718267746
300.24779043059146
299.74898923858308
300.10625205063252
300.06034244264481
299.93698649535668
300.06934608494447
300.07053585801361
300.11014686481803
300.00757304987627
300.0334141998502
300.04657864484955
300.24198853337117
300.04582301546935
299.8400765450296
300.04523511603441
300.03898957102723
300.07418843242891
300.03363946817348
300.01918782471722
300.00838039876015
299.99891527151902
300.10767207293298
299.99689625450509
300.00162115895625
300.01108085541847
300.00035039749059
300.01331657637957
299.99190586889131
299.99389316218361
300.02929994258591
299.92206962886706
299.96420565660355
300.03853499624813
300.15385367241242
300.0535632869761
300.02940235349189
299.99967941049152
299.9762821435902
300.04657028073342
300.03959169925753
299.9854961553666
300.00796930925247
300.05933284103361
299.86336061379393
300.00729722817454
300.00967028335765
300.06558647937561
300.04391893275556
299.98821947865997
300.04691875195437
300.03567011908149
300.00691004909146
299.98787621498985
299.9911025822235
299.99955882740994
299.98806352434616
300.01038765507838
300.01794148968713
300.05028887403427
300.01171188010971
299.80027096088133
299.96556154430374
299.91872952335592
299.96559531887556
300.01728318648367
300.04086983030027
300.03189336787216
300.02951643139022
300.00182119398283
299.98654427129594
300.0343050046734
300.10589769440384
299.93279311946498
300.00990577382288
300.02711487524806
300.20386785552603
299.70271275150463
299.96536479070244
299.99671869833361
300.03904482770531
300.03618930872227
300.04216839606687
300.03326107682079
300.005842756768
300.00137907596536
299.96491305153944
299.97960599416251
299.89496077053963
300.01401199773437
300.00344843954815
300.0270126361018
300.00644542200411
300.11080332894164
299.97659211674119
299.97917589454698
299.98576868070268
300.00425774500343
300.02428000483923
300.02068871705922
300.06504913472946
299.97739409764512
299.96507195426614
299.99403690985497
300.02769139706544
300.02324841904397
300.10989664170893
300.0889020261784
299.87147513632641
299.93388432260099
299.95232346219683
299.97375430961051
300.05848207190735
300.15842926504325
300.07810793899694
300.12308758182337
300.09422214235946
299.91675102033037
299.85193411187385
299.97177172714834
300.12522849793874
300.01388001217623
300.05236162174765
300.00796927749036
300.02171078008661
300.04615429863503
300.03375496583084
300.02307749849552
300.02850732901544
300.01386677268982
300.02202208434244
299.992461227055
299.90881020843324
299.97169053572168
299.9687020804119
299.94244484689034
299.96339116328102
300.04206239357103
299.92069401893696
299.91386380765789
299.89992951347858
299.91329437469454
300.17364469956436
300.01824889300462
300.06289440312486
299.92002757526313
300.10212466628093
300.03377571594183
300.01984190142917
300.04421185824606
299.93941359118219
299.97290227606749
299.99825195060157
299.99946894313638
300.00638792906148
300.00901698802488
300.02652057302794
300.00330317059985
299.74888902070825
299.97554483244892
300.01976170254693
300.06789641031008
300.03300205906623
299.9934056787493
299.97762173786759
299.80726060306608
300.18761297978227
299.98166155847645
299.97379206016558
299.90174996048893
299.96530143415725
299.9540953416369
300.03916610498152
300.14815202470703
299.80743677388398
299.82601463870321
300.04492094475211
300.03486900108567
300.0048408238514
299.98106685900456
300.0012853381433
300.00993618907046
299.97336234640397
299.99228919137124
299.8027181104751
299.78387781315433
299.99674931307351
300.00342030961519
299.99964816914439
300.00449203658729
300.23355929649352
299.97093968980585
300.03186810338929
300.00413334159487
300.00291830358111
299.98554690816098
300.00634754535065
300.00820480677089
299.98124271531952
299.99299482117283
299.99559468017367
299.97367081595024
299.96416337023823
300.16855747570361
299.82086813538399
299.96013431648032
299.96141755081976
300.00283672479435
300.00592215920483
300.09029646128857
300.05982379170047
299.99716868994238
299.99471223645276
300.00210844896054
299.95581260342726
300.15609185097037
299.96168708175173
300.03933183582416
300.0462290719002
299.91608729776215
299.96347555114858
299.97625889366151
299.97743226666557
300.00157338450697
299.99601234606331
299.96885475454059
299.78416432850952
300.05622205487168
300.12137952883342
300.02434419702359
299.99239132825244
299.97428667907599
300.02913042941339
300.00891847802171
299.9831363182812
299.84615890785233
299.94691343217693
300.05613629894873
299.89569897134817
300.03848523719199
299.9592254564505
300.00355534018058
300.10881832999019
299.91201301332535
299.97168310835372
299.99098037119768
299.9551713241143
299.94356227595097
299.9362397754295
300.04640707775042
299.98752844977332
299.93099882174789
299.91721296114031
299.92614892789879
299.91019742191645
299.99464451004349
299.95839080750585
299.9491430672324
299.98756822187806
299.97215649656084
299.98700205125743
299.90349382973659
300.12378586115551
299.98733171933435
300.00203700121898
299.97505904115212
299.97411408002449
300.16606613751583
299.76032734489098
300.01238055150242
299.9987062853084
300.04828361460079
300.01859004854816
300.2114462006931
299.79017787972629
299.96757335724214
299.99109555914606
299.97832897802613
300.00005316366747
300.06903653614336
299.81157905977318
299.93729557029815
300.07096945792489
299.78186309664039
299.93294509230623
299.92455868076001
299.90353994308305
299.9645069873082
299.9060691460503
299.96673367373126
300.03143174001212
299.98710899057426
299.97851011398024
300.02063168066752
300.03547422433911
299.99198935995906
299.9699568986203
299.98311761665281
299.96794607946623
299.97818580657508
299.96249963829558
300.01104331070178
300.01429120991293
300.01217124175599
300.032293634837
300.05048386702231
299.93917243647309
299.98074978938064
299.9882757859948
299.99836997710332
299.98172246383263
299.96603281436427
299.92088417216121
299.95332063717484
299.95975904895454
299.88500262295139
300.02867445723638
299.95566090166704
299.90504496974108
299.98886478461156
299.95124257800461
299.80849137705934
300.21113108088906
299.99434241478326
299.80356890864931
300.2133093717448
300.03584241680488
300.01078570346351
299.97999055979773
299.98773400363154
299.97286638956228
299.98287235411385
299.95705315603732
300.00234358464911
300.01336270753916
300.01541125705438
300.03877578639651
300.06086454124022
299.95611420948427
299.99878318942564
299.99731675887995
300.00836941285093
299.98952338334698
299.97502308940022
299.93324975462639
299.96504277258242
299.98267718274985
300.0333175499768
299.86572337691285
299.95427789957944
299.9661001710237
299.99885088425191
299.98729673524548
299.98520577660935
300.06320489567725
300.00754604344638
299.98305239293489
300.0557639978644
300.04273178085458
300.01578941761102
299.99095697083459
299.97874333398789
299.96529388269022
300.00883279973351
299.85415013607792
299.89005692293165
299.96829886525836
300.02077791035492
300.02760508375985
300.23256850133487
299.83144108166761
300.0228315676481
300.00850313784218
300.0102893633848
300.03133806828083
299.99939548784556
299.94509627805854
299.96673450444973
299.98263935145457
299.79681772140009
299.92946706890865
299.9850413448799
300.01260742309029
300.02365990726429
300.01352217455519
300.00345742353284
300.05325294063022
300.02244915220513
300.00914470189861
300.03564902005053
300.02177390770572
299.82680901058933
300.17854702797302
299.96104326226509
299.93652796710541
300.04224899628986
299.94272325302649
300.02441077398328
299.96157030698794
299.99380983494302
300.02479561888822
300.04781122791718
300.24824383898823
299.82400514029342
300.01917198097124
300.02538096392516
300.02335602482236
300.00204688241485
300.09656981975348
299.99680041457674
300.02741293572831
299.94048456936616
300.01466818382141
300.02758525406676
300.045108980176
300.13920977044239
300.01073796556557
300.03387747653812
300.11926121882078
300.03781980728132
300.01456587767586
300.00857167207812
300.00969027829075
300.0165127332607
299.80356994050891
299.98455366247288
300.01524073717781
300.00777413523372
299.94881291127945
300.05225481270156
299.97657126857433
299.9932119824519
299.88666195960656
299.9787805467746
300.0511928342803
300.02624588475214
300.02397939888476
300.04892995478815
300.0426349169951
300.00245609867528
299.93448944879577
299.90949723025261
300.03160217342656
299.9786299273112
300.06238710995194
300.05926898524632
300.14935735222633
299.91041554391734
300.19985715213659
299.83576048825478
300.13092883963668
300.00494703030478
300.00116517598798
299.96676672326709
300.05138888047219
299.99578196043979
300.16769013217009
300.00337329442306
300.03592693066014
300.03424973940042
300.03662130000174
300.00850840677964
299.98554003786882
299.9336172517776
300.22445868113914
300.01368730874714
300.04274451992063
300.04791700697848
300.01147183277942
299.9787053117301
299.99075564460207
300.10972452904537
299.88283725254166
299.99995596340432
300.04451321485811
300.04597397527056
300.01678208104266
300.04907045302451
300.13572914401055
300.02751153064139
299.84456108879635
300.04000707581758
300.00507532101113
300.00971372923266
300.00851532410081
299.98778735152536
299.88783093180632
299.99250282302569
300.00824957516437
299.99802720764814
299.99824656749547
300.01481746741126
299.99814886297486
299.96537254065055
300.07903507653339
300.18160454993574
300.03269043677824
300.03874330622392
300.05724430862909
300.09159548277171
300.02306636628055
299.96489134412951
299.99816710358726
300.02290872678481
300.04540490275593
300.03619616329257
300.0196177821428
299.99465584014007
300.24271123048419
300.05045167953011
299.84097926626004
300.0451763831781
300.03901160311551
300.07436517058613
300.0336117992469
300.01907608124463
300.00825646779629
299.99887807418969
300.10771711545425
299.99701973105721
300.00178777214876
300.01122159323188
300.00037762236502
300.01333391406882
300.00297445991436
300.04556521947046
300.04292390496465
300.01367104489213
300.02465321729727
300.24794925429558
299.74915414225984
300.1064959730553
300.06047521678266
299.93704433801429
300.06944691254927
300.07090049467325
300.11049569077989
300.00781397406814
300.03348751866923
300.04642383706948
299.86129506252325
300.00221616997845
300.00818596442662
300.06555891204431
300.04388039309987
299.98823450235682
300.04698764133786
300.03565329144254
300.0068239765202
299.98789475587392
299.99119233844266
299.99971127243515
299.98821859110114
300.01050828616223
300.01802932591761
300.05034425261897
299.99190812442447
299.99392638332932
300.02936545535891
299.92217777913328
299.96433609465151
300.03867533399477
300.15396695284647
300.05365150657531
300.02940442427098
299.9996863864539
299.97638505682897
300.04682375005052
300.03980069279299
299.98564713594618
300.00803215273083
300.05916596229355
300.20362989781131
299.70025207566255
299.96502786491061
299.99675442705558
300.03903169708053
300.03632776507015
300.0423685279406
300.03331248372649
300.00583074289875
300.0014607869831
299.96508632704672
299.97979949555202
299.89512499850497
300.0140937845303
300.00344780343175
300.02698993284673
300.01167121472253
299.80024331017802
299.9655992826024
299.91879768620038
299.9656544683225
300.01730619400621
300.04088815170098
300.03184712479646
300.02937287221232
300.00208967653134
299.98719145236015
300.03460133814832
300.1058820263151
299.9328298977257
300.00996442400697
300.02719139996492
299.87169379153255
299.93371676084462
299.95231855641418
299.97376257925049
300.05852018107305
300.15862210059805
300.07838610523294
300.12306295733731
300.09416877621152
299.91685009903773
299.85217261046381
299.9720264708921
300.12543048834408
300.01397395888876
300.05236892296102
300.00793675139653
300.00642946858954
300.11077638642479
299.97662565909462
299.97921506101386
299.98576310636975
300.00423684153515
300.02420401240892
300.0205190267821
300.06480668469732
299.97746001086534
299.9653516531817
299.99400405210429
300.02754416190913
300.02322681899835
300.10991092767853
300.08894537678873
299.89989690018899
299.91323749144277
300.17361870684266
300.01826139219179
300.06289787607557
299.91991276769602
300.10139393707175
300.03336103561929
300.01967660313704
300.04430212792539
299.93968163173378
299.9731902926161
299.99845954368976
299.99957899906065
300.00652527980139
300.00910672034286
300.02169315545234
300.04611346309781
300.03377908024066
300.02311468824439
300.02848695039495
300.01380543001306
300.02192278848685
299.99226591489582
299.90858643990077
299.97145368301341
299.96857918001064
299.94225768980095
299.96331537436663
300.04213978917539
299.92069676027705
299.91382959114577
300.03905392848827
300.14809425895953
299.80744353978207
299.82603653484523
300.04491965171644
300.03478753208026
300.00441903920341
299.98076933988938
300.00116456410126
300.0100328079177
299.97360632946328
299.99254334037641
299.80292229717446
299.78394421375947
299.99667003355927
300.00314843690194
300.02630892058085
300.00326074740332
299.74890001021942
299.97554983294759
300.01973180031467
300.06782931995508
300.03290839112094
299.9932490329806
299.97733240699159
299.80681512873389
300.1873562233572
299.98156660815408
299.97389163746226
299.90205409724643
299.96546236780472
299.95405148674678
299.82068000050759
299.96007225467577
299.96144703314781
300.00286332078485
300.00591905565932
300.09020599545204
300.05954966152427
299.99713138826581
299.99480166462979
300.00225583202422
299.95597726532122
300.15623728958707
299.96180730379774
300.03935432791769
300.04618567141011
299.9159925405566
299.99954363298747
300.00449044271477
300.23354475157026
299.97091361232606
300.03183235652915
300.00408057378331
300.00285712847835
299.98549577725214
300.0062247747058
300.00808498236984
299.98115790109068
299.99312654410443
299.99594073665514
299.97428766913004
299.96453033964082
300.16850636053249
299.94682022359694
300.05625738800092
299.89586473112593
300.03855771617305
299.9592407472685
300.00354085173382
300.1087552548492
299.91218789323165
299.97184343612173
299.99107270016748
299.95520313262438
299.94358637514182
299.93623060994025
300.04636496087528
299.98744932623526
299.93093566326002
299.96346383389647
299.97622507066478
299.97738341917614
300.00151578472747
299.99597052962565
299.96881922547607
299.78412585031555
300.05632398027279
300.12222934595405
300.02454902027574
299.99243072217536
299.97443887389977
300.02946472580635
300.00910947246825
299.98305469547353
299.84590638142072
299.760523203361
300.01301745037506
299.9992670869089
300.04850504111266
300.01860459648105
300.21141917096901
299.79030382686341
299.96777515651252
299.99122202791045
299.97834976249362
299.99998974053284
300.06894299442365
299.8114561514227
299.93718424184425
300.07086634455214
299.78174331564242
299.91708438091979
299.92605858609107
299.91013202456332
299.99458737181425
299.95834839419348
299.94911258921957
299.98753202755938
299.97232124173451
299.98764873165618
299.90355809209512
300.12376756666526
299.98715461833962
300.00158597021414
299.97382682000068
299.97318013028644
300.16548457963211
299.96312633164183
300.01217153719057
300.01520830368946
300.01260561854338
300.03226349929758
300.05037709062623
299.93923437830142
299.98089170554323
299.98833493197174
299.9983119342499
299.98159410343641
299.96586984717169
299.92071770797577
299.95317957980598
299.9597237150241
299.88468117364079
299.9324208576511
299.92422467311144
299.90343179616565
299.96445224549194
299.90602814045462
299.96670813038889
300.03141292097052
299.98711087335005
299.9784980482541
300.0205975193785
300.03542455060415
299.99171642565676
299.96882226922543
299.98165727234965
299.96664124499659
299.97771216597431
299.97187769053545
300.02503798881111
300.06954006344478
299.96624605895022
300.0228367651593
299.96383025756506
299.95036682062187
299.98467232207241
299.99152167339128
300.00398252436776
300.02337680210553
300.00853418574491
299.96798282838864
300.06388124327043
300.0188499737967
300.1369541110696
300.09039886367691
300.01775654568451
299.93996976399774
299.94853746533528
299.95526425170817
300.02959216293789
300.01315798918938
300.00402814332938
299.9854882817225
299.97337278031523
300.00803238954109
300.04046653390162
299.96060617536892
300.00890521557869
299.97461103788913
299.96685837606384
299.94658337392912
299.96741960475111
299.92679667994014
299.97331898021787
300.03925403852332
300.02243213562878
299.9803583687401
300.00191672552455
300.00762795777837
300.01759794275432
300.0474999344741
300.0554165402786
299.9219561455721
299.99116038579604
299.88699798237127
299.91434090612574
299.9459260121223
300.03610483332147
299.97502553019871
299.96615598317698
300.00346537805342
300.15595265251335
300.05837276898393
300.00929917454971
299.98925825396992
300.01089914859989
300.03679784511661
300.02885777359734
299.97548718740745
299.97144462316828
299.96783856535984
299.97952732111236
299.91156253169481
299.99211495975851
299.97708509588631
299.95822947769955
300.04007223668737
300.30244670625018
299.76257180874853
300.02782753038002
300.01880042580245
300.02002487372829
300.01760607604814
300.00869896818489
299.9686057138336
300.19232060846139
299.86647376683487
299.74906729696175
299.83496573561666
299.91209201639481
300.00365546980078
300.01563420067225
300.06145673363051
299.88624861360381
300.06130548147229
300.02143116673165
299.99387608971949
300.04496743735325
300.03134143200151
300.01607157483176
299.97557679778697
299.85297622559074
299.97331317346749
300.05711352730538
299.9833103127105
300.15785132217326
299.97436400953575
300.07526801652244
300.0431561558234
300.2084690250619
299.86780519690325
300.11963912032695
299.98361283663974
300.05828662574453
299.92480822221825
299.9947617780835
300.00447129255559
299.99873014865886
299.9987930723625
299.99265730720663
299.99412381121198
300.00054486200384
300.01701175856499
300.01655987525481
299.93859664594697
300.00716723473283
300.06523002434511
300.03122552703167
300.01328911731844
300.01516075146094
299.9406869711737
299.97574174324183
299.98604718625216
300.09956751907691
300.00737367933903
300.02098331786226
299.9802551431103
299.99655427316122
300.02308928537224
300.04586446437838
300.03098332531965
299.92960168182236
300.03481342013498
300.05318981717392
300.03787373156854
300.06863591061949
299.90215331944552
300.00635378014181
300.02702294566024
300.0310641788729
300.02556651959111
300.06988118479819
300.16425289375542
300.06554248997543
300.04245543639718
300.00028179743327
300.02875864343423
300.04135732105851
300.01186235095673
300.01516192856752
300.01884603457762
300.01573030155578
300.09042323234149
299.99081321070145
299.87973391939323
299.99796655762708
300.00527042067091
300.00271664595556
299.95601727988844
299.96402364527268
300.0212607086566
300.02005649217296
300.03277317896664
300.12957398079834
300.14420139941518
300.10447659613811
300.0349195676514
299.95764567900426
299.96243785789687
300.02712264252784
300.08480038624958
300.04799349496312
299.98526367837968
299.90155933710031
299.86309545618724
299.9834318377396
300.11161094171763
300.05995983483541
300.04653464538973
300.02894744187438
300.00346778883045
300.01966746166914
300.02177079090683
300.01048027612552
300.0128401064045
299.99647004858889
300.11932523446177
300.00857722948325
299.9839425830574
299.96851394138349
299.96546210682988
299.92170849696583
300.01212057257567
300.00061956949941
300.06019492683112
300.18865946462319
299.95237464925685
300.06055666484963
300.03899525569943
300.02578060667673
300.06221868079302
300.03475703794805
300.04226841320246
300.03005481739547
300.05259855652008
299.99399997775026
299.97673556522113
300.04443659149536
299.98171607844745
300.1512581626049
300.25073845597768
300.14627179535807
300.0324854615564
300.02325326146337
300.01124597941356
299.9983054495824
299.99512315079221
299.9639441246685
300.00060383620087
300.0277200930384
299.96822431803736
299.89244508175409
300.00075991102597
299.88266057782914
300.03405131310257
299.91086238278865
299.99474377280632
300.04634226782616
300.04494268516834
300.04836684236966
300.03714228874566
300.01993224467611
300.01139913990119
300.02846705032937
300.04934304069178
299.9716145994413
299.95927195778432
300.03095706105398
300.01891613458912
299.95203049890807
300.02524674913354
300.14332647167964
299.87134122464204
299.93509237658202
300.05532947467003
300.03968840036271
300.00263527450068
299.99316680291474
299.97861559362082
300.02779648182923
299.95854207209601
299.98566305962845
300.02536545168306
300.16829982662028
300.03233680088169
300.14290504898065
299.95694958019919
299.93861131775918
299.99263970664265
300.02132612081567
300.03343698461634
300.03215397049598
300.0266859868409
300.00187197322555
299.98369066300728
300.01121921146995
300.03897687870324
300.02591504766065
300.0015853015226
300.0269222704074
300.1006813326469
299.82866476100992
299.95684058616536
299.90419513283871
300.05590675036416
300.0598522653184
300.04730053385765
300.02762117003999
300.01768362957438
300.04621754982185
299.94217389731688
299.98563302272339
299.99986596581073
300.00228581059667
300.02578840582476
300.05193324528068
300.00937114746324
299.95561291442937
299.98745869147234
299.99943123410634
300.01514204051273
300.03339367111295
300.02959219804319
300.01473899348491
300.00562916540071
299.96522501462874
299.94254926212864
299.98792040176653
300.02882780891377
300.04146565617708
300.03543911934804
300.11685883259344
299.83524674114847
299.95392174216005
299.9664007157632
299.91629782348519
300.14699975680469
300.0727000450799
300.05171168810398
300.0091349918182
300.00730633839225
300.02707318617911
300.07706093602002
299.84026498856991
299.98618714374641
299.99365120695296
299.97083565526088
299.99797730612897
300.03064777247374
300.09358732257192
300.03422903706348
300.02766809350783
300.01856325944539
300.02738781279106
300.02830061537986
300.0021368598388
299.97754311442395
299.97453026499636
299.96751352147152
299.97873673845186
299.93658536576532
299.9746121736369
300.04535101266652
300.00629611815799
299.96642497059423
300.18972091964838
300.12170401232595
299.83742359600694
299.91362465985901
300.12380838244979
300.13316491104854
299.95933069949155
300.02017683918854
300.0900517798575
299.92521591936116
299.95744088718283
299.95428586457018
300.01532804337262
299.91541014560789
300.00187165697201
300.01768035764934
300.03625715468166
300.01370415976947
299.98963245980087
299.90276153425168
300.01640139274292
300.02674186446956
299.99325384516737
299.9719878441872
299.98672979966767
299.97151833087349
299.99926392858288
299.97345444523012
299.96367542082908
299.94898968618924
299.95140035782049
299.93355459219703
299.76828440688791
300.0309552881929
300.00567233309579
300.11991327597934
299.98329444612091
300.0367702157954
300.01423787435232
300.00842609359097
300.01678890644939
299.97727730021035
300.09498043847702
299.89380361661449
299.94335367182839
300.12548354340674
300.00050507840143
299.98177735140388
299.99075642207714
300.0010858691985
300.01596470883311
300.11540390246586
299.92265099914863
300.00059141893087
299.99087926322926
299.99057740843926
300.19120987085927
299.96186419147989
299.99351768647904
300.02176548133042
299.98552112542166
299.96158380476868
299.99619501980629
299.92953057444299
299.95740528287149
299.99403812272675
300.12685815240684
299.78810973905013
300.04750074252547
300.15377973327304
300.02621853555678
299.99445882824062
300.05857832955394
299.8938356342224
299.95347623916024
299.97905105851743
299.99516119796613
300.01241022020554
299.96083278758925
299.9255869712253
299.93161639036362
299.91354959479503
300.03185065410554
300.00349335907345
300.02774558532747
300.0137679881127
299.97586206102665
299.97788997067852
299.82541570483153
299.99312335032681
299.93772069391383
300.05654472650349
299.98014202742326
299.9830965174296
300.20372149265381
299.92749410932521
300.16705942933464
299.86877746587561
300.01391898936328
300.05841060172583
300.09290730930371
299.96530741142652
299.8362763127509
299.96631828887473
299.99552440101047
299.97892748443638
299.96158819600521
299.91975858309576
299.97748670667823
299.99850464825812
299.88459642529256
299.90125779666749
299.90985346809839
299.8381524851921
300.04564356453415
299.96831214922389
299.97281724595422
299.99658571341382
299.97906120138214
299.97307043894949
299.79185954910349
300.18896424149074
299.96721947213507
299.98925313894819
299.97923871102392
299.91368236697383
299.83653421607391
299.83300018030485
299.78011828228369
300.01482984648413
300.00588279181858
300.09829787205814
299.94869899588025
299.95123083960243
299.96283484682237
299.96998234795967
299.98733515539459
300.01209518629787
300.18967368027745
299.75542411750894
300.17667336812121
299.77276768857655
299.8530219211446
299.94039962413427
299.93590722183887
299.90678026844159
299.94694179310176
299.93999101455813
299.99352610989496
299.9994971146121
299.99163357238893
299.97568455324057
299.98177790563204
299.81173131966432
300.19709884485843
299.9006809121725
300.05843273966224
299.96296273047267
299.9321771544349
299.94414639994284
300.02316070061602
300.10323819222469
299.95756436673508
300.01527303874082
299.94281635066318
299.93557255951487
299.97250005113921
299.97746062248677
299.99138692390943
300.01145150638962
299.99279288364096
299.96886631042958
300.11676133631767
299.80484423765836
299.87684111200207
300.08675123431709
300.0177957067163
299.93988577194852
299.94847310221888
299.95531331332171
300.02960541970549
300.01314885173673
300.00400044511383
299.98529193671487
299.97340609499798
300.00817503540748
300.04083590083064
299.96196122059507
300.01081559285097
299.97601246547123
299.96742800347977
299.97139856195213
300.02390926558928
300.06901607406792
299.96626737688388
300.02237082962978
299.96388350383251
299.95034063680691
299.98457940355888
299.9915767595993
300.00410947069736
300.02351561415622
300.0085284052945
299.96780652640047
300.06354692222618
300.01895925681856
300.13736458560282
299.95432960177368
300.03630449444199
299.97470392352074
299.96622079827114
300.00363074203858
300.15601143987021
300.0583566235303
300.00926276837083
299.98924196094163
300.01095822169435
300.03692547571831
300.02901768051242
299.97594818341526
299.9723823631104
299.96886306417514
299.98007488180389
299.94624281846899
299.96686186845795
299.92760308985703
299.97576179502153
300.03586680041832
300.02045966859595
299.98028147384525
300.00181274125487
300.00753675241549
300.01769307297081
300.04750425624638
300.05528651040794
299.92158287252283
299.99058655526943
299.88590230956947
299.91289241281697
299.83253243765017
299.91064330255949
300.0035106054807
300.0159897753183
300.06145719105609
299.88648724035329
300.06133251947296
300.02137532675448
299.9938506412517
300.04500883568767
300.03144208228434
300.01612449089868
299.97579108923929
299.85370481890919
299.97413956133261
300.05740809039685
299.91129666948473
299.99197621233264
299.9791024747617
299.96384756314706
300.03404539073011
300.29828227928027
299.76204816343454
300.02767444739055
300.01869095127699
300.02030370392856
300.01723125584624
300.00862953725601
299.96839253601917
300.19192619732854
299.8659937011958
299.74692242818833
299.99386845615584
300.00032298525059
300.01742528460909
300.01862104400379
299.9361924682305
300.00701008357817
300.06533643700993
300.03114855921979
300.01320914676086
300.01516368852856
299.94079171804486
299.97582341590288
299.98604572150879
300.09948036059058
300.00692652057262
300.02052092253473
299.98332425567617
300.15745990025084
299.97339820030578
300.07566371336844
300.04261856229164
300.20858931685893
299.86809507718539
300.11960035192669
299.98361250118813
300.05886901735113
299.92427167738362
299.99478464939062
300.00480954783768
299.99888140461809
299.99892223502889
299.99271639727579
300.16465295602967
300.06554652621139
300.04537067794678
300.00843879649642
300.02108650127695
300.04015410503825
300.01173899000906
300.01501972968452
300.01871873455553
300.01568956087254
300.09049211177052
299.99092636414827
299.87976155704928
299.99767166876802
300.00463959936275
300.00226004379618
299.98036900306499
299.99672645033968
300.02231882184174
300.04482684653919
300.03222655203575
299.93102255717235
300.03520477285718
300.05326215912658
300.03776361079883
300.06880966729034
299.90213277409282
300.00685625169808
300.02767169972503
300.03163477753287
300.02605100205068
300.07051676435663
299.86328338163554
299.98294238172252
300.11201359857631
300.0631195242583
300.04494628923749
300.02877633421389
300.00344271074209
300.01953622426294
300.02163637092241
300.01043086880031
300.01288005382145
299.99658525176426
300.1194657582073
300.00860987542467
299.98387611303463
299.9684881295974
299.95621928033813
299.96431596707185
300.02135196148049
300.02002203150585
300.03352251947018
300.13018501398204
300.14443087501593
300.10470336233124
300.03502630907781
299.95780899721649
299.96296535166584
300.02787883714188
300.08550970326826
300.04853487541243
299.98572824787885
299.90201898464522
299.97685472728688
300.04481825039954
299.98138691811255
300.15101958303114
300.25066000609564
300.14630214967417
300.03244334156329
300.02314638530459
300.01114429019418
299.99829312225955
299.99519160677085
299.96408189790611
300.00076642674748
300.0278985596259
299.96837270136666
299.89257293543312
299.96558127805088
299.9218722809299
300.0123409425708
300.00079687725798
300.06047905144959
300.18887469089077
299.95261661991128
300.06086442718515
300.03912701490168
300.02532823819155
300.06132942172314
300.03478674986474
300.04271113380065
300.03047745962664
300.05288973980493
299.9941490273448
300.01873657527011
299.95143327932749
300.02488858118295
300.14310249488409
299.87124874143348
299.93504432155549
300.05528011513849
300.03960430220593
300.00257884868535
299.99320684529124
299.97873645150361
300.02795364833099
299.95871275822623
299.98581165417613
300.02547697527854
300.16837349092339
300.00081410181014
299.88273767362637
300.03415837766408
299.91097613225202
299.99483214089423
300.04644642184672
300.04510990016439
300.04860545568016
300.03720894638775
300.01912056743095
300.01006295140496
300.02812945436438
300.04955356738333
299.9718283098623
299.95941513789649
300.03101160988666
300.1008134396933
299.82834820510232
299.95683885134372
299.90415377477933
300.05581506847716
300.05975982321866
300.04721079351475
300.02750466236722
300.01761627161397
300.04629079461432
299.94234217824476
299.9858244513544
300.00005093579125
300.00241328275877
300.02583629117203
300.05194108177034
300.03235791518165
300.14299802960733
299.95707161205269
299.93873241627591
299.99271463205298
300.02135189166722
300.03342808462372
300.03209885919392
300.02669574515454
300.00337979576386
299.9861465632431
300.01277675209747
300.03908927939523
300.02588140266482
300.00161767043676
300.0269932311661
299.8353506791737
299.95398633905364
299.96643991807019
299.91628664801027
300.14691840562813
300.07255245749133
300.05146989720549
300.00886044731277
300.00713590522292
300.02714164855519
300.07729296150711
299.84054384986314
299.98638971748233
299.99375933392724
299.97082630278248
299.99794268790231
300.00939302721747
299.95574544687844
299.9876544168759
299.99960553764532
300.01522981307664
300.03337973742316
300.02947206828225
300.0143861163051
300.00558320551505
299.96675708410572
299.94478318447511
299.98862466268542
300.0286160737399
300.04132289291027
300.03543417809357
300.11692732621304
299.9665583014521
300.18987209641614
300.12180305333231
299.83746552022399
299.91355618906636
300.12350066367691
300.13272242671741
299.95891010132084
300.01994093192502
300.09016345852496
299.92548611627535
299.95774837272035
299.95451922863157
300.01544535610157
299.91540078364255
300.00183941227897
300.03069556039543
300.09374912622542
300.03448194672342
300.02785858066142
300.01863205481493
300.027350082711
300.02815957843194
300.00178557408543
299.97746102770407
299.97502072619949
299.96789833486508
299.97848109519845
299.93638025520141
299.97461585055856
300.04543998341774
300.0063822057075
299.93366534281438
299.7684444796547
300.03109590915227
300.00573591495964
300.11985421110774
299.98308554440683
300.03646533139602
300.01399442561751
300.00834144814803
300.01696842621845
299.97758687239315
300.09528225367376
299.89400515843681
299.94344111067392
300.12547401353896
300.0004670301991
300.01770414320038
300.0363681378787
300.01386693990491
299.98971878678083
299.90277422766195
300.01633314528038
300.02662957482886
299.99295091473789
299.97116972942956
299.98585285613331
299.97077831672112
299.9989600960007
299.97373850340887
299.96468903986278
299.94964918633553
299.95164067642418
299.92963484405811
299.95757791653381
299.99424077302479
300.12697678633231
299.78812756653815
300.04747324470497
300.15384286327287
300.02637817744375
299.99474720935626
300.05886915882485
299.89407839666382
299.95366611591567
299.9791559214143
299.99517262138767
300.01239278640401
299.96082211224899
299.98176166525195
299.99060026540889
300.00095372071257
300.01587956714201
300.11533062083794
299.92255721580642
300.00048522090384
299.99091382836957
299.99231651248203
300.19105621452741
299.9615040358662
299.99387715043434
300.02317850142072
299.9877137361853
299.96259201233153
299.99658459493151
299.92762400593949
300.16744369002907
299.86915535502931
300.0141241579912
300.05849223336861
300.09305092679875
299.96567799525786
299.83674375083058
299.96674456165459
299.99577113936681
299.97903300175142
299.96159987835375
299.9196924065655
299.97741044956865
299.99843376280876
299.88448407338637
299.92547397031609
299.93134582244517
299.91325851920669
300.03160515300254
300.00333481362293
300.02762991443774
300.01342587619587
299.97786032706779
299.98778481463205
299.82825135935389
299.99337183134111
299.93805712374683
300.05742400927676
299.98088205098401
299.98330426067946
300.20364596134647
299.83323310907872
299.78090938054589
300.01557163844359
300.00632719552323
300.0983701681763
299.94875859509125
299.95150717121561
299.96323096158153
299.97028334695858
299.98737572885869
300.01203654187566
300.18953976451775
299.75527941771531
300.17658911382426
299.77259872629338
299.85257366278336
299.90058922301478
299.9094718119415
299.83801625837714
300.04549794245168
299.96820161775815
299.97276784189989
299.99646856338347
299.97792281357999
299.9631396361836
299.78985743340559
300.1889414138351
299.96680942787424
299.98784301895233
299.97646852367211
299.91130594246982
299.83539151120431
299.94473683926765
300.02409242911631
300.10419461543921
299.95809053308523
300.01535446438459
299.94273763198248
299.93568400513607
299.97270981641435
299.97748308454908
299.99128792574402
300.01131647494066
299.99266457818186
299.96881782718464
300.1169098706352
299.80446329960586
299.87544556341686
299.93850725615522
299.93450923411325
299.90667952605031
299.94695018904224
299.93993973628017
299.99349244889731
299.99946562272743
299.99186126171401
299.97359390466158
299.98112664995051
299.81158696891129
300.19639816994612
299.89844585581568
300.05511143536688
299.96040476902863
299.93138355510945
299.97252279070369
300.03036119983983
300.08997368116383
299.98043979303321
300.09437537127542
299.83969792476069
299.92492213546899
299.98753832434261
299.99127872091327
300.00312409656357
300.02059056039315
300.00617590028583
300.00554475675267
300.08624253841737
299.93662787345625
299.97578000483611
300.08722671001567
300.12900384429167
299.94978080058627
299.72648124954907
300.17967457617584
300.025131779346
299.87667658056881
300.1278222752124
300.00989371752422
299.96625617068617
299.95692819136343
300.0602557109259
299.9788702017251
299.99657518701912
299.96974616978667
299.96519443230471
299.96687939069017
300.01338087837786
300.03198420185402
299.98037357485146
300.08084983417751
299.93053904233864
299.96242331923946
299.99878735126498
300.00697967097875
300.01803225582597
300.03928534649538
300.03410123807595
299.99993512927244
300.06905587993066
299.97312306670705
299.88316506169593
299.87220467721289
299.97385114972337
299.96725510683052
299.89602880206843
300.26746121102218
300.07821600560044
300.05191594540668
300.01726145087304
299.98925412164476
299.99774379983415
300.01633182238476
300.04002586672067
299.97993486735822
299.97886240320338
299.97097085681253
299.98551704886245
299.89278970446298
299.9958442608056
300.00551446909975
299.99819794419204
300.15836005900513
299.92960027931991
300.00567292850911
299.99826413914053
300.01697717685857
300.02013829434742
300.01988548448122
299.99699781702645
299.98628377740141
300.00828086720099
299.91954239462905
299.90651037375432
299.90762054101322
299.83951589553368
299.8092946380487
300.19266859986021
299.80347963178315
299.95446041970365
300.09594763268296
300.0195438675903
299.95448821025354
300.06869083330253
300.03538226739192
300.00436136456727
299.99422459423988
299.97848633526411
299.99458453539268
300.08408867035774
299.97909351699855
300.02564881246838
300.02208383145768
299.94772353789023
300.02652996478855
300.06417951649792
300.3083694229083
299.7747513962434
300.0098383266598
300.01583016402498
299.98045032009458
299.9944256146498
300.01011364213355
300.04695463180377
300.29097391505894
299.99012686216713
299.98870638054558
300.01000499146573
300.01733249333466
300.03903815426924
300.01449139004336
300.03350115106764
300.05033910053982
300.02581185946224
300.01107103967212
300.01344364882863
299.98808948609604
299.91185392489842
300.06854445203953
300.00699697742675
300.00526845710579
300.02240554824397
299.94577881495155
299.99379618189755
299.92062220659301
300.01583837978382
299.83341044156242
300.22384140958258
299.87802960688583
300.0233452542401
300.15650981884295
299.92811874608685
299.96188608071873
299.9930608206032
300.03799988742736
300.04096416405093
299.85920856404408
300.01627734632132
300.04685376890228
300.02831922104656
300.01956221233667
300.00831444436778
300.01229692668795
299.98816678560422
299.99147184760892
300.0203376682839
300.03153610652339
300.0265991404911
300.00509038052382
299.97417982110056
299.99926333680497
300.00030446561681
299.99146248392441
299.96617329575798
299.91710592261097
299.95693328351689
300.28503113481588
299.93738954857338
300.23219216846661
300.07201085295554
300.1468792394034
300.1654694395437
300.04561265545328
299.92358118648986
300.0020216935668
299.94319109264359
300.0681785731195
300.0063296476813
299.89063117444169
299.95871856640252
300.22397545288857
300.00077104405108
300.04330352572686
300.16229280472646
300.050428718788
300.00682246195822
299.9476317702356
300.05977476700502
300.04611794501449
300.03439423982047
300.03388704246311
299.95507181789964
300.00118362190887
299.99981401069209
299.97265379463755
299.93019137052522
299.99225916190755
299.85512751879821
299.81006429018356
299.98119499363304
300.17606998526492
299.96461713712461
300.07451988332133
300.04995103076402
300.03736255446489
300.04146107230241
300.04522413784895
300.00912104919661
300.10394096577966
300.01756624362213
300.00834441082895
299.97921798740032
299.71684814482597
299.97933288691365
300.0199285512706
299.94083351472318
300.06851273781012
300.04578748096446
300.0149704878969
300.01689175018225
300.02834929860671
300.0249661939157
300.01576805765643
300.04542587906701
300.01113782258125
300.20393722672742
299.82177713368827
300.0363824500327
299.99650612665715
300.09876285246071
300.26030562192352
299.88591050726228
300.01644158803271
300.04367287242047
300.0532012971492
300.04753526866585
300.03662265728269
300.04400112518061
300.19703139235367
299.97267102474598
299.92896508364078
300.19066221786107
299.99095500249371
300.14486672249205
300.11392484772637
299.99027568375362
300.02454892188445
300.06827081666404
300.15303330070839
300.08101325373838
300.15557351759497
299.90728764019951
300.20954839085584
299.84293704726139
299.7846563780659
299.98937340743265
299.96351572888852
299.98320636051443
300.02130423178289
300.06556338214409
299.99598352855776
299.87864547820141
299.97995579111347
299.96406140564801
300.0114077098537
300.02871761625664
300.02942865581844
300.03059542018752
300.02677283849863
300.0108507914897
300.00560851909006
299.9947362989339
300.03142431745084
299.91010955597028
300.02445110920752
299.97320581393211
300.00924789756158
299.97664766115503
299.99907852244047
300.11037983482686
299.99432129695532
300.13811076439907
300.04968873405392
300.01024411407161
300.0268431049289
300.04039383974759
300.15986342862772
299.95355759245922
299.944704793938
299.98149476863136
300.05557214900614
299.8594801490139
300.06192485901931
300.12499954677781
299.97993259661865
299.94136195418173
299.9993833253825
300.02579225374569
300.01676932994866
300.01234423615665
300.01616767148357
299.98253212040896
299.84364348621421
299.99647752448277
300.02768795521007
299.98709838179565
299.99581599963022
300.02741049126035
299.67843711894471
299.97168527799454
300.01010809545988
299.95818324079141
300.01786566422066
299.98354944564801
300.03306184174141
300.01445734900551
300.01591569692204
300.0167117197164
299.9917594300025
299.93639108536559
300.00053182875695
300.01907311543818
300.00536251561527
300.2309152534234
300.03258456679356
300.02812463425607
299.97530327547997
300.02673963549677
300.00680400006075
300.01937691430993
300.02307558629849
300.01322718750106
300.10420951326614
299.97611055842822
299.94145721659709
299.98943040059777
299.96841335476438
299.98854798852858
300.12874383682015
300.00719878120475
299.96714555098049
300.02351933987796
300.09644303719284
299.88561608593852
299.99075061056664
300.04432036881713
300.06539462329687
300.02537106173401
300.02030382298
300.02312121829311
300.00171882666876
300.00035740976216
300.01081041530341
300.02854116443865
299.98500185282393
300.0066304003721
300.00386779808667
300.03513326545669
300.05371365816092
299.93104266149788
300.06243004371458
300.02733492500982
300.03367012574546
299.99981475962636
299.86499123257119
299.95569170305919
299.90565106724682
300.04089008741232
299.99536883541532
299.99242721712113
299.87751337556381
299.97967736241554
299.94056812468745
299.95532978801191
299.92463563485904
299.97622431149495
300.01508405190242
300.02898756341006
300.09903448366936
300.0455286402497
300.00176544711894
299.99001058897409
299.98670140366835
299.99631803937297
300.00381446393334
299.96400996978542
299.99853738158907
299.9914748488967
299.97141197278108
299.99148845912765
300.02467794806887
300.10255788525359
300.03441188258171
299.9873270845759
300.00161999739686
299.99642258082906
299.98959205537449
299.97447657517409
299.97421225527029
300.03459403452786
300.0289474320881
300.0231878622007
299.99888746500579
300.00672846627845
299.92959163142029
299.96642641823007
299.9605451576673
300.03129705506149
299.98142362561782
300.03781211296877
299.99097886941144
300.02478180102793
299.96439734864362
300.15115455710986
299.7693897125763
299.9695413549502
299.96506605956171
299.97688773853724
299.98692657750559
299.96473162625517
299.92142978460538
299.93330441992464
299.93663379077788
300.0097647061549
299.9909407291396
299.98829038938163
299.99995593744597
299.98259218518535
299.96079901474349
299.80232172696179
300.18609426094378
300.14254322415712
300.01454080684772
299.95711981838031
300.02320399984353
300.00759909000965
299.97108828585738
300.01796846005044
299.96429296078196
299.99143662426718
300.05225520422039
300.16407152853645
299.86638636726218
299.94907499736433
299.96385092516101
299.96931095317666
299.99967489705131
300.03089030207184
299.91094435809032
299.99407214983438
299.93000263233205
299.89958300481459
299.90127584823159
299.91713405655571
299.90693892663319
299.95312838035238
299.97382947684122
299.98417751023368
299.98284516915282
299.99021624495657
299.97038404707843
299.95000635677269
299.96312032830451
299.84524729677219
299.96217405218567
299.93457520843532
299.84178738307236
299.89318548905544
299.91924668253063
299.96293446180954
300.07337793933897
299.93501301278076
300.04551268414997
300.00147183649216
299.93626838678233
299.96426463270456
299.96730504839189
299.98265735457613
300.01180704012774
300.01001151325988
299.95949265062399
299.99487573944873
299.9152590840194
299.87304717751357
299.94147591639279
299.94952508978412
299.91224264940416
299.89889071354992
299.98699622442496
299.98979233729051
299.86000486801834
300.1230626603583
299.99441971119074
299.95384752533431
299.88587180550866
300.0749924430466
299.78868579103488
300.17908687038249
299.93253369884485
299.93547233445571
299.94825432865503
300.01294907022645
300.12049196937613
299.93755109133872
300.20285652600205
299.717215444484
299.92613369564049
299.97455761610451
299.97699386581371
299.9898078230658
300.01054000467661
299.99651903851748
299.99173435780301
300.12367680548545
299.79764340521172
299.90057504548014
300.0210417313819
300.12475196882912
299.94861244605346
299.72648524783278
300.17988942109008
300.02516753307464
299.87677299536148
300.12757417032293
300.01009549054896
299.96622420532481
299.95707213616015
300.06073230191595
299.98024667014829
299.99854640278079
299.97104411295072
299.96585642557835
299.97224607462658
300.02961913632146
300.08930310936728
299.98028780716157
300.09426449639619
299.83974135731989
299.92484631359639
299.98750378629683
299.99136440769553
300.00317664008281
300.02072301115152
300.00597430628687
300.00483976999027
300.08535337421239
299.93722014082476
299.97447730638225
299.93391565070129
299.97922081755866
299.96752506359093
299.89669862597992
300.26779856259401
300.07826377692174
300.05189091363519
300.01734601395293
299.98916683426387
299.99774475191163
300.01646029482293
300.04016401155769
299.98022841566655
299.97925284409291
299.97151313467208
299.98577189607789
299.96665681828489
300.01289021848055
300.03194722700368
299.98120795314946
300.07932566930685
299.92957368181925
299.96244253001248
299.99867997069521
300.00682142301827
300.01831198934161
300.03901433560839
300.03367436698005
299.99899090369996
300.06737312349514
299.96913546475071
299.88578553200057
299.90969300433142
299.83762130864892
299.80899845603136
300.19293677561211
299.80378087515379
299.9546190854515
300.0959662869289
300.01950535847038
299.95448813593521
300.0687316110064
300.03548874368414
300.00444790681195
299.994277855924
299.97861434132005
299.99470432212303
300.0840343933541
299.89264333484743
299.9956000309196
300.00586535741331
299.99984047228685
300.15544921112115
299.92711440778641
300.00566000996139
299.9981580861504
300.01698548293712
300.02086710019745
300.01882662187086
299.99636401163741
299.9855756578612
300.00736704750005
299.91785459815304
299.90432066789185
299.98687167548394
300.00971347383239
300.01725495373239
300.03934545366218
300.0138795268802
300.03344008560981
300.05025817286048
300.02568758308587
300.01101041644523
300.01343754318634
299.98816904647219
299.91193544905656
300.06857537587035
300.00695671303419
300.00513022373337
300.02229221821977
299.97911621226331
300.02553859419265
300.02146716273336
299.94746390782882
300.02620389472651
300.06400598654352
300.30871192343676
299.77458233789116
300.01011035016563
300.01724385157553
299.97810509572304
299.993911594704
300.01053660248135
300.04722115792475
300.2909071490372
299.98905457650829
300.04732779416821
300.02873452453611
300.01975340006555
300.00947276629006
300.00989423073003
299.98756462185685
299.99127378139218
300.02015391077668
300.03141877177512
300.0265641154848
300.0051480819568
299.97427158227259
299.99932804652769
300.00028504165374
299.99135572446784
299.9661731008942
299.94590941926674
299.99399994951
299.92036445229883
300.01559885214846
299.83413138426386
300.2244066554648
299.87823919851354
300.0232403791839
300.1564381375253
299.9284998153704
299.96120304612845
299.99369756429797
300.0395002848278
300.04172682428998
299.85971839284008
300.01678500065071
300.22444451334292
300.00102284189126
300.04301603594911
300.16196510411777
300.04962132762569
300.00711570777037
299.94767347545582
300.05962201221075
300.04599597063577
300.03437682785477
300.03394929691984
299.95519455527858
300.00129836022302
299.99988429900702
299.97267256850239
299.93026062074387
299.9172277941509
299.95715656586384
300.28517976286162
299.93760880139632
300.23270865207098
300.07236062263928
300.14717690439358
300.16569817739645
300.04571779566436
299.92384845305315
300.00305603918923
299.94420944635812
300.06934218671478
300.00719128416853
299.89120329762699
299.95926078819542
299.71709196094406
299.9791898337163
300.01966331526307
299.94057654290481
300.06840142402706
300.04567095892111
300.01494158741559
300.01683619446499
300.02830001409961
300.02498496748325
300.01589999770289
300.04560037707358
300.01127770599311
300.20405568529355
299.82186640192373
300.03646263208526
299.9923431335601
299.85524993126836
299.81026908900657
299.98129573255454
300.17616248298509
299.96485763913478
300.07499480003969
300.05047143547148
300.03735594362075
300.04037600328047
300.04286408970535
300.00821049655127
300.10448655183285
300.01811726203579
300.00874370391324
299.97955150600444
300.11411949700005
299.99018705774273
300.02447091319044
300.06822313264303
300.15308482783689
300.08111436688324
300.15571383898219
299.90730717629822
300.20954398917979
299.84298133845641
299.78477819893681
299.9895286176955
299.96368316938674
299.98334106203254
300.02139893493865
300.06563656838455
299.99658655871406
300.09887295024413
300.26043789940309
299.88597867407339
300.01646335877894
300.04386203467919
300.05352693102373
300.04797688045056
300.03650453723048
300.04236595364523
300.19322405844497
299.9713916281184
299.92886369267467
300.19087244145072
299.99119257999376
300.14504896573618
300.00933116167079
299.976662865273
299.99904957483466
300.11035771583596
299.9943895681763
300.13823807825554
300.04970878443987
300.01014243276251
300.02681382120426
300.04044809515597
300.15994206207262
299.95362678006501
299.94480118692724
299.9815995640339
300.05565430353039
299.8595370435159
299.99609441466396
299.8788687630128
299.98022216016631
299.96430905639471
300.01153249516182
300.02879367154441
300.02949086349651
300.03059470318453
300.02692835755022
300.01333404115042
300.0094421747059
299.99667290025172
300.03123215981122
299.90988320469177
300.02448676790993
299.97330304524297
299.67863600701418
299.97186300442485
300.0101618633837
299.95814467379375
300.01779304929329
299.98342534956862
300.03277469970715
300.01411137522547
300.01571470599333
300.01673671818293
299.99189557427252
299.93650902135255
300.00064920594161
300.01915269802646
300.00540197894395
300.23098556195254
300.06211570426876
300.12539162852738
299.98042774105028
299.94176115986676
299.9996061319352
300.02582701249776
300.01661374178605
300.01190921903702
300.01624243637912
299.98524604227003
299.84696492929044
299.99719800991801
300.02706366562683
299.98679708430581
299.99583088681976
300.02756228425068
299.96746952163227
300.02387720106066
300.09662986923655
299.88565730439069
299.99064354004105
300.04398130660365
300.06489569180161
300.02487016559058
300.02003970259085
300.0231841685906
300.00196341101099
300.00061221574532
300.01098782848732
300.02860366449187
299.9850075995605
300.00669279699099
300.03284918398663
300.02861010349221
299.9759153739646
300.02721888190166
300.00708122314398
300.0193823709044
300.0228785940742
300.01260481481137
300.10448385369045
299.97811861192287
299.94269285661716
299.98944228924296
299.96788450091401
299.98850697825736
300.12895692231615
300.00743615405327
299.94101590389567
299.95577119145531
299.92494560865612
299.9763464334676
300.01500555618753
300.028757512271
300.09869472918371
300.04522705050869
300.00167662101177
299.9902456011277
299.9870523166137
299.99660237339958
300.0039890161874
299.9640604626461
299.99850926007616
299.9914635879087
300.00400839718515
300.03549402374267
300.05418306878084
299.93133155804185
300.06256141368669
300.02728383667574
300.03349772327732
299.99917138387639
299.86349929115437
299.95447363513074
299.9054957937451
300.04084029807433
299.99647786176081
299.99395868242425
299.87842045405694
299.98014568085779
299.92994953745512
299.9668037102839
299.96090691352623
300.03148924966951
299.98149065158236
300.03785096370223
299.99109443754895
300.02498147958119
299.9647129702692
300.15150708806317
299.76970337370926
299.96974442433873
299.96511997968207
299.97684018853528
299.98681444960545
299.9645684503538
299.97118101555719
299.99108772072259
300.02441730488925
300.1024601801206
300.03424411204531
299.9871704221888
300.00137104617636
299.99759012043597
299.9995439986364
299.97552805685558
299.97407264774455
300.03593220125026
300.03171462461813
300.02667879549807
300.00030350840535
300.00732125631083
299.97116119825449
300.01830288246759
299.964714933393
299.99174458686088
300.05243312562396
300.16430846064441
299.86679819623828
299.94962687448441
299.96432380597315
299.96962538065259
299.99978520239819
300.03087980808044
299.91082603910434
299.99395168659356
299.92989391737314
299.89938263648406
299.92097810585574
299.93268564373147
299.9359385047992
300.00940211022015
299.99056903261959
299.98787156877705
300.00018035461397
299.98881395452196
300.0343178472408
299.81363963154359
300.18789432138834
300.14349091418569
300.01585699292553
299.95770088654996
300.02344796750907
300.00762124719364
299.91907719181967
299.96343097157171
300.07405290853524
299.93546845732624
300.04571136261632
300.00166305473914
299.93660206506377
299.9646953002964
299.9676690777946
299.98274722392932
300.01169312410804
300.00986367038627
299.95934755708123
299.99487361726841
299.91507541266895
299.8723568688431
299.90029738028937
299.91645246916096
299.90651638212933
299.95277708391501
299.97354329243825
299.98404926358279
299.98203171033896
299.9798764058059
299.89025240489519
299.94185151394322
299.96316374224648
299.84487576125343
299.96022291410338
299.93040739014111
299.83885885643934
299.89169362426384
299.94822973074133
300.01370668714475
300.12130068929508
299.9380423336969
300.2030035485401
299.71723461224059
299.92629931637805
299.97474417343955
299.97697844122149
299.98969422884358
300.01041329014146
299.99648172804331
299.99191527642711
300.12413887251824
299.79668491413963
299.89864619365062
299.9438166069894
299.9477565784797
299.9121129066591
299.89883478579583
299.98685821850393
299.98973189482581
299.86002422391135
300.12185923368526
299.98215763033363
299.95278223607318
299.88592511843723
300.0742562298048
299.78598955571232
300.1747855653901
299.92915396009795
299.93405005364014
)
;

boundaryField
{
    xmin
    {
        type            cyclic;
    }
    xmax
    {
        type            cyclic;
    }
    ymin
    {
        type            cyclic;
    }
    ymax
    {
        type            cyclic;
    }
    zmin
    {
        type            cyclic;
    }
    zmax
    {
        type            cyclic;
    }
}


// ************************************************************************* //
