/*--------------------------------*- C++ -*----------------------------------*\
  =========                 |
  \\      /  F ield         | OpenFOAM: The Open Source CFD Toolbox
   \\    /   O peration     | Website:  https://openfoam.org
    \\  /    A nd           | Version:  10
     \\/     M anipulation  |
\*---------------------------------------------------------------------------*/
FoamFile
{
    format      ascii;
    class       volScalarField;
    location    "0.05";
    object      p;
}
// * * * * * * * * * * * * * * * * * * * * * * * * * * * * * * * * * * * * * //

dimensions      [1 -1 -2 0 0 0 0];

internalField   nonuniform List<scalar> 
32768
(
101336.74747052454
101339.81890596749
101335.26064450826
101340.27274551228
101331.88907087134
101338.53997198791
101329.88186174635
101338.5917674399
101323.77217634986
101312.58000966751
101323.89253214661
101320.69364461713
101331.83593664065
101327.68925717719
101336.81175812734
101335.67630208001
101338.0469208555
101335.16161830621
101333.45062586572
101328.76330800685
101326.06316037261
101321.96313483166
101318.52611355693
101314.47172461895
101334.35104329916
101335.33207614455
101332.80461707605
101336.52613832962
101334.89085704429
101338.41797596682
101336.31475098483
101338.36801746477
101335.51121379265
101338.98734012648
101333.86006311093
101338.35558801921
101330.22106324017
101336.94947461058
101328.79104062379
101336.59090663824
101323.53659470336
101313.129698947
101325.08116125008
101321.52458943662
101334.66967615212
101330.44477674688
101339.64284218404
101338.63477826455
101341.02703440134
101338.19736215622
101336.37502948449
101331.07567284442
101327.7937249575
101322.43306528679
101319.12646042049
101316.01189803165
101331.25896017379
101334.21947687301
101331.71462683439
101334.99331101081
101333.39073981119
101336.91233703945
101334.93133781261
101337.40549573625
101331.0137078003
101334.1532758903
101329.62022763029
101334.56068756162
101326.48338916473
101333.42632923773
101324.50185682962
101332.838156742
101322.1731776965
101311.78650964827
101323.00581250616
101318.82534700265
101329.6318681705
101326.29575256936
101334.58582494766
101333.82660684353
101336.12371277608
101333.1935315053
101331.6001381594
101326.6135521784
101324.6715307531
101319.66042128243
101318.78602783052
101314.59720062619
101327.13055267501
101329.7391129215
101328.55204166869
101331.46866063841
101329.51400559337
101332.66678519067
101330.53911666942
101332.73085953729
101329.4594970257
101331.94842013223
101327.67219076918
101331.88115932961
101323.91372744887
101330.25342007562
101321.87807026427
101330.22738802685
101320.99959225069
101312.52245567106
101325.53117306184
101321.29339715901
101333.55730862895
101330.18597507219
101338.52935903289
101337.78391489423
101339.89511139187
101336.79081765321
101335.94847405693
101329.89313176571
101328.29733612861
101321.33806134321
101320.70873038367
101314.69199955238
101325.13722532835
101326.70812826038
101325.51540112789
101328.0690598169
101327.26769619936
101329.99708062249
101328.43902675534
101331.26998265678
101324.18582828302
101325.79646683615
101322.82889784858
101326.66476398212
101320.02562158523
101325.58417317802
101318.54094604062
101325.57146792156
101317.97742102112
101310.49638264802
101319.63392760228
101316.77146766453
101325.58618351645
101323.73156636048
101330.99249745363
101330.8182672933
101332.60355091793
101329.87124818127
101328.3565432646
101323.59205209494
101322.22074624899
101317.27676127148
101316.6437453501
101312.62936386497
101321.11251965746
101322.70104467268
101321.99721400163
101323.64481681402
101322.65151060552
101323.9534394775
101323.34863836045
101325.39387489953
101323.36840451777
101324.19291921573
101320.92866988438
101322.67855302275
101317.59275087272
101321.48531218068
101316.35203207564
101322.1294435693
101317.20229921877
101313.25462984925
101323.12708988578
101321.37979890134
101331.07043495956
101329.6932294273
101336.56568712174
101336.41020412761
101337.91549028674
101335.17273478603
101334.03887073326
101329.01703287225
101326.79177501213
101321.05863494583
101318.92125418418
101313.82031728848
101319.4583825856
101319.97228315526
101318.9951425904
101319.97995141376
101319.51254619088
101321.47874173937
101322.13779294914
101324.1643612467
101317.25605871768
101317.88330527073
101317.48966710844
101318.6852537528
101314.92720268348
101317.2626019773
101313.84576147754
101317.30259043064
101314.55785583492
101311.19753406066
101317.12464146825
101316.17992420185
101322.03706441895
101321.8688596516
101328.15318988284
101329.94846229724
101330.6305770725
101329.04515248774
101325.42771984394
101321.59568975572
101319.90545290531
101316.66581574653
101315.15419239484
101313.02517093152
101317.1631334733
101315.25367720642
101315.48298155765
101315.53901826113
101316.44145557846
101317.53385432335
101317.67142343141
101317.11693301865
101316.11331620955
101317.77698019709
101316.91224805344
101316.76779237571
101314.17306379425
101314.49696610132
101313.114313189
101315.27446742363
101315.52393708752
101315.98225714586
101321.03333919277
101322.91938811472
101329.30742880621
101330.97435742174
101335.53594807046
101338.32977321946
101338.76060106538
101337.0057708393
101333.24316673781
101329.72529460992
101325.8074044394
101322.15962119987
101318.07886155312
101315.8037036412
101315.51784360337
101313.83346249178
101313.7210379234
101313.7763059852
101315.81596978569
101316.27832017187
101317.94232607458
101316.51966558522
101336.85994990525
101334.05727445017
101330.09850965603
101326.82325627544
101323.09734712816
101320.23774715056
101317.8786189173
101315.84811386147
101315.09269802067
101314.44688545837
101315.84083009997
101316.53559805096
101319.55160148247
101320.58748126114
101322.21970443169
101321.45961145555
101320.89118954314
101321.8274262951
101321.5017580538
101320.03491423986
101317.55558607214
101316.75366849259
101314.44554248803
101315.65450458223
101314.77517678984
101316.88193629656
101319.0923546423
101321.15021211092
101326.11793632407
101327.85000950837
101332.70063703749
101336.20710348114
101334.56420328727
101332.91714325341
101328.8197700289
101324.60737868919
101322.43860410441
101318.46820792026
101316.11170715028
101313.22684960082
101316.39553670803
101313.28493365025
101312.70801193589
101312.14504794599
101312.48868413796
101313.1933331434
101313.77287704052
101313.95893105285
101314.30427943506
101314.27210209491
101313.28118354719
101314.48837817994
101311.59475744318
101313.97444267732
101311.57586795813
101315.87654619174
101314.26945532952
101311.75661305668
101318.30656324977
101318.5457417406
101324.79057062685
101325.42629592618
101332.03770404708
101334.0647600751
101334.19278075027
101331.95696796602
101331.4501224423
101326.29213083627
101324.54810975233
101319.4777361357
101318.43544078014
101313.49774158857
101319.23522787837
101320.63266350536
101319.92142095356
101321.9224408083
101321.57065261979
101323.94890349879
101323.4537459899
101325.15600567251
101323.87393758658
101325.54816788439
101322.5630347212
101325.3078189001
101319.08064145746
101322.95909364345
101316.95782759311
101321.77521627946
101316.56374519484
101313.08903429817
101321.52637057756
101319.93241867133
101328.44490799287
101327.2617401165
101333.57201938673
101332.85293794094
101335.63685803064
101332.7974625706
101331.48422175623
101325.82125053667
101324.3547666091
101318.64510033614
101317.42324698223
101312.38328272379
101320.1697660011
101321.05951269639
101320.09301979975
101320.65932918132
101320.15689425981
101320.96088959371
101320.98198607042
101322.55004256016
101321.69006040823
101322.63534766281
101320.22519593089
101323.06176707282
101317.65128041251
101322.51289125593
101316.89312695095
101323.82182091546
101317.12061916123
101310.88426292455
101320.96492294091
101318.63951988659
101327.8954552807
101326.55959949542
101334.17708954733
101333.9232076686
101336.60353634076
101333.56547639551
101332.53932951648
101327.34928462401
101325.98514459256
101319.94802970698
101319.50222036357
101314.2187370742
101324.36626024038
101327.42792571397
101326.65919018339
101330.17207927481
101328.98075030257
101332.18316641556
101330.47231650757
101333.27258437427
101331.28290362735
101334.13857405055
101329.23588728305
101333.89039762996
101325.09451003371
101331.69676919297
101322.43402149057
101330.31754833541
101320.42502449153
101311.58315266881
101324.18136282262
101319.85843910804
101330.99807327302
101327.24028242455
101335.36352483984
101334.72275883348
101338.07658156876
101335.10761369533
101333.53662338151
101328.10977924797
101325.87289131444
101319.92921714406
101318.36870718814
101314.16226487579
101326.08558768316
101327.68161980395
101327.11789421453
101328.83205881124
101327.64442290402
101329.38445523164
101327.89015209457
101329.45828839783
101328.13347248027
101330.88653145958
101326.80195698779
101331.75844031158
101324.52007669993
101331.51816994608
101323.11787590539
101331.6055909858
101321.5998312977
101311.31998354504
101323.13073857389
101319.87828466389
101330.90873587826
101328.14253526401
101336.76824933398
101336.31171350495
101338.50286142784
101335.79525112458
101334.09472209727
101329.14311315378
101326.4933802633
101321.06118153216
101318.66885374523
101316.11342256659
101330.82954513577
101333.78647134647
101332.18480171454
101335.56679161795
101334.41280099186
101337.70624384457
101335.87310743556
101337.85862928993
101336.25511709634
101339.38652214265
101334.6036797985
101339.37594722121
101331.01428456159
101337.49251259226
101328.76423496025
101336.21911404349
101323.3905511125
101312.72252124446
101323.88647834126
101320.70462331755
101332.86521425851
101328.42435984864
101337.20356051941
101336.55402545177
101338.51086829226
101335.81022501874
101333.95569237616
101329.17296783124
101326.06326725925
101321.94053249758
101318.33217195516
101314.52550802175
101333.86407932425
101335.21749637085
101332.29174332009
101335.53750746718
101333.90328630201
101337.29348165392
101334.92955131808
101337.17589488762
101335.29800671943
101338.54487760304
101333.90759482296
101338.84313372959
101330.88077970395
101337.71922120942
101329.50449073128
101338.35712533961
101323.83891414311
101312.38593082505
101324.02287398062
101320.56709275939
101332.28120476652
101328.02844160754
101337.19085708045
101336.36929365975
101338.05037851442
101335.15977420022
101333.45135605527
101328.76202472682
101326.06176685725
101321.96075051863
101318.52716624887
101314.4732504578
101334.35187221332
101335.32999533758
101332.80805146474
101336.5230623906
101334.89718555691
101338.42015213435
101336.31421518388
101338.36803866629
101336.74416363423
101339.81032834591
101335.25738804546
101340.26456429451
101331.88602053971
101338.53244884155
101329.88073008286
101338.58915171641
101323.77028573511
101312.58011635384
101323.88974670891
101320.69048916473
101331.83306556678
101327.68872485335
101336.80810704317
101335.67844215842
101341.02609430038
101338.19407466764
101336.37574925688
101331.07469606932
101327.79270724647
101322.43136105084
101319.127579124
101316.01267280628
101331.25960266523
101334.21959251528
101331.71446759286
101334.98418145892
101333.38853644238
101336.91087416155
101334.92811005397
101337.40133069517
101335.51061309411
101339.016900727
101333.85565766958
101338.3537177617
101330.22064556021
101336.94223340394
101328.79017983776
101336.58795185394
101323.53617942487
101313.12944511308
101325.08349221431
101321.51945294098
101334.67670857368
101330.45157116515
101339.63036954563
101338.63465620214
101336.12460591164
101333.18789759616
101331.60245011633
101326.61102565343
101324.66726634552
101319.65674385781
101318.78549719801
101314.59514530965
101327.12893888657
101329.73726516106
101328.54997768608
101331.4657975209
101329.52055677424
101332.66725225594
101330.53903326872
101332.7228005619
101331.00375262479
101334.11811648865
101329.61371366879
101334.56647110349
101326.48878903521
101333.4261799699
101324.50363702928
101332.82991698058
101322.17585686287
101311.7858648133
101323.00695293961
101318.81515425355
101329.61746194205
101326.31357566478
101334.58596191308
101333.82614945379
101339.89057810073
101336.78139122817
101335.95273993487
101329.87764783442
101328.32140569505
101321.35072366132
101320.71240342334
101314.6923471972
101325.13765295918
101326.71325935547
101325.52438875471
101328.07186603268
101327.26927229599
101329.99455364223
101328.44183401638
101331.26691085377
101329.45778156767
101331.94971046482
101327.68116720667
101331.87846028819
101323.91061243744
101330.24959267318
101321.87859141089
101330.22425443184
101320.99925684111
101312.52287834167
101325.53272101891
101321.30447207643
101333.56467226057
101330.17923743957
101338.52828929049
101337.783068134
101332.611810911
101329.86187155833
101328.37035498189
101323.5853103694
101322.22369230466
101317.27712119973
101316.64225055517
101312.62746804976
101321.10911284553
101322.69811264962
101321.99408777262
101323.63564353112
101322.65158103408
101323.94946568669
101323.35105143914
101325.39210662313
101324.18718127455
101325.80409879936
101322.83604445687
101326.66740118816
101320.02484159361
101325.58763506319
101318.54085480896
101325.57598245617
101317.97326756395
101310.49311214511
101319.6379582018
101316.78191159261
101325.59986662402
101323.72666453783
101331.00307761237
101330.82145176092
101337.92378028955
101335.16827857695
101334.05074287827
101329.01291079645
101326.79135532475
101321.05939288743
101318.92161380462
101313.8207886044
101319.45918659974
101319.97586293063
101319.00087723945
101319.98282082472
101319.50751641821
101321.48658963553
101322.137701402
101324.16823501095
101323.37067082808
101324.19866051091
101320.93499699087
101322.68295158034
101317.59243815913
101321.48082163339
101316.34791804744
101322.12653706913
101317.20247977154
101313.25662328469
101323.1311280019
101321.37902032243
101331.06489759988
101329.69037415789
101336.5653597997
101336.41086214318
101330.63080140436
101329.04310867633
101325.42856648224
101321.59850592016
101319.90174082987
101316.66450704736
101315.15389215868
101313.02740642245
101317.16649008522
101315.25474554152
101315.4780348099
101315.52557789398
101316.43788135775
101317.52730003695
101317.67015437697
101317.11680578951
101317.25616466248
101317.88411509684
101317.48694520064
101318.68258921865
101314.92208173002
101317.26356516618
101313.84663939214
101317.30714592661
101314.55501736891
101311.19448671042
101317.12680553648
101316.18533670236
101322.04141594873
101321.87659217067
101328.15563692979
101329.94712459666
101338.7575878895
101337.00244265048
101333.24096796966
101329.73034513356
101325.8098116919
101322.16219830117
101318.07788264894
101315.80964211657
101315.52479062803
101313.83637534492
101313.72021450578
101313.78308814022
101315.81453526171
101316.27226888543
101317.94222577849
101316.51615771114
101316.11128129852
101317.77590770161
101316.90762838212
101316.76810041993
101314.17302880526
101314.49359755524
101313.11252260451
101315.27597119007
101315.52240222748
101315.98505284409
101321.03387229748
101322.9199645597
101329.30539099975
101330.97710719549
101335.53873607016
101338.32741499603
101320.89074399575
101321.82698279773
101321.50344804951
101320.03724629656
101317.55315848187
101316.75740641313
101314.44683678081
101315.6559869114
101314.78917421166
101316.89107653867
101319.09702273479
101321.15719954198
101326.11180312086
101327.85456086337
101332.70841219228
101336.20503133272
101336.85890362677
101334.0569089027
101330.09393646408
101326.81871867493
101323.10030036829
101320.23613757524
101317.87615557677
101315.84820045662
101315.09155818078
101314.44811994002
101315.8368716462
101316.53402594841
101319.54996475334
101320.58855566985
101322.22075141195
101321.45938287801
101314.30380180971
101314.27204856975
101313.27963482705
101314.48382908592
101311.59298634778
101313.97955724153
101311.57391535469
101315.87498678548
101314.27194953381
101311.75157792874
101318.29643497741
101318.54222358933
101324.78858864332
101325.42749617234
101332.0323447743
101334.06478504413
101334.56565333238
101332.91817241802
101328.81377281607
101324.60728444652
101322.43627116235
101318.46159816028
101316.11065653752
101313.22545353713
101316.39432134028
101313.28479896158
101312.70747792309
101312.14915269714
101312.48947198116
101313.19302580089
101313.77318300276
101313.958989458
101323.87386930015
101325.54948247937
101322.56416325548
101325.30844712224
101319.07959929641
101322.95872524643
101316.95101647268
101321.77665735528
101316.5635177462
101313.0957990452
101321.54280773438
101319.93304904205
101328.44786081361
101327.25805026942
101333.57194193955
101332.85547858602
101334.17617262382
101331.95504563914
101331.46436574683
101326.29442626078
101324.549683989
101319.46670720281
101318.4279180553
101313.49253969599
101319.2277463591
101320.63847547134
101319.91963304314
101321.92473099768
101321.5672176902
101323.94903611485
101323.45311946543
101325.15554689923
101321.68742264122
101322.63105839952
101320.22942083111
101323.06495326333
101317.6573124704
101322.51634035537
101316.89270182652
101323.83096587038
101317.11365081041
101310.86217917821
101320.97717006244
101318.63656851553
101327.89650793576
101326.54909948987
101334.17127286123
101333.92345122434
101335.6255603251
101332.78932452734
101331.48706892444
101325.82292502103
101324.35435829844
101318.63379922556
101317.41971997164
101312.38193680529
101320.15673431146
101321.05972558164
101320.08676724733
101320.66226175123
101320.15904140468
101320.96712895784
101320.98336625127
101322.5477043656
101331.27735056329
101334.13963108342
101329.24020666155
101333.89033889202
101325.09442899775
101331.69732904468
101322.43950514603
101330.31100092149
101320.42212336427
101311.59108688691
101324.18294616466
101319.86584371478
101331.00771977665
101327.23298486372
101335.352527104
101334.73327341815
101336.60678871188
101333.57269504937
101332.5619809631
101327.35331980328
101325.9852428835
101319.94904793896
101319.50457523277
101314.22510233257
101324.38082268459
101327.42281940364
101326.65583760478
101330.17609359445
101328.98042222578
101332.18534305577
101330.4703766116
101333.26787831771
101328.1503119703
101330.89991554958
101326.81177453625
101331.7472892698
101324.50784687957
101331.52062263944
101323.11980494278
101331.61012138269
101321.60103613345
101311.32094217805
101323.12697752629
101319.87676131882
101330.93378311406
101328.14661295273
101336.75244731631
101336.29812380309
101338.08608942649
101335.11661320852
101333.51998239612
101328.11863705101
101325.87257826512
101319.92748463903
101318.36886311937
101314.16214625478
101326.08205843733
101327.69058751511
101327.10900815784
101328.83380409026
101327.6393418893
101329.39092931198
101327.89281403516
101329.46939907417
101336.2537512831
101339.38771035617
101334.60458346436
101339.37443596085
101331.01032700934
101337.49278499956
101328.76432865961
101336.22205941859
101323.39286985157
101312.72437296614
101323.88733939944
101320.7019232576
101332.85969219619
101328.42501121727
101337.21249945686
101336.55984957231
101338.49305824724
101335.79658106054
101334.09838835368
101329.15289162786
101326.49013313123
101321.06238350635
101318.67044100043
101316.11342982233
101330.82452168957
101333.78807168153
101332.18329783936
101335.56816409386
101334.40785296221
101337.70668209039
101335.87490849858
101337.85616961343
101335.29923250267
101338.54880095544
101333.89330619154
101338.86565746795
101330.88837269098
101337.72603040244
101329.50558661783
101338.36073856641
101323.84157643377
101312.38616649069
101324.02309731554
101320.56899323521
101332.28868110977
101328.03214616826
101337.19936691358
101336.36301714781
101338.50827874613
101335.81207245764
101333.95132847221
101329.1737996124
101326.06283049261
101321.94359206413
101318.33239912931
101314.52459140078
101333.86364728009
101335.21831048172
101332.28941049697
101335.53979561018
101333.90355724074
101337.29066614612
101334.93154673508
101337.17598818387
101336.92631410819
101340.11416482642
101335.51940475914
101340.37631376531
101332.07387022291
101338.21784547019
101330.17851080494
101337.80989655403
101324.12785942282
101313.248514231
101323.54007904617
101320.66636305174
101332.04592897944
101327.89088370914
101336.83853040538
101335.79555588054
101338.08252061685
101335.14940079399
101333.62633024696
101328.35006103256
101326.37161595287
101321.21983294722
101318.74793446854
101316.10584658509
101331.72487000245
101335.63432274679
101332.84625832227
101336.77098006132
101334.98722414134
101338.69831904734
101336.48962594991
101338.66007319769
101335.52091331276
101338.73500091341
101333.85104329466
101338.30084989706
101330.24946106887
101336.57717062383
101329.01704464367
101336.48182680336
101323.48209803089
101313.19916814283
101324.73461047298
101321.72709390688
101334.70242220646
101330.69007085505
101339.67417910576
101338.74266040951
101341.02704961473
101338.1116821295
101336.39937317748
101330.76020706879
101328.12263255156
101322.031463009
101319.45508072246
101316.3757147188
101330.23348757127
101334.15080633092
101331.47891594475
101335.09037412932
101333.34054908954
101336.98410823321
101334.91111325579
101337.34337528807
101331.35113793258
101334.43658160369
101329.90120128437
101334.67862442897
101326.76309383345
101333.33172978243
101324.73093898688
101332.91008172245
101322.20131146631
101311.90758723339
101322.90796357216
101318.95966581018
101329.63278343956
101326.52865971602
101334.74037385003
101334.01263125183
101336.24089773513
101333.21913466507
101331.86115816343
101326.61770321996
101324.872506349
101319.57073616804
101318.91078408479
101314.68658305863
101326.74019566741
101329.97518128058
101328.37496214145
101331.61398202131
101329.60667545878
101332.97267128251
101330.78373605982
101333.15659982504
101329.36501757958
101331.78622341824
101327.67648683899
101331.49830120779
101323.88837450644
101329.94863835174
101321.85006619812
101329.90326161454
101320.881902793
101312.81986314894
101325.32785481864
101321.42001483266
101333.30295267145
101330.2168643644
101338.50614199977
101337.73270362763
101339.83488782118
101336.60759499852
101336.00386715964
101329.70351392405
101328.30816294237
101321.22546763215
101320.61793662587
101314.6832850606
101324.84676721456
101326.77285138334
101325.31045118024
101328.09555616022
101327.09859432973
101329.94309048649
101328.4394103684
101331.06643722326
101324.20316529016
101325.99096943077
101323.01389702514
101326.79704089896
101320.34480728194
101325.44264414118
101318.62830027398
101325.28872923464
101317.81226617635
101310.55039559504
101319.65508231315
101316.95926590949
101325.6137560764
101323.97970523848
101331.238157649
101330.98804653238
101332.79466346782
101330.01100734764
101328.62873196958
101323.75759177658
101322.42171503477
101317.30571418117
101316.75278941203
101312.46930037919
101320.80269062937
101322.77443309694
101321.83308990506
101323.73471575526
101322.69190698367
101324.37079278359
101323.48282661631
101325.61772128753
101322.4686001643
101323.70121899829
101320.72259933673
101322.6529363934
101317.59833533122
101321.11137182564
101316.14433387693
101321.67364800257
101316.82239089257
101313.06105761329
101322.5301296105
101321.19072361676
101330.71636326973
101329.56727342798
101336.2935483937
101335.87494931612
101337.28651696327
101334.63405860456
101333.80264433882
101328.80195811097
101326.59476450543
101320.67705668103
101318.72932386523
101313.4869625284
101318.97313046982
101319.75658571471
101318.62412516614
101319.76385701679
101319.34634147424
101321.45745551033
101321.71938991077
101323.37115947426
101317.8365906344
101318.54395231057
101317.67654914326
101318.81236872742
101315.04832133491
101317.16997757953
101313.74695651451
101317.0353283564
101314.1385034916
101310.97123086758
101316.88029625811
101316.11134112383
101322.12905454088
101322.2838226694
101328.40271199973
101330.06682987027
101330.85419384162
101329.31780847182
101325.76326609009
101321.82612032487
101320.04083969581
101316.49929012326
101315.09033326965
101312.47626863494
101316.66820037202
101315.16899023512
101315.31336697898
101315.68064891263
101316.50033883168
101317.6496085105
101318.04730051714
101318.00599556616
101318.29102135732
101318.26457194754
101317.09391244061
101316.69780418895
101313.92451119079
101314.13409378522
101312.6011620971
101314.69486832939
101315.02158478733
101315.53281128916
101320.58693848718
101322.54304060996
101328.77573288651
101330.73396215498
101335.20070327264
101337.6889783162
101337.98737643298
101336.56740002657
101333.04340232481
101329.35898018397
101325.41022441201
101321.65237459353
101317.72565396281
101315.24337632727
101315.08742582556
101313.18767402074
101313.26813972017
101313.57862099528
101315.72994496218
101316.37514178723
101318.47047718018
101318.08176260372
101334.68579703339
101333.20591443797
101329.66135287548
101326.412310089
101322.67360825236
101319.77574881398
101317.27238911866
101315.41149519234
101314.55810169256
101313.97133421074
101315.42262515733
101316.24771267793
101319.31483661967
101320.63015355755
101322.40732823424
101322.31055236014
101322.27508848207
101322.21556791844
101321.59494361671
101319.98810215836
101317.3388129024
101316.31016352019
101314.0781635389
101315.09598718102
101314.27764586406
101316.34194867492
101318.63352673665
101320.74860201235
101325.57840392362
101327.43671209333
101331.95911174905
101334.32752289865
101334.54574162514
101332.56287264187
101329.15874124775
101324.78460297259
101322.50071254886
101318.27967445638
101316.04273303153
101312.69250728277
101315.91221124728
101313.0709555691
101312.57726528111
101312.25804146905
101312.77481632977
101313.5627652752
101314.05856702928
101314.51449333182
101314.52504882234
101314.56520347368
101313.49948989809
101314.82178701236
101311.71708547461
101313.91900946133
101311.37373084656
101315.5528515818
101313.84285753468
101311.5024651373
101318.07635642914
101318.4989847339
101324.93726005645
101325.83558029235
101331.92394342732
101333.82347510746
101334.30615976281
101331.87632716232
101331.25474883235
101326.16735776498
101324.30486543305
101319.12227101419
101318.06014343518
101313.17364011292
101318.66431751786
101320.29877791664
101319.43965435456
101321.59888952484
101321.37213108511
101323.866873116
101323.31289650463
101324.91046062301
101323.55981948617
101325.36108346628
101322.48550387312
101325.15827079963
101319.00561490565
101322.45025499795
101316.65360640336
101321.29002313079
101316.19093900152
101312.86090113033
101320.92246701919
101319.70872380958
101328.10437018122
101327.0745962076
101333.31821426368
101332.95351202591
101335.66800350472
101332.76895184464
101331.62346056514
101325.97089993379
101324.64627614085
101318.5875762177
101317.42814567922
101312.2189255737
101319.8083038069
101320.91306217267
101319.80665650041
101320.67030359173
101320.19226275772
101321.16053270354
101321.07072636853
101322.56002764599
101321.64713366043
101322.75533110739
101320.3606970431
101323.23924888403
101317.80168717193
101322.49059879794
101316.83531316306
101323.49549223545
101316.95661972894
101310.9350353177
101320.85328560277
101318.74746654996
101327.90127063113
101326.6813364929
101334.180233737
101334.0046326895
101336.61950034327
101333.55998219689
101332.51093023595
101327.26298645936
101326.06968145218
101319.81512363997
101319.29810122109
101314.16642729296
101323.91031791506
101327.46779858563
101326.30793620707
101330.17079798388
101328.75316567699
101332.16842816545
101330.35268108985
101333.38838940943
101331.26552930068
101334.19513130517
101329.20661865236
101333.81897966329
101325.1186224054
101331.44557561335
101322.37024119348
101329.83635839153
101320.29203671128
101311.7993251147
101323.95970105227
101319.97862214837
101330.75364181722
101327.35465596135
101335.35265680385
101334.79177630899
101338.19009826773
101335.08790502729
101333.91744035322
101328.04596959523
101326.12859570168
101319.9083466477
101318.49048031143
101314.26773962853
101325.61753983324
101327.98885505207
101326.91473967748
101329.05832819096
101327.72330718208
101329.80596030242
101328.08536469114
101329.84203248988
101328.39817094791
101331.21718267041
101327.06969542672
101331.98470150262
101324.71715596065
101331.41389054668
101323.26309063661
101331.63371157782
101321.58705512498
101311.49380776365
101323.06561722574
101319.94256669888
101331.02694701523
101328.31631290729
101336.90360653357
101336.46115970411
101338.36308873237
101335.70047968099
101334.21995561171
101328.72758757943
101326.72889231797
101320.71810585323
101318.89728855295
101316.47449018712
101329.75482482216
101333.78503245182
101332.03618937553
101335.66060782444
101334.33574226106
101337.86957290907
101335.91957560377
101338.04115674013
101336.36442196716
101339.51767569495
101334.73569838805
101339.41594008908
101331.08717965768
101337.34357828597
101328.89395366059
101336.06049230875
101323.45932361837
101312.72372439575
101323.51948535556
101320.77696742355
101332.86704142782
101328.65997890348
101337.23117407743
101336.53886350107
101338.58565101278
101335.82794085516
101334.07828498147
101328.71646618287
101326.57660466389
101321.23256562014
101318.63307609707
101315.96029971821
101331.63435531207
101335.3162671515
101332.27999771967
101335.77265143958
101333.89272919088
101337.50142683953
101335.13669079995
101337.41934321147
101335.50772758111
101338.79143083877
101334.17637380504
101338.91598525924
101330.9597803701
101337.47051782311
101329.71864968506
101337.68493841331
101324.06580560372
101313.07930981561
101323.58714059513
101320.60958232572
101332.57880601336
101328.29426880539
101337.24096350929
101336.47351356409
101338.08090608963
101335.14734474485
101333.62593367184
101328.3489457181
101326.37234810481
101321.21921961222
101318.74887013661
101316.10829907362
101331.72679972425
101335.62989672933
101332.86214728749
101336.7877086084
101334.97499956125
101338.70839355375
101336.48814442322
101338.66061159757
101336.92399892052
101340.10519082878
101335.51496726203
101340.36562298724
101332.06907603549
101338.21368674895
101330.17630761277
101337.80807083336
101324.12655155595
101313.24807839833
101323.53749240107
101320.66347895225
101332.04228468996
101327.88652298231
101336.82774104897
101335.79046456717
101341.02334163371
101338.10900981765
101336.38786011547
101330.76553563219
101328.12344647883
101322.02965603584
101319.45577322599
101316.37833074105
101330.23715368014
101334.14653239283
101331.47876888851
101335.07150902152
101333.3200196715
101336.98247558359
101334.90801982892
101337.34063570565
101335.51928950328
101338.73198350958
101333.86053539223
101338.30157797891
101330.24457709966
101336.57014620588
101329.0159160911
101336.48053535758
101323.48187304751
101313.19921571133
101324.73700409866
101321.72791890893
101334.70364792016
101330.6869335528
101339.67807222941
101338.74485473344
101336.24282668358
101333.21771782506
101331.86438232139
101326.62804901607
101324.87284288615
101319.56699208068
101318.90973720075
101314.6860903963
101326.73787967915
101329.97470520352
101328.36817362983
101331.60517940929
101329.61990769859
101332.97319170143
101330.78161697013
101333.15672196602
101331.35236801085
101334.42764975094
101329.90159765969
101334.67825452247
101326.75890615133
101333.33934357637
101324.7363286063
101332.9099411145
101322.20219322652
101311.90705533767
101322.90897292996
101318.95280026647
101329.63264576654
101326.54041001668
101334.73934183526
101334.01361035513
101339.83729269609
101336.60345932064
101336.01539221287
101329.70316839273
101328.31668955843
101321.23041987482
101320.62109876562
101314.68295417042
101324.8462626518
101326.77574263622
101325.31112518835
101328.1008935854
101327.1061063198
101329.93965718556
101328.44609728837
101331.06294746476
101329.36412035085
101331.78609428616
101327.67955650992
101331.49428459715
101323.88409712704
101329.94601563008
101321.85230553155
101329.89690831884
101320.88269557923
101312.81861692164
101325.32795171792
101321.41909040521
101333.30565600815
101330.22423515085
101338.51699743979
101337.72703613775
101332.80221563642
101330.0048947211
101328.6367638598
101323.75752067116
101322.42356559695
101317.30803309639
101316.7540001539
101312.46783223521
101320.80144666767
101322.77520813697
101321.83145208599
101323.73027422544
101322.69354155223
101324.37205277896
101323.48453801814
101325.61575252665
101324.20396924176
101325.99667332809
101323.01856029328
101326.80204155196
101320.34345277914
101325.45496445036
101318.63446984238
101325.29068190099
101317.81280550051
101310.55030999178
101319.66085335988
101316.97105849725
101325.62412616418
101323.9819331934
101331.24587464472
101330.99417483617
101337.29469399006
101334.63142975018
101333.81724717932
101328.80992295664
101326.58493931334
101320.67571601456
101318.73087539882
101313.48708726077
101318.97293670051
101319.75686316509
101318.62625655216
101319.76721862398
101319.34678261637
101321.46224439323
101321.71940948734
101323.37204628761
101322.47078381246
101323.70742914212
101320.72852979619
101322.6569362525
101317.59412013288
101321.10899205439
101316.14229278955
101321.65286426473
101316.82734313121
101313.06331988363
101322.53774814858
101321.18983289154
101330.71558787579
101329.57037328809
101336.29535516168
101335.87896753772
101330.85823988142
101329.31641134169
101325.76625764419
101321.830784516
101320.03236579485
101316.49553701752
101315.08938916479
101312.47668362218
101316.66880417944
101315.16909772572
101315.31197238489
101315.67138535234
101316.50045888447
101317.64785678725
101318.04613477516
101318.0048304454
101317.83599508877
101318.54415580968
101317.67466613857
101318.80997847146
101315.04429910911
101317.17215434962
101313.74112186147
101317.05051834308
101314.13790134051
101310.96734562519
101316.884116122
101316.11569181076
101322.14386015113
101322.29090593509
101328.40303514119
101330.06886929151
101337.9885075599
101336.565374547
101333.04364681162
101329.3635881291
101325.41196331248
101321.65487822294
101317.72397333638
101315.24758087704
101315.09119150729
101313.19007135663
101313.26306358319
101313.57869154573
101315.73018894219
101316.37396360956
101318.46696363061
101318.08103634523
101318.29028555323
101318.2647761694
101317.08986920808
101316.69707183041
101313.92583871678
101314.13539867148
101312.59673344863
101314.69872293084
101315.01529101758
101315.53092993225
101320.58792974516
101322.54290146507
101328.77358995171
101330.72981422806
101335.20031316984
101337.69198331496
101322.27402002426
101322.21443884241
101321.59636965911
101319.99098842643
101317.34071261298
101316.31288341343
101314.0726925366
101315.0928073814
101314.2834622901
101316.3483041563
101318.63665440124
101320.7483094285
101325.57163001435
101327.44071269446
101331.96185594304
101334.32738131765
101334.68597690956
101333.20450748365
101329.65788728846
101326.40747370353
101322.67200880917
101319.77503880914
101317.26937356671
101315.41140907641
101314.55131956942
101313.97952960318
101315.42226980542
101316.24634942865
101319.31106889891
101320.62689398271
101322.40627326998
101322.30990739731
101314.52331966948
101314.5634978078
101313.49982231343
101314.82100175552
101311.71790809737
101313.92935050621
101311.37514622035
101315.54760776197
101313.8407538421
101311.50184468889
101318.0755209949
101318.49588771073
101324.93212503481
101325.83641500022
101331.92271318237
101333.82383920164
101334.54470737027
101332.5617427629
101329.15465757457
101324.77895515328
101322.50319776105
101318.27550327044
101316.04123820204
101312.69799233915
101315.91219754795
101313.06413618333
101312.57572465838
101312.25911809326
101312.77971187491
101313.56317480949
101314.05895243358
101314.51355487437
101323.5580687902
101325.36075361443
101322.48432742937
101325.15738171802
101319.00728092021
101322.45381520077
101316.65109311053
101321.28939751854
101316.18985294827
101312.86441184551
101320.93421461231
101319.7099996669
101328.10555146234
101327.07246799434
101333.31779005297
101332.95179199081
101334.29477808489
101331.87042533795
101331.26021300306
101326.16211816117
101324.31413529527
101319.09953970663
101318.04582260574
101313.1678111108
101318.65905253144
101320.3013100072
101319.43812057843
101321.60450550093
101321.36853733381
101323.86699985153
101323.31072102647
101324.91017780663
101321.64713089036
101322.75684530004
101320.36518928663
101323.24705407965
101317.80790643058
101322.49564273874
101316.83545272287
101323.49894588329
101316.95774528453
101310.9199443923
101320.85757757426
101318.74599372206
101327.90124952658
101326.67044516794
101334.17642887257
101334.0070441695
101335.66255480566
101332.76007263584
101331.62537637739
101325.97275041779
101324.68372855117
101318.55339542015
101317.41277207425
101312.22339811371
101319.80501207389
101320.90996864294
101319.79798034467
101320.67410372361
101320.19500212213
101321.16429333991
101321.07115739913
101322.56035355714
101331.2622628512
101334.19682854891
101329.20906703692
101333.82077267315
101325.12044694129
101331.44946079896
101322.37059876228
101329.8305626314
101320.29246475684
101311.80062273731
101323.95673064688
101319.98256166282
101330.76302833293
101327.34499224575
101335.34238543609
101334.78972483493
101336.61641198771
101333.56493858257
101332.54723052595
101327.27051290325
101326.0731752221
101319.8213469355
101319.30665628827
101314.16623082483
101323.91053480739
101327.46534540869
101326.30360193878
101330.17966592926
101328.75108623039
101332.16948121293
101330.34420509214
101333.38120269382
101328.41215996144
101331.2233124659
101327.07197429516
101331.9829345333
101324.71003786279
101331.41959449658
101323.26691879651
101331.6375219684
101321.58743719521
101311.49325756299
101323.05384842771
101319.93981098865
101331.07883755986
101328.3044260896
101336.89215408574
101336.44981514473
101338.18824760866
101335.0909025991
101333.89252370973
101328.04852361471
101326.13379171753
101319.90526259111
101318.48913574409
101314.26331362406
101325.62039683368
101327.98793333648
101326.90837846714
101329.05946156902
101327.7195158707
101329.80914671373
101328.09045192529
101329.84761065055
101336.3670362883
101339.51282385841
101334.73600630116
101339.41950863329
101331.0846384568
101337.34645435993
101328.89607821534
101336.06272327396
101323.46077092251
101312.72547739148
101323.51986801848
101320.77246509466
101332.86420095859
101328.66084614149
101337.23940955145
101336.55371739824
101338.36202787694
101335.70229196867
101334.21976687477
101328.73799716185
101326.72175627052
101320.71737239292
101318.8973436729
101316.47211799122
101329.75518083283
101333.78289005063
101332.03168814475
101335.66204657109
101334.33662608948
101337.87337770974
101335.93333352939
101338.04185207975
101335.51225981567
101338.79499726102
101334.17723260159
101338.9287017442
101330.96444935178
101337.47517431472
101329.72191150769
101337.68788905258
101324.06765060671
101313.07987342402
101323.58699033794
101320.61228154505
101332.58644542427
101328.29188116008
101337.24086424724
101336.47619533059
101338.58180766646
101335.82840612352
101334.07126959515
101328.71626437435
101326.57718047724
101321.23425326456
101318.63259038195
101315.95819467168
101331.63621169093
101335.31253812791
101332.27248087639
101335.77147722359
101333.90032928356
101337.49698593099
101335.13339729889
101337.41991488459
101335.9438530162
101339.13339757823
101334.62771585747
101339.14078678057
101331.47028628044
101337.87303855717
101328.63427196493
101336.16196625512
101324.71557566564
101314.74269653211
101324.47768328754
101320.77150015229
101331.20888477302
101327.55297234382
101335.69665865778
101334.91921721469
101337.03830063586
101334.14665430223
101333.14499049136
101327.91939551287
101326.60442714844
101320.93513476409
101321.64231985717
101317.99316030211
101329.68954925222
101333.48186825053
101332.35625732871
101336.17889755234
101334.27054424361
101337.68370379231
101335.40819723868
101337.82500527191
101334.39983714792
101337.58405337446
101332.96412315246
101337.37936425724
101329.74091219505
101336.07886783266
101327.40049040393
101335.26077225199
101324.16113567853
101314.510598933
101325.8292282257
101321.81537433324
101333.46987997562
101330.05366525953
101338.50680663041
101337.82781482537
101339.83994557588
101336.94575253621
101336.10751509466
101330.05829412052
101328.49097745406
101321.83743042129
101321.75277289763
101317.64811481212
101328.86006702532
101332.69541724722
101330.92067982581
101334.55531935046
101332.50787582758
101336.06648010689
101333.80225361216
101336.33860439455
101330.80836494945
101333.75710920451
101329.60378162513
101334.21060459522
101326.89807434929
101333.16586992491
101325.05953498989
101332.52376332364
101322.57303863493
101313.1344061756
101323.155045494
101319.35521026628
101329.28761358614
101326.23687506269
101333.94851761108
101333.22637060136
101335.35752662508
101332.39217434535
101331.53082303377
101326.29753636206
101325.27509700703
101319.6792095815
101319.85686773792
101315.86634234335
101326.33499677294
101330.24424903332
101328.25567755973
101331.58900789364
101329.42831017381
101332.66780592738
101330.30273431237
101332.6501107498
101328.60985103725
101331.08344546377
101327.22831655321
101330.85363851771
101324.03278209343
101329.59825434008
101322.43526543067
101329.73107783947
101321.353901971
101314.10532655715
101325.28832779992
101321.73583508967
101332.49606408199
101329.56385663489
101337.34765461354
101336.73525401881
101338.63857703528
101335.56421021225
101335.01863513645
101329.02266807211
101328.42869526253
101321.26364086098
101321.37043775237
101315.5324148767
101324.63058222966
101327.46773241443
101325.35385765208
101328.23547403913
101326.63852010746
101329.45102374058
101327.83472578037
101330.30697903081
101324.74365139377
101326.59614999239
101323.64564380348
101326.96208432119
101321.18202138697
101325.75111191269
101319.59523877017
101325.62868683362
101318.68652752475
101311.88206718753
101320.43318981928
101317.83769896897
101325.8904375539
101324.43596285593
101331.09166560022
101330.83023088741
101332.49733977059
101329.76789064211
101328.79866798923
101324.09636659836
101323.11448270232
101317.92925419095
101317.95555011064
101313.72672851583
101321.38378949896
101323.76294674614
101322.1620220777
101324.35651595965
101323.008874836
101325.08336724204
101324.13518680181
101326.15821657279
101322.02237768641
101323.35238421139
101320.71586049339
101322.72043999625
101318.23030731965
101321.55882359292
101317.09130068758
101322.28822561556
101317.78979643944
101314.16526907923
101323.15901398519
101321.63421099402
101330.29982404443
101329.36479687964
101335.57428814829
101335.42442375359
101336.9736743766
101334.35353143282
101333.41992389111
101328.4588415395
101326.58764319224
101321.01526326164
101319.92640713383
101314.44976381413
101319.71329323182
101320.81491195751
101319.22576363446
101320.41896069478
101319.67809685082
101321.67624180687
101321.56213108971
101322.86653089759
101320.50103232202
101320.66469188701
101318.6754204585
101319.69770715247
101316.27136477141
101318.38257213084
101314.99504697988
101318.16928335381
101315.27123095655
101312.29170654951
101318.03675390218
101317.25047443513
101322.99464105169
101323.11890167234
101327.94258097888
101328.3252539032
101329.28830699224
101327.68220171214
101326.22603549952
101322.64473679394
101320.92684016608
101317.55689576578
101316.32430874466
101313.69680815861
101317.41530515185
101316.71327609339
101316.47447182929
101317.1397468136
101317.49282419834
101318.75235607442
101319.42664035264
101320.74692725891
101319.61998832092
101319.43057543659
101317.6525863968
101317.38392857532
101315.18933563531
101315.04049776852
101313.83738501262
101315.5545072393
101315.99687738871
101316.4615280416
101321.39365139321
101323.19431819479
101328.45007973655
101330.21004375134
101333.97744861864
101335.00627776238
101335.44317782475
101334.47554143993
101332.23336756238
101329.07075446387
101325.68922122401
101322.3018815813
101318.80009103238
101316.03561585283
101316.07663275625
101314.45788988387
101314.51592858386
101314.73098390065
101316.45579693327
101317.09109997192
101318.8420326717
101319.57030066397
101332.22770815066
101331.36067389139
101329.07974521256
101326.29571918907
101323.14116258659
101320.46497050552
101317.80230210557
101316.46118383562
101315.47404254168
101315.23329105464
101316.38025603419
101317.15266042609
101319.59227702375
101320.83688824729
101322.67485125686
101323.48651377263
101323.63025503114
101323.08358692782
101321.72534116027
101320.27243284928
101318.08038071595
101317.16890660938
101315.23085023074
101316.04454584685
101315.39295006693
101316.96342674908
101319.50170605507
101321.31441365814
101325.70249243204
101327.14022513716
101330.93017953337
101331.87845647734
101332.60158112172
101331.11456713943
101329.54080051533
101325.61231824612
101323.4247985963
101319.35553562157
101317.50076135596
101313.99574609038
101316.85329344284
101314.56280435483
101313.86024962489
101313.6122863794
101313.95954280828
101314.86085721015
101315.45166066133
101316.49171545074
101316.35132270723
101316.43582450524
101314.86158273829
101315.94003224105
101313.07278266727
101315.31779184207
101312.85814185804
101316.73807232213
101314.9163751423
101313.07193398153
101319.36935257967
101319.64071175967
101325.58189787573
101326.55838674132
101331.27756068576
101331.77855616782
101333.99714963892
101331.60707149954
101330.73361811115
101326.01367891129
101324.42734867278
101319.67564622391
101319.02085772931
101314.16775170909
101319.28232809711
101321.44455136312
101319.96310082244
101322.29312155733
101321.44225514794
101324.18138589602
101323.44671553666
101325.10865587281
101323.8426784552
101325.60957986859
101322.63915436076
101325.10387846318
101319.63972101474
101323.0658136219
101317.74859731739
101321.93493190283
101317.16288440386
101313.77769533865
101321.46959509833
101320.20244756942
101327.52027556331
101327.06048448171
101332.61641662827
101332.70677339265
101335.13353423252
101332.38884079976
101331.61179275636
101326.19913743513
101325.12496401867
101319.31473081876
101318.70380278597
101313.44235707106
101320.51624819965
101322.05127584697
101320.43177153486
101321.5287359224
101320.57968184311
101321.82812258709
101321.46872117931
101322.85230396826
101321.85768554927
101323.27441108233
101320.7262029132
101323.66916085531
101318.69532173047
101323.04312761828
101317.84875015661
101323.97863768614
101317.90378296367
101312.20925399645
101321.49405934807
101319.61322819626
101328.31639818137
101326.94827430154
101333.83169903679
101333.72119963024
101335.86154470325
101332.90281345797
101332.06416967492
101326.89287773162
101325.96389474602
101319.9388414922
101319.99108866639
101314.94544134113
101323.97749986427
101327.80823657927
101326.20392701493
101330.08799931598
101328.15486082125
101331.44052509512
101329.51939741694
101332.15540330857
101330.2910966631
101332.74329023574
101328.72793207342
101332.7461674599
101325.27625795748
101330.9691684795
101322.84865973101
101329.50407267772
101320.79533599716
101313.06423130426
101323.66893436239
101320.29401492581
101329.8296147449
101327.30541304903
101334.61939378441
101334.17093430439
101337.35785071926
101334.41082375361
101333.90800224089
101327.76736480571
101326.51410478847
101320.22477462252
101319.4903171902
101315.50673055647
101325.50291264387
101328.50961914964
101326.8057304727
101329.17554113307
101327.63556048999
101329.80740054205
101328.02033680808
101329.72439146585
101328.23946793395
101330.95135875951
101327.13786985533
101331.63188544961
101325.01149270762
101331.20743336604
101323.61363899698
101331.33989779517
101321.93074778013
101312.75608280618
101323.26024195751
101320.32351256159
101331.09750012422
101328.00251118046
101336.08433716574
101335.70167876259
101337.39614777706
101334.63413151812
101333.6724018502
101328.16045872317
101326.97976070135
101320.78315311963
101320.7688941544
101317.37763401464
101328.57379021458
101332.73307486546
101331.46237732985
101335.22420580852
101333.48762776493
101336.93082242842
101334.72156430526
101337.02187764752
101335.19086211505
101338.34746861758
101333.8143326671
101338.32818009015
101330.58512709415
101336.81077920386
101327.72816228977
101335.20482180742
101323.89287335912
101313.88330422287
101324.60310330354
101320.74930123493
101331.61964612335
101328.14980459683
101336.19100984659
101335.6524149225
101337.6001223762
101334.79781644123
101333.79765461087
101328.26785190456
101326.95486973666
101320.95359486654
101321.52740941299
101317.92007105614
101329.55613203245
101333.03386771152
101331.70664108035
101335.32471033503
101333.12531605487
101336.53929611764
101334.07332690946
101336.56331932951
101334.50269885572
101337.77060417425
101333.2653046902
101337.94658640455
101330.34771437997
101337.01532089182
101328.0801802464
101335.85700498511
101324.59743166018
101314.63735390046
101324.74888300263
101320.78231157397
101331.63328085188
101327.98919800017
101336.21046498032
101335.70578435494
101337.037316275
101334.14488729251
101333.14483054884
101327.91651298755
101326.60885096007
101320.9384434407
101321.64171236265
101317.99356792461
101329.69024303838
101333.47882750924
101332.35925397914
101336.1893308733
101334.26707068968
101337.69220215322
101335.41023155412
101337.83384246725
101335.95979363094
101339.12543362877
101334.62976627002
101339.13962380335
101331.47084073958
101337.87140340566
101328.63036853015
101336.16000754715
101324.71413352716
101314.74165272317
101324.47780341271
101320.77107996607
101331.20674533995
101327.5479595006
101335.69142059051
101334.91773370317
101339.84268891763
101336.95324619762
101336.08885778321
101330.05937877847
101328.49409471099
101321.83703860929
101321.75342938509
101317.64850079252
101328.86046985224
101332.69342246705
101330.91644470676
101334.54578399277
101332.49241542534
101336.06239848655
101333.79648889057
101336.32403354644
101334.39012535769
101337.53486752525
101332.94376166661
101337.38493252236
101329.74170526942
101336.0745070929
101327.39809430976
101335.25869889707
101324.16033787109
101314.51004951361
101325.82957972515
101321.81509961802
101333.47339432334
101330.04829792057
101338.50711593936
101337.82997794202
101335.36045273824
101332.3930276693
101331.52883408043
101326.29895563659
101325.27535004744
101319.67660690761
101319.85659172639
101315.8649039494
101326.33382608726
101330.24225178415
101328.25054184337
101331.58705057637
101329.4458985262
101332.69844329948
101330.30234664273
101332.64020232329
101330.77960361127
101333.78238857612
101329.63072472058
101334.19874527043
101326.91682588331
101333.16491941988
101325.05625881754
101332.52328646979
101322.57263050371
101313.13402617513
101323.15577848261
101319.35335710339
101329.29352896955
101326.24023926308
101333.94987481544
101333.22654632825
101338.64237290512
101335.56872409364
101335.00795087391
101329.02446499489
101328.43469577398
101321.26526650706
101321.37211291191
101315.53152750115
101324.62974163223
101327.46466487907
101325.35044612167
101328.23338182285
101326.61735009079
101329.39182225519
101327.84950914854
101330.29500125359
101328.60173530123
101331.09998319387
101327.22614191433
101330.85475425111
101324.04277352335
101329.60006287394
101322.43515368734
101329.72472263462
101321.35278106501
101314.10387918216
101325.28438818274
101321.72942348439
101332.51015703511
101329.55930315974
101337.35052606734
101336.72875754404
101332.50009703454
101329.76382781181
101328.79780429622
101324.09490488371
101323.11001045501
101317.92918382655
101317.95740605331
101313.72712248823
101321.38531629583
101323.76874367734
101322.16278285802
101324.34941769553
101323.00920923031
101325.08444465822
101324.12997492807
101326.15899568619
101324.7421826276
101326.59871347253
101323.63910710622
101326.96861869808
101321.18321079176
101325.75839518772
101319.59950317153
101325.62768247064
101318.68682134562
101311.88172198528
101320.43627600578
101317.84471829244
101325.8955747234
101324.44140526341
101331.10139542934
101330.83421191186
101336.97813709147
101334.34611692303
101333.43142190565
101328.45968018861
101326.58863768124
101321.0173653212
101319.92623199645
101314.45007571147
101319.71278452549
101320.80946432188
101319.20959854839
101320.41749855575
101319.68048484922
101321.69292774481
101321.55730497029
101322.86998538658
101322.0228253065
101323.35782126602
101320.7175698385
101322.72083009007
101318.22795706702
101321.55968232523
101317.09461364045
101322.27805257679
101317.78883703517
101314.16508713747
101323.16442097673
101321.64078900286
101330.30614431357
101329.35595730168
101335.58013808557
101335.42730153659
101329.28904729668
101327.67634407023
101326.22655602751
101322.64478178634
101320.92330101649
101317.55732781051
101316.32444329321
101313.70057785494
101317.42103811821
101316.73545840339
101316.49886298049
101317.10936186046
101317.49255009269
101318.74701944532
101319.42176316984
101320.74644998305
101320.49909911359
101320.66433668429
101318.67226133792
101319.69401865639
101316.26729333718
101318.38372878605
101314.99552299861
101318.17501248121
101315.27032697815
101312.29115874213
101318.03695474312
101317.24658530111
101322.97689037914
101323.13052348986
101327.95628777159
101328.31948410915
101335.44288258062
101334.47285434429
101332.23341791613
101329.07264356398
101325.69006522154
101322.30549175368
101318.79388557687
101316.03635168474
101316.08120866389
101314.47197393501
101314.53162509839
101314.71629608105
101316.45651509699
101317.09052772957
101318.83798677116
101319.56943190694
101319.61876629473
101319.43061032364
101317.65024500902
101317.38248369048
101315.18832344809
101315.04176187296
101313.83363403656
101315.55580469861
101315.99398054561
101316.46145838304
101321.39242403136
101323.19120583113
101328.44423869246
101330.21788736559
101333.98247239625
101335.00616193263
101323.62922396029
101323.08162618343
101321.72549877882
101320.2740547874
101318.08322564886
101317.17277184915
101315.23099872333
101316.04181208374
101315.39596084526
101316.97076745478
101319.50793574945
101321.30878110002
101325.69551080394
101327.14350634838
101330.92730112144
101331.87823670309
101332.22721492968
101331.36006582172
101329.07618332061
101326.29274880078
101323.14056162958
101320.46591273337
101317.7996648812
101316.46046018506
101315.4693625225
101315.23479876787
101316.38105867228
101317.15359320419
101319.59302394807
101320.84350727164
101322.67566684114
101323.48707748752
101316.34925518896
101316.43301982456
101314.860267344
101315.93964921472
101313.07477791878
101315.32143156018
101312.86448071645
101316.73491550502
101314.91456020671
101313.07149980126
101319.36877961925
101319.65144492457
101325.58119304794
101326.56500187833
101331.27453752748
101331.77616734907
101332.59841996508
101331.11278266598
101329.53891302456
101325.6076464505
101323.42753702417
101319.3545701137
101317.49855998784
101313.99742559044
101316.85209665513
101314.55808787925
101313.85788750689
101313.6114825282
101313.96767768645
101314.85334144668
101315.45064645293
101316.4903055719
101323.84132140037
101325.60843399758
101322.63844150327
101325.10939335248
101319.63777840497
101323.06832232189
101317.73718159583
101321.92878909421
101317.16056334108
101313.77857424344
101321.47952911035
101320.20487930454
101327.52021023791
101327.05515627682
101332.61301855254
101332.70314890842
101333.99241583957
101331.60445159809
101330.73702017698
101326.01029364458
101324.43431876435
101319.66397040467
101319.00875317601
101314.16303256896
101319.27826091979
101321.44438152006
101319.96042459334
101322.29205045133
101321.43350423432
101324.18155743962
101323.4449974875
101325.10927241624
101321.85741040652
101323.27411542404
101320.73014251431
101323.6800780247
101318.69952917124
101323.04372618275
101317.84866584677
101323.97995161761
101317.90353383149
101312.20698098751
101321.49596416907
101319.61426639781
101328.31355146845
101326.9415972264
101333.83108739401
101333.72383133013
101335.1309203885
101332.38461823171
101331.62081244678
101326.20247598476
101325.14637178552
101319.30034742088
101318.69302747436
101313.44368241772
101320.51491596679
101322.04700311799
101320.42632631428
101321.52954878125
101320.58164348615
101321.8278205043
101321.47013628864
101322.85323192013
101330.28933828071
101332.73929303895
101328.7264049197
101332.75270581202
101325.28071784542
101330.97064638115
101322.84536333685
101329.49892655616
101320.79509136392
101313.0647777612
101323.66984058887
101320.29666732906
101329.8324601005
101327.30007279794
101334.61779822342
101334.17153344475
101335.86222825301
101332.90895635149
101332.06975402126
101326.8972190216
101325.96304990476
101319.93816162595
101319.99861217894
101314.94377788881
101323.97718869723
101327.80839834458
101326.20439843588
101330.08930994108
101328.15369653696
101331.44313192206
101329.51856627647
101332.15805733191
101328.24039700186
101330.95149884677
101327.12853983008
101331.62811048655
101325.00518281726
101331.2097762207
101323.61724236209
101331.34304490543
101321.93146471314
101312.75563734959
101323.25172443516
101320.31779474473
101331.11327228545
101327.9997608985
101336.08776614812
101335.70794622123
101337.36046671146
101334.41935828562
101333.88455976058
101327.77026841785
101326.50710536895
101320.22190803659
101319.49349293162
101315.5049510949
101325.50386253954
101328.50769616534
101326.80296176912
101329.17666159637
101327.63471427679
101329.80983504836
101328.02333512582
101329.72367939356
101335.19066165829
101338.35081623579
101333.80660357862
101338.332284531
101330.57970229551
101336.81223115978
101327.73285050216
101335.20626866177
101323.89401357689
101313.88479350918
101324.60220517355
101320.74431583079
101331.62074415022
101328.15236496582
101336.20032027239
101335.66373399338
101337.39767108113
101334.64625182023
101333.67515816347
101328.18091775646
101326.94132115836
101320.78180625287
101320.7812675668
101317.37577119141
101328.57277942257
101332.73178342187
101331.45948676512
101335.22559183308
101333.49005187418
101336.9335833799
101334.72794056429
101337.01869726101
101334.50109718359
101337.78267111124
101333.26957589397
101337.96108100527
101330.35283453151
101337.01898180007
101328.08407013954
101335.85959459872
101324.59902265746
101314.63799236657
101324.74751057214
101320.78493606033
101331.63765288648
101327.98948174468
101336.20860078515
101335.70057233355
101337.59674765461
101334.79904604029
101333.78938326544
101328.26849072808
101326.95443582072
101320.95531136861
101321.53049895553
101317.91822826343
101329.55551026644
101333.03311626971
101331.70242741672
101335.32257332726
101333.13178782452
101336.53651268801
101334.07240405367
101336.55705995791
101335.31090524603
101338.44296259212
101334.30074031811
101338.583482553
101331.00882450267
101336.43843951069
101328.09778191794
101335.22980829516
101324.63350983933
101315.65193833757
101324.5249998122
101321.08341308843
101330.30581545875
101327.22482040038
101334.68433906187
101334.27063165928
101336.04130198188
101332.94218129528
101332.83988157086
101326.96710689535
101327.0152173689
101320.96770485051
101322.32443126049
101317.73208473822
101328.61800620574
101333.37822564208
101331.19802333813
101335.5866496376
101333.72376939357
101337.43153326346
101334.95398046372
101337.27443843035
101333.41663723205
101336.42069761318
101332.3994736305
101336.56558113654
101329.31171371813
101334.7384109284
101326.89208334251
101334.17033540949
101324.0651405009
101315.94484782541
101325.94110350704
101322.32770087467
101332.39919809585
101329.55676014299
101337.29314037092
101336.88958117724
101338.64311103054
101335.48143578837
101335.51351999576
101328.86630291039
101329.15335606244
101321.92359729385
101322.98820003847
101317.82820194167
101327.87671529579
101332.31632025971
101329.79118566994
101333.9909435164
101331.88307476648
101335.47368517147
101333.05139052009
101335.36526762738
101331.05480147497
101333.83329046494
101330.03215540032
101334.03778937159
101327.41143276707
101332.49461832886
101325.42737483056
101332.0118597018
101322.59100749131
101314.67330096939
101323.20447017046
101320.09328023272
101328.70011565642
101326.61219155067
101333.49991472685
101333.03824738717
101334.87218183299
101331.92881768296
101331.61029575372
101326.32311721006
101325.85210889731
101320.00368804143
101321.15581061276
101316.12795257395
101325.68301124437
101330.55977930085
101327.8445868644
101331.66984225278
101329.50542375432
101332.89560938052
101330.59142700434
101332.87358996035
101327.71020693929
101330.05173344688
101326.65481212139
101329.98059577108
101324.25436032153
101328.96363026366
101322.88574365512
101329.3833918508
101321.12016948689
101315.45214141604
101324.72254004577
101322.25134028772
101331.41027142401
101329.48059401904
101336.4378615251
101336.07729884672
101337.66248190039
101334.69515009617
101334.67094831092
101328.51897609991
101328.68954005107
101321.14937108816
101321.75925166358
101315.81902032274
101323.93634713555
101327.95960984498
101324.94671680007
101328.11183643728
101326.04279098344
101329.06819450538
101327.1242145679
101329.45228235211
101325.11552714309
101327.1912671084
101324.22481229932
101327.20962579877
101322.14170332025
101325.83049426366
101320.74130009362
101325.60968707169
101318.73567065384
101313.23306756571
101320.39866817642
101318.89930585891
101326.18009695018
101325.18255102655
101330.94865877666
101330.72414740713
101332.20867106039
101329.6937318717
101329.19665376443
101324.56185076175
101324.14638172871
101318.32347434138
101318.76901342193
101313.6730458383
101320.85322415849
101324.78223180924
101322.40632618772
101325.15050994264
101323.34560920727
101325.9716231944
101324.69158471403
101326.55786767535
101321.86154918899
101323.15321650461
101320.78351718564
101322.46613315814
101318.37779653449
101321.01911702676
101317.46927178421
101321.92600139866
101317.44255209681
101314.83358021744
101321.96027852417
101321.80188682879
101329.29833652834
101328.99993474953
101334.11771652206
101334.01442573432
101335.34489220384
101333.02366806258
101332.51807224876
101327.74183112472
101326.76847549916
101320.5156288866
101319.94859343999
101314.46257166084
101319.26612583765
101320.9890596959
101318.76806463137
101320.31748998177
101319.4823426839
101321.83515556691
101321.37641368578
101322.72783522512
101321.11413740065
101321.70610844149
101319.91666598561
101320.5106074511
101317.24824742942
101318.710817399
101315.8185677197
101318.41113482021
101315.3548001446
101313.06149816886
101318.24111139678
101318.53123463829
101323.87342831469
101324.09030679625
101328.09302787749
101328.1577076125
101329.17451930812
101327.5688174635
101326.8808738704
101323.55153323301
101322.36186757933
101318.06850934189
101317.13478474351
101313.45794178292
101316.7534941441
101317.59477078279
101316.79017687993
101318.0466185988
101318.14681011984
101320.08960596578
101320.41088430845
101321.55723625512
101319.26352145002
101319.46372053854
101317.90411071354
101317.34680532615
101314.79940448429
101314.88625544112
101313.58488946958
101315.25720538636
101315.60150879201
101316.40282277855
101320.79564116473
101322.76857639261
101327.40072830973
101329.28063125208
101332.40263618427
101333.28771890901
101333.82405596823
101332.78537395902
101331.06019173209
101328.20554752558
101325.11432769053
101321.55108876088
101318.82579594819
101315.64141507179
101316.02638046721
101314.12236128993
101314.33632275471
101314.62277215284
101316.32269243474
101317.48805082988
101318.93910210692
101319.30039364217
101331.22341954141
101330.26630053777
101328.24335425466
101325.40233778289
101322.46795081775
101319.85950391564
101317.46521820528
101316.03540365373
101315.35311269277
101314.73122704908
101315.96002582044
101316.87416747191
101319.31328107147
101320.65941761897
101322.35366276759
101323.01133570937
101323.15484146457
101322.74722741479
101321.54254480485
101320.16756398938
101317.86984828094
101316.65489192476
101315.08245465734
101315.50270948248
101315.26251259758
101316.03264389544
101319.04354816668
101320.74184054843
101324.77596982825
101326.39361138515
101329.60333517587
101330.86248670358
101332.27604682778
101330.81687119082
101330.0369291456
101326.30335281212
101324.57298089343
101319.79568852558
101318.21774521333
101313.80042684532
101316.15513444322
101315.47520977476
101314.48174595766
101314.96434438655
101315.12227054268
101316.46215986261
101316.90448394245
101317.75342477144
101317.39225939017
101317.99534060567
101316.41856456306
101317.14105438851
101314.29017964634
101316.05237032917
101313.78052580223
101316.86324282635
101314.94081633301
101313.89605987709
101319.54790995702
101320.70882966867
101326.47564431977
101327.20033716144
101331.13926440733
101331.39635062884
101332.53157419935
101330.48980431109
101329.75824406696
101325.58383357583
101324.56036287214
101319.32261683319
101318.80642425097
101314.19211067562
101318.78940029276
101321.1485345524
101319.33334688446
101321.67646432051
101321.05900699043
101324.15076593155
101323.18224624587
101324.76604464366
101323.59721463409
101325.27067685373
101322.57669345479
101324.55519792657
101319.66711189269
101322.04801815856
101317.83287081312
101321.5314804209
101316.89086661013
101314.07528087086
101320.31051267104
101320.34691398482
101326.76295195169
101326.83371415248
101331.41345065151
101331.41497664538
101334.52924652092
101332.06794890438
101331.76795589275
101326.44602941946
101326.01197817377
101319.53009878652
101319.21841187333
101313.5829003095
101320.0004111256
101322.88872646622
101320.4994494421
101322.34563317985
101321.01374801087
101322.80935234262
101322.08680474125
101323.35701897093
101322.28265430249
101323.96505677006
101321.47789014937
101324.22096155779
101319.68492816563
101323.39932109571
101318.84913356135
101323.97285664623
101317.97691210709
101313.39523254408
101321.22695031299
101320.38115174902
101328.61034733072
101327.35516011053
101333.2591429562
101333.32844959211
101335.12788770438
101332.31385313979
101331.85242908899
101326.64950074072
101326.10742795707
101319.89360396561
101320.15800550011
101315.19221803868
101323.29850483604
101328.23085622692
101325.81398468951
101329.62924168362
101327.35894312445
101330.75914019658
101328.78483593154
101331.21099421513
101329.37368212626
101331.80398836805
101328.19496903825
101331.78065988192
101325.36142994383
101330.12807188673
101323.27855048161
101328.81104184079
101320.52542280997
101314.1927749082
101322.8899731311
101320.69246039321
101328.81874368791
101327.39291219781
101333.84031970848
101333.75603057581
101336.87413008531
101333.96609824875
101333.93425298476
101327.69772548378
101327.36431505477
101320.53154732763
101320.93797396595
101315.88003898543
101324.83993242246
101329.09531266644
101326.48942361846
101329.51747589887
101327.59901544385
101330.23977606506
101328.19066869929
101330.07571400785
101328.48843369946
101331.09423571113
101327.71498022627
101331.65667420605
101325.60411684842
101330.71636603688
101324.09158824274
101330.80994841461
101322.02434636562
101314.27874463637
101323.56204115949
101321.06570013343
101330.59933246196
101328.24983114359
101335.54532082859
101335.46485106068
101336.34725730102
101333.29386180604
101333.18056483095
101327.20031770818
101327.291796074
101320.79459263178
101321.85556201477
101317.53800946512
101327.55527609834
101332.54235559657
101330.39443035782
101334.60837228299
101332.71484162785
101336.3830724889
101334.01206321205
101336.28213555267
101334.4156467455
101337.34757092985
101333.3015948606
101337.50179231062
101330.17683788952
101335.31724322002
101327.34460481313
101334.05625355284
101323.90152805476
101315.22939801702
101324.64116468231
101321.13267215929
101330.46259121409
101327.68568630904
101335.07840591719
101334.82227077018
101336.74304000978
101333.6905296427
101333.75572681811
101327.46432971106
101327.71452892212
101321.17876446141
101322.37567217786
101317.7190466368
101328.45657894578
101332.81029722045
101330.60004006549
101334.85096788124
101332.81810953133
101336.39733893592
101333.89528330241
101336.13964224832
101334.18809285336
101337.21426065851
101333.15772376323
101337.46511369196
101330.02620361581
101335.64139945825
101327.48378419664
101334.84276698038
101324.48889406827
101315.53607422419
101324.93722599049
101321.29849806704
101330.79362330011
101327.81369221021
101335.41336412277
101335.14455603459
101336.04091975423
101332.93939156084
101332.84191644777
101326.9660361041
101327.01739040697
101320.96928029094
101322.32181463395
101317.73153092139
101328.61839643543
101333.37564459819
101331.2022327702
101335.59583322189
101333.7104986886
101337.43511573799
101334.95271057417
101337.27587594786
101335.31365878727
101338.41801637634
101334.2937013332
101338.58581420821
101331.01217108106
101336.43701550757
101328.09381951683
101335.2275285058
101324.63195046902
101315.65045441236
101324.52532779909
101321.08296871572
101330.29689208503
101327.21726466228
101334.69431520792
101334.27248026496
101338.6415523586
101335.482777219
101335.5176371977
101328.86776586033
101329.15473807263
101321.92391623247
101322.98840904297
101317.82765147364
101327.87698159969
101332.31589348811
101329.79094448879
101333.97989685215
101331.85989561222
101335.46678811946
101333.04128002419
101335.35553500181
101333.41382229746
101336.39829744431
101332.38432584614
101336.5639711812
101329.31306356622
101334.73513248989
101326.88911381889
101334.16836321767
101324.06361849268
101315.94290205945
101325.94049942982
101322.32673122844
101332.40951266163
101329.56785961351
101337.28422565412
101336.885715746
101334.87181188642
101331.93046741509
101331.60947942326
101326.32184066532
101325.85118437845
101320.00154286077
101321.15564975228
101316.1264013426
101325.68210699162
101330.55903251158
101327.84245994088
101331.67303758296
101329.52143670546
101332.90292725319
101330.58691101844
101332.86283356218
101331.03764514324
101333.83189429798
101330.04024814759
101334.04005781043
101327.42510708507
101332.4936633412
101325.42410470596
101332.01102745871
101322.59028393269
101314.67176913067
101323.20493075199
101320.09529859594
101328.7112819804
101326.62068211817
101333.49753067549
101333.03499596544
101337.6628972894
101334.69651847336
101334.67267600834
101328.52153112271
101328.69211509387
101321.15051470473
101321.76020188208
101315.81842427388
101323.93537931606
101327.95751022579
101324.94703449683
101328.11590491081
101326.03924200406
101329.05327993815
101327.12566541374
101329.44856642478
101327.70617023547
101330.05216895965
101326.65311424095
101329.97726937379
101324.26363155706
101328.96561687892
101322.88460814842
101329.3783375202
101321.11769320289
101315.45045175665
101324.72136260496
101322.24735109379
101331.41884969533
101329.4821075509
101336.43963533003
101336.07632224658
101332.20878343983
101329.69168651682
101329.1969281069
101324.56172574934
101324.14594345415
101318.32354335327
101318.77018093257
101313.67414944008
101320.8550491061
101324.78501634457
101322.40663575527
101325.14789288366
101323.34597048396
101325.97407597756
101324.69540330625
101326.55860718536
101325.11533606079
101327.19276391089
101324.22111920649
101327.21072261874
101322.14191046741
101325.83171286133
101320.74179998516
101325.60789891882
101318.73539002628
101313.23166125971
101320.40010671475
101318.90395161006
101326.18468154993
101325.18783904913
101330.95546260978
101330.72408470113
101335.34846824181
101333.02001249546
101332.51317358916
101327.74382798324
101326.77089557066
101320.51752585729
101319.94828460849
101314.46328849625
101319.26673578116
101320.98651720656
101318.76330396587
101320.31977367333
101319.48605872701
101321.84157149335
101321.37378310115
101322.72795042855
101321.85972359216
101323.15561677069
101320.7829252042
101322.46542199027
101318.37515827171
101321.01940371681
101317.47122943979
101321.9229228817
101317.44071638073
101314.83391548878
101321.96442220974
101321.80806537575
101329.29815129205
101329.00054955791
101334.12372702282
101334.01825137671
101329.17457233545
101327.56406740661
101326.88081176108
101323.55164814282
101322.36375858283
101318.07170475587
101317.13638623264
101313.46219149744
101316.7589937273
101317.60503610596
101316.79953518955
101318.0433930873
101318.14977184476
101320.08567557715
101320.40448206569
101321.55353531349
101321.11079876356
101321.70503137706
101319.91384733465
101320.50618673691
101317.24451992975
101318.71071454402
101315.81979730257
101318.41171441646
101315.35392891555
101313.06155396483
101318.23941900989
101318.52779916256
101323.86113968315
101324.09268120294
101328.09633692694
101328.15427648727
101333.82364131209
101332.78316760794
101331.05913263548
101328.20515738954
101325.11634112013
101321.55394948405
101318.82436442655
101315.64323606215
101316.03164708125
101314.13374703054
101314.34656898811
101314.61588673388
101316.32286264727
101317.48432946119
101318.9368135882
101319.30056699921
101319.26161569616
101319.46431266134
101317.90183631089
101317.34367951991
101314.79677402544
101314.8866427561
101313.58316979832
101315.25697650749
101315.59925514724
101316.40194631432
101320.79458057033
101322.76852041908
101327.39819986993
101329.29157564628
101332.40476799144
101333.28833815837
101323.1535539562
101322.74498881571
101321.54169946435
101320.16703474132
101317.87161445641
101316.65690510202
101315.08288592783
101315.50284261387
101315.26726985605
101316.04074298994
101319.04991598541
101320.74298852751
101324.77612135504
101326.39360860629
101329.60168793154
101330.86105261951
101331.22204290095
101330.2650951641
101328.24045745477
101325.39943564449
101322.46604546244
101319.86007647365
101317.46343191544
101316.03507976481
101315.35150410829
101314.73391681894
101315.96290405879
101316.87419218256
101319.31127275727
101320.6653192612
101322.35334287255
101323.01165908697
101317.38965512397
101317.99208949314
101316.41654711249
101317.13999122466
101314.29158371309
101316.05256184014
101313.77937391606
101316.86114730735
101314.94088683525
101313.90102764686
101319.55044706773
101320.71251613316
101326.47435044075
101327.19806765461
101331.13831751578
101331.39485945182
101332.27293649726
101330.81591525051
101330.03544787204
101326.30002456962
101324.57215680179
101319.79495535015
101318.21573527284
101313.79961373629
101316.15282967294
101315.47092590221
101314.47039748398
101314.95209194772
101315.1362085646
101316.46073160358
101316.90462706223
101317.75165721215
101323.59590946681
101325.26932490079
101322.57552768273
101324.55593352349
101319.66647655504
101322.04972596953
101317.82769558951
101321.52794106682
101316.89026180778
101314.07735857404
101320.31231167961
101320.34915440828
101326.76231664819
101326.83126074444
101331.41555648047
101331.41647069788
101332.52947892535
101330.49087460883
101329.76289417004
101325.58240497413
101324.55766333584
101319.318787166
101318.80106316638
101314.18959609047
101318.78762449046
101321.14931037581
101319.33586147631
101321.68882102
101321.0576070411
101324.15391421258
101323.18177511584
101324.76636634025
101322.2837084232
101323.96472556429
101321.47982507209
101324.22609990208
101319.68838106206
101323.39870219665
101318.8468515042
101323.97394131139
101317.97788715313
101313.39565704951
101321.22898854235
101320.38176944813
101328.60875778172
101327.35187962398
101333.25980207731
101333.33306160572
101334.53458815637
101332.07125348535
101331.77236337161
101326.44804298434
101326.01650026435
101319.5277518901
101319.21601988722
101313.58200603083
101319.99959488124
101322.88543666586
101320.49292231505
101322.34108046599
101321.01773235791
101322.80905572712
101322.08946673307
101323.35887200313
101329.37514705081
101331.8055230303
101328.19452270912
101331.78174040277
101325.36417216547
101330.12748594201
101323.27539252497
101328.80770104342
101320.52489885566
101314.19187622253
101322.88987086713
101320.6931351847
101328.81753176085
101327.3914863645
101333.84157586111
101333.75654433579
101335.12694306234
101332.3176713226
101331.85139888774
101326.64928078513
101326.10890832072
101319.89113093649
101320.16049409022
101315.19230244901
101323.29895441412
101328.23511022117
101325.81592553266
101329.63598681576
101327.35876863623
101330.76189808258
101328.78506986177
101331.21171123207
101328.49023186807
101331.09362159007
101327.71779768217
101331.66054891139
101325.60260638235
101330.71706033552
101324.09319833244
101330.81181219507
101322.02484501568
101314.27743426479
101323.55787285227
101321.06313403108
101330.60122602667
101328.25001936303
101335.54832828435
101335.46445397445
101336.87359056147
101333.97474623067
101333.93023422036
101327.69774769453
101327.3585451156
101320.52973564442
101320.94230770721
101315.87892430177
101324.83910408526
101329.09289981061
101326.4869237458
101329.51684230301
101327.59974719826
101330.24012195806
101328.19128497718
101330.07420357474
101334.41573271403
101337.33421710685
101333.304116862
101337.50309387168
101330.17619588236
101335.31867985046
101327.3475851726
101334.05756149568
101323.90227995464
101315.23003705847
101324.64038850696
101321.1307002502
101330.46528945406
101327.6870628951
101335.08061996331
101334.82750587225
101336.34982332673
101333.3009706859
101333.17704999135
101327.20919092282
101327.27969772345
101320.79663086031
101321.86162242886
101317.53608449652
101327.5541089952
101332.54224986883
101330.39329340274
101334.60739405602
101332.71962424407
101336.38318945043
101334.0134195659
101336.28006567291
101334.17724299453
101337.20445603286
101333.15468945417
101337.46291142293
101330.02687101702
101335.6444348635
101327.48750392676
101334.84523303463
101324.49030068739
101315.5369904789
101324.93701577433
101321.30050679046
101330.80289713229
101327.82129864566
101335.4074462336
101335.14049205699
101336.74059347785
101333.69152132442
101333.75308533781
101327.46428464388
101327.71458129019
101321.18092492063
101322.37764934415
101317.71766540343
101328.45453425377
101332.81051942137
101330.59843247314
101334.84281017364
101332.8283159089
101336.39514375148
101333.8960637148
101336.13495018703
101332.01685422382
101334.84555960562
101331.64053278163
101335.65275598266
101330.35257791106
101334.8755210448
101328.38228871889
101333.15230582378
101324.14032553748
101317.60740330098
101324.17294380805
101321.67347173559
101328.65698613648
101326.41586425087
101332.11507858052
101331.05702456151
101332.71684696565
101330.02459452048
101331.0336482407
101325.89176642937
101326.77956880277
101320.95241223437
101323.08178934017
101318.40459355322
101327.38421849404
101333.12704718132
101330.41440408671
101334.55152042869
101331.50997634682
101334.75818237067
101331.9024481517
101333.85152129104
101330.31205382491
101333.01117663889
101329.8096914615
101333.56688239847
101328.77923583733
101333.24058358908
101327.31778331239
101332.33394698567
101323.81542435079
101318.25023369447
101325.30157154068
101323.13185716231
101330.40969292932
101328.38559482037
101334.24854990045
101333.40642322174
101334.99724946773
101332.23377947669
101333.07317606956
101327.59121380122
101328.7115989321
101321.94127249018
101323.99511650199
101318.40499899395
101326.8808264012
101332.10702011683
101329.12276497287
101332.95979125112
101329.65103247657
101332.82082419949
101330.10588132156
101332.12369428635
101329.65137644461
101332.16895976927
101329.09854996513
101332.47950028464
101327.9912390028
101331.68952172159
101326.37452295431
101330.77629113861
101322.75044082711
101317.28813709333
101323.49114752239
101321.4070014545
101328.09211071805
101326.39573739647
101331.56910493146
101330.83893513172
101332.36185000502
101329.76953312178
101330.54258531863
101325.81099912357
101326.37284784486
101320.58800125364
101322.76090838262
101317.30187880142
101325.4197932457
101330.95064387309
101327.67655401354
101331.6695858671
101328.73659036934
101331.83452562791
101329.36965108268
101331.40260660229
101326.39042755621
101328.68005984467
101325.79972290248
101328.81090669516
101324.66601558392
101328.39975144558
101324.08182963388
101328.63518416889
101321.73180388748
101318.00334228134
101324.24671565731
101323.00466505522
101329.88546747308
101328.52488411008
101333.7250335907
101333.55051146369
101335.03325973116
101332.22363652926
101332.48667477899
101327.50547066885
101328.51674573883
101321.46209467969
101323.25081720143
101317.30382122795
101324.097759404
101328.66630802905
101325.08503603002
101328.17705642672
101325.4226023527
101328.32578603408
101326.10408721236
101328.09656260497
101325.30750992708
101327.43162387244
101324.85292696816
101327.41398365529
101323.69503551364
101326.65713564247
101322.6685964974
101326.28169824096
101320.07771430266
101316.75298555444
101321.73233981723
101321.08373507245
101326.60089911285
101326.07759385425
101330.59017225946
101330.41670074704
101331.63386106529
101329.48902581842
101329.65016725092
101325.21117765749
101325.30516574724
101319.99136859537
101321.31297238581
101316.22770122241
101322.08500121279
101326.45359202694
101323.5774570105
101326.30386239887
101324.27936511955
101326.82331929938
101325.0719331139
101326.78662880397
101321.81512614994
101323.03268302165
101321.14571486998
101322.48181234414
101319.91274889944
101322.11528887411
101319.61097874751
101323.02145676392
101318.79208169509
101317.61353501552
101322.74670065274
101323.04226589095
101328.50604116105
101328.5934071291
101332.67733128356
101332.92288979623
101333.99284311334
101331.95638875759
101331.54544174818
101327.36983696338
101327.40268810846
101321.60647997246
101321.83207845813
101316.53235377454
101320.57884988078
101322.83123021779
101320.21268850038
101321.80024607765
101320.29496700902
101322.26974942084
101321.67201660913
101322.64644708246
101321.99909358595
101322.94130579136
101321.47164553976
101322.28800113327
101320.01308353448
101320.93663794783
101319.15412993939
101320.88602053838
101317.87615773872
101317.10790789351
101320.44608467267
101321.07508398489
101325.12768100676
101325.59573773583
101328.5363009798
101328.60405991653
101329.5179613143
101328.16201802876
101327.7926367546
101324.87952281241
101324.14179156981
101320.24818537946
101320.23665691451
101316.4228504559
101319.10510108023
101320.93045052318
101319.43137343212
101320.79601335863
101320.40867709929
101322.02556949655
101321.80979736224
101322.59325539583
101319.79393842115
101319.95297415843
101318.60116111561
101318.29432958917
101316.98937251462
101316.82877948739
101316.53329725003
101317.78277950872
101317.69725357299
101319.11269033137
101321.80903640643
101323.81599420166
101327.09905656535
101328.53137400039
101330.64474292588
101331.28176128576
101331.6783935516
101330.89697292409
101329.85129433857
101327.6282530678
101325.67333801794
101322.51574138702
101320.74443240384
101317.92706912824
101317.74100967121
101317.09778925106
101316.44486205558
101316.92428288194
101317.61652470501
101318.34838279856
101319.41994517253
101319.89085224063
101329.08058541789
101328.48582698326
101327.03422292302
101325.34879746356
101323.24812693629
101321.08045462469
101319.637570472
101317.92251289981
101317.59615845385
101317.44538690717
101317.7349294781
101318.56106914386
101319.93313542298
101321.11007994674
101322.21185302395
101322.5017540405
101322.57384450622
101322.36567917622
101321.59839625508
101320.56244117991
101319.08464640059
101318.20251990102
101317.48970517835
101317.67903762165
101317.55209681144
101318.59860475278
101320.3723846088
101322.01278887939
101324.53606717482
101326.03428504706
101327.98797938146
101328.91001188422
101332.31564087509
101330.95209047243
101330.42157843728
101327.17063187904
101326.22848490746
101321.81685536599
101321.189402458
101316.87178289189
101318.54548222333
101319.18724302332
101317.50710956915
101318.25315193893
101317.88426337691
101319.03708189301
101318.92100934422
101319.55312301584
101319.03233643589
101319.89883015599
101318.53188806288
101319.38675711499
101317.64777777324
101318.81291736917
101317.58296502664
101319.69606139345
101317.56420292074
101317.92302388542
101321.59748400972
101322.92444045331
101327.51586501188
101328.06967236771
101331.16651770132
101331.52898026779
101331.67289488309
101330.00197526383
101329.35110413961
101325.72689472405
101325.26851130195
101320.54123871609
101320.8287271474
101316.20887687631
101320.14632529633
101322.74990279686
101320.69807232376
101322.74426526108
101321.62179263456
101324.18861463632
101323.09543115098
101324.43523651482
101323.28757327917
101324.90677649126
101322.64120370761
101324.20299401045
101321.10532428161
101322.8309187987
101319.92795319905
101322.5553683718
101318.39717922223
101316.97743207429
101321.27289609209
101321.62998212283
101326.43756918513
101326.81202624142
101330.53330157397
101330.78152987195
101333.77130126864
101331.88286786251
101331.74576150483
101326.90409965467
101327.27055445021
101320.98439909265
101321.72236453135
101316.16897719636
101321.4055270777
101324.7550475383
101321.87676169383
101323.90817196728
101322.08745457398
101324.12778539464
101322.84539925671
101324.07747314892
101322.93115890988
101324.7636874439
101322.44693029115
101324.94418716288
101321.70796510405
101324.53375808356
101321.09666878244
101324.99753399738
101319.4225302851
101316.80768756573
101322.40413640709
101322.19557224447
101328.57157728655
101327.97349360053
101332.61119271659
101332.84891429024
101332.9226164803
101330.34321576086
101330.59194548322
101326.0053348911
101326.18949872721
101320.32836563324
101321.84907367956
101316.75922936019
101323.53978741063
101328.73883376856
101325.62551743022
101329.19836976202
101326.57449505397
101329.55819164819
101327.45626169813
101329.43014382444
101327.77805439304
101330.05083619738
101327.16852131288
101330.27415992637
101325.66828647301
101329.27880462322
101324.41204918567
101328.37944509632
101321.27872954911
101316.95365071594
101322.55126176304
101321.55692339138
101327.7960103447
101326.89898291582
101331.67234038452
101331.63448411124
101334.33730797419
101331.71423704302
101332.24306168474
101326.98615663339
101328.09611344051
101321.11379900426
101322.72318598433
101317.07588521441
101324.77571624829
101329.7136172805
101326.46514113675
101329.79630486308
101327.03125885666
101329.61847430551
101327.30624812497
101329.12145877404
101327.51793191448
101329.97130279044
101327.14758181517
101330.48711246942
101326.2826486374
101330.17692134024
101325.22301260484
101329.99907852065
101322.31624425958
101317.19162995496
101323.92670796408
101322.26564745195
101329.48413600749
101327.81245250019
101333.2901446663
101332.94234468866
101332.97974107121
101330.3059651904
101331.2121926855
101326.18048764483
101326.8698396594
101320.98786352169
101323.02728676253
101318.12957092574
101326.5924635757
101332.29191413353
101329.6228519361
101333.60333959464
101330.69635541335
101333.93150806561
101331.37676000971
101333.40806535963
101331.65772054523
101334.28824278174
101331.04542716239
101334.68173509758
101329.73476787673
101333.81986669519
101327.69735126452
101332.24281659756
101323.64392616641
101317.55156609826
101324.18589283881
101321.88750776697
101328.662477351
101326.7374723864
101332.28821625246
101331.48432019091
101333.61269832097
101330.90618888466
101331.81312206798
101326.45943321344
101327.60157298551
101321.29937556128
101323.26513978497
101318.38968388311
101327.25773346124
101332.66268921251
101329.9194890191
101333.9545881028
101330.8158418297
101333.84866932136
101330.89586143698
101332.81306447642
101330.95174996299
101333.7986792569
101330.63242958274
101334.75313855456
101329.5674690357
101334.26157144837
101327.82427036305
101332.88490710378
101324.01896986803
101317.66830707532
101324.55444245148
101322.07356790964
101329.27252858611
101327.01416436923
101332.93133084763
101332.02881593662
101332.71713708751
101330.02199675296
101331.0336157925
101325.89214085517
101326.78053630944
101320.95264534352
101323.08079162535
101318.40438309002
101327.38463595325
101333.12805510154
101330.41478744031
101334.55322578782
101331.50370225307
101334.75964112372
101331.90015151231
101333.8504412754
101332.01439271067
101334.83705798081
101331.63543181749
101335.64987372795
101330.35210235565
101334.87449931414
101328.37874108093
101333.14974165332
101324.13843243624
101317.60624801651
101324.17381762151
101321.67365686478
101328.65587722084
101326.41231433548
101332.11898903982
101331.05910964357
101334.99837831341
101332.23680023116
101333.07338443448
101327.59149562995
101328.71194650899
101321.94158390455
101323.99536961103
101318.40453335797
101326.88097998321
101332.10761793645
101329.12267621672
101332.95551622947
101329.63951326312
101332.81756390157
101330.09987835036
101332.1206691398
101330.31078832556
101333.00440095291
101329.8038837847
101333.56195919329
101328.7770784937
101333.23879318344
101327.31458341844
101332.33112457939
101323.81308286489
101318.24831181033
101325.30151856074
101323.13082811401
101330.41456960479
101328.38981104572
101334.25010258386
101333.40410673099
101332.36146751585
101329.77175622727
101330.54285251544
101325.80992311033
101326.37134561826
101320.58675054714
101322.76104805029
101317.30087810123
101325.4189797189
101330.94974791651
101327.67646485653
101331.67229027348
101328.74052163721
101331.83367592371
101329.3678577963
101331.39780348822
101329.64586691541
101332.16538081429
101329.09911192933
101332.4807540957
101327.99754213577
101331.69114231315
101326.37184100364
101330.7746743045
101322.74894456487
101317.28548197288
101323.49123679426
101321.4079751695
101328.09750320193
101326.40217547715
101331.56373315044
101330.83641844746
101335.03173783404
101332.22524271168
101332.48744372922
101327.50616349997
101328.51711492435
101321.46271920076
101323.25155857476
101317.30374912065
101324.09742778535
101328.66532561216
101325.08378935806
101328.17725252244
101325.42415272401
101328.32159470409
101326.10227137912
101328.09323979974
101326.38820491116
101328.67680513089
101325.79905631504
101328.80864131167
101324.67034541523
101328.40162124265
101324.08003788738
101328.63186924745
101321.72821413714
101318.00246805648
101324.24877450007
101323.00829510673
101329.89322501977
101328.52950872792
101333.72159636718
101333.55063568338
101331.63304981876
101329.48805138176
101329.65024372369
101325.21068977096
101325.30420663975
101319.99136685985
101321.31335845319
101316.22865356483
101322.08612799154
101326.45458021222
101323.57702780861
101326.30247377869
101324.28000268756
101326.82499421677
101325.07321047338
101326.78940552169
101325.31016883197
101327.43481063635
101324.85201695151
101327.41033094785
101323.69502251876
101326.65790521017
101322.66611198497
101326.28299736073
101320.0797089088
101316.75010762096
101321.73391976506
101321.08578655226
101326.60437381863
101326.07836396674
101330.58904288657
101330.41743159051
101333.99384437539
101331.95513232662
101331.54879095152
101327.37028809628
101327.40369274523
101321.60733784441
101321.8318450409
101316.53318825229
101320.5801280521
101322.83108035188
101320.21214228273
101321.80032414103
101320.29599290155
101322.27013489386
101321.66976528097
101322.64202053416
101321.80990805072
101323.03122511609
101321.14531600966
101322.47997876335
101319.91084862909
101322.11604406932
101319.61140164876
101323.02092897732
101318.79230679831
101317.61386766838
101322.75062225435
101323.04666067971
101328.51005901564
101328.59509880673
101332.68045240207
101332.92536409745
101329.51723933304
101328.15930713652
101327.79218574244
101324.87897285847
101324.14370850044
101320.25027635839
101320.23775411915
101316.42499062209
101319.10777574543
101320.93401389326
101319.43467092564
101320.79670942988
101320.40896132615
101322.02201940525
101321.80465535981
101322.59142119384
101321.99807791456
101322.94057542698
101321.4693071902
101322.28599964282
101320.01124038073
101320.93659221189
101319.15329292481
101320.88478178007
101317.87459562035
101317.10717253829
101320.4449682578
101321.07405128918
101325.12438587364
101325.5979119602
101328.53672380726
101328.6029264047
101331.67714446907
101330.89443848588
101329.85051541938
101327.62782678287
101325.67532535324
101322.51730945437
101320.74483913417
101317.92848738458
101317.74394821077
101317.10294467022
101316.45011872178
101316.92724591083
101317.61692184545
101318.34695167339
101319.4190266756
101319.89145175148
101319.79124861963
101319.9532749186
101318.59877894097
101318.29243309898
101316.98796571481
101316.82907771881
101316.53258860097
101317.78088974011
101317.69511890724
101319.11211900666
101321.80895303024
101323.81600575699
101327.10024051453
101328.5356494904
101330.64546770553
101331.28117051249
101322.57195244035
101322.36232889292
101321.59691443939
101320.56022412257
101319.08601889854
101318.20356587975
101317.48998430566
101317.67949135299
101317.55425595817
101318.60362637746
101320.37699366183
101322.01600798369
101324.53612150945
101326.03333468598
101327.98688555854
101328.90780538062
101329.07828943417
101328.48463525894
101327.03157259499
101325.34825364864
101323.24766925498
101321.08101557828
101319.63720029451
101317.92178679546
101317.59503369199
101317.4445674178
101317.73386877665
101318.55996816744
101319.93273456875
101321.11212493991
101322.21139969511
101322.50114018637
101319.02961331676
101319.89499034111
101318.52923876476
101319.38502971589
101317.6484985204
101318.81283233149
101317.58165897694
101319.69471163666
101317.56477078659
101317.9275565611
101321.59793300749
101322.92696216455
101327.51580667903
101328.0703143615
101331.16750299331
101331.52891111944
101332.31389076849
101330.95121752437
101330.41842884096
101327.17178010351
101326.22966591532
101321.81593596467
101321.18808275519
101316.87020252857
101318.54379649147
101319.18388923693
101317.5025287691
101318.25194419106
101317.88735815379
101319.03621325469
101318.92010589091
101319.55119850511
101323.28548775108
101324.90624091118
101322.64052874473
101324.20155897536
101321.10464188657
101322.83055606767
101319.92499018533
101322.55411210176
101318.39703465444
101316.97998054286
101321.27488896277
101321.63135248411
101326.43844095955
101326.8136302522
101330.53555935813
101330.78446137022
101331.67302299295
101330.00324075438
101329.35129692643
101325.72274555938
101325.26464374678
101320.53967064213
101320.82694586254
101316.2084473389
101320.14622466767
101322.74918474848
101320.69957038715
101322.74916560041
101321.61938612202
101324.1901490429
101323.093407636
101324.43403378929
101322.93267533745
101324.76073898384
101322.44700334051
101324.94426838044
101321.70950176909
101324.53310320777
101321.0945016918
101324.99888462821
101319.42399378432
101316.80817079321
101322.40526967224
101322.19578407679
101328.57191484359
101327.97337905553
101332.61174829522
101332.85116134459
101333.77229075355
101331.88466098902
101331.74709200097
101326.90402650053
101327.27323368832
101320.98439433912
101321.72059583913
101316.16822433154
101321.40503790493
101324.75171094571
101321.87072155942
101323.90001743005
101322.09115119472
101324.12770555753
101322.84772622751
101324.07855713266
101327.78238847957
101330.05289391827
101327.16741394794
101330.27483719398
101325.66916814822
101329.27770144361
101324.40920481642
101328.3785578391
101321.27840808513
101316.95353251975
101322.55214024431
101321.55465821781
101327.7934228861
101326.90039286813
101331.6733257092
101331.63639228784
101332.92286103897
101330.34469931813
101330.59110505194
101326.00420761028
101326.18857078673
101320.32675135217
101321.84958237293
101316.75987540667
101323.54034309187
101328.74398614756
101325.62924823738
101329.20856959424
101326.57369619557
101329.56110028455
101327.45690109332
101329.43161093304
101327.51990187794
101329.97140310906
101327.15047925775
101330.49070064117
101326.28412615808
101330.17728140933
101325.22353778934
101329.99993432997
101322.31629813657
101317.19003910347
101323.92578589219
101322.26562512705
101329.48692022337
101327.81140345443
101333.29103574579
101332.9419791516
101334.33792044807
101331.71848924743
101332.24362135385
101326.98647134352
101328.0940088325
101321.11306437801
101322.7249093744
101317.07515858761
101324.77466202778
101329.71143057491
101326.46369343917
101329.793626475
101327.02987175017
101329.61833608479
101327.30661680148
101329.12048512136
101331.65884297944
101334.28416254258
101331.04577339151
101334.68240804001
101329.73568028615
101333.82131518496
101327.69951298821
101332.24397371293
101323.64455690261
101317.55126006226
101324.18442819503
101321.88636351436
101328.6618483421
101326.73885191421
101332.28828209084
101331.4844507878
101332.97935089239
101330.30806058763
101331.21299279312
101326.18158815263
101326.86762022451
101320.98833464645
101323.02939311197
101318.12893430186
101326.59138804264
101332.29170456181
101329.6221727816
101333.60292572189
101330.69853326307
101333.93256513847
101331.3784937194
101333.40789809154
101330.94858739697
101333.79315958908
101330.63090155316
101334.75204714436
101329.56851688743
101334.26340642247
101327.82771556046
101332.88722104205
101324.02042562388
101317.66877570011
101324.55454984258
101322.07523994669
101329.27575158644
101327.0182847009
101332.92914166515
101332.02585425289
101333.61092738932
101330.90743263971
101331.8129347465
101326.45936038598
101327.60284114853
101321.30003867154
101323.26613144876
101318.38876993148
101327.2557729129
101332.66113891691
101329.91796706893
101333.95406714837
101330.82507221914
101333.84735774947
101330.8979029968
101332.81214837809
101328.98942628861
101331.3171359134
101328.89629143328
101331.86886943779
101329.20711235232
101332.11067251689
101328.8680334971
101330.56127934312
101323.64860107392
101319.68466434572
101324.21033944879
101322.53087683875
101327.7530757488
101326.12484701797
101329.44494085283
101328.24164028614
101329.65214553836
101327.70469865116
101328.88475040278
101325.45994361366
101326.75612525457
101321.39033811391
101324.24127876243
101319.20192820451
101325.95646084911
101332.52377169215
101328.82197264789
101332.3427614931
101328.76982123658
101331.74611100914
101328.88741150171
101330.66617972404
101327.46091862126
101329.75521568608
101327.42808918703
101330.52994136765
101327.81183212425
101330.73470595296
101328.00444193893
101330.0995638983
101323.65495406033
101320.31707872052
101325.27162472643
101323.8424580678
101329.07106218942
101327.45305556369
101331.06984841716
101329.97082086399
101331.34498636643
101329.38540245604
101330.42621479403
101326.6095853694
101328.1109976899
101322.39095877255
101325.06972280949
101319.4701961533
101325.74374926803
101331.74142450975
101327.8404561107
101331.02939853536
101327.57137704674
101330.25958467677
101327.44543261833
101329.14776440518
101328.0010758694
101330.12913334931
101327.98340441582
101330.65715191799
101327.82534290566
101330.40967224225
101327.34228802306
101329.26443320609
101323.1746853709
101320.13058348984
101324.05442683374
101323.01746568884
101327.65019369007
101326.47118795483
101329.57874273264
101328.54030209611
101329.92954486705
101328.03433333529
101329.12329072825
101325.82846287158
101326.96037041442
101321.8723124214
101324.43291418388
101319.20690735836
101325.10969913233
101330.81746751517
101327.63712247598
101330.68495630598
101327.70076292344
101330.39111096376
101327.91446728865
101329.53535438623
101325.62265590504
101327.33796613548
101325.62023127721
101327.58888965551
101325.12435928827
101327.5310718969
101325.29061609997
101327.54652020386
101322.48697207468
101320.50925239145
101324.73752297036
101324.1735674564
101328.52330222006
101327.75207005707
101331.08003542335
101330.19542738877
101331.23349915963
101329.67500242166
101330.46013233766
101326.7248776004
101327.78817660573
101322.50699356241
101324.69254952356
101319.04765557719
101324.04761647209
101328.61154214313
101325.26092130222
101327.75392870672
101325.18627280361
101327.53289274758
101325.59528453855
101326.94566629946
101325.66086985971
101327.61587579014
101325.67531059914
101327.68935171081
101325.23827683911
101326.86395094015
101324.95250555889
101326.16506746261
101321.482368845
101320.23941572499
101323.23504229983
101323.2029955172
101326.59079809726
101326.53967577135
101329.38661785457
101329.15983573411
101330.1418757106
101328.56096928903
101328.91222667295
101325.61655816744
101326.29095149782
101321.98810886688
101323.62076340234
101318.96548312085
101323.35501975862
101327.48700635697
101324.77434515784
101327.23031941934
101325.03018879723
101327.63728085774
101325.53652953135
101327.20476451876
101321.93399048956
101323.11110413531
101321.95247413746
101323.0439519207
101321.67889795527
101323.13473298677
101322.20806078606
101323.69199850671
101320.3530805278
101320.7494231434
101323.42795118121
101324.3593432434
101327.42891397991
101328.1677196028
101330.45241688323
101330.67975258021
101331.33992264344
101329.93947817673
101329.97658520196
101326.93300802336
101326.76947590077
101322.82711692379
101323.76780361752
101319.21846264787
101322.05834303978
101324.48815415174
101321.89802943358
101323.28428173545
101321.43117502912
101323.09745795649
101321.94981126624
101322.78509115036
101323.42730028251
101324.36252990233
101323.47935710665
101324.01864982978
101322.77800364389
101323.51890762619
101322.81766301478
101322.66266540057
101320.24329219425
101321.2842800431
101322.63853773917
101323.88628724177
101325.97089905794
101326.80242125555
101328.93855181959
101329.31532848391
101329.8092809283
101328.92077608001
101328.38512452522
101326.02748976761
101325.75387489898
101322.72896290125
101323.18722743254
101319.88128328322
101321.65241576376
101323.75632978775
101322.19143049252
101323.82567956547
101322.52132289311
101324.12273900684
101323.3817122046
101324.10213296177
101320.23983727333
101320.4997183902
101319.89901537698
101319.51264156244
101319.07713242597
101319.08715106299
101319.71297993083
101320.3030101167
101319.89159240096
101321.57601040718
101322.73763225554
101324.51469435016
101326.0240918599
101327.35724863897
101328.68686005878
101329.23660287369
101329.41457550343
101329.01493104096
101328.36392651536
101326.63447394109
101325.54887277927
101323.43741124988
101322.5303717425
101320.50361097025
101320.22273584329
101320.35248975757
101319.01554715082
101319.25187178855
101319.02502760658
101319.82228997943
101320.02736448633
101320.48186857678
101327.20747740324
101326.90696837739
101326.06806517509
101324.82665315742
101323.83240798213
101322.35712341458
101321.7780165501
101320.39074166358
101320.01208990894
101320.08286920273
101319.71715110846
101320.42963343229
101320.78664700303
101321.68158102605
101322.24396320294
101322.41242236266
101322.35576442567
101322.30908048537
101322.11309169569
101321.273596841
101320.69904208378
101319.99618825092
101320.06327324396
101319.94695969901
101319.95222539813
101321.12334413765
101321.76307971544
101323.22588575105
101324.18648807767
101325.37200555614
101326.49890988876
101327.15098096474
101332.01625380821
101331.10846508598
101330.37407766331
101327.82633248306
101327.25274225685
101323.97750101982
101324.04918177404
101320.30270488717
101321.30080781673
101322.68166008285
101320.74477569465
101321.45540838299
101320.50167082978
101321.62039266755
101320.94497077848
101321.71073176028
101321.06381391246
101321.94454601729
101321.08922361759
101321.67331295725
101320.84360129596
101321.59331413264
101321.5254394222
101321.98387971104
101320.07617931909
101321.87072944893
101323.46867746237
101325.25493302821
101327.47558006077
101328.73241320586
101330.96388212199
101331.54198784904
101329.73277251616
101328.61129762841
101328.56738899797
101325.77435294726
101325.5234108822
101322.12796748561
101322.74979142565
101319.01762511753
101321.61463967331
101324.08197315059
101322.06901016648
101323.85540260401
101322.56760544197
101324.39191868751
101323.33645193939
101324.45866951489
101323.37666482477
101324.72184929808
101323.26748149513
101324.34049265136
101322.57708044052
101323.65175924807
101322.17900179897
101323.26461210885
101320.0478914573
101320.20502861633
101322.38302943934
101323.30139778838
101325.94829779681
101326.87152006227
101328.95872722173
101329.14058759579
101331.89646064941
101330.44835151848
101330.49055708593
101326.94347906322
101327.47655449419
101322.70341467703
101324.21430802377
101318.99649457182
101322.88190450288
101326.4348905489
101323.52809376104
101325.43415925007
101323.26378270335
101325.401581951
101323.7452831484
101324.91577182869
101323.71520243995
101325.44966909409
101323.74453634597
101325.6931473819
101323.57924806593
101325.51020448361
101323.77670855194
101325.34405606014
101321.01535240245
101320.27888930838
101323.88794763069
101324.02567347031
101327.80608821299
101328.20479079499
101331.00035526036
101331.07411118384
101329.63416755717
101328.25013529227
101328.95990784605
101325.55395945359
101326.33155344892
101321.42666986659
101323.33210988922
101318.58746537936
101323.57263175445
101328.35898362644
101325.46908418069
101328.35319202594
101325.94725804465
101328.77896385433
101326.75774233816
101328.3919630654
101326.94917624423
101328.87574074868
101326.66436911275
101328.8604330884
101325.84828016537
101328.08026468409
101325.38166168128
101327.10685970487
101322.00729543917
101319.67181095453
101323.25893525311
101322.86712017875
101326.86417324322
101326.33024776331
101329.43689159369
101328.66005748339
101331.49600004572
101329.6334789753
101330.45051672716
101326.64616622606
101328.17437332393
101322.1381098444
101324.61797262874
101319.05134362809
101324.63833053262
101329.86635491809
101326.63454841095
101329.46702213239
101326.37212152181
101328.96216100808
101326.72519561525
101328.22281281411
101326.81115832971
101328.7801422865
101326.74506308019
101329.34496190472
101326.64200951367
101329.49373380604
101326.44660261279
101328.6606943245
101322.87770291633
101320.0838453316
101324.57659559016
101323.64050757597
101328.73114729807
101327.51600733667
101331.03674775413
101330.26958795679
101329.67257708291
101327.80428126238
101329.07542963524
101325.70677249439
101326.85974382599
101321.54994345494
101324.22014075893
101319.14298169152
101325.46145368938
101331.67676778085
101328.28772920946
101331.67559925882
101328.63416711954
101331.49668102448
101328.86038679392
101330.61636798711
101328.96378598109
101331.23133011888
101328.78232700926
101331.79967499511
101328.67574792821
101331.3031176472
101328.21006064172
101329.9281502318
101323.42770887187
101319.76665620843
101324.25544234092
101322.76013730993
101327.75978448572
101326.31064520519
101329.55154725116
101328.25271348012
101330.64268404245
101328.6704359382
101329.6785118746
101325.98131010374
101327.61067403437
101321.83524648722
101324.57705531317
101319.34032460544
101325.88232184185
101332.38388265441
101328.44531167085
101331.79532073872
101328.03824618236
101330.93207476
101327.9582458599
101329.78570782277
101328.04700957469
101330.40876598105
101327.9914380441
101331.1561002979
101328.60141662162
101331.73124111691
101328.56426204566
101330.43053314064
101323.66106420109
101319.85374822599
101324.66301017294
101323.01566887002
101328.43400361013
101326.7285981029
101330.3326372322
101329.32523081728
101329.65116912784
101327.7037678468
101328.8844987522
101325.46018396084
101326.7556689277
101321.39113736463
101324.24172594513
101319.20162292165
101325.95691391919
101332.52310869916
101328.82189697589
101332.34209468272
101328.77009217444
101331.74640244393
101328.88660427018
101330.66621122413
101328.98886094874
101331.31536296134
101328.89350713314
101331.86733875758
101329.20509571602
101332.10896742019
101328.86530261723
101330.55851123859
101323.64661185535
101319.6833257339
101324.21110002414
101322.53147543962
101327.75373803043
101326.12730469988
101329.44575542335
101328.24189184727
101331.34737817885
101329.387068964
101330.42685000171
101326.60957122412
101328.11127624809
101322.39152473045
101325.07066398156
101319.46982206608
101325.74368461253
101331.7410644842
101327.84013487733
101331.02729626308
101327.56877815723
101330.25780526573
101327.4433801281
101329.14805092456
101327.46064036232
101329.75410570693
101327.42579530147
101330.52563812776
101327.80895916733
101330.73267011908
101328.0014343784
101330.09616896253
101323.65188465991
101320.31508910307
101325.27153859168
101323.84065202766
101329.0725952917
101327.45635177678
101331.06916518425
101329.97229854745
101329.93025873354
101328.03563566778
101329.12386168665
101325.82757190478
101326.95964832803
101321.87213460253
101324.43340318123
101319.20628329783
101325.10907925514
101330.8168537192
101327.63682750738
101330.68585125687
101327.70340494694
101330.3916735504
101327.91525289899
101329.53590681589
101328.00069229811
101330.12922157229
101327.98275400596
101330.65635508476
101327.82481309165
101330.40869602864
101327.33935666153
101329.26136638425
101323.17159572148
101320.12777330652
101324.05365782836
101323.01746796342
101327.6546979359
101326.47625992933
101329.579214567
101328.54070889455
101331.23457387196
101329.67683670114
101330.46176952639
101326.72540666495
101327.78843654723
101322.50738182882
101324.69336421142
101319.0475737947
101324.04722225739
101328.61093770391
101325.25999292675
101327.75459749426
101325.1885602926
101327.53293323102
101325.59278382806
101326.9424894595
101325.61960163771
101327.33499241857
101325.61986096055
101327.58761688294
101325.12637573571
101327.53046240519
101325.28786735712
101327.54294226858
101322.48326657186
101320.50872744709
101324.73893703755
101324.17594099673
101328.5273884389
101327.75174091246
101331.07693648884
101330.19937438694
101330.1417038504
101328.5613451098
101328.91260677358
101325.61615086047
101326.29032134704
101321.98806628355
101323.62091845869
101318.9660201236
101323.35523559098
101327.48748455323
101324.77411931308
101327.23108104363
101325.03108624612
101327.63885132899
101325.53834842138
101327.20606348127
101325.66243393952
101327.61656204112
101325.67531148883
101327.68681839757
101325.2359346912
101326.86345283508
101324.95077870708
101326.16402319071
101321.47940067717
101320.2394627469
101323.23713525006
101323.20462114344
101326.59220128073
101326.54085872768
101329.38714798892
101329.15971259119
101331.34121957299
101329.94053181539
101329.97700724956
101326.93276140571
101326.76911582894
101322.82749230623
101323.76808817619
101319.21952124176
101322.05969337674
101324.48943270829
101321.89877285612
101323.28449525881
101321.43109724185
101323.09641000898
101321.9473254897
101322.77872582429
101321.92931191405
101323.10905651349
101321.95211652863
101323.04254317781
101321.6772914184
101323.13426527486
101322.20710231356
101323.69130941242
101320.35225455704
101320.7510814557
101323.43130707426
101324.36268584224
101327.43121877805
101328.17284492026
101330.45445735731
101330.68181791548
101329.80908838067
101328.92006101746
101328.38386426627
101326.02688873411
101325.75391143569
101322.7296553975
101323.18712809854
101319.88223845986
101321.65399981207
101323.75891595504
101322.19408783501
101323.82765708501
101322.52098291634
101324.12083731162
101323.37938640438
101324.10341205393
101323.42627535298
101324.36057340383
101323.47727325898
101324.01697064939
101322.7769123044
101323.51844029294
101322.81493737575
101322.66108033314
101320.2417280736
101321.28398043777
101322.63965398082
101323.88656201761
101325.96874982468
101326.8008468686
101328.93921063693
101329.31530176205
101329.41342515494
101329.01336897895
101328.36265112003
101326.63321395263
101325.5488654277
101323.43768019624
101322.53038765464
101320.50474270029
101320.22528241738
101320.35603679065
101319.02020161587
101319.25559077405
101319.02522322995
101319.82105912354
101320.02531662156
101320.47845267813
101320.23777877531
101320.49893399603
101319.89746267372
101319.51060966917
101319.07611053796
101319.086784353
101319.71168305737
101320.30061541105
101319.88993170005
101321.57506016106
101322.7387338664
101324.5151495327
101326.02610060826
101327.35910324773
101328.68705717399
101329.23595615917
101322.35430300029
101322.3072135336
101322.11213642248
101321.27170206184
101320.69935182121
101319.99615994442
101320.06316092315
101319.94765645071
101319.95419964462
101321.12668037858
101321.76637489593
101323.229271024
101324.18689248522
101325.37076545091
101326.49765291027
101327.1490480811
101327.20562240355
101326.9057187547
101326.06649107167
101324.82476680892
101323.8314001642
101322.35722670781
101321.77738980146
101320.38942208965
101320.01029862162
101320.08079469673
101319.71721458367
101320.43013832349
101320.78898098771
101321.68388182335
101322.24396873658
101322.41205186675
101321.06122085691
101321.94165637725
101321.08674055358
101321.67130218486
101320.84364057062
101321.59294034578
101321.52418235884
101321.98410067185
101320.07894201788
101321.87457504406
101323.46643801819
101325.26137894295
101327.47448296516
101328.73208847814
101330.96402793587
101331.54213315748
101332.01639282574
101331.10822190621
101330.37367119244
101327.82587881743
101327.2513464136
101323.97643642229
101324.0488434032
101320.30163036109
101321.29960944396
101322.67961733176
101320.74280263836
101321.45482074845
101320.50112827196
101321.6195873088
101320.94297275018
101321.70907779588
101323.37532886946
101324.72040684435
101323.26551116131
101324.33725932417
101322.57536110314
101323.64982833572
101322.17681994023
101323.26423874035
101320.04830616241
101320.20841162652
101322.38326356198
101323.3049683275
101325.95326447536
101326.87213210472
101328.96012517784
101329.14200872662
101329.73307714087
101328.61205284692
101328.56752298908
101325.77178067209
101325.5207427174
101322.12707567865
101322.74956619399
101319.01766167485
101321.6145544787
101324.08073081801
101322.06719057253
101323.85243277634
101322.56600821465
101324.39063333362
101323.33421239996
101324.4565724595
101323.71743891199
101325.44915299852
101323.74278993087
101325.69091120052
101323.57896584268
101325.50868820185
101323.77532071598
101325.3456441938
101321.01677151771
101320.28004516651
101323.88862538883
101324.0285630279
101327.80623669914
101328.20387564029
101330.99940497808
101331.07436231601
101331.89621767498
101330.44943394173
101330.49184234804
101326.94317273045
101327.47633028182
101322.70352593999
101324.21402981883
101318.99631994497
101322.88154191425
101326.43338322501
101323.52588563229
101325.43430638396
101323.26481313832
101325.40278085468
101323.74563023831
101324.91262778333
101326.95160759252
101328.87663931758
101326.66454091559
101328.86023149992
101325.84889169874
101328.07896441352
101325.38014554193
101327.10593319972
101322.00711701652
101319.67298101037
101323.26113546423
101322.86359301217
101326.84086899868
101326.33346811093
101329.43598707611
101328.65992141614
101329.63385044943
101328.25049734108
101328.9603279267
101325.55357338351
101326.33073962052
101321.4261078406
101323.33221621021
101318.58785567037
101323.57253828119
101328.35964279952
101325.46971724172
101328.35413506767
101325.94660931858
101328.78011702512
101326.75873099231
101328.39277824726
101326.81179427958
101328.78076763052
101326.74626522098
101329.34598509592
101326.64337424441
101329.49407296043
101326.44694476672
101328.66036461775
101322.87750180946
101320.08253588746
101324.57519122177
101323.64156370846
101328.73890540338
101327.5118262047
101331.03799215684
101330.27041811596
101331.4963123202
101329.63448018624
101330.45209594621
101326.64691356594
101328.17368332816
101322.13860992136
101324.61881060562
101319.0510894107
101324.63758454497
101329.86507841074
101326.63365076708
101329.46654136042
101326.37141164285
101328.96262580571
101326.72575086117
101328.22288084487
101328.9635155079
101331.2305294809
101328.78185009856
101331.79893766754
101328.6767906811
101331.30403832084
101328.21138682755
101329.92897679102
101323.42807940207
101319.76654777185
101324.25226934018
101322.75694164869
101327.75448961393
101326.310492016
101329.54998998859
101328.25240049935
101329.67216023464
101327.80415670955
101329.07540763442
101325.70605375108
101326.85819807889
101321.5499166201
101324.22017794385
101319.1427031864
101325.46059508984
101331.67681553736
101328.28877625863
101331.67620776236
101328.63513855389
101331.49783712132
101328.86190569794
101330.61712737846
101328.04604592618
101330.40759119176
101327.99169577305
101331.15629248676
101328.60302969585
101331.73286022714
101328.56659469882
101330.43254752898
101323.66229634799
101319.85475778303
101324.66423615985
101323.01602764452
101328.43694293064
101326.72721504161
101330.33222925403
101329.32495471134
101330.64334860748
101328.67080146712
101329.67926784577
101325.98162523979
101327.61122857012
101321.835060799
101324.57673788327
101319.33978928742
101325.88111469017
101332.38421697104
101328.4450500003
101331.79681700992
101328.04058177977
101330.93216724724
101327.95933632649
101329.78546343604
101328.79281375883
101330.22449097355
101328.93577578796
101329.55792179017
101328.06096220086
101329.03013800601
101328.44221198457
101327.6950337413
101322.67250407649
101322.53356227378
101324.80875713818
101324.00941022855
101327.17172173806
101326.78905556936
101328.79324754763
101328.47589263732
101329.19163507194
101328.04607098314
101328.52107640826
101325.97922731416
101326.80592575406
101322.56483101426
101324.91072219986
101320.94919153466
101324.94704205573
101330.10647096664
101327.35535573264
101329.87811065119
101327.50572008507
101330.41608809654
101328.63407519882
101330.04989451177
101327.78202299768
101329.14747500431
101328.0113741612
101328.69797805068
101327.25334937527
101328.62290365908
101328.01574064759
101327.50213811955
101322.86630096695
101323.12750185114
101325.42894276415
101324.90810139287
101328.08256584094
101327.8137984924
101329.77529249518
101329.39041172524
101330.11040461253
101328.93803126639
101329.4169947184
101326.83179990867
101327.56192188225
101323.39740076831
101325.5022432346
101321.50001897308
101325.09775505886
101329.79880614423
101326.77779377115
101329.15551502138
101326.71879290053
101329.48341514856
101327.6917735832
101328.95980317991
101328.05800524619
101329.4256532529
101328.35381076067
101329.05926096077
101327.375098009
101328.52126826445
101327.77617895216
101327.02646530593
101323.01941088143
101323.14282522329
101324.80597107211
101324.88807528673
101327.42122769532
101327.45084423856
101329.12253812081
101328.80587607509
101329.48696521352
101328.42168796742
101328.94789512119
101326.62867916201
101327.33551291787
101323.35841255206
101325.22751480466
101321.52658060685
101324.87580929794
101329.22362509323
101326.79086832947
101329.15839742133
101327.03215514946
101329.73463267676
101328.00893281504
101329.20797284952
101325.99085785574
101327.23199615563
101326.32845648375
101327.18207804649
101325.71875220884
101326.66674916388
101326.41821612601
101325.67744063929
101322.36561352698
101323.23933755807
101324.50842614073
101325.20331450141
101327.45307997616
101327.61328504398
101328.87266911518
101328.42716097002
101329.08081507517
101328.10888505825
101328.64987116822
101326.62084704482
101327.10763135526
101323.77209757589
101324.69768270214
101321.62375066392
101323.79984915451
101327.71114616326
101325.45507190196
101327.15029105985
101325.47104111308
101327.6335123991
101326.0407886566
101327.03899880273
101326.11505738666
101327.33445348204
101326.38815629623
101327.22184654519
101325.70453116471
101325.82590893238
101325.50665399246
101324.559437886
101321.32783390657
101322.92191083499
101323.5883773588
101324.69686132336
101326.36432686567
101326.84649246589
101328.13889354975
101328.01166589629
101328.58706362289
101327.755179724
101327.99909917536
101326.07597304124
101326.24304085922
101323.33831672239
101323.82819279513
101321.22739767763
101322.82306913874
101326.3675837847
101324.76888346483
101326.50774515195
101325.49819708758
101327.64379980978
101326.10737345504
101327.27390292705
101322.6745551459
101323.67091318818
101323.17983878299
101323.86846437881
101322.95478270599
101323.25517995373
101323.15867874368
101322.95020397092
101320.27281728263
101322.26872968445
101322.81492235042
101324.28836462622
101326.21323636202
101327.32288130096
101328.39460363955
101328.24282809978
101328.62367456526
101328.12784135979
101328.10758976333
101326.29193099641
101325.78215624283
101323.13842836303
101322.90864114725
101321.00978036602
101321.8762042301
101324.04196166374
101322.33474039604
101323.60425752394
101322.80447442198
101324.01184672627
101322.92571086048
101323.50088681768
101324.57910655228
101325.31052844424
101324.70352666818
101324.92299994762
101323.71999073446
101322.94410474345
101323.19500126319
101322.18192323446
101320.46647035012
101322.42314947513
101323.00805768624
101324.86858794281
101326.49920531997
101327.64450144643
101328.54557463163
101328.82617134639
101328.98580803315
101328.63793895584
101328.43782978949
101327.01738249103
101326.11615438193
101323.70879449273
101323.20767318737
101320.99657087837
101321.39776156371
101322.96926701287
101322.61372970506
101323.55354670543
101323.80254920397
101325.13777681955
101324.56088714693
101325.19166148914
101321.00222460576
101321.56246186297
101321.4393671601
101321.56003052347
101320.91283387273
101320.65834805607
101320.44768029712
101320.77567119536
101320.40070656493
101321.41614540553
101322.15600338249
101323.30224296494
101324.35256987317
101325.61877457675
101326.34807210424
101326.77293405677
101326.80446253752
101326.6416298237
101326.21230216666
101325.04264838477
101323.96937563787
101322.70653380707
101322.1262253437
101320.85099767054
101320.67853878753
101320.71358330201
101320.32584020447
101320.78540821643
101320.91844521451
101321.50645288582
101321.37852656821
101321.36085700971
101325.53136251532
101325.46616926379
101325.01983613384
101324.19362568656
101323.1879481677
101322.22581563647
101321.71216170101
101320.81221698989
101320.46195016534
101320.50532937885
101319.97027399221
101320.56277172043
101321.36298942933
101322.04920679492
101321.89429447659
101322.15746037991
101321.87501500073
101322.19420093013
101322.2696462282
101321.79062315311
101321.25784607037
101320.34605064733
101320.20618718087
101320.61532344349
101320.34304809442
101321.05765005063
101321.77057289338
101322.57935174124
101323.50551360569
101324.53297713559
101325.19654040395
101325.60575032169
101330.01068016757
101329.69029693992
101329.19934425183
101327.68692697999
101326.55809608116
101324.1912751468
101323.19082868352
101320.87807806299
101321.01542257841
101322.33038419051
101322.17483836136
101323.01541633709
101323.16127849929
101324.0509815918
101323.2495554156
101323.6691628032
101323.11328685904
101323.7871959156
101323.53559108739
101324.00915942977
101323.41582501752
101322.61860541238
101322.78832264956
101321.7974579212
101320.40749986914
101322.17664806623
101323.2784954813
101325.33425798165
101326.9547895905
101328.47821566348
101329.4378756588
101329.87263437612
101327.96157666846
101327.33995953668
101327.2916708112
101325.71415920059
101325.07278565427
101322.51902275487
101322.62755732084
101320.72315717892
101321.60456325301
101323.48237830738
101322.20419903907
101323.47117859952
101323.1374034683
101324.65319821167
101324.02173705152
101324.7932869847
101324.05038129301
101324.93497649678
101324.16589476303
101324.55135521595
101323.31238137759
101323.10765988372
101322.77955029285
101322.53023235904
101319.97619714634
101321.88274481005
101322.12089457006
101323.48501525483
101325.35543123804
101326.44951291785
101327.44897021769
101327.59775169504
101329.67549774729
101328.87654448018
101329.05236163453
101326.92682896784
101326.65560951436
101323.56379297488
101323.63471532396
101321.02836083913
101322.33338350485
101325.63603075812
101323.83954311859
101325.49171911857
101324.59000181542
101326.19075750399
101324.88660242026
101325.71387459218
101324.77557496898
101325.94530495747
101325.29622063618
101326.09435559822
101324.9186149638
101325.03167539055
101324.74554049633
101324.01402276718
101320.74549760221
101322.56429950989
101323.34037943916
101324.87473360481
101326.89812958056
101327.69688510842
101329.16481080141
101329.06126010256
101328.1196282352
101327.20449876627
101327.64352573882
101325.77324494456
101326.11850297786
101323.03791498627
101323.94758407034
101321.08505841609
101323.19079867362
101327.11654402745
101325.26756715313
101327.10832504446
101325.75770494883
101328.11961799156
101326.66132532556
101327.86181904441
101326.76715518294
101328.0746807907
101326.88224887835
101327.756644116
101325.99252379606
101326.65606818622
101326.11914301346
101325.1442701865
101321.88695669462
101322.5974014578
101323.48959647778
101324.2290858863
101326.21190057023
101326.48044134578
101327.74427862275
101327.45393703683
101330.3589826079
101329.32537091033
101329.77272598028
101327.26137116551
101327.66066321579
101323.72747341655
101325.26289914882
101321.45104161451
101324.57581795708
101328.76201979935
101326.42775250059
101328.45804833123
101326.46410941947
101329.02557416182
101327.28515588185
101328.48735900296
101327.32558240621
101328.76388092487
101327.68844663017
101328.63575361179
101326.83932855626
101328.02341836106
101327.31308224602
101326.56001481556
101322.75496753685
101323.10066434581
101324.73330939912
101325.07384890977
101327.96707357001
101328.10100140062
101329.8940136976
101329.6303464232
101329.21164788071
101328.11288754408
101328.61343478141
101326.18023527171
101326.80115859157
101322.81959605525
101324.8882076389
101321.24270914056
101324.87967915056
101329.58954920739
101326.96269056502
101329.44425662955
101327.16728901469
101330.07618299036
101328.34173984456
101329.78801506426
101328.53258313365
101329.9825402424
101328.62729310765
101329.36804417755
101327.62074261403
101328.90375604483
101328.01712156585
101327.31141939435
101322.64588565766
101322.72962696779
101324.72922881589
101324.20344859359
101327.14151162791
101326.92034003545
101328.78851194849
101328.50676233135
101329.91336072031
101328.71287542072
101329.15818578967
101326.56479573395
101327.35132440893
101323.03042189147
101325.25834067987
101321.12236868516
101324.95935457209
101329.9953212796
101327.1097031791
101329.5053786269
101327.10579847664
101330.00379143767
101328.23535112107
101329.60130529877
101328.38403400636
101329.79723037564
101328.5691256896
101329.21934426072
101327.78951527845
101328.77931475008
101328.28769971617
101327.63592209101
101322.74006876265
101322.73311285309
101325.14754456675
101324.42109381835
101327.71103236412
101327.39668208404
101329.48217742633
101329.1564702545
101329.1921921474
101328.04729547551
101328.52208115018
101325.98083222733
101326.8062559094
101322.56643547604
101324.91179143429
101320.95019158348
101324.94808188306
101330.10777419488
101327.35532644944
101329.87717826749
101327.50560962161
101330.41511493742
101328.63353259026
101330.04998207427
101328.79338262593
101330.22627657255
101328.93523542906
101329.55621451544
101328.0583043715
101329.02820013127
101328.43995503333
101327.69226464993
101322.67026092397
101322.53238399737
101324.80911216172
101324.01054247969
101327.17261400938
101326.79284866908
101328.79482091041
101328.4763731643
101330.11201697806
101328.93982562942
101329.41796604265
101326.8326755703
101327.56267467077
101323.39884057103
101325.50354803733
101321.50046910284
101325.09792315845
101329.79947366167
101326.77796516751
101329.1549888618
101326.71860502314
101329.48255932015
101327.69120860533
101328.95989644712
101327.78173207372
101329.14934745168
101328.00971275652
101328.6960000149
101327.25153879607
101328.62063987942
101328.01313993322
101327.49870330242
101322.86295815605
101323.12564602055
101325.42858456155
101324.9077241786
101328.08123356858
101327.81905764637
101329.77690637471
101329.3917670893
101329.48812177137
101328.42320313942
101328.948751712
101326.62872223384
101327.33601931357
101323.35895000977
101325.22829400907
101321.52629044537
101324.87541978677
101329.22332837922
101326.79064885674
101329.15846488471
101327.03290927029
101329.73412212773
101328.0087211213
101329.20751749034
101328.05784582128
101329.42858639779
101328.35159162685
101329.05677975577
101327.37386006935
101328.51944291327
101327.7735384254
101327.0232183574
101323.01640453242
101323.14046928186
101324.8045501232
101324.8871480454
101327.4217982144
101327.45241777661
101329.12374255327
101328.80733111389
101329.08160501889
101328.10994315991
101328.65034642762
101326.62053798381
101327.10768551184
101323.77249018868
101324.69829387091
101321.62354050144
101323.79992821321
101327.71123068186
101325.45404978325
101327.1501901907
101325.47217453668
101327.63265241504
101326.03715814512
101327.03473914418
101325.98772460333
101327.22973030628
101326.32745064127
101327.18137343046
101325.71679964091
101326.66500089823
101326.41558833793
101325.67464114795
101322.36288291501
101323.23788562925
101324.50850474526
101325.204328644
101327.4546185853
101327.6129046623
101328.87302396071
101328.42959074564
101328.58771187835
101327.75580446806
101327.99951213867
101326.07532299246
101326.24355322565
101323.33852847731
101323.82855729552
101321.22750617011
101322.82317553532
101326.36770769698
101324.76804018836
101326.50774787736
101325.49877027949
101327.64467867119
101326.11010973758
101327.28184591545
101326.11740990505
101327.33368347191
101326.38737712675
101327.22023826075
101325.70259448214
101325.82420326691
101325.50409124084
101324.55860542435
101321.32702062067
101322.92197873845
101323.58936026812
101324.6973457776
101326.36474330524
101326.84584852224
101328.13998989687
101328.01238467041
101328.624706902
101328.12902081957
101328.10827976653
101326.29217412397
101325.7830442783
101323.13902508102
101322.90931261957
101321.0103263674
101321.87733075254
101324.04304961429
101322.33514469452
101323.60516626362
101322.80496745538
101324.00987114111
101322.91931375921
101323.48686086675
101322.67099323338
101323.6683461317
101323.17887946758
101323.86735883476
101322.95313516431
101323.25360656039
101323.15633857719
101322.94914803583
101320.2725244699
101322.27025824261
101322.81772671119
101324.29116210778
101326.21688177633
101327.32593919782
101328.39626490002
101328.24432762593
101328.98587906396
101328.63781444349
101328.43798503863
101327.01817806375
101326.11706057061
101323.70939344916
101323.20798344219
101320.99676219479
101321.39923922795
101322.97094125851
101322.61563455408
101323.55542790044
101323.80275995788
101325.13585240464
101324.5579007823
101325.18871008664
101324.57533966936
101325.30722258151
101324.70145851756
101324.9220277737
101323.71892031685
101322.94263267431
101323.19299091716
101322.18000096509
101320.46538355543
101322.42331330528
101323.00981098485
101324.8700110303
101326.50028817038
101327.64395479983
101328.54650046772
101328.82668592868
101326.80364989003
101326.64077732233
101326.21143005186
101325.04147239738
101323.96884438497
101322.70581332166
101322.12618435628
101320.85186542802
101320.68020769872
101320.71596720917
101320.32832907441
101320.78806550356
101320.91917465259
101321.5062399185
101321.37855766538
101321.36372530025
101321.00181044001
101321.56151022583
101321.43798121819
101321.55888257401
101320.91164846011
101320.65680823159
101320.44534789278
101320.77330812959
101320.39933352653
101321.41607497222
101322.15693910555
101323.30431597572
101324.35484449397
101325.62117133671
101326.34860517111
101326.77272646487
101321.87378650947
101322.1930234766
101322.26849029939
101321.78985622035
101321.25656885505
101320.34479643752
101320.20605016185
101320.61597714388
101320.34453032058
101321.06043210289
101321.77405588074
101322.5821756169
101323.50653407405
101324.53269578599
101325.19602389298
101325.60559023535
101325.53066165946
101325.46571064228
101325.01901064749
101324.19373805961
101323.18763775703
101322.22548902093
101321.71143513959
101320.81079329841
101320.46057639763
101320.50540978558
101319.97054576834
101320.5638971297
101321.36476073922
101322.05093407742
101321.89375133924
101322.15734671491
101323.11145158354
101323.78547844304
101323.53367258533
101324.00701011739
101323.41378008771
101322.61669031976
101322.78684665877
101321.79818068325
101320.4089510324
101322.17853975424
101323.28199860026
101325.33648797135
101326.95515879864
101328.47855017193
101329.43831248824
101329.87293026551
101330.01034023103
101329.68993755487
101329.19857518346
101327.68819193728
101326.55772080249
101324.19120277118
101323.19074324016
101320.87735152795
101321.0146276259
101322.32935330711
101322.17389408244
101323.01561989282
101323.16131626691
101324.05021668415
101323.24814313368
101323.66816521685
101324.04822839536
101324.9330801193
101324.16369838527
101324.54720733869
101323.31016653327
101323.10534896876
101322.7772378966
101322.53241875241
101319.97572086458
101321.88445127716
101322.1223245982
101323.48509294014
101325.35590100789
101326.44931948624
101327.4500748111
101327.59946000917
101327.96185774781
101327.33935623112
101327.2920154015
101325.71430841691
101325.07107091011
101322.5186531154
101322.62829358564
101320.72331863763
101321.6049943165
101323.48201990096
101322.20262632609
101323.47024426181
101323.13684039659
101324.65156312608
101324.01922568213
101324.7909491435
101324.77538891257
101325.94406091922
101325.29436627497
101326.09238327407
101324.91671115241
101325.02805958244
101324.74118007129
101324.01741092902
101320.74904814507
101322.56160693031
101323.34174766015
101324.87469585039
101326.89716270589
101327.69654716508
101329.16452861726
101329.06240971036
101329.67447768098
101328.87675220062
101329.05426205619
101326.92452293933
101326.65358630303
101323.56370422745
101323.6354301059
101321.02902708029
101322.3337428629
101325.63554595255
101323.8370327845
101325.48964386704
101324.58916819592
101326.19039975473
101324.88551772528
101325.71297732581
101326.76758605888
101328.07437917474
101326.88199960065
101327.75614934615
101325.99152194304
101326.65588813802
101326.11792888952
101325.14384485224
101321.88866086479
101322.59964861229
101323.4921477832
101324.22773018941
101326.20517925182
101326.48080586435
101327.74594995264
101327.45455332137
101328.12037595527
101327.20494897351
101327.64419334823
101325.7729564348
101326.11753254055
101323.03788373931
101323.94830385011
101321.08583407373
101323.1914521774
101327.11693959442
101325.26704152416
101327.10780600415
101325.75772455581
101328.11973173819
101326.66133573985
101327.86221412037
101327.32558391811
101328.76371248816
101327.68950956778
101328.63666319262
101326.83952678778
101328.02261602573
101327.31279372764
101326.55956063702
101322.75406043262
101323.10100660037
101324.7360950771
101325.07227693209
101327.96701731093
101328.09432466616
101329.89648474041
101329.63185221716
101330.35961763964
101329.32534029431
101329.77265570838
101327.26012432466
101327.65978222481
101323.72783691515
101325.26347537462
101321.4511800422
101324.57533677426
101328.76099899001
101326.42671834843
101328.45672444317
101326.46332228879
101329.02539448449
101327.28471986418
101328.486956234
101328.53225062785
101329.98180598873
101328.6276418919
101329.36815753809
101327.62166852519
101328.90465327082
101328.01808683026
101327.3119197324
101322.64649479472
101322.72958112619
101324.72928367788
101324.20025293037
101327.1383973528
101326.91627963881
101328.78667768103
101328.50719899163
101329.21158541398
101328.11230691636
101328.61247130726
101326.17840103879
101326.80057009192
101322.81921925483
101324.88727803351
101321.24231538824
101324.8788960141
101329.58851995927
101326.96272344576
101329.44465459877
101327.16765203763
101330.07698005385
101328.3424716314
101329.78825746287
101328.38320584618
101329.79612325059
101328.56938184545
101329.21999018572
101327.79152056394
101328.78094702777
101328.28951155188
101327.63782381659
101322.74177412134
101322.73425490156
101325.14831582725
101324.42088328068
101327.71048618085
101327.3939548808
101329.48172331825
101329.15663553125
101329.91322504346
101328.71207846471
101329.1576654948
101326.56326154793
101327.35087535424
101323.02903190687
101325.25695190683
101321.12105730065
101324.95811173288
101329.99382662795
101327.10979051581
101329.50601518342
101327.10631533814
101330.00434700851
101328.23574775206
101329.60111617742
101327.13505845124
101327.96621252791
101327.41528695481
101327.64735473224
101326.89048767964
101326.86141713393
101326.97499425216
101325.04881918296
101324.11987617311
101325.32944963677
101325.31820213608
101325.60523826577
101326.61714076194
101326.91985425298
101327.40743209908
101327.40510768365
101327.28921582646
101327.25893072985
101327.35342530799
101326.44807079523
101326.47088336451
101324.61554469816
101325.3889425892
101324.465362035
101323.49100794291
101326.67723454241
101327.0592662108
101327.44362701052
101326.83104255731
101328.24461912425
101327.23389081459
101327.92721501898
101327.07887117739
101327.78523332426
101327.37736173646
101327.53281526951
101326.80704400041
101326.87238144582
101326.93914084471
101325.11484076112
101324.33934002335
101325.59071502047
101325.66093826728
101326.04619873635
101327.04266688426
101327.36650897602
101327.80930789068
101327.86326896792
101327.81477158733
101327.69562370717
101327.76511943048
101326.84234567624
101326.87789467245
101325.01677462031
101325.61924549463
101324.82637975397
101323.935889831
101326.89150723557
101327.07491563536
101327.39040000146
101326.79893812982
101328.09970065809
101327.22186542569
101327.75306474302
101327.12536601046
101327.83793236314
101327.42971980941
101327.59916612614
101326.78632565713
101326.82637501291
101326.67708721665
101325.24144761833
101324.43679395375
101325.72615393918
101325.76807896563
101326.3699224531
101326.98449605601
101327.24727630048
101327.66965955989
101327.74865390445
101327.68268496156
101327.59580222287
101327.66479111742
101326.8697327579
101326.96236238519
101325.32728672688
101325.9184093498
101325.03209153426
101324.04657455748
101326.46315052612
101326.8211474202
101327.11808687614
101326.75778313939
101328.05669733891
101327.21830001874
101327.8157073685
101326.28889318179
101326.92305648301
101326.59686437948
101326.64924760917
101326.01986574417
101325.74480513792
101325.64369284273
101324.3369958425
101324.5454314696
101325.14877268788
101325.27912404633
101326.1926206307
101326.62438969497
101326.97430530209
101327.38793325823
101327.3898063532
101327.37763830148
101327.27937960452
101327.35157032585
101326.50165595123
101326.53985619098
101325.21126801023
101325.35874246131
101324.75059813817
101323.45162654098
101325.45026013804
101325.85582150376
101326.18588813287
101325.9671142757
101327.13267415955
101326.38903093034
101326.91681527761
101326.23717084408
101326.88943199023
101326.67714531063
101326.64195784836
101325.81791680864
101325.54767629142
101324.80540547863
101323.77713351512
101323.48111275132
101324.53229566036
101324.58667609918
101325.53532376637
101325.95191696951
101326.43342693246
101326.84466676739
101326.92296776464
101326.94050300428
101326.83854052715
101326.76195495694
101326.16480262096
101326.00565626402
101324.86654402807
101324.73591607162
101323.76367699262
101322.55768420386
101324.7736119637
101325.15555774829
101326.00913437214
101325.91421119662
101327.07006055969
101326.35588849706
101326.87600391022
101324.62601335873
101325.12410676305
101325.08029979494
101325.18188292414
101324.52125389643
101324.40151952324
101323.65516680366
101323.22838555547
101322.35912770781
101323.38886026479
101323.91419623909
101324.99009384526
101325.45803238964
101326.24625104913
101326.83281734375
101326.77070833305
101326.80188612959
101326.76763713092
101326.70759940104
101325.77135280948
101325.38355147066
101324.46713369686
101323.64840086782
101322.75403524631
101322.33039637507
101323.68271608348
101323.92067749472
101324.79729584721
101324.54085747662
101325.39802233737
101324.81316116353
101325.12709247397
101325.33758373812
101325.69659926817
101325.85024876418
101325.41664995215
101324.78496758096
101323.64752491002
101323.17195956381
101323.19866964573
101322.30126324938
101322.94185195083
101323.27445010892
101324.25857980695
101325.10392787629
101326.06750301269
101326.76796655054
101326.87135002918
101326.82182189589
101326.82669797367
101326.57140858567
101325.67153999934
101324.89502672476
101323.76196743625
101323.30356150688
101322.72202741935
101322.5318793506
101323.50048203037
101323.19071143772
101324.25001664789
101324.93334559228
101325.93480878646
101325.35254216989
101325.7696472198
101324.0909393859
101324.46481380393
101324.54848856774
101324.49720058368
101323.56706868092
101322.5978975233
101322.54321317085
101322.4949599418
101322.11917348191
101322.82515883457
101322.84827064551
101322.98922035299
101323.36343369404
101324.42230703968
101324.60366184471
101324.49222095903
101324.41449322147
101324.44933868122
101324.86363906974
101324.10019101186
101323.24841859545
101322.98917664945
101322.99019012073
101322.50308152132
101322.22620616897
101322.65687056103
101322.32289688756
101322.97607435587
101323.97333965392
101324.54705193543
101324.21174615456
101324.38432048218
101323.69779117781
101323.97971019542
101324.25145706731
101323.46393752059
101322.48864455466
101322.42631966539
101322.58253745959
101322.36540859655
101322.06430828331
101322.36535938227
101322.12550799482
101322.70034518487
101323.79023623533
101324.38876611041
101324.00056312644
101324.35006501498
101324.03036349105
101324.34235453143
101324.30792559867
101324.42483307215
101323.44800186157
101322.49418878487
101322.27198893869
101322.28932034945
101321.99486492465
101322.48987006317
101322.36149046854
101322.17315983814
101322.96761368487
101324.09012697237
101323.88066162469
101323.93575200302
101326.80967979421
101326.9383467279
101326.64738711207
101325.53804918771
101324.98621799794
101323.73447266348
101323.40915264639
101322.72145920564
101322.42281529334
101323.18582669331
101322.91462447864
101324.00558970096
101324.68492321477
101325.73942506504
101325.31634101812
101325.49619613956
101325.10350172476
101325.57711502358
101325.69446750642
101325.39801677877
101324.67433058171
101323.5417521896
101322.92801702066
101323.02365525675
101322.23523389906
101322.99255484558
101323.2569144568
101324.12649606602
101325.08618865817
101325.92056262256
101326.77112838569
101326.91518249644
101327.15943834321
101327.10853906306
101326.87082455258
101325.96472148517
101325.2403474069
101324.16661348312
101323.29120200449
101322.41237558961
101322.17707928963
101323.33552140029
101323.38909045375
101324.32544982922
101324.33118446189
101325.53686736779
101325.23032334619
101325.77553794938
101325.31860852722
101325.77658051718
101325.51684725602
101325.31339445492
101324.41512479074
101324.04293974936
101323.31959750602
101323.06081717675
101322.08501190806
101322.88862210324
101323.39321594422
101324.53239113209
101325.36623985534
101326.40835406445
101326.90955992925
101327.15932132139
101327.43578840706
101327.33832498171
101327.08781579848
101326.28699508315
101326.06124343481
101324.90628493209
101324.36381906012
101323.25220300672
101322.06036398819
101324.19088823316
101324.62729035105
101325.5492953111
101325.58343880481
101326.79388137252
101326.06772781379
101326.4809337046
101325.94462015019
101326.54775233493
101326.4520504415
101326.5319590134
101325.56804789406
101325.28404249731
101324.35475173089
101323.50523614018
101322.82515112436
101323.9625349374
101324.2884442498
101325.38509702552
101325.85830577304
101326.55557560603
101327.17704288295
101327.38908357875
101327.11571473803
101327.09825847168
101327.06701959914
101326.25800573215
101326.08917034118
101324.85140603295
101324.74895138456
101324.26655827943
101323.00312283075
101325.07335074866
101325.47588229852
101325.9428283968
101325.9145484529
101327.18578929706
101326.5970812966
101327.25584018853
101326.6398996441
101327.29199617483
101326.85936315288
101326.89348866207
101325.92731652854
101325.59949891728
101325.23646653493
101323.77163134846
101323.92290682852
101324.57483965144
101324.44190092955
101325.49454162603
101326.02385668125
101326.60344301158
101326.98085847845
101327.09731900424
101328.24312626194
101328.11082583807
101328.0916507005
101327.16807154473
101327.15988204312
101325.47681378937
101325.86848218397
101324.94052238083
101323.80782885084
101326.04523374727
101326.46538312637
101326.76023172164
101326.53772767328
101327.85854637147
101327.14233619148
101327.7793981565
101327.13148215129
101327.83359754915
101327.34717956148
101327.48732771087
101326.55550034632
101326.53916437543
101326.38824528937
101324.83968783975
101324.28078242812
101325.49453476942
101325.62283169867
101326.41721741416
101327.00143667552
101327.52586233155
101328.06519761994
101328.21861071352
101327.36370436435
101327.37991316723
101327.43822153978
101326.56874687871
101326.5318290726
101324.76378081151
101325.35596159674
101324.58888644545
101323.62542975217
101326.65446621834
101326.8657515579
101327.25570653574
101326.77079735075
101328.19429971909
101327.36337527682
101328.0182960386
101327.29814953059
101328.05940222515
101327.51134708742
101327.7195199113
101326.83653991678
101326.90061961439
101326.8642170361
101325.07220856368
101324.04553346019
101325.25855090513
101325.27259490684
101325.70078527673
101326.61030736608
101326.97362566182
101327.42948552579
101327.51567246254
101327.82607329203
101327.70210027785
101327.78225631444
101326.86392413461
101326.87259249328
101324.92550422487
101325.61201995838
101324.60162504934
101323.59750863272
101326.738777586
101327.0618415255
101327.3880326456
101326.82969161506
101328.22971274905
101327.36272574274
101327.93734442253
101327.24555870293
101327.99282469177
101327.51917313672
101327.67455035752
101326.89934962303
101326.82213103271
101326.94374222361
101325.0366356857
101324.20062437441
101325.47646092693
101325.53840268793
101325.8887619728
101326.9830251801
101327.32130836879
101327.83924008868
101327.85773600893
101327.28990188788
101327.26024936503
101327.35451083051
101326.44972644435
101326.47169301673
101324.61697451338
101325.39124481709
101324.46715159176
101323.49202362445
101326.67868156845
101327.0608582407
101327.44327860008
101326.83092651123
101328.24409329511
101327.23326666615
101327.92684527155
101327.13548487672
101327.96739768345
101327.41538887408
101327.64734855358
101326.88844366484
101326.85908617693
101326.97236013258
101325.04606899133
101324.11779238569
101325.3283189487
101325.31823937243
101325.60662300831
101326.61944385023
101326.92214035674
101327.40771297835
101327.40550769563
101327.81506036289
101327.69694040011
101327.76605191702
101326.84393990747
101326.87899976966
101325.01834026183
101325.62120026267
101324.82772155719
101323.93624336726
101326.89249887646
101327.07674900204
101327.38966717705
101326.79837712721
101328.09859109917
101327.22056116512
101327.75248889699
101327.07806885746
101327.78574440994
101327.37711072025
101327.53175230589
101326.80644851326
101326.8692482309
101326.93614052163
101325.11183878218
101324.3367220166
101325.58892457798
101325.66001712457
101326.04667994122
101327.04370426675
101327.36857111145
101327.80878184336
101327.86357533582
101327.68300585364
101327.59703805503
101327.66569300821
101326.87106647047
101326.9634095277
101325.3285531149
101325.91934045334
101325.03208472639
101324.04566059183
101326.46338066579
101326.82133893855
101327.11747794751
101326.75760576941
101328.05595306947
101327.21671355225
101327.81473261409
101327.12382670844
101327.83884029198
101327.42787061409
101327.59741036364
101326.78541911439
101326.82395543923
101326.67432863309
101325.23851303734
101324.43411724163
101325.72432557089
101325.76691475589
101326.36952053753
101326.98485896664
101327.24864794358
101327.66902319298
101327.74833380063
101327.37813692067
101327.28007083067
101327.35201651785
101326.50299018167
101326.53934368191
101325.21159704578
101325.35909620819
101324.75025651688
101323.45158671183
101325.45047578885
101325.85537043971
101326.18504789338
101325.96684096727
101327.13244641818
101326.38601531104
101326.91571836083
101326.28693892626
101326.92150371903
101326.5952682358
101326.64745337205
101326.01798082839
101325.7420613376
101325.64122859221
101324.33453769774
101324.54360396661
101325.14824111036
101325.27864783211
101326.1915698349
101326.62557438207
101326.97446595071
101327.38691040187
101327.38989814815
101326.94090481827
101326.8387294813
101326.7618271036
101326.16469078863
101326.00650622627
101324.86640812337
101324.73645978302
101323.7641726545
101322.55744810123
101324.77413700236
101325.15518585251
101326.00894764904
101325.91390267258
101327.06924975474
101326.35676087301
101326.87622484643
101326.23638169092
101326.88740074393
101326.67470680474
101326.63950462044
101325.81548840117
101325.54532086692
101324.80349283949
101323.77587200276
101323.48011524809
101324.53330848005
101324.58771997286
101325.53674924087
101325.95148516793
101326.43235456434
101326.84421252643
101326.92158067194
101326.8028279134
101326.76823685379
101326.70764415305
101325.77088892327
101325.3842462264
101324.46750202018
101323.64896922851
101322.75446003783
101322.33138409728
101323.68378107142
101323.92155532284
101324.79829326838
101324.54084779116
101325.39607545837
101324.81200868219
101325.1236254118
101324.62437245614
101325.12101586946
101325.07874211879
101325.18018437945
101324.51931186934
101324.3992463107
101323.65295478905
101323.22716579586
101322.35891797024
101323.3903869941
101323.91630235899
101324.99288848901
101325.45873165705
101326.24791152315
101326.83323072738
101326.7719332632
101326.82174155008
101326.82650187463
101326.5712466624
101325.67144098811
101324.89517610501
101323.76218249262
101323.30371130476
101322.72221993782
101322.53302502629
101323.50181524466
101323.19214118989
101324.25175397232
101324.93383850995
101325.93387332585
101325.35043769807
101325.7641848908
101325.33323325768
101325.69243644959
101325.8485218631
101325.41539834152
101324.78367867864
101323.64569714491
101323.16949424861
101323.19698710155
101322.30052664636
101322.94304469271
101323.27620379269
101324.2609745626
101325.10545613793
101326.06863158249
101326.76844721299
101326.87196901467
101324.41434660812
101324.4491685087
101324.86326371746
101324.09938725279
101323.24705238125
101322.98900115752
101322.99058021599
101322.50362870343
101322.22761179716
101322.65841522391
101322.32401378227
101322.97743403852
101323.97404382376
101324.54737115333
101324.21150212325
101324.38525069349
101324.09241711549
101324.46472242495
101324.54735579675
101324.49611186591
101323.56580335209
101322.59629055936
101322.54071681427
101322.49268854695
101322.11798095304
101322.82573028535
101322.85037897843
101322.99227749986
101323.36572031314
101324.42421764645
101324.60427484618
101324.49244527437
101324.02974767581
101324.3417978971
101324.30680656929
101324.42354813729
101323.44641794547
101322.49279546404
101322.27147751002
101322.28998970709
101321.99629870194
101322.4925862068
101322.36327541384
101322.17494652657
101322.96872666619
101324.09082258538
101323.88059634605
101323.9345849925
101323.69594292353
101323.98073014208
101324.25149185015
101323.46404566689
101322.4889804773
101322.42549538349
101322.58109443112
101322.36380168323
101322.06319489464
101322.36561159663
101322.12707633324
101322.70261028464
101323.79252746269
101324.39099819421
101324.0008177807
101324.35021211347
101325.10222306018
101325.57615198653
101325.69300095385
101325.39548430147
101324.6713437196
101323.53967923101
101322.92704311012
101323.02372243415
101322.23768427255
101322.99476441849
101323.25685863566
101324.12857486693
101325.08734279926
101325.92132180194
101326.77123236294
101326.91435603227
101326.80876706561
101326.93818982522
101326.64726023901
101325.53862061549
101324.98580084273
101323.73452454942
101323.40905781995
101322.72111664408
101322.42217618287
101323.18596524742
101322.91538958
101324.0063368228
101324.68510462165
101325.73881255784
101325.31511316038
101325.49611102497
101325.31694471092
101325.77541467977
101325.5149597392
101325.31079381745
101324.41297012191
101324.04125125887
101323.3184768105
101323.06107206458
101322.08480711631
101322.89269211682
101323.39562170816
101324.53329323727
101325.36769849168
101326.4090992735
101326.91081881089
101327.16109521879
101327.16035893266
101327.10872751383
101326.86932263838
101325.96471703253
101325.239624394
101324.16719540225
101323.29269662763
101322.41346352745
101322.17772781895
101323.33576003762
101323.38845267423
101324.32440341313
101324.33020688756
101325.53535612224
101325.22822442348
101325.77448479724
101325.94345944407
101326.54674624171
101326.45005261626
101326.52983245216
101325.5658321995
101325.28258381139
101324.35293413358
101323.50439818038
101322.82776527663
101323.96537253335
101324.29142448143
101325.386607081
101325.86043721123
101326.55583225917
101327.17613868491
101327.38819009921
101327.4343827173
101327.33720172627
101327.08687350042
101326.28547652249
101326.06114871553
101324.90681023951
101324.36529654312
101323.25391880356
101322.06159464773
101324.19057550072
101324.62585025442
101325.54796106335
101325.58247491016
101326.792616786
101326.06597793062
101326.48008253472
101326.63944110669
101327.29150032907
101326.85840505702
101326.89231123937
101325.925739561
101325.59865814816
101325.2356193858
101323.77115002344
101323.92385897864
101324.57809759129
101324.44474342068
101325.494997007
101326.02374581687
101326.60434667698
101326.98247382892
101327.09722888457
101327.11728023669
101327.09775777566
101327.06669533112
101326.25702266465
101326.08900496914
101324.85142798306
101324.75004504388
101324.26847622034
101323.00365069907
101325.07285457083
101325.47435687001
101325.94146591501
101325.91375613443
101327.18525719411
101326.59663007455
101327.25590945411
101327.13097714809
101327.8332453336
101327.34729729647
101327.48710110222
101326.55514328511
101326.53858624359
101326.38784596775
101324.83988631202
101324.28096790044
101325.49630501855
101325.62642337235
101326.41506013056
101327.00095907995
101327.52547997861
101328.06517004766
101328.2182257908
101328.24374559561
101328.10976366854
101328.09065889318
101327.16639572056
101327.15933683951
101325.47686965983
101325.86794590272
101324.94054226058
101323.80748165572
101326.04395124062
101326.46332421082
101326.75897168045
101326.53720869488
101327.85802448214
101327.14196820714
101327.77962356251
101327.29768855682
101328.05884681747
101327.51138134766
101327.71913443325
101326.83697824438
101326.90148872908
101326.86497062125
101325.07276850975
101324.04624109583
101325.25805007365
101325.27235680254
101325.69851136688
101326.60661932446
101326.97103286584
101327.42797720587
101327.5145733098
101327.36241086651
101327.37767849068
101327.43650785662
101326.56655268822
101326.530815074
101324.76282941377
101325.35455308987
101324.58773789121
101323.62487597333
101326.65317374296
101326.86384872784
101327.25480229114
101326.77034504224
101328.19389544158
101327.36348000844
101328.0188078214
101327.24526020754
101327.99227362106
101327.51905857558
101327.67397202218
101326.900563926
101326.82358821183
101326.94540479688
101325.03866925547
101324.20227236599
101325.47789281818
101325.539234984
101325.88762916514
101326.98082704496
101327.31908234785
101327.8405000771
101327.85744392594
101327.82527838254
101327.70079819171
101327.7810085402
101326.86209600374
101326.87141113084
101324.92413818261
101325.60954093281
101324.59964417733
101323.59638567046
101326.73722587342
101327.05993762752
101327.38782325028
101326.82982226487
101328.22979961694
101327.36316722077
101327.93760429496
101327.42142430643
101327.36122745827
101327.46071715678
101326.50569157422
101326.43783740886
101324.78012490582
101325.51914885422
101324.61779328114
101323.60964810741
101326.43095221052
101326.95013989613
101327.29584496445
101326.84217403317
101328.23535793382
101327.35244518713
101328.00785059102
101327.27606621376
101328.06105138664
101327.47415832139
101327.74380895021
101326.77363421823
101327.03150921213
101326.3642337378
101324.59528651196
101324.40093810915
101325.43839576587
101325.43842385183
101325.8327903226
101326.55065985268
101327.00189692654
101327.49796630291
101327.50538245478
101327.88486452143
101327.75204879875
101327.80409586756
101326.82887693861
101326.80218033423
101325.12346060587
101325.71470302923
101324.94830302757
101324.05483109449
101326.68602560577
101326.96700532157
101327.26423469638
101326.85260344375
101328.14613006216
101327.39778507745
101327.88002926402
101327.23660249558
101327.90047555293
101327.44366561525
101327.63753692088
101326.75573746549
101327.02084712156
101326.39340986196
101324.65714202185
101324.55292520895
101325.69933380259
101325.65888583899
101326.21056508293
101326.90994687469
101327.38297696263
101327.87816313704
101327.91621569778
101327.7302355001
101327.63444245458
101327.69319929492
101326.86212814381
101326.91023031097
101325.40901513725
101326.08488672864
101325.12621435839
101324.09686472415
101326.39365905992
101326.63031653567
101327.00117605565
101326.79200993948
101328.08491012795
101327.34469426607
101327.91849681959
101327.28890267145
101327.93373543656
101327.49778657363
101327.67140604212
101326.76806209222
101326.8734958335
101326.25781003269
101325.14159483559
101324.69522315191
101325.81671482322
101325.87903152729
101326.52070988371
101326.89276340723
101327.26297654801
101327.68980349027
101327.78027823662
101327.43828233102
101327.35259289164
101327.37609648173
101326.50060569847
101326.41968564889
101325.28437791087
101325.63664570039
101324.84929425515
101323.72449662159
101325.14884808431
101325.71446779929
101326.16343226514
101325.99678633978
101327.14046187054
101326.44185672476
101326.94740128118
101326.34833758108
101326.92371588966
101326.61899828204
101326.6753647499
101325.94457282319
101325.75032632265
101325.25926992929
101324.37644720855
101324.63801119594
101325.39392295229
101325.39588833391
101326.21893995345
101326.49283107696
101326.97376304361
101327.41608947687
101327.48658681722
101326.79544834435
101326.77263192688
101326.72615574779
101326.06972579286
101325.92094257311
101325.11002242868
101324.7278640263
101323.65942704769
101322.74283247427
101324.44359661857
101324.75185780739
101325.92419742297
101325.88274756983
101327.06597578872
101326.36897591376
101326.8760647778
101326.26921227796
101326.8769489924
101326.66466742598
101326.59233994297
101325.78909447644
101325.28321294257
101324.55632242905
101323.60203637907
101323.37571591794
101324.42402619927
101324.88467152682
101325.58175067176
101325.88169453472
101326.41159006105
101326.75296791102
101326.83134299339
101326.94604127965
101326.90984834752
101326.72614951633
101325.70956802048
101325.12917939873
101324.23120817335
101323.5666892478
101322.67110240564
101322.25515839653
101323.60965556637
101323.71764364124
101324.91125078409
101324.67755336146
101325.45491298447
101324.9225817946
101325.24556588798
101324.79080187515
101325.23335717019
101325.18290915132
101325.25135516754
101324.8017209612
101324.2095650869
101323.34492100713
101323.31848993436
101322.23301614381
101323.28758919428
101323.6771460684
101324.67429957738
101325.34219785676
101326.27153487009
101326.92789396892
101326.93125975445
101326.14342950376
101326.37153931378
101326.25620988452
101325.3330894617
101324.7572184859
101323.5482253052
101323.35379158793
101322.77697911848
101322.40688912007
101323.49368018072
101323.03597130772
101324.09199760636
101325.21739627603
101326.11005518069
101325.49777515282
101325.81758584655
101325.40832775505
101325.753421086
101325.94143101427
101325.62120829275
101324.81053896574
101323.56294374685
101323.15223019345
101323.07318645947
101322.27400648291
101323.04870650149
101323.28343617174
101323.93604077015
101324.91962525142
101325.76671888752
101326.38464866225
101326.29917077767
101324.02703139055
101324.20799620866
101324.74726672014
101324.14205452535
101323.1481700385
101323.13222227004
101322.90090637752
101322.45178696528
101322.13951256682
101322.66875554815
101322.26459522227
101322.85237573707
101323.89479392688
101324.81691471036
101324.33865561045
101324.52467911612
101324.23311040225
101324.5956711107
101324.62428984378
101324.57509997571
101323.45100565998
101322.53616058489
101322.56885160563
101322.41895434399
101322.03017898943
101322.66473003828
101322.83739049631
101323.02500880393
101323.47273177761
101324.50408513089
101324.23892256433
101324.22951786176
101324.2755016712
101324.49069224382
101324.49061725897
101324.49490128741
101323.37300227302
101322.38160155929
101322.30278570455
101322.19770969698
101321.99623928912
101322.32879228295
101322.21193134194
101322.25083234
101323.17820844505
101324.27568742637
101323.91597190671
101324.00733755177
101323.70254920052
101324.05606953699
101324.23775399628
101323.64864096759
101322.68622341468
101322.38674663447
101322.43345242689
101322.26384711933
101322.00422769817
101322.41979873835
101322.11990432214
101322.57474241713
101323.74072613521
101324.47549539208
101324.23431116894
101324.52938583134
101325.26945245269
101325.68457881335
101325.87316785462
101325.58835190993
101324.66638384708
101323.47090517341
101323.01079173572
101322.8846512286
101322.26566282273
101323.08720121521
101323.18227426181
101323.80842498066
101324.59862886909
101325.95395939171
101326.60975537333
101326.44715169645
101326.41521081269
101326.62686576456
101326.4758017479
101325.3303590916
101324.61729908377
101323.57921426746
101323.42166940874
101322.77643821394
101322.32443707403
101323.27811202899
101322.84629350247
101323.8621505601
101324.99601580398
101325.9106727217
101325.50368022443
101325.61310394228
101325.42942931435
101325.83210618832
101325.69074389583
101325.42571506715
101324.72550941157
101323.79759362308
101323.18349582718
101323.06030852096
101322.0293834195
101322.79416018575
101323.24822691087
101324.1689331676
101325.11873583683
101326.25685405501
101326.81603991042
101327.15507148407
101327.15086432479
101327.10393055041
101326.73125212701
101325.76208083218
101324.93977288948
101323.81484693466
101323.14213995734
101322.35719641784
101322.02098477015
101323.29718458859
101323.22499587033
101324.36332818291
101324.57346877297
101325.63037376141
101325.37789421715
101325.79047946099
101326.19561090693
101326.72548093557
101326.58409805174
101326.53909892353
101325.56603901404
101324.95588506732
101324.03720103359
101323.29600688445
101322.67563119061
101323.8676691985
101324.43292096768
101325.37929919883
101325.81768829576
101326.55173717656
101327.08895781871
101327.26118287204
101327.29485925756
101327.21554341236
101326.98610467205
101326.24551058435
101325.97821710326
101325.12887730436
101324.21135359489
101323.24122277665
101322.29336909932
101323.98903437908
101324.17047253659
101325.45475885473
101325.5408173671
101326.78545833941
101326.23617859359
101326.67124589559
101326.55346264294
101327.17134737629
101326.79876690604
101326.83876279947
101325.85981120999
101325.54584099303
101324.90665786737
101323.79625624625
101323.93596074588
101324.87136912296
101324.68252995628
101325.55478321094
101325.98057526513
101326.6558481864
101327.04062263155
101327.20883445872
101327.18694680379
101327.16944259203
101327.09920688428
101326.26976193262
101326.03760808505
101324.92566391444
101325.13513065974
101324.34941516524
101323.17788839228
101324.56286119732
101325.22844277135
101325.83337386642
101325.8432818861
101327.05904289217
101326.52163268546
101327.11529060436
101327.19567044859
101327.86676723434
101327.38092348432
101327.51378285611
101326.50358915457
101326.57563615347
101325.89947307891
101324.79068379037
101324.48649623716
101325.58906671756
101325.74215628052
101326.53089078054
101326.97803311254
101327.63258680997
101328.13122473881
101328.28329712323
101328.28163566763
101328.16254156452
101328.12793928989
101327.19722373906
101327.10972265166
101325.55689894439
101325.94126250134
101325.06095287352
101323.89181090138
101326.00249997927
101326.27171634327
101326.66724219722
101326.52676788342
101327.83472306089
101327.18301088738
101327.80485088882
101327.42225927536
101328.12631561238
101327.55490066225
101327.78418674148
101326.75332155632
101327.01084163974
101326.34767711798
101324.63675659249
101324.31224392392
101325.36467263142
101325.36806821692
101325.87744771955
101326.54241677464
101327.08348995804
101327.57159999374
101327.63486496462
101327.570396807
101327.49596176625
101327.55722389604
101326.61082817733
101326.47398261717
101324.88050516869
101325.48111615735
101324.68589126742
101323.78136289824
101326.57871527407
101326.71540622975
101327.13768179814
101326.76976470229
101328.17223296253
101327.43899332816
101328.06577723194
101327.37538315887
101328.0954262883
101327.57738757205
101327.77963060788
101326.8125686686
101327.01435974246
101326.37677551778
101324.60383665231
101324.47239133129
101325.58810639198
101325.63861569899
101326.10078734149
101326.90398035628
101327.4091620769
101327.92619103541
101327.95593980867
101327.91441938425
101327.796188195
101327.85450707153
101326.89281200847
101326.83617804103
101325.07361529706
101325.71193533984
101324.75314783833
101323.69787169376
101326.42978198605
101326.95071358852
101327.24969410435
101326.87225322411
101328.23416099812
101327.47352278885
101328.03548172247
101327.2771287035
101328.06314549927
101327.47555553056
101327.74619550163
101326.7751465805
101327.03315803074
101326.36617002491
101324.59705910216
101324.40261038658
101325.44036799377
101325.44081594264
101325.83221636046
101326.55133664291
101327.00211254045
101327.49784508721
101327.50545478103
101327.4211114753
101327.36259868623
101327.46129177148
101326.50597010995
101326.43771431968
101324.77730891181
101325.51657688119
101324.61545074161
101323.60769269227
101326.42980489186
101326.94941194437
101327.29559333868
101326.84331561235
101328.23745383149
101327.35312231685
101328.00835011978
101327.23769430185
101327.90224996573
101327.44437297752
101327.63905582479
101326.75667851392
101327.02253179721
101326.39446356507
101324.65811362248
101324.55361839751
101325.69973234758
101325.66169465559
101326.2109098122
101326.91105418594
101327.38356959372
101327.8778492929
101327.91623431144
101327.88474474158
101327.75309814492
101327.80457320879
101326.82923207989
101326.80228302005
101325.12161123808
101325.71260781521
101324.94589763356
101324.05266396723
101326.68471545434
101326.9657349865
101327.26355142976
101326.852845488
101328.14714792254
101327.39893959826
101327.8809142915
101327.28964109105
101327.93459066565
101327.49816672705
101327.67256003642
101326.76927841855
101326.87529643285
101326.25875141572
101325.14157936978
101324.69506111971
101325.81732770595
101325.88174243983
101326.52025194568
101326.89354308308
101327.26278532144
101327.68905145593
101327.77969884036
101327.72918464865
101327.63511418465
101327.69451483847
101326.8591626999
101326.90883233803
101325.40669546086
101326.0825952775
101325.12441436978
101324.09514325982
101326.39256741626
101326.62945601701
101327.00117649628
101326.79307036332
101328.0868018966
101327.34620592091
101327.9191449499
101326.34853384513
101326.92347798598
101326.61897602861
101326.67504877927
101325.94498704877
101325.75108186869
101325.25979068263
101324.3767579425
101324.63871534354
101325.39557761609
101325.39681366016
101326.21776251317
101326.49113386172
101326.9720420996
101327.41332685188
101327.48456025761
101327.43692231842
101327.35209292499
101327.37608644673
101326.49847468999
101326.4178388354
101325.28136298634
101325.63437092243
101324.8483316841
101323.72400383408
101325.14860059779
101325.71438146106
101326.16306599665
101325.99669188946
101327.14087734737
101326.44248426538
101326.94671258524
101326.27062658817
101326.87687530191
101326.66526890462
101326.59128602203
101325.78924162254
101325.28320629772
101324.55665356011
101323.60199887143
101323.3763315423
101324.42498266186
101324.88449766555
101325.58128187727
101325.88062022944
101326.41094239859
101326.75091354173
101326.83013634273
101326.79338595936
101326.77043382908
101326.72374955655
101326.06628010535
101325.91791714955
101325.10673173759
101324.72608143245
101323.65917009291
101322.74316210079
101324.44455425441
101324.75236214879
101325.9245270816
101325.88201625111
101327.06615195217
101326.36836056675
101326.87363693556
101324.79211430694
101325.23321143656
101325.18227459972
101325.25113800532
101324.80138058218
101324.20860573411
101323.34725268223
101323.32050099305
101322.23502731042
101323.28922774436
101323.67821635728
101324.67486696121
101325.34195764488
101326.27093775776
101326.92608708671
101326.92884258431
101326.94357600398
101326.90743920823
101326.72519923569
101325.70777995599
101325.12745781372
101324.22915056859
101323.56491896686
101322.6707656817
101322.25566185573
101323.61128677665
101323.7192566844
101324.91330536417
101324.67835525665
101325.45551574309
101324.92182726125
101325.24671220525
101325.40849735336
101325.75395707044
101325.94114538978
101325.62152485612
101324.81065921608
101323.56255029746
101323.15366836535
101323.0742617185
101322.27584589916
101323.05034228515
101323.28474655017
101323.93685020086
101324.91991472895
101325.7663726687
101326.38438016124
101326.29914291983
101326.14128375264
101326.3689153436
101326.25473526734
101325.33148848712
101324.75547880951
101323.5460991226
101323.35172552547
101322.77568033688
101322.40638660477
101323.4945677175
101323.03748861329
101324.09428054227
101325.2198126781
101326.11194729072
101325.49901304679
101325.81916390537
101324.23363951853
101324.59598475676
101324.62469226342
101324.57526445859
101323.45082681507
101322.53553848261
101322.56975461423
101322.41996625438
101322.03158325476
101322.66597516954
101322.83774761224
101323.02518659613
101323.47262381714
101324.50413065507
101324.24009698603
101324.23236413815
101324.02765459821
101324.2077441203
101324.74731912011
101324.14129688997
101323.14876825357
101323.13019453993
101322.89815422692
101322.44935717675
101322.1382139489
101322.66943405673
101322.26594615358
101322.85428567808
101323.89723625488
101324.81854440502
101324.33921848143
101324.52521383122
101323.70288037634
101324.05581508004
101324.23754528294
101323.6473810669
101322.6845884372
101322.38622077229
101322.43368289706
101322.26477482618
101322.00572122015
101322.42140684943
101322.12079003641
101322.57576968722
101323.74135189458
101324.47604016885
101324.23472998285
101324.53051649712
101324.28368978256
101324.4945555524
101324.4917700263
101324.4944793531
101323.37185698503
101322.37984739419
101322.30040869824
101322.19563473937
101321.99479481275
101322.3292568414
101322.21319441745
101322.25336643303
101323.17965816523
101324.27674892358
101323.91768100523
101324.0071421055
101326.4151264739
101326.62666347662
101326.47489809786
101325.32885920585
101324.61571200364
101323.57755233029
101323.42067948055
101322.77669060974
101322.32573789539
101323.27979584616
101322.84554014102
101323.86405897303
101324.9971059782
101325.91246643025
101325.50460465114
101325.61134565058
101325.26470588725
101325.68223132363
101325.87282466452
101325.58804577254
101324.66679349773
101323.47051421861
101323.01008820022
101322.88433182635
101322.26519960161
101323.08773896116
101323.18357768242
101323.81017320471
101324.59969483282
101325.95440114049
101326.60928067737
101326.44792323645
101327.14935770657
101327.10227575187
101326.72949542684
101325.76002638202
101324.9380644878
101323.81328007992
101323.14151936599
101322.3582940632
101322.02140785947
101323.30051540559
101323.22581402901
101324.36675965902
101324.574647225
101325.6314860175
101325.3789954751
101325.79360870186
101325.43086949753
101325.83226653576
101325.69046938981
101325.4247424388
101324.7265875843
101323.79752949665
101323.18431606909
101323.06122357448
101322.02997626689
101322.79498236951
101323.24825999769
101324.16986844949
101325.11848219599
101326.25661641473
101326.81546767298
101327.15375533636
101327.29356386481
101327.21304399124
101326.9834910472
101326.24286247503
101325.97589063314
101325.12714456707
101324.21091060189
101323.24239705426
101322.2956435347
101323.99171137022
101324.17419315707
101325.45502037453
101325.54287592678
101326.78512735844
101326.23429489236
101326.67079047007
101326.19305116833
101326.72317989593
101326.58329716833
101326.53801119349
101325.56641048026
101324.95633957008
101324.03759867487
101323.29706206363
101322.67628633992
101323.867900357
101324.43224968083
101325.37908669784
101325.81639530334
101326.55046910318
101327.08745695875
101327.25944649562
101327.18517727681
101327.16624273776
101327.09679932156
101326.26749261026
101326.03578706796
101324.92427806547
101325.13517709311
101324.35064250571
101323.18035922849
101324.56508015475
101325.23173344333
101325.83383258819
101325.84329157796
101327.05785219127
101326.52065513178
101327.11184153559
101326.55340967301
101327.17042358096
101326.79847790849
101326.83760765812
101325.86022809401
101325.54629178092
101324.90753538304
101323.79717610276
101323.93644295952
101324.87063190647
101324.68116338794
101325.55402557345
101325.97943462126
101326.6550589219
101327.03979716994
101327.20793465343
101328.28055967625
101328.16097143128
101328.12692918401
101327.19592898854
101327.10854654264
101325.55574801809
101325.94135635794
101325.06234634927
101323.89508689952
101326.00293682668
101326.2721193578
101326.66980582214
101326.52576306144
101327.83330590092
101327.18185021108
101327.80269919943
101327.19563186636
101327.86550215492
101327.38000793845
101327.51222969932
101326.50326476782
101326.57590520155
101325.89964207288
101324.79115547898
101324.48631977258
101325.58743281206
101325.74032104593
101326.53031422998
101326.97679136741
101327.63306233691
101328.13104777934
101328.28192372619
101327.56926714025
101327.4941792553
101327.55677802533
101326.61016556545
101326.47363271916
101324.88087903717
101325.48213882554
101324.68714387406
101323.78294529089
101326.57954299428
101326.71585612954
101327.13835048045
101326.76812900206
101328.16942452879
101327.43747305719
101328.06619989351
101327.42127759266
101328.12434096672
101327.55327458997
101327.78186105052
101326.75198640848
101327.01034391552
101326.3468470458
101324.63612825325
101324.3120100166
101325.36331329538
101325.36596325824
101325.87706215684
101326.54011353328
101327.08462367293
101327.57140111183
101327.63332345121
101327.91404143703
101327.79462456951
101327.85392242827
101326.89170493114
101326.83631225741
101325.07513229606
101325.71375454571
101324.75513169808
101323.6998654037
101326.43130360843
101326.95176198878
101327.25016112029
101326.87062220504
101328.23160592884
101327.47258221671
101328.03520449685
101327.37428562995
101328.09312024989
101327.57569323831
101327.77695597973
101326.81052473991
101327.01385802214
101326.37498321148
101324.60169848794
101324.47164626137
101325.58608807702
101325.63521738994
101326.1003896576
101326.90256577745
101327.40812025056
101327.92565075643
101327.95531337385
101329.12611998107
101328.06427517721
101328.46608563566
101326.0306462361
101326.77055283335
101322.65423831328
101324.99287869669
101321.1649076605
101324.82432683087
101329.84346509438
101327.10928705223
101329.66891088946
101327.40778317988
101330.36167751874
101328.60708199991
101330.02462777108
101328.78085492423
101330.18678457347
101328.93680897357
101329.50606890746
101327.95772029212
101328.92374091077
101328.3094784078
101327.34946702255
101322.67854764385
101322.77149401406
101324.90589241395
101324.15660034529
101327.10546348775
101326.86147526934
101328.70940322991
101328.48129658075
101329.99147759838
101328.88811801118
101329.3017906234
101326.82895125778
101327.48870691318
101323.45775976064
101325.48203943235
101321.7466157445
101324.97911117644
101329.53881232206
101326.60890737051
101329.00870159516
101326.73636868372
101329.50935262757
101327.73910320704
101329.00404476294
101327.83356742743
101329.16786167433
101328.06418725963
101328.73219822896
101327.24228005618
101328.47271674853
101327.88409377633
101327.1301841122
101322.88430763622
101323.33922524026
101325.49566981677
101325.01134873036
101327.94595424744
101327.79078365034
101329.61623138182
101329.31899077873
101329.44080986151
101328.44556088865
101328.87046703053
101326.67933666406
101327.26356554207
101323.43787884941
101325.30808981872
101321.78532298034
101324.81428629522
101328.97871652637
101326.67174895716
101329.00293769552
101327.03018891216
101329.6810750174
101327.96629591027
101329.16296599797
101328.01877061331
101329.3477768868
101328.32818394029
101329.03688848575
101327.31601369831
101328.35126282163
101327.63410412968
101326.7485753254
101322.99489395707
101323.39924418474
101324.91065472718
101324.9912108728
101327.37108514934
101327.47884367718
101329.03534041127
101328.80603258486
101328.96805598876
101328.09507650782
101328.543004555
101326.60296041939
101327.02091755047
101323.77356195787
101324.73493697522
101321.90740022939
101323.74321350253
101327.40005108822
101325.55158016128
101327.0705022125
101325.51563325537
101327.59564464675
101326.0057824925
101326.9529481373
101325.9544392267
101327.12872562007
101326.33927061762
101327.20883671238
101325.77836929337
101326.60565432439
101326.33909303228
101325.47895855516
101322.38711030557
101323.50118932661
101324.46586829677
101325.24123409872
101327.36433757076
101327.58838053519
101328.76637291617
101328.37431824756
101328.46056709407
101327.68789613771
101327.85380400089
101326.10650214765
101326.17519331761
101323.45399761108
101323.85662513974
101321.49927697479
101322.69299303973
101326.10633759074
101324.82053067745
101326.36444371159
101325.54343250055
101327.55476706193
101326.21091356536
101327.27156480261
101326.18345585302
101327.357523395
101326.4565158967
101327.14139660682
101325.70113908697
101325.70004224594
101325.51052014243
101324.33537198626
101321.27511345853
101323.08667908942
101323.64181327548
101324.77251298277
101326.31067383944
101326.84287791311
101328.02783304099
101327.95290086918
101328.44984112283
101327.98375668831
101327.95663372683
101326.2921841627
101325.68292177362
101323.13439491433
101322.90016081442
101321.18119418863
101321.84056089896
101324.08270870462
101322.47465084519
101323.62452085783
101322.88870895386
101324.07537977425
101322.95950711292
101323.5069936658
101322.71100901793
101323.65147088375
101323.22953189097
101323.83587125126
101323.06370593893
101323.17500911716
101323.33365645874
101322.95251962802
101320.28664401791
101322.41018991364
101322.76673029049
101324.22309016784
101326.1682488175
101327.22316299066
101328.23042083239
101328.08689959648
101328.80374391335
101328.52386537472
101328.26913720302
101326.95138517403
101326.18619450547
101323.9394354168
101323.20170285326
101321.00027468504
101321.41812277652
101322.90743232689
101322.62967506101
101323.44480845684
101323.92586265414
101325.18139497095
101324.62730920798
101325.23785747026
101324.64199375644
101325.3277844541
101324.84488102418
101324.93846791139
101323.79822009515
101322.89673827027
101323.16636854682
101322.3060820074
101320.57015373184
101322.4026743743
101323.13095701163
101325.05426321916
101326.49522789367
101327.64255991011
101328.4021623287
101328.68978328207
101326.43280955352
101326.3190545064
101325.93961596336
101324.82474573834
101323.7770946738
101322.81225361917
101322.19097608715
101321.02222469085
101320.81217170837
101320.85642198261
101320.40687149497
101320.92921288252
101321.04447309204
101321.67545655182
101321.54175357561
101321.5510263919
101321.18021499159
101321.73806918587
101321.5827482475
101321.67472261029
101321.11114682346
101320.75671978091
101320.54796701539
101320.97959708472
101320.5081770347
101321.49072739363
101322.30082648221
101323.18851988453
101324.18255488409
101325.40720701191
101325.9895507459
101326.44165274239
101321.86659921233
101322.19836882582
101322.24453870814
101321.89739360931
101321.27386970472
101320.39410919664
101320.40229297243
101320.71388963683
101320.48070996066
101321.0451262495
101321.73835538275
101322.40094351638
101323.43322896308
101324.51851191871
101325.08272853204
101325.45264698952
101325.29258800697
101325.4415645868
101324.98618003559
101324.05557954076
101323.14228577011
101322.12907834385
101321.70578213379
101320.992757239
101320.58024624627
101320.7487894455
101320.12374500271
101320.60915621668
101321.52063458828
101322.07459520773
101321.90814790891
101322.17104811643
101323.32227536876
101323.93969594182
101323.79555062098
101324.19668136978
101323.56957724635
101322.73811019679
101322.7774680588
101321.80419237225
101320.53474582679
101322.12366789268
101323.27992356019
101325.24714361707
101326.64962435901
101328.301856256
101329.20663022918
101329.60568922132
101329.75505542212
101329.45898578579
101328.90699469051
101327.46576332689
101326.41208517653
101324.2687909969
101323.1246970724
101320.97600593782
101321.03214182069
101322.2925014225
101322.33361159825
101323.05303219901
101323.43421619109
101324.26544552602
101323.4660877694
101323.84110525207
101324.06878921576
101324.91606625661
101324.26631848092
101324.47976639976
101323.40554774941
101323.03263077149
101323.00436402246
101322.47797628779
101320.07969210082
101322.07234908018
101322.22574146779
101323.54619005947
101325.29390767905
101326.3042575151
101327.14774406276
101327.24820456382
101327.64513833959
101327.05941290257
101327.07059522501
101325.67792823521
101325.00644145091
101322.60416444784
101322.65964656071
101320.88313329917
101321.54199246733
101323.48483222038
101322.32407360959
101323.43271086486
101323.22848762441
101324.66831135508
101324.05682233746
101324.73755510339
101324.94919828171
101326.06467760151
101325.42447184252
101326.13245450461
101324.99231319829
101324.94272069936
101324.94553712249
101323.79686357273
101320.69653382452
101322.73130530686
101323.40327131881
101324.8990803581
101326.75326480574
101327.67654865248
101328.97407070737
101328.93406883458
101329.50307196553
101328.77191063316
101328.86696942202
101326.89434135219
101326.51461961996
101323.68116210154
101323.61938408663
101321.29979617998
101322.22133836092
101325.45663593244
101324.01396316636
101325.43354650044
101324.69854675456
101326.23977624169
101325.05543731325
101325.83992138821
101326.75457914296
101327.99657616903
101326.87826886598
101327.71596723697
101325.97157785369
101326.53405560319
101326.07967730706
101324.91862177738
101321.88040891878
101322.94065245609
101323.57479951167
101324.40965533096
101326.24367867083
101326.54132211817
101327.68911647843
101327.43561872969
101328.02644610254
101327.23127821408
101327.60321337171
101325.8087631792
101326.10373662808
101323.11716903739
101324.00742597188
101321.37575899441
101323.05866484685
101326.74262694891
101325.31425834434
101326.95370490293
101325.80215665135
101328.03520859469
101326.66111994784
101327.80752022156
101327.39140650087
101328.77640318347
101327.73475746211
101328.61868053197
101326.81356364916
101327.89102724179
101327.26579729396
101326.30486962516
101322.72940182597
101323.35932610373
101324.77128795817
101325.22869310196
101327.8739344514
101328.18456282574
101329.87712399609
101329.69682427474
101330.3631664721
101329.40012006259
101329.72892782144
101327.31690188721
101327.62905506225
101323.83380359026
101325.32816054436
101321.71662901118
101324.44862661167
101328.53199429295
101326.32191406617
101328.37338387693
101326.48771722343
101329.03049175322
101327.34229908357
101328.52885125941
101328.44285065214
101329.84982747622
101328.54724102095
101329.2400195739
101327.52275805108
101328.71986145728
101327.83671979906
101326.92732695796
101322.6393335016
101322.98671784627
101324.79507503183
101324.33696854285
101327.08374760913
101327.00152765309
101328.74915728621
101328.53665680028
101329.18082300559
101328.15680662318
101328.58044889335
101326.21697119452
101326.78698738836
101322.88316252842
101324.95930395668
101321.47162236215
101324.83923052295
101329.33828671338
101326.74694310692
101329.21306497826
101327.05619360974
101329.94998328495
101328.24107198085
101329.68234874046
101328.40632828072
101329.79234039132
101328.60251207605
101329.2030129034
101327.70576920039
101328.68230319765
101328.18959508149
101327.29874121016
101322.78010954437
101322.97084922144
101325.20862609327
101324.55575047867
101327.62094156111
101327.47125574798
101329.41551023745
101329.18342490868
101329.86230994351
101328.74136713261
101329.10395449682
101326.60925962306
101327.31843632909
101323.12890321501
101325.33400182331
101321.32503979935
101324.84458846305
101329.72708448602
101326.8677991029
101329.31874134291
101327.05718731508
101329.98201113602
101328.23878138761
101329.6075380237
101328.78218953813
101330.1893781885
101328.93782904636
101329.50891211029
101327.9603818146
101328.92393431919
101328.31075670641
101327.3509743289
101322.68080434669
101322.77390740861
101324.90679701007
101324.15420047581
101327.10557858544
101326.86161219723
101328.7084106581
101328.48165935736
101329.12563748185
101328.06747335874
101328.46709416679
101326.03072323158
101326.77015931354
101322.65328955415
101324.99156578898
101321.1624828458
101324.82238299714
101329.84237412286
101327.10866372114
101329.66861367457
101327.40858410342
101330.36347025307
101328.60839716866
101330.02620232708
101327.83497063554
101329.170028989
101328.06458975376
101328.73439434444
101327.24355227566
101328.47299327781
101327.88447710578
101327.13057594598
101322.88398519192
101323.33780472337
101325.49520796936
101325.01065320362
101327.94564959114
101327.7913681432
101329.61580387087
101329.31974813693
101329.99238755004
101328.8900254652
101329.30289767942
101326.82953819298
101327.48870304511
101323.45704333136
101325.48068587076
101321.74427688133
101324.97740942285
101329.53768855144
101326.6082654386
101329.00809991549
101326.7365381678
101329.51053875819
101327.74015505271
101329.0056474843
101328.01988916825
101329.34900347558
101328.3282936242
101329.03871230679
101327.31698124659
101328.3531855498
101327.63540102237
101326.74935903252
101322.9959136056
101323.40162128484
101324.91619506181
101324.98864393815
101327.37382002089
101327.47629582019
101329.03243958767
101328.80468311177
101329.43977590573
101328.44544477836
101328.87065125637
101326.67792783128
101327.26219490576
101323.43642998286
101325.30650750114
101321.78372574353
101324.81312049738
101328.97793802078
101326.67159135664
101329.00344021918
101327.03109239928
101329.68299710854
101327.96818538709
101329.16463043499
101325.95435762676
101327.12824093833
101326.33864389891
101327.20812594744
101325.77924772544
101326.60770056321
101326.34025530494
101325.47869864662
101322.3860939814
101323.50327731892
101324.46823157616
101325.23584717128
101327.36170742265
101327.58590284282
101328.76512441882
101328.37347654661
101328.96848582917
101328.09543543357
101328.54426009925
101326.60313797125
101327.01972320309
101323.77190390782
101324.73362464675
101321.90690380656
101323.74287926874
101327.3999638946
101325.55181955155
101327.07030532366
101325.51626136297
101327.596307792
101326.00682087187
101326.95204534262
101326.18390117309
101327.35666694833
101326.45522694997
101327.13926714158
101325.70048037064
101325.70126564274
101325.51208194099
101324.33443268188
101321.27451879419
101323.08815078018
101323.64017377638
101324.76803698509
101326.30907242358
101326.84434009509
101328.02418015197
101327.95092742806
101328.45840501008
101327.68506360146
101327.85118481654
101326.10339796808
101326.17208604603
101323.45142278423
101323.85571542374
101321.49985102726
101322.69354868071
101326.10670396805
101324.82049350473
101326.36495880062
101325.54166299182
101327.55214307376
101326.20871755335
101327.26927079605
101322.71042536641
101323.64999009043
101323.22954383622
101323.83396142685
101323.06409502577
101323.17381364884
101323.33949830759
101322.95142378626
101320.28734634595
101322.41211142522
101322.76779631703
101324.22202972524
101326.16846201973
101327.22360073586
101328.22731134263
101328.08370797444
101328.44797364897
101327.98166345588
101327.95830973444
101326.29285396296
101325.68209742663
101323.13300313641
101322.89940391344
101321.18161968471
101321.84102887266
101324.08383532791
101322.47626818458
101323.62558208339
101322.88757175763
101324.07417076651
101322.95800775898
101323.50664223134
101324.64289578429
101325.32846760163
101324.84573556835
101324.93866803471
101323.79903328167
101322.89618611921
101323.1658379096
101322.30691925946
101320.57083364323
101322.40310955145
101323.13099788838
101325.0543098075
101326.49491373004
101327.64226653814
101328.401392517
101328.6902424201
101328.80401646867
101328.52366294115
101328.26555763539
101326.94918047244
101326.18397651936
101323.93767126891
101323.20021144206
101320.99976423554
101321.41806752598
101322.90785422259
101322.62987638821
101323.44422475793
101323.92803719384
101325.18237612318
101324.62929335551
101325.23900712047
101321.18122076683
101321.73864166786
101321.58365041837
101321.67493976231
101321.1115027669
101320.75619192643
101320.54832715107
101320.97946140199
101320.50874772313
101321.49130883272
101322.30067793166
101323.18833755984
101324.18188601737
101325.40759784318
101325.9907785033
101326.44257500872
101326.43230577631
101326.31840946138
101325.93922672137
101324.82472712305
101323.77593487978
101322.81153768927
101322.18849987973
101321.02039136921
101320.81124909787
101320.85677273321
101320.40683175439
101320.9299110405
101321.04696279307
101321.6767133968
101321.54324925078
101321.55151110854
101325.29348742616
101325.44189125099
101324.98635126527
101324.05520194184
101323.14207896947
101322.12811631497
101321.70466556901
101320.99229679232
101320.58001833264
101320.74919743893
101320.12355840216
101320.6094059991
101321.5203470719
101322.07581715551
101321.90926156512
101322.17222433159
101321.86970894778
101322.19934512864
101322.2459813207
101321.89859657477
101321.27499269493
101320.39220086709
101320.39939769208
101320.7120146144
101320.47967637316
101321.04555953646
101321.73936591425
101322.40364320605
101323.43525155137
101324.52181299251
101325.08684575974
101325.44996689369
101329.75604494278
101329.45951590636
101328.90670549267
101327.46481510202
101326.41126560103
101324.26760229937
101323.12341517958
101320.97486234334
101321.03238723229
101322.29284218544
101322.33339692143
101323.05522802789
101323.43615530337
101324.26895452714
101323.46784642445
101323.84281630775
101323.3232680408
101323.9393841869
101323.7949018428
101324.19489851143
101323.56792583302
101322.73540251233
101322.77591812961
101321.80332559385
101320.53386379915
101322.12400745827
101323.28054059482
101325.2495953786
101326.65178276788
101328.3047421071
101329.20834133518
101329.60437639419
101327.64528053752
101327.05898887041
101327.06903025128
101325.67605776325
101325.00530321381
101322.60323170313
101322.6590507997
101320.883021398
101321.54295928514
101323.4865078033
101322.32515589547
101323.43599010425
101323.2294372258
101324.67042070968
101324.05890788694
101324.73936172415
101324.07039361048
101324.91633460118
101324.26614928163
101324.47824059191
101323.40663681975
101323.03013501281
101323.00301916922
101322.4771703033
101320.07918793766
101322.07278862546
101322.22598229625
101323.54725605737
101325.29293188533
101326.30179456741
101327.14355567114
101327.25511638218
101329.5004628802
101328.76975301249
101328.86449423066
101326.89194867908
101326.51302044286
101323.680086939
101323.61966841671
101321.30055579444
101322.22276205035
101325.45815816817
101324.01691685572
101325.43717756678
101324.69887797824
101326.24087112097
101325.05727206157
101325.84122890508
101324.94874694878
101326.06282137232
101325.42340271379
101326.13009451356
101324.99270778586
101324.94344801761
101324.9441663536
101323.79517784822
101320.69536864982
101322.73069780527
101323.40328426906
101324.9006134337
101326.75104861776
101327.67616004158
101328.9723964463
101328.9321321403
101328.02464444815
101327.22892606663
101327.60057324648
101325.80671560005
101326.10222953482
101323.11576527091
101324.00838489612
101321.37696340677
101323.06030380313
101326.74428497098
101325.31579088165
101326.95585849242
101325.8016001927
101328.03395244233
101326.65890897351
101327.8059985805
101326.75298545827
101327.99566632247
101326.87892237784
101327.71518516514
101325.9736266369
101326.53529533339
101326.07985950165
101324.919023594
101321.88032013652
101322.93913980611
101323.57336236343
101324.41223935432
101326.24151164964
101326.53942639768
101327.68726201252
101327.43421706004
101330.36240048849
101329.39936762935
101329.72785034045
101327.31577675379
101327.62862108181
101323.83261987663
101325.32938235583
101321.71822152959
101324.45032653
101328.53368546156
101326.32463759734
101328.37577496146
101326.48804606801
101329.0302840347
101327.34170919206
101328.52859954197
101327.39106023162
101328.77510765486
101327.73414334207
101328.61716972571
101326.81365169029
101327.89221816852
101327.26527521045
101326.30483086452
101322.72931804637
101323.3572461508
101324.76852885514
101325.22962414188
101327.87299191758
101328.1840299865
101329.87662963444
101329.69474591542
101329.18078437985
101328.1528958502
101328.57918780349
101326.21636558551
101326.78704978488
101322.8834165037
101324.96014477799
101321.47324369386
101324.84080135546
101329.33966676542
101326.74847129128
101329.21436903093
101327.05574384509
101329.94822517692
101328.2396612592
101329.68098159423
101328.44151816407
101329.84744375115
101328.54574380617
101329.23738456648
101327.52073343332
101328.72038417331
101327.8364058626
101326.926743081
101322.63899029206
101322.98493301903
101324.79424475622
101324.3367860771
101327.08338668576
101326.99859824286
101328.74760987391
101328.5362441913
101329.86175332454
101328.73624831066
101329.10218655193
101326.60881216779
101327.31863009269
101323.12957158973
101325.33527656438
101321.32739313536
101324.84658371843
101329.72847779028
101326.86917188675
101329.31989833484
101327.05686771069
101329.98075335876
101328.23784355712
101329.60627951528
101328.40530104146
101329.79005749599
101328.60107820589
101329.19949914343
101327.70128548148
101328.68343231795
101328.18909734894
101327.29729965067
101322.77917759429
101322.96809414439
101325.20580680392
101324.55569408509
101327.61991191095
101327.46929076606
101329.4157983248
101329.18340202069
101329.61807263407
101327.71376663158
101328.86896492813
101325.59352663576
101326.77224672955
101321.47006713644
101324.28675507482
101319.34519521799
101325.87670234029
101332.18469455981
101328.66689756577
101332.14741022578
101328.68330475679
101331.61666324991
101328.91887063111
101330.69932298223
101329.03089264804
101331.3164061406
101328.85988183231
101331.8198019511
101329.14628821549
101331.82808253201
101328.87191242831
101330.26560506386
101323.65634115759
101319.86598672188
101324.2512666251
101322.64921554862
101327.69529711896
101326.28187328378
101329.37672669519
101328.26509783062
101331.21562252544
101329.30876602621
101330.29190905055
101326.57961817048
101328.07388630338
101322.45932890291
101325.08711504142
101319.62501280771
101325.67653260882
101331.52765430284
101327.72978960574
101330.92620445983
101327.49460945999
101330.17576548351
101327.51213745277
101329.18000265615
101327.53535061427
101329.77470139354
101327.45340018172
101330.41500433171
101327.79642994337
101330.54826024495
101328.01845145188
101329.79291088533
101323.62825386881
101320.48551337494
101325.28617019583
101323.90761596065
101328.89061575671
101327.50820969549
101330.91506016672
101329.89491168568
101329.83345618186
101328.07040198661
101329.10314559561
101325.91527404124
101326.9388675511
101321.99000101499
101324.52099277235
101319.42226320799
101325.05148583266
101330.62841956613
101327.56938817556
101330.59491840281
101327.66257745723
101330.34083313881
101327.96707069888
101329.63141544716
101328.1188633097
101330.15514046077
101328.03291027497
101330.57129955036
101327.80973135518
101330.24531054145
101327.34369358214
101329.03062857172
101323.19219690043
101320.40676946947
101324.12126242978
101323.13340899284
101327.57618670759
101326.61182310819
101329.54530822138
101328.51985795048
101331.14739241524
101329.5527220369
101330.28161238114
101326.64700953633
101327.6626589899
101322.51026571826
101324.59755882734
101319.24663343038
101324.02291342868
101328.43626457953
101325.28072448832
101327.66557799109
101325.15904654229
101327.52109958969
101325.6091917536
101326.93880904005
101325.68733325394
101327.29748520366
101325.70399125777
101327.52789468785
101325.1611381003
101327.44195801015
101325.31135323225
101327.33537785281
101322.47965765299
101320.72355618534
101324.62569486159
101324.18386499507
101328.35574746576
101327.66057635203
101330.88368570418
101330.06746670131
101330.07670336423
101328.53180173888
101328.85922164065
101325.66817148656
101326.27837278736
101322.15475642819
101323.74149700791
101319.29439395769
101323.36294797389
101327.30876963315
101324.74101672688
101327.13670973144
101325.08922348048
101327.64371823119
101325.65623979413
101327.30411123208
101325.76993158429
101327.63811957414
101325.77662520173
101327.59450822123
101325.27234977581
101326.74034033777
101324.95552628578
101325.93535627761
101321.44443826225
101320.5311878043
101323.31617215034
101323.41629374951
101326.57058877898
101326.62805525473
101329.33090641699
101329.09096825434
101331.17172488573
101329.84228219924
101329.81791724017
101326.91470810397
101326.59567138032
101322.86315510479
101323.6181853442
101319.4949916067
101322.16649655178
101324.44461907232
101321.93676591644
101323.29563810103
101321.51717393997
101323.14239143215
101322.04077167089
101322.81919622797
101321.98744385195
101323.13959319671
101322.08467008638
101323.05766041335
101321.83655624372
101323.14226260773
101322.30105363324
101323.61431531928
101320.4067010499
101320.93148748504
101323.36698682676
101324.36454056187
101327.35467275002
101328.14396469157
101330.2998525985
101330.53248731488
101329.72604722434
101328.88857809961
101328.36683329799
101326.08944776836
101325.89184233798
101322.92659171499
101323.52704524458
101320.14742802244
101321.76007243602
101323.68691261245
101322.20396815121
101323.87787737465
101322.73302817054
101324.28876788738
101323.56111289264
101324.23135124949
101323.57095194948
101324.47025902726
101323.67687570488
101324.09234141323
101323.01687541514
101323.51201701058
101322.8758674893
101322.61780994208
101320.24167287855
101321.54740057494
101322.77402313951
101324.08773260555
101326.05196290393
101326.86330433913
101328.932304248
101329.26880040376
101329.10013490086
101328.72788050261
101328.07149466923
101326.42014363292
101325.39254353721
101323.44656818654
101322.53871327534
101320.52987789953
101320.27366011028
101320.4658568599
101319.14722562805
101319.50943896107
101319.19276842699
101319.96588392786
101320.13541184017
101320.52757915171
101320.26846637441
101320.5545492142
101320.00708746066
101319.57449920608
101319.31897862453
101319.27166981608
101319.87878755099
101320.32528702218
101319.96887651939
101321.57985439719
101322.74732371843
101324.365267393
101325.86463097647
101327.1245311464
101328.38156821496
101328.93588847951
101322.35325288271
101322.29597234723
101322.08231888684
101321.29355770085
101320.78958643114
101320.07900871316
101320.1719966594
101319.97785579787
101320.03109495669
101321.14812975767
101321.79466579889
101323.23366288007
101324.07020264957
101325.25615376901
101326.34183480158
101326.95445795154
101326.99070379656
101326.74071981662
101325.90946885222
101324.65081861762
101323.78996997081
101322.37520130861
101321.84697832646
101320.44147984614
101320.11991606159
101320.08646740127
101319.83845478178
101320.41095229614
101320.83079858596
101321.67070690135
101322.25852851375
101322.40825730738
101321.17437829763
101322.00412894526
101321.31508261045
101321.808730074
101321.22597016572
101321.81360370504
101321.98937466205
101321.97827090454
101320.07041869813
101322.10181151885
101323.47092898637
101325.30476990831
101327.37757776157
101328.73181352954
101330.83257171299
101331.42633728329
101331.73249571869
101331.00673483676
101330.31205157089
101327.77976860903
101327.13552983332
101324.01802291191
101324.03002370114
101320.48506155823
101321.35640291552
101322.76172355513
101320.94243648832
101321.6758971259
101320.73522939099
101321.71013630471
101321.04917243625
101321.78154450405
101323.38353928443
101324.64801496505
101323.33991250156
101324.2007071971
101322.73433302616
101323.57114459507
101322.32543719836
101323.15343388059
101320.07450508045
101320.44536118933
101322.4082892523
101323.33899060068
101325.8614307776
101326.79347746502
101328.74085870059
101328.94793622613
101329.55764862997
101328.44430428537
101328.35071324595
101325.70335445277
101325.43067587579
101322.16449058439
101322.77862555283
101319.23500750102
101321.75044879674
101324.08040535872
101322.16112851411
101323.80794267853
101322.57765026877
101324.32337955091
101323.37339236627
101324.37643148462
101323.82772369652
101325.5045400399
101323.89889284044
101325.6837641021
101323.79655155427
101325.44448711981
101323.97813881637
101325.16413522046
101320.99102021477
101320.63000001595
101323.8366577721
101324.19166340333
101327.69733044982
101328.19388545305
101330.86189382616
101330.87524437593
101331.72619569587
101330.31630614403
101330.36958322
101326.93345651413
101327.34864750656
101322.86016030975
101324.26601998173
101319.29087726338
101322.95877163355
101326.33684561591
101323.62384551692
101325.466938764
101323.38441680482
101325.44481108311
101323.88621531005
101325.01731924454
101326.9502571584
101328.75304835037
101326.65654685827
101328.73114311529
101325.89100374028
101327.91308935362
101325.3807049902
101326.88613292731
101321.99361243793
101319.9738167469
101323.31538128605
101322.987465853
101326.76758560058
101326.3318188007
101329.25430461921
101328.52148855213
101329.52806235223
101328.10924026521
101328.82648462392
101325.54249675779
101326.28340850832
101321.58469568921
101323.40006646185
101318.79878953411
101323.52152229831
101328.12791803313
101325.45514485838
101328.24467833329
101325.93826772741
101328.70861174878
101326.70020461985
101328.38866292112
101326.92429615997
101328.85464171
101326.80454482851
101329.28841373879
101326.67036685724
101329.38718037543
101326.45530461732
101328.43571401128
101322.90301970999
101320.31709024508
101324.61905850742
101323.79077852734
101328.66076844849
101327.70845936288
101330.94392204145
101330.18170450508
101331.38120864851
101329.60223476079
101330.38632556288
101326.76535588106
101328.1322083515
101322.31152142116
101324.71653980156
101319.25163763158
101324.57479157417
101329.72993469668
101326.57538691149
101329.37499123324
101326.36558985879
101328.96930975534
101326.78856754198
101328.32849534389
101328.886760165
101331.12081746018
101328.70602806295
101331.58717353154
101328.61544834205
101331.02135313004
101328.18188888385
101329.60914677342
101323.40098407629
101319.96344973732
101324.26212687088
101322.88594898921
101327.6812601776
101326.51520182914
101329.52978949161
101328.3196099098
101329.70958550526
101327.87444439819
101329.05278969617
101325.78419646175
101326.84233991549
101321.63518161298
101324.27675857155
101319.26774797516
101325.41419614814
101331.4568252372
101328.06246315097
101331.49693564638
101328.45976537776
101331.30476282199
101328.77464318788
101330.52395621853
101328.10497265986
101330.43083118208
101328.00314023896
101331.13057155049
101328.51824236913
101331.44387688683
101328.58420051291
101330.14456545311
101323.67395158307
101320.03577788157
101324.68080202524
101323.11255111382
101328.37116882336
101326.89385741155
101330.28111003918
101329.35426160431
101330.63305510767
101328.70502822381
101329.66704849309
101326.10682536211
101327.63878834466
101321.9299591728
101324.6232455968
101319.47068445511
101325.81245379415
101332.00364368738
101328.29047042489
101331.58812036434
101327.9133787076
101330.80311067645
101327.99793709992
101329.81745130841
101329.03364069384
101331.31939296928
101328.86109603752
101331.82217353708
101329.14744936654
101331.8281351163
101328.87224318642
101330.26595670884
101323.65808260112
101319.86846732255
101324.25045883584
101322.64917208183
101327.69516673974
101326.28309981654
101329.37745649772
101328.26807672017
101329.61599461868
101327.71433174225
101328.87019665733
101325.5950297697
101326.7729826961
101321.47073088631
101324.2855563734
101319.34332560856
101325.87518110851
101332.18326432809
101328.66570120715
101332.14681420202
101328.68444223734
101331.61945459097
101328.92161180094
101330.70221847616
101327.53643281898
101329.77611430825
101327.45264019884
101330.41376854418
101327.79424537478
101330.54692333481
101328.01705035479
101329.79260574374
101323.62770991064
101320.48117024597
101325.28079098031
101323.91486283824
101328.89053632993
101327.51245059539
101330.91560197902
101329.89633985178
101331.21718038757
101329.30747116696
101330.29427205268
101326.58215755512
101328.07457140635
101322.46042946838
101325.08592903611
101319.62329203065
101325.67464628497
101331.52634225057
101327.72906279549
101330.92510577265
101327.49331650771
101330.17559444396
101327.51227872077
101329.18128179212
101328.11990785043
101330.15680313186
101328.03192818089
101330.57187203784
101327.80960486396
101330.24654011332
101327.34468045979
101329.03292239478
101323.19502066108
101320.41398303313
101324.13228546755
101323.12418429584
101327.58185383733
101326.60890305918
101329.54345308845
101328.51877059109
101329.83160410417
101328.0690592055
101329.10216049405
101325.9138137852
101326.93763165757
101321.98919448882
101324.52015171712
101319.42104837
101325.0509250605
101330.6277119875
101327.57010712106
101330.59777849319
101327.66829769405
101330.34513024671
101327.9708238475
101329.63437931695
101325.68701959474
101327.29635256306
101325.7015182803
101327.52743642278
101325.16071129988
101327.44113842789
101325.31274705175
101327.33868418513
101322.4811142805
101320.72365048603
101324.63182926028
101324.17751227324
101328.35271549008
101327.65959448145
101330.88302725556
101330.0680276871
101331.14964540422
101329.55424866622
101330.28363063182
101326.64836393217
101327.66305451161
101322.50928194483
101324.59497528968
101319.24523596195
101324.02296095653
101328.4361324155
101325.28082403305
101327.6672505748
101325.16091999746
101327.52137633966
101325.61023646877
101326.93850510262
101325.76892328577
101327.6366923803
101325.77282238661
101327.59345375356
101325.27054690066
101326.7406903786
101324.95377684975
101325.93674801238
101321.44466754669
101320.53279621928
101323.32001598569
101323.41078218208
101326.5723703203
101326.63060473982
101329.32219016398
101329.08752881507
101330.073452704
101328.52681117781
101328.85757825598
101325.66469141495
101326.27552152364
101322.15207084165
101323.74065014513
101319.29460841928
101323.36360856492
101327.30848838246
101324.7374774949
101327.13120304377
101325.08932381487
101327.64411753582
101325.65868030516
101327.30323021123
101321.9865325717
101323.13851099052
101322.08260921997
101323.05471500338
101321.83639817804
101323.13434667907
101322.31204569298
101323.6177304102
101320.40444091018
101320.93419107157
101323.36657083665
101324.36144784531
101327.35793165544
101328.1481881986
101330.29618544251
101330.5306344866
101331.17111450361
101329.84456885987
101329.82174193632
101326.91437954061
101326.59552592483
101322.86202939747
101323.61793677455
101319.49579593904
101322.16820266284
101324.44759500356
101321.93937377432
101323.29706489333
101321.51450967904
101323.13927360644
101322.03947279316
101322.81942797067
101323.57266649927
101324.47146736634
101323.67711736695
101324.09171808606
101323.01812524509
101323.50759834837
101322.88636305976
101322.61899681902
101320.24122771293
101321.55214912618
101322.77098281463
101324.08693908373
101326.0529567006
101326.86139423341
101328.93264775838
101329.26977563475
101329.72733092299
101328.89157014518
101328.36191447225
101326.08416917799
101325.88986645955
101322.92555001183
101323.52525990381
101320.14753890698
101321.76081479448
101323.6880544064
101322.20452552292
101323.88197471359
101322.74286311
101324.28781277232
101323.56451929366
101324.23351148154
101320.26975553953
101320.5555165633
101320.00834377701
101319.57451218822
101319.32024114978
101319.26922347611
101319.87884274762
101320.32452725535
101319.96838853641
101321.57955211969
101322.74478256148
101324.36453090537
101325.86374891757
101327.12425789867
101328.38242864728
101328.93657403541
101329.1014903082
101328.72789339782
101328.06799744864
101326.41935254002
101325.39128848455
101323.44494740624
101322.53640493768
101320.52829355253
101320.273544196
101320.46629814427
101319.14709001934
101319.5090198222
101319.19722660058
101319.96608668556
101320.13751973542
101320.52842086402
101326.99194558652
101326.74105784507
101325.90925140187
101324.65108396499
101323.79011542143
101322.37359310273
101321.84535608208
101320.43955396068
101320.1183190961
101320.08593346227
101319.83712752862
101320.4106971282
101320.83079112742
101321.67198681246
101322.25968893254
101322.40984840353
101322.35565858502
101322.2978459575
101322.08341156221
101321.29278812064
101320.78971062647
101320.07726804483
101320.16971400984
101319.97632852684
101320.03000212231
101321.14847471837
101321.79546657874
101323.23557786929
101324.07368319132
101325.25741510419
101326.344642768
101326.95473664755
101331.73273695022
101331.0073779691
101330.31185385729
101327.77935584274
101327.13460010928
101324.01615331431
101324.02813665007
101320.4831239527
101321.35605768397
101322.76123504787
101320.94205696104
101321.68185647092
101320.73885330062
101321.71474563128
101321.05159930915
101321.78366020536
101321.176190118
101322.00459635098
101321.31539469512
101321.80676660567
101321.22733964129
101321.81110482577
101321.98707917763
101321.97702030229
101320.06941207813
101322.10173668459
101323.4704305062
101325.3067573814
101327.38046200827
101328.73528966124
101330.83811896153
101331.42530467905
101329.55670827607
101328.44269315767
101328.34873875215
101325.70060772152
101325.42945458765
101322.16345575658
101322.77788645306
101319.235067457
101321.75163648781
101324.08292211336
101322.16274743871
101323.80959078162
101322.57883842278
101324.3258988623
101323.3754380217
101324.37828492667
101323.38530226077
101324.6477235924
101323.3402292259
101324.19874624342
101322.7379737981
101323.56944440976
101322.32456260102
101323.15181409937
101320.07270682734
101320.44517910361
101322.40780288792
101323.34026816599
101325.85934700302
101326.79293052274
101328.74094360686
101328.94902912188
101331.72298899051
101330.31356123275
101330.36731090558
101326.93096204384
101327.34710173553
101322.85900390292
101324.26661111104
101319.29167121983
101322.95989332454
101326.33832487886
101323.62607159355
101325.4695521517
101323.384237672
101325.44589149006
101323.88627919783
101325.01718539547
101323.82649005068
101325.50244339133
101323.89818615738
101325.68186228296
101323.7961070075
101325.44608218914
101323.97829317179
101325.16162944034
101320.98837432091
101320.62871804406
101323.83585856576
101324.19413047995
101327.69501779092
101328.19451431182
101330.86229774528
101330.87379901248
101329.52570111596
101328.10753107074
101328.82468112026
101325.54067336174
101326.28190144611
101321.58317503569
101323.40212568086
101318.8000711835
101323.52278278449
101328.12918548244
101325.45594434714
101328.2452519183
101325.93696045996
101328.70763177754
101326.69818891064
101328.38691947059
101326.94853815688
101328.75123046941
101326.65705747512
101328.73127180421
101325.89416871392
101327.91473833725
101325.38262131013
101326.88722658333
101321.9938980454
101319.97250102379
101323.31504482366
101322.99062626695
101326.76778208962
101326.32980286461
101329.25054382815
101328.51837776504
101331.3818251444
101329.60147482538
101330.38514744765
101326.76461113316
101328.13154730714
101322.30927255785
101324.72054119856
101319.25315696586
101324.57582039906
101329.7319607111
101326.57760477932
101329.37711276133
101326.36617026862
101328.96969925056
101326.78823835147
101328.32816560849
101326.92355082245
101328.85328920229
101326.80430913976
101329.28907485647
101326.67148109828
101329.38910447032
101326.4548082656
101328.43619287116
101322.90321706711
101320.31557828994
101324.61632752973
101323.79134651998
101328.66079985941
101327.70971317128
101330.94490546591
101330.17639671259
101329.71079557815
101327.87325950823
101329.05094042027
101325.78277349778
101326.8418878254
101321.63516862821
101324.27772906146
101319.2699504612
101325.4161204401
101331.45872810174
101328.06461846472
101331.4992226679
101328.46054920378
101331.30383718204
101328.77365300852
101330.52281337332
101328.88552355775
101331.11916702222
101328.7052850254
101331.58637139401
101328.61551215491
101331.02295550182
101328.18257766943
101329.61003295598
101323.40184903113
101319.96216617493
101324.26257904943
101322.88716848874
101327.68097089851
101326.51663191881
101329.52838163552
101328.30674217964
101330.63739300301
101328.69946489055
101329.66668359416
101326.10610921819
101327.63783847426
101321.92900508564
101324.62482219153
101319.47308967034
101325.81437169609
101332.00599477699
101328.29255635336
101331.59030098366
101327.91396442347
101330.80175111986
101327.99654669737
101329.81597691876
101328.10373333094
101330.42913808559
101328.00170952277
101331.12776539929
101328.51705833824
101331.44497835179
101328.58566233725
101330.14534571725
101323.67472307578
101320.03413495046
101324.67879767757
101323.11020241704
101328.36900741987
101326.89055495962
101330.27989139738
101329.3562267618
101332.52853975799
101329.96098139127
101330.89720183173
101325.89708599956
101326.73174905205
101321.0049625856
101323.148960249
101318.42889806429
101327.28413364654
101333.08951961019
101330.28109021683
101334.38978115666
101331.34951061464
101334.5349128173
101331.70252079002
101333.65466102668
101331.8367933509
101334.60723773346
101331.48752734155
101335.34635264438
101330.30329044613
101334.62283123912
101328.38811812137
101332.9155040987
101324.08379281402
101317.78077076943
101324.13968454699
101321.7369337206
101328.56917823761
101326.45110390306
101332.02830074956
101330.87220694291
101334.71826208607
101332.09059095937
101332.93375110757
101327.56662435882
101328.50688122757
101321.98088954677
101324.06655052613
101318.47520782366
101326.79827449514
101332.0502899507
101329.06137397479
101332.83107973609
101329.56504981607
101332.66383535267
101329.9395041005
101331.91555296205
101330.12410565546
101332.7903571238
101329.66356967068
101333.37126360612
101328.69760530765
101333.01779269846
101327.35015667803
101332.11431155397
101323.75269004129
101318.39324298911
101325.24144663013
101323.14423248435
101330.20738553292
101328.35848628238
101334.10144107939
101333.16446390141
101332.28016619562
101329.74739435701
101330.54106702606
101325.8270807064
101326.34666737408
101320.65643295337
101322.82180026214
101317.40770382059
101325.37188957057
101330.86399071797
101327.62405694657
101331.59867036541
101328.65910564536
101331.74831714047
101329.24300641989
101331.26824246455
101329.53990854259
101332.13129246063
101329.08065745638
101332.39125593509
101328.03789445818
101331.61259937265
101326.46440083577
101330.59261640217
101322.74822950017
101317.52997923935
101323.47792888348
101321.49197472019
101327.98468444134
101326.44831035886
101331.51636853906
101330.72954373849
101334.7998439096
101332.1262387208
101332.41959020616
101327.45317363819
101328.40456094011
101321.46003259627
101323.25615514998
101317.44830604531
101324.05813849479
101328.55037924324
101325.07803021232
101328.10902731583
101325.37436960517
101328.18988642647
101325.95389381779
101327.82555791411
101326.23121968197
101328.44291443563
101325.74076579048
101328.76722681084
101324.68974483419
101328.28771163808
101324.12818177171
101328.46256048312
101321.71829659004
101318.16310887615
101324.14707179271
101323.04668811339
101329.69430743725
101328.51397677355
101333.62248105655
101333.40038732256
101331.57864172058
101329.46784026554
101329.72037040931
101325.32516053224
101325.34521677397
101320.13307570379
101321.40378183627
101316.44705391266
101322.12213560633
101326.46038818512
101323.6319099034
101326.33109851817
101324.36914497822
101326.94809648274
101325.18285487362
101326.94190936234
101325.38651515418
101327.53302193427
101324.88232942522
101327.47919943408
101323.75222726421
101326.64034809924
101322.78235343607
101326.22188818721
101320.10882413315
101316.99045988277
101321.77375413438
101321.26435508489
101326.61005204593
101326.21697171143
101330.58035384802
101330.38957638861
101333.82737127042
101331.84116790803
101331.50904064142
101327.38450553338
101327.36685410544
101321.62537066822
101321.84025285239
101316.66810588008
101320.61501955877
101322.83922542809
101320.24731988789
101321.85382037275
101320.39502095777
101322.3142765786
101321.73024466498
101322.68363987745
101321.83612966861
101323.06112240571
101321.17986366959
101322.47763613853
101320.04130081853
101322.15204241504
101319.70968921181
101323.01993127089
101318.86247641806
101317.72055091913
101322.71411381345
101323.09673024263
101328.42938833081
101328.56262407164
101332.53534285314
101332.82038550223
101329.45876703334
101328.11692201071
101327.80042681488
101324.96287567665
101324.36221574763
101320.42389319588
101320.50884233482
101316.73670348778
101319.33231281978
101321.10934859424
101319.56665813537
101320.90427110883
101320.6017623051
101322.23214202671
101321.96517947994
101322.728856423
101322.13340016779
101323.06550425559
101321.62435400137
101322.41597203299
101320.20392640981
101321.09514137395
101319.42642869252
101321.02085791781
101318.08124734738
101317.43532541774
101320.57629243928
101321.27401614004
101325.23286023233
101325.62775020101
101328.49643940767
101328.54785609723
101331.42385918219
101330.6592459977
101329.60545985031
101327.43001342422
101325.62383694114
101322.53800056358
101320.91162510491
101318.22413664908
101317.98696480057
101317.36612234064
101316.60445046816
101317.09572855805
101317.72673240301
101318.53028422708
101319.44673747668
101319.96490355363
101319.83371471701
101319.97890644187
101318.71588323562
101318.39359114529
101317.17517955124
101317.01322637276
101316.78925317334
101318.07453105587
101317.91282880292
101319.33381346634
101321.83970168862
101323.80758549817
101326.94560213463
101328.33677490315
101330.39755784861
101331.03107327933
101322.53084873629
101322.30370319747
101321.56954712232
101320.52078637284
101319.11381170273
101318.23901439933
101317.71980194913
101317.89861168976
101317.83830715041
101318.86011045073
101320.388208155
101322.07255844497
101324.50686954589
101325.9452302412
101327.83236283284
101328.70460335616
101328.88117985861
101328.26109268921
101326.93812602387
101325.27869185575
101323.31267281082
101321.13743387867
101319.83572600081
101318.16236573846
101317.85766776101
101317.69594135514
101317.81353226169
101318.58799531101
101319.88727832682
101321.06172326836
101322.16552782248
101322.47150960946
101319.08883436859
101319.90820947223
101318.65971215525
101319.48691687088
101317.87149242815
101318.91924612537
101318.00187345185
101319.91093607759
101317.80751481763
101318.33246335572
101321.61975179744
101323.03029467445
101327.49704662505
101328.09129482343
101331.0948399847
101331.53785720101
101332.3296341026
101330.96138052992
101330.34270866652
101327.10772772264
101326.36198871426
101321.87834432672
101321.40360290678
101317.1898097393
101318.79892292724
101319.5920340208
101317.70754489115
101318.3774772519
101317.98786221156
101319.10238938569
101318.96215284732
101319.60044284214
101323.25360908694
101324.82274807664
101322.60472843949
101323.96047714568
101321.11452427343
101322.74293337682
101320.04091173841
101322.56393130189
101318.44583765737
101317.21367719426
101321.27825973096
101321.66980419711
101326.3766997643
101326.76408434601
101330.42874997962
101330.68957421652
101331.57977533095
101329.94918007377
101329.31234118753
101325.6853806882
101325.25342590921
101320.55368938246
101320.93608588423
101316.36416646614
101320.15048404434
101322.8240834835
101320.73219558314
101322.67858863642
101321.60933123771
101324.12572992672
101323.08384664654
101324.40497312693
101323.02028777749
101324.83111661571
101322.50846620034
101324.94202944354
101321.83107186839
101324.57059168754
101321.27183537079
101324.99208139366
101319.48406616993
101317.11557495977
101322.44973858335
101322.29307440078
101328.48440826772
101327.97810776207
101332.45186750745
101332.62512934202
101333.6103655724
101331.70243091926
101331.6324812422
101326.8622993652
101327.28753850971
101321.08045663586
101321.85784021061
101316.35091269974
101321.45067148015
101324.93861360061
101321.98406081951
101324.03944651701
101322.22556822878
101324.17427031734
101322.95055953447
101324.16351326866
101327.74756727573
101329.88215298035
101327.10289892643
101330.16605908921
101325.70734877278
101329.09463266197
101324.42663039389
101328.15352132118
101321.24003593247
101317.21628436893
101322.64090105324
101321.69129319963
101327.66855816866
101326.88932223889
101331.50399918608
101331.38683342292
101332.67508023624
101330.16163628022
101330.45327576755
101325.96869506341
101326.14192762929
101320.47540156463
101321.98001438413
101316.83669295072
101323.45904933897
101328.59494594466
101325.62316804753
101329.23664831348
101326.59687869708
101329.59809025696
101327.43916573506
101329.35838448323
101327.65014665198
101330.10900037314
101327.27364505373
101330.53834996209
101326.38001827484
101330.11202071272
101325.28879440899
101329.81656800215
101322.31474193415
101317.40232755375
101323.97451504381
101322.41210768226
101329.43315289673
101327.86223251754
101333.20588999878
101332.75826794283
101334.11541916351
101331.61531440941
101332.15157721218
101327.00374639485
101328.14705252563
101321.26857604229
101322.90603146001
101317.23244174554
101324.75374961799
101329.72245887437
101326.42523056726
101329.83667198929
101327.09493880786
101329.73544363758
101327.43498521918
101329.25452503773
101331.58865444982
101334.20221453714
101330.98760758608
101334.54774658299
101329.63177461171
101333.57528078064
101327.68024174108
101331.99391892525
101323.58160514387
101317.68883235029
101324.17436457067
101321.96888142813
101328.59098066515
101326.84405723
101332.19159473808
101331.26422181344
101332.74144227398
101330.24470441649
101331.14499514014
101326.23264875138
101326.78154915757
101321.06504415962
101323.09482526274
101318.16874062236
101326.49828754224
101332.22725298176
101329.47578987466
101333.4194556993
101330.60050025696
101333.82664465143
101331.30559439948
101333.33980915458
101330.78695960804
101333.57705418144
101330.49400391501
101334.45701781163
101329.48610782161
101333.98313726878
101327.83519037957
101332.67222650125
101323.97806937192
101317.85142254912
101324.52588077934
101322.09526937647
101329.19821630091
101327.0846336486
101332.89750115237
101331.88871364007
101333.44430486119
101330.89456438669
101331.71635862019
101326.4798381851
101327.58841654389
101321.36280931848
101323.34484770277
101318.42333048597
101327.15484992243
101332.64611760582
101329.76343006005
101333.74795903856
101330.63494398072
101333.6430352093
101330.72955066028
101332.62941181535
101331.8399267849
101334.6088963111
101331.48835320499
101335.34602739007
101330.30487366732
101334.62447708032
101328.38762157041
101332.91511938474
101324.08502954355
101317.78306079771
101324.1406638172
101321.73845559066
101328.57145971501
101326.4525728935
101332.02998927263
101330.87004388643
101332.5273055369
101329.96890302135
101330.89528387958
101325.89825989612
101326.73344304736
101321.00632059615
101323.14729336374
101318.42799336926
101327.28347288913
101333.08842528702
101330.2785844281
101334.38873980238
101331.34945880366
101334.5385970926
101331.70626261517
101333.65892569127
101330.1271863947
101332.79452170881
101329.66322441642
101333.36894100148
101328.69422897967
101333.01602365809
101327.34652865966
101332.11322510918
101323.75298556944
101318.39182389001
101325.2418502861
101323.14560835066
101330.20979825134
101328.35960266861
101334.10105009028
101333.16590352028
101334.71858329506
101332.0946372941
101332.93703364981
101327.56914278709
101328.50748833634
101321.98297930309
101324.06418992759
101318.47465035089
101326.79751734409
101332.05000636718
101329.06008961621
101332.82929258101
101329.55959630111
101332.66047633864
101329.93788044556
101331.91899658294
101329.54209165571
101332.13461195938
101329.08252893726
101332.39525146678
101328.03898930732
101331.618309208
101326.46393068628
101330.59600647425
101322.75378062279
101317.53835266424
101323.48133779372
101321.48612066818
101327.99000049462
101326.44326636587
101331.51195186395
101330.72529087664
101332.27564860201
101329.74512635761
101330.54099923251
101325.82728741254
101326.34551980189
101320.65621381221
101322.8213149348
101317.40673763266
101325.37073813609
101330.8641848071
101327.62418425088
101331.6044861383
101328.66793177009
101331.75541187378
101329.25364357897
101331.27667607788
101326.23181696092
101328.44338730318
101325.7390115233
101328.76653066577
101324.68660508587
101328.28588448481
101324.12479673955
101328.46663692489
101321.71684830834
101318.14993521861
101324.15233217776
101323.05347261814
101329.69332056257
101328.5152402746
101333.62425779052
101333.4034633726
101334.80341176853
101332.12668206953
101332.42088429659
101327.4555486607
101328.40683661994
101321.45958070162
101323.25291685968
101317.4461857471
101324.05650072359
101328.55097897453
101325.08080344755
101328.11362277053
101325.37423627876
101328.18675833274
101325.952232165
101327.829456669
101325.38298444725
101327.5287983634
101324.87859120735
101327.47904397617
101323.74773379837
101326.64410333466
101322.77203022029
101326.22082489375
101320.10811245457
101316.99028547775
101321.78451420899
101321.25260887711
101326.61179968258
101326.20558130323
101330.57357355775
101330.38359224203
101331.57625440077
101329.45994768498
101329.71830269482
101325.31955248093
101325.34115801261
101320.12975192173
101321.40385725388
101316.4475199756
101322.12200874624
101326.45883573526
101323.62538954873
101326.32421026722
101324.36981351786
101326.95790425902
101325.18082018397
101326.93552935668
101321.83344815068
101323.05910811127
101321.1782301214
101322.47766159449
101320.03986153421
101322.15286706081
101319.70886158144
101323.01970377658
101318.86246212844
101317.73161954067
101322.72403148381
101323.08832026264
101328.43403991769
101328.56159322294
101332.53688422329
101332.82410737248
101333.82692460307
101331.8505232452
101331.5110679424
101327.38692180885
101327.37023841715
101321.62210451314
101321.83978388984
101316.66836416998
101320.61628857671
101322.84134100746
101320.24922493185
101321.85708515238
101320.39267569229
101322.3120536304
101321.72901273394
101322.68187532657
101322.13405513015
101323.06700692623
101321.62526895318
101322.41760717041
101320.20288290575
101321.09466603794
101319.4286625816
101321.02038450944
101318.0814392215
101317.44198955051
101320.57126785135
101321.27077376701
101325.23589068526
101325.62698656057
101328.4982737743
101328.54838903349
101329.46272565107
101328.11704007574
101327.80270830126
101324.95816439766
101324.35957121459
101320.42358913727
101320.51027294328
101316.73728759683
101319.33259039186
101321.10870237343
101319.55767695114
101320.89408310107
101320.61759414079
101322.22774851923
101321.96564620272
101322.73061242809
101319.83591701489
101319.98037423078
101318.71815744594
101318.39325361825
101317.17791314069
101317.00993077421
101316.78865494856
101318.07416161938
101317.91175614913
101319.33426860484
101321.83612083641
101323.80716039725
101326.94483064102
101328.33348770096
101330.39799073778
101331.02925563474
101331.42563551561
101330.65658688698
101329.60700785673
101327.43436966531
101325.62523291726
101322.53742699357
101320.91052090112
101318.2237307941
101317.9867197133
101317.36598402857
101316.60173619153
101317.09410683191
101317.73226470493
101318.53128589255
101319.45153573202
101319.96612556079
101328.88225223852
101328.26094723598
101326.93895243507
101325.27831781252
101323.31499484424
101321.13505378725
101319.83414358165
101318.16033291364
101317.85561077297
101317.69611365735
101317.81237085353
101318.58573045034
101319.88452249364
101321.06128055399
101322.16870967171
101322.4704643905
101322.5317424056
101322.30262425309
101321.57031937552
101320.52115935121
101319.11472659974
101318.23764246001
101317.71822159481
101317.89781066948
101317.83769840856
101318.8601370322
101320.38763879753
101322.07465119612
101324.51152055401
101325.9506696623
101327.83610756102
101328.70480721132
101332.33244005023
101330.96314069329
101330.34232805455
101327.10587748614
101326.36201721441
101321.87605848451
101321.40190355045
101317.18747082258
101318.79700761217
101319.58849124014
101317.70455551569
101318.38508977942
101317.99041804098
101319.10778052192
101318.96371939176
101319.60091572576
101319.0912094279
101319.90879623174
101318.66147899129
101319.48636186682
101317.87447978646
101318.91725703815
101318.00014125547
101319.90965700943
101317.80662568012
101318.33102859264
101321.61839007297
101323.03144081727
101327.49995026836
101328.09304192195
101331.09704490453
101331.53967760134
101331.57969895401
101329.94740002186
101329.30810422619
101325.68150368101
101325.25229715614
101320.55304323629
101320.93585611244
101316.36438965876
101320.1516585319
101322.82724939889
101320.73355912129
101322.67882521896
101321.6101588271
101324.12970083451
101323.08784095777
101324.40364356685
101323.25534541442
101324.82197335559
101322.6050034629
101323.95873149377
101321.12332974981
101322.74367266809
101320.03414412995
101322.5590959098
101318.44207570296
101317.21204339195
101321.2758824394
101321.66988049613
101326.37530788657
101326.76156637663
101330.43146371435
101330.69245315871
101333.60792675179
101331.69946777003
101331.629984492
101326.85866199562
101327.28575629482
101321.07969573887
101321.85827495395
101316.35147247344
101321.45129953395
101324.93899716335
101321.98406268025
101324.04042899878
101322.22422358065
101324.17506012946
101322.95121669691
101324.16341018039
101323.01876060074
101324.82966832106
101322.50760823887
101324.9426537306
101321.83077238376
101324.56922289675
101321.26832306347
101324.99159376763
101319.48172368071
101317.11330251661
101322.44877373618
101322.29443254304
101328.4850690014
101327.97434941128
101332.45254107042
101332.62689937852
101332.67268063298
101330.15855986008
101330.45123916991
101325.96750716845
101326.14118707067
101320.47463024691
101321.98053323539
101316.83718527824
101323.45952256028
101328.5935706234
101325.62277509666
101329.23419831594
101326.59499679628
101329.59566075707
101327.43390284493
101329.35421245547
101327.74532975716
101329.88103246757
101327.10322628685
101330.16708028133
101325.7087116263
101329.09155841949
101324.43176893008
101328.15727567198
101321.24113831154
101317.2145725328
101322.63975187183
101321.69315911343
101327.66815587465
101326.88767097713
101331.49982848782
101331.38260309203
101334.11718720979
101331.60964088122
101332.1507710259
101327.0059918433
101328.15008171668
101321.26913311692
101322.9089474503
101317.23392994977
101324.75570209387
101329.72331126701
101326.42691055284
101329.83941963011
101327.09602089733
101329.73589430691
101327.43732876914
101329.2563642398
101327.65077559752
101330.1100514518
101327.2743676574
101330.54024768303
101326.38047850333
101330.11619558155
101325.28729658104
101329.81537313593
101322.31444101653
101317.40122778174
101323.97445578767
101322.41253390562
101329.4322236407
101327.86423985742
101333.21098310103
101332.75765712211
101332.74098463633
101330.2328301088
101331.14497224997
101326.23762401759
101326.78338379264
101321.06507925942
101323.09586611492
101318.17098583476
101326.50042974911
101332.2282435415
101329.47882299853
101333.42274787804
101330.60304342791
101333.82709756756
101331.30629327407
101333.34027920279
101331.588970706
101334.20363033036
101330.9882917228
101334.5487605833
101329.63288920207
101333.57857070517
101327.68138998938
101331.99514721496
101323.58254369556
101317.68908408328
101324.17580302298
101321.96846854957
101328.58614739502
101326.84326630605
101332.1893242199
101331.25971072906
101333.44416779658
101330.86988192941
101331.72545409093
101326.49096630777
101327.58822810091
101321.36156173314
101323.34651941003
101318.4252430464
101327.15674483243
101332.64791963702
101329.76666475431
101333.75154050322
101330.63800433211
101333.64341429409
101330.7305222928
101332.63147359919
101330.79127975853
101333.57960412648
101330.49442368213
101334.45729232777
101329.48711311209
101333.98350076271
101327.83656005032
101332.67385260998
101323.97838355662
101317.85075770514
101324.52620280918
101322.09455198848
101329.19520026704
101327.0845976875
101332.90047146706
101331.88926142341
101335.89431749244
101332.82801133608
101332.65270592517
101326.97279605655
101327.0557982032
101321.01907489277
101322.26810501509
101317.7693234934
101328.53766866119
101333.37394867987
101331.16065210292
101335.54599859289
101333.62298584711
101337.46493238586
101334.8582516577
101337.19010605599
101335.21934994664
101338.32036080463
101334.33244073701
101338.6142705692
101331.09594698717
101336.39589749012
101328.12249191766
101335.02250908641
101324.58258354961
101315.77400913925
101324.45683717397
101321.11791357206
101330.23852354837
101327.27189910793
101334.55126479006
101334.16364816754
101338.50549974004
101335.37043978533
101335.19363847667
101328.89882486481
101329.08106275066
101321.95517436996
101322.99324949924
101317.82399054026
101327.7941456034
101332.31824053901
101329.7878244586
101333.92969041696
101331.78053863543
101335.38194671358
101332.7938118278
101335.08051230459
101333.14084159091
101336.11850374829
101332.27071329573
101336.43360279857
101329.3641449092
101334.64544609046
101326.94955961376
101333.99902802038
101324.01109973653
101316.02818560733
101325.90041097421
101322.407132062
101332.19235964744
101329.5290150411
101337.12105608222
101336.79548065856
101334.93245701361
101331.99462852912
101331.63657894483
101326.29061697269
101325.8307551133
101320.05581233442
101321.16067182252
101316.13592275814
101325.61968646412
101330.53299849211
101327.80888528025
101331.56185264299
101329.4953675904
101332.81085346419
101330.49205539377
101332.75791371999
101330.95637323675
101333.71701632519
101330.03001561471
101333.99869305994
101327.45247987208
101332.40155807123
101325.53154849363
101331.90183489883
101322.5492145364
101314.77815187626
101323.15441892638
101320.17195692704
101328.589422063
101326.7012799699
101333.50235676501
101333.15611149228
101337.68859113961
101334.80241075119
101334.72726163483
101328.492909173
101328.61707538599
101321.12862011578
101321.7364760151
101315.89831437699
101323.88858825198
101327.90234400894
101324.89665558319
101328.05900371617
101326.05696122089
101328.96830526252
101327.09811297068
101329.36063446141
101327.67576259343
101330.02847937844
101326.69601312476
101329.93030440617
101324.29310925798
101328.88674499511
101322.9506307875
101329.3064057912
101321.096719705
101315.55242080313
101324.57177004326
101322.28972367154
101331.26413107055
101329.56620523339
101336.48723408206
101336.17336363676
101332.24214684402
101329.78626401999
101329.33470804858
101324.6623257529
101324.2423102576
101318.43921831207
101318.88069354744
101313.79306461758
101320.86253750281
101324.78382856537
101322.47647141875
101325.22906681242
101323.46925948025
101326.12569800977
101324.79481696271
101326.71742479186
101325.26259610803
101327.28772010785
101324.36157477446
101327.2377133126
101322.25375122688
101325.8194131668
101320.87464368792
101325.59832344184
101318.80665910206
101313.42170396975
101320.40745231049
101319.13054092822
101326.20752880449
101325.33408304353
101331.02141759757
101330.78936144095
101335.26896410578
101332.91684143961
101332.46530032755
101327.7142956301
101326.79988532202
101320.52536897555
101319.95215511837
101314.51895241634
101319.26484542356
101321.00699719101
101318.82458815811
101320.37459033764
101319.5356519518
101321.89253637269
101321.4273489058
101322.77606875316
101321.89079423777
101323.16711977548
101320.81006590216
101322.48488277404
101318.49959765025
101321.060666694
101317.60612276132
101321.87508463442
101317.42403361916
101314.89509738525
101321.82122840223
101321.90361359128
101329.25486681444
101328.9829058851
101333.99051856669
101333.92131278555
101329.14377710082
101327.50894809546
101326.89609545092
101323.60901344157
101322.50681192461
101318.25479489224
101317.32753737281
101313.56221205879
101316.79034287689
101317.7495274016
101316.93416663285
101318.2241031692
101318.28614406529
101320.17448492654
101320.48824213581
101321.55606401038
101321.12169630126
101321.72949085993
101319.96234324064
101320.51667594069
101317.42644584236
101318.88971842953
101316.03768368319
101318.53532118772
101315.47399730496
101313.23802703802
101318.39641759585
101318.75243580408
101323.90674121074
101324.14489322354
101328.03548012306
101328.09932002447
101333.61994649784
101332.56513735736
101330.88409534637
101328.03268333821
101325.01083121292
101321.47866573033
101318.88641290351
101315.66351383731
101316.06520887418
101314.22607670599
101314.38420504918
101314.71369647075
101316.33396057392
101317.51364173929
101318.94510379246
101319.29887497064
101319.25838657902
101319.44048102933
101317.88443636791
101317.31559819716
101314.88500672577
101314.99730812907
101313.7403360146
101315.36196020823
101315.61966858692
101316.52618546263
101320.74500513161
101322.73601056615
101327.23268314332
101329.13594062698
101332.1702238764
101333.083144517
101323.12273601626
101322.6777594921
101321.48905455857
101320.08619709735
101317.79615890143
101316.61800007228
101315.12714566875
101315.4814849002
101315.21817100879
101316.1017194771
101319.00677946578
101320.75806870052
101324.64490854033
101326.32454849823
101329.41714319657
101330.65114551655
101330.98312419158
101330.04264157698
101328.15174282721
101325.3023159865
101322.45621603633
101319.88299397645
101317.52214465194
101316.01754941216
101315.43235377838
101314.81093653799
101315.92581513713
101316.8193926473
101319.23475220069
101320.62207182246
101322.27568002773
101322.99164479313
101317.40500416033
101317.99283577591
101316.48310017955
101317.15324790645
101314.44526991187
101316.19231631556
101314.06693642415
101317.0341599955
101315.09985819847
101314.17138580819
101319.62214683338
101320.86285559449
101326.49251413754
101327.26137681745
101331.16561231065
101331.41420042059
101332.29220093598
101330.82440089379
101330.03938138121
101326.31874463566
101324.65543269142
101319.90258961114
101318.37897198627
101313.90104842532
101316.16463666593
101315.71385473959
101314.59773264898
101315.04146286259
101315.06925257051
101316.56492297443
101316.93490585283
101317.75273668329
101323.56905215592
101325.19587088254
101322.52355190343
101324.36810184883
101319.61479177044
101321.82982735211
101318.00619487508
101321.51909591349
101316.90655022887
101314.30727518302
101320.252944422
101320.3584120562
101326.68239766375
101326.84161541688
101331.37955640431
101331.49578561062
101332.61207101858
101330.55188874104
101329.69869451399
101325.5290573174
101324.51611156171
101319.34896166633
101318.9060288435
101314.17387032232
101318.75519342496
101321.18572301278
101319.30967821008
101321.5365942245
101320.95925670273
101324.08399266079
101323.17511916085
101324.74723072693
101322.34416014809
101323.97132950729
101321.50659420618
101324.20556152545
101319.76927577825
101323.41645084566
101319.03583497193
101324.03491535175
101318.06337610057
101313.6963102759
101321.29160534758
101320.4719487759
101328.56712999492
101327.38636927705
101333.23997610164
101333.3154946812
101334.51398369131
101332.04789266236
101331.76137512806
101326.41658036763
101325.99681750333
101319.58451911781
101319.40434416951
101313.67675414412
101319.99321814478
101323.05689019391
101320.62085362524
101322.50965043067
101321.05859901107
101322.84474040814
101322.12953724187
101323.42425917197
101329.24496626927
101331.6173522528
101328.13640620907
101331.70957631354
101325.418068913
101329.96137186463
101323.27296668521
101328.78442839679
101320.51879210977
101314.35622349943
101322.81034156118
101320.68883752807
101328.71384946705
101327.43434505662
101333.74882160882
101333.658640579
101335.02209531558
101332.22723293057
101331.81975888099
101326.64826645612
101326.00647864633
101319.98071651325
101320.27851034155
101315.19073049602
101323.19991502809
101328.158352884
101325.76945242884
101329.6570078838
101327.41603331867
101330.81285495359
101328.69618376091
101331.03486348028
101328.58667512223
101331.16674404196
101327.9033631699
101331.79221328659
101325.76124559791
101330.71210680911
101324.15700573577
101330.7243579397
101321.98548502795
101314.42223103833
101323.63575085784
101321.16346582971
101330.50325323475
101328.32651416748
101335.50055510568
101335.43980207678
101336.79642831782
101333.92036146698
101333.79075512572
101327.6859421823
101327.48713784129
101320.62647551455
101321.05988768661
101315.93391653607
101324.78467883733
101329.11384970545
101326.47304003885
101329.60363612525
101327.7507234759
101330.4208513925
101328.33824082835
101330.17752193032
101334.42820730631
101337.31872620534
101333.39982955642
101337.51649154631
101330.28456315465
101335.22686672655
101327.35156133203
101333.84405144998
101323.81686740961
101315.31231199911
101324.55077633759
101321.20406904723
101330.34480018476
101327.71757411057
101334.91764177394
101334.71423399128
101336.20116575908
101333.23044648001
101332.94103109058
101327.35042404439
101327.17223050525
101320.9009045148
101321.87918188616
101317.50825716795
101327.43707305045
101332.50605416141
101330.27512679654
101334.57791936168
101332.74996766992
101336.43111428476
101334.0281543915
101336.28325922145
101334.16618391695
101337.18236330853
101333.25455246733
101337.48558728505
101330.11841222424
101335.55143785824
101327.48542778633
101334.64311161463
101324.4541343781
101315.66970024939
101324.86339670271
101321.2890754753
101330.73655608836
101327.89485354068
101335.32035601897
101335.11619443641
101336.66112640416
101333.62735226301
101333.61305070556
101327.5083066723
101327.81241700654
101321.23815605833
101322.3104015085
101317.7491311203
101328.35935453516
101332.80346853996
101330.54254934468
101334.81928250597
101332.76426804642
101336.43932348903
101333.86942297759
101336.13391055788
101335.22694974951
101338.32438803476
101334.33411116537
101338.61359149414
101331.09786653062
101336.39598819883
101328.12218364948
101335.02264838234
101324.58414047136
101315.77702098183
101324.45942109839
101321.11847907913
101330.23906900815
101327.2729607049
101334.55483729587
101334.16294889894
101335.88929711927
101332.84298541248
101332.65512038751
101326.97244548723
101327.0575232995
101321.02053054899
101322.26244012137
101317.77138711269
101328.53901657798
101333.37162059272
101331.15788205108
101335.54474699564
101333.62248753848
101337.4680634197
101334.86192056075
101337.19519469285
101333.15134244264
101336.13119589612
101332.27281853298
101336.43274524424
101329.36362173295
101334.64322182458
101326.94438192647
101333.99748833913
101324.01150262044
101316.02900353998
101325.90193200776
101322.40532521265
101332.19268445247
101329.52683969977
101337.12041758902
101336.80011684692
101338.50544192853
101335.37747921332
101335.20702737782
101328.898293494
101329.08186401335
101321.95985026874
101322.99095939691
101317.82309255235
101327.79456679519
101332.31802853572
101329.78644960976
101333.92762690906
101331.77215615443
101335.37624894425
101332.78963627937
101335.08364496112
101330.95863053322
101333.72388855348
101330.03665707129
101334.00541907099
101327.45743098226
101332.41218337878
101325.53136161373
101331.9063388074
101322.55509741875
101314.78946870389
101323.15800404409
101320.16799825199
101328.59046131736
101326.69954296992
101333.4964321708
101333.15054320592
101334.92891097051
101331.99595875212
101331.6417361905
101326.29104867732
101325.83082923474
101320.05560253093
101321.16251417964
101316.13454328342
101325.61914614278
101330.53436089007
101327.80786841267
101331.56470512648
101329.50983611746
101332.82201817757
101330.51072969074
101332.76747446347
101327.67496326697
101330.02801686412
101326.6945141472
101329.92468123746
101324.28666247011
101328.88065469863
101322.9415751404
101329.30967933472
101321.09013150023
101315.52375997392
101324.57539103922
101322.28822555116
101331.26721091762
101329.56855632662
101336.49211482856
101336.17593447138
101337.69046168552
101334.80232273421
101334.72859308856
101328.49749033403
101328.62227305927
101321.12903602814
101321.73253717292
101315.89811295048
101323.88806010089
101327.9056337861
101324.89812093953
101328.06392639843
101326.05011468088
101328.95796003414
101327.08601850652
101329.36242657839
101325.26024828266
101327.28453731338
101324.35821961438
101327.23873332809
101322.24925418562
101325.82903332918
101320.85375585665
101325.59493328816
101318.80474206866
101313.42506271091
101320.43664171488
101319.09931141697
101326.21271481892
101325.32561230524
101331.01721144564
101330.77968615567
101332.24085746796
101329.787189323
101329.34231197918
101324.65719972951
101324.23709013421
101318.43513446639
101318.88339103626
101313.79397438571
101320.86111682349
101324.7801910689
101322.46875791585
101325.21851932351
101323.4682553309
101326.14543273875
101324.81837744292
101326.70838104506
101321.88788493114
101323.16545023341
101320.80844302787
101322.48493337503
101318.49779871209
101321.06772401006
101317.6014276489
101321.87404297215
101317.42286707068
101314.91255302375
101321.8372480736
101321.89176902027
101329.26364480818
101328.97415561162
101333.99681121216
101333.93647321474
101335.27072009639
101332.91353712384
101332.45442862362
101327.71530808799
101326.80312080788
101320.5184136686
101319.95145984189
101314.51840675264
101319.26558179958
101321.00616234123
101318.82122706472
101320.36919456057
101319.53003586276
101321.88681993631
101321.42037841862
101322.77706061499
101321.12089145691
101321.73238244359
101319.96408790276
101320.52313855253
101317.42610510878
101318.89048114806
101316.03830322581
101318.53529171762
101315.47443865889
101313.24508392981
101318.3909562591
101318.74830012626
101323.91103578026
101324.1440783522
101328.03547316535
101328.0989805377
101329.15073870415
101327.51389723452
101326.90234065405
101323.60540111508
101322.50443648286
101318.25966909027
101317.33246333331
101313.56391795519
101316.79172267066
101317.75160535659
101316.9322116838
101318.21918463417
101318.28645216324
101320.16284784809
101320.4785873208
101321.55832305667
101319.26008392905
101319.44192188699
101317.89098338672
101317.31315264796
101314.8845417377
101314.99626493659
101313.73935257274
101315.3612147504
101315.61724059688
101316.52637173876
101320.74133577658
101322.74035926994
101327.23628404453
101329.12907913775
101332.16810396028
101333.07554230317
101333.61840741735
101332.5636431826
101330.88393715536
101328.03263072617
101325.01326005414
101321.47777466559
101318.88747334699
101315.66299382009
101316.0664345042
101314.22685884472
101314.38452004894
101314.7150638212
101316.3359846129
101317.51267572632
101318.94729995498
101319.30096421672
101330.98355390906
101330.04242424938
101328.14419642904
101325.30198241046
101322.45962785892
101319.88147936724
101317.52011871364
101316.01367257594
101315.42917665967
101314.80927324046
101315.92378351718
101316.8196896234
101319.23023149472
101320.61762582748
101322.27811841693
101322.98898978635
101323.12347449674
101322.67701503211
101321.49013265906
101320.08923655523
101317.79726473824
101316.61511282393
101315.12643145908
101315.48156809105
101315.21641894826
101316.10100761094
101319.0062154184
101320.75932947909
101324.65021599396
101326.32836077768
101329.42247619914
101330.65317918563
101332.29497843012
101330.82689093784
101330.03663698406
101326.32036867061
101324.65592840142
101319.90090566194
101318.37822905155
101313.89928112851
101316.16267673342
101315.71150884576
101314.59423118299
101315.043683658
101315.06753596451
101316.56688405821
101316.93428363159
101317.75216294761
101317.4080624128
101317.99484662831
101316.48602470338
101317.15512205554
101314.44550613902
101316.19502923664
101314.07174473203
101317.03219954624
101315.09912088924
101314.1667564168
101319.6211260874
101320.86156680129
101326.4927241788
101327.26191293199
101331.16666090838
101331.41446111034
101332.61132910385
101330.54988072668
101329.69389938081
101325.52643906117
101324.51536634742
101319.34923739465
101318.90718354423
101314.17419481055
101318.75521815689
101321.18815347708
101319.31026108727
101321.53488756469
101320.95354620769
101324.08733856257
101323.17920457301
101324.74696301433
101323.5721898826
101325.19489843678
101322.52376891841
101324.37294294604
101319.61404658759
101321.84384599575
101318.00315276564
101321.51140988756
101316.90130432765
101314.30184395731
101320.25234939063
101320.35582752261
101326.67837178106
101326.83751744224
101331.38014406318
101331.49838937484
101334.51091477902
101332.04377569666
101331.75942147963
101326.41345544551
101325.99544755345
101319.58509713769
101319.40442734727
101313.67676509355
101319.9931591874
101323.05711892387
101320.61998281539
101322.50849960948
101321.05496105635
101322.84276036077
101322.1264450883
101323.42381290969
101322.34164107547
101323.96941852546
101321.50394539301
101324.20643479732
101319.77097834478
101323.41612600387
101319.02603436558
101324.03173500318
101318.06026771062
101313.69565026158
101321.29068836183
101320.47208967492
101328.56606061661
101327.38007692891
101333.24249338196
101333.32504124242
101335.01941491442
101332.22278733911
101331.81759048639
101326.64868594507
101326.00543514868
101319.97936385321
101320.27621120997
101315.19030659474
101323.19936368827
101328.15460123624
101325.76951401935
101329.65579410798
101327.41304274337
101330.81180068341
101328.68769962665
101331.02850794166
101329.24287991851
101331.61604783799
101328.13653070905
101331.711457236
101325.41037482637
101329.96111399101
101323.28124393892
101328.79053256552
101320.51954721713
101314.35294710567
101322.80788705969
101320.68976575455
101328.70971812279
101327.4318849781
101333.74987232964
101333.65129490307
101336.80006262493
101333.90770393361
101333.79171853636
101327.69078950622
101327.49205840709
101320.62750549165
101321.06057368284
101315.93607662134
101324.787080018
101329.11511978821
101326.47519097899
101329.60607980986
101327.75099485692
101330.41881756042
101328.34313492588
101330.18139937232
101328.58761183641
101331.16743590757
101327.90434863733
101331.79374593458
101325.76559099817
101330.72211244558
101324.15838082822
101330.72311181674
101321.98526943865
101314.42174028183
101323.63392172623
101321.16301391111
101330.50314852863
101328.32686160569
101335.50969390661
101335.43902302244
101336.20557635263
101333.21127868393
101332.92559263667
101327.35448089261
101327.1723218704
101320.90040183841
101321.87940034484
101317.51010009614
101327.43889922395
101332.5066806901
101330.27750439366
101334.58085631237
101332.75283613017
101336.43113616627
101334.03120841437
101336.2875402325
101334.43225651031
101337.32355452457
101333.40192633402
101337.51748470482
101330.28347701521
101335.22964489181
101327.35187298208
101333.8450957067
101323.81708083003
101315.31177172574
101324.5514635556
101321.2025372666
101330.34144089394
101327.72117842091
101334.91676911368
101334.71443348608
101336.67527524507
101333.60091101314
101333.60689859949
101327.50744137247
101327.80702300149
101321.2373265732
101322.3132542041
101317.74988073524
101328.36032431808
101332.80555712727
101330.54568502064
101334.82269430104
101332.7710591589
101336.4457132206
101333.87307690221
101336.14269000785
101334.18170087454
101337.19109289597
101333.25646048192
101337.48784421323
101330.11784285589
101335.55445868311
101327.48604418048
101334.64397124693
101324.45385261053
101315.66837152197
101324.86442344336
101321.29088072496
101330.73515949029
101327.89798851519
101335.33220321589
101335.12049263317
101337.09329461154
101334.24030808886
101333.1441787365
101327.96907991442
101326.67381573105
101321.0323660211
101321.66606360124
101317.90966647395
101329.60917489135
101333.42802807977
101332.32046800337
101336.17186616598
101334.22162192353
101337.74349968926
101335.51488539155
101337.94000293995
101336.06424439118
101339.24275211657
101334.69552842401
101339.12360920521
101331.49157224793
101337.69486162756
101328.55357304191
101336.04172340958
101324.7363193476
101314.87826087166
101324.46707851616
101320.73336140205
101331.18804485569
101327.68747674595
101335.68674629649
101335.01459233199
101339.93284689926
101337.03239425598
101336.13080447318
101330.07949156416
101328.49962100392
101321.8800358288
101321.80971041715
101317.65515347279
101328.77235246095
101332.61362517055
101330.89800631473
101334.48119853236
101332.44499485774
101336.07587407324
101333.75481608789
101336.24346413059
101334.32708944169
101337.45337726932
101332.89667405697
101337.29703726877
101329.68740684786
101335.97116473116
101327.35800688829
101335.14227661285
101324.13553560774
101314.49220241384
101325.82032300341
101321.88476997221
101333.33012475003
101330.1944778933
101338.54684459738
101337.95716103888
101335.44854926094
101332.47784596319
101331.61614112783
101326.40018525081
101325.2885788486
101319.66713816961
101319.93302706376
101315.90468616105
101326.27503248653
101330.20959485525
101328.26324150406
101331.54253132023
101329.38321854822
101332.58576044717
101330.3727250083
101332.7933545572
101330.98299943397
101333.90701893564
101329.55970607458
101334.04202293012
101326.83964593775
101333.09300106627
101325.14054332318
101332.45436139642
101322.53188398782
101313.17863013563
101323.10354885446
101319.38003361523
101329.21118187073
101326.37813708821
101333.97982426391
101333.34739127386
101338.70425681517
101335.69298512801
101335.04449907932
101329.07522922142
101328.40662014918
101321.25884169822
101321.25462509278
101315.52825332532
101324.53091567235
101327.44037362812
101325.33978806291
101328.16655554113
101326.63908582545
101329.63553146661
101327.96515754041
101330.42258901065
101328.67226255217
101331.2163724775
101327.45685474182
101331.00800226745
101324.08229920057
101329.55607487129
101322.46340871874
101329.64033620895
101321.28305850241
101314.1164642409
101325.13251908522
101321.74872045823
101332.40117064829
101329.59814995341
101337.37188714117
101336.83395679493
101332.38003238678
101329.70438439635
101328.87112152454
101324.15052691234
101323.15997087091
101318.01098088559
101317.8862906562
101313.69769211061
101321.28391788356
101323.6814980403
101322.13779427303
101324.39283536012
101323.16835142652
101325.16742322633
101324.20112445326
101326.30280710834
101324.86185132999
101326.74292027418
101323.68130573284
101327.04181796339
101321.23253510719
101325.68981428325
101319.57783068225
101325.51108547745
101318.63014781041
101311.83460814516
101320.37612734751
101317.94487523825
101325.8921288588
101324.49564855939
101331.06967337009
101330.79053463379
101336.80361953974
101334.1916994818
101333.43623940714
101328.45927946875
101326.55304672856
101321.00682536983
101319.84279312335
101314.45229922023
101319.69622789124
101320.72039404546
101319.17515249809
101320.40881232137
101319.69468569782
101321.65305839965
101321.57667398779
101322.87686436712
101322.0291581036
101323.32723696226
101320.70373222465
101322.62978782451
101318.27763237893
101321.5562423989
101317.04957208065
101322.15111980781
101317.7485371417
101314.10920004838
101323.08920410392
101321.64389582393
101330.18146986174
101329.32567036441
101335.43437538639
101335.30977463425
101329.16472888742
101327.5461886671
101326.2126111401
101322.6747517646
101320.95358492434
101317.59335631094
101316.29306890575
101313.6739557345
101317.3573357126
101316.66495494016
101316.46257752608
101317.12024643131
101317.50981276878
101318.78571681885
101319.56333524482
101320.817261246
101320.58724327004
101320.70140249739
101318.7857616338
101319.63080940269
101316.31177786764
101318.44205319209
101314.98721808328
101318.10862617465
101315.22805656811
101312.18823545758
101318.00312682979
101317.28891823333
101322.94110208547
101323.1426097545
101327.85855529006
101328.16315027041
101335.29930868783
101334.27547564448
101332.10959929306
101328.96492379057
101325.59403469718
101322.27180874834
101318.79315575273
101315.99256974096
101316.05670345854
101314.40509514503
101314.54899859158
101314.73244626609
101316.43516165426
101317.13411219891
101318.84567203475
101319.5076253233
101319.5679184014
101319.4177074149
101317.66071930376
101317.36658461575
101315.26037839983
101315.12440406643
101313.8731155367
101315.53472059508
101315.99177469629
101316.39676559204
101321.34143659503
101323.10258427546
101328.31833817568
101330.09659353697
101333.8540432603
101334.8688068716
101323.64283165858
101323.04456015615
101321.66074190893
101320.25697497305
101318.04517476982
101317.12221072696
101315.17519962475
101315.99296358816
101315.36662791455
101316.85237069153
101319.48941652126
101321.29506821226
101325.62613222571
101327.09210311269
101330.80280246332
101331.82982708004
101332.1796827794
101331.24551734798
101328.9749703391
101326.22783593884
101323.13667809215
101320.50952789727
101317.79074659072
101316.47517643435
101315.46868268032
101315.18901652872
101316.29340426521
101317.09792338352
101319.56171774378
101320.79986967871
101322.62192090019
101323.4846767175
101316.36619321554
101316.46487996948
101314.82425638362
101315.88718218227
101313.07013228061
101315.26300097408
101312.76686553577
101316.65066321727
101314.83946379043
101313.01527051664
101319.29162459711
101319.62813495996
101325.60406565528
101326.61323292178
101331.21035911674
101331.65703783694
101332.50157581607
101330.97974233546
101329.53549407158
101325.63423631842
101323.40761540961
101319.33145684398
101317.43731463909
101313.95386450012
101316.79280140319
101314.53192738601
101313.76072321754
101313.58050516574
101313.95137432606
101314.87282003606
101315.50178548423
101316.48310843839
101323.82729076024
101325.55719873772
101322.58213614374
101325.01616632527
101319.57056767966
101322.9848246789
101317.70659716267
101321.92439879804
101317.18401655076
101313.81500624363
101321.42457610164
101320.15077141389
101327.44578738739
101327.08319297145
101332.63915954507
101332.71799344147
101333.93816038038
101331.61467641711
101330.66853989539
101325.97938872527
101324.30735258604
101319.62257581677
101319.02845270473
101314.17636251842
101319.25355131939
101321.37289275855
101319.88241316684
101322.19296782288
101321.38894639735
101324.14062127132
101323.45540633016
101325.13762827711
101321.88120186441
101323.35196617935
101320.77497542655
101323.68392318569
101318.6477384405
101322.93901706605
101317.84088793838
101323.93071793868
101317.95139027936
101312.27993641293
101321.50897244537
101319.58012940123
101328.23750631452
101326.95387392142
101333.82394626814
101333.79860650828
101335.20641189031
101332.43713276347
101331.46619337729
101326.1719009457
101324.98362502937
101319.28408193389
101318.78584157559
101313.47169589113
101320.48571484011
101322.01215428792
101320.41140289613
101321.5489654182
101320.62857266622
101321.89205892922
101321.51309603483
101322.93327422658
101330.21397537043
101332.62211437951
101328.73829360251
101332.66064580187
101325.24994294654
101330.84607195147
101322.84048336673
101329.45646730097
101320.78978728865
101313.14112770479
101323.65750303675
101320.24772049105
101329.7361629604
101327.32574645398
101334.56745000745
101334.1086640034
101335.77640633285
101332.84494334403
101331.90574831692
101326.84438906175
101326.0148449504
101320.00772835519
101319.96922922367
101314.90094643969
101323.89415805587
101327.77825440149
101326.16609679771
101330.11374353083
101328.22925245222
101331.47723603413
101329.47815341999
101331.99348781523
101328.24906009319
101330.94289613955
101327.17125492283
101331.71617369489
101325.10045408832
101331.14272559101
101323.60428895011
101331.22057317334
101321.9167618721
101312.86099335016
101323.26806921598
101320.36191333896
101331.10723558372
101328.03517984827
101336.02888549835
101335.74397830169
101337.37828782652
101334.47649741666
101333.6822301434
101327.84114777874
101326.61865823144
101320.29152174825
101319.51380692469
101315.49827793818
101325.44056685826
101328.56365434245
101326.81431006809
101329.23410399471
101327.72040790335
101329.89116020229
101328.05420606988
101329.71783033568
101335.38082271659
101338.58381936878
101333.88124134896
101338.31296295674
101330.5922974705
101336.68689670872
101327.64119781423
101335.02115153038
101323.86184454718
101314.00919984891
101324.69236724469
101320.74017622418
101331.48581623907
101328.30536778746
101336.2376286652
101335.75147989408
101337.43207171571
101334.74452255105
101333.63991179214
101328.31466213643
101326.86050519516
101320.84856043017
101320.83111279878
101317.33929031668
101328.44672157787
101332.66221339478
101331.42787572765
101335.21007269094
101333.47220489982
101337.01618044866
101334.86953887944
101337.27220916646
101334.7568615443
101338.03622118608
101333.38820704758
101337.95969065122
101330.38052553823
101336.82291681712
101327.96842231245
101335.73582349101
101324.62605082619
101314.75096923002
101324.79589922974
101320.73094533393
101331.56259295887
101328.18256335129
101336.24927089049
101335.89516364725
101337.75958318249
101335.03163431706
101333.8014843463
101328.33274976425
101327.05261298883
101321.04684128478
101321.55249089556
101317.83618129622
101329.46359624605
101332.96830835586
101331.60506469944
101335.31811883159
101333.10826795487
101336.6507698801
101334.24866088379
101336.8406269074
101336.071536913
101339.24766449632
101334.69248313383
101339.12461329125
101331.488013644
101337.69447348549
101328.55319210424
101336.04163991212
101324.73786834386
101314.88002176385
101324.47130529079
101320.73526138006
101331.18785076802
101327.6851654224
101335.68376125455
101335.02317536666
101337.09169590646
101334.27466355168
101333.12903975861
101327.96176560738
101326.67484444199
101321.03112375499
101321.66226361532
101317.91153238078
101329.61141095753
101333.42489334269
101332.31691819496
101336.17211764303
101334.223187721
101337.74431748899
101335.52047095016
101337.94539195894
101334.33348780901
101337.47480365066
101332.90058019178
101337.30054171268
101329.68777277209
101335.96836484101
101327.35226052423
101335.13912393762
101324.13600506372
101314.49183603571
101325.82322224931
101321.88662569073
101333.32996408825
101330.19534061493
101338.54870041981
101337.96086335649
101339.93290143217
101337.05068125224
101336.12190281351
101330.06877060821
101328.5011327907
101321.88033233334
101321.81017610205
101317.65523649413
101328.77298698205
101332.61267773763
101330.89677645729
101334.48491778338
101332.44064253059
101336.07218988849
101333.7484433783
101336.24644943062
101330.99171997966
101333.9134436083
101329.56783946467
101334.040404117
101326.83371065247
101333.09657035889
101325.14297852635
101332.45817999891
101322.53462812769
101313.17596661001
101323.10046221252
101319.38261802448
101329.21242521977
101326.37851044125
101333.98210238302
101333.34766841025
101335.4480921395
101332.47888449497
101331.61422811847
101326.3953265203
101325.28842167961
101319.66633415344
101319.93403140167
101315.90377548437
101326.27513316735
101330.21398598564
101328.26347727701
101331.53349377208
101329.38720828605
101332.5936556619
101330.39371754273
101332.80212495512
101328.67250456853
101331.21364261862
101327.45705631829
101331.0022640691
101324.08822907733
101329.54357780487
101322.45264387083
101329.64104412522
101321.28514089037
101314.10491046948
101325.13171200275
101321.75084498417
101332.40707506341
101329.60338460005
101337.37831697172
101336.83643392127
101338.7050704275
101335.69134798698
101335.04188570846
101329.07188165655
101328.41406251483
101321.25936186331
101321.25711225063
101315.52668611715
101324.53026997155
101327.45146504542
101325.34757847936
101328.17804104314
101326.6358221166
101329.63380943109
101327.96403124985
101330.42065448094
101324.85785731897
101326.73910220285
101323.6791580617
101327.03765435048
101321.23771748802
101325.69458645866
101319.57456439034
101325.5110727365
101318.62806363917
101311.8272702161
101320.37844449046
101317.92883386364
101325.89562914922
101324.48997560056
101331.06805287485
101330.78527807796
101332.37977467715
101329.70163305887
101328.87158241423
101324.14579969607
101323.15935523667
101318.0084666324
101317.88638248239
101313.69472062205
101321.27695657595
101323.66389399726
101322.13141658256
101324.38009230583
101323.16937258875
101325.1686925551
101324.20251020842
101326.29705999471
101322.02201256195
101323.32337081597
101320.70138022534
101322.62644731665
101318.27635105806
101321.56212566877
101317.04911739157
101322.15316778836
101317.74535580204
101314.11906659322
101323.09426329492
101321.64525510145
101330.18800614527
101329.31987592074
101335.43350157546
101335.30632805402
101336.80005184624
101334.19066851681
101333.43543046041
101328.45771280161
101326.55189690369
101321.00273964932
101319.84528102815
101314.45295563553
101319.69773190275
101320.71646452774
101319.16673459158
101320.39660711041
101319.68858461862
101321.64673062185
101321.56647500455
101322.86862987516
101320.58409100943
101320.70324627587
101318.7873299974
101319.63322650539
101316.31682273324
101318.44621953319
101314.99076083745
101318.10968653302
101315.22241710059
101312.19232856926
101317.99524746669
101317.28485983137
101322.94281061368
101323.13923549603
101327.86028378931
101328.16321347241
101329.16841098355
101327.55020535119
101326.21993322625
101322.67762733647
101320.95913016671
101317.59073533936
101316.29354943887
101313.67702450456
101317.36129379683
101316.67388774341
101316.46455691208
101317.11966576285
101317.51194357294
101318.78682842272
101319.55592104411
101320.81701179514
101319.56757138913
101319.41914002549
101317.66086117949
101317.36529508141
101315.2587328279
101315.1218728539
101313.87156960645
101315.53238477082
101315.9874579709
101316.39568778056
101321.33566446143
101323.11560850678
101328.33438705039
101330.0734601005
101333.85696774503
101334.86618795515
101335.30007776752
101334.27350148233
101332.11243062292
101328.95899405789
101325.59459029476
101322.26680873302
101318.79078521012
101315.98900946652
101316.05870426529
101314.40677684612
101314.54838041968
101314.73200484236
101316.43538399416
101317.13403495631
101318.84699709676
101319.50749520236
101332.17920030923
101331.24515402652
101328.97216739155
101326.22854315596
101323.13781062367
101320.50542598053
101317.78765352978
101316.46913722686
101315.46510358081
101315.18697329312
101316.29040223386
101317.10541973144
101319.54610257676
101320.79707699423
101322.6361780139
101323.4835651615
101323.64503307769
101323.04340387796
101321.6626420634
101320.2534289358
101318.04410386216
101317.11726491022
101315.17366107515
101315.9937106393
101315.36525015773
101316.85354626442
101319.48747407082
101321.29381659059
101325.63117675536
101327.09460099721
101330.80800858825
101331.82791191131
101332.50338790446
101330.9821143945
101329.53448882558
101325.63504387243
101323.40732079247
101319.3260359861
101317.43664549415
101313.95093686863
101316.78903365362
101314.52906513555
101313.75419056913
101313.57682829167
101313.93860928957
101314.87085143611
101315.50541620258
101316.47954571148
101316.36946895036
101316.46715521801
101314.82905534116
101315.88497012408
101313.0684678282
101315.2643204825
101312.77535475147
101316.64716141288
101314.84214132125
101313.01087286251
101319.28892581929
101319.62518799659
101325.60421998744
101326.61350849574
101331.21730920309
101331.66074514548
101333.93963358914
101331.61363030563
101330.66669267727
101325.97469116843
101324.30379590183
101319.62051197101
101319.03449881129
101314.17623287582
101319.25348516236
101321.37177295478
101319.87827943874
101322.1873375671
101321.38206792083
101324.13866970505
101323.46070281877
101325.14009871241
101323.82955093103
101325.55698262878
101322.58534108652
101325.01816047357
101319.564931885
101322.99864616501
101317.70556248011
101321.91230135431
101317.17982909866
101313.8078316774
101321.40741483835
101320.15731506696
101327.43953290241
101327.08202683262
101332.6355673107
101332.71617574108
101335.20563665344
101332.43294928806
101331.46872172535
101326.169380935
101324.98039826981
101319.28498722464
101318.78670097767
101313.47226572322
101320.4863715992
101322.01174138971
101320.40849254563
101321.54907733531
101320.62750775598
101321.89324120063
101321.50609696166
101322.93271368285
101321.87979050986
101323.35295149455
101320.7701163546
101323.6888123205
101318.65443939508
101322.9293380037
101317.81575088689
101323.92580369579
101317.9446413789
101312.28852960015
101321.51532330035
101319.57810186018
101328.24508784169
101326.95749455373
101333.83515207635
101333.80128127939
101335.77543503584
101332.8419464304
101331.90469302806
101326.84682634621
101326.01651706573
101320.00487949737
101319.96196766158
101314.898600192
101323.89154824392
101327.7721783046
101326.16786880697
101330.10746449992
101328.2255251305
101331.47408484299
101329.47805058988
101331.9939255616
101330.21299518635
101332.62101491899
101328.73692443866
101332.65292854162
101325.23183731455
101330.83678611732
101322.85519561173
101329.4716218403
101320.78933185196
101313.13662035065
101323.65440980218
101320.24902827726
101329.72392340157
101327.31882581764
101334.5657504642
101334.09954962009
101337.3696261232
101334.46030289671
101333.70257950081
101327.84977516456
101326.6239550457
101320.29291913363
101319.51288401494
101315.49944444967
101325.4420535071
101328.56609262645
101326.81737269477
101329.23775334583
101327.72177253102
101329.88878881534
101328.05854209495
101329.72214617612
101328.24465292621
101330.94127436391
101327.17201752684
101331.72272139737
101325.11160247547
101331.17258624791
101323.60827463229
101331.21596186617
101321.9164738479
101312.86050594067
101323.27117080575
101320.36156041248
101331.10716887536
101328.03936019322
101336.04766607071
101335.7333979004
101337.42860951005
101334.71583335401
101333.67900190948
101328.32114957787
101326.85426192611
101320.84559909892
101320.82926933133
101317.34017377983
101328.44755182712
101332.66308303636
101331.42827623391
101335.20984267673
101333.47230452432
101337.0159080521
101334.86955856768
101337.27509835325
101335.3797169449
101338.59423382206
101333.88478442497
101338.31302037934
101330.5938216436
101336.69139035323
101327.64021829677
101335.02038484675
101323.8610323257
101314.00733322333
101324.68504623842
101320.73639515959
101331.488580188
101328.30626561711
101336.21733257468
101335.73568752719
101337.77789424459
101334.95875932867
101333.86468159352
101328.33858571145
101327.04598344908
101321.0479606872
101321.55510769281
101317.83606985575
101329.4633320377
101332.97061106098
101331.60812301733
101335.31854498686
101333.11282004706
101336.66310618355
101334.25067143438
101336.84058465259
101334.75554381104
101338.05067952126
101333.3931630632
101337.9607025171
101330.38310472282
101336.82660094243
101327.9687309088
101335.73649815252
101324.62565863563
101314.74962701468
101324.79409217599
101320.7329327745
101331.56322591749
101328.18619677206
101336.25538802668
101335.8924454011
101337.99282717428
101335.04854510081
101333.61842872074
101328.32855252753
101326.31746758097
101321.0875697345
101318.94127156612
101316.40891104745
101331.4674396521
101335.45841491962
101332.91346926497
101336.82817548074
101334.96595328875
101338.64558921977
101336.42604432245
101338.633311155
101336.87524004679
101340.07900867055
101335.48393427886
101340.33831676542
101332.14624705094
101338.21923348567
101330.18434003278
101337.61011134615
101324.15136908846
101313.43961743327
101323.55938885208
101320.63587142798
101331.97885644002
101327.98277059241
101336.71826520526
101335.71327963384
101340.91887995931
101337.9518200415
101336.54604324113
101330.6671899192
101327.93929626847
101321.9882602843
101319.68134103938
101316.54512259338
101330.02532992521
101333.99181633643
101331.53429416209
101335.10189909219
101333.34022421579
101336.85549101634
101334.75336133171
101337.15646596046
101335.31965188774
101338.58490995066
101333.7313767812
101338.19848357848
101330.26497695081
101336.5637309904
101329.00139272696
101336.38897780117
101323.48082085952
101313.26714632133
101324.71745318369
101321.71355806087
101334.59935958503
101330.69212274555
101339.59977572961
101338.71952333952
101336.24140962603
101333.20092575838
101331.88958489228
101326.64153763482
101324.87118177419
101319.48184535778
101318.96218583213
101314.81233631984
101326.75387758086
101329.95988370749
101328.40969098129
101331.5563801197
101329.57362805368
101332.93862271664
101330.82520749031
101333.1552006587
101331.38502207029
101334.45552426951
101329.91189532877
101334.62005190013
101326.7693514297
101333.35953781102
101324.80453516523
101332.87705023748
101322.18527177551
101311.92741501307
101322.84352671391
101319.00074289415
101329.58369303173
101326.59259670206
101334.74547565934
101334.03713243076
101339.88537118296
101336.65617810798
101336.06560652124
101329.70722788799
101328.38796484715
101321.17916260693
101320.64329224777
101314.7172607299
101324.73126751996
101326.76465325049
101325.31922364527
101328.08292529965
101327.09323551733
101329.96164282602
101328.34329900051
101330.97562602973
101329.26223211786
101331.70575457081
101327.72428391804
101331.66185489268
101323.9064773142
101329.94318890561
101321.88806130562
101329.88112364407
101320.88993453715
101312.86049822601
101325.24918975114
101321.42898397057
101333.27185828467
101330.23618573214
101338.52830522219
101337.81295265612
101332.75936002094
101330.01740552283
101328.67037735156
101323.79066192418
101322.51659766778
101317.40576348915
101316.79613624034
101312.50067087935
101320.77718065564
101322.7611625218
101321.85413703888
101323.75400326971
101322.73490306638
101324.33645899367
101323.50790111159
101325.69166037643
101324.26332819553
101326.05226107837
101323.10421753104
101326.80464832552
101320.47820407683
101325.4972911223
101318.65808862935
101325.2877857002
101317.84237461674
101310.60297596719
101319.67544429754
101317.06874510685
101325.65843261025
101324.01448541702
101331.23955918974
101330.98637447586
101337.4201689006
101334.76207873799
101333.8661335714
101328.76703767183
101326.54531423785
101320.71735628162
101318.7449570178
101313.50184063813
101318.97014815958
101319.76620581075
101318.67851899502
101319.86335636764
101319.34718523679
101321.42109761556
101321.70010497727
101323.34266835547
101322.45746785862
101323.67490089282
101320.7287113785
101322.5831804639
101317.6654701229
101321.122338509
101316.18208527227
101321.65647437677
101316.86219596092
101313.09279838059
101322.54394518523
101321.22617252896
101330.67933944249
101329.55738611936
101336.3285897148
101336.00842927018
101330.63858234137
101329.05254671074
101325.82616259165
101321.87224609384
101320.06985935161
101316.55938321211
101315.14829214812
101312.53076980499
101316.71746046499
101315.23664164626
101315.36778026832
101315.74387726975
101316.54797874615
101317.67892317536
101318.12687087306
101318.13524911697
101317.9752451769
101318.66888723972
101317.71463005242
101318.81004583823
101315.09209493207
101317.21521151041
101313.85945281193
101317.1318362282
101314.22090392243
101311.0079184386
101316.93509390767
101316.24919369412
101322.15813365491
101322.31073531158
101328.30831912243
101329.87227846708
101337.51251145209
101336.24183777839
101332.94657650156
101329.30935085547
101325.35629156335
101321.63498244091
101317.75889241077
101315.29188005123
101315.13469440799
101313.25682859137
101313.31416982235
101313.59895704084
101315.75270022491
101316.39087940608
101318.57153628004
101318.26627472001
101318.4881720311
101318.38356321142
101317.10604924803
101316.72113199168
101313.97565799493
101314.17736193174
101312.69542801991
101314.75243448178
101315.09514081801
101315.56713846966
101320.57991955575
101322.57272721158
101328.67562435976
101330.60057775996
101334.95382879883
101337.12102731965
101322.46237697345
101322.36422016249
101321.57090086894
101320.0032869094
101317.32365944939
101316.28802186277
101314.11850311153
101315.14639014102
101314.33604025027
101316.391645854
101318.66053507113
101320.75179268356
101325.55719750296
101327.38619727851
101331.8610572753
101334.01693491374
101334.358531891
101333.04646871067
101329.59065031534
101326.36835906157
101322.67028008017
101319.80313390889
101317.32205113096
101315.47286039815
101314.61898964972
101314.00444367374
101315.40817372814
101316.24138671551
101319.27948136955
101320.56401876928
101322.46727530312
101322.52158129451
101314.7992541556
101314.80903424593
101313.5175924647
101314.78455088218
101311.74299515481
101313.94368670403
101311.4328143257
101315.61989051232
101313.89170717982
101311.58573766147
101318.10856485568
101318.53460448809
101324.95189724208
101325.87981560358
101331.82099024308
101333.70484478489
101334.45866663777
101332.42400279159
101329.17509643044
101324.80656698282
101322.55079891466
101318.3265369592
101316.10449260091
101312.74967125778
101315.94902748075
101313.12025224345
101312.57371964512
101312.23506042735
101312.78684757938
101313.56482675248
101314.14482204786
101314.74229544829
101323.63194042273
101325.37530598651
101322.45050463629
101325.1816570361
101319.01722426168
101322.40830326606
101316.70843046912
101321.33711643229
101316.23449986817
101312.9349725037
101320.92638579497
101319.70984534417
101328.05309348449
101327.10660880806
101333.36616865467
101333.04314915738
101334.3765229604
101331.93879265002
101331.23888530416
101326.15168508618
101324.30955157174
101319.13589047248
101318.05911623384
101313.17802753854
101318.63268769231
101320.31797531675
101319.39951205642
101321.57081362147
101321.36619829832
101323.84876439701
101323.31094625079
101324.99578923927
101321.55976654889
101322.74568743061
101320.36180317073
101323.30287254663
101317.83581280931
101322.46527861772
101316.8865356688
101323.52089057444
101317.01365532799
101311.03145217604
101320.8987245192
101318.76577275786
101327.87411021434
101326.69098417179
101334.22778286313
101334.11832325181
101335.76695538929
101332.90348620695
101331.48548486733
101325.97778387152
101324.65190252427
101318.66595869648
101317.50178710509
101312.24044281289
101319.80552303992
101320.96885919973
101319.8247727795
101320.73925811428
101320.21684850962
101321.18896109065
101321.11341690147
101322.51376954303
101331.22447099433
101334.16401445503
101329.27332116608
101333.79084841881
101325.09080321706
101331.38858516657
101322.38544224681
101329.84519720744
101320.32150504422
101311.89651158745
101323.96544226535
101319.9346573614
101330.70977146845
101327.35450115125
101335.33754624893
101334.81953389691
101336.61283998664
101333.56835490656
101332.43652670176
101327.29550420844
101326.0016954466
101319.92471292293
101319.30825145393
101314.17209317393
101323.87594735833
101327.48289482914
101326.3318925903
101330.19132022574
101328.72178214596
101332.16503400094
101330.31913723437
101333.34503521859
101328.39381760666
101331.17574251097
101327.10471623021
101331.99193058032
101324.79931095595
101331.42541684549
101323.27667912464
101331.52734637217
101321.58552863718
101311.5989301011
101323.11159076984
101319.95054791102
101330.99045045022
101328.34543425732
101336.87258373288
101336.46939515824
101338.21777812506
101335.15184336372
101333.72302005724
101328.07182053235
101326.13633380833
101319.93395659774
101318.47096112066
101314.30998067379
101325.60131419786
101328.03061743161
101326.95547833922
101329.13115513875
101327.78849896694
101329.81926294976
101328.09103483301
101329.81006481186
101336.35702714973
101339.51052626873
101334.75319575758
101339.4527900051
101331.16289150665
101337.35374959008
101328.88301245707
101335.90003403173
101323.47776527978
101312.77635448019
101323.49489064931
101320.78841068693
101332.73393630821
101328.7340593905
101337.17894439875
101336.5472405943
101338.26046380756
101335.57407545148
101334.09724176621
101328.85131874711
101326.61576284344
101320.73792083251
101319.03764643017
101316.55819164553
101329.54102679637
101333.66995509165
101332.02695057238
101335.73767111717
101334.34870266012
101337.85612716326
101335.93019996927
101338.02467760982
101335.48907748936
101338.77449295197
101334.17895956938
101338.96316670188
101331.06073519748
101337.43672084642
101329.72057188308
101337.41307103913
101324.09630034931
101313.28518425291
101323.57069407018
101320.57196756275
101332.5221889185
101328.37790315674
101337.1644222452
101336.47892830035
101338.58657270337
101335.83262551131
101334.0684984879
101328.65915089248
101326.48081733292
101321.11708220087
101318.84548517999
101316.25636396477
101331.36923019982
101335.12683445534
101332.32243443654
101335.8409182076
101333.9104078988
101337.48623626097
101335.12088475502
101337.39770876445
101336.88202582537
101340.0751083463
101335.47867705463
101340.34760298295
101332.1356083875
101338.21431509616
101330.18603804309
101337.6094056859
101324.1533917569
101313.44230227641
101323.56335507185
101320.6397355496
101331.97961421599
101327.98302087343
101336.72561257337
101335.72363078526
101337.99805896509
101335.07432406844
101333.60003718377
101328.32148590917
101326.32114088346
101321.08763934921
101318.93885669502
101316.40966060224
101331.46829367346
101335.45597923145
101332.91141048443
101336.82954564555
101334.96842010516
101338.64315217824
101336.44029085191
101338.63681864546
101335.31965074709
101338.58444353523
101333.73357957377
101338.1989059085
101330.26346130719
101336.56073322184
101328.99852778096
101336.38561279462
101323.48263013542
101313.27013767006
101324.72057630564
101321.71925338518
101334.59997359672
101330.69254190581
101339.60425951295
101338.71525667504
101340.90126318161
101337.96478217174
101336.55199393253
101330.65704705735
101327.93770295396
101321.98909463563
101319.67924238753
101316.54520707109
101330.02508936086
101333.98997706907
101331.52838340908
101335.11401428829
101333.33564439541
101336.85401290016
101334.74764656421
101337.15362663286
101331.38740564548
101334.45680253822
101329.92249912246
101334.61714760294
101326.75481020247
101333.36771841088
101324.80733303932
101332.87879693575
101322.18801402622
101311.93009123222
101322.84721743813
101318.9987114278
101329.59002772163
101326.5909604824
101334.74637781593
101334.03692759581
101336.24252864761
101333.19522771254
101331.88336629147
101326.6352761751
101324.86992595438
101319.48089092548
101318.96086639029
101314.81134432528
101326.75262228612
101329.96535390764
101328.41956260732
101331.55494886069
101329.57597513194
101332.93561677478
101330.82406648161
101333.1566084431
101329.2648606508
101331.69556369647
101327.7271352743
101331.6579253383
101323.92080142836
101329.93499858487
101321.86880957846
101329.87761267171
101320.88659658031
101312.85264400547
101325.25979238728
101321.42549101404
101333.27987595128
101330.24077865759
101338.53203367238
101337.81441815622
101339.88821286467
101336.65066607924
101336.06785791897
101329.69880274715
101328.38859684388
101321.17859971253
101320.64577846651
101314.71685781179
101324.73110161388
101326.76762861773
101325.31433191562
101328.05882444824
101327.09555919822
101329.95871947377
101328.34941966854
101330.97843852761
101324.26200384414
101326.04783373719
101323.10058031997
101326.80000213123
101320.48765445949
101325.50227872349
101318.65106877882
101325.28553437287
101317.84358137769
101310.59139329991
101319.67708511349
101317.05205630627
101325.65826979461
101324.01281352609
101331.23458568149
101330.97487231535
101332.75521989129
101330.01262856679
101328.67284508821
101323.78863159321
101322.51383257945
101317.39937400063
101316.78808268905
101312.4985646125
101320.7754506841
101322.75539526703
101321.85133496686
101323.75905153302
101322.73780101861
101324.34463465067
101323.51247179021
101325.69048636919
101322.45336340026
101323.67184749526
101320.72708873078
101322.58109627993
101317.66394274303
101321.13191643398
101316.18151236101
101321.6603171165
101316.8548935056
101313.09717087282
101322.5389293136
101321.22852516454
101330.69609046896
101329.56106559784
101336.33562509436
101336.010519036
101337.42220188865
101334.76076409624
101333.86370724335
101328.76950439907
101326.55126393834
101320.71813715649
101318.75170781855
101313.50334787711
101318.97140139082
101319.76784373203
101318.67521124867
101319.86144792259
101319.3430522354
101321.41952094412
101321.69591055397
101323.33826355271
101317.97333931479
101318.66959019769
101317.71582575855
101318.81357072751
101315.09620016077
101317.21937378625
101313.86738913422
101317.1239072755
101314.20868594357
101311.01858316254
101316.93232014272
101316.24489195115
101322.15366570299
101322.30385608859
101328.30534097123
101329.8718414902
101330.64089028006
101329.05386449417
101325.83594878561
101321.86988661526
101320.0901676693
101316.5462463345
101315.14868256109
101312.53793003858
101316.7195660141
101315.24377988273
101315.36977859846
101315.74622215082
101316.54288822385
101317.67543657722
101318.12237892342
101318.13335915253
101318.48848177788
101318.38523976202
101317.10719145389
101316.72221391057
101313.9769026658
101314.17559211812
101312.695775428
101314.75006059775
101315.09131121004
101315.56514484042
101320.57193039503
101322.56324196218
101328.68723266541
101330.59786375389
101334.95200338578
101337.1167930738
101337.51061205778
101336.24099521825
101332.95274630045
101329.30363137569
101325.36453967972
101321.62549521003
101317.75274751331
101315.28824428035
101315.13728012038
101313.25940658485
101313.3116635975
101313.59779241866
101315.75650728942
101316.39147295032
101318.57079065431
101318.26792363675
101334.35812885372
101333.04735959014
101329.58939497356
101326.37015713184
101322.67334250457
101319.80078563467
101317.32052187476
101315.46490625043
101314.6151586768
101314.00055846543
101315.40583183905
101316.24086595951
101319.28406989735
101320.56871001358
101322.47215680542
101322.52028489353
101322.46389409203
101322.36332367502
101321.57465499255
101320.00184524633
101317.32639347654
101316.28305639341
101314.11472740227
101315.14623300129
101314.33803704525
101316.39642726989
101318.65874110177
101320.74602232123
101325.57032359795
101327.38537931614
101331.8610161144
101334.01961149546
101334.45617722598
101332.42528074828
101329.17148557691
101324.80960063283
101322.55431208348
101318.32575485116
101316.10586522255
101312.7485940394
101315.9462078175
101313.11532258822
101312.57222446504
101312.23377720159
101312.7878153179
101313.56801337385
101314.14562871188
101314.73662357518
101314.80130115188
101314.80942461899
101313.52162407541
101314.78422000738
101311.74965509224
101313.92752048741
101311.43948768369
101315.61595933975
101313.89899639433
101311.5967790217
101318.10674675459
101318.53204824669
101324.96295589932
101325.87892271735
101331.82475041752
101333.706157462
101334.38021099893
101331.93940929566
101331.23520908593
101326.14974170084
101324.30639543716
101319.1394492406
101318.0671058837
101313.17439806642
101318.63084532606
101320.31550401066
101319.39402040711
101321.55163288892
101321.36577143632
101323.83972312462
101323.31814908067
101324.99768939413
101323.63433085039
101325.37421128513
101322.44870635388
101325.17330105026
101319.02388764995
101322.39740514809
101316.71586139272
101321.32392297093
101316.23669624799
101312.92128354833
101320.89208029056
101319.72480720664
101328.05213900389
101327.09827427813
101333.35858322016
101333.03444865171
101335.77004005067
101332.8993688497
101331.48665668331
101325.97297689343
101324.6407933981
101318.66694144157
101317.5036928521
101312.24000749525
101319.80636101618
101320.97001364428
101319.82700979484
101320.74383962966
101320.21445962388
101321.19791463406
101321.10761590133
101322.51418927737
101321.55843229411
101322.74623937739
101320.36161863522
101323.30165690837
101317.8442855859
101322.44501150603
101316.88122717258
101323.53840126934
101317.01145605344
101311.02250939888
101320.91578286162
101318.75846911772
101327.88025884543
101326.69274622996
101334.2348765349
101334.13186861182
101336.61697904588
101333.56612349371
101332.42519694363
101327.29602105492
101326.00246748779
101319.92167938521
101319.30205511091
101314.16866411993
101323.87391669911
101327.46950423354
101326.32618284451
101330.18845597219
101328.71406094691
101332.16775503196
101330.32390563177
101333.34688571363
101331.22153562735
101334.1727329734
101329.27029600948
101333.78922280765
101325.08489345724
101331.38421912059
101322.38144474849
101329.8464196334
101320.31908613698
101311.88908431804
101323.96174382015
101319.93215902729
101330.70409300529
101327.35106355224
101335.33330369854
101334.82255136511
101338.20524582741
101335.13558632301
101333.73511931153
101328.07153198088
101326.13789967891
101319.93391446286
101318.46997613617
101314.31055009201
101325.60243320387
101328.03385093564
101326.9587066992
101329.137943649
101327.79467888556
101329.82750691293
101328.10183726046
101329.82175280761
101328.39522619736
101331.19050946829
101327.10322657187
101331.99332801814
101324.8062561197
101331.45173617368
101323.28398236693
101331.53080102362
101321.58610434207
101311.5963524562
101323.11550808509
101319.95505220618
101331.00522469608
101328.34082525149
101336.86996710037
101336.47830359104
101338.25642040875
101335.55366060672
101334.15807326231
101328.84556563318
101326.60328147688
101320.73119139814
101319.03613955881
101316.55800467722
101329.54151174975
101333.66977837354
101332.02706309562
101335.7365021577
101334.34766783733
101337.86206357086
101335.93442100051
101338.0271320621
101336.35921203534
101339.51875162291
101334.75240945033
101339.44295419195
101331.16709019436
101337.34952869176
101328.88093774358
101335.89959455437
101323.4780588232
101312.77392464718
101323.4883557877
101320.78486158968
101332.73534129134
101328.71993257721
101337.158199846
101336.52385281991
101338.58124370428
101335.756236947
101334.20414165227
101328.65319087612
101326.45847093317
101321.11478921723
101318.84582245682
101316.25637530655
101331.36919965938
101335.12963898046
101332.32602991702
101335.84022281352
101333.90649370472
101337.48937748332
101335.11927338144
101337.39864093593
101335.47717406703
101338.7724372649
101334.17428184199
101338.95089702323
101331.06727597141
101337.43730236168
101329.72018443026
101337.41356882492
101324.09580949185
101313.2830810709
101323.56709728389
101320.57007513067
101332.52936111279
101328.37894090732
101337.15340436247
101336.47373095137
101338.12368783195
101335.24474077526
101333.47854323682
101328.79402004226
101326.11272805158
101321.95070890702
101318.44895800666
101314.3708271923
101334.28884827036
101335.35814473718
101332.82839545251
101336.55152950017
101334.9160551081
101338.4375016991
101336.34539467903
101338.39935266974
101336.77900235442
101339.86489800383
101335.27735540927
101340.26071132968
101331.90397404654
101338.49032146108
101329.88178435965
101338.63413246695
101323.80296108493
101312.52761999724
101323.86871240661
101320.67825945749
101331.79899181619
101327.74558602316
101336.86075944624
101335.75276498761
101341.10987296942
101338.27806057615
101336.39365159719
101331.13215641151
101327.75616847569
101322.41970346996
101319.09130341782
101315.95375506917
101331.27156673823
101334.23200038938
101331.70432933116
101334.98995544575
101333.40211235356
101336.92728207106
101334.9563086132
101337.43601501387
101335.53404137745
101338.99090176256
101333.8690941736
101338.32495929845
101330.19541806672
101336.91136559281
101328.7902305521
101336.6349717968
101323.52791366636
101313.0662199189
101325.07335281724
101321.51977237627
101334.63291281249
101330.5031435103
101339.67480353918
101338.70499082902
101336.12673029458
101333.22880062212
101331.65064256135
101326.65384204064
101324.67054032766
101319.62988096364
101318.78499016156
101314.56367550555
101327.11696891216
101329.73988228088
101328.55784097439
101331.45932180414
101329.51562755794
101332.68397806519
101330.59238409309
101332.7579513697
101331.04495912101
101334.18591435974
101329.63629105905
101334.54802764821
101326.4816519904
101333.41745791942
101324.51056891467
101332.8232626439
101322.16444940704
101311.78733137423
101322.98603466428
101318.80341213505
101329.60637392644
101326.34555116967
101334.59290866691
101333.85412225335
101339.90580684821
101336.79546835918
101335.97938912998
101329.91079521568
101328.25594285307
101321.33127699807
101320.70774282762
101314.687112649
101325.10863005149
101326.69613147588
101325.52050197436
101328.06974307689
101327.29480456843
101330.06835454279
101328.51190137686
101331.35101774313
101329.5196819702
101332.02832857755
101327.74063699294
101331.89780930334
101323.89945408997
101330.24159205132
101321.87186361472
101330.19884024799
101320.97470051252
101312.5071973958
101325.49295333748
101321.28035645437
101333.52328187773
101330.19972873812
101338.53879819522
101337.80226789115
101332.58034757248
101329.84561275493
101328.36406969257
101323.58490922056
101322.18578313991
101317.32292450633
101316.63939665319
101312.60765965571
101321.09181171084
101322.66607105812
101321.98597155005
101323.64667656235
101322.66654562311
101323.98605365316
101323.38327746878
101325.46007472367
101324.21911683162
101325.8335123572
101322.84425707052
101326.67373636193
101320.02110424901
101325.583569337
101318.51971835483
101325.54098704776
101317.96023428667
101310.47457543341
101319.59629864091
101316.8056627409
101325.56700930303
101323.7192314609
101330.9795005536
101330.81257502495
101337.82072147037
101335.08526819567
101334.01588665441
101329.00093764746
101326.77900995684
101321.07769086696
101318.91415681479
101313.80739131679
101319.44586237415
101319.95222517122
101318.99453867081
101320.00089042682
101319.53573501034
101321.48715453397
101322.14905837331
101324.17923498238
101323.39161757441
101324.201091212
101320.92549777505
101322.65963076745
101317.60493075018
101321.48147117926
101316.35076003386
101322.10083133819
101317.18344983153
101313.24427570777
101323.07772761016
101321.38514256704
101331.03485941069
101329.66593710941
101336.51530671169
101336.35794691107
101330.59653841925
101329.00283058613
101325.41837346875
101321.57951830559
101319.90092994781
101316.68691819363
101315.12734050807
101312.99972020053
101317.15383138791
101315.24968456422
101315.48307325885
101315.53074523435
101316.45115701717
101317.53613128336
101317.64727650894
101317.04765394617
101317.16529684192
101317.83426629344
101317.47442264846
101318.66750664213
101314.9320501021
101317.27647914727
101313.87107838476
101317.3077471412
101314.54628266781
101311.17956252651
101317.11084573867
101316.17406284086
101322.0072228658
101321.87195460079
101328.15248549756
101329.93874856831
101338.92228314295
101337.11287032941
101333.25186209883
101329.71368349984
101325.78567275987
101322.15497668824
101318.06403001296
101315.80039173775
101315.51274206523
101313.82524433514
101313.71735394481
101313.76777762525
101315.80506372229
101316.25950927395
101317.91708074689
101316.47408226505
101316.11273225959
101317.71972736242
101316.88540155915
101316.75312309506
101314.17810157628
101314.50765963113
101313.11001381229
101315.27410317339
101315.52630643346
101315.98019710949
101321.00611650724
101322.91433350617
101329.28866209884
101330.97161540001
101335.60424249232
101338.47516634276
101321.04781211939
101321.8560620004
101321.5130702428
101320.02595406186
101317.54459091417
101316.74004952874
101314.43019964398
101315.64047881696
101314.77005868885
101316.87705167409
101319.09532802334
101321.13993940744
101326.10770012156
101327.8410210569
101332.73596604071
101336.2698516252
101336.92014717306
101334.07710038889
101330.06771118943
101326.8087007642
101323.09665306474
101320.24294938121
101317.87980429058
101315.85471816063
101315.09650308674
101314.43590623088
101315.81090650463
101316.53008085574
101319.55155494114
101320.5738948315
101322.23381195292
101321.5266580302
101314.16764643887
101314.19917376988
101313.26459067488
101314.46359970779
101311.58911056771
101313.96796553962
101311.56980926669
101315.86841337282
101314.26518297964
101311.75051228769
101318.27481031485
101318.52239534972
101324.79193078123
101325.44116371716
101332.08768710674
101334.13056881382
101334.62805923673
101332.95441019081
101328.82703487194
101324.59806202679
101322.41155365238
101318.45899353453
101316.1120683015
101313.21225981892
101316.38625820137
101313.27007126927
101312.68069252014
101312.13146718565
101312.48811416062
101313.20758875382
101313.78229304092
101313.88285523598
101323.87002968435
101325.50760847711
101322.56018916194
101325.31514792744
101319.08417134568
101322.91228361399
101316.93961391484
101321.76453523275
101316.57396825965
101313.10803624068
101321.52112981379
101319.93662811621
101328.42936284674
101327.24424614353
101333.5625322203
101332.85865748224
101334.1833148593
101331.95298873766
101331.47125439908
101326.29694546471
101324.52556934328
101319.45847142056
101318.42017455171
101313.49560763143
101319.2214277451
101320.60738961109
101319.87894718401
101321.89553571388
101321.57348014825
101323.98899071534
101323.46911823822
101325.16269634289
101321.62818018459
101322.61968798969
101320.21874552705
101323.0637160062
101317.62765625284
101322.47519907691
101316.85468635624
101323.79938624037
101317.11911186272
101310.90917356942
101320.96459813156
101318.64121703478
101327.8749598672
101326.57177660482
101334.18770944866
101333.94446733926
101335.64878603866
101332.82576934542
101331.46155445454
101325.80294401768
101324.35925111613
101318.6582321983
101317.42437974919
101312.38578337169
101320.1600859906
101321.05837965656
101320.08922318142
101320.6784833501
101320.15949139409
101320.90718600572
101320.96877795007
101322.5073654149
101331.23559954473
101334.11410466893
101329.25195768592
101333.86651588333
101325.05806019457
101331.66705478422
101322.43039949363
101330.30530693945
101320.43314416797
101311.60237132
101324.1954594001
101319.84725382565
101331.00192861407
101327.24900902719
101335.36026601275
101334.71480241655
101336.58363001118
101333.56197481733
101332.53372444856
101327.3245005058
101325.99564660687
101319.98670584139
101319.46727650762
101314.2076371725
101324.34722511469
101327.41030237352
101326.65902554091
101330.17373371962
101329.02142023001
101332.19912753251
101330.47250011782
101333.24625354919
101328.15637058647
101330.89145678704
101326.81087182823
101331.75036311767
101324.53704580068
101331.5008941452
101323.10029038074
101331.58940913572
101321.60558889198
101311.32563941643
101323.12368062677
101319.87668123195
101330.89582022092
101328.1470936439
101336.75019999585
101336.32473691262
101338.12129106795
101335.17098793785
101333.53941283177
101328.096253506
101325.89689992635
101319.94848258838
101318.35666023151
101314.114387643
101326.07373880463
101327.69549180336
101327.11470418342
101328.84774491536
101327.66546615241
101329.38579601438
101327.8960151317
101329.46498517891
101336.28090232681
101339.41223255693
101334.61377458983
101339.39427919473
101331.01662968927
101337.44980076732
101328.76621882606
101336.22943410385
101323.38515298427
101312.72875886825
101323.88362613671
101320.69733656346
101332.86223075996
101328.45888433661
101337.25131209849
101336.60189537966
101338.5452654744
101335.85578437266
101334.15735799546
101329.19178337403
101326.50283305896
101321.07203253162
101318.61954771323
101316.03307334801
101330.82595113793
101333.8225202843
101332.18855301394
101335.58940590269
101334.42519884813
101337.74057949953
101335.90154716012
101337.89225004277
101335.34389244663
101338.60261512679
101333.92665212722
101338.85994573103
101330.88636195005
101337.66694030355
101329.49460761936
101338.4190695123
101323.83342664709
101312.30365929774
101324.00986639582
101320.5450405117
101332.2408943044
101328.07413386085
101337.28732770646
101336.4497523293
101338.5767857834
101335.92392695443
101333.99091158189
101329.18239104838
101326.15642523594
101321.94176422112
101318.2342364714
101314.3934034765
101333.87293605963
101335.2616722028
101332.28785872998
101335.55856256584
101333.91680674753
101337.31197866108
101334.96510675889
101337.21954674376
101336.79143138754
101339.86099452736
101335.26423183779
101340.26776491094
101331.89194035991
101338.49038043927
101329.88242042487
101338.63324887212
101323.8048564874
101312.53045572869
101323.87384690746
101320.68327125235
101331.79814701047
101327.74414696492
101336.87689002373
101335.74819139446
101338.10759659487
101335.24500696911
101333.48646626656
101328.79351320458
101326.11924152376
101321.95417935311
101318.45102755472
101314.37172953528
101334.28834169367
101335.35647979015
101332.82507095615
101336.53801577087
101334.91642883266
101338.4545215574
101336.35857042522
101338.40541012703
101335.52781875423
101338.9950062198
101333.86768671936
101338.32630483223
101330.1945718989
101336.91233918282
101328.78950429431
101336.6330507253
101323.52942289016
101313.06641500181
101325.07639058288
101321.53584909711
101334.64842403668
101330.49470252063
101339.67722554706
101338.69500012524
101341.11440268609
101338.28766813801
101336.40576343684
101331.13755869886
101327.75938291945
101322.42155899867
101319.09171410366
101315.95338645166
101331.27053111279
101334.23201238966
101331.70457757765
101335.00345953202
101333.40158499763
101336.91026694493
101334.92385660195
101337.41035121123
101331.0453109004
101334.18795342252
101329.63842011141
101334.55060402989
101326.46665695524
101333.42798133049
101324.51711112997
101332.82527640081
101322.16603519701
101311.78818452619
101322.98636175043
101318.80298719923
101329.62022583083
101326.34524363797
101334.59712569587
101333.85300073723
101336.14733975739
101333.21574666613
101331.64023469674
101326.65622319232
101324.67205950429
101319.62953716703
101318.78363206066
101314.56282327557
101327.11586585149
101329.74126747264
101328.55748403116
101331.45700453002
101329.50784172314
101332.68641415748
101330.60102817297
101332.75891778051
101329.53064320884
101332.03071558182
101327.74165898385
101331.87414252802
101323.91779052028
101330.23207730909
101321.85721691957
101330.1948713905
101320.97211354396
101312.50246764944
101325.49601947072
101321.28028424825
101333.53388186774
101330.21127814121
101338.55070971898
101337.79144160112
101339.91706701351
101336.7879409559
101335.98718496677
101329.90182167957
101328.25749913401
101321.33084367718
101320.71297540188
101314.68763017682
101325.11057357624
101326.69796087801
101325.51844681299
101328.06136007856
101327.29585163321
101330.07543403219
101328.52525467766
101331.3640551438
101324.22023124149
101325.83157712778
101322.84312697955
101326.65993345085
101320.02854767074
101325.58489625293
101318.51754160934
101325.54140808468
101317.96089391717
101310.46918893384
101319.60397943771
101316.8022273814
101325.56823865426
101323.73224262736
101330.98020752697
101330.78939935457
101332.57422293539
101329.83549089903
101328.36402319538
101323.57899521159
101322.19170301405
101317.31342758282
101316.62566509086
101312.60492178141
101321.09025646276
101322.66219427052
101321.9790332344
101323.64595551536
101322.6695188829
101323.99268530434
101323.38561278164
101325.46031941308
101323.38845057515
101324.19769491085
101320.92437105995
101322.65588015213
101317.60271320927
101321.4932725812
101316.35190277579
101322.10131750925
101317.1826018174
101313.23166211095
101323.09661339725
101321.38687863441
101331.05569032095
101329.68605881094
101336.52426223528
101336.35244766841
101337.81789529341
101335.08079867985
101334.00649003593
101329.00465435623
101326.78991754871
101321.08123201857
101318.93725676741
101313.81237690369
101319.44764628515
101319.95320323306
101318.99085760846
101319.99406561104
101319.53200143149
101321.4836157386
101322.14528725835
101324.17579949883
101317.16203835349
101317.83246620272
101317.47535763621
101318.66975881995
101314.93449022101
101317.28479220773
101313.87681054535
101317.30211215782
101314.54507542025
101311.18163820085
101317.11115617938
101316.17095689193
101322.00253786458
101321.86042333789
101328.13967130255
101329.93399420843
101330.5972634225
101329.00262003898
101325.42808679226
101321.56871773813
101319.94544716053
101316.64436501813
101315.12485659661
101313.01126429286
101317.15486235515
101315.25439586821
101315.48284675894
101315.53147218801
101316.4479214375
101317.53575589595
101317.64469842662
101317.04244665147
101316.11226363978
101317.7209536931
101316.88774899309
101316.75444948152
101314.17926739725
101314.50660674226
101313.11110332173
101315.27331895463
101315.52137609848
101315.97529052217
101321.00041835645
101322.8941417007
101329.30607420354
101330.97426619938
101335.60617382391
101338.473754652
101338.92248896652
101337.11157883602
101333.25894132128
101329.70215139321
101325.79912373539
101322.1361216386
101318.05373133028
101315.79715187421
101315.51364508327
101313.8228095489
101313.71625509782
101313.76760993802
101315.8022264692
101316.25904985415
101317.91711925015
101316.47205639421
101336.91917840338
101334.07804088887
101330.06863164964
101326.81259969456
101323.09808587987
101320.24136677051
101317.87975341931
101315.84739639191
101315.09071804828
101314.42688408753
101315.81419441827
101316.5284279699
101319.55548184428
101320.57749578195
101322.24130609524
101321.52796356333
101321.04986477394
101321.85617791639
101321.51675936035
101320.02294921843
101317.5514798567
101316.73919097315
101314.42983472494
101315.6401193545
101314.77113679078
101316.87484606526
101319.09650181582
101321.14308862596
101326.1070541869
101327.84060764407
101332.73486136514
101336.2685411487
101334.62525036308
101332.95269602441
101328.8216443329
101324.59845538969
101322.40759792033
101318.46112264776
101316.11639315929
101313.21286388836
101316.38284484172
101313.26121688634
101312.68657626376
101312.12884837862
101312.48342367634
101313.20373971135
101313.78607779273
101313.88400692602
101314.1710633434
101314.20126656987
101313.26748010976
101314.46197832392
101311.58855381436
101313.96377899955
101311.57089941259
101315.86606431221
101314.26005997085
101311.75636416071
101318.28647203888
101318.5347457226
101324.79270853903
101325.44007333707
101332.08614178259
101334.12800238442
101334.18359666492
101331.95300439338
101331.46904605179
101326.29324544384
101324.52398749345
101319.46391931978
101318.42666314142
101313.49413769013
101319.21845854502
101320.60185707078
101319.87330637533
101321.85279098869
101321.5828960494
101323.98217431061
101323.47041007128
101325.16411191276
101323.87322846407
101325.50836593584
101322.55986295841
101325.30980722638
101319.07492114659
101322.90660988966
101316.94212902423
101321.76211384745
101316.56240711769
101313.09758895097
101321.51218874942
101319.92772159404
101328.42316849847
101327.23891116801
101333.56246284905
101332.85647358101
101335.65367216385
101332.82591761647
101331.45679329235
101325.79941787841
101324.34907842544
101318.65812667538
101317.4260109444
101312.38665047631
101320.16252498273
101321.06259977847
101320.09844559481
101320.69574503138
101320.15434088082
101320.90933425064
101320.96312322492
101322.50659808364
101321.62585167031
101322.6196399808
101320.21912147787
101323.06314992781
101317.64211768001
101322.47717416476
101316.8699165523
101323.80559335099
101317.12380437777
101310.90508339915
101320.97371134668
101318.63851426265
101327.87867919634
101326.57605282516
101334.18908313855
101333.94713691957
101336.59404312876
101333.55600237884
101332.52645738557
101327.32227922459
101325.99513819098
101319.98458787375
101319.4626418257
101314.20409159947
101324.34959479215
101327.39032606249
101326.65071383418
101330.17451862365
101329.01243888823
101332.19171153549
101330.47082379971
101333.24807932947
101331.23550100779
101334.12243085928
101329.24452914004
101333.85765653793
101325.05332882662
101331.67216297635
101322.41821712113
101330.31244710396
101320.43077296294
101311.59970318369
101324.19466829451
101319.84012995365
101331.00002271266
101327.24893454056
101335.35169180045
101334.7094255304
101338.10236042379
101335.15193299756
101333.53846307044
101328.09336247222
101325.89622255394
101319.94888202868
101318.35637339656
101314.11415431806
101326.07434135066
101327.69989172254
101327.11717866946
101328.85497417685
101327.66897952015
101329.38859292763
101327.90041240415
101329.46843002297
101328.16054836972
101330.91233164477
101326.81464039331
101331.74597704952
101324.54247091178
101331.50930293172
101323.10474538729
101331.5965729376
101321.60776200885
101311.3218163861
101323.1247804545
101319.88180219894
101330.91185611629
101328.14034348031
101336.75601823602
101336.32620133532
101338.56485974864
101335.85577296909
101334.15548824312
101329.18233899672
101326.49475117159
101321.06552546028
101318.61730653723
101316.0309210806
101330.82463133657
101333.82116408936
101332.18634896106
101335.58803442531
101334.42161859348
101337.74098040028
101335.90431065329
101337.89261918714
101336.28516907392
101339.41484373729
101334.61675171756
101339.38518252756
101331.02064974255
101337.4560261759
101328.76584524798
101336.23024270401
101323.38745930301
101312.7259420233
101323.87649736935
101320.69313020865
101332.866511641
101328.45492027978
101337.25037284149
101336.61847308431
101338.59485304699
101335.90385183165
101333.9992027868
101329.17115000967
101326.14729018045
101321.93834295969
101318.23237466565
101314.39194651946
101333.87322605819
101335.26318304671
101332.28989735397
101335.56002698305
101333.916713563
101337.31549783368
101334.96751441677
101337.22476172521
101335.34387714813
101338.59824181421
101333.91853688356
101338.85029558852
101330.89304405692
101337.67310548491
101329.49642199377
101338.42088144312
101323.83339627122
101312.30097468532
101324.00615527229
101320.5428435041
101332.25241437185
101328.06869350348
101337.2639140774
101336.46414099424
101338.05044009734
101335.16481277475
101333.45845154328
101328.7631662011
101326.06283588774
101321.96241532128
101318.52661237566
101314.47207851046
101334.35195926361
101335.32929169372
101332.80486427589
101336.52308026157
101334.89246987681
101338.41352828209
101336.3090089476
101338.3660274985
101336.74383368036
101339.81782337413
101335.26817155186
101340.27158695545
101331.89197806564
101338.53917594036
101329.88154187285
101338.59184554714
101323.77126287131
101312.58049709073
101323.88730630328
101320.68984819899
101331.837206903
101327.69263844231
101336.80815989611
101335.6746277788
101341.02078091532
101338.1861952286
101336.3843402379
101331.08237961007
101327.79665465727
101322.43506930198
101319.12874618152
101316.01313623627
101331.26064498372
101334.21869047909
101331.71408087673
101334.99104669662
101333.39132384212
101336.9134112598
101334.92704348592
101337.4101572884
101335.50882533233
101338.98819559813
101333.86147661388
101338.362042309
101330.21866361625
101336.94221585164
101328.78789037814
101336.59092111015
101323.53571529382
101313.13029548427
101325.08293596891
101321.51562651728
101334.68242284471
101330.45792110628
101339.62739269895
101338.63113781963
101336.11761213656
101333.21131997071
101331.60004848307
101326.60828079069
101324.67170934413
101319.66120908436
101318.78750204237
101314.59655987026
101327.13020749735
101329.73682942391
101328.54538249863
101331.46550391692
101329.51256512081
101332.6618862505
101330.53706832323
101332.72799047726
101331.009082998
101334.14807421718
101329.62302281588
101334.571119578
101326.48879690096
101333.42835218848
101324.50207089998
101332.83966409715
101322.17343471406
101311.78530015335
101323.00436843371
101318.81221331496
101329.61277294767
101326.31390249402
101334.58146475752
101333.82926523223
101339.89667952408
101336.80002235426
101335.9486535421
101329.89275626614
101328.30304593316
101321.34600839749
101320.71578001927
101314.69463500015
101325.14032800071
101326.71023745935
101325.5175049484
101328.07440910672
101327.26949521508
101330.00224299173
101328.43831248631
101331.27198513884
101329.45856348898
101331.94754270249
101327.67264140226
101331.87214203083
101323.90675046352
101330.23923646187
101321.87351576821
101330.22706012518
101320.99989107429
101312.5239103441
101325.53289292028
101321.29860632161
101333.55463959186
101330.17965576283
101338.52324470051
101337.79316613264
101332.61712766925
101329.87338937583
101328.35948620134
101323.59505450798
101322.22575126265
101317.27485353578
101316.64029949532
101312.62886978014
101321.11130695076
101322.69968083389
101321.99537742055
101323.6418447669
101322.65067840503
101323.95261981717
101323.34962600452
101325.39542663586
101324.18653304843
101325.79794453198
101322.83191324334
101326.67094477155
101320.03341762679
101325.59761961909
101318.54083380698
101325.57098710208
101317.9780618536
101310.48975891028
101319.62577918188
101316.77814390068
101325.60020777035
101323.6974303709
101330.97182599362
101330.84760101938
101337.92097060676
101335.17563899566
101334.04508080341
101329.01793791816
101326.79413842762
101321.06113129674
101318.91902922603
101313.82004054204
101319.45799159004
101319.97389586885
101319.00023103232
101319.98338617434
101319.50912571135
101321.48919638753
101322.13896726865
101324.16234431064
101323.36835454858
101324.19524877523
101320.92872926369
101322.68278672977
101317.58723852262
101321.48422792026
101316.3504955188
101322.12976296763
101317.20256853125
101313.25636595419
101323.13225351354
101321.38376355595
101331.06233703648
101329.67732751684
101336.55197075619
101336.41526209479
101330.62684064276
101329.04260604372
101325.42760556124
101321.59657298276
101319.90381639861
101316.66736943026
101315.15235713555
101313.0244098323
101317.16418280386
101315.25623446539
101315.48080374232
101315.53089948421
101316.44257390129
101317.52597116106
101317.67031263851
101317.12005749016
101317.25713198226
101317.88345863661
101317.48729860512
101318.68334493205
101314.92536990516
101317.25886708088
101313.84517810727
101317.30690266499
101314.55574322792
101311.19903689351
101317.128594515
101316.17279692591
101322.04498728992
101321.87682166818
101328.15153970009
101329.94332555392
101338.75761615254
101337.00389815369
101333.24252747724
101329.72655389832
101325.80630344753
101322.16231831178
101318.07865376222
101315.80955462244
101315.51920502403
101313.83467929378
101313.72411543195
101313.77761308649
101315.82535193527
101316.26985647282
101317.9458899419
101316.51978954957
101316.11256986151
101317.77653394238
101316.91115346739
101316.76920134391
101314.17443691572
101314.49749746973
101313.11463386526
101315.2742495522
101315.52675934271
101315.98491461291
101321.01987000054
101322.92028096836
101329.31356182238
101330.9682737183
101335.53643570814
101338.3251599106
101320.89007828143
101321.82623492407
101321.50139880978
101320.03475546605
101317.55095054704
101316.75137821109
101314.43973737469
101315.65229228385
101314.77685445637
101316.88625826484
101319.09511106467
101321.14749573488
101326.13106791383
101327.8531771702
101332.71144720484
101336.20662625556
101336.85910761912
101334.05609411847
101330.09830989796
101326.82427633947
101323.09773287772
101320.23840597163
101317.87913165105
101315.84955670596
101315.09266270087
101314.44502991585
101315.8304720692
101316.53517351614
101319.55432311157
101320.5809180128
101322.21936965446
101321.45805728459
101314.30303431333
101314.27119267063
101313.28030902876
101314.48506155299
101311.59830072752
101313.97417865854
101311.5827731336
101315.88108806209
101314.27102039712
101311.75410298747
101318.29641464606
101318.53815790062
101324.80215191295
101325.43640851919
101332.03944591725
101334.06917313997
101334.56903334791
101332.91795399661
101328.82296505616
101324.60941124722
101322.43968319564
101318.4702258527
101316.11210702393
101313.22655823042
101316.39356490162
101313.27875428443
101312.70908880148
101312.14764325286
101312.4918688865
101313.1906621138
101313.77111283754
101313.95642910832
101323.87603843093
101325.55044873533
101322.56465335962
101325.30917234739
101319.08644597146
101322.96370057107
101316.97598328491
101321.77699280341
101316.5688555071
101313.08858226545
101321.52536472653
101319.94598018195
101328.44572225299
101327.26703313722
101333.57619240518
101332.8585500622
101334.19296833909
101331.9557187639
101331.46384747094
101326.29736596288
101324.54717566515
101319.47203322916
101318.42969247155
101313.49639216761
101319.23267543364
101320.62829614671
101319.92308968643
101321.9253567363
101321.5710167723
101323.94935868948
101323.45956408474
101325.15553453144
101321.68955577948
101322.63257720991
101320.22866293865
101323.06421248186
101317.6442624559
101322.50664764547
101316.87510857618
101323.81595331186
101317.11910092422
101310.88962304404
101320.97261591887
101318.63276851809
101327.8940159738
101326.55395881207
101334.17024754766
101333.9163463303
101335.62371428942
101332.79405112602
101331.49589128114
101325.82319879161
101324.35098555515
101318.64256448703
101317.42223556916
101312.38536646665
101320.16984718308
101321.05875202081
101320.09786416948
101320.66260738627
101320.1585635723
101320.96073995429
101320.98882440946
101322.54807386438
101331.27869619266
101334.14140150152
101329.24440848226
101333.89174041509
101325.09698058045
101331.69751339493
101322.4398824246
101330.31610511453
101320.42546504791
101311.58375610498
101324.17194445248
101319.86264585945
101331.00301734482
101327.24468891141
101335.37154973272
101334.72804676995
101336.60905099292
101333.56955369934
101332.54529868541
101327.34566042638
101325.98603102524
101319.95227756375
101319.50117478961
101314.22102491895
101324.36370839595
101327.42284852048
101326.65974417407
101330.16684163717
101328.97920439937
101332.18102790471
101330.47143793089
101333.26700460709
101328.14297545634
101330.89241894797
101326.79581079184
101331.75606732778
101324.51500558686
101331.51138783844
101323.11298299787
101331.59952627137
101321.59655746215
101311.32057318455
101323.12959688515
101319.87793421571
101330.90259672688
101328.1363143882
101336.75751325124
101336.30581928426
101338.08295134307
101335.11659154759
101333.53019072794
101328.11489299299
101325.87475267517
101319.93132886893
101318.36963515909
101314.163694836
101326.08763829661
101327.68332432662
101327.11625460233
101328.83044170986
101327.64148851848
101329.38478951323
101327.891174804
101329.46570451804
101336.24745578467
101339.37573263147
101334.59737108948
101339.38130492291
101331.01491595534
101337.49357840752
101328.76602030218
101336.21917271052
101323.39028140361
101312.72321731733
101323.8890596108
101320.70829502874
101332.86906664942
101328.42471830091
101337.20877828044
101336.55939320092
101338.49524301589
101335.7999426922
101334.08377332748
101329.13909954783
101326.4921977871
101321.06440141491
101318.6679775159
101316.11404453838
101330.83146508479
101333.78635612516
101332.1864280575
101335.57092927943
101334.41737345145
101337.70730455652
101335.87167369497
101337.85456180628
101335.29433412224
101338.54809634754
101333.91185633198
101338.84760447063
101330.87696588582
101337.72085191721
101329.50367968288
101338.35742395725
101323.84117223983
101312.38767876198
101324.02485734809
101320.56947871028
101332.28210462989
101328.03244793837
101337.2002562828
101336.35348630612
101338.51098260211
101335.8366303173
101333.94307983315
101329.16832993303
101326.06652146847
101321.94587898761
101318.33270234251
101314.52472391138
101333.86405318731
101335.21639771611
101332.29027508746
101335.53711806597
101333.90492569823
101337.29029956911
101334.92048856735
101337.17175626857
101336.75242297372
101339.81728594708
101335.25980818608
101340.27875338336
101331.88303398697
101338.53417780218
101329.88186548644
101338.59180314238
101323.77332433421
101312.5825513304
101323.89203946362
101320.69260712431
101331.83572315081
101327.69289175369
101336.81332740432
101335.67436829445
101338.05141555145
101335.16979614095
101333.44820500235
101328.75559858406
101326.0661410843
101321.9655097817
101318.52717403756
101314.47201709487
101334.35113092521
101335.32834753921
101332.80414877286
101336.52326731633
101334.89697277102
101338.42806893951
101336.32769398209
101338.37465216541
101335.49902230188
101338.98907084612
101333.85893661724
101338.35913961558
101330.21694507977
101336.94408056783
101328.78888681752
101336.59035842164
101323.53786679122
101313.13217136821
101325.08586842901
101321.52167470477
101334.67899163676
101330.45443805277
101339.62839673441
101338.63026409331
101341.02677963697
101338.19889270545
101336.38086064572
101331.07336642324
101327.79615777054
101322.43614703225
101319.12760400142
101316.01212173223
101331.25928151017
101334.21811849475
101331.71259594428
101334.99081118233
101333.38691971854
101336.89492691193
101334.89470485554
101337.39132552248
101331.01342566998
101334.14371046491
101329.62130476793
101334.5718517707
101326.48091862809
101333.43060960321
101324.50690627238
101332.84211539748
101322.17519889997
101311.78756267441
101323.00787607933
101318.81653547517
101329.61818046311
101326.31302405891
101334.58193977005
101333.83018473099
101336.12568693355
101333.19295853996
101331.60243217857
101326.61221474152
101324.67190346324
101319.66061879505
101318.78523909643
101314.59553122082
101327.12883451837
101329.73698776943
101328.54809464003
101331.46328009205
101329.50770423905
101332.66619517066
101330.53700632747
101332.73372902039
101329.46606360025
101331.94586839182
101327.67432364762
101331.87447575029
101323.91396897039
101330.25201017014
101321.86983292128
101330.22386878166
101320.99829144255
101312.52082114885
101325.53091757611
101321.30064160367
101333.56010342039
101330.18657777797
101338.5300726807
101337.77443640708
101339.90626808583
101336.79074854424
101335.95179286797
101329.90471778743
101328.3091727819
101321.34798071781
101320.71758381971
101314.69571402094
101325.14358006696
101326.71265024428
101325.51754788696
101328.07207087925
101327.27102680529
101330.00803193665
101328.45068786672
101331.27882494396
101324.18684884862
101325.79568864088
101322.83069978099
101326.66238340436
101320.02956182118
101325.58789854155
101318.54427218669
101325.57132310719
101317.97876340849
101310.49149756208
101319.63794129998
101316.7764272581
101325.59480990825
101323.72456968066
101330.99127016714
101330.81022313194
101332.60815302546
101329.86135525405
101328.3610364065
101323.57579076306
101322.21876306666
101317.26813086096
101316.63338770336
101312.62804020155
101321.11019289649
101322.69460918673
101321.98754601642
101323.64072952533
101322.65124762812
101323.95679601502
101323.35028225638
101325.3940378332
101323.36656065519
101324.19186884342
101320.92836929885
101322.677830667
101317.5848993799
101321.48765690562
101316.35061896261
101322.12589353821
101317.19749557172
101313.24488922113
101323.12526844729
101321.37974390064
101331.07593565829
101329.70344222916
101336.56661739977
101336.40872938769
101337.92402815488
101335.17638752982
101334.02285981702
101329.05471076324
101326.80695544861
101321.06114253271
101318.93053721692
101313.82160848108
101319.46086791006
101319.97868720662
101318.99793767165
101319.97946158962
101319.50469501528
101321.48668017941
101322.13438313655
101324.1628531707
101317.25411461337
101317.88113057319
101317.4887288692
101318.68623417256
101314.92937850748
101317.269375855
101313.85323535884
101317.30684392311
101314.55450897921
101311.20039373441
101317.12611745478
101316.18824068877
101322.04301041155
101321.87089595628
101328.14783299895
101329.94403955954
101330.62875258592
101329.04273260526
101325.43717492334
101321.58120521101
101319.91673309941
101316.64667572672
101315.15730823297
101313.0312802806
101317.16674338657
101315.26311224626
101315.46804453232
101315.53396201803
101316.43874327032
101317.52748908926
101317.66848749595
101317.11481608098
101316.11323133225
101317.77739508766
101316.91346250016
101316.77170208226
101314.1766070661
101314.4959246511
101313.11685220915
101315.27477615242
101315.52315069313
101315.97847524731
101321.02686341529
101322.90860604204
101329.31865813227
101330.96937287788
101335.53528886399
101338.3246272777
101338.75668257545
101337.00143574584
101333.24883952588
101329.71208444879
101325.81220646565
101322.15185465348
101318.07125718366
101315.80676128324
101315.52206230535
101313.83742923022
101313.72757873643
101313.77778253912
101315.82218679332
101316.27234417455
101317.94840342729
101316.5189367829
101336.86205468503
101334.05770078281
101330.10371935212
101326.82687870631
101323.09847770858
101320.2365480297
101317.8800810113
101315.84434480712
101315.08844833923
101314.43638401754
101315.83494889626
101316.52983065725
101319.55188239753
101320.58626550404
101322.22270951758
101321.45971206072
101320.89113272705
101321.8259706239
101321.50510247346
101320.03158628593
101317.55414712051
101316.75166724171
101314.4428971443
101315.65243620127
101314.77880428568
101316.88153130256
101319.10241881783
101321.15259121677
101326.12590434657
101327.85358429683
101332.71346247435
101336.21016461636
101334.56774910221
101332.91455084123
101328.81411838435
101324.62313215472
101322.44017985767
101318.46898638985
101316.11725997167
101313.22927076755
101316.39644014141
101313.27597201617
101312.70729379555
101312.14494047855
101312.49077608602
101313.18906933939
101313.77237288308
101313.95789288633
101314.3057016481
101314.27289747851
101313.28259020862
101314.48248627267
101311.59449134422
101313.97369948612
101311.57582610611
101315.87849650838
101314.27030130979
101311.75472081578
101318.29764017079
101318.54468872405
101324.79220672967
101325.43332614642
101332.03899493234
101334.07003596221
101334.1904164397
101331.95164906904
101331.45463908646
101326.28494211216
101324.5442721064
101319.47842127638
101318.43631670187
101313.49645938347
101319.23285633328
101320.6262418282
101319.91601680485
101321.90996060461
101321.57433388644
101323.94949762626
101323.45860641837
101325.15677884048
101323.87769333979
101325.5511240714
101322.56553836686
101325.30870307944
101319.08294295437
101322.95773422239
101316.95865614514
101321.77275681961
101316.56193024314
101313.0907691653
101321.52744507721
101319.93579985351
101328.44925747367
101327.266718887
101333.57031409458
101332.85177586394
101335.63239136363
101332.79463127951
101331.48914231188
101325.82390453157
101324.3487355142
101318.64552221609
101317.42270782572
101312.38572688389
101320.17209964775
101321.06331275721
101320.10378214539
101320.66307105971
101320.15584223821
101320.96053664605
101320.98443573088
101322.54735396437
101321.68786371258
101322.631874816
101320.22944802701
101323.06388192059
101317.65216199955
101322.50915930058
101316.89008654559
101323.82170753508
101317.11827462821
101310.88251468928
101320.96942886674
101318.63711680593
101327.89627571803
101326.56355839543
101334.16715831426
101333.90879848275
101336.62707735771
101333.57126498027
101332.54527076783
101327.3448097372
101325.98484268063
101319.95039720011
101319.49619579907
101314.21762258657
101324.36654832844
101327.40171357502
101326.64836471205
101330.17026666747
101328.97862003396
101332.18406038113
101330.47479349114
101333.27017616933
101331.27910087441
101334.14152739602
101329.24084144231
101333.89045634502
101325.09278896874
101331.69779303457
101322.42937516441
101330.31982350678
101320.42334614214
101311.58366405676
101324.19026651005
101319.85618167082
101331.00323581541
101327.24700094044
101335.37533394042
101334.72967630328
101338.07708836254
101335.10481623115
101333.53101722134
101328.11609182734
101325.8755855904
101319.93279736604
101318.37039765588
101314.16269013213
101326.08764737529
101327.68926420683
101327.11632354287
101328.83503497708
101327.64617345401
101329.38642443596
101327.89468117981
101329.47084717339
101328.14653605095
101330.89344181071
101326.80587814617
101331.75743142233
101324.51675024294
101331.51816980357
101323.11735430542
101331.60637394953
101321.60036408875
101311.32114600227
101323.12511807858
101319.8819138556
101330.91036220301
101328.13343463672
101336.75682516194
101336.29288791807
101338.49673139809
101335.79537255484
101334.09392444769
101329.1415625896
101326.48876726731
101321.05904073438
101318.66791468732
101316.11110344288
101330.82760236436
101333.78552461771
101332.18188873118
101335.56595003456
101334.41025610568
101337.70511099833
101335.87118296507
101337.85498249211
101336.2493567006
101339.37690882834
101334.60311003918
101339.37632304986
101331.01215454144
101337.49615585433
101328.76537334251
101336.21983758541
101323.39219471955
101312.72339371484
101323.88543372978
101320.70516112923
101332.86990603922
101328.42312626611
101337.20748944729
101336.5630111924
101338.50914331009
101335.80950304317
101333.95577895935
101329.17473087391
101326.06378289478
101321.94261635462
101318.33142533009
101314.52353590581
101333.86386495671
101335.21746407163
101332.29058217516
101335.5374863249
101333.9034318356
101337.29148807752
101334.92518935744
101337.17434446883
101335.29484275654
101338.54528192212
101333.9064699017
101338.83578190042
101330.87857882964
101337.72476661523
101329.50532306219
101338.3586068525
101323.84106291847
101312.38711323103
101324.02143333605
101320.56774911718
101332.28509420143
101328.03200893999
101337.19520836232
101336.36289320342
101338.08300984079
101335.14896736846
101333.62960892187
101328.34829485636
101326.37255358092
101321.21968979023
101318.7476533514
101316.10608538489
101331.7261435742
101335.62824793132
101332.85450733569
101336.77150567749
101334.97024453133
101338.70153088144
101336.48236606208
101338.65764765366
101336.92281647158
101340.11150589214
101335.50614204076
101340.36526320995
101332.07275606861
101338.21772300365
101330.1781042293
101337.80944273135
101324.1274416478
101313.24930640253
101323.53515196528
101320.66235104452
101332.04124542463
101327.89263782797
101336.83938796473
101335.79761992351
101341.02525196457
101338.10843821155
101336.40822900574
101330.76386257798
101328.12476279149
101322.03236838171
101319.45625425868
101316.37727679484
101330.23673907353
101334.14471943615
101331.48213475125
101335.09016249687
101333.33843817747
101336.9962252074
101334.91520915076
101337.34768725699
101335.51867171134
101338.73054037827
101333.85986362144
101338.30674275901
101330.24735258622
101336.57132348994
101329.01377359842
101336.48116522006
101323.48137570247
101313.19996796094
101324.73842954999
101321.72876100878
101334.70632070428
101330.69232997703
101339.67161925671
101338.74036942366
101336.24076282022
101333.22316983073
101331.85865078834
101326.61693111331
101324.87383528506
101319.57095967712
101318.91182162247
101314.68621825485
101326.73896303211
101329.97364431886
101328.37159759851
101331.6138635395
101329.60584798793
101332.96165715312
101330.77886614951
101333.16521297654
101331.35295479771
101334.43547251631
101329.91167743488
101334.68794877172
101326.76560955434
101333.3323356966
101324.72978206276
101332.90966044474
101322.2010394176
101311.90796913048
101322.90815223622
101318.95148764344
101329.63086261827
101326.53487210501
101334.73846150191
101334.01401210824
101339.83514593649
101336.61149299228
101336.00223544386
101329.70553539819
101328.31350803311
101321.22839133715
101320.62240078171
101314.68434629933
101324.84844529268
101326.77482415456
101325.31027542517
101328.09887691136
101327.10066705002
101329.94836699308
101328.44521516807
101331.06149083417
101329.36722624063
101331.78764941369
101327.67896103548
101331.49637782623
101323.88581811247
101329.94747769831
101321.84865817294
101329.90231222949
101320.88125856878
101312.82235646169
101325.33185632355
101321.417658561
101333.30011546137
101330.21144272093
101338.50121608774
101337.73333941257
101332.80159109135
101330.01136643359
101328.62839467253
101323.7598298532
101322.42472555027
101317.30536888962
101316.75173874389
101312.46854625407
101320.80260754704
101322.77681307995
101321.83491934798
101323.73527906004
101322.69315635528
101324.37287704057
101323.48500825287
101325.61581334699
101324.20429731603
101325.99340490819
101323.01567137241
101326.80611226909
101320.34339815065
101325.45455240121
101318.63342118425
101325.28583595769
101317.81214132492
101310.54944834513
101319.65244742417
101316.96407587007
101325.61979948796
101323.96356907453
101331.23039189985
101331.00445907708
101337.2954035654
101334.63829172096
101333.80630914362
101328.80468447049
101326.59637102352
101320.67872054795
101318.72810017462
101313.48678061037
101318.97262196864
101319.75599217165
101318.62537738154
101319.76976830229
101319.35172597578
101321.46286738545
101321.72163626255
101323.37001152826
101322.46987143648
101323.70366934492
101320.72513008016
101322.65641760519
101317.58902912596
101321.12148994258
101316.14545449085
101321.67065900574
101316.8216182032
101313.05903405727
101322.55123131964
101321.19388322814
101330.7139247225
101329.56313830792
101336.29272939102
101335.88680501943
101330.85138762409
101329.31476234912
101325.76082734283
101321.82680353904
101320.04173974236
101316.50122390722
101315.08957102129
101312.47609864404
101316.66886499111
101315.17199463712
101315.3170905608
101315.67819395661
101316.5053437539
101317.64843250562
101318.04828552916
101318.00725456375
101317.83825369313
101318.54494435627
101317.67673907519
101318.81273272376
101315.05265652001
101317.16372713764
101313.73777066564
101317.03445379734
101314.13740729047
101310.9739886032
101316.88266715637
101316.09747444766
101322.1425657158
101322.28548066458
101328.39830731999
101330.0652476852
101337.98556760661
101336.56585160576
101333.04373406146
101329.36012447171
101325.40990134548
101321.65531998398
101317.72688565018
101315.24841962715
101315.08833645329
101313.18695949015
101313.26528253466
101313.58150018503
101315.73811676101
101316.3751219745
101318.4770433189
101318.08339722818
101318.2930673759
101318.26520626657
101317.09297172798
101316.69707085993
101313.91987109749
101314.13515827317
101312.60497374451
101314.69051010396
101315.02314177362
101315.53164886494
101320.57837894483
101322.54117424287
101328.77573711293
101330.72659173374
101335.19851658735
101337.68915099763
101322.27339025319
101322.21396906227
101321.59467930053
101319.98824133504
101317.3370266171
101316.30934915846
101314.07841936375
101315.09570064471
101314.27882235406
101316.3429584501
101318.63235046407
101320.74832174546
101325.58816626757
101327.43967976169
101331.96844169662
101334.32867081198
101334.68643948507
101333.20511885789
101329.6606128577
101326.41238696441
101322.67102350687
101319.77736506506
101317.27329089578
101315.4108303981
101314.55570301108
101313.97828150784
101315.41344452414
101316.24623705435
101319.31344990719
101320.62410235158
101322.40507826823
101322.30842594586
101314.52219898088
101314.56192093756
101313.49843134364
101314.81933214542
101311.71827465443
101313.91920309592
101311.38193315601
101315.5516843354
101313.84028644228
101311.4963810828
101318.07155848104
101318.49573784511
101324.93104005718
101325.84286425752
101331.92848332433
101333.82658690303
101334.5477341824
101332.56330175248
101329.1610682762
101324.78403505078
101322.49932686024
101318.27997272008
101316.04632258948
101312.69669890353
101315.90980388285
101313.06058910509
101312.58323479618
101312.26009501671
101312.78129121065
101313.56187495959
101314.05480354498
101314.51035621794
101323.56079929197
101325.36194789122
101322.48487188079
101325.15821970552
101319.01057749256
101322.44765500307
101316.6632563305
101321.2772756636
101316.19627162169
101312.86870662541
101320.91958888921
101319.71835132096
101328.10327051757
101327.07688994764
101333.31576354628
101332.95598435626
101334.30365162986
101331.87579822168
101331.25982942022
101326.17133875402
101324.30204663154
101319.1092408675
101318.05321415853
101313.16999015117
101318.66108864015
101320.29111882295
101319.43996897418
101321.6007803387
101321.37043626748
101323.86434799977
101323.31914799882
101324.90940460439
101321.64776479256
101322.75753755757
101320.36440236453
101323.24528615453
101317.8009787746
101322.48656155654
101316.82701686687
101323.491858796
101316.96192168279
101310.95186988823
101320.86285791683
101318.74985728996
101327.90000122678
101326.67772270783
101334.17789694024
101334.0023519354
101335.66624443216
101332.76953905004
101331.62593828938
101325.97471877451
101324.65939331411
101318.57621923197
101317.42095762979
101312.22135675981
101319.80634181727
101320.91111515157
101319.81370532469
101320.67697121637
101320.19566846968
101321.15875249435
101321.07544402615
101322.56027470047
101331.26222198867
101334.19697648578
101329.20891485005
101333.81999856394
101325.120328442
101331.44605154383
101322.37241247178
101329.83385871189
101320.2874034394
101311.80363562363
101323.94686264139
101319.98447569313
101330.75780917838
101327.35254307526
101335.35922836004
101334.79690549089
101336.62290015785
101333.56387678027
101332.51236366238
101327.2647141913
101326.07658998841
101319.82291145594
101319.29972985818
101314.16578180714
101323.90805666805
101327.46764722709
101326.31006367483
101330.16888340964
101328.75477041017
101332.16503521184
101330.34579882857
101333.3794229652
101328.40528371575
101331.2187425718
101327.06342592408
101331.98159213702
101324.71240361358
101331.41200293477
101323.25931593859
101331.62845154623
101321.58288401773
101311.49281178313
101323.06202884727
101319.94160917019
101331.05192937434
101328.29573199555
101336.89125854967
101336.45104108697
101338.18932375395
101335.09640877225
101333.91270197563
101328.04747288302
101326.12716184041
101319.90931882201
101318.49105852854
101314.26515524513
101325.62159921696
101327.9883139618
101326.91641056356
101329.0562923992
101327.72179579079
101329.80746618724
101328.0899744101
101329.84263524672
101336.36151075449
101339.50932483842
101334.73309478082
101339.41978571619
101331.08487548298
101337.34589914272
101328.89460083691
101336.05950782928
101323.45870989596
101312.72363752488
101323.52133586255
101320.77992908748
101332.87190268903
101328.6612424065
101337.23456391139
101336.5476526967
101338.36074328813
101335.7042582115
101334.21650029428
101328.72473361059
101326.7281952209
101320.71988336254
101318.89716254789
101316.47331873406
101329.75526780116
101333.78386359649
101332.03599223043
101335.6623670501
101334.34118241901
101337.87384874441
101335.92980719886
101338.03915348634
101335.50669946992
101338.79334996251
101334.18220775235
101338.92204068857
101330.9581199862
101337.47269409212
101329.7179817181
101337.68463265411
101324.06722706257
101313.08108933899
101323.58916677054
101320.61293412618
101332.58194553596
101328.29208444589
101337.24003576892
101336.47058873667
101338.5851216946
101335.840365606
101334.07569800814
101328.71741688318
101326.57988104809
101321.23671153789
101318.63387742831
101315.95901718413
101331.63432276514
101335.31452147836
101332.27605708284
101335.76909987959
101333.89711267155
101337.50005851989
101335.12052192268
101337.41533600457
101336.94531158042
101340.11802859479
101335.51766929959
101340.37285965911
101332.06940135642
101338.21888831274
101330.17545381174
101337.80820006339
101324.1286537734
101313.25045088316
101323.53907016815
101320.66611466219
101332.04575088526
101327.8919100686
101336.83726375419
101335.79261408563
101338.08287971819
101335.15097250503
101333.62410160864
101328.34679919746
101326.37554777645
101321.22313993594
101318.74901050754
101316.1068141131
101331.72597322808
101335.62741839731
101332.85359325002
101336.77037746577
101334.97546005045
101338.70928761439
101336.49335264755
101338.6746666542
101335.47287653263
101338.71678225827
101333.85128625479
101338.30410833257
101330.24610100879
101336.57272288042
101329.01352509831
101336.48041611206
101323.48312009672
101313.2022371916
101324.74133943477
101321.73124208635
101334.70707244276
101330.6874653555
101339.67384449801
101338.74779509944
101341.03010804993
101338.12387849324
101336.40119124716
101330.76006623878
101328.12517532954
101322.03355040165
101319.45591022525
101316.37756830467
101330.23684810296
101334.14584508628
101331.48300463667
101335.0902263395
101333.33122386309
101336.98083374952
101334.89424431996
101337.31092904505
101331.35849027494
101334.42325864322
101329.90347543584
101334.68455561883
101326.76541739926
101333.33400093488
101324.73351403388
101332.91214958837
101322.20293268966
101311.90942015647
101322.90969741494
101318.95288373416
101329.63044472202
101326.53719159964
101334.74047098556
101334.01709170811
101336.24258463897
101333.22477068243
101331.86409864582
101326.61777792161
101324.87369234023
101319.5696274009
101318.90933098647
101314.68573225199
101326.73680840092
101329.97341409433
101328.37306098174
101331.60840829098
101329.59936134925
101332.96460614973
101330.76981059917
101333.16271799817
101329.38284857519
101331.78832488917
101327.67686899976
101331.49566101268
101323.88515546318
101329.94284669054
101321.84512646154
101329.89949746025
101320.88083696461
101312.81883896056
101325.32522280059
101321.41609641854
101333.29937117746
101330.21148471309
101338.49638309352
101337.73488716022
101339.83162494175
101336.60190202401
101336.00651775133
101329.7083870427
101328.31856009658
101321.228987864
101320.62164067158
101314.68544641731
101324.85101122239
101326.7788438554
101325.31208823714
101328.0989928936
101327.10260908632
101329.94889892134
101328.44442844225
101331.08063105863
101324.20385162019
101325.99158608408
101323.01365069914
101326.7979754077
101320.34608878332
101325.45192363663
101318.63342668525
101325.28639608456
101317.81217532276
101310.54992887835
101319.65829924436
101316.963542493
101325.61855453762
101323.97640203062
101331.23843639923
101330.98502045272
101332.79747065884
101330.00472571967
101328.63177026012
101323.75270449989
101322.42020962847
101317.2988464318
101316.7468089825
101312.46678335631
101320.79997241389
101322.77105833268
101321.83008908165
101323.73248781629
101322.68996751822
101324.37172694295
101323.48284179442
101325.61847315475
101322.46781853064
101323.70205773473
101320.72334852225
101322.65390933477
101317.59161056639
101321.11354652802
101316.14174513504
101321.66707431871
101316.81794606367
101313.05622057227
101322.53009510016
101321.18994852836
101330.71715644127
101329.56182581469
101336.2954563997
101335.87525236249
101337.2926948125
101334.6347907063
101333.79753662192
101328.80760915425
101326.60456547621
101320.67518422473
101318.72704535512
101313.48303091325
101318.96914864951
101319.75741407569
101318.62239469223
101319.76722647286
101319.34404863365
101321.45975521284
101321.71806270024
101323.36966549698
101317.83449658229
101318.54300691464
101317.67658682246
101318.81484367434
101315.05098014403
101317.17318424888
101313.75076354708
101317.04138847145
101314.14253196692
101310.98271729682
101316.88523237272
101316.1217475881
101322.14489921938
101322.28606522178
101328.40265530723
101330.06554718634
101330.85609399916
101329.31531579516
101325.76736201139
101321.82135788882
101320.04809587005
101316.49066095233
101315.10077705281
101312.48092322166
101316.66971897054
101315.17332072981
101315.30805177607
101315.67879444732
101316.49561908245
101317.64407945503
101318.04261675768
101318.00289597492
101318.2913923313
101318.26575669351
101317.09544569699
101316.69746834134
101313.92329698286
101314.13390051908
101312.60147502788
101314.69236339926
101315.01665366474
101315.52427445652
101320.58224244448
101322.53671628931
101328.77836829373
101330.72738786154
101335.19952220292
101337.69136065269
101337.98850374561
101336.56462516906
101333.0476052867
101329.35387145591
101325.41515722638
101321.65031836533
101317.71836057182
101315.23857514188
101315.08812191586
101313.19134376271
101313.26620721552
101313.58365410956
101315.73305927865
101316.37145177019
101318.47498376964
101318.08178120248
101334.68608112789
101333.20790343528
101329.66297624802
101326.41197509502
101322.67470068979
101319.77401525772
101317.27364712427
101315.40617997595
101314.55074337863
101313.9707871695
101315.41468244625
101316.24112100135
101319.31265143337
101320.62548145016
101322.40678863693
101322.3094287913
101322.27432408452
101322.21357249156
101321.59725827309
101319.98600298757
101317.33376503551
101316.30882127881
101314.07172863986
101315.09678721246
101314.2775713679
101316.34369170677
101318.63645533202
101320.75451625345
101325.58564469891
101327.4408318917
101331.96732129859
101334.32929917889
101334.53689139283
101332.56591368583
101329.16003002372
101324.79471183885
101322.50186487635
101318.28074013937
101316.05273407194
101312.70008870433
101315.91733306172
101313.05824960046
101312.57388030904
101312.25819033841
101312.78227335172
101313.56081288568
101314.05783828799
101314.51288612009
101314.52437627112
101314.56284521388
101313.49961550339
101314.81711744919
101311.71423238012
101313.92162957878
101311.37389576015
101315.56084640003
101313.84632447995
101311.50225214867
101318.07538503346
101318.49933721879
101324.93320093179
101325.83905369157
101331.92373074441
101333.82364521877
101334.28716870498
101331.88664862452
101331.26105067428
101326.17007250311
101324.29177953181
101319.11961957543
101318.0644766771
101313.17095935112
101318.66377811962
101320.29043097721
101319.43490072155
101321.58495826986
101321.3752431467
101323.87370432771
101323.31306752987
101324.911621053
101323.56151719509
101325.36261860208
101322.48570999649
101325.15679445837
101319.00642577035
101322.451580031
101316.65334163638
101321.28900241952
101316.19012217653
101312.86168417287
101320.92629284677
101319.71141102994
101328.10598393895
101327.07644474859
101333.31631167735
101332.94719623846
101335.68043924341
101332.75974770196
101331.613972928
101325.97402002367
101324.64133992945
101318.592519695
101317.42926636591
101312.22054934609
101319.80831602597
101320.91754886947
101319.80914511897
101320.6679822474
101320.19495531397
101321.16422351961
101321.0668378557
101322.5580078174
101321.64678373079
101322.75702599519
101320.36423836771
101323.24502884672
101317.80326441504
101322.49211320648
101316.83508713015
101323.49574716241
101316.95538942616
101310.93397282349
101320.85500763128
101318.74566596096
101327.89929270353
101326.68092282588
101334.17880563551
101334.00332564683
101336.62683978543
101333.56521975313
101332.51384066824
101327.26337733481
101326.07383736112
101319.81685625113
101319.28809410837
101314.1623142309
101323.906473037
101327.44190038469
101326.29571885058
101330.17736068004
101328.74064913049
101332.14781846739
101330.34890578128
101333.38315053066
101331.26407773301
101334.19679587663
101329.20635571869
101333.81808846428
101325.11751487237
101331.44521488632
101322.36979941695
101329.83577313906
101320.29099297334
101311.79860358538
101323.9570026554
101319.97783429445
101330.75995051728
101327.35370585603
101335.36039258951
101334.79196326884
101338.18765303337
101335.08553979392
101333.91032209081
101328.05006429928
101326.12392216505
101319.91085209219
101318.49185504517
101314.2656979732
101325.62260726473
101327.99451212856
101326.91764526899
101329.06279159422
101327.72909599003
101329.81519093654
101328.08905463279
101329.8479973806
101328.40919340201
101331.21764357112
101327.0665857487
101331.98288623095
101324.71302192852
101331.41459082862
101323.26340224985
101331.63465598607
101321.58672642498
101311.4943239898
101323.05275270194
101319.94354795731
101331.05691312355
101328.29737333648
101336.8959453898
101336.45132291222
101338.36204807792
101335.70000555777
101334.21832497335
101328.72543244154
101326.72412713185
101320.71549020466
101318.89564980599
101316.47148181411
101329.75323407681
101333.78165693986
101332.03319303325
101335.6608402595
101334.33452113475
101337.87213741243
101335.92667627901
101338.03775453947
101336.35930433654
101339.50547343731
101334.73286378237
101339.41628232705
101331.08349830436
101337.34745284621
101328.89554198325
101336.06120129369
101323.46056774349
101312.72506242324
101323.5198754724
101320.77724195326
101332.87283239192
101328.66137159959
101337.23670331284
101336.54989586296
101338.58022916752
101335.82438883146
101334.07754432148
101328.71773807988
101326.57649079827
101321.2331942751
101318.63202688034
101315.95796078573
101331.63331148407
101335.31573640324
101332.27747389421
101335.77088659997
101333.89635543709
101337.49847029967
101335.12826057035
101337.41642011296
101335.50545696091
101338.79032947835
101334.18274926215
101338.91495843379
101330.95888428614
101337.4746515693
101329.72019408144
101337.68606603426
101324.06720724588
101313.08057797486
101323.58598024605
101320.61072048676
101332.58200985096
101328.29223040504
101337.24275632977
101336.47560699716
101337.03921432018
101334.14371026616
101333.14686943944
101327.9170652117
101326.6090556469
101320.93862182868
101321.64074512919
101317.99227675977
101329.68910724342
101333.47892185026
101332.35811991201
101336.17937196372
101334.25998505876
101337.68469361712
101335.40951278142
101337.81816571661
101335.95014716797
101339.13054552989
101334.62960650922
101339.14121634592
101331.46978705672
101337.87353034885
101328.63419923256
101336.16254920939
101324.7153083587
101314.74233574027
101324.47611777375
101320.77026753208
101331.20525870884
101327.55560841468
101335.69736869904
101334.92100620081
101339.83973835448
101336.94433439823
101336.11330010043
101330.05972870669
101328.49295366606
101321.83845264313
101321.75363350574
101317.64795970751
101328.86007530591
101332.69442893988
101330.92185759309
101334.55775265043
101332.50276384363
101336.05954339665
101333.77590908633
101336.35046258286
101334.39150902406
101337.57448588898
101332.95204968455
101337.3840589844
101329.74143355797
101336.07544432185
101327.3976095479
101335.25835654254
101324.15961382835
101314.50874844368
101325.82904038357
101321.81746987419
101333.47668453146
101330.05410297253
101338.50904580226
101337.82976961165
101335.36065176481
101332.39467925599
101331.53263180333
101326.29848534349
101325.27670175863
101319.67936375331
101319.85812819617
101315.86586282322
101326.3352021662
101330.24997764085
101328.2426794591
101331.58952937119
101329.42264717097
101332.66312472991
101330.29322857791
101332.62777575653
101330.8000298618
101333.7538199237
101329.61478243463
101334.20940513896
101326.89912266104
101333.16691816301
101325.0599746138
101332.52290917705
101322.57287774971
101313.13462784584
101323.1531277493
101319.35218233534
101329.29020836143
101326.23563560168
101333.95056189829
101333.23446773515
101338.63332986683
101335.56549654804
101335.02267888418
101329.02498454753
101328.43424474054
101321.2654194513
101321.37360176076
101315.53274680766
101324.6315762787
101327.4607114526
101325.34774303657
101328.23618391683
101326.6389489485
101329.4583633922
101327.85418624003
101330.31380946003
101328.6117059986
101331.08599774521
101327.21731149078
101330.84715092345
101324.04382355562
101329.60183180332
101322.43716568411
101329.72883128095
101321.35100588234
101314.10334502047
101325.28908640546
101321.72906557309
101332.5064512526
101329.55282712987
101337.35075817045
101336.73572972545
101332.50494893572
101329.76876960706
101328.79990733846
101324.09893622869
101323.11477028219
101317.92873640722
101317.95613638709
101313.7268129123
101321.38444291349
101323.76565827322
101322.16910477086
101324.35214083083
101323.01055277968
101325.08495543667
101324.14197649094
101326.16596957542
101324.74547248837
101326.59864150142
101323.63507951731
101326.98493882826
101321.18293220535
101325.75013267896
101319.5969450314
101325.62752399505
101318.69158030521
101311.88834564239
101320.41213894005
101317.83828774207
101325.89096915201
101324.4278597706
101331.08503326407
101330.82204736004
101336.9687494768
101334.3601482051
101333.42165321145
101328.46237144225
101326.5939848538
101321.01738479073
101319.92607872943
101314.44962137178
101319.71159678814
101320.80718296459
101319.20980761386
101320.41797037654
101319.67970678526
101321.67823545032
101321.56592658955
101322.86825386898
101322.02400577147
101323.35489903708
101320.71402192814
101322.73014416304
101318.22221759659
101321.55933143591
101317.09172658311
101322.28331030413
101317.78348283141
101314.15898074808
101323.16948167364
101321.6367049315
101330.3010115709
101329.35049523655
101335.58256982986
101335.42130365605
101329.28068662864
101327.67737568235
101326.22849263948
101322.64486078176
101320.92721860865
101317.5578109359
101316.32440196062
101313.69894847627
101317.41955229404
101316.7360150507
101316.49784114525
101317.113812504
101317.49546861564
101318.74462421724
101319.42872119359
101320.74678566877
101320.50252205909
101320.66574914064
101318.67405390431
101319.69690580529
101316.27241877068
101318.38134035106
101314.99062597261
101318.16819710903
101315.26837909027
101312.2918755867
101318.04155130955
101317.24357197028
101322.97821146582
101323.12348390784
101327.95655803182
101328.31670237734
101335.44135473986
101334.47247446291
101332.23026139656
101329.06933173051
101325.68743023636
101322.3039759665
101318.80096866832
101316.03872649668
101316.07969713185
101314.46689089008
101314.52682878425
101314.72646539072
101316.45696708703
101317.09044937276
101318.84818689953
101319.57049642567
101319.62159375993
101319.43194048674
101317.65239112466
101317.38318061116
101315.18843292471
101315.04067254088
101313.83644796377
101315.55070706716
101315.99646893126
101316.46085680192
101321.39097884358
101323.19029661482
101328.44444510341
101330.2151174091
101333.9827801457
101335.0047730214
101323.62835015586
101323.08102110113
101321.72295984454
101320.2706819232
101318.07852710495
101317.16710424951
101315.22922526453
101316.04420583273
101315.39593518872
101316.96689677368
101319.50285611008
101321.31603307283
101325.71150225902
101327.1491041064
101330.92514597347
101331.875322419
101332.22885847764
101331.36138518265
101329.07917959466
101326.29467720064
101323.13951410408
101320.46583930767
101317.8019788388
101316.4597841228
101315.46964657752
101315.23392799238
101316.37678342804
101317.14928766969
101319.59360027363
101320.84156523523
101322.67502921888
101323.48580906104
101316.34712796558
101316.43094472708
101314.85834744888
101315.93768280579
101313.07286870954
101315.31879079333
101312.85730924705
101316.73664863093
101314.91546272978
101313.07151811999
101319.36787008838
101319.64534010582
101325.59826330419
101326.58083760596
101331.28197995087
101331.77914683676
101332.60607849884
101331.11639659312
101329.54283387258
101325.60995862439
101323.42446012743
101319.35706390919
101317.50424956085
101313.99478334533
101316.8497037723
101314.55678971596
101313.86046564052
101313.61649594983
101313.96856036666
101314.85359175655
101315.44860903687
101316.4865929785
101323.84315164392
101325.60978939175
101322.63865463699
101325.10428756429
101319.64249328259
101323.06770288036
101317.75349681141
101321.93145212997
101317.16376845789
101313.77757983476
101321.4676592766
101320.20354257323
101327.49457277333
101327.06583610116
101332.61726847326
101332.71741657834
101334.00355344683
101331.60852879263
101330.73415919096
101326.0160550061
101324.42253238846
101319.67086179755
101319.01681670838
101314.16278417075
101319.27711082928
101321.44038042499
101319.9610178936
101322.29098391526
101321.43742542593
101324.17987867988
101323.44877779271
101325.10891128608
101321.85795894546
101323.27569705161
101320.72900010798
101323.67166456873
101318.69711933547
101323.03788447185
101317.84450381693
101323.97698264962
101317.90487117296
101312.21121677101
101321.49701078684
101319.61724822651
101328.31990913484
101326.94606102732
101333.8287667024
101333.71809072222
101335.13105417558
101332.38684455563
101331.61204199657
101326.20121668547
101325.12695892883
101319.3135878918
101318.70338176683
101313.44161235294
101320.51481424081
101322.05036867608
101320.4388737893
101321.53681931354
101320.58386798462
101321.82685463049
101321.47265972372
101322.85320547283
101330.29030719193
101332.74431317407
101328.72994428748
101332.74859398801
101325.27763912411
101330.96824305065
101322.85083833206
101329.50304181376
101320.79405974632
101313.06434407538
101323.6641197745
101320.29516971255
101329.82281353296
101327.30649038061
101334.62507398732
101334.17424069121
101335.87129576967
101332.90167978912
101332.05941438992
101326.89451270996
101325.96832205463
101319.94117032058
101319.98683947475
101314.94221728902
101323.97589599113
101327.80847326035
101326.20710758906
101330.09031252735
101328.15665900546
101331.43999526749
101329.51962125012
101332.15711811492
101328.23380569639
101330.94814599716
101327.13334649648
101331.63383119278
101325.00674495727
101331.20470507888
101323.61322741228
101331.33710732337
101321.92838320293
101312.75469779123
101323.25589318754
101320.32274181972
101331.11047343505
101328.00073538972
101336.09096092809
101335.70272329317
101337.34524212522
101334.41922904989
101333.91430572602
101327.77118621393
101326.51647328513
101320.22647492276
101319.49006449495
101315.50581329808
101325.50463143704
101328.50848089406
101326.80750395582
101329.17499420916
101327.63518713441
101329.805164466
101328.01870984203
101329.71755977831
101335.18399131975
101338.34988185817
101333.81000957472
101338.33075268136
101330.5773230324
101336.81127829364
101327.73109157369
101335.20434346711
101323.89275899417
101313.88336374357
101324.60367824366
101320.75064620536
101331.62227025587
101328.15302818852
101336.19209067311
101335.65482940528
101337.40093579036
101334.63920502506
101333.66468225622
101328.15835095414
101326.98109316538
101320.7856036991
101320.76860380858
101317.3769778471
101328.57371722869
101332.7313974284
101331.4619658857
101335.22522705376
101333.49377346938
101336.92821518525
101334.71948888976
101337.01489971261
101334.49576359338
101337.77084427251
101333.26899545231
101337.95065843877
101330.34578436792
101337.01943237928
101328.08023251226
101335.85614570414
101324.59821359851
101314.63853433712
101324.74990208534
101320.78576223177
101331.63840350285
101327.99216711322
101336.21213927977
101335.70579621787
101337.59991319278
101334.8024111175
101333.79854241683
101328.27170122841
101326.96110592384
101320.95768822303
101321.52774344743
101317.91999514136
101329.5560142653
101333.03322783548
101331.7051121714
101335.32192945151
101333.13312313311
101336.53723325723
101334.05753111107
101336.55504160951
101335.94466213557
101339.12753408946
101334.63089213215
101339.14287879139
101331.46643222947
101337.87563208719
101328.63327970264
101336.16057358043
101324.71545039974
101314.74332921788
101324.47854070611
101320.77192485698
101331.21014872134
101327.55480051313
101335.69769094516
101334.91953897706
101337.03988085067
101334.14669496981
101333.14496442307
101327.91720048331
101326.61369376238
101320.94191841233
101321.64093032925
101317.9927220906
101329.68864508386
101333.47818139919
101332.35880825766
101336.17613539883
101334.26249292924
101337.69337775165
101335.39845597239
101337.82538832379
101334.38026258165
101337.57007854187
101332.95262668029
101337.38805159005
101329.74355516986
101336.07590212394
101327.39856321123
101335.2582372294
101324.16149118381
101314.51216351942
101325.83021411428
101321.81969152082
101333.47336748082
101330.05613993017
101338.51485662771
101337.82699078179
101339.84058236686
101336.95025708369
101336.11214684331
101330.05886001309
101328.49461900358
101321.83944397255
101321.7526594891
101317.64860105132
101328.86030336402
101332.69645675214
101330.92303697734
101334.5552802556
101332.50484127547
101336.06688441026
101333.79123116836
101336.32134471275
101330.80958263113
101333.75064412037
101329.61029533672
101334.20100789165
101326.8965392875
101333.16941777532
101325.06493537474
101332.52640729482
101322.57444432058
101313.136652375
101323.15654146318
101319.35405373658
101329.2918697313
101326.23858832815
101333.94992907105
101333.23041783588
101335.35801323908
101332.39378655891
101331.53391468999
101326.29854756207
101325.2764007965
101319.67806991973
101319.85485482751
101315.86447109442
101326.33157786648
101330.23970522152
101328.25350659425
101331.58451449826
101329.42106092615
101332.66261340433
101330.29612015111
101332.64910402786
101328.61659764036
101331.08781445673
101327.21563892542
101330.85830726224
101324.03127991532
101329.59265773182
101322.43427061572
101329.72800028804
101321.35312388667
101314.1058161322
101325.28441265518
101321.73151054178
101332.5058887903
101329.5515754167
101337.34161608419
101336.74045855211
101338.63944005696
101335.56455922374
101335.02040291
101329.02618144444
101328.43545920095
101321.26621900397
101321.37227996328
101315.53597606803
101324.63820520083
101327.46857546341
101325.34774352367
101328.2371593774
101326.63741480684
101329.45294697503
101327.83801854595
101330.31629496242
101324.74166993475
101326.59839932152
101323.63607247641
101326.96718101962
101321.17745919054
101325.76175192416
101319.6032985161
101325.62886640853
101318.68701810055
101311.88355771758
101320.43365728667
101317.84200824732
101325.89475952741
101324.43598656887
101331.09327795546
101330.82804742076
101332.50029785212
101329.76560403765
101328.79919516397
101324.09379549391
101323.1112771686
101317.92499900979
101317.95286040156
101313.72669735417
101321.38213554608
101323.75181376051
101322.15918552836
101324.34692637737
101323.00348744835
101325.08174856492
101324.13571766774
101326.15920198687
101322.02151687704
101323.35403401183
101320.71485348331
101322.72084667566
101318.22705296015
101321.56677438527
101317.0963260831
101322.28499946921
101317.78694300796
101314.16272764049
101323.16045294362
101321.63906462144
101330.30563759606
101329.35356495348
101335.58034009337
101335.42419651263
101336.97205981084
101334.34958249137
101333.42376213163
101328.4610966077
101326.59752972721
101321.01785130886
101319.93033543976
101314.45010982768
101319.71687487901
101320.83027062046
101319.20008134296
101320.4196881641
101319.67096526379
101321.67724255999
101321.56223576536
101322.86627812662
101320.49877592406
101320.66293975255
101318.6741541361
101319.70060514328
101316.26691568427
101318.385466803
101314.99839569864
101318.17604658377
101315.27005972019
101312.29416749932
101318.03637288533
101317.24932292933
101322.97624975577
101323.1275550297
101327.95486400071
101328.31726454539
101329.28660190928
101327.67617344169
101326.22751775023
101322.64284187384
101320.9340516495
101317.5561290514
101316.33032475508
101313.70365625057
101317.42685788839
101316.74463750329
101316.48323756365
101317.11819068348
101317.49084000543
101318.75117434435
101319.4271265803
101320.74342898624
101319.62031634487
101319.42994006346
101317.65133272478
101317.38184597698
101315.19232271393
101315.04658683011
101313.83769054634
101315.55445149669
101315.99000001907
101316.45981829498
101321.39072771244
101323.18907521128
101328.44407320717
101330.21757557699
101333.98203608897
101335.00530877254
101335.44284307759
101334.4704050983
101332.23364875099
101329.05985190213
101325.68988033777
101322.309126176
101318.80683610174
101316.03759313733
101316.08154305926
101314.46501675798
101314.52623104698
101314.7295783482
101316.45902685843
101317.09202185896
101318.84627615601
101319.57019095462
101332.22811777616
101331.36086334394
101329.08218070315
101326.30022437946
101323.13881724073
101320.46451343544
101317.80365902877
101316.45860700632
101315.46931435719
101315.23109227786
101316.37692844954
101317.14710241782
101319.59249554646
101320.8423526274
101322.67553517727
101323.48618459918
101323.62920398591
101323.0804703099
101321.72703465863
101320.27440495144
101318.08029372588
101317.16079046497
101315.22898463454
101316.04694299219
101315.39460619215
101316.9672972554
101319.50304867883
101321.31429447485
101325.69694337597
101327.14461524694
101330.93072395635
101331.88088726843
101332.5910767548
101331.11578422091
101329.54581084421
101325.61949904947
101323.42016077891
101319.35862400892
101317.50857419375
101313.99884792969
101316.85342033629
101314.55819988316
101313.85647103284
101313.61759647528
101313.96934005918
101314.85220029709
101315.44907130403
101316.48944885533
101316.35017833757
101316.43367785345
101314.86032042954
101315.93630979709
101313.07256459989
101315.31932220914
101312.85730670554
101316.74136868936
101314.91818300082
101313.07305412708
101319.36847054798
101319.6393958386
101325.58377280729
101326.56665906278
101331.27540575749
101331.77582898704
101333.99084264955
101331.61242432414
101330.74129035154
101326.01665561498
101324.4207037969
101319.67835528139
101319.02483508963
101314.16638061973
101319.28253848421
101321.44840652061
101319.95845731295
101322.28504305943
101321.43757802175
101324.17999640721
101323.44608579497
101325.11010376584
101323.84421723981
101325.61166616675
101322.64058394055
101325.10702684136
101319.64031256332
101323.0640865663
101317.74623762401
101321.93281139605
101317.16199044907
101313.77771376248
101321.47377198935
101320.2064421073
101327.52833607722
101327.0591394432
101332.61475021688
101332.70350746356
101335.13773959177
101332.39076739232
101331.60157443164
101326.19744322132
101325.11363039733
101319.31449038489
101318.70696295847
101313.44078989215
101320.51492503143
101322.05035374219
101320.43470079594
101321.52906342587
101320.58033085753
101321.82750643867
101321.46737892264
101322.85141089821
101321.85695619851
101323.27533898098
101320.72845521399
101323.67196055935
101318.69675709875
101323.04408494661
101317.84797296672
101323.97890530052
101317.90328679835
101312.20786622733
101321.49413406599
101319.61360107412
101328.31344648128
101326.94741387636
101333.83336770184
101333.72384790458
101335.86210503374
101332.90286078704
101332.0615939163
101326.89258786138
101325.96590741689
101319.93790570878
101319.98220755014
101314.94145266249
101323.97556060653
101327.78587582798
101326.20080740252
101330.08362122277
101328.14748939488
101331.42930512803
101329.51840413392
101332.15663192236
101330.29044290568
101332.74284855653
101328.72869994969
101332.74863224223
101325.27582722585
101330.96730379041
101322.84821590991
101329.50259907599
101320.79459249691
101313.06285151724
101323.66796920098
101320.29472508884
101329.83281135868
101327.3026146694
101334.62217169665
101334.17274162525
101337.35791916112
101334.41116733459
101333.90399329631
101327.76852122493
101326.51111009879
101320.22637571636
101319.49102797775
101315.50608628341
101325.50530830357
101328.50919605988
101326.80617671496
101329.17729834511
101327.64183176408
101329.80509463508
101328.01881186017
101329.72309050549
101328.23676655392
101330.94633011274
101327.13261473956
101331.63337095923
101325.00586778001
101331.20624423987
101323.61461855823
101331.34056271653
101321.9303609792
101312.75580993399
101323.25040857795
101320.32110701574
101331.10769358239
101327.99815625374
101336.08802619063
101335.70500146109
101337.39509983311
101334.63219378222
101333.67063113689
101328.15790018365
101326.97620555563
101320.78172369373
101320.76680928798
101317.37477116447
101328.57183783379
101332.72836247612
101331.4597470372
101335.21664222341
101333.48245110897
101336.93018015826
101334.72219541699
101337.01912715672
101335.18776590627
101338.34914557831
101333.80980378829
101338.33045626461
101330.57732968171
101336.81106244438
101327.73169767691
101335.20541338957
101323.89392451795
101313.88510354402
101324.60366962675
101320.74810412912
101331.6226901341
101328.15349233139
101336.19672362442
101335.65720639596
101337.59682450921
101334.79376701864
101333.79792365855
101328.26875063436
101326.95518512148
101320.9540532323
101321.52661548443
101317.91832802989
101329.55477956231
101333.03150059714
101331.70399132158
101335.31937866885
101333.1267020286
101336.53489183509
101334.07185184135
101336.55780715996
101334.5008265276
101337.77410573111
101333.26992221284
101337.95011885397
101330.34844782352
101337.01789335217
101328.08178617031
101335.85741888554
101324.59836463528
101314.63824010504
101324.74653945849
101320.78329093241
101331.63420898849
101327.99039750705
101336.21063324535
101335.70458380219
101336.04267989847
101332.93993759225
101332.84185588807
101326.96644798355
101327.01788814081
101320.97006590402
101322.32117903125
101317.73062205801
101328.6171710691
101333.37574848066
101331.1955449854
101335.58235521338
101333.71945069573
101337.43009699497
101334.95340262898
101337.27806293522
101335.32753874906
101338.42759712113
101334.29337701589
101338.58685014679
101331.00908866376
101336.43686725361
101328.09709277851
101335.22982931658
101324.63283369623
101315.65238809213
101324.52819491866
101321.08291373067
101330.29484206342
101327.23273014538
101334.68685031382
101334.27411286677
101338.64473924688
101335.48204884974
101335.51549019749
101328.86743276837
101329.15472439957
101321.92487509341
101322.98905566086
101317.82764734622
101327.87610434982
101332.31488665679
101329.79014782945
101333.9897360652
101331.87886677062
101335.46729684253
101333.04339308878
101335.37086071863
101333.416625307
101336.41457866668
101332.39981785128
101336.5603358576
101329.30714261832
101334.73296614175
101326.88885318486
101334.16781776356
101324.0625459381
101315.94376531884
101325.94147737759
101322.32830098053
101332.39708937881
101329.56225648345
101337.29765572787
101336.89361443746
101334.87688482612
101331.93259067455
101331.6131611117
101326.32503114684
101325.85387801941
101320.00438319941
101321.15761492422
101316.12758394293
101325.68335926835
101330.55923086287
101327.83785723952
101331.66828830984
101329.49979551179
101332.89169547308
101330.58698125699
101332.86714610955
101331.04851030759
101333.82396881899
101330.01660260167
101334.02865855873
101327.40977814686
101332.49437710678
101325.42793264115
101332.01167108395
101322.5906272383
101314.674297355
101323.20369862248
101320.09259605178
101328.70248289281
101326.61229812805
101333.50407389818
101333.04390354289
101337.66118024255
101334.69644281745
101334.67370351436
101328.52203809388
101328.69388989123
101321.15165960835
101321.7623782765
101315.81944981465
101323.93538644959
101327.95489690275
101324.94470556751
101328.11038977893
101326.04065729119
101329.06973207164
101327.13028864677
101329.45595130921
101327.71230559789
101330.05391827092
101326.65181901242
101329.97392142442
101324.25790440943
101328.96521442458
101322.8887789209
101329.38185479851
101321.11780322526
101315.45262619603
101324.7246951829
101322.24888128722
101331.4160573477
101329.47845844171
101336.44305056769
101336.07800643754
101332.20829877222
101329.69396072873
101329.19928538067
101324.5650139474
101324.14888834246
101318.32397041188
101318.77059634608
101313.67365534601
101320.85382744893
101324.78542107726
101322.40875298498
101325.14811329752
101323.34573652604
101325.97266329807
101324.69350902241
101326.55937264943
101325.11838986966
101327.19493830662
101324.22834806496
101327.21501671773
101322.14413343517
101325.83121800826
101320.74430796542
101325.61078349844
101318.73847627854
101313.23736734381
101320.38885295633
101318.89823136247
101326.18084662223
101325.17907850169
101330.94899975286
101330.71786073031
101335.34651575271
101333.02605216112
101332.52162194946
101327.74354159043
101326.77202375865
101320.51683556827
101319.94948408894
101314.46273565679
101319.26523058688
101320.98725842152
101318.76346277518
101320.31809629661
101319.48312260436
101321.835999053
101321.37776862184
101322.72777638413
101321.86316660349
101323.15541508095
101320.7831042551
101322.46864333427
101318.37932426092
101321.02014691097
101317.46972564064
101321.92335459514
101317.44167565982
101314.83078425497
101321.96068779577
101321.80464527427
101329.29747414045
101328.99152615792
101334.1187898784
101334.01435464606
101329.17190749253
101327.56586880036
101326.88371962131
101323.55229017933
101322.36317868085
101318.06967440658
101317.13651503966
101313.46007271469
101316.75755016952
101317.6078460128
101316.79541507796
101318.04255977852
101318.15118684809
101320.08900085484
101320.41275405147
101321.55657773068
101321.11409563752
101321.70698939863
101319.91556710872
101320.50980265843
101317.24953543561
101318.71222108995
101315.81998550947
101318.4122639963
101315.35456066266
101313.06155908214
101318.24408796485
101318.52717730132
101323.8608236907
101324.08564718744
101328.09416685168
101328.15174677358
101333.82291904638
101332.78270378875
101331.05709649823
101328.2045387757
101325.1137898217
101321.55198360808
101318.82668217986
101315.64396234984
101316.03113955619
101314.13251687289
101314.33781262234
101314.61969547237
101316.32778617526
101317.48624825641
101318.94196731903
101319.30125148481
101319.26499586043
101319.46601124741
101317.90319418434
101317.34852443234
101314.799171897
101314.88428003412
101313.58299110623
101315.25467516099
101315.60313448499
101316.40250184308
101320.79531215248
101322.76759952665
101327.40074039395
101329.28897396021
101332.40463426312
101333.28798348678
101323.15296790663
101322.74468242444
101321.54004033885
101320.16595915641
101317.86935035445
101316.65560144765
101315.08244384103
101315.5033024397
101315.2671793121
101316.03868634914
101319.04820312564
101320.74458142277
101324.7803149758
101326.39833371196
101329.60338446723
101330.86271879131
101331.22452510557
101330.26733478873
101328.24240279982
101325.40825610518
101322.46565523924
101319.85689384701
101317.46289349729
101316.03471521262
101315.3489028817
101314.73041041831
101315.95919674441
101316.87385553651
101319.31576661413
101320.66375473206
101322.35272456541
101323.01085610091
101317.38782165785
101317.99141390507
101316.41597748737
101317.13984767266
101314.2895785998
101316.05257905451
101313.7804699746
101316.86442701977
101314.94192009821
101313.89823982789
101319.55080972138
101320.71484338537
101326.48924776567
101327.20267536656
101331.1414790362
101331.39628984773
101332.27547487264
101330.81685696139
101330.03996697759
101326.29327250432
101324.5761615363
101319.80089817084
101318.21892120675
101313.79804505288
101316.15178981706
101315.47155517437
101314.48061469386
101314.96493525148
101315.12318635279
101316.45878791621
101316.89994463322
101317.74850100453
101323.59710037036
101325.26980957369
101322.5757422047
101324.55396172646
101319.66779411385
101322.05085926452
101317.83348614714
101321.53084253849
101316.89101804499
101314.07493862943
101320.31156176115
101320.34669458734
101326.76190288633
101326.83300656293
101331.41497640792
101331.41906085235
101332.53381654942
101330.49288106847
101329.75992406093
101325.58574189723
101324.55735703983
101319.3196903457
101318.80218318968
101314.18742820529
101318.78464304577
101321.14189704467
101319.33099551007
101321.67530484012
101321.05943913857
101324.15271276454
101323.18299069164
101324.76625975869
101322.28361306104
101323.96593954592
101321.4792798432
101324.22187668811
101319.68648353552
101323.39616349363
101318.84790635898
101323.97176988082
101317.97636758725
101313.39372389173
101321.22936428875
101320.38506674845
101328.61354940574
101327.35531060236
101333.25981780913
101333.32913959549
101334.53012307404
101332.06647706557
101331.76886711929
101326.44731180923
101326.01251112421
101319.53292457116
101319.21858575952
101313.58154198041
101319.99865469086
101322.88808785283
101320.50192931833
101322.34926258952
101321.01660944542
101322.80885107259
101322.08906529192
101323.35794935566
101329.37474438854
101331.80492238993
101328.19510284161
101331.78135517678
101325.36199278964
101330.12925942015
101323.27895161873
101328.81121904158
101320.52568578118
101314.19167748561
101322.88748236635
101320.69234246299
101328.81528758927
101327.39403868184
101333.84384411809
101333.7594616338
101335.13060147691
101332.31247330717
101331.85253671635
101326.65196108038
101326.10954411715
101319.89393052067
101320.15291767257
101315.18902141679
101323.29642810996
101328.23000611977
101325.81730437596
101329.63135453794
101327.36104903359
101330.75815024423
101328.78477820197
101331.21087121477
101328.48929972736
101331.08629419642
101327.70973673621
101331.65492205079
101325.60139029523
101330.71633093223
101324.09101783235
101330.80879767839
101322.02335157736
101314.27715488168
101323.56059483906
101321.06721898034
101330.6019169525
101328.25247160776
101335.54822531853
101335.45781512812
101336.86646374939
101333.96928305672
101333.93978618694
101327.70173314249
101327.36885953441
101320.53350849498
101320.93777951255
101315.87997378848
101324.8399548241
101329.0954859237
101326.49195135856
101329.51945357971
101327.59883718358
101330.23665107366
101328.18752589423
101330.07402413643
101334.41270654756
101337.34275179068
101333.29973826343
101337.50165079613
101330.17496308446
101335.31861947352
101327.3466032093
101334.05638002128
101323.90178440025
101315.22928235424
101324.64035043644
101321.13521049953
101330.46725343318
101327.68968961682
101335.08141728814
101334.82586111041
101336.34466726627
101333.30160626207
101333.17770359699
101327.19974847476
101327.29317721138
101320.79651434382
101321.85470057486
101317.53761525916
101327.55509904056
101332.54205304966
101330.39421695659
101334.6070308256
101332.71983756237
101336.37923661486
101334.00842335715
101336.27823908153
101334.17665736718
101337.21883698359
101333.15782894273
101337.46494056123
101330.02585328092
101335.64192923041
101327.48554227696
101334.84278123389
101324.48916980758
101315.53754548225
101324.93884879167
101321.3014921062
101330.80336912238
101327.8225535872
101335.40762228589
101335.14036504124
101336.7440082173
101333.69273985448
101333.75692236247
101327.46380993049
101327.72204516569
101321.18244213317
101322.37632116415
101317.71895516505
101328.45637616867
101332.8117483121
101330.59914028454
101334.84074288301
101332.82848016688
101336.39447253045
101333.88950215754
101336.13162672214
101335.30670628243
101338.42016927534
101334.29302298478
101338.58459825352
101331.00868102693
101336.4375251124
101328.09666275472
101335.22827000308
101324.63235920818
101315.65157094755
101324.52551939615
101321.08290200433
101330.3066066373
101327.22620797053
101334.68593807871
101334.27188267898
101336.0418976009
101332.94110551989
101332.84180374024
101326.96039383792
101327.02281424651
101320.97302545869
101322.32349979645
101317.73041237313
101328.61674777881
101333.37784662485
101331.19722842077
101335.58339546566
101333.72104143021
101337.43146395581
101334.94934912822
101337.27204848468
101333.41128943584
101336.41062637695
101332.38912189423
101336.56485553886
101329.31293220921
101334.73656118376
101326.88986375945
101334.16811972711
101324.06394832804
101315.94520424245
101325.94982257411
101322.33784039893
101332.39373797143
101329.55885897159
101337.29513931434
101336.88930831262
101338.64460677163
101335.48182886082
101335.5137107105
101328.86673451714
101329.15722200234
101321.92553693424
101322.98907766292
101317.82781842047
101327.87748373352
101332.31806382668
101329.79367516239
101333.99491360388
101331.87609896674
101335.47605185001
101333.04801821512
101335.36088856094
101331.05247579599
101333.82785648642
101330.0314389961
101334.03471773313
101327.40951729716
101332.49608830868
101325.43044920909
101332.01313478212
101322.59055202262
101314.67389927621
101323.20380774769
101320.09177951899
101328.70751538209
101326.61314922417
101333.50209199215
101333.04067980419
101334.87446871746
101331.93032321148
101331.61277032606
101326.32475334346
101325.85337409077
101320.00222783073
101321.15470199868
101316.12448570148
101325.68009008747
101330.55566870983
101327.83945653963
101331.66231304269
101329.50928982059
101332.89226767611
101330.58907704834
101332.87162232488
101327.71177664319
101330.05147994279
101326.64874776025
101329.9796296346
101324.25060737571
101328.96252694094
101322.88607330287
101329.38139827675
101321.11915057481
101315.45254075693
101324.71848914094
101322.24623693018
101331.41702152291
101329.47816745596
101336.44016842282
101336.08132372596
101337.66357728848
101334.69550337538
101334.67240861661
101328.52123768267
101328.69268200095
101321.15151322959
101321.76146223044
101315.8226805477
101323.94075621782
101327.95949614233
101324.9437135051
101328.1112866711
101326.04694733591
101329.06676269174
101327.12645537425
101329.45571355849
101325.11309890458
101327.19150910521
101324.22098209881
101327.2091723234
101322.13873864392
101325.83345270743
101320.74402604297
101325.61009750665
101318.73649621001
101313.23289543684
101320.39604645551
101318.89919623398
101326.18253034432
101325.18146841504
101330.94998396967
101330.72241481303
101332.20827120863
101329.69221993658
101329.19731468055
101324.56062218412
101324.14368138541
101318.32016260385
101318.7651803715
101313.67185612633
101320.85237609404
101324.77903888733
101322.40346013595
101325.14211890654
101323.33683327392
101325.96571875742
101324.69000460125
101326.55564312494
101321.86057087383
101323.15384362964
101320.78193734809
101322.46443124273
101318.37651130502
101321.02219641485
101317.47264016172
101321.92167999805
101317.44249253857
101314.83261839548
101321.96192055894
101321.80614081326
101329.29780864317
101328.99680398281
101334.12109377526
101334.0146594602
101335.3463502377
101333.02144043226
101332.51680950834
101327.74191227292
101326.76977241215
101320.51514357534
101319.95012109232
101314.46498646241
101319.27007222173
101320.99282261496
101318.75941970031
101320.31926171096
101319.4740389339
101321.83147069301
101321.37610317706
101322.72715860249
101321.11069758561
101321.70426753936
101319.91494363136
101320.51099525415
101317.24612703585
101318.71149452681
101315.81877290928
101318.4148011143
101315.35531243324
101313.05952593398
101318.24002801831
101318.52798017778
101323.86030801981
101324.08959942986
101328.09435861136
101328.15189927105
101329.17376548672
101327.56506656113
101326.88212952405
101323.55096530062
101322.36404884332
101318.06356124155
101317.12725011652
101313.4596653362
101316.7606932504
101317.60761745062
101316.79244074182
101318.04223443411
101318.13137691547
101320.06816904474
101320.40869337443
101321.5508106706
101319.26491121409
101319.46164849363
101317.90378828251
101317.34467662558
101314.80162534473
101314.8900795931
101313.58481349623
101315.25967031908
101315.59435000664
101316.40120157332
101320.79285747791
101322.76693711356
101327.40134988776
101329.29111653421
101332.40506109536
101333.28849912286
101333.82411568127
101332.78305111427
101331.06060335922
101328.20235780707
101325.11426464219
101321.54928481017
101318.83068001011
101315.64721402468
101316.03306440009
101314.13065282769
101314.3438756664
101314.6311495488
101316.33123976887
101317.47642996995
101318.95243124677
101319.29735503427
101331.22444841612
101330.26571837788
101328.24350257388
101325.40220019341
101322.4665358549
101319.86155264414
101317.46523075101
101316.03456992535
101315.34984713997
101314.72919609548
101315.95802175066
101316.87315507978
101319.31652173797
101320.66512997626
101322.35348643411
101323.01186882556
101323.15394313584
101322.74416407541
101321.54434412318
101320.16931991947
101317.87636433037
101316.65729783826
101315.0870221761
101315.5057778732
101315.26521518474
101316.038575777
101319.04926640916
101320.75498672632
101324.78689713671
101326.39780200436
101329.6097172197
101330.86520678045
101332.27403171008
101330.81770440575
101330.03796886341
101326.30644707728
101324.57243612269
101319.79659943822
101318.21865841097
101313.8014530761
101316.15466060364
101315.47213251429
101314.47929635087
101314.96732630486
101315.12523844193
101316.45997876102
101316.9012000611
101317.75148668155
101317.39039819673
101317.98798739768
101316.41429925086
101317.13842985705
101314.28862816124
101316.05485591559
101313.78381582384
101316.86944032446
101314.94407935873
101313.89898208479
101319.54808287468
101320.71016724476
101326.47135233405
101327.20018883387
101331.13897212839
101331.39484535386
101332.53393483962
101330.49286903124
101329.75940806018
101325.58523962424
101324.55707588205
101319.32235312412
101318.8066763922
101314.19114953661
101318.78820810243
101321.1490703423
101319.33062761351
101321.67637965252
101321.06298476775
101324.16179800031
101323.18460326524
101324.76823235814
101323.59956825778
101325.27605652568
101322.57996751912
101324.55709191735
101319.66959956152
101322.04714755379
101317.8323724861
101321.53102798997
101316.89124364418
101314.07670621396
101320.31403845971
101320.35202747714
101326.76288472141
101326.83293002823
101331.4160601903
101331.41777767873
101334.52727248376
101332.06714427796
101331.76532741325
101326.44658219478
101326.00892492602
101319.53753967989
101319.22170479002
101313.58306563747
101319.99980155687
101322.88591384803
101320.5014245292
101322.34594969061
101321.01206498643
101322.80667924818
101322.08610619475
101323.35482497436
101322.28242835215
101323.96502428399
101321.4785341464
101324.22220359406
101319.68561546205
101323.39886814647
101318.84835061802
101323.97434351114
101317.9778739265
101313.3945633782
101321.22516544085
101320.3814718928
101328.60756392975
101327.35362094759
101333.26155180178
101333.33229528673
101335.1264708961
101332.3121299971
101331.85094982143
101326.64836950516
101326.10383490237
101319.89144145747
101320.15201482049
101315.19054409247
101323.29772388001
101328.22244256406
101325.81504025705
101329.63148863784
101327.35027640939
101330.7367698973
101328.78458962098
101331.21011981458
101329.37487670332
101331.80544106293
101328.1958155382
101331.78194925471
101325.36238006526
101330.12697467011
101323.27854069302
101328.80997104966
101320.52497672683
101314.19179311639
101322.88894723033
101320.69398822371
101328.81883121653
101327.39157190795
101333.84188945433
101333.75669678222
101336.87481742767
101333.96758111923
101333.9345972306
101327.69866901179
101327.36515865348
101320.5329948717
101320.93962619289
101315.88002922558
101324.83967761877
101329.0919344266
101326.48873050607
101329.52215522702
101327.6068906693
101330.25772195589
101328.18910442645
101330.07744079294
101328.49284532529
101331.09136362132
101327.71042336724
101331.6538293687
101325.60013020255
101330.71499217626
101324.091943686
101330.81045253624
101322.02426978358
101314.27861237513
101323.55781476188
101321.06466542573
101330.59988298861
101328.24980504005
101335.54686597249
101335.46209708718
101336.34959949815
101333.29310936098
101333.17773023862
101327.19924204588
101327.28879886906
101320.79431164464
101321.85299700453
101317.53593690033
101327.55356175888
101332.5373461907
101330.38998538641
101334.61081634685
101332.71428794516
101336.38502801974
101334.00458632795
101336.2707030547
101334.40144217073
101337.33602676095
101333.29951466947
101337.50279550979
101330.17544158621
101335.3168786132
101327.34610284313
101334.05685946687
101323.90226142999
101315.23120872839
101324.64202933689
101321.13322571959
101330.46615823635
101327.68922120903
101335.08133199337
101334.82803604219
101336.74191289656
101333.68830170986
101333.7546243117
101327.46449749151
101327.71549852179
101321.17976857691
101322.37553906391
101317.71744275073
101328.45467055714
101332.80868187395
101330.59686163845
101334.84085688622
101332.82546617869
101336.39256532074
101333.89192538431
101336.12672460984
101334.161656166
101337.20456566186
101333.15715158875
101337.46870281032
101330.02727097286
101335.64169899649
101327.48503067305
101334.84338416872
101324.48887934005
101315.53750115717
101324.93789574395
101321.30030202428
101330.79371835983
101327.82446313617
101335.40773861554
101335.14229919476
101332.71872497692
101330.02311133183
101331.03457169145
101325.89289614261
101326.78118884668
101320.95345049545
101323.08039474989
101318.40345908632
101327.38336880557
101333.12505722378
101330.41264064613
101334.55083136822
101331.50743625131
101334.75634833601
101331.90067850144
101333.85121596063
101332.01943501031
101334.83944389137
101331.63583954726
101335.6513969231
101330.35270657242
101334.8749996164
101328.3811844537
101333.15105210079
101324.13896046732
101317.60652750041
101324.17256686272
101321.67343587214
101328.65574893166
101326.41914505983
101332.11692942394
101331.06071617742
101334.99935972042
101332.23669803998
101333.07577145161
101327.59274649606
101328.71415475538
101321.94206314895
101323.99547782766
101318.40466174435
101326.88055567004
101332.10610129285
101329.12126126901
101332.95877495062
101329.64932677957
101332.81947656185
101330.1044571464
101332.12392378543
101330.31173546085
101333.00785406819
101329.8086484927
101333.56190193558
101328.7750000635
101333.23648417629
101327.31442786587
101332.33006964086
101323.81071553794
101318.24540870497
101325.29644527122
101323.13557939722
101330.40853121619
101328.38829881327
101334.25095109035
101333.40895934595
101332.36501720196
101329.7728089095
101330.54481520035
101325.81295238162
101326.37426471003
101320.59042059277
101322.76221812158
101317.30208910452
101325.41996781836
101330.9503661195
101327.67383916795
101331.66872576832
101328.73450935223
101331.8335315739
101329.36837455358
101331.40146691466
101329.64917237601
101332.16606716305
101329.09304964977
101332.47380819877
101327.98909743341
101331.68858145361
101326.37498915655
101330.77628303767
101322.74998390925
101317.28916404597
101323.49202729776
101321.39774842857
101328.09792022601
101326.39499806761
101331.57081672395
101330.84001797334
101335.03415393559
101332.22494178744
101332.48977530743
101327.50735081465
101328.52278134294
101321.45887070708
101323.25322432708
101317.30589030673
101324.09818241591
101328.66504818603
101325.08242613074
101328.17516947094
101325.42040791517
101328.32571596414
101326.10419254191
101328.09587635826
101326.3901671768
101328.68013554509
101325.79986447058
101328.80863717089
101324.66634489174
101328.40103878804
101324.08292222918
101328.63309540304
101321.72622777021
101317.99433114301
101324.24986623466
101322.99690851654
101329.89280724504
101328.52418859024
101333.72550685561
101333.55121761029
101331.63450645603
101329.48993071602
101329.6527808721
101325.21324227464
101325.30825240604
101319.99015518978
101321.31459372834
101316.22946310924
101322.08644192538
101326.45700824852
101323.57914872019
101326.30366828857
101324.27997915195
101326.82375730074
101325.07366975081
101326.78858822404
101325.3118852865
101327.43535454235
101324.85467154268
101327.41340972832
101323.6964922841
101326.65862782557
101322.67208726579
101326.28398260885
101320.0820472803
101316.75521827975
101321.72765704193
101321.08276554212
101326.6033906993
101326.07396159611
101330.58861463002
101330.41576850513
101333.99486947854
101331.95777403825
101331.54618755254
101327.37116497211
101327.40450408457
101321.60693957462
101321.83298340013
101316.53319321976
101320.57899347474
101322.83246239506
101320.21244660608
101321.79967742457
101320.29624911901
101322.26944926166
101321.67223408044
101322.64479802946
101321.81410571365
101323.03302060315
101321.14598981605
101322.48070221886
101319.9136696326
101322.11687038295
101319.61143178356
101323.02137418889
101318.79243213488
101317.61268540428
101322.7541982001
101323.04529469258
101328.50837737274
101328.59126202067
101332.67829890594
101332.92423759412
101329.51536809526
101328.15934041585
101327.79289173063
101324.88019441128
101324.14307757793
101320.24939412522
101320.23853754335
101316.42537343448
101319.10845214158
101320.94028875642
101319.43039074988
101320.79702355976
101320.41403445567
101322.02707114513
101321.81273495033
101322.5949477156
101321.99977455245
101322.94225651913
101321.47023511569
101322.28671656584
101320.01250701419
101320.93660768491
101319.1545741554
101320.88655329103
101317.87600455283
101317.10742102853
101320.44912893719
101321.07351660934
101325.12469328425
101325.59397232607
101328.53492175628
101328.6008363249
101331.67617036922
101330.89391111596
101329.85014822586
101327.62758968014
101325.67341574762
101322.51616129978
101320.74525524754
101317.92874362688
101317.74143497937
101317.1004978999
101316.45610785902
101316.92240168541
101317.62079705602
101318.34847192762
101319.42295870217
101319.89211109981
101319.79584592012
101319.95506398652
101318.6014241896
101318.29511796124
101316.98815799176
101316.82714931919
101316.53166094248
101317.78204582541
101317.6974830035
101319.11291522693
101321.80963369558
101323.81593160922
101327.10073481091
101328.53322362526
101330.64495299767
101331.28009807838
101322.57147849203
101322.36319845836
101321.59649169717
101320.56105737716
101319.08450171967
101318.20329302443
101317.49015449283
101317.67975612583
101317.55245194792
101318.59826022673
101320.38193093704
101322.01400326085
101324.53917680754
101326.03429814024
101327.98878606124
101328.90960339543
101329.08101723739
101328.48783742031
101327.03294293382
101325.35202454528
101323.24626035817
101321.08030091337
101319.63559611244
101317.92126750261
101317.59514508175
101317.44517868079
101317.73490957907
101318.56108732705
101319.93469894439
101321.11024076
101322.21030619107
101322.49975077886
101319.02788200155
101319.89520919511
101318.52973458492
101319.38589952743
101317.64706994077
101318.81274485546
101317.58334332409
101319.69717165286
101317.56478218645
101317.92199556367
101321.59691223691
101322.92871986864
101327.51862214381
101328.07340993824
101331.16787521901
101331.52976235531
101332.31550286265
101330.95156687434
101330.42224643986
101327.16761065864
101326.22972324809
101321.81844717654
101321.18841063968
101316.86954631106
101318.5432944488
101319.18530088691
101317.50564369294
101318.25197265156
101317.88245876424
101319.03338717096
101318.91574971992
101319.54787703961
101323.28610502782
101324.90395690264
101322.64059654824
101324.20166943918
101321.10461222504
101322.82968649224
101319.92747481776
101322.55537321369
101318.39760752299
101316.97800755277
101321.2719007648
101321.63024873524
101326.43381091001
101326.8109437104
101330.53179651519
101330.78056687827
101331.67302823292
101330.00441752675
101329.35060476922
101325.72686624287
101325.26649912351
101320.53955309812
101320.8250957799
101316.20499262054
101320.14267404939
101322.74597951499
101320.69626447698
101322.74349469334
101321.62266853715
101324.18885632823
101323.0937922085
101324.43302108857
101322.93222669976
101324.76315813193
101322.44804065116
101324.94452659406
101321.70978777324
101324.53029471032
101321.09762455229
101324.99827743095
101319.42269695635
101316.80708294794
101322.40402782486
101322.1983195605
101328.57358873128
101327.97473394094
101332.61115993175
101332.85036349591
101333.77505818628
101331.8841023253
101331.74776299743
101326.90424771376
101327.27154657253
101320.98498612034
101321.72131418681
101316.1670791506
101321.40371458333
101324.75407420311
101321.87750133498
101323.90957799675
101322.08848945526
101324.12728753462
101322.84564862875
101324.07706143023
101327.78068888155
101330.05216893062
101327.16706084766
101330.27530187662
101325.67032578689
101329.28365167374
101324.41719633831
101328.3804028797
101321.27898120644
101316.95350618739
101322.55093193213
101321.55742845873
101327.79417743796
101326.90007548123
101331.67563336059
101331.64328356418
101332.92844724642
101330.34340665035
101330.59323816682
101326.00738100399
101326.19084491601
101320.32775660053
101321.84513849748
101316.75650729098
101323.53784581434
101328.73689930192
101325.62675493835
101329.20036270033
101326.57533746414
101329.55761119584
101327.45598027291
101329.43094044304
101327.51734331236
101329.96655698869
101327.1463786055
101330.48722496172
101326.2820963272
101330.17700289612
101325.22019992616
101329.99868591645
101322.31587265586
101317.19046483155
101323.92633778437
101322.26823702548
101329.48534399302
101327.81460817458
101333.29163496279
101332.93917025276
101334.33237205948
101331.71327537332
101332.24560951054
101326.98936100552
101328.10010093966
101321.11496111199
101322.72294146444
101317.07560528548
101324.77559074717
101329.71349404122
101326.46576705987
101329.79557759051
101327.0279917546
101329.6154505884
101327.30337140326
101329.11960153212
101331.65644245314
101334.28451946344
101331.04416808882
101334.68203862594
101329.7365456874
101333.82142402435
101327.69921206593
101332.24335115097
101323.64452033366
101317.55098974159
101324.1857045756
101321.88996810294
101328.66465697897
101326.74120546108
101332.29242016163
101331.48919728931
101332.97964687781
101330.30779187802
101331.21172457727
101326.1800119322
101326.87224614374
101320.98867538305
101323.02519722508
101318.12832064385
101326.59181136599
101332.29140151061
101329.62177320293
101333.60202288287
101330.6969312233
101333.9292910005
101331.37472994177
101333.40557408697
101330.94773233423
101333.79867562256
101330.63304303345
101334.75417667096
101329.5688805758
101334.26119719751
101327.82522609651
101332.88463910307
101324.0188340006
101317.66873454065
101324.55484324957
101322.07613332763
101329.27544349314
101327.0196549908
101332.92971010189
101332.02606333172
101333.61146519761
101330.90613409544
101331.81267438762
101326.45163454492
101327.61815904433
101321.30505146517
101323.26310599511
101318.38893619808
101327.25711500857
101332.66344475266
101329.91810785804
101333.95305752978
101330.82405897566
101333.84580329004
101330.89513716419
101332.81006340549
101332.0139145561
101334.83716999459
101331.63547156454
101335.65063178776
101330.35222788152
101334.87387921548
101328.38024218311
101333.14981504541
101324.13845510557
101317.60672266922
101324.17317889853
101321.67434437925
101328.6581518413
101326.41754573156
101332.11741696084
101331.05991769636
101332.71857364825
101330.02172778976
101331.02979500625
101325.87282387287
101326.80619354677
101320.96286517955
101323.07512292631
101318.40258661256
101327.38299542814
101333.1273913186
101330.413338265
101334.54959420519
101331.50824188083
101334.75722337703
101331.90048592119
101333.85009541851
101330.31077058538
101333.00779766899
101329.80541890454
101333.56322707795
101328.77769093285
101333.23833634003
101327.31548810613
101332.33079896859
101323.81280368319
101318.25005498646
101325.30274501081
101323.1378202927
101330.40837320875
101328.38770124332
101334.24984015975
101333.40599407037
101334.99930204709
101332.23528349292
101333.07280707298
101327.5862967579
101328.72355003792
101321.94537309428
101323.99272219009
101318.40385519831
101326.88045185807
101332.10832558744
101329.12362383091
101332.95958748451
101329.6486218127
101332.82180846091
101330.10464186048
101332.12336150181
101329.64940045662
101332.16588865305
101329.09662707147
101332.47766685918
101327.99068484132
101331.68976514168
101326.37581286837
101330.77576779672
101322.74938459301
101317.2890212963
101323.49164272891
101321.40619533372
101328.09207588893
101326.39635221192
101331.56892740981
101330.83856712941
101332.36378207515
101329.77205668863
101330.5441464952
101325.81214739908
101326.37370787789
101320.58701752932
101322.75921485556
101317.30051643752
101325.41822264864
101330.94779876046
101327.6723727893
101331.66516466063
101328.73727801305
101331.83309455562
101329.36953858947
101331.4018145353
101326.38968216637
101328.67926780108
101325.79715235307
101328.80828926257
101324.66455026538
101328.39935442244
101324.08311072136
101328.63410719088
101321.73084762174
101318.00409353265
101324.24598240815
101323.00425746775
101329.88958086488
101328.52604966512
101333.72411343231
101333.55282820374
101335.03442031835
101332.22504657901
101332.48828967423
101327.50725539817
101328.51702393478
101321.46235965463
101323.25157783239
101317.30596353146
101324.1003739889
101328.66631054951
101325.0834188351
101328.17760920635
101325.42419689281
101328.32260524353
101326.10404721559
101328.09533597151
101325.30808663192
101327.43285451004
101324.85147917856
101327.41194158861
101323.69346422024
101326.65838925607
101322.67089241024
101326.28222713534
101320.07823175602
101316.75308860432
101321.73120397
101321.08373030873
101326.60225216855
101326.07539039144
101330.58781165806
101330.41660875519
101331.6333436951
101329.48810616822
101329.6507933159
101325.21072310841
101325.30316042744
101319.98927844971
101321.31094665514
101316.22735925196
101322.08507106977
101326.45168740692
101323.57446496152
101326.29795543296
101324.27214113192
101326.81795384598
101325.07374109139
101326.78442298339
101321.81280120273
101323.03114954502
101321.14443653521
101322.48018047023
101319.91173480844
101322.1159583902
101319.61278711309
101323.01997721431
101318.79188215561
101317.61323894912
101322.74885040398
101323.04580729773
101328.50918031935
101328.59310310248
101332.67907575112
101332.92387267691
101333.9941956371
101331.95578072607
101331.5469493925
101327.37052679548
101327.40259927241
101321.60612154854
101321.83327662699
101316.53509999899
101320.58241197215
101322.83392354268
101320.21168205913
101321.80050511551
101320.29158880652
101322.26872788023
101321.67137663715
101322.64453579012
101321.99762141175
101322.94033047881
101321.47035974919
101322.28662799924
101320.01103344306
101320.93557206342
101319.15386833309
101320.88566448078
101317.87675744666
101317.10781333974
101320.44637085711
101321.07329195956
101325.12333363587
101325.59508508831
101328.5343965269
101328.60104324136
101329.51678154728
101328.15938617867
101327.79299461524
101324.87981956801
101324.14354772016
101320.24823480364
101320.23750543749
101316.42666135395
101319.11030662459
101320.9358669824
101319.43320666728
101320.79597617393
101320.40523971195
101322.02137912129
101321.8106010739
101322.5883936204
101319.79602311061
101319.95190778711
101318.60032210342
101318.29316389379
101316.98946146632
101316.8301116373
101316.53292986003
101317.78291144165
101317.69629665764
101319.11170676858
101321.80754514474
101323.81572369664
101327.10088021768
101328.53519923596
101330.64569648962
101331.28147694124
101331.67784252102
101330.89489607625
101329.85112639339
101327.62724689007
101325.67312556571
101322.5142470141
101320.74897089107
101317.93192668252
101317.74621439452
101317.10445466507
101316.4496350502
101316.92973260231
101317.61898328792
101318.34926914147
101319.42669333989
101319.8898044988
101329.08133971735
101328.48471366805
101327.03380941109
101325.34775594965
101323.24783888826
101321.08153618811
101319.63712826956
101317.92187060439
101317.59524674898
101317.4443788059
101317.73334141111
101318.5601556722
101319.93517324029
101321.11233613284
101322.21177607946
101322.50181799966
101322.57361951361
101322.36605328288
101321.59900854812
101320.56212621342
101319.08559645552
101318.2036775263
101317.49027786957
101317.68873068527
101317.56089961769
101318.60661421948
101320.37735151256
101322.01926466491
101324.54083767813
101326.02790274643
101327.98949333481
101328.91019264437
101332.31776914097
101330.95169746171
101330.42062422566
101327.16964454812
101326.22828411518
101321.81657696531
101321.18834570292
101316.87015176773
101318.54301109712
101319.18411502402
101317.50411335101
101318.25296427801
101317.88389449383
101319.03445965727
101318.91769673911
101319.55028451297
101319.02974905932
101319.89326286197
101318.52876230031
101319.3843355375
101317.64368852832
101318.81113934625
101317.57290330637
101319.7069569763
101317.5732616258
101317.92861536465
101321.59648815256
101322.92732163712
101327.5170948021
101328.07484704183
101331.16977645099
101331.53064689113
101331.67629428052
101330.00349024528
101329.35050012186
101325.72598307638
101325.26541232693
101320.53897644267
101320.82787356045
101316.20683180938
101320.14361781508
101322.74721807391
101320.69528548884
101322.74439875022
101321.62437806695
101324.19173399723
101323.09780608714
101324.43378572648
101323.28808937022
101324.90447212422
101322.64377012529
101324.20414796039
101321.10669776071
101322.82909499409
101319.92901299211
101322.54794217559
101318.39503999855
101316.97927044438
101321.27564980257
101321.63440404605
101326.439688386
101326.81403045355
101330.53576061371
101330.78544171069
101333.77132753532
101331.88213358806
101331.74544126213
101326.9044564306
101327.26893320703
101320.98814053155
101321.72316725396
101316.16775734512
101321.40385833192
101324.75212904751
101321.87645817382
101323.90624437186
101322.08430912855
101324.12241881604
101322.84620794439
101324.07521815036
101322.93108480565
101324.76168234205
101322.44683319968
101324.94407588326
101321.70828251465
101324.53197207945
101321.09565821718
101324.99943362495
101319.42551576307
101316.80877366761
101322.40326407454
101322.19805572859
101328.57046602943
101327.97357831721
101332.61169811075
101332.85123029801
101332.92190316846
101330.34195338383
101330.5908271871
101326.00382643056
101326.18657783262
101320.32533033955
101321.84482550768
101316.75729394503
101323.53869341915
101328.73578937833
101325.62616985303
101329.19672740737
101326.56988546475
101329.55290356904
101327.45631792734
101329.42973565386
101327.78020089581
101330.05244279391
101327.16803201087
101330.275654697
101325.67118938324
101329.27684796431
101324.4130871872
101328.37710844653
101321.27706906674
101316.95328701985
101322.54977016112
101321.55917361649
101327.79519131269
101326.89959621103
101331.67316163544
101331.6358799335
101334.33810778051
101331.71537941936
101332.24444033651
101326.98732769914
101328.09767069801
101321.11513954037
101322.72361031451
101317.0752077956
101324.77495107104
101329.71047350776
101326.46338441546
101329.79481095765
101327.0309597204
101329.62151503142
101327.30506712411
101329.12034461812
101327.5170132553
101329.96730746301
101327.14502722
101330.48639134452
101326.2822450166
101330.17719276808
101325.22305281197
101329.99880397173
101322.31604899229
101317.19156561475
101323.92338356862
101322.26520476017
101329.48372604173
101327.81219958075
101333.29065225305
101332.94213896034
101332.98059754507
101330.30542464681
101331.2115876459
101326.17991676921
101326.86804711921
101320.98766684551
101323.02488971318
101318.12730877506
101326.59042908611
101332.28726817707
101329.6197420032
101333.60364505454
101330.69514058235
101333.92816596426
101331.37278561905
101333.40228992813
101331.65229014281
101334.28237249258
101331.04358808981
101334.68139992334
101329.73691159172
101333.82038490116
101327.69832269945
101332.24261880323
101323.64374300619
101317.5522613028
101324.18542161582
101321.88896922892
101328.66378783644
101326.74064724377
101332.28996255102
101331.48686340389
101333.61179833781
101330.90518003667
101331.8126929514
101326.45972298521
101327.60314902037
101321.300770149
101323.26520161224
101318.3881601755
101327.25602897568
101332.65951313567
101329.91684759685
101333.95353791415
101330.82298200249
101333.84346134748
101330.89296526785
101332.80687174344
101330.94312186258
101333.79276876248
101330.63275818592
101334.7549391073
101329.56891596907
101334.26203181074
101327.82500870955
101332.88484559182
101324.01839803954
101317.66863407046
101324.55384735213
101322.0733254792
101329.2717352512
101327.01977639207
101332.92876929742
101332.02750046478
101329.6518634972
101327.70498215125
101328.88585882119
101325.46180190428
101326.75640941512
101321.39188857807
101324.24130146252
101319.20085252103
101325.95576857994
101332.52303689791
101328.82102599365
101332.34120529194
101328.76717202411
101331.74365383384
101328.88507955875
101330.66441374042
101328.98744700631
101331.31406297701
101328.89350288008
101331.86599109965
101329.2059998997
101332.10951188895
101328.86628030355
101330.55891930737
101323.64647946545
101319.68375020512
101324.21072619424
101322.53057527602
101327.7528756372
101326.12720572067
101329.44598343164
101328.24248149636
101331.34714581624
101329.38837515362
101330.42870790776
101326.61185545509
101328.11425390099
101322.39275238969
101325.07086494952
101319.47010847021
101325.74357351349
101331.7407471113
101327.83951775331
101331.0279827851
101327.57041973017
101330.25933521644
101327.44420227283
101329.14650618835
101327.45988659246
101329.75283356535
101327.42495321017
101330.52629889836
101327.80881957193
101330.73230663536
101328.00151061415
101330.09572607822
101323.65031887215
101320.3125325412
101325.2715858568
101323.84019768705
101329.06999310624
101327.45734899791
101331.07194791798
101329.97772376768
101329.93258881077
101328.03344093033
101329.12381245608
101325.82953768587
101326.96104542598
101321.87475283383
101324.43515363183
101319.20771079767
101325.11009877906
101330.81711331054
101327.63624592483
101330.68458489886
101327.70027592379
101330.39196205103
101327.91449605559
101329.53569937753
101328.00178462303
101330.12949075674
101327.98310072471
101330.65404417377
101327.82324672004
101330.40796659129
101327.34266981194
101329.26339701984
101323.17304947859
101320.13042700503
101324.05382537507
101323.01221993458
101327.65382714701
101326.47317654072
101329.58020878518
101328.54043917599
101331.23500837162
101329.67902542718
101330.46523605872
101326.72683578412
101327.79076390385
101322.50659407293
101324.69462982772
101319.04919752236
101324.04790262527
101328.61147598144
101325.2601517064
101327.75292686631
101325.18558917259
101327.53318881392
101325.59493266846
101326.94487382604
101325.62219200199
101327.3376725103
101325.62131643425
101327.58832606715
101325.12431259757
101327.53226442653
101325.29209137797
101327.54578555489
101322.4846295669
101320.50473409175
101324.73843200503
101324.16977350609
101328.52684416479
101327.74718623886
101331.07628984863
101330.19623850791
101330.14097610625
101328.56186941366
101328.91544194234
101325.61844537791
101326.29330875492
101321.98778477126
101323.62225177157
101318.96750416444
101323.35643473617
101327.48887698993
101324.77553449062
101327.23239228007
101325.03102607769
101327.63785289539
101325.53751169576
101327.20569968897
101325.66297956048
101327.61775232331
101325.678420417
101327.68964519011
101325.23840957358
101326.86517346543
101324.95414214299
101326.1657059632
101321.48049968337
101320.23836969255
101323.2347329583
101323.20197740523
101326.59238848407
101326.5382378791
101329.387396048
101329.15957660561
101331.33992598951
101329.9397361539
101329.9775572155
101326.93395158726
101326.77064846529
101322.82795348714
101323.76907887243
101319.21988299639
101322.05956444012
101324.49001891406
101321.89887662957
101323.28442069133
101321.43249613197
101323.09747207735
101321.95003425641
101322.78423514542
101321.93331074541
101323.11115507141
101321.95364957103
101323.04376126442
101321.67815876279
101323.1347574722
101322.2069481877
101323.69296711331
101320.35367967362
101320.74988886064
101323.43110386159
101324.36269005525
101327.43011720639
101328.16581542508
101330.45247748644
101330.68022220038
101329.80875219699
101328.91973446705
101328.38505992151
101326.02857779733
101325.75489812253
101322.72999649469
101323.18757256345
101319.88236177008
101321.65370568213
101323.75899672889
101322.19320116463
101323.82946489104
101322.52589927039
101324.12506739903
101323.38493465526
101324.10445258455
101323.42972741785
101324.36310320845
101323.47922900817
101324.01800641057
101322.77603153068
101323.51662514695
101322.81879525697
101322.66256223086
101320.24299128582
101321.28334670361
101322.63956331246
101323.88655684587
101325.97048834585
101326.79859510408
101328.94101871093
101329.31449417764
101329.4129049561
101329.01295330768
101328.36314448551
101326.63392545385
101325.54882809325
101323.43795713772
101322.53049346883
101320.50427055077
101320.22297994468
101320.35233634496
101319.02158942234
101319.25278044053
101319.02716788044
101319.8225388204
101320.02783776727
101320.48155012894
101320.24058855452
101320.50054149372
101319.89908572714
101319.51241952112
101319.07496943395
101319.08500848593
101319.7136126578
101320.30373858412
101319.8917741992
101321.57628954135
101322.73830800044
101324.5158656401
101326.02607742989
101327.3549041206
101328.6858818615
101329.23488145108
101322.35391703874
101322.30708829607
101322.11194534742
101321.27239419994
101320.69892163936
101319.99647733927
101320.06326380969
101319.94752732496
101319.95220967439
101321.12363480903
101321.76691101848
101323.22784346623
101324.18802626157
101325.37320956566
101326.49971045376
101327.15109298613
101327.20783014123
101326.90761474057
101326.06941564863
101324.82576936697
101323.82874447295
101322.36012141815
101321.77681376821
101320.38899803489
101320.01190813768
101320.08274308289
101319.71704903216
101320.42938203792
101320.78577713791
101321.68160594293
101322.2418613835
101322.41077428826
101321.06045830516
101321.94224833656
101321.08751412996
101321.67246569795
101320.84334734951
101321.59304461305
101321.52551845001
101321.98468366708
101320.07802267294
101321.87019042723
101323.46404816222
101325.26110673447
101327.47641943298
101328.73444389027
101330.96436147316
101331.54223421231
101332.01454298214
101331.10720159457
101330.37095160977
101327.82292986245
101327.24985927183
101323.97785628468
101324.04666587428
101320.30092908794
101321.29976694469
101322.68062609585
101320.74329013634
101321.45325032971
101320.49873560162
101321.61698349981
101320.94017195623
101321.70656291166
101323.37542154462
101324.72022460657
101323.26641912661
101324.33914482061
101322.57636821826
101323.65117443373
101322.17900706593
101323.26497083559
101320.04833231974
101320.20680831213
101322.38175956017
101323.30372916955
101325.94655061935
101326.87160907788
101328.95764735955
101329.13974787924
101329.7322662544
101328.61220817671
101328.56820122214
101325.77428759207
101325.52210516781
101322.12843133419
101322.74861681196
101319.01475685865
101321.6125270005
101324.07951467983
101322.06699027937
101323.85409328876
101322.56748318103
101324.39029465681
101323.33352692213
101324.45571805925
101323.716769363
101325.45006581506
101323.74513667889
101325.69340569161
101323.58059770477
101325.50910272096
101323.77668949784
101325.3453098044
101321.01602511022
101320.27905768105
101323.88607659009
101324.02900900834
101327.80722346697
101328.20623781059
101331.00107485816
101331.07543602565
101331.89715748039
101330.44913977146
101330.49113393915
101326.94294942167
101327.47555779108
101322.70295678535
101324.21329470185
101318.99491268245
101322.88050820907
101326.43354166526
101323.52699703333
101325.43330660688
101323.26342725397
101325.40148221733
101323.74380103072
101324.91091651043
101326.94987669747
101328.87591063764
101326.66506193037
101328.86149659104
101325.85003209495
101328.08199467236
101325.38524203131
101327.1086661405
101322.00740959427
101319.67263743366
101323.2593101516
101322.86866768112
101326.86366198782
101326.33157251506
101329.43893414194
101328.66296805939
101329.63425976827
101328.25119650556
101328.96149716686
101325.55556531905
101326.33181645536
101321.42588331038
101323.32989338573
101318.58530460444
101323.57115116491
101328.35754532574
101325.46865231052
101328.35266300707
101325.94665011871
101328.77839828252
101326.75735170509
101328.39108536232
101326.81054770095
101328.77956028815
101326.74658001021
101329.34500405108
101326.64333111551
101329.49443428396
101326.44807588527
101328.66073020863
101322.87729047069
101320.08325600394
101324.57634589673
101323.64352831003
101328.7324561561
101327.51660332423
101331.03808061946
101330.26976682368
101331.4960410604
101329.63376075085
101330.45197960568
101326.64811256366
101328.17585746407
101322.13857616528
101324.61742458382
101319.0507118583
101324.63750365523
101329.86568464167
101326.63395935895
101329.46554366525
101326.36966114477
101328.96020261894
101326.72334767618
101328.22093661941
101328.96254330159
101331.2300075065
101328.78234770324
101331.79967362795
101328.67779694044
101331.30479272953
101328.21196464398
101329.92900074138
101323.43017147186
101319.76745416183
101324.2545007013
101322.76226296768
101327.76267611356
101326.31290533603
101329.55522935055
101328.25593683268
101329.67382845478
101327.80530720166
101329.07668374309
101325.70694587949
101326.86143958777
101321.54999029587
101324.21810418593
101319.14159295592
101325.46071641678
101331.67633169508
101328.28714223181
101331.67474010783
101328.63309313687
101331.49521672344
101328.85942595171
101330.61485474363
101328.04589363051
101330.40776494017
101327.9911323033
101331.15556490411
101328.602795796
101331.7306760161
101328.56468908486
101330.43040156664
101323.66056148785
101319.85439385983
101324.6641556
101323.01614547714
101328.43532644083
101326.72979504202
101330.33332536989
101329.32614488791
101330.64349970782
101328.67078455108
101329.67890049148
101325.978817557
101327.61680140815
101321.83731780807
101324.57513158556
101319.3394401675
101325.88192583078
101332.38353551361
101328.44466485651
101331.79577320037
101328.03910472229
101330.93021115498
101327.95779429046
101329.7844226279
101328.9882800896
101331.31464264747
101328.89335498612
101331.86684000582
101329.20619802884
101332.1085769053
101328.86626721107
101330.55855311462
101323.64625685111
101319.6838481305
101324.21069860208
101322.53176073704
101327.75390207903
101326.12784307808
101329.44648529358
101328.24360278777
101329.65273873723
101327.70441225207
101328.88452268642
101325.45495561301
101326.7645071638
101321.39388045436
101324.23843566747
101319.20039303828
101325.95623794952
101332.52308491767
101328.82085319769
101332.34119273923
101328.76879212692
101331.74450804132
101328.88655531363
101330.66591225637
101327.46081227086
101329.75377300533
101327.42610238293
101330.52668765868
101327.81010869706
101330.73219808146
101328.00230687539
101330.0961372419
101323.65154291896
101320.31630950925
101325.2726144941
101323.8428569442
101329.07211899437
101327.4591065812
101331.06949119907
101329.97318361633
101331.34811114504
101329.38745081208
101330.42665284241
101326.60823869499
101328.11395239278
101322.39140871936
101325.06807294641
101319.46953753688
101325.7434386969
101331.74187486692
101327.84001801885
101331.02839454757
101327.57091160247
101330.25902957135
101327.44496536626
101329.14852657943
101327.99794266213
101330.12714739147
101327.9823709081
101330.6550242783
101327.82422680469
101330.40817259022
101327.34206383562
101329.26234128446
101323.17229316078
101320.13012623807
101324.05423926646
101323.0169603634
101327.65072605258
101326.47251842057
101329.57907291738
101328.53986293128
101329.93062279829
101328.03567210838
101329.12409729965
101325.82859388355
101326.9600193947
101321.87124286115
101324.43206159644
101319.20643269163
101325.10916344642
101330.81652072073
101327.63515762435
101330.68271422516
101327.70027470405
101330.39149748808
101327.91598154532
101329.53786863759
101325.62630372193
101327.3355083059
101325.6199542378
101327.58721835338
101325.12354245281
101327.53113930879
101325.29126381074
101327.54533698878
101322.48574724176
101320.50970011535
101324.73747319392
101324.17324832432
101328.52391539981
101327.75042014323
101331.07758084893
101330.19787277012
101331.23377594407
101329.67585348473
101330.46108669719
101326.72551295781
101327.78734819856
101322.50653328688
101324.69279353773
101319.04876717264
101324.04864312588
101328.61168042436
101325.25977440299
101327.75404213558
101325.18612873789
101327.53183067958
101325.59299745041
101326.94408081696
101325.66261306261
101327.61549559847
101325.67517722187
101327.68816944961
101325.23732707357
101326.86489561548
101324.95381846481
101326.16520980292
101321.48233670283
101320.23989401538
101323.2346650102
101323.20237782228
101326.58987721146
101326.53907141772
101329.38554761236
101329.15802713697
101330.14061086891
101328.56013905592
101328.91211254077
101325.61613112045
101326.28965419336
101321.98692997253
101323.62058424331
101318.96589220282
101323.35575305422
101327.48652491019
101324.77229011107
101327.22741080269
101325.02585622817
101327.63332939423
101325.53492239222
101327.20083012669
101321.93236494048
101323.10960517137
101321.95188201609
101323.04300823067
101321.67768589946
101323.13395551487
101322.2077336287
101323.69239097716
101320.35362046256
101320.75069407051
101323.42967924115
101324.36180523588
101327.42989025058
101328.17161389644
101330.45310612292
101330.68073709903
101331.34043049293
101329.93944536097
101329.97629360529
101326.93243664023
101326.77022647874
101322.8275231833
101323.76969715717
101319.22040567367
101322.06039826003
101324.49016859182
101321.89788102036
101323.28383975035
101321.42959606097
101323.09837867602
101321.94947414023
101322.78351396348
101323.42789711096
101324.3618783022
101323.4786315894
101324.01717991533
101322.77628470083
101323.51739900705
101322.81658323467
101322.6624201706
101320.24341825841
101321.28459576512
101322.63871534295
101323.88442417966
101325.96666172842
101326.79773977808
101328.93631596373
101329.31286491214
101329.80771172199
101328.91919268828
101328.38496953477
101326.02779272091
101325.75484049764
101322.72942970954
101323.18926561413
101319.88441623375
101321.65527021798
101323.75989164566
101322.19416563062
101323.82757755436
101322.52208086087
101324.12329131832
101323.38307031435
101324.10055601479
101320.23982916395
101320.49908943275
101319.89876811346
101319.51190657931
101319.07651074074
101319.08676702218
101319.71215580434
101320.30248763475
101319.89113469992
101321.57553719607
101322.73752847398
101324.51620927844
101326.02521330466
101327.35863225536
101328.68644768803
101329.23569237189
101329.41378690733
101329.0133822397
101328.36275387494
101326.63383105074
101325.54765614259
101323.43585486659
101322.53025921797
101320.50453773023
101320.22432796468
101320.35591511204
101319.01861625536
101319.25589397512
101319.02635637744
101319.82387480589
101320.02892485005
101320.48074029542
101327.20761911756
101326.90634383404
101326.06775132249
101324.8258752875
101323.8317591965
101322.35680569492
101321.77720369768
101320.39009423964
101320.01179828428
101320.08255096542
101319.71642936209
101320.43012084352
101320.78908731499
101321.68399953544
101322.24429919732
101322.41252629011
101322.35546672902
101322.30731766517
101322.11332525304
101321.27268460146
101320.69748034155
101319.99599278926
101320.0628972276
101319.9480230265
101319.95413360278
101321.1260900108
101321.76612119019
101323.23015406953
101324.18896594876
101325.37354733286
101326.50070508114
101327.15070971785
101332.0173144899
101331.10813118632
101330.37229480653
101327.82429350582
101327.25047897795
101323.97602901632
101324.04820179463
101320.30150592254
101321.29924702786
101322.67940794419
101320.74194029855
101321.45372425049
101320.50057785555
101321.61800031994
101320.9404495535
101321.70820190453
101321.06146498348
101321.94220827005
101321.08718399385
101321.67174574948
101320.84000660891
101321.58978712259
101321.51819276383
101321.98343788393
101320.07759078139
101321.87356454224
101323.46484699892
101325.26172207136
101327.47520534231
101328.73465245408
101330.96538956974
101331.54324566435
101329.73419387787
101328.61137100437
101328.56642585424
101325.77262131312
101325.52132503582
101322.12693517983
101322.74872155441
101319.01593117918
101321.61246203881
101324.07993463092
101322.06675932737
101323.85459017083
101322.56851933814
101324.39392737826
101323.33848500148
101324.45562398099
101323.37794474678
101324.7231463403
101323.26850121989
101324.33982865432
101322.57813312601
101323.65042827195
101322.18187083917
101323.26298593941
101320.04810005268
101320.20795251758
101322.38270932858
101323.30529949517
101325.94817762145
101326.87473855287
101328.9606709317
101329.14283013176
101331.89585524113
101330.44723791481
101330.4898196343
101326.94247777178
101327.47454821326
101322.70325551799
101324.21312312098
101318.99471310427
101322.87999461984
101326.43249867731
101323.52622006764
101325.43165210224
101323.26087078199
101325.40123571349
101323.75156977623
101324.9104512725
101323.71654552731
101325.44840833472
101323.74459090774
101325.69174534301
101323.57969287915
101325.5067236457
101323.77830628809
101325.34606651121
101321.01781525787
101320.28131477589
101323.88110752622
101324.03088888797
101327.80439790346
101328.20702547193
101331.00033314286
101331.0751602618
101329.63425076964
101328.24931966572
101328.95907494565
101325.55263000166
101326.32819798138
101321.424676817
101323.32896062115
101318.5850794365
101323.57043857961
101328.35674483512
101325.46870376628
101328.35141871379
101325.94516220762
101328.7764675754
101326.75668924423
101328.38989486343
101326.94904290968
101328.87418819962
101326.66558867288
101328.86080522054
101325.85156233679
101328.07623284037
101325.38865999118
101327.10705355625
101322.00692974436
101319.67364923793
101323.25352924893
101322.87218394816
101326.8630472269
101326.33187541287
101329.43754310008
101328.66074355392
101331.49716812938
101329.63407467077
101330.45136285388
101326.64695533871
101328.17426260693
101322.13856866807
101324.61728691563
101319.04966158411
101324.6358580198
101329.86340969421
101326.63286987058
101329.46480914918
101326.37039677656
101328.96200790265
101326.72407261879
101328.21862534767
101326.80690664149
101328.77508913056
101326.74385357712
101329.34390177971
101326.64301023036
101329.49436130634
101326.44680031
101328.65982838707
101322.87701625994
101320.08244016999
101324.57924240691
101323.64087687545
101328.73109316264
101327.51537007572
101331.03741984547
101330.27056561428
101329.67335422622
101327.80450867274
101329.07541085305
101325.7067219829
101326.85877434954
101321.54955572801
101324.21774645675
101319.14037034192
101325.45869086546
101331.67457269355
101328.28729764208
101331.67503402672
101328.63183461397
101331.49261565525
101328.85735623774
101330.61250053984
101328.95974102103
101331.22716040842
101328.78029619122
101331.79769082187
101328.67696334556
101331.30174830023
101328.21067587622
101329.92775406831
101323.42713760315
101319.76689654368
101324.25388280055
101322.76141826758
101327.76075824442
101326.31211802599
101329.55301256756
101328.25406880435
101330.64292000749
101328.67078384175
101329.67938329309
101325.98265289958
101327.61192545656
101321.83654264596
101324.57681347014
101319.33921812687
101325.88051849983
101332.38325001695
101328.44423980742
101331.79506428183
101328.03740472336
101330.92795487899
101327.95595048925
101329.78303978189
101328.04459347886
101330.40637711859
101327.99079327352
101331.15357914813
101328.60205940249
101331.7312181445
101328.56395341971
101330.42972524815
101323.65958872749
101319.85405508279
101324.66436448343
101323.01382976587
101328.43305973624
101326.7285188626
101330.33240701573
101329.32600737343
101329.19356494166
101328.04888865592
101328.52392880901
101325.9823170288
101326.80672671724
101322.56713136521
101324.91124159347
101320.94971003364
101324.94731049542
101330.10661100675
101327.35503028109
101329.87659856971
101327.50376712464
101330.41345471054
101328.63176251986
101330.04812365162
101328.79108638199
101330.22363740022
101328.93382401468
101329.55476218305
101328.05862627807
101329.02761402891
101328.43975427836
101327.69196635934
101322.66963281363
101322.53172746368
101324.80772262228
101324.00965068412
101327.17295925939
101326.79322725192
101328.79562314691
101328.47769151734
101330.11281208163
101328.94178309153
101329.42034858263
101326.83518458094
101327.56783517641
101323.4018359271
101325.50410150611
101321.50077317204
101325.09829392275
101329.79940695982
101326.77773949287
101329.15463640852
101326.71786864758
101329.4822432864
101327.69084606797
101328.95962316761
101327.78165000888
101329.14848667334
101328.00873308265
101328.69516508344
101327.25092726375
101328.6205552819
101328.01302112827
101327.49858308877
101322.86167845383
101323.12419336566
101325.42665601159
101324.90706824212
101328.08093673883
101327.81897373377
101329.7771786606
101329.39258831595
101329.48878658356
101328.42343837697
101328.9501835277
101326.63077586604
101327.33617921641
101323.35928748403
101325.22968767582
101321.527669845
101324.87660203283
101329.22444033506
101326.79098427203
101329.15816954497
101327.03191888564
101329.73411974921
101328.00831330396
101329.20814197192
101328.05828500536
101329.42869158553
101328.35067395517
101329.0554111988
101327.37309177642
101328.51969887941
101327.77516537652
101327.0248731781
101323.01737910048
101323.14138309627
101324.80457129286
101324.88625228046
101327.42220197838
101327.45311907897
101329.12425470509
101328.80724734985
101329.08249409581
101328.11403411157
101328.6531380361
101326.62183411275
101327.10559189634
101323.77239350049
101324.69923363076
101321.62500751599
101323.80117618886
101327.71269286159
101325.4549369929
101327.15048717722
101325.47083432454
101327.63310104169
101326.03955242719
101327.03860035881
101325.9904950966
101327.23168596465
101326.32775548674
101327.18086686844
101325.71747073013
101326.6660157477
101326.41826564725
101325.67643049381
101322.36394295572
101323.23750262146
101324.5084057162
101325.20244428061
101327.45418782263
101327.6114546192
101328.87141179391
101328.4283337027
101328.58516481231
101327.7558647476
101328.0012927237
101326.07708719654
101326.24405540242
101323.3386936623
101323.82959857944
101321.22889142417
101322.82473509444
101326.36963879023
101324.7695530378
101326.50859310132
101325.49956899542
101327.64449955524
101326.1079492204
101327.27495497835
101326.11605533116
101327.33461619631
101326.38899286604
101327.22131660939
101325.70523304644
101325.82586754665
101325.50691016678
101324.56073677087
101321.32832543821
101322.9214636164
101323.58901488264
101324.69628076335
101326.36452003616
101326.84509212887
101328.13958644365
101328.01174714029
101328.62334043517
101328.12755686449
101328.10794472207
101326.29222328673
101325.78273905857
101323.13913488982
101322.91011637196
101321.01102753659
101321.87822337923
101324.04447425991
101322.33559500576
101323.60530288352
101322.80561788371
101324.01241099001
101322.92640405474
101323.50076186127
101322.67468057745
101323.67021475955
101323.18069034193
101323.86877068521
101322.95450153358
101323.25455825275
101323.15781276088
101322.95147311143
101320.27407929472
101322.26981305672
101322.81818542609
101324.29095548614
101326.2157536679
101327.32340924037
101328.394933752
101328.24268408839
101328.98542755746
101328.63720558313
101328.43790804395
101327.01739843225
101326.11695981637
101323.70973986482
101323.20874541723
101320.99734252649
101321.39936383646
101322.97186810644
101322.61631917069
101323.55585459314
101323.80505725724
101325.13972873302
101324.56258321692
101325.19277179921
101324.58007206745
101325.31051018323
101324.70373475621
101324.92352238379
101323.71895786557
101322.94247495664
101323.19359853599
101322.1828820292
101320.46714547253
101322.42379246204
101323.00935867974
101324.8693073445
101326.4993722247
101327.64345570104
101328.5457457859
101328.82564956715
101326.80319086697
101326.64051665601
101326.21169656108
101325.04171183682
101323.96914914655
101322.70645036609
101322.12614582923
101320.85107573775
101320.67891171228
101320.71429799912
101320.32811210855
101320.78626548672
101320.91943215331
101321.5070192831
101321.37952112274
101321.36167045913
101321.00315794858
101321.56299879735
101321.4394604283
101321.55956040802
101320.91244742849
101320.65741292745
101320.44811915689
101320.77656744499
101320.40162237547
101321.41729868358
101322.15693773224
101323.30310809892
101324.35239455203
101325.61896296174
101326.34730388837
101326.77156770261
101321.87325800738
101322.19311357476
101322.26888643592
101321.7904321651
101321.25776656144
101320.34569815158
101320.20579878851
101320.61514643488
101320.34314965512
101321.05806872968
101321.77313382749
101322.58116655589
101323.50636123147
101324.53305389547
101325.19722425967
101325.6062211604
101325.53189798062
101325.46668022416
101325.0196744673
101324.19346674002
101323.18646707773
101322.2240282851
101321.71345385021
101320.81204586236
101320.46263646944
101320.50578963164
101319.97036893359
101320.5622032398
101321.36283889769
101322.04879570546
101321.89206130934
101322.15574975961
101323.1109983458
101323.78545653485
101323.53462663115
101324.0081088416
101323.41588728937
101322.61790666953
101322.788717363
101321.79761696581
101320.40773740437
101322.17610666019
101323.2804715462
101325.33650652938
101326.95555725391
101328.47835852609
101329.43824519904
101329.87279770846
101330.01036960279
101329.68953408053
101329.19807461729
101327.68574746314
101326.55701783116
101324.18954978706
101323.19120929377
101320.87791971202
101321.01530441681
101322.3301803029
101322.17369219314
101323.01339101467
101323.15875434707
101324.04867002086
101323.2466774926
101323.66626857329
101324.04857388366
101324.93331970375
101324.16545146435
101324.54949320118
101323.31391193188
101323.10727154174
101322.78001317094
101322.53120789192
101319.97631781611
101321.88373652377
101322.12136569958
101323.48584668332
101325.35441328726
101326.44889814216
101327.44887211849
101327.59831037611
101327.9609028811
101327.33965029634
101327.29100052053
101325.71341479129
101325.07212475168
101322.5187101198
101322.62784126349
101320.72263334444
101321.60401546479
101323.4814632057
101322.20201101749
101323.46922419553
101323.13576209341
101324.6511274661
101324.01884101323
101324.79041515799
101324.77569483985
101325.94521854565
101325.29662971574
101326.09465142849
101324.92046872752
101325.03048672402
101324.74651137201
101324.01602494254
101320.74596291942
101322.56473054556
101323.34105033748
101324.87698980517
101326.89863723671
101327.69707862815
101329.16656640774
101329.06403786314
101329.67417818408
101328.87616392723
101329.05234324888
101326.92595449794
101326.65484157218
101323.56332155787
101323.63478949874
101321.02820397276
101322.33299921692
101325.63504630911
101323.83730683057
101325.48965049841
101324.5884302918
101326.18974886078
101324.8849193455
101325.7122878918
101326.76786661675
101328.07498710082
101326.88299828315
101327.75746416667
101325.99458352519
101326.65931294058
101326.12137108664
101325.14882955272
101321.88598807444
101322.59877069583
101323.49050926836
101324.2311658965
101326.21176410497
101326.48209525722
101327.74754444128
101327.45672946502
101328.11921398874
101327.20478116962
101327.64538940013
101325.77402499781
101326.11784062504
101323.03713696453
101323.9469583741
101321.08432693905
101323.18991440097
101327.11534767265
101325.26571060743
101327.10666048115
101325.7563440589
101328.11866535083
101326.66091011965
101327.86216206706
101327.32551245973
101328.76380058173
101327.68969902549
101328.63642534634
101326.84140233026
101328.02343513837
101327.31600985484
101326.55884038883
101322.75123220144
101323.10142142131
101324.73421666915
101325.07615082647
101327.96692835755
101328.1004887216
101329.89768452919
101329.63313457443
101330.3610524699
101329.32721378963
101329.77437591131
101327.26230397364
101327.66090182812
101323.72702240119
101325.26236745466
101321.45063474998
101324.57502081039
101328.76092913355
101326.42626802108
101328.45597024502
101326.46183647962
101329.02386856361
101327.2837355169
101328.48650320228
101328.53185456243
101329.98160570052
101328.6277501594
101329.36799541168
101327.6225189564
101328.90520541379
101328.01974130738
101327.31194045456
101322.65135570499
101322.73197970956
101324.73086724427
101324.20446455984
101327.14293061077
101326.9212635756
101328.79089495423
101328.50920591355
101329.21345821032
101328.11372469622
101328.61464998158
101326.18044406906
101326.80097574854
101322.81784310048
101324.88633528895
101321.24159439919
101324.87886191682
101329.5887856198
101326.96187389901
101329.44338991618
101327.16590720185
101330.07515551079
101328.34101140979
101329.78737887315
101328.38323343269
101329.79616560889
101328.56906689581
101329.21855233095
101327.79061290309
101328.77921273046
101328.28863692214
101327.63599285977
101322.73837506362
101322.73444909837
101325.14842506385
101324.42168298227
101327.71071931237
101327.39673957459
101329.48291628415
101329.15777611124
101329.91476478355
101328.71416587153
101329.15937645595
101326.5646501421
101327.35306886998
101323.02938380239
101325.25680742224
101321.12171895021
101324.95897923798
101329.99490512299
101327.10902536736
101329.50439516676
101327.10499254349
101330.00260548203
101328.2346899391
101329.60062819728
101328.79279907951
101330.22504182174
101328.93487918744
101329.55566033546
101328.05960080064
101329.02810700322
101328.44066597056
101327.69256648647
101322.67012950334
101322.53296152016
101324.80879967372
101324.01054219929
101327.17177482649
101326.79216516818
101328.79430339854
101328.47705725729
101329.19312115759
101328.04799914126
101328.52200902617
101325.97961405352
101326.80856555545
101322.56547597607
101324.91020670909
101320.94936831397
101324.94757376028
101330.10724860014
101327.35454738641
101329.87650327479
101327.50468709414
101330.41490522267
101328.63393599262
101330.05000501181
101327.78176380983
101329.14869596557
101328.00987612506
101328.69611748858
101327.25223379611
101328.62047137102
101328.01359796809
101327.49882430128
101322.86315827166
101323.12575304644
101325.42788254928
101324.9079026558
101328.0812123444
101327.82266326493
101329.77727569189
101329.39232679752
101330.11257952609
101328.94010046804
101329.41790138624
101326.83233147234
101327.56346565303
101323.39789909244
101325.50181191729
101321.49989477453
101325.09775547883
101329.79944480801
101326.77781309828
101329.15455142524
101326.71856059306
101329.48293686201
101327.69251918665
101328.96035719571
101328.05787313552
101329.4286075212
101328.35161497876
101329.05614029392
101327.37380728868
101328.51932442051
101327.7744595535
101327.02385981164
101323.01648009384
101323.14114132777
101324.80452088863
101324.8867827486
101327.41820882485
101327.44574673854
101329.11937713351
101328.80448692033
101329.48713150302
101328.42296815279
101328.94892716248
101326.6294043723
101327.33572297894
101323.35824175827
101325.22768022488
101321.52662987544
101324.87587851848
101329.22346666075
101326.79058580127
101329.15675436525
101327.03199201685
101329.73473949326
101328.01009719497
101329.20888000478
101325.9912066023
101327.23103340098
101326.32837730359
101327.18085895386
101325.71801458321
101326.66530748326
101326.41725781572
101325.67583655144
101322.36395630732
101323.23827208075
101324.5075114457
101325.20283823853
101327.45141323052
101327.61148365625
101328.87178879943
101328.42699979559
101329.07969617067
101328.10820272841
101328.64904680013
101326.61975974566
101327.10542925552
101323.77119294235
101324.69794210675
101321.62450528261
101323.80070463526
101327.71175530022
101325.45484458364
101327.14971528122
101325.47143341391
101327.63362177378
101326.04036603968
101327.03956681561
101326.1155435713
101327.33382335312
101326.38840563819
101327.22131101899
101325.70421521369
101325.82472939864
101325.50580076536
101324.55865294216
101321.32688356763
101322.92117601198
101323.58737547693
101324.69525511595
101326.36232304461
101326.84557295164
101328.13817530699
101328.01013078049
101328.58534926942
101327.75374390633
101327.99818881261
101326.07482812264
101326.24211172336
101323.33828416283
101323.82925430263
101321.22867729994
101322.8238341642
101326.36807371206
101324.76811321099
101326.50733220865
101325.4975421681
101327.64318343485
101326.10817234736
101327.27381836927
101322.67400534711
101323.66961264094
101323.17945920266
101323.86791971634
101322.95369678573
101323.25364627052
101323.15726946339
101322.94995156382
101320.27252993493
101322.26935256571
101322.81577337936
101324.28940903253
101326.215600321
101327.32497167293
101328.39487885375
101328.24310355153
101328.62354782611
101328.12762960893
101328.10711682084
101326.2916473363
101325.78233598985
101323.13919818737
101322.91067203443
101321.01163363631
101321.87799910351
101324.04335339715
101322.33483508292
101323.60427893072
101322.80399392004
101324.01290735642
101322.92649319753
101323.50025211563
101324.57844640652
101325.30958074256
101324.70311130739
101324.92190189581
101323.71884127606
101322.94253298051
101323.19343476216
101322.18132770868
101320.46689279827
101322.42342458472
101323.00863378981
101324.8682195906
101326.49827425907
101327.64126691545
101328.54440885902
101328.82433157609
101328.98434627033
101328.6380381691
101328.4363190226
101327.01753183294
101326.11616116436
101323.70892397159
101323.20847088136
101320.99763792283
101321.39947343885
101322.97139357915
101322.61602670839
101323.55482653074
101323.80409882225
101325.13957994923
101324.56149956418
101325.19103661676
101321.00165724715
101321.56213392729
101321.43934192353
101321.55949978098
101320.91197149869
101320.65730981188
101320.44673550974
101320.77534190353
101320.40086581126
101321.41633429154
101322.15597889113
101323.30078423086
101324.3527600614
101325.61968576701
101326.34748460661
101326.77198837858
101326.80403664206
101326.64030748772
101326.21042609127
101325.04361891764
101323.96919520487
101322.70621045647
101322.12638491395
101320.8517771828
101320.67983408246
101320.71552303483
101320.32808634176
101320.78777690671
101320.91960273302
101321.50831110161
101321.37995436783
101321.36029426704
101325.53134059001
101325.46584851843
101325.01945029457
101324.19281781562
101323.18685023255
101322.22458660824
101321.71128839406
101320.81186713919
101320.46201668987
101320.50577724326
101319.97000292814
101320.56407405509
101321.36412372775
101322.05042144026
101321.8933785746
101322.15693831033
101321.87429753655
101322.19221755615
101322.26984127497
101321.79152320449
101321.25783370943
101320.34511496441
101320.20573349175
101320.6162595982
101320.34399621436
101321.06000093448
101321.77423842261
101322.58330509646
101323.50840767501
101324.53368768998
101325.19774440074
101325.60578789283
101330.01079946915
101329.68961620342
101329.19824456653
101327.68501299286
101326.55603595513
101324.18950165522
101323.1898805501
101320.87767226073
101321.0145178292
101322.32921232071
101322.17236198022
101323.014026487
101323.16005956865
101324.04950915769
101323.24852522586
101323.66768417766
101323.11191233438
101323.78571204818
101323.53524641924
101324.0085180444
101323.41616315932
101322.61751992986
101322.78908867153
101321.79833437577
101320.40966845599
101322.1772661874
101323.28246506778
101325.33801849493
101326.95725689815
101328.48053969193
101329.43898739442
101329.87301265112
101327.96216065327
101327.33970489052
101327.29054468741
101325.7120231079
101325.07079420566
101322.51781180243
101322.62669744689
101320.72257153755
101321.60346314975
101323.48092723105
101322.20225091725
101323.47037795193
101323.1367316221
101324.65131456943
101324.01896902607
101324.7921066476
101324.05018856355
101324.93441554029
101324.16633837578
101324.54959040582
101323.31469691542
101323.10654800937
101322.77921282925
101322.53103479404
101319.9772134482
101321.88503536387
101322.12297465975
101323.48829858575
101325.35643459552
101326.45163430876
101327.45048753524
101327.60038084727
101329.67406221986
101328.87521793201
101329.05098457108
101326.92475451423
101326.65354293758
101323.56279353752
101323.63357660922
101321.0272565139
101322.33207844707
101325.63441429562
101323.83748857304
101325.49002921715
101324.58865642318
101326.19076390004
101324.88568574589
101325.71260655699
101324.77667115266
101325.94520601412
101325.29650159119
101326.09321187394
101324.92016081139
101325.02877031802
101324.74804527829
101324.01759256469
101320.74733464161
101322.56703002797
101323.34114091894
101324.87915208976
101326.89845972725
101327.69831152915
101329.16529544232
101329.06308240563
101328.11980856399
101327.20402552788
101327.64268382118
101325.77171008404
101326.11635121159
101323.03625850803
101323.94584559767
101321.08350142147
101323.18935640507
101327.11510476602
101325.2666715196
101327.10729429702
101325.75725304621
101328.11987393854
101326.66112246996
101327.86197789665
101326.76746758814
101328.07440959691
101326.88313738271
101327.75668226098
101325.99401984803
101326.65406065043
101326.11963733382
101325.14469235348
101321.88751739211
101322.60129781225
101323.48875480508
101324.23324339993
101326.21168489082
101326.48236260632
101327.74610762381
101327.45419240683
101330.35989487628
101329.32537058288
101329.77257336446
101327.2605745944
101327.65975652591
101323.72646261354
101325.26163666982
101321.44941712653
101324.5739095865
101328.76026664198
101326.42654076885
101328.45649233265
101326.46273881206
101329.02483288333
101327.28442962318
101328.48430677628
101327.32316035315
101328.76086922683
101327.68731775004
101328.63577487358
101326.8397497993
101328.02857331463
101327.30824199051
101326.55548424464
101322.75281075606
101323.10012059819
101324.73487050083
101325.0748020274
101327.96606571606
101328.09988185373
101329.89668832073
101329.63203815221
101329.21266637355
101328.1131459827
101328.61349316363
101326.17992577233
101326.80033620041
101322.8185021572
101324.88616251879
101321.24062592104
101324.87737509739
101329.58737490764
101326.96192461712
101329.44324100626
101327.16593164863
101330.07434694245
101328.33983954893
101329.78486793609
101328.52919453448
101329.97860570604
101328.6257817086
101329.36607228288
101327.62098287544
101328.90196530863
101328.01776523497
101327.31040680324
101322.64573739204
101322.72976271316
101324.72870094255
101324.2038896095
101327.14261312466
101326.92163015892
101328.79050760213
101328.5083971601
101329.91431215673
101328.71379161751
101329.15923217697
101326.56560456059
101327.35196036157
101323.03091197516
101325.25778661939
101321.12159600329
101324.95792396818
101329.99356946493
101327.1094878288
101329.50465412917
101327.10401667448
101330.00121736588
101328.23307405876
101329.59876632356
101328.38130081145
101329.79416435868
101328.56764110927
101329.21752045568
101327.78913018275
101328.77912013
101328.28725091666
101327.6343585876
101322.7378704383
101322.73228455194
101325.14724148676
101324.41981112734
101327.71086160718
101327.39670445878
101329.48290303952
101329.15781593518
101327.29158040765
101327.26175898941
101327.35599324324
101326.45059762945
101326.47226213852
101324.61711423071
101325.39109893609
101324.46715402926
101323.49186512346
101326.67828471055
101327.06020947904
101327.44286869527
101326.82973064377
101328.24298991008
101327.23166070979
101327.92518874133
101327.13253197787
101327.9643504298
101327.41352641447
101327.64521711672
101326.88840682768
101326.85848474452
101326.97218487147
101325.04560993696
101324.11672959235
101325.32724826611
101325.31696975905
101325.60521639299
101326.61841996221
101326.92202866959
101327.40914831197
101327.40717220458
101327.81642938624
101327.69841071869
101327.7677210486
101326.84511458452
101326.88018505601
101325.01946184947
101325.62166436942
101324.82835208336
101323.93692335964
101326.89290509505
101327.07666102827
101327.38993885729
101326.7981034905
101328.09884222524
101327.22115181696
101327.75276016486
101327.0780492066
101327.7843142115
101327.37562057926
101327.53085109082
101326.80520705713
101326.87004595062
101326.93636509302
101325.11175864779
101324.33579568665
101325.58801920235
101325.65893528151
101326.04533664096
101327.04273071073
101327.36780404011
101327.8099549936
101327.86490672831
101327.6840080096
101327.59710479905
101327.66619269698
101326.87204786754
101326.96512355526
101325.32979549965
101325.92080685853
101325.03363098619
101324.04698668292
101326.46434903148
101326.82191231803
101327.11786461421
101326.75759778556
101328.05631796994
101327.21730606342
101327.8163081332
101327.12527093687
101327.83848083776
101327.42728335339
101327.59717179993
101326.78483524306
101326.8249264027
101326.67588307684
101325.24019639622
101324.43565826854
101325.72460842165
101325.76680938926
101326.36939742678
101326.98412577025
101327.24759236224
101327.67016916079
101327.74946724957
101327.37831155834
101327.28110272977
101327.35308919518
101326.50394648283
101326.53971639389
101325.21209386476
101325.36036722007
101324.75229396373
101323.45289760959
101325.45152966891
101325.85615072942
101326.18549199375
101325.96761895852
101327.13357174161
101326.38779846832
101326.91825914021
101326.28943835211
101326.9228612673
101326.59633631172
101326.64824322054
101326.01892803016
101325.74393339855
101325.64322106347
101324.33628633172
101324.54485631213
101325.1484365708
101325.2789351832
101326.19251992124
101326.62376430923
101326.9725038998
101327.38656349093
101327.38977236408
101326.94094257546
101326.83839353052
101326.76183271081
101326.16483053623
101326.00701488988
101324.86698093342
101324.73742915463
101323.76567550031
101322.55880894286
101324.77547385597
101325.15564256514
101326.00940238756
101325.91531148358
101327.07050201134
101326.35712325899
101326.87693928964
101326.23781589208
101326.88926805223
101326.67649436444
101326.64059973383
101325.81676493428
101325.54683833518
101324.80533270555
101323.77720300666
101323.48102594177
101324.5330496291
101324.58771219746
101325.53569816703
101325.9519587511
101326.43203675321
101326.84445131574
101326.92287648634
101326.80172859407
101326.76816246117
101326.70710266961
101325.7704407797
101325.384173506
101324.46789001868
101323.64983925913
101322.7556691151
101322.33178603623
101323.68415154188
101323.92156933631
101324.7979184454
101324.54143891906
101325.39771995244
101324.81554821793
101325.1273091334
101324.62661527873
101325.12347646846
101325.0800055334
101325.18139252416
101324.51977297584
101324.40027143012
101323.65443373588
101323.22863889225
101322.36027241741
101323.39034356395
101323.91484181024
101324.99180633054
101325.45905825839
101326.24656298781
101326.83275171521
101326.77056380906
101326.82133669239
101326.82625708226
101326.57071488205
101325.67107051492
101324.89521361698
101323.76247997639
101323.3045086692
101322.72298319903
101322.53315677679
101323.50170637415
101323.19233396817
101324.25174642756
101324.93489445993
101325.93627848913
101325.35419688637
101325.77033101159
101325.33850867207
101325.69655050838
101325.85053746312
101325.41614366749
101324.78412992044
101323.64618207008
101323.17105082978
101323.19876290161
101322.30153483326
101322.94278550262
101323.27478933599
101324.25918262225
101325.10432888137
101326.06690109086
101326.76776091676
101326.87115252196
101324.41392842328
101324.44885682415
101324.86322090559
101324.09969883137
101323.2480808637
101322.98871217706
101322.98995571052
101322.50255506564
101322.22663437635
101322.65672680791
101322.3235611796
101322.97651489751
101323.97312319023
101324.54796118881
101324.21249986331
101324.38481456345
101324.09188903507
101324.46517720049
101324.54854252381
101324.49650571079
101323.56624223579
101322.59719953089
101322.54308103787
101322.49521404626
101322.11954813279
101322.82593109977
101322.84876067514
101322.98995315541
101323.36386451412
101324.42205298622
101324.60340569374
101324.49189842438
101324.02919417391
101324.34156270463
101324.30764110544
101324.42435919971
101323.4472639092
101322.49318329278
101322.27091241794
101322.28864321049
101321.99526712848
101322.49071888339
101322.36180437205
101322.1737904388
101322.96831894029
101324.09059985349
101323.88148382629
101323.935692328
101323.69828469565
101323.97971330599
101324.25189412184
101323.46330722327
101322.48683873934
101322.42726379329
101322.58237349814
101322.3655088778
101322.06425450844
101322.3659164843
101322.12562522569
101322.70033937557
101323.79002117515
101324.38821027402
101323.99921151268
101324.34869698787
101325.10184313447
101325.57593210871
101325.69405311081
101325.39645952859
101324.67324875797
101323.54074235725
101322.92692761726
101323.02255171674
101322.23545137228
101322.99236631414
101323.25537505075
101324.12804529899
101325.08764303228
101325.92139501162
101326.77189784724
101326.9153256982
101326.80981024484
101326.93778437249
101326.64664282561
101325.53619669682
101324.98492795709
101323.73383967612
101323.40886175699
101322.72185302791
101322.42298808572
101323.18615844751
101322.91411799894
101324.00457944165
101324.68372218005
101325.73752069609
101325.31401832015
101325.49415888547
101325.3170770939
101325.77587268093
101325.5169903787
101325.31216666309
101324.41637315314
101324.04317928615
101323.32005060739
101323.06145511815
101322.08389716418
101322.89050760085
101323.39331943603
101324.53467960937
101325.3674337586
101326.40866078489
101326.91011009402
101327.16020316022
101327.15953707305
101327.10771140241
101326.86914522079
101325.96269840199
101325.23937008993
101324.16644096249
101323.29183717024
101322.41285540965
101322.1770741878
101323.33488545773
101323.38732855067
101324.32337429565
101324.3298648935
101325.5349643064
101325.22770068215
101325.77329828506
101325.94373971803
101326.54760549567
101326.45216133299
101326.53168204645
101325.56839349552
101325.2849982442
101324.35484368716
101323.50671226814
101322.82588305956
101323.96428176484
101324.28995577163
101325.38780615824
101325.86083809609
101326.55657227813
101327.17738407789
101327.38935882915
101327.43503130491
101327.33704634807
101327.08669296229
101326.28551778734
101326.06085083244
101324.90637080632
101324.36474008279
101323.25307009087
101322.06072330459
101324.18963838645
101324.62481525872
101325.54704512676
101325.58198600094
101326.79241975407
101326.06580614022
101326.47916772697
101326.63923813704
101327.29194545459
101326.86011710309
101326.89400887836
101325.92844014161
101325.60120889181
101325.23843648357
101323.77491841289
101323.92369252628
101324.57702838929
101324.44406554473
101325.49685402795
101326.02550122366
101326.6060188321
101326.98371933507
101327.09830015355
101327.11831119144
101327.09845730751
101327.06800367185
101326.25740294365
101326.08877944952
101324.85106462568
101324.74950236134
101324.26734975682
101323.00282034304
101325.07179573763
101325.47322170374
101325.94042269685
101325.91281663414
101327.18464236552
101326.59589647151
101327.25465888272
101327.13138560033
101327.83399512628
101327.34881226954
101327.48814945327
101326.55712827256
101326.54035034367
101326.39040172906
101324.84261914664
101324.28194937996
101325.49630151264
101325.62483275204
101326.41841355097
101327.00102378096
101327.52767450971
101328.06694113373
101328.22049548785
101328.24613358761
101328.11218709416
101328.09260779519
101327.16789664802
101327.15954812567
101325.47633619439
101325.86814489515
101324.94034991224
101323.80736972106
101326.0438256679
101326.46305060141
101326.75785112353
101326.5356143307
101327.8569782431
101327.14125550516
101327.77885606533
101327.29777196293
101328.0591271598
101327.51297252155
101327.72018076238
101326.8382609626
101326.90231140217
101326.86624667734
101325.07338034461
101324.04904464347
101325.26018195138
101325.27435955479
101325.7010342298
101326.61012990525
101326.97485323498
101327.43067172759
101327.51675887952
101327.36539126176
101327.38073489763
101327.43932984804
101326.56854092938
101326.53086500012
101324.76241682217
101325.35490984892
101324.58804370748
101323.62485178321
101326.65342875182
101326.86332882804
101327.25242268827
101326.76907704903
101328.19269500405
101327.36238646359
101328.01777705704
101327.24483849104
101327.99203995847
101327.51999403851
101327.67428210189
101326.90094777178
101326.82281232494
101326.94479261468
101325.03762492973
101324.20132091703
101325.47747244687
101325.53933214133
101325.88852711221
101326.98179583527
101327.32143595275
101327.84019763768
101327.85898301625
101327.82800266553
101327.70391768689
101327.78330863327
101326.86439873478
101326.87212487812
101324.92420039346
101325.61115245809
101324.60091218031
101323.59722517701
101326.738358353
101327.0590478557
101327.38232848364
101326.83062738103
101328.22880400883
101327.3622674287
101327.93661639336
101327.13502384689
101327.966529686
101327.41583651856
101327.64689718655
101326.89000483458
101326.85996126769
101326.97349807249
101325.04685987013
101324.11865049001
101325.32873652587
101325.31827518129
101325.60561471345
101326.61805865187
101326.92155840399
101327.40775697911
101327.40587923721
101327.2905675277
101327.26151488235
101327.35495497983
101326.44955809001
101326.47110713077
101324.61547151097
101325.39056296324
101324.46647403119
101323.49136788488
101326.67791288224
101327.05986665173
101327.44066452025
101326.83050372827
101328.2436435095
101327.23365525427
101327.92715511078
101327.07906438585
101327.78534693673
101327.37691215616
101327.5318570347
101326.80626251579
101326.87039442633
101326.93702890437
101325.11246456279
101324.33746904606
101325.58921980241
101325.65956766454
101326.04574109954
101327.04286775377
101327.36871680958
101327.80872472032
101327.86359752968
101327.81553935801
101327.69757279134
101327.76577678554
101326.84363730472
101326.87829067957
101325.0167651325
101325.62016774344
101324.82716369651
101323.93577258868
101326.89173227656
101327.07724098451
101327.38862525723
101326.79909695347
101328.0991788566
101327.22216834909
101327.75348765767
101327.12554411727
101327.83838804743
101327.42771502688
101327.59776203637
101326.78553308567
101326.82448231199
101326.67512592189
101325.23936925633
101324.4346841833
101325.72436921073
101325.76643261462
101326.36832183079
101326.98380380402
101327.24651991329
101327.66856875159
101327.74733779757
101327.68269349907
101327.59659117626
101327.66530543231
101326.87086062851
101326.96265666242
101325.32813991571
101325.91921857503
101325.03246463383
101324.04580528221
101326.46372110459
101326.82247864251
101327.11622203345
101326.75810284239
101328.05663011596
101327.21873720248
101327.81626431126
101326.28963658174
101326.92295699455
101326.59677058064
101326.64852609334
101326.0191863159
101325.74350365282
101325.64237526714
101324.33546888933
101324.54416302529
101325.1478007916
101325.27793977337
101326.19158974852
101326.6233335502
101326.9735967454
101327.38595322959
101327.38773532375
101327.37602486393
101327.27826258875
101327.35030380331
101326.50200848591
101326.5373449575
101325.21025416486
101325.35825592252
101324.75036564688
101323.45147641408
101325.45066601833
101325.85591683701
101326.1852604646
101325.96781652802
101327.13342296951
101326.38818775193
101326.91743200962
101326.23735727694
101326.88920351908
101326.67788175223
101326.6405338193
101325.81717342389
101325.54668827144
101324.80436376536
101323.7759754924
101323.48009218444
101324.53176771921
101324.58615349057
101325.5343202503
101325.94988148533
101326.43099635976
101326.84212742772
101326.91981470629
101326.9379624929
101326.83606506854
101326.7596396421
101326.16311591559
101326.00508482812
101324.86575974306
101324.73625450543
101323.76470420683
101322.55772979154
101324.77454755342
101325.15556362478
101326.00869397754
101325.91474007448
101327.07036330615
101326.35744015723
101326.87542734871
101324.62626408639
101325.12359546155
101325.08098863583
101325.18155161393
101324.52055730732
101324.40027051968
101323.65392725343
101323.22734867263
101322.35858113781
101323.3888652076
101323.91456098598
101324.99037480311
101325.45745136107
101326.24619965846
101326.83205074973
101326.76944650122
101326.80061975903
101326.76707035031
101326.7059596652
101325.76995578744
101325.3831318415
101324.46707666278
101323.64901327746
101322.7549540457
101322.33130066538
101323.68384715928
101323.92187382295
101324.79833939052
101324.54170942484
101325.39834553028
101324.81577516229
101325.12681444817
101325.33732510313
101325.69601812161
101325.85040180513
101325.41653395542
101324.78415657957
101323.64615983258
101323.17087796351
101323.198077607
101322.30155783522
101322.94257961726
101323.27471848512
101324.25844913643
101325.1030147999
101326.06593309925
101326.76656748015
101326.8699451213
101326.82049734858
101326.82575323607
101326.5706161431
101325.67128202591
101324.89449931949
101323.76196206809
101323.30391525764
101322.72228773389
101322.5325482677
101323.50170117783
101323.19280133893
101324.2526655813
101324.9358923175
101325.9366546142
101325.35412824844
101325.76942681246
101324.09029167148
101324.46439723296
101324.54868700699
101324.49705180321
101323.56621059831
101322.59676025437
101322.54252983713
101322.49486594944
101322.1201798312
101322.82632026754
101322.84873768149
101322.98973830805
101323.36341581411
101324.42212640031
101324.60299979922
101324.49085940376
101324.41387484035
101324.44756691621
101324.86359703021
101324.0997862985
101323.24677176744
101322.98806223896
101322.98897396427
101322.50175610714
101322.2258249178
101322.6576934512
101322.32479562698
101322.97885941267
101323.97587418144
101324.54922811447
101324.21248975009
101324.38360006703
101323.69746029764
101323.97927524519
101324.25120480552
101323.46320983999
101322.48725437369
101322.42503119375
101322.58207012554
101322.36572236018
101322.0654265748
101322.36652514835
101322.12537520177
101322.70003086014
101323.79038883049
101324.38993418824
101324.0008352728
101324.34970397389
101324.02977420713
101324.3418082198
101324.30804508027
101324.42458277263
101323.44645133267
101322.49210304793
101322.26939595022
101322.28763418723
101321.99322991561
101322.49089345757
101322.36286172472
101322.17644900427
101322.96997698097
101324.0918402472
101323.88155349091
101323.93517263955
101326.80972383446
101326.93725555103
101326.64683924995
101325.53636187151
101324.98408100789
101323.73268242904
101323.40848270834
101322.7214994352
101322.42278168791
101323.18602898206
101322.91357610506
101324.00410185111
101324.68391049301
101325.73830739994
101325.31656161767
101325.49615559317
101325.10158584555
101325.57638616554
101325.69447992968
101325.39768600561
101324.6729336369
101323.54010737501
101322.92566885415
101323.02246427166
101322.23534410229
101322.99345707211
101323.25722512911
101324.12955533237
101325.08843087436
101325.92226961277
101326.77178007757
101326.91490716166
101327.15864532723
101327.10666584098
101326.86941785352
101325.96239619245
101325.23846067543
101324.16518449089
101323.29066642313
101322.41204074815
101322.17625135602
101323.33477113253
101323.3873372705
101324.32424306922
101324.33007474006
101325.53397587631
101325.23113182698
101325.77463590473
101325.31501328433
101325.77722406328
101325.51721797395
101325.31242748875
101324.4160065178
101324.04319589961
101323.32005232558
101323.06121452761
101322.08365909234
101322.8909789663
101323.39312088741
101324.53456414337
101325.36748044202
101326.40865455798
101326.9096759953
101327.15930807329
101327.43407319373
101327.33656948722
101327.08600233585
101326.28476775542
101326.05912491039
101324.9046473687
101324.36309549412
101323.25161722863
101322.05924929857
101324.18946173249
101324.62500500315
101325.54801240607
101325.58231066822
101326.79207115938
101326.06597052353
101326.47834281538
101325.94630249109
101326.54873606577
101326.4524774282
101326.53139794347
101325.56889847008
101325.2854483939
101324.35566978832
101323.50750763064
101322.82629057036
101323.96551074267
101324.28846885853
101325.38792037519
101325.86019579662
101326.55653404185
101327.17570266037
101327.38806690929
101327.11641947701
101327.09716414785
101327.06600779507
101326.25573469457
101326.08697602332
101324.84959655958
101324.74764269161
101324.26541829793
101323.00168245879
101325.07161238618
101325.47404620299
101325.94168611174
101325.91348448928
101327.1851457289
101326.59672882294
101327.25474109953
101326.6388521888
101327.29084766992
101326.85929399669
101326.89312109309
101325.92785084997
101325.60042174245
101325.23740967664
101323.77177376953
101323.92456421063
101324.58030122254
101324.44150201004
101325.4970412449
101326.02521135779
101326.60602279384
101326.981948228
101327.09683827929
101328.2448484409
101328.1107510616
101328.09100904697
101327.16652267362
101327.15825541349
101325.47541706056
101325.86653694017
101324.93919267446
101323.80650016367
101326.04361513504
101326.46391659394
101326.7593192842
101326.53650325445
101327.85765675156
101327.14156500726
101327.77740675198
101327.12950452408
101327.83148091592
101327.34650123611
101327.48726266729
101326.55522123644
101326.54110054359
101326.38683415618
101324.83890397791
101324.28175248236
101325.49367010592
101325.62363203641
101326.41828079012
101327.00070748162
101327.52680717988
101328.06644593127
101328.22004161813
101327.36483926182
101327.37986088227
101327.43837430426
101326.56819186462
101326.53087949287
101324.76255787256
101325.35466944576
101324.5874718984
101323.62365819394
101326.65272071501
101326.86408188485
101327.25434697155
101326.76890839191
101328.19190269172
101327.36095182106
101328.01526303319
101327.29439985144
101328.05584539843
101327.50979723305
101327.71815044925
101326.83626448286
101326.90027813567
101326.86390855993
101325.07177724835
101324.04559282369
101325.25909449108
101325.27182846774
101325.70007533241
101326.61113983199
101326.97486058738
101327.43183483586
101327.51693781785
101327.82802360828
101327.70350292289
101327.78340299932
101326.86441305562
101326.8726023777
101324.92552779103
101325.61176067969
101324.60136648493
101323.59724385083
101326.73793537977
101327.06071246389
101327.38723684585
101326.82821308909
101328.22756499852
101327.36042369943
101327.9346952418
101327.24264986264
101327.98965673718
101327.51724044923
101327.67252761751
101326.89881209155
101326.82110214929
101326.94269855246
101325.03533357411
101324.19902640484
101325.47490750658
101325.53722574768
101325.88733014851
101326.98213322053
101327.32138129052
101327.84119426407
101327.85962312664
101327.27870948147
101328.06413718456
101327.47643649751
101327.74655403658
101326.77533016398
101327.03336275354
101326.36673607708
101324.59758217289
101324.40282615382
101325.44049445678
101325.44046477586
101325.83216428166
101326.55071672895
101327.00090208746
101327.49755242716
101327.50413518303
101327.42052102227
101327.35971186859
101327.45939579782
101326.50435258198
101326.43581491969
101324.77819886903
101325.51575059946
101324.61440732121
101323.60725471147
101326.42902472283
101326.94912560697
101327.29533796656
101326.84357068004
101328.23830017284
101327.35479378363
101328.0099630937
101327.23923474571
101327.90352151716
101327.44594359756
101327.64041313088
101326.75763555677
101327.02332504612
101326.39527355219
101324.6591626771
101324.55417897155
101325.70032641491
101325.66236168114
101326.21164540152
101326.91165085816
101327.38377053793
101327.87748877605
101327.91603386542
101327.88452987109
101327.75168434792
101327.80333954706
101326.82813378095
101326.80067015739
101325.12187888095
101325.7118683989
101324.94548568163
101324.05243545266
101326.68434530855
101326.96566268534
101327.26329861421
101326.85273575998
101328.1471747055
101327.3993633335
101327.88201238061
101327.29049777532
101327.93534705017
101327.499444222
101327.67369003897
101326.76958399554
101326.87561690733
101326.2599404863
101325.14288873074
101324.6961699907
101325.81811687929
101325.8829004072
101326.52163046361
101326.89451824328
101327.26265140853
101327.6891528017
101327.78041248101
101327.73044963251
101327.63483989524
101327.6921698958
101326.86082256003
101326.90831905277
101325.40791448641
101326.08351212167
101325.12517161501
101324.09628736076
101326.39299515224
101326.62991327056
101327.00136222279
101326.79327795535
101328.08700177111
101327.34642120625
101327.91972322224
101326.3488373405
101326.92368257632
101326.61962588644
101326.67577634343
101325.94492115287
101325.75223413712
101325.26102293888
101324.37833526703
101324.63994675971
101325.39626660463
101325.39715534155
101326.21886592888
101326.49213352911
101326.9721759292
101327.41518539275
101327.48843607164
101327.439397879
101327.35296494154
101327.37573686014
101326.4992350894
101326.41789101521
101325.28276202237
101325.63559176905
101324.84903467183
101323.7249942575
101325.148969551
101325.71482217316
101326.16308003526
101325.99672943799
101327.14101633211
101326.44270586762
101326.94721599738
101326.26833784768
101326.87507381159
101326.66482725904
101326.59194372757
101325.7902179441
101325.28480008707
101324.55793509279
101323.60332811523
101323.37744543482
101324.42541891734
101324.88385423095
101325.58194460844
101325.88240460739
101326.41173850936
101326.75481969659
101326.83226091546
101326.79561333606
101326.77136834845
101326.7249477437
101326.06741479049
101325.91922076637
101325.10856606445
101324.72732237137
101323.65988283399
101322.7439881638
101324.44452054412
101324.7524842292
101325.9243020727
101325.88264876293
101327.06642369405
101326.36916504074
101326.87324981169
101324.79023631614
101325.23350713273
101325.18209849368
101325.25089005416
101324.80168508695
101324.20972310216
101323.34586252601
101323.3200736709
101322.23536555955
101323.28984100053
101323.67749412714
101324.67499703199
101325.34306198495
101326.27213731586
101326.92979863394
101326.9315963351
101326.9463638689
101326.9095641436
101326.72625701434
101325.70860155723
101325.12821981286
101324.2302226421
101323.56621430529
101322.67151804533
101322.25630979726
101323.61091895866
101323.71803922918
101324.91176122804
101324.67781484476
101325.45492709271
101324.92227110773
101325.24503313018
101325.40754468496
101325.75327391477
101325.9406065309
101325.62099409453
101324.81039193076
101323.56291906217
101323.15322680165
101323.07434336151
101322.27649781539
101323.05068259602
101323.28456381764
101323.93690410341
101324.9201365013
101325.76722762492
101326.38587766833
101326.30006757689
101326.14427320247
101326.37187148443
101326.25640275252
101325.33228024279
101324.75621261414
101323.54733285526
101323.35326210011
101322.77687943795
101322.40690378351
101323.4943216765
101323.03612889195
101324.09227194168
101325.2175642261
101326.10993467939
101325.49739700647
101325.81697821667
101324.23300401164
101324.59542367594
101324.62462328703
101324.57497402234
101323.45074015444
101322.53555552095
101322.56876059073
101322.41890854243
101322.03110911
101322.66490228016
101322.83739868728
101323.02323386121
101323.47222785903
101324.50444035948
101324.24060249323
101324.23001674055
101324.02821920101
101324.20830595578
101324.74770448457
101324.14167424153
101323.14742990854
101323.13151883641
101322.90018413124
101322.45119375289
101322.1392303102
101322.66893869344
101322.26471656797
101322.85275067514
101323.89508622624
101324.81668897327
101324.33815845838
101324.52454467674
101323.70206343386
101324.05565808075
101324.23793624713
101323.64804846096
101322.68552497521
101322.38592612281
101322.43289221762
101322.26388075438
101322.005430277
101322.42111342093
101322.12109802713
101322.57584830957
101323.74079587028
101324.47453412056
101324.23391390234
101324.52976845099
101324.27690532172
101324.49098641056
101324.49151582501
101324.49442394104
101323.37225694626
101322.38093286892
101322.30226805543
101322.19751769051
101321.99607069345
101322.32874797439
101322.21226665234
101322.25176944079
101323.17851013278
101324.27541621582
101323.91529966178
101324.0065876468
101326.41437101438
101326.6263110404
101326.47548779099
101325.32953298914
101324.6170128345
101323.57845356692
101323.420775242
101322.77619962182
101322.32490280828
101323.27945085782
101322.84750689911
101323.86513232811
101324.9977431406
101325.91183900402
101325.50668526891
101325.6135777029
101325.27028664302
101325.68468597936
101325.87300166473
101325.58667861487
101324.66601899519
101323.46987353163
101323.01085217815
101322.88533671648
101322.26539967683
101323.08662500538
101323.1819397307
101323.80806367562
101324.59818648867
101325.95299336012
101326.60873337218
101326.44608818261
101327.14944231657
101327.10240856475
101326.73025658524
101325.7613461921
101324.94010670253
101323.8151876918
101323.14244924641
101322.35791596552
101322.02139429687
101323.29908183104
101323.22728418087
101324.36634427193
101324.57569669111
101325.6306094242
101325.38013654391
101325.79372774329
101325.43127118431
101325.8323252666
101325.69027517574
101325.42371577663
101324.72526692187
101323.79679252628
101323.18436847582
101323.06157454556
101322.02972879
101322.79358200144
101323.2466991855
101324.16821355719
101325.11775712686
101326.2552878953
101326.81448848645
101327.15327698577
101327.29374531258
101327.21377801819
101326.98510428111
101326.24478905056
101325.97815937897
101325.12943634282
101324.21218078381
101323.24301099996
101322.29525709814
101323.99147815112
101324.17292098326
101325.45708866068
101325.54160496048
101326.7858010966
101326.23622567386
101326.67215945426
101326.19435516828
101326.7239377814
101326.58345727711
101326.53758430001
101325.56555990754
101324.95594112726
101324.03758858579
101323.29728609495
101322.67589522843
101323.86653161948
101324.43079916874
101325.37778295529
101325.81594310611
101326.54995731295
101327.08746027076
101327.2592796367
101327.18517608401
101327.16731327077
101327.09856485683
101326.26958786428
101326.03820321857
101324.92650063676
101325.13668623583
101324.35174146309
101323.17983469323
101324.56565242969
101325.23153499831
101325.8360179688
101325.84525185857
101327.0617295604
101326.52318985708
101327.11349910565
101326.55434100312
101327.17108358923
101326.7989928934
101326.83770681472
101325.85921176364
101325.54593299425
101324.90752653759
101323.79731423312
101323.93605156321
101324.86989341646
101324.68038449906
101325.55287062509
101325.97847934085
101326.65427610213
101327.0390785893
101327.20733542678
101328.2807878618
101328.16171544712
101328.12881900874
101327.19799635537
101327.11075754021
101325.55774434756
101325.94256233826
101325.06225400223
101323.89312885524
101326.00493492218
101326.27444692895
101326.6688915157
101326.52690449815
101327.8349295823
101327.18399628912
101327.80598149658
101327.19763374369
101327.86728147237
101327.38127307907
101327.51292182214
101326.50244669635
101326.57549070902
101325.89975811049
101324.79138826198
101324.48657578565
101325.58800678301
101325.74056013071
101326.529443626
101326.97583070584
101327.63187224594
101328.13017855861
101328.28224215952
101327.56968217567
101327.49457433159
101327.55844520961
101326.61190647265
101326.475296864
101324.88201310129
101325.48320659497
101324.68744726028
101323.7832945702
101326.58033100194
101326.71726779312
101327.13851242593
101326.76949826062
101328.17232144921
101327.44002100699
101328.06716171536
101327.42379434586
101328.12695928566
101327.55552513392
101327.78350641468
101326.75202707843
101327.01044125813
101326.34749566751
101324.63644078899
101324.31192756564
101325.36374818921
101325.36708777261
101325.87525761145
101326.53974181029
101327.08369962026
101327.57056289091
101327.6332961001
101327.91474155919
101327.79524035555
101327.85520630976
101326.89239925999
101326.8364343534
101325.07486602114
101325.71366157083
101324.75433032759
101323.69899849553
101326.43080165886
101326.95152188173
101327.24950043652
101326.87119846474
101328.23330063836
101327.47398664846
101328.03658377322
101327.37676398232
101328.09685276462
101327.57750413858
101327.77876317358
101326.8108195388
101327.01379020508
101326.37629244092
101324.60282879928
101324.47153400365
101325.58779950681
101325.63755068768
101326.09634224432
101326.90428478629
101327.40825557549
101327.92513368561
101327.95420496094
101327.42243053815
101327.36194414143
101327.46150830832
101326.50593418775
101326.43753753533
101324.77912121778
101325.51824725984
101324.61662883114
101323.60912785432
101326.43033923957
101326.94954519255
101327.29498642489
101326.84199115077
101328.23684823033
101327.35337738195
101328.00899731743
101327.27825374962
101328.0640913558
101327.47548767306
101327.74605015256
101326.77445797218
101327.03202780199
101326.36565052756
101324.59641178368
101324.40161386855
101325.43963966936
101325.44091424224
101325.83125396198
101326.55186097421
101327.00229025712
101327.49840449523
101327.50502986117
101327.88560078575
101327.75324101155
101327.80482270659
101326.82910502038
101326.80186246995
101325.12212969294
101325.71350151327
101324.94678799801
101324.0536060709
101326.68502070747
101326.96579624279
101327.26311242979
101326.85187700622
101328.14692071555
101327.3988933802
101327.88070627398
101327.23738566505
101327.90230665705
101327.44189651217
101327.64003914599
101326.75528706887
101327.02016865741
101326.39336102185
101324.65759577088
101324.55206421668
101325.69697123909
101325.66420330388
101326.20969513283
101326.91219325738
101327.38378557606
101327.87871676475
101327.91646534656
101327.73135663508
101327.63583260277
101327.69291099822
101326.86161944394
101326.90887859548
101325.40733700177
101326.08323420241
101325.12459093718
101324.09563809655
101326.39270597043
101326.62911566276
101327.00040006953
101326.7915246318
101328.08522791437
101327.34494078744
101327.91796391321
101327.2887529235
101327.93426613047
101327.49742116398
101327.67411408285
101326.76911726632
101326.87468906338
101326.25851837853
101325.14143543821
101324.69382795748
101325.81841103216
101325.88640665413
101326.51736506718
101326.89507497173
101327.26342723635
101327.69066329047
101327.78080833843
101327.43916771605
101327.35351908302
101327.376303684
101326.50093546562
101326.41907232717
101325.28269273418
101325.63502855242
101324.84807829637
101323.72365936235
101325.14815799681
101325.7137909937
101326.16246520223
101325.99561959415
101327.14017255882
101326.44120069846
101326.94501130018
101326.34624093563
101326.92147332485
101326.6160358476
101326.6744760493
101325.94260959912
101325.74947149033
101325.25802923131
101324.37623424965
101324.63784094864
101325.39653062043
101325.39772357301
101326.21838223565
101326.49334981143
101326.97407817256
101327.41624589093
101327.4870252914
101326.79593933705
101326.77297559491
101326.72604924827
101326.06930165537
101325.92043214492
101325.10877172228
101324.72656135411
101323.65840089813
101322.7421626787
101324.44298046287
101324.75121883069
101325.92322538205
101325.88098075129
101327.06466818145
101326.36739938913
101326.87261695239
101326.26655331065
101326.87460771939
101326.66322486251
101326.593059251
101325.78978368008
101325.28362962263
101324.5555809723
101323.60233858805
101323.37576175146
101324.42491253294
101324.884620577
101325.58211497382
101325.88234074645
101326.41242138637
101326.7532469077
101326.83162026806
101326.94654872213
101326.9100597565
101326.72658173399
101325.70961459563
101325.12931136452
101324.23043201509
101323.56545263066
101322.67002988001
101322.25450361111
101323.60933236999
101323.7176703037
101324.91135212693
101324.67713273114
101325.45373542179
101324.9209204725
101325.24343698086
101324.78867638604
101325.23284684314
101325.18025237248
101325.25021052793
101324.80039833541
101324.20834434936
101323.34401273864
101323.31877593059
101322.23424328936
101323.28924197228
101323.67859680737
101324.676509806
101325.34445533909
101326.27353236066
101326.92911652084
101326.93182269564
101326.1432082063
101326.3713031221
101326.25625448889
101325.3332770391
101324.75691769738
101323.54707304637
101323.3523924175
101322.77577524075
101322.40661049061
101323.49367518334
101323.03625891052
101324.09224292943
101325.21752875719
101326.10957881549
101325.49708996688
101325.81669405893
101325.40700133781
101325.75361121437
101325.94024028956
101325.62057503121
101324.80971110344
101323.56222776484
101323.15169962299
101323.07289778312
101322.27504492921
101323.05047383488
101323.28580036041
101323.93896657049
101324.92276840423
101325.76860154973
101326.3857618209
101326.29926742506
101324.02619557161
101324.20764693586
101324.74720968222
101324.14225392972
101323.14812157134
101323.13102053906
101322.89947033931
101322.45073862754
101322.1396635961
101322.6689643065
101322.26461912711
101322.85236690377
101323.89473789497
101324.81691094919
101324.3378839865
101324.52364609696
101324.2320562205
101324.59496275619
101324.6237488448
101324.57509345545
101323.45029179839
101322.53504063448
101322.56760758995
101322.4177062737
101322.02972130207
101322.66520556805
101322.83856201608
101323.027191848
101323.4751623585
101324.50603757486
101324.23976856119
101324.22905109286
101324.27476965313
101324.48979252201
101324.48943156065
101324.49429299287
101323.37167573723
101322.37897362969
101322.30089938515
101322.19687490453
101321.99601752285
101322.32910782627
101322.2118557388
101322.25071862595
101323.17766007055
101324.27576728215
101323.91592396032
101324.00679315065
101323.70205610276
101324.05591559122
101324.23737758886
101323.64885641899
101322.68579759686
101322.385727036
101322.43209552424
101322.26215920223
101322.00247389913
101322.41993465283
101322.12149638623
101322.57767931714
101323.74375616861
101324.47735877881
101324.23498277104
101324.52861828946
101325.26938507092
101325.6815069369
101325.8723105751
101325.58671451636
101324.66447057216
101323.46745548563
101323.00871479299
101322.88380987264
101322.26475159331
101323.08660449021
101323.18184299655
101323.80795569961
101324.59764820637
101325.95351610819
101326.61004792077
101326.4466732804
101326.41385584377
101326.62621731678
101326.47612265708
101325.33077056437
101324.61747356867
101323.57930478285
101323.4211943206
101322.77580890401
101322.32377577297
101323.27870129803
101322.84764230593
101323.86443817057
101324.99873393429
101325.9121869286
101325.50500184503
101325.61278545966
101325.42906578047
101325.82732250227
101325.69060142747
101325.42496736281
101324.72356860971
101323.79378455649
101323.1817176242
101323.05967115427
101322.02870077692
101322.79304126234
101323.24713712606
101324.16871783802
101325.11756183347
101326.25446995642
101326.81576510346
101327.15382862752
101327.14900919177
101327.10317479176
101326.73116337298
101325.76144099011
101324.94082411933
101323.81580375759
101323.14338295579
101322.35822851337
101322.02086618614
101323.29886160839
101323.22678428561
101324.36583540634
101324.57527019264
101325.63097190147
101325.37891967798
101325.79123314661
101326.19321825422
101326.72355650604
101326.58263772923
101326.53716072517
101325.56423176029
101324.95376101471
101324.03530826661
101323.29447860055
101322.6738154277
101323.8660929852
101324.43199829184
101325.37796242285
101325.81510510811
101326.54798694646
101327.08678771066
101327.2592538462
101327.2948272246
101327.21412515776
101326.98569755236
101326.2448830957
101325.97860842486
101325.13026589291
101324.2134213033
101323.2439649008
101322.29631136403
101323.99202816036
101324.17313537118
101325.45760341114
101325.54235209324
101326.78536061212
101326.23603715659
101326.67099841872
101326.55337884145
101327.1703493855
101326.79815451996
101326.83675179968
101325.8578649769
101325.54381417588
101324.90529325353
101323.79551018063
101323.93456243133
101324.87006231815
101324.68089840455
101325.55356612349
101325.978925681
101326.65439840252
101327.04040017913
101327.20795045946
101327.18544377065
101327.1669558014
101327.09825734033
101326.26908208783
101326.0376911924
101324.9264273564
101325.13650705799
101324.35144118228
101323.1817030454
101324.56543606827
101325.23005934469
101325.83592103267
101325.8446191179
101327.06087514704
101326.52235313845
101327.11231111982
101327.19695698909
101327.86665062656
101327.38060511512
101327.51263174402
101326.50266514478
101326.57479118553
101325.89898982851
101324.79034818098
101324.4862887403
101325.58919685602
101325.74168469204
101326.53070538532
101326.97655574619
101327.63230134419
101328.13101102403
101328.28207232303
101328.28038035157
101328.16052173477
101328.12746131071
101327.19684357506
101327.10956678676
101325.55713962292
101325.94177122864
101325.06123827552
101323.89276904598
101326.00382100522
101326.27271758566
101326.66784978431
101326.52805495392
101327.83540202687
101327.18441917792
101327.80570761923
101327.42336557919
101328.12638241689
101327.55482592176
101327.78322164963
101326.75210598885
101327.01010414658
101326.34730669473
101324.63611843018
101324.31168136586
101325.36357271447
101325.36656439022
101325.87642063314
101326.5393155589
101327.08308907498
101327.57025321882
101327.63201665206
101327.56801261651
101327.49193504293
101327.55614792749
101326.6099813461
101326.47319618026
101324.88047856356
101325.48108620837
101324.68609121039
101323.78248748234
101326.57938406782
101326.71588678686
101327.13814633616
101326.77084818347
101328.17356256441
101327.44117529155
101328.06722212363
101327.37703516506
101328.09644510024
101327.57808149623
101327.77969164318
101326.81183266416
101327.0150881642
101326.37726582814
101324.60387703027
101324.47250501592
101325.58844646272
101325.63813943781
101326.10035317535
101326.90245945795
101327.40693006574
101327.92456113212
101327.95341559935
101327.91203264135
101327.79246409582
101327.85256259813
101326.89064351853
101326.83453429824
101325.07370207079
101325.71027594854
101324.75206229633
101323.69721970004
101326.42897710988
101326.95063436303
101327.24941996261
101326.87279811157
101328.2347874727
101327.47535533729
101328.03732577416
101328.78405185885
101330.19046329398
101328.93843526063
101329.50844110851
101327.95971593281
101328.92522685303
101328.31130751772
101327.35169605943
101322.68141419094
101322.7735532878
101324.90653674226
101324.15473675283
101327.10526261547
101326.85924781268
101328.70833453906
101328.48042927615
101329.12529731155
101328.06329194698
101328.46529229356
101326.03067298912
101326.76923498833
101322.65370829709
101324.98983934593
101321.16346086336
101324.82196011294
101329.84134506549
101327.10857318128
101329.66816339073
101327.40891919617
101330.36407895293
101328.61007809995
101330.02796430582
101327.83665848969
101329.17103550558
101328.0659970195
101328.73514876494
101327.24449578799
101328.47375938376
101327.88497020336
101327.13156831317
101322.8844046523
101323.33823266465
101325.4956784704
101325.01159695433
101327.94594127269
101327.78852094235
101329.61334080828
101329.31813619084
101329.99183564016
101328.88844100747
101329.30198838546
101326.82918035006
101327.48745715935
101323.4573937958
101325.47893848552
101321.745817983
101324.97803393163
101329.53769226634
101326.60780659805
101329.00731989297
101326.73655546935
101329.51053763129
101327.74105840301
101329.00713187209
101328.02104014411
101329.34966005945
101328.32968384391
101329.03927256833
101327.31791474162
101328.35332950582
101327.63576621501
101326.75039305756
101322.99662639444
101323.40260659857
101324.91783517173
101324.9915434474
101327.37660107815
101327.47731119028
101329.03228006497
101328.80610508483
101329.44090578069
101328.44537551657
101328.86977414707
101326.67768182867
101327.26140705509
101323.43668441029
101325.3062608029
101321.78500032178
101324.81394204379
101328.97840077485
101326.67195219711
101329.00309904934
101327.03082062631
101329.6820074532
101327.96824220743
101329.16580245268
101325.95497428003
101327.12834869217
101326.33970919231
101327.20924753198
101325.78054816599
101326.60837197452
101326.3414004549
101325.47913085169
101322.38605033788
101323.50342639654
101324.46808854651
101325.23680515186
101327.36316168017
101327.58708711938
101328.76622571776
101328.37544523834
101328.96916511176
101328.09515333704
101328.54310348177
101326.60244528638
101327.019261728
101323.77240956874
101324.73390054147
101321.90741622703
101323.7435764204
101327.4005075476
101325.55240793186
101327.07007077009
101325.51534605095
101327.59514495634
101326.00657004816
101326.9528281777
101326.18246502563
101327.35533498463
101326.45606677298
101327.13875753476
101325.70199882238
101325.700928506
101325.51285635242
101324.33526902643
101321.27470219592
101323.08847355159
101323.63911761672
101324.77015151099
101326.31127964934
101326.84694629938
101328.02640418138
101327.95217523906
101328.46152648212
101327.68706023235
101327.85211453986
101326.10404051292
101326.17336262138
101323.45268100132
101323.85637775275
101321.499973695
101322.69407471913
101326.10724703931
101324.8213116486
101326.36460468789
101325.54161813177
101327.55130703571
101326.20751319622
101327.26688072208
101322.70999519699
101323.64952561901
101323.22923687553
101323.83472527053
101323.06338763668
101323.17495092671
101323.33546086552
101322.95351112317
101320.28826660712
101322.41146759789
101322.76635988746
101324.22000000383
101326.16786704746
101327.22426908891
101328.22951086068
101328.08749734904
101328.45113286513
101327.98552973234
101327.95754560528
101326.29137251977
101325.68255195626
101323.13355236282
101322.89989410722
101321.18164042124
101321.84082618679
101324.08316520054
101322.47488090236
101323.62428996556
101322.88776438189
101324.07415022171
101322.95740462441
101323.50450616554
101324.64223209626
101325.327463711
101324.84516919999
101324.93828105324
101323.79835581411
101322.89713015161
101323.16773218752
101322.30746728778
101320.57131947167
101322.40314081559
101323.13015598361
101325.05506428449
101326.49532612904
101327.64251570801
101328.40315588568
101328.69033977739
101328.80459765505
101328.52488667904
101328.2697078402
101326.94978635726
101326.18524909776
101323.93824542909
101323.20097231041
101321.00021133854
101321.41784068882
101322.90727804885
101322.62988193004
101323.44490886238
101323.92575449157
101325.18078034522
101324.6269547642
101325.23819172116
101321.18066915093
101321.73817979879
101321.58369536322
101321.67509396269
101321.11143590305
101320.75671076021
101320.54888700496
101320.98039034367
101320.50860112785
101321.49104366373
101322.30097174086
101323.18926075504
101324.18366382481
101325.40705802574
101325.99067357677
101326.44230005548
101326.43420686232
101326.31932965854
101325.94026391124
101324.82461387695
101323.77659129619
101322.81076747675
101322.18919181633
101321.02076237618
101320.81136245283
101320.85588049036
101320.40627477235
101320.9294633206
101321.04535972058
101321.67581747689
101321.54207493615
101321.55119233187
101325.29288226133
101325.44163450206
101324.98644857798
101324.05555334254
101323.14248851583
101322.12864124778
101321.70511731577
101320.99333000727
101320.58051214214
101320.74870560732
101320.12363292805
101320.61013496207
101321.52491020387
101322.07181264382
101321.90938276333
101322.17079155325
101321.86793455677
101322.19808413398
101322.24676440904
101321.89744510298
101321.27392318496
101320.3930824393
101320.40081862098
101320.7127834273
101320.47978939539
101321.04423608056
101321.7383375529
101322.40177106214
101323.43405318167
101324.51915818822
101325.08273598811
101325.45249178389
101329.75506968072
101329.45911227586
101328.90734719412
101327.46546386939
101326.41202055306
101324.26807329971
101323.124027639
101320.97615711311
101321.03325186032
101322.29419326302
101322.33323820736
101323.05191150283
101323.43919386326
101324.26703735355
101323.46897003762
101323.84170852836
101323.3246596301
101323.9412810556
101323.79737357287
101324.19461559964
101323.56961732835
101322.73707536348
101322.77695806618
101321.8040564089
101320.53391429651
101322.12217715211
101323.27919919961
101325.24764701989
101326.64989210524
101328.30183859238
101329.20680013859
101329.60569623558
101327.64415896997
101327.05909346927
101327.07018660472
101325.67772689891
101325.00688645562
101322.60402586726
101322.66006768255
101320.8838573698
101321.54376585109
101323.48751570827
101322.32799790727
101323.43733501979
101323.23248909424
101324.66990264878
101324.06055036859
101324.73937173773
101324.07149711598
101324.91584309578
101324.26641880719
101324.47750076486
101323.404979315
101323.03007914132
101323.00380679796
101322.47772497045
101320.07899288769
101322.07086128657
101322.22429539774
101323.54578311916
101325.29334792182
101326.30339862235
101327.14701997911
101327.24698122103
101329.50104410699
101328.7705902492
101328.86660181552
101326.89388473296
101326.51504133138
101323.6814139413
101323.62024266479
101321.30177420506
101322.22393454035
101325.45966811292
101324.01578405579
101325.43623339062
101324.70214583648
101326.24022997492
101325.05873579842
101325.84097416466
101324.9491958268
101326.06234507906
101325.42372276573
101326.13014617311
101324.99209146472
101324.94326266902
101324.94481335145
101323.79573916466
101320.69562163908
101322.72950504952
101323.40162162218
101324.89791250235
101326.75203177145
101327.67490291975
101328.97257811925
101328.93214303392
101328.02420393832
101327.22953360221
101327.60226353504
101325.8088003217
101326.10410821809
101323.11712587564
101324.0088258629
101321.37769367444
101323.06114297909
101326.7453593411
101325.31653264655
101326.95336415523
101325.79996118176
101328.03769705701
101326.65957833911
101327.80657389674
101326.7533759826
101327.99501546688
101326.87829866707
101327.7147245581
101325.97147445143
101326.53400079199
101326.08016736404
101324.91931232957
101321.88044089524
101322.93907808713
101323.57314185024
101324.40825738182
101326.2419216728
101326.54008677037
101327.68764971798
101327.43353495229
101330.36205956852
101329.40027328346
101329.73026136235
101327.31868452815
101327.63113666247
101323.83473815875
101325.32950631788
101321.71793478317
101324.45086255991
101328.53442990631
101326.32448778101
101328.37575600836
101326.48832727496
101329.02982703838
101327.34187457908
101328.52876159419
101327.39154498547
101328.77522521585
101327.73563840979
101328.61792323161
101326.81272098169
101327.89112265463
101327.26623443273
101326.30553226735
101322.72963630273
101323.35848387537
101324.76990832329
101325.22772409169
101327.87298868191
101328.18425419103
101329.87634465744
101329.69489936218
101329.17964959957
101328.15395176565
101328.58186537246
101326.21957636077
101326.79033252408
101322.88482358857
101324.96131088612
101321.47320976621
101324.84116563128
101329.34010027301
101326.74845671211
101329.21291207468
101327.05516473665
101329.95055704427
101328.24135743604
101329.68301125406
101328.44353684643
101329.84986900279
101328.54919762161
101329.23900002772
101327.52048553465
101328.71964035349
101327.83709668819
101326.92726905723
101322.63890973297
101322.98508627118
101324.79295714269
101324.33696927896
101327.08261325024
101326.99944103035
101328.74867537897
101328.53346292002
101329.86249598523
101328.73757894928
101329.10476421585
101326.61185171091
101327.32036576682
101323.13052555997
101325.33598142982
101321.32663367954
101324.84662325146
101329.72841311015
101326.86880576628
101329.31874581316
101327.0557718144
101329.98125181839
101328.23882300057
101329.60796036219
101328.40713045711
101329.79352135537
101328.59995362972
101329.20007306521
101327.70095665504
101328.68308860456
101328.18988982066
101327.29766725376
101322.77849352284
101322.96869389249
101325.20792983801
101324.55643356108
101327.61767325396
101327.47026998512
101329.41657619548
101329.17858821571
101329.1267410524
101328.06504889306
101328.46788785534
101326.03267615101
101326.77167767161
101322.65456927923
101324.99300092654
101321.16390780115
101324.82416330332
101329.84320694457
101327.108889
101329.668112969
101327.40750582419
101330.36311348352
101328.60861576357
101330.02658280521
101328.78288860098
101330.1897893665
101328.93750199812
101329.50834399453
101327.95848405133
101328.92416465691
101328.31029596392
101327.35024702831
101322.67975796925
101322.77243103588
101324.90597467174
101324.15439614441
101327.10453059099
101326.86104353993
101328.70904499016
101328.47972612962
101329.99272531047
101328.88976764877
101329.30401141364
101326.83087234414
101327.48924682999
101323.45758709186
101325.48154403581
101321.74569070312
101324.97910389098
101329.53841950324
101326.60836126874
101329.00787162024
101326.73572656495
101329.51006515045
101327.7397955808
101329.00560124066
101327.83527107228
101329.16996984008
101328.06257038578
101328.73356804575
101327.24038381375
101328.46987668773
101327.88200472569
101327.12952948701
101322.88220349865
101323.33583418514
101325.49332916355
101325.00984295033
101327.94599736322
101327.79047296941
101329.61544255578
101329.31879498574
101329.44145958631
101328.4465878059
101328.87067784232
101326.67896544568
101327.26295772038
101323.4363718497
101325.30636803445
101321.7840567969
101324.81369638231
101328.97806589157
101326.67115817423
101329.0031321955
101327.03033976529
101329.68243209641
101327.96760185892
101329.16416206432
101328.01991891567
101329.34901077373
101328.32763713313
101329.03914386299
101327.31650646476
101328.35343131064
101327.63418987703
101326.74892807666
101322.99543055166
101323.40175447366
101324.91768101913
101324.98833813283
101327.37530230182
101327.47599713744
101329.03350478067
101328.8063242342
101328.96950007483
101328.09652225164
101328.54437495914
101326.60439999482
101327.02141471516
101323.77281128155
101324.73395831122
101321.90624750426
101323.74267498603
101327.39950792443
101325.55086698946
101327.06988262197
101325.51534003447
101327.59512124074
101326.00509346044
101326.94969642581
101325.9535042244
101327.1281258035
101326.33708904077
101327.20757268288
101325.77800950318
101326.6065370211
101326.33703296547
101325.47728581642
101322.38493808445
101323.50285625851
101324.46883577819
101325.23699312881
101327.36427878273
101327.58727463428
101328.76703719093
101328.37540221121
101328.46140996924
101327.68872486371
101327.85387589043
101326.1067708417
101326.17549319104
101323.45329496387
101323.85612249059
101321.49857664718
101322.6922504848
101326.10556110062
101324.81964368286
101326.36394754009
101325.54081343071
101327.5511024038
101326.20741731973
101327.26958211834
101326.1838314661
101327.3571859106
101326.45335266454
101327.13657510318
101325.69873434379
101325.69633859579
101325.50665193978
101324.33307756863
101321.27332683741
101323.08745940306
101323.640625182
101324.76954064013
101326.31146329371
101326.84605139415
101328.02619152018
101327.95327529931
101328.45032412102
101327.98476736902
101327.95757682755
101326.29337351758
101325.6841830091
101323.13471336053
101322.89995783148
101321.18065934561
101321.83939959554
101324.08210947426
101322.47383635709
101323.62396943846
101322.88685037814
101324.07327288143
101322.956948209
101323.50553867151
101322.70903611933
101323.64995555812
101323.22630037167
101323.83470438098
101323.06113347111
101323.17240974994
101323.32997942422
101322.95071827956
101320.28685856175
101322.41227451005
101322.76874693851
101324.22433534756
101326.17253227584
101327.22612084245
101328.22996054901
101328.08726643228
101328.80345743927
101328.52362589157
101328.26932124354
101326.95196277836
101326.1867120995
101323.93844626754
101323.200489075
101320.99883431282
101321.41756939726
101322.90712263163
101322.62984349568
101323.44484236611
101323.9251491199
101325.18058845056
101324.62633167868
101325.23704419544
101324.64052189045
101325.32719189273
101324.84297791928
101324.93691957864
101323.79626745706
101322.89561512592
101323.16594317419
101322.30509755784
101320.57034264693
101322.40313816107
101323.13252768294
101325.05777419273
101326.49894106967
101327.64466366949
101328.40293916353
101328.68989315153
101326.43210914326
101326.31850000372
101325.93973010821
101324.82569602045
101323.77749205168
101322.81081908449
101322.18913712366
101321.02064913936
101320.81187807739
101320.8561220776
101320.40614427262
101320.92900862606
101321.04427720472
101321.67490188552
101321.54071553114
101321.55012258139
101321.17920175404
101321.73737109322
101321.58202533651
101321.67328786536
101321.10959700357
101320.75498115779
101320.54646679379
101320.97788402499
101320.5076737924
101321.49105169284
101322.30222672675
101323.19145544441
101324.18501911133
101325.40905952924
101325.99030118578
101326.44146968717
101321.86582530859
101322.19729287359
101322.24362355864
101321.89765671738
101321.27377214453
101320.39170905515
101320.39978694424
101320.7120673946
101320.47999161422
101321.04490566645
101321.73903019358
101322.4011129156
101323.43254725926
101324.51851006618
101325.08271327903
101325.45255248915
101325.29176454109
101325.44116976802
101324.98594797507
101324.05516496381
101323.14166356907
101322.12786312409
101321.70410725048
101320.99120432363
101320.57811053046
101320.74868062975
101320.12435218938
101320.6114388053
101321.52361510265
101322.07687252523
101321.908785598
101322.17068040759
101323.32170884273
101323.9352023621
101323.79577262951
101324.19652895884
101323.56897112347
101322.73245330693
101322.77399029114
101321.80217551305
101320.53359356684
101322.12400499485
101323.27990902631
101325.24722496331
101326.64862671471
101328.30091345773
101329.20760279287
101329.60548765093
101329.7542107521
101329.4587554248
101328.90727021934
101327.46597752519
101326.41221908267
101324.26834629726
101323.12358775329
101320.97447484067
101321.03091496995
101322.29262411869
101322.33422658045
101323.05632338612
101323.43710919202
101324.26778012249
101323.46740526007
101323.84038769169
101324.06981025734
101324.90836400431
101324.26829444287
101324.47928802276
101323.40473318106
101323.02693996155
101323.00171693022
101322.47608607916
101320.07848561971
101322.07055284578
101322.22160560163
101323.54666146978
101325.29382644905
101326.30334783897
101327.14486150852
101327.24332682043
101327.64435586937
101327.05888697176
101327.07024818564
101325.67779608161
101325.00729109073
101322.60492411876
101322.66016950435
101320.88309470532
101321.54222029302
101323.4859848156
101322.32539878075
101323.43516823497
101323.23012697764
101324.66965460197
101324.05820666072
101324.7373202826
101324.94922650426
101326.06670594742
101325.42331299436
101326.12945396089
101324.99170855057
101324.94229314562
101324.94370914025
101323.79442968874
101320.69455981179
101322.73121680693
101323.40323962872
101324.89920687026
101326.75340453679
101327.67218350946
101328.97003985169
101328.93104299903
101329.50048975764
101328.77058860644
101328.86628925345
101326.89394193984
101326.51524835576
101323.68240123907
101323.62117134315
101321.30184873607
101322.22346001629
101325.45886280446
101324.01530539633
101325.43595561516
101324.70015206761
101326.24115021755
101325.05788221981
101325.84091166934
101326.75305226928
101327.9943231431
101326.87794616086
101327.71452120529
101325.97065451738
101326.53178089399
101326.07781313304
101324.91773670929
101321.87967779211
101322.93944380242
101323.57291806182
101324.40856212284
101326.24297617178
101326.54019862131
101327.68915371114
101327.43418656287
101328.02476030275
101327.22943163739
101327.60237069213
101325.80894944539
101326.10410675395
101323.1176935418
101324.00928610747
101321.37750262742
101323.06167060646
101326.74538969947
101325.31476985189
101326.95497290218
101325.80322588413
101328.03558798009
101326.66058613466
101327.80625094409
101327.39280615703
101328.77699216851
101327.73489461999
101328.61719123113
101326.81342771181
101327.89130362726
101327.26651371512
101326.30566244602
101322.7297606043
101323.36135796297
101324.77266027534
101325.22918325006
101327.87595072549
101328.18375692795
101329.87731173815
101329.69558604025
101330.36208092657
101329.39953002987
101329.72904213975
101327.31771451798
101327.62983584846
101323.83411385157
101325.32928078077
101321.71695739756
101324.45045944359
101328.53361867048
101326.32260004572
101328.37422729052
101326.48895862295
101329.03170090115
101327.34408536836
101328.53036178213
101328.44378943594
101329.84997205457
101328.54724258024
101329.23910531758
101327.52159180744
101328.71980332785
101327.83718947048
101326.92734560854
101322.63896840189
101322.98610409872
101324.79318962424
101324.33654901126
101327.0829562485
101326.99792056691
101328.74802898115
101328.53401422346
101329.17854422992
101328.15247050609
101328.57972590873
101326.21824767505
101326.78783796173
101322.88406737887
101324.96067944154
101321.47242613716
101324.84047853175
101329.33920917966
101326.74794658904
101329.21355352971
101327.0573953461
101329.9510247905
101328.24253802499
101329.6833052677
101328.40847123462
101329.79389001106
101328.60310700719
101329.20213236938
101327.70315879954
101328.68470842304
101328.1910218046
101327.29902529865
101322.78115810212
101322.97135960896
101325.20833053363
101324.5558607292
101327.62154320565
101327.46774302285
101329.41441434465
101329.18136778843
101329.86082497476
101328.73561879424
101329.1018739244
101326.60941992539
101327.31755273633
101323.12921173662
101325.33301291983
101321.32526720269
101324.84502608331
101329.72686845055
101326.86769170401
101329.31850774471
101327.05777717756
101329.98303854087
101328.24086776242
101329.60960054678
101329.03560499844
101331.32115483943
101328.86185587486
101331.82310285572
101329.14808698605
101331.82884023238
101328.87301347678
101330.26719872255
101323.65932072751
101319.86725726478
101324.24995309571
101322.64935855857
101327.69261070923
101326.27907273745
101329.38033715823
101328.266775861
101329.61796109678
101327.71280079937
101328.86885049337
101325.59480962896
101326.77040980131
101321.4715823517
101324.28138252281
101319.3491895421
101325.87724973602
101332.1803518714
101328.66624014104
101332.14634999375
101328.68478989409
101331.61963226694
101328.92287913465
101330.70381386061
101327.53867498005
101329.77741106982
101327.45404514158
101330.41499387045
101327.79568017488
101330.54782175239
101328.01757806812
101329.79261902646
101323.62818534681
101320.48124670726
101325.28145070096
101323.91610377673
101328.89648815266
101327.51764130994
101330.90994729407
101329.89343740612
101331.21593587662
101329.30919945742
101330.29319508203
101326.58217028571
101328.07230125015
101322.46110499228
101325.08367371953
101319.62683631742
101325.67415420097
101331.526032547
101327.72902168814
101330.92389432517
101327.49151436356
101330.17496149169
101327.51352453584
101329.18326514339
101328.12164401283
101330.1576027843
101328.0340176856
101330.57466829197
101327.81117190377
101330.24657017158
101327.34523262156
101329.03213632479
101323.19466238603
101320.41564137551
101324.13488190014
101323.12860597359
101327.58407583705
101326.60886241266
101329.54231699844
101328.5189443565
101329.83214772724
101328.06892318957
101329.10199707499
101325.91416525641
101326.9358613104
101321.9892775249
101324.51993311515
101319.4226435257
101325.05179187862
101330.62876827978
101327.57050060018
101330.59668817866
101327.66632399528
101330.34381970996
101327.97129804743
101329.63599195474
101325.68781606108
101327.29711789767
101325.70301854919
101327.5286645192
101325.16037367344
101327.44364353656
101325.31166959107
101327.33605380668
101322.47864908558
101320.72309166832
101324.63104807913
101324.1767662811
101328.35202148517
101327.65885547533
101330.88278652896
101330.0666501931
101331.14730456294
101329.55257942159
101330.28302434165
101326.64830034466
101327.66193169513
101322.50909227518
101324.59504614692
101319.24600512523
101324.02345034598
101328.43710056412
101325.2814113249
101327.66609688831
101325.15924436334
101327.52078696984
101325.61082861744
101326.94046701447
101325.7694581181
101327.63733886162
101325.77495212739
101327.59528433844
101325.27132170538
101326.74129910932
101324.95897338072
101325.93441661683
101321.44278514855
101320.53530384062
101323.32124632636
101323.41860971197
101326.57436108417
101326.6329685189
101329.32490363237
101329.08971658902
101330.07698410492
101328.53038379818
101328.85786486424
101325.66442822272
101326.27575096277
101322.15258628393
101323.74085195719
101319.29464129607
101323.363757488
101327.30913049499
101324.73970268179
101327.13280660825
101325.08813783969
101327.64412928669
101325.65828341125
101327.30564903222
101321.98488205823
101323.13749717826
101322.08333464277
101323.05686793065
101321.8362251181
101323.14134476049
101322.30231842816
101323.61310228943
101320.40425551774
101320.9334535001
101323.36364961951
101324.35763993047
101327.35918206847
101328.14638401187
101330.2962647086
101330.53453778425
101331.17418992185
101329.84555852294
101329.82084365925
101326.91632480908
101326.59636968377
101322.86260755153
101323.61845642036
101319.49533668152
101322.16704028213
101324.44501697493
101321.93628879554
101323.2947674717
101321.5172461028
101323.14021696897
101322.03887321721
101322.81541001219
101323.57285577971
101324.47166797551
101323.67806565932
101324.09172421545
101323.01707786659
101323.51134482832
101322.88032301157
101322.61776967366
101320.24184779383
101321.55884510931
101322.77025257671
101324.08918504081
101326.05264585352
101326.86026128054
101328.9298846884
101329.26799647932
101329.72697169514
101328.88954223729
101328.36775282251
101326.08783430356
101325.88856529679
101322.92545777137
101323.525242786
101320.1473541326
101321.76026477691
101323.6872213184
101322.20413743824
101323.87828680035
101322.73364644774
101324.28684543763
101323.56045309905
101324.23408903832
101320.26971010075
101320.55518921334
101320.00856258397
101319.57473122831
101319.32002551151
101319.27075767078
101319.88089402198
101320.32632554788
101319.97134083131
101321.5819003631
101322.74728149656
101324.36349698278
101325.86326112834
101327.12233959288
101328.38255297086
101328.93620839389
101329.10019850734
101328.72701958973
101328.07058171733
101326.41950420217
101325.39332263633
101323.44598607146
101322.53705975684
101320.52850361333
101320.27347828931
101320.46573479133
101319.14736284492
101319.50993270191
101319.19428045971
101319.96636680087
101320.1381872558
101320.52750784265
101326.99099048245
101326.740924682
101325.90992565798
101324.65071218842
101323.79026835959
101322.37411931064
101321.84663071671
101320.44209581823
101320.11963537001
101320.08840128561
101319.83852698255
101320.40820569867
101320.83388444575
101321.66814662195
101322.26082905108
101322.40793690497
101322.35292684207
101322.29273760603
101322.08424119944
101321.29295750907
101320.79270800666
101320.0790987121
101320.17065687434
101319.97702808482
101320.03021996046
101321.14723071242
101321.79518604942
101323.23498984132
101324.0716338801
101325.25559205176
101326.34100121379
101326.95367349808
101331.73406086245
101331.00774662745
101330.31153693756
101327.77815458071
101327.13447260892
101324.0164985615
101324.02918635143
101320.48579408991
101321.35903264525
101322.76581075348
101320.9444526044
101321.67829330327
101320.73917573929
101321.71268162128
101321.0516390698
101321.78130270887
101321.17772190241
101322.00736177825
101321.31842496649
101321.8033952871
101321.23118515548
101321.81476084517
101321.98823165669
101321.97827793584
101320.06993467464
101322.09987022114
101323.469282217
101325.30480165064
101327.37816029093
101328.73232206499
101330.83355838028
101331.427628162
101329.5567323241
101328.44348369278
101328.35057323535
101325.70181341069
101325.43035911274
101322.16379470369
101322.7788450021
101319.23590159346
101321.75277387133
101324.08500053211
101322.16505308388
101323.81091157362
101322.58059402599
101324.32687714284
101323.37769799649
101324.3816634276
101323.39265222469
101324.65490927765
101323.34225301178
101324.19897440926
101322.73678892235
101323.56868304071
101322.32560051505
101323.15322540942
101320.0737147519
101320.44322807566
101322.40663338211
101323.33927945251
101325.86019915107
101326.79230673707
101328.74110867159
101328.94795434397
101331.7235704488
101330.31535616462
101330.36903068234
101326.9320825521
101327.34825542301
101322.85913872838
101324.26658203742
101319.29207861828
101322.96117206317
101326.34084099103
101323.62680818242
101325.46927533663
101323.38606470184
101325.44704989718
101323.88750336463
101325.01521480063
101323.82551137997
101325.49839141215
101323.89717899192
101325.68080060995
101323.79517539816
101325.44571084167
101323.97914713685
101325.16295879013
101320.98928007849
101320.62711873269
101323.83376281234
101324.19101811324
101327.69492383667
101328.19212838387
101330.86103897911
101330.8741527973
101329.52505494529
101328.10899612129
101328.82676636853
101325.5427301466
101326.28222814106
101321.58394339979
101323.40042652587
101318.79935826352
101323.52333994446
101328.13075279002
101325.45746901662
101328.24537423892
101325.93484885759
101328.70920604953
101326.70011803744
101328.3881945024
101326.95022466755
101328.75095062953
101326.65704273077
101328.72953886891
101325.89204081205
101327.91166146917
101325.3816093455
101326.88712738312
101321.99406509647
101319.97270630518
101323.31453890899
101322.98746164041
101326.76761815586
101326.33082005476
101329.25031247242
101328.5185400546
101331.38087394155
101329.60211430491
101330.38686896409
101326.76669239756
101328.13271301324
101322.31233604011
101324.7172435844
101319.25260641488
101324.57710782255
101329.73293365784
101326.57807963763
101329.37692823555
101326.36478118373
101328.96984836915
101326.78890966866
101328.3276524375
101326.92361988549
101328.85171907955
101326.80580433465
101329.28789432722
101326.66980142194
101329.38692681631
101326.45497178355
101328.43665871887
101322.90359469486
101320.31681725949
101324.61896106586
101323.79075554054
101328.66072994776
101327.70810661677
101330.94320713205
101330.18022027717
101329.70900195431
101327.87324239404
101329.0529442058
101325.78529851255
101326.84434677829
101321.63593792508
101324.27760341123
101319.26949204227
101325.41659524708
101331.45894829478
101328.06412142252
101331.49754600915
101328.45875188096
101331.30536304531
101328.77565389682
101330.52473165924
101328.88725357875
101331.11891103668
101328.70654523336
101331.58581282647
101328.61465661047
101331.02108256878
101328.18277503287
101329.6100903425
101323.40131917727
101319.96196745191
101324.2602866305
101322.88684493475
101327.68174718811
101326.51297532133
101329.52556473072
101328.31547661927
101330.63880147597
101328.70114646861
101329.6693168667
101326.10824448013
101327.63947869546
101321.92913730668
101324.62391241496
101319.47330919837
101325.81516553751
101332.00545719164
101328.29171304683
101331.58853125857
101327.91241801615
101330.80238646668
101327.99776342385
101329.81768583457
101328.10596386586
101330.43337525116
101328.00201490879
101331.12495152491
101328.51520571041
101331.44388182547
101328.58567398277
101330.14483413741
101323.67370553168
101320.03461559452
101324.6796363927
101323.11167517341
101328.3715123515
101326.89555373639
101330.27867191428
101329.35163630664
101329.61881492363
101327.71372545426
101328.87019879135
101325.59457895554
101326.7729521748
101321.46945031956
101324.28645295577
101319.3459576203
101325.87738420354
101332.18436316968
101328.6662132787
101332.14675737305
101328.68385408077
101331.61955474337
101328.92202503757
101330.70286192952
101329.03460462054
101331.32000764753
101328.86262575518
101331.82086114804
101329.1476110392
101331.82901552769
101328.87218472366
101330.26567535038
101323.65764360862
101319.86746185014
101324.24971911062
101322.64868592672
101327.69546102645
101326.28344061338
101329.3769455071
101328.26443454341
101331.21646931858
101329.3096799917
101330.29399417031
101326.58080267314
101328.07368921928
101322.45941942811
101325.08609668021
101319.62530529585
101325.67640327264
101331.5273742242
101327.72947346879
101330.92513201734
101327.49299964058
101330.17570233734
101327.51268788354
101329.18169815003
101327.53640175988
101329.77474754883
101327.45010278959
101330.41104515629
101327.78987586711
101330.54268655277
101328.01314221944
101329.7908788324
101323.62611555307
101320.47931625092
101325.27999042763
101323.91386171662
101328.89047955327
101327.51098538747
101330.91392927783
101329.89394824166
101329.83319344008
101328.07072452753
101329.10263869716
101325.91705354079
101326.93741295548
101321.98828747525
101324.51972852822
101319.4215880499
101325.05131948864
101330.62813754662
101327.56989009032
101330.59712477664
101327.66705634915
101330.34552195718
101327.97180108589
101329.63718638167
101328.11950098202
101330.15856732652
101328.03542937423
101330.57438669089
101327.81553084475
101330.25157783096
101327.34531613484
101329.0315764699
101323.1942102155
101320.41422479959
101324.13377941682
101323.1247116469
101327.5824586872
101326.60834449405
101329.54374160474
101328.5204822317
101331.14775676577
101329.55336745124
101330.28393998794
101326.64853933619
101327.66341427929
101322.5099793713
101324.59617734808
101319.24489057166
101324.02236834516
101328.43570283047
101325.28071906208
101327.66693037751
101325.15996731141
101327.52131392171
101325.60984738266
101326.94049990829
101325.68468281752
101327.2959557155
101325.70216552595
101327.5274049978
101325.15470052403
101327.44293379263
101325.31024214999
101327.3358282422
101322.4788815451
101320.72303857321
101324.63225500504
101324.17815772872
101328.355289479
101327.66058183045
101330.88349252843
101330.06779740316
101330.07799355172
101328.53253587239
101328.85978346826
101325.66612599655
101326.27710230692
101322.1535964332
101323.74097921906
101319.29335313718
101323.36164404919
101327.30781635438
101324.73875692545
101327.13248267557
101325.08723174756
101327.64367268133
101325.65684812079
101327.30142694875
101325.76746070333
101327.63772673832
101325.76953684297
101327.60185331482
101325.2693715404
101326.73622498284
101324.95057675082
101325.9345995489
101321.44292836389
101320.53195606729
101323.32102050936
101323.41308173203
101326.57491795668
101326.63248209892
101329.32454470442
101329.09062458811
101331.17224971789
101329.84384462224
101329.81941961966
101326.91645589049
101326.59743299751
101322.863904664
101323.61927523547
101319.49454396576
101322.1656783353
101324.44350389141
101321.93519632726
101323.29469209653
101321.51619421529
101323.14017431757
101322.04046910006
101322.82072114016
101321.98550607622
101323.13954973139
101322.07826760429
101323.05970263614
101321.8362294324
101323.13993314012
101322.29702914253
101323.61293154534
101320.40602734707
101320.93476264262
101323.36810139424
101324.36402234729
101327.36146308201
101328.15006607545
101330.29770635732
101330.53227087737
101329.72576626192
101328.8884179399
101328.36585882027
101326.08851739395
101325.89121407995
101322.92622253104
101323.52273333199
101320.14662546293
101321.75960092671
101323.68758087867
101322.20439149273
101323.87798666244
101322.73217751607
101324.28658806114
101323.5591326381
101324.23060972204
101323.56943183302
101324.4701054781
101323.67376322571
101324.09121350231
101323.01534272841
101323.51139861427
101322.87609644062
101322.61637606331
101320.2412311748
101321.55260089986
101322.77342154895
101324.09026865539
101326.05581882819
101326.86231617347
101328.93256283681
101329.26891159483
101329.09963372121
101328.72739098877
101328.07072357289
101326.42069402602
101325.39305937861
101323.4457692342
101322.53608427872
101320.52731158776
101320.27259992479
101320.4647431921
101319.14629882175
101319.50945078133
101319.19245932775
101319.96490288935
101320.13427825279
101320.52718002281
101320.26764457446
101320.55385995524
101320.00636825607
101319.57242675051
101319.31762809961
101319.26921738421
101319.8783247932
101320.322828078
101319.96800509928
101321.57933421724
101322.74591294043
101324.36727373461
101325.86593361582
101327.1256808989
101328.38252430504
101328.93618259489
101322.35238609536
101322.29524884318
101322.07966219701
101321.29482814952
101320.79144937938
101320.07782815528
101320.16897760086
101319.97571437222
101320.03010994068
101321.1469108352
101321.79632907077
101323.2346261615
101324.07050745706
101325.2558254894
101326.3412801935
101326.95394192732
101326.99019071276
101326.7400808227
101325.90852200439
101324.64967023444
101323.78839594747
101322.37313760135
101321.84489987801
101320.43871565064
101320.11638666962
101320.08606635139
101319.83808300225
101320.41373058832
101320.83284065838
101321.67264166749
101322.25915485161
101322.40829626932
101321.17356056019
101322.00314687927
101321.31178989846
101321.81182124597
101321.22730201324
101321.80653385357
101321.98247881024
101321.975131682
101320.0677547754
101322.09915956437
101323.46718739715
101325.30593641692
101327.37657881396
101328.73138288913
101330.83270610712
101331.42355047194
101331.73266376249
101331.00665076105
101330.31115013729
101327.77861415042
101327.13427227389
101324.01671498996
101324.02840519216
101320.48262712687
101321.35514643868
101322.7628759029
101320.94391709236
101321.67994894076
101320.73789020556
101321.71263021264
101321.05149461082
101321.78151745818
101323.38252537703
101324.64497099661
101323.33874338648
101324.19803462221
101322.73148882049
101323.56465786698
101322.32333528005
101323.15042577541
101320.0719285996
101320.43877451542
101322.40467608561
101323.34263407066
101325.8602818574
101326.79292514836
101328.73937855489
101328.94512873802
101329.55642230676
101328.44255598859
101328.34968383105
101325.70168213897
101325.42998901734
101322.16429643483
101322.77842041767
101319.23441466605
101321.75033715634
101324.08224641968
101322.16348473882
101323.81101216565
101322.57879925419
101324.32512867931
101323.3747971605
101324.37544625832
101323.82682462767
101325.50423975158
101323.8988126176
101325.68169107454
101323.79960548528
101325.44728567518
101323.97889439577
101325.16114211273
101320.98725185481
101320.62634993836
101323.84779608059
101324.18618708203
101327.69535762312
101328.18813266516
101330.85946582546
101330.87436811189
101331.72284661715
101330.31412163741
101330.36872321538
101326.93268950139
101327.34830933543
101322.86055167024
101324.26744089872
101319.29262331054
101322.96008569175
101326.33897223222
101323.62512930525
101325.46910551675
101323.38532602384
101325.44635047377
101323.88743416939
101325.01704931354
101326.94929748366
101328.75131482337
101326.65579100649
101328.72937748094
101325.89138544211
101327.90968209144
101325.37949026453
101326.88636988756
101321.99344440772
101319.97260834028
101323.31271603245
101322.98580705276
101326.77005705648
101326.32856737282
101329.25228379489
101328.51940372925
101329.52565247616
101328.10814083414
101328.82639004043
101325.54312344515
101326.28313829271
101321.58497804424
101323.40196428842
101318.8003927666
101323.5235502517
101328.13087549941
101325.45480373684
101328.24492014415
101325.93855637475
101328.70871666116
101326.69995941916
101328.38695472499
101326.92515312482
101328.85509009054
101326.80473226143
101329.28795356918
101326.67256747712
101329.38858507684
101326.45649234066
101328.43735697903
101322.90347964746
101320.32041028014
101324.62202356724
101323.78673735014
101328.66391372839
101327.70656291695
101330.94551945369
101330.18109428565
101331.38089295471
101329.60142240717
101330.38611102475
101326.76692301357
101328.13243486248
101322.31220799709
101324.71782401935
101319.25138905502
101324.57648678891
101329.73120324685
101326.57594603149
101329.37580820963
101326.36686661889
101328.97043772458
101326.78975213619
101328.32906980175
101328.88785403462
101331.12192799845
101328.70721589257
101331.58706610897
101328.61637228355
101331.02154184025
101328.18291004896
101329.61025754623
101323.40168305245
101319.96148442358
101324.26034941172
101322.88652777595
101327.67977415552
101326.510155767
101329.52673843388
101328.31580827458
101329.70805258468
101327.87227342537
101329.05191375013
101325.78543850122
101326.84287267241
101321.63688367707
101324.27891991762
101319.26736531868
101325.41655628287
101331.45835381455
101328.06436945166
101331.49823508858
101328.46209998964
101331.30587427372
101328.77602077388
101330.52478185666
101328.10678261194
101330.4328715759
101328.00435128435
101331.1309722052
101328.51952821059
101331.44630158241
101328.58738972574
101330.14651251011
101323.67614352342
101320.03621757404
101324.68026213418
101323.11236148965
101328.3714684757
101326.8900360188
101330.28283840051
101329.35380767701
101330.6358978342
101328.69942204613
101329.66730367394
101326.10827698447
101327.63646578827
101321.93084946342
101324.62185980292
101319.47169309856
101325.81458382084
101332.0027090293
101328.29169806738
101331.58841514227
101327.91485197055
101330.803817354
101327.9994765336
101329.81893665498
101331.84132153803
101334.61119292503
101331.4889418458
101335.34609943468
101330.30590734667
101334.62304957128
101328.3886845292
101332.91593964022
101324.08563801373
101317.78199259817
101324.13978125333
101321.73756186829
101328.57134872061
101326.44896428852
101332.02667060432
101330.86928145152
101332.52782664448
101329.96180565466
101330.89799653013
101325.89966857976
101326.73135765802
101321.00710038515
101323.14778427659
101318.42873893719
101327.28434351973
101333.08937439752
101330.28031306075
101334.38844006528
101331.34952571159
101334.53798004054
101331.70635845308
101333.6593024538
101330.1299340917
101332.79671051877
101329.66738299801
101333.36888155424
101328.69541018667
101333.01652744054
101327.34911352521
101332.11183033942
101323.75317023865
101318.39226595577
101325.24257970149
101323.14577646615
101330.21050276003
101328.35803750461
101334.09978463643
101333.16450875645
101334.71811877415
101332.09261174843
101332.93639446123
101327.57082228405
101328.50650728046
101321.98311780306
101324.06379448298
101318.47589017203
101326.79810390333
101332.05116715122
101329.0615193066
101332.82789721795
101329.55665767004
101332.65848980944
101329.93813187555
101331.92078916385
101329.54235335198
101332.13519717145
101329.08332241033
101332.39604903245
101328.0397239369
101331.61618783232
101326.46725135008
101330.59156363855
101322.7512656457
101317.54108013959
101323.48455640559
101321.49068759716
101327.99185002554
101326.44249631457
101331.51423952267
101330.72771570142
101332.27721752688
101329.74533252414
101330.54049939757
101325.82708658284
101326.34356457184
101320.65579677235
101322.82109170333
101317.40792999638
101325.37177960426
101330.86488624601
101327.62481132464
101331.60273085099
101328.66539740402
101331.75405428067
101329.25311496679
101331.27760547127
101326.23209890927
101328.44387275407
101325.73984927591
101328.76760006417
101324.68609715927
101328.28920630898
101324.12715994418
101328.46183011844
101321.71173972376
101318.14832530168
101324.15072223337
101323.04861912705
101329.69050615127
101328.51365462126
101333.62233238571
101333.40017116879
101334.80277439114
101332.1260611063
101332.42162960998
101327.45524798753
101328.40524437063
101321.45864464379
101323.25277048734
101317.44701717906
101324.05758050452
101328.5512214194
101325.07998396047
101328.10974447054
101325.37017782065
101328.18477854569
101325.95153976885
101327.83391437764
101325.37994788201
101327.52971011179
101324.88055008647
101327.47996509192
101323.74914642052
101326.64308461027
101322.78413359684
101326.21968087225
101320.10579648825
101316.99562348975
101321.78861060578
101321.26726949344
101326.61391987192
101326.2089825626
101330.57795093225
101330.38767606366
101331.57896970348
101329.46480373376
101329.71898207895
101325.31798020241
101325.34017210263
101320.12926906839
101321.40396285421
101316.44728985005
101322.1226630145
101326.46109722825
101323.63107668652
101326.32780021083
101324.36843639534
101326.95759815833
101325.17616738095
101326.92322994747
101321.83258557713
101323.05810359343
101321.17919604275
101322.4782898797
101320.04180511262
101322.15244421248
101319.71203803951
101323.01817407056
101318.85959704909
101317.72882275067
101322.71292329961
101323.0703059618
101328.42794001641
101328.55788321243
101332.53143903396
101332.82345888391
101333.83151206476
101331.84548950588
101331.5111742517
101327.38533899965
101327.3705075726
101321.62240973697
101321.84069542665
101316.66801069792
101320.61545224748
101322.83976011991
101320.24615893692
101321.85201296884
101320.39647162349
101322.31323998903
101321.72809862891
101322.68066529
101322.13613078775
101323.06779370415
101321.62648952191
101322.41558026345
101320.20434828263
101321.09549966131
101319.43119097485
101321.02342445721
101318.08751980151
101317.4541165362
101320.57596687562
101321.28243421568
101325.23151475008
101325.62605032307
101328.49502172018
101328.54399190893
101329.45894089216
101328.11287485913
101327.80119840652
101324.95720167318
101324.35910052422
101320.42327279734
101320.50984957558
101316.73679261122
101319.33238053393
101321.10980213547
101319.56736570293
101320.90507172278
101320.60184902151
101322.22737548637
101321.95831112654
101322.73402793953
101319.8341913208
101319.97861922142
101318.71823655636
101318.39426337622
101317.17768276352
101317.01198755021
101316.79058800402
101318.07802731455
101317.91202583574
101319.33106166303
101321.84184034794
101323.8134521607
101326.94404992092
101328.3365415705
101330.39857252876
101331.03051423917
101331.4237901091
101330.66336318487
101329.60798722474
101327.43353341824
101325.62694396413
101322.53852193708
101320.91047442121
101318.2233746311
101317.98664132899
101317.36553234347
101316.60481756067
101317.09581139671
101317.72742102154
101318.53137485754
101319.45324974027
101319.96450604565
101328.88156830834
101328.26104639401
101326.93904656955
101325.27887239754
101323.31314288198
101321.13576316363
101319.83524389433
101318.1627380734
101317.85504066305
101317.69195868366
101317.81548385232
101318.58751589715
101319.88763780895
101321.06074943868
101322.1669181576
101322.4722536651
101322.53465886261
101322.30783551156
101321.57071373645
101320.51852188229
101319.12022037283
101318.24120635472
101317.71821571302
101317.8973441202
101317.83734307808
101318.85851916332
101320.38900487564
101322.07289634857
101324.5081868436
101325.94853344648
101327.83694051603
101328.703836892
101332.33028493903
101330.96192669569
101330.34146112415
101327.10463616523
101326.36239972923
101321.87642182443
101321.40344553094
101317.18931503873
101318.79857663502
101319.59457592675
101317.7109287449
101318.38053900954
101317.99215516043
101319.105820679
101318.96481699252
101319.60070247181
101319.09136050886
101319.90610679421
101318.66188838067
101319.47425168494
101317.88325770361
101318.92619720771
101318.00055457068
101319.91100200426
101317.80705393417
101318.32760921746
101321.61876656982
101323.02926476111
101327.49653514878
101328.08932082108
101331.09063574333
101331.53825316826
101331.5787383281
101329.94742428586
101329.30828312456
101325.68142803226
101325.25203315995
101320.55286538662
101320.93714806618
101316.36507633037
101320.15195901488
101322.82892589473
101320.73491736535
101322.6799329857
101321.61191577942
101324.12968548251
101323.08558617975
101324.40649077392
101323.25782493458
101324.82535744722
101322.60848915121
101323.95917251744
101321.1225635602
101322.74199962203
101320.03577683764
101322.56242853719
101318.44423475023
101317.20976346429
101321.27585902427
101321.66955063955
101326.37579153248
101326.76305949819
101330.43100355714
101330.69154711309
101333.60734252643
101331.70123020749
101331.63176292002
101326.86034870535
101327.28784144262
101321.07916704244
101321.85879545039
101316.35106448883
101321.45170658681
101324.94209711321
101321.98532785264
101324.03965369088
101322.22470311075
101324.17622039856
101322.94866116249
101324.16062172549
101323.01677161375
101324.82519641492
101322.50446901188
101324.93880604318
101321.82983012458
101324.56910949424
101321.27178283341
101324.99270506034
101319.48234567147
101317.11125127671
101322.44533567593
101322.29223910006
101328.48191381492
101327.97357439199
101332.45061809037
101332.62615458321
101332.67379308562
101330.15975794769
101330.45369958199
101325.96984209713
101326.14154899368
101320.4741739149
101321.97938138944
101316.83632885251
101323.45934445503
101328.59571867381
101325.62280407408
101329.23483432646
101326.59212215952
101329.59463673027
101327.43880144718
101329.35885945646
101327.74503026047
101329.87981938911
101327.10244978857
101330.16384934014
101325.70892225618
101329.08881106108
101324.43018892463
101328.15598918093
101321.24105768697
101317.215346579
101322.63965814747
101321.69277023568
101327.66834878616
101326.8893488685
101331.49912860671
101331.38333626397
101334.116301929
101331.61153175482
101332.15418334739
101327.00997048848
101328.15161610483
101321.26971890844
101322.90649656468
101317.23317649697
101324.75529673198
101329.72415220675
101326.42599922573
101329.83910402196
101327.09419452626
101329.7356413197
101327.43766427386
101329.2512370062
101327.64852787741
101330.10761333609
101327.27363131855
101330.53811317646
101326.38015817177
101330.11269927808
101325.28880805563
101329.8171902912
101322.31523782734
101317.4021189241
101323.97850810768
101322.41183531188
101329.43313648579
101327.86508842043
101333.20762965809
101332.75614158108
101332.73938702104
101330.23252240229
101331.14799583741
101326.24194520243
101326.78661693586
101321.06656749672
101323.0960335288
101318.17052662748
101326.50008809406
101332.2284829299
101329.47681289181
101333.42078609452
101330.60051273226
101333.82742819574
101331.30523887921
101333.34000510126
101331.58968970232
101334.20269528855
101330.98769847529
101334.54643294436
101329.63148164332
101333.57424635589
101327.68079729218
101331.99513616235
101323.58195890501
101317.68657856513
101324.17249095146
101321.96794208659
101328.58805185615
101326.84402105967
101332.18567610657
101331.25893773421
101333.44532428401
101330.87342915087
101331.73090222421
101326.4964104425
101327.59189363317
101321.36359940137
101323.34591121148
101318.42589079442
101327.15698079168
101332.64779750767
101329.76439602302
101333.74921279782
101330.63546980645
101333.64343885705
101330.72846239033
101332.62916700906
101330.78814272649
101333.57824247245
101330.49425601572
101334.45435393597
101329.48528307163
101333.98081374672
101327.83497645866
101332.67331831565
101323.9779581232
101317.85051247365
101324.52440954531
101322.09398575223
101329.19840295793
101327.08714829008
101332.89849929098
101331.88875498514
101332.52742425588
101329.96078585178
101330.89997103858
101325.8998198168
101326.73459751371
101321.00551658678
101323.14924741662
101318.43063451535
101327.28544868274
101333.08926556882
101330.27920974452
101334.38895233799
101331.34942643264
101334.53835830025
101331.70633624283
101333.65919237604
101331.84118316097
101334.60931330465
101331.48896898725
101335.34502423918
101330.3055334971
101334.62407049071
101328.38771120769
101332.91518204966
101324.08440603819
101317.78201468333
101324.13834385559
101321.73684678404
101328.57135592212
101326.45227399658
101332.02557738651
101330.86711925364
101334.71776941392
101332.09091484253
101332.93797988271
101327.57124302903
101328.50952481586
101321.98230553999
101324.06410532267
101318.4763669347
101326.79885061343
101332.05087097619
101329.06075015409
101332.82953760898
101329.55958339773
101332.65991307671
101329.93734968366
101331.91842417471
101330.12810994829
101332.79455392367
101329.66154195424
101333.36517958769
101328.68903464093
101333.01088437808
101327.34370183799
101332.11150779987
101323.75114747084
101318.39038961212
101325.23925764425
101323.14348472501
101330.20799301947
101328.35745770475
101334.0991214992
101333.1635195229
101332.27829781178
101329.74653982252
101330.54251265878
101325.829103436
101326.34429953279
101320.65441326727
101322.82085159517
101317.40724276553
101325.37111192239
101330.86338270978
101327.6239043494
101331.60340289059
101328.66600742409
101331.75650698578
101329.2567957353
101331.28609945285
101329.53642387276
101332.1317272114
101329.08609283925
101332.39586736685
101328.05418385971
101331.62639852926
101326.46486776663
101330.59461368081
101322.75244275418
101317.53828308254
101323.4816596793
101321.48621398541
101327.98846850832
101326.44256995076
101331.5138095796
101330.72746111719
101334.80214529355
101332.125353961
101332.4207391588
101327.4548585661
101328.40696784237
101321.46034817396
101323.25357037755
101317.4458578362
101324.05575138854
101328.54965321455
101325.07884790245
101328.11254783337
101325.37374483126
101328.1867400851
101325.94727282101
101327.81981232129
101326.23851745126
101328.44351031834
101325.73850791396
101328.75708700463
101324.67655151774
101328.28751473715
101324.12641114232
101328.46480776876
101321.71435734077
101318.14892382668
101324.15143790278
101323.05247969987
101329.69345968324
101328.51583147523
101333.62340136712
101333.40145831666
101331.58054781478
101329.46818848736
101329.7204490717
101325.32052245387
101325.34000380067
101320.130327003
101321.4044311443
101316.44618975956
101322.12057609911
101326.45974195377
101323.62890818882
101326.32719364371
101324.36742251442
101326.95728432557
101325.17836622146
101326.94464543849
101325.39076511376
101327.53391523595
101324.87747052171
101327.49469212418
101323.74239659628
101326.63700529924
101322.76700005628
101326.21834696802
101320.10572229375
101316.99049279027
101321.7864388106
101321.25687947276
101326.61167824434
101326.20622269824
101330.57677116254
101330.38803946826
101333.82815449535
101331.84321833623
101331.50893050138
101327.3872487139
101327.37100024492
101321.62415677476
101321.84150234633
101316.66798662339
101320.6147366588
101322.83942777297
101320.24539923041
101321.85303661172
101320.39668557703
101322.31446690561
101321.73127314115
101322.68241825592
101321.83443293373
101323.06294268226
101321.17521933821
101322.48808838236
101320.04105161202
101322.15053205646
101319.70223654762
101323.01640146233
101318.86092805905
101317.73019431738
101322.72617122107
101323.0911255901
101328.44173139551
101328.56388124879
101332.53497030752
101332.81997630544
101329.4592629976
101328.11651975848
101327.7982303235
101324.95815970922
101324.36097057488
101320.423553211
101320.5094220974
101316.73707880288
101319.33355939049
101321.11244453056
101319.56782093155
101320.90489160782
101320.59869857543
101322.22705557432
101321.96025596609
101322.72579127649
101322.13108833667
101323.06617305902
101321.62141408696
101322.41619654033
101320.2015904572
101321.09449244139
101319.42484562272
101321.01801192241
101318.08007370154
101317.44220376501
101320.57460288043
101321.27420271256
101325.23697926728
101325.62797179745
101328.49847153896
101328.54931380713
101331.42382243047
101330.65964713811
101329.60410385203
101327.43575803378
101325.62805674107
101322.53855258066
101320.91023421739
101318.22394339945
101317.98871584982
101317.36829241423
101316.60524955437
101317.09586192976
101317.72512575539
101318.52904259201
101319.44473290845
101319.96419462083
101319.83260484206
101319.97821012794
101318.71465665587
101318.39120801332
101317.17414035261
101317.00912066804
101316.78843910948
101318.07278181476
101317.91062788622
101319.33343726519
101321.83731593762
101323.8114742027
101326.94683938284
101328.33780865098
101330.39877547458
101331.03187115518
101322.53049089879
101322.30479656525
101321.56648546456
101320.52684443559
101319.11942352154
101318.23874910352
101317.71809099551
101317.89801588097
101317.8397877566
101318.86318778434
101320.39107571018
101322.07298684413
101324.5060479212
101325.94539607414
101327.83144718544
101328.70358615734
101328.88019237196
101328.25988789971
101326.93682120676
101325.27596899719
101323.31115481963
101321.13409901087
101319.83385547483
101318.15961839403
101317.85414196143
101317.69489170742
101317.81242147286
101318.59221097411
101319.8885678762
101321.06400525148
101322.16677303975
101322.47213112834
101319.08834548219
101319.90736667308
101318.65236100722
101319.49687755258
101317.87566089042
101318.9106106766
101317.99671615982
101319.91159940367
101317.81207691561
101318.34355025919
101321.61462959027
101323.02651308356
101327.49372521907
101328.08751962958
101331.09337020289
101331.53809485721
101332.33002171724
101330.96115658387
101330.34086639252
101327.10470277347
101326.35990077656
101321.87622709299
101321.40268369643
101317.18822677706
101318.79796008371
101319.59378180199
101317.70871938641
101318.38314238064
101317.98920780697
101319.10600428763
101318.96461918646
101319.60153501117
101323.25254109695
101324.81943801694
101322.6062093599
101323.95568593734
101321.11368680806
101322.73481873711
101320.03297674711
101322.55999151747
101318.44504684866
101317.21391795493
101321.25251273533
101321.67384308853
101326.3735912361
101326.76111016613
101330.43070638852
101330.69143637494
101331.57866341206
101329.94706935872
101329.30893981915
101325.68184868486
101325.25116416268
101320.55256454533
101320.93633604569
101316.36394985256
101320.15047071688
101322.82862410559
101320.7356216714
101322.68099356769
101321.61033640931
101324.12862621687
101323.08537572394
101324.40482467812
101323.01899090907
101324.82989907546
101322.50790652823
101324.9444012293
101321.83976844867
101324.57219211248
101321.27087410436
101324.99082587766
101319.47973982836
101317.10865925676
101322.47305438918
101322.28604829163
101328.49000383324
101327.96931454826
101332.45065790563
101332.62688845793
101333.60705211232
101331.69973955417
101331.63117655882
101326.86026764217
101327.28552751013
101321.07988482426
101321.85892447903
101316.35130376862
101321.45084070702
101324.93895294945
101321.98235768746
101324.04128288178
101322.2251915074
101324.17587206107
101322.95086477102
101324.16329564883
101327.74676192793
101329.88024103825
101327.10350425901
101330.16716946938
101325.70950825737
101329.08559034894
101324.42449883914
101328.15696315054
101321.24262224862
101317.21347663952
101322.63593127576
101321.68878134544
101327.67001068342
101326.88557504573
101331.49853094964
101331.38290128775
101332.67239087049
101330.15943627106
101330.45314856581
101325.97043034396
101326.14214525479
101320.47569014288
101321.98123280717
101316.83725951082
101323.45999117442
101328.59730579008
101325.62401052294
101329.2376702131
101326.59636089619
101329.59679594502
101327.4380865548
101329.35592350921
101327.65146904203
101330.11091147222
101327.27610492757
101330.54056061397
101326.38381711213
101330.11578948278
101325.29630325103
101329.82033345151
101322.31432945884
101317.40785274125
101323.97666589505
101322.39940091825
101329.44431618576
101327.85971001507
101333.20786072171
101332.75780518683
101334.11585027761
101331.61028759682
101332.15205928286
101327.00885064199
101328.15094507272
101321.27054689513
101322.90740131066
101317.23209070087
101324.75291460918
101329.72076752977
101326.4252883046
101329.83681983457
101327.09604795885
101329.73550208943
101327.43596748475
101329.25476035172
101331.58911961185
101334.20409184476
101330.98924684111
101334.54804281433
101329.6341521813
101333.57622659244
101327.68235920745
101331.99457482829
101323.58259260343
101317.684898412
101324.17193119109
101321.96619986654
101328.58544402718
101326.84106308366
101332.18609343903
101331.26161356931
101332.74004316262
101330.2346528824
101331.14759026981
101326.24151408349
101326.78558529333
101321.0678410582
101323.09843334134
101318.16917892246
101326.49869717576
101332.22911144236
101329.47823206823
101333.42121840216
101330.60382972966
101333.82835563758
101331.30693719619
101333.33994583783
101330.78778105781
101333.57823357366
101330.49197363973
101334.45932862532
101329.49002218994
101333.98380908897
101327.83786443512
101332.6750707693
101323.9799859487
101317.85207858341
101324.52457911911
101322.09460373606
101329.20122234052
101327.08415279751
101332.89982634266
101331.88883514047
101333.44413929785
101330.87232805198
101331.72653316676
101326.49410088194
101327.58804352774
101321.36385577018
101323.34535812133
101318.42310910839
101327.15645177352
101332.64697393286
101329.7656006364
101333.74902691932
101330.63807055677
101333.64435856578
101330.72994224433
101332.6291668826
101335.22898962299
101338.32720846702
101334.33615334496
101338.61337209797
101331.09858990958
101336.39478336772
101328.12280447078
101335.02222749988
101324.58456105586
101315.77493370275
101324.45879731323
101321.11758412667
101330.23989958825
101327.26978266364
101334.54759817127
101334.15932491407
101335.88875250419
101332.83663337037
101332.65406252758
101326.97380733071
101327.05513360462
101321.02165381871
101322.26266911058
101317.77224380938
101328.53962855358
101333.37154295712
101331.15953002691
101335.5440137401
101333.62171879961
101337.46791746313
101334.86148420787
101337.19560237208
101333.15316127516
101336.13404870736
101332.27481965955
101336.43570389782
101329.36785095351
101334.64507659941
101326.94848545452
101333.99715371929
101324.01631937741
101316.03026558048
101325.90099413942
101322.40417529651
101332.19217196936
101329.52270342827
101337.11551390951
101336.79683869185
101338.50426459448
101335.37531175923
101335.19947153085
101328.90173467794
101329.08096942623
101321.95979130021
101322.99012641064
101317.82424177465
101327.79522348479
101332.31892511503
101329.78852327148
101333.9281030584
101331.76950333515
101335.3735378875
101332.78818261108
101335.08380811429
101330.95813092959
101333.72424525616
101330.03369535136
101334.00427702763
101327.45731527937
101332.40845325156
101325.53410696334
101331.89707378365
101322.55466822321
101314.79343085107
101323.1617724431
101320.16977784944
101328.59137696789
101326.69882457358
101333.5008543382
101333.15088161119
101334.92895829308
101331.99349424006
101331.63743826743
101326.29083641976
101325.82947334602
101320.05569458695
101321.16120417505
101316.13683986868
101325.61777844068
101330.53473146966
101327.80588478126
101331.56088312555
101329.5062719894
101332.82386335249
101330.51063605623
101332.76833506858
101327.67366176832
101330.02886295915
101326.69419631458
101329.92885074671
101324.28264143919
101328.88181144986
101322.93848557709
101329.31040366854
101321.07921594054
101315.51848915698
101324.57461850741
101322.2826633559
101331.26637391883
101329.56563402072
101336.48976532831
101336.17282262779
101337.68929256489
101334.80358266267
101334.72941734947
101328.49712002582
101328.6200436244
101321.12699696865
101321.73152622435
101315.89739788203
101323.88844557929
101327.90415592634
101324.89810738055
101328.06591167992
101326.04923045746
101328.95554518444
101327.08429266367
101329.36060690819
101325.2596735628
101327.28670812432
101324.36128321252
101327.24124498083
101322.25109951293
101325.82582014389
101320.86873771998
101325.59871160085
101318.80051671747
101313.43390947442
101320.43752142368
101319.10968330316
101326.21433032754
101325.32743326313
101331.02145257214
101330.78758872095
101332.24301548032
101329.78639341152
101329.33813599049
101324.65579334892
101324.23579407946
101318.43330087356
101318.88387894863
101313.79395031177
101320.86330758054
101324.78437133304
101322.47532840898
101325.22400189702
101323.47084614652
101326.14530991369
101324.8163262522
101326.70474762251
101321.88673176218
101323.16440915517
101320.81054889315
101322.48634609835
101318.50035759906
101321.06459858442
101317.60833644832
101321.87459905891
101317.4211229403
101314.90726948899
101321.82977756271
101321.88153789817
101329.2624435053
101328.976011008
101333.98883086382
101333.91925664268
101335.26909207234
101332.91899942473
101332.47460269427
101327.7160063763
101326.804891418
101320.51892451863
101319.95347828594
101314.51856561036
101319.26550271154
101321.00672348778
101318.82255618151
101320.37172134522
101319.53678590436
101321.89007100413
101321.42087301976
101322.77733023747
101321.12777607537
101321.73438509474
101319.96531006772
101320.51694738025
101317.42658466162
101318.88954761442
101316.03836689063
101318.53712600532
101315.4758395087
101313.24860789292
101318.39827955654
101318.75937136785
101323.9201333494
101324.13995936603
101328.0364029746
101328.0973639937
101329.14225042542
101327.50456119594
101326.8935164554
101323.60238459603
101322.50349458292
101318.25939726585
101317.33217839194
101313.56312537118
101316.79096441208
101317.75014630517
101316.93489673962
101318.22469466306
101318.2852358604
101320.16376221331
101320.48001220844
101321.56262653369
101319.25988177492
101319.44213499673
101317.88554930841
101317.31658262272
101314.88941394877
101314.99891597695
101313.73985238903
101315.36339265254
101315.61942915856
101316.52644339655
101320.74186849031
101322.73952727841
101327.23164510223
101329.13497472258
101332.17029326373
101333.08323834257
101333.6210317347
101332.57046439253
101330.88373592857
101328.03159845287
101325.01447326662
101321.47809946022
101318.88636192864
101315.66220887942
101316.06602684193
101314.22606049244
101314.38410820626
101314.71172513576
101316.33290778959
101317.50959291906
101318.9440081678
101319.29923853438
101330.98123544446
101330.04259393334
101328.15196873699
101325.30138498665
101322.45471191604
101319.88149213254
101317.52347477894
101316.01755372838
101315.43152080473
101314.81262015711
101315.92438827151
101316.81894552386
101319.23402648383
101320.6219481445
101322.27603668089
101322.99300386093
101323.12503738643
101322.68242914343
101321.4942236606
101320.09011126148
101317.79959801074
101316.61676712174
101315.12572421794
101315.4808227774
101315.21611771287
101316.10034940849
101319.00716481377
101320.75668412044
101324.64530656196
101326.32480430322
101329.41990374515
101330.65068754203
101332.29416288165
101330.8274543583
101330.03578082708
101326.31636797468
101324.6560005777
101319.90084084726
101318.37995204594
101313.89875890382
101316.1645995576
101315.71867937267
101314.60101324556
101315.04561430353
101315.07245987191
101316.56866336174
101316.93668734336
101317.7535719155
101317.40716476949
101317.99330913502
101316.48630934124
101317.1523970647
101314.45199307679
101316.19457857366
101314.06631871611
101317.03215187251
101315.09924067937
101314.16507496804
101319.62060946863
101320.86058125868
101326.49157516551
101327.25902313196
101331.16432507915
101331.41533629043
101332.61027395766
101330.55022102222
101329.69096990202
101325.52416521565
101324.51324979811
101319.34994090618
101318.91089868461
101314.17562847256
101318.75662368223
101321.19096248763
101319.31127851928
101321.53536189496
101320.96021215254
101324.08811893039
101323.17663766597
101324.74761192939
101323.57108755039
101325.19705474358
101322.52679627881
101324.3727280556
101319.61936225483
101321.83456508056
101318.00447929911
101321.51753221557
101316.90623678255
101314.2995444812
101320.24915917075
101320.35821939037
101326.67969938605
101326.84055709412
101331.38031708213
101331.49834653619
101334.50903815254
101332.04229014055
101331.75666362754
101326.41268679345
101325.99887387965
101319.58526127352
101319.40588743665
101313.67585989664
101319.99296869666
101323.05950495542
101320.62199564977
101322.50801298338
101321.05535862698
101322.84598103038
101322.12671961394
101323.42255615108
101322.34007341937
101323.96540641077
101321.50037361677
101324.20281631271
101319.77014166382
101323.41761149112
101319.03404215703
101324.03471217232
101318.0628338751
101313.69194451848
101321.28596921761
101320.47113637859
101328.56270355856
101327.38230066419
101333.24099099232
101333.32260817793
101335.02039471893
101332.21895078402
101331.81713811633
101326.65164025759
101326.00906827555
101319.97867129839
101320.27558872083
101315.18992121136
101323.20008406382
101328.15584198307
101325.77022191267
101329.65581145986
101327.40909363839
101330.80490638129
101328.69867247302
101331.03953200488
101329.24253442502
101331.6156191988
101328.13630638047
101331.70741375127
101325.41654676011
101329.95942266128
101323.27463992272
101328.78419588294
101320.51769393297
101314.35832625415
101322.80232128588
101320.68509478633
101328.71043235509
101327.43329856855
101333.74879174476
101333.65432411834
101336.79691436431
101333.91487296093
101333.79902720344
101327.6954042151
101327.49191140538
101320.62642149828
101321.05903936947
101315.93569884481
101324.7869097587
101329.1185738014
101326.47174812938
101329.60556625668
101327.75100470969
101330.42328370188
101328.34567947118
101330.16862274169
101328.58570346329
101331.16779341373
101327.90640936399
101331.79367380901
101325.76405435835
101330.71488951061
101324.15982298175
101330.72599889206
101321.98540897782
101314.42228737583
101323.64701284641
101321.15975506288
101330.50683166392
101328.33059479315
101335.50468792555
101335.43322457265
101336.19821925506
101333.21080321132
101332.92957330837
101327.35613769726
101327.17587576523
101320.89919301722
101321.87683686703
101317.50961032926
101327.43832316206
101332.50751066004
101330.27480084808
101334.57958078319
101332.75123659951
101336.43015455642
101334.02137950467
101336.28175994118
101334.42996911056
101337.31994167267
101333.40095203376
101337.51458983684
101330.28416724442
101335.22383388071
101327.35122285748
101333.84460355449
101323.81621978646
101315.30880200735
101324.54799332246
101321.2004081255
101330.34343606944
101327.72817617093
101334.91133662964
101334.69982655393
101336.6719961359
101333.6154580521
101333.61629750328
101327.50789393295
101327.8174272835
101321.22634311064
101322.3097742926
101317.75651013388
101328.36130309463
101332.80563185783
101330.54261618832
101334.82113156824
101332.76891832823
101336.44598577506
101333.86910029655
101336.13402626323
101334.16790433585
101337.18281503828
101333.25502947127
101337.48370234788
101330.11829475143
101335.54939302818
101327.48609541159
101334.64402517323
101324.45328696218
101315.66891343915
101324.86346804223
101321.28730837368
101330.73687348297
101327.89785533643
101335.33141761782
101335.11888724366
101335.88844106291
101332.83188732725
101332.65627317785
101326.97189334049
101327.06004853218
101321.01248616395
101322.26660858936
101317.77424419348
101328.54074535143
101333.37303859934
101331.15757728121
101335.5447629538
101333.62299139673
101337.46829080177
101334.86167266958
101337.19472002004
101335.22787246601
101338.32532290689
101334.33451711389
101338.61204310966
101331.0975469148
101336.39327039508
101328.1224711805
101335.02220161507
101324.5830986341
101315.77643302745
101324.4568832003
101321.11680199383
101330.24257038294
101327.27382337491
101334.54754839874
101334.15570935511
101338.50525177229
101335.3715329289
101335.19600658744
101328.90092859397
101329.08493414882
101321.95568784489
101322.98811082219
101317.82424177387
101327.79555740826
101332.32001667601
101329.78814797406
101333.92869826022
101331.77300171477
101335.37718968485
101332.79111936374
101335.08356313688
101333.15525708995
101336.14142734039
101332.27515626256
101336.43115511161
101329.36087652476
101334.63924031881
101326.94389645729
101333.99650873328
101324.01003554155
101316.02883380539
101325.89944187801
101322.40277459295
101332.19310985129
101329.52458260275
101337.11537728968
101336.79562337849
101334.93030915401
101331.99119367992
101331.6405193894
101326.29200777851
101325.82969856227
101320.0525800403
101321.16093512641
101316.13470778182
101325.61835459442
101330.5319936313
101327.80679468952
101331.56368295357
101329.5088837755
101332.81912221423
101330.50782847464
101332.76873115294
101330.95371120336
101333.71319842254
101330.03527571245
101334.0047012055
101327.45878685017
101332.41087673631
101325.52985502643
101331.90370173998
101322.55346872297
101314.79004045896
101323.15875015772
101320.16681428031
101328.59269136094
101326.6993424523
101333.50159369146
101333.15149549703
101337.68885154062
101334.80065041446
101334.72862687957
101328.49679054157
101328.62160647947
101321.12691586505
101321.73069865523
101315.89702210177
101323.88608175301
101327.90275628671
101324.90123020347
101328.06685042667
101326.0540968971
101328.95928348787
101327.08719475583
101329.35662291071
101327.67999830822
101330.0306408248
101326.69447849733
101329.92494642003
101324.28130556957
101328.8807827914
101322.94169624939
101329.30639378415
101321.08685331435
101315.52076310586
101324.57410949933
101322.28318574312
101331.26384260134
101329.56848073709
101336.49009182
101336.1719300905
101332.24311010583
101329.78651760137
101329.33751636537
101324.66061401399
101324.23017069357
101318.4341715691
101318.88497125967
101313.79247345241
101320.86022107747
101324.78352708559
101322.47329016044
101325.22210620117
101323.46958593708
101326.14496856026
101324.81949239902
101326.71076142574
101325.26466770432
101327.29006111951
101324.35905601876
101327.23978253607
101322.24554199082
101325.82331678792
101320.85021242195
101325.59322973856
101318.80322029357
101313.42814718679
101320.43988918728
101319.10784037577
101326.22003225991
101325.32524128984
101331.02163397602
101330.78723375921
101335.2698945837
101332.91895314303
101332.46213405368
101327.72011760248
101326.80052056277
101320.5204039181
101319.95458747359
101314.51806044087
101319.26444090148
101321.00757778242
101318.82229846228
101320.3732961893
101319.5388656267
101321.89138634832
101321.42363236123
101322.77901131505
101321.89058020299
101323.16853324612
101320.80860771195
101322.49033994522
101318.49660121601
101321.06282848869
101317.59596645218
101321.87133891051
101317.4215893872
101314.91085197694
101321.8395348124
101321.89294697091
101329.26388940154
101328.98291227662
101333.99123415482
101333.92125397579
101329.14496448949
101327.51024997132
101326.89635583377
101323.60317949399
101322.50367126529
101318.2587120348
101317.33162986739
101313.56271901361
101316.79137068606
101317.7532858928
101316.93534335282
101318.22474533496
101318.27803504524
101320.1615385662
101320.47764669293
101321.5563603612
101321.12004164697
101321.7298876362
101319.96054524617
101320.51352147221
101317.42319603465
101318.88816534876
101316.03350679213
101318.53136079853
101315.47224602054
101313.24370440592
101318.39554968415
101318.75090123978
101323.90815702817
101324.14725161438
101328.03720933229
101328.10098482561
101333.61961631867
101332.56456033097
101330.88169486744
101328.03294002276
101325.01597833188
101321.47902994925
101318.88628111497
101315.66306913251
101316.06595625287
101314.22797472322
101314.38436835939
101314.71490479448
101316.32963184905
101317.51347816829
101318.94242950241
101319.29940597116
101319.25667341911
101319.44034477985
101317.88298491786
101317.31121335457
101314.88252154842
101314.99437515333
101313.73861200214
101315.35765392224
101315.62065350977
101316.52515927331
101320.74145251283
101322.74103244144
101327.23343094133
101329.13917998865
101332.17159667032
101333.08384527249
101323.12248069581
101322.67793889395
101321.48867813057
101320.08971372203
101317.80053418287
101316.61750216958
101315.12709233628
101315.48060161519
101315.21653413089
101316.10284154133
101319.00676804024
101320.75986770187
101324.64459327153
101326.3238652132
101329.41620063584
101330.6503287688
101330.98079141825
101330.04140460883
101328.14999049924
101325.29865343495
101322.45378318449
101319.87875542889
101317.51828352171
101316.01051143224
101315.4249967216
101314.8097930659
101315.92168793283
101316.82338354537
101319.23562554043
101320.62500233302
101322.27687177506
101322.99232069228
101317.40531706164
101317.99290672436
101316.48307074688
101317.15285029184
101314.44802177604
101316.18737026173
101314.06775493144
101317.03327569691
101315.10235380528
101314.17579920722
101319.62061919243
101320.85995534524
101326.49133492667
101327.25706067294
101331.16355452161
101331.41393856832
101332.29275168596
101330.82492566471
101330.0338809204
101326.31552486792
101324.65238436425
101319.89934266816
101318.37639004833
101313.8961291505
101316.16197119826
101315.71412319406
101314.59578323952
101315.05110777319
101315.06747355835
101316.57118056882
101316.93662191604
101317.75432151872
101323.56745194724
101325.1935953394
101322.52433059897
101324.37107113827
101319.61648825544
101321.8296711678
101318.00075692456
101321.51598088097
101316.90487966871
101314.31251728084
101320.24112696626
101320.35242365395
101326.67981434052
101326.83697612249
101331.37938376202
101331.49857381664
101332.61091302513
101330.55019038012
101329.69470635145
101325.52575481727
101324.5127317156
101319.34763678777
101318.90760607249
101314.1721196336
101318.75553097457
101321.19325833983
101319.32077973377
101321.53865605922
101320.96243188682
101324.08775945799
101323.17644457056
101324.74614286519
101322.34243109889
101323.96778842364
101321.50493129887
101324.20769913142
101319.77644954245
101323.41934714405
101319.03413772576
101324.03551150671
101318.06151421813
101313.69709959437
101321.30737635122
101320.45988703855
101328.56410317331
101327.37834447293
101333.24143159176
101333.32510629398
101334.50979494752
101332.04468827057
101331.76044271003
101326.41409470509
101325.99488981119
101319.58336302114
101319.40500629453
101313.67565980717
101319.99201521339
101323.0557054165
101320.61794632059
101322.51148662312
101321.05632710434
101322.84735764095
101322.12854380727
101323.42517700793
101329.24240244892
101331.61514498702
101328.13966021049
101331.7122551529
101325.41822334494
101329.95860822305
101323.27358205638
101328.78547637822
101320.51837359853
101314.34695044649
101322.80305962052
101320.69298350727
101328.70903829637
101327.43143589425
101333.74806817244
101333.65193671484
101335.01938887857
101332.22427528226
101331.82022348496
101326.65198485533
101326.00634125386
101319.97940890229
101320.27785949252
101315.19004752171
101323.19976364853
101328.16126032596
101325.76945808348
101329.65508435358
101327.41478960801
101330.81023247457
101328.69337190634
101331.02990060576
101328.58676849157
101331.17134423883
101327.91341956276
101331.79739256547
101325.76337921094
101330.71631481787
101324.1624098804
101330.72904481707
101321.98832646209
101314.42776160873
101323.64099061934
101321.15359798234
101330.50305070597
101328.32372657752
101335.50450197916
101335.43596382304
101336.79742778538
101333.90965298646
101333.79315660712
101327.69378859873
101327.49210562919
101320.62870305595
101321.06009640943
101315.93412637185
101324.78412812891
101329.11162415319
101326.4729595363
101329.60397525119
101327.7493046467
101330.417330556
101328.33628462677
101330.17336840797
101334.42691714341
101337.31981632643
101333.40060576767
101337.51460678939
101330.2842227127
101335.22653281793
101327.35264253497
101333.8458583223
101323.81806923487
101315.30813743488
101324.54490372752
101321.19913788364
101330.3370679747
101327.72051228947
101334.91300728188
101334.71155230943
101336.20145252241
101333.21819146446
101332.93085417239
101327.35769720978
101327.17435956202
101320.90346994148
101321.88083367478
101317.51175253632
101327.43805455888
101332.50543890859
101330.27884576397
101334.57962656551
101332.75299341565
101336.43241092433
101334.02984012043
101336.28316495767
101334.16828544266
101337.1811624726
101333.25078711087
101337.48445881173
101330.11998247306
101335.55269219345
101327.4878086611
101334.64541133316
101324.4557189717
101315.66838809726
101324.86333567186
101321.28878238048
101330.7387517154
101327.89697276491
101335.32928242684
101335.1177780412
101336.66732739894
101333.61579288219
101333.61233971543
101327.50853824719
101327.80750963066
101321.24046118589
101322.31153347479
101317.7490649664
101328.36029821784
101332.80219766102
101330.5465669939
101334.8199140792
101332.76914030963
101336.44588817778
101333.87090202597
101336.13526384612
101336.07441100458
101339.25272992377
101334.70083103995
101339.12915777015
101331.49024515074
101337.69245702891
101328.55309851721
101336.04086109267
101324.73758727484
101314.87797759348
101324.47079203752
101320.73419901563
101331.18794854797
101327.68555695489
101335.68234046911
101335.01272902734
101337.08454304843
101334.26257998582
101333.14015380145
101327.9673651148
101326.67353112801
101321.03252315297
101321.66192452799
101317.91205270382
101329.61232846855
101333.42601725936
101332.31751360353
101336.17082280865
101334.22089902815
101337.74233485467
101335.51851433024
101337.94217289597
101334.33584651056
101337.47983927737
101332.90126116489
101337.30950593969
101329.69203865829
101335.97097121396
101327.35693520693
101335.14070261574
101324.13675234423
101314.48983552343
101325.82032731627
101321.88748945405
101333.33016727163
101330.19194764043
101338.54587450986
101337.95821225664
101339.93176622559
101337.03774055965
101336.13286033063
101330.07720814977
101328.49971893661
101321.87960858377
101321.80830854455
101317.65555284379
101328.77232764065
101332.61368694842
101330.89864208241
101334.48561848215
101332.43896718301
101336.07082250848
101333.74832384658
101336.24636469487
101330.99299134238
101333.91432273711
101329.55874481237
101334.03907250408
101326.83378671677
101333.09111192562
101325.13953763037
101332.45334654284
101322.53386498861
101313.17901079431
101323.10541888513
101319.38172842856
101329.21279413709
101326.37650982461
101333.98157994972
101333.3456038096
101335.44724299082
101332.47572977387
101331.61436744296
101326.39879339644
101325.2885059884
101319.66576398598
101319.93292081446
101315.90804691683
101326.26835533007
101330.21179068065
101328.25914984143
101331.52810149993
101329.38292687392
101332.59396383388
101330.3968004668
101332.80771367108
101328.67241746378
101331.21761973387
101327.45531909009
101331.00939055617
101324.06596633141
101329.54709689631
101322.45806767771
101329.64151006196
101321.28259202874
101314.09979725943
101325.1392500019
101321.74783634905
101332.40547819459
101329.59818101203
101337.37490205889
101336.83433810163
101338.70410976771
101335.69280263947
101335.04231205974
101329.07173295683
101328.41025849219
101321.2551485039
101321.25498489736
101315.52130999046
101324.52903027515
101327.44362328286
101325.34664084666
101328.17964620184
101326.63822212166
101329.63333162817
101327.96237154905
101330.41776920427
101324.85929132064
101326.74250564436
101323.68224889247
101327.04457110501
101321.23291622553
101325.69542798428
101319.57033693969
101325.51764209615
101318.63654585989
101311.85115819436
101320.37470177976
101317.94369524709
101325.89738564205
101324.49348753061
101331.06934544921
101330.78812009213
101332.37974349476
101329.70483020964
101328.86891904195
101324.1467863359
101323.15707774385
101318.00813463121
101317.8907008815
101313.69270887972
101321.28654859154
101323.68134409233
101322.13373312265
101324.38141705321
101323.16859890516
101325.1665169987
101324.20092318891
101326.29493087885
101322.0250361121
101323.32552255594
101320.70348555195
101322.62896766498
101318.27462935603
101321.55754187623
101317.05028196142
101322.15556597037
101317.74308372007
101314.11127656505
101323.09494718901
101321.63578064462
101330.1792609562
101329.32857665171
101335.43492017816
101335.30756246006
101336.80322831075
101334.19239974352
101333.43291361074
101328.4603963663
101326.55189137463
101321.00275958575
101319.84690809358
101314.45262806347
101319.69682352396
101320.71801207993
101319.16965851706
101320.39914712937
101319.69508957161
101321.64662739725
101321.56931251562
101322.87164111632
101320.58819497605
101320.7047806456
101318.78933766174
101319.63265926122
101316.31728449537
101318.43890186177
101314.98269069058
101318.10793243747
101315.21995042832
101312.18608497971
101318.00541479966
101317.29567624589
101322.961313739
101323.13037836547
101327.8589748689
101328.16321719777
101329.16636921211
101327.54798948551
101326.21280728802
101322.67633852082
101320.95642627135
101317.5952640524
101316.29589180715
101313.6760351079
101317.36054042522
101316.66746661418
101316.46676639466
101317.1209463854
101317.50839002972
101318.7834024624
101319.55930101276
101320.82012370795
101319.56773473512
101319.41809618745
101317.66079053133
101317.36535455589
101315.26758632345
101315.12549995538
101313.86791685084
101315.53434395399
101315.98821068511
101316.39618826195
101321.33808149092
101323.10114117039
101328.31591838444
101330.10348385424
101333.85657716883
101334.86996667314
101335.30001594874
101334.27856537297
101332.11279282936
101328.96225452099
101325.59571104807
101322.26941783968
101318.79413608364
101315.98834581905
101316.05946753788
101314.40809754653
101314.55164940355
101314.73220474845
101316.4298878391
101317.13267977021
101318.84471523152
101319.50761633212
101332.17948575776
101331.2459968906
101328.97340016675
101326.22537522497
101323.12753551552
101320.50770106673
101317.79276737287
101316.47944887649
101315.46556313364
101315.19118890328
101316.29079351629
101317.09588807728
101319.56028198027
101320.802918724
101322.6228834628
101323.4863558019
101323.64386776203
101323.04841746521
101321.66470862264
101320.25812092135
101318.04797489206
101317.12174687337
101315.17660388607
101315.99405875499
101315.36610292269
101316.85476086641
101319.49284721892
101321.29592796099
101325.62215293742
101327.09293080325
101330.80371376892
101331.83049740428
101332.50263237167
101330.98509751809
101329.53272937375
101325.63134627503
101323.40640216408
101319.32394779337
101317.43811843634
101313.94845121271
101316.79025837658
101314.537439065
101313.76023430118
101313.58177707883
101313.95272771691
101314.87661293519
101315.50274991404
101316.48360259215
101316.36644427429
101316.46433102879
101314.82839225748
101315.88582734761
101313.07240029739
101315.26182335
101312.76981944728
101316.64572530673
101314.84090244836
101313.01692562572
101319.2951581958
101319.62879154553
101325.6042222879
101326.6103187493
101331.20768801114
101331.65701648014
101333.94165229471
101331.61973085486
101330.65474823774
101325.97084232254
101324.30166686015
101319.62439971734
101319.03958984994
101314.17776274643
101319.25521572022
101321.37684316386
101319.87961580916
101322.1914340404
101321.38994842724
101324.14293533098
101323.45514779157
101325.13631000242
101323.82538471406
101325.55517226698
101322.58642418509
101325.01581785934
101319.57193701422
101322.9832194951
101317.70779123872
101321.92035337971
101317.18308910711
101313.80834285013
101321.4197412885
101320.15252632494
101327.4420804281
101327.08087944663
101332.63217777354
101332.71794012931
101335.2040161781
101332.43261536538
101331.45650486439
101326.17118815868
101324.98885256896
101319.28628643682
101318.7909934254
101313.46889160441
101320.48471743127
101322.01304180441
101320.40722472376
101321.54727460405
101320.62558426854
101321.89045708583
101321.50845964922
101322.93010840593
101321.87636416103
101323.3483015258
101320.76364810996
101323.68373862442
101318.65393217308
101322.939158316
101317.83807283519
101323.93677839988
101317.95228836326
101312.28519143758
101321.51296247562
101319.5776472897
101328.23895439357
101326.96446208787
101333.83682841566
101333.79943877275
101335.77275933752
101332.83511956633
101331.89816627235
101326.85150384912
101326.02155559217
101320.00423903477
101319.9615310028
101314.89859304487
101323.89255096485
101327.7783024793
101326.17188317393
101330.10882357831
101328.2255287485
101331.47275269964
101329.47798489289
101331.99511736432
101330.21009938173
101332.62071204593
101328.7370892358
101332.65368775654
101325.24665107895
101330.84014825484
101322.8418467397
101329.45374237816
101320.78084586542
101313.14878699763
101323.67538413053
101320.22673592625
101329.71626104391
101327.31908425056
101334.56297885472
101334.10167920866
101337.37429385266
101334.47842120382
101333.71057384822
101327.84632920141
101326.61852383116
101320.28914746328
101319.51236332103
101315.49822477529
101325.44037500808
101328.56664739587
101326.81639619876
101329.23432378986
101327.71900593259
101329.88790491442
101328.06111635685
101329.7209028478
101328.25071892349
101330.94878265192
101327.17459273319
101331.72191709396
101325.10675168587
101331.16080721977
101323.61213848092
101331.22359099917
101321.91669611903
101312.85772202718
101323.27551588557
101320.35643305584
101331.10975906215
101328.04810140023
101336.04206680378
101335.73108250639
101337.41257108095
101334.71178314065
101333.67936439945
101328.32024492652
101326.85907134898
101320.84470725522
101320.82973395824
101317.3402984017
101328.4475229371
101332.6634669304
101331.42691321937
101335.20892331039
101333.47113235455
101337.01571147531
101334.87157500227
101337.27243591202
101335.38251002735
101338.58524627001
101333.88275025204
101338.31080862902
101330.59353545919
101336.68386433071
101327.64064276329
101335.02106282031
101323.86065677647
101314.00526573765
101324.68736905418
101320.7326519614
101331.4868418691
101328.33728841424
101336.2172126384
101335.698152055
101337.75885152284
101335.00088753484
101333.86867553821
101328.33318783036
101327.04539351945
101321.04184498233
101321.55352303031
101317.83939600179
101329.46496092637
101332.97023354826
101331.60546074304
101335.31864377519
101333.11215693745
101336.66097300361
101334.25171335411
101336.84105139683
101334.75579849453
101338.03398933155
101333.3889351228
101337.95872895108
101330.38336204154
101336.81811119479
101327.97148445762
101335.73652884959
101324.62367434683
101314.74931665405
101324.79461747259
101320.72892567488
101331.56026657789
101328.17920695464
101336.26127197272
101335.89553186683
101337.08503195186
101334.25622945036
101333.14260276791
101327.96737030284
101326.67576132173
101321.02811981435
101321.66252562827
101317.91417959813
101329.61270132908
101333.42570254084
101332.31648761382
101336.17052735497
101334.22300718266
101337.74273941549
101335.51819337097
101337.94027329475
101336.0703579398
101339.25376685084
101334.69378353166
101339.12132653051
101331.49070009793
101337.69266307251
101328.55478995718
101336.04074564486
101324.73596019091
101314.87860467256
101324.4678048332
101320.73248112248
101331.1901666232
101327.69009523245
101335.68535853577
101335.00914510593
101339.93193366058
101337.03068291734
101336.14506888599
101330.07243757622
101328.50766932839
101321.8772626682
101321.80791116806
101317.65608127791
101328.77350248615
101332.61601241966
101330.90031289408
101334.48611089881
101332.44383314482
101336.07594751324
101333.7546036164
101336.24810515526
101334.34553240855
101337.52813467628
101332.913944056
101337.30007083992
101329.68672407942
101335.96616869527
101327.35469913909
101335.14025257103
101324.13460194689
101314.49111729316
101325.8196253763
101321.88286060054
101333.33182450221
101330.1913349666
101338.54254877896
101337.95608483469
101335.44531654597
101332.47266824813
101331.61974698593
101326.39926657164
101325.28862605934
101319.66270974031
101319.93261277238
101315.90352151253
101326.27329156852
101330.20858510965
101328.25996089795
101331.53044387093
101329.3910731884
101332.59137980905
101330.38390024946
101332.79717831771
101330.97358405747
101333.85348367676
101329.55113061346
101334.03828288826
101326.84118472105
101333.09717571063
101325.14072141059
101332.4551818714
101322.53333300122
101313.17659705928
101323.10374277276
101319.37807299578
101329.21557396032
101326.37695312338
101333.98313490995
101333.34735910778
101338.70342625772
101335.68678315281
101335.04114497628
101329.07161146941
101328.41698217529
101321.25229590977
101321.2510971349
101315.52471389009
101324.52416293054
101327.44302897286
101325.34709210596
101328.18096269957
101326.63942186208
101329.63405259502
101327.96507849041
101330.41950167112
101328.67611968481
101331.20698365821
101327.45180079274
101331.00301545163
101324.07415714672
101329.55338363358
101322.46017231807
101329.64202100989
101321.28297078473
101314.09589120356
101325.13500165896
101321.74730775147
101332.40624011961
101329.60100585743
101337.37698814101
101336.8349969464
101332.38034900448
101329.70122358535
101328.87367907321
101324.15477639857
101323.13674477229
101318.00749857779
101317.89340259737
101313.69469813776
101321.28019502576
101323.67939357515
101322.13172586585
101324.37858058089
101323.16754179457
101325.16419608452
101324.20668720348
101326.29937359793
101324.86654383061
101326.75878658445
101323.68421031829
101327.04417458187
101321.22845335829
101325.68998166514
101319.57554200615
101325.51246742647
101318.62916667812
101311.84475484234
101320.38605418714
101317.94184645574
101325.90241267244
101324.49759670082
101331.07227923693
101330.78918817027
101336.80528606653
101334.19486042124
101333.42928839747
101328.46833014271
101326.54297501876
101321.00585872549
101319.84814840934
101314.4519314729
101319.69719841254
101320.72041167809
101319.17003660864
101320.40086043425
101319.69472283064
101321.64768912007
101321.57133866983
101322.87384116711
101322.02821622633
101323.33046826023
101320.70534749342
101322.6413613731
101318.2731513746
101321.55606153564
101317.04736870503
101322.15407938496
101317.74166683358
101314.11342290827
101323.1028671712
101321.64424181546
101330.18295794158
101329.32732355742
101335.43673601923
101335.31149240059
101329.16698049172
101327.54981071712
101326.2114911931
101322.67821621268
101320.95522437419
101317.59527018091
101316.29544856968
101313.67459768189
101317.35850178984
101316.66753801765
101316.46140104052
101317.12030625592
101317.50526623185
101318.78060714035
101319.55849425076
101320.8171694202
101320.58572138791
101320.70223549553
101318.78499689981
101319.62657652238
101316.31285542635
101318.4418250622
101314.98534198455
101318.10534430273
101315.21916310405
101312.18367507453
101317.99974689991
101317.28584451144
101322.93882177891
101323.14432042348
101327.86043429135
101328.16534573882
101335.29953948771
101334.27569716914
101332.10824190415
101328.96196486639
101325.5974530762
101322.27085775661
101318.79350491184
101315.9916414898
101316.06025935074
101314.40762870145
101314.5503546079
101314.73743112374
101316.42686914113
101317.13155643654
101318.84197861515
101319.50646422074
101319.5640614834
101319.41750783318
101317.65885924197
101317.36185777967
101315.25966747492
101315.12170833259
101313.87201343868
101315.52939608661
101315.99171578785
101316.39759012355
101321.33551814783
101323.1077558476
101328.31730437903
101330.10095908355
101333.85558450477
101334.87037241392
101323.64296975933
101323.04489849329
101321.66053041248
101320.25799180829
101318.04811523575
101317.12275935595
101315.17813177551
101315.99364511916
101315.36801569541
101316.85780391589
101319.48774884615
101321.30164821289
101325.61865817665
101327.09226600053
101330.80200888784
101331.82896581716
101332.17645586751
101331.24507677709
101328.97091289675
101326.22412877771
101323.13492729062
101320.50359996535
101317.78602861777
101316.46467194558
101315.45570672666
101315.19344738136
101316.28487052077
101317.10391597121
101319.56134916352
101320.80439719543
101322.62335791334
101323.48602667384
101316.36615492255
101316.46505214889
101314.82374513884
101315.88234824102
101313.0701307303
101315.26188916672
101312.76930333073
101316.64849775202
101314.8442349394
101313.02246968758
101319.29695139641
101319.63096417882
101325.60309584433
101326.60753221381
101331.20768404895
101331.65556355774
101332.50185369072
101330.98143534333
101329.53109237549
101325.6309937082
101323.40207269303
101319.32276734742
101317.43071023239
101313.94219601426
101316.78578823217
101314.53932082522
101313.7468997822
101313.60450698345
101313.94160574755
101314.88115010019
101315.50167437023
101316.48569418117
101323.82613705716
101325.55507111643
101322.5845463182
101325.01664260874
101319.56595435398
101322.97584479832
101317.70132283855
101321.91968285071
101317.18569594347
101313.82273577369
101321.43351701376
101320.13443973304
101327.45350017153
101327.07456120626
101332.63388196667
101332.71611223918
101333.9388466923
101331.6131912714
101330.6647805734
101325.97382750432
101324.29997203514
101319.6188700677
101319.03165087789
101314.17260387332
101319.25267063425
101321.38272031139
101319.90129365135
101322.19922683446
101321.39285086581
101324.14567841993
101323.45610418201
101325.13894815752
101321.87930112616
101323.34755027606
101320.77060492354
101323.69126553301
101318.66245767284
101322.94160548577
101317.83869642073
101323.93825425697
101317.95393540045
101312.29784522313
101321.53259228951
101319.55513242082
101328.23746445935
101326.95216054904
101333.83253636633
101333.80033097087
101335.20524839804
101332.43338257266
101331.4692560879
101326.16991482714
101324.98056190176
101319.28367288099
101318.78619281712
101313.46609227562
101320.47941324775
101322.00607379747
101320.40203310948
101321.55173823143
101320.62553709392
101321.8950608306
101321.51152201605
101322.93811818733
101330.20919148679
101332.61972689579
101328.74387778954
101332.65988996615
101325.24932879987
101330.8382617351
101322.84368821469
101329.45145430978
101320.78656828158
101313.12853107011
101323.6411265713
101320.25290495933
101329.72883502996
101327.31753880506
101334.56218857929
101334.09809031637
101335.77723952915
101332.84531605444
101331.90781271379
101326.84910515735
101326.0159918076
101320.00510822519
101319.96386109508
101314.90111816805
101323.89547283747
101327.78162783613
101326.17456709644
101330.11520687948
101328.22906150522
101331.47231315242
101329.47610249417
101331.99176099405
101328.24411223258
101330.94885364964
101327.18320341599
101331.72435786742
101325.10397144516
101331.16324040093
101323.61494941542
101331.22520181825
101321.92036612616
101312.86311236981
101323.27187395369
101320.35064425334
101331.10159044847
101328.04095096675
101336.04360458718
101335.73148677222
101337.37119486579
101334.46358341108
101333.7012770654
101327.85001711956
101326.62242712959
101320.29322776638
101319.51291545335
101315.49728323254
101325.43857030498
101328.55974285546
101326.815625769
101329.23447423494
101327.7155367497
101329.88758574832
101328.04702202779
101329.70560045997
101335.38153047222
101338.5831291709
101333.8748000815
101338.31011784995
101330.59348522437
101336.68727775131
101327.64091345007
101335.02187421118
101323.86248222533
101314.00578099342
101324.68448988107
101320.73093150639
101331.4771443498
101328.3141176049
101336.21834397099
101335.73184213965
101337.42090706932
101334.7274119839
101333.68274058351
101328.32319457681
101326.85557419523
101320.84797387991
101320.83030793944
101317.34118943806
101328.44849135258
101332.66100052433
101331.43297176232
101335.21049500263
101333.47231489055
101337.01903402181
101334.87431154355
101337.27897773717
101334.75897908438
101338.0382025353
101333.38082504804
101337.95760943515
101330.38228582617
101336.82281878122
101327.97078442419
101335.73749723246
101324.62635336988
101314.74958006934
101324.79511300483
101320.73091245889
101331.56309590812
101328.18234788332
101336.25363091918
101335.89470057965
101337.75424998289
101335.00478637021
101333.8621509448
101328.33593886028
101327.04663405439
101321.04890076576
101321.55270551468
101317.83613106815
101329.46420302008
101332.9665712249
101331.6110292712
101335.31762166777
101333.11159067335
101336.6624937326
101334.25246098972
101336.84657390884
101336.88248990479
101340.07761331086
101335.48091550649
101340.34349386956
101332.13722511139
101338.2168827045
101330.18432144172
101337.60914190914
101324.15337241677
101313.4397718644
101323.56247593972
101320.63745730478
101331.9785516142
101327.97907111156
101336.71612183037
101335.71870931584
101337.9955976738
101335.04635011699
101333.61332229602
101328.33003572766
101326.31791312429
101321.08699543015
101318.93749372021
101316.40979225936
101331.46907946475
101335.45647049622
101332.91277655818
101336.82972399137
101334.96523261884
101338.6395176691
101336.43502519742
101338.62878616911
101335.32359948504
101338.58667789734
101333.73368739057
101338.2043848243
101330.26268646306
101336.56341023061
101329.00089076431
101336.38704531864
101323.48297950054
101313.26789573554
101324.72201745043
101321.71864044361
101334.60217980879
101330.69090297303
101339.60521997992
101338.72377594466
101340.91638857672
101337.94776359983
101336.55060115118
101330.66215633195
101327.93648417846
101321.98550636099
101319.6778135761
101316.54435599482
101330.024276632
101333.98984408431
101331.5314451982
101335.11616126414
101333.33543737774
101336.8558560379
101334.75567201535
101337.15838132201
101331.3922786685
101334.45859412085
101329.91383736496
101334.62097568871
101326.76685090375
101333.35954225445
101324.80299134784
101332.87494181118
101322.18651931027
101311.92778936411
101322.84558269026
101318.99893393865
101329.59023825971
101326.58862706438
101334.74881641271
101334.0376687456
101336.24610671094
101333.19471684034
101331.88267126962
101326.64067947931
101324.86989620945
101319.4800217529
101318.96146695482
101314.81337687299
101326.75240104305
101329.9647358511
101328.41701788847
101331.54876755502
101329.58039420156
101332.94330118073
101330.82805351805
101333.16255871912
101329.26273923321
101331.70718968261
101327.72358542991
101331.66586437056
101323.90128448157
101329.94335216537
101321.88674184198
101329.88303856269
101320.88647423495
101312.8507334061
101325.25195386879
101321.42558363039
101333.27485901074
101330.2359800056
101338.5299518547
101337.80814244795
101339.88824654916
101336.6559479081
101336.0622272818
101329.69912200244
101328.38112173976
101321.16989713037
101320.63557998127
101314.71305253453
101324.72770094092
101326.7624305494
101325.31540288855
101328.06984142285
101327.09104650775
101329.95401405511
101328.34464443036
101330.97210819271
101324.26251990044
101326.05219737289
101323.10303761627
101326.79699743949
101320.47101173393
101325.49269886686
101318.65253548688
101325.28707671694
101317.84211542568
101310.59452524554
101319.67706503022
101317.06017204364
101325.65974619878
101324.01849993887
101331.24286536885
101330.97574507017
101332.75378161896
101330.02140082521
101328.66731364939
101323.79627426103
101322.50853258508
101317.40709787926
101316.8018983877
101312.50058572434
101320.77861065904
101322.76274333036
101321.85587891421
101323.75651650902
101322.73559694384
101324.34152257133
101323.50991085057
101325.68916049333
101322.45641991706
101323.67382807237
101320.72795829587
101322.58584912015
101317.66344197269
101321.12695615969
101316.18695120017
101321.66462420112
101316.86345791782
101313.0994945354
101322.53791415131
101321.22242318281
101330.68477477996
101329.55955320064
101336.32888577976
101336.00393857084
101337.40822456984
101334.7591591766
101333.86230299475
101328.77094907672
101326.54635952522
101320.71502875754
101318.74921732322
101313.50276180713
101318.97094202554
101319.76332463458
101318.6714293749
101319.85488998124
101319.35178563504
101321.40964088429
101321.70143837467
101323.34054334779
101317.97621650307
101318.67127527947
101317.71703735512
101318.81679270619
101315.10623311481
101317.22156417384
101313.86105220582
101317.12331513115
101314.2142433136
101311.01273352656
101316.93311752564
101316.24142462949
101322.14811373776
101322.30649587183
101328.30838053548
101329.87550083823
101330.64738633792
101329.05358133906
101325.82545952019
101321.87278380479
101320.07387453868
101316.55892769163
101315.15135390376
101312.53365237218
101316.71997539885
101315.23908199064
101315.37632618815
101315.75024602815
101316.53664849197
101317.68321135224
101318.12776484981
101318.13640430517
101318.48760927589
101318.38356634599
101317.10824342837
101316.71393771986
101313.98142704803
101314.17864483919
101312.69728041577
101314.7492845713
101315.0959920044
101315.57310047203
101320.58216087718
101322.57171925006
101328.67890927169
101330.60389453798
101334.95493523401
101337.11886369482
101337.5090614912
101336.24390459868
101332.94930054808
101329.30975681393
101325.36019245176
101321.63472557644
101317.76165023149
101315.28616876088
101315.13716254031
101313.25915761797
101313.3195208306
101313.60395995193
101315.733740699
101316.39818029079
101318.56586430615
101318.2674457316
101334.35874449705
101333.04776036543
101329.59024562765
101326.36620984762
101322.67318386165
101319.79951542424
101317.32085305426
101315.46926021567
101314.62129621734
101314.00581999279
101315.41065772832
101316.24250651305
101319.28308325895
101320.56824284166
101322.46903701281
101322.5238884805
101322.46297695758
101322.3672310822
101321.57489100051
101320.00813905869
101317.32951070927
101316.2895550688
101314.12074594418
101315.14652208096
101314.33811041155
101316.39062144241
101318.66168082107
101320.75695719678
101325.54712849241
101327.38667346162
101331.85938292577
101334.0200330817
101334.45846837402
101332.42996138972
101329.17080937208
101324.80275744291
101322.55362215526
101318.32335626738
101316.10527201835
101312.74771028172
101315.94849419329
101313.12641071962
101312.57335743519
101312.23602710888
101312.78879326131
101313.56816431109
101314.14656619895
101314.74306278487
101314.79890830457
101314.80731887852
101313.52372201478
101314.79087736567
101311.74828014564
101313.94037429475
101311.43727227503
101315.6100555178
101313.8959101678
101311.59664952068
101318.12248565593
101318.53382335347
101324.95396749684
101325.8762788171
101331.8206393829
101333.70608491225
101334.38860205056
101331.94598978072
101331.21200659256
101326.14057496327
101324.30438856098
101319.14037345236
101318.06910322548
101313.17969510405
101318.63445702783
101320.32417353362
101319.39902143978
101321.56935236862
101321.36679631979
101323.85102271249
101323.3097502556
101324.99405556988
101323.62556789978
101325.37453636293
101322.45190566537
101325.17366321957
101319.01149837146
101322.40342133677
101316.71365656903
101321.3259284232
101316.23101869623
101312.92001512715
101320.91618858863
101319.70436007036
101328.04851478763
101327.1004758846
101333.35895283653
101333.04098072738
101335.77734053218
101332.92535206291
101331.45105038417
101325.97365822081
101324.65206146949
101318.66873497741
101317.50486005496
101312.23793927219
101319.80455638166
101320.96847000893
101319.82147042424
101320.7332634225
101320.21152937661
101321.18637834614
101321.10736332051
101322.51185661428
101321.5570736583
101322.74721591038
101320.3565794795
101323.29858520189
101317.8427049359
101322.46335278329
101316.88404130496
101323.53911381056
101317.01431495135
101311.03150487233
101320.9019198365
101318.76420679022
101327.87634746473
101326.70218216433
101334.24112717896
101334.13109075432
101336.61811289299
101333.57011993574
101332.39713752731
101327.30898171975
101326.01615754671
101319.92120854781
101319.30245914802
101314.17010339412
101323.87580851438
101327.47936212699
101326.3286520449
101330.18841907276
101328.71584008873
101332.16448071011
101330.31955283041
101333.34412074575
101331.21883766263
101334.16351855572
101329.26924229867
101333.787181569
101325.08783075165
101331.3837266607
101322.38105446957
101329.83771616197
101320.31395761875
101311.88922028159
101323.96806505826
101319.92773510315
101330.69779557011
101327.3476640608
101335.32809143177
101334.82446305148
101338.2073245801
101335.13384662083
101333.73877081212
101328.05927277991
101326.13138808604
101319.92893024768
101318.46844435608
101314.30956814438
101325.60096626707
101328.03418138798
101326.95686893594
101329.13363199083
101327.7914025908
101329.82216548439
101328.09718473758
101329.81377653488
101328.3928502342
101331.1863204113
101327.1020225157
101331.99767490636
101324.80743586234
101331.45497078235
101323.28609367376
101331.53248899315
101321.58505994576
101311.59620262262
101323.1148680209
101319.95009234773
101330.99976539434
101328.34489315277
101336.86766756934
101336.48179137909
101338.25665321818
101335.55385004764
101334.1523022289
101328.84941451717
101326.61209400438
101320.73180102617
101319.03501855183
101316.55858530547
101329.54184715971
101333.67063537566
101332.02600906628
101335.73562829966
101334.3481059326
101337.85997419334
101335.93423423312
101338.02352608417
101336.35991698006
101339.51972054664
101334.75322855447
101339.44848835285
101331.16749186728
101337.34249302218
101328.88189914888
101335.90035918549
101323.47644366327
101312.77372816496
101323.49104351204
101320.78350295723
101332.7277670469
101328.72320641726
101337.15045161849
101336.52371809454
101338.58105292862
101335.74905658379
101334.20778646626
101328.65658883529
101326.46087283702
101321.10980978298
101318.84299521767
101316.25771272226
101331.37032509617
101335.12933969419
101332.32406911612
101335.84111895153
101333.90966871291
101337.48356820879
101335.12473019763
101337.39758713337
101335.47976810961
101338.77012277374
101334.17831629068
101338.96333656315
101331.06437125106
101337.42439111976
101329.72890250185
101337.41129393401
101324.09276011674
101313.28332020115
101323.56863149613
101320.56873291562
101332.52222641768
101328.3715794491
101337.16149530737
101336.49364322133
101337.99749468399
101335.04420682279
101333.61340985211
101328.33254632473
101326.31824156232
101321.08273415822
101318.93747726371
101316.41107879188
101331.4693633367
101335.45733142404
101332.91049795294
101336.82666678647
101334.96523060613
101338.64084845205
101336.43516612293
101338.62814616342
101336.87248722474
101340.07099212128
101335.47414606171
101340.33768044891
101332.13894535587
101338.20924804457
101330.19068595009
101337.60602951024
101324.15071421847
101313.44028404025
101323.56030488276
101320.63548536533
101331.9772493385
101327.9784297313
101336.71774841021
101335.71962755088
101340.9235088393
101337.94564892881
101336.55632829436
101330.65290054822
101327.94116413957
101321.98612659748
101319.67747298205
101316.54544867392
101330.02523128789
101333.99294877374
101331.53724333389
101335.11416810629
101333.34207265827
101336.85978071086
101334.75279425384
101337.15929106277
101335.32947314058
101338.6169567226
101333.73791050985
101338.1982549453
101330.26383411957
101336.55686947648
101329.00146967109
101336.38625865639
101323.48027853102
101313.26803945898
101324.71777029603
101321.71655343752
101334.59851591101
101330.68469233265
101339.60041177805
101338.72201924829
101336.24320450911
101333.1901943938
101331.88757643223
101326.63617462011
101324.87150454504
101319.47835598745
101318.95946264188
101314.8107622571
101326.75108733508
101329.96005680636
101328.41533938557
101331.54470353789
101329.58585148885
101332.94365827907
101330.83408865448
101333.1549369593
101331.38224463872
101334.42307905726
101329.90464064898
101334.61549862153
101326.76938903915
101333.3590052697
101324.80341031615
101332.87460243391
101322.18547461976
101311.92897042297
101322.8454610215
101318.99869974513
101329.5892929734
101326.59022373676
101334.7510670202
101334.03965195434
101339.87839052037
101336.64276147597
101336.07083598967
101329.6962081431
101328.38483434233
101321.17472791036
101320.64003090261
101314.71417374653
101324.72150089327
101326.76916663027
101325.34202798689
101328.06667036487
101327.10018096041
101329.9557203351
101328.34341657189
101330.97194314805
101329.26132392589
101331.6997473871
101327.72696402684
101331.66062382542
101323.90209744159
101329.94222501751
101321.88523835584
101329.88000380456
101320.88609315762
101312.85126827301
101325.25064773575
101321.42876928253
101333.27589394305
101330.23888669626
101338.53430325219
101337.81366810852
101332.75851054567
101330.00187104552
101328.68159364891
101323.79726026567
101322.50895875205
101317.4009911879
101316.79608344278
101312.49885721302
101320.77293876772
101322.75701227869
101321.8541916533
101323.74938976527
101322.73849145201
101324.33592996004
101323.51308067971
101325.68954191511
101324.26414623859
101326.05861443879
101323.10759827268
101326.80489481738
101320.4732261663
101325.4939317653
101318.65343904108
101325.28637890446
101317.84357598113
101310.59708444061
101319.68417888135
101317.06392568529
101325.66573332339
101324.02570570049
101331.24773105056
101330.98478127654
101337.4236700373
101334.76519834327
101333.86473947825
101328.76842907116
101326.54553143574
101320.71685670389
101318.7475263669
101313.50221454624
101318.97095850407
101319.76750328354
101318.67910697398
101319.86503733657
101319.34768513576
101321.415993595
101321.7011724594
101323.34299768963
101322.45860476659
101323.67780366991
101320.7327133129
101322.58850471725
101317.66578657235
101321.12503148777
101316.17979423155
101321.65958814044
101316.85691756735
101313.09774599232
101322.54061236365
101321.22740575334
101330.6873911381
101329.56238251235
101336.33376015531
101336.01065185867
101330.64160043167
101329.05559153591
101325.82642586916
101321.87296858794
101320.07048733333
101316.56091611978
101315.15213338751
101312.53444401563
101316.72039082396
101315.23521860625
101315.36556391777
101315.74284677568
101316.54053693212
101317.67394519484
101318.12505003272
101318.13466990969
101317.97527515424
101318.67024139647
101317.71494603515
101318.8111608701
101315.09296172882
101317.21396115029
101313.86282921174
101317.12104603436
101314.20955597966
101311.01297170954
101316.93201885439
101316.24431547319
101322.15152363588
101322.31320540099
101328.31102597719
101329.87517744301
101337.5122982367
101336.24156054843
101332.94405410756
101329.31345726296
101325.36251864224
101321.63583302918
101317.76241425094
101315.29177162459
101315.14183585584
101313.25803553752
101313.30747031893
101313.6140214538
101315.73894339165
101316.39378503065
101318.56349467809
101318.26544060932
101318.48588647271
101318.38468404752
101317.10220311082
101316.71991851916
101313.97479591571
101314.17481649984
101312.69638720875
101314.75008703201
101315.09491808069
101315.57217613867
101320.58061063147
101322.57536222956
101328.66968120623
101330.60685782027
101334.95643591076
101337.12216464248
101322.46351765838
101322.36516454519
101321.57230541974
101320.00756862076
101317.32739181232
101316.29186887134
101314.12512147902
101315.14912736646
101314.34602580237
101316.40174040856
101318.64817710844
101320.76283354871
101325.54196588045
101327.38838253393
101331.85851495167
101334.01812065256
101334.35711480578
101333.04669092331
101329.58655166948
101326.36639416938
101322.67109722321
101319.79986437806
101317.32143492266
101315.46952665833
101314.61972321897
101314.00998107859
101315.40646812186
101316.24453246055
101319.27975799078
101320.56923686809
101322.46972845438
101322.52382920624
101314.79940851478
101314.80828064035
101313.51733981256
101314.78357610395
101311.74582218457
101313.94187385382
101311.43792632747
101315.61275583023
101313.90135042048
101311.59481819482
101318.11140587021
101318.5432991074
101324.95292828094
101325.87752885403
101331.82196755636
101333.70321779713
101334.45279636544
101332.42750348602
101329.16901735302
101324.80582985003
101322.54970710326
101318.32077192393
101316.10496772824
101312.74852273558
101315.95080752132
101313.13030784539
101312.56991362679
101312.24178498138
101312.78344347559
101313.56827970404
101314.14717582526
101314.7444083873
101323.63110623352
101325.37306264984
101322.44790030617
101325.17669939307
101319.00365588386
101322.39495722069
101316.70789304496
101321.32691505075
101316.23287829245
101312.91811570244
101320.95086664968
101319.70200500892
101328.05198809868
101327.09967669542
101333.35958791677
101333.03348402017
101334.37402131758
101331.93881513318
101331.23434193
101326.1501341619
101324.30243192994
101319.13469881579
101318.06401473429
101313.17273162896
101318.62352039121
101320.32776714009
101319.39705435185
101321.56947143687
101321.36488791267
101323.85059558951
101323.30961268234
101324.9973591092
101321.55801921515
101322.7435162242
101320.36128851167
101323.30791041841
101317.85314965232
101322.46794738242
101316.88646009428
101323.54378490739
101317.01644965138
101311.0308881535
101320.90498749926
101318.76467378387
101327.87747462017
101326.69166447195
101334.23552729907
101334.13212075185
101335.7755074913
101332.89523545014
101331.48299245381
101325.97346397419
101324.64593964243
101318.66736003247
101317.50205461256
101312.23284855176
101319.78998901707
101320.96255344016
101319.81379575322
101320.73468903493
101320.212800728
101321.19298316246
101321.10975749229
101322.51484262578
101331.22004656293
101334.16395557419
101329.26593706908
101333.79409624854
101325.09327498692
101331.37999368324
101322.38993252079
101329.82880297447
101320.31382721417
101311.8907804718
101323.96128002275
101319.93443240631
101330.70371133677
101327.34317526073
101335.3196852228
101334.81039169876
101336.61990744942
101333.57197713391
101332.43267239167
101327.29817928417
101326.00254984417
101319.92231417296
101319.30427172683
101314.17711135701
101323.88989887068
101327.48513706418
101326.33043236643
101330.19318263142
101328.71739565636
101332.17081026614
101330.32225010775
101333.34960624631
101328.39495621082
101331.18577344414
101327.10346002402
101332.00123893908
101324.80406363044
101331.46157901284
101323.28833827948
101331.53283376124
101321.58770568841
101311.59841688865
101323.11335675931
101319.94676514452
101331.00381087229
101328.34649449853
101336.86390894117
101336.47835156933
101338.21640110042
101335.13837320099
101333.72973107625
101328.07125841573
101326.13403378816
101319.93247772063
101318.46899100479
101314.30869620274
101325.59774515711
101328.02379131432
101326.95081429921
101329.13707957153
101327.78324827011
101329.82625481878
101328.09467699727
101329.81242325751
101336.36271011193
101339.52059331197
101334.75279555016
101339.45091786794
101331.16761896556
101337.35049542975
101328.87538545582
101335.90488337651
101323.47957106317
101312.77466333707
101323.49035156933
101320.78195943001
101332.72665910429
101328.72812355918
101337.15946638866
101336.52094063877
101338.25633874131
101335.55347979753
101334.1562382472
101328.84818062284
101326.60377971194
101320.73379158894
101319.03642182151
101316.56154654126
101329.54679960418
101333.66666791485
101332.02705838575
101335.7408922695
101334.34699373218
101337.85851167259
101335.93701213815
101338.02786386613
101335.48313121971
101338.76534929419
101334.17458364896
101338.95719313374
101331.06286194005
101337.43851974027
101329.71937770811
101337.41497687416
101324.09732963149
101313.28353758299
101323.56978877776
101320.56971817059
101332.52383619396
101328.37260435961
101337.16029937731
101336.4896563831
101338.57980597099
101335.75273913932
101334.20470640529
101328.65821746513
101326.45927361841
101321.11560564369
101318.8439526016
101316.256138903
101331.37180828981
101335.12687383046
101332.3232835817
101335.8443722752
101333.90990034667
101337.48295652986
101335.12597454216
101337.40454949893
101336.78287924123
101339.86496951859
101335.26925809152
101340.26156423712
101331.89804333188
101338.49094693648
101329.88111604151
101338.63332239931
101323.80407678477
101312.52775323516
101323.87378323803
101320.68250328497
101331.79650584009
101327.74203018172
101336.86756179256
101335.75223261217
101338.12387619934
101335.24403752577
101333.47750071954
101328.78948635289
101326.11368663334
101321.9512841175
101318.45029082161
101314.37167819652
101334.28873287342
101335.35862454052
101332.82609226884
101336.53893626228
101334.91366764728
101338.44537540224
101336.35255337309
101338.39951865247
101335.53897927272
101338.99707446339
101333.87510443183
101338.32695352459
101330.19682578975
101336.91591450517
101328.79113582936
101336.63428575327
101323.52871241662
101313.06275348188
101325.07360071821
101321.53427007192
101334.64712849456
101330.49301865927
101339.68116573661
101338.70776973513
101341.1106915861
101338.27931331337
101336.40006768564
101331.13569530184
101327.75618999
101322.41750084091
101319.09219733658
101315.95298978177
101331.26942804873
101334.23302185703
101331.70512434321
101335.00614418098
101333.40539654579
101336.92684378198
101334.95581999056
101337.43464033006
101331.05216426388
101334.19194683453
101329.64158849968
101334.54503670758
101326.47552461358
101333.41267495902
101324.50866321338
101332.82098805337
101322.16502938475
101311.78730781292
101322.98366984254
101318.80679626134
101329.62144666215
101326.337311044
101334.59843117202
101333.85592886669
101336.14142144129
101333.2141905717
101331.63784492985
101326.65669685024
101324.67169407428
101319.6283428437
101318.78697014201
101314.56420906875
101327.11504019839
101329.7421496804
101328.56018849186
101331.46010611259
101329.51354545739
101332.68911744002
101330.59695144807
101332.76340372441
101329.5204797312
101332.02259091631
101327.73647015341
101331.89736927774
101323.89875296253
101330.24370779654
101321.87413825118
101330.19975631699
101320.97421715295
101312.50636237161
101325.49538818249
101321.28232938595
101333.53430283013
101330.20061772539
101338.53168850014
101337.78456306612
101339.9278685865
101336.81113163393
101335.9801896631
101329.89684425827
101328.24901450948
101321.31262240846
101320.7018051699
101314.68194467414
101325.10447907425
101326.69301792416
101325.51476583691
101328.05886438115
101327.29087214841
101330.06242252134
101328.51324351551
101331.34874953327
101324.21878381807
101325.8351917206
101322.84018087952
101326.66680199197
101320.01909244627
101325.57341945622
101318.51629271008
101325.54051518541
101317.95756092331
101310.48235287191
101319.5982108684
101316.80418583182
101325.57202629704
101323.73759215814
101330.98620883095
101330.79356331808
101332.56603037546
101329.84709004316
101328.35881410213
101323.58771354024
101322.18515756672
101317.34010738497
101316.64979766717
101312.60698917901
101321.0933903993
101322.66772786254
101321.98827691053
101323.64633869896
101322.66392291703
101323.98928383566
101323.38360739867
101325.45901041107
101323.39110791116
101324.19931303448
101320.92449607098
101322.65665221853
101317.60639363981
101321.48669040613
101316.3549875404
101322.10359686248
101317.19257702341
101313.2462656163
101323.08938464845
101321.38067486681
101331.03837054363
101329.66897358045
101336.52179015669
101336.35714268827
101337.81106347522
101335.08404398613
101334.00879367009
101329.00369357076
101326.77882349689
101321.07626629187
101318.9184600539
101313.80777856061
101319.44615565665
101319.94886052971
101318.98199499711
101319.97288010071
101319.54606296326
101321.47188413519
101322.15030718601
101324.17729571369
101317.16453284347
101317.83475896138
101317.47679778106
101318.66988567043
101314.93530452791
101317.27528184123
101313.8711776445
101317.29984399113
101314.55262638653
101311.17629570476
101317.11305341429
101316.17111056505
101322.00282092724
101321.86633781818
101328.15307874906
101329.93935913077
101330.59599239696
101329.00389534209
101325.41802727648
101321.57766186577
101319.90392978057
101316.68239692796
101315.12872884343
101313.00144767683
101317.15482581167
101315.25028320111
101315.49525866614
101315.54335390174
101316.43576431289
101317.54991604025
101317.64896142182
101317.04495907799
101316.11368035935
101317.72114202152
101316.88824359236
101316.74950792974
101314.18149329933
101314.507943976
101313.10773737633
101315.27302482093
101315.52729544185
101315.98054722219
101321.01510180297
101322.90642835453
101329.27423576206
101330.98399311313
101335.60958525873
101338.47933730963
101338.92733289023
101337.11546590732
101333.25322939905
101329.71219454326
101325.78732357647
101322.15250325241
101318.06497653711
101315.79423929
101315.5124799124
101313.82580300301
101313.72030284286
101313.77986024591
101315.77151862948
101316.26956067581
101317.91480178086
101316.47437090646
101336.92067645022
101334.07850575793
101330.06813157964
101326.80711878013
101323.09715616287
101320.24159989246
101317.8789807858
101315.85292102904
101315.09597072484
101314.43603495359
101315.81830880973
101316.5261794541
101319.54906610592
101320.58005316085
101322.23695113859
101321.52950809945
101321.05024914785
101321.85837518446
101321.51436818432
101320.0272940656
101317.5504361786
101316.74184179086
101314.4325954924
101315.64263703291
101314.76901857069
101316.8735262377
101319.08963301737
101321.14565941291
101326.09372181493
101327.83945684109
101332.73167164155
101336.26861927882
101334.62629379125
101332.95488438017
101328.82364942385
101324.59613066826
101322.41419513678
101318.45764976514
101316.11354221872
101313.21103765239
101316.38610079524
101313.27736224825
101312.67903109587
101312.13068229309
101312.48744140362
101313.21020756404
101313.78411173822
101313.88518665034
101314.16882692915
101314.19989132951
101313.26525440018
101314.46671411606
101311.5872988983
101313.96596786325
101311.56811517836
101315.86475615548
101314.26094348326
101311.76262622696
101318.30048339724
101318.53286065628
101324.79251913703
101325.43648121886
101332.08261933092
101334.12669244688
101334.18588085931
101331.95089174432
101331.45396862603
101326.29024427789
101324.52414140906
101319.46428597694
101318.42840449011
101313.49734904783
101319.22440742378
101320.61341404027
101319.87593277208
101321.89420907728
101321.57307840094
101323.98981718571
101323.46520623298
101325.16163007943
101323.86718868882
101325.50378391412
101322.55886120682
101325.31146202869
101319.07245185043
101322.9094580427
101316.93687830216
101321.76713306425
101316.5653085876
101313.09510593842
101321.51407533461
101319.92310848228
101328.42481510638
101327.23927497779
101333.56643738304
101332.85982399297
101335.65409089377
101332.82809414368
101331.43997915465
101325.80005214947
101324.35906825829
101318.65929540918
101317.4261732318
101312.38413981399
101320.15894931387
101321.05772926616
101320.08718464576
101320.67423888536
101320.15597288843
101320.90500375665
101320.96230476734
101322.50379303146
101321.62546585125
101322.61732412802
101320.21577309852
101323.06243348606
101317.6416923207
101322.4824995832
101316.86614221182
101323.80995221945
101317.12833129615
101310.90659796672
101320.96833840404
101318.64396844167
101327.88246390347
101326.58229947508
101334.19853380215
101333.94483107347
101336.58805237775
101333.56026637435
101332.53013868784
101327.33598061923
101325.99479970081
101319.9832436923
101319.46482459358
101314.20617050571
101324.34986299579
101327.4104394757
101326.6549059141
101330.17315378664
101329.01654098483
101332.19597203555
101330.47002413943
101333.24247355477
101331.23727451685
101334.11694522027
101329.24725710598
101333.86344489816
101325.05692323457
101331.66860008118
101322.42424095128
101330.3049703602
101320.43028041578
101311.60059696939
101324.19638736967
101319.84254428555
101330.99369325049
101327.24203061695
101335.34120501578
101334.70301609652
101338.1058011352
101335.15959330981
101333.54510254678
101328.09339836006
101325.89260194692
101319.94484650731
101318.35458011458
101314.11309602582
101326.07156850892
101327.69529863379
101327.11979101648
101328.84946894988
101327.66686250744
101329.3847227287
101327.89620120767
101329.45984349423
101328.15629719543
101330.90179411169
101326.8059275097
101331.74934752721
101324.54489707317
101331.50681685391
101323.10447216213
101331.59614550979
101321.60706430413
101311.32237098349
101323.12820820459
101319.87717974893
101330.90609194266
101328.15041040254
101336.7558089001
101336.33281131924
101338.55811006312
101335.8562520429
101334.15931970294
101329.18717030463
101326.49974847441
101321.0672501856
101318.6179977618
101316.03275809179
101330.82653866864
101333.8220308106
101332.1886427189
101335.58684001972
101334.42330019582
101337.74015393414
101335.90233064588
101337.89116144253
101336.28574477488
101339.41439033425
101334.61210593024
101339.38643814399
101331.02064034912
101337.45049421824
101328.76469094343
101336.22886657127
101323.38601841757
101312.72628894445
101323.88008389217
101320.69369803077
101332.85844668993
101328.45424650953
101337.23867549219
101336.60883290942
101338.59250064615
101335.91166864832
101334.00339835104
101329.16804358718
101326.14746205187
101321.93517836454
101318.23280630876
101314.39418070356
101333.87413979588
101335.26313599375
101332.29007182339
101335.56000416898
101333.91817872107
101337.31641187426
101334.97275013848
101337.22300617801
101335.35040396966
101338.59267743175
101333.92992152846
101338.85996525353
101330.89044314039
101337.66520525733
101329.49781147607
101338.41732309578
101323.831594085
101312.30194323855
101324.00834077828
101320.5428787448
101332.24139153841
101328.07238504598
101337.27797509634
101336.45635347118
101338.12261957841
101335.24054574933
101333.47596477551
101328.79019121171
101326.11250426926
101321.94804820165
101318.44937680564
101314.37321273767
101334.28959662587
101335.35805616344
101332.82644510959
101336.54000932802
101334.9151873432
101338.44517176342
101336.34946171197
101338.39653484356
101336.7782566876
101339.8498233729
101335.26071189268
101340.25274817846
101331.89523858395
101338.48645410818
101329.8825558777
101338.63106316487
101323.80267871605
101312.52858867886
101323.87137326927
101320.68092580404
101331.79559725872
101327.73891114868
101336.86157467769
101335.75329126671
101341.11369124705
101338.27652363489
101336.39914092203
101331.13874224268
101327.75387273202
101322.41602350456
101319.09034193258
101315.95404053092
101331.27126922057
101334.23317888388
101331.70795599105
101335.00162990669
101333.40797945662
101336.92812487473
101334.95657589611
101337.43864872307
101335.55239190982
101339.10893823949
101333.8542693538
101338.3155955141
101330.19663225944
101336.9118989056
101328.79180872548
101336.63327302851
101323.52769816767
101313.06407927393
101325.07375344419
101321.53366817073
101334.64422775251
101330.49107951975
101339.67937211164
101338.70744909086
101336.15586991343
101333.21288883738
101331.64074804945
101326.65818277179
101324.66809695837
101319.62536539079
101318.7833044025
101314.56269761447
101327.11544096901
101329.73760665269
101328.554680203
101331.45237217243
101329.51782195098
101332.68676299596
101330.5962875188
101332.75230750527
101331.03512003766
101334.11059401107
101329.63360867885
101334.55763434707
101326.48315857016
101333.41688567658
101324.51182054983
101332.8210203037
101322.16463144957
101311.78698992531
101322.98476213164
101318.8012366803
101329.6148772187
101326.34408595896
101334.59691983553
101333.85008523864
101339.91568565
101336.78437950651
101335.98973245974
101329.89761929156
101328.26590252055
101321.32932550403
101320.70519997567
101314.68400297084
101325.10354306502
101326.69071454866
101325.53096653202
101328.06302628363
101327.303120881
101330.06654996907
101328.51527656885
101331.34662589972
101329.51346369041
101332.01949123433
101327.76985122732
101331.90621109854
101323.89937780039
101330.24295567392
101321.87355776741
101330.19925631327
101320.97103774767
101312.50312059162
101325.49465760616
101321.28828460994
101333.53411122058
101330.20109706918
101338.54160340418
101337.79744632186
101332.57839465828
101329.83464985638
101328.36686246886
101323.58031119537
101322.18471832782
101317.32256359563
101316.64039990815
101312.60593341793
101321.08824199808
101322.65916262375
101321.98260672373
101323.6372555221
101322.6683152146
101323.98410102075
101323.38700058025
101325.45838582286
101324.22072638982
101325.85477461127
101322.85671468783
101326.67491219463
101320.01798118178
101325.57386673044
101318.51734222492
101325.54216866785
101317.95963593811
101310.47296264675
101319.60199149534
101316.80972426814
101325.57360902996
101323.73142937411
101330.99366561606
101330.80128052444
101337.82012677383
101335.07975889511
101334.01673090152
101329.00057278
101326.77555540272
101321.07731351482
101318.91767133863
101313.80833180177
101319.44755764055
101319.95168418266
101318.994959021
101320.00214685904
101319.53485478774
101321.48156899597
101322.15005095331
101324.18125693362
101323.39365684745
101324.20286984261
101320.93179446827
101322.66348235638
101317.60750434661
101321.48432330259
101316.34961578615
101322.10160933359
101317.18609607356
101313.24302865819
101323.09974054595
101321.38158587433
101331.03785436037
101329.66788662055
101336.52446706596
101336.35659062758
101330.60060744359
101329.00412136523
101325.4188012769
101321.57948312626
101319.89731971436
101316.68543982676
101315.12969197027
101313.00326901997
101317.1565106022
101315.23725409979
101315.47240359422
101315.52741327218
101316.4459753081
101317.53430391861
101317.64650640996
101317.04349401846
101317.16356982983
101317.83521865039
101317.47418672411
101318.6675113888
101314.93067054774
101317.27642724589
101313.87155861726
101317.3006543221
101314.54570866883
101311.17928399755
101317.11022465341
101316.17282686144
101321.99794178801
101321.8715454062
101328.15599592471
101329.94219727251
101338.92351124751
101337.11215020299
101333.24478148657
101329.72301809813
101325.79234244888
101322.15573653734
101318.06514522455
101315.79961265708
101315.52206298771
101313.82483632534
101313.69595422648
101313.79154912793
101315.78839149873
101316.26076761997
101317.91055033858
101316.46901765952
101316.11000123687
101317.71922256121
101316.8822663224
101316.74998663818
101314.1737608265
101314.50413119384
101313.10674500876
101315.27352628679
101315.52440623427
101315.98379571011
101321.01529103678
101322.91175484224
101329.27121020787
101330.98555857231
101335.60897729988
101338.47846414018
101321.0495374114
101321.85788688615
101321.51719069164
101320.0350187471
101317.54241533975
101316.74675279768
101314.43492636902
101315.64414078527
101314.78547082367
101316.88971485595
101319.09061347827
101321.15692234528
101326.09083178392
101327.84241302648
101332.729835826
101336.2656521045
101336.91681085198
101334.07747116897
101330.06477137021
101326.80502848284
101323.0989854587
101320.23964407132
101317.87699695338
101315.85108078229
101315.09470081941
101314.44091902855
101315.81197271642
101316.52788645271
101319.54768187481
101320.57999351309
101322.23603507745
101321.5289900088
101314.16885396882
101314.19949170503
101313.26333272416
101314.45891717833
101311.582127963
101313.96916588359
101311.5669635419
101315.86590222185
101314.26587377759
101311.75492779518
101318.28423118693
101318.52762184435
101324.7879353037
101325.43564106197
101332.08034441169
101334.12209733311
101334.61461395417
101332.95710878793
101328.82298498755
101324.5954161658
101322.41119664631
101318.45184797216
101316.11152961513
101313.21017486593
101316.39176320174
101313.28901141396
101312.67888388215
101312.13914024759
101312.48805915358
101313.21149565307
101313.78479071896
101313.88611497346
101323.86909591251
101325.50669637155
101322.55983270126
101325.31467753364
101319.06844789469
101322.90497713021
101316.9293282499
101321.76985319483
101316.57008599446
101313.10365636685
101321.52960573541
101319.92122884144
101328.42839977957
101327.23931427491
101333.56085942118
101332.85217705541
101334.16381370299
101331.95757780739
101331.47293016143
101326.29566628324
101324.52435117375
101319.45568875998
101318.41995809875
101313.48405945943
101319.20510053013
101320.62543635603
101319.8766125305
101321.90063423748
101321.57179470404
101323.99221776544
101323.46540230337
101325.16388135133
101321.625466399
101322.61783406981
101320.22014897523
101323.06613486342
101317.64823240809
101322.48615247184
101316.86047426412
101323.81476191059
101317.12961835886
101310.90433362579
101320.97389054089
101318.641528782
101327.88076578555
101326.57107422521
101334.19198976629
101333.95451979739
101335.66299849119
101332.80451544593
101331.45304871668
101325.80269431155
101324.36423579881
101318.65446178676
101317.41977301605
101312.3725671078
101320.12644831464
101321.05329199882
101320.0784123131
101320.67626122237
101320.15758941535
101320.9118261144
101320.96427532079
101322.50686269929
101331.23273292046
101334.11377297134
101329.24646792303
101333.86585418295
101325.05994044752
101331.66689627315
101322.43463860615
101330.29304922187
101320.42491638176
101311.60491515687
101324.19374900992
101319.84732485484
101331.00226440821
101327.23922901237
101335.34630332276
101334.70278997126
101336.5846857086
101333.55969691073
101332.53950075962
101327.32910436083
101326.00226939846
101319.98580479817
101319.46707578081
101314.21862745483
101324.38923135759
101327.40826581571
101326.65740991243
101330.17857957979
101329.01956813794
101332.20525462672
101330.46767435926
101333.24440795582
101328.16252240635
101330.90355529808
101326.81194534163
101331.74816854142
101324.5392995883
101331.50883522633
101323.10504789501
101331.60019027075
101321.60882193284
101311.32333822358
101323.1231468327
101319.87155700158
101330.91466414994
101328.15159159791
101336.75271228635
101336.31775299946
101338.10585148478
101335.15652464425
101333.5323909507
101328.09451145552
101325.89754080243
101319.94599561501
101318.35426011922
101314.11223628886
101326.06557348924
101327.69977077669
101327.10645998541
101328.84964690355
101327.6578942382
101329.39205962358
101327.89367424356
101329.46342037276
101336.2869746895
101339.4191000546
101334.61489018006
101339.38888051458
101331.02105759691
101337.45220603728
101328.76367892747
101336.23242355464
101323.38724970112
101312.72730766426
101323.87942772318
101320.68960396631
101332.85615491854
101328.46612414418
101337.2528566129
101336.60083501162
101338.56098439012
101335.85941090556
101334.16066753225
101329.18739367177
101326.49788026145
101321.06972156756
101318.61772466108
101316.03435333478
101330.82834660758
101333.82114831777
101332.18798739015
101335.58951487599
101334.41590463513
101337.73111159047
101335.90393740177
101337.89349657722
101335.34831153639
101338.60042522843
101333.919975046
101338.86273686439
101330.89640709474
101337.67250647035
101329.49520121068
101338.42223160947
101323.83381835246
101312.3013483278
101324.00824620764
101320.54322406281
101332.24289886808
101328.07259167827
101337.27691928789
101336.44929246035
101338.59164702844
101335.91307633124
101334.0011578525
101329.16781917927
101326.14772099274
101321.93952578926
101318.23333359705
101314.39503038133
101333.87688351408
101335.26409081138
101332.28808623944
101335.56432860382
101333.92392741301
101337.31358408781
101334.97629721723
101337.22353690224
)
;

boundaryField
{
    xmin
    {
        type            cyclic;
    }
    xmax
    {
        type            cyclic;
    }
    ymin
    {
        type            cyclic;
    }
    ymax
    {
        type            cyclic;
    }
    zmin
    {
        type            cyclic;
    }
    zmax
    {
        type            cyclic;
    }
}


// ************************************************************************* //
