/*--------------------------------*- C++ -*----------------------------------*\
  =========                 |
  \\      /  F ield         | OpenFOAM: The Open Source CFD Toolbox
   \\    /   O peration     | Website:  https://openfoam.org
    \\  /    A nd           | Version:  10
     \\/     M anipulation  |
\*---------------------------------------------------------------------------*/
FoamFile
{
    format      ascii;
    class       volScalarField;
    location    "0.045";
    object      rho;
}
// * * * * * * * * * * * * * * * * * * * * * * * * * * * * * * * * * * * * * //

dimensions      [1 -3 0 0 0 0 0];

internalField   nonuniform List<scalar> 
32768
(
1.1770300099725699
1.1773315556903354
1.176988658445965
1.178500797561687
1.1772179153563467
1.1765501420668143
1.1771929411692541
1.1766658844061815
1.1758249278959552
1.1772652151053895
1.1772692248090069
1.176636524647932
1.1768829937629961
1.1766763957204254
1.1767504963182049
1.1771264724708275
1.1771680216397433
1.1771743594316373
1.177080938963704
1.1768759491628342
1.1767336078916772
1.1775021130196508
1.176435516687985
1.1766216552601516
1.1765967259013128
1.1769052528921282
1.1769827280237368
1.177103566437302
1.1769225252700617
1.1770628734919562
1.1771081808637227
1.1770699362508243
1.1768730932776061
1.1767805757430234
1.1781213830921011
1.1776501989503594
1.1772737172612842
1.1769090307033681
1.1767745888814409
1.1767907438579674
1.1757637714093478
1.1770254586302729
1.1772207889101587
1.1764214533402759
1.1770870211438298
1.176680413131193
1.1766616735965603
1.1770669147920578
1.1770836029796941
1.1771434096778299
1.1766669157357905
1.176840874558611
1.176842236737083
1.1769074497343635
1.1767593020149432
1.1766483655684472
1.1767528846242177
1.1769696652680799
1.1768965623003922
1.1770191225002107
1.176933577291418
1.177007457919969
1.1770713510860422
1.1769707937753469
1.1768561930527615
1.1770141397354705
1.1774591190038104
1.1773655107600123
1.1772316285249274
1.1770669805974345
1.1766055203522268
1.1765055259828863
1.1772302232459719
1.1766346867792334
1.1766462585822484
1.1766791801823984
1.1767898026684021
1.1766148371245151
1.1769449800131109
1.1773564709166078
1.1771009241308077
1.1770764009976147
1.1768197468318491
1.1768259305018161
1.1768258174438913
1.1768055237265376
1.1768438149307787
1.1767200702876184
1.1768158643304465
1.1771247281197779
1.1765415998623723
1.1768005695270523
1.1769028493809752
1.1768928109798804
1.1770288217107454
1.1769339364669127
1.1768170079811666
1.1769223565863276
1.1770781413967621
1.1771095499201407
1.1770133408999051
1.1770810854094371
1.1768718913035228
1.1768922779178583
1.1767121184694651
1.1765192038713135
1.1767130733917732
1.1758784142913508
1.1767119300978306
1.1766932059740114
1.1764074984587021
1.1775809724206923
1.1758070350780161
1.1769917810058699
1.1770418952902255
1.1769347195708675
1.17684867065564
1.176760676636597
1.1769183888235804
1.1768104483476995
1.1765372130418932
1.1768328448609822
1.1767972376262683
1.1767422595625046
1.1768881199690515
1.1769437941094465
1.1767696750708783
1.1768712695657744
1.1765083503951397
1.1767479784090871
1.1769324139861033
1.1769063397323973
1.176749798290023
1.1771598607863833
1.1769779577859194
1.1768263029318911
1.1765745888571459
1.1765056134272205
1.1766206562874422
1.1771996360769457
1.1764963847923575
1.1767473274825282
1.1767925001929083
1.1770134713769007
1.1784052064830943
1.1771112262867942
1.1770428328985481
1.1769068600469186
1.176124075103268
1.1765823768895727
1.1770671304223672
1.1764846625252898
1.1760369452357322
1.1767812642178686
1.1768562502259552
1.1767166395296638
1.1766880392184587
1.176816031283151
1.1767450245058624
1.1765958656520328
1.1766476000904589
1.1765675963547044
1.1764818118570779
1.1768697711414977
1.1768950860688525
1.1768007148238182
1.176814841477636
1.1766428948637402
1.1762113742482805
1.1763314948814294
1.1767872778187933
1.1768006246792442
1.1767783618290799
1.177111554499543
1.1775540702891938
1.1776654539976417
1.1775488423834346
1.1773741672123801
1.1771447267295383
1.1769657312374229
1.1775060822434629
1.1763791545787927
1.1764018930653073
1.176286836142284
1.1764184712881591
1.1764646148473403
1.1765293810934427
1.1766492962207264
1.1765575080796125
1.1765700114078514
1.1766594247832891
1.1767464053962737
1.176693494340054
1.1765302373259892
1.1762864222011804
1.1768289960275011
1.176555563014632
1.1764730330085349
1.1764632285139451
1.176574100985829
1.1764760462334305
1.1768957242335814
1.1766959146307694
1.1767704689525071
1.1770670886358965
1.1770578558944105
1.1772876326449921
1.1774098789293941
1.1772275720183958
1.1772428314745464
1.177084756592397
1.176769587057541
1.1766305134328661
1.1763963361463508
1.1764587850364256
1.1765676984527491
1.1765353061254662
1.1764942586812421
1.1765505876645748
1.1766229363125242
1.1766317330729503
1.176715808920086
1.1767294924521587
1.1767535290375708
1.1767826907955268
1.1767667168312801
1.1766915221649714
1.1766758965634629
1.1765894579498368
1.1765153793911045
1.1764491304897526
1.1765659959858676
1.1764864973454083
1.1762781018029054
1.1765205710286475
1.1763966802746395
1.1768323593228613
1.1770352752590689
1.1770521510366467
1.1762180880373863
1.1755982541607271
1.1768908120659805
1.1770449025912775
1.1770694283903194
1.1768866568289975
1.176796444928492
1.1765501578534394
1.1765337640632836
1.1765150120053738
1.1765325134605766
1.1766483040406086
1.1766524439390349
1.1767471005458519
1.1767073099473273
1.1768475239499443
1.1768412254591349
1.1771526438624498
1.1771180859894916
1.1769757939455847
1.1768015761829984
1.1766390229235466
1.1766120211077196
1.1764688972248696
1.1766203629686554
1.1762606712153294
1.1767236588561218
1.1766725051824465
1.1768323843038708
1.1767653781793805
1.1768884702890794
1.1767839184009123
1.1773090112370119
1.1778448516827484
1.1766311404916108
1.1767341488286041
1.1767896061670198
1.1759114041643584
1.1774532825920261
1.1765479866590827
1.1765390049566828
1.1765117377690351
1.1765369163338595
1.176614378054885
1.176593094400775
1.1771180213325017
1.177028164704605
1.1771819658570628
1.1772068505143776
1.1772190225317347
1.1771967157146646
1.1769346005678754
1.1766937950680094
1.1767078773263873
1.1769316341964615
1.1765932404881738
1.176578750796645
1.1765289034307957
1.1771209464210133
1.1766848639971761
1.176720456740072
1.1766576028036175
1.1767167425820682
1.1767474276345489
1.1758204163166437
1.1766453593785602
1.1765056962129572
1.1765691795082287
1.1765185083787804
1.1763969208068417
1.1766317055246045
1.1766622643453457
1.1766266356865063
1.1765346700442165
1.1763985270317314
1.176340091332807
1.1765279843416174
1.1768479765866695
1.1769449602648117
1.1772497056255984
1.1772957310430705
1.1770854431845867
1.1771306509417125
1.1768990733484228
1.1768407890998807
1.1770535279373295
1.1763633932283444
1.1765456464974116
1.1766099853402634
1.1767339001937602
1.1766612140346864
1.1765465012969931
1.1765811329563969
1.1765495673138371
1.1766308418362021
1.1768613210380408
1.1781674889480218
1.1770660458924145
1.1767237974520748
1.1766594619402171
1.1765720568840536
1.1764565991375904
1.1768554963574895
1.177011717070461
1.1765753325786072
1.1766855181951428
1.1765192800248452
1.1765571147067839
1.1765600638344496
1.176843143937423
1.1766561448010826
1.1773454014347904
1.1771558132467914
1.1769451120099417
1.1771623857474081
1.1768438556571466
1.1767640333784566
1.176519955215511
1.176657322044621
1.17660741497154
1.1765843263239431
1.1766564839984874
1.176567953161169
1.1765000405162747
1.1765762749445394
1.1765048179641031
1.1765322981156807
1.176667847763444
1.1766829898991822
1.1766248468764253
1.1765891917537763
1.1762246694230936
1.1767662704165323
1.1763789036898411
1.1762170500833773
1.1778320940927161
1.1772050408899581
1.1767448773222515
1.1765849061576237
1.176673559490675
1.1765491284932612
1.1765003666932106
1.1773065454742004
1.177422206277851
1.1769844126930167
1.1767181741571155
1.1762882954459035
1.1768106391572928
1.1768656796998564
1.1768280124831811
1.1767748232060284
1.1775217825633091
1.1759368823258207
1.1766908134907734
1.1765744204490367
1.1767496556887778
1.1769569658319889
1.1767125223913246
1.1768419046622558
1.1767020372740213
1.1761521257376002
1.1761053915778257
1.1767038287985994
1.1766852398346801
1.1768875845017106
1.1771107335124713
1.1771576701511655
1.1768689524727429
1.1769400648736688
1.1766420229406047
1.1764211570549157
1.1770572006443956
1.17670805980856
1.1766628460699196
1.1760356988449439
1.1770923256211814
1.176874560319056
1.1770501007680394
1.1769214025571142
1.1769808764216707
1.1769889395602944
1.1769940037965043
1.1768096901647362
1.1767896062803209
1.1768105743872956
1.1769404029810118
1.1767311262988271
1.1767600591185154
1.1769882741851347
1.1768012881998373
1.1769795575106898
1.1769341392151311
1.1769982332431437
1.1767886888205863
1.177002276365215
1.1771438998360286
1.1771665190562279
1.177759718785317
1.1771981040770143
1.1767232964554468
1.1771028045007776
1.1768660938292346
1.1767415237147016
1.1768335679124637
1.1767800900787537
1.1768037324865925
1.1765139973304493
1.1774501623921432
1.1772459436298517
1.1772278782112817
1.1770714120832559
1.1770423519923003
1.1769776097458104
1.1770044927782006
1.1769660731704108
1.1768616569230201
1.1768900795840904
1.1768338831171994
1.1779493106605552
1.1759609341626154
1.1778811215764093
1.1766541265052697
1.1771624993685372
1.1771540391697315
1.1771946773103272
1.1767031731672319
1.1776320012372472
1.1777030100084598
1.1775887098527562
1.1769512044567056
1.1769878800218168
1.1761778180579956
1.1777795405641589
1.1768356084849052
1.1767516272154523
1.1768388881910903
1.1766374615929223
1.1769433675700223
1.1766640051775368
1.1760901961616186
1.1772602169669668
1.1772816563800534
1.1772522136066792
1.1771332295892223
1.1768833938748902
1.176831417799415
1.1780091602448843
1.1760534857817506
1.1770382390975775
1.1763574087602906
1.1769464104803156
1.1769090903084936
1.1778439280771298
1.1762867346931418
1.1770634101040831
1.1771201174191088
1.1771714337987074
1.1775674794394377
1.1774920303062941
1.1777534250424553
1.1777420087634267
1.1777327320959157
1.176900689663136
1.1769394766666235
1.1763602809894476
1.1761191008969112
1.1771804404147945
1.1774985335448436
1.1767145131864507
1.1768995195112129
1.1766993697035426
1.1768514983526419
1.1772567097111819
1.1771689122564855
1.1771753492541339
1.1770807319610705
1.176874377669179
1.1767322830300662
1.177502204520585
1.1764364530951112
1.1766227750363232
1.1765978592208406
1.17690582213881
1.1769826502853786
1.1771029979251264
1.1769217496697808
1.1770620116051278
1.1771076398565279
1.1770692966185032
1.1770269857223163
1.1773288593318572
1.1769870285850639
1.1785007209616283
1.1772181691235502
1.1765499959586592
1.1771927381220322
1.1766657772497229
1.1758247986742485
1.1772650803929212
1.1772691479383559
1.176636945529411
1.1768839682667491
1.1766778646383231
1.1767565666471491
1.1771256301839401
1.1770842825533279
1.1771438388177304
1.1766645202148818
1.1768365423766776
1.1768379662639139
1.1769057370168006
1.1767590540670385
1.1766487266338346
1.1767534198765623
1.1769701064859444
1.1768967640479697
1.1770189039490382
1.1769330837294765
1.1770069134650334
1.1770706378230684
1.1769688689124094
1.1768731111357715
1.1767745589312013
1.1781179550550889
1.1776475997176288
1.1772722871374475
1.1769086688760759
1.1767742592583614
1.176790241520393
1.1757633828505425
1.1770253042691743
1.1772209360679571
1.1764219100793185
1.1770862507432089
1.1766847593752408
1.1766947765012361
1.1770660227105494
1.1771018137852356
1.1770774719596959
1.1768200818163472
1.1768242061074485
1.176822531255564
1.1768024309011207
1.1768421206172557
1.1767196970178355
1.1768161152710925
1.1771255479743397
1.1765426502252663
1.1768012203631943
1.176902650258157
1.1768918468651259
1.1770269422343946
1.1769329524645651
1.1768502104917447
1.177016089588149
1.177460718094222
1.1773598707046702
1.1772266524158794
1.1770647461236614
1.1766056826996298
1.1765046319177568
1.1772292498432095
1.1766342214092296
1.1766464106869194
1.1766796221226763
1.1767901720201195
1.1766119180425716
1.1769179644994887
1.1773528131538404
1.1758072023941049
1.176994557485554
1.1770482044010016
1.1769430317702874
1.1768482032809464
1.1767579711390055
1.1769156750249374
1.1768092930032985
1.1765376662675688
1.1768341339452324
1.1767987819051038
1.1767434924704114
1.1768880729499098
1.1769424779792712
1.176767751661459
1.1768724764473693
1.1768226333291789
1.176942113201356
1.1770889127096673
1.1771038491467618
1.1770040863597115
1.1770774461425895
1.1768711890419259
1.1768915609358639
1.1767110585079956
1.1765180716161001
1.1767126348640951
1.1758786470380356
1.1767115157623997
1.176690891709933
1.1764019920398621
1.1775802964562936
1.1784064347620351
1.1771151868947844
1.1770506904361491
1.1769141239510708
1.1761259344632025
1.1765777784183715
1.1770635937711693
1.176483477026232
1.1760376852896459
1.1767826403920376
1.1768576773753696
1.1767178010245121
1.1766890421063658
1.1768157621468667
1.1767438914205206
1.1765973605348812
1.1765149344250256
1.1767620323404338
1.1769409257269217
1.1769044352311304
1.1767467522714059
1.177163278935089
1.1769684161130463
1.1768243917994476
1.176574370827177
1.1765024414322403
1.176618236887875
1.1771981193003211
1.1764938776781264
1.176747088467829
1.1768022238630351
1.1770163923532124
1.1775521959681798
1.17737831444705
1.1771494452362332
1.1769660440930398
1.1775054584415565
1.1763750803157706
1.1763992929016533
1.1762864165315443
1.1764195887350202
1.1764661968346801
1.1765309232315109
1.1766506301164152
1.1765588670249405
1.176570988123997
1.1766591854630353
1.1767461704435467
1.1766491798282541
1.1765706849725206
1.176483265721687
1.1768700071363998
1.1769027505992429
1.1768257244731042
1.1767825506412766
1.1766331104132393
1.1762125891121571
1.1763262401182275
1.1767808231733703
1.17679678097661
1.1767762544691556
1.1771075803212181
1.1775466913966668
1.1776647387175103
1.1772297802423295
1.1772451306778047
1.1770873119025229
1.1767691570489187
1.1766280970682079
1.1763934277177048
1.1764569810829326
1.1765679532179454
1.1765365450105498
1.1764960393748776
1.1765524342997147
1.1766236143514579
1.1766309607006593
1.1767138098152869
1.1767307001783172
1.1767538616952884
1.1766924817524753
1.1765305020380068
1.1762863632013836
1.1768282822402869
1.1765707779851993
1.1765089433386529
1.1764125836935488
1.1765644274675946
1.176476252061434
1.1768882829490055
1.1766875171286668
1.1767672040741202
1.177067185808979
1.1770598883591199
1.1772894168509027
1.1774125973695169
1.1755988670143338
1.176891898773206
1.1770455219879725
1.1770692849814799
1.1768853986866088
1.1767948294329051
1.1765491754960131
1.1765340299422498
1.1765161911269604
1.1765346811468751
1.1766496798510468
1.1766508042455701
1.1767387793327373
1.1767007072449036
1.1768581250598589
1.1768480836399668
1.1767817844439072
1.1767653731754855
1.1766917366512644
1.1766768132320728
1.1765926645395359
1.1765224006845671
1.1764395678818438
1.1765633176148371
1.17648205113613
1.1762704071281882
1.1765165783073053
1.1763955975063725
1.1768329474654058
1.1770376789495045
1.1770547420942847
1.1762196965071148
1.1778451395662362
1.1766314869449914
1.1767343477249415
1.1767897876197151
1.1759107614860578
1.1774523856741104
1.1765471681515329
1.1765390625768006
1.1765129108609784
1.1765388729505952
1.1766148015777886
1.1765893838209345
1.1771053930280997
1.1770185465859719
1.1771922368185328
1.1772154227826805
1.1771528675820522
1.1771174292370639
1.1769762506341326
1.1768024209504009
1.1766393014461487
1.1766114838936867
1.176467354874926
1.1766167690261853
1.1762551218546606
1.1767186733491724
1.1766707035698261
1.176832113225998
1.1767659235870789
1.1768889194434065
1.1767836554439228
1.1773089889980861
1.1766452259277103
1.1765060846227722
1.1765688351966133
1.1765167030735131
1.1763939441080573
1.1766301856641517
1.1766620469163616
1.17662634445393
1.176535615972035
1.1763997489767721
1.1763407355538462
1.1765281584913931
1.1768464681605928
1.1769415754175532
1.1772516056849496
1.1772960148641096
1.1772170570183376
1.1771964077676764
1.1769354424831593
1.1766930838898704
1.1767036240997475
1.1769282462192476
1.1765973335748563
1.1765823998436871
1.176532036211541
1.1771201271781098
1.1766848885618348
1.1767212987755717
1.1766583412801694
1.1767168567256294
1.1767467583391937
1.1758192559287139
1.1770656480200072
1.1767242389849999
1.1766580459382097
1.1765670200573399
1.176452153045374
1.1768499112134034
1.1770114591576659
1.176575610955666
1.1766856941601931
1.1765198362403524
1.1765582811999191
1.176564570353112
1.1768520293965548
1.1766632951156675
1.1773440354829634
1.177149320787487
1.1770822281515252
1.177131017928098
1.1769006799052348
1.1768350921925348
1.1770390591918627
1.1763545685051926
1.176556084612103
1.1766249275853569
1.1767405260176842
1.1766574259127169
1.1765526769064842
1.1765851992160947
1.1765526416435217
1.1766378069796963
1.1768638790812735
1.1781659138578524
1.1766246154519182
1.176586625285037
1.1762211579748805
1.1767672551998052
1.1764015991788841
1.1761992802622714
1.1778303973251543
1.1772058664120675
1.1767446378455644
1.1765846540359812
1.1766738924853219
1.1765533618518107
1.1765105171820265
1.1773148216100457
1.1774229833784169
1.176981381350328
1.1769448633853583
1.1771658704151515
1.1768460381140726
1.1767525753707662
1.176493586248242
1.1766386144588525
1.1766304031256458
1.1766091102309875
1.1766640370137147
1.1765572459575706
1.1765102995650962
1.1765827235136452
1.1765071372412961
1.1765398019423432
1.1766712439440055
1.1766833000883929
1.1761009123136437
1.1766912652716275
1.1766802063282251
1.1768856772436629
1.1771184339319769
1.1771563292556397
1.176868978124765
1.1769398312662107
1.1766415384206881
1.1764209179450849
1.1770569382305576
1.1767094341258959
1.1766677349585544
1.1760402012491094
1.1770936451243839
1.1768736041248971
1.1767199157820485
1.1762928419032386
1.1768149880308088
1.176855913416049
1.1768076557754674
1.1767607548764722
1.1775322893852902
1.1759566103122698
1.1767004628814821
1.1765746233198182
1.1767532212728107
1.176954998183507
1.1767029808280816
1.1768288261386091
1.1766971983211629
1.1761513244409605
1.1767782941013187
1.1769692607244024
1.1771308261896178
1.1771619544982974
1.1777593033784484
1.1771978993088057
1.1767231854670166
1.1771025209385784
1.1768658955909559
1.1767415882380878
1.1768336098584713
1.176780124423769
1.1768032575539862
1.176514076837295
1.1774502064469057
1.1772457753724679
1.1770500615031869
1.1769236448669782
1.1769814794156865
1.1769857047113852
1.1769883712320115
1.1768065330690074
1.1767931033066024
1.1768180848542109
1.1769472044499452
1.1767356172916086
1.1767624517022064
1.176986457893441
1.1767956290606321
1.1769745171804165
1.1769323863552523
1.176999666186024
1.1767125820248934
1.1776510535373035
1.1777127635470366
1.1775891337075974
1.1769502853262224
1.1769876381446671
1.1761776399347865
1.17777943292159
1.1768356310875026
1.1767518208170493
1.1768389721939763
1.1766370492949259
1.17694140542614
1.1766612570461905
1.176086328697667
1.1772587737098212
1.1772271881817187
1.1770707066685939
1.177041284804476
1.1769759150923893
1.1770023858956589
1.1769654870094841
1.176862146530347
1.1768907519475684
1.1768354286189793
1.1779515985031344
1.1759620623999365
1.1778815452108284
1.1766539941356151
1.177163584950409
1.1771566282977395
1.1772000801470885
1.1775720887352135
1.1775025380384894
1.1777567785741041
1.1777420077992409
1.1777321832373202
1.1769007668347868
1.1769395954547435
1.1763602694328541
1.1761192148648851
1.1771806429882763
1.1774987245451947
1.176713960798174
1.1768980793386952
1.1766972046767314
1.1768497858810161
1.1772550433995326
1.177280565948883
1.1772507099022131
1.1771319535421583
1.1768828243909772
1.1768308227425013
1.1780084843888414
1.1760525215210473
1.1770370823806626
1.1763563241533117
1.1769462907189834
1.1769092878409131
1.177844719283025
1.1762879766574639
1.1770649686557568
1.1771218377436103
1.1771734581721602
1.1769799599823005
1.1766213406963131
1.1784138271186309
1.1776418162695825
1.1772566191010982
1.1768031429767165
1.1769307020583735
1.1769263237846364
1.1760186584947045
1.1773829406855827
1.1767940657119542
1.1766743337240744
1.1767489212136772
1.1765510401892321
1.1768406773544535
1.1771703521342776
1.1770849467518083
1.1770041684088446
1.1769650744945515
1.1768503393430105
1.1768353745908104
1.1769076288154183
1.1767362815335607
1.1767334275143746
1.1769297268181678
1.1771086282398138
1.1768482848952133
1.1771723289735201
1.1767692469068689
1.1770265878132864
1.177111036019391
1.177062431616609
1.1768475070331976
1.1773063695497705
1.1776804363055857
1.1775735944853893
1.1773246980238963
1.1769733837160941
1.1767751070757047
1.1768853958690144
1.1767234673611195
1.1766070698883107
1.1765649405869303
1.1767280403565048
1.1768342707482855
1.17645010797259
1.1763367513735918
1.1771743635967997
1.1770235763255901
1.176941583653961
1.1768920378115855
1.1769381504939795
1.1768990346897117
1.1767725375957199
1.1765884908993494
1.176652888259117
1.1769182301674559
1.1773996554384005
1.1764259527274759
1.1769458078572137
1.1769315869035135
1.1770217329715069
1.177050885108377
1.1769425039896184
1.1768515509475481
1.1775465738708
1.1773450527170508
1.1773033184796053
1.1772449688848998
1.1771440162152176
1.1767631247524082
1.1768370105842967
1.176718583344617
1.1765167196329491
1.1751808472158944
1.1781414228720617
1.1765998793723409
1.1763440363214392
1.1776148882950819
1.1773150003692672
1.1771120758928906
1.1769114292677956
1.1768662181049532
1.1768893567237628
1.1768993283452043
1.1768251780460126
1.1768975589672659
1.1767548944643917
1.1772477452569647
1.1764695410074431
1.1767479121722904
1.1767655218970448
1.1768421131446205
1.1769150128075994
1.1776887935256304
1.1768899949194156
1.1762545292755993
1.1769777515048501
1.1769017627568139
1.1771322627977268
1.1770865687341026
1.1771596970545783
1.1769332752257149
1.1768723805691044
1.1766978487605124
1.1765974132973707
1.1765981974695052
1.1767055797762971
1.1767322408714298
1.176715311171187
1.1762865059273577
1.1778761255536676
1.1770166973529694
1.1770135743874588
1.1762220149628564
1.1769160782247747
1.1768490465587209
1.176728080624474
1.1767589054335408
1.1766799473657539
1.1767284163583367
1.1775114228143029
1.1760268228503781
1.1767196591104763
1.1768409249888048
1.176964062469025
1.1761512478222877
1.1768241801215238
1.1766855608049125
1.1767427827319317
1.1767343514303286
1.1767425149430353
1.1769709349373809
1.1770667264609256
1.1769734045882922
1.1768057732371655
1.1766445825800238
1.1765787997706056
1.1766121652348369
1.1765533978193814
1.176596524048348
1.1767688971059875
1.1769656113248614
1.1767351106481461
1.1767764687090083
1.1769936601277462
1.177683423091366
1.1768163318728906
1.1767785199058438
1.1765194724619443
1.1765494631953555
1.1764766826401529
1.1766069748787411
1.1767503890425646
1.176760442925739
1.1766965496105715
1.1767235174309141
1.1767911198983561
1.1775275123585536
1.1767989545605178
1.1767664316928506
1.1766128101967408
1.1765723674548576
1.1767076559272183
1.1769371606483134
1.176847896330115
1.1768098601095747
1.1762281095959726
1.1768928136004519
1.1766011873565367
1.1767432376319173
1.1767820661143029
1.1767448582367905
1.176959736344126
1.1773741339522963
1.177710187535949
1.1776562142242319
1.1772440566162525
1.1767890603932942
1.1768327784411547
1.1768316594618535
1.1761789611873721
1.1763261460862149
1.1759410518866062
1.1765128305716648
1.1765896490089871
1.176650301944409
1.1766855159720857
1.1766861657651595
1.1766849959842298
1.1756782924929008
1.1770852057578545
1.1767114422045213
1.1766009566737619
1.1765486601249446
1.1766690549324219
1.1766887819349579
1.176321692286457
1.1761105499371587
1.1769201867777859
1.1764919507511007
1.1762770866059917
1.1765060880354199
1.1772267274991228
1.1760701977029651
1.176965073767551
1.1772238325313256
1.1774639604154191
1.1773182452272171
1.1772685009753137
1.1773269129362778
1.1768504075148007
1.1766950220253047
1.1765889906006157
1.1765262335839208
1.1768947806356369
1.1765533318190324
1.1765751757505358
1.1766906309355099
1.1767076665893696
1.1767526926196088
1.1769338041611803
1.1767670013987814
1.1768143700090505
1.1767828746727769
1.1767560577378418
1.1767382303394129
1.1766714613452087
1.1766291513950131
1.1765095799685144
1.1764391563091421
1.1765289851079528
1.1765363950782581
1.1765465436939713
1.176652482914174
1.1766681524792142
1.1775478875542698
1.1770483208329687
1.1770871634661797
1.1773052060125884
1.1770586806886121
1.1770782411070804
1.1771098026912188
1.1770405473313996
1.1769333877173287
1.176727454299195
1.1758218359875114
1.176553248841935
1.1765240255107861
1.1765795281394991
1.1768194992531122
1.1767109077066096
1.1767130432730992
1.1765962131264354
1.1768396982496292
1.1768495726476225
1.1770551946468868
1.1770275230631633
1.1768730517069252
1.1767055488861153
1.1764800675494467
1.176576354275882
1.1765298990119542
1.1765804156614124
1.1765820244956022
1.1766518175531802
1.1766197802234917
1.1766415812657169
1.1767076833170451
1.1769487011983288
1.176895474887905
1.1765339350232122
1.176454451060545
1.176651378330241
1.1767669678236949
1.1768218083997153
1.1766630395903246
1.1766649762823342
1.1772698715193568
1.1765366154926855
1.1765066807562266
1.1765048127866544
1.176423599087669
1.1766950263762528
1.1767987519822116
1.1768194098085618
1.1771625965223196
1.1771321944001485
1.1771466081711583
1.1771155133564228
1.1768937864628677
1.1767075881520177
1.176624773824376
1.1766481381948164
1.176608557139966
1.176536952031503
1.1764225145938219
1.1765667437347227
1.1765754519231595
1.1765640651854816
1.1766272737290973
1.1767411686847609
1.1768249448510011
1.1770864808724539
1.1769802065685293
1.1765192265938715
1.1765963246609297
1.1765548734504194
1.176334574424585
1.1765645705092509
1.1766182019112399
1.1766757093052442
1.1765779686524489
1.1764369442559415
1.1760418225476872
1.1774387761514065
1.1764307478582936
1.1773217449012749
1.1772389653281861
1.1772863937521247
1.1770915105629316
1.1768723072184535
1.1768322704968477
1.1768091227060675
1.1768047606666232
1.1765830046824783
1.1766432218821354
1.1766165832343605
1.1768713742520958
1.1766227824413276
1.1764952158882171
1.1765760285831199
1.1758530522581083
1.1765925651780342
1.1767361945555854
1.1768742125903744
1.1767054116784661
1.176437654787768
1.1767240818296145
1.1766879444575069
1.1767486328865724
1.1761869018110875
1.1775807591046967
1.1767082092991983
1.1768010451462927
1.1766655702204936
1.1764993484800959
1.1756870422003021
1.1771949814071072
1.1768507769180381
1.1770185315945267
1.1772829478882889
1.1774297748231142
1.1769015879615641
1.1768228428391165
1.1768316568725576
1.1768525600818922
1.1766372810245607
1.1766303276127761
1.1766135950078207
1.1767366806200443
1.1767006906904574
1.1764520318636504
1.1765643248886384
1.1772676968095357
1.1760099775287696
1.1765852774727645
1.1766267786517808
1.1765192855294215
1.1765169516226255
1.1764587085098694
1.1766656292540181
1.1766670721858423
1.1768267323702419
1.1769297815473527
1.1769368480161104
1.1767988737608328
1.1766559139883779
1.176589939972714
1.1764738011874214
1.176762268430765
1.1770257987420332
1.1770650592527601
1.1769545740830412
1.1763425173064916
1.1768011624571753
1.1768948011938929
1.1768776539894414
1.1768646961138469
1.1767298859049888
1.1766894750787906
1.1766915772694804
1.1767361455117544
1.1767175966653809
1.1767097815326428
1.1768078777823441
1.1766623032592811
1.1773071542207927
1.1768390755112819
1.1766533551131106
1.1764840315089238
1.1768687158107021
1.1764050234893499
1.1773645053656236
1.1769380216222911
1.1771545397885652
1.1768445841739581
1.1768992318333944
1.176738632397788
1.1766876787823133
1.1767903252552714
1.1767017529012151
1.1768195393956653
1.1769179200306497
1.1769602859709312
1.1767953557900337
1.1770147164585762
1.1770483711246698
1.177020734181397
1.1770162675010318
1.1771308915549419
1.1766081497353098
1.1767672413992221
1.1767782069118737
1.176772689999984
1.1767865513646663
1.176845838807399
1.1770733635822863
1.1772222690363929
1.1772084653433375
1.1770169802639547
1.1767957925068626
1.176114818583107
1.177551317662016
1.1771421284811736
1.1771615812984824
1.1774245328852919
1.176649924421775
1.1769991806775515
1.1769077754921402
1.1767267907177033
1.1768843276220537
1.1768725943604439
1.1767528082725853
1.1767411463674862
1.1765184327599747
1.1768014199415402
1.1770756556571715
1.1770952869804072
1.1769349233507942
1.1769854396979189
1.1770327553719038
1.1771912375511264
1.1766695735272787
1.1768674033804236
1.1768060733208776
1.1768756015081707
1.1770334675721523
1.1768797703640062
1.1770748751951383
1.1772159585058715
1.1771315175068702
1.1771139121710112
1.177092022946628
1.1771021975594904
1.1775278191348915
1.1776131572811361
1.1775625280372517
1.1774165757599899
1.1779127901195869
1.176806641887554
1.1769724188153563
1.1768976003208258
1.1768418597627106
1.1768673418785478
1.1766668852376483
1.1768508904416153
1.1766552549816311
1.1768879312116853
1.1771523348355748
1.1771788775416725
1.1770290661364764
1.1770086043702921
1.1769234762832501
1.1769434555345033
1.1769315017561959
1.1768639447885296
1.1768717174542407
1.1769456699187371
1.1771311056249267
1.1768197952198758
1.1771070892897777
1.1768813312098394
1.1770488524485836
1.1771066513185378
1.1770828200971339
1.1770536401385137
1.1774052361597462
1.1776658877016108
1.1776433913621822
1.1773166589499329
1.1768944390027711
1.1768285913069325
1.1769803852631733
1.176826442023406
1.1767324909569696
1.1768722049811666
1.1766747157605499
1.1768280912057762
1.1766289269737344
1.1769651159210726
1.1772450039914433
1.1770861172127209
1.1770049503806155
1.1769643731302732
1.1768472141179467
1.1768333132322295
1.1769074973246316
1.1767368560178866
1.1767340739124112
1.1769299620984275
1.1771084000530412
1.1768475886991452
1.1771712596022017
1.176768009746084
1.1770257524208076
1.1771104398028618
1.1770636632009628
1.1769894641558807
1.1766217373865802
1.1784130484234419
1.1776413816484916
1.1772558693132407
1.1768025238927375
1.176930397112808
1.1769262752006315
1.1760186634447509
1.1773828667950994
1.1767941706786531
1.1766751425339821
1.1767507372286983
1.1765590668097061
1.176871379796683
1.1771760800021505
1.1770280518920329
1.1769416764152771
1.1768881291973652
1.17693085740157
1.1768937988614538
1.1767701612010741
1.1765878315867841
1.176652749928758
1.1769181790524728
1.1773996381119425
1.1764257786360401
1.1769452116849446
1.1769307986838644
1.1770204868601246
1.1770482555479171
1.1769507760001647
1.1768866219405307
1.177318827200164
1.1776792606963515
1.1775711519101129
1.1773212213274868
1.1769721494010397
1.1767746934017909
1.1768850957832775
1.1767232946513404
1.1766069389261113
1.1765650108349357
1.176727553351276
1.1768320141316442
1.1764687015043018
1.176798975764237
1.1772156580575635
1.1771179945539274
1.1769122588208454
1.1768634688989446
1.1768852559258534
1.1768945698686959
1.1768217629979161
1.1768961443326658
1.1767543299481276
1.1772476449973548
1.1764700023387347
1.1767484794097429
1.1767659934340784
1.1768416124681245
1.1769134368911323
1.1776879963942724
1.1768811319780603
1.1768140708646209
1.1775599628317308
1.1773529496300221
1.1772951500291193
1.1772354443034565
1.1771393920247177
1.1767629606858938
1.1768363851666299
1.176717999781552
1.1765163983812126
1.1751807362912878
1.1781417329750443
1.1765957603505051
1.176299613665214
1.1771553681960076
1.177293634783309
1.1770196923874534
1.1770173820403556
1.1762296567789448
1.1769243776478799
1.1768522941018589
1.1767266845868474
1.1767571342096557
1.1766789626470131
1.1767284611604707
1.1775122235271611
1.1760279855978195
1.1767206027186334
1.176840421276917
1.1769636959510121
1.1761561843866706
1.1768166921651619
1.1762152389909983
1.177043941931506
1.1769255056994981
1.1771194420917703
1.1770741483785316
1.1771518045882701
1.1769323868194559
1.1768713909706676
1.1766968338489805
1.1765966666048726
1.1765979503163595
1.176705223511568
1.1767308178409639
1.1767100693964425
1.1762575993161313
1.1778732604055933
1.1767804274926053
1.1770000782474708
1.1776937016337243
1.1768279537654576
1.1767816435111076
1.1765171270012136
1.1765465683529355
1.1764753240704413
1.1766074187380815
1.1767513536270862
1.1767613506780106
1.176697318869506
1.1767241898043519
1.1767894111289361
1.1775220703485916
1.1767972795705357
1.1766832355129797
1.1767600747412181
1.1767436422377986
1.1767368939828913
1.1769643044002491
1.1770641351464435
1.1769638708849404
1.1768031894312749
1.1766437508693106
1.1765772555622815
1.1766110300940003
1.1765524449816731
1.176593721703902
1.1767634123619597
1.1769618377610618
1.1767370326526843
1.1776607545121422
1.1772491932710292
1.1767940077611476
1.176835988801203
1.1768312636003833
1.1761755211095113
1.1763235195328634
1.1759405712223427
1.1765136041640021
1.1765908759969563
1.1766514655170481
1.1766866142330781
1.1766873190613392
1.1766853694421353
1.1756758886872236
1.1770849453935293
1.1767669559017464
1.1766137438619213
1.1765745547431841
1.1767074183064861
1.1769506302810819
1.1768944557086478
1.1767552161615187
1.1762116950860442
1.176891632513628
1.1765984923311328
1.1767402088010859
1.176779725480495
1.1767417549768795
1.1769563905124676
1.1773773844953512
1.1777127657188329
1.1773177565073254
1.1772693573634405
1.1773282336235433
1.1768498056664556
1.1766930864334941
1.1765864052563348
1.1765246883456328
1.1768947984631686
1.1765542585638866
1.1765766770395654
1.17669225133581
1.1767087821976789
1.1767519888562781
1.1769327018075073
1.1767674539585777
1.1768142966769264
1.1767107488887862
1.1766010708950558
1.1765480401873671
1.1766751636137065
1.1767420694702202
1.1765375991618352
1.1758938022577352
1.1768715825675358
1.1764870934523899
1.1762728236982829
1.1765013898779599
1.1772250176184429
1.1760705474118258
1.1769670000628076
1.1772273605351726
1.1774643445723498
1.1770575379923074
1.1770781578567535
1.1771100280189506
1.177039978451057
1.1769319920551358
1.1767262104208522
1.1758211211059475
1.1765533023110541
1.1765247774144847
1.1765809715907125
1.1768212776113427
1.1767109181582203
1.176708248258677
1.1765927803738667
1.1768465612691621
1.1768522434517581
1.1767816693721198
1.1767551472200364
1.1767380269955641
1.1766736367310064
1.176640783698498
1.1765469614979878
1.1764012395694299
1.1765127365108281
1.17652863655985
1.1765395681931619
1.1766479625065838
1.1766668592674261
1.1775496929152172
1.1770514499007265
1.1770895891974245
1.1773055909880521
1.1764546229236588
1.1766520175829782
1.1767671671240583
1.1768217508067631
1.176662347074485
1.1766643078558285
1.177269232801156
1.1765365025622294
1.1765072406835495
1.1765059329165115
1.1764246816707278
1.176693220567538
1.1767926525859327
1.1768153321952837
1.1771699538388933
1.1771399810778078
1.1770550685510583
1.177026759505148
1.1768733985768145
1.1767064616503573
1.1764805035017842
1.176581766369666
1.1765294625387843
1.1765762762104515
1.1765749266376979
1.1766461389528635
1.1766179120976665
1.1766413769945598
1.1767087875746995
1.1769502750193348
1.1768960747552402
1.1765341207405227
1.1769801049409321
1.1765196948715342
1.1765962039912401
1.1765538160701956
1.1763327679045286
1.1765641763361994
1.1766180709551839
1.1766753288915988
1.176577832095943
1.1764373076508856
1.1760422860460613
1.1774387319314794
1.1764298710224284
1.1773216153460195
1.1772405250629492
1.1772861782080799
1.1771453657223472
1.1771157276978126
1.1768954086510768
1.1767081002151569
1.1766224351727508
1.1766456888110999
1.1766132526825892
1.1765446132353243
1.1764298702279889
1.1765665465246999
1.1765772757427087
1.1765681718262149
1.1766296469403976
1.1767410227697357
1.1768238583259896
1.1770852299958241
1.1767048448851656
1.1764372016291411
1.1767231137649572
1.1766850614059445
1.1767465894361047
1.1761855714746259
1.1775819148599143
1.1767082836024558
1.1768006178798214
1.176665054892936
1.1764995502473885
1.1756890102792887
1.1772012350806831
1.1768569942954517
1.1770192857434256
1.1772798196087113
1.1770901068281117
1.1768755637215842
1.1768360562606159
1.1768041576548107
1.1767910201950287
1.1765762574523766
1.1766509069868087
1.1766295959623931
1.176875429658657
1.1766144688300613
1.1765103840620774
1.1765875234208061
1.1758567139787399
1.1765967840289839
1.1767365110314909
1.1768725999173075
1.1765186203361444
1.176516129333661
1.1764559670160495
1.1766629348612201
1.176670112276716
1.176822402163856
1.1769304410694654
1.1769373962702145
1.1767984085525269
1.1766550515557619
1.1765897049641572
1.1764755434552701
1.1767693833088702
1.1770338030229899
1.1770677001649184
1.1769541153180256
1.1774313847574753
1.1769086210108324
1.176831646923937
1.1768189888145049
1.1768285007646093
1.1766253342188708
1.1766434557342274
1.1766286460656579
1.1767319447063431
1.1766794234488929
1.1764728692368216
1.1765809158641132
1.1772709929558385
1.176012739823868
1.1765865982768797
1.1766262637375267
1.1764834915593434
1.1768667926155791
1.1764006920571799
1.1773610266206695
1.1769386883706907
1.1771547842378121
1.1768453592836894
1.1768992195454533
1.1767381640125196
1.1766871981233518
1.1767897371123979
1.1767019729568724
1.1768230579564929
1.1769226485182267
1.1769631051239429
1.1767972379877358
1.1763470818754576
1.1768143654633691
1.1769084558931309
1.1768634503050392
1.1768402983284818
1.1767176729875177
1.176697213096074
1.1767010037661485
1.1767365011171085
1.176708737543021
1.1767217295524097
1.1768102318926854
1.1766547819472726
1.1772981729526788
1.1768342528646787
1.1766531304081249
1.1761129414683376
1.1775459890358044
1.1771364487083344
1.177159025528915
1.1774246821390235
1.1766505397673634
1.176999540750413
1.1769075029556286
1.1767264908625805
1.1768840547583452
1.1768721478956032
1.1767522127285353
1.1767412570349818
1.1765181711441604
1.1768009418236429
1.1770760731221723
1.177017127392195
1.1770547583222679
1.1770264211531365
1.1770089026410959
1.1771228543342236
1.1766025885510194
1.1767686619510198
1.1767817656553561
1.1767759516222647
1.1767887468228841
1.1768479623111259
1.1770707642970739
1.177216533007361
1.1772037015880015
1.1770146693278123
1.176796041199629
1.1771019609117348
1.1775314206020486
1.1776176341398614
1.1775652669486449
1.1774187107924194
1.1779134679374732
1.1768066344618375
1.1769722097448745
1.1768974278362236
1.1768418015694848
1.1768671090453127
1.1766659161408923
1.1768481542283127
1.1766517682550945
1.1768847089736647
1.1771507669404722
1.1770943131038791
1.1769356054437763
1.1769860844394215
1.177029634544787
1.177188764651419
1.176667207320117
1.176867012429897
1.1768067628470875
1.1768772403247654
1.1770366379894324
1.1768809628986634
1.1770746912829675
1.1772160242710774
1.1771318410392821
1.1771150581246881
1.1770924448313895
1.1770526115090885
1.1774049296943456
1.1776683227814315
1.1776445701544425
1.1773182985411854
1.1768952127360024
1.1768287523395156
1.1769803084591135
1.1768263609420546
1.17673250698267
1.1768720177420855
1.1766736334251262
1.1768250802610627
1.1766239685198574
1.1769601882469289
1.1772435453033701
1.1771776422859801
1.177027814221437
1.1770075264108373
1.1769230886589142
1.1769426799371812
1.176931200103233
1.1768632928680873
1.1768711165355275
1.176945320403088
1.1771314462466491
1.1768205415792612
1.177108255905049
1.1768829951674777
1.1770505292361266
1.1771076940250693
1.1770822994556589
1.176934158206949
1.1772964998499551
1.1774660649142434
1.1774450680995316
1.1773489999344311
1.1770937921078446
1.1767787844472029
1.1764369328261899
1.1772820242019837
1.1765669768231872
1.1767109778423794
1.1768950515619356
1.1764105895212054
1.1762850207293754
1.1770780790610411
1.1772216311932844
1.1770422238054892
1.1769285605672373
1.1769107689039133
1.1766385090541964
1.1768440038864143
1.1768237072509122
1.1767952560358244
1.1768144283687509
1.1770543548892141
1.177326733501513
1.1764425737019886
1.1769315050616997
1.1770363209118337
1.1771238579080194
1.1771087349911296
1.1770154177698531
1.1768295134501712
1.1771910370575682
1.177505455519672
1.1773816690624281
1.1778042647189924
1.1771367108815769
1.1766995224904613
1.1769396260557512
1.1767819768730892
1.1765518845588943
1.1763676127869418
1.1770922866363531
1.1771185109959512
1.1766655022667751
1.1768897151834461
1.1770855768902639
1.1769755933984389
1.1768731204554781
1.1769646284884236
1.177086614388785
1.1772954088068632
1.1763012041579961
1.1766588906086999
1.1766994259293178
1.1768219648200957
1.1769715024391409
1.1767879694890948
1.1769425166863321
1.1771823013791205
1.177040199681235
1.1770277392546895
1.1769417926184078
1.1767686066962162
1.1772642723981557
1.1771017330489963
1.176688979805067
1.1771977369632176
1.1772217517622561
1.176907123607825
1.1768201459547982
1.1765365925845281
1.17659092385289
1.1765679907175255
1.1767838045146886
1.1766453517090096
1.1766347994384689
1.1769581571215491
1.1770709447347811
1.1769480324396584
1.1765874376146723
1.1768888910855801
1.177045986332522
1.1771186980906401
1.1767771594210796
1.1768180538828648
1.1768888268766227
1.1765002947293572
1.1768184107188859
1.1768056234027955
1.1767722694979939
1.1768464428602403
1.1768043282843217
1.1769458027474862
1.1768998269953654
1.1768340638397268
1.1769828921719139
1.1767956768285346
1.1769831161809037
1.1770672930817878
1.1772262133563425
1.1769933855072501
1.1768840835623402
1.1767220603419699
1.1767949388159613
1.1766954110654688
1.176544410826456
1.1759835581579439
1.1771697381309347
1.1770297767464302
1.1770378802847865
1.1769965940543987
1.1772310464108995
1.1769586018006668
1.1768920097793545
1.1769113355295369
1.1767138995034419
1.1766866569876639
1.1766389731951239
1.1766858720995774
1.176787557600071
1.1767658031423864
1.1767381852323822
1.1768350855239396
1.1770647125251841
1.1770558812748779
1.1769523633039445
1.1768463015112467
1.1770368579446677
1.1766660135356011
1.1765439981648653
1.1772319541417984
1.1770526243078991
1.1769116232151067
1.1768926447621058
1.1767111398784738
1.176607396857579
1.1766356217547884
1.1765783843103257
1.1766201017261317
1.1764535933266562
1.1774441108196763
1.1769712500594882
1.1769924239212155
1.1770187885062162
1.1768746044895129
1.1766372338159896
1.1766863460469845
1.1766352010922458
1.1766281934938811
1.176561169965507
1.1766816051681839
1.1767654230720908
1.176752726678838
1.1767172904638086
1.1767439434408455
1.1766947157985941
1.1773097085336632
1.1769202942988553
1.1767478233999367
1.176375678743711
1.1765871535377614
1.1761666818367893
1.1773594466662098
1.1772647588744607
1.1767174319575777
1.1766561324386091
1.176613482141649
1.1764824494260311
1.1767419798254974
1.1767739133695603
1.1759065422813102
1.1768671719544548
1.177296275367123
1.1772560295122017
1.1771489229536596
1.1764006543917715
1.1769891671318384
1.1768128995684397
1.1766871721774455
1.1765026392091469
1.1765057922394495
1.1771855011147991
1.175864318846662
1.1766745087937258
1.1767082750479545
1.1767200757456397
1.1767599616518585
1.1767684369083831
1.1762814663689021
1.177590383731163
1.1767477707974563
1.176617310331183
1.1766653118464687
1.1766488106002309
1.1770595533004398
1.1762050731957532
1.1764707394970557
1.1765202933453893
1.1765254205646363
1.1758132192204234
1.1774329809973352
1.1766717591004348
1.1769086225111063
1.177333829941771
1.1767819958494417
1.1777447018338703
1.1771141299351076
1.17788928089512
1.1769923549399592
1.1770272813879288
1.1767847729169203
1.1765614112022782
1.1764701296032867
1.1761995006428336
1.1765361915272379
1.1766444706498365
1.1767143334663908
1.1767425241827587
1.1768022007069836
1.1768503125764656
1.1767955922096303
1.1760994105627016
1.1767856784148862
1.1767363075747961
1.1767175641338541
1.1766324150929213
1.1770967128124505
1.1765564215575599
1.1765256167420293
1.1764924413056403
1.1763096525843544
1.1766019381866628
1.1766766248192493
1.1766294245137581
1.176689988406175
1.1770241769971825
1.1767998405088516
1.1778250400459951
1.1771334981965798
1.1770388674689736
1.177133308717313
1.1769806861578143
1.176842272778619
1.1759950219722317
1.1773529243912808
1.1767444127448299
1.1765610515767544
1.1765884217656941
1.1767101318135305
1.1767089277068099
1.1767672047260771
1.1768407807611767
1.1769174489513783
1.1768774243014823
1.1768597493976272
1.1760338126280558
1.1774441392115127
1.1767140448682814
1.1758793364091571
1.1766917986788807
1.1766343541015782
1.1766283134822506
1.1761685942693081
1.1766560926350031
1.1766217998388431
1.1765864206752561
1.1767541465140401
1.1769331866760244
1.1769842312592289
1.1769943159142211
1.1768053748182215
1.17676273664771
1.1768079933330668
1.1768121424073572
1.1767093329955811
1.1766504274207885
1.1765212267393919
1.1765740230947044
1.1765469766577428
1.1765596100099265
1.1767831768886128
1.1767707766049356
1.1767281170083608
1.1762604137826649
1.1774537179591624
1.1769684390532906
1.1770216065222794
1.1768808672862394
1.1768008237669212
1.1767753993609062
1.1766971183891057
1.1766983909971764
1.1766853947291809
1.1765788965820689
1.1773664024995125
1.1765326415797317
1.176547442806547
1.176346042532737
1.1766618121110248
1.1767338338793671
1.176786294771544
1.1768390317489625
1.1767183554195864
1.1765554833322838
1.1766426705103277
1.176672553123121
1.1765695886636771
1.1765628867380125
1.1763138105853779
1.1763048360516328
1.1766410498190649
1.1763287942197274
1.1766831487769205
1.1768026024663418
1.1767609756607835
1.1767606111866851
1.1770622675426632
1.1771499338283256
1.1770226453973105
1.1768757164358317
1.1768407707084307
1.1768159030449052
1.1767376714653175
1.1765933222146017
1.1768284892327987
1.1764767748893941
1.1767340328079752
1.1764738783984083
1.176625424218267
1.1770258931409163
1.1760065790710044
1.1766965989823914
1.1767084313500589
1.1767477163741042
1.1765369640311785
1.1763910354301796
1.1767556963779606
1.1767191903986205
1.1759596133733541
1.1775152659194985
1.176747153191821
1.1776132110088442
1.1767575823927587
1.1765965303488377
1.1766101611433222
1.1765445608440506
1.1767968453124604
1.1768170366175412
1.1768710884931919
1.1771486393674555
1.1769737416140549
1.176878225282378
1.1768319137734593
1.1768028362445648
1.1768141187497538
1.176708670409818
1.1766744931151987
1.1766197647836951
1.1767317718008607
1.176623934895346
1.1765609695962096
1.1767077051147998
1.1774944168401709
1.1766710191221155
1.1766114677726698
1.1767058370580088
1.1764708420167267
1.175716047656935
1.1766326979973187
1.17679010407189
1.175998041814228
1.1767864906150098
1.1768933752722237
1.1769138849831302
1.1767627564031518
1.1766539931110827
1.1765527425879019
1.1765473710276746
1.176783147008486
1.1768709450374526
1.1770342076341926
1.1769700458853487
1.1768719807906491
1.1769067898737382
1.176913619603563
1.1768836066042767
1.176833536739869
1.1770525459428567
1.1764387161408778
1.1766910423201971
1.1768124295235212
1.1766916977148776
1.1766909325911765
1.1765221556550185
1.1767876448407437
1.1769124870382892
1.1768345746551774
1.1768725147825485
1.1762647859905526
1.1775355984102502
1.1766687616252494
1.1770939041339652
1.1776997683582091
1.1770804177939043
1.1769503381979172
1.1769109618267777
1.1768135013596099
1.1767168549305471
1.1766931523748827
1.1765977391334628
1.1768097793034447
1.1769481689998451
1.1770917706324588
1.1769693619896964
1.1770456673531464
1.1770257013920846
1.1770365596072909
1.1770269782937188
1.1768967268419259
1.1768481025837083
1.176794579111718
1.1767322302084871
1.1768047170780671
1.176818163820325
1.1768340635131458
1.1772002153318004
1.1769776678459181
1.1769802455088474
1.1770540930198341
1.1769946692483282
1.1769796092162443
1.1776712428521527
1.1770580884400705
1.1771709436740379
1.177226396873585
1.1770821681335071
1.1761748544723112
1.1768555970398498
1.1767774961115449
1.1768221447035414
1.1768858922471046
1.1767346120080666
1.1767761550643885
1.1767286861003574
1.1768725375701379
1.1772759031975113
1.1769651262355694
1.1769405841812195
1.1769850627569933
1.1770139000391697
1.1770390204794272
1.1768935801756599
1.1772132942888207
1.1765332499400802
1.1768894927700058
1.1769377609876059
1.176887274638666
1.1769768592286294
1.1769995322130682
1.1771281949784651
1.1771421408326739
1.1771094094098207
1.1770431946698454
1.1773532204624968
1.1773261607664078
1.1773167082717337
1.177417145329368
1.177433348498921
1.1776432793641041
1.1768595720134079
1.1766718131846439
1.1765730866662472
1.1766665466268202
1.1775232896820595
1.1768040110431084
1.1766566395159515
1.1768964149982928
1.1767672588966163
1.1770524988758047
1.1769494337943096
1.1769446321557842
1.1768869235877915
1.1769709583105439
1.1769519935319317
1.17691854251711
1.1768842224794729
1.1771949626253848
1.177060777572154
1.176605236022134
1.1769181937696338
1.1770429441823476
1.1771757620078884
1.1771322705406735
1.177016170378099
1.1769369537143801
1.1773329962328865
1.1774406204579719
1.1774576358904589
1.177359389973583
1.1771550828643249
1.1768047850747816
1.176821097282728
1.1769406349742646
1.1767693059902729
1.1761826686966501
1.1775222883492598
1.1766856630010827
1.176309526607034
1.1772151613846171
1.1772112502210639
1.1770426980492121
1.1769296860575336
1.1769102198964034
1.1766365859814383
1.1768432369531068
1.1768239369531284
1.1767956281842826
1.1768144655517414
1.177054074407947
1.1773260962518071
1.1764415351727671
1.1769303341926196
1.1770351548144353
1.177123191827814
1.1771073139172774
1.1770223186350901
1.1769708106469317
1.1773036126605756
1.177463223038121
1.1774427416617284
1.1773474123006757
1.1770928961278742
1.1767784696963459
1.1764369314938701
1.1772820101959727
1.1765668477993549
1.1767112081510847
1.1768968065544951
1.1764156185721912
1.1762915276993258
1.1770863845405135
1.177222542942763
1.1769746264597736
1.1768738805322221
1.1769631756957055
1.1770822682947364
1.1772921597688688
1.1762997096442391
1.1766586387423108
1.1766991474062667
1.1768215151138264
1.1769709207833168
1.1767871633768145
1.1769414785356231
1.1771811116242969
1.1770384577458801
1.1770239291584239
1.176977475481487
1.1771369422474385
1.1772301762039552
1.1774943181402642
1.1773782689211743
1.1778017609846612
1.1771352194576228
1.1766991446452189
1.1769395009117565
1.1767819159051449
1.1765516716064686
1.1763674381646196
1.1770916940287175
1.1771160342527707
1.1766665456481558
1.1769156239328415
1.1770892617351909
1.1769493964836868
1.1765882814778434
1.1768880883643131
1.1770424391011274
1.1771150130123587
1.1767751506818829
1.1768170178505257
1.1768882719046838
1.1764999160586012
1.1768181986725921
1.1768054332781712
1.1767721059772616
1.1768457554373457
1.1768041082584171
1.1769452857745208
1.1768528745990052
1.1764276748894296
1.1772763538990947
1.1771112325577564
1.1766840791727398
1.1771900233669867
1.1772171419429729
1.1769060067164339
1.1768197619541125
1.1765363322680562
1.1765905785632043
1.1765675086889325
1.1767820913655396
1.1766415547456612
1.17662615694362
1.1769299133932458
1.1770683421540031
1.1769989815700843
1.1772337560697805
1.176962962652518
1.1768976909794633
1.1769148368843207
1.1767133841162465
1.1766854916901517
1.1766382351755709
1.1766856820785545
1.1767877550013131
1.1767660648877949
1.1767384370107212
1.1768339802978403
1.177067252763343
1.1770777675567223
1.1769043861738613
1.176472304543754
1.1772978153100098
1.176848007795761
1.1769799042052309
1.1770562867520391
1.1772192024716575
1.1769912186186238
1.1768832715103323
1.1767213364744407
1.1767944594028048
1.176694969683926
1.1765427621413749
1.1759798235712791
1.1771651841967914
1.1770262940319292
1.1770403192267709
1.1770001898988025
1.1770242838875073
1.1768801993797462
1.1766442530025039
1.1766888207649731
1.1766343086968365
1.1766266033606616
1.1765602541614852
1.176681573912451
1.1767656853035049
1.1767529659109999
1.1767173852103192
1.1767434087706188
1.1766893751158189
1.177287700744414
1.1769102826694566
1.1768219451843385
1.1770957438062564
1.1766744363451465
1.176540446312085
1.177226504209494
1.1770482303048591
1.1769114178282747
1.1768921550678431
1.1767100256130978
1.1766066404519886
1.1766351249949165
1.1765768443057831
1.1766155246615415
1.1764476136922066
1.1774420659597087
1.1769744461879443
1.1771560535005685
1.1764051214037015
1.1769918786350531
1.1768146133299482
1.1766865205331078
1.17650063079401
1.1765041903207571
1.17718505567651
1.1758647139712171
1.1766750892049413
1.1767087065835355
1.1767205577409423
1.1767604573956127
1.176767856754384
1.1762758806313485
1.1775904480605679
1.176745811478592
1.1763664621644889
1.1765878309850968
1.1761675299515693
1.1773630070678389
1.1772757218822392
1.1767044715738886
1.1766560054835846
1.1766130607795435
1.1764816953490205
1.1767405943609677
1.1767718438143531
1.1759029069328804
1.1768613949875757
1.1772947968334879
1.1772583158035286
1.1771101006502127
1.1778871264702744
1.176991814539365
1.1770262894632879
1.1767831730361393
1.1765597851352876
1.176469346281432
1.1761994771483708
1.1765367772147342
1.176645316996122
1.1767152038627886
1.1767433024250469
1.1768024280397393
1.1768499774315573
1.176795396929494
1.1760991837844048
1.1767471457190768
1.176616735609584
1.1766661230282731
1.176651554579716
1.1770743030735797
1.1762546256876529
1.1764217682811513
1.1765043949075253
1.1765245737756296
1.1758115000437408
1.1774301908519151
1.1766699024825789
1.1769085554390231
1.1773350210353177
1.176782595648064
1.1777431534869254
1.1771298376422286
1.1770374011992331
1.1771331101260403
1.1769800934397205
1.1768413258761037
1.1759942888896437
1.1773527315790215
1.1767445634443148
1.1765615516772399
1.1765892462618082
1.1767110461361703
1.1767093414072145
1.1767665724400178
1.1768394469289596
1.1769176948065465
1.1768769413998841
1.176784682382078
1.1767359002621218
1.1767179067904769
1.1766338778941463
1.1771009662617615
1.1765684996437622
1.1765156075775376
1.176486232944828
1.1763059299022702
1.1765961364912534
1.1766700507019208
1.1766266301452037
1.1766897942709398
1.1770279142212587
1.1768023327257369
1.17782479392164
1.176805845784479
1.1767640665401475
1.1768087290880498
1.1768122675316568
1.1767090811033052
1.1766501862645635
1.1765210882108628
1.1765741045985647
1.1765472006780138
1.1765598748791384
1.1767835863770089
1.1767703960982079
1.1767264590069526
1.1762589259664911
1.1774549445680249
1.176968965936797
1.1768590165663786
1.1760333960379254
1.1774444599982732
1.1767150945857467
1.1758805145522599
1.17669245822535
1.1766345281107617
1.1766262537255028
1.1761649773059419
1.1766524918700279
1.1766178614305645
1.1765879852545404
1.1767541120809653
1.176934863764953
1.1769856973901576
1.1769949658488514
1.1767189778322056
1.1765568533212816
1.1766433514064589
1.1766725759036714
1.1765693286313537
1.1765630150407713
1.1763138278924574
1.176304794653072
1.1766409056319183
1.1763284623719299
1.1766828908494096
1.176801976486511
1.1767604629021726
1.1767602389584777
1.1770628922593189
1.1771495739026121
1.1770213117703205
1.1768820162735243
1.176802223036288
1.1767762533076622
1.1766970681684137
1.1766980317873974
1.1766877557756212
1.1765849195849516
1.1773729739474228
1.1765339376846928
1.176547369024421
1.1763410899377276
1.1766634451725639
1.1767336812311884
1.1767852339298981
1.1768380043955595
1.1765361874833693
1.176390853644641
1.1767554802066138
1.1767185053427267
1.175959018673657
1.1775151377923878
1.1767474798132906
1.177613284262395
1.1767573625496506
1.1765960366023565
1.1766093186620854
1.176544231765007
1.1767984005892371
1.176819228107588
1.1768719320121548
1.1771477587074919
1.1770234424203718
1.1768809712597395
1.1768472923813134
1.176813744256535
1.1767322435217353
1.1765908880067948
1.1768314209263651
1.1764836950695035
1.1767389521737579
1.1764717463071066
1.176632226132305
1.1770318154756962
1.1760076666726653
1.1766958943567025
1.1767067203775214
1.1767456333745894
1.1764692329503343
1.175714665596729
1.1766308181087644
1.1767883324526933
1.1759964087931691
1.1767851632349133
1.1768940351418753
1.1769141952169575
1.176762465538953
1.1766533452600645
1.1765517997681068
1.1765468016160241
1.176785105891061
1.1768746997405524
1.1770362134294006
1.1769715487148207
1.176977984436872
1.1768901456875192
1.1768444779713707
1.176792181535022
1.1767980510520095
1.1767016085249109
1.1766770499326382
1.1766249346306559
1.1767293228534881
1.1766157356525382
1.1765745837784747
1.176713546516267
1.1774922149913705
1.176669014916041
1.1766093512596658
1.1767035102923094
1.1762625169683902
1.1775308087629444
1.1766626541800549
1.1770903974031615
1.1776986594149177
1.1770809632415837
1.176950932587489
1.1769109325323786
1.1768133019783122
1.1767164383650186
1.1766924778230989
1.1765972109822684
1.1768108232001744
1.1769512892371345
1.17709400003489
1.1769711185208727
1.1768793994324762
1.1769274575796536
1.1769388846507871
1.1768640235542431
1.1768102423673781
1.1770435657158502
1.1764397716928223
1.1766936872241212
1.1768111287859337
1.17668681890486
1.1766941124487367
1.1765201955743285
1.1767827487256466
1.176908685378123
1.1768317507399269
1.1768706996166109
1.1769767571292316
1.1776657694177646
1.1770499193019117
1.1771677572394099
1.1772273994677411
1.1770834438107249
1.176175130404409
1.1768553198596214
1.176777284857768
1.1768220032009031
1.1768855820045669
1.1767340745644435
1.1767756593416965
1.1767287274989389
1.1768727625158837
1.1772769693403062
1.1770497175532859
1.1770370833521953
1.1770482099641433
1.1770161491336881
1.1768818286242337
1.1768438469141627
1.1767951395492959
1.1767335590936727
1.1768061812694075
1.1768193257433119
1.1768330348903855
1.1771978930653733
1.1769750488662178
1.1769783029761316
1.1770534363142997
1.17699349415393
1.1770419211004206
1.1773562059504252
1.1773344954341265
1.1773233760744768
1.1774203516160373
1.1774348260276124
1.1776434471902955
1.1768593761240962
1.1766716481096842
1.1765731120449507
1.1766664879255346
1.1775220766356551
1.1768002581864758
1.1766508359210575
1.1768934415403427
1.1767672250574459
1.1769661428892511
1.1769427992999175
1.1769873735466754
1.1770104553548719
1.1770354968169123
1.1768923240162379
1.1772132675934945
1.1765335052295416
1.1768904002496761
1.1769387557827824
1.1768876402412514
1.1769767788525949
1.1769996438412111
1.1771288015058965
1.1771426314823001
1.1771083258776798
1.1769324498059361
1.1773348631268648
1.1774471477592316
1.1774630327422653
1.1773621786022426
1.1771559946847512
1.1768049741796172
1.1768210136259616
1.1769405908884454
1.1767694078485942
1.176182517209631
1.1775203801343919
1.1766786972723551
1.1763003871741109
1.177208999418585
1.1772093477978636
1.1770530655661442
1.1769495898272131
1.1769442766238833
1.1768860883906969
1.176969713492382
1.176951336745357
1.1769181977791479
1.1768841086643491
1.1771950951552965
1.177061291018229
1.1766060709179775
1.1769192933474268
1.1770442936785031
1.1771766530234069
1.1771327146057682
1.177014462214939
1.1768722404272924
1.1772975377542236
1.1772685857459828
1.1772311929380299
1.1772348666685222
1.1773057865056435
1.1769805739159656
1.1763941810502185
1.1772510335043185
1.1765758617019935
1.1768748828271949
1.1767513460041648
1.1766831001057658
1.1765718529177021
1.1769635487507122
1.1770117305931482
1.1769347943939954
1.1769129340763191
1.1769755344497066
1.1766665013893673
1.1768403922817898
1.1769608058956371
1.1769022422239797
1.1768005542616506
1.1767986237511621
1.1768771996611185
1.1767999238293358
1.176970423419091
1.1770331741538906
1.1771333755526521
1.1770971984166276
1.1769692492104871
1.1760880117295909
1.177942349380815
1.1776113052473032
1.1771337473355352
1.1772359490345903
1.177259517816416
1.1769787843856718
1.1768934107076334
1.1767702035865182
1.1765887930606385
1.1766519566344549
1.1766972538031093
1.1768342482391669
1.1768910534024553
1.1770215522856251
1.1770152908610183
1.1769718868265437
1.1769460393433937
1.1770009454749994
1.1767353818488042
1.176854660147667
1.1767274182098486
1.1768261670701154
1.1767233410046121
1.1767107875498213
1.176835296109064
1.1768117289267597
1.1769419202803231
1.1769794082330185
1.1770481734666243
1.1770227978468351
1.1769335322459973
1.1768858936015887
1.1770960502138308
1.1765625725190532
1.1769975840193896
1.1771151172611336
1.1772118344856126
1.1769980239411295
1.1769008050691521
1.1766736705467611
1.1765767619314798
1.1765937434570224
1.1766093039753676
1.1766937344754058
1.1768288495121351
1.1769742927190221
1.1769655520034394
1.1768761702658808
1.1768747687030474
1.1769957276193586
1.1771458447536431
1.1777174682283986
1.1758641509395258
1.1767544049275898
1.1766887767715357
1.1767034965802643
1.1768930804789508
1.1767308294227552
1.1768136208207423
1.1768633114042475
1.1772086772735275
1.1770202888085708
1.1769628279222084
1.1769962537641085
1.1778465696677489
1.1768802732781865
1.1769509435978063
1.1769636299352391
1.1769614561128241
1.1768938607501298
1.1769646131186722
1.1767369078683929
1.1766065238875818
1.1765646061541055
1.1766292570838905
1.1766247050721705
1.1768940001607382
1.177009980312804
1.1769143780449429
1.1766007860687322
1.1769683277753156
1.1769514200501259
1.1765488124400931
1.1768073164009178
1.1767911058203049
1.1771956621645665
1.1764462565872347
1.176386673238234
1.1767773526838397
1.1767553366365884
1.1767699472300834
1.1768015285573032
1.1766986941007689
1.1770245647817663
1.1770610834132165
1.1768629276308116
1.1759060534960255
1.1767300388925201
1.1767600487251084
1.1771802246296224
1.1767527478215871
1.1768375544188046
1.1769819036548983
1.1767589849577427
1.1765911106935938
1.1765900667973641
1.1766003586538809
1.1766295166431522
1.1767977615109138
1.1769626907037523
1.176934876071507
1.1772046338387587
1.1769989373185634
1.176866873825636
1.1764253528414983
1.1767405681496148
1.1766949781516964
1.176671471603189
1.1765805297119001
1.1766658520094306
1.176750300403322
1.1767864032259057
1.1767448333545052
1.1768321880153381
1.1769348495723724
1.1771840042633703
1.1770708342109628
1.1767281108975878
1.1764111647320241
1.1768208968938958
1.1766904589643983
1.1765294854944399
1.1766475939846333
1.1767302720656123
1.1768020064644695
1.176688760585511
1.176583455772706
1.1766441392986604
1.1767487815298565
1.1766690118089405
1.1767555387621635
1.1770535583285107
1.1770190591085019
1.1770157601263367
1.1770730628530486
1.176994721613184
1.1775669891659766
1.1767130524912488
1.1766448362774788
1.1766293831517112
1.1765837496865383
1.1766698276451464
1.1767185160174007
1.1767438157273979
1.1767701255698186
1.1768047467897351
1.1769818277806816
1.1767171839137653
1.1768572490949132
1.1767821895197341
1.1766499885680504
1.1769093499577168
1.1762820211986056
1.1771386405827164
1.1766519107841222
1.1766483768764135
1.1766282978314804
1.1766042629104896
1.1765873779767722
1.1766292377544774
1.1759340829292386
1.1767157522742018
1.1767552984036196
1.1770128541330096
1.1767404632963687
1.1768398233784243
1.1769269325790828
1.1769690526882148
1.1768811811917979
1.1767057278434665
1.1766043447792245
1.1765486569863741
1.1764676851145084
1.1766190546303892
1.1766942069563973
1.1767183458323558
1.1767122634594325
1.1767052851559359
1.1766486275084305
1.176762908273506
1.1768636070002139
1.1768204735903214
1.1766917598992845
1.176391885976418
1.176617717846477
1.1765916949676429
1.1766107695588737
1.1766445395589133
1.1765993848565912
1.1765639548766524
1.1765908316691953
1.1765914806197573
1.1769006028547053
1.1767379512489695
1.1773168299364472
1.1771508584669372
1.1773991995613897
1.1769680782695748
1.1759282800579587
1.1776037067161644
1.176744636271718
1.1766973103571445
1.1766661527205076
1.1765886955184914
1.1765553083100364
1.1765979799086477
1.1766256897805318
1.1766885488923648
1.1766874228624298
1.176717947235743
1.1767964332016774
1.1769014346361995
1.1768837069912415
1.176865690719251
1.1767989326905997
1.1767285923905588
1.1767602676369457
1.1767015343426621
1.1767514459861772
1.1766805357933772
1.1766280527520872
1.1766390350673948
1.1765938299937766
1.1765886420223337
1.1768692758474542
1.1768439304078278
1.176951159143302
1.1769735454712111
1.1770031451920697
1.1768727676375141
1.1768830259346332
1.1767889147010133
1.1768555601051029
1.1767693958023147
1.1766206263886534
1.1765345880344775
1.1765556153927339
1.1765885127070388
1.1765916483066317
1.1767727589913974
1.1767854845500467
1.1767568141760505
1.1768185906527717
1.177057327263034
1.1769100054639137
1.1770796566451045
1.176876976758388
1.1768164256249909
1.1768029203888963
1.1766962308836113
1.176584026017701
1.1766464890061685
1.1766107118197333
1.1766056825384097
1.1765563365626199
1.1762298863331397
1.1764085942261566
1.1768660780933542
1.1767807788333693
1.1767549843324965
1.1767970901213407
1.1767109105642004
1.1767297353649484
1.1766898413751643
1.1767604552496724
1.17673044572368
1.1765754832867521
1.1765240524806573
1.1767717654837393
1.1766575402362949
1.1765559871958584
1.1766752581919586
1.1769245086159115
1.1767837450792817
1.1775668855000812
1.1767816058964751
1.1777443993256156
1.1770184648293835
1.176895122483127
1.176843121416848
1.1768371431689229
1.1767431942032212
1.1766209049349681
1.1766878025274159
1.1765997938980322
1.1766428216524301
1.1766351871795533
1.1771951484870413
1.1773394569127007
1.1768570818552175
1.1760410699187416
1.1767229545924953
1.1764443774563063
1.1764403137627506
1.1765837393390932
1.1766934044401798
1.176505228471642
1.17668018881617
1.1765264548952699
1.1765773429894615
1.176938084817126
1.1766878623297301
1.1766063758149019
1.1767594402242156
1.1768002199823309
1.1768282047776595
1.1762368315245673
1.1769506271739718
1.176551398366702
1.1768680845825132
1.1769567726193422
1.1769058330483058
1.176843558160074
1.1768003397909317
1.1767412545741465
1.1767175969164463
1.1766482330170598
1.1766947482186518
1.1766790294412912
1.1763204335456725
1.176854916530204
1.1768557531391022
1.1775389281867317
1.1766150674968336
1.1772902108941539
1.1768975906082606
1.1757911594211314
1.1767716621948816
1.1771186037061201
1.1767666367719991
1.1764671997028533
1.1766826774723316
1.1760377706570342
1.177303868442791
1.1763555259406229
1.1766174837447194
1.1770858979424283
1.1768005156302501
1.1765995473568915
1.1769509253934907
1.1775311283692045
1.1767881880254649
1.1768383777355407
1.1769504001817406
1.1772779599588008
1.1763882831907273
1.1768366348595052
1.1767166062119883
1.1767131252061283
1.1767989251512696
1.176824779659271
1.1771936906470808
1.1768546839326397
1.1768858355212182
1.1768711979865225
1.1766993562815355
1.1769697158815897
1.176838654994631
1.1774219534144486
1.1767336379208739
1.1769929500870879
1.1769174175267545
1.1772960402174251
1.1770141513603887
1.1768516825443063
1.1767954453505618
1.1767174788631178
1.1767275109741826
1.1762472400908364
1.1772521680908568
1.1768743060078242
1.1770157285739105
1.1761408213094435
1.1769510267246039
1.1769754484905524
1.1770637580629115
1.1769365762885093
1.1776141101008775
1.1761781311843549
1.1768512280989436
1.1767397379101725
1.1768800533450319
1.1769985355453645
1.1758944622646907
1.1768895914734159
1.1768804170609564
1.1770175350576224
1.1772470946696589
1.1768366638727648
1.1762522041599399
1.1772142425105927
1.1769295341151909
1.1770693121485389
1.176374527398474
1.1772139455413113
1.1770651101937886
1.1768945853252157
1.1768078572055676
1.1768013803996666
1.1768004773253287
1.1766784028702402
1.1768479408102746
1.1768704013627018
1.1769450834691884
1.1769894071869278
1.1769503821528491
1.1769466763987475
1.1769910858431929
1.1769485269830611
1.1770075763148478
1.177069673222443
1.1770958401499982
1.1765978471520724
1.1768544451376202
1.1768694522756498
1.1775627839154512
1.176981665578906
1.1769028188241775
1.177045096788659
1.1772204624326303
1.1774012700180443
1.1778029768770066
1.1773055075650911
1.1771437852485183
1.17681611739785
1.1782595876316275
1.1773223748293578
1.1770686744812524
1.1769398542569796
1.1763655291128623
1.1772513093747123
1.1768864109124364
1.1767009991447175
1.1768567587303089
1.1768372361822175
1.1769459637378867
1.1769503507892669
1.1769586719577638
1.1769157792305358
1.1769440081077291
1.1768827248415474
1.1770198618656416
1.1773055909604868
1.1766888752558806
1.1768033096018526
1.1769226264685075
1.1769141773177629
1.1768845652274402
1.1769943950812407
1.1770469002690573
1.1771920513124561
1.1771647871628879
1.1770160080948422
1.1768405495188685
1.1773921012003146
1.1773152841715251
1.177347236133659
1.1773312955798152
1.1772986052551124
1.1769996624662817
1.1767838484102453
1.1769460903105522
1.1767699226724286
1.1768985915843881
1.1767525306524431
1.1767799368975287
1.1766625587934012
1.1769857408176236
1.1770267204398526
1.1769525693927998
1.1769183723760779
1.1769754077213221
1.1766658193688033
1.1768411024074112
1.1769615623474747
1.1769024335994149
1.1768003020131288
1.1767980386269841
1.1768764603756665
1.1767988831869214
1.1769692792461119
1.1770321516245823
1.1771326254455952
1.1770965182508657
1.1769706914599665
1.1768838905357881
1.177297959898677
1.1772677597151662
1.1772302135921431
1.1772339709479644
1.1773051390951983
1.1769803628364304
1.1763942819179629
1.1772510218917265
1.1765757113925324
1.1768752062627454
1.1767538205746555
1.1766897855413336
1.1765789287427024
1.176967896066452
1.1770217664985063
1.1769573801603808
1.176940175656813
1.1770000092803607
1.1767349799560529
1.1768545260393466
1.1767274715894438
1.1768261318211306
1.1767229910062531
1.1767101785310028
1.1768345164180116
1.1768107074720275
1.1769407545875006
1.1769782265830508
1.1770468535470759
1.1770202959308873
1.1769427114313535
1.1761277994174213
1.1779542096559075
1.1776100615623863
1.1771332833306558
1.1772347476470333
1.1772587260677694
1.1769785256977374
1.1768934753246099
1.1767701916875537
1.1765885057946532
1.1766512325685206
1.1766954543901706
1.1768301762467264
1.1768888761544229
1.1770212162383513
1.177004621981804
1.1768652196136824
1.17687153865048
1.1769962955040814
1.1771460178152213
1.1777169496206115
1.1758636318596647
1.1767539715193063
1.1766883187797408
1.1767030178874649
1.1768925095639402
1.1767302150008889
1.1768128393073143
1.1768623516904073
1.1772072954942199
1.1770196822358605
1.1769536317543696
1.1768477960455737
1.177102137481806
1.1765667054456495
1.1769960669420023
1.1771115065404585
1.1772096252596382
1.1769974219775503
1.1769008203360396
1.1766735272097131
1.1765764367268177
1.1765926767153174
1.1766061859089338
1.1766875517087434
1.176825198183598
1.1769691690442632
1.1769605426104268
1.1766020286517094
1.1769700553354314
1.1769532381782013
1.1765511416406371
1.1768082620840317
1.1767907565438016
1.1771949492712253
1.1764457832205917
1.1763863325918822
1.1767770410805609
1.1767550061688254
1.1767695408736183
1.1768010050881432
1.176698590852153
1.1770288540912344
1.1770530412348061
1.17696192028597
1.1778959456039666
1.1768889981461186
1.1769489472936479
1.1769586467586302
1.1769571216140653
1.1768922915764688
1.1769640870860658
1.1767364250501378
1.176606015428074
1.1765639102731507
1.1766273857662675
1.1766209756524304
1.1768896594218021
1.1770085503659595
1.1769159335595409
1.1772086614321455
1.1770013168439797
1.1768680349108143
1.1764275121720267
1.1767410648804149
1.176694260459018
1.1766706342402029
1.1765800836672868
1.1766656808036728
1.1767501016687507
1.1767861222299436
1.1767445672902863
1.1768322443775454
1.1769348077596691
1.177181798362706
1.1770709610160843
1.1768580267134516
1.1759014544286144
1.1767318267603126
1.1767596938861418
1.1771774352418753
1.1767510681284457
1.1768363923252063
1.1769808804547663
1.176758128512077
1.1765907471786914
1.1765895058808964
1.1765989858727759
1.1766261507557549
1.1767928570812942
1.1769612668673939
1.1769370085559105
1.177018102479555
1.1770746709261204
1.1769949289632704
1.1775668124169862
1.1767123173330076
1.1766438636293439
1.1766287395789725
1.1765835808427345
1.176669978758105
1.1767186813138988
1.1767437839201702
1.1767701236555206
1.1768050849992293
1.1769824748626352
1.176716821515351
1.1768580002593241
1.1767283541279867
1.1764103223838362
1.1768221110930055
1.1766925907390922
1.1765324595209601
1.1766497910329996
1.1767301883799128
1.1768021726497473
1.1766890908169332
1.1765833345353141
1.1766435843240532
1.1767466874563972
1.1766656643346358
1.1767513300380947
1.1770512855194657
1.1770200306525875
1.1768366872628782
1.1769249851124386
1.1769682051308417
1.1768805025405336
1.17670488105336
1.1766035450408592
1.1765484542029943
1.1764678094802439
1.1766194367727674
1.1766945481861208
1.1767186248398473
1.176712381947745
1.1767053910302503
1.1766487425273795
1.1767628457656227
1.176863391760983
1.1767818303788455
1.17665000204518
1.1769103720950955
1.1762843345155187
1.1771438180210387
1.1766601521071134
1.1766543259685438
1.1766319428382348
1.1766055315759059
1.1765833322937325
1.1766321573813556
1.1759320818845309
1.1767141003505355
1.1767565397028654
1.1770137526646143
1.1767387161633527
1.176966708728914
1.1759282347846487
1.1776039658503896
1.1767444421852522
1.1766969230246886
1.1766659567450404
1.176588776619474
1.1765557160508835
1.1765985013797042
1.1766260325942994
1.1766885913263778
1.176687225643311
1.1767175952860454
1.1767958978520447
1.1769009341201642
1.1768829970099213
1.1768200313972981
1.1766917791022709
1.1763925156836896
1.1766189286385629
1.1765937568009281
1.176613173506931
1.1766471714891331
1.1766012723828168
1.1765596081036216
1.1765744572870207
1.1766055189042808
1.1769078001100375
1.1767368958330013
1.1773189441628733
1.1771529774437892
1.1773995977014138
1.1768740764457719
1.1768840141973087
1.1767899909852342
1.1768559496703626
1.1767694242148909
1.1766207398220967
1.1765349115894095
1.176556158248089
1.1765889703014323
1.1765917382997531
1.1767724088792879
1.1767846635712338
1.176755886173217
1.1768176468335856
1.1770568326311388
1.1769096034434221
1.1768654188234366
1.176799046286451
1.1767291506298816
1.1767607688342852
1.1767023390379003
1.1767520507243314
1.1766813164964547
1.1766288536224947
1.1766386823062502
1.1765874818842397
1.1765926463834153
1.1769315373970628
1.1768457542105533
1.1769515401846586
1.1769743661348189
1.17700388527504
1.1767103164654646
1.1767274348360564
1.1766903393581063
1.1767610135539894
1.1767305651333504
1.1765757738766911
1.1765245383518765
1.1767724696001318
1.1766581577914834
1.1765559423830128
1.1766743745805346
1.1769230402059518
1.1767826834778905
1.1775662435834666
1.1767811835632995
1.1777443272466894
1.1770799942152641
1.176877715851721
1.1768174322729852
1.1768035980389102
1.1766967226671887
1.1765844571979569
1.1766475564234393
1.1766133303571693
1.1766095778110581
1.1765574035059954
1.1762284243101704
1.1763535050133938
1.1768606035491711
1.1767799743834471
1.1767537936889889
1.1767960753128106
1.1764395653005852
1.1765893805224781
1.1766953001100748
1.1765054790218439
1.1766803955794605
1.176526738404402
1.1765777567437206
1.1769387994627962
1.1766884733368703
1.1766063133674585
1.1767583305331668
1.1767985685908069
1.1768275226733504
1.1762371379974565
1.1769511458923485
1.176552077529097
1.1770198301659545
1.1768984001243963
1.1768459853058737
1.1768361479265406
1.1767411536800678
1.1766207175642627
1.176688533280503
1.17660240767871
1.1766457164993902
1.1766360222219703
1.1771969457925588
1.1773325733613884
1.1768584859355644
1.1760402914038097
1.1767207162921587
1.176441092942518
1.1768942194084371
1.1757903375029164
1.1767709833040692
1.1771188076118484
1.1767668224250327
1.1764673915998227
1.1766828930036741
1.1760380417961904
1.1773041091559864
1.1763553305660355
1.1766166066380899
1.1770848055087122
1.1768003851097979
1.1766003733713959
1.1769521831582996
1.1775327181710538
1.1768707334700264
1.1769637570217082
1.1769137359892954
1.1768375867749128
1.1767929690992514
1.1767390577042369
1.1767172011605478
1.176648687070589
1.1766949792457457
1.17667755016777
1.1763204060490549
1.1768523986283597
1.1768548883645982
1.1775387274686551
1.1766131111334917
1.1772860497394277
1.1768352933772424
1.1774183049417501
1.1767307589175813
1.1769926014967103
1.1769179377262418
1.1772968182105026
1.1770144764817407
1.1768517527156004
1.1767955030810815
1.1767173450044306
1.1767270114662987
1.1762467119726934
1.1772522863435548
1.1768754143310571
1.1770172563781192
1.1761425469286297
1.1767921746718442
1.1768483760422728
1.176962298094846
1.1772662427405549
1.1763772603578599
1.1768330858255425
1.1767164876778629
1.176713289513206
1.176798925680077
1.1768236300791119
1.1771916454293181
1.1768516218176124
1.1768840899073907
1.1768706028978664
1.1766980339808701
1.1769667210198744
1.1762498934105108
1.1772108183379282
1.176925933841287
1.1770683315773725
1.1763755510470535
1.1772150568026749
1.1770654234203646
1.1768944403403157
1.1768077663167074
1.1768013536334554
1.1768003167967795
1.1766779567701313
1.1768474170646077
1.1768703122096562
1.1769455502176975
1.1769906258162894
1.1769540178714064
1.1769814716782909
1.177070371612615
1.1769285926209923
1.1776079648680875
1.1761767086687522
1.1768514765701645
1.1767401948014136
1.1768805697894065
1.1769986098381806
1.1758933474484556
1.1768882387134942
1.1768796849161054
1.1770171187601837
1.177246737173679
1.1768352216906477
1.1778017257246005
1.1773068928908816
1.1771468231846232
1.1768189350569391
1.1782616506091961
1.1773234941455983
1.177068841976217
1.1769396835570363
1.1763654399359784
1.1772513878509818
1.1768860851513507
1.1766995189483267
1.1768532322462768
1.1768325822115064
1.1769445589683387
1.1769508248555873
1.1769509897825874
1.1769495100415062
1.1769934330937151
1.1769473039364045
1.1770059376833111
1.1770692519208368
1.1770959672003043
1.1765981270909767
1.1768549444558511
1.1768698737212788
1.1775629539714805
1.1769819666448664
1.1769029751407787
1.1770452756997458
1.1772202621302188
1.177400079727801
1.1768395610510713
1.1773929993258621
1.1773176535698273
1.1773495632958955
1.1773329748553103
1.1772994549939406
1.1769997716678895
1.176783709768795
1.1769460960065079
1.176770053609647
1.1768982410553501
1.1767496712593464
1.1767714827624096
1.1766520622476755
1.176980198732241
1.1770212227706709
1.1769492312626757
1.1769133091786725
1.1769447528657484
1.1768825093225732
1.177018642137226
1.1773048448940096
1.1766887149685992
1.1768034868796191
1.1769229974702711
1.1769147403408182
1.1768852904217251
1.1769952849536547
1.1770477619584423
1.1771925695695677
1.1771648527090641
1.1770150631026215
1.1769313492542539
1.1770627926339507
1.1769806819825519
1.1770687092006109
1.1766530611458454
1.1777253013637909
1.1771169447560415
1.1768595767860108
1.1767852901595708
1.1767648993012298
1.1767210220191271
1.1766324299555293
1.1766713130521029
1.1765554324983365
1.1770321513297324
1.1769432108285152
1.1768469653455833
1.1768267785127728
1.1766299243075746
1.1768291914417792
1.1768470021648445
1.177032396442375
1.1770686325978732
1.1767202733310427
1.1766035057389217
1.1766889970897108
1.1769039043231617
1.1769903515233355
1.176980866380837
1.1770740579867505
1.1770523230937533
1.1769926719346417
1.1768652801926172
1.1770024007634829
1.1769695313370292
1.1769736147918686
1.1769898141977511
1.1772437367103561
1.1770503152492318
1.1769542345842789
1.1767645806583953
1.1766539789388291
1.1766190486748969
1.1765720694647777
1.1767688979001474
1.1768740303857534
1.1770638066378252
1.1770064868071963
1.1769388599817594
1.1770044419130827
1.1772644825623333
1.1768572547823026
1.1768176659736069
1.176856115935305
1.177022941809112
1.1774821988830693
1.1758067730680914
1.1766952910815791
1.1768283716381698
1.1769374217553761
1.1768963247821196
1.1769711921329344
1.1769688537953573
1.1769426892320782
1.1768686340850887
1.1769852751930761
1.1769039768560186
1.1769535028670579
1.1769776479978
1.1770735356769448
1.1769484884794312
1.1769692393946334
1.1767564345934272
1.1765683288052076
1.1765299967276237
1.1766525431876551
1.1767837884997314
1.1758653555402698
1.1776638548242742
1.1769782060032608
1.1768909166507624
1.1769782391133536
1.1769931175090114
1.1768473676983731
1.1767824402582838
1.1766961183966134
1.1767941729336824
1.1766955747066248
1.1766937739977485
1.1768055853315125
1.1767723701960284
1.1768616334165034
1.1768672641170614
1.176991314108826
1.1769727141397359
1.1769535086899925
1.1769881998090419
1.1769418654057864
1.1768703644539757
1.1768329894556937
1.1769082442825753
1.1768444256155279
1.1767031713072689
1.1770281238632627
1.176765170470351
1.1764986781882214
1.1760066324597807
1.1772539153824031
1.1768897889940797
1.1771587812502426
1.1769273046494559
1.1768447153201449
1.1766771001649174
1.1770687525106323
1.1769567005672037
1.1768662465938446
1.1767799297583892
1.1767240164283961
1.176737954424617
1.1766473699806679
1.1766983796118089
1.1767547213401774
1.1767603492556973
1.1768318615649374
1.1768955889799622
1.1769540946928798
1.1770074791514584
1.177104890228819
1.1770487326531933
1.1767402677466114
1.1767500715500141
1.1766875659542266
1.1769632842116884
1.1767570304978681
1.1767503388304219
1.176923035603668
1.1767117299749448
1.1764957324711149
1.1765116246572809
1.1767843746026865
1.1766839306959189
1.1768130377239305
1.1768441797905755
1.1767424110230618
1.1767724753526216
1.1769689391566067
1.1768667940689004
1.1767416937459232
1.1767275060153985
1.1766701855594852
1.176661554435809
1.1766370900562997
1.1771513979458361
1.1763155488583621
1.1767634621285261
1.1768542385833032
1.1769215878040338
1.1769389931304806
1.1770487601476132
1.1772316691657994
1.1767287809489744
1.1766139596763516
1.1767549039277596
1.176772104090215
1.1768153567003694
1.1766410430226426
1.1768125874340336
1.1768266923435358
1.1766929162473745
1.1766071350059539
1.1761658015699306
1.1771733983663664
1.1764661927627817
1.1761893498857414
1.1769538519331721
1.1771378259144967
1.177020248087679
1.1769510871876934
1.1766920904436027
1.1768229366667724
1.176744297223715
1.1766531849899238
1.1766651564844151
1.1766061350387853
1.1767102482447047
1.1767146200509393
1.1767727607856551
1.1772217847784754
1.1767854150611536
1.176922561907886
1.1770655378981096
1.1769114044763316
1.1767666236015193
1.1766679161758076
1.1774332080502703
1.1766962960271725
1.1766404968200637
1.176625808816264
1.1767853951119467
1.1767483190806289
1.1766521492037414
1.1765952937429078
1.1765713511789146
1.1767846953507832
1.1770067381244211
1.17758111472161
1.1770902140049544
1.1768942362188219
1.1763888350191669
1.1768645885687135
1.1770957398859858
1.1767825970460428
1.1766839891955776
1.1766911923070162
1.1766247974628272
1.1761304251437352
1.1766376078109499
1.176712190241195
1.1766868251036622
1.1762290967371438
1.1765576046609894
1.1769082996417413
1.1767272792523382
1.176838723916678
1.1768035449059422
1.1767312593513728
1.1758722471486751
1.1766283702499687
1.176475824469212
1.1764856451775754
1.1767964165409832
1.1767117268278529
1.1766320625562872
1.1765790244876244
1.1765342723275869
1.1766372649452019
1.1762123049282314
1.1769978974362059
1.1769851364511177
1.1768889831094007
1.1772476865878614
1.1767637870075682
1.1768382595873395
1.1767046990590109
1.176729517712128
1.176699240498533
1.1758896214136731
1.176977703424962
1.1766514178206735
1.1766789999136229
1.1766760581981093
1.1766381888768076
1.1766713493131422
1.1768785335876226
1.1768877993461588
1.1768627104906952
1.1768662652881501
1.1768557226193008
1.176792737415419
1.1767184201389151
1.1765665952816236
1.1766098116250814
1.1767503611173891
1.176676191153925
1.1766415311911316
1.1766269334826966
1.1766788226738554
1.1767169257288022
1.1764680061756467
1.1769071028048548
1.1769262829605689
1.1769114785350439
1.1767625160397253
1.176272461412216
1.1767165891417779
1.1768298015865362
1.1767555284780169
1.176634396200797
1.1773168830464971
1.1765605229946532
1.1766471928598237
1.176690432419027
1.1767490707292798
1.1767383369116444
1.1767155192840295
1.1768977470298438
1.177001030160681
1.1769193900754782
1.1769961912409364
1.1768273273500343
1.1767619358733838
1.1767954099408637
1.1766772845660232
1.1766032990485027
1.1766792802641051
1.1766526016182228
1.1766568310690433
1.1766730968775172
1.1767237025597583
1.1768345198742503
1.1779322511701531
1.1768988547016288
1.1768413243871521
1.1767040469022074
1.1765556752784156
1.1771395849447142
1.1766875645135857
1.1760525351321276
1.1775043510130185
1.1766436400540539
1.17662596874339
1.1768205826684284
1.1767244716673513
1.1767100825401329
1.1768206377007462
1.1768186718672318
1.176417479229694
1.1764175669878065
1.1776316285254251
1.177003044286312
1.1775182971259244
1.1776560960396054
1.1768628396960039
1.1771214129488825
1.176817850368598
1.1766971822052139
1.1767152869502131
1.1766661898711424
1.1766892622347944
1.1767519814636789
1.1768070544352878
1.1768341198608461
1.176874470651734
1.1768202161846018
1.176864468836097
1.1770556696380372
1.1770643315517542
1.1767763125735531
1.1766579645606983
1.1767841495174329
1.1767954746170401
1.176730082409013
1.1766690364444072
1.1767396473578819
1.1767332564200441
1.1767781349240605
1.1768262628801791
1.1768330640194076
1.1767652119795626
1.1769018281519268
1.1767918096326637
1.1773181631990131
1.176496626230003
1.1767789027929596
1.1769707082059675
1.1766562940957546
1.1768621125316081
1.1768193162084506
1.1767708066724303
1.1766824348545126
1.1767166214689642
1.1767946018049977
1.17683599555625
1.1769527141050458
1.1769154800455515
1.1768408417366869
1.1765894018515057
1.176720852099534
1.1763070102396762
1.1758949971149062
1.1767056145076802
1.1768836374637408
1.1768016852888699
1.176736591668353
1.176708170584045
1.1767366920310645
1.1767490776366629
1.1767453641079724
1.1768471822192952
1.1767334901025255
1.1767720419252399
1.1766985538059096
1.1768854634490329
1.1768406517435723
1.1767140258647228
1.1762269801523457
1.1768868857458057
1.1768453989113263
1.1768565649862424
1.1768764707259205
1.1767836636444882
1.1767171552099716
1.1767713152120114
1.1768302957496131
1.1768761850075851
1.1769449330960653
1.1769048071206709
1.176531382021295
1.1770866587131021
1.1771612096166264
1.1773519054674135
1.1775340854789398
1.1766692522114923
1.176860182451313
1.1768235381547534
1.1769022694770368
1.1768262921955654
1.1766851753655607
1.1768192756778733
1.1766207531170638
1.1770530174035809
1.1767447320621147
1.1776635490901946
1.1768700450551988
1.1769303015759254
1.1768359396414247
1.1768974204170499
1.1768760092548907
1.1770062244337165
1.1769658356231953
1.1769025901919474
1.1769347588125538
1.1768739643631121
1.1767700963800465
1.176890815808378
1.176892184653449
1.1767591522733594
1.1769197371841076
1.1768714898936012
1.1774416910204066
1.1771277991368541
1.1770452844188395
1.1767291269752747
1.1772706422663994
1.1767316354915569
1.1770255603241861
1.1770623200596275
1.1768745525922601
1.1772013424276506
1.1768137613291458
1.1768453794153182
1.1767648413458263
1.1768339761017088
1.1766946493067454
1.1761774814991135
1.1768803621215913
1.1769226919568518
1.1769579271713602
1.1769301426879453
1.1769249953062184
1.1769638574635155
1.1769513166883043
1.1769970384096178
1.1770828375063114
1.1768762448363554
1.176810141098322
1.176937842436977
1.1768022668566271
1.1762906648490028
1.1773752221247371
1.1765343305915981
1.1770528236666338
1.1771620500352813
1.1771531429813236
1.1770270914910614
1.1772128809102049
1.1773508729969884
1.1771402974870961
1.1771734889453203
1.1770951956448781
1.1772508258138494
1.177304815627946
1.1769055524077283
1.1768207530500907
1.1767246248783263
1.1765827343034567
1.176960600158633
1.1768694637243029
1.1769848554945246
1.1769631318769012
1.1769188619248161
1.1768769129479211
1.1768636518470905
1.1768989135685657
1.1769913594924071
1.1770904732208409
1.176905718846136
1.1768170853922806
1.1768486142188586
1.1768565666770601
1.1774766927637867
1.1770800642577866
1.1770068947198142
1.1771493266921007
1.1771400282182594
1.1770648090180451
1.1769736630113128
1.1771596379320379
1.1770965648012099
1.1771760161827713
1.1771412058009962
1.1772682261831018
1.177145489041538
1.1769588302087897
1.17683294059747
1.1768400881356731
1.1767437699347401
1.1766947239855146
1.1768058322232178
1.1759990670570872
1.1777246220663415
1.1769642873009052
1.1768857810406548
1.1768389174898899
1.1766309336301484
1.1768293947780955
1.1768479431623773
1.1770333527037666
1.1770686331086311
1.1767198814733533
1.1766029422047193
1.1766883830031991
1.1769031356288211
1.1769894389996096
1.1769800142987386
1.1770734131375586
1.1770517550138639
1.1769925268842563
1.176931297529586
1.1770630580527806
1.1769809971764378
1.1770689106037668
1.1766532311375355
1.17772516026142
1.1771169534073516
1.1768597197142625
1.1767852657265865
1.176764773045154
1.1767208224017733
1.1766314139369409
1.1766724195781482
1.1765616577887645
1.1770379547224135
1.1769665260560289
1.1768998171130995
1.1769871004246684
1.177261200093676
1.1768575807705013
1.176818479123642
1.1768567190949115
1.1770228675456693
1.1774817994426665
1.1758062550187396
1.1766946599165333
1.1768275032755284
1.1769363539272926
1.1768952873736123
1.1769702491405651
1.1769680571475434
1.1769418832978331
1.1768688983500974
1.1770019182137137
1.1769706060057112
1.1769739745790755
1.1769899777025132
1.1772436059480522
1.1770503825961027
1.1769543940994263
1.1767645791069063
1.1766538232136228
1.1766173966356923
1.1765674536404949
1.1767642288296074
1.1768773667582619
1.1770665479199334
1.1769906072270562
1.1768678855546169
1.1769691990474016
1.1769922261135108
1.1768482988714204
1.1767828993955189
1.1766960575718395
1.1767938482979377
1.1766952252148795
1.1766933831415256
1.1768050570942683
1.1767717407817659
1.1768608234685944
1.1768663987297137
1.1769903623029285
1.1769717509064028
1.1769523439231324
1.1768649873008552
1.1769858307606871
1.1769047090663751
1.1769535846359906
1.1769770466524514
1.177073029233038
1.176948373296451
1.176969346432795
1.1767564673350202
1.1765679666031625
1.1765286410453879
1.176648294846546
1.1767787164764567
1.1758647473596264
1.1776640808553984
1.1769683814591865
1.1766780848196372
1.1770700688246063
1.1769578042095779
1.1768667774604957
1.1767798354327883
1.1767237638271399
1.1767375582295789
1.1766471000303138
1.1766981204064981
1.1767543388522881
1.1767598678199676
1.1768312875240139
1.1768950874000914
1.1769535180025836
1.1770067990853081
1.1771042381511891
1.1769871353727781
1.1769331598758523
1.1768701919358668
1.1768331190829984
1.176906619498205
1.1768433010850714
1.1767027773285457
1.1770279118469198
1.1767648589184903
1.1764982119579694
1.1760058821660231
1.1772523447690924
1.176887581711989
1.1771572257744194
1.1769273773533566
1.176846037667812
1.1767745016430236
1.1769697823220417
1.1768668856819005
1.1767417178245978
1.1767271155648158
1.1766696476553489
1.176661171906644
1.1766368900415693
1.1771512607248262
1.1763153513727069
1.1767631707982862
1.1768538831637749
1.1769214051734453
1.1769388956156259
1.1770480185992338
1.1772315177752919
1.1770488863048991
1.1767389411141944
1.17675047475322
1.1766874096939768
1.1769621451546119
1.1767563780530883
1.1767499203337757
1.1769225675318524
1.1767112887360633
1.1764958963815599
1.1765104954367713
1.1767833483895296
1.1766829843176996
1.1768120034543297
1.1768442978278297
1.1767439695433644
1.1770210937378185
1.176951078355698
1.176691491562911
1.1768223960905553
1.1767437524765292
1.1766527287890951
1.1766649562851785
1.1766061459303592
1.1767103477111678
1.1767146154853962
1.1767726321590983
1.1772216061835299
1.1767853054065773
1.1769226009164335
1.1770654102444034
1.1769113255696169
1.1767284934694182
1.1766139673183396
1.1767554460528376
1.1767732625217271
1.1768168772791066
1.1766424094517383
1.1768132863587055
1.1768265974928387
1.1766934171757293
1.1766062530852519
1.1761661419616016
1.1771708011174464
1.1764643608826704
1.1761883352155122
1.1769537482361323
1.1771386264657209
1.176388748499908
1.1768647077030161
1.1770955025916259
1.1767822945262447
1.1766836017614508
1.1766909765664875
1.1766248524825487
1.1761307397582828
1.1766380169863953
1.1767123841032752
1.1766866757926957
1.1762287487530023
1.1765572353049893
1.1769080620057306
1.1767271039640379
1.1768384172250539
1.176766253572247
1.1766678397910231
1.177433701806037
1.1766978738847191
1.1766422039621196
1.1766272920724445
1.1767866084344256
1.176749696544332
1.1766471444681501
1.176576956475293
1.1765943280710096
1.1767870403560978
1.1770046513676833
1.1775816649212956
1.1770910381624418
1.1768944143106188
1.1772488972072357
1.1767644212059789
1.1768387327922218
1.1767047003401749
1.1767293751781069
1.1766992370908325
1.1758900355728843
1.1769784573107498
1.1766522660631136
1.1766793182993167
1.1766757020020624
1.1766372980556239
1.1766705491027547
1.1768780362943596
1.1768874229200332
1.176862448622833
1.176803494421141
1.1767315211562628
1.175872822753927
1.1766288902483222
1.176476773755917
1.1764864128577317
1.1767979590927564
1.176713161931118
1.1766038662141687
1.1764961446210842
1.1766219464260477
1.1766606912367104
1.1762138328743881
1.1769990255226555
1.1769861052615589
1.1768898505889862
1.1767627924521951
1.1762691281254036
1.1767159460322716
1.1768301471761584
1.1767555859885297
1.1766346701719803
1.1773176548642865
1.1765617153966585
1.1766485221594418
1.1766908771254148
1.1767483094453088
1.1767368518755419
1.1767141156406713
1.1768967990857042
1.1770005844373264
1.1769192794526779
1.1768665831777281
1.1768565484533089
1.1767949553622523
1.1767173658966503
1.1765664685483388
1.1766099082431341
1.1767512329066068
1.1766788403220192
1.1766391988957365
1.176606625872002
1.176700042391466
1.1767263794610554
1.1764667280730972
1.176906336824932
1.1769265259863277
1.1769118935313603
1.1765504501617465
1.1771278596048291
1.1766851334109698
1.1760532948663638
1.1775045781051505
1.1766440920475942
1.1766269497558717
1.1768220803818306
1.1767259665989698
1.1767107629907272
1.1768196273124876
1.1768166345498512
1.1764155317744915
1.1764163643425167
1.1776312493821983
1.177003399194176
1.1769968992905691
1.1768280344916133
1.1767633576639041
1.1767961537569473
1.1766770784456866
1.1766033334247261
1.176679722237719
1.1766540787232755
1.1766595167918494
1.176674321993302
1.176724155715331
1.1768260336566314
1.1779312140892901
1.1768990386465621
1.176840678813007
1.1767017051558535
1.1770616760286186
1.1767887825510222
1.1766629160730155
1.1767847832200831
1.1767957918476029
1.1767305451505052
1.1766698051949529
1.1767407872370672
1.1767346279403701
1.1767785154424217
1.1768253869687568
1.1768311377023197
1.1767633450324246
1.1769009707695592
1.1767917691564724
1.1773188884146961
1.1775194458598581
1.1776576348202126
1.176863032394222
1.1771221492497037
1.176817817883816
1.1766970046749763
1.176715298153383
1.1766665207231692
1.1766902034210105
1.1767529489028892
1.176807139271969
1.1768343022363368
1.1768763017968749
1.1768220767276121
1.1768637882765705
1.1770504179474541
1.1763008645261677
1.1758963623657466
1.1767062017865737
1.1768839448284241
1.1768023616812515
1.1767371218463372
1.1767087089662969
1.1767373635809089
1.1767497741486563
1.17674555088388
1.1768464090489346
1.1767317693213477
1.1767707710096624
1.176698244216825
1.1768859847860729
1.1768415361670994
1.1764979591385469
1.1767807091597293
1.1769715644016256
1.1766548642205128
1.1768611899794303
1.1768190973821786
1.1767704169508078
1.176682406612541
1.1767165395561971
1.1767944708232152
1.1768350193043249
1.1769522307964615
1.1769169404431334
1.1768448776748228
1.176589780443779
1.1767150045008163
1.1773464700111145
1.1775316866046865
1.1766683329210628
1.1768607973964309
1.1768244723000989
1.1769028874743226
1.1768266042708484
1.1766854187715681
1.1768195206466792
1.1766208661786797
1.1770527827472597
1.1767441641985987
1.1776632083293688
1.1768701650824369
1.1769308093773059
1.1768368185817211
1.1767157094050607
1.176229336255237
1.1768883141759552
1.1768418925218684
1.1768543494120629
1.1768759564119313
1.1767836204782707
1.1767170694317588
1.1767712302760003
1.1768299593440132
1.1768747321532083
1.1769439339204735
1.176905539195467
1.1765339655716449
1.1770873143423324
1.1771571471804347
1.1767273723403555
1.177269349933912
1.1767315292897143
1.177026138784212
1.1770631789110448
1.1768751367265979
1.1772015386599708
1.1768137590737289
1.1768453905325416
1.1767648808514188
1.1768339182302969
1.1766943203815232
1.1761769796571142
1.1768801148278638
1.1769232969824595
1.1769592866231695
1.1768998706269769
1.1768782307681034
1.1770081224461573
1.1769640640377814
1.1769005238173631
1.176934331049188
1.1768740920463148
1.1767702453444817
1.1768909695157779
1.1768921259359164
1.1767586112857076
1.1769191685381568
1.1768712997918327
1.1774423651284613
1.1771283286117284
1.1770440860414437
1.1770266411002175
1.1772130701587646
1.177351458831231
1.1771410902406751
1.1771741937497089
1.1770955565165424
1.177250872847263
1.1773046473689293
1.1769055132668695
1.176820831256427
1.176724227561786
1.1765811979801606
1.1769583529967418
1.1768678010504541
1.1769843668901683
1.1769622606349044
1.1769278967418546
1.1769269315838575
1.176965788610804
1.1769508919939116
1.1769964378009476
1.1770823800048917
1.1768763550807051
1.1768103840158062
1.1769381230089069
1.1768025313472552
1.1762907857801066
1.177375274642402
1.1765342658974938
1.1770529155671032
1.1771620887070882
1.1771527848419141
1.1769734508615968
1.1771595850474348
1.1770964892728959
1.1771762392131977
1.1771414174425163
1.1772685787113195
1.177145544844111
1.176958654494541
1.1768329560218427
1.1768402078226254
1.1767432255428896
1.1766926348074562
1.1768012104184296
1.1759939674885982
1.1777199876705027
1.1769531139710026
1.176894427768528
1.1768711670201355
1.1768643912697374
1.1768995793548285
1.1769904258341666
1.177089559842776
1.1769056905970878
1.1768174033227758
1.1768490729813625
1.1768570262823601
1.1774771995864206
1.1770805992028159
1.1770073463202002
1.1771496277345457
1.1771402173236887
1.1770647641264949
1.1769251957496476
1.1768701882751236
1.1767619217227616
1.1771147573729941
1.1770235944843865
1.1770945310468854
1.1768547138142016
1.1759740113718027
1.1773893506665716
1.1770775176435946
1.1763724559262307
1.1771498439891193
1.1767267578412028
1.1766635533380394
1.1770126844503686
1.1769343833817194
1.17682537588231
1.1768382560921
1.1768127228792913
1.1768117139502781
1.1768255967155326
1.1768756840704888
1.1769074909408357
1.1767687105036018
1.1767258813707571
1.1767757609911582
1.1768552273150816
1.1769601160735554
1.1769710271902079
1.1770578942580538
1.1770203737448095
1.1770089144348119
1.1768499924691087
1.1768321273216471
1.1768134864628004
1.1769344847435255
1.176921332129329
1.1769833700386834
1.1764462174935106
1.1772608473534822
1.1767797830529614
1.1768195333778069
1.1766795640355792
1.1766256551889411
1.176729335117364
1.1767920465618034
1.176927504145711
1.1769441281956425
1.176780092526418
1.1769884129299655
1.1769164668970582
1.176738482180999
1.176748606123954
1.1767778579795536
1.1768850455469826
1.1767533783567061
1.1766919932143001
1.1767650524386366
1.1768085946428466
1.1769001512384358
1.1768928934827951
1.1769450996873156
1.1769366027176713
1.1769432380123279
1.1768571845439242
1.1768393819383185
1.1768558413169976
1.1768529730730175
1.1768945606239309
1.1769162280045542
1.1768338437409693
1.1768987544922513
1.1767562656480484
1.1766466635438617
1.1766707287039107
1.1767137073877747
1.1767746320953698
1.1767293880964984
1.176796263921261
1.1770660306706759
1.1769088120650326
1.1769590323867787
1.1768259288817735
1.1765572506920872
1.1766815735946394
1.1766521828828023
1.176749350892297
1.1767136692565221
1.1767401093227947
1.1767916946051744
1.1767827941071862
1.1768631552277506
1.1768920608595022
1.1769664582596275
1.1769495532678491
1.1769603085847979
1.1770172555176825
1.1768277841888293
1.1772537129235359
1.1768010491031051
1.1768965743497395
1.1768419338692719
1.1767218973485247
1.1768669403583221
1.1767173500035364
1.1765392484157673
1.1766434442947551
1.1768526807582391
1.1767706064449568
1.1760178245225252
1.1768215413879934
1.176920957189441
1.1768079450569162
1.1769386047337997
1.1764722479001797
1.1769441470723452
1.1767688632235662
1.1766788295803485
1.176673615677456
1.1766527106671312
1.1767314091919905
1.1767773163366746
1.1767738823347424
1.1768386926956591
1.1768995761675609
1.1769878665080002
1.1770246851761657
1.1771530706115643
1.1772432957880716
1.1767196570665759
1.1764249408539065
1.1767872334718932
1.1760976506019418
1.1767544305800577
1.1770278941153864
1.1772312479407203
1.1766372901444626
1.1760883436586633
1.1766233363513914
1.1770814718121179
1.1767355950482741
1.1776084204987927
1.1767918878287282
1.1767444124733024
1.1764981905404965
1.1768231926855357
1.1773215044710381
1.1768382433887532
1.1767283702993083
1.176611881134999
1.1766470581658168
1.1766449868528877
1.1767403075178549
1.1767560048997732
1.1767831913397011
1.1768376163499161
1.1768602365787451
1.1768984628127965
1.1770525222479833
1.1773384120792516
1.1764723058852977
1.1765710940652652
1.1768338653981465
1.176824564445248
1.1767646074240337
1.1767357425478955
1.1767582315588008
1.1767826143115367
1.1767105430977216
1.1767849065279168
1.1766342315173697
1.1760303355164106
1.1775491857297726
1.1768203941243929
1.1768641104866921
1.1771465647561967
1.1771996110271434
1.1767985166153931
1.1764890204671332
1.1767806058013937
1.1759753074919743
1.1765018929860693
1.1766722748771734
1.1766654777091832
1.1767144658159028
1.1767509552307305
1.1767699793139839
1.1768063788658005
1.176790672563012
1.1769167910030021
1.1769250077552906
1.1767062950920641
1.1766713319777016
1.1766498384832316
1.1767643568168722
1.1768036204068593
1.1766852363564304
1.1767740351977296
1.176794624644169
1.1767141552669387
1.1767048631565717
1.1767323049630696
1.1766508337970258
1.1767573305513961
1.1768944117484275
1.17694016975553
1.1771010815158476
1.1770120756074833
1.176899380861109
1.1768532708126174
1.1771144227153574
1.1767858750128857
1.1774944903921485
1.1768787140667878
1.176735438320037
1.1766464495484108
1.1767008148194196
1.1767377055182484
1.1767444916645458
1.1767154832798661
1.1767415087961595
1.1769665647705738
1.176894579320704
1.1767828224404839
1.176771345258091
1.1767033747234887
1.1765149200306557
1.1766908444962636
1.1767726076826097
1.1766673204483582
1.1767754294772885
1.1767195517512081
1.1766922778017428
1.1766433997521648
1.1763578985914374
1.1766057310274427
1.1768676002227862
1.1768811997141564
1.1769520543658387
1.1768665231732391
1.1760593240791881
1.1768049115673767
1.1768602391442882
1.1767911799452824
1.1767835544901009
1.1767831373934035
1.1766975678138898
1.1766721034015686
1.1766965004592163
1.1767176285659446
1.1767153422328469
1.1767017202379666
1.1767860181702541
1.1770692135298004
1.1769182598409689
1.1768340873607852
1.1768431410437894
1.1768486436751411
1.1769756133716958
1.1766874641585945
1.1764285038635984
1.1764639594745847
1.1769238908270871
1.1767416972825409
1.1767047943832833
1.1767332861757833
1.1769944398051204
1.1767653235946189
1.1768477896424236
1.1768809927625328
1.1768939543347523
1.1768281146677662
1.1772380992737406
1.1766767077012084
1.1767192838164635
1.1767339194309501
1.176723993711466
1.1766628811928963
1.1766303186454596
1.176674100541222
1.176710843859095
1.1767237292361008
1.1768099828186893
1.1768254414386325
1.1771653223823704
1.1767816447428723
1.1769545034017797
1.1768934079946805
1.1769089424407164
1.1768328110740414
1.1764749804697685
1.1767103086788364
1.1766398009754186
1.1765674354681881
1.176763987674815
1.1767100169816431
1.1767378306872396
1.1767512823780777
1.1767829964085172
1.1768013664140904
1.1761880440846493
1.1769045331138481
1.1769240975702717
1.1768941802271657
1.177062201244929
1.176739021723437
1.1765872017901631
1.1767153000954311
1.1767209875288938
1.1766488257810255
1.1766396924533988
1.1767873555238375
1.1767245391285546
1.176606709390402
1.177037156544773
1.1772831857700536
1.1758523411869892
1.1773780276976671
1.1771524652011411
1.1769851679889123
1.1769596970388234
1.1767096438006817
1.1767435641689583
1.1768412322416342
1.1767889297829131
1.1767141168890953
1.1767545295030213
1.1767232926378739
1.1767694966907711
1.1767813272150738
1.1767618253900267
1.1767756213873488
1.1775874146015766
1.1764440991848548
1.1773622113541287
1.1769424677155396
1.1768653730640715
1.1766853837754498
1.1761023940609097
1.1772322953579446
1.1767946931919642
1.1767087751496967
1.1767111675878292
1.1767807422359944
1.1767524052149436
1.1767293207239073
1.1764518610345744
1.1768137744077187
1.1766692812812913
1.1768279744144767
1.1767009346494486
1.1770486001998275
1.1768533423653469
1.1768823271856068
1.1769311792375348
1.1768887867141398
1.1768931488317762
1.1768290344348586
1.1768146332549345
1.1767518492645552
1.176804206528328
1.1769111980308662
1.176917991299629
1.176911072878067
1.1768971977841838
1.1769053460848511
1.1768876539126745
1.1767995793207982
1.1766981845379272
1.1767022528023487
1.1764647073002157
1.1771622955374534
1.1768490780432639
1.1763205358002622
1.1769776378875969
1.1770995437863694
1.1768031596630457
1.1766433800187894
1.1770318605124126
1.1768153672366999
1.1768213126185554
1.1768072708277448
1.1761934729954335
1.1776681984415382
1.1767743314349179
1.176801499498858
1.1769487893602442
1.1769197898197514
1.1769180282863787
1.1768846051860216
1.1768673119418107
1.1767391370685369
1.1767973883865535
1.1768603525993964
1.17688706201451
1.1769344365196173
1.1768795538601142
1.1769180539814066
1.1770058744548721
1.1770651893944648
1.1769731511277135
1.1767684939950678
1.1767162585738142
1.1769257819157521
1.1761485919456369
1.1776173788280204
1.1760958367275014
1.1768370464666513
1.1768331527573141
1.1767694112237028
1.1768847976764614
1.1766271245241509
1.1771288944945439
1.17692569545954
1.176909192323546
1.176854409450721
1.1769248818557261
1.1769124942414904
1.1769728015326888
1.1769462705850773
1.1769367684641898
1.1769531939632798
1.1770728106223352
1.1766369611106728
1.1768587872017038
1.1769744282686116
1.1768700621290804
1.1769068983011248
1.1766333982221617
1.1769889824474142
1.1770304385819113
1.1770599998261937
1.1769282636947813
1.1768772042526117
1.1769205149610025
1.1769895632796674
1.1770042821043039
1.1769715161461618
1.1777339399476678
1.1770018471049293
1.1768998497957799
1.1768130028966142
1.1767968852564574
1.1762961302895223
1.1774039158998195
1.1768445117508337
1.1768116983994925
1.1771257596381821
1.1769410320203033
1.176929738397122
1.1769381405969119
1.1769181255906878
1.1769433459856606
1.1769597496247359
1.1769181583015331
1.1768036937876487
1.1769341507668964
1.1771055259298371
1.1766738583969376
1.1770072208594009
1.1772838828099548
1.1770776847046072
1.1763502186931241
1.1778440144040154
1.1770100239680392
1.1770108509769739
1.1770375657372099
1.177056589081839
1.1771020826340313
1.1770563960209306
1.1768916302161927
1.1772227232527201
1.176916761316908
1.1768964971085352
1.1767816460227831
1.1767376775610709
1.176892070771614
1.1764011338693194
1.1774204788103984
1.1770354019374052
1.1761791101682886
1.1776378793042088
1.1768754464731082
1.1768748099083288
1.1769272911459261
1.1769240516101735
1.17689289105508
1.1768165814804479
1.1768525673188257
1.1769077002255834
1.1769173820816357
1.1770142996387079
1.1770989100056999
1.1771721883115902
1.1771179737534492
1.1770791539538532
1.1769897042545652
1.1769594446730749
1.1761507260478496
1.1778599815274666
1.1770979897588141
1.1771092649472985
1.1769243520691366
1.1763739579321548
1.1766935927644977
1.1775076823400157
1.1765750799663899
1.1770704796539149
1.1768382236435777
1.1767517845012447
1.1770463689284296
1.1769872264618633
1.1768395486702592
1.1768450416118004
1.1768128414189627
1.176811724165628
1.1768256515062141
1.1768754628803726
1.1769075273602156
1.1767686354327496
1.1767252941663415
1.1767751214516446
1.1768545818374885
1.1769594355958928
1.1769703082301342
1.177057339389866
1.177019841534217
1.1770084994945595
1.1769250268706171
1.1768703708770809
1.1767623486090908
1.1771152013419723
1.1770240536993406
1.1770948945866251
1.1768550143397305
1.1759741834288513
1.177389357990523
1.1770773710272351
1.1763712407351286
1.1771473548237021
1.176725091586813
1.1766678697443445
1.1770167240426299
1.1769461700543586
1.1767600708591872
1.1769791694134732
1.1769149165798429
1.1767391462755901
1.176748909752384
1.1767777708732237
1.1768852586460523
1.1767532141266093
1.176691431927634
1.1767644670093731
1.1768079615855822
1.1768994141864422
1.1768920563979595
1.1769443397426289
1.1769360107177262
1.1769427266390504
1.1768499300001267
1.176832245584035
1.1768138841406171
1.1769350376557004
1.1769219325060309
1.1769839635750012
1.1764466080497824
1.1772610564646562
1.1767798084349714
1.1768194070363784
1.1766772184597238
1.1766189648201755
1.1767231297444407
1.1768001052540333
1.1769329307021472
1.1769395808473393
1.1769009910162609
1.176955258493253
1.1768264829840462
1.1765578500105567
1.1766817998836261
1.1766522295411157
1.176749264643504
1.176713415321379
1.1767397505554154
1.1767912659296738
1.1767822765057916
1.1768626115761061
1.1768913486644201
1.1769657655318313
1.1769489408727305
1.1769598472296183
1.1768568263192518
1.1768392902125482
1.1768561403066153
1.1768535307502881
1.1768950106927252
1.1769167506128408
1.1768341787203671
1.1768989552043321
1.1767562998480796
1.1766464043914324
1.1766693670710902
1.1767086031728198
1.1767707507231966
1.1767325252410634
1.1767997434911721
1.1770632826955501
1.1768087609475097
1.1769396950568018
1.1764729761106871
1.1769442482094621
1.1767687963444777
1.1766788751198858
1.1766735793999059
1.1766525522461335
1.1767311815000725
1.1767770168430898
1.1767734856205394
1.1768382563741586
1.1768990529351813
1.1769872538569655
1.1770238250886567
1.1771524678490424
1.1770177085370421
1.1768273587957159
1.1772537313290696
1.1768012267291905
1.1768963465434985
1.1768416541073019
1.1767219708748429
1.1768669540811585
1.1767172018248573
1.1765389785650056
1.176643101482171
1.1768517263893932
1.1767696746677094
1.1760189505357328
1.1768235704305821
1.1769222343498089
1.1764994580944348
1.1768238166650777
1.1773215739186318
1.176838016061108
1.1767281647571668
1.1766118219546644
1.1766470182444626
1.1766449131216554
1.1767402142479904
1.1767558686124782
1.176782997407118
1.1768373451292142
1.1768599215111419
1.1768979998138731
1.1770518077329366
1.1773377623132775
1.1772429201010932
1.1767194165872341
1.1764248127085346
1.1767870152202653
1.1760971176337296
1.1767541062144586
1.1770278494153457
1.1772311057327804
1.1766370146667149
1.176088492159544
1.1766229161711883
1.1770815548705673
1.1767359510992699
1.1776089027527012
1.1767925554820611
1.1767454170379581
1.1772000304900043
1.1767983745586184
1.1764888301225147
1.1767803715317873
1.1759751000405847
1.1765018064053181
1.1766722516207615
1.176665569527362
1.1767145307677207
1.1767509393010753
1.1767698550038237
1.1768062179742778
1.176790437191128
1.1769164640245549
1.1769245941651927
1.1767057630351325
1.1764718852938378
1.1765708383681928
1.1768337718272672
1.1768246163749125
1.1767648830112845
1.1767359601212271
1.1767582591508947
1.1767824399447386
1.17671089264093
1.1767855890508443
1.176633608936986
1.1760287057433212
1.177548701832158
1.1768206505131675
1.17686435292584
1.1771470447399517
1.1768998483059165
1.1768534754560704
1.1771143907744357
1.1767857999735016
1.1774943968394831
1.1768787410606016
1.176735612943784
1.1766467795728328
1.176701181982116
1.1767379055705769
1.1767442745593455
1.1767150300185059
1.1767410424319944
1.1769662435436328
1.1768943234807174
1.1767825752480479
1.1766710638197537
1.1766496210431874
1.1767643354593105
1.1768037572198513
1.1766856273392696
1.1767741552128252
1.1767946616901148
1.1767145328095152
1.1767051138370754
1.1767289337472797
1.1766550888192535
1.1767550744541317
1.1768929668132122
1.1769404190131596
1.1771016058375361
1.1770127277293267
1.1760604053378512
1.1768058526646368
1.1768606637326429
1.1767912903264812
1.1767836100575715
1.1767832415661534
1.1766980711882378
1.1766730165785786
1.1766975265066122
1.1767180425752155
1.1767149461749216
1.1767007738416699
1.176785011569073
1.1770685970532206
1.1769180147142422
1.1768341757557834
1.1767715700078374
1.1767036541154068
1.1765151318437057
1.1766908039456379
1.1767726368765039
1.1766672217847316
1.1767756932879287
1.1767205733421449
1.1766895211683459
1.1766218256981746
1.1763777215780502
1.1766101505369686
1.1768667604759002
1.1768811825313066
1.1769525325511856
1.176867322646054
1.1772389212639567
1.1766766243350038
1.1767199006875628
1.1767342505699132
1.1767240775400014
1.1766633382086553
1.1766311883257567
1.1766756553705906
1.1767126157852335
1.1767247028960857
1.176809238003242
1.1768236191646118
1.1771634953213443
1.1767806864081585
1.176954160154599
1.1768936291212642
1.1768438394786944
1.1768496043415011
1.1769764728402994
1.1766873863021241
1.1764280765106945
1.1764635672136496
1.1769238516804836
1.1767430514945512
1.1767072570685253
1.1767288106958798
1.1769963130362908
1.1767627420973175
1.1768458778281263
1.1768811106113695
1.176894233092719
1.1768285028025853
1.1770596712658397
1.1767360038451666
1.1765868718903847
1.1767156229658293
1.1767211032307219
1.1766493178472046
1.1766407767969094
1.176789120539425
1.1767265635522042
1.1766080316681418
1.1770364178878618
1.1772810830361256
1.1758500286630214
1.1773767350199451
1.1771520800366631
1.176985835246267
1.1769105296327784
1.1768345264963984
1.1764763283483683
1.1767103931467926
1.1766391539345409
1.1765667541816991
1.1767637646742874
1.1767104045844785
1.1767391204570976
1.1767519449621469
1.176782531205542
1.1768003734376333
1.1761883777525217
1.1769057902248559
1.1769244168247024
1.1768927492757786
1.1768597382938057
1.1766872394000638
1.176102640569936
1.1772322666901422
1.1767950174205126
1.1767092419389773
1.1767120624962781
1.1767821565224112
1.1767541908434846
1.1767300562308105
1.176450387474804
1.1768120310429064
1.1766676634110025
1.1768268867456735
1.1767006519560301
1.1770493966580102
1.1769615184763984
1.1767119290807844
1.1767451094745252
1.1768409184110697
1.1767880396129162
1.1767132498526387
1.176754114723092
1.1767231494895027
1.1767694030261704
1.176781526116095
1.1767619867080565
1.1767761266683661
1.1775892703341699
1.1764482977899842
1.1773642226125833
1.1769381346709371
1.1766900724572553
1.1766989851330165
1.1764637935025755
1.1771625256492597
1.1768495818570979
1.1763209438884981
1.1769781777786199
1.1771005247796675
1.1768041232307127
1.1766436448006061
1.17703141963924
1.1768136400802425
1.1768200520320005
1.1768066010894498
1.1761934479865326
1.1776688545084668
1.1768547951528572
1.1768839720851751
1.1769318031236586
1.1768884632478256
1.1768925432995287
1.1768284129646469
1.1768141843252864
1.1767516276315071
1.1768041324346075
1.1769110572727213
1.1769175251691339
1.1769112691275581
1.1768995357758931
1.1769111752962915
1.1768916646666958
1.1767935139452688
1.1769677029317749
1.1767656859198818
1.1767158845811014
1.1769264697066539
1.1761491454613198
1.1776176996949415
1.1760960732305124
1.1768373134437686
1.1768334276607719
1.1767696110758272
1.1768846360005971
1.1766265796513511
1.1771283614594719
1.1769254794772319
1.1769093398094739
1.1768549373199784
1.1767752655072237
1.1768022199459167
1.1769484130021763
1.1769195839781446
1.176917702210283
1.1768844028260101
1.1768671606242678
1.1767390424371109
1.1767973111652841
1.1768601623684209
1.176886390580274
1.1769340259705512
1.1768811500941672
1.1769224925459678
1.1770090714438808
1.1770625491765332
1.1769264072001762
1.1768770140726048
1.1769209987590108
1.1769901941497862
1.1770046787172714
1.1769716584491676
1.1777339258007968
1.1770017721171542
1.1768998089761025
1.1768130610896512
1.1767969034727177
1.1762960377401086
1.17740372514053
1.1768443792355145
1.1768121137266601
1.1771267599114452
1.1769262092604416
1.1769134089822215
1.1769727938761314
1.1769459800115656
1.1769365038844624
1.1769531645934741
1.1770728745569519
1.1766370416042937
1.1768588233698654
1.1769742798306593
1.1768697182785797
1.1769064254052113
1.1766333997231544
1.176990649889063
1.1770321326836961
1.1770595005918154
1.1770103085274428
1.1770111461188972
1.1770378442442215
1.1770568116096602
1.1771021211742914
1.1770563476666855
1.1768914749045492
1.1772225238918335
1.1769166991468649
1.1768966097186546
1.1767816059863567
1.1767372182295412
1.1768911485251272
1.1764007251696889
1.1774213121993373
1.1770370739412617
1.1769407302342423
1.1769312093015771
1.1769392003028007
1.1769182453522902
1.1769431739780996
1.1769597841583479
1.1769182886135476
1.1768039168093127
1.176934383708619
1.1771056496985599
1.1766738292939958
1.1770070671528896
1.177283658463403
1.1770778911499857
1.1763505473574489
1.1778442813253343
1.1769899961032482
1.1769595172726941
1.1761505175876013
1.1778597059357561
1.1770977950703985
1.1771090141810943
1.1769241093523855
1.1763737332548296
1.1766935608694311
1.1775078328061375
1.1765750046267234
1.1770697656808227
1.1768366177981158
1.1767498080503502
1.1770450551491778
1.17698278473977
1.1761705840083685
1.1776366330281218
1.176876608317595
1.1768752989979827
1.1769271062437665
1.1769240884440071
1.1768929296917945
1.1768168667989873
1.1768530737871441
1.1769081679888842
1.1769177563373014
1.1770145829127556
1.1770990435912296
1.1771722568559206
1.1771182339411643
1.1770795287395088
1.1768909381289918
1.1768415182127399
1.1768403535214023
1.1769333436867384
1.1769170090283694
1.1767575028589128
1.1762649660283193
1.1771535060070832
1.1767838630168992
1.1767218021311889
1.177272106386094
1.1768887280029996
1.1767984467933539
1.1768272728349114
1.1769223446520036
1.1769179649595929
1.1768547747800984
1.1767861539530224
1.1767592623903362
1.1767415058253365
1.1767813696734473
1.1767609862853221
1.176760805114301
1.1767189988498874
1.1768443409330862
1.1769163888508039
1.1768881563716098
1.1769439598050717
1.1769766817595231
1.1770385383653561
1.1770115111113819
1.1769974272364259
1.1768072917096803
1.1767708598753039
1.1768096144745011
1.1768103090459849
1.1768606371292907
1.176779651813042
1.1766057736167366
1.1765665282334343
1.1767833164320911
1.1770749626610417
1.1769528429635483
1.1767363016047658
1.1767591345281252
1.1767928843513431
1.1764497422584048
1.1768772434321115
1.1768119031473281
1.1767686921457527
1.1767300525871571
1.1766790506013083
1.1766920216211996
1.1767184650439957
1.1767484003937903
1.1767293597406767
1.1767948279226776
1.1768507007241904
1.1768224525689912
1.1768858122341368
1.1769117490749956
1.176951563629276
1.1769308546554744
1.176923558530921
1.1768213058293353
1.1767623734684265
1.176797041370508
1.1768170281366188
1.1768057323695029
1.1767700499301041
1.176722964066397
1.1767069000815633
1.1767565863022351
1.1768384278417885
1.1767881597782022
1.1760042191047162
1.1767657829456306
1.1767754524207747
1.1773638186795703
1.1769968385230116
1.1769001187742583
1.176897633462507
1.1767705546642231
1.1766573496939248
1.1766552229550147
1.1762056306423327
1.1766797287913644
1.1767126137009911
1.1767736710120325
1.1768124026276003
1.1767941872477405
1.176867896421248
1.1769082932028334
1.1769463287294364
1.1769269898238397
1.1769366810657405
1.1769135672106681
1.1760231378962218
1.1775320742978921
1.1767955300569319
1.1768087576230817
1.1767547492869508
1.1767209115247756
1.1767762904832617
1.1767246843685846
1.1766764313597502
1.1767499847159155
1.1775290864123362
1.1766773223448463
1.176471151217521
1.1771933953295757
1.1769778660061596
1.1768469290592343
1.1767820394077806
1.1767708905297043
1.1767322939343439
1.1767119316488668
1.1770900513367135
1.1766748793696349
1.1766514016720173
1.176770076214265
1.1768099528968086
1.1767874249750867
1.1768435697667916
1.1768779542299441
1.176950525675843
1.1769849331671667
1.1770413075471193
1.1770005003036026
1.1767582394658145
1.1767509489182353
1.1767681270657129
1.1768085044822925
1.1767716930844019
1.1767135203659769
1.1767668716017612
1.1766778277321985
1.1765748774514255
1.1766506056450456
1.1767358838930502
1.1763891498271233
1.1768241082573019
1.1768775306071759
1.1768893559536635
1.1767098938930856
1.1764692238660168
1.1771429555242858
1.1768873325305487
1.1767067759418064
1.1766480500046477
1.1766431506373618
1.1766635051028391
1.1767327594514083
1.1767873921492216
1.1767921078548078
1.1768217974422137
1.1768456109009477
1.1769390496358929
1.1777834473784585
1.1771326764755001
1.1767129036310249
1.1766869568550589
1.1767136858983032
1.1758927420474736
1.1775764630514245
1.176808224130937
1.1767646478168894
1.1766958459657437
1.1766897701607753
1.176693399642575
1.1765477945790284
1.1764920602948339
1.1776427244245522
1.1769344852631372
1.1765758002184279
1.1761039463502647
1.1763754789664356
1.1766402400973088
1.1764871042279008
1.1770735635814178
1.1767559222081798
1.1766302203431973
1.1766752292393592
1.1766907208191504
1.1767183357633519
1.1767547677303556
1.1767809940518124
1.1767922524377956
1.1768288123098987
1.1769675483115258
1.1762179070214807
1.1768251462390638
1.176756159667995
1.1767219702183072
1.1767053288274731
1.1767043617057928
1.1767152223641471
1.1767655138486797
1.1767353227790234
1.1764076186749133
1.1765343958775218
1.1772503281276641
1.1768100743054219
1.1768022995872327
1.1769403472497255
1.1769088488634167
1.1772152288903643
1.1777112147593627
1.1773023227511679
1.1768150247371867
1.1767880876318495
1.1768016728564032
1.1767374285792835
1.1766698699896239
1.1767056914074803
1.1767027031115234
1.17671193337886
1.1767322618122757
1.1767940652276243
1.1767928967832575
1.1767900598724643
1.1768812935974444
1.1768913920556654
1.1768335972474095
1.1767672249752987
1.1767273473889186
1.1766736120480581
1.1767021168098712
1.1767078291723476
1.1767074651294445
1.1767238528915067
1.1766831665099862
1.1767274963675638
1.1767661420684847
1.1767361538338474
1.176774708443789
1.1768233345779247
1.1768074384102714
1.1769076671988032
1.1768757783886574
1.1768570030979597
1.1768205709560167
1.1760627489336704
1.1767829871842952
1.1767737897231874
1.1768203313268244
1.1767399446848026
1.1767112829082458
1.1767216000655207
1.1767374226079497
1.1767724472048759
1.176768813883202
1.1767836195769084
1.1768617554126537
1.1768509165793088
1.1768129379835388
1.1768104983447532
1.1767773526183247
1.1767557642264874
1.176721180969253
1.176662262433358
1.1766462014237891
1.1767868792033913
1.1767287282234489
1.1767449478705205
1.1767503840818518
1.1767827781121547
1.1767801087147329
1.1768184382669045
1.1768466625135241
1.1768508958824992
1.1768270733869599
1.1767524781169301
1.176741687498907
1.1774685588236355
1.1767211203701597
1.1767196077815192
1.1767009084302402
1.1767096497385958
1.176720395264399
1.1767362667762284
1.1767658143118362
1.1768106976563648
1.1768141693717584
1.1768297879140546
1.1768721632052619
1.1768858577539201
1.176856424838626
1.1768939938513481
1.1768064180182773
1.1767371849207797
1.1767529445962719
1.1767027894317821
1.1765701468475018
1.1768524793369628
1.1767408867257318
1.1767868807298114
1.1767545695553301
1.176739323172159
1.1767707354810439
1.1769195149436709
1.176975669917979
1.1769246761506693
1.1768604807089573
1.1768183562921684
1.1767068251998307
1.1766612694005461
1.1766859353182884
1.1766616278333586
1.1765913220415254
1.17678049509483
1.1760268073356634
1.1774909409149463
1.1767693000188859
1.1761571016474295
1.1776188768535019
1.1767538741508456
1.1769966139985313
1.177004195702523
1.1769833709034345
1.1770810632956636
1.1767585165684074
1.1767690905221906
1.176796267410982
1.1767761402681198
1.1767171385395163
1.1767828291039171
1.1767522677156041
1.1767990178503407
1.1765512684791284
1.1765691809531511
1.1767058445243763
1.1769183581825557
1.1769323793811792
1.1769757434163575
1.1769066496877771
1.1768138946261864
1.1767164143074422
1.1766409762591081
1.176709122176969
1.176576176325242
1.1764937537608178
1.176950726630382
1.1767980135766642
1.1767626232639605
1.1767954608998963
1.1768734346608063
1.1768149863298949
1.1766124841172811
1.1769017664686106
1.1769916704173089
1.1777053658679377
1.1765898248864335
1.1767768054809389
1.1768956428739377
1.1768847601736363
1.1768496181667203
1.1768070297448263
1.1768036262033941
1.1767781674115194
1.1769137973986643
1.1772650743909283
1.177133439932059
1.176923661415868
1.1769175177510451
1.1769291591946947
1.1769420984276078
1.1769205217521392
1.1768436566198197
1.176803174796365
1.1766873341576518
1.1768472516262052
1.1768422364350213
1.1768129035310595
1.1769420117136957
1.1769039121013558
1.1768116570885578
1.1767912123803295
1.1769533013595863
1.1768693334102465
1.1767588499224473
1.1767276639558089
1.1770704504612697
1.176220509689367
1.1767854357052308
1.176835574417574
1.1769408714268523
1.1769131230605807
1.1768794216383496
1.1768460923025967
1.176836605643842
1.1767898709213682
1.176883489831613
1.1769589222707955
1.1769303759696577
1.1769828458550868
1.1769227811155685
1.1768931624036636
1.1769493884724049
1.1769935029668037
1.1769021067022054
1.1767007776071565
1.1764945249433552
1.1771566388382508
1.1769329812908338
1.1769970275255208
1.17693256008117
1.1769003050021341
1.1768549989345156
1.1768401316921695
1.1768610739820728
1.176837231426676
1.1769558810859027
1.1769049033533612
1.1770222752393551
1.1768806769469631
1.1769571081897447
1.1769224843891453
1.1769417968427849
1.1769047486755815
1.1769004845769788
1.1768937377593209
1.1769048862047282
1.1767974967005774
1.1768794143018821
1.1769539317197761
1.1769155769349144
1.1769765580157774
1.1769863730276837
1.1771191962257843
1.1770663743346392
1.1770489960655124
1.1768791431515286
1.1766210067735514
1.177044420283943
1.177028139169509
1.1769564092400586
1.1769796080991268
1.1769569861020661
1.1769546553743071
1.1768934530461435
1.1768695216776366
1.1768542086825602
1.176808308118825
1.1769925289612482
1.1769119769113716
1.1770552969519992
1.1770649990224946
1.1769785910391721
1.1769375503759918
1.1768993323296184
1.1768410554531226
1.1768644832911641
1.1769139783548976
1.1768791554554925
1.176817759315552
1.176887644050562
1.1769764017346096
1.1769084051889895
1.1770106821534028
1.1771041089321983
1.1771257516723928
1.177104376774698
1.1770832330529666
1.1769675278141898
1.1769116413199445
1.1770416782300526
1.176983429758
1.1769863597069194
1.1769971183313879
1.1768665653355379
1.1769184321440838
1.1768796826397991
1.1769338182040503
1.176983308784658
1.1768933168413553
1.1769340234106147
1.1769054150780351
1.1770691420802442
1.1770418994806764
1.1769612557255231
1.1769003423310302
1.176857278287043
1.1768251446295601
1.1768567929243039
1.1768341882735787
1.1768140119124093
1.1767623686510276
1.176870338682644
1.1769537178017384
1.1769288941631455
1.1770029849899317
1.1770672352836211
1.1771293500490074
1.1770971635274528
1.1770693797356793
1.176967684376605
1.1769221897398481
1.1769396956801135
1.1769789334455447
1.1769714371053568
1.1768653111652185
1.1767692593531296
1.1767840995775309
1.1768190735418067
1.1762430207510759
1.1777948925504402
1.1769415003617036
1.1768814100392408
1.1768954594116645
1.177022010135452
1.1769973892681911
1.1768547023088483
1.1767861122326273
1.1767593386306503
1.1767413102249482
1.1767780462724258
1.1767572661501604
1.1767612430044911
1.1767204385835059
1.1768440997313849
1.1769155441424202
1.1768875194101678
1.1769435240513586
1.1769762747694592
1.1770381131623608
1.1770110773489777
1.176997064688831
1.1768908151105655
1.1768416770455743
1.1768407004425119
1.1769338344162974
1.1769175355445587
1.1767579957377976
1.1762653200063491
1.1771537254029503
1.176783923044801
1.1767217694714218
1.1772715847994635
1.1768863758360375
1.1767959856876977
1.1768278226409705
1.1769232988353431
1.1769184843316862
1.1768081706444171
1.1767685045209288
1.1767307040070241
1.1766794723360481
1.1766907375121312
1.1767169284024288
1.1767503486147703
1.1767309224875837
1.1767942426618943
1.1768499112111503
1.1768218719605752
1.1768853926980907
1.1769112919888902
1.176951074670719
1.176930399105488
1.1769231311542594
1.1768070841979283
1.1767709792648382
1.17681000712313
1.1768108306424521
1.1768612250246273
1.1767801907511324
1.1766061473267302
1.1765667173882872
1.1767833870778865
1.1770749326162049
1.1769515405449709
1.1767314827370055
1.1767553965600965
1.1767973964004719
1.1764531909449907
1.1768782203444663
1.1768997449009557
1.1768984371182647
1.1767716126545527
1.1766579185026567
1.1766554898077461
1.176206034793952
1.1766806829941845
1.1767128768668338
1.1767731454007224
1.1768119456163195
1.1767938153782911
1.1768676297691678
1.1769078886119906
1.176945853140327
1.1769264827616293
1.1769362127932519
1.1768211016060266
1.1767624293667314
1.1767973240334928
1.1768175578780704
1.1768063264643769
1.1767704965308854
1.1767232890243633
1.1767070632410155
1.1767566255015138
1.176838396665657
1.176787551438101
1.1760018008512627
1.1767639931765146
1.1767778441019767
1.1773666447259035
1.1769978924709379
1.1768477361628071
1.176782890639384
1.1767714116519894
1.1767326298122935
1.1767123709709311
1.1770904685751764
1.1766750486993027
1.1766511738710124
1.1767697193072617
1.1768096613596732
1.1767871635975766
1.176843322924449
1.1768776177863882
1.1769500673786084
1.176984341016301
1.1770407289303726
1.176913234346693
1.1760231236573935
1.1775321556816556
1.1767958180292271
1.1768090868875358
1.176755055836169
1.1767211237384958
1.1767763619136524
1.1767246007258176
1.1766762938615138
1.1767497927620543
1.1775286139727736
1.1766770029540137
1.1764718594878008
1.1771946548054324
1.1769788257251306
1.1767101759963494
1.1764694432602334
1.1771430625593353
1.1768874301972181
1.1767069691259346
1.1766482252087618
1.1766431961351618
1.1766633835192839
1.1767326359871708
1.1767872503058929
1.1767919625999683
1.1768216118953394
1.1768453729642998
1.1769386516532134
1.1777829149025529
1.1771321485805184
1.1770000670123959
1.1767580368313666
1.1767508216516211
1.1767679826431321
1.1768083905705806
1.1767716122952459
1.176713559731565
1.1767668283521455
1.1766776101685248
1.1765746419261409
1.1766503603149203
1.1767359412931464
1.1763894223271185
1.1768243796877931
1.1768775424561753
1.1768895166140321
1.1763755183508611
1.1766402124737803
1.1764870771501825
1.1770735586993544
1.1767559281709628
1.1766302581356247
1.1766752777285734
1.1766907383125387
1.1767183827851495
1.1767548005387258
1.1767809236088105
1.1767921225492886
1.1768286210047292
1.1769672851425383
1.1762175177516812
1.1768246286576083
1.1767125038048811
1.1766866475845861
1.1767134188760724
1.1758924191567754
1.1775761010131358
1.1768080344360536
1.1767646099288784
1.1766957371999687
1.1766896449398001
1.176693583648089
1.1765469501061434
1.1764915751974971
1.1776427945125367
1.1769345240883824
1.1765757410162438
1.1761038812532456
1.1773025378364268
1.1768151008531591
1.1767881430776195
1.1768016819626546
1.1767374278807863
1.1766699084212298
1.1767058071059879
1.176702938168265
1.1767121704384158
1.176732427112305
1.1767939805289607
1.1767926110909637
1.1767897168986903
1.1768810572181423
1.1768912496628867
1.1768333965488464
1.1767559085668036
1.1767217434237076
1.176705101018954
1.1767040387806091
1.1767150179620611
1.1767653327050658
1.1767352387889747
1.1764075898642496
1.1765348471339536
1.1772516135114444
1.176808084375186
1.1768007055533707
1.1769399906318494
1.1769088745826615
1.1772153716619302
1.1777114215876572
1.1768574294663539
1.1768209162692786
1.1760629361209265
1.1767830782211293
1.1767738459779973
1.1768204089378596
1.1767403053462737
1.1767119424407295
1.1767224963174092
1.17673799973056
1.17677223418522
1.1767682570386919
1.1767829005741963
1.1768613532072603
1.176850864416938
1.1768131242870425
1.1767674978097917
1.1767276524296473
1.176673609830035
1.1767019031430812
1.1767074932078763
1.1767071783281575
1.1767237515202571
1.1766834042156331
1.1767281805861316
1.1767665001113341
1.1767351578764664
1.1767728466585394
1.1768227721536972
1.1768074834594711
1.1769078428541122
1.1768760711234039
1.1767529311260088
1.1767422873088156
1.1774690726160026
1.1767213539820984
1.1767196878532822
1.1767011029357684
1.1767101986271693
1.1767217191338972
1.176738094267596
1.1767666747457612
1.1768100606024534
1.1768132019175528
1.1768286645151274
1.1768714894803978
1.1768857132634984
1.1768569617063869
1.1768114911951515
1.176778373883141
1.1767561952462502
1.1767210266257635
1.1766615808952183
1.1766455477753937
1.1767866679350418
1.1767289812330448
1.1767455282514878
1.1767504551663379
1.1767820092023227
1.1767788594512401
1.1768177977603664
1.1768468435890538
1.176851078606068
1.1768272253424066
1.1768171509469749
1.1767063643120499
1.1766616934729042
1.1766863110609744
1.1766618156994444
1.1765916334785129
1.1767814452676217
1.1760284270357273
1.1774926918171307
1.1767693539978421
1.1761553579259578
1.1776184319513023
1.1767535090577674
1.1769959230011173
1.177004108134299
1.1769842138119659
1.1768959614386667
1.1768083995946204
1.1767376950210831
1.1767533183980947
1.1767016903933714
1.1765691295663019
1.1768519372201465
1.1767408246014575
1.1767870927267863
1.1767546933644326
1.1767391392676843
1.1767702162597984
1.1769194888158971
1.1769766584347403
1.1769254421857855
1.1768599140431828
1.1768104247468747
1.1767151423211351
1.1766408414951717
1.1767093804594939
1.176576515821405
1.1764941555075192
1.1769514434606549
1.1767992576412374
1.1767637865599503
1.1767942355432337
1.1768751044810923
1.1768152574142203
1.1766136348562719
1.1769016693496936
1.1769916692070048
1.1777063322251351
1.1770836104599185
1.1767617854492467
1.1767702848465165
1.1767952414203038
1.1767748686738198
1.1767156952732061
1.1767821849257778
1.1767520619118181
1.1767991142246825
1.176551304552125
1.1765691430726253
1.1767055628390743
1.176919482398634
1.1769352040741035
1.1769780463153885
1.1769049755728085
1.176838674640089
1.1768004102331364
1.1766869207296458
1.1768476509005428
1.1768425267469997
1.1768131025103086
1.1769423807600312
1.1769045737958461
1.1768119585283441
1.1767897806490102
1.1769514912068946
1.1768709451851156
1.1767586289523952
1.1767274402327614
1.1770703234165676
1.1762212435342521
1.1765919028462211
1.1767795983363294
1.1768971207541787
1.1768839645157447
1.1768480927026119
1.1768057990213991
1.176803036515603
1.1767779038313306
1.1769137327344554
1.1772649350307587
1.1771331292837746
1.1769235129136519
1.1769189546190466
1.1769335322737746
1.1769458766095058
1.1769186424377487
1.176899089905304
1.1766992286388813
1.1764947409851199
1.1771571333688442
1.1769331669470906
1.1769970295711121
1.1769325443631975
1.1769004455189052
1.1768549861514037
1.1768396136214432
1.1768615708760695
1.1768371901840953
1.1769554637132691
1.176904643015614
1.1770221750434069
1.1768809910150078
1.1767865779285793
1.1768368830442459
1.1769408299139545
1.1769128875992363
1.1768788620211552
1.1768455155880826
1.1768363100952062
1.1767897278253132
1.1768833319162768
1.1769585977075596
1.1769298742743768
1.1769823387369145
1.1769239268323466
1.1768968576383092
1.176952885112083
1.1769932249463051
1.1768784084802719
1.1766210171486351
1.1770448119215915
1.1770284992850746
1.1769564209766827
1.1769794864293612
1.1769568204861045
1.176954468985657
1.1768933301566613
1.1768694672382234
1.1768542275475065
1.1768082395284973
1.1769923555097441
1.1769118771561753
1.1770553902816885
1.1770652994724897
1.1769575504752716
1.1769229667188696
1.1769418347299947
1.1769046099487643
1.1769003032730139
1.1768938496791415
1.1769049914376728
1.1767975811082072
1.1768794336113562
1.1769537004419719
1.1769151537740297
1.1769759845316801
1.176986438481066
1.177120792056485
1.1770681062321313
1.1770493509462394
1.1769682117854894
1.176912074184562
1.1770418705652141
1.1769833751714796
1.1769861175695684
1.176996900836639
1.1768662676030925
1.1769181827925985
1.1768795679904538
1.1769338786983203
1.1769834058312247
1.1768932676974853
1.176933956332334
1.1769056029832985
1.1770695991115911
1.1770425355874974
1.1769800097422445
1.1769386509310216
1.1768995946905871
1.176840986494297
1.1768648390418159
1.1769147915168674
1.1768794604271906
1.1768179340614806
1.1768879152400114
1.1769764564234064
1.1769082794873653
1.177010433973509
1.1771039153012026
1.1771259150046425
1.1771047821335638
1.1770837708407074
1.1769681356385056
1.1769223295742139
1.1769395701858296
1.1769785955407808
1.1769710421598412
1.1768648794599934
1.176768912937513
1.1767838460077376
1.176819000699284
1.1762430813652676
1.1777949609401113
1.1769415801826737
1.1768816256046908
1.176896013060619
1.1770228203533284
1.17699864139059
1.1769630020592241
1.1769014180534194
1.1768578383328927
1.1768253839415419
1.1768587121990453
1.1768373995983996
1.1768141553631735
1.1767617594422619
1.1768706814485927
1.176954327750972
1.1769291273519604
1.177003051299629
1.1770673007203944
1.1771295038484073
1.1770974531502214
1.1770697985068961
1.1768332694824886
1.1768057839602952
1.1768228659770184
1.1767890881388556
1.1768411476697318
1.176460273915922
1.1767323554418752
1.1768026880330662
1.1768228986718119
1.1768258675641936
1.1772923228529142
1.1769732131223469
1.1768396985579717
1.1769283482830357
1.1769466399501893
1.1769360495362049
1.1768789084660578
1.176775276650992
1.1766978906184014
1.1766779281822315
1.1767676941496159
1.1767903279528258
1.1766762422255701
1.1765286000817046
1.1769911993404705
1.1770211424185884
1.1769353727343288
1.1769285103211795
1.1769617649683768
1.1770245052578925
1.1770057396172136
1.1769589149947106
1.1767698230603985
1.1767392851205616
1.1767240291771059
1.1764791047077483
1.1770761447451137
1.1766733607232678
1.1761287989995663
1.1770334924829042
1.1767905387987312
1.1769620309088196
1.1771118643617027
1.1768561573267773
1.1768146647563167
1.1768591682872909
1.1768858447755632
1.1769038959178086
1.1768359483145241
1.1767241011209248
1.1766481518879119
1.1765973160380294
1.1762994022595643
1.177203969923966
1.1767316306732734
1.1766908426597538
1.1768245440337997
1.176889725415972
1.1768585654677
1.1768759399050164
1.1769220954012523
1.1769625172795608
1.1769179869171866
1.1768689968793979
1.1767730747099827
1.1767249971237976
1.1767028139991755
1.1767167099700504
1.176787995267869
1.1767232289044203
1.1766149743122603
1.1764976715933648
1.1766635805696295
1.1771829992249265
1.1768546160264133
1.1767655047584626
1.1768001862307889
1.1768362846693132
1.1769421854320632
1.1769287901477152
1.1768553911466808
1.1767693652274445
1.1766752271817924
1.1766165924353575
1.1766516291671387
1.1767053146730337
1.1766939672675636
1.1766895963184458
1.1767939152957758
1.1768259187589418
1.1768066260227434
1.1768500981179988
1.1769116864327915
1.1769373259771492
1.1768952364915068
1.1768590570993385
1.1768378591095581
1.1767672510004106
1.1767901817118638
1.1767707454894389
1.1767377553358505
1.1767190783167094
1.1767162679191949
1.1767082312274992
1.1767499689136267
1.1767781674384041
1.1767220861518148
1.1767441273531325
1.1763830364913672
1.1767841287540148
1.1769438223218147
1.1769197668124718
1.1768292274061887
1.1767506987663898
1.1766919186433267
1.1762064428417796
1.1765978797003402
1.1767084667805536
1.1766292522230459
1.1765165701732827
1.1769125530370754
1.1768461287773229
1.1768058899630058
1.176830655278414
1.1768911778726174
1.1769459759995893
1.1769502360785984
1.176929258101459
1.1768549271604216
1.1767699749287335
1.1767651013452243
1.1767575888617985
1.1767449823339866
1.1767421818211554
1.1767441622141013
1.1767388156342204
1.1767240957680245
1.1766911966504914
1.1766809088793977
1.1767993416551679
1.1772747965943335
1.176910655865506
1.1769161721277948
1.176895336419377
1.1767974375248231
1.1767238169659977
1.1768217830308974
1.177213145817176
1.1766903060245364
1.1766396369522814
1.176610136912557
1.1766792487106419
1.1767612318698721
1.1767826303897388
1.1768175385130448
1.1768345600053782
1.1768978247501207
1.1769573130775328
1.1769718539798824
1.1769444759101111
1.1768052561958091
1.1767583004286948
1.1767328603924274
1.1767116216324687
1.1767594145641112
1.176764361785299
1.1767510803652965
1.1767260504507737
1.176710480809569
1.1766753605143181
1.1766421503728302
1.1767693355729196
1.1769666854323415
1.1769094904981026
1.176860498603266
1.1768553908680461
1.1767663560835806
1.1767301001989683
1.1767333759481056
1.1768182409872177
1.1767235956910109
1.1766752063855503
1.1766805351423573
1.1767021978908636
1.176727651583781
1.1767614101063657
1.1767983951232646
1.1768314980384502
1.1768665831800285
1.1769412033530011
1.1769316497212174
1.1768718521788273
1.1767931107652374
1.1767609894413193
1.1767404030949393
1.1767253503816666
1.1767323177084761
1.1767434488793045
1.1767396346247989
1.1766956816025074
1.1767293520690922
1.1767616791285571
1.1767591858632622
1.1768227067246471
1.1768646958983466
1.1768671686684558
1.1769159555342772
1.1768720938063091
1.176842178970303
1.1767796450322017
1.1767638542201193
1.1767645096214316
1.1767306425968713
1.1766922269104849
1.1767106417510884
1.1767221362493587
1.1767317773746671
1.176755968074322
1.1768062328262563
1.1768261191960545
1.176833281804361
1.1768637224821312
1.1768630255933124
1.1768390364267587
1.1767841132333439
1.1767577836007055
1.1767410661887892
1.1767369610597744
1.1767352572446008
1.1767376406874615
1.1767410789356605
1.1767288138023917
1.1767417192871963
1.176760993783498
1.1767803088651672
1.1768108692100481
1.1768174673194483
1.176819640070476
1.1768527348443163
1.1768395572472112
1.1768153116598439
1.1767892623512251
1.1767771167833747
1.1767587906711896
1.1767472636791179
1.1767521036875404
1.1767349984285116
1.1767312126149638
1.1767480026856529
1.1767703133858625
1.1768017151622874
1.1768129851795519
1.1768216781567618
1.1768433216059444
1.1768386404994118
1.1768199953800385
1.1767856205812652
1.1767583208006149
1.1767483708221675
1.1767427459859938
1.1767395282072037
1.1767278583853917
1.1767472833815176
1.1767409648453779
1.1767581589884997
1.176775725298969
1.1767907334522496
1.1768061913009025
1.176832803821483
1.1768498030782659
1.1768493597618428
1.1768345367323918
1.1768011282147826
1.1767716783569959
1.1767507067073988
1.1767500656661352
1.1767398652540737
1.1767235107386926
1.1767262875812863
1.1767363561553794
1.1767683792785708
1.1767998647269202
1.1768166726583211
1.1768160183619925
1.1768278256548435
1.1768554885331659
1.1768428248517653
1.1768202684228641
1.1768203357579408
1.1767807031102036
1.1767662723313814
1.1767605772815419
1.1767556082020849
1.176702535574921
1.1767695117917183
1.1767532239991612
1.1767996755174852
1.1768143938054061
1.1768042365217353
1.1767923672289049
1.1768621357958413
1.1769302587460426
1.1768980562991325
1.1768519438679155
1.1768057393316735
1.1767498888494641
1.1767377857407884
1.1767340372238366
1.1767288679221308
1.17670522357212
1.1767445804130738
1.176761123535649
1.1767855638887141
1.1768234661940631
1.1768571960768091
1.1768551388846562
1.1768523225054215
1.1769110323112653
1.1769016071310729
1.1768722646556502
1.1768650727198233
1.17678426461082
1.1767824076312183
1.1767836015331494
1.1767862562102207
1.1767744138626621
1.1767768848962552
1.1767631281002227
1.1768435254493581
1.1768623199830763
1.1768046644891792
1.1767653253260697
1.1768643203401963
1.1769344477980659
1.1769420674725062
1.1769001930126239
1.1768265739886521
1.1767663964038373
1.1767383375767211
1.1767350379317258
1.1767272271547546
1.1767251834771373
1.176747111808488
1.1768023531828677
1.1768101748099862
1.1768281579470576
1.1768938118434817
1.176862978772705
1.1768090245054292
1.1768943833846179
1.1769366817713152
1.1769607610071027
1.1768127826954511
1.1768108087725153
1.1768395261191451
1.1768145632838403
1.176798504888239
1.1768054898569602
1.176783633873403
1.1767439176576111
1.1768891455161299
1.1770171851018301
1.1769548981804177
1.1769915055741829
1.1769462723500919
1.1769499264396071
1.1769541490313278
1.1769349059463197
1.1768657079177933
1.176799649905149
1.1767564766277747
1.1768241790471168
1.1768524996858978
1.1768581791709798
1.1767456668862801
1.1768646658847177
1.1768477458078157
1.1766492901594745
1.1772570986775106
1.1769513604256829
1.1768525816670654
1.176872576135338
1.1770089416370186
1.1768907761821539
1.1768909613558418
1.1768534155906314
1.1768722781532226
1.1768054610173753
1.1768016196597066
1.1768593753947134
1.1768297420714613
1.1767986833654316
1.1769011714926458
1.1769150095932093
1.1768470963910795
1.1771042414828883
1.1770598000119363
1.176980020190092
1.1769699529015416
1.1769529676957211
1.1768722172457202
1.1767798134081688
1.1760018672328916
1.1768429943392709
1.17673960158304
1.1771062955882601
1.1768825512271446
1.1768731335496057
1.1768688337792934
1.1768636297730604
1.1769360070522767
1.1769213580636857
1.1769476684951965
1.1769479924238309
1.1770275721078214
1.176987235483044
1.1769607687253167
1.1768914326701174
1.1768782517113381
1.1768407690335936
1.176878127863688
1.1769235258658506
1.1768722946431942
1.1768373861982639
1.1768857155567107
1.1769080385736075
1.1768828687885697
1.1770090761583658
1.1771049222575722
1.17713487698674
1.1770692690624682
1.1770107662872797
1.1768942067252264
1.1768145949884605
1.1776458240421526
1.176882119385579
1.1769418343429652
1.1769577986550643
1.1768426484794439
1.1768394431844644
1.1768788876515495
1.1769311859048666
1.176962167109362
1.1769369878430562
1.1769941409150015
1.1770025587731392
1.1770646496091814
1.1770527903794645
1.1769774328283424
1.1768993987212546
1.1768104777849855
1.1767138676533104
1.1767432320051676
1.1770880168440738
1.1768749721606657
1.1768157587368651
1.176876874505691
1.1769419558418077
1.1769386597513405
1.1769883735321223
1.1770515870480449
1.1771589897372312
1.1771128734122449
1.1770530763387632
1.1769336496129446
1.1769057224573733
1.1769383603999668
1.1768546050337372
1.1770178394509263
1.1768361752145489
1.1759537707319572
1.1774795558770983
1.1768345991083839
1.1769064622940277
1.1772925714510571
1.1770177341012573
1.1769800132194292
1.177003304160245
1.1770571811379673
1.1770451406223141
1.1769682802530073
1.1768848098664026
1.1767862743718691
1.1767378256833225
1.1768366814379054
1.1768634532262925
1.1767450996988882
1.1766506545661297
1.1769361864446306
1.177005853692215
1.1769583151621028
1.1769777872364939
1.1770220660538411
1.1771057060619012
1.1770875118423763
1.1770439889253064
1.1769158316294741
1.1768872884139143
1.1769107153702896
1.1768691202728583
1.1768905566372401
1.1764258416595288
1.1769006234174886
1.1767797119010905
1.1768409143877769
1.1768693090404883
1.1773116948334053
1.177026309825467
1.1769136180740727
1.1769831949596841
1.1770210925102857
1.1770162891266724
1.176877597300698
1.1767750820068952
1.1766980635668562
1.1766771994708436
1.1767625575893421
1.1767849752544846
1.1766777213937942
1.1765309546341547
1.1769910540070891
1.1770201242821678
1.1769349102590088
1.1769285981838078
1.1769616676311641
1.1770242440256824
1.1770054324231731
1.1769586326036721
1.1768331673080217
1.1768058830652055
1.1768231426956441
1.1767894523672817
1.1768415555201164
1.1764606318644757
1.176732625584783
1.1768028606397116
1.1768230223303804
1.1768259769069462
1.1772924237943589
1.176972572717337
1.1768384861030403
1.176927465549974
1.1769461876206548
1.1769355262510786
1.1768360443360342
1.1767245045818757
1.1766485717533495
1.1765972863042184
1.1762972699464092
1.1772018328414964
1.1767334074890914
1.1766926799685065
1.1768238858523437
1.1768886609229234
1.1768582139413584
1.1768760065801431
1.1769220557739812
1.1769623395290458
1.1769176557935603
1.1768686460052042
1.1767697151959786
1.1767393660640044
1.1767243081843193
1.176479493821931
1.1770766048171681
1.1766737323876761
1.1761290628579444
1.1770336572066415
1.1767906150205849
1.1769621095846676
1.1771118444413158
1.1768552293829995
1.1768134956774348
1.1768590911658461
1.1768862759743963
1.1769041523985802
1.1768560254538596
1.1767701391875744
1.1766757903617049
1.1766171240957104
1.1766521760923545
1.1767061293813783
1.1766952340059229
1.1766900895295198
1.1767931010702508
1.1768252782100574
1.1768063343565156
1.1768500907896573
1.1769116108881217
1.1769370708014082
1.1768948560370798
1.1768586515776565
1.1767728733527949
1.1767250527314967
1.1767030550782354
1.1767171014553375
1.176788423596743
1.1767235557640516
1.1766152158654242
1.1764977772956084
1.1766635934456549
1.1771829786325312
1.1768544494785922
1.1767648106120676
1.1767995531693114
1.1768363141877507
1.1769424719334158
1.1769290443356608
1.1768295131774937
1.1767509666460585
1.1766922765649386
1.1762070546117842
1.1765987208558251
1.1767093742152559
1.1766297817143259
1.1765163691394838
1.1769119879247052
1.1768456667884828
1.1768057186771923
1.1768306274097364
1.1768911279447898
1.1769456539446508
1.1769497920044814
1.1769287559628592
1.1768375022326028
1.1767671952982732
1.1767903064033931
1.176770996154803
1.1767380406504442
1.1767193339868083
1.1767164254667863
1.176708279338315
1.1767499039893425
1.1767780497488789
1.1767219357726484
1.1767439296676592
1.1763828632292679
1.1767840943473651
1.1769438262424656
1.1769198222594162
1.1767972895991843
1.17672385256047
1.1768219414097929
1.1772134544965771
1.1766907753975877
1.1766399762171393
1.1766102921003858
1.1766790569797865
1.1767609367607346
1.1767823930239074
1.1768173942773088
1.1768344834120743
1.17689772091307
1.1769570356442891
1.1769714480339974
1.176943952938901
1.1768545316210139
1.1767697868835412
1.1767650929815763
1.1767576517040736
1.1767450845159806
1.176742298832935
1.1767442149108087
1.1767387945952472
1.176723948411901
1.176690957882387
1.1766806632260172
1.1767992477341713
1.1772747253906017
1.1769104633224858
1.1769158659065497
1.1768950265709581
1.1767662136201498
1.1767300735315995
1.1767334294022815
1.1768183214116534
1.1767237110433646
1.1766753072121576
1.1766805529367144
1.1767021592412292
1.1767276542025003
1.176761426944211
1.1767983369831003
1.1768313852595891
1.1768664685945596
1.1769409943800901
1.1769313722645187
1.1768714651238352
1.1768048813844949
1.1767580429214972
1.1767326658077357
1.1767114610431531
1.1767593053469541
1.1767643053133363
1.1767510733906312
1.1767259940054975
1.176710298559565
1.1766750952380551
1.1766417439837835
1.1767691472316057
1.1769666230278291
1.1769093425062374
1.1768602070589271
1.1768551135305676
1.1768421896954366
1.1767796485639137
1.1767638715791608
1.176764531251157
1.1767306560811459
1.1766922522506698
1.1767107034797069
1.1767222509244131
1.1767319629887036
1.1767561928824277
1.1768062425417742
1.1768259849007598
1.1768331382796404
1.176863617168145
1.1768629402506408
1.176838862669922
1.1767929100887264
1.1767607210511577
1.1767394892630023
1.1767254396804441
1.1767320937045911
1.1767433528030649
1.1767396178461318
1.176695633454653
1.1767292669232154
1.1767617246738569
1.176758625106642
1.1768223827300943
1.176864605751349
1.1768671190969258
1.176915917208436
1.1768720677501179
1.1768154458708326
1.1767893768976745
1.1767771815941945
1.1767588026322704
1.1767472496241735
1.1767521142859731
1.1767351965704571
1.1767316019831207
1.1767486949943644
1.1767710896526453
1.1768018259986033
1.1768129678801138
1.1768214896513358
1.1768432581193027
1.1768387068796242
1.176820170013448
1.1767842724167261
1.176757894142356
1.1767410062090353
1.1767366837789957
1.176734937352355
1.1767374388371306
1.1767410181363647
1.1767288475244433
1.1767418160615875
1.176760996662805
1.1767798636689393
1.1768105578255239
1.1768172804307877
1.176819593332298
1.1768527669165127
1.1768396616121302
1.1768012113651445
1.1767718699980083
1.1767508703677667
1.1767501255672324
1.1767398299838174
1.1767235562658727
1.1767265921640526
1.1767373136578509
1.176769013932351
1.1767986454723665
1.1768163000831628
1.1768168810462996
1.176829499641092
1.1768557102497978
1.1768429971782282
1.1768208015434873
1.1767866858361913
1.1767592371071327
1.1767486028799761
1.1767424384597347
1.1767387577081116
1.1767272944161675
1.1767470759576044
1.1767409619495091
1.1767583006794466
1.1767758368890744
1.1767906502340746
1.1768059604388115
1.1768325263991564
1.1768496625238338
1.176849357939886
1.176834594197071
1.1768055804415538
1.1767498772381522
1.1767380477850717
1.1767341976297945
1.1767289032706412
1.1767052713125326
1.1767451144449326
1.1767623024494716
1.1767847998258758
1.17681706491816
1.176858221980706
1.1768623220672749
1.1768590531378311
1.1769126471782441
1.1769020298401367
1.176873113333994
1.1768220499863298
1.1767821216978485
1.1767666836881354
1.1767602348562849
1.1767545817310863
1.1767015096928017
1.1767690706054346
1.1767530998888169
1.1767998411900593
1.1768144996554664
1.176804281149598
1.1767921844165814
1.1768618544942071
1.176930571938426
1.1768984025298921
1.1768518666831156
1.1768250870219961
1.1767658512026384
1.1767386123861039
1.1767353151650815
1.1767273551366442
1.1767253264911743
1.1767475929665767
1.1768026161528753
1.176807412741224
1.1768245496461869
1.1769274840840738
1.1768827893836233
1.1768212672232123
1.176897931860063
1.1769373449578242
1.1769616988311826
1.1768671926186609
1.1767864615063925
1.1767832453292144
1.1767832873304518
1.1767848927254829
1.1767731853525758
1.1767762011563412
1.1767628824984311
1.1768436092660335
1.1768623546351618
1.1768045119940238
1.1767650513768297
1.1768645881123649
1.1769361414927668
1.1769437625449168
1.1768999806504106
1.1768638567521945
1.1767991301892367
1.1767568061419318
1.1768245633080745
1.1768525814630562
1.1768581969669429
1.1767458612917689
1.176864688787908
1.176845671480707
1.1766360969766654
1.1772100560001961
1.1769473952584248
1.1768588884061595
1.1768747247162408
1.1770088828742906
1.1768913574600719
1.1768147135706954
1.1768131462174076
1.1768407189171304
1.176814186198941
1.1767972451852822
1.176804280402568
1.1767829189596732
1.176743565935956
1.176888958982683
1.1770169236390586
1.1769546334780356
1.1769913962341936
1.1769473755305644
1.1769523080465398
1.1769568692491037
1.1769355487732456
1.1768716690747769
1.1767799285140377
1.176002311463489
1.1768432750730642
1.1767396223039597
1.1771062046671228
1.1768824465851722
1.1768730334109123
1.1768681434537482
1.1768603575976186
1.1769251840482406
1.1769215088291667
1.1769484424533874
1.1769481047277057
1.1770274836082391
1.1769874175817994
1.1768918096241245
1.1768544694067065
1.1768727689198051
1.1768051058747302
1.1768008753732375
1.1768586632554758
1.1768293125391245
1.1767984100639295
1.1769008605625233
1.1769146382693674
1.1768466040876517
1.1771037357543466
1.1770602720351437
1.1769820299336553
1.1769723852448926
1.1769539577002812
1.1768945135501983
1.1768150219441242
1.177646153384903
1.1768822602230045
1.1769417536881097
1.176957630028052
1.176842409865773
1.1768392050297578
1.1768786093110999
1.1769306787650033
1.1769613118818105
1.1769366014494205
1.1769937255834346
1.177002355962647
1.1770645867528677
1.1770527879617019
1.1769607959274579
1.1768915488922924
1.1768782787144898
1.1768405029921116
1.1768778763655745
1.1769236881707204
1.1768724452339299
1.1768375077604389
1.1768856326878716
1.1769077418426419
1.1768824725390159
1.1770086178851276
1.1771050768930069
1.1771355290417154
1.1770703407843714
1.1770115686823761
1.1769341344971636
1.1769060524032031
1.1769384874852902
1.1768545141467754
1.1770176452136862
1.1768359194319475
1.175953507012083
1.1774793097023508
1.1768344189088977
1.1769063589744844
1.1772925807378491
1.1770174592064189
1.1769797890865252
1.1770033093698495
1.1770572698857908
1.177045217937807
1.1769776430322128
1.1768994451160977
1.1768101824714756
1.1767137159925036
1.1767440066633004
1.1770893567764256
1.1768753969923964
1.1768159285828732
1.1768771528442659
1.1769420384378688
1.1769385946416073
1.1769881516074361
1.1770515439766092
1.1771592335928469
1.1771132446335322
1.1770536272670351
1.1769161472761127
1.176887364247492
1.1769106162406857
1.1768688876419675
1.1768902524290772
1.1764255237884402
1.1769003569392715
1.1767795022123895
1.1768407518171875
1.1768691983452688
1.1773116076387931
1.1770262877802895
1.1769138930723981
1.17698363566398
1.1770217291817859
1.1770170213721816
1.1769687795424124
1.1768852339076952
1.1767860863077229
1.1767380305034991
1.1768399257728599
1.1768673778595491
1.1767448063514385
1.1766495282016138
1.1769364900940733
1.1770065369184786
1.1769585264741962
1.1769777852232648
1.1770221560869019
1.17710592250313
1.1770878212202225
1.1770443984687924
1.1768410177934612
1.1768085371783328
1.1768726914173107
1.1768380023812222
1.1768297908201941
1.1766724780463185
1.1766602345602581
1.1766990085529119
1.1768607431842226
1.176960078778412
1.177063413258973
1.1768872190698756
1.1768086578510526
1.1769915636599482
1.1770170719165336
1.1770351550252347
1.176959648937538
1.1768142573307634
1.176677692463689
1.1766665524369047
1.1768878736123374
1.1768125766460085
1.1767730684933682
1.1767609502931318
1.1768200627390475
1.1769024410674587
1.1768781743426988
1.1769133864500361
1.1768936012652897
1.1768971451864907
1.1769889715256174
1.1770196954970042
1.1767958452894931
1.1767396136983728
1.1767193480105953
1.1767076038079565
1.1767891617397268
1.1766925044480021
1.1766204083066456
1.1766983873692483
1.1768046183349492
1.1769208322139912
1.1769545703592386
1.1768284474666739
1.1768028053101496
1.1768916815040686
1.1769464127021032
1.1769586190695118
1.1768737319889095
1.1767128828284146
1.1765957537496916
1.1765951514679374
1.1768521447403189
1.1768024853009189
1.1767406736927719
1.1767933836178028
1.1767866571629051
1.1767718464948254
1.1768176009942972
1.1768881516815553
1.1768644225372786
1.1768726717457203
1.1768973867157586
1.1769461626180966
1.1767664323175551
1.1766956848261769
1.1765282807048079
1.1766730869577158
1.1767509951326096
1.1767230533772195
1.1767012128855492
1.1766830495888214
1.1767626785696148
1.1768614772042412
1.1767983191771427
1.1767577669462843
1.1768412077046968
1.1768628687108045
1.17691895333499
1.1769496345302293
1.176855475994969
1.1766904035218837
1.1765918820147871
1.1766782602569192
1.1767390674830589
1.176781314156031
1.1767112633943071
1.176750966119106
1.1767695066248807
1.176763294762285
1.1767552454581869
1.1767931783086074
1.1761008375380495
1.1776552808031382
1.176886346860859
1.1768458182630175
1.1767714588332745
1.1767774740179167
1.176953237251041
1.1768099515361932
1.1767475447818689
1.1767314614799966
1.1767240502381608
1.1767304468198954
1.176742596414903
1.1767460468291844
1.1766964418952959
1.1766590200062679
1.1769266974413346
1.1768801600297782
1.1768761680415543
1.1769128208928583
1.1767763859862603
1.1766904901939499
1.1766928217825778
1.1766265387163839
1.1764859548926334
1.1768691174571639
1.1766878155298264
1.1767059753552847
1.176776672946708
1.1767728038453975
1.1768150146083132
1.1768048362506751
1.1768885709388912
1.1769605912570444
1.1769446532044738
1.1768487238742713
1.1767406092953732
1.1767270079461907
1.1767714618209153
1.1767558697739591
1.1767310890666409
1.1767450613087933
1.1767748613839311
1.1767499726425832
1.1767202094962594
1.1766944246374109
1.1766941720658035
1.1767873976133341
1.1768965037431474
1.1768992200765485
1.1769094285371755
1.1769137863943622
1.1768160478863878
1.1767528056856174
1.1767462979768168
1.176721615385806
1.1766643055831898
1.1766617507724988
1.1765456870563267
1.1767677797714546
1.1767245546991663
1.1763491946776135
1.1772316932177649
1.1768574707668731
1.1769522336086715
1.1769531081010851
1.1769110785064263
1.1767958958908289
1.1768452321893172
1.1767817990739704
1.1767254548309736
1.176731753610774
1.176744942730777
1.1759922453157921
1.176718919147858
1.1767213321439565
1.1767066007234068
1.17667660644818
1.1767206133247252
1.1768431840952334
1.1768567845134394
1.1768828956122974
1.1769126210570391
1.1769124218961444
1.1768526272080129
1.1767836381008554
1.1767464052187857
1.1767471773728526
1.176696384829421
1.1766733231829658
1.1766778521198693
1.1766903213299642
1.1767065902431992
1.1767457279923907
1.1768136911652525
1.1768587864045092
1.1769065952472793
1.1768754801034631
1.1768720060494966
1.1768948814483382
1.1768196753209135
1.1767873060420997
1.1767780501830032
1.1767422591809273
1.1767393817316982
1.1774739444365023
1.176755792640638
1.1767205187229968
1.176724800211332
1.1767291413264158
1.1767577142040979
1.1768315343895466
1.1768431374717745
1.176868744444501
1.176900482559905
1.1769057864326422
1.1768468839882067
1.1767766434064344
1.1767619981408801
1.1767512186530444
1.1767072526749227
1.1766511392142358
1.176700269090539
1.176709915146005
1.1767383010262784
1.1768114756852324
1.1768062620363477
1.1768210117717226
1.1768772686642617
1.1768535506247459
1.1768547710862671
1.176858471367126
1.176784949139619
1.1767589883970713
1.1767499448388357
1.1767334091460233
1.1767446800284143
1.1767487910057643
1.1767410988955618
1.1767307292885523
1.1767360340376212
1.176757842690074
1.1767789421935073
1.1768160818128135
1.1768294963839723
1.1768487832474686
1.176851444080915
1.1768359141434455
1.1768100387546538
1.1767936722180163
1.1767964857279363
1.1767569210395605
1.1767272855262867
1.1767080334694624
1.1767141809420274
1.1767249160677618
1.1767519839588729
1.1767988960566642
1.1768112990776227
1.1768072836045196
1.176824043926439
1.1768538160244768
1.1768444346417846
1.1768210877840599
1.176791797628036
1.176762011265067
1.1767437849186062
1.1767406877584072
1.1767442237721772
1.1767181147451022
1.1767278585355614
1.1767357167155241
1.1767549327258817
1.1767798678213257
1.1768192859343882
1.1768243939803273
1.176832091915059
1.1768521796114715
1.1768471566475345
1.1768240340667009
1.176814247445505
1.1767989428787509
1.1767318815055985
1.1767353559916873
1.1767357920006019
1.1767260863507245
1.1767181383601444
1.1767368976828601
1.176772715043805
1.1768054504367433
1.1768214605764944
1.1768262689518658
1.1768364312450781
1.1768522404121213
1.1768472249394222
1.176826830809623
1.1768112230719263
1.1767715387966606
1.1767536201046522
1.1767509885563372
1.1767366098372993
1.1766504618451097
1.1767388947453259
1.1767514638323888
1.1767834963030417
1.1768108493459262
1.1768581338680562
1.1768306459616706
1.17684234568409
1.1768727720191761
1.1768925730730959
1.1768519845217629
1.1768171821113844
1.1767477167853515
1.176731622155464
1.1767452576211377
1.1767693536584083
1.1767571373662769
1.176722432947144
1.1767810696990577
1.1767944157054462
1.1768158985089814
1.1768018831730946
1.1768580552958341
1.1768909784606914
1.1768560806660573
1.1768668338402108
1.1768553611513508
1.1768538366897738
1.1767950050202887
1.1767724845296621
1.1767555875984139
1.1767795269895029
1.1767665832906855
1.1767712517863647
1.1767733853508484
1.1768262557991256
1.1768962985407823
1.1768725040411905
1.1768937648498885
1.1768635202176345
1.1768610314165473
1.1769478818725883
1.1768808288702814
1.1767892738453818
1.1767543402324305
1.1767370267601285
1.1767757858419325
1.1768362928344227
1.1768138814050892
1.1767567859442039
1.1767685403169708
1.1768394404552316
1.1768593812917245
1.1765765046031016
1.1768366966344825
1.1768908072142945
1.1769169098675947
1.1769149248327402
1.1769080055046781
1.1769264666841026
1.1768529784896979
1.1768233390294804
1.1767288530890807
1.176803487995423
1.1768702250453671
1.1760389628032593
1.1774101327066415
1.1768096600104812
1.1770820452915056
1.1769412750832844
1.1769854388724625
1.1769521645875489
1.1769438372375205
1.1769618107270485
1.1769250336253845
1.1768387186994782
1.1767879597596842
1.1767586563101569
1.1768781130046428
1.1769040785373786
1.1768453505830112
1.1767258207617226
1.1765454324316991
1.1770723136586341
1.1770304846665747
1.1772893139696727
1.1769599924659886
1.1769243593835361
1.1770088024206282
1.1770282340338687
1.1770053845679107
1.1769216826423421
1.1768234610834847
1.1768177736935863
1.1765960018862454
1.1767460070273366
1.1769662904103075
1.1768873273542233
1.1768022921025714
1.1768749419800448
1.1769090079214484
1.1768321054022883
1.1770589858135292
1.1770830341794434
1.1770367569106357
1.1769885494051338
1.1769330329885979
1.1768663811575468
1.1768236624630832
1.1767970887271666
1.1768503468292708
1.1769018012380916
1.1769179837103547
1.1768366534279222
1.176821872910248
1.1768650879649969
1.1768930059262646
1.1769551582540903
1.1769272328090885
1.176940114387161
1.1769666262301264
1.1770535118135228
1.1770244778208883
1.1769074965445783
1.1767687130674374
1.1767886057642418
1.1765673737364031
1.1774098024821789
1.1769785507327974
1.1768887248839199
1.1768615026524147
1.1768804971810916
1.1768927006918983
1.1768595435770848
1.1769428355064497
1.1771190262659532
1.1771534260919621
1.177078783351059
1.1769866975436853
1.1769065839424313
1.1768906970607929
1.176879300088137
1.1768179865370008
1.1770069172338133
1.1769237738528397
1.1768448541722649
1.1768408623237605
1.1768790479682871
1.1769593806658551
1.1769381679687954
1.1769390679727294
1.1769823607362067
1.1769976285373285
1.1770105317130024
1.1770141779789929
1.1769690392636292
1.1768362643305907
1.1767311814474992
1.176517248240877
1.1772365466257981
1.1769778740116768
1.1768586029498187
1.1768326082141787
1.1768725049375179
1.1769121212869635
1.1769095873835287
1.1769224492096415
1.1768431836449542
1.177199970698799
1.177153602628167
1.1770689272208437
1.1769202539011754
1.176911613185796
1.1769428472835155
1.1768893858274461
1.1769715189109
1.1768551528761195
1.1767403883070358
1.1767563845401907
1.1768814268539773
1.1769967917316104
1.1770488952293143
1.1769693905428771
1.1769615519665499
1.1770109580076284
1.1770341654793357
1.1770560522093536
1.1770238768988928
1.1769109550161565
1.1767582675921027
1.1767098734449655
1.176938233615644
1.1768474907252793
1.1768339900599887
1.1767659285357528
1.1768650591918599
1.1769336808184503
1.1768989515672803
1.1769449441993389
1.176922386012037
1.1770037814978473
1.1770596695692137
1.1770882285126476
1.1769012406291774
1.1768855811930241
1.1769484841910098
1.1769067751280893
1.1769067775413042
1.1767307541956586
1.176699831112072
1.1767175909092487
1.176882120406106
1.1769857148894238
1.1770947698029581
1.1769516666605273
1.1768868340084169
1.177041057145543
1.1771071863491216
1.177102494927601
1.1769594436554305
1.176814345055414
1.176677805080709
1.176665977690287
1.1768847800108098
1.1768088541492814
1.1767737852211979
1.1767614018914976
1.1768183248620194
1.1769009324883908
1.1768780194649373
1.1769142335171161
1.1768943496771871
1.1768974378508468
1.1769888869888394
1.1770195775156205
1.1768408755101287
1.1768085014730871
1.1768727641149779
1.176838163942149
1.1768299621083471
1.1766726389553901
1.176660345019553
1.1766991162368186
1.1768609113881183
1.176960318631592
1.1770636354053763
1.1768871160616403
1.1768080721655465
1.1769910413040641
1.1770166264849784
1.1770348691583641
1.1768737267497702
1.1767130636735779
1.1765959872778349
1.176595010696754
1.1768511065893688
1.1768015786363692
1.1767418252378428
1.1767932339401306
1.1767844984209646
1.1767700188948151
1.176817767807733
1.1768897174892099
1.1768655176809266
1.1768731444539788
1.1768972786998808
1.1769458338274927
1.1767956516271492
1.1767395804087648
1.1767194751626102
1.1767078246707794
1.176789425669063
1.1766927302648527
1.1766205658952442
1.1766984867442423
1.1768046742028719
1.1769208924674002
1.1769546266280668
1.1768280227899557
1.1768020292320456
1.1768908173894999
1.1769458283479299
1.1769582648280956
1.1768555522819353
1.176690625808237
1.1765923023806657
1.1766788415560236
1.1767397841706124
1.1767823616318354
1.1767120284488957
1.1767502558227099
1.1767676132685156
1.1767620571807043
1.1767555280752171
1.1767943147982398
1.1761018724100387
1.1776555264713899
1.1768861476513355
1.176845364653047
1.1767661378588801
1.1766956560744157
1.1765284302648669
1.1766733057483811
1.1767512655524199
1.1767232928581481
1.176701352876877
1.1766831094170269
1.1767626512829263
1.176861389516271
1.1767981949681452
1.1767574876197431
1.1768407355991939
1.1768623818685033
1.1769186107392515
1.1769494190584426
1.1767762949923033
1.1766906640891683
1.1766932231326155
1.1766272748599491
1.1764868978067113
1.1768703784175807
1.1766881766834165
1.1767054136096617
1.176775710952191
1.1767722106183962
1.1768151758795329
1.1768054696636705
1.1768890075546761
1.1769606926617362
1.1769444162498137
1.1768481824855392
1.1767711253977109
1.1767773557800119
1.176953348777199
1.1768101526315136
1.17674775903766
1.1767316360393016
1.1767241387716993
1.1767304365650353
1.1767425221296164
1.1767459129748317
1.1766962921071653
1.1766588484330827
1.1769264797181374
1.17687989276858
1.1768758926124305
1.1769126145377475
1.1768158477254582
1.1767528940955232
1.1767466676820622
1.1767221513962802
1.1766649326342362
1.1766622670446572
1.1765457640427182
1.1767674837903146
1.176724161232038
1.1763488747750963
1.1772316165188421
1.1768575399429204
1.1769523248516678
1.1769530449067658
1.1769107216740098
1.1767954474920761
1.1767402649919532
1.1767268252446637
1.1767715242492229
1.1767559295724788
1.1767312046011389
1.1767451383492431
1.1767748662122846
1.176749924387603
1.1767200847076176
1.1766942554185424
1.1766940104556587
1.1767873053708173
1.176896421790687
1.176899003116509
1.1769091304787769
1.1769134870366487
1.1768524283328392
1.1767836317219511
1.1767465868683371
1.1767473903677996
1.1766966577878579
1.1766735658936807
1.1766779070526516
1.1766902003407824
1.176706427453978
1.1767456090588673
1.1768135622436373
1.1768586286813418
1.1769065028996806
1.1768753114221873
1.1768717674161207
1.1768945657147858
1.1768449081978716
1.1767815400153974
1.176723787991532
1.1767322920546563
1.1767449263314445
1.1759922275609276
1.1767189001631972
1.1767212686804469
1.1767064550067712
1.1766764246194334
1.1767204628847832
1.1768431044834542
1.1768567313300944
1.1768827171742371
1.176912331811482
1.1769121262264113
1.1768467272596312
1.1767766035963594
1.1767620049093317
1.176751274211489
1.1767073012058515
1.1766511868526857
1.1767003040097608
1.1767099056149988
1.1767383762583035
1.1768117918422472
1.1768062510368904
1.1768208239612383
1.1768770228710885
1.1768534229646448
1.1768546621883624
1.1768582916965273
1.1768193911618912
1.1767865445222809
1.1767808052203994
1.1767409360630845
1.176739271420004
1.1774738892148249
1.1767557814827436
1.1767204777667657
1.1767246834777294
1.1767289970802719
1.1767575579789089
1.1768314559052169
1.1768430993012158
1.1768686782895359
1.1769003287242079
1.1769055940932678
1.1768099897501483
1.1767936357487574
1.1767964397316661
1.17675687035862
1.1767272074360529
1.1767079850271291
1.1767142371723809
1.1767251336834361
1.1767525577259774
1.1767991351024738
1.1768109757874345
1.1768074822688153
1.1768245116730158
1.1768539992936897
1.1768445048856631
1.1768212257754771
1.1767850682702701
1.1767589255096784
1.1767497412907204
1.1767337297831606
1.1767443804505557
1.1767486288869651
1.1767410586803795
1.1767307419982713
1.1767360065897554
1.1767577923803385
1.1767790124871187
1.1768160976349991
1.1768294577840619
1.1768487194813271
1.1768513869160768
1.1768358396822565
1.1768142532330699
1.1767989159562853
1.1767318310932404
1.1767352763233794
1.1767356714459933
1.1767260305640361
1.1767182579753133
1.1767374692181727
1.1767723100948415
1.1768019214733108
1.1768224850385729
1.1768289295887793
1.1768396686852944
1.1768534255348371
1.1768475377756049
1.1768271777843415
1.1767924229164906
1.1767625320252686
1.176743778913012
1.1767403673551535
1.1767436442748516
1.1767177587781315
1.176727716873244
1.1767357631444719
1.1767549790913046
1.1767799195513302
1.1768194894774431
1.1768244313856404
1.1768320491237103
1.1768521012249542
1.1768471213296592
1.1768240140031148
1.1768173366607808
1.1767477930824992
1.1767316605064393
1.1767452257685878
1.1767691908664077
1.1767570267715362
1.1767226670588111
1.1767812973497225
1.1767905002426677
1.1768091103262173
1.1768376260502378
1.1768818373841081
1.1769050108226982
1.1768603895152756
1.176867767575787
1.1768558795547672
1.1768121839392962
1.1767724737464644
1.1767537922301945
1.1767506244130068
1.1767358524699161
1.1766498590235082
1.1767385934925223
1.1767514242311599
1.1767835981828942
1.1768109989984019
1.1768579392246756
1.1768304710039659
1.1768424525827503
1.1768729593485969
1.1768926795541266
1.1768521046474678
1.1767896853707547
1.1767544875022968
1.1767372129900255
1.1767758756185005
1.1768361550283628
1.1768138225553859
1.1767569160066889
1.1767670432682165
1.1768363230433176
1.1768759155138004
1.1768655304251867
1.1768939465717596
1.1769109530260908
1.1769239552142639
1.1769161728174606
1.1769084944397297
1.1768551338653697
1.1767962847580871
1.1767728852225143
1.1767552297249775
1.1767785750086268
1.1767665720938187
1.176770594825193
1.1767731499515734
1.1768263138126855
1.1768962156881089
1.1768716999782192
1.1768936239166643
1.1768644717225145
1.1768619851583575
1.1769487153138152
1.1768814438427633
1.1768392810579431
1.1767882787245143
1.1767589563265284
1.1768782104546209
1.1769040170081002
1.1768452248356023
1.1767258018781344
1.1765463735026285
1.1770674803853882
1.1769852174697566
1.1769857569980533
1.1769320601127657
1.1769338241351388
1.1770139757095885
1.1770285331149759
1.1770055751370685
1.1769274121871904
1.176854046958816
1.1768238214015747
1.1767284228363215
1.1768026273245535
1.1768694656762801
1.1760383746912659
1.1774097826755034
1.1768095094048905
1.1770815353277817
1.1769404353399624
1.1769867295167784
1.1769541023457777
1.1769460786333721
1.1769634542982808
1.1769259488035062
1.1768669829691119
1.1768241472158123
1.1767974536042232
1.1768504552572885
1.176901758227147
1.1769178696476581
1.1768364702353182
1.1768216872536263
1.1768635909895337
1.1768814695874266
1.1769099726193706
1.176920564840352
1.1769431203299208
1.1769673228802318
1.1770531828429429
1.1770244423883873
1.1769221023069052
1.1768239000439484
1.1768178442497164
1.1765955950557019
1.1767453372424421
1.1769656461583564
1.176886909586552
1.1768019545977633
1.1768746578175528
1.1769087103046405
1.1768314305399077
1.1770578967078109
1.1770852753040411
1.1770383769653536
1.1769896628478718
1.1769338283686066
1.17690704994449
1.176891083560978
1.1768794936894083
1.176818043132096
1.1770068988886973
1.1769236995064718
1.1768446764802412
1.1768406113430836
1.1768786114234593
1.1769580930719157
1.176932938447629
1.1769377814244337
1.1769812455433639
1.1769973508303571
1.1770104164123045
1.1770140003548379
1.1769073414257036
1.1767685788959406
1.1767884099027772
1.1765670079992767
1.1774094795599042
1.1769784767573348
1.1768888044232395
1.1768615730600638
1.1768804021539605
1.1768926245920692
1.1768592746919619
1.1769425813353793
1.1771194872496022
1.1771539099117558
1.1770793409279678
1.1769872811910382
1.1769205371382776
1.1769118353055126
1.1769429317455526
1.1768893774998783
1.1769714648268108
1.1768550841751191
1.176740269796998
1.1767562122841815
1.1768810959925244
1.176996521835886
1.1770496070789402
1.1769689368372367
1.176961003145143
1.1770108189263326
1.1770341721785715
1.1770559765234903
1.1769687784298624
1.1768359819917522
1.1767308542754613
1.1765170231664326
1.1772369781176724
1.1769787643053971
1.1768591383129468
1.1768330248075625
1.1768728831837385
1.1769123312395484
1.1769095580558315
1.1769223518880294
1.1768432206076807
1.177200305549061
1.1771539821714398
1.1770693068611413
1.1769013768491301
1.176885631275544
1.1769484743910248
1.1769066979386891
1.1769066904965
1.1767306707163565
1.17669976152711
1.1767174670914744
1.1768818450369638
1.1769854056456599
1.177094494741602
1.1769515250456224
1.1768869674785336
1.177041244321221
1.1771073207981559
1.177102504678893
1.1770236001738184
1.1769107271318697
1.1767580621877973
1.1767101890740199
1.1769404258862788
1.1768501059201819
1.1768343865031001
1.1767659115622089
1.1768661441541812
1.1769344493221323
1.1768990752042023
1.1769446145106659
1.176922157440891
1.1770039282088602
1.1770599124806822
1.1770884314397856
1.1769349119499946
1.1768341540726466
1.176890515020975
1.1768414662120104
1.1767970524549958
1.1767616731876043
1.1767675129231212
1.1767052981812003
1.1768298278660652
1.1769358088393584
1.1768690846181715
1.1768739177172507
1.176843819628931
1.176989530280272
1.1770630880903696
1.1771158529532877
1.1770343588116947
1.1768962334840811
1.1767678558693249
1.176798800200848
1.176894297495394
1.1767430261048037
1.1769712132486667
1.1761716737789216
1.1770753285866524
1.177205048379881
1.1768145147352267
1.1769353250773453
1.1767878583389439
1.1766159840139163
1.1769204744797515
1.1772214094880786
1.1769891592135564
1.1768557010389518
1.1767898056499086
1.1767194244678509
1.1766936518307505
1.1767010523285677
1.1767500468880496
1.1766995617783245
1.1767724824062387
1.1768837517809441
1.176789673663172
1.1768360808032345
1.1768199457672732
1.176892467479747
1.1769552087385184
1.1770215878274912
1.1769341365087562
1.1767330794375939
1.1766147871030321
1.1767519302110157
1.1769066845783009
1.1763045077239909
1.177057114935782
1.1770733849524169
1.176742853913082
1.1765441087388493
1.1767373051754182
1.1770068219579761
1.1767539406279437
1.1766094136422072
1.1767756982148763
1.1773547095751944
1.1768393688987948
1.1767718241989589
1.1767010884285174
1.1766748744252407
1.1767868429066548
1.176755882176086
1.1767507543241889
1.1766774439124044
1.1767131995952509
1.1767825296488297
1.1767851271484111
1.1768167663734836
1.17683908061131
1.1768677280437578
1.1769030835909191
1.1770168726267651
1.1769301286854035
1.176658990413235
1.1763654734059874
1.1770671718380519
1.1768806074962517
1.1767510474597838
1.176647905890184
1.176880901951471
1.1767569993065936
1.176606661795776
1.1766681201871791
1.1767681798741865
1.1767047035053586
1.1768829045713298
1.1768927077453324
1.1769653442936696
1.1766569477762663
1.1767216788640464
1.1768502358446158
1.1768833563376664
1.1768244929734764
1.1767540255058078
1.1766838921496541
1.176681842827189
1.1767133018441518
1.1767481880007651
1.1767383532852314
1.1767685289604835
1.176843030302628
1.1768436924764689
1.1767453616283183
1.1769639010152542
1.1767083826367564
1.1766034557509137
1.1767300140153996
1.176774512992552
1.1767289982631652
1.1767921133540866
1.1767340519300775
1.176761653657489
1.1767266800657319
1.1767347039796525
1.1768689408450337
1.1768096765297649
1.176934715926282
1.1769701971019706
1.1769107125344414
1.1767099087832684
1.1766907997499245
1.1765993625270621
1.1767034755211729
1.1767709458322075
1.1767598665060917
1.1767602627699163
1.1768139524937631
1.1767399198451773
1.1767112036439547
1.1767122370472982
1.1767483750222896
1.1767951985111718
1.176818596308012
1.1768659183002088
1.1768859708606532
1.1769307085617562
1.1767894641128425
1.176726029052084
1.1767489585919961
1.1763116996294511
1.1771527479519124
1.1767212746366691
1.1767235486796523
1.1767382419930237
1.1766898356010977
1.1766918445871417
1.1767859591145582
1.1768227915537965
1.1769440690950341
1.1769094441836212
1.1760542376173797
1.1766343617674264
1.1769331889188148
1.176781156098555
1.1766121407580241
1.1767065132311096
1.1767238402198579
1.1766866587446774
1.1763041711498969
1.1766908852250988
1.1766894278694766
1.1766704675774415
1.1768051165187232
1.176832787733985
1.1768049976762134
1.1768472491015585
1.1769224774743627
1.1769443200542393
1.1768616056809629
1.1767667493185188
1.1767530862380871
1.1767340995755524
1.1767118247111776
1.1767309764404825
1.1760687249387038
1.1773703453848849
1.176614137352477
1.1766683167723857
1.1767563880984833
1.1768105118305352
1.176891418261077
1.1768093700756179
1.1775675679092248
1.17706364746924
1.1768968613821831
1.1768798346844835
1.1768612705457666
1.1760235067440472
1.1774419447488087
1.1766628220668416
1.177182884016406
1.1767402006445704
1.1767088083842339
1.1767256699276889
1.1767950801803158
1.1760870129910566
1.1775716220658681
1.1768644693458576
1.1769243543592594
1.176947806143285
1.1768663558772678
1.1767419079930739
1.1767232108599339
1.1767241733884948
1.1766399521740643
1.1764188473138197
1.1766459013954929
1.1766856355610318
1.1767427263711168
1.1769750462556785
1.1768236558733136
1.1767675439410139
1.1769292724422529
1.1768614712676659
1.1768817291862779
1.1769378020942156
1.1768373085430841
1.1767963190749002
1.1767603119969254
1.1767057337030156
1.1767454183399653
1.1767457727824713
1.1767258768518873
1.1767345843678754
1.1766991153988744
1.1767602665821373
1.1767854132687328
1.1768163317549969
1.1768178347822842
1.176843047174132
1.1768486837419292
1.1768254830592839
1.1768055160426936
1.1768108177909871
1.1769235345541935
1.1767425696766429
1.176681743945093
1.1766134521096991
1.1766212549466206
1.1767088397529235
1.1767445450034579
1.1768194428323893
1.1768375890708234
1.1767839269009681
1.1768248195444051
1.1768982391245699
1.1769045149518806
1.1768886245128682
1.1767908555224973
1.1767426980967919
1.1767039901463696
1.1766975225011347
1.1767094508368088
1.1766767979195834
1.1767184723695976
1.1767177482851761
1.1767183047972316
1.1767540421899323
1.1768396986487091
1.1768577156801678
1.1768513145805188
1.1768841900284177
1.17689878115641
1.1768600767743773
1.1768653773483762
1.1768998965628563
1.1766233614590824
1.1767126764216833
1.1767338479745586
1.1767151582954969
1.1766698086424991
1.1767380806658281
1.1767477556431742
1.1767797644611437
1.1768060779955873
1.1768023399225029
1.1767964711068468
1.1768173847764463
1.1768484878502909
1.1768342514830037
1.1767969645794469
1.1767378899493175
1.1766973558488991
1.1767313670846775
1.1766602185702
1.176180693108307
1.1771860911794989
1.1767574918896753
1.1767267011870999
1.1767499114486055
1.1768545213646029
1.1768373977611686
1.1768546321661808
1.1768834692301875
1.176993730451142
1.1776628860707485
1.1768592645623019
1.1766901954925968
1.1766653732880059
1.1767386489045226
1.1767731762178182
1.1767568157023129
1.1763058090813014
1.1772001470954967
1.1767800512106499
1.1767750687461387
1.1767806357909403
1.1768518015611011
1.1768906952551648
1.1766522826544998
1.1768166183610105
1.176839253382866
1.1768420624931457
1.1767754059458639
1.1767838800938786
1.1767446293918042
1.1768026353536631
1.1766607537481923
1.1767820487289031
1.1768284201106907
1.1767993530211698
1.1767840341512512
1.1767340480233606
1.1770518464582691
1.1768625057852835
1.1766876441750715
1.1770722571285959
1.176141523887853
1.17671282750725
1.1766856644362877
1.1767331430277734
1.1768017965398234
1.1768122636204372
1.1768255246067569
1.1767818253131279
1.1768041073596247
1.1767877732956069
1.1768141405887473
1.1766774535160316
1.1768082005025287
1.1769135872465772
1.1767706099654658
1.1769282195656385
1.1769050561876524
1.1769439575459126
1.1768662585071115
1.1768205438368999
1.1766481574299414
1.177021211328142
1.1769224379491474
1.1767933291127073
1.1767587139982849
1.1768266816892721
1.1769099170918527
1.1768553548087239
1.1769385390698825
1.1769725924554948
1.1777009457056808
1.1769896516339786
1.1769321448723762
1.1768233555598553
1.176861401247242
1.1768610904945263
1.1768869762099408
1.1768784985724579
1.1768441679621515
1.1768143561396058
1.1767924218316559
1.1768829147447015
1.1769390907285115
1.1770511021235557
1.1769515417026157
1.1770069446569777
1.1773362724959118
1.177119479338355
1.1770448485848939
1.1768746439216737
1.1767604408162042
1.1768643700393602
1.1768562067347703
1.176844040518596
1.176936751651064
1.1769284805307778
1.1768882064794977
1.1768517192741377
1.176876168906712
1.1768417012663319
1.1769013125178009
1.1770134874320397
1.1762213480536141
1.1769670323406252
1.1769293107695367
1.1768697150074803
1.1768642949729999
1.1768533499306646
1.1768754105019199
1.1768958069961983
1.1768548435164758
1.1768436712909005
1.1768218421914005
1.1768303623208627
1.1766155129704505
1.1768995964611069
1.1769264729489575
1.17694954837565
1.1766353346167122
1.1775227422445238
1.1770581568451199
1.1767444055392238
1.1765905391701532
1.17672000374089
1.1770278432088646
1.1770517176873787
1.1769707283716857
1.176916907393748
1.1769019665988021
1.1768477027104438
1.1769048611046411
1.1768707948685111
1.1768946539770446
1.1770227772070201
1.1769880891784388
1.1770666023356327
1.1770206958549418
1.1769314247840901
1.1769302921258595
1.1769250552595014
1.1768930771783863
1.1769474873929529
1.1768810850866229
1.1768627313630089
1.1768317600031812
1.1769089862746707
1.1772124660058687
1.1769309186350423
1.1769364519373522
1.1769587845500884
1.1769572215671567
1.1769437463149004
1.1769440661967296
1.177001813453421
1.1768112334170098
1.1767473965702075
1.1768898043919056
1.1770328396002918
1.176890062978533
1.1769232084185179
1.1768730610308322
1.1768736613238049
1.1769232817346236
1.1768922847730492
1.1769159716999387
1.1768498698050913
1.1763173741259614
1.177573647244845
1.1772832845929235
1.176994550775694
1.1769628483672672
1.1769761287149845
1.1769310665970656
1.1769302900398479
1.1768654545180413
1.1768427111288378
1.1768059515635401
1.1768987447241455
1.1770048198082357
1.1769212405972858
1.1769361721501441
1.1769280513608056
1.1769561761883371
1.1766161906590691
1.1770663324999369
1.1771157657665534
1.1770290969092694
1.176837311152505
1.1768543523436346
1.1769270726267185
1.1766780993819796
1.1770620680240953
1.1764513972214006
1.1768297936428369
1.1773286279082169
1.176849609914639
1.1769638787870376
1.1768521786302257
1.1766902884434198
1.1769510601703992
1.177311499953815
1.1769943054710632
1.176943200935942
1.1769699216448957
1.1769243662811364
1.1769042306544908
1.1768434889192083
1.1768125075336735
1.1767421089787122
1.1768685455485111
1.1769704424188063
1.1769231015266368
1.1769221733253672
1.1769083454489422
1.177084583683017
1.1775766197985811
1.1772060169743601
1.1770339796069447
1.176895851748561
1.17676775434438
1.1767987616051752
1.1768935164625154
1.1767424296033802
1.1769705949826355
1.1761692997185564
1.177070705778775
1.1772031582580913
1.1768152147527844
1.1769370999891904
1.176789797752124
1.1766171288304943
1.17692094711796
1.1772214664171543
1.1769347864766819
1.1768340043859793
1.1768903794035319
1.1768413181756705
1.1767968547346042
1.1767614927193266
1.1767673925179467
1.1767053094172248
1.1768300425124034
1.1769361845874409
1.1768694320842077
1.1768739592646904
1.1768436330953849
1.1769891225979794
1.1770626478427686
1.177115414113324
1.1769342491070824
1.1767332266991857
1.1766150373868693
1.1767523519899536
1.1769070461690947
1.1763050515300433
1.1770567142939512
1.1770705261840895
1.1767380243068382
1.1765422692423058
1.1767394742571544
1.1770102540358605
1.1767567706981936
1.1766107691852354
1.1767760617874814
1.177354339825041
1.1769887630944642
1.1768553756332878
1.1767896907045508
1.1767194521925668
1.1766936475726864
1.1767010644939937
1.1767500351264997
1.1766995568367484
1.1767725381939567
1.176883842944358
1.1767896773149029
1.1768358904443008
1.1768196493486911
1.1768919828275179
1.1769548739842866
1.1770215779248632
1.1769304061433028
1.1766594135009498
1.1763660350613574
1.1770679981156147
1.1768817136359946
1.1767523267266007
1.1766479525105533
1.1768782477896942
1.17675365204152
1.1766056123464674
1.1766696088466602
1.1767710798414392
1.1767072929339777
1.1768836648042182
1.1768924844607147
1.1769646631142061
1.1768387321196194
1.176771505636413
1.1767010853268787
1.1766750154687211
1.1767869815899406
1.1767559752966883
1.1767507631909899
1.1766774220885556
1.176713148281697
1.1767824562219833
1.1767850082828746
1.1768165901012633
1.1768388065056581
1.1768673896394857
1.176902924431287
1.1770170537051952
1.1767086800889566
1.1766039265979558
1.1767307601220556
1.1767755183495145
1.1767307665291953
1.1767935037291721
1.1767340082253133
1.1767601813798234
1.1767249152990513
1.1767341828220754
1.176869911052751
1.1768113087490499
1.1769359536475394
1.1769705664203014
1.1769101902879313
1.1767089462963232
1.1766563027319854
1.1767213612537917
1.1768502732181556
1.1768835303672494
1.1768246803446569
1.1767541134346187
1.1766838965760267
1.1766817995877881
1.176713206579872
1.1767480642717039
1.1767382303031173
1.1767683505910205
1.1768428657400176
1.176843526414906
1.1767452983543389
1.1769639377411212
1.1767896331199257
1.1767264171905509
1.1767495493946778
1.1763125168739239
1.1771537171897903
1.1767223860427829
1.1767236472278098
1.1767377619494654
1.1766891563666309
1.1766914196546112
1.1767860825829575
1.1768232122495899
1.1769444036131484
1.1769093947070672
1.1760536541510611
1.1766337022188076
1.176690339370104
1.1765990976066663
1.1767031885846384
1.1767713883613244
1.1767598994633353
1.1767602764750857
1.1768139208345245
1.1767398549602155
1.17671111250227
1.1767121484904561
1.1767482849259581
1.1767951426634007
1.1768185117985945
1.1768658385892039
1.1768858820827059
1.1769306403853845
1.1768615442953421
1.1767668785597283
1.1767534444896699
1.1767346610684619
1.1767124645938052
1.1767314281860561
1.1760688550922096
1.1773701749355965
1.1766137596092614
1.1766679130145634
1.1767560609196961
1.1768102692896774
1.1768912205229549
1.1768090645123048
1.1775671594889803
1.1770632677819752
1.1769328365783274
1.1767802318830636
1.1766192186962305
1.1767007668881246
1.1767237285699823
1.1766865572676661
1.1763040900969854
1.1766908135457639
1.1766893624809862
1.1766704273281161
1.1768051485437809
1.1768328269519193
1.176804996333364
1.1768471358311525
1.1769222718743351
1.176944132608075
1.1768662121313507
1.1767419571712727
1.1767233385897433
1.1767243470234483
1.1766402240473439
1.1764190422195102
1.1766459619730869
1.1766855514282062
1.1767426048923078
1.1769749438632591
1.1768233060148248
1.1767670218888993
1.1769288931091155
1.1768612482658531
1.176881566163632
1.1769375749661273
1.1768965664553974
1.1768841672910315
1.1768932158320979
1.1759953606005842
1.1774375759375932
1.1766631771065883
1.1771828383664744
1.1767401784046683
1.1767087703112575
1.1767256489244313
1.1767951642723045
1.1760870746207348
1.1775716795455382
1.1768643735847129
1.1769241071563514
1.1769475634204658
1.1768053776966301
1.1768107329856914
1.1769234641678175
1.1767425330414703
1.1766817068865616
1.1766134408721487
1.1766212498310114
1.1767088963801038
1.1767446805166628
1.1768194797151541
1.1768374146493645
1.1767836727574283
1.1768251203995925
1.1768983354205789
1.1769045593908576
1.1768886009629007
1.1768372015652511
1.1767961265413653
1.1767640470829444
1.1766994580423251
1.1767446586459187
1.1767455734950956
1.1767258767454121
1.1767346443324984
1.1766991566188534
1.1767603342577577
1.1767855986791282
1.1768164528099994
1.1768178727302221
1.1768430286404374
1.1768485706849676
1.1768253099409629
1.1768653108150888
1.176899762888131
1.176623225137243
1.1767124915392289
1.1767336309227014
1.176714982173575
1.1766697581398531
1.1767382070903474
1.1767474997759217
1.1767777772158503
1.1768054858791035
1.1768051912773383
1.1767993934475836
1.1768183635680989
1.1768486958721429
1.1768344472953367
1.1767910177131249
1.1767426763767053
1.1767032795536738
1.1766965604675903
1.1767089944417044
1.176676514524424
1.1767183989343604
1.1767178456354184
1.1767184110935149
1.1767542341626398
1.1768398373176985
1.1768576305857579
1.1768512340670356
1.1768841906498877
1.1768987800318502
1.1768600362756581
1.1768593794679816
1.1766901723178729
1.176665270832647
1.1767384366508558
1.1767729207833058
1.1767565705807421
1.1763057294469075
1.1772000724515959
1.1767780973327273
1.1767700231108307
1.1767802198206334
1.1768610310296248
1.1768987699522553
1.1766552106979173
1.1768173622364779
1.1768396775377199
1.1767974183383072
1.1767380542898251
1.1766971007477141
1.1767309802870405
1.1766597780670722
1.1761803943669349
1.1771861403011292
1.1767575430770745
1.1767269103827809
1.176749823852383
1.1768535665378785
1.1768363441549463
1.1768550547334711
1.1768844464086681
1.1769942025017719
1.1776631159106394
1.1767131911590214
1.1766858489165744
1.1767331542623194
1.1768016324293469
1.1768120170615977
1.1768252785228432
1.1767816670349509
1.1768033806737745
1.1767840572001353
1.1768095849654965
1.1766991886393694
1.1768248517170068
1.1769249787080405
1.1767746738524281
1.1769290049189325
1.1769055261444601
1.1768427394972008
1.1767757835051553
1.1767837814141042
1.1767442010607998
1.1768034597914216
1.1766602221670264
1.1767832407087337
1.1768278731371653
1.1767994249460232
1.1767826613894536
1.1767317686333549
1.177057136558622
1.1768623977762547
1.1766903125658845
1.1770735719337868
1.1761420430617673
1.176823790936631
1.1768617093282827
1.1768612623820192
1.1768869525461101
1.1768783425377025
1.1768439571552112
1.1768141478457255
1.1767921858943491
1.1768806719696578
1.1769256808094086
1.1770080611892479
1.1769493307795629
1.1770142528699468
1.1773386850986609
1.1771193650732004
1.1770447140434042
1.1769442563324828
1.1768665247748986
1.1768204330543766
1.1766477145381182
1.1770208176949641
1.1769230724520419
1.1767925300289683
1.1767586313389751
1.1768266793383777
1.1769084195697053
1.1768570952793631
1.1769606079349333
1.1769588688131711
1.177700539977681
1.1769912856511984
1.1769326343487916
1.1768701053776827
1.176864562814588
1.1768535059641763
1.1768754262971739
1.1768957754283202
1.1768547594653782
1.176843507205102
1.1768215668124196
1.1768293975076194
1.1766120579612711
1.1768896368681838
1.1769274987248637
1.1769514408583333
1.1766355246799829
1.1775213010835619
1.1770577032866449
1.1768747563356361
1.1767605014884208
1.1768641599079088
1.1768557403677189
1.1768434042328764
1.1769362033647413
1.176927993060223
1.1768879479400571
1.1768517003223253
1.1768756970035623
1.1768397867477851
1.1768997281692055
1.1770144086673813
1.1762236138675422
1.176967857137992
1.1769297293668208
1.1769316082935519
1.1769303976139225
1.176925148171803
1.1768931512971967
1.1769476026605288
1.1768812097888628
1.1768627183940579
1.176831572416537
1.1769084527592215
1.1772114088870378
1.1769294761765567
1.1769359776891102
1.1769585753990741
1.1769572025284294
1.1769435354987952
1.176944151614725
1.176744622878761
1.1765905316667402
1.1767198042011882
1.1770274639381828
1.1770513044538018
1.1769704369852045
1.176916766708977
1.1769017868488001
1.1768477781756377
1.1769050810597572
1.1768701220798721
1.176893155577819
1.1770244127011391
1.1769893843461534
1.1770670958714098
1.1770210184616752
1.1769945254057479
1.176962831968452
1.1769761425615819
1.1769311694992894
1.1769304738255888
1.1768656843470351
1.1768428392772496
1.1768059044066423
1.1768982886516262
1.1770041464210415
1.1769205500778706
1.1769356140790543
1.1769276858776223
1.1769562340840038
1.1766165226033907
1.1770667927635805
1.1770022627090022
1.1768113408577072
1.1767474095459847
1.176889631132686
1.177032826067882
1.1768903509709359
1.1769235334870931
1.1768733963063887
1.1768740076611623
1.1769237262354042
1.1768923498242634
1.176915738903733
1.1768500144965219
1.1763175884820127
1.1775738496214443
1.1772833223156138
1.1769941861867155
1.176943172842257
1.1769699638312725
1.1769244841288078
1.176904421340023
1.1768437937635168
1.1768127087192095
1.176742124705541
1.1768681634617466
1.1769698354924265
1.1769224539148737
1.1769218069910032
1.1769082429663147
1.1770848040689439
1.177577117064055
1.177206563905024
1.177116364848608
1.177029611246645
1.1768375481147078
1.1768544335317284
1.1769277684640982
1.176679063142358
1.1770627994409684
1.176452658772932
1.176831715086692
1.1773296253017704
1.1768494682695649
1.1769631687029865
1.1768515133141821
1.1766897942938965
1.1769508022777702
1.1773113114045479
1.1768132762109109
1.176516258842119
1.1768440367092854
1.1768391991612428
1.1767938328812306
1.1768229227270945
1.1768144671210674
1.1767326336985449
1.1768250606481381
1.1768845104844636
1.1767748342794726
1.1768790616205389
1.1768774721921993
1.1769618214739967
1.1770198255606756
1.1770668274647813
1.1769565844595249
1.1769083037293433
1.176792638814232
1.176877269888654
1.1770238988680981
1.1768130633093989
1.1772542438642111
1.1770382701703412
1.1768028495794085
1.1767195061152367
1.1766769332199272
1.1767084707677704
1.1766655454834232
1.1767612753619012
1.1768169850577612
1.1769809890562704
1.1770723496057511
1.1771100946390154
1.1768690193292297
1.1767947542793269
1.1766299292540032
1.176731359101131
1.1768195109355868
1.1766889639823819
1.1767522219925293
1.1769964315462149
1.1766201840870674
1.1768368882769611
1.1768347066157199
1.1769020967686767
1.176956611191168
1.1770139639308519
1.1768752320840119
1.1768328427903565
1.1766843394748314
1.1763731942154156
1.1774637289784231
1.1769195775152042
1.1768985432090531
1.1769487962346938
1.176783310235237
1.1765892803303901
1.1766510037179383
1.1759746077687554
1.1765739311536603
1.176777094989409
1.176741893653046
1.1773677694609368
1.1768740901437791
1.1768862529447479
1.1767939607975062
1.1768066867544209
1.1768977948956714
1.1768276877156896
1.1768139481665842
1.1766460277316146
1.1766682362325633
1.1767999701006679
1.1768086407086802
1.17683417945964
1.1768634812657039
1.1769109596695715
1.1769425281335277
1.1770236749717533
1.1769078441944445
1.1767213478007688
1.1767098220222125
1.1767986224482267
1.1769353072611297
1.1768796025154313
1.1764926843010659
1.177096426599509
1.1767665523621595
1.1761749697531556
1.1771384734457926
1.1774356931974077
1.1762583600048211
1.1774692278833343
1.1770170847955943
1.1770302717728449
1.176155449009282
1.1767944720591479
1.1769147999542739
1.1768792440226259
1.1768765698270143
1.1767858836192027
1.1768072161318193
1.1766490179137463
1.176667877497048
1.1767241490066329
1.1767311600222496
1.1768080948147974
1.176803817568242
1.1769039490491575
1.1768483907730125
1.1768346044066802
1.1766649536927225
1.1764015456553363
1.1770650437503025
1.1767982647337536
1.1767174968301941
1.1768709918744071
1.1767595752171407
1.1768447069148846
1.1766777550209275
1.1766447793153174
1.1767541171123759
1.1766781801406228
1.1767425116372392
1.1769192937340027
1.176898991881941
1.1758911132465779
1.1774132003755633
1.1768024572155633
1.176783787505453
1.1767728618548059
1.1767742909724275
1.1766937570272629
1.1767751294502644
1.1766427442242229
1.1766839422260318
1.1767312335575109
1.1767360908535431
1.1767644319999842
1.1767887149544176
1.176871939518664
1.1769039061140136
1.1769073835700341
1.1775200488010451
1.1767212158064901
1.1768846745527248
1.1767916392293549
1.1767144034435535
1.1766808538993681
1.1767850147686267
1.1768152688532831
1.1766865379093843
1.1765899493104581
1.1767128684555268
1.1767976271136456
1.1768958752740404
1.1767870416454005
1.1768577037472421
1.1778019203740233
1.1769313071262717
1.176495536826802
1.176637706013389
1.1767264853178336
1.1766942381329182
1.1766259301454158
1.1767411744315437
1.1767160018552079
1.1766979509151838
1.176710874160837
1.1767669902922659
1.1767839524606396
1.1767863537745638
1.1775539924497476
1.1769130807993731
1.1769519627005447
1.1761105227199486
1.1767539788185439
1.1768250502819499
1.1767813023822218
1.1766829960355805
1.1766364794132564
1.1767095475156764
1.1766966530684315
1.1766675602363827
1.1766578700105648
1.1767484504029169
1.1768522878388834
1.1768792543911508
1.1767821354672361
1.1767595623192399
1.1769381742941323
1.1769136438859606
1.1770523692135713
1.1755835186910262
1.1771192751565067
1.1765525145849145
1.1759742172252903
1.1771183373155643
1.1767492300639482
1.1766909027842714
1.176759299628698
1.1767821987765661
1.176830177115082
1.1768499357407531
1.1761192632415913
1.1769230918921105
1.1769587777802462
1.1768916377131855
1.1767015617723757
1.1765588217464411
1.1766231012954833
1.176690802512061
1.1765800706566889
1.176580778989418
1.1767294977619589
1.1766871553142932
1.1766424475431538
1.1768817627273105
1.1768781642156465
1.1768911134694504
1.1768373795907259
1.1768378101143195
1.1769140606627049
1.1768995861939731
1.1768372388080781
1.1774132221236282
1.1766547945015413
1.1767376965464866
1.1767942124989852
1.1766200091956418
1.1767993796015626
1.1762816009351109
1.1771775808528659
1.1767869861850071
1.176770928067731
1.1768045784182897
1.176847673725941
1.1768747220908158
1.1768472488703463
1.176803888736706
1.1767414364260265
1.1767070321960351
1.1766719326821502
1.1766977461201384
1.1765865000286351
1.1764838654953376
1.1767642330994197
1.1767014216012184
1.1763329258542312
1.1772438409444681
1.1768584204235726
1.1768674480452108
1.1769978625031901
1.1769946771832474
1.1769509148005151
1.1768257381681337
1.1767478268724432
1.1766909318563357
1.1766860142335185
1.1766855851348879
1.176688059307736
1.1767078383938245
1.1767238255245775
1.176683927161821
1.1767586932140024
1.1768088601464548
1.1768052600353429
1.1768319569560914
1.1769350825778393
1.1770041627599059
1.1768959266384571
1.1768402762955346
1.1768745641459788
1.1768240682697535
1.1767439076076278
1.1767160704039958
1.1766990101720782
1.1766490233866402
1.1767079916112315
1.1767177977649357
1.1767513535687817
1.1768268836956242
1.1767871597710893
1.1768113165949519
1.1768753911593592
1.1768960640725488
1.1768830399013934
1.1767227545739161
1.176623021023834
1.1764545494595984
1.1767134924826501
1.1764671759295287
1.1765595318801711
1.1769630459054636
1.1767521401987464
1.1767124682092172
1.1767532767927864
1.1767888321347493
1.1766541551924625
1.1768679896261658
1.1769742439590483
1.1770699468938335
1.177010762940315
1.1769039577556681
1.1770522908698187
1.1766839735631118
1.1767289248667814
1.1767568717612853
1.1767591607760923
1.1767314062767267
1.1767474220250562
1.1767258072571447
1.1767576778772113
1.176730854323097
1.1767720848864531
1.1768415179951546
1.1767721457524687
1.1768230972264002
1.1768090675932208
1.1766938931340096
1.1765898224555331
1.176304571816893
1.1768914615245232
1.1771360834569047
1.176764973120823
1.1767078183749355
1.1767472140718667
1.1767585308405097
1.1767558843912029
1.1768131476882289
1.176855867644552
1.1768998274191702
1.1769005959061165
1.1768863738450988
1.176920775546987
1.1767620154696363
1.1765470780726932
1.1767452584700573
1.1767928689763585
1.1768156766630695
1.1768154115852778
1.1767932531136471
1.1767342115768264
1.1766603202528088
1.1767255528628
1.1765615799842972
1.1767236393780809
1.176875214813303
1.1766085486891891
1.1771870611253032
1.1768646017957778
1.1769327445248685
1.1769285486171461
1.1776480986073243
1.1768431781743542
1.1768531131142566
1.1768312616909129
1.1766993022426431
1.1762909973501934
1.1768032924165115
1.1768465133667538
1.176411307947848
1.1772091217877836
1.1771286359906814
1.1771825662418625
1.1769592836213618
1.1770063980815404
1.1768438259802605
1.1769652141968561
1.1769267924572651
1.1768892461482212
1.176879717308114
1.1768288636082123
1.1768229781555331
1.1768121307037185
1.176971777778351
1.176971862276508
1.1770707126542743
1.1769175848439064
1.1769656341764694
1.1770152100020228
1.1770252819248808
1.1770194993372229
1.1769037178026531
1.176936536392468
1.1769150818624516
1.1768519356427483
1.1766258398877913
1.1765165742496215
1.1773786861015334
1.1773112286022109
1.1768571052786561
1.1769080275497479
1.1767942454353766
1.1767585049996543
1.1769717543186708
1.1767877449524664
1.1768982931322263
1.1769266586195999
1.1768739685410143
1.1769095118163193
1.1769109794752068
1.1768883891990323
1.1769210265620518
1.1767988575766557
1.1768278276777957
1.1768082051315909
1.1768830630860334
1.1768962570476642
1.1769052625181238
1.176920430192141
1.1769957645980256
1.1770806259990849
1.1771004013653639
1.1770766105220947
1.1766796692610721
1.1760434823118888
1.1768713008044462
1.1770185404001972
1.1771624914822831
1.1770063906616033
1.1770521328822947
1.1769709207375483
1.176421997373255
1.1773011232032804
1.176835270247756
1.1767620677342485
1.1769064155485689
1.1768952218056465
1.1770182857071203
1.1770250596409739
1.1769368088318044
1.1769496529930223
1.1769722359793837
1.1769353240154721
1.1769329617593063
1.176866859632802
1.1768601978607498
1.1768237035320173
1.1769002044249455
1.1769663338191947
1.1768944986531404
1.1769251930847315
1.177025017889564
1.1770767945691822
1.1770756265811488
1.17694584445254
1.1771609819490993
1.1776659827401086
1.1767629857795201
1.1770326308812105
1.1771535685356751
1.1769447032793312
1.1771236535708332
1.1770218113171707
1.176872910517121
1.1768525367828759
1.17678978023951
1.1767159927651032
1.176806096530099
1.1768671554508876
1.1767841885474868
1.1773965017995296
1.1770161101383574
1.1769716685286937
1.1769904737225449
1.1769435176413545
1.1769320485755115
1.1769132129371151
1.1768483278796462
1.1768346531569154
1.1769297288615836
1.1769596720569229
1.1768628797275194
1.1769209023938754
1.1769574258253197
1.1770126021058038
1.1770711562403815
1.177153257159385
1.1770758223588131
1.176997339160375
1.1768230290789969
1.1769645739531103
1.1770940063527009
1.176241317447327
1.1778734598341218
1.1770135393516512
1.1768696028073005
1.176794178672133
1.1767550394217183
1.176752865885633
1.1767600151080149
1.1768706066544314
1.1769313585514949
1.177130255145773
1.1769551525165964
1.1768915314785802
1.1769491300992561
1.1769149532523346
1.1769076385374193
1.1768766308070027
1.1768645866409677
1.1768018248305128
1.1769105124373516
1.1776322232228542
1.1761017237324882
1.1769089880471979
1.1769183936145622
1.177020566204007
1.1771191152444478
1.1771489821335188
1.1769553747236174
1.1769073283455447
1.1767921183641248
1.1768774439510943
1.1770247382091203
1.1768135504150226
1.1772533034946639
1.1770346792625774
1.1767969272489098
1.1767176754823228
1.1766800356754235
1.1767114481337255
1.1766690652988681
1.1767633093368322
1.1768183403525381
1.1769816520638547
1.1768134201867448
1.1765159931767437
1.1768436664397117
1.1768389157956294
1.1767935377031
1.1768226442618528
1.1768142445246643
1.1767326366418569
1.1768253273628528
1.1768849679009521
1.176775113606028
1.1768790656729697
1.176877265995482
1.176961679064382
1.1770193438696777
1.1770660369477155
1.1768757519983803
1.1768331920863879
1.1766846990837974
1.1763737767503781
1.1774646305526966
1.1769201114168093
1.1768971082058555
1.1769443229486329
1.1767754387653302
1.1765898111648698
1.1766566861184
1.1759776729496747
1.1765777254772098
1.1767789628910774
1.1767425043012625
1.177367590870068
1.1770718140198444
1.1771095132624509
1.1768686355038074
1.1767945167544545
1.1766297846010849
1.1767312592432504
1.1768194020764604
1.1766889529403577
1.1767523427882098
1.1769966711099467
1.1766203695786055
1.1768367205989312
1.176834668784309
1.1769024039453784
1.1769571136498667
1.177014387255169
1.1769088976147033
1.1767223534706657
1.1767107736810782
1.176800535267094
1.1769373765213309
1.1768785069084631
1.1764914420864905
1.177092872214454
1.1767622519541692
1.1761756130705805
1.1771416160032073
1.1774404519831303
1.1762618386534436
1.1774700716159927
1.1770162469393719
1.1770289379364283
1.1768728814317249
1.1768854378343492
1.1767937245706275
1.1768066739894996
1.176897858989626
1.1768277270182939
1.1768139135200839
1.1766459884724725
1.1766682584577293
1.1768000950543833
1.176808825542365
1.1768342464051502
1.1768635909898226
1.1769112456256974
1.1769434758031707
1.1770250169490941
1.1766659837313949
1.1764026423275067
1.1770660887701241
1.1768012964207517
1.1767220725542877
1.1768697166852722
1.1767583301383027
1.1768427555486134
1.1766759354896694
1.1766448329493513
1.1767560559566705
1.1766811671440389
1.1767446858965145
1.1769193201536796
1.1768974878187202
1.175889343255518
1.176154198090078
1.1767938576902972
1.1769146595304136
1.1768811845438083
1.1768767749851017
1.1767859286491773
1.1768071600371248
1.1766489484550846
1.1766678502338175
1.1767241658827983
1.1767311930440996
1.1768081419779088
1.176803810420106
1.1769041697470906
1.1768488371688741
1.1768353848093525
1.1775206818360888
1.1767219969288949
1.1768854872111905
1.1767929698068473
1.1767167728641894
1.1766826435244624
1.1767853493794282
1.1768145434702253
1.1766855300972896
1.1765894835794304
1.1767131531382313
1.1767983343369066
1.1768960901078245
1.176786419402339
1.1768566497343282
1.1778007873610776
1.1774124094597396
1.176801676423207
1.1767808675015674
1.1767716657927954
1.1767742375386627
1.176693590675288
1.1767750375310952
1.1766426779508772
1.1766839312523378
1.1767311522417812
1.1767358057836899
1.1767640848206364
1.176788359949873
1.1768718593003091
1.1769039701910615
1.1769077018467695
1.1761106508994923
1.1767543393982147
1.176825509511058
1.1767820451544035
1.1766841008943028
1.176637636820089
1.1767099661258078
1.1766964148429708
1.1766667816381056
1.176656979397859
1.1767476169604147
1.1768515708950291
1.176878767320668
1.1767813573273762
1.1767588876451121
1.1769375062947023
1.1769306797574177
1.1764993327443924
1.1766694944658986
1.1766938111698351
1.1766885707797592
1.176626634106853
1.1767410666940403
1.1767159711249162
1.1766979564183866
1.1767108131946025
1.1767668167274683
1.1767836994640608
1.1767862391716406
1.1775537642814111
1.1769128663458959
1.1769518501203848
1.176891587252431
1.1767017124302648
1.1765589704391337
1.1766235144689716
1.1766915222873204
1.1765806036424067
1.1765810895730455
1.1767293213336718
1.1766866627932029
1.1766417033599532
1.1768807065354425
1.1768772275751758
1.1768905273031429
1.1768369100598426
1.1768374991148318
1.1769138212624437
1.1769158498579562
1.1770925519554012
1.1760422342094494
1.1766375281219916
1.1765200233712432
1.1759793052315388
1.1771190177213791
1.1767493103874289
1.1766910148935481
1.1767594045989218
1.1767822465472213
1.1768301383798088
1.1768499506281038
1.1761191309676633
1.1769228276011805
1.1769585424076232
1.1768037420246569
1.1767413729482432
1.1767070019767736
1.1766720139519584
1.1766979119848591
1.176586642510985
1.1764839487937084
1.1767642018135109
1.1767012923395421
1.1763326893680488
1.1772434629234916
1.1768579643765205
1.1768672828899196
1.1769977956069912
1.1769945235022798
1.1769508570127214
1.1768993460585762
1.1768424034462843
1.177438544408238
1.1766242864385879
1.176731769399177
1.1767947328872221
1.1766199836546549
1.1767995461284289
1.1762818232839036
1.1771778470512493
1.176787230184259
1.1767708721173475
1.1768046543690251
1.1768475770424687
1.176874580698434
1.1768470989308293
1.1768401527012817
1.1768743632125112
1.1768238503021593
1.1767437297554904
1.176715906245269
1.1766987935647444
1.1766490046136213
1.1767080767417664
1.176717906165482
1.1767511886876165
1.1768268412189999
1.1767878133373191
1.1768124635264399
1.1768754676682915
1.176896043185732
1.1768831268189612
1.176825626582221
1.1767474630628179
1.1766909074537755
1.1766826213257935
1.1766854877345365
1.1766877512064164
1.1767078797979509
1.1767240168331874
1.1766842330364948
1.1767591006697629
1.1768087995227952
1.1768043673364141
1.1768316811713952
1.1769342660998299
1.177004703036838
1.1768960271694222
1.176904004480811
1.1770521617188663
1.1766837429584049
1.1767286473898599
1.1767565931651414
1.1767588298328893
1.1767312545119517
1.1767474438748469
1.1767256787374902
1.1767561549737042
1.1767270541051933
1.1767735878877228
1.1768441102867353
1.1767731094677025
1.17682349741593
1.1768093044967607
1.1767227661836732
1.1766227410897159
1.1764534241682603
1.1767136530001951
1.1764676113361274
1.1765505392497986
1.1769710934990172
1.176752892560589
1.1767128920568926
1.1767532290298337
1.176787141527283
1.1766500642961044
1.176867098498287
1.1769755462479432
1.1770712094786675
1.1770112873545917
1.1767621609969376
1.1765470508989488
1.1767451377864824
1.1767926368040922
1.1768153725408568
1.1768150983112338
1.1767930131745108
1.1767340095797394
1.1766596492600414
1.1767219383425542
1.1765555279689077
1.1767242196972023
1.1768786956156996
1.1766096797844718
1.1771869972245581
1.1768644010681122
1.1766938975179266
1.1765896579087938
1.1763041433569654
1.1768906207326761
1.1771231337251316
1.1767258433531771
1.1767453033627786
1.1767568822682766
1.176758405042297
1.1767539748990841
1.1768147427977023
1.1768800164202373
1.1768875323356991
1.1769031121695344
1.1768888489662594
1.1769215577267316
1.1768439332782941
1.1769653011523245
1.1769268115065235
1.1768891440012776
1.1768794722042637
1.1768286063062188
1.1768227288040873
1.1768118939158034
1.1769711324059775
1.1769698264113624
1.1770661588736411
1.1769199321679273
1.1769668108916886
1.1770148084722791
1.1770234511303259
1.1770183227446505
1.1769326827644371
1.1769284714922645
1.1776477597271213
1.1768424246622913
1.1768513038774022
1.1768243179188902
1.1767066192001012
1.1762927270909858
1.1768032164860938
1.1768468093960494
1.1764277521315536
1.1773103020806051
1.1770254431323914
1.1771683398744068
1.1769596532208415
1.1770065862348291
1.1768740416729495
1.1769095807319474
1.1769110026300362
1.1768883552439426
1.1769209464662698
1.1767987065635384
1.1768276857870532
1.1768079864807293
1.1768825552138673
1.1768952314358549
1.1769036604651726
1.1769204335614361
1.1769957458913576
1.1770801955528589
1.1770994490699347
1.1770755859093529
1.1769040591757254
1.1769367129359194
1.1769149656414881
1.1768515579670811
1.1766245920940945
1.1765164153742824
1.1773776742964883
1.1773110239571807
1.1768575817830438
1.1769079494170334
1.1767950281200521
1.176774952051554
1.1769530989383328
1.1767860752493449
1.1768989694175744
1.1769268318611901
1.1769367125294619
1.176949553971872
1.1769722430088363
1.176935384936094
1.1769331039847031
1.1768670332823858
1.1768602824373373
1.1768235578417978
1.1768996270901106
1.1769655381944679
1.1768937893687215
1.1769247386448751
1.1770251908099236
1.1770771066951617
1.1770753192242851
1.1769468508414567
1.1766809825306048
1.17604412968798
1.1768713684695531
1.1770182152632775
1.1771619105614004
1.1770059370220403
1.1770515051387991
1.1769704903676688
1.1764224790492692
1.1773021076335424
1.1768347834037476
1.1767612301691461
1.1769089499092917
1.1768966134134635
1.1770185201349677
1.1770250026611588
1.1770157470832181
1.1769714541691161
1.1769904141164984
1.1769436360557459
1.1769322967732117
1.1769135646625688
1.1768485612744606
1.1768345933868167
1.1769290963482317
1.1769588374555244
1.1768621912712476
1.176920409540849
1.1769574105730569
1.1770135215818895
1.1770721736326943
1.1771557277784084
1.1771628822062077
1.1776670778517302
1.1767636482264638
1.1770328787317292
1.1771532987392233
1.1769444450174245
1.1771235180847985
1.1770219147853187
1.1768734193191523
1.1768535190179159
1.1767899768595647
1.1767147490113359
1.1768070840149158
1.1768671767630294
1.1767838591884117
1.1773959817922266
1.1769547714899737
1.1768914639966388
1.1769492689640391
1.1769150667263155
1.1769079446557786
1.1768770043644128
1.1768648845734548
1.1768018181100925
1.1769100727565669
1.1776315555655097
1.1761012553191965
1.176908911778547
1.1769184697856665
1.1770212569807752
1.1771204585921609
1.177150908283412
1.1770777929043017
1.1769986473937675
1.1768236983518485
1.1769647627225623
1.1770935528741853
1.1762410214174199
1.177873975979665
1.1770149627205049
1.1768717208578008
1.1767954111980874
1.1767548217551274
1.1767517248187687
1.1767584906466437
1.1768693909613841
1.1769303121625296
1.1771295348522215
1.1764747134263336
1.1767112890512506
1.1769165544825786
1.176882631697536
1.1768448089875563
1.1769816670296731
1.1766787881075396
1.1767772484703642
1.1768893868459394
1.1775079253403806
1.1760648711841435
1.1769397877191996
1.1769070503248311
1.176989042119486
1.1770263339837013
1.1769942991195592
1.1768696069897315
1.1770649630570922
1.176934163081969
1.1770755110225781
1.1771880426290489
1.1771743322855281
1.1771431117902296
1.1770311237667861
1.1768368967315279
1.1766853051568538
1.176620765556502
1.1765139405183798
1.1764792691223493
1.1769098057706677
1.1769300323324745
1.1765341346831721
1.1771301455831644
1.1767072896157855
1.1769351100124235
1.1768860529543081
1.1767733559575113
1.1760428371541463
1.1767799613727581
1.1767032312680099
1.1767340951655048
1.1768211117574952
1.1768618679267597
1.1769384055376488
1.1768467907863598
1.1769266489426022
1.1769591391876819
1.1769458341850334
1.1767066879612944
1.1770983967300006
1.1768670563887849
1.1769418928448518
1.1771452517579326
1.1771389740126563
1.1770124145883085
1.1769169258232111
1.1767835353083513
1.1766330741463669
1.176562985712547
1.1764323640155028
1.1762588539787859
1.1776278895648535
1.1769820427057593
1.1771589956498836
1.177001763838454
1.177038006837327
1.1769760164948175
1.1769034392113169
1.1766722816846469
1.1774583979101789
1.1763406501042362
1.1766219986698889
1.1766801016854991
1.1768313297914941
1.177042155755246
1.1768201015586852
1.1772604703071272
1.1769748245584435
1.1769628198890305
1.177014663546371
1.177276488581144
1.1769482439453498
1.1767934579180912
1.1768316543044604
1.177010140870028
1.1770268406861415
1.1768694421994372
1.1769124380344456
1.1766953738140631
1.1766182866106309
1.1766590911303987
1.1765775015667559
1.1766717807371994
1.1766791337815483
1.1772288025641207
1.1772395754130371
1.1767934451815887
1.1769025471693118
1.1769442723072627
1.1769426736419983
1.1769968199265104
1.1767569328617737
1.1772434369265177
1.1766273626394308
1.1766450369657093
1.1767148027097241
1.1766879638082601
1.176835077089988
1.1763865635130024
1.1770161729412774
1.1769177342578181
1.1768096305794902
1.1763166002067524
1.1767406106168594
1.1768134329960038
1.1767854763875354
1.176877040518836
1.1769176244032797
1.176383260903249
1.1772670776187624
1.1764298372966373
1.1768725100995931
1.1767348249523268
1.1766118119763509
1.1766652599608782
1.1766580097773951
1.1769704705919999
1.1757913515108807
1.1756743135588332
1.1774532636871835
1.1768840466487251
1.1768306061100688
1.176846211973702
1.1765574264512286
1.1767107021158896
1.176132059787296
1.1766200802519731
1.1767419532006853
1.176675658380022
1.1766143376539333
1.1774702055341815
1.1768063625823071
1.1769236692016467
1.1769588835996143
1.1768446791635627
1.1767911335564052
1.1768588573406369
1.1767476535121768
1.1767279960679737
1.1767356112097833
1.1767059258682737
1.1767982370743639
1.1766703199744517
1.1765778614096867
1.1767914410433737
1.1766351256041054
1.1767473386017582
1.1762591821049033
1.1768850232284844
1.177463151102452
1.177880943678187
1.1768830116374949
1.1767387635261901
1.1767187011545135
1.176721972906235
1.1766650109570609
1.1767458961464361
1.1770915581695123
1.1766948265527821
1.1766973417010702
1.176705046920733
1.1767370379105688
1.1760415858194198
1.1767625720231132
1.1769227072148634
1.1770535852607305
1.1769516923146544
1.1767637907665909
1.1768042126723677
1.1767386155370521
1.1767111904038279
1.1766723758422495
1.1766521701663497
1.1762334484968051
1.1766589596153658
1.1771138367805782
1.1767633967490325
1.1768434763354234
1.1768352154792487
1.1771198664428437
1.1767968737874166
1.1777140681389846
1.176909685327638
1.1768356805270745
1.1767022337675199
1.176702299111867
1.1766287702000802
1.176557231208414
1.1766576793267032
1.1766774315262392
1.1766746973910243
1.1767094500980628
1.1767693499028673
1.17689646408052
1.1769210570325641
1.1768730858625984
1.1769491400652834
1.176974107090007
1.176913520582149
1.1767186538539072
1.1765590023362649
1.1761623111881907
1.177905264437791
1.1766904073503359
1.1766088055175379
1.1765663646187203
1.1766477868500329
1.1766819337154315
1.1766318166663905
1.176761717989689
1.1767623676258658
1.1764789727921532
1.1765563728846165
1.1768612342925533
1.1769322859031621
1.1768117562862137
1.1765449836059172
1.1766437536058898
1.1763435174421799
1.1765522536178277
1.1765994227798382
1.1766801225721562
1.1766499228760188
1.176705630869163
1.1766639152045717
1.1765559620666985
1.1767506932362863
1.1768273679362851
1.1769152764023514
1.1768686906659898
1.1767864844559324
1.1767066667514754
1.1766438846147542
1.1766411880044139
1.1760666949307823
1.1766353247502359
1.1765875196384532
1.1766496602160184
1.1766573646111715
1.1766463205952282
1.1761743717966275
1.1767589969614223
1.1764116236740765
1.1779569149939086
1.1773172207940072
1.1769959560740797
1.1768411294585268
1.1767804981507695
1.1768783231527042
1.1767257464360641
1.1767935123636202
1.1766492175519205
1.1766313874517143
1.1766307693149547
1.1766580308661696
1.1767002860265388
1.1766857411132778
1.1766515282089798
1.1766979500395971
1.176804093484517
1.1770092811897706
1.1768561565993396
1.1767383831705036
1.1767692789327957
1.1767890621871571
1.176745659519963
1.1766088291064754
1.1766413225768171
1.1766447596800322
1.1766496402643045
1.1766764132621685
1.1767235154394446
1.176413161522337
1.176772986892836
1.1768394872805936
1.1769396109038466
1.1769254333917245
1.1769085624225082
1.1766443764798478
1.1765804081628997
1.1766928180405896
1.1763490890082255
1.1769575557709822
1.1768469805269599
1.1766721748012656
1.176598901521275
1.1766548183669197
1.1767087824055873
1.1767340303343843
1.1767774233699142
1.1767884474765886
1.1768492209986416
1.1768395380933496
1.1771181198502727
1.1768444839180967
1.1768552876572487
1.1767826673835007
1.1767750872621279
1.1767061312114828
1.1766853118048382
1.1766848993422203
1.1766640919837361
1.1767058659183669
1.1767185032566347
1.1775064912503879
1.176777171278401
1.1768393495108844
1.1767762295988506
1.176502967190495
1.1767156582575153
1.1765194339116543
1.1763350779425374
1.1767925176615102
1.1771478848068775
1.1771313289508676
1.1768031815228217
1.1761914154788313
1.1771499825918088
1.1766923933267475
1.1764076424323848
1.1769169208496124
1.1769975585833881
1.1768482804682217
1.1768916154278828
1.1769113083685501
1.1770048057108262
1.1768292846861594
1.1769506981517948
1.1768748567884091
1.1768159085791923
1.1768178002402752
1.1767705782423787
1.1767333974976619
1.1766912938866747
1.1766992304306056
1.1763003758067643
1.176689962476597
1.1760393817556329
1.1768299598629106
1.176868160114964
1.1771064018576871
1.175959927242614
1.1768785977494036
1.1768423830528891
1.1768178709469213
1.1768089239604309
1.1768922982283134
1.1768874891077878
1.1766890488560457
1.1766991304417067
1.1767363318289872
1.1767746543144122
1.1768294284987975
1.1767683382673038
1.1769633511230397
1.1770297843980715
1.1769539322446056
1.1771994655331959
1.1769892144751819
1.1769960219218119
1.1769351724985009
1.1769142444713077
1.176900388848461
1.176764260954144
1.1767662008647857
1.1767391294956309
1.1768685398886509
1.1773354424456319
1.1768816631696764
1.1775611800822365
1.17678265981303
1.1768243762320743
1.1767412042975733
1.1777134869281245
1.1770412213479857
1.1771208137632014
1.1764417744394373
1.1768455238844659
1.176899106002681
1.1769936629436055
1.1769304686151227
1.17632792780145
1.1772073138788541
1.1762480409228058
1.1775034540612925
1.176531677158102
1.1770719288348177
1.176921237269944
1.1769715084904131
1.1770007494856192
1.1769183385283499
1.1769051742833174
1.1768987175078707
1.176851911464037
1.1771533369131184
1.1765202114462725
1.1767669499714548
1.1767654591961407
1.1768746901150922
1.1769405681802092
1.1768334330579515
1.1768791849413567
1.1768806340025466
1.1770591842943219
1.1768473380628184
1.1774007976431602
1.1761795354676869
1.177140453937958
1.1774583214830594
1.1771053897453074
1.1770475360881243
1.176029186884413
1.1780259468444318
1.176901360352216
1.1768304665749065
1.1768601907310337
1.1767495494545199
1.1766221637257779
1.1768360524870567
1.1765026892405408
1.1775722753834788
1.1770019723015268
1.1769341176983945
1.1769613229112397
1.1770032895373801
1.1769239678187275
1.1769577484070977
1.1768548264304446
1.1768068650607457
1.1768104223402773
1.1769014055004201
1.1769101167797897
1.1769264782200728
1.176977674499242
1.1772300920817418
1.1772179194451675
1.1772848206684365
1.1771539953331187
1.1777480096113435
1.1769977184625104
1.176724936805378
1.1773509672154094
1.1773922751569839
1.1764722256859836
1.177119833879881
1.1770524152430635
1.176890965101117
1.1767752210167179
1.1766827012764782
1.1764982325622098
1.1766750483172814
1.1770037304946421
1.1770859407173599
1.1770628102298664
1.1769655758507418
1.1770001838324262
1.177059095109116
1.1769259242083281
1.1769647650543411
1.1771618720547499
1.1765810738252103
1.176832298861652
1.1770233511246153
1.1769101590150721
1.1768942983383717
1.1769636990666348
1.1770483521381729
1.177115512623641
1.1771456360995385
1.177138244390399
1.1769070838477791
1.1771577604251782
1.1769190234615878
1.1771779037965933
1.1772889602482735
1.1779988258029634
1.1771595693100081
1.1770726898228909
1.1768808510156217
1.1767369614300232
1.1766916149910425
1.1765753614421999
1.1766147771864102
1.1770475939490521
1.1770617988767496
1.1769880430263084
1.1769017886040682
1.1769329062392007
1.1769874399450753
1.1769248842073141
1.1769266727284222
1.1768928516245032
1.1768202596925434
1.1768423676926285
1.1772372561693909
1.1766211197880159
1.1768145550486597
1.1769346667295746
1.1769580753597793
1.1770528279161119
1.1771370292553989
1.1770733557915605
1.1768678391187619
1.1770629685058176
1.1769325032887792
1.1770745338917705
1.1771880938922448
1.1771742610314571
1.1771421377591542
1.1770274734579715
1.1768321564194091
1.1766845764864016
1.1766273878366591
1.1765228850277574
1.1764855061069934
1.1769132500105852
1.1769322784327736
1.1765354711195888
1.1764752422433511
1.176710958106288
1.1769157081254176
1.1768821657587285
1.1768443955433909
1.1769813476335762
1.1766785927929009
1.1767773542207065
1.1768897400455138
1.1775082630118983
1.176064943875077
1.1769394731808431
1.1769069363990174
1.1769898813071822
1.1770262817413353
1.1769934504479258
1.1767080086651698
1.1770986161236028
1.1768673410031367
1.1769417649952101
1.1771462092963925
1.1771389756387749
1.1770103146976034
1.1769123428858352
1.1767777957918615
1.1766327097084777
1.1765663675924627
1.176434575090008
1.1762615652907642
1.1776292444485301
1.1769825506462714
1.1771589547382437
1.1771300264086915
1.1767066559141606
1.1769345373921904
1.1768855799369411
1.1767729882457325
1.1760426138095417
1.1767798308466968
1.1767032790528849
1.1767343422131693
1.1768215988474808
1.1768626322181246
1.176939389632452
1.1768476712444675
1.1769285409423373
1.1769614884763033
1.1769476917304083
1.1772796148213605
1.176950707708329
1.1767965537177139
1.1768387082180798
1.1770156177195885
1.1770207491833471
1.1768649544995999
1.1769090419937578
1.1766926935962145
1.1766192393245134
1.1766623050613676
1.1765791754770412
1.1766730909179806
1.1766790629891788
1.1772273154414097
1.1772373044767546
1.1769997650672135
1.1770365812831054
1.1769754576634386
1.1769033692710598
1.1766722323389656
1.1774582926015471
1.1763405503736197
1.1766219879109368
1.176680300834843
1.1768319712467799
1.1770434224751221
1.1768212743952617
1.1772618844872464
1.1769767283820716
1.1769651260608898
1.1770174614226829
1.1763193318087382
1.1767429773477667
1.1768186149120001
1.1767954422080793
1.1768766418293495
1.1769167825586577
1.1763777433621392
1.1772648398769716
1.176428880331871
1.1768729981118138
1.1767370386039335
1.1766139192695846
1.1766660670321472
1.1766568111199391
1.1769678770840042
1.1757884890224712
1.1767912648626895
1.1769013660679311
1.176944047228428
1.176942995791262
1.1769970148051501
1.1767568875199723
1.1772432612135049
1.1766272813009206
1.176645158109483
1.1767150396616133
1.1766883269352952
1.1768355770505017
1.1763867370782193
1.177016650836241
1.1769188033619531
1.1768115890981439
1.1768460712880018
1.1767924549597488
1.1768600047691771
1.1767519472957733
1.1767310860141968
1.1767332933116887
1.1767037017290409
1.1767973711377842
1.1766693961527122
1.1765773496483727
1.1767913609614207
1.1766351477976327
1.1767469569016775
1.1762577103432368
1.1768828786799725
1.1774611767989172
1.1756729639650756
1.1774525142482943
1.1768823025091204
1.1768318761447256
1.1768456214498952
1.1765570461585317
1.1767105089250627
1.1761319798178258
1.1766200564210565
1.1767416295695003
1.1766747722273752
1.1766132625157233
1.1774690193086474
1.176805341235502
1.1769233149629028
1.1769594023905801
1.1769521164908308
1.1767642624594863
1.1768046282459745
1.1767398008352092
1.1767133497381956
1.1766730247389146
1.1766525198084028
1.1762333052843839
1.1766578344760827
1.1771123527316703
1.1767618800669661
1.1768419620873785
1.1768339144662154
1.1771185067068175
1.1767957048441722
1.177713149941263
1.17788042162341
1.1768816346365363
1.1767364958942406
1.1767000238869296
1.1767160909058512
1.1766634445247985
1.176745798333523
1.1770916030365279
1.176694884421684
1.1766969875392608
1.1767037705196599
1.1767352638547572
1.1760399129603591
1.1767614233275181
1.1769220360954806
1.1770534749965655
1.1769135782319549
1.1767187580984317
1.1765590336577263
1.1761627765408078
1.1779064482916002
1.1766918028709439
1.1766094280438792
1.1765662398913104
1.1766468562540295
1.1766805300774621
1.1766300988449319
1.1767600777836724
1.1767610466996108
1.1764781217030464
1.1765559202381579
1.1768609270383588
1.1769089373485513
1.1768385383861504
1.1767212522469312
1.1766545788659382
1.1766153225546157
1.1765558794950866
1.1766575513068844
1.1766776322425645
1.1766749700515728
1.1767093989237623
1.1767686166327969
1.176895536138836
1.1769201760185406
1.1768724193916977
1.1769486829605305
1.1769738903451201
1.1767864327087343
1.1767065805440362
1.1766438565745923
1.1766413728301712
1.1760672468229589
1.1766359714678203
1.176587963598041
1.176649659760759
1.1766570609705358
1.1766456494729363
1.1761737916328061
1.1767578315435359
1.1764108379653027
1.1779576727012393
1.177316993643585
1.1769959728189028
1.1769317729258895
1.1768117569265419
1.1765547762988868
1.1766546676273602
1.1763530446875399
1.1765535652242016
1.1765987135278895
1.1766801621744927
1.1766502514700239
1.1767060055580416
1.176664106499153
1.1765558562690768
1.1767503653020808
1.1768271758738773
1.1769149328160005
1.176868759351958
1.1767384372162069
1.1767691351818024
1.1767888774509447
1.1767455585283484
1.176608951653074
1.1766415012567892
1.1766449451854484
1.1766498201259536
1.1766767113343515
1.1767238799012376
1.17715597221424
1.1767722674726186
1.1768402200351955
1.1769445300382289
1.1769262313518716
1.1769089370173069
1.176841153280717
1.1767811173060412
1.176883513410879
1.1767390355226834
1.1768006262907329
1.1766489957520161
1.1766322473917872
1.1766309816146634
1.1766586345077068
1.1767008440297659
1.1766861754428075
1.1766513705793025
1.1766961602689312
1.1768062981155534
1.1770080101426459
1.1768561621163973
1.1768446560841364
1.176855140133922
1.1767824404137819
1.1767748594760752
1.1767060789861001
1.1766853805495943
1.1766850333112222
1.1766642501381148
1.1767062145157345
1.1767187557331198
1.1767625550688172
1.1767770250801322
1.1768394706370715
1.1767765598719906
1.1765028176446259
1.1767158908089095
1.1766445291314955
1.1765803458666602
1.1766936526988967
1.1763531234096105
1.1769442861828239
1.1768070136798288
1.1767125585742066
1.1766067250900032
1.1766558653183354
1.1767092974835267
1.1767335779013004
1.1767765595913033
1.1767894120143978
1.1768495085673614
1.1768415965658059
1.1771190342556068
1.1768293100346072
1.1769504409478861
1.176874469634658
1.1768156064522652
1.1768175290079568
1.1767702978725205
1.1767332204384116
1.1766912240139622
1.1766992791069166
1.176299962803115
1.1766890437830393
1.1760391158536767
1.1768290402314452
1.1768671615944692
1.1771043462994211
1.1759584681887068
1.1765190479114012
1.176334828953677
1.1767945599363812
1.1771409480055268
1.1770666894829096
1.1764980892125896
1.1765140315071665
1.1771987241560327
1.1766965012807606
1.1764063804415601
1.176915465669151
1.1770024865915647
1.1768506854784253
1.1768969902003601
1.1769139044636077
1.177005739728497
1.1769891355038749
1.1769959661096629
1.1769349497036732
1.1769139143947163
1.1768999278026144
1.1767636911337069
1.1767656938643767
1.1767387491281918
1.1768683132291269
1.1773353861262104
1.17688230343645
1.1775604121639656
1.1767813853930971
1.1768242403023317
1.1767448706882024
1.177712514957048
1.1768780471678906
1.1768422929628479
1.1768173131081796
1.1768074216280404
1.1768794224184109
1.1768507887693784
1.1767327808420562
1.1767084913723216
1.1767371415240551
1.1767751811137019
1.1768277348154277
1.1767843868222532
1.1769419841525688
1.1770308989704417
1.1769568867349307
1.1771997477447547
1.1769182565638012
1.1769051248398745
1.176898612974995
1.1768516505550093
1.177152969467093
1.1765197223644794
1.1767664582963049
1.1767650355031276
1.1768742659843221
1.1769401013752596
1.1768330706973174
1.1768782765296097
1.1768800612356591
1.1770638482712965
1.1768580454915132
1.1774061659855966
1.1770424579990344
1.1771214965947872
1.1764420250659477
1.1768462966223612
1.1769031515327506
1.1769942869042722
1.1769295157985973
1.176327596012956
1.1772087698003026
1.1762502990619144
1.1775019462953751
1.1765329351206764
1.1770675714526238
1.1769231326751757
1.1769721236873383
1.1770005942659008
1.1769338495765767
1.1769611762429928
1.1770032700569919
1.1769238861276461
1.1769576914086957
1.1768547723921434
1.1768067775342472
1.1768101540736575
1.1769008315517495
1.1769094484685574
1.176925928698777
1.1769776655817978
1.1772294774833747
1.1772129828557096
1.1772701037689839
1.1771513473434887
1.1761827291843907
1.1771423821727125
1.177459502014671
1.1771062776357586
1.1770501686636645
1.1760306764069945
1.1780238107221539
1.1769007739178909
1.1768312024901515
1.1768622012517842
1.176750757253904
1.1766218194532234
1.1768355401927213
1.176502936986155
1.1775719073599482
1.1770015638716227
1.176964829343198
1.1769996682619595
1.1770588055846096
1.176925913870096
1.176964837705009
1.177162055294279
1.1765812276775962
1.1768320910916139
1.1770227446252575
1.1769095257063995
1.1768938817592043
1.1769636079911208
1.1770489678577776
1.1771161164355084
1.1771418581117603
1.1771409047729169
1.1777525322596918
1.1770005570715871
1.1767266535592864
1.1773519033572768
1.1773925571611878
1.1764719255992857
1.1771193215212403
1.1770523088429565
1.1768915151255723
1.1767764019580682
1.1766829208529979
1.1764972500197053
1.176673911379398
1.1770024496197871
1.177084826710892
1.1770616571016908
1.1769008002274259
1.1769327458077636
1.1769882090226493
1.1769244221673267
1.1769262412567922
1.176893117448252
1.1768204858199853
1.1768422339947997
1.1772367545323172
1.1766206643567181
1.1768146165629945
1.1769350454322993
1.1769586696461261
1.1770537921357611
1.177138387261526
1.1770772413620552
1.1769112880574093
1.1771611409410294
1.1769211791328993
1.1771791025923199
1.1772891486288946
1.1779988106722377
1.1771597603429449
1.177073598888084
1.1768824757589287
1.176737853807664
1.1766890685677756
1.1765698988959654
1.176610514591115
1.1770452405009229
1.1770597786569428
1.1769863835498686
1.1768722396100433
1.1769051631552654
1.1770065959151177
1.1768848507852345
1.1768085601690172
1.1767501281641461
1.1768319132278844
1.1768230763602192
1.1768509804634655
1.1776282166769638
1.1761329650945747
1.1769659608954302
1.1769942175036181
1.1770322312495123
1.1771088532590006
1.1770833606841438
1.1770385642440144
1.1772142311826836
1.1771253661481098
1.1772322298723004
1.177286421325759
1.1772210316620764
1.1768718232388744
1.1770740178390466
1.1768330702081269
1.1766534157690312
1.1766414159387679
1.1766447397822248
1.1766799390710034
1.1768479255746818
1.1769830209942687
1.1769362599835389
1.1769145162167121
1.1768849259603955
1.1770640691759404
1.1766909614687961
1.1769092518832702
1.1767275092886162
1.1767735183339139
1.1767543529289657
1.1768084034467552
1.1768138960192609
1.1768341145448484
1.1769657191593574
1.1769660236126813
1.1769396611227401
1.1769747435951683
1.1769710092809054
1.1768392348949877
1.177044125090968
1.1769645306154113
1.1770675511393243
1.1772406469855292
1.1772227762488376
1.1769546350788698
1.1768487903358602
1.1767599153351447
1.1766312045353466
1.1766171019713638
1.1766515431822682
1.1767702550171457
1.1768065691318139
1.1769542033535074
1.1769822327502022
1.1769175667819829
1.1769293047540161
1.1770817102757685
1.1772045506643596
1.176858671144982
1.1766776402679477
1.1767057818077549
1.176648427929381
1.1767093951524132
1.1768052161037739
1.1767729315447824
1.1767857767534664
1.1768398848330441
1.1769401616400723
1.1769370236486021
1.1768728995416033
1.1766858885229612
1.177114996198622
1.1768823248084599
1.176902762609134
1.1772313314429803
1.1772013095802658
1.1769757600841746
1.1768374314229972
1.1766749530804061
1.1766409653591834
1.1766280926879522
1.1766081437132068
1.176703671832745
1.1766727194452709
1.1769810503961853
1.1769974740344402
1.1769314942556723
1.1769377119606637
1.1769553256592
1.176971937267417
1.1768381234083132
1.176686107024066
1.1760325234882276
1.1766218339024272
1.1766577586236893
1.1767543823379212
1.1767464311823543
1.1770424633301853
1.176789244003225
1.1769384873783704
1.1769228211128311
1.1768863180381306
1.1767812491274143
1.1768666960073568
1.1768755018242756
1.1775762631313769
1.1769569089348295
1.1771249458954109
1.1768836634232631
1.176905564320901
1.1767088603281051
1.176664193860502
1.1766391223615216
1.1765309833699591
1.1759213135982147
1.177270523990547
1.1769452350146727
1.1770016664953495
1.1759920714831169
1.1769331868612432
1.1768942637757998
1.1769095624344696
1.1765774365888142
1.1766242924670127
1.1773926519999334
1.1765727010445508
1.1767110081413397
1.1770110657324706
1.176855948428547
1.1759607158258949
1.1767109720566835
1.1768447596363192
1.176965700336341
1.177073258940865
1.176946869158656
1.1767256475704675
1.1768419591587189
1.176232634533396
1.1774478371885191
1.1767975538955899
1.1767219369773207
1.1767838804060708
1.1769130259328506
1.1767109083403098
1.1766433361381448
1.175652567280026
1.1775187536835581
1.1769231945404131
1.1770019612537665
1.1769901678142725
1.1779488227380834
1.1769942193366902
1.1769161238379309
1.1768162547730565
1.1766655568722215
1.1766549898507033
1.176630697117798
1.1766206300692112
1.1766747286977615
1.1766807481732924
1.1766878134460101
1.1766785580749537
1.1767780629086637
1.1768626755103828
1.1770208061610763
1.1772359653660127
1.1772543408073519
1.1767141930958624
1.1760544465832297
1.177424337987079
1.1759637077832659
1.1767542725870876
1.1767482040236119
1.1770721877671027
1.1767099948427546
1.1767122500454308
1.1766771902948119
1.1766128247487497
1.1767143347395521
1.1763911295786234
1.1769858181146693
1.1770424263798993
1.1769615844536776
1.1768935291904057
1.1768311043357655
1.1760565018482156
1.1767738316349992
1.1766173914320404
1.1765349480579341
1.1765423423973973
1.1766302783821638
1.1766948486438238
1.1768821622423877
1.1767418627926358
1.1767681002092225
1.1768567956378382
1.1770356163085305
1.1769135281355634
1.1766859682988011
1.1766782926560173
1.1765974270354185
1.1765650291635845
1.1766913469599327
1.1766647664041625
1.1765407664123826
1.175877772817387
1.176640351641751
1.1767589000126406
1.1766505593767622
1.17664704193595
1.1766215496700159
1.1773193825618125
1.1769972907762229
1.1769597836526819
1.1769977398898166
1.1768608495911739
1.1765942562580454
1.1774799089586707
1.1766415413519091
1.1765617415754088
1.176631105219814
1.1765544175935756
1.1766084281473284
1.1766230381617591
1.1765099046043648
1.1766431300691065
1.1767488691765084
1.1768369151170388
1.1771289306148298
1.177066008886408
1.1766908398854461
1.1766804033699827
1.1766373374354218
1.1766157427551729
1.1766519152929473
1.1766013153642279
1.1765128346546123
1.1764740640048053
1.1766048921408521
1.1766495122491176
1.1761231088484052
1.1765209218213939
1.1759019057037405
1.1774337109335342
1.177067350663517
1.1770826136850712
1.1768479232369897
1.1767783269202505
1.1768642327282439
1.1767944048853978
1.1766977190836285
1.1766084943914914
1.1765960918902754
1.1765453971785613
1.1766053524633511
1.176664096956054
1.1765974215382833
1.1767628370574916
1.1768161163495552
1.1767619681007253
1.1765994514433853
1.1765421409656946
1.1767142121042817
1.176719415916069
1.1768022208074547
1.1767957723918723
1.1766738511069545
1.1765650942119108
1.1765529376584558
1.176571457808391
1.1766254416452453
1.1766376855652565
1.1766483161274601
1.1767818241804233
1.1772102177317405
1.1768929186171264
1.1769243000954046
1.1769310111214053
1.1766516341161175
1.1765627171850208
1.1765629786144434
1.1760623787695801
1.1763470977783306
1.1766647673539037
1.1765421895752748
1.1763540703299835
1.1765976862657817
1.1767825359856763
1.1765752509241578
1.1769929818868528
1.1768199926617797
1.1767673156828014
1.1768418017039803
1.1768584376202906
1.1767218013110778
1.1767977569362926
1.176887203708072
1.1769330731110617
1.176756014502204
1.1766478254039225
1.176590276065256
1.1765837945672553
1.1766571959774719
1.1766670203027414
1.1771176861106005
1.1767955375757317
1.1768661896840442
1.1767467375969847
1.1767705949801315
1.1767463084039886
1.176574276779764
1.176475317927073
1.1766606144864644
1.1775581300587141
1.177288910414559
1.1760307544552466
1.1774305591115974
1.1767796534205444
1.176673272483636
1.1766727114775344
1.1766953267102691
1.1767069771275946
1.176691892527457
1.1768120651785319
1.1769617982763283
1.1769370079213164
1.1768559634046587
1.1769278605910456
1.1769004227234254
1.1768141978706457
1.1768026864511136
1.1766668643895191
1.1766484575052727
1.1766308719723293
1.1766853630671017
1.1766672677501451
1.1766632212033854
1.1767537011944096
1.1766443247932852
1.1768318364127908
1.1768071820505022
1.1767020630984788
1.1766646163335375
1.1766355522493694
1.1766471058948096
1.1767006148925248
1.1762658947183582
1.1769390738294281
1.1767782213439963
1.1768217214527534
1.1762767158847276
1.1771113310976689
1.1767505121014981
1.1761879267219482
1.1772082502528052
1.1769244058158579
1.1770710132040889
1.1771226956144329
1.1769892468102094
1.1769551831323943
1.1769467536164595
1.1774255107837845
1.1768632214839376
1.1767445931073357
1.1767279487083413
1.1766853264538446
1.176742661048076
1.176797460290842
1.1768265667886884
1.1768179149717617
1.17687685560393
1.1765462484079692
1.176685820474161
1.1767456453795591
1.1767848826887508
1.1769505542553258
1.1761370727725251
1.1771980891528371
1.177740898694986
1.1771191637213154
1.1769642490569483
1.176809426101064
1.1767710870744676
1.1767944134448112
1.176747736251909
1.1766155686007864
1.1761574865569191
1.1776572104784231
1.1770668557422399
1.1773142062923609
1.1762755519215791
1.1776918819521978
1.1768610910941621
1.176192181311319
1.1775662869550931
1.1760286212748794
1.176785346903864
1.1767363810702101
1.1767986149363108
1.17678261297588
1.1765534836409213
1.1768768893249566
1.177041566363398
1.1772536301264431
1.1768193920373173
1.1769222449296979
1.1769599212608264
1.1772251358591288
1.1775218949819002
1.177140593751129
1.1770962533326395
1.1769585271605778
1.1769521663363309
1.1767538776842505
1.1767739807326603
1.1767910537690631
1.1767757528399652
1.1767084370316891
1.1768426766449105
1.1768555582752569
1.1770326619418823
1.1767196486576972
1.1769672834465934
1.1770162258264372
1.1770462515344526
1.1768425087356742
1.1769017078134254
1.1768532703161563
1.1768169025508228
1.1767909728276107
1.1768763010752465
1.1767749942159726
1.1771884718399837
1.1770346219902366
1.1770865362004892
1.177162059265253
1.1773149007718064
1.1771379384324974
1.1770123475095824
1.177057262893501
1.1762990044937243
1.1769871895990698
1.1776469401245837
1.1775280462929358
1.1770582112277985
1.1771158262215533
1.1769044176801584
1.1767640258543868
1.1767441224753581
1.1767347215639445
1.1767825859079639
1.1768825814544837
1.1770390957231234
1.17700072415424
1.1769774237778723
1.1770379271171603
1.1773452806622982
1.1767327414114293
1.1769208406368483
1.1768662918040615
1.1768051859321771
1.1768138055682478
1.177045584268904
1.177094925261212
1.1769616796614413
1.1770180017521257
1.1770838886629778
1.1771224364138122
1.1767152175563569
1.1771039342166962
1.1771058502744709
1.1773067164332298
1.1779369226292877
1.1772852260729272
1.1773632876774667
1.1772920536267584
1.1769081093831366
1.1771673034556036
1.1769069718459964
1.1767028672310067
1.176710924755481
1.1767285655173818
1.1767655255512226
1.1769078731853388
1.1770264871521283
1.1770638667368414
1.1769825984972779
1.176983990201852
1.1770647244288468
1.176961664383243
1.1769889548808761
1.1767695070109732
1.1772492416223752
1.1763956238963575
1.17699879100106
1.1770273019658886
1.1769289268527525
1.1769424959033206
1.177033318914122
1.1771061014550483
1.1776316470694626
1.1771643250280031
1.1770356205558721
1.177211367720719
1.1771216946281413
1.1772293468619868
1.1772853224243256
1.1772203206122116
1.176871007331155
1.1770723560122169
1.1768318782276919
1.176656699281083
1.1766538651083247
1.1766658993667396
1.1766921024266832
1.176853745913943
1.1769852306139679
1.1769376898577368
1.1768735075845629
1.1769064717565567
1.1770084708130328
1.1768830681526801
1.1768079114205232
1.17674971450823
1.1768317499008605
1.1768232943449994
1.1768512875224797
1.1776282523420105
1.176132295584966
1.1769656742388623
1.1769954525605573
1.177035676153801
1.1771122608102442
1.1770825048205455
1.1768411471739024
1.1770440468016865
1.1769647937766632
1.1770700528903506
1.1772432504129466
1.1772216360780654
1.1769516430862921
1.176847105266303
1.1767599199281413
1.1766311882513725
1.1766099505966732
1.1766311877029072
1.176760199088333
1.1768046407085702
1.1769544966094281
1.1769823893154636
1.176913497438552
1.176884354871917
1.1770639866031516
1.1766906051274284
1.1769086546766563
1.1767269870540418
1.1767732684384049
1.1767544562557002
1.1768088849592984
1.1768145833737682
1.1768353597807475
1.176968112465093
1.1769701155248333
1.1769455090175849
1.1769807331948789
1.1769753403680443
1.1766909516165647
1.177118656769315
1.1768878111444425
1.1769149160261869
1.1772279202005527
1.1772066507178194
1.1769702875439376
1.1768353043253941
1.1766752455847094
1.1766419266218417
1.1766249138697096
1.1765975512094677
1.1766960871491379
1.1766695762869772
1.176980262562096
1.1769948793107199
1.1769158477995114
1.176927658784318
1.1770808837420048
1.1772043961266563
1.1768582810491355
1.176677239946321
1.1767054983302596
1.176648458888115
1.1767098389505879
1.1768058549719242
1.1767737648130232
1.1767869697418822
1.1768429759521069
1.1769444895902814
1.1769413097495192
1.1768776378007932
1.1767848605969267
1.1768698651581402
1.1768812520289404
1.1775783237189468
1.1767953356667966
1.1772778420156831
1.1768796278625784
1.1769021893122467
1.1767087438903403
1.1766651236405725
1.176639975054522
1.1765301915075994
1.1759194508953779
1.1772679964468042
1.1769421592115987
1.17699791811238
1.1769285617131575
1.1769357231203432
1.1769549754933988
1.1769717648919857
1.1768379225367034
1.176685829374033
1.1760322156684746
1.1766217259879426
1.1766578617447814
1.1767543300158179
1.1767462396472841
1.1770432325744913
1.1767889904322577
1.1769386978634571
1.1769239755170389
1.1768886821671369
1.1769483312918747
1.1767268920044915
1.1768449390435869
1.1762377793913701
1.1774412858463916
1.1768019311458002
1.1767158930339225
1.1767813053728104
1.1769124346961286
1.1767101537045404
1.1766431522124514
1.1756516199273177
1.1775177409939508
1.1769210417380027
1.1769992593301346
1.1769875106232983
1.1759899401590446
1.1769316921093675
1.1768924655070936
1.1769045475065922
1.1765748281658577
1.176623416121624
1.1773923142153138
1.1765724541858771
1.1767105895335725
1.1770101326591635
1.1768548918891297
1.1759622721741778
1.1767097171451519
1.1768418381643337
1.1769639779059349
1.1770726570567369
1.1772548021682692
1.1767147811849901
1.1760548797106911
1.1774267158263998
1.1759652823396458
1.1767515830604334
1.176746736055805
1.1770719040923632
1.1767087532910097
1.1767104382849238
1.176674989108327
1.1766106106892054
1.1767125381422048
1.1763891485989826
1.1769842022952022
1.1770414572729462
1.1779485027404515
1.1769915578077472
1.176903323068897
1.1767820226554497
1.1766518703149194
1.1766522145881535
1.1766300004637884
1.1766203778723572
1.1766743180087309
1.1766795665156711
1.1766857167978813
1.1766769103081398
1.1767748780961249
1.1768595966985931
1.1770186601337687
1.1772354525917663
1.1766862595785232
1.1766784818564844
1.1765974554683329
1.1765654405794304
1.1766922964063973
1.1766663486875051
1.1765418800317342
1.1758779380449773
1.1766392371624781
1.176756838922659
1.1766480859244137
1.1766445038358706
1.1766193332580133
1.1773197293828004
1.1769970473203104
1.1769596726859102
1.1769608865243972
1.176886016834952
1.1768010284240784
1.1767549047795616
1.1767543606700781
1.1766133852863583
1.1765341026472111
1.1765418603396571
1.176630339827639
1.1766942649765495
1.1768806736002044
1.1767398047088742
1.1767657366657112
1.1768557724568887
1.1770345166885989
1.1769132825034505
1.1766914193658313
1.1766805740210109
1.1766374873361627
1.1766161053549209
1.1766527846127586
1.1766026497138051
1.176513829597716
1.1764745627651743
1.176604590882004
1.1766483487816657
1.1761213144300469
1.1765167126850173
1.1758874781660709
1.1774429394484283
1.1770708522265503
1.1770831636090611
1.1769974434418728
1.1768603500802852
1.1766073602995895
1.1767782540211622
1.1766618399257451
1.1765657250509369
1.1766296309466484
1.1765531402692
1.1766082595864613
1.1766233032157134
1.1765097213011404
1.1766425039284512
1.1767488437572502
1.1768437711688968
1.1771184940737305
1.177064678973595
1.1767152142332413
1.176719629304638
1.1768022823074527
1.1767960429723545
1.1766748340711055
1.1765664312702433
1.1765541055403457
1.1765723924469635
1.1766257621345033
1.1766374417429288
1.1766477031173217
1.1767688460637236
1.1771643976263835
1.1769280009385614
1.176933989341415
1.1769329783285492
1.1768482284103441
1.1767798565129073
1.1768772589210645
1.1768240501949894
1.1767129459085151
1.1766117601623345
1.1765947492113236
1.1765431686626906
1.17660430908087
1.1766645130304201
1.1765977092050961
1.1767636636017378
1.1768243285394346
1.1768012317013981
1.1765558849699158
1.1765328483515372
1.1767220838784958
1.1767971740430268
1.176886896325132
1.176933184339565
1.1767568247800164
1.1766490905480738
1.1765915552235851
1.176584840120686
1.1766576402601945
1.1766671500487627
1.1771174249186347
1.1767915866513186
1.1768555263799596
1.1767545251563631
1.1767724179428098
1.1767471283115167
1.176652201433668
1.1765633291968518
1.1765656024688078
1.1760664105248195
1.1763447813217758
1.176656505512939
1.1765472568102198
1.176353289608784
1.176597183994504
1.1767833745116225
1.1765759795956203
1.1769935088071388
1.1768221685866607
1.1767778302305962
1.1768357112883556
1.1768585329882923
1.1768556485786534
1.1769269137714713
1.1768996751871861
1.1768138071883709
1.1768025469362839
1.1766672716542983
1.1766488386695073
1.1766311122144384
1.1766855679028609
1.1766673810890123
1.1766630043582718
1.1767530224050609
1.1766429603237709
1.1768306215251185
1.1768048664189366
1.1767003744990918
1.1765738598760429
1.176475633815496
1.1766592916433913
1.1775517138310576
1.1772646880758728
1.1759807964089717
1.1774677564819718
1.1767879112486288
1.176673575173995
1.1766739962819184
1.176695514930983
1.1767067663985853
1.1766929161417121
1.1768127946230507
1.176963129594184
1.1769375114907916
1.1769883058230235
1.1769542313912453
1.1769459571683105
1.1774247574017416
1.1768623479706031
1.1767435481257438
1.1767270721402197
1.1766846897944649
1.1767422251537183
1.1767968282629848
1.1768262521138375
1.1768169880147286
1.176875102320734
1.1765495590014623
1.1766970259942979
1.1767465844644778
1.1766638008766428
1.1766355848521206
1.1766448989196265
1.1766892583718183
1.1762472623856437
1.1769260561181933
1.1767838661436716
1.1768209112585728
1.176277920723104
1.1771137178366515
1.1767494576406579
1.1761842022122784
1.1772070842459454
1.176924867508172
1.1770712134596057
1.1771212449642461
1.176274776480996
1.1776913242934643
1.1768606992799999
1.1761913755795494
1.1775651655691468
1.1760273951128442
1.1767842587800856
1.1767355126224164
1.1767977480233203
1.1767815646415536
1.1765528699069319
1.1768751162478228
1.1770419093920397
1.1772708899622173
1.1768561476995676
1.1769402469162813
1.1767903468136711
1.1769521933178835
1.1761378858838478
1.1772116738433682
1.1777683835774313
1.1771346285825093
1.1769627658445014
1.1768084202333102
1.1767722433536119
1.1767971469639771
1.1767482540508252
1.1766138878099499
1.1761558512153778
1.177656673574927
1.1770660072448049
1.1773132592135755
1.1769668774415478
1.1770158537450022
1.1770454627543896
1.1768420833707283
1.1769011551024322
1.1768525995409096
1.1768162386587442
1.1767903710626686
1.176875716914755
1.1767743944361166
1.1771884489933249
1.1770349166526604
1.1770859054617313
1.1771525006827288
1.1772870984792771
1.177130952629627
1.1769645236275728
1.1772294543543165
1.1775246398609762
1.1771470738350351
1.1771111436966852
1.1769653461828526
1.1769525773461722
1.1767530630681853
1.1767746115511775
1.1767928247921724
1.1767771261788433
1.1767083218325074
1.1768414473173272
1.1768543257991844
1.1770315367841084
1.1767187210356125
1.1769763498992367
1.1770361575882051
1.177343290094464
1.1767341979954813
1.1769215262500834
1.1768661029634335
1.1768049163812266
1.1768134336396523
1.1770451530296462
1.1770947648282128
1.176962089348863
1.1770193293009172
1.1770852976509976
1.1771206141488189
1.1767037711817183
1.1771036581621872
1.1770183557584029
1.1770622499518977
1.1763024899926848
1.1769896124735708
1.1776496842890927
1.1775291628668414
1.1770575720376391
1.1771154557888941
1.17690468751171
1.1767647866494588
1.1767437166927508
1.1767312060876742
1.1767800690534727
1.1768807648003219
1.1770373827557159
1.1769992305708528
1.176980809538237
1.1769808271267945
1.1770603766962697
1.1769671091694303
1.1769933843934275
1.1767690804779996
1.1772491617681147
1.1763953717234064
1.1769985094649895
1.1770274750030161
1.1769299859894375
1.176944227483967
1.1770346556535711
1.177106327469748
1.1776302857464527
1.1771675658846763
1.1771116639026624
1.1773119483154033
1.1779415786727983
1.1772880219770336
1.1773646620822618
1.1772924216411311
1.1769080715034854
1.1771678205802785
1.1769077831892822
1.176700419343627
1.1767015973375403
1.1767115984184999
1.176754384832984
1.1769043076652268
1.1770239020027247
1.1770616981296123
1.1770248483919488
1.1769540283909627
1.1770012863427957
1.176953389871827
1.1769551528124982
1.1766754004707221
1.1767933495953788
1.1768103916875856
1.1769106828646485
1.1769458667127586
1.1769843506012749
1.1769994990894768
1.1770197739884951
1.1769639486936465
1.1770547074201894
1.1770955054703716
1.1770799769908258
1.1774480266886125
1.1774946116213076
1.1775007485351845
1.1773586070623605
1.1769892426808861
1.1755383020157437
1.1781124266824896
1.1768686494570544
1.1766633262836788
1.1766139251478458
1.1767049887408887
1.1768283430580515
1.1766560678690341
1.1768556884173162
1.1771587117069973
1.1769438900323761
1.176872555478873
1.1770051105076276
1.176973648600083
1.1773513144304806
1.1762571031884721
1.1767271786661626
1.1767741182498754
1.1769098855873967
1.1767958362397988
1.1768036086893716
1.1769767530259707
1.1774676599986686
1.1764959497132852
1.1769715839270276
1.1770679303424121
1.1768676751879832
1.1777824078040053
1.177254737563393
1.1772769890131434
1.177302904203126
1.1771437178594299
1.1766464865922002
1.1768237937356851
1.1767629530595392
1.1766640637189072
1.1765423379007847
1.1769425751723068
1.1767512448085693
1.1765688690886218
1.1764730329788422
1.1774718485836968
1.1769562841704404
1.1768840191451697
1.1769173325872924
1.1770369858816088
1.1767521879776512
1.1766864189646968
1.1767587955429049
1.1770043917361419
1.1763673078046319
1.1768089888276458
1.1766348983175001
1.1767627201623065
1.1769335863381711
1.1769421177937411
1.1769021516709652
1.1767603817757273
1.1767984485159517
1.1763028863837768
1.1770070793290071
1.1770933849983438
1.1773335607937552
1.1772190691981672
1.1768757991080692
1.1767080275286017
1.176498556192459
1.1768155641316935
1.1766851489952235
1.1767742647215513
1.1767950187205594
1.1766826681175779
1.1768810330170394
1.1770393873395439
1.1769993137802557
1.1769645665504247
1.1769513233986271
1.1770357556449682
1.1769091430924896
1.1766314302583731
1.1766955153194938
1.1766067523296022
1.1767252913332382
1.1767558870240382
1.1766216554415689
1.1767635373772163
1.1768419226495976
1.1771717288260646
1.176938343925032
1.1768562345350047
1.1768059848202053
1.1769713209612371
1.1765966492983304
1.1777638248796756
1.1774347336736368
1.1771088108914243
1.1769755486847866
1.1768833860688688
1.1766778851387825
1.1766098167388268
1.1766064684098347
1.1765350942438999
1.175939198502344
1.1774753052864462
1.1762356049889904
1.1770421919494081
1.1769640040732188
1.1769658124313747
1.1769265523607533
1.1768898363032037
1.1766956398638102
1.1768905129192762
1.1763115967265361
1.1765812018497339
1.1767690421744907
1.1766505269987084
1.1766065380307555
1.1766472133205033
1.177507933281134
1.1766404980895284
1.1776563710376702
1.1769811213512658
1.1769024903928385
1.1769006407675107
1.1766501958993441
1.1769749790898745
1.1766438822274397
1.1767723992987369
1.1770771099740236
1.1769449274488988
1.1767386010490422
1.1766457570746189
1.1766920333398556
1.1764429406077193
1.1764876707623431
1.1768365001985754
1.1778164887438851
1.1770386821033469
1.1772028913285162
1.1771470142164755
1.1763675248456571
1.1769551311290756
1.1767972023574436
1.1766889509500318
1.1764613857740398
1.1765447193178045
1.1767131320085855
1.1765658028816151
1.1766153466886962
1.1767359000295621
1.1760694414679742
1.1773013113841992
1.1762221223186708
1.1769973843490529
1.1768207088177174
1.1765106387799162
1.1767235448493125
1.1765880401935955
1.1767830514764268
1.1766394537026714
1.1771490228652697
1.1768071181656887
1.1766209056164891
1.1766258343048845
1.1766779116333941
1.1765473437231055
1.1764556070078638
1.176416662735466
1.1774029745090169
1.1772359991174703
1.1771109813635487
1.1770790159295335
1.177774589773279
1.1768841634255964
1.1767463641216058
1.1765179862054305
1.1763239110718118
1.1764169427983215
1.1765837940073718
1.1765973717350087
1.1766781841256779
1.1767746968643171
1.176720075475719
1.1763969371939942
1.1769206232526626
1.1768823204760108
1.1767791368510787
1.1765717027407556
1.1763172710365755
1.1765426792578126
1.1766540349170971
1.1766148667061702
1.1759068715713701
1.1772095368069182
1.176495347214209
1.1763435251701213
1.1768310623666371
1.176910840784267
1.1761595757640368
1.1769427336032177
1.1774766997888546
1.1772611150845393
1.1770993581151832
1.1769629649095181
1.1768589311131181
1.1768304394331051
1.1765912846286639
1.1764446863852798
1.1767963358273814
1.1763096385215546
1.1765367988559656
1.1765936877254772
1.1766465733986438
1.1766951134354651
1.1767500457249824
1.1768256643366466
1.1769916046294027
1.1769331188917458
1.176811756303259
1.1766982070300271
1.1766319016882039
1.1765900180082702
1.1766239637002662
1.1769553649485598
1.1764184398141164
1.1764634721472349
1.1765721120401933
1.1766078876622088
1.1766551510057512
1.1767129587237239
1.1773888158667989
1.1768094570180301
1.1762809161855234
1.1781510484045135
1.1767693171577536
1.1766699757837282
1.1766733890494228
1.1767946839699168
1.176748058062745
1.176605388656131
1.1766428369239219
1.1768252964351129
1.1766074445581729
1.1766454028739923
1.1766292651692796
1.1774902943551313
1.1768397099796264
1.1764519792237702
1.1771860266636101
1.177483656052851
1.1772124526588827
1.1767352111755365
1.1775878445236403
1.1767520737764734
1.1766518448633094
1.1761105122286246
1.1764500625882501
1.1765280091261776
1.1766004430870494
1.176614012591884
1.1766040737199301
1.1766696842299094
1.1768632706908198
1.1768313783384412
1.176948736025347
1.1769426300409305
1.1766347080690882
1.1765786513832479
1.1765748875603432
1.1766695918393935
1.1765809756268983
1.1765710620602312
1.1755016669358895
1.1764613804205799
1.1766251453390277
1.1768030336449848
1.1759340061925669
1.1760582128491524
1.177648985680771
1.1767295695260429
1.1768665827738853
1.1765985087602449
1.1766576292910733
1.1775695697223789
1.1761777465256726
1.1769287449708024
1.1767026998804553
1.176806569893164
1.1765578383086186
1.1765696407313713
1.1766569813838192
1.1765971107970727
1.1765876216045272
1.1766438862729136
1.1759929618195228
1.1763082684185973
1.1772484750703083
1.1768121459194842
1.1766570566545245
1.1765209460760453
1.1766658905341141
1.176726202552743
1.1766870800629348
1.1767870212865301
1.177942174328138
1.1768276998410792
1.1767097156137856
1.1766443159083826
1.1766354351178951
1.1765545349741939
1.1764624072549648
1.1767774321068998
1.1769381554438121
1.1768377633983693
1.1768111958727492
1.17610001997172
1.1768126801367367
1.1774421874379088
1.1767219700274232
1.1763085227724266
1.176551871934707
1.1765925159272539
1.1766603847633983
1.1766054195347528
1.1765999106964258
1.1766911191110516
1.17741334092927
1.1767391378573264
1.1767604307953416
1.1767050731034383
1.1764930768423567
1.1765604088022135
1.1765897777764753
1.1767149264000174
1.176914865553631
1.1769157352914148
1.1768803224764288
1.1769886822160336
1.1767354279881119
1.1766284693857882
1.1766354208224199
1.1765541222464933
1.1773851832311131
1.1769048135467979
1.1770889384172467
1.1769216602452108
1.1768476945673825
1.1769006425342958
1.1768906253459077
1.1760907021231024
1.1768082668337831
1.1766788140850453
1.1766757914353314
1.1766345324003762
1.1766638910846645
1.1766234896562822
1.1767408131621104
1.1767374630270235
1.1767178114266339
1.1766855654140633
1.1766607099369255
1.1766064546499562
1.1761533755931737
1.1769924786045589
1.1766330006857915
1.1771823587346724
1.177078939804689
1.1771711107422336
1.1762362475165491
1.1769212182351165
1.1767570825065521
1.1767065731189448
1.1767325196326213
1.1766927891364669
1.1760375177195368
1.1768866331724583
1.1770762627325926
1.1770677877452913
1.1770140834940861
1.1770070700383466
1.1769723429865542
1.1768098575373251
1.1768431079209241
1.1768108089877236
1.1767886201053797
1.1767215731285086
1.1767372658034063
1.1766430933632468
1.1767924350171293
1.1768185185440601
1.1769338471533284
1.1769078837148501
1.1767622852485757
1.1766604930545326
1.1768975836469591
1.1775152683753396
1.1771976003478206
1.1764167863335591
1.1779015590392059
1.1771782230930516
1.1776446472757514
1.1767669155444762
1.1767306696229602
1.1768489452287809
1.1768207639316539
1.1769183893640061
1.1768536744883276
1.1766872635343324
1.1769344848814471
1.177056862481612
1.1778189331128326
1.1770481054220134
1.1770512139532303
1.1769894291885568
1.1769178717706035
1.1768720048494909
1.1768013370934318
1.1767818612814334
1.1769476968933179
1.1769660635304597
1.1774115493299102
1.1766389231318439
1.1770481269180759
1.1768102452754332
1.1771603603098144
1.1770525322301026
1.1763129527230869
1.178015540249584
1.1774770167062245
1.1763723878773615
1.1780719405957447
1.1772420127195353
1.1767962669236396
1.177023780423806
1.1769023004136643
1.1767753996448318
1.1767234770890265
1.1769881111678138
1.1768564637760857
1.1759024443777311
1.1776901977365093
1.1771077122473033
1.1762827399319946
1.1769974648356027
1.1771104144996627
1.177276875130939
1.1767686466504763
1.1768533211279479
1.176785665382267
1.1768125418645956
1.1774887221496417
1.1765121639046539
1.1769300194276897
1.1770148349443808
1.1771765920155703
1.1773667510930816
1.1771474540047686
1.1771223179028856
1.1770587545390934
1.1771073007981985
1.1778123964675618
1.177830337787503
1.1774381937275722
1.1770082503167385
1.1758014978914264
1.1779881976635853
1.1769649396452564
1.1767173306278111
1.1766773204784273
1.1767796599928124
1.1769643572518669
1.1766977609843996
1.1767890474544678
1.1772971720853147
1.1770802396468731
1.1770049322844283
1.1770809679790153
1.17702748300392
1.1770425827984188
1.1767442988704897
1.17681348762841
1.1767625646683308
1.1770267090586009
1.1770472112782517
1.1771512221891265
1.1768926101262807
1.1770483997715449
1.1770013046144874
1.17710554328655
1.1770987659594252
1.1770752848983621
1.1774473374606793
1.1774954917421161
1.1774985449778759
1.1773560147460134
1.1769874455796063
1.1755378041252005
1.17811153534969
1.1768685366487397
1.1766735605530203
1.1766372648130774
1.1767394055738347
1.1768441461079093
1.1766604241195755
1.1768586714919063
1.177159526991695
1.1770242394442487
1.1769613187404857
1.1770115112799631
1.1769463593945237
1.176949977791176
1.1766746884910244
1.1767929637341272
1.1768105235480266
1.1769109228244754
1.1769452984909545
1.1769838501481971
1.1770003534053339
1.1770235272073655
1.1769695752246494
1.1770588830172195
1.1770943796870006
1.176868273024958
1.177784772104262
1.1772562720762558
1.1772793035230114
1.1773034117955283
1.1771417079055588
1.1766450631824166
1.1768236346671603
1.1767642034755543
1.1766648296232245
1.1765198337803497
1.1769016414405613
1.1767274471284872
1.1765644451299069
1.17647278081804
1.177467769256215
1.1769387276600218
1.1768709178929095
1.1770062771041392
1.1769730771256461
1.1773509378425522
1.1762562868582944
1.1767264735657761
1.176774154666365
1.1769102186132239
1.176795961405426
1.1768041420179844
1.176980343049713
1.1774751941960371
1.176503288080873
1.1769789734335747
1.1770708613960166
1.1768016797824297
1.1763059150167943
1.1770091837131991
1.1771027589210428
1.1773397537840933
1.1772175840011954
1.1768721012647569
1.176708151119638
1.1765000485448665
1.1768158007641352
1.1766726940196806
1.1767496453149902
1.1767785711505419
1.1766761409808841
1.1768799625550244
1.1770386897113589
1.1769607349231208
1.1768845745755854
1.1769163660708082
1.1770365430019141
1.1767517232117974
1.1766855877657068
1.1767582457141796
1.1770044144848011
1.1763675171449606
1.1768076077899114
1.1766287983927377
1.1767542907720399
1.1769371275335676
1.1769496926338459
1.1769085698421413
1.1767643992946231
1.1768080415899471
1.1769713676121458
1.1765974355463058
1.1777728330511328
1.1774338809364904
1.1771050055987462
1.1769667948441294
1.1768814965031382
1.1766789023969906
1.1766107462549871
1.176605120950406
1.1765332679192988
1.1759337576263555
1.177472678074623
1.1762323642078678
1.1770392340911804
1.1769989941166616
1.1769632811960653
1.1769500826070747
1.177035210143635
1.1769086433338778
1.1766307343864826
1.176695295688212
1.1766067464990531
1.176724855660757
1.1767535945391261
1.1766136836160661
1.1767526898587719
1.1768378959168826
1.17717144283833
1.1769387690949586
1.1768573830877067
1.1769032151336571
1.1769001794921525
1.1766486537343188
1.1769812879385695
1.1766457812275788
1.1767680034636272
1.1770728112155096
1.1769440257657118
1.1767380468978148
1.1766451034278824
1.1766913570250401
1.1764415822627508
1.17648654692903
1.1768347411903564
1.1778142143602899
1.1770360740504111
1.1769617917720017
1.1769640134946502
1.1769246685723607
1.1768861728943969
1.176694011781573
1.1768897844453541
1.176311503902429
1.1765807153147687
1.1767680403287599
1.1766500706454259
1.1766130931316094
1.1766624848612364
1.177510523739107
1.1766369284314104
1.177653237302464
1.1769800898018856
1.1768216347793075
1.1765107513224573
1.176722953290066
1.1765883962166348
1.176782974200038
1.1766383182722935
1.1771484500276967
1.176806985971719
1.1766196009167558
1.1766239050496592
1.1766755550147121
1.1765450449040002
1.1764547501525273
1.1764149516753077
1.1774019717194302
1.1772353168205527
1.1772020296958983
1.1771448551812409
1.1763609094684684
1.1769410855885976
1.1767912954556534
1.1766880986859309
1.1764604897915192
1.1765429463099126
1.176711822990463
1.1765648375289455
1.1766199070251182
1.1767466156191615
1.176068323135125
1.177296545548256
1.1762193021003515
1.1769964925912524
1.1767798911685141
1.1765724440301613
1.1763174279191992
1.1765427695032573
1.1766542939418696
1.176615367925651
1.1759079229564118
1.1772100259984146
1.1764945985693667
1.1763411898115952
1.1768278062820485
1.1769074596818989
1.1761538928752333
1.1769446494625881
1.177476498182993
1.1772612045856488
1.1771108261544416
1.1770755112251887
1.1777612050868889
1.1768666025463301
1.1767385435654143
1.1765178953672311
1.1763223281799029
1.1764139487514336
1.1765815971162927
1.1765962725425183
1.1766777061589548
1.1767752056139129
1.1767178520554729
1.1763967398737998
1.1769200532958157
1.1768823092851
1.1768134999411888
1.1766993257477187
1.1766328217578677
1.1765909538662642
1.1766251696962515
1.176957078514423
1.1764202436405666
1.1764645598864287
1.1765720115910121
1.1766062371713397
1.1766506049444732
1.1766970057159061
1.1773385634992113
1.1768452642762335
1.1762962688332388
1.1781511770915412
1.1770988066025696
1.1769616821826534
1.1768697199239178
1.1768530629252336
1.1766064524230655
1.1764480072563877
1.176794188798987
1.1763048917271752
1.1765335528978684
1.1765935207417906
1.1766463394968947
1.1766946510034746
1.176755589614543
1.1768711729265358
1.1769570747722269
1.1769260746443018
1.1772136248967642
1.1767376819982083
1.1775880219825701
1.1767530915561748
1.176653832707373
1.1761128927080278
1.1764524457743246
1.1765297935962034
1.1766007422431939
1.1766129197103132
1.1765975674534934
1.1766222752043898
1.1766582264562775
1.1770294410790261
1.1769912491124102
1.1769462860076378
1.1767682068929575
1.1766711775351058
1.1766819470651908
1.1768141056033743
1.1767625443013705
1.1766083359087056
1.1766393407237301
1.176818183106936
1.1766013732496718
1.1766452024778524
1.1766280348139471
1.177496664545377
1.1768813438307326
1.1767558145456471
1.1768643766549203
1.1774403093620907
1.1766582533848675
1.1775673674027296
1.1761761717753099
1.1769290193467337
1.1767043603021086
1.1768087425032752
1.1765601444957861
1.1765713886235107
1.1766573057922576
1.1765961598327084
1.1765843420589859
1.1766292517139245
1.175955742202232
1.1763479019733665
1.1772610372726482
1.1768142817408607
1.1766356604488049
1.1765790576961968
1.1765757543809994
1.1766701193957394
1.176576995912513
1.1765708079039954
1.1754958237227677
1.1764552900690739
1.1766214893902247
1.1768037747651605
1.1759347217104439
1.1760602046133422
1.1776583823692346
1.1767669318750154
1.1768306813186082
1.1765895707723566
1.1768122060982871
1.1761003483826991
1.1768118977371533
1.1774417423562737
1.1767222573430582
1.1763096621888258
1.176553161842232
1.1765933702626086
1.1766607688749011
1.1766054860478614
1.176599688806572
1.1766913053073873
1.1774139240135213
1.1767430027874408
1.1767598865366105
1.1767044741868458
1.1766580529016955
1.1765223964883269
1.1766616617706718
1.1767081016978596
1.1766414351812031
1.176773825547609
1.1779350276364473
1.1768237627981768
1.1767087055051393
1.1766457052230286
1.1766370448613284
1.1765554429651577
1.1764626714428175
1.1767801073848134
1.1769394614594157
1.1768402139235254
1.176847007682424
1.1768988025889204
1.1768891489488604
1.1760894501247472
1.1768069644983896
1.1766775405675847
1.1766748246313381
1.1766339239310113
1.1766638550909847
1.1766240303292634
1.1767414439407455
1.1767382305112803
1.1767181277710264
1.176684915193021
1.1766643277492372
1.1766065343495162
1.1764935313197795
1.1765614599352545
1.1765850769850585
1.176690249060945
1.1768548610471972
1.1768974962769787
1.1768756361751591
1.1769869183293644
1.1767358351373995
1.1766307080102714
1.1766384021319067
1.1765545448308969
1.1773847209418915
1.1769036982096133
1.1770907952662595
1.1769232184140952
1.1770122451448632
1.1770056871551495
1.1769711850756037
1.1768079962147346
1.1768411211799199
1.1768085775132517
1.1767868305801745
1.1767203589937443
1.1767368661497442
1.1766439837685743
1.1767931693143177
1.1768189458696483
1.1769336577845724
1.1769120608594044
1.1767779968991141
1.1766654910918384
1.1761554428035621
1.1769941566767836
1.17663758422095
1.1772082743202326
1.1771536228561139
1.177193452636774
1.1762388054531767
1.1769204175529844
1.1767577346331881
1.17670817020907
1.1767343850296923
1.1766933931836328
1.1760373025431468
1.1768852063336439
1.1770740346389779
1.1770639208078468
1.1778174993025672
1.1770461060341741
1.1770485450088175
1.1769893521802797
1.176916780949516
1.1768705863293265
1.1768001741677787
1.1767809642299181
1.1769467821663389
1.176965154016224
1.1774122414542771
1.1766402687268884
1.1770488920003337
1.1768087066809796
1.1771518701720292
1.177050125620176
1.1769012377199168
1.177518183101838
1.1772017010413487
1.1764318448881255
1.1779379425493364
1.1771922946684665
1.1776443963932925
1.1767659232408842
1.1767309162443484
1.1768503526213847
1.1768224968414349
1.1769180429468462
1.1768527923219421
1.1766863032512345
1.1769318488270295
1.1770546493754859
1.176280454149685
1.1769902928117595
1.1770983576397591
1.1772870514997757
1.1767731737789744
1.1768534237172232
1.1767850778845512
1.1768119872781899
1.1774886355121961
1.1765129332855788
1.1769312596353929
1.1770171287589497
1.1771785070702463
1.1773671259211955
1.1771452768454298
1.1771248825053902
1.1763184253525059
1.1780192539266423
1.1774793439187639
1.17637498881933
1.1780752306375144
1.1772442175229783
1.1767956955121346
1.1770234203058745
1.1769025398409942
1.1767758456273656
1.1767201467892854
1.1769831131198394
1.1768522372905972
1.175900080922232
1.1776879112566807
1.1771062979804212
1.1770766362350567
1.176988962989642
1.1770531096943655
1.177054092308577
1.1770574748831579
1.1767455796408954
1.1768133971830232
1.17676218061522
1.1770267002392802
1.177048098477939
1.1771533059981445
1.1768947169559403
1.1770487696209238
1.1770002551393086
1.1771052701468683
1.1771022754958642
1.1770650676631005
1.1771117755849041
1.1778138684721315
1.1778323998559042
1.1774388914580671
1.1770087537273295
1.1758013713463551
1.17798875570439
1.1769661519555499
1.1767095868346311
1.1766582254992088
1.1767483024042353
1.1769466921702429
1.1766934100933644
1.1767859112638577
1.1772952459916555
1.1771043900390459
1.1769755235286403
1.1770053013785298
1.1768468709122715
1.1768823210304389
1.1768473805620183
1.1769151428079665
1.1766958532479066
1.1767368289453684
1.1769274080437007
1.177033697011626
1.1771341201026584
1.1768823763087963
1.1769976826368396
1.1778134880069928
1.1770560636874015
1.1770033779368665
1.1767521937431464
1.1784518752176596
1.1777312100119601
1.1773739913658734
1.1769637509620592
1.1766857970932063
1.1768558710752448
1.1763928919652633
1.1758046467931751
1.1778583412963024
1.1762787109359683
1.1771293576227821
1.1766342218190191
1.1767665380469658
1.1772441424916049
1.1765378009279877
1.1766016884339756
1.1768548065144302
1.1769483023798255
1.1769402093130514
1.1767240635040714
1.1767109662928088
1.1767420741827448
1.1768221357245812
1.1768679845821106
1.1769413986491588
1.1770207804812438
1.1769886350185064
1.1768995930782904
1.1762683200864004
1.1769908186397067
1.1767090662251345
1.1770444658488863
1.1778667260302629
1.1775833345039499
1.1773103561453158
1.1769915700850295
1.1766629566344164
1.1767767523399477
1.1766104703898723
1.1766766433203502
1.1767481053104916
1.1766678767155581
1.1768293087026509
1.1763459777863201
1.1761913920616318
1.1774786185290314
1.1775580497208091
1.1772269326903761
1.1768547283660973
1.1768837826174174
1.1769688645810317
1.176803970255244
1.1765409848513797
1.1766415124924199
1.1768384670410761
1.1768278511872292
1.1767168189582355
1.176863169432756
1.1769865487916122
1.1768451285298096
1.1769012982366402
1.1776261261552914
1.1768636592848907
1.1771249932123158
1.1773314455894772
1.1772953927852365
1.1772447408487636
1.1771037360841574
1.1766750290479893
1.1767485100083939
1.1766375797464299
1.1767136222706349
1.1767466587931725
1.1767654697769649
1.1767328936994865
1.1765649531441305
1.1769558758436152
1.1776814619557818
1.1769888405900162
1.1770207921438764
1.177006668701746
1.1769461323960768
1.1768779818205046
1.1767776466043487
1.1769947030510488
1.1763686410460421
1.1767553347800663
1.1772280039449645
1.1761606003975891
1.1767106573398276
1.1768612804876339
1.1769357949743231
1.1769031564091308
1.1760994853499862
1.1767129508881005
1.1770733078586244
1.1772998614756707
1.1771877086629934
1.1771160982559139
1.1770728591495003
1.1769739832715036
1.176855701725771
1.1766403394235989
1.1761418094439933
1.1770828633329116
1.1764678516275415
1.1767049387389061
1.1767569815148977
1.1769645325549971
1.1771093200116172
1.1771075756466853
1.1770479757647714
1.1770013797569896
1.1768799695893031
1.1768375581906427
1.1766757970139197
1.1765618806946621
1.1764813748449572
1.1766739941679207
1.1767300163164256
1.1765619871610595
1.1766421766125326
1.1775076763590804
1.1775698429261372
1.1768726840504067
1.1767372526292734
1.176601618414475
1.1767584503342354
1.1769521433222769
1.1768644964522916
1.1768743481043817
1.1768387889711913
1.1778974190977847
1.1768993636291305
1.1766258561436711
1.1765590912904429
1.176652297206102
1.1766194688347604
1.1765007962164973
1.1766185054031131
1.1770376784692833
1.1770715212856457
1.1774176949028416
1.1773152297921843
1.1771836180594466
1.1770186768462243
1.1775192432740234
1.1758180228958071
1.176416383797652
1.1763766287630295
1.1765644376393476
1.1765696546718813
1.1765732862250247
1.1767701448313086
1.1760042447203505
1.1761320997438003
1.1768737129090163
1.1768197359725006
1.1766900582577668
1.1765482688602367
1.1760769321645574
1.1767924290744745
1.1769391509983085
1.1760727790991727
1.1768264679443048
1.1759150302563546
1.1771691990321838
1.1766786935809379
1.1766762546656853
1.1767124384096408
1.1767582883753522
1.1773433792845169
1.1773735807762851
1.1774386644820778
1.1773167006270382
1.1772254223874914
1.1770972930004759
1.1769008477456788
1.1766956538921403
1.1764557622355405
1.1764247029087516
1.1764044616591658
1.1765077470078684
1.1765302105465829
1.1764016614744428
1.1772760299536222
1.1767503918869986
1.1767300242537566
1.1767997350163872
1.1767956748543829
1.1767155258130253
1.1765512872249269
1.1760443345448066
1.1773154359872917
1.1767862373598303
1.1766050609553473
1.1764965667769158
1.1763994099700925
1.175994353709704
1.1765526713305783
1.1764071003423036
1.1770239908999289
1.1768534505915087
1.1770569217994413
1.1772895476589644
1.1773966184147511
1.1769999398482702
1.1769186920483548
1.1769753801462723
1.1769403635652314
1.176697056830984
1.1764688921935589
1.1765364112906391
1.1765111768743299
1.1765207923805434
1.1765653286313746
1.1770248244322332
1.1769001829000378
1.1767060787918726
1.1767426094161544
1.1768766937798052
1.1768697903051319
1.1768041279818631
1.176749401340236
1.1766630667515265
1.1769804758760991
1.1766401260119377
1.1765558855940517
1.1764357791223925
1.1764747472364552
1.1769277018608777
1.1766070931583841
1.1766197884428047
1.176708354468982
1.1767864241149
1.1769516872106693
1.1771008199768942
1.1771598554462184
1.1765420885825977
1.1765062111746867
1.1766798529895668
1.1767553592796578
1.176639540362501
1.1767578712592999
1.176504540692056
1.1765673015482299
1.1765295286316853
1.1765405199366572
1.1761389211470212
1.1761975943826855
1.1768489496965238
1.1770558985767752
1.1771357831733338
1.1772774819541953
1.1771825207341486
1.1769512340188411
1.1768101958970059
1.1762372660341793
1.1768475877490623
1.1765566340157709
1.1764858947574819
1.1765331453038523
1.1765277958095217
1.1766139048903244
1.1766002257920822
1.1766400840419495
1.1767355936353239
1.1768888315038566
1.1768739644578841
1.1766188459790323
1.1764107655522469
1.1767122132405237
1.1766149461303193
1.1765144118586461
1.1761997715307799
1.1768808827481312
1.1767666606041196
1.1767048371023794
1.1766042962832788
1.1765393529744479
1.1765082446776784
1.1766061899409928
1.1765866219888608
1.1769522733990081
1.1771101582077719
1.1778016553945037
1.1775023342146143
1.1771539634841521
1.1770626201793184
1.176694637625407
1.1763466565427005
1.1765576751550002
1.1765291440403927
1.1765866999691781
1.1766988768943465
1.1766009562752469
1.1765658198930922
1.1765834823170889
1.1766016951827878
1.1767086543093814
1.176818519272087
1.1768845225126483
1.1772169370067906
1.1767055581833681
1.176651241860055
1.1765417396415649
1.1764104842083978
1.1769159770182016
1.1765508981621906
1.1768134742511103
1.1759637099097893
1.1772747006931268
1.1765427189187811
1.1756992352104114
1.1774123553505857
1.1768225717294138
1.1769024076806149
1.1769501072558559
1.1768353879265192
1.1768260115702047
1.1766383978404706
1.1767887534913342
1.1768347097661673
1.1764749436185589
1.176523329167398
1.1765935746045699
1.1766932597950863
1.1766012657010274
1.1765622657517507
1.1765728691964665
1.1763120105581333
1.1766189702252829
1.1767366596282329
1.1769523318269157
1.176640323802284
1.1765824568147152
1.1764839335315931
1.1765049121153714
1.1766977924277637
1.1769366517687161
1.1774165537204242
1.1769594168652886
1.1766911646695044
1.1765748425654392
1.1765987376245854
1.1765603986566102
1.1759196403786305
1.1777260553193998
1.1769971115548101
1.176271667802359
1.1764918721977997
1.176728461462581
1.1768261181172952
1.1768151192543868
1.1768205157403557
1.1767126702442998
1.1766108184626789
1.1765757443426723
1.17664064437046
1.1765493872985964
1.1766025742063153
1.1766820230159996
1.1768741035685781
1.1766529386951974
1.1766387237115743
1.1766308699883179
1.1764593506580261
1.1767215055481279
1.176222804111122
1.1766511683664889
1.1778695001123645
1.1772078609404433
1.1770227564300473
1.1768817071433078
1.1766799345817383
1.1766501559683062
1.1767187324047959
1.1767457955373704
1.1767763970646248
1.1769985357014965
1.1770311424597963
1.1769807905293745
1.1768927840427457
1.1769545415402545
1.1769970372141965
1.1769079423743334
1.1768595450772339
1.1767950866583341
1.176781645913487
1.1766656177302364
1.1767198938301746
1.1765833662789817
1.1767749261701979
1.1768976461681382
1.1767545211750439
1.1768213920820216
1.1767636628063285
1.1765742070764831
1.1764340685642085
1.1770764965512817
1.1774837421356725
1.1772261485338473
1.177257488614385
1.1771444518501537
1.1767665598246995
1.1764452899233988
1.1772911438877203
1.1766700665149339
1.1767631138825188
1.1771090980902479
1.1768415696299341
1.1762496043148232
1.1767953025204558
1.1773438613068823
1.17713718515453
1.1770490202660371
1.1770506260738263
1.1770019634823989
1.1769735580589042
1.1783511416209882
1.1753275271848258
1.1767479156325364
1.1769420969115081
1.1768861410520106
1.1768739321202151
1.1770336193714583
1.1771082129140811
1.1770393313414536
1.177036962352991
1.1768913349107357
1.1770101365688845
1.1773365147032433
1.1781491218547437
1.1776933563012757
1.1772932798291595
1.1770851776843441
1.1768838379193518
1.1769721687608881
1.17686834958291
1.1767793290694353
1.1767772250328981
1.1767422709305149
1.1769449131764085
1.1765346553811293
1.1761306721744267
1.1780392439848055
1.1771395119654924
1.177054313716386
1.1770683953433749
1.1769990804577428
1.1770072235446367
1.1769964847934695
1.1768853517659372
1.1766525571650721
1.1769594239515191
1.1770257149595591
1.17686249977017
1.177109065823674
1.1771391280317938
1.1771441175448905
1.177130436349541
1.1771277943921894
1.177028708597305
1.1774130436869066
1.1778089889681238
1.1777703654713212
1.1774823460163373
1.1770485211623856
1.1767518978478027
1.176963098640933
1.1762528588147871
1.1772347744261471
1.1767187789021203
1.1758348888180907
1.1777170795545751
1.1767255547781552
1.1765824376772247
1.1775570354028226
1.1772274120521549
1.1771581130399706
1.1771743895168352
1.1767850591202085
1.1769288034161938
1.1770326210005699
1.1773094853467576
1.1762461362747365
1.1767905885402969
1.1770079689723574
1.1770255103815981
1.1773247541790726
1.1767043269273831
1.1769879569591699
1.1770758293681656
1.1770733842171512
1.1769930994804949
1.1767548291400713
1.1784608584450129
1.177736112804918
1.1773708475837135
1.1769605772206531
1.1766851325814554
1.1768556843913993
1.1763929704013212
1.1758068332898359
1.1778696285562265
1.1762959673691777
1.1771380012715655
1.176638262026678
1.176769328394784
1.1772407887524203
1.1770974210016307
1.1769903076849875
1.1770279919217173
1.1768172302590572
1.1768734082609664
1.1768497399860047
1.176916672348953
1.1766957070045192
1.1767365349340806
1.1769268416164884
1.177033716485165
1.1771357381252305
1.1768837457246035
1.1769990516895517
1.1778107764465708
1.1770482312993757
1.1767011075040581
1.1770481251353007
1.1778782212249534
1.1775914372034164
1.1773098792407104
1.176989153300547
1.176662030416983
1.1767768387984243
1.1766115194569498
1.1766760866143688
1.1767393533838972
1.1766505510414385
1.1768175776333727
1.176345285502407
1.176189596940086
1.1774697369914522
1.1765266763180251
1.1765983018434587
1.1768542807470401
1.1769455534131561
1.1769415190283907
1.176724606186776
1.1767104187057336
1.176741750689609
1.1768219871598262
1.1768675097804833
1.1769419339628089
1.1770235627371104
1.1769878975100061
1.1768959130624552
1.1762655074892221
1.176984387100666
1.1768607873420143
1.1771261289209525
1.177335407803334
1.1773058442614297
1.1772541127472391
1.1771059822385006
1.1766734696290686
1.1767486650503487
1.1766392248218964
1.1767134420315595
1.1767407796242437
1.1767554152251816
1.1767266287619391
1.1765638502243909
1.1769546699629283
1.1776857846230506
1.177572871309795
1.1772345503288462
1.1768548733675885
1.1768824790480097
1.1769686095113607
1.1768029390518286
1.1765404784507463
1.1766416561980044
1.1768384670099779
1.1768227445514976
1.176701911643838
1.1768387397346947
1.1769877962242807
1.1768622366276751
1.1769103043626956
1.1776278802965416
1.1767122875068055
1.1770691361932411
1.1772966201749564
1.177195712179512
1.1771256862130104
1.1770727915755084
1.1769721002988001
1.1768552900125937
1.1766414837058916
1.1761430177183092
1.1770831636321955
1.1764677609883141
1.1767045128632323
1.1767577321460279
1.1769579270923811
1.1771114687474029
1.1769990318439647
1.1770235930230886
1.1770047084504081
1.1769441760457231
1.1768758267442636
1.176776016088082
1.1769954023275875
1.1763692471002287
1.1767542046904989
1.1772208587380493
1.1761425969721029
1.1766736369336481
1.1768521473187843
1.1769429194794641
1.1769070027531836
1.1761001534428275
1.1766020162267268
1.1767556241435939
1.1769472776090477
1.1768659530837144
1.1768766810019631
1.1768361717011642
1.1778951702657785
1.1768988696800864
1.1766259838974735
1.1765588020045141
1.1766517284031155
1.1766187198012883
1.1765000612911345
1.1766180606873005
1.1770363969497157
1.1770699705732983
1.1771069698661303
1.177046552950058
1.1769991052833653
1.1768773286782708
1.1768343041124305
1.1766738777198973
1.1765627913498342
1.176481414850457
1.1766731982560443
1.1767308583202256
1.1765748393807314
1.1766741066474582
1.1775194443661705
1.1775684663745929
1.1768692925868995
1.1767359398706807
1.1766913003001294
1.1765482797911162
1.1760753199320129
1.1767905145449686
1.1769347510857411
1.17606797624908
1.1768242158036435
1.175915082359261
1.1771686213174892
1.1766771016992856
1.1766739321467645
1.1767103373296322
1.1767570354938754
1.1773420833919566
1.177373236891357
1.1774380019273307
1.1774165885117902
1.1773142118840429
1.177181566707129
1.1770158135741293
1.1775190075492301
1.1758183236632773
1.1764144673809471
1.1763729078698213
1.1765613897743172
1.1765695339355982
1.1765838978887355
1.1767951490073398
1.1760113736844011
1.1761276435376122
1.1768704556805416
1.1768192771787056
1.1767166947439081
1.1765528938756387
1.1760446677996368
1.1773142609751728
1.1767837670839123
1.1766031993789756
1.1764969783347454
1.1764001142234295
1.1759939672805149
1.1765505647461763
1.1764036797795314
1.177020334853299
1.1768507218916961
1.1770554404418558
1.1772893187796329
1.1773966070920945
1.1773165330939175
1.1772251107616207
1.1770957381440035
1.1768984593112817
1.1767003205053213
1.1764593123059304
1.1764217923755012
1.1763982380691291
1.1765025365180426
1.1765292434046526
1.176403666788931
1.1772827874793756
1.1767508188195241
1.1767284879049291
1.1767985682339557
1.1767958373294358
1.1768057654672073
1.176752313282158
1.1766652852639412
1.1769813063030794
1.1766413196811256
1.1765571505826651
1.1764375097598208
1.1764760138917909
1.1769277299863647
1.1766043804124742
1.1766142520648202
1.1766994455079738
1.1767697540009676
1.1769622307977063
1.1771038129282951
1.1771607573602387
1.1770003248533696
1.1769186342764286
1.1769771804932758
1.176944175719248
1.1767050674835722
1.1764723923657392
1.1765320129392567
1.1765035725509301
1.1765152019575082
1.1765621259254855
1.1770250983380206
1.1769017809672693
1.1767075919620031
1.1767514304831015
1.1768743817566527
1.1768706519124721
1.1771826357570845
1.1769475402638996
1.1768090980784878
1.1762380811112036
1.1768500487121805
1.1765595529376498
1.1764886758915496
1.1765350590820907
1.1765282123418213
1.1766103586464303
1.1765930306756871
1.1766225783070261
1.1766931558441875
1.1769220078846436
1.1768837782287993
1.1766196213391196
1.1765428582209034
1.1765063686143087
1.1766825279015378
1.1767629858751523
1.1766485389010464
1.1767618465107281
1.176497835194769
1.1765578535234549
1.1765281339883547
1.1765342511818144
1.1761366178104165
1.1761960303998322
1.1768600607574404
1.1770977358681087
1.1771141419686271
1.1772722687095989
1.1774999559994821
1.1771455836906699
1.1770570932627797
1.1766950146979176
1.1763489809957948
1.1765603156185054
1.176531827929951
1.1765885583655551
1.1766992917974652
1.1765986823086227
1.1765607113183751
1.1765757542511293
1.1765866169282906
1.1767154020728001
1.1768206653204905
1.1768857824840082
1.1764117255528552
1.1767123257108858
1.1766158611819826
1.1765183555653513
1.1762041109794732
1.1768824117153043
1.1767592728429797
1.1766910492978175
1.1765955595838324
1.1765375394860358
1.1765086155238291
1.1766072090676161
1.1765885038859214
1.1769582088221564
1.1771061729979095
1.1778033093724909
1.1768438105971173
1.1768308799342659
1.176638920020721
1.1767886800126424
1.1768350092479367
1.1764763901296211
1.1765251445049127
1.1765947704660398
1.1766940853413945
1.1766026284920754
1.176563757745601
1.1765740335219053
1.1763139978086432
1.1766176061213065
1.1767364002507348
1.1769529438352004
1.1772177924164626
1.1767061195792685
1.1766501645110838
1.1765361847875879
1.1764019125052294
1.1769126810290198
1.1765455212681675
1.1768086483717219
1.1759603250062147
1.177275011765075
1.176543960743569
1.1757008060248308
1.1774129872865342
1.1768229339279623
1.1769111577589444
1.1769677199101993
1.1765012400336166
1.1767317011065854
1.1768266169898862
1.1768135191013065
1.1768189794298931
1.1767116797863886
1.1766103367002394
1.1765762142424703
1.1766424494209318
1.1765552545112108
1.1766078906946424
1.1766875707711273
1.1768776457357588
1.1766546156034292
1.1766392341910292
1.1766312164137831
1.1766409717746802
1.1765831262450228
1.1764824401473473
1.1764962701775323
1.1766767962511175
1.1769286735654252
1.1774149868219923
1.1769580956163916
1.1766909896823061
1.1765769294021289
1.1766017760869751
1.1765627706067858
1.1759201841321705
1.1777269040084251
1.1770049358420047
1.1762992526507872
1.1768783210958345
1.176952689443276
1.1769959935213941
1.1769045840365893
1.1768561403412821
1.1767930345752342
1.1767800581014503
1.1766651089560549
1.1767220159917211
1.1765901575564686
1.176779109477684
1.176901783555782
1.1767569221088849
1.1768224806064742
1.1767670588413168
1.1765752365863495
1.1764604759523751
1.1767222516631086
1.1762241628064516
1.1766585547106536
1.177894871132698
1.1772205484113731
1.177024190069601
1.1768811284739498
1.176680832491646
1.1766519008018013
1.1767209547030957
1.1767481691549091
1.1767781404668614
1.1769948240688519
1.1770180371322769
1.1769499889164221
1.1771296743949671
1.1770424996143236
1.1770437373912828
1.1770048654894445
1.1769749510988878
1.1783493070362012
1.1753263537605696
1.1767466552304668
1.1769393876039556
1.1768845627578628
1.176874125528883
1.1770357169633372
1.1771097597697844
1.1770402130204343
1.1770379514242095
1.1768934763953907
1.1764361980848477
1.1770777280972846
1.1774844783033209
1.1772304729353662
1.1772677555405706
1.1771502471629978
1.1767660201766414
1.1764450095062149
1.1772916070970603
1.176670914447675
1.1767641328165646
1.177110113881054
1.1768424383621534
1.1762493526637403
1.1767880483726041
1.1773255668263112
1.1771377725897665
1.1770357984081548
1.1770436164737121
1.177022446320712
1.1770205514996301
1.1769981905262148
1.1768842322844153
1.1766517273228048
1.1769579328195898
1.1770227648718299
1.1768624146700288
1.1771110868986339
1.1771402655713172
1.1771442669260153
1.1771308200403325
1.1771307798251569
1.1770145111637977
1.1773378188284207
1.1781478251469293
1.1776927289207084
1.1772958293687732
1.1770855741485462
1.1768833340702145
1.1769719118520532
1.1768684159669107
1.176779589710454
1.1767764261185172
1.1767398284969177
1.1769427968121839
1.1765330511678247
1.1761265876582747
1.1780360899907873
1.1772239603285486
1.177119690505551
1.1771041034871665
1.1768626806991296
1.1769614171345961
1.1770344494300828
1.17730760002891
1.1762458320030018
1.1767904171699965
1.1770080733523609
1.1770270412494486
1.1773259824179805
1.176703510922096
1.1769855121793475
1.1770754768664604
1.1770777054451873
1.1770363015590284
1.1774126297738721
1.1778043955505222
1.1777676046780627
1.1774837870863433
1.1770502256479685
1.1767521049275784
1.1769630570647311
1.1762528151821421
1.177233315070582
1.1767110015411439
1.1758189054749111
1.1777073574164911
1.1767220876443636
1.1765801279866768
1.1775575279958688
1.1771592008150971
1.1778979557362317
1.1766843671872915
1.1771353398627664
1.1760281253325229
1.177822308895033
1.1766098065996562
1.1762606711410502
1.1765397527350319
1.1768772364121165
1.177033932808663
1.177124579701766
1.1769428989287418
1.1774686614052032
1.177113716274754
1.1770532240616971
1.1769992065931105
1.1773209280281804
1.177491421205334
1.1780573786319408
1.177267975540532
1.1767534335036214
1.1769956180709462
1.1762205624981623
1.1762746765247096
1.1775289683994361
1.1769498438860975
1.1765193006022168
1.1769233305289499
1.1766651087260742
1.1767513843472501
1.1771225768601015
1.1770302932396666
1.1771332629433817
1.1765612949627107
1.1768271514531432
1.1768664214117344
1.1768346578735649
1.1775829116354339
1.1761924073621135
1.1764658241601842
1.1768692888282501
1.1769805021971158
1.177057380103198
1.1769341292940614
1.1765153243130395
1.1770177295291018
1.1769961443540431
1.176871966921252
1.1769193700109062
1.1779120654779431
1.1776917353308485
1.1772762718935061
1.1769131045571797
1.1767088387810209
1.1767554048963687
1.1764394658736199
1.1761167123431822
1.1774863448309993
1.1765067354099468
1.1770499392112366
1.1766606487310391
1.1767353408244536
1.1768921708621849
1.1770905928379873
1.1771239623914398
1.176819603268928
1.1768306825724857
1.1768476150795
1.1767764923987682
1.176770254216488
1.1767302571650635
1.1767751459902378
1.176881232705796
1.1767852178583864
1.1769133447208093
1.1771825188937028
1.1765921709387779
1.1776538015597267
1.1769830932086771
1.1769476944445685
1.1763302221841769
1.1780908629132762
1.1773326892338456
1.1772331600871944
1.1770509423546156
1.1764963241001993
1.1769912553210149
1.1767964206856174
1.1766639545342406
1.1767909300862098
1.1766563699601911
1.1768057212067142
1.1766631415817568
1.1769231856250104
1.1774277889481521
1.1765768293925665
1.1769816994834308
1.1770600018988597
1.1776460568363942
1.176098673865406
1.1767649184861342
1.1769254323236809
1.1770618492147915
1.1763101101657307
1.1768709444714687
1.1767473783140834
1.1769207667075348
1.1769233980101168
1.1770343196141413
1.1761732666821667
1.1777931417607457
1.1777820473707401
1.1770612586141609
1.1770963735777749
1.1770921889411328
1.1770438334376099
1.1770989478197325
1.1771149670298964
1.1769233958870031
1.1759477659113544
1.1772738204078184
1.1767220509227097
1.1765746454464148
1.1767105587885331
1.1767204308420565
1.1766178176246991
1.1773449956633908
1.1776601400610422
1.1764251435704181
1.1770417092665413
1.1766816385671546
1.1761004463864109
1.1765536247930453
1.1765832605664586
1.1764365820490652
1.176456363752707
1.1767793914903002
1.1767788242261015
1.1767203307796872
1.1767689073409888
1.1766397579260934
1.1767249676635401
1.1756982835687757
1.1755557827590917
1.1766542287042365
1.1767938202456178
1.1768626019872797
1.1763717105758522
1.1774277723980844
1.1767160295768557
1.1768182957079585
1.1766171066863411
1.1764997683422891
1.1765969983148765
1.1764425757665029
1.1764985800888135
1.1767876626147862
1.1769235403761371
1.1771696497988364
1.1775447316133547
1.1781159813902771
1.1772418303517127
1.1773534875522873
1.1774766315556626
1.1764128323266387
1.1763690443831318
1.1761709000088074
1.1764224922519713
1.1765066282252434
1.17654265511701
1.176660658222489
1.1763375381755199
1.1766756200554511
1.1767581968173693
1.1766745594425598
1.1765632401583439
1.1765749777931698
1.1765186619977515
1.1768811432215007
1.1768387467586841
1.1767717081096984
1.1767052998582981
1.1766843707005505
1.1764761210158052
1.1765239784491148
1.1767705184896573
1.1768131790924259
1.176832931365217
1.1771537627552662
1.1774578493777608
1.1775504200443951
1.1772404700640655
1.1771838315531062
1.1770887999800406
1.1769116095484091
1.1766263318907275
1.1763277418904148
1.1764358541450819
1.1766215658298471
1.1765294252350449
1.1765003905441458
1.1765227909400482
1.1766620158518892
1.1766481614598772
1.1768023505345999
1.176776478570551
1.1767601795775278
1.176689552312268
1.1765451843448791
1.1764242605306765
1.1771638583876654
1.1767287117219576
1.1765374391898273
1.1764607928356376
1.1765477165416427
1.1764559791396449
1.1765105338861268
1.1766452696294978
1.1767538797402672
1.1769816750941988
1.1770700743912075
1.177275355394372
1.1773410736548535
1.1767134870082427
1.1767308079019632
1.1769754340328915
1.1770090498996588
1.1768180268139932
1.1767921670485761
1.1765432958041855
1.1765354071089651
1.1765042805359234
1.176542897596399
1.17664023188894
1.1766592090757098
1.1767190608529481
1.1766507099930879
1.1768360327382692
1.1768379543339547
1.1767783883732217
1.1767610438179004
1.1766688657212785
1.1764543893880153
1.1766006961371027
1.1765302223464964
1.1764475617496748
1.1765477700319662
1.176505846914166
1.1765429273443841
1.1765622123171229
1.1764998948094685
1.1768325229612702
1.1770137738362711
1.1770280280600178
1.1766879014932643
1.176636509235262
1.1766136737766744
1.1767274675627959
1.1767357157979248
1.1762076558069523
1.1764365060084587
1.1765681189875672
1.1765252705484237
1.1764791719553094
1.1765759109384364
1.1766770885758104
1.1764092359862304
1.1774049745374477
1.177065228445747
1.1772059972142663
1.1772364610379447
1.1771569274178415
1.1771013453140695
1.1769499185101739
1.1768722355839518
1.1767218247044255
1.1766121077212588
1.1764779831932819
1.1765908822726141
1.1763335968016571
1.1767963523912204
1.1766645980811359
1.1767548166505359
1.1767660218209361
1.1768776588268128
1.1768194014245992
1.1768307039648165
1.1764481450486632
1.1759858255274283
1.1766391739179789
1.1765001505062145
1.1763454565291158
1.1774494481218127
1.1767260698672459
1.1766961123863513
1.1765429604088693
1.176405937007567
1.1763568572023353
1.1763783587395675
1.1768274584085481
1.17692197379478
1.1772918185693539
1.1773772792852975
1.1772793541506139
1.1772368208198027
1.1769189730209315
1.1765333952508421
1.1766524566783698
1.1767482525403958
1.1765721145491734
1.1765760702502934
1.1765151785854262
1.1766344973506955
1.1766480987719947
1.1766852141083288
1.1766466695580324
1.1767095854192946
1.1767301574945193
1.1763107805939585
1.1773459326517242
1.1774917426554681
1.1766965692519948
1.1764926734850554
1.176099034406255
1.1767664847478654
1.1770611793777315
1.1768771834587186
1.1766860656028075
1.176454578826206
1.1765713946146112
1.1766187127583616
1.1768886989343483
1.1767953034313539
1.176871777052152
1.1769512239715405
1.1770201908156062
1.1778701332704726
1.1768909224022979
1.1768718963089955
1.1770882185280893
1.1765309947295799
1.1765252898280489
1.1766042621452322
1.1767542183555701
1.1766284912472758
1.176565509353672
1.1765906030168491
1.1765309871517327
1.1766342484632848
1.1768660786170955
1.1776592742911507
1.1766438399932151
1.1765937081654052
1.1765133406402091
1.1765365609562091
1.1767748706475591
1.1768565518996941
1.1772236655566701
1.1769627935403679
1.1766678325380739
1.1766005242467545
1.1766677202810905
1.1768197934958984
1.1765471045128497
1.1769032332095697
1.177017683184614
1.1768371564672595
1.176720685099832
1.176667688548332
1.1767616562664511
1.176702948063546
1.1765251974675834
1.1767711462723547
1.1765425173535986
1.1765446561739961
1.1766538039359382
1.1764947730602826
1.1765258825470866
1.1766219534355771
1.1765692432278663
1.1765973887303431
1.1766619601444752
1.176661061800711
1.1762967190878431
1.1759395653741551
1.1766520171945472
1.1769423512504273
1.1771587450984757
1.1771376530799229
1.1769145576538693
1.176888645164635
1.1765697217494147
1.1767428230450034
1.1767569182179027
1.1764139562290361
1.1766469220204949
1.1765717962517355
1.1771181777898041
1.1770130448291047
1.1768354624197608
1.1759810219480489
1.1769041160506417
1.1768754579637861
1.176841437080828
1.1768309326289899
1.1768379030631224
1.1773184246982014
1.1760245169710466
1.176438222799167
1.1767233572748557
1.1769798888630545
1.1766671265889501
1.1767783908259826
1.1766629665627319
1.1761866597259645
1.1765284736574639
1.17783249014372
1.1771389445626219
1.1771306317057937
1.1776212095286769
1.1770966092222301
1.1766146860117603
1.177131744630282
1.176904589141794
1.1767410780923404
1.1767625897238732
1.1767614187697268
1.1768679338835293
1.1765521557039138
1.1766906319796187
1.177507558739084
1.1771111118825972
1.1769943810945593
1.1770194758045829
1.1769980729377152
1.1769882080935861
1.1768657222750798
1.1767959588812498
1.1767837624028279
1.1770930156367649
1.1766427807083908
1.1767278127919936
1.1769983666918653
1.1766433560621188
1.1769364802474966
1.1769425609102526
1.1769969763379178
1.1771415665145593
1.1776525853713842
1.177787974206089
1.1776285234017705
1.1773326538620317
1.1768453065944826
1.1769945411042153
1.1771457422670499
1.1768586082963619
1.1767844897397048
1.176782790666961
1.1764768884826746
1.177128965838186
1.1766476246719617
1.1767562575163948
1.1772709883066474
1.1772268002415032
1.1771401625801392
1.1770530679951843
1.1769582643251595
1.17699320800958
1.1771013148633138
1.1768169592847373
1.1767563249282307
1.1768988393703315
1.1770670457004511
1.1769332331207873
1.1772463646933586
1.1773939301775347
1.1771443794157794
1.1771646848952073
1.1772382486775979
1.1771047149663389
1.1774916874318551
1.1777624032392295
1.1777881075731742
1.177324384531421
1.1761502283842329
1.1776818644554425
1.1765954401584171
1.1766049600892576
1.1762239170901569
1.1777563515289446
1.1765829267701524
1.1769899039502787
1.1766967425340362
1.1767825735717461
1.1772938252019702
1.1773040676476503
1.1774427079113692
1.177172638529292
1.1770503038420093
1.1764054055341804
1.1772133040005412
1.177025655069234
1.1766277228495807
1.1765178374846124
1.1769247292273641
1.17700889992325
1.1771599074207826
1.1769934597631073
1.1770653866342335
1.1771107493253192
1.1771356828683779
1.176982987739533
1.1773244771521718
1.1775031439927355
1.1780652947192534
1.1772658468775665
1.1767501496195281
1.1769941579920231
1.1762203229824293
1.1762744744983245
1.1775279501181803
1.1769489870040211
1.1765230695011055
1.1769256851765519
1.1766668590940055
1.1767529691860503
1.1771226093135818
1.1771583978732962
1.177900072323786
1.1766919738246124
1.177115838228874
1.1760357381433837
1.1778343189466864
1.176613089769182
1.1762604457440677
1.1765392364985521
1.176876577192719
1.1770337033025708
1.1771239025462292
1.1769358610459288
1.1774497751779047
1.1770997399169536
1.1770368565735783
1.1768595201740342
1.1769241685761918
1.1779273419290968
1.177700752031853
1.1772764910050848
1.1769118058510142
1.1767086525649173
1.1767555205427365
1.176439715983925
1.1761157020938919
1.1774845904893134
1.176508568766101
1.1770512036286587
1.1766618422867416
1.1767362581747396
1.1768893302222294
1.1770270135671097
1.177132299304432
1.1765586282187941
1.1768205815061221
1.1768705372522021
1.1768374126374046
1.1775832127679193
1.1761920091758979
1.1764649558971081
1.1768688993650034
1.1769808646694149
1.1770566151288304
1.1769168069791371
1.1764870513776868
1.177001060479296
1.1769788554362524
1.1769433998716634
1.1763332525476764
1.1780993641421627
1.1773428511176383
1.1772398639408195
1.1770551077350664
1.1764976486227705
1.176991928697767
1.1767974543814865
1.1766642273405983
1.1767904621518772
1.1766603650690333
1.1768097575837237
1.1766652952300618
1.1769188284197485
1.1774341633250447
1.1770972693671677
1.1771271733586604
1.1768185459201073
1.1768285436130166
1.1768467021960336
1.1767750239862942
1.1767701510547044
1.1767304655450512
1.1767747077633157
1.1768790735960162
1.1767788170438747
1.1769048042017969
1.1771933637444769
1.1766183902525
1.1776740359745748
1.1769865371679202
1.1777823399226703
1.1770592976972643
1.1770955544931141
1.177098795413615
1.177051537318679
1.1771018711715311
1.1771158762252585
1.1769241721496064
1.1759490627968474
1.1772750861508519
1.1767238959416124
1.1765778102018671
1.1767129553548772
1.1767188533250699
1.1766115811987572
1.1773585035642691
1.1765845411814861
1.1769821717664064
1.1770580068879206
1.1776430480734321
1.1760943451320403
1.1767619980976549
1.1769268621705742
1.1770631796203657
1.1763095356786601
1.1768665592506571
1.1767344802978543
1.1768974508296595
1.1769234729233378
1.1770557074724943
1.1761866641287337
1.1777984424246153
1.1755569867188522
1.1766538538142108
1.1767906708351428
1.1768621318068648
1.1763689516103395
1.17742337290314
1.1767142764348708
1.1768193494330035
1.1766177836668514
1.176499936509751
1.1765974606649474
1.1764431449563684
1.1764993145844691
1.1767872634101415
1.176918459263651
1.1771730020008975
1.1776579919460901
1.1764229184601567
1.1770383420562363
1.1766776707675013
1.1760953577631807
1.1765505593432082
1.1765837254061695
1.176436803698869
1.1764552024007229
1.176778217622525
1.1767819757032985
1.1767316536240913
1.1767729457517115
1.1766419121999856
1.1767246268353142
1.1756993104959175
1.1765644593681481
1.1765754971193008
1.1765167486812349
1.1768768947438428
1.1768328894897711
1.1767676927001547
1.1767036253159588
1.1766845325357318
1.1764759521883281
1.1765229087152502
1.1767694381054992
1.1768120909364979
1.176832242128512
1.1771532963229248
1.1774610322237502
1.1775484785799173
1.1775437375641518
1.1781152304183751
1.1772404580174043
1.1773530465759268
1.1774773475069089
1.1764146704863676
1.1763660511652381
1.1761663819333534
1.1764183780835502
1.1765059119858829
1.1765455761970298
1.1766695359106532
1.1763396913526698
1.1766727524190996
1.1767561433692031
1.1766743742316637
1.1766907459098164
1.1765474695103006
1.176425875336983
1.1771613611586174
1.1767247695645222
1.1765353211291694
1.1764600552992868
1.1765480252295564
1.1764558311850255
1.1765088936688701
1.176642606918699
1.1767505666243299
1.1769786371447883
1.1770684856335076
1.1772755651418914
1.1773409461721078
1.1772407114244736
1.1771843722274489
1.1770905501670479
1.1769174309723933
1.1766341846230086
1.1763309624343026
1.1764332783121594
1.1766149277572306
1.1765260168347953
1.1764994932291257
1.1765233964566302
1.1766647339224765
1.176648298496167
1.176801134018068
1.1767760143518404
1.1767606716796299
1.1767801656407282
1.176766047417358
1.1766714743524553
1.1764516175094004
1.1765999851035822
1.1765308059328012
1.1764485453023761
1.1765489536446954
1.1765058156751653
1.1765398759227552
1.1765557232418247
1.1764915498059059
1.1768255613501102
1.1770114646489016
1.177027038867696
1.1766885470887352
1.1767143305920507
1.1767321040861294
1.1769795639798644
1.1770170633190209
1.1768271086403475
1.1767950172274639
1.17653861696597
1.1765332730558546
1.1765124767024806
1.1765321731965679
1.1766363352454769
1.1766609766376495
1.1767202126709233
1.1766517212450003
1.1768384751139815
1.1768398843586065
1.1771544895070716
1.1770931247121559
1.1769436326704075
1.1768663955806624
1.1767218106373964
1.1766146518643421
1.1764802779997645
1.1765924477587628
1.1763334782335415
1.1767914590370399
1.1766548488139577
1.176742661389929
1.1767561704748206
1.1768742819141762
1.1768181929760912
1.176831596079408
1.1766373327244808
1.1766142324399609
1.1767299559489788
1.1767415667341683
1.1762141052132831
1.1764335141687794
1.1765525780399342
1.1765305389299061
1.1765131771426247
1.1765486677240586
1.1766669050778145
1.1764093448384003
1.1774062060807118
1.1770717432618756
1.1772116098307435
1.1772392857778944
1.1772752825727817
1.1772281325128209
1.1769120823191683
1.1765347300593634
1.1766545303084548
1.1767501618519756
1.1765742233149723
1.1765776947042019
1.1765155314901725
1.1766311873184159
1.1766399416413353
1.1766783583615381
1.1766394545870085
1.1767054298793997
1.1767294297466739
1.1763116826855462
1.1764489582339153
1.1759859064827218
1.1766398979223005
1.1765039456194919
1.176352143138065
1.1774384664963704
1.1766848380319863
1.1766747812212814
1.1765492796814443
1.176391916627604
1.1763512780127252
1.1763785453138671
1.1768291715233556
1.1769246640823474
1.1772956184098322
1.1773787512433536
1.1770440397346809
1.1778854850970406
1.1768956758895888
1.1768742855301575
1.1770887269950006
1.1765317641458743
1.1765267398307981
1.1766057268820844
1.176755950431855
1.1766317790200205
1.1765695586211344
1.1765955423503078
1.1765337371281801
1.1766327521760231
1.1768656458551034
1.1776600558572952
1.1773466602993956
1.1774921304492836
1.1766973180291942
1.1764948433158211
1.1761028555332815
1.1767755786709211
1.177074634880082
1.1768808301737272
1.176682669373277
1.1764505529482481
1.1765713493247711
1.1766203028329225
1.1768894821978619
1.1767977056114831
1.1768856031693828
1.1769860668736678
1.1767398386010497
1.176678001846583
1.1767653933433986
1.176702929928896
1.176524434640503
1.1767706502374016
1.1765429488273862
1.1765465829828718
1.1766591345045443
1.176509010809965
1.1765402462900569
1.176630716283477
1.1765727677372484
1.17659672918328
1.1766614495774872
1.1766615528755482
1.1766446169612801
1.1765945296392164
1.1765142432715483
1.1765362723474637
1.1767728106687951
1.1768615507847073
1.1772320333259449
1.1769648753207209
1.1766682456056121
1.1766035714630694
1.1766711299674768
1.1768229246446911
1.1765489098088502
1.1769049247153014
1.1770327495704522
1.1768929896321416
1.1768106287860873
1.1759801476029954
1.1769055633224828
1.1768740315233766
1.176839727754355
1.1768299952656893
1.1768374806041904
1.1773204342638643
1.1760312261627448
1.1764579808982101
1.176733118559099
1.1769854194213307
1.176672605121988
1.1767813612428069
1.1766639450823142
1.1761873120485515
1.1762974221366906
1.1759399748544523
1.176651347170665
1.1769392247922179
1.1771592828579505
1.1771393090166264
1.1769147631575341
1.1768891811433084
1.1765711411548985
1.176745240034589
1.1767598686661935
1.1764174564284111
1.1766486591096272
1.1765667190772571
1.1770907145433354
1.1769657227487453
1.1770938929284798
1.176991347141813
1.1770168114233632
1.1769979071770149
1.17698813346424
1.1768654527519362
1.1767954191142016
1.1767813945498755
1.1770836923616999
1.1766347834379982
1.1767227491573933
1.1769995061190179
1.1766454674329281
1.1769375289921298
1.176942558224042
1.1769974291364411
1.176528977839389
1.1778318637031873
1.1771354004311567
1.1771256909528744
1.1776191636235696
1.1770962124251849
1.1766142348040267
1.1771318473898593
1.1769052560836244
1.1767421920273757
1.1767640461274442
1.1767629581389951
1.1768697961164438
1.1765502580980689
1.1766747723077151
1.1774703998090355
1.1772270935624429
1.1771339503876344
1.1770419673279304
1.1769661581926363
1.1769970189904913
1.1771002928810976
1.176816526459938
1.1767550613695805
1.176890996077528
1.1770524094553578
1.1769262372264684
1.1772462020271699
1.1773934176140743
1.1771430137568299
1.177163478868281
1.1772390796543248
1.1771435218204496
1.1776500115353037
1.1777827382283492
1.1776233341913893
1.1773314248536466
1.1768453142943123
1.1769946049188278
1.1771458387155578
1.1768589004969066
1.1767848094085993
1.1767829425991194
1.1764766518616454
1.1771287547896234
1.1766470345136069
1.1767534006939526
1.1772669475137998
1.1773028455383805
1.1774289038866756
1.1771484990103533
1.1770783867918244
1.1764104923303962
1.1772075813452467
1.1770238544962295
1.1766275472884415
1.1765167606494633
1.1769213533197045
1.1770087611589917
1.1771602098407752
1.1769933152684549
1.1770666525292035
1.1771131584445822
1.177141664917311
1.1771129664981934
1.1774885030731157
1.1777540653920671
1.1777821683322771
1.1773256708654862
1.1761523306754202
1.1776827059945865
1.1765956165681786
1.1766051655419436
1.1762245433791838
1.1777568610383276
1.176580128478464
1.1769875343892744
1.1766953068499542
1.1767813658277784
1.1772936929849704
1.1771666107604788
1.1771733668279085
1.1770805240545357
1.176875897046227
1.1767337219080185
1.1775024764474642
1.1764363386056198
1.1766230269721649
1.176598218191016
1.1769068966247029
1.1769842936301425
1.1771050028307397
1.1769237517952122
1.1770654214451055
1.1771127751665198
1.1770736551610921
1.1770323612024753
1.1773365723699336
1.1769905380336978
1.1785004802087142
1.1772185323971156
1.1765501122308146
1.1771927697409599
1.1766656846766634
1.1758248957332955
1.177266029788032
1.1772710315973858
1.1766373547692293
1.1768832974110224
1.1766763791562134
1.1767500243590587
1.1771252615074228
1.1770827662507792
1.1771425168014764
1.1766663976784799
1.1768407416086053
1.1768423937133587
1.1769077427437553
1.1767598884679835
1.1766493680785794
1.1767544851975145
1.1769715030523777
1.1768978516369668
1.1770197268232954
1.1769340375486976
1.1770093236934627
1.177074533916934
1.1769726180810809
1.1768744530404469
1.1767839641123765
1.1781275784526595
1.1776561247302677
1.1772762654146915
1.1769087028608547
1.1767736483978841
1.1767898122013776
1.1757631123419912
1.1770260181747312
1.1772218993197179
1.1764207344003708
1.1770861665407806
1.1766800938304116
1.1766614152029449
1.177066168521081
1.1771002222846456
1.177075447028878
1.1768188056627691
1.1768253706623617
1.1768260174921685
1.1768057416949829
1.1768437340644142
1.1767202169059152
1.1768166062686172
1.1771258003783194
1.1765424597640932
1.176800285764656
1.1769017986058894
1.1768907744039361
1.1770252705082442
1.1769316020206126
1.1768541438200961
1.1770129970254188
1.1774608436537035
1.1773692626511176
1.1772345951050456
1.1770670413491677
1.1766040615786346
1.1765039636802899
1.177228529119962
1.1766334417099245
1.1766444920068793
1.1766753738316031
1.1767866645448974
1.1766138690984549
1.1769446839006812
1.1773559980692694
1.1758058641846376
1.1769907275359761
1.1770407994135437
1.1769340825254988
1.1768493219593008
1.1767614099253654
1.1769168613798122
1.1768094795272754
1.1765374241663638
1.1768335135709196
1.1767982745601311
1.1767423172974127
1.1768867753106838
1.1769412903241498
1.1767664040861461
1.1768680488497263
1.1768132825251356
1.176917495504243
1.1770734356692105
1.1771078974499229
1.1770138720980872
1.1770847009145371
1.1768710753414631
1.17689089137615
1.1767104587022645
1.1765169695305457
1.1767104008374798
1.1758749644388415
1.1767090754481582
1.1766909935774534
1.1764081453545583
1.1775805103821955
1.1784046051531991
1.1771105086868787
1.1770421810144558
1.1769072065321071
1.1761264775106945
1.1765845882769379
1.1770659946988125
1.176483724209979
1.176037966737443
1.1767816067331356
1.176856656483606
1.1767164680294124
1.1766873388273391
1.176814788511733
1.1767434399010572
1.1765934442645367
1.1765050603336609
1.1767439311040606
1.176929750677419
1.1769050085022672
1.1767553562544404
1.1771750725188859
1.1769710788465315
1.176822617830088
1.1765747179187418
1.1765034713052409
1.176617707818185
1.1771961858973063
1.1764929030283933
1.1767481852221822
1.1768035390688145
1.17701700557949
1.1775516875800178
1.1773750298845707
1.177144199121448
1.1769657240349003
1.1775081770157896
1.176380943821596
1.1764020367768273
1.1762880354984586
1.1764211964287317
1.1764641576400494
1.1765292996534424
1.1766488148743905
1.1765569617931748
1.1765694136164613
1.1766579152827228
1.176744214018856
1.1766450756505571
1.1765669199197701
1.1764839285705868
1.1768737756658605
1.17690551721971
1.1768219958787565
1.176779906442482
1.1766304923653794
1.1762123842474377
1.1763296393044573
1.1767835989919555
1.1767976937104176
1.1767777932397645
1.1771088812136066
1.1775476471443187
1.1776654055816667
1.1772295241423265
1.1772435297358512
1.1770843780563631
1.1767691646186607
1.1766310435160088
1.1763969191008119
1.1764585983860658
1.1765680297135472
1.1765323225792477
1.1764962935176948
1.1765519585857669
1.1766221024274623
1.1766296630105675
1.1767113310508408
1.1767297122597768
1.1767531114354759
1.1766918774168404
1.1765279222219023
1.1762835056831324
1.1768308411921597
1.1765740535858393
1.1765094071924365
1.1764114757115194
1.1765607460967356
1.1764748324952297
1.1768932693197129
1.1766929210875314
1.1767702941606026
1.1770711824810314
1.1770605467167308
1.1772890016373132
1.1774132640823256
1.1755992248033482
1.176891694982547
1.1770451586091069
1.1770692831821008
1.1768870477586044
1.1767988208999498
1.1765538342150763
1.1765239897754238
1.176485242803792
1.1765676266100236
1.1766649082217688
1.1766529057129049
1.1767375656732051
1.1766934093151176
1.1768570662428641
1.1768472315549525
1.1767818044378646
1.1767664531713871
1.1766923013327995
1.1766786540316505
1.1765942950267474
1.1765231493577375
1.1764389613385269
1.1765607965665912
1.1764810671709507
1.1762735020728097
1.1765191422387182
1.1763972984555546
1.1768358648840207
1.1770378652161055
1.1770554572126115
1.1762207305206167
1.1778455689165839
1.1766318068613797
1.1767344946800813
1.176789109060042
1.175914171945698
1.177472214774508
1.176579470998794
1.1765134561078692
1.1764304158817296
1.1766110893938337
1.1766414033429728
1.1765924010717601
1.177102606520529
1.1770136542192988
1.1771932376570704
1.1772184077939845
1.1771540065711286
1.1771179050922451
1.1769767112028708
1.1768031826493845
1.1766397113727347
1.1766114988621252
1.1764666316688384
1.1766167248402615
1.1762562403432291
1.1767205848859399
1.1766720543317919
1.1768334114411503
1.1767675914959301
1.1768901562248704
1.1767849852591838
1.1773098864678615
1.1766454032443718
1.176506276050767
1.1765693259674237
1.1765172238183232
1.1763937397132402
1.1766723759599538
1.1767618916794031
1.1766427534362225
1.1764950739555364
1.1764358639315773
1.1763587933716966
1.17652572893106
1.1768360231820878
1.1769326384135532
1.1772523993201858
1.177301666320292
1.1772193307971879
1.1771966440503516
1.1769349968722085
1.1766937320417679
1.1767065726690846
1.1769294442209213
1.1765930157651832
1.1765804296920457
1.1765339755448896
1.1771243264395459
1.1766862174995822
1.1767217750392185
1.1766590676434332
1.1767179099503442
1.1767475045560019
1.1758196712848503
1.17706542263711
1.1767242780843636
1.1766593005688222
1.1765708043612872
1.176455196351941
1.1768225841160225
1.1769291131272372
1.1765445771214731
1.1766827647436999
1.1765270066597799
1.1765610839744511
1.1765597705037956
1.1768381395843615
1.1766497118189112
1.17733561754976
1.1771396616837062
1.1770791805444583
1.177130265226801
1.1769000513055996
1.1768405491596732
1.177051829603013
1.1763608419562197
1.1765437085384094
1.1766116472070645
1.1767382324330182
1.1766636445795027
1.1765471911541234
1.176582759589039
1.1765535824211528
1.1766386790422256
1.1768638523445079
1.1781656352601668
1.1766241915443536
1.1765869325165537
1.1762232644347743
1.1767647784335782
1.1763769571667819
1.1762046992164781
1.1777909465362846
1.1771888868699538
1.1767422300298733
1.1765823347329691
1.1766711044595117
1.1765477581609698
1.1764991201168162
1.1773041866030614
1.1774113217231261
1.1769688018970768
1.1769405525273942
1.1771625627390558
1.176844545206275
1.1767627546124315
1.1765179676116637
1.1766555904125822
1.1766058492606599
1.176583642461754
1.1766565486631886
1.176567489073018
1.1764999873244046
1.1765778838464143
1.1765088921828073
1.1765413929344939
1.1766710225586885
1.1766827960264024
1.1761005091736922
1.1766912507217515
1.1766823484447562
1.1768889096845061
1.1771127027217567
1.177158449733916
1.1768696372545673
1.1769383216366367
1.1766398565942497
1.1764185979254311
1.1770551625203747
1.1767072519202955
1.1766632071454015
1.1760394988739069
1.1771036408935809
1.1768938040855872
1.1767284260323521
1.1762904079463552
1.1768110952540407
1.1768655770215399
1.1768271521486102
1.1767742588753487
1.1775213405128437
1.1759359557361966
1.176689807472608
1.1765736924436596
1.176749702290435
1.1769562975958048
1.1767061342361167
1.1768305379980821
1.1766971375702098
1.1761508756373609
1.1767783391830038
1.1769690261877293
1.1771312052904226
1.1771638653366021
1.1777609676676457
1.1771994019382674
1.1767243654289112
1.1771024563336741
1.176865066448904
1.1767402824817781
1.1768324617964041
1.176779509463779
1.1768035757201847
1.1765162443594213
1.1774589026276685
1.1772627080648832
1.1770558116723582
1.17692158620613
1.1769817774976761
1.1769895947950488
1.1769940550813629
1.1768095011564779
1.1767895746432679
1.1768105942850733
1.1769404137222088
1.176731177766783
1.1767603690027404
1.1769875946749808
1.1767978220838213
1.1769756001523866
1.1769329367081784
1.1769998211277737
1.1767120898261889
1.1776515201625897
1.1777142152832725
1.1775896546393037
1.1769503350122201
1.1769880374628352
1.1761779216884969
1.1777793427847949
1.1768351484007213
1.1767511766949863
1.1768384694168239
1.1766371423518087
1.176943033176677
1.1766634168357393
1.1760884390277919
1.1772635156388798
1.1772270659479414
1.1770721045412471
1.1770453601168991
1.1769768900946707
1.1770040524257397
1.1769655938479786
1.17686133796157
1.1768900013163455
1.1768339913530605
1.1779496156947493
1.1759614558231564
1.1778827505413749
1.1766565397765916
1.1771647235075757
1.1771567591889005
1.1771996067281212
1.1775671695571992
1.1775048457799504
1.1777621047417663
1.1777457105072653
1.1777305998946557
1.1768987808792997
1.1769387190730038
1.1763601080233563
1.1761190210891683
1.1771803438134238
1.177498350369087
1.1767141540318671
1.1768987196265297
1.1766980622481242
1.1768501103480575
1.1765091243083341
1.178025794800942
1.1772491549733515
1.1771418468551231
1.1768791499386824
1.1768324616337558
1.1780112033478485
1.1760534763343964
1.1770379699410796
1.176357311592205
1.1769468428396739
1.1769105977108085
1.1778487369552519
1.176291309829931
1.1770629834434474
1.1771153280762059
1.1771671766459171
1.1770162077857376
1.1773368577618155
1.1769983408836246
1.1785076501499623
1.1772161156132099
1.1765472158725501
1.1771914816867148
1.1766654245425698
1.1758247357579255
1.177265081040098
1.1772690054988975
1.1766369167079616
1.1768833098704439
1.1766767622336869
1.1767510502116281
1.1771251107383798
1.1771650161866913
1.1771615680704157
1.1770931985736284
1.1768757396568408
1.1767376060673311
1.1775061785827505
1.1764373434798523
1.1766225423599102
1.1765976003584286
1.176906305093933
1.1769855760653718
1.1771087089581713
1.1769194008244239
1.1770484031232074
1.1770881777602409
1.1770513944108898
1.1768629243325659
1.1767850023874162
1.1781344938224099
1.1776597664877888
1.1772756843584
1.1769079743549338
1.1767738174536611
1.1767899607826002
1.1757633029394743
1.1770254600286092
1.1772211949263036
1.1764219656875528
1.1770872737351725
1.1766814869093425
1.1766619714571531
1.1770584709189953
1.1770800857188548
1.177137495584067
1.17666950351317
1.1768375272555511
1.1768416812053124
1.176907500786607
1.1767595321285731
1.1766488518937051
1.1767532911978649
1.1769706099121928
1.1768988452509785
1.177021568768756
1.1769257856015609
1.1769903838968923
1.1770532489836254
1.1769570359541561
1.1768522458901773
1.1770145267066259
1.1774657593740321
1.1773735759435158
1.1772381912025878
1.1770707334972623
1.1766059742479655
1.1765047172459639
1.1772293469325481
1.1766343521857203
1.1766462712891004
1.1766790496100117
1.1767901957328271
1.1766145556721102
1.1769185418374597
1.1773618322684687
1.1770985460405039
1.1770745501088871
1.1768186392863553
1.1768236596282033
1.1768233446835377
1.1768035676798638
1.1768432806123978
1.1767203932289017
1.1768161990769352
1.1771253171192861
1.1765413735992041
1.1767994514177245
1.1769096790625437
1.1769105780993041
1.1770408319067236
1.1769353581349717
1.1768168281067597
1.1769196748416966
1.1770767447292017
1.1771136049047568
1.1770191315745147
1.1770852397957052
1.1768721171908054
1.1768920074247282
1.1767115715222491
1.1765184655098528
1.1767123730150602
1.1758779675052522
1.1767112083387461
1.176677211302211
1.1765558756106562
1.1774324622487338
1.175816546445329
1.1769906701369985
1.1770390001989466
1.1769314029219102
1.1768456839630241
1.1767583428930772
1.1769175588822198
1.1768103310984126
1.1765372803494052
1.1768327019205993
1.1767950522638886
1.1767339457715726
1.1768907650681204
1.1769584965005975
1.1767842196430323
1.1768771480328803
1.176507710595901
1.1767455943961513
1.1769300847071522
1.1769054605861544
1.1767514641584147
1.1771655089700539
1.1769685614251151
1.176824935366382
1.1765755600140455
1.1765040479794289
1.1766187327192617
1.1771972505994555
1.1764938383672368
1.1767436547522823
1.1767901541545271
1.1770422002177865
1.178407076672279
1.1771091487265932
1.1770387568702518
1.1769025841745937
1.1761209024669572
1.1765806335154574
1.1770655352957662
1.1764832769840523
1.1760363717487501
1.176780791557374
1.1768558295961764
1.1767161092565841
1.1766862433332059
1.1768172350549886
1.1767473781370079
1.1765966990515297
1.1766464325883583
1.1765674736203355
1.176480710737801
1.1768693722420203
1.1769018493087331
1.1768240187243832
1.176781100979851
1.1766314569609286
1.1762124312112692
1.1763293718491949
1.176783159414923
1.1767964974721534
1.1767761956888889
1.1771117687533601
1.1775526913522392
1.1776682602855484
1.1775518620812073
1.177374639685528
1.1771435205337262
1.176965425432124
1.1775081119926678
1.1763803164975244
1.1764005059272895
1.1762846470005781
1.1764175880241021
1.1764637007587437
1.1765284735123223
1.1766488305014779
1.1765553869479626
1.1765668689733439
1.1766573936919618
1.1767446755062381
1.176692854149973
1.1765317543207148
1.1762880870331265
1.176827932595379
1.17656972755473
1.1765079778329783
1.176411152750813
1.1765610173692265
1.1764748738738806
1.1768925187885582
1.1766915285677395
1.1767668754439591
1.1770658939182397
1.1770579986066678
1.1772905117125303
1.1774132060191596
1.1772297599314634
1.1772448329733096
1.177087830682368
1.1767757308834508
1.1766382192968476
1.1764001097251633
1.1764585147815825
1.1765651028555084
1.1765346973303845
1.1764945697132183
1.176551131934167
1.1766227213078537
1.1766289268574526
1.1767115847704159
1.1767292909489844
1.176753370521517
1.176782921960323
1.1767706142560281
1.1766929390629681
1.1766699648131502
1.1765915953068833
1.1765231496837207
1.1764394323290097
1.1765616472424061
1.1764810489158815
1.1762708763692076
1.1765142955639452
1.1763906148390533
1.1768291349075051
1.177043109326104
1.1770557342338357
1.1762205307151612
1.1755998373997405
1.1768938449594017
1.1770512175460968
1.1770787055750549
1.1768958692843292
1.1768008051753001
1.1765480836475162
1.1765309601533345
1.1765142694723079
1.1765363014378105
1.1766532742658986
1.1766531566715206
1.1767392972636588
1.1767007392279567
1.1768592778375064
1.1768492549660099
1.1771542227005625
1.1771146466785254
1.1769703979199193
1.1767895255343945
1.1766368801626432
1.1766122939076928
1.1764681953891063
1.176617871695534
1.1762559996157849
1.1767162364237962
1.1766647932393337
1.1768246268828937
1.1767595559573543
1.1768875544947575
1.1767831883188171
1.177309948705813
1.1778460858714666
1.1766325964440905
1.1767379108262919
1.1767955553986307
1.1759169426458593
1.1774554251243885
1.1765438242814177
1.1765345088440442
1.1765104412833436
1.1765400109935635
1.1766178937854013
1.1765915237345934
1.1771054294135257
1.1770181931563499
1.1771966810279835
1.1772210764001609
1.1772170565216589
1.1771932470876052
1.1769344932076542
1.1767000106938721
1.1767088247466593
1.1769299172515255
1.1765942053755563
1.1765815137032758
1.1765336911277322
1.1771214151085527
1.1766799486593715
1.1767149251000153
1.1766528526752389
1.1767123606717744
1.1767458228815288
1.1758201124211443
1.1766459104104698
1.1765064025879939
1.1765699398389793
1.176520158706025
1.1763991167928927
1.1766313657420313
1.1766564830917887
1.1766197470517774
1.1765323171678475
1.1763998108474476
1.1763419174975831
1.1765270859136192
1.1768405007140548
1.1769368410174994
1.1772560180401979
1.1773036526769023
1.1770897479443962
1.1771383382190539
1.1769045112195839
1.1768470577163974
1.1770530944980704
1.1763610101125157
1.1765445644142951
1.1766131614933233
1.1767408533988042
1.1766689059945965
1.1765523198557686
1.1765855086472248
1.1765542686385837
1.1766300379281618
1.1768598716641145
1.1781660180415645
1.1770660837290861
1.1767245518255809
1.1766594024618173
1.176572640776504
1.1764578432105848
1.1768542415198431
1.1770074455159523
1.1765704774781145
1.1766836380117596
1.1765200276463865
1.1765584851778268
1.1765611541546055
1.1768422628804975
1.1766539098232005
1.1773448225179033
1.1771572581779843
1.1769466930071291
1.1771682778000454
1.1768462915793185
1.1767653668136642
1.1765203366014603
1.1766564040841458
1.1766068279490471
1.1765865097336297
1.1766658038728266
1.1765932149147058
1.1765177872620556
1.1765866032956283
1.1765119878725008
1.1765335096994363
1.1766648440815375
1.1766820278870938
1.1766252438060527
1.1765875573621982
1.1762239570936885
1.1767660183194582
1.1763792907863784
1.1762167841485522
1.1778299902872051
1.1772027210196296
1.1767438015753262
1.1765853874035155
1.1766750881847057
1.1765513547976134
1.1765026257535687
1.1773071539017304
1.1774215210102106
1.1769833042113582
1.1767184541549065
1.1762900969522121
1.1768111428952843
1.1768650309702753
1.1768277045003972
1.1767748082973806
1.1775219281658524
1.175939676670678
1.1767047113837867
1.1766048719923416
1.1767635331001205
1.1769618501359418
1.1767184880132746
1.1768423293363302
1.176704656568808
1.1761521949033256
1.1761009664399296
1.1766915045402202
1.1766814616665922
1.176885941995554
1.1771091983497037
1.1771578466876489
1.1768687627169081
1.1769394251831402
1.1766415627203042
1.1764213234741512
1.1770581799690396
1.1767102725629845
1.1766657082818639
1.176038053013472
1.1770932307208384
1.1768732342317729
1.1770496040821041
1.1769216629907575
1.1769806168541403
1.1769883044663221
1.1769936813222579
1.1768101608110786
1.1767902040744609
1.1768085058267796
1.1769263649069699
1.1767076244856762
1.1767461302938005
1.1769858678063545
1.1768024724400503
1.1769792356735902
1.1769361731410142
1.1770004092991013
1.1767780943172412
1.1769674895121836
1.1771273353287806
1.1771596802412885
1.177757866789241
1.1771978659634845
1.1767233520499265
1.1771026521468542
1.1768658957124645
1.1767414568686951
1.1768337923636136
1.1767809199853159
1.1768051633686651
1.1765158817633397
1.1774521052287419
1.177246280863308
1.1772271564846202
1.1770704392830647
1.1770412360246794
1.1769765833443737
1.1770037651659562
1.1769659158772259
1.1768615079446605
1.1768880791382395
1.1768231192811895
1.1779231373822934
1.17594736702728
1.1778797158912859
1.1766545605904
1.1771641830107418
1.177156437831395
1.1772000571356482
1.1767122538656649
1.177647902304624
1.1777075555993204
1.1775845304046242
1.1769487175157523
1.1769879718363689
1.1761780670950697
1.1777795691434563
1.1768355226978273
1.176751599429197
1.1768388092383157
1.1766372414499773
1.1769429151733573
1.1766633388488059
1.176088117368431
1.1772595064364897
1.177279749040439
1.1772501742239563
1.1771317053057611
1.1768826850299259
1.1768306932227464
1.178008621347125
1.1760531797649942
1.1770377231737692
1.1763553788141263
1.1769411316564111
1.1769065238048311
1.1778456203853547
1.1762890982182186
1.1770660882007897
1.1771237312593061
1.1771742974152848
1.1775727809073349
1.1775009705592401
1.1777559763061589
1.1777424673590475
1.1777319747429138
1.1769008537886083
1.1769396485057089
1.1763603313277071
1.1761192358436428
1.1771809791229144
1.1774993190439313
1.1767143598081446
1.1768985430075489
1.1766975797286754
1.1768502029994601
1.1772546295884607
1.1770838695995525
1.1770033279608429
1.1769651303318123
1.1768505760036685
1.1768356531040882
1.1769080120693174
1.1767368895754
1.1767343725407555
1.1769307955016548
1.1771094225267285
1.176848754450937
1.1771726505192404
1.1767704336490772
1.1770337418476684
1.1771242406212035
1.1770711739024811
1.1769843127836166
1.1766256959302424
1.1784164130934294
1.1776410750775403
1.1772521687752826
1.1768030055375744
1.1769305335230151
1.1769262344651303
1.1760186188980961
1.1773830515787906
1.1767943442895361
1.1766745069224074
1.1767489112227765
1.1765509556550218
1.1768403849779014
1.1771695816977579
1.1770237177038947
1.1769410986499873
1.1768917514516859
1.1769378979440552
1.1768989000956278
1.1767727562358401
1.1765890680633584
1.1766536483905683
1.1769190956488165
1.1774005152201348
1.176426850738941
1.1769462054257842
1.1769321914081166
1.1770296333970067
1.1770635416393846
1.1769510524487965
1.1768502827055785
1.1773087177008865
1.1776867018403008
1.1775794420078842
1.1772992896778443
1.1769694831617761
1.176774549931815
1.1768849092590026
1.1767230241404645
1.1766067328071559
1.1765647062893678
1.1767275840058686
1.176833891526603
1.1764498690266429
1.1763366567733895
1.1771746324149102
1.1771127711219149
1.1769105252262444
1.1768650382072694
1.1768879727496346
1.1768982895104605
1.1768248882089847
1.1768979394979087
1.1767548990971628
1.1772464787444887
1.1764695026033152
1.1767504263140789
1.1767685466393234
1.1768406089015382
1.1769094579199617
1.1776799262045317
1.1768823271864357
1.1768488788022711
1.1775451542941082
1.1773433656073684
1.1773122739258843
1.1772718482994353
1.1771460386253911
1.1767606771162309
1.1768362490270756
1.176717812944744
1.1765156900471687
1.1751796279488611
1.1781397874299355
1.1765989934116166
1.1763441802479628
1.1776153637150546
1.1773161053634611
1.1770176821360809
1.1770126430688252
1.1762199991933204
1.1769141454138976
1.1768483675410113
1.1767283187248876
1.1767592729385712
1.1766788711575493
1.176725137463658
1.1775100948520929
1.1760308922996925
1.1767243031942389
1.1768392088771535
1.1769549747195904
1.1761391610633931
1.176816034493416
1.1762499205004786
1.1769727841814339
1.1768992575535075
1.177138382856415
1.1770783017238364
1.1771537656708833
1.1769323911263656
1.176871451617264
1.1766972061171428
1.1765963076008554
1.1765965539369483
1.1767036757151308
1.1767305869785873
1.17671412257106
1.1762861282997135
1.1778774868801616
1.1767794284202944
1.1769943181924996
1.1776817067735503
1.1768151715258979
1.1767801033331109
1.1765215526794943
1.1765503043900589
1.1764769907494899
1.1766060537666605
1.1767493113337539
1.1767623274112902
1.1766974611025234
1.1767222281787613
1.1767877694527376
1.1775224989139033
1.1767947232275855
1.1766817886801164
1.1767404673082287
1.1767488834317403
1.1767755095688446
1.176932696404754
1.1770639461947576
1.176963538313015
1.1768023859184147
1.1766447268278395
1.1765784122526193
1.1766105250079342
1.1765520486018852
1.1765947841235187
1.1767635395971046
1.1769641427957784
1.1767370049725885
1.1776605166559928
1.1772461770797233
1.1767882985986444
1.1768323285874822
1.1768331121050117
1.1761809939829846
1.1763275208228459
1.1759432082979346
1.1765147601867947
1.1765897143468904
1.1766505538073941
1.1766848657980815
1.1766854833314409
1.1766830671847488
1.1756766548407833
1.1770826353539128
1.1767641501460127
1.1766147437092773
1.1765829586056504
1.1767251622899226
1.1769445601706201
1.1768913082500974
1.1767542561450108
1.1762107082206374
1.1768918876703371
1.1766006245560359
1.1767427280472824
1.176784990123481
1.1767520048961173
1.1769529743736078
1.1773728512405977
1.177713212019778
1.17731790140327
1.1772680924118408
1.1773260551020983
1.1768499726992165
1.1766956860537086
1.1765901095928553
1.1765277174773769
1.1768972894360823
1.1765546729870799
1.1765778129142743
1.1766929376241095
1.1767099055839556
1.1767502920814714
1.1769206827770178
1.1767640328435338
1.1768127071196437
1.176709291406413
1.1765974242140356
1.1765423002529583
1.1766799236884389
1.1767480972915683
1.1765391605810023
1.1758934205743985
1.1768691727165042
1.1764859103662542
1.1762755624261496
1.1765058797102936
1.1772360009033953
1.1760886734287244
1.1769611701246447
1.1772166944709321
1.1774642462301161
1.1770582452548539
1.1770782489311409
1.1771097731195137
1.1770404047600147
1.1769337468512193
1.176729626941958
1.1758261443089615
1.1765519797470194
1.1765121684753734
1.1765929149959069
1.176830960955112
1.1767156980211386
1.1767028530099379
1.1765528686395517
1.1768355858251127
1.1768505955606829
1.1767817072717017
1.1767545923386908
1.1767366064775144
1.1766763629148798
1.1766439531695203
1.1765484172380802
1.1764008880717183
1.1765110762913167
1.176527923814606
1.176540842596967
1.176651071213628
1.1766719430245525
1.1775585597300999
1.1770471927140203
1.1770859204399904
1.1773060035025189
1.1764551123136056
1.1766522647480022
1.1767674452875725
1.1768217957558331
1.1766647194513498
1.1766733189388932
1.1772857480458312
1.176526605233299
1.1764763497649724
1.176533943894174
1.1764409481685865
1.1766969460560386
1.1768051216394388
1.1768507047791745
1.1771792351696746
1.1771414918474277
1.1770550721815978
1.1770268784956956
1.1768736331977616
1.1767072828739278
1.1764810049005889
1.1765821872222437
1.1765294468869734
1.1765759593274194
1.1765751919237784
1.1766469771694905
1.176618453979307
1.1766423521404652
1.1767101425401449
1.1769492583142038
1.1768970878228098
1.1765353413880222
1.1769802702297281
1.1765195659189074
1.1765965313187896
1.1765548178271437
1.1763337075224323
1.176575846530348
1.1766539118424437
1.1766836140152304
1.1765665716374047
1.1764514472916341
1.1760480617182896
1.1774331968048279
1.1764228374794237
1.1773278071005742
1.1772411691282629
1.1772896587371997
1.1771468784138215
1.1771155574435821
1.1768941130043671
1.1767078199320677
1.1766239776293987
1.1766463387640587
1.1766108849357675
1.1765430380859399
1.1764317093088785
1.1765709708793244
1.1765764391992242
1.1765643804641344
1.1766283470293388
1.1767428862746458
1.1768251242035295
1.1770861348793165
1.1767048258737931
1.1764375866325762
1.1767240405104704
1.1766880829481983
1.1767466244605811
1.1761750236306305
1.1775472361830652
1.1766966352191028
1.1767999725490699
1.1766657965213299
1.176497319916286
1.1756801339764245
1.177184886893833
1.1768439958281243
1.1770142591659734
1.1772812815579827
1.1770909956884752
1.1768737383747239
1.1768334318899583
1.1768089183618864
1.1768036952929586
1.1765813907259171
1.176643060007132
1.1766212068681043
1.1768796191242687
1.1766270040241389
1.1764953796499962
1.1765765884363677
1.1758558181653951
1.1765979137730236
1.1767368263885885
1.176872742278354
1.176518438126724
1.1765164415766225
1.17645758032901
1.1766650885045054
1.1766661886608079
1.1768201826738078
1.176913495851849
1.1769294817398726
1.1767979495538081
1.1766542551693961
1.1765865552544419
1.176469269682018
1.1767572794706409
1.1770230086134768
1.1770625302565221
1.1769511275140896
1.1774293624850762
1.1769041810831082
1.1768251357132735
1.1768321476023873
1.1768521560503904
1.1766362976905713
1.1766292191492029
1.1766133572379884
1.1767374166081439
1.1767003437040822
1.1764512943274545
1.1765651510371407
1.177270650790041
1.1760149462696852
1.1765869123361297
1.1766260143249223
1.1764834241539621
1.1768668938189519
1.1764016754822566
1.1773632534643257
1.1769383142404537
1.1771549813482618
1.1768431243772608
1.1768977154587703
1.1767372153423685
1.1766860228022551
1.1767885736450645
1.1767005612213481
1.1768190686826538
1.1769187884120467
1.1769624569401798
1.1767976905970772
1.1763446278778582
1.1768034634668156
1.1768961315019899
1.176878007912328
1.176864610273902
1.1767294961732706
1.176688649948058
1.1766900881247189
1.1767343962014654
1.1767166050171034
1.1767093228579812
1.1768068418942141
1.1766583352584723
1.1773002803544876
1.1768347966060175
1.1766528747930043
1.1761134428114386
1.1775461993238303
1.1771363922956044
1.1771596309906249
1.1774256593086563
1.1766508945616649
1.1769994738122944
1.1769071989946349
1.1767259749123316
1.1768834456401918
1.1768719180233238
1.1767523594952762
1.1767416312714136
1.1765194076087528
1.1768030165493311
1.1770769774532595
1.1770145064497943
1.1770469663713978
1.1770197882171827
1.1770163312309005
1.1771307922937015
1.176608112170469
1.1767671247052063
1.1767778129417572
1.1767718502934967
1.1767861916385915
1.1768463497476165
1.1770735048946468
1.177219880971635
1.1772051901316971
1.1770152216942178
1.1767966174763207
1.1771027594476362
1.1775319062243532
1.1776179420983313
1.1775652485492911
1.1774183145813517
1.1779134268280866
1.1768067772815156
1.1769722391243285
1.1768972408562488
1.1768415086785673
1.1768670208160841
1.1766662948361408
1.17684964248294
1.1766536871002387
1.1768868111760016
1.1771520280106031
1.1770941550244698
1.1769335311021154
1.176984442918817
1.1770330669139943
1.1771907915383253
1.176668998463035
1.1768669542649584
1.176805905172986
1.1768755423067798
1.1770336034937314
1.1768808566337579
1.1770777082448725
1.1772192740915959
1.177131188498165
1.1771134002202022
1.1770925190678088
1.177052443647826
1.1774061420040609
1.1776699388659522
1.1776454997498071
1.1773163834175506
1.176893681312233
1.1768284148784689
1.1769802803698597
1.1768263246597206
1.1767323636280831
1.1768718163887142
1.176673629554688
1.176825487163929
1.1766247154396279
1.1769609522918687
1.1772439644970192
1.1771778493229133
1.1770276711132348
1.1770093869854654
1.1769234803704476
1.176942776493461
1.17692997613338
1.1768630100797728
1.1768713437558616
1.1769453810609456
1.1771312969481158
1.1768242470946579
1.1771172587000622
1.1768900096152748
1.1770441483500098
1.1770984738167076
1.1770783046423521
1.176975519713531
1.1766240637603829
1.1784173457540619
1.1776439146877593
1.1772543712219274
1.1768013743573271
1.1769299608558712
1.1769260965283936
1.1760185928927782
1.1773827849371872
1.1767937227404019
1.1766740500760724
1.1767485128797674
1.1765503847462646
1.1768404446441969
1.1771678592752839
1.1770834357075175
1.1770003383264691
1.1769698200723044
1.1768498845872022
1.1768342929070239
1.176906516921834
1.1767362726936739
1.1767337932580142
1.1769295713782282
1.1771086821442001
1.1768533390446902
1.1771854155748016
1.1767796154613277
1.1770137544062453
1.1770906133901693
1.1770492675908535
1.1768442484832944
1.1773080357385823
1.1776846142243207
1.177575512762512
1.1773248795440945
1.1769728651703077
1.1767745000706531
1.176884886218635
1.1767231932769699
1.1766068967964627
1.1765647489759703
1.176727903826484
1.1768345956925055
1.1764526535155591
1.1763356939326621
1.1771684883085134
1.1770183950384308
1.1769395595571062
1.1768936093143323
1.1769366998006756
1.1768967559122792
1.1767709318262247
1.176588588900229
1.1766532683286244
1.1769178820562338
1.1773996153056603
1.1764283945578566
1.1769530446104317
1.1769369039447009
1.1770106743108477
1.1770347729945319
1.1769344691051797
1.1768509693616602
1.1775466814616882
1.1773464593271925
1.1773065623426737
1.1772484161851484
1.1771456975854087
1.1767631676555912
1.17683637653477
1.1767180860214757
1.1765165617947655
1.1751808135739352
1.1781411580757906
1.1766019535355183
1.1763445652299269
1.1775795663422524
1.1773105518745655
1.1771035184274392
1.1769084767978912
1.1768654745819549
1.1768873482733568
1.1768969212015523
1.1768236473623848
1.1768977630698141
1.1767553187275976
1.1772474353610773
1.1764693578379299
1.1767483012046795
1.1767667345080486
1.1768452673302696
1.1769191581027725
1.1776943447924446
1.1768924341211708
1.1762546028914425
1.176976323890075
1.1769013989676591
1.1771351313431098
1.1770896420424166
1.1771619062904481
1.1769339910627179
1.1768717254571897
1.1766972499196171
1.1765972920206766
1.1765979839656888
1.176705161395855
1.1767321761460054
1.1767147166413072
1.1762706454977243
1.1778861867742159
1.1770138126736598
1.1770116438410922
1.1762196352745393
1.1769133257355144
1.1768464215450214
1.1767268783785743
1.1767587472412702
1.1766801232359831
1.1767282478558581
1.1775111603330044
1.1760260424022215
1.1767182776508025
1.1768420441411021
1.1769704159273693
1.1761592798874752
1.1768283572278828
1.1766844435219594
1.1767415724625898
1.1767338498908775
1.1767429372211282
1.176972988383312
1.1770693131444465
1.1769655970470809
1.1768037326164718
1.1766449828266448
1.1765789632999484
1.176611565418181
1.1765521018838374
1.1765942016377078
1.1767664058675307
1.1769640880633969
1.1767409313154318
1.1767788774065728
1.1769936890958261
1.1776808137108101
1.1768126502384171
1.1767758552879715
1.1765179421358904
1.1765487109102579
1.1764764723297665
1.1766072285225999
1.1767501250259127
1.1767594682377003
1.1766944936051686
1.1767212359990451
1.1767899452018764
1.1775277229115326
1.1767989947940849
1.1767649315119599
1.1766125463400374
1.1765724092238918
1.176708352012876
1.1769527842291501
1.1768947765995392
1.1767554053509266
1.1762112884327365
1.1768922976138088
1.1766014427445095
1.1767423232077179
1.17678043568222
1.1767428959666477
1.17695510809202
1.177379622408447
1.1777154809619856
1.1776614323499384
1.1772473589920143
1.1767888585266717
1.1768316717442668
1.1768319899349622
1.1761793669991738
1.1763259610619645
1.1759414246724407
1.176514211402981
1.1765900491434058
1.1766492570912044
1.1766835177184081
1.1766839999020318
1.1766822382716626
1.1756754278017729
1.1770827895914455
1.1767102596732297
1.1766012833972372
1.1765483817869289
1.1766747645175004
1.1767412776297645
1.1765371100461119
1.175893086869144
1.1768695530059665
1.1764866037500725
1.1762761075324313
1.1765047911335436
1.1772267505506782
1.1760713371258742
1.1769523219532732
1.1772218145522095
1.1774650550860344
1.177318913636376
1.17727012755744
1.1773293019827185
1.1768544452224294
1.1766991185147486
1.1765912522225146
1.1765270263614511
1.1768953557233326
1.1765548975270925
1.176576966990863
1.1766912388588797
1.176706818861716
1.1767485184385809
1.1769286951857183
1.1767644431663542
1.1768127426915376
1.17678284744795
1.1767575157983092
1.1767390047811646
1.1766710326719181
1.1766398650394325
1.1765469228820054
1.1764011114015189
1.1765118674112613
1.1765284467069268
1.176539533977037
1.1766493040483579
1.1766657506192362
1.1775544638298396
1.1770716695396612
1.1770955790319757
1.1773066114427184
1.1770586427172647
1.1770802325667933
1.1771141114903179
1.177047016355435
1.1769396649393147
1.1767298344342281
1.1758215110894794
1.1765529024339567
1.1765249757783474
1.1765825774608805
1.1768234493256771
1.1767117424400888
1.1767070266654518
1.1765907182315234
1.1768465576414628
1.176852942813539
1.1770578532274185
1.1770285260145312
1.1768728762973812
1.176700928752108
1.1764776727265525
1.1765817396514031
1.1765300083672787
1.1765770630544337
1.1765749120909723
1.1766450787811795
1.1766157308857572
1.1766370801136623
1.1767045747136753
1.1769575772869001
1.1768969490129644
1.176534598353554
1.1764553318995115
1.1766530073358163
1.1767697269082078
1.1768253577569348
1.1766658266599144
1.1766653853363036
1.1772675210353165
1.1765345364538382
1.1765063898976746
1.1765068664607281
1.1764265039171464
1.1766947610587719
1.1767933235846648
1.1768173836216709
1.177174191484472
1.1771443296460873
1.1771486535622604
1.1771152154838398
1.1768952526098602
1.1767079708952608
1.1766225901631455
1.1766471862844912
1.1766121566820893
1.1765438721081305
1.1764315769581761
1.1765712394015504
1.1765735360365328
1.1765606599005933
1.1766221779690815
1.1767323607092672
1.1768228174270103
1.1770861269144226
1.1769803443317828
1.1765196903133239
1.1765967836140432
1.176555099631869
1.1763346839325108
1.1765633240429949
1.1766143025336777
1.176671954220273
1.1765757700074233
1.1764369276634392
1.1760425249127695
1.1774384130749911
1.1764272891785594
1.1773225099997158
1.1772450931521965
1.1772931687709403
1.177093729878218
1.1768742781823944
1.176832902416959
1.1768100231728447
1.1768059423833004
1.1765834227831251
1.176645023002779
1.1766226246058531
1.1768814767357445
1.1766308392469709
1.1764996524415021
1.1765768353254027
1.1758460678959044
1.1765854074423292
1.1767282092138054
1.1768712705440783
1.1767056778526663
1.1764378741301711
1.176723985966061
1.1766876448776558
1.1767481285264838
1.176185417812138
1.1775779435517129
1.1767049685442852
1.176798920056993
1.176664537227641
1.1764994896677528
1.1756875080562665
1.1771952566002251
1.1768519660270047
1.1770209708770514
1.17728581324654
1.1774309450351828
1.1769034399541329
1.176823558366261
1.1768334693399722
1.1768580629032901
1.176639101280645
1.1766305346437749
1.1766153596950941
1.1767441067694744
1.1767131751307154
1.1764630368343973
1.1765662645637522
1.1772644059175916
1.1763376472616156
1.176576303813917
1.1766217335582838
1.1765199308131675
1.1765171617269166
1.1764578634709826
1.1766650809343659
1.1766668047366979
1.1768260897142526
1.1769285351276111
1.1769354749061742
1.1767978153516294
1.1766553741487622
1.1765902234385832
1.1764748256109512
1.1767640045402115
1.1770274452054703
1.1770666788183497
1.1769552836310533
1.1763432289642646
1.176801937486494
1.1768956673227509
1.1768798101800453
1.1768679065623864
1.1767305631049414
1.1766896871169437
1.1766931948985913
1.1767435172649485
1.1767264863690772
1.1767175392139955
1.1768127016755627
1.1766619379036753
1.1769819494657103
1.1768425302085972
1.1766525257126264
1.1764830146145691
1.1768669485938132
1.176401445671732
1.1773622595971653
1.1769373967397365
1.1771546641022541
1.1768444614977449
1.1768988532820936
1.1767383180065265
1.1766875642810453
1.1767907130434421
1.1767027603005762
1.176821362228226
1.1769200157425368
1.176961984070217
1.1767962088671573
1.1770148225579737
1.1770483674367243
1.1770208942796945
1.1770173688670043
1.1771321891068127
1.1766098164676768
1.1767685105115246
1.1767785017772869
1.1767698782458942
1.176769670956989
1.1768358224331812
1.1770751149318648
1.1772290435439117
1.1772058487151373
1.1770200913935296
1.1767968599181566
1.1761126400700104
1.1775450790001605
1.1771344824850964
1.1771573142107676
1.1774240923451633
1.176650384086954
1.1769996010075412
1.1769077701617541
1.1767267325475061
1.1768842605821814
1.1768724488255118
1.1767531082332467
1.1767422118376178
1.1765194774122123
1.176802003817764
1.1770757177432729
1.1770942080405424
1.1769340262736443
1.1769846645448778
1.1770325012931502
1.1771911761273883
1.1766703330988706
1.1768680057061265
1.1768056321892419
1.1768702873361898
1.1770199187850932
1.1768729402724551
1.1770751017032577
1.1772187976998179
1.1771370108431594
1.1771190611355122
1.1770950745931088
1.1771028697082577
1.1775294678912318
1.1776135002050896
1.177562008557919
1.1774168318623772
1.1779135898241526
1.1768071158582123
1.1769725761270633
1.176897590834779
1.1768418418352702
1.1768671453763391
1.176666280371738
1.1768494754387127
1.1766535332235251
1.1768862776153131
1.1771513089371743
1.1771768421403395
1.1770274023925364
1.1770074829643093
1.1769233758881996
1.176943135383963
1.1769311319898874
1.1768638812469572
1.1768716808431279
1.1769453502896203
1.1771293516517007
1.1768195967288129
1.1771082642074677
1.176883082335153
1.1770527215516629
1.1771133696616729
1.177086299122029
1.1770549705603448
1.1774052722272179
1.1776687719313021
1.1776440463823958
1.1773181811518196
1.1768950343736873
1.1768288877615356
1.1769804738963323
1.1768264607546304
1.1767325916044
1.1768720725415658
1.1766737779152057
1.176825579366799
1.1766248390453646
1.176961021340311
1.1772432234792731
1.1770412023544858
1.1769286557908876
1.1769106993387075
1.1766385573709541
1.1768442133032042
1.1768240739512483
1.1767955773138821
1.1768147586358668
1.1770550745778341
1.1773271396846168
1.1764423590443449
1.1769308614317073
1.1770381492263262
1.1771379834958149
1.177130184670921
1.17703102209828
1.176940401759242
1.1772979539438204
1.1774681536465947
1.1774443759118445
1.1773178502079216
1.1770899149769116
1.1767786861603349
1.1764369463310758
1.1772819814801843
1.1765668057384695
1.1767107404133392
1.1768947256090629
1.1764100935619157
1.1762843581670568
1.177077163607487
1.1772203229750584
1.1769737741560793
1.176873216641229
1.1769650916233056
1.1770866330451049
1.1772950962555326
1.1763012552019065
1.1766593426096628
1.1766997508387296
1.1768219790761518
1.1769715554473605
1.1767890578311433
1.1769430189280627
1.1771829452300568
1.1770532965266516
1.1770501250413017
1.1769539040011754
1.1768327372877596
1.1771938582560644
1.1775079083422075
1.1773503410871451
1.1773155474339687
1.1771044407403639
1.176698629341717
1.1769396398175884
1.1767819435504263
1.1765516169429169
1.1763672137087493
1.1770919443726495
1.17711812452474
1.1766650567064842
1.1768893621934986
1.1770848880111728
1.1769476432419892
1.1765872345849138
1.1768885557908513
1.1770447997817817
1.1771169341590024
1.1767767710354049
1.1768184548046439
1.1768878301331147
1.1764965975971169
1.1768165223369418
1.1768099329213457
1.1767778951903032
1.1768441006326675
1.1767950498482878
1.1769351730625934
1.1768904635861113
1.1767642458461651
1.1772627147475947
1.1770996769588258
1.1767329766219472
1.1776648549213886
1.1772495658594471
1.1768982782412392
1.1768198788038855
1.1765365345556704
1.1765905799889818
1.1765673107614592
1.1767829074098164
1.17664469436668
1.1766345056683467
1.1769587890415025
1.177071802135593
1.1769981932854745
1.1772312729590069
1.1769573667964526
1.1768897851403237
1.1769097453093578
1.1767142863370292
1.1766873971898615
1.1766364796810636
1.1766787614606207
1.1767844476277072
1.1767746656908955
1.1767480546434979
1.1768328352380999
1.1770506594242751
1.1770339465481248
1.1769383453877307
1.1768281965585849
1.1769794007908299
1.1768078549109411
1.1770257959413088
1.1770652252350957
1.1772128666105164
1.1769893433778982
1.1768843361644643
1.1767219598598389
1.176794591720159
1.1766944343162495
1.1765431115400571
1.1759808672220704
1.1771670569210515
1.177029248585024
1.1770399861468988
1.1769994832522745
1.1770217691564151
1.176873228375257
1.1766363707570926
1.1766879101090364
1.1766376492931954
1.1766300691921967
1.1765613167656084
1.1766774332599232
1.1767628865631605
1.1767569957963335
1.1767196195420526
1.1767427258548808
1.1766904141065391
1.1773010792857925
1.1769139708230214
1.1768417070248727
1.177031178098465
1.1767136666639306
1.1766778792436494
1.1770981243943983
1.1770064291806495
1.1769093853216928
1.1768942137142224
1.1767113022838815
1.1766070034493217
1.1766342893636044
1.1765780727467747
1.1766190712124793
1.17644623075518
1.1774388839628496
1.1769739781647546
1.1771562992225919
1.1764041193347556
1.1769888787020721
1.1768124230434138
1.1766891520537124
1.1765052307988979
1.1765080595425597
1.1771876258339868
1.1758647508843483
1.1766736553614261
1.1767087676340049
1.1767196935958055
1.17676040230141
1.176768559156556
1.1762804669448319
1.1775881181575143
1.176746092919275
1.1763761671462005
1.1766060868358468
1.1762068488808179
1.1773265162421829
1.1772636709624436
1.1767055287512111
1.1766566296565242
1.1766134640416139
1.1764811293492441
1.176743827376328
1.1767824932371014
1.1759208987956733
1.1768532926448836
1.1772852154907647
1.1772571778339189
1.1771107397946952
1.1778868789341101
1.1769912286682291
1.1770267928057607
1.1767855318829556
1.17656292123333
1.1764721034854522
1.1762020683129277
1.1765378973518643
1.176644219713693
1.1767154253342056
1.1767477325149329
1.1767955782008528
1.1768130010226068
1.1767825645521002
1.1760962581544931
1.176746742168127
1.1766167547345234
1.1766679042360693
1.176660482607051
1.1770729158305999
1.1762571148723948
1.1764217561022556
1.1765029610620832
1.1765229596364417
1.1758112950806694
1.1774349826910986
1.1766899246947811
1.176938971978488
1.1773167838460006
1.1767672012520587
1.1777413117160953
1.1771306442906586
1.1770375454998678
1.1771330257581876
1.176980512611185
1.1768426494020698
1.1759963494916452
1.1773551182134085
1.1767472977644815
1.1765637508632556
1.1765928101504697
1.1767142338597476
1.1767155238980407
1.1767447367987349
1.1767177282361654
1.1768821009145112
1.1768719214601344
1.1767855840037458
1.1767364494414585
1.1767192005894651
1.1766371447546504
1.1771052438165641
1.1765693134863981
1.1765155760785526
1.176484920910583
1.1763033540154901
1.1765981575180735
1.1766759297491207
1.1766379341231663
1.1767095747725898
1.1770178756685923
1.1767943662415323
1.1778242065017319
1.176806020752404
1.1767635004755921
1.1768084568704946
1.1768123927214778
1.1767098525428075
1.1766520797145206
1.1765246544291061
1.1765769206068308
1.1765508977179149
1.1765673664544087
1.1767871797957656
1.1767758631937915
1.1767690771170765
1.1764085925766958
1.177496924441388
1.1769739635087531
1.1768585668268572
1.1760336341291708
1.1774452336618964
1.1767158428685276
1.1758806930666945
1.176691584539487
1.1766355858833737
1.1766256017634174
1.1761631235546766
1.1766519921461944
1.1766203828110395
1.1765874140103527
1.1767567762467588
1.1769336973391749
1.1769859600688726
1.1769963374589592
1.1767185107933473
1.1765557794279893
1.1766428979648911
1.1766727800321726
1.1765698050539355
1.176564724167753
1.1763176987981214
1.176307781968027
1.1766434036511271
1.1763301558356087
1.176682690978788
1.1767968470931705
1.1767670681041031
1.1768075849474033
1.1770678959858079
1.1771499880381071
1.1770213324880194
1.176881229281741
1.1768012914336363
1.1767757076155525
1.1766970282803342
1.1766979111404894
1.1766866119294177
1.1765834430339104
1.1773720810701203
1.1765353815992114
1.1765473964107305
1.1763454543680121
1.1766626175206067
1.176735491966898
1.1767872177196854
1.1768392175096507
1.1765362019650123
1.1763909426010632
1.1767557195506857
1.1767192482129873
1.1759594829820874
1.1775126436253722
1.1767421681039052
1.1776124518032396
1.1767582004931754
1.1765962379769919
1.1766050375977746
1.176535399072016
1.1767852010899384
1.1768142972353217
1.1768669265493903
1.1771482658169656
1.177024262588569
1.1768782707249297
1.1768426272939545
1.1768166130323976
1.1767375238743516
1.1765927617859275
1.1768289314994351
1.1764800995298441
1.1767387342108273
1.1764764194474007
1.1766253409088923
1.1770253000664748
1.1760067055586763
1.1766968639793043
1.1767073933526877
1.1767460490067856
1.1764694027299099
1.1757150536807031
1.176631226766752
1.1767894484589132
1.1759978888541305
1.1767854738290044
1.1768913230453737
1.1769121473420223
1.1767630086925696
1.1766530301752391
1.1765490728839321
1.176541567966384
1.1767763967342448
1.1768651305800912
1.1770337254297805
1.1769712121340339
1.1769768003344303
1.1768829192059327
1.1768346402528496
1.1768037662828645
1.1768143006649536
1.1767081912449699
1.1766738058851645
1.1766195366233032
1.1767317444255732
1.1766232228151188
1.1765599631491184
1.1767070884310016
1.1774939717018038
1.1766707655380104
1.176609695750882
1.1767036296227678
1.1762628187858404
1.1775311248458249
1.1766629428366258
1.1770908234196737
1.1776994258485609
1.1770808291577752
1.1769498452623637
1.1769101584825776
1.1768131167004359
1.1767161072951646
1.1766920141445723
1.1765961747506481
1.1768089278250562
1.1769485024169575
1.1770927289825495
1.1769702348540256
1.1768744853901096
1.1769095700564747
1.1769154064089502
1.1768843046746598
1.1768336984673164
1.1770524020890925
1.1764380839859507
1.1766898825632417
1.1768109615847857
1.1766906049307748
1.176690162881149
1.1765214395786423
1.1767860115945692
1.1769100320797976
1.1768324252065381
1.1768710389918391
1.1769776132946941
1.1776662060581957
1.1770501117270344
1.1771676617738391
1.17722711795502
1.1770831320815252
1.1761750050889719
1.1768552234322798
1.1767771268420737
1.1768218736584268
1.1768857299307203
1.1767346999279689
1.1767763667993858
1.1767296586438494
1.1768730745063927
1.177275465898223
1.1770439229917271
1.177023440088045
1.1770349027003748
1.1770264091129994
1.1768967664671277
1.1768480959304879
1.1767944623247879
1.1767319596345986
1.1768041118224917
1.1768176915856108
1.1768341560010236
1.1772005026103536
1.1769776204193294
1.1769793714209269
1.1770539886363258
1.1769943229351592
1.1770437338735844
1.1773567507415854
1.1773338395713047
1.1773225968523684
1.1774197307291194
1.1774344483857566
1.1776434182763396
1.1768593858258583
1.1766716191068818
1.1765730602172044
1.1766664608660917
1.1775222485355104
1.176800866132137
1.1766516221189596
1.1768938030593812
1.1767658537372276
1.17696313929528
1.1769376420193649
1.1769829739247408
1.177013519784919
1.1770386444047733
1.1768931880653919
1.1772130863362316
1.1765331360352209
1.176889276602691
1.1769376665000173
1.1768885125872512
1.1769798357323238
1.1770024298884576
1.1771247415711206
1.1771394081968525
1.1771091148243282
1.1769350989332006
1.1773357134089271
1.1774454481824956
1.1774612799825599
1.17736103788686
1.1771555484363803
1.1768048787777301
1.1768210454991297
1.1769405431885016
1.1767692166031725
1.1761822394653105
1.1775199541693031
1.1766781922613181
1.176299708320355
1.1772082090098881
1.1772075463768368
1.1770505417920218
1.1769477343970101
1.176943969115972
1.1768867613727045
1.1769701291879628
1.1769509370539868
1.1769179516010924
1.1768838865118658
1.1771944951107201
1.177060678771688
1.1766106260184523
1.1769319870411266
1.1770512903432908
1.1771662470888149
1.177121776082291
1.1770129816128359
1.1769361166372376
1.177298177669591
1.1774645171167695
1.1774431011105833
1.1773477561175452
1.1770933520700337
1.1767786193195111
1.1764369201924472
1.1772819089929698
1.1765666645253954
1.1767105122417112
1.1768943971372052
1.1764096467742471
1.1762854102922282
1.1770800610620304
1.1772140016037453
1.1770370787743958
1.1769281819440178
1.1769114398194647
1.1766378759657088
1.1768428301530662
1.1768229413337588
1.1767951856543946
1.1768141854063789
1.1770533905507028
1.1773263662598188
1.1764483018856315
1.1769490360930137
1.1770482924294297
1.1771054886889534
1.1770866259575028
1.1770094921967156
1.1768298918161848
1.1771920450710167
1.1775053835284366
1.1773811786076112
1.1778039522211632
1.177136580357683
1.1766992744752192
1.1769394325511393
1.1767818399048584
1.1765515999421938
1.1763671590344744
1.1770921951163098
1.1771197468152743
1.1766674853986314
1.1768766539878228
1.1771018958278807
1.1769690492005316
1.1768696543656096
1.1769652413412588
1.1770864715863973
1.1772942385366534
1.1763004438977152
1.1766591531309796
1.1766994758654941
1.1768211676899201
1.1769707676566556
1.1767914057548097
1.1769522738143032
1.1771917398557974
1.1770312814801389
1.1770148672306122
1.1769381289231688
1.1767692491070827
1.1772644574669886
1.1771019875135762
1.1766898381945661
1.1771986399097498
1.1772220485675255
1.1769067297277889
1.1768197414532715
1.1765363891102831
1.1765907913091584
1.1765676691464437
1.1767835011512371
1.17664756939365
1.1766334045568516
1.1768041173351729
1.1772233867387221
1.1769586392473828
1.176579224588967
1.1768876101081387
1.177045622907553
1.1771176042176497
1.1767765952402733
1.1768183954281801
1.1768890929839082
1.1764997958028338
1.1768177535933091
1.1768058920861098
1.1767740979418078
1.1768481803604465
1.1768020498329494
1.1769441620172894
1.1769002768391399
1.1768337373364779
1.1769822540958048
1.1767957200010817
1.1769847318051612
1.1770687832866287
1.1772265604419794
1.1769934476919235
1.1768834323920234
1.1767217557006975
1.1767950803685907
1.1766953754030482
1.1765436733873571
1.1759863590002435
1.1771727476384637
1.1770124461345932
1.1770524390527515
1.1769934733409062
1.1772276632471175
1.1769571984108824
1.1768908298157712
1.1769100524531286
1.176713388171104
1.1766867867600161
1.1766390378634737
1.1766855673467802
1.1767871497565383
1.1767653363991861
1.1767375920691339
1.1768336684394891
1.1770621811865567
1.177056439918138
1.1769530612228942
1.1768452355708801
1.1770361755504621
1.1766662476153589
1.1765450205040067
1.1772329509789785
1.1770529259552647
1.1769130302130613
1.1768925403981785
1.1767107955572969
1.1766079376943046
1.1766355834339466
1.1765768463381943
1.1766167190637007
1.1764531980119814
1.1774511349847625
1.1769762605551137
1.1769991501693344
1.1770224906664639
1.1768736025626565
1.1766354292672343
1.1766853383094695
1.1766346468470865
1.1766281397127949
1.1765614044957198
1.1766818459438153
1.1767654080291621
1.176752165736882
1.1767152222351056
1.1767396922285152
1.1766881094236077
1.1773062964077841
1.1769192107055524
1.1767466360141958
1.1763753711003804
1.1765874486801946
1.1761672582300258
1.1773628029466785
1.1772753191248337
1.1767045448273787
1.1766563356507374
1.1766138862794477
1.1764835774404947
1.1767418078404326
1.1767723691121128
1.1759042919341725
1.1768639939373
1.1772986252505837
1.1772616578219035
1.1771588119178265
1.1764062208915758
1.1769900942857727
1.1768119201278935
1.1766870079140852
1.1765029275156469
1.1765064938797345
1.1771867795849815
1.1758660516400319
1.176675499146733
1.1767077114231035
1.1767183467293749
1.1767559097625544
1.1767609881119385
1.1762783980018969
1.1775886015401229
1.1767468903459988
1.1766173281545569
1.1766656814787657
1.1766502600725532
1.1770720199719642
1.1762530092641932
1.1764212957830482
1.176503506043012
1.1765241303415952
1.1758137066695744
1.1774330012248486
1.1766720003181568
1.1769101712785299
1.1773331017922382
1.1767833227866507
1.1777456893636538
1.1771130023534064
1.1778892111271175
1.1769933564696189
1.1770286476672036
1.176786398319084
1.1765626915735179
1.1764713947762908
1.1762012827066932
1.176538701445164
1.1766459871510491
1.1767141356835258
1.1767402282104942
1.1767956778120938
1.1768406718939706
1.1767892172611381
1.1760965421810325
1.1767854062761343
1.1767362230134255
1.1767176586509533
1.1766319546828716
1.1770984972536163
1.1765673495289513
1.1765153194113667
1.1764856348599206
1.1763043635744088
1.1765992194062145
1.1766754486311295
1.1766290657055718
1.1766928902444767
1.1770328066960405
1.176804328662338
1.1778260966534009
1.1771314676332005
1.1770389971709549
1.1771352736372052
1.176982922074105
1.1768442145206244
1.175996070402314
1.1773534119653952
1.1767454180679864
1.1765627417506099
1.1765901135549588
1.1767111752251633
1.1767080057349497
1.1767613346066437
1.1768334383774399
1.1769138347277577
1.1768759163388471
1.176860337412166
1.17603407775339
1.1774430740620849
1.176710669759566
1.1758761546520295
1.176692469776782
1.1766351732720075
1.1766263433410322
1.1761636236651754
1.1766523151709054
1.1766200737807639
1.1765849149885415
1.1767530860647606
1.1769364727807965
1.1769855368315383
1.1769950112166714
1.1768056985469821
1.1767636111395257
1.176809186055487
1.1768137888454204
1.1767098145539812
1.1766498523607993
1.1765201302082422
1.1765735793704106
1.1765471069153899
1.1765600028752079
1.176784001888159
1.1767717606514443
1.1767303173108823
1.1762647317231842
1.1774596868539837
1.176971710525287
1.1770230576263243
1.176881111965304
1.176797928013213
1.1767712579694971
1.1767012963640806
1.1767031027466535
1.1766912563372378
1.1765851008957573
1.177372566815347
1.1765355354456573
1.1765467808684982
1.1763445758139184
1.1766609586593604
1.1767334028804286
1.1767858671426092
1.1768382077987369
1.1767173951515539
1.1765556144287077
1.1766429000518659
1.1766723868703886
1.1765687467165864
1.1765612744042708
1.1763115845282759
1.1763029061493417
1.1766397337576728
1.1763281284601332
1.1766831189473519
1.1768041580708437
1.1767655861335298
1.1767703474261819
1.1770710912095155
1.1771547745726063
1.1770238358071266
1.1768756730115717
1.1768399030780363
1.1768172320870398
1.1767682606997361
1.1766071468677515
1.1768346330288992
1.1764825833234545
1.1767400026185255
1.1764775882909648
1.1766253991104096
1.1770248079472982
1.1760039297914899
1.1766908906971518
1.1767059055621953
1.1767460112424739
1.1765364645470844
1.1763911219955974
1.176755840661073
1.1767188673455373
1.1759587740904667
1.1775136908937105
1.1767452737731983
1.1776118300143792
1.1767566100286133
1.1765959538646418
1.1766098405609178
1.1765452489627894
1.1768004224706317
1.1768230737256395
1.1768766089298694
1.1771515397870316
1.1769747914492543
1.1768789795397387
1.1768312658499529
1.1767963315473062
1.1767899872836955
1.1767009934278301
1.1766722639723184
1.1766204979785826
1.1767344168527309
1.1766274863741382
1.1765633597552607
1.1767058786657241
1.1774865624061177
1.176657135863165
1.1766003914648813
1.1767008041712985
1.1764701068643784
1.1757156467844336
1.1766316781896928
1.1767895665641745
1.1759978603032748
1.1767859758254087
1.1768929821982379
1.1769133056194503
1.1767625752780537
1.1766537620789785
1.1765525489285007
1.176547735005808
1.1767848616915662
1.1768734508780012
1.1770369539967263
1.1769717159041628
1.1768727673603885
1.1769078410645311
1.1769156699082624
1.1768857796012697
1.1768275234297263
1.1770473434331641
1.1764364858682459
1.176691072698937
1.1768142393664296
1.176694914113023
1.1766929137887199
1.1765232674290229
1.1767905653258293
1.176908760540947
1.1768241842357883
1.1768626438360188
1.1762613157621158
1.1775316688500159
1.1766634974551788
1.1770911385599394
1.1776995588699131
1.1770810100648414
1.1769506351057419
1.1769109311175914
1.1768137391272069
1.1767168630323626
1.1766930691601694
1.1765979373519513
1.1768108438442566
1.1769502212901142
1.1770936263505185
1.1769707181795201
1.1770458626143201
1.1770260103948351
1.1770380296608984
1.1770304361667916
1.1768991539464009
1.1768494109692678
1.1767954933114637
1.1767335892971182
1.1768052323711129
1.1768160118385542
1.1768323179012581
1.1772002239578554
1.1769786879498292
1.1769787914709631
1.1770343127119518
1.1769845981231484
1.1769753238839145
1.1776659096227975
1.1770499922722364
1.1771674105644179
1.1772269508027196
1.1770833799801395
1.1761754781974283
1.1768557813320615
1.1767776643508234
1.176822203767055
1.1768857471284662
1.1767344620833191
1.1767762563909834
1.1767292279898391
1.1768729507507183
1.1772762244267918
1.1769644828992654
1.1769400054155743
1.1769849496652574
1.1770146033148154
1.1770406603651438
1.1768947795909517
1.1772145680923618
1.1765343619329256
1.1768898167805215
1.1769371740819563
1.1768865828915431
1.1769772855341758
1.1770015857286982
1.1771392238423946
1.1771725935592994
1.1771188170161044
1.1770435884773245
1.1773551574914582
1.1773333167300062
1.1773219507900943
1.1774201324311122
1.1774346261624982
1.177643745560558
1.1768597207769669
1.1766718812801298
1.1765731502498895
1.1766664116773247
1.1775221531221194
1.1768008433009713
1.1766517288689031
1.1768937152662713
1.176766212377699
1.1770511954576215
1.1769483389983866
1.1769437978398385
1.1768868767153207
1.1769711116974495
1.1769520461325471
1.176918788128257
1.176884650624324
1.1771955412676098
1.1770611734079297
1.1766057132046059
1.1769186627382964
1.1770459371213957
1.1771883244873562
1.1771544070953728
1.1770269735338459
1.176936306944909
1.1773351303333035
1.1774470092458365
1.1774625477235483
1.1773605699299745
1.1771564011055518
1.176804916708186
1.1768211774125863
1.1769406524936681
1.1767693348311254
1.1761823669622429
1.177520195246694
1.1766786956457971
1.1763004305338303
1.1772086577733227
1.1772081123900837
1.1769516837983016
1.1769178185214504
1.1769750736600806
1.1766661374612752
1.1768404350526429
1.1769610813684059
1.1769023167476751
1.1768005780695057
1.1767987485962763
1.1768772284278239
1.1767995407674765
1.1769701612944881
1.1770350257886624
1.1771434364578353
1.1771103486035557
1.1769772263836491
1.1768750356411362
1.1772982269160739
1.1772688343556306
1.1772314142932727
1.177230053781636
1.1773055254635838
1.1769804941903712
1.1763943560279231
1.1772510836442258
1.1765757850408975
1.1768746603837046
1.1767507772400505
1.1766819477496309
1.1765710822458826
1.1769633950670082
1.177019610763784
1.1769567566986832
1.1769400244183084
1.1770005946338367
1.1767362058206667
1.1768548643208341
1.1767275787971694
1.1768264004003566
1.176723551125308
1.1767108373151745
1.1768352060589526
1.17681206921985
1.1769415289645768
1.1769794610085005
1.1770558750167137
1.1770355029656518
1.1769424173314076
1.1760900322655052
1.1779431259702267
1.1776132289668566
1.1771303535628455
1.1772062083944634
1.1772563605139423
1.1769793240766313
1.176893600907321
1.1767704281024098
1.1765887963441604
1.1766514527173695
1.1766960149787273
1.176833172441019
1.1768924086567647
1.17702167861171
1.1770056955607704
1.1768660464211509
1.1768711110327108
1.17699643146513
1.1771466527618104
1.1777169747751359
1.1758641063552304
1.1767548419902647
1.176688816991146
1.1767019263666638
1.1768923061291354
1.1767338681128612
1.1768144188383403
1.1768604260696764
1.1772030173774726
1.1770142200298159
1.1769577641652207
1.1768835371671758
1.1770955322856962
1.1765614013918375
1.1770017943030473
1.1771421046955879
1.1772160643324687
1.1769968393629497
1.1769011668883544
1.1766739702845388
1.1765768035171609
1.1765933560626456
1.176608279529574
1.1766927776280212
1.1768294923458105
1.1769742865766282
1.1769618320622439
1.1766033560819671
1.1769643811932398
1.1769503127408114
1.176548661167401
1.1768072572611608
1.1767918106460917
1.1771968686968191
1.176445526518642
1.1763824170838642
1.1767752066600856
1.1767592543697871
1.1767721297220886
1.1767991432940492
1.176690800073225
1.1770130864423169
1.1770534073217005
1.1769930963951549
1.1778440670175512
1.1768805214024975
1.1769566586601243
1.17695660659797
1.1769524947759391
1.1768932970427823
1.176964955751832
1.1767366285505458
1.1766057162703416
1.1765637780785174
1.176628087892601
1.1766225572721616
1.1768912333024013
1.1770087088842227
1.176917258591617
1.1772091609190467
1.1770002479905148
1.176866873230237
1.1764256516409293
1.1767421052754159
1.1766969041558484
1.1766730793492186
1.1765808754466043
1.1766641116617291
1.1767485703837324
1.1767875433771671
1.1767452141026
1.1768306527997063
1.1769314757733627
1.1771789857113308
1.1770670093085456
1.1768604353709406
1.1759036679712178
1.1767395868479869
1.1767889207273217
1.1771490989175206
1.1767398146049792
1.1768362303948081
1.1769819537009867
1.1767583031580267
1.1765897697215539
1.1765887144934042
1.1765992681006756
1.1766277231161764
1.1767911548642651
1.176959353491865
1.1769361536710563
1.1770192166318791
1.1770751664916295
1.1769952878119818
1.1775673607947641
1.1767146432669673
1.1766465525962866
1.1766308345859955
1.1765849024108941
1.1766703063948254
1.1767182413410289
1.1767438195576456
1.1767700941775439
1.1768041692851046
1.17698004170947
1.1767155695919356
1.1768559428617711
1.1767271107160089
1.1764118275210742
1.1768266877986173
1.1767024013213989
1.1765256679249165
1.1766468161444466
1.1767302609871888
1.1768025785989953
1.1766890757669715
1.1765834515748324
1.176644256667692
1.17675321486775
1.1766757595406081
1.1767461206282983
1.1770462196478397
1.1770202755244494
1.1768378692831198
1.1769255372331153
1.1769685950527071
1.1768811736172269
1.1767064532039919
1.1766054904623253
1.1765500736372916
1.1764693238101014
1.1766201235033751
1.1766942923420896
1.1767191272291733
1.176714946240266
1.176705947236016
1.176634076478168
1.1767585968835894
1.176861807583246
1.1767813853400704
1.1766514260647496
1.1769139125641845
1.1762884372743281
1.1771437435829188
1.1766596326059651
1.1766536222460511
1.1766305621554167
1.1766041928907502
1.176586726915352
1.1766288129372715
1.175943916316843
1.176732581821482
1.1767432646561071
1.1770039996182735
1.1767384636268774
1.1769673549484727
1.1759279479153233
1.1776038602274705
1.1767447454198592
1.1766976028090572
1.1766667824827783
1.1765902265096029
1.1765574853978271
1.1765999986222722
1.1766255371069576
1.1766896413304682
1.1766925928697667
1.1767201921352028
1.1767647757215671
1.1768908531490871
1.1768808283470775
1.176819777813793
1.1766925728906596
1.1763949273860361
1.1766210298169453
1.1765945460881018
1.1766125176696818
1.1766455932093742
1.1765993599533371
1.1765617067923479
1.1765889233738807
1.1765899176245316
1.1769039865242679
1.1767491501412239
1.1773128484238253
1.1771485259411489
1.1773997600404857
1.1768736656092749
1.1768838795367769
1.1767895651354949
1.1768559476783511
1.176769604728408
1.1766210520329263
1.1765361218326045
1.1765579470922656
1.17659193919937
1.1765919565041432
1.1767740754918536
1.176789672823759
1.1767704869708311
1.1768587875889813
1.1770698916497202
1.1769103895584716
1.17686482613733
1.1767988055146268
1.1767294921540028
1.1767609918296407
1.1767009568955196
1.1767471744494775
1.17667887730791
1.1766275166268592
1.1766372250550858
1.17659225367836
1.1765870014755544
1.1768688090572068
1.1768455655023102
1.1769510647780825
1.1769753635527342
1.1770050091063382
1.1767109264109619
1.1767301560961587
1.1766903651417331
1.1767608914696628
1.1767307473245212
1.17657612872952
1.1765252833848039
1.176773726235969
1.1766594687751653
1.1765561619428111
1.1766731918490478
1.1769206560020014
1.1767846830206998
1.1775796631387871
1.176783143272778
1.1777434366122341
1.1770794688931216
1.1768770183783908
1.1768167203421114
1.1768030490062587
1.1766961192870979
1.1765832608182296
1.176646329049378
1.1766120509976534
1.1766081885675927
1.176556870603422
1.1762289737153595
1.1764078089325529
1.1768662506420675
1.1767820364615664
1.1767559609865077
1.1767971143821681
1.1764381689295702
1.1765833158151886
1.1766936544119264
1.1765055507288074
1.1766804408486014
1.1765269881680571
1.176578620663622
1.1769394553618391
1.1766890807205381
1.1766062198025731
1.1767560282106988
1.1767933934537027
1.1768207285686438
1.1762314228828694
1.1769484620765911
1.1765517876589364
1.1770198434811221
1.1768970616851981
1.1768443626464491
1.1768376274276486
1.1767432144382344
1.1766206783232374
1.1766877538060632
1.1766008622450246
1.1766442481974462
1.1766354643218428
1.1771942058970724
1.1773387889309321
1.1768571091107443
1.1760414062695042
1.1767220717374265
1.1764418934487946
1.176894753390868
1.1757900093648952
1.1767713446383896
1.1771187994636656
1.1767668977390338
1.1764674960265473
1.1766831140669824
1.1760389353126288
1.1773044077087038
1.176355203728626
1.1766152108825261
1.1770823081625477
1.1767966134313468
1.1765971442524334
1.176951067998085
1.1775327071277482
1.1768705357606057
1.1769597572918276
1.1769082949570531
1.1768444977420478
1.1768006020317261
1.1767411972663828
1.1767171103519696
1.1766476199576221
1.1766940971663937
1.1766782247209813
1.1763195227296117
1.1768543060705978
1.1768556793588083
1.1775394377499753
1.1766137170336743
1.1772868510131849
1.1768359855559891
1.1774191503689264
1.1767312814627255
1.1769923791759727
1.1769175754211256
1.1772964040092408
1.1770142340670542
1.1768518505199894
1.1767956628448848
1.1767174750074647
1.1767268874581611
1.1762464205209588
1.1772518150463338
1.1768750369104202
1.17701702866769
1.1761422885567046
1.1767901205513649
1.1768398835247365
1.1769514025049506
1.1772786319731561
1.1763886657829805
1.1768367592693072
1.1767162900408759
1.1767125488068708
1.1767981044802949
1.1768240431345491
1.1771929340787346
1.1768538956884884
1.1768854911459916
1.1768712778822061
1.1766986737261047
1.1769672846219059
1.1762507238632303
1.1772114103065314
1.1769259607339861
1.1770679999169977
1.1763749782706401
1.1772145598448458
1.1770651601509938
1.176894465126689
1.1768079327121093
1.1768015642965726
1.1768006731709078
1.1766783262532996
1.1768478328360898
1.1768704586984731
1.1769452751464438
1.1769891419006888
1.1769499559974881
1.1769733157239148
1.177062235103798
1.1769363064350289
1.1776143236278167
1.1761783004952575
1.1768512647285356
1.1767396704114819
1.1768798369693219
1.1769981313859883
1.1758938744367349
1.1768888872184866
1.1768803184567684
1.1770170183377757
1.1772467359042385
1.1768359592819877
1.1778032815708848
1.1773074011678135
1.1771465366512395
1.1768184550568841
1.1782610953310304
1.1773230682567326
1.1770686927992084
1.1769397664840031
1.1763655498108392
1.1772514258357811
1.1768859844722686
1.1766994822044341
1.1768531749674724
1.1768321764259395
1.1769435037336693
1.176949224798624
1.1769488260589056
1.1769440677547045
1.176989383972965
1.1769478177470865
1.177007442596383
1.177069536036665
1.177095775360814
1.176597780089804
1.1768541930835583
1.1768691454565603
1.1775630867835398
1.1769835022206314
1.1769041094413302
1.1770428955251633
1.1772185319913713
1.1774009391713436
1.1768420205178312
1.1773938862907143
1.1773172733193347
1.1773488772065741
1.177332337961305
1.1772991395504822
1.1769998268665725
1.1767838381347804
1.1769460615538159
1.1767697724015673
1.1768978024480106
1.1767489869033929
1.1767703788611741
1.1766502124523226
1.1769785165456061
1.1770234175236751
1.1769574742836428
1.1769147256390167
1.1769431777130033
1.1768820008357355
1.1770191703680906
1.1773050132383065
1.1766885776857252
1.176803045876015
1.1769220743532043
1.1769138708001352
1.1768864360743263
1.1770018049833637
1.1770520722427158
1.1771858153780403
1.1771573449545334
1.1770149850714855
1.1768747425360713
1.1772987536064365
1.1772682402581196
1.1772305099191274
1.1772344786412274
1.1773056430839675
1.1769807319804446
1.176394332231032
1.1772508933245296
1.176575432341199
1.1768742178584668
1.1767502238522147
1.1766811905566776
1.1765697151405632
1.1769630398556967
1.1770156175339213
1.1769495765211289
1.1769168104788617
1.1769746207875367
1.1766658122298284
1.1768401748636412
1.1769607701799698
1.1769021348049231
1.1768000293347243
1.1767973369909481
1.176876319623313
1.1768028770364896
1.1769810904960083
1.1770421130469908
1.1771217983507414
1.1770837718492075
1.1769679142374889
1.1760894815759295
1.1779433175646663
1.1776113749867394
1.1771338052627294
1.177235993422747
1.1772595824004415
1.1769789146914873
1.176893472499206
1.1767701033810258
1.1765883803388195
1.176651097958674
1.176695778028761
1.1768331318335126
1.1768950741429374
1.1770214441803766
1.1770047563416917
1.1769509144699499
1.1769370357753512
1.176999317788179
1.176735692099959
1.1768545244684856
1.1767273464313688
1.1768262283118252
1.1767230391986363
1.1767098174220032
1.176834544964741
1.1768133958371423
1.1769488090645703
1.1769844914106222
1.1770420819933958
1.1770160088110304
1.1769321836976832
1.1768864570888964
1.1770964489777749
1.1765629678553953
1.1769981313128162
1.1771155162950888
1.177212002007004
1.1769980808881955
1.1769008259841802
1.1766735894665328
1.1765766928750014
1.1765933468777257
1.1766083290494065
1.1766946195606933
1.176831435223598
1.1769601744983169
1.1769773745073648
1.1768617448893048
1.1768671288611705
1.1769955860126435
1.1771466921007099
1.1777175573626988
1.1758641953468962
1.1767545787602229
1.1766887949762606
1.1767030020176696
1.1768925069729856
1.1767308614166838
1.1768146012908589
1.176861828881447
1.1772030995710692
1.1770164113944712
1.1769623854485516
1.1769958443559267
1.1778465190054763
1.1768806242668208
1.1769517022505851
1.1769641693875752
1.1769615257021555
1.1768934219394591
1.1769639791061235
1.1767367006290035
1.1766068855790777
1.1765648420409835
1.1766287485173097
1.1766240274280719
1.1768972989967765
1.177012126168181
1.1769193507591853
1.1765978638601466
1.1769675636603278
1.1769515499144341
1.1765490539547907
1.1768074010929201
1.1767911868301573
1.1771957812895388
1.1764461689027792
1.1763863309971403
1.176776980541647
1.1767545520623905
1.1767671823157162
1.1767982767199177
1.176698907793909
1.1770227245490537
1.1770598227028477
1.1768621161396327
1.1759058761254817
1.1767303660596218
1.1767607623099667
1.1771806514771124
1.1767523058169553
1.176836750664463
1.1769805578899988
1.1767585689033906
1.1765921175035048
1.1765907253405994
1.1765995715694884
1.1766271512886315
1.1767961724348848
1.1769676942241565
1.1769404479729999
1.1772092506091179
1.1770019870138881
1.1768671360938283
1.1764250044918823
1.1767404596701934
1.1766950091379875
1.1766715454585182
1.1765806103558503
1.1766659167981401
1.1767501482617748
1.1767850060639198
1.1767398780377327
1.1768317517442517
1.1769546011565746
1.1771905396025464
1.1770703743536799
1.1767274742667786
1.1764108987174751
1.1768211263187545
1.1766908757643906
1.1765297836484232
1.1766475459488623
1.1767291769144788
1.1768013655481599
1.1766886927200155
1.1765848653908351
1.1766452305315791
1.1767484059711106
1.1766668222888463
1.1767535227863921
1.1770548864986794
1.1770220498625545
1.1770213968377599
1.1770770390893537
1.1769960492122573
1.1775667859290821
1.1767130443853022
1.1766450257655419
1.1766297860409463
1.1765843582770914
1.176670600916045
1.1767189197139547
1.1767434243863537
1.176767884097796
1.1767934109089344
1.17695498807757
1.1767074015649834
1.1768560535541133
1.1767814902392661
1.1766498493127482
1.1769094038999579
1.1762817184711529
1.177139834431584
1.1766577269592327
1.1766529143578761
1.1766306260053949
1.1766048032600169
1.1765886877348068
1.1766303783771761
1.1759345054879531
1.1767169546815595
1.1767577773236302
1.1770161919563311
1.1767419988590848
1.1768395943255672
1.1769272032586462
1.1769696895413149
1.1768815742522987
1.1767059357377119
1.1766047167679166
1.1765494019960252
1.1764690159602926
1.1766204346302076
1.1766946932935141
1.1767176404777511
1.1767089638713528
1.1766964253788748
1.1766296006439885
1.1767542425121227
1.1768613548838101
1.1768204102282644
1.1766915314333997
1.1763911114259982
1.1766158714521797
1.1765902418776248
1.1766116677002634
1.1766465959453158
1.1765998431310132
1.1765629017076458
1.1765910669589572
1.1765918538589926
1.1769009539579969
1.1767394120519816
1.1773199885672956
1.1771539484918467
1.1774012223749488
1.1769668627287841
1.1759285516015039
1.1776044015412481
1.1767449646415211
1.1766971851599721
1.1766659731750539
1.1765891728403539
1.1765563828146299
1.1765993692595651
1.1766261554444175
1.1766877742420547
1.1766847566735894
1.1767116681230727
1.1767843623511796
1.1768955968275385
1.1768813012274073
1.1768660521333567
1.1767984165206895
1.176726025675856
1.1767574794294957
1.176704624138043
1.1767548801630277
1.1766831009341756
1.1766285013173829
1.1766382045442494
1.1765937869786371
1.1765886233016665
1.17686925471131
1.1768441420140083
1.1769522662168235
1.1769743953764324
1.177003570771407
1.1768699284548518
1.1768827636509849
1.1767895195626035
1.1768557159810313
1.1767686479881412
1.1766196431872658
1.1765340503310091
1.1765559434439197
1.1765892637656958
1.1765918102463055
1.1767728923050162
1.1767871623561839
1.1767611811759267
1.1768239123471134
1.1770624973952346
1.1769118229700897
1.1770804723283061
1.1768759888265643
1.1768133542228314
1.1768039772197629
1.1767236151497236
1.176599118546013
1.1766550357246135
1.1766158784252392
1.176608797929094
1.1765573496775477
1.1762295701184646
1.1764081472178687
1.1768660532604647
1.1767805526490183
1.1767546234869648
1.1767965555707101
1.1767140072353606
1.1767311809156149
1.1766902794779417
1.1767601882291872
1.1767294995741191
1.1765739298195781
1.1765230006273051
1.1767718766721833
1.1766582938904473
1.1765562722655754
1.1766753545974475
1.1769270585722571
1.1767935318288056
1.1775812043093987
1.1767920743249831
1.1777483696055375
1.1770190533731817
1.1768940941085599
1.176843909844457
1.1768532366904843
1.1768330760028665
1.1766597538403749
1.1767015259892819
1.1766058157599235
1.1766454977820451
1.1766357263136999
1.1771941109184372
1.177338845365917
1.1768570611395244
1.1760425035902997
1.1767224502923461
1.1764425201802768
1.1764407218735369
1.1765837509782344
1.176693728091547
1.1765051728922433
1.1766794553996234
1.1765252881883557
1.1765767035345558
1.1769387026729001
1.1766890757463184
1.1766069036269806
1.1767590915888453
1.176801092382971
1.1768330428974942
1.1762444111882842
1.1769568847053791
1.176554067856979
1.1768690135784567
1.1769574174716104
1.1769053493259407
1.1768198746082676
1.1766906512756206
1.1767005639916901
1.1767096436799254
1.1766494526483549
1.1766951490027551
1.1766792466600728
1.176319538946891
1.1768539049288687
1.1768542276012
1.1775329265192021
1.1766067436975793
1.1772836194286858
1.1768945603070349
1.1757905909856241
1.1767717677404606
1.1771188873331053
1.1767666977641964
1.1764670574239837
1.1766827224842344
1.1760385357015186
1.1773050139066747
1.1763559885753936
1.1766171301037907
1.17708572165468
1.1768017993072708
1.1766024401863502
1.1769537311585814
1.1775329411841442
1.1767889575456267
1.1768395703530878
1.1769531073789206
1.1772707141335905
1.1763512608351963
1.1768170819983963
1.1767109217590928
1.1767120068835397
1.1767994459164723
1.1768256330829219
1.1771935912919465
1.1768538191110698
1.1768826651005111
1.1768561001275075
1.1766625891754006
1.1769498857880627
1.1768319431280421
1.1774202669658596
1.1767320597949278
1.1769928703214594
1.1769180217189299
1.177297005799246
1.1770161083150084
1.1768525829307914
1.1767962800920064
1.1767177707066869
1.1767271944631286
1.176246949987694
1.1772525822991082
1.176875534112652
1.1770172519792579
1.176142120336265
1.1769513676044259
1.1769761137705845
1.1770658410952437
1.1769402147049619
1.177615011637736
1.176179812268024
1.1768518993155614
1.1767407817908511
1.1768813931855555
1.1769997955857021
1.1758950001041735
1.1768893299906009
1.1768768686829936
1.1770015024146609
1.1772164118343509
1.1768151873220218
1.1762438443790153
1.1772112980061082
1.1769269783156089
1.1770685794492408
1.176375503622763
1.177214989826145
1.177065303087699
1.1768948866506135
1.1768082758946776
1.1768014453245559
1.1768000776805854
1.1766776848193776
1.1768475149211288
1.1768701792314866
1.1769450304507603
1.1769895223452662
1.1769500468141505
1.1769465285304446
1.1769915469166903
1.1769497578641637
1.1770110472475679
1.1770720111494417
1.1770974248574284
1.176599021171052
1.1768554737385561
1.1768704355485373
1.1775633755416797
1.1769825293527534
1.1769054341910765
1.1770658895247563
1.1772763580447789
1.1774180930224298
1.1778031755808607
1.1773058532350849
1.1771466386105736
1.1768190694528327
1.1782615358565711
1.1773232643406419
1.1770689599314452
1.1769400517671909
1.1763657333464013
1.177251388099634
1.1768858363430204
1.1766993378569566
1.1768531529078243
1.1768323103207641
1.1769434754246451
1.1769493928886678
1.1769580224748646
1.1769151974373373
1.1769434387605147
1.1768820943811342
1.1770201357256949
1.1773058952265343
1.1766892774261182
1.1768037337015114
1.1769232018032147
1.1769149442794629
1.1768850351130185
1.1769952372500825
1.1770522151250504
1.1772108907999141
1.1771992774890605
1.1770311571159642
1.1768422358075525
1.1773929413204358
1.177317597153628
1.1773495746058678
1.1773333742607255
1.1772992406447185
1.1769998322015369
1.1767839416730348
1.176946189622055
1.1767699668368035
1.1768980855421367
1.176749423693789
1.1767709906188348
1.1766511651347951
1.1769793134005888
1.1770241386301712
1.1768849476697485
1.1768392834184718
1.1766310643792071
1.1768288494846286
1.1768469881858719
1.1770323877059847
1.1770684675625676
1.1767200911621525
1.1766034728178958
1.1766889506096638
1.176903749136837
1.1769901223233317
1.1769810782465033
1.1770755267939916
1.1770529100894431
1.176994224853001
1.1769317324424635
1.1770626725695064
1.1769806003389987
1.1770686821269789
1.1766535758859609
1.1777251464459157
1.1771170217441913
1.1768598044425578
1.1767853973303186
1.1767649658879784
1.1767203566368556
1.1766299059713128
1.1766689793975149
1.1765557844273264
1.1770344315096832
1.1769644054605195
1.1769000086443686
1.1769864479964556
1.1772618063410851
1.1768585488084828
1.1768183912829442
1.1768561670781044
1.1770228483002643
1.1774821534366244
1.1758068429500179
1.1766952840784246
1.1768282155655376
1.1769369722291732
1.1768957046606878
1.1769704701915951
1.1769683762601999
1.1769427536289483
1.1768652015407375
1.1770023431459002
1.1769693203667695
1.1769739599842115
1.1769909693019402
1.1772436061364586
1.1770503584818219
1.1769545057766599
1.1767649458548317
1.1766545234785315
1.1766178401766161
1.1765682193277123
1.1767656951573056
1.1768785253739544
1.1770672723525293
1.1769909421747737
1.1768748310346864
1.1769621609132035
1.1769896718538122
1.1768503374689459
1.1767832937722407
1.1766964776123223
1.1767944028594541
1.1766957133160767
1.1766936171977465
1.1768053554409041
1.1767730366051605
1.1768609914267185
1.1768658586309073
1.176988828043626
1.1769696168546158
1.1769509251396477
1.1768674803216808
1.176984956635091
1.1769037079822553
1.1769527874641341
1.176976551999358
1.1770721387318672
1.1769486509301958
1.1769696661421172
1.1767570845110802
1.1765682959808652
1.1765292502164815
1.1766498397839447
1.1767823680709664
1.17586805573591
1.1776660151545952
1.1769733242176885
1.1766942066375927
1.1770500761702742
1.1769478976221921
1.1768680860556533
1.1767816657939021
1.176724704797512
1.176738676273579
1.1766476564762884
1.1766976878749664
1.1767541509056325
1.1767618445785266
1.1768307557467084
1.1768942134253861
1.1769514798004088
1.1770043680913973
1.1771028673508788
1.1769870356012644
1.1769409430153019
1.1768688998283845
1.1768299463013228
1.1769059736912153
1.1768438524787386
1.1767033953804289
1.1770283497166509
1.1767646311888253
1.1764972315354265
1.1760056638108405
1.1772529900830242
1.1768889016042172
1.1771572672503847
1.1769274939392596
1.1768594887361632
1.1767836033918244
1.1769624481771359
1.176864678824483
1.1767433396770737
1.1767289923417918
1.176671296725837
1.1766624052023538
1.1766376734372008
1.1771514714206086
1.1763150923976908
1.1767632378042976
1.1768533237816741
1.1769205272547387
1.1769375167210241
1.1770471054102003
1.1772306671470838
1.1770481369100974
1.1767394084782401
1.176749330994908
1.1766904382395256
1.176961173752423
1.1767554525520676
1.1767501822805511
1.1769228657739921
1.176709756106457
1.1764931829436058
1.1765102141930337
1.1767847011274142
1.1766841096390983
1.1768095408299397
1.1768420052996773
1.1767481260381885
1.1770227891054741
1.1769524754933081
1.1766932978003777
1.1768241333127065
1.1767453126002061
1.1766540021761736
1.1766658848839453
1.176606932689104
1.1767108744346482
1.176714756141916
1.1767724503164823
1.1772211955643239
1.1767845711975888
1.1769214416408158
1.1770646681333863
1.1769105630310894
1.1767282835012891
1.1766141294278201
1.1767563162454491
1.1767748391077071
1.1768154801513389
1.1766411344754972
1.1768126894228785
1.1768264352693949
1.1766928121132403
1.1766071031871235
1.1761664063456321
1.1771780295022778
1.1764707413022752
1.176183186933214
1.1769493630037979
1.177137478704172
1.1763894879812993
1.1768659431530035
1.1770966387902542
1.1767830390399852
1.1766843245305947
1.176691641358905
1.1766255716820222
1.1761315681835887
1.1766385705870066
1.1767121524822521
1.1766871727275381
1.1762295556192461
1.1765583531579389
1.1769072321527803
1.1767259861520718
1.1768377560091083
1.1767659326332911
1.1766687129692075
1.177435438830116
1.1766993250449103
1.1766420422517267
1.1766265643209157
1.1767849918415663
1.1767482506282507
1.1766523624520504
1.1765950288389433
1.176571379133543
1.1767933030379094
1.1770144829342344
1.1775713281541651
1.1770829774303424
1.1768934241685429
1.1772490303541485
1.1767648069910825
1.1768388736621125
1.17670489875799
1.1767296785849379
1.1766996448093665
1.1758906891827359
1.1769794055240859
1.1766532883811722
1.1766786151216742
1.1766753528795328
1.1766396678498443
1.1766750333010834
1.1768795592254377
1.176886626702667
1.1768615439376586
1.1768028189771851
1.1767314747069817
1.17587332985163
1.1766298980861252
1.1764790226462971
1.1764944084357858
1.1767875777571368
1.1767089784252216
1.1766317241562294
1.1765777835967504
1.1765337385983548
1.17664117596025
1.1762181366424505
1.1769923504869413
1.1769815234898202
1.1768894281050721
1.1767636069555467
1.1762733583909397
1.1767173340001962
1.1768301929686262
1.1767557464686738
1.1766348189717473
1.1773180439393385
1.1765624516292039
1.1766492086828761
1.1766905671858165
1.1767476329774809
1.1767391896658601
1.1767188227357155
1.1769035220688417
1.1770018021529394
1.1769186259331124
1.1768657200739359
1.176855516035842
1.176792732646156
1.1767184249689528
1.1765788298398077
1.1766434148460161
1.1767076516230266
1.1766647883087888
1.1766403616082488
1.1766256872584577
1.1766774427188131
1.1767170891959056
1.1764699749744953
1.1769065031887831
1.1769262121041189
1.1769124513259588
1.1765546701425158
1.1771395483546523
1.1766882470590103
1.1760530969656977
1.1775046288699664
1.1766440270373448
1.1766269860834848
1.1768225097473306
1.176726352932977
1.1767104404246156
1.1768184014488337
1.1768161412275644
1.1764171256580402
1.1764178090733359
1.1776314688743541
1.1770028055528279
1.1769960779707509
1.1768272387517975
1.1767618629553267
1.176795198468128
1.176679440157808
1.1766146991851492
1.1766752492497166
1.1766511794578922
1.176656527806021
1.1766723272800432
1.1767226393884331
1.1768336365618746
1.1779326581306166
1.1768999487151381
1.1768420727717468
1.1767034841294772
1.177059907405638
1.1767748036334154
1.1766585274917101
1.1767847344831985
1.1767957353606149
1.1767303201983306
1.1766697745686385
1.1767410592876104
1.1767349623861421
1.1767779732018457
1.1768238704678591
1.1768295719737474
1.1767626446913555
1.1769008190400334
1.1767918545472249
1.1773184634287694
1.1775188227659916
1.1776566155826829
1.1768631606738016
1.1771215907478205
1.1768175835994787
1.1766953661863262
1.1767147923939476
1.1766663121177265
1.1766891772457237
1.1767514013526594
1.1768062191354851
1.1768335957882374
1.1768757002547785
1.1768229334571585
1.1768651810364261
1.1770518187352452
1.1763009471379264
1.1758923193751454
1.1767058047771901
1.1768842379115567
1.1768020025224497
1.1767366947484967
1.1767086168009513
1.1767374937620738
1.1767500044971611
1.1767453938997161
1.1768456283696469
1.1767312181306071
1.1767708102625241
1.176698743806124
1.1768862210315594
1.1768414412626274
1.1764977495924545
1.1767800505906028
1.1769713173338328
1.1766566908450342
1.1768622828624644
1.1768190135872427
1.1767709371649571
1.1766821764656872
1.176716326657282
1.1767942643822029
1.1768354106235461
1.1769524757082011
1.1769172785842317
1.1768455335209862
1.1765905867637863
1.1767160871517321
1.1773474468020451
1.1775322570106479
1.1766690392082926
1.1768607452845083
1.1768239319535005
1.1769024417622755
1.176826455413025
1.176685544599104
1.1768198284991531
1.1766211777197157
1.1770529082726038
1.1767444618239145
1.1776637694032472
1.1768706455966778
1.1769308996148229
1.1768366797021501
1.1767149818093583
1.1762277888749006
1.1768872881902912
1.1768457822436278
1.1768568504852155
1.1768766339013854
1.1767836818844961
1.1767170301029677
1.1767711887594492
1.1768299988754307
1.1768754977423519
1.176944412058575
1.1769058986596534
1.1765343571317084
1.1770878887404008
1.1771578870433153
1.1767279724410709
1.1772698937715989
1.1767316744724565
1.1770258555972957
1.1770626766586996
1.1768747085583733
1.177201329083833
1.1768138853882049
1.176845694678528
1.1767652100274753
1.1768341881387314
1.176694582149586
1.176177153866119
1.1768799836948842
1.1769226559232246
1.1769579557114758
1.1768974237056498
1.1768756293662082
1.1770057367782738
1.1769658194235435
1.1769028332168556
1.1769349324728176
1.176874050628655
1.1767701581010941
1.1768907730848046
1.1768919146861332
1.1767585490171615
1.176919139146082
1.1768712866805937
1.1774423558483162
1.1771286070070199
1.1770446239219532
1.1770272987714352
1.1772132950726795
1.1773513493585468
1.177140860114851
1.1771738711652797
1.1770952779724313
1.1772508263884183
1.1773048465095202
1.1769057132354745
1.1768208334087735
1.1767239730871408
1.1765809316989435
1.1769579437187212
1.1768669319177394
1.1769829152486908
1.1769621809888751
1.1769298986484167
1.1769247185864613
1.1769634574033261
1.1769511200368392
1.1769969458732392
1.1770826266858971
1.1768762782448057
1.1768101682366374
1.1769377705544781
1.1768019598508861
1.1762902575134104
1.1773752724082533
1.1765342597464892
1.1770519868028158
1.1771617864825867
1.1771532821256863
1.1769745268154235
1.1771599137198741
1.1770965580325452
1.1771761251438091
1.1771412695497745
1.1772684487595844
1.177145641832597
1.1769588515559701
1.1768329119819678
1.1768399765081345
1.1767426511262418
1.1766916796033133
1.1767999390085
1.1759923691043408
1.1777195854879101
1.1769620203385149
1.1769183926666067
1.1768765325158259
1.1768632917485387
1.176898381062186
1.1769906096877445
1.1770898023577681
1.1769055907788004
1.1768170793476602
1.1768484841352442
1.1768562850776176
1.1774766438298747
1.1770813817965404
1.177008254827804
1.1771465578013778
1.1771382401862136
1.1770657479711186
1.1769324085091939
1.1770632580620712
1.1769808688226968
1.1770687965436164
1.176653271528328
1.1777254526207941
1.1771172140921033
1.1768597512406578
1.1767851094064652
1.1767644365455499
1.1767197356393146
1.1766294391116174
1.1766685828255081
1.1765552410757463
1.1770342444814528
1.1769643527121239
1.1768846228602325
1.1768381148071645
1.1766301272738529
1.1768283979623586
1.1768467785802181
1.1770323897692838
1.1770684897727606
1.1767198813083863
1.1766028404180378
1.1766880609990291
1.1769035542035715
1.176992818443497
1.176982098754304
1.1770717741031502
1.1770508892596432
1.1769929958169403
1.1768660211532311
1.17700285130661
1.17696983414042
1.1769739309226122
1.1769902088190307
1.1772440045860209
1.1770506218279055
1.1769544316121192
1.1767644498878858
1.1766534878918629
1.1766171754770685
1.1765678427937003
1.1767655159509249
1.1768791788679005
1.1770678585702359
1.1769895143803106
1.1768977072598865
1.1769855979754511
1.1772602221221193
1.1768570538310861
1.1768177071600636
1.1768561052967006
1.1770228423651881
1.177481885832437
1.1758062752317784
1.1766946800135731
1.1768285930619455
1.1769391627528287
1.1768958398552791
1.1769671369193562
1.1769670764283457
1.1769428789946483
1.1768690256844132
1.1769856169986592
1.1769043642687531
1.1769539383336136
1.1769780169025166
1.1770738543025792
1.1769486349251705
1.1769693342014089
1.1767564559122061
1.1765683079397615
1.1765292052252618
1.1766498539240335
1.1767827052558963
1.1758699399591965
1.1776672129083494
1.1769696382584578
1.1768647091527111
1.176967375467455
1.1769914808973134
1.176848208077393
1.1767827189672024
1.1766962562272816
1.1767941973325813
1.1766954155992251
1.1766934671478588
1.1768053072157416
1.1767722843847666
1.176860752485372
1.1768629071416525
1.1769849362449853
1.1769680563934526
1.1769530595592701
1.1769879291115952
1.1769420066065845
1.1768707354785064
1.1768334342846387
1.1769085852286099
1.1768445113370336
1.1767029180219646
1.1770277123502944
1.1767650789029067
1.1764991750226379
1.1760070318089229
1.1772535913567512
1.1768897001795868
1.1771602828183072
1.1769302144933429
1.1768460254009763
1.176676419057344
1.1770694637472028
1.1769574851027944
1.1768667013515304
1.1767801703254763
1.1767241651034164
1.1767379775591693
1.1766472372931911
1.1766981810778294
1.1767546324653573
1.1767594720965615
1.176825999608202
1.1768961125137685
1.1769740118746159
1.1770117678350169
1.1771030431598302
1.1770483930236431
1.1767402032748464
1.1767503108145123
1.1766879957048839
1.1769635341696936
1.1767566784508199
1.1767493230029613
1.176921719404258
1.1767113064137777
1.1764969132423853
1.1765129085769825
1.1767844771830678
1.1766833817425364
1.1768128864036829
1.176845771713696
1.1767454246176794
1.1767757796104239
1.176970844211459
1.1768674986461674
1.1767418604460538
1.1767276897107635
1.1766702937420683
1.1766615455794969
1.1766370102353498
1.177151464141291
1.1763161156724533
1.1767608346875398
1.1768432234168276
1.1769500803923318
1.1770314104778821
1.1770759277265761
1.1772340423376921
1.1767293612221235
1.1766137565850392
1.1767550183420719
1.1767723532103649
1.1768152946411969
1.1766403531336405
1.1768115580748024
1.1768248247927957
1.1766923816442221
1.1766088434452626
1.1761675325484593
1.1771738458206982
1.1764655742035481
1.1761890871064393
1.1769554481249165
1.1771413935047852
1.1770241032382918
1.1769531851870119
1.1766924648648589
1.1768231006723682
1.176744381582123
1.1766532093543303
1.1766651929917442
1.1766063105161755
1.1767104145378438
1.1767147126155471
1.1767723214214605
1.1772186369989974
1.1767644753539568
1.1768527296177176
1.177050244115176
1.1769100916052599
1.1767662708653264
1.1766676290802733
1.1774330622394202
1.1766961145844756
1.1766393296284736
1.1766250149884063
1.1767850682335939
1.1767475605673297
1.1766522341385623
1.176596945474043
1.1765729855341149
1.1767852259359299
1.1770071098707566
1.1775827990605388
1.1770927319309588
1.1768965421147424
1.176389578957004
1.1768657261272222
1.1770963696644077
1.1767826964126376
1.1766838807507214
1.176691038870993
1.176624950393016
1.1761310250876971
1.1766383656598007
1.1767123611350934
1.1766863728695769
1.1762271723771613
1.1765463275578973
1.1768806827262452
1.176712835509379
1.1768378767245411
1.1768036365226839
1.1767309840046791
1.1758715161028144
1.1766269227949742
1.1764743113854734
1.1764846151250257
1.1767962734548045
1.176711747866058
1.1766329290675654
1.1765804462008838
1.1765355168168559
1.1766378975893901
1.1762130883246538
1.176999417412057
1.1769868117510502
1.1768863227878861
1.1772342232921271
1.1767615721406579
1.1768386580618215
1.1767047131768618
1.1767291353694889
1.1766988394228377
1.1758899161056389
1.1769788069638951
1.1766528630315658
1.1766795202334248
1.1766754084293938
1.1766358655848599
1.1766663898562841
1.1768697284928149
1.1768833482755061
1.1768620818986752
1.1768664915003666
1.1768552779530426
1.1767908378619321
1.1767149637007723
1.1765643853014387
1.1766097260022623
1.1767510549774356
1.176676952696097
1.1766423366372749
1.1766278592020014
1.176679639848234
1.1767175617611778
1.1764685210356898
1.1769074898001197
1.1769265419574415
1.1769019973409787
1.1767305784022224
1.1762657201451243
1.1767161825876546
1.1768299366294606
1.176754694034744
1.1766334871399859
1.1773171397396156
1.1765619984422313
1.1766493455722165
1.1766913111094135
1.1767486804308747
1.1767386763445093
1.1767182313989057
1.1769019059231212
1.177004389802454
1.1769207716433747
1.1769970900588098
1.1768263414324027
1.1767586400713852
1.1767907743702504
1.17668135243268
1.1766065574773383
1.1766839381999323
1.1766547625202706
1.1766572684218111
1.1766731444680807
1.1767237244530646
1.1768347721431365
1.1779301074978039
1.17690313606968
1.1768357225874282
1.176710400541789
1.1765898062927032
1.1771525889254904
1.1766894680832081
1.1760522678670557
1.1775034520693379
1.1766426918504633
1.1766262972300252
1.1768225160862602
1.1767270197520485
1.1767115379769704
1.1768204934905901
1.1768194782375707
1.1764231664354712
1.1764262148322293
1.1776387555145524
1.1770059358873066
1.177519141625829
1.177655504480869
1.1768613335607632
1.1771221854837983
1.1768353796415618
1.1767056018752773
1.1767211312283421
1.1766687680368935
1.1766898339035743
1.1767514055665587
1.1768065007447059
1.1768337737730956
1.1768817250700996
1.1768506225695521
1.1768365272489203
1.1770496631950489
1.177072682622502
1.1767807875975127
1.1766585948523245
1.1767842027203699
1.1767949696043858
1.1767294768200924
1.1766693187090544
1.1767412344380663
1.1767358190064665
1.1767793919787626
1.1768259897660971
1.1768326468249919
1.1767673473324749
1.1769065058450463
1.1767954283708633
1.1773201093311318
1.1764973024545813
1.1767795358066595
1.1769705672365407
1.1766464022073895
1.1768318543846585
1.1768051410309279
1.1767692488416692
1.176682341555521
1.1767166088878642
1.1767942846755386
1.1768352280623289
1.1769525021020144
1.1769180481267523
1.1768502437098731
1.1765825852968537
1.1767144034639652
1.1763020201974059
1.1758928236848929
1.1767061025081993
1.1768843191895861
1.1768019628212048
1.1767364038246002
1.1767077349731661
1.1767375694982141
1.1767507379225446
1.1767464159912806
1.1768467351708989
1.176732582969747
1.1767720410603735
1.1766993969182205
1.1768868749707637
1.1768418038046184
1.1767146025875539
1.1762278923586773
1.1768891826522889
1.1768472583846847
1.1768496279207841
1.1768728404230182
1.1767823109427396
1.1767170080021949
1.1767716208064767
1.1768303615746636
1.1768753121087536
1.1769441002179386
1.1769050104219931
1.176526577821402
1.1770727995207024
1.1771502188472032
1.1773459211566486
1.1775328199615167
1.1766697028620363
1.1768612063369093
1.1768244723421191
1.1769021103364459
1.1768238521094003
1.1766862207678799
1.1768204088308332
1.1766211796405492
1.1770527577721175
1.1767440624596233
1.1776625197846671
1.1768698877976633
1.1769306355626403
1.1768367109633575
1.1768977427884226
1.1768764983555309
1.1770079348006199
1.1769691296042879
1.1769066385669529
1.1769371192345612
1.176874912028014
1.1767711498258868
1.1768916222007497
1.1768925578692673
1.176759030286173
1.1769189177440076
1.1768697344517471
1.1774342070677368
1.1771124719982771
1.1770350629959216
1.1767253038263485
1.1772699122675789
1.1767324645677428
1.1770265522838539
1.1770633378891902
1.17687467177095
1.1772000396536666
1.176813570841295
1.1768457159985815
1.1767649902606394
1.1768337883650435
1.1766935879518419
1.1761756051592887
1.1768792671194577
1.176922405922092
1.176958005243153
1.1769300354976293
1.1769250024794098
1.1769642718336908
1.1769525435070602
1.1769990813242659
1.1770842602707714
1.1768774213367112
1.1768109455798204
1.1769384434984853
1.1768027554898304
1.176290851824793
1.1773751455409405
1.1765351430132711
1.1770622114953848
1.1771859397537126
1.177160463271028
1.1770270494497275
1.1772127854926395
1.1773518316240772
1.1771414286500641
1.1771743690634517
1.1770957415652055
1.1772498487995486
1.1773051316827188
1.1769057629434698
1.1768207653568827
1.1767240004563504
1.1765810558654621
1.1769575342213876
1.1768667065158132
1.1769829227694502
1.176962198224101
1.176918385857664
1.1768767578609078
1.1768634246566274
1.1768984102227431
1.1769911497825816
1.177090373023151
1.1769059628818888
1.1768174644787615
1.1768490634399116
1.1768570473606699
1.1774771105715975
1.1770805536151043
1.1770084098439189
1.1771583143900717
1.1771578046688447
1.1770710682877223
1.1769747077523556
1.1771594493711728
1.1770966966913727
1.1771764724018892
1.1771414265494098
1.1772685666670422
1.1771459062312903
1.1769590553397542
1.1768330613758919
1.1768401430844464
1.1767429647960357
1.1766921620552377
1.1768003572469052
1.1759927530131542
1.1777199310309165
1.1769620795431877
1.1768392003129862
1.1768455384419765
1.176813442125936
1.17681153465768
1.1768254076732128
1.1768754761724503
1.1769072729109118
1.1767684413719017
1.1767257304022574
1.1767756741199187
1.1768551323662582
1.1769599758745177
1.1769708349247803
1.1770577301534151
1.1770197601391057
1.1770084553323683
1.1769249840730385
1.1768700431630723
1.1767618772110875
1.1771147723007469
1.1770236459473855
1.1770946509347149
1.1768548107536381
1.1759742993747229
1.1773895098149822
1.1770775235295725
1.1763710746291154
1.1771464932424294
1.1767236165921378
1.1766656663632824
1.1770144331320866
1.176944703436593
1.1767611538089853
1.1769781651547799
1.176914928967842
1.1767404112138384
1.1767494187904277
1.1767777576933496
1.1768847490980923
1.1767531399263715
1.1766918863983207
1.1767649704006562
1.1768084640429473
1.1768998986159687
1.1768924809256458
1.1769445096216786
1.1769360287051858
1.1769426769970894
1.1768495876713845
1.1768318434256644
1.1768133567275874
1.1769344048927237
1.1769213313482998
1.1769834692390091
1.1764464149949767
1.1772610848752652
1.1767800943767432
1.1768198933748533
1.1766775866451626
1.1766193488475569
1.1767237697656685
1.1768007990020064
1.1769327390159545
1.1769406961611963
1.1769163528998727
1.1769385817730198
1.1768139889941613
1.1765594822452572
1.1766829788455633
1.1766524874606097
1.1767491844653915
1.1767135661467518
1.1767401289390467
1.1767916426311338
1.1767828824074777
1.1768627240764751
1.1768915632725683
1.1769658348151899
1.176949065950887
1.1769598324020887
1.1768567277871538
1.1768391365231528
1.1768557135954061
1.176852927512327
1.1768945219613809
1.1769163832486247
1.1768340684913763
1.1768989957617209
1.1767567123274696
1.1766468607330933
1.1766696739422653
1.1767092277764606
1.1767720548423688
1.176733361061552
1.1768020965331307
1.1770768212364195
1.1768509734741144
1.1768805958209707
1.1764409487770109
1.1769439135701927
1.1767711849498022
1.1766792191933675
1.1766737457227303
1.1766528498125326
1.1767315625133983
1.1767775521529948
1.1767739605975713
1.1768380055314567
1.1768989959614218
1.1769872885215173
1.1770241117175468
1.1771526410425366
1.1770168892164434
1.176827561312348
1.1772534584988712
1.1768007275853931
1.1768963120388685
1.1768419144769116
1.1767220360812252
1.1768669259513116
1.1767167191294963
1.1765378706987282
1.1766424977046834
1.1768517581912512
1.1767698553793713
1.1760171152056731
1.1768263480662271
1.1769615445862611
1.1765196796844068
1.1768005195893863
1.1773087601252727
1.1768397511310749
1.1767300060339747
1.1766122075886694
1.1766472812554116
1.1766452687160522
1.1767406341891742
1.1767560809265105
1.1767829237160532
1.1768371345934867
1.1768596405925067
1.1768978941921304
1.1770518850597234
1.1773379271839459
1.1772429590601621
1.1767194070806291
1.1764245895109589
1.1767874099878735
1.1760978384361429
1.1774968679383218
1.1762852774664996
1.177231304234204
1.1766355129778401
1.1760854461521906
1.176622037902348
1.1770825111503764
1.1767360466671999
1.1776047662246893
1.1767907187053208
1.1767615804012916
1.1772031313100111
1.1767998713194356
1.1764899200263277
1.176782096180957
1.1759761324710474
1.1765020945004963
1.1766726286808884
1.176665954084545
1.1767149497025118
1.1767511237147845
1.1767696816761366
1.1768058523831124
1.1767898839231379
1.1769160248727268
1.1769242513117961
1.176705727819142
1.1764719775569961
1.1765710437553201
1.1768340971846027
1.1768249605126546
1.1767645308886305
1.1767355184288557
1.1767578293648386
1.1767822205014056
1.1767093316614454
1.1767833893663846
1.1766342620163106
1.1760363168729122
1.1775557102125251
1.1768141017483609
1.1768560981910481
1.1771449605251394
1.1769006090000289
1.1768556607757255
1.1771156119126476
1.1767864803537198
1.1774947884586928
1.1768789019173893
1.1767359426919268
1.176647271897407
1.1767016119487947
1.1767380061063923
1.1767441314010629
1.1767148174345456
1.17674082265755
1.1769657240810738
1.1768939702577486
1.1767822099777343
1.1766709395942831
1.17664980744087
1.1767647178197083
1.176804090007298
1.1766864231770537
1.1767737449988436
1.176791635879523
1.1767136415557753
1.1767039770321728
1.1767311301081405
1.1766514476514562
1.1767682334053129
1.1769056158607969
1.1769302034612656
1.1770895528933965
1.1770078917164062
1.1760605342686983
1.1768060086630978
1.17686081857637
1.1767914538362416
1.1767837124714027
1.1767833345041059
1.1766983890509055
1.1766735625094262
1.1766980164909071
1.1767179455592724
1.1767148118212423
1.1767010052771063
1.1767859227688868
1.1770697999651749
1.1769178318705324
1.1768335530182878
1.1767709435824849
1.1767031644680013
1.1765146656167922
1.1766921763797051
1.1767860449694854
1.1767002397974886
1.1767413020516484
1.1767078592487561
1.1766903035216449
1.1766425650083745
1.176358426521191
1.176613542546215
1.1768772420833722
1.1768752802097795
1.1769450410445466
1.1768652539908364
1.1772389134380579
1.1766774431726228
1.1767198395195069
1.1767343398277179
1.1767242074426483
1.1766633798479542
1.1766312525001716
1.1766760180726163
1.1767128910779883
1.1767245005103919
1.1768086643498212
1.1768237993754522
1.1771641000403967
1.1767804384924141
1.1769537601645266
1.1768929454738581
1.1768428370309978
1.1768483729816055
1.1769747774161172
1.1766934349713591
1.1764768408004898
1.176670739308511
1.1767219206801385
1.1766970880405838
1.1766990175080176
1.1767331279010529
1.1769936676114146
1.1767668772172426
1.1768512012493526
1.1768805522041648
1.1768924996431092
1.1768284840384666
1.1770609509475627
1.1767388471927653
1.1765879444640275
1.1767159706443953
1.1767213366422664
1.1766492340492336
1.1766407050320153
1.1767892713540395
1.1767267001567701
1.1766074688012269
1.1770355049505423
1.1772807803047129
1.1758509189051165
1.1773774476050027
1.177152239547431
1.1769851326585479
1.1769089379303757
1.176832712729236
1.1764745323317762
1.1767105088708882
1.1766507759313443
1.1766100789641094
1.1767270118535011
1.1766954751187746
1.1767369590732237
1.1767505720244567
1.1767819640453161
1.1768006123537118
1.1761886284982888
1.1769063154661108
1.1769252031635657
1.1768938159912707
1.1768598083263859
1.1766835286303161
1.1761029393855817
1.1772329767792964
1.1767950213660738
1.1767090065656676
1.1767118927043108
1.1767821957044395
1.1767543335602548
1.1767297246196613
1.1764503273492808
1.1768113800259694
1.1766682680146237
1.1768278657508338
1.1767010537747513
1.1770487036655128
1.17695979083979
1.1767096205077134
1.1767435095813668
1.1768412683758669
1.17678797870131
1.1767068491945656
1.1767501120876229
1.1767232809514847
1.1767694698222164
1.1767809501774009
1.1767611104604576
1.1767749825083678
1.1775892217232626
1.1764490441335411
1.1773653042279899
1.176939312286452
1.1766909763907292
1.176698986428399
1.1764647106872883
1.1771628761324047
1.1768493558888389
1.1763205914039683
1.1769780115885149
1.1771005840737829
1.1768043023918373
1.1766437349423733
1.1770310587548096
1.1768139109596762
1.1768208005241851
1.1768074600794005
1.176193657944768
1.1776682950349648
1.1768535464432965
1.1768825338862665
1.1769313684158984
1.1768889325449154
1.176893213814308
1.1768287001443904
1.1768162155082178
1.1767520148774435
1.1768042182436786
1.1769109962111195
1.1769174556643069
1.1769113192610783
1.1768998510099475
1.1769117975580541
1.1768923603589094
1.1767944244180617
1.1769683647633342
1.1767664035052494
1.1767163590621563
1.1769264037456764
1.1761488237445357
1.1776173986548719
1.1760959883258075
1.1768374257767467
1.1768337287917321
1.1767698246429674
1.1768847251000514
1.1766268754361673
1.1771288736470067
1.1769257347007107
1.1769092285383707
1.1768544603867539
1.1767745305825446
1.1768017526137022
1.1769489226889187
1.1769199604858078
1.1769182137426213
1.176884748475056
1.1768675236312371
1.1767391915422785
1.1767974032549671
1.1768601958282856
1.1768865300077511
1.1769342491647758
1.1768814233412739
1.1769229033912953
1.1770095286711817
1.1770630185612736
1.1769267583414658
1.1768772332768993
1.176921047517429
1.1769900437650129
1.1770044191413149
1.1769714477760862
1.1777338982013099
1.1770019324201004
1.1769001083465149
1.1768133391742386
1.1767969939237459
1.1762960708937467
1.1774035840272632
1.1768439664065928
1.1768113531074695
1.1771256506054084
1.176925076996937
1.1769126604709872
1.1769729263222668
1.1769464272911792
1.1769369456641563
1.1769533604153093
1.1770729365651391
1.176637108039311
1.1768588664904385
1.1769742748224177
1.1768696681541786
1.176906391367966
1.1766333989696218
1.1769907983288963
1.1770324153624911
1.1770598423451111
1.1770105558868273
1.1770112223239522
1.1770378745615919
1.177056752315446
1.1771020211769838
1.1770562945097032
1.1768915486210312
1.1772227367085397
1.1769168743346707
1.1768965675833902
1.1767813870733121
1.176736855459906
1.1768906029995845
1.1763996991590915
1.1774195364365596
1.1770349624775209
1.1769412695985297
1.1769301359429836
1.1769383625500209
1.1769182177816011
1.1769433750408913
1.1769599005512177
1.1769182959043745
1.176803883021877
1.1769342663852869
1.1771054447468237
1.1766735039283707
1.1770067030747082
1.1772833584698408
1.177077719965846
1.1763506328743356
1.1778445375863131
1.176990319249535
1.1769596627321215
1.1761506484606152
1.177859798373204
1.1770978354912232
1.1771091557910316
1.1769243236700908
1.1763739360332301
1.1766935377002183
1.1775075970323621
1.1765743811341833
1.1770687763718617
1.1768355562476764
1.1767491022724021
1.1770447897041545
1.1769862789220089
1.1761791461561601
1.1776379860929143
1.1768753392389044
1.1768744780154707
1.176927096381974
1.1769241945781947
1.176892875343319
1.1768167179084941
1.1768527417300796
1.1769077279130788
1.1769171789938571
1.1770140880463738
1.1770983149293484
1.1771717277390654
1.1771180636787963
1.1770797592710163
1.1769255647465184
1.1768703889689773
1.1767621357300861
1.1771149763643165
1.1770238737943115
1.1770948270463126
1.1768550204723496
1.1759741317606238
1.1773891903451263
1.1770770642891233
1.1763706193314172
1.1771463565154776
1.1767239584913445
1.1766664075152595
1.1770152091251471
1.1769453311535489
1.1768391439431658
1.1768446381853264
1.1768122451859504
1.1768109972474996
1.1768254230487609
1.1768756678448027
1.1769073754984121
1.1767683924099397
1.1767253926492727
1.1767751867606822
1.1768545160391666
1.1769593416384376
1.1769702948855933
1.1770570355741505
1.1770200757156448
1.1770090738673882
1.1768501688921882
1.1768323125502846
1.1768137374540699
1.1769348034207618
1.1769216843155508
1.1769837487760668
1.176446545501914
1.1772610239664141
1.1767796617191804
1.1768191137365931
1.1766770421370936
1.1766194095260034
1.176724621097387
1.1768024025361721
1.1769340241251087
1.1769395055809801
1.1767594266558681
1.1769783169866685
1.1769141398785858
1.1767384591976242
1.1767486142381256
1.1767778189836597
1.1768848669353145
1.1767529911260535
1.1766914611121071
1.1767645986538167
1.1768084134336232
1.1768996621145156
1.1768919503983364
1.1769434260676994
1.1769359718752832
1.1769431010932248
1.1768572575529228
1.1768395761862069
1.1768561480943651
1.1768533224083426
1.1768949369716191
1.176916587003205
1.1768341182569286
1.1768989248279593
1.1767562959677762
1.176646429536921
1.1766694193182814
1.1767095877127416
1.1767729695298201
1.1767349423650941
1.1768014324223151
1.1770626577912986
1.1769002268954503
1.1769543505639166
1.176826001580173
1.1765575594663948
1.1766816622859497
1.1766522231939922
1.1767491938381733
1.1767133167896218
1.1767396775922261
1.1767914101831347
1.1767829133336623
1.1768628068663873
1.1768892101894368
1.1769631754629986
1.1769468578103013
1.1769596597769181
1.1770170795931658
1.1768279608743295
1.1772540125391813
1.1768014086534311
1.1768969090744981
1.1768421274631669
1.1767218647067408
1.1768668071625157
1.176717446046907
1.1765396916232216
1.1766435574823337
1.1768520806231177
1.1767702383678869
1.176019254494614
1.17682352558881
1.1769216467773738
1.1768084340711364
1.1769392754430399
1.1764729334674195
1.176944385613933
1.1767689692996386
1.1766788876831764
1.1766735560143946
1.1766524557348168
1.1767310181611017
1.1767771692700959
1.1767737894292662
1.1768375823279746
1.176895842542566
1.1769920460864862
1.1770230804919217
1.1771511605737439
1.1772431157975773
1.1767196931970898
1.1764251390225735
1.176787501473066
1.1760978781379601
1.1767543645397112
1.177027407975263
1.1772305606401157
1.176637372186536
1.1760895030543947
1.1766242060645256
1.1770815296748776
1.1767353668161322
1.1776081208381148
1.1767920576915962
1.1767453739621441
1.1765002963009044
1.1768242491877596
1.1773219703145272
1.1768384119290176
1.1767284576461197
1.1766119073657664
1.1766470034021415
1.1766447960432949
1.1767400984223162
1.1767561911193667
1.1767830622531814
1.1768342384190773
1.1768666174090026
1.1769228644915473
1.1770629548866018
1.1773379695936361
1.176472581359123
1.1765709946013825
1.1768338695232303
1.1768246374387827
1.1767645385193926
1.1767353614234124
1.1767572713762751
1.1767816147050145
1.1767105494830212
1.1767862627465071
1.1766355220817812
1.1760305201661467
1.1775486840448623
1.1768200334340913
1.1768642151550348
1.1771491656487725
1.1772037356087095
1.1767995863800937
1.1764893089974842
1.1767806987234586
1.1759753170556104
1.1765017714359725
1.1766721832369418
1.176665420840892
1.176714387866711
1.1767509689190108
1.1767701318039283
1.1768059818909162
1.1767860030037318
1.1768997194063755
1.176921658669837
1.176708080081732
1.1766711892592512
1.1766495619735646
1.1767641428850719
1.1768034672142262
1.1766847708416408
1.1767733080352261
1.1767939395855316
1.1767135821585968
1.1767050005807473
1.1767335527157969
1.176652107535016
1.1767576156301982
1.1768942973742929
1.1769405080571214
1.1771025025210016
1.1770146620090565
1.1768989973963226
1.1768528731580516
1.1771149135033758
1.1767859267821847
1.1774943282231423
1.1768784390213489
1.1767353995251406
1.1766466971100547
1.1767011709732527
1.1767378772300248
1.1767442011402871
1.1767150139986613
1.1767396492734072
1.1769605777293994
1.1768937428238797
1.1767837612354812
1.1767711996840795
1.1767030366802418
1.1765143650717613
1.1766900368645647
1.1767714184290865
1.1766664427689997
1.1767749424031133
1.1767194450159182
1.1766927897383224
1.1766444356117978
1.1763589103693635
1.1766063597462117
1.1768679670345055
1.1768811390648455
1.1769533126464555
1.1768516184905828
1.1760136663667673
1.1767927867709005
1.1768609764639344
1.1767913841442039
1.1767831616539306
1.1767825797710467
1.1766977459025214
1.1766731502072476
1.1766978869771321
1.1767182146401156
1.1767148094274418
1.1767001971991347
1.176783990337017
1.177068061626408
1.1769175750319605
1.1768339858693242
1.1768430381108899
1.1768482517490115
1.1769746069863476
1.1766853254284806
1.1764260211957316
1.1764625202503129
1.1769235280548533
1.1767416897513385
1.176705379001979
1.1767340708021385
1.1769953832766153
1.1767662750610708
1.1768482394898852
1.176882803974671
1.1768915559185484
1.176792519192714
1.1771045702388712
1.1766457528664025
1.176717516567837
1.1767343425858918
1.1767234304766967
1.1766626048871172
1.1766308201102993
1.1766760983657232
1.1767134324316308
1.1767252037830533
1.1768094044512059
1.1768240350671328
1.1771646961976949
1.1767822618099617
1.1769550822556936
1.1768938751909566
1.1769091755983538
1.1768324919953796
1.176473447318203
1.1767074303778984
1.1766369012026725
1.1765660511270744
1.176763921527892
1.1767098737556885
1.1767376429265304
1.1767514208129208
1.1767834062617337
1.1768013559033648
1.1761934005720833
1.1769263228768487
1.1768986677842979
1.1769188895133924
1.1771971330557747
1.1767764864975818
1.176590161529707
1.1767157364809955
1.1767204063227199
1.176648597786059
1.1766405302093663
1.1767898689784779
1.1767276265288011
1.1766086681398193
1.1770368134826936
1.1772818972403416
1.1758520716119274
1.1773794575575349
1.1771540591192899
1.1769861797248264
1.1769601146907223
1.1767096379613793
1.1767428367420139
1.1768395088595573
1.176787877051414
1.1767146276914169
1.1767550571421128
1.1767234255198897
1.1767692280088655
1.1767810066487294
1.1767615763916219
1.1767756565702159
1.1776169595398527
1.1769015445524855
1.1768950050453499
1.1769192338570704
1.1769009849064209
1.1766979814953837
1.1761019793841461
1.1772322014758525
1.1767945702668123
1.1767085344243979
1.1767111986795853
1.1767823884654707
1.1767552872359335
1.1767313111125279
1.1764517320332921
1.1768123032636773
1.1766681766761631
1.1768282551646245
1.1767019265050846
1.1770493949761807
1.1768537326695718
1.1768826747669598
1.1769318543136018
1.1768886500600473
1.1768920871890469
1.1768268626354712
1.1768146486266178
1.1767519741339663
1.1768042550876836
1.1769107577732236
1.1769170896243666
1.1769113400191209
1.1769063517079525
1.1769422072916018
1.1768669207037874
1.1767879208042273
1.1766933359685638
1.1766997332323117
1.1764646270453436
1.177162990298471
1.1768491107982468
1.1763171779999033
1.176964094552496
1.1770959567935486
1.176803775599091
1.1766458726991693
1.1770340629237814
1.1768147216237681
1.1768198954355718
1.1768063855865252
1.1761934836264563
1.1776686178175062
1.1767746993926969
1.1768020187276536
1.1769498252784998
1.1769223039621293
1.1769207984494621
1.1768860474009384
1.1768678331134874
1.1767396820756182
1.1767976467915031
1.1768600853866542
1.176886094968715
1.1769340586732899
1.1768818713620484
1.1769269040795367
1.1770070999110778
1.1770611914060778
1.1769667853809469
1.1767663692357353
1.1767168511570876
1.1769270296896115
1.1761483305283171
1.1776092933451865
1.1760684314726426
1.1768267278757543
1.1768315366708006
1.1767719540636343
1.1768879522288132
1.1766273011348984
1.1771271986356044
1.1769243372661538
1.1769087005062124
1.1768545826743502
1.176925041728238
1.1769127053076309
1.1769735795123262
1.1769481523520324
1.1769395290509235
1.1769550523434404
1.1770740046586732
1.1766378695921857
1.1768591987184462
1.1769743625705635
1.1768696509898302
1.1769062183007577
1.176633564952196
1.1769894647466104
1.1770280356195391
1.1770570717067494
1.1769261916497047
1.1768776726995669
1.1769216360026269
1.1769906443706615
1.1770064265847975
1.1769846790792695
1.1777711475759876
1.1770116977311489
1.176897251042025
1.1768142937000943
1.1767980855460023
1.1762936791232093
1.1774009766499598
1.176842441744602
1.1768104842684977
1.1771255148253814
1.1769409781497577
1.1769297686594202
1.1769382143763185
1.1769185427608027
1.176944305082489
1.176960814002795
1.1769189910937981
1.1768043033644151
1.1769345646379981
1.1771057115346379
1.1766738473275176
1.1770069460051922
1.177283720392162
1.1770786398504773
1.176351040750788
1.1778450869132004
1.1770105148178889
1.1770115225440201
1.1770383633184112
1.177057247715563
1.1771029224809169
1.1770604228986985
1.1769071535908155
1.1772253366482188
1.1769167321240865
1.1768969732473074
1.1767821269502314
1.1767372227132706
1.1768902283416662
1.1763989300888218
1.1774190706518795
1.1770347813531146
1.1761788378391411
1.1776378910922485
1.1768752882501703
1.1768742861356023
1.1769270028440832
1.1769242667530189
1.1768929632539549
1.1768168201939788
1.1768530115757294
1.1769081384548041
1.1769177410182008
1.1770144790084334
1.1770989326614643
1.1771729415345955
1.1771188279565252
1.1770799107163732
1.176990125174012
1.1769597321060099
1.1761508261678275
1.1778599605743525
1.1770981254586173
1.1771094751044238
1.1769256564518868
1.1763747450488256
1.1766938301051129
1.1775078395238527
1.1765747683357493
1.1770692750312433
1.1768357468551036
1.1767489445971155
1.1770443823701986
1.1769859661702999
1.1768542380530238
1.1767861272988882
1.1767594042302292
1.1767414364446054
1.1767812081656883
1.1767608828842839
1.1767605775663483
1.1767186180614786
1.1768439179005004
1.1769161070500167
1.1768879723366719
1.1769438166588699
1.176976405804969
1.1770380468536805
1.1770109223802536
1.1769970507188627
1.1768907282667336
1.1768414599325629
1.1768403779184462
1.1769334250616532
1.1769170915097591
1.1767575436337032
1.1762642252932782
1.1771536083408309
1.1767840083908285
1.1767217074081602
1.1772714928669514
1.1768862478275872
1.176795790818721
1.1768279175090761
1.1769227307478618
1.1769176197246292
1.1768076694605003
1.1767675824515047
1.1767313655373755
1.1766803934323631
1.1766924557273075
1.1767185096144657
1.1767481551452208
1.1767289037898836
1.1767943485368657
1.1768504182995039
1.176822254355165
1.1768856797573299
1.1769115263370593
1.1769512720194166
1.1769304770774132
1.176923149775327
1.1768069579043041
1.1767706274119576
1.1768094891737897
1.1768102134634451
1.1768605895460313
1.1767797066137049
1.1766058371954595
1.1765666385948652
1.1767834764034035
1.177075100610371
1.1769516613739519
1.1767316379041528
1.1767557998565423
1.1767976104716333
1.1764519271777838
1.1768769548884361
1.176907914716218
1.1768876550313088
1.1767677350991053
1.1766591552854471
1.1766560950988196
1.1762058198555967
1.1766794917692072
1.1767121897843316
1.1767733653736672
1.1768122719796628
1.1767941103262667
1.1768678027740276
1.1769081448313163
1.1769462211084758
1.1769269395415225
1.1769364815781147
1.1768210039596583
1.1767621243367461
1.1767968578988521
1.176816943070021
1.1768057508483949
1.176770046614507
1.1767230158070907
1.1767069517345783
1.1767567061817896
1.1768385509604558
1.1767875830068939
1.1760018339201865
1.1767641699642293
1.1767772385895761
1.1773661064256424
1.1770038060809183
1.176867409452323
1.1767544737016564
1.1767596367507449
1.1767325594204068
1.1767133295053276
1.1770903016755696
1.1766747817426171
1.1766511918772264
1.1767699488085244
1.176809928220512
1.1767872437134319
1.1768435161848709
1.1768778085125891
1.1769502768558131
1.176984811353506
1.1770411170085806
1.1769132930088171
1.1760229208633062
1.1775319358665837
1.176795485113393
1.1768088651042576
1.1767547594711625
1.1767209120417441
1.1767761817439166
1.1767242658282062
1.1766755791553998
1.1767493865327792
1.1775283897126221
1.176676742331813
1.1764704567519648
1.1771948648566766
1.1769962560701521
1.1767170176347526
1.1764616807262829
1.1771394274568323
1.1768888810889553
1.1767077548911087
1.176648246950714
1.1766431554837831
1.1766635046787783
1.1767328685205416
1.1767874333683652
1.1767920088871056
1.1768216262313067
1.1768453098070317
1.1769386549280867
1.1777830047240736
1.1771322516421958
1.1770001801550767
1.1767580587400348
1.176750819518227
1.1767680242935921
1.1768083656898245
1.1767715165465065
1.1767134331749287
1.1767664749217241
1.1766765002702373
1.1765728697813016
1.1766492292428858
1.1767364903080799
1.1763904787978603
1.1768214931095118
1.1768757064696878
1.1768948268598203
1.1763770062070313
1.1766417982497857
1.1764887352159159
1.1770751318278518
1.1767565694760358
1.1766303655325436
1.1766754247145217
1.1766909885641375
1.1767186731216945
1.1767550037949841
1.1767809265906088
1.1767919944463316
1.176828352999497
1.1769670374781029
1.1762172988558599
1.1768246235466326
1.1767125529407565
1.1766867134219885
1.1767135237831132
1.1758925230906685
1.1775760515316129
1.1768074880265915
1.1767643045487279
1.1766953366093367
1.1766883364788758
1.1766911956671071
1.1765465924603591
1.1764953283678319
1.1776469374818754
1.1769302553910288
1.1765698962910593
1.17610171189372
1.1773030846176764
1.1768167778438801
1.176789022217555
1.1768023452130061
1.1767377511105728
1.1766700549781617
1.1767060432763441
1.1767032811699041
1.1767125148407225
1.1767326383652901
1.1767939634069113
1.1767923468844801
1.1767893066436197
1.1768805586605762
1.1768907056502218
1.1768331452149909
1.1767558349881933
1.1767216494841242
1.176705091946662
1.1767040677172385
1.1767150279243943
1.1767640863574389
1.1767343823168495
1.176407052141073
1.1765329838711391
1.1772482448641814
1.1768100851752097
1.1768086836460208
1.1769480590993191
1.1769042415460851
1.1772069027760512
1.1777078260444256
1.1768578573256534
1.1768211030678906
1.1760630059738235
1.1767831635789372
1.1767739363035983
1.1768205355249921
1.1767405106773277
1.1767123083598687
1.1767228832029151
1.1767382087530478
1.1767721277852654
1.1767678127568431
1.1767825464533563
1.1768608961564562
1.176850408209545
1.1768127187558743
1.1767671104054542
1.1767271770581234
1.1766733486838705
1.1767020000755859
1.1767099702798201
1.1767125102793046
1.1767189107813261
1.1766807618559532
1.1767263551936604
1.1767645181989972
1.1767358613780234
1.1767788419021161
1.1768284310184745
1.1768051224554725
1.1769036302006972
1.1768750189535657
1.1767532650818107
1.1767422383239907
1.1774689021298481
1.1767213751877934
1.1767197822830608
1.1767011734091914
1.1767103014016005
1.1767219354000771
1.1767384472150801
1.1767670761679585
1.1768099442724915
1.1768124964387665
1.1768281007437014
1.1768710388985482
1.1768853149615786
1.1768564238885657
1.1768106045469944
1.1767773713968532
1.1767555165821522
1.1767207990547952
1.1766742235016892
1.1766884692617217
1.1767505973147365
1.1767176762215155
1.1767432883218762
1.1767493018596069
1.1767817066267745
1.1767808150515207
1.1768202787312922
1.1768465833892381
1.1768504713577226
1.176827627995872
1.1768176307108342
1.1767068722097722
1.1766618496670813
1.1766864742139989
1.1766619475587199
1.1765916285292912
1.1767813947391237
1.1760284446529681
1.1774930975878357
1.176770514141338
1.1761561703766077
1.1776171735106369
1.1767522836637088
1.176995796017223
1.1770038727064991
1.1769834568156039
1.176894218386594
1.1768065477115592
1.1767371253306984
1.1767529059387598
1.1767049031865264
1.1765829450569019
1.1768410779598546
1.1767383753842686
1.1767863196655282
1.1767540259968787
1.1767383471176542
1.1767695255555506
1.1769194530598996
1.1769773716570122
1.1769263463324839
1.1768606998713347
1.1768111065229605
1.1767154542371903
1.1766413600620163
1.1767096444525309
1.1765765114071185
1.176494042569995
1.1769512946166305
1.1767992598974002
1.1767643999029227
1.1767962973670114
1.1768728022761583
1.176813425650584
1.176611285523776
1.1769011167283632
1.1769914693204628
1.1777054656811621
1.1770812703960178
1.1767586095293598
1.1767691369918842
1.1767962075422693
1.1767757372567897
1.1767156399945953
1.1767816607413901
1.1767520485513643
1.1767988761933659
1.1765509607458817
1.1765685722803776
1.1767050959322654
1.1769196928402879
1.1769357271892733
1.1769787236899634
1.1769056761290888
1.1768392234017573
1.1768011971593508
1.1766874121379092
1.1768477030244646
1.1768424188885498
1.1768129632460684
1.1769423084452721
1.176904578204456
1.1768126543761228
1.1767917602724411
1.1769529323747359
1.1768684277152781
1.1767580673730382
1.176727270135332
1.1770702234307184
1.1762204554288522
1.1765898580588108
1.1767768387722988
1.1768956335414233
1.1768847755132039
1.1768495245229103
1.1768068127171867
1.1768035321685613
1.1767781048052295
1.1769136998105285
1.1772649053069593
1.1771330333982386
1.1769236408538359
1.1769193463086614
1.1769340282768972
1.1769463168163163
1.1769189945388929
1.1768993022855099
1.1766995412155965
1.1764948178016177
1.1771570348393487
1.1769330360758048
1.1769969362820587
1.1769325316542831
1.1769005545120839
1.1768553449341177
1.1768403863241303
1.1768609527957012
1.176836837334297
1.176955473749419
1.1769045466379997
1.1770219085491138
1.1768804451160759
1.1767853513366395
1.1768355156384251
1.1769408939228914
1.1769131476700951
1.1768794496934807
1.1768459833657268
1.1768365507999614
1.1767898484281289
1.1768834218459081
1.1769587450430619
1.1769300030817929
1.1769825850398725
1.1769243620587329
1.1768972444778933
1.176953181892276
1.1769934376349063
1.1768784940056796
1.1766210823260328
1.1770448384242473
1.1770284423086521
1.1769563536818952
1.1769794446126673
1.1769568677877271
1.1769546078031372
1.1768935232013098
1.1768696744988445
1.1768541768713523
1.1768081033887854
1.1769921080062558
1.1769114457215617
1.1770548186474086
1.1770646422456141
1.1769569520969203
1.1769225110022588
1.1769418387654083
1.1769047395601717
1.1769005163428841
1.1768939880598266
1.1769051099697649
1.1767977119746549
1.1768796002712869
1.1769538845665037
1.1769153546619959
1.1769761883159358
1.1769865842780083
1.17712093616854
1.1770682032324655
1.1770494322331808
1.1769682216407706
1.1769121371137257
1.1770419527254028
1.1769834369731937
1.176986168907088
1.1769969335007409
1.1768664089919108
1.1769183399924137
1.1768796389388174
1.1769337507047017
1.1769831878034078
1.1768929583758159
1.1769334220197505
1.1769048087764689
1.1770685500754647
1.1770414644614118
1.1769784932605911
1.1769376853246205
1.1768994529349972
1.1768409783364651
1.1768648838119518
1.1769148556340425
1.1768795515863857
1.1768180579488741
1.1768880729872042
1.1769765693579008
1.1769083126342892
1.1770103294136454
1.177103696549151
1.1771257568856179
1.1771047389113374
1.1770837873893636
1.1769681896940605
1.1769224459242866
1.1769397131957615
1.176978740623766
1.1769711819024216
1.1768650550499999
1.1767690982175791
1.1767839831911757
1.176818953105925
1.1762428328195449
1.1777946277278897
1.1769411094907614
1.176881101127498
1.1768953152370694
1.177021597500191
1.1769971290812005
1.1769611800444932
1.1769003568506484
1.1768572125324364
1.1768251394572751
1.1768587080005433
1.1768374787433684
1.1768142141979718
1.176761716425609
1.1768705092680296
1.1769541274826645
1.1769289366710869
1.1770027216920551
1.1770668310380652
1.1771292119844394
1.1770973744988822
1.1770697906599625
1.1768909359366393
1.1768416408496669
1.1768405401723934
1.1769335637440257
1.1769172397402026
1.1767577215020315
1.1762651487908717
1.1771535973210647
1.1767837333041467
1.1767215193378484
1.1772713760762326
1.1768865850281143
1.1767970089607203
1.1768294846791163
1.1769243109987935
1.1769190535093232
1.176854675872125
1.1767858656797245
1.1767588591151978
1.1767412015998995
1.1767813918343473
1.1767612020388443
1.1767607746508966
1.176718455908432
1.1768434174126501
1.1769157001522439
1.1768876957068102
1.1769437036645032
1.1769763371711577
1.1770381865755291
1.1770112827013088
1.1769973533054214
1.1768072296503953
1.1767709617588344
1.1768098385695642
1.1768105589780258
1.1768608846865212
1.1767798675276915
1.1766059491061551
1.1765666009846094
1.1767832148816926
1.1770746700768542
1.1769514505975556
1.1767323509972083
1.1767571912836841
1.176800055799911
1.1764549669880444
1.17687919809829
1.1768081727721802
1.1767682096079299
1.1767301133580346
1.1766789964732438
1.1766921294390176
1.176718800452502
1.1767482142027466
1.1767284165342919
1.176793335246817
1.1768498956303468
1.1768222550642835
1.1768862511287534
1.1769118217542751
1.1769513010345265
1.1769305915816528
1.1769233484844523
1.1768212474891042
1.1767624934333245
1.1767972760979266
1.1768173163229818
1.176805984238926
1.1767702296828881
1.1767231318114741
1.1767070115203802
1.1767565697447386
1.1768382958845718
1.1767875788499766
1.1760024556891491
1.1767652808947768
1.1767792954116829
1.1773676533899313
1.176998221920537
1.1768995691043878
1.1768981549244586
1.1767711902370883
1.1766574465948896
1.1766553612491804
1.1762058064333754
1.176679519716749
1.1767115309225087
1.1767722226069153
1.176811725341399
1.1767945891334528
1.1768689306716236
1.1769084200124778
1.1769456025087359
1.1769263312571965
1.1769363167764839
1.1769135220282236
1.176023215201311
1.1775322657760043
1.1767957838283167
1.1768089910973059
1.1767549120745553
1.176721014052178
1.1767763835959431
1.1767248156857688
1.1766766461162317
1.1767498549524027
1.1775285996775282
1.1766768247401349
1.1764714918254697
1.1771942914871101
1.1769784632712379
1.1768474801924445
1.1767826989388539
1.1767712633286245
1.1767324305483884
1.1767120360205574
1.1770901121669104
1.1766747055168822
1.1766505739268251
1.1767689157286623
1.1768095303251327
1.1767879182405836
1.1768445666933458
1.1768769541216646
1.176948787946777
1.1769834155441978
1.1770406963053941
1.1770003978870305
1.1767582444703315
1.1767510552164477
1.1767682751017765
1.1768086378217952
1.1767717538252174
1.1767134458203767
1.1767668077905591
1.1766781173076062
1.1765754589073127
1.1766508763821333
1.1767354953797777
1.1763882810667243
1.1768230761224656
1.1768761107013002
1.176888608961272
1.1767100790556058
1.176469513580495
1.1771431083174206
1.1768873967411013
1.1767068313668037
1.1766480791311706
1.1766430696247405
1.1766630593353606
1.1767321581728001
1.1767872039873251
1.1767924131385967
1.1768217629517592
1.1768459694457147
1.1769417478427415
1.1777835796694305
1.177132395125253
1.1767127815808796
1.176686795721624
1.1767136040470998
1.1758927007919173
1.177576428781578
1.1768081685770495
1.1767644525773322
1.1766957572156047
1.1766901295499499
1.1766942342445945
1.1765483516406698
1.1764917143572342
1.1776415811991738
1.1769331264516667
1.1765746479483319
1.1761034535002419
1.1763762641259816
1.1766403933777436
1.1764871716945891
1.1770735841813948
1.1767558765394557
1.1766301502031236
1.1766751556277204
1.1766905816067406
1.1767182183509193
1.176754821972581
1.1767811830102677
1.1767924124601654
1.1768291132255946
1.176968121848776
1.1762183024636885
1.1768257138684546
1.1767559139487802
1.1767217142699349
1.1767051114699916
1.1767041477147242
1.1767149688970997
1.1767653301397611
1.1767351556641468
1.1764076028401809
1.1765347794330474
1.1772510590214389
1.1768105417101822
1.1768021971656224
1.1769397225702332
1.17690825386939
1.1772149729747527
1.1777116839350399
1.1773022220946117
1.1768144031467502
1.1767882498450559
1.176801690599339
1.1767372960638431
1.1766696650823341
1.1767055981521974
1.1767028408325038
1.1767121236632512
1.1767324184460626
1.1767939953603337
1.1767926804796554
1.1767899465577798
1.1768822233089058
1.1768920671982548
1.1768338291940297
1.1767671017525698
1.1767272097508734
1.1766733360659631
1.1767016688292498
1.1767073346588439
1.1767070548735588
1.1767237209926216
1.176683237771158
1.1767278210793206
1.1767666578538654
1.1767366676924389
1.1767749781831041
1.1768234148542631
1.1768075222746117
1.1769077830172956
1.17687188439077
1.1768424512036988
1.1768194945284862
1.1760637037228427
1.1767830333390876
1.1767734943146486
1.1768199664433947
1.1767400249718534
1.1767119343254868
1.176722643766662
1.1767380529507658
1.1767721886460984
1.1767680958384985
1.1767826518298719
1.1768615963841229
1.1768509625824031
1.1768128733670808
1.1768105872719388
1.1767774643654043
1.1767555035269854
1.1767206664627945
1.1766613094232525
1.1766454075839017
1.1767864869159967
1.1767285922676498
1.1767450784366495
1.1767507169740221
1.1767833298352532
1.1767807133855428
1.176818816549609
1.1768467344002318
1.1768505489514633
1.1768177139935319
1.1767202178446032
1.1767341399834097
1.177469169315785
1.1767212347170806
1.1767192650732952
1.1767005800119306
1.1767099668554621
1.1767219987437336
1.1767386953722416
1.1767672929625395
1.1768099958355571
1.1768125892068975
1.1768281847564928
1.1768714557146069
1.176885551331917
1.1768564606158192
1.1768942822989055
1.1768065776802668
1.1767368771329803
1.1767523620548193
1.1767013955336698
1.176569087590742
1.1768518397890957
1.1767404912985047
1.1767867253261703
1.1767545760842593
1.1767395028952659
1.1767711213354624
1.1769199675485789
1.1769814082724013
1.1769205677233401
1.1768700892048205
1.176854298526238
1.1767196580800636
1.1766625560953332
1.1766862646049587
1.1766615790149082
1.176591577661642
1.1767826028488682
1.1760288065041937
1.1774937115468311
1.1767711083604868
1.1761567090690768
1.1776172030958723
1.1767519387269871
1.1769958503677096
1.1770041800697573
1.1769836192540795
1.1770813978397934
1.1767586535165633
1.1767689741394454
1.1767958169248627
1.1767753097509404
1.176716561110895
1.1767824861618947
1.176752108343543
1.1767988506207998
1.1765509821758815
1.176568840513766
1.1767040628913108
1.1769261315234194
1.1769641044792067
1.1769517352459629
1.1769037382891812
1.1768231694662961
1.1767191791013984
1.1766413512920206
1.1767094370566902
1.1765770071420747
1.1764961025558116
1.1769443411615141
1.1767987399924489
1.1767647901574902
1.1767985089834918
1.1768753895127932
1.1768139854816093
1.1766102059057306
1.1769003549187032
1.1769914665478489
1.1777056776840535
1.1765899982618366
1.1767768750900802
1.1768958708491282
1.1768852772747926
1.1768514582953586
1.1768080706938959
1.1768038410771733
1.1767783478353899
1.1769136806256546
1.1772646121752728
1.1771326972616205
1.1769237319682568
1.1769203378743003
1.1769389834299135
1.1769440158172486
1.1769190863948529
1.1768389980248102
1.176801135434796
1.1766877027935865
1.1768481843021623
1.176840468430902
1.1767974578274643
1.1768964335687115
1.1768865959284271
1.1768104506145258
1.1767967235439665
1.1769609761729296
1.1768699914315677
1.1767565233497603
1.176725763143653
1.1770694818402514
1.1762205129154937
1.1767855229792794
1.1768355203269278
1.1769412912601322
1.1769138240994526
1.1768810439391189
1.1768471483173322
1.1768371198496386
1.1767902559188008
1.1768834407174025
1.17695849353376
1.1769295619276545
1.1769821556350415
1.1769247348050866
1.1768976561063573
1.1769537952174849
1.1769931538555705
1.1768987012871428
1.1766997069981895
1.1764953416375796
1.1771584984326926
1.1769248854680945
1.1769606220577882
1.1768012810478303
1.1768632681081461
1.1768449294800485
1.1768477695583139
1.176868467050781
1.1768369465465753
1.1769602888122233
1.1769057889341132
1.1770206600818056
1.1768801572763867
1.176957079646179
1.1769224903734803
1.1769419311273857
1.1769051344322594
1.1769013743043333
1.1768945774386443
1.1769056138642076
1.1767979588303821
1.1768796098322931
1.1769537649743882
1.1769151830306717
1.1769758845954543
1.1769864298039019
1.1771212040146333
1.1770679568215279
1.1770490954376172
1.176878426208517
1.176621400672772
1.1770451566788562
1.1770281952869326
1.1769602395236989
1.1770155126945778
1.1770923022670547
1.1769837009713591
1.1768873876974939
1.1768763259115347
1.176853897910765
1.1767996672818164
1.1770053989365712
1.1769172146910887
1.1770538161017667
1.1770641154720523
1.1769786100383657
1.1769375300619771
1.1768991671928688
1.1768409151112342
1.1768649937472748
1.1769150737892464
1.1768796790894034
1.176818069892843
1.1768879405253274
1.1769765113543391
1.1769083422979791
1.1770104194733655
1.1771037201686083
1.1771257299954101
1.177104814584226
1.1770838531303796
1.176968195669579
1.1769123144681839
1.177042268984402
1.176983716058785
1.17698862186007
1.1770098819117902
1.1769098439856946
1.1769276788905605
1.1768790145836301
1.1769353344943536
1.176984003967819
1.1768894184567997
1.1769374078492509
1.1769054144659858
1.1770671078003923
1.1770409364526613
1.1769611662432296
1.1769003235420454
1.1768568692293861
1.1768248428114114
1.1768585054181853
1.1768372523630917
1.1768139879907245
1.176761563741026
1.1768704963326462
1.1769542152338579
1.1769291065206795
1.177002992151059
1.177067112976701
1.1771292042498287
1.1770965688108443
1.1770695349493159
1.1769681913703887
1.1769225397270036
1.1769398707225227
1.1769789739926735
1.1769716218519493
1.1768662126900473
1.1767706251763339
1.1767842289087309
1.1768192123026684
1.1762431236872208
1.1777948784956962
1.1769401567041304
1.1768797696962252
1.1768940547136395
1.1770211299262354
1.1769969942631591
1.1768773906173919
1.1767750977200817
1.1766976742860102
1.1766776191192934
1.1767675266655093
1.176790361026274
1.1766760875232929
1.1765280367572992
1.1769904378164857
1.177020518710016
1.1769351784577025
1.1769285932420799
1.1769615016533304
1.1770239547063384
1.1770051397426304
1.1769585472763688
1.1768331496184115
1.1768057877159077
1.1768229245896158
1.1767891374408255
1.1768412259589429
1.1764604405946189
1.1767327575123987
1.1768029574709966
1.1768230469141461
1.1768258652987633
1.1772923619108433
1.1769729787433276
1.1768385527081917
1.1769273128988371
1.176946196926723
1.1769351893376387
1.1768352597951199
1.1767248021609236
1.1766489105406168
1.1765975993142339
1.1762994696653262
1.1772042382737236
1.1767315557697138
1.1766902347298061
1.1768236338762961
1.1768891632915195
1.1768584746036608
1.1768761034158624
1.1769220457237022
1.1769622930152215
1.176917601316545
1.1768686735050631
1.1767696011498989
1.1767390966563869
1.1767238786610235
1.1764789595023837
1.1770760461598493
1.1766732780557059
1.1761287719386859
1.1770335536115986
1.1767906331641269
1.1769621474439584
1.1771119269886592
1.1768555371306133
1.1768137898098896
1.176859262764278
1.1768855038868731
1.1769028409983904
1.1768561129846435
1.1767698270883133
1.1766766513580709
1.1766175418626217
1.176652027792856
1.176705522922096
1.1766938137601135
1.1766890008334832
1.1767931706511172
1.1768255482871623
1.1768065553944094
1.1768502586743588
1.17691178190215
1.1769373065906634
1.1768950744390729
1.1768588290507749
1.1767728315751906
1.1767247497095616
1.1767025766671277
1.1767165113805769
1.1767878444401383
1.1767230948482923
1.1766149123833036
1.1764976172847175
1.1766635827457572
1.1771830947439301
1.1768545327703548
1.1767648592034605
1.1767995029328155
1.1768358730108623
1.1769415596452921
1.1769278846427145
1.1768335657328532
1.176748089903993
1.1766922837481271
1.1762077281810861
1.1765984635735256
1.1767085734549698
1.1766290998527149
1.1765161695987714
1.1769121158905591
1.1768458477192469
1.1768058960020071
1.1768308298582772
1.1768913521782289
1.1769459382422343
1.1769501366974595
1.1769290529897751
1.1768375843699816
1.1767670004552635
1.1767899618614912
1.1767705512477242
1.1767375631357009
1.1767189092021877
1.176716140367668
1.1767081118583216
1.1767497544912775
1.1767778079098594
1.1767216203450885
1.1767438081930641
1.1763827394837627
1.1767835824109909
1.1769429863783105
1.1769202572245197
1.1767984025736278
1.1767239932943483
1.1768231072492279
1.1772146302982185
1.1766908549568977
1.1766396778985582
1.1766099969173278
1.176679052232906
1.1767610617364217
1.1767825454670326
1.1768175447531051
1.1768346283596243
1.1768978583176137
1.1769571325916572
1.1769716160231445
1.1769441462140728
1.1768546593750113
1.176769745677233
1.1767648960623138
1.1767573745074564
1.1767447239040834
1.1767419107689792
1.1767439136844939
1.1767385559790977
1.1767235257967701
1.1766901124302547
1.1766798504485814
1.1767991755571123
1.1772749624697045
1.1769096956542531
1.1769149189926671
1.1768952801916319
1.176766955271056
1.1767314305986449
1.1767346579111997
1.1768192020112573
1.1767239526497766
1.1766752715228987
1.1766805772384241
1.1767023118662214
1.1767278700379209
1.1767616008911626
1.1767984378470777
1.1768314059154903
1.176866315809405
1.1769406426160363
1.1769309419046325
1.176871353406145
1.1768050146097706
1.1767581281206667
1.1767326625377463
1.1767113826325217
1.1767590955676324
1.1767639743460065
1.176750773849272
1.1767256958761703
1.1767096111455104
1.1766738957959675
1.1766406862217997
1.176770073541223
1.1769683620303817
1.1769077667928909
1.1768585751240226
1.1768546311697177
1.1768428386396095
1.1767804223572129
1.1767643623093329
1.1767648362735128
1.1767307991907869
1.1766923475388229
1.1767108665564068
1.1767225095213947
1.1767322186395677
1.1767563716877705
1.1768063293207818
1.1768259231899945
1.1768329050706319
1.1768631445821409
1.1768623365792403
1.1768387024236335
1.1767931276529739
1.1767609020247431
1.1767402484394831
1.1767251289916203
1.1767320072730589
1.1767429532421794
1.1767392618672625
1.1766953331751828
1.1767284400526448
1.1767602307892726
1.1767579263683061
1.1768241105182629
1.176867236047711
1.1768662233175884
1.1769135966059616
1.1768716787218687
1.1768160588593441
1.1767895059231093
1.1767771331741776
1.1767588646182043
1.1767473313250076
1.176752233097087
1.1767353614230616
1.1767318245200953
1.1767489164983185
1.1767711423369169
1.1768018992984115
1.176812641057706
1.1768210904725032
1.1768427376465505
1.1768382577629946
1.1768200687829116
1.1767843895714518
1.1767579285838354
1.1767410682056161
1.1767368427967075
1.1767351781806847
1.1767367646313427
1.1767403997735162
1.1767284217175438
1.176741193606015
1.1767599420923702
1.1767790338946031
1.1768111403538213
1.1768187745429375
1.1768191675178703
1.1768517607739759
1.1768398186617208
1.1768016789130527
1.1767719514060362
1.1767508425846045
1.1767501615618596
1.1767399135754824
1.1767236594741377
1.1767266971708534
1.1767374049019554
1.1767698645660147
1.1768009675072744
1.1768166902689385
1.1768153657919813
1.1768272107094133
1.1768550507398672
1.1768427056593536
1.1768207311744128
1.1767862910819131
1.1767586364674423
1.1767484792214233
1.1767427173831382
1.1767400322008963
1.1767290805270716
1.1767466222156031
1.1767409790222532
1.1767578588061702
1.1767749953153266
1.1767895676883096
1.1768053242592584
1.1768328934979073
1.1768500146104144
1.1768496773481338
1.1768351954394822
1.1768058921637881
1.1767500862807259
1.1767380733375612
1.1767342434812029
1.1767289758906545
1.1767053237353076
1.1767450613328516
1.1767621624301619
1.1767870325772649
1.1768244573715656
1.1768570439376815
1.1768546955726793
1.1768516568570315
1.1769106346648841
1.1769015531852691
1.1768727336554585
1.1768209847923807
1.1767811210100199
1.1767664458838574
1.1767605657099776
1.1767554495014843
1.1767013369019594
1.1767686538922397
1.1767529539541752
1.1767994854870645
1.1768140181879314
1.1768036027676059
1.1767914572287803
1.1768616640491461
1.1769311140705458
1.176899052082323
1.1768523983214805
1.176825416372191
1.1767663427362645
1.176738648296038
1.1767353136721388
1.1767273572895631
1.1767252587511083
1.1767473666539803
1.1768030950970529
1.1768112098392467
1.1768288640071831
1.176893728228241
1.1768623524955903
1.1768082217175031
1.1768939985633786
1.176936661025292
1.1769610995768272
1.1768656597446223
1.176784752578349
1.1767826884257273
1.1767835250954217
1.1767859081259233
1.176774260541473
1.176776442614254
1.1767628394796259
1.1768433393511595
1.1768621924283349
1.1768043564503947
1.1767647358593261
1.1768644956804861
1.1769364611828936
1.1769441492439174
1.1769002375081856
1.1768639535828811
1.1767992734541095
1.1767567657217566
1.176824471306364
1.1768525057823516
1.1768581213282139
1.1767457231703666
1.1768649574502388
1.176848230554516
1.1766496613672768
1.1772570790050332
1.1769509178448923
1.1768519478037611
1.176872147202964
1.1770086948997471
1.1768907386081826
1.176812990083155
1.1768110162614083
1.1768395771481017
1.1768143684223324
1.1767980975861392
1.1768049941024703
1.1767830970147228
1.1767434779846959
1.1768888955560939
1.1770171015481952
1.1769547392161952
1.176991310649258
1.1769470087026259
1.1769522498332252
1.1769570650996004
1.1769357038275112
1.176871629541276
1.1767798510154888
1.176002225257557
1.1768431777854256
1.1767395484031014
1.1771061499253213
1.1768824480264277
1.1768731620152182
1.1768688803497542
1.1768636908795909
1.1769359098304262
1.176921065310085
1.1769472696201839
1.1769475625239851
1.1770271633921034
1.1769868372246486
1.1768906838149835
1.1768532345437417
1.1768720905024967
1.1768051901866019
1.1768012169144306
1.1768589702529018
1.176829418386361
1.1767984192830139
1.1769009910561676
1.1769149511574952
1.1768471429577041
1.1771040353991249
1.1770602637081544
1.1769821765875825
1.1769725127100605
1.1769539635126562
1.1768944597609341
1.1768149853568239
1.1776461265759428
1.1768822157200647
1.1769417123362822
1.1769576162269257
1.1768424546029697
1.176839257766761
1.1768787142280739
1.1769310349277955
1.176961946496959
1.1769366910435015
1.1769937296545514
1.1770020703755544
1.1770641044938548
1.1770522586604564
1.1769602492437228
1.1768910934066212
1.1768781653691336
1.1768405080261335
1.1768779753189793
1.1769237204585812
1.1768724825150059
1.1768376263512572
1.1768859010432755
1.1769081426642907
1.1768829584369198
1.1770088536743237
1.1771050951555391
1.1771354965887415
1.1770702354889555
1.1770114349318643
1.1769340741107117
1.1769060760254446
1.176938539155451
1.1768545534032266
1.1770176788483175
1.1768359808778683
1.1759535939760692
1.177479372692154
1.1768343528990588
1.1769061694327796
1.1772922552893874
1.1770173771661274
1.1769795551894966
1.1770028505201879
1.1770566462722893
1.1770446021902869
1.1769770060896061
1.1768992332087234
1.1768113158617894
1.1767137078224033
1.1767439717075678
1.1770893317088786
1.1768754669081141
1.1768160724456949
1.1768773816884899
1.1769424038057663
1.1769388891262027
1.1769882844076152
1.1770514284631508
1.177158997506621
1.1771129770569091
1.1770534316191121
1.1769160803021559
1.1768874194009624
1.1769107219965182
1.1768689730764073
1.1768903392773449
1.1764256231439407
1.1769004570255426
1.1767795457642718
1.1768406708234611
1.1768689867651279
1.177311393535154
1.1770260470549532
1.1769135541060896
1.1769831464213394
1.1770209455070313
1.1770161241757768
1.1769680772805231
1.1768845378718484
1.1767854547061423
1.1767377320668744
1.1768399318610747
1.1768674649784332
1.1767448726534258
1.1766493365413826
1.1769360683783603
1.1770062363308189
1.1769585997476104
1.176977928442374
1.1770220401524705
1.177105582953178
1.1770875145108635
1.1770442000454451
1.1768331776178427
1.1768058340743817
1.1768229930401279
1.1767892162467619
1.1768412724410942
1.1764603702708014
1.1767324361075984
1.1768026824623647
1.1768227922483874
1.1768257080431148
1.1772922528904068
1.1769728714576524
1.1768394899015162
1.1769287889267448
1.1769473500812351
1.1769363192429618
1.1768778566672227
1.176774855853622
1.1766974197946853
1.1766776155792309
1.1767677922818855
1.1767907099388517
1.1766762234922123
1.1765277193804136
1.1769897988694982
1.1770200493155132
1.1769354595794266
1.17692937362737
1.1769621856862029
1.1770243827715265
1.177005452701811
1.1769586712727587
1.1767697500673067
1.1767393394546128
1.1767241543012343
1.1764792396152524
1.1770762766504286
1.176673435750514
1.1761288394387415
1.1770334905085289
1.1767904278502914
1.1769619272999112
1.1771118576619226
1.1768559711864459
1.1768148789587554
1.1768612910777716
1.1768879513920658
1.1769053763140114
1.1768364468785428
1.1767243392233444
1.176648072070277
1.176597199865671
1.1762996427566232
1.1772045577349002
1.1767315078441931
1.1766894246963071
1.1768221120587303
1.1768884083813522
1.1768589171477903
1.1768775396649724
1.1769232482520207
1.1769630285881501
1.1769178023823852
1.1768687120859662
1.1767729642788316
1.1767250462599004
1.1767029352223635
1.1767168622891535
1.1767881084266727
1.1767232874310245
1.1766150248204359
1.1764976915508565
1.1766635168806558
1.1771828826384692
1.176854508840639
1.1767652942272369
1.1768003607335369
1.1768373301738551
1.1769434231165552
1.1769298113080779
1.176856348686329
1.1767700771810641
1.1766753834619685
1.1766166726767489
1.17665200426498
1.1767057625375614
1.1766936864897428
1.1766879285905416
1.1767913699614543
1.176824667507224
1.1768069648724235
1.176852212515672
1.1769130303044768
1.1769376735200987
1.1768952059578555
1.1768588150117971
1.176837738193601
1.1767672492725323
1.1767902445638545
1.1767708488568964
1.1767378008797325
1.1767191302352966
1.176716356163745
1.1767083312034525
1.1767500492106153
1.1767781812199136
1.1767220068606186
1.176743923501034
1.1763827878269166
1.176784077218884
1.1769437099714786
1.1769198940718695
1.1768295554401393
1.1767509585506848
1.1766921559000163
1.1762066890539264
1.1765982269465241
1.1767087231980962
1.1766289605001035
1.1765151792260626
1.1769105822302568
1.1768449740982145
1.1768065798523168
1.1768323572324113
1.1768922422696488
1.1769458198196157
1.1769499836775967
1.1769290736310767
1.176854744079461
1.1767698351902056
1.1767650170082129
1.1767575530562016
1.1767449066406952
1.1767421728039251
1.176744280971258
1.1767389822665295
1.1767244183973049
1.1766914231910328
1.1766808998156939
1.1767988286622024
1.1772738006199694
1.1769092248585988
1.1769147809790568
1.1768942789474965
1.1767971208264631
1.176723886053505
1.1768219749404025
1.1772136607194823
1.1766906194640614
1.1766397617512541
1.1766100429411976
1.1766784810684419
1.1767601285762925
1.1767820992228204
1.1768180522191065
1.1768357151279238
1.1768985942723176
1.176957199306375
1.1769713259411079
1.1769442659053797
1.1768049034325396
1.1767580148843462
1.1767326532014108
1.1767114163662038
1.1767592653265153
1.1767642820734177
1.176751159599827
1.1767262428919882
1.1767109280494368
1.1766757515682942
1.1766423200753513
1.1767688482349499
1.1769655735450126
1.1769079847612112
1.176858977380477
1.1768543627468289
1.1767661931724087
1.1767301430357666
1.1767334396367723
1.1768183486837611
1.1767236733628332
1.1766752815218779
1.1766805471543598
1.1767020167264661
1.1767274579246563
1.1767614213882009
1.1767986738171057
1.1768318488789431
1.1768667977717453
1.1769412244478421
1.1769315397523346
1.1768716184115573
1.17679289657371
1.176760754001545
1.1767401965754427
1.1767251114775426
1.1767320817338796
1.1767433441041046
1.1767397048644574
1.1766958815631758
1.1767297487725961
1.1767620498426226
1.1767593635211488
1.1768224223676511
1.1768641571902128
1.1768666119229838
1.1769154594068174
1.1768717710398304
1.1768421301409644
1.1767796396681265
1.1767638875377788
1.1767645078836235
1.1767305618286852
1.176692105041081
1.1767105733315661
1.1767221795230385
1.1767319404431982
1.1767561580974115
1.1768063184603892
1.1768261460734202
1.1768331774250911
1.1768634932102813
1.1768629234735255
1.1768388573882693
1.1767843257902566
1.1767580930462902
1.1767412128636221
1.1767369278296209
1.1767350614181633
1.1767374836597382
1.1767410552018109
1.1767289214028693
1.1767419056074913
1.1767611565832938
1.1767803763878071
1.176810766216162
1.1768173606997954
1.1768195102684267
1.1768526414787996
1.1768393274722211
1.1768137756668999
1.1767892767636736
1.1767773106771156
1.1767587342043577
1.1767470571782022
1.1767518398981629
1.1767350047767968
1.1767315056444649
1.1767486232112248
1.1767707620964485
1.1768016851122653
1.1768126777755166
1.1768213674120482
1.1768431512304303
1.1768385617567279
1.1768200728355058
1.1767868676239832
1.1767592833087495
1.1767488116465179
1.1767429344780886
1.1767393989266521
1.1767276622818539
1.1767471691684648
1.1767409164867839
1.1767581590883416
1.1767756994762659
1.1767908013619812
1.176806349300215
1.1768328155782917
1.1768498139216605
1.1768494639630467
1.1768341234521493
1.1767990681668516
1.1767715098279536
1.1767510947359794
1.1767500368210628
1.1767395873640334
1.176723326147477
1.1767265502728159
1.1767373735248441
1.1767697321728532
1.176800450123795
1.1768161570544193
1.1768149752195289
1.176827061496533
1.1768550937049591
1.1768427498597791
1.1768208171663241
1.1768213694808434
1.1767815880072507
1.1767667293881141
1.1767607298343823
1.17675545929248
1.1767023294244989
1.1767693068659364
1.1767530845820677
1.1767995533006521
1.1768142307384575
1.1768040643560371
1.1767922581211943
1.1768621775488308
1.1769306663369425
1.1768991143956025
1.1768527130982085
1.1768087317945803
1.1767511150739027
1.1767381261608139
1.1767341375236635
1.1767288198138508
1.1767053261440676
1.1767452419202495
1.1767623935027687
1.176787077572087
1.1768245776387163
1.1768564981281757
1.176854135892371
1.1768511252391696
1.176910304065564
1.1769013711533862
1.1768727829004364
1.1768655381635353
1.1767845144229161
1.1767824077545705
1.1767835632238592
1.1767860267958516
1.1767742849809044
1.1767767806705487
1.1767630233167141
1.1768434013995921
1.1768622018734789
1.176804435324025
1.1767649720272817
1.176864215373904
1.1769388896595383
1.1769441042919464
1.1769006008980942
1.1768270887844878
1.1767663908122183
1.1767386875070101
1.1767353429809735
1.1767276039752455
1.1767254872853421
1.1767446160562085
1.1768014482303446
1.1768107137176587
1.1768316351678596
1.1768970382620338
1.1768631363432784
1.176807202106249
1.1768931022658586
1.17693644646697
1.1769610778586987
1.1768126698939858
1.1768104593322621
1.1768390832589564
1.1768142668308659
1.1767985347138588
1.1768055820486374
1.176783641327636
1.1767438686397842
1.1768889571773697
1.1770171234144775
1.1769545173498515
1.1769910521498168
1.1769471235552229
1.1769525873510625
1.1769573672716429
1.1769357855692135
1.1768638578000203
1.1767993709544702
1.1767569117006009
1.1768248205073155
1.1768526093544958
1.1768551615737946
1.1767289932321228
1.1768558418430879
1.1768447568157523
1.1766575109499264
1.1772651472066651
1.1769511125824828
1.1768508255894432
1.1768703343632536
1.1770078165870617
1.1768905274737242
1.1768905934198208
1.1768529242780232
1.1768718015597077
1.1768052233308131
1.1768014474831563
1.1768594970296804
1.1768298500619343
1.1767986885964741
1.1769009718605581
1.1769148686044544
1.1768469620657913
1.1771035666647747
1.1770599426887358
1.1769822858989256
1.176972537087682
1.1769539238498881
1.1768716706236435
1.1767800558309984
1.1760025133707854
1.1768435756433473
1.1767382459866074
1.1770954094003447
1.1768489428313902
1.1768543691433011
1.1768598588375609
1.1768724646200401
1.1769427221848465
1.1769136047273281
1.1769608941127143
1.1769546716496195
1.177026164416253
1.1769864381016486
1.1769605671656
1.1768912002775735
1.1768779688778905
1.1768405311314012
1.1768781297484909
1.1769239138974041
1.1768725462998355
1.1768375715854411
1.1768857390426681
1.1769079270053282
1.1768827389960301
1.1770085539935349
1.1771048408538369
1.1771352765279071
1.1770700262660998
1.1770114729768411
1.1768945873921832
1.1768152031589918
1.1776463586524926
1.1768822026153565
1.1769437096316939
1.176970914652764
1.1768801908966631
1.1768440117808248
1.1768719817399675
1.176935846220484
1.1769555317752693
1.1769067627296506
1.1770251731427439
1.1770203649231978
1.1770647992290661
1.1770518655909563
1.1769774024047406
1.1768993666813909
1.176810159235975
1.1767136368903346
1.1767439354897453
1.1770892895349887
1.1768752951656896
1.176815804689499
1.1768770903173991
1.1769420802727033
1.1769386387448051
1.1769881671306452
1.1770512806022699
1.177158806385779
1.1771128661701942
1.1770533547184727
1.176934152468921
1.1769062325608024
1.1769387539034273
1.1768548606548221
1.1770185070295307
1.1768415963403565
1.1759706928888247
1.1774833233821278
1.1768324528784191
1.1769077607198488
1.1772875910217655
1.1770036694860355
1.1769927644263156
1.1770070452160037
1.1770548849511484
1.1770439967048336
1.1769683909694426
1.1768846984069148
1.1767857557722554
1.176737812427648
1.1768397302323041
1.176867208385926
1.1767445500499965
1.1766491171006579
1.1769360428251923
1.1770062116797235
1.1769584464306433
1.1769777237294081
1.1770217970449139
1.1771053675713568
1.1770873040104919
1.1770441018189461
1.1769161508439214
1.1768875373203824
1.1769108646320898
1.1768691585069666
1.1768906147555123
1.1764261974489445
1.176902715131644
1.176780181867356
1.1768406164940914
1.1768693551105178
1.1773108817119335
1.1770230704560354
1.1769113302572141
1.1769805592473532
1.177020544167239
1.1770162135720303
1.1769595763371701
1.1768142053967121
1.1766773319440911
1.1766661238112137
1.1768876245019466
1.1768127070325396
1.1767727378546957
1.1767597170023893
1.1768180454925921
1.1769012937502463
1.1768781093770202
1.1769139859912447
1.1768938178352941
1.1768966998878512
1.1769883100786527
1.1770193004383305
1.1768408532360324
1.1768085307698546
1.176872755207891
1.1768380341831786
1.1768297841477897
1.1766725418081108
1.1766604018940856
1.1766992698274463
1.1768609053516326
1.1769599623666176
1.177063425038515
1.1768873278461456
1.1768080566842769
1.176990680685698
1.1770168039866027
1.1770350179747471
1.1768736941891729
1.1767130726716581
1.1765958158951915
1.1765949377791554
1.1768520498392052
1.1768028175512697
1.1767404289270869
1.1767917290504306
1.1767844257195184
1.1767703682196711
1.1768179076122991
1.1768895829464412
1.1768652250277267
1.1768727119466609
1.1768969973093566
1.1769457548619087
1.1767955939162837
1.1767394383025427
1.1767192135987796
1.1767074689112054
1.176789028897085
1.1766924284148876
1.1766203896565945
1.176698439840594
1.1768047137349529
1.1769208992897848
1.1769546677535281
1.1768281843410189
1.1768022477585971
1.1768911450536921
1.1769457971067079
1.1769581298041931
1.1768553131172901
1.1766913903192744
1.1765926356413878
1.1766785511322386
1.1767393248129259
1.1767816601146455
1.1767108903970278
1.1767495543606392
1.1767676572478796
1.1767622907222841
1.1767556925063027
1.1767944244290751
1.1761018641234915
1.1776556046369209
1.1768862690842949
1.1768455585886752
1.1767661724380505
1.1766954394894571
1.1765280386369286
1.1766728704377281
1.1767507919868467
1.1767228929350975
1.1767011000449497
1.1766830024818364
1.1767627099700642
1.1768615623804763
1.1767983606205688
1.1767576496722745
1.1768408731293909
1.1768624612827601
1.1769183618562897
1.1769488868368891
1.1767754252433755
1.1766935325138459
1.1766945168271852
1.1766273770192719
1.1764863758730162
1.1768692843018138
1.1766874728918149
1.1767051451478951
1.1767757636674656
1.176772342028408
1.1768153342012255
1.176805647256425
1.1768892701518896
1.1769611015571049
1.1769448551650181
1.1768485270594333
1.176771236568843
1.1767772623475214
1.1769529961545542
1.1768096784576778
1.1767472875037792
1.1767312330086894
1.176723869581382
1.1767303176247164
1.1767424940049032
1.1767459263898017
1.1766962752602437
1.1766589245626389
1.1769265537054736
1.1768799510097889
1.1768757996790413
1.1769121012271946
1.1768161217670432
1.1767542603573344
1.1767474505676976
1.1767225840950535
1.1766647403641186
1.176661840072676
1.1765454275626674
1.176767352674043
1.1767241810162741
1.1763489793274202
1.1772317382203705
1.1768576942023055
1.1769525505513732
1.176953280282059
1.1769110038212205
1.1767956074018382
1.1767403235003322
1.1767268755975204
1.1767713169580001
1.1767556220864182
1.17673079884137
1.176744786784012
1.1767746240568693
1.1767497615994917
1.1767199112117384
1.1766939555824862
1.1766936909738825
1.17678719610286
1.1768964359586542
1.1768990700481765
1.1769089444480785
1.1769134179876675
1.1768536594204959
1.1767846528057759
1.1767471872089372
1.1767477836157081
1.1766966743290199
1.1766733833494656
1.1766777527744721
1.1766901485324737
1.1767064754457204
1.1767456616509804
1.1768136149799122
1.1768586509694972
1.1769064378223582
1.1768750414695073
1.1768715731448465
1.1768942810715526
1.1768452017022208
1.1767819030458191
1.1767254934170042
1.1767316602868174
1.1767447308604746
1.1759920445837071
1.1767187303608604
1.1767211232837891
1.176706174377983
1.1766759272409062
1.176719996394104
1.1768428327657401
1.1768566716439881
1.1768827673249513
1.1769126476545275
1.1769129112212098
1.1768478292016695
1.1767775225842152
1.176762354659838
1.1767514992695087
1.1767073580159109
1.1766511741902279
1.1767003168828947
1.1767099455300112
1.1767384506252403
1.1768117176164301
1.1768063506854505
1.1768208197422134
1.1768768985306346
1.1768531614361855
1.1768546245683793
1.176858207088981
1.1768200281300774
1.1767877143403425
1.1767783802082592
1.1767422421900309
1.1767392949610676
1.1774738884447713
1.1767557643474358
1.1767204104207389
1.1767243952606559
1.1767284771993989
1.1767569268283942
1.1768313074342842
1.1768430386950712
1.1768685887559589
1.1769006179214778
1.1769064686552269
1.1768106841421528
1.1767939337215403
1.1767965501857249
1.1767569712145913
1.1767272870505376
1.1767080427883922
1.1767142958691637
1.1767252063226621
1.1767526059686433
1.176799515345295
1.1768115712110181
1.1768072139497385
1.1768236512112478
1.1768532789573045
1.1768440180159887
1.176821236260988
1.1767855594728027
1.1767594950846552
1.176750190779515
1.1767334596849857
1.1767446987450658
1.1767489262350277
1.1767413534237448
1.176730797038595
1.17673586642172
1.1767571854876424
1.1767780464776569
1.176815625302317
1.176829374675755
1.1768489953710346
1.1768517557845786
1.1768364328559549
1.1768146759601943
1.1767988577676007
1.176731844142195
1.1767353396669422
1.1767357278785457
1.1767260791231728
1.1767182731445511
1.1767373568807487
1.1767736847562564
1.1768063063463179
1.1768218817929084
1.1768264081387949
1.1768362344223857
1.1768520220951015
1.1768471653661234
1.1768273158238258
1.1767925794781198
1.1767625113444444
1.1767440047479556
1.1767407800110514
1.1767443297612132
1.1767183233368157
1.1767283148349508
1.1767360335760118
1.1767549234992623
1.1767794842342147
1.1768186875338595
1.1768238422720918
1.1768319160056131
1.1768524001765341
1.1768475287846756
1.176824411248097
1.1768174893524697
1.1767478413970482
1.1767316726516517
1.1767452478848774
1.1767691956328379
1.1767570010246737
1.1767225238145322
1.1767815287463617
1.1767952288561494
1.1768166864039042
1.1768022612388644
1.1768582196463413
1.1768910226920992
1.176856141151744
1.1768671880633192
1.1768560277977453
1.1768120310657657
1.1767721083900651
1.1767538768652577
1.1767510416750655
1.1767365444302322
1.1766504734571586
1.176738842065725
1.1767515134368502
1.1767834977567793
1.1768107655934923
1.1768580052282867
1.1768303458749949
1.1768421879955338
1.176873013131307
1.1768930112842813
1.1768523758429006
1.1767896846538211
1.1767545216084683
1.1767371568392933
1.176775830937826
1.176836064284855
1.1768136476032267
1.1767567562546857
1.1767687809036831
1.1768399060165187
1.1768598386600007
1.1765767251356507
1.1768366621611155
1.1768908017932269
1.1769169824250629
1.1769151851765087
1.1769085730808972
1.1768548040210041
1.1767959807232666
1.1767728605144405
1.1767555678176216
1.1767791489520325
1.1767668663275714
1.1767705994279114
1.1767729476883619
1.1768261221796927
1.1768964011637708
1.1768726935543961
1.1768937996592508
1.1768635842944579
1.1768614911391657
1.176948769133944
1.1768815282749414
1.176839222878435
1.1767882011409498
1.1767588220876439
1.176878068957345
1.1769038934338545
1.176845097419583
1.1767256457011457
1.1765453656221552
1.1770723856175798
1.1770305803718728
1.1772893159299087
1.1769598533342265
1.1769242573971754
1.1770087009150936
1.177028144779996
1.1770054077103627
1.1769268394130517
1.1768535471395516
1.1768235936506291
1.1767285542322741
1.176802869091635
1.1768694313428905
1.1760381107561044
1.177409433795819
1.1768094233077191
1.1770822667039218
1.1769416334256966
1.1769856806992296
1.1769526318896621
1.1769449055367172
1.1769632182532144
1.176926068439283
1.1768668969819975
1.1768240258369869
1.1767973097183348
1.1768503186231081
1.1769016391831693
1.1769177733160936
1.1768364044399449
1.1768216651664054
1.1768648872560583
1.1768928130803014
1.176954956867108
1.1769270144556807
1.1769398931570694
1.1769663572132565
1.177053149084071
1.1770240250154025
1.1769213418197424
1.1768233243885244
1.1768176919460311
1.1765955076552697
1.1767453414542866
1.1769655174275275
1.1768866209771853
1.1768017906587001
1.1768747978078951
1.1769092880533911
1.1768326590369564
1.1770592462211511
1.1770834088816686
1.1770374338339411
1.1769895961473382
1.1769338245839049
1.1769070042197429
1.1768910510419224
1.176879432156092
1.1768179492836184
1.1770068041844171
1.176923626596589
1.1768446442085883
1.1768406073510778
1.1768786732914096
1.1769589439028885
1.1769377197072657
1.1769387035177608
1.1769819877462768
1.1769972007561174
1.1770099515230186
1.1770134370146439
1.176906563107484
1.1767679473148689
1.1767882246626222
1.1765669164070451
1.1774093491773061
1.1769783354354109
1.1768886816000019
1.1768616112872152
1.1768807673906947
1.176893180078004
1.1768600587135465
1.1769432094488852
1.1771192660546579
1.1771536866235568
1.1770791045069604
1.1769871361176028
1.1769205189977519
1.1769118575355908
1.176942950107801
1.1768893524343189
1.1769714182838173
1.1768550626220153
1.1767402684693713
1.1767561939707551
1.1768809969232943
1.17699625341053
1.1770484107223025
1.176968944906615
1.176961126033917
1.177010549286698
1.1770336411125213
1.177055445667607
1.1769684137303367
1.1768347629000524
1.1767279614297865
1.1765172761016922
1.1772369226917019
1.1769786510827815
1.1768591316488524
1.1768331060348411
1.1768731312150598
1.1769126967378236
1.1769100047126828
1.176922766547404
1.176843337656863
1.1772000656260861
1.1771536715455684
1.1770691314832742
1.176901358136988
1.1768856809896848
1.1769485230151704
1.176906711379389
1.176906690174377
1.1767306780695432
1.1766997620738189
1.1767174384171764
1.1768817454143132
1.1769851998499958
1.1770942770150161
1.1769512876812485
1.1768866568881335
1.177040918276149
1.1771070848547343
1.1771023168091923
1.1770240587793428
1.1769094030495264
1.1767545294121124
1.1767079729253411
1.1769402127704678
1.1768501622474152
1.1768343446441996
1.1767653760795114
1.1768652946608906
1.1769341714054899
1.1768994539782636
1.1769453808520403
1.1769227102292283
1.1770038108777983
1.1770596223159855
1.1770882563308525
1.1768409109453373
1.17680852857116
1.1768727339772098
1.1768380443788655
1.1768298102849746
1.1766724855996791
1.1766602236159371
1.1766989628044688
1.1768606161249719
1.176959903185463
1.177063275585871
1.1768871674355466
1.1768086596061575
1.1769914335753908
1.1770172407231241
1.1770355571170514
1.1769598425381904
1.1768138028964652
1.1766754464075191
1.176665893897664
1.176888066238958
1.176813193103065
1.176772948134289
1.17675944186286
1.1768172877835599
1.176900952424802
1.1768786722212876
1.1769152458072059
1.1768952010709013
1.1768977188203977
1.1769888179757926
1.1770195191845954
1.176795690202797
1.1767395792324034
1.1767193703995891
1.1767076406764343
1.1767891900108851
1.1766925131892463
1.1766203845469925
1.1766983251564369
1.1768044683217878
1.1769206701937263
1.176954564113434
1.1768284983983122
1.1768029250299072
1.1768919581101898
1.1769468666203677
1.1769592297241411
1.1768741863451959
1.1767130697011428
1.1765956764720136
1.1765951606124347
1.1768526199961
1.1768032957953596
1.1767403672828785
1.17679070391423
1.1767826999631232
1.1767692074984222
1.1768186246146486
1.1768918072323686
1.1768671892734768
1.1768738893941668
1.1768974362741302
1.1769458803788801
1.176766200544799
1.1766956218734033
1.1765282580480925
1.1766730875628422
1.1767509871864186
1.1767230518263945
1.1767011863854142
1.1766829939774672
1.1767625567904743
1.1768613319843961
1.1767982656425304
1.176757827629545
1.1768414053287883
1.1768632038641038
1.1769193707477661
1.1769501248365972
1.1768559510746988
1.1766907663987671
1.1765921595452782
1.176678553991471
1.1767397038448444
1.1767821590117931
1.1767106448291544
1.1767481336743759
1.1767655825077146
1.1767610184973176
1.1767562403979335
1.1767967273285878
1.1761039486025207
1.177656524101286
1.1768865251312022
1.1768455049194755
1.1767711732954973
1.176777265576364
1.1769531270290734
1.1768098499517958
1.1767474570532361
1.1767314184322271
1.1767240333984637
1.1767304472536484
1.1767425882646569
1.1767459781710488
1.1766963476862498
1.176658896283439
1.176926490969201
1.1768799967361876
1.1768760945703427
1.1769127916330842
1.1767765188813177
1.1766908186950831
1.1766932514085626
1.1766266139610917
1.1764864753844262
1.1768696736373547
1.1766873485294063
1.1767040646330207
1.1767741400522556
1.1767714091014849
1.1768159725937049
1.1768072061277812
1.176890677140352
1.1769617078991339
1.1769450427463586
1.1768483456597632
1.1767402070852615
1.1767266359435995
1.1767711898673148
1.1767556534337638
1.1767308842850199
1.176744934730436
1.1767748385855674
1.1767500118709591
1.1767203396616286
1.1766944928734548
1.1766941107578535
1.1767871627935982
1.1768960150726357
1.1768984742577824
1.1769085836078543
1.1769132924770729
1.1768158710846421
1.1767530682420131
1.1767467909090792
1.1767232463098325
1.1766650608274156
1.176662165420493
1.1765454832097102
1.1767668990944242
1.1767233949304796
1.1763485547435151
1.1772321446892451
1.1768588477340292
1.1769534566694499
1.1769538677244533
1.1769111017488803
1.1767955588566192
1.1768446985233383
1.1767812914383144
1.1767250456920788
1.17673144618948
1.1767446745800363
1.1759920514515656
1.1767188797504635
1.1767214023424963
1.1767068092934814
1.1766767834894352
1.1767206585181
1.1768429910979064
1.1768564654792653
1.1768821761231743
1.176911923304407
1.1769118778336292
1.1768524520994761
1.1767837460595776
1.1767466704838048
1.1767474717315318
1.1766967533962327
1.1766735931381267
1.1766779045274467
1.1766900658774646
1.1767062116314624
1.1767455317334332
1.1768139609012005
1.1768593135480838
1.1769071944500824
1.1768755337690835
1.1768717986930377
1.1768945169944149
1.1768193253699142
1.1767872858360531
1.1767779080747252
1.1767419932093064
1.1767391260330213
1.1774737386803307
1.1767557389860772
1.1767205915725794
1.1767249428725739
1.1767292549194484
1.1767577076688382
1.1768313320026873
1.1768429538274239
1.1768685141601429
1.1769002109807709
1.1769055334914342
1.1768467505281706
1.1767766746074819
1.176762028870773
1.1767512862541576
1.1767072831564389
1.1766511670926783
1.1767002423093951
1.1767098773936671
1.1767382970710263
1.176811574846544
1.1768063700246751
1.1768211479086073
1.176877363539591
1.1768534915239164
1.1768545852628836
1.1768581672636511
1.1767856388067424
1.1767597972320489
1.1767502518161503
1.1767334728248724
1.176744582416279
1.1767487293469012
1.1767410983347482
1.1767307487304706
1.1767360090583632
1.1767577179415274
1.1767786072598194
1.1768156436179982
1.1768293050835177
1.1768487691538869
1.176851462862073
1.176835907522398
1.1768099940741699
1.1767936621078645
1.176796421109964
1.1767568369486607
1.1767271354867819
1.1767078735439378
1.1767141043076084
1.1767249966668598
1.1767522824157786
1.176799116166118
1.1768113044885311
1.1768072034991284
1.1768239203984794
1.1768537105352972
1.1768443762022578
1.1768212817234729
1.1767932948559237
1.1767634213499907
1.1767444547362547
1.1767410544617052
1.176744299407336
1.1767182689504334
1.1767280111311593
1.1767357364806896
1.1767547876022215
1.1767794380371164
1.1768184939633992
1.1768237109984017
1.1768317462975513
1.1768521564359213
1.1768472234372593
1.1768242944703604
1.1768143186156259
1.1767991105253857
1.1767318210342668
1.1767352278769923
1.1767355598735367
1.1767258883760181
1.1767181345570061
1.1767372483751815
1.1767733845781008
1.1768056872554826
1.1768212184425622
1.1768259617066632
1.1768361777857106
1.1768521259078706
1.1768473214270871
1.1768274888338759
1.1768129153897284
1.176772861403566
1.1767541312169025
1.1767511386197449
1.1767372095604394
1.1766508024861622
1.1767391589415888
1.1767515420915957
1.1767833421079765
1.1768104651726341
1.1768578158918166
1.1768301162869232
1.1768419785930051
1.1768728068584733
1.1768928667558822
1.1768522880258416
1.176817246819615
1.176747771021017
1.1767316333972604
1.1767451845619223
1.1767691665727018
1.1767571037109077
1.176722766633818
1.1767815887815427
1.176795088277006
1.1768162365221644
1.1768016936924872
1.1768575627808358
1.1768905262798508
1.1768559495260567
1.1768670700312949
1.1768562241128864
1.1768543072003321
1.1767949640624062
1.1767722726794441
1.1767554309499213
1.1767793585208872
1.1767674627621343
1.1767712564790487
1.176773443319961
1.1768264754498383
1.1768966668263172
1.1768730445456879
1.1768939350568335
1.1768635229078173
1.1768606512093587
1.17694882050734
1.1768814634678146
1.1767892463672491
1.1767545039457157
1.1767371800198325
1.1767758548764877
1.1768364307590813
1.176814309170428
1.1767566859751271
1.1767682266418262
1.1768394384405909
1.1768612946303039
1.1765781025097473
1.1768365758038477
1.1768899179752585
1.1769162894110947
1.176914948798792
1.1769084272492876
1.1769257027955202
1.1768518604057501
1.1768224356533843
1.1767282563936527
1.1768031263891017
1.1768701583669969
1.1760389301209364
1.1774101650225566
1.1768101463916536
1.177082965164578
1.1769420990822068
1.1769858652560623
1.176952713318832
1.1769450150136369
1.1769632618873325
1.1769260527630721
1.1768392328257438
1.1767882655161499
1.1767588805171882
1.1768784215473871
1.1769046580010087
1.1768456819328792
1.1767235745389057
1.1765420270832236
1.1770705580982272
1.1770349578732302
1.1772945508669712
1.1769609447781295
1.1769232889672554
1.17700691128072
1.1770274335942812
1.1770051399624606
1.1769208978526162
1.1768224179043563
1.1768169518077849
1.1765954155875409
1.1767455734659926
1.1769660303932277
1.1768871250524464
1.1768022502602606
1.176875209009445
1.1769096842126692
1.1768329208598145
1.1770591481246173
1.1770833042758218
1.1770373622229089
1.1769895275230557
1.1769337906526431
1.1768669227788258
1.1768241041524579
1.176797398275621
1.176850670214161
1.1769023466325055
1.1769175951403061
1.176833423545121
1.1768163724641714
1.1768606071676802
1.176897968344923
1.1769613127478247
1.1769262376276435
1.1769446555667478
1.1769660821055212
1.1770518343300889
1.1770238139111742
1.1769070081293753
1.1767681131458574
1.1767880472239876
1.1765669426856764
1.1774095207620203
1.1769785117527183
1.1768887758213067
1.1768616259300508
1.1768808120076468
1.1768931897431192
1.1768599990658406
1.1769430756944121
1.1771190986784528
1.1771534852693684
1.1770789702238418
1.1769871386115889
1.1769070789915552
1.1768911644556344
1.1768796015174345
1.176818260843655
1.1770075693547699
1.1769253816205025
1.1768494656039568
1.1768386403366264
1.1768751663818122
1.1769615655628634
1.17693766484486
1.1769302854075341
1.1769940074740017
1.1770018165714766
1.1770093169395481
1.1770131690128915
1.1769689737605658
1.1768360198423944
1.1767307933893449
1.1765169331775585
1.1772367950899509
1.1769785308897029
1.1768588507589093
1.1768328323177153
1.176872808083838
1.1769123677205799
1.1769096337701643
1.1769224114357377
1.1768430206349052
1.1771997874233675
1.1771534497084963
1.1770690673758826
1.1769205767772104
1.1769119740235687
1.1769431144630844
1.1768896010648184
1.1769719777686081
1.1768565082247031
1.1767437167549604
1.1767570877340567
1.1768804380494857
1.1769980809752643
1.1770485216071909
1.1769633741517955
1.1769645971597267
1.1770106696433158
1.1770329478379757
1.1770554126277801
1.1770240109693824
1.1769108133946566
1.1767578548305668
1.176709906136272
1.1769400823819769
1.1768498056806576
1.1768339573455171
1.1767651307103162
1.1768651566934252
1.1769339210886343
1.1768989751509362
1.1769447102157304
1.176921981278265
1.177003242558714
1.1770592972075775
1.1770881169400329
1.1769013894903928
1.1768857774131665
1.1769486386277321
1.1769068703749404
1.1769068861426948
1.1767310783252702
1.176700544933011
1.1767180214044819
1.1768819796435754
1.1769857152630632
1.1770945514144695
1.1769502020462954
1.1768848490210555
1.1770398248955343
1.177106893071
1.1771024630186051
1.1770342371211857
1.1768959359040252
1.1767673708285178
1.1767981139205568
1.1768938633515833
1.1767429086601697
1.1769701798208256
1.1761690181678388
1.1770709132506654
1.1772033212010531
1.1768154137867315
1.1769370024712951
1.1767890220807997
1.1766162161448992
1.176920047117179
1.1772210651599322
1.1769347809649835
1.1768341737901187
1.1768905611420397
1.1768414697630916
1.1767969987072318
1.1767616625770243
1.1767676173509243
1.1767054926918656
1.1768299609789343
1.1769357270578586
1.1768690000085653
1.1768738937327816
1.1768436583974629
1.1769891593012314
1.1770629346229264
1.1771157605001257
1.1769344539813902
1.1767331804311914
1.1766147723167186
1.1767515479895401
1.1769064885107881
1.1763046453674149
1.177055865584286
1.177070074017643
1.1767381029019197
1.1765423612303882
1.1767393840753313
1.177010065512508
1.1767562975120618
1.1766100576303971
1.176775565990194
1.1773541544756088
1.1769888204761301
1.17685552268849
1.1767896974345144
1.1767193488391186
1.1766935888124865
1.1767010008579468
1.1767500247195659
1.176699603866985
1.1767725572301293
1.1768838110682751
1.1767896586345439
1.1768359485508944
1.1768197704731014
1.1768921765698366
1.1769550790559429
1.1770218592542443
1.1769305231415066
1.1766596235176852
1.1763659427508422
1.1770675575631167
1.1768809909675932
1.1767511758444105
1.1766469650407994
1.1768778850628392
1.176753614490716
1.1766057124325644
1.1766696316917935
1.176771049484133
1.1767071744139499
1.1768836511525025
1.1768925434916937
1.176964785133465
1.1768388757606316
1.176771532229608
1.1767009310444307
1.1766747305743486
1.1767867557142635
1.1767557911924331
1.1767507022609902
1.1766774128435804
1.1767132128081466
1.1767825869117616
1.1767851474476507
1.176816721531498
1.1768389653783862
1.1768675692071686
1.1769030846607396
1.1770172103526653
1.1767088339100504
1.1766047467924252
1.1767311348966558
1.1767754358994535
1.1767297779587107
1.1767923212537879
1.1767332623748099
1.1767597753602486
1.1767247287042844
1.1767342369519729
1.1768699918973935
1.1768113340271336
1.1769362272538062
1.1769710513843596
1.1769106653794068
1.1767091504978258
1.1766563524130222
1.176721409783744
1.1768501459178897
1.1768833004579031
1.1768243417300952
1.1767538625952905
1.1766837336003828
1.1766817385028774
1.1767132631586146
1.176748181405431
1.1767383652072381
1.1767685199456615
1.1768430210466569
1.176843716998736
1.1767455526920445
1.1769640786907982
1.1767901931062748
1.1767272573766359
1.1767500682571628
1.1763127533702984
1.1771535856830988
1.1767215986183226
1.176723061336121
1.1767373632298099
1.1766889551023758
1.1766914324425124
1.1767861902696042
1.1768234282077519
1.1769447904755972
1.1769102871877315
1.1760547049541861
1.1766334704300159
1.1766899914579034
1.1765991856734486
1.1767035306492766
1.1767708348961206
1.1767596723631355
1.1767600169940116
1.1768137331621584
1.176739745162501
1.1767110997427475
1.1767121475496207
1.1767483409701847
1.1767951437491935
1.1768186003778061
1.176866069765244
1.1768863100523002
1.1769310759350917
1.1768619294087457
1.1767680294589797
1.1767540428296355
1.1767349528501363
1.1767124490262624
1.1767311481463354
1.1760684775997075
1.1773698556463195
1.1766136002878231
1.1766678626475009
1.1767560193689801
1.1768103454565291
1.1768915346918984
1.1768106584740488
1.177568867209893
1.177062336132219
1.1769317062431042
1.1767810697568701
1.1766125515671273
1.1767064483567162
1.1767237611567178
1.1766865503260684
1.1763040690937048
1.1766907704082181
1.1766893179596578
1.1766703514367318
1.1768050384746509
1.1768326256998951
1.1768049175241602
1.1768474941560367
1.1769228258289257
1.1769443296001003
1.1768667263500623
1.1767425637927289
1.1767238178735961
1.1767245961931478
1.1766402323752043
1.1764188733272518
1.1766457289980781
1.176685372064133
1.1767425819220367
1.1769749306390214
1.1768234095364289
1.176767127773892
1.1769291512911624
1.1768625367552528
1.1768828526154904
1.1769364854418445
1.1768958783715608
1.1768801304274223
1.1768620256168232
1.1760234232293281
1.1774420194620421
1.1766629462138813
1.1771830855739356
1.1767403607020359
1.1767087953973638
1.1767255828486431
1.176794955546407
1.1760868744239978
1.1775715520998167
1.1768646154515086
1.1769247048092601
1.1769473302369846
1.1768076739650324
1.1768117237464997
1.1769236227060298
1.1767427437142401
1.1766817791253188
1.1766133241306624
1.1766210705772531
1.1767088079043266
1.1767447895460754
1.1768197341561575
1.1768376653875607
1.1767837628946709
1.1768245548820582
1.1768988288233322
1.1769051601675309
1.1768884598920901
1.1768378439562848
1.1767970398226821
1.1767607444635746
1.1767051672505886
1.1767455287618758
1.1767461683053644
1.1767264322723594
1.1767350700182682
1.1766994007746407
1.1767602603725735
1.1767852124394209
1.176816197131211
1.1768177835378884
1.1768430590962242
1.1768487175882492
1.1768265100429205
1.1768665501221873
1.176900796033989
1.1766229466450773
1.1767125915837162
1.1767336502979431
1.1767149392905771
1.1766696754461903
1.1767382024434025
1.1767481915266496
1.1767803986251553
1.1768065777263781
1.1768026798426734
1.1767964030813225
1.1768174143272683
1.1768488178775811
1.1768347664470715
1.1767916180454869
1.1767432683885155
1.176704211870375
1.1766975400273132
1.1767096705405029
1.1766772357707873
1.1767190527196165
1.1767183422076175
1.1767187148088087
1.1767541754096356
1.1768396825889536
1.1768577063603682
1.1768513522557376
1.1768842989790738
1.1768986786228224
1.1768608124667352
1.1768598529791177
1.1766902255179379
1.1766652921944605
1.1767384202211963
1.1767728537577855
1.176756431788273
1.1763056194961072
1.1772002880653623
1.1767804875780881
1.1767756829545848
1.1767812334546497
1.1768522117389988
1.1768908575817074
1.1766523765493733
1.1768169035618818
1.176839824948694
1.1767977483539029
1.1767385027791719
1.1766976054577865
1.1767314730723455
1.176660312161437
1.1761808746423921
1.1771864934364422
1.1767577255407902
1.1767270874121567
1.1767502492711472
1.1768547310009776
1.1768375403593254
1.1768548392708424
1.1768838308286651
1.1769941007986573
1.1776632697495071
1.1767131944496685
1.1766857860816928
1.1767330522419588
1.1768014727066149
1.1768118297574504
1.1768250568445333
1.1767814559082346
1.176804014164456
1.1767879633873308
1.1768144678962018
1.176677851616365
1.1768085516949052
1.1769138577981835
1.1767708024650543
1.1769285314303188
1.1769055607625658
1.1768430598026409
1.1767763376192186
1.1767843484867127
1.1767445973374533
1.1768034921018131
1.1766601215017869
1.1767829813779191
1.1768275012945641
1.1767994048087014
1.1767849126827077
1.1767348865285783
1.1770523050084924
1.1768627876598887
1.1766880317820145
1.1770728302462736
1.1761420865063794
1.1768238472126016
1.1768615607314825
1.1768610472102101
1.1768867287024216
1.1768781335635115
1.1768437395762015
1.1768139488731566
1.1767921501997582
1.1768827745555277
1.1769390452039787
1.1770510842750981
1.1769515723391426
1.1770070938492669
1.1773363841809656
1.1771195059277944
1.1770448712543893
1.1769443285746868
1.1768670440857998
1.1768208572600567
1.1766479442930065
1.1770205962186653
1.1769225670954844
1.1767918138249842
1.1767579430818245
1.176826937547411
1.1769110956496061
1.1768567878395204
1.1769392567913621
1.1769729406825304
1.1777014272933688
1.1769903175143379
1.176932879557909
1.1768700848906699
1.1768644462238509
1.17685328009973
1.1768752100316835
1.1768955918861623
1.1768545578424885
1.1768433419155857
1.1768215019103652
1.1768299888480178
1.1766150893724034
1.1768992350128538
1.1769262461745562
1.1769494377408545
1.1766352108638551
1.1775223354026325
1.1770577072100794
1.1768743326417828
1.1767602892445734
1.1768648404915263
1.1768556863210962
1.1768432373795763
1.1769357988058784
1.1769274404998915
1.1768875254194724
1.1768519899071765
1.1768772853990979
1.1768432634025614
1.176902273774076
1.177013776222152
1.1762217468885496
1.1769676100791715
1.1769299268007383
1.1769316595125705
1.1769304198169479
1.1769250714944506
1.1768929732814941
1.1769474226346932
1.1768810393323996
1.1768625800330126
1.1768314566302154
1.1769084200718662
1.1772117678382843
1.176930272937136
1.1769359691434835
1.1769584734190546
1.1769567902828186
1.1769430163242098
1.1769432366732195
1.1767440742742004
1.1765886293360774
1.1767102461062391
1.1770249082865969
1.1770510399161744
1.176970190825481
1.176916529336157
1.1769017412895619
1.1768480653378797
1.1769059345685109
1.1768719358618538
1.1768954874437423
1.1770231752716069
1.1769884668886299
1.1770669421498972
1.1770210312204215
1.1769946690308593
1.1769629417923551
1.1769761702722517
1.1769310790499603
1.1769303165550962
1.1768655445317338
1.1768427269513648
1.1768057986592622
1.1768981712415987
1.1770039900474147
1.1769204218309142
1.1769355037723979
1.1769275919714033
1.1769556791102413
1.1766154409812699
1.1770656502117975
1.1770030038420045
1.1768019319169949
1.1767078059365901
1.1768830453566199
1.1770327920980395
1.1768903765217804
1.1769235192638829
1.1768734051656289
1.1768742170754618
1.1769240601514843
1.1768930087924836
1.1769165373456725
1.1768501886119092
1.1763175559966772
1.1775737856657482
1.1772833627115982
1.1769943621614718
1.1769433033455305
1.1769700197510877
1.1769244564746881
1.1769043502636365
1.1768436966026314
1.1768126106838832
1.1767420323225837
1.1768680478991502
1.1769696545735515
1.1769222694647816
1.1769215606517067
1.1769079496542469
1.1770843400384108
1.177576172042571
1.1772051510987145
1.1771148233637474
1.177040988843727
1.1768763892179155
1.1768618240827764
1.1769265236093398
1.1766788346212702
1.1770625384667266
1.1764518042301242
1.1768303080081641
1.1773292106732482
1.1768502949978084
1.176964696376378
1.176852555826583
1.1766903773238035
1.1769510241102608
1.1773114296555189
1.1769348753830129
1.1768341620892935
1.1768905348364564
1.1768414652498458
1.1767970363515514
1.1767616259932205
1.1767674374104411
1.1767052120450279
1.1768296773450277
1.1769355694862504
1.1768688096370448
1.1768736228099956
1.176843571246885
1.1769892590419664
1.1770628830505767
1.1771152447672355
1.1770338379770267
1.176898188668452
1.1767762762067486
1.1768006492827126
1.1768945198378593
1.1767435228798073
1.1769706252747998
1.1761689903693506
1.1770705118387295
1.1772032892697151
1.1768162092113472
1.1769383966731661
1.1767905826913607
1.1766174922419097
1.1769208707289307
1.1772214143413078
1.1769889006822924
1.1768555333767212
1.1767897340122651
1.176719429085227
1.1766936653834785
1.1767010335355303
1.1767499751845909
1.1766994666885353
1.1767723164886701
1.1768835035353713
1.176789415143243
1.1768358664615786
1.1768198207074909
1.176892493070675
1.176955531315091
1.1770221243879093
1.1769347620995123
1.1767335008497344
1.1766144273171659
1.1767524036844972
1.1769073038401177
1.1763052826658138
1.1770559357767207
1.1770694289533743
1.1767369724879442
1.1765417248394086
1.1767401278024054
1.1770119934413337
1.176758100658607
1.1766113807074674
1.1767763036175998
1.1773544154234528
1.1768388481499907
1.176771528188735
1.176700994369444
1.1766748397164073
1.1767868522446585
1.1767558663460111
1.1767507086229574
1.1766773519568328
1.1767130640179695
1.1767823440482177
1.1767849219633608
1.1768165874633714
1.176839024087502
1.1768678779681303
1.1769034719215328
1.1770176357820452
1.1769309640027787
1.176659751102634
1.1763657321710279
1.177067596410075
1.1768816876925552
1.1767517181568175
1.1766470131168414
1.1768768677505408
1.1767519660609729
1.1766047699450057
1.1766701068642611
1.1767726447843678
1.1767087384439472
1.1768844608637816
1.176892863078403
1.1769648495164113
1.1766563432617532
1.1767212695772526
1.1768500440774174
1.176883296610846
1.1768244348766137
1.1767539708452264
1.1766838235160957
1.1766817686937474
1.1767132091048775
1.1767480839459237
1.1767382650821601
1.1767683984469979
1.1768429285704862
1.1768436904471367
1.176745542380824
1.1769642475624067
1.1767090493385861
1.1766042484059129
1.1767309160128903
1.1767761048945955
1.1767309101715064
1.1767929664835937
1.176733410254839
1.1767591151201495
1.1767235627759063
1.1767335343621612
1.1768704925114779
1.1768120734228087
1.1769364314171966
1.1769712341334557
1.17691064606475
1.1767091359534236
1.1766902052472108
1.1765988142082306
1.1767030309285451
1.1767705973170193
1.1767595972474063
1.1767601014995903
1.1768138550711147
1.1767398598027248
1.1767111942920385
1.1767122625427515
1.1767483758992787
1.1767951499111857
1.1768184847388943
1.1768658088055903
1.1768859575433508
1.1769308164842915
1.1767899269382538
1.1767266900397539
1.1767491587800023
1.1763077784011464
1.1771530786211333
1.1767221226243243
1.1767234057465032
1.1767373524686924
1.1766886141298682
1.1766911276751224
1.1767864405376476
1.1768238008219045
1.176945035727833
1.1769096999256146
1.1760539194299131
1.17663380340266
1.1769325656522633
1.176780494885135
1.176611585951663
1.176705849049261
1.176723491806853
1.1766864038438523
1.176304016233952
1.1766908257318627
1.1766894386041258
1.1766705238279696
1.1768051073090422
1.1768327309319353
1.1768049716014348
1.1768471968993448
1.1769224078896898
1.1769442613204553
1.1768617063967
1.1767670373747128
1.1767535517882866
1.1767334511927587
1.1767124395704593
1.1767315040706681
1.1760689098687753
1.1773701416231765
1.1766136179016173
1.1766678243836668
1.1767562821492941
1.1768107978623465
1.1768920535090655
1.1768095576380528
1.1775673190782865
1.1770632155734129
1.1768965355276944
1.1768794982656363
1.1768610636119887
1.1760226769309303
1.1774416165021804
1.1766625923453125
1.1771827916567583
1.176740111295018
1.1767086537363629
1.1767253682723997
1.1767946172602741
1.1760866432603736
1.1775714175005954
1.1768644623122209
1.176924308842819
1.1769476756228319
1.1768663537669877
1.1767420502774262
1.1767234982827566
1.1767244190899202
1.1766402257119088
1.176419062388514
1.1766459900588671
1.1766855463774548
1.1767425315983702
1.1769747651755564
1.1768233901204925
1.1767676062705359
1.1769295321434201
1.17686137745596
1.1768815707675677
1.1769375501547903
1.176838279109873
1.1767970799617049
1.1767602962040764
1.1767045338979405
1.176745142822766
1.1767458719505139
1.1767260376468522
1.1767345194304748
1.1766986651471669
1.176759201032251
1.1767840791988649
1.176815391652517
1.1768172774509444
1.176843032473144
1.1768487059599977
1.1768254469587072
1.1768054949310978
1.1768107496353226
1.176923447166887
1.1767425222478098
1.1766816408909802
1.1766133541493169
1.1766211537438394
1.1767087665420839
1.1767445132144365
1.1768193437691785
1.1768373994269987
1.1767838073392665
1.1768247442326962
1.1768981163079102
1.176904547123018
1.1768890237958196
1.1767928355304593
1.1767441331860353
1.1767040988648203
1.176696953251311
1.1767082906699111
1.1766771910182678
1.1767190001922661
1.1767179121606086
1.1767177374508235
1.1767524838818793
1.1768377342090417
1.1768561878255048
1.1768505268806984
1.1768841190296826
1.1768988241907068
1.1768601249908284
1.1768656268004707
1.1768997448011913
1.1766231682665547
1.1767124178310036
1.1767335366030107
1.1767148726748942
1.1766696136275998
1.1767380610930087
1.1767478018979087
1.1767798536674361
1.1768059264709174
1.176802197539899
1.1767963585259951
1.1768173433520344
1.1768487996754091
1.1768351787343632
1.1767987112969043
1.1767388404004684
1.1766971345220509
1.1767304586702163
1.176654050386756
1.1761813257545541
1.1771873975388443
1.1767579627929226
1.1767265459968392
1.1767490496834465
1.1768539008478136
1.1768364790155401
1.176854072002147
1.1768834812651516
1.1769939773709388
1.1776630426822576
1.1768591743820696
1.1766900201617976
1.1766651707988838
1.1767383418403636
1.1767728681768888
1.1767565849645696
1.1763057966583261
1.1772003533476787
1.1767802619069754
1.1767751818566925
1.1767804173760703
1.1768514802523447
1.1768904983728508
1.176652423404873
1.1768170287443425
1.1768402108788634
1.1768424497559351
1.176775054472206
1.1767833035988673
1.1767436471039789
1.1767993491147539
1.1766618562768594
1.1767841986308372
1.1768283408202704
1.176800148970877
1.1767860440194016
1.1767358187764181
1.1770528203219588
1.1768627164877414
1.1766878304201871
1.177072590123089
1.1761418425928525
1.1767129382945982
1.1766856508974981
1.1767330024619069
1.1768015515437331
1.1768121237279114
1.1768256837771716
1.1767822959499354
1.1768043416059282
1.1767880124332464
1.1768145868101914
1.1766775637087306
1.1768077543529292
1.1769131430416619
1.176770549636956
1.1769285827709191
1.1769054988373049
1.1769432016824528
1.176865096283606
1.1768193199513077
1.1766471052552627
1.1770196060637879
1.1769233934370076
1.176793186594685
1.1767591805351718
1.176828594428954
1.1769131672058282
1.1768589632320976
1.1769405221359568
1.1769733894262056
1.1777013968599432
1.1769901061945791
1.1769326805021187
1.1768237030403788
1.1768615279782579
1.1768610973100582
1.1768869422876578
1.1768786563185092
1.1768446115114994
1.1768151120259986
1.1767919168650702
1.1768822502902543
1.1769401999259643
1.1770522683434648
1.1769512891529492
1.1770059466548541
1.1773355850311187
1.1771194391237296
1.1770448223712993
1.1768737416563304
1.1767591412467875
1.1768632806769865
1.1768554770737518
1.1768435391936438
1.1769364651741909
1.1769282174649953
1.1768885724032108
1.1768532632920743
1.176878697512761
1.1768446918633253
1.1769032127988042
1.1770140372265216
1.1762216811850077
1.1769674258061427
1.1769297554202658
1.1768700017830256
1.1768644186701269
1.1768533599168216
1.1768754577938947
1.1768963538430766
1.1768556357087203
1.1768441682063273
1.1768210046981631
1.1768286450136562
1.1766162606122306
1.176900691520578
1.1769257968232594
1.1769480122105793
1.1766335235337948
1.1775222001690053
1.1770579041782934
1.1767437427374814
1.1765896435330283
1.1767193072063333
1.1770273562990372
1.1770512121689498
1.1769702581721551
1.1769167263577658
1.1769021354629265
1.1768485679794607
1.176906473830158
1.1768723217592563
1.1768958145570951
1.1770231638431896
1.1769882855643612
1.1770667262351906
1.1770209183626599
1.1769316458999557
1.1769304412680583
1.1769251816738855
1.1768932185466796
1.1769479972507713
1.1768817801054705
1.1768622402627018
1.1768311329057259
1.1769076431145957
1.1772126602695792
1.1769306276343086
1.1769335956815452
1.1769567338373772
1.1769554934942998
1.1769428317527153
1.1769435981361192
1.177001656903635
1.1768107449038054
1.1767469481892481
1.1768893390300259
1.1770324583382037
1.1768898836471289
1.176923155845558
1.1768732900209515
1.1768742216021242
1.1769239463143804
1.1768927012984443
1.1769161086654094
1.1768497914695137
1.1763170998609971
1.1775734426572784
1.1772831636928991
1.1769946646677572
1.1769629960931474
1.1769762331826055
1.1769312237641361
1.1769307528315276
1.1768661913310776
1.1768430853746275
1.1768064045386453
1.1768979845745853
1.1770042730080892
1.1769203864306137
1.1769343766079969
1.1769258860647278
1.1769546876791914
1.1766157565284505
1.1770661901367061
1.1771159137903715
1.1770290876436706
1.1768369661343068
1.1768538335830496
1.1769272427602755
1.1766786107137708
1.1770620380350001
1.1764514953734537
1.1768301265849981
1.1773289145625252
1.1768496780504916
1.1769637652774554
1.1768516548894776
1.1766894584659415
1.1769503905758607
1.1773111359093089
1.1769943000564131
1.1769433504634894
1.1769700874920643
1.1769245525256475
1.1769044990780309
1.1768439354110123
1.1768130543585387
1.1767426362710727
1.1768683239837316
1.1769696526784998
1.176922228253853
1.1769214976187761
1.1769074825579344
1.1770842063480238
1.1775767379299162
1.1772062569043344
1.1769553797595471
1.1769077089558662
1.1767919524537045
1.1768760011541299
1.1770227852690349
1.1768120677014282
1.177252630181141
1.1770345981331163
1.1767970611698833
1.1767176867108664
1.1766797672864651
1.1767118407804245
1.176668328841425
1.1767622662652062
1.1768173636633583
1.176981143504173
1.1768134245365875
1.1765163562164314
1.1768440969631997
1.1768392439790862
1.1767938607205917
1.1768230323245117
1.17681455722717
1.1767327826025005
1.1768251415086142
1.1768844475640328
1.1767746698887589
1.1768788749851693
1.1768772402449339
1.1769618004987934
1.1770198704185817
1.1770665293731357
1.176875901273019
1.176833405789099
1.1766846208600168
1.1763728976716181
1.1774631599547709
1.1769189199928844
1.176896415312799
1.1769440622884717
1.1767753868238378
1.1765896863720922
1.1766565243588449
1.175978315213924
1.1765774233882498
1.1767782468701526
1.1767418784206365
1.1773673070485202
1.1770719253482249
1.1771098961364599
1.1768689899612061
1.1767948319468808
1.176630011570694
1.176731460915917
1.1768195743945515
1.1766890436351387
1.176752277127243
1.1769964780813018
1.1766201633653444
1.176836708575709
1.1768346609745626
1.1769024221363205
1.1769573237533828
1.1770146197644042
1.1769090036312231
1.1767223722678646
1.1767107643107764
1.1767995767709849
1.1769357340168469
1.1768793582004433
1.1764906825346315
1.1770923858096318
1.1767620773840839
1.1761756063818114
1.1771415989665512
1.1774401442181737
1.1762616358397917
1.1774698656056646
1.1770161113603999
1.1770289664567328
1.1768731511593036
1.1768858311981303
1.1767939423743969
1.1768068128599922
1.1768979274184588
1.1768277619972101
1.176813973133874
1.1766460443959792
1.1766682841271536
1.1768000713719677
1.1768087294725336
1.1768341952335208
1.1768636121453075
1.176911331420643
1.1769435537199324
1.1770250941425244
1.1766663778381847
1.1764029541199321
1.1770664892279898
1.1767997413930933
1.1767187375462511
1.1768713876509265
1.1767585363947859
1.1768421011484276
1.1766755058015073
1.1766448778415617
1.1767562954148458
1.1766813295771283
1.1767449460419512
1.1769197949338177
1.1768978205449689
1.1758890336920031
1.176153908904098
1.1767939716569131
1.1769148769460831
1.1768796627428044
1.1768767715933093
1.1767858602171362
1.1768071117626748
1.1766489304613614
1.1766678784508362
1.1767241901976855
1.1767312076663905
1.1768081395131265
1.1768039306537224
1.1769042743903759
1.1768489849503949
1.1768357007808719
1.1775205309000407
1.1767220603615669
1.1768859830455367
1.1767931886610836
1.1767157633268686
1.1766815627181353
1.176784334751215
1.1768136753195688
1.1766850920936041
1.1765897008565733
1.176713688870701
1.176798784839173
1.176897229562595
1.176789061023308
1.176858623111767
1.1777993793971235
1.1774105575191436
1.176801764375855
1.1767838622592712
1.1767727424998733
1.1767741774377758
1.1766935719195264
1.1767749457908938
1.1766425854367923
1.1766838660757732
1.1767311755163417
1.176735932395969
1.1767642800761717
1.1767886405864405
1.1768721000413287
1.1769041162836613
1.1769079899099077
1.1761065374733746
1.1767516395739106
1.1768256390683369
1.1767824446639081
1.1766840541764423
1.1766370805585367
1.1767091554242726
1.1766956551076431
1.1766664824884223
1.1766573379961147
1.1767481710469581
1.1768524586854952
1.1768805151968007
1.1767864814174811
1.176763050401425
1.1769357689619129
1.1769277980291095
1.176494638728774
1.1766374796833372
1.1767240342439163
1.1766926553405939
1.1766256156682338
1.1767410750618126
1.176715931981728
1.1766978930010852
1.1767107670004062
1.1767668451472726
1.1767838414663532
1.1767863653835617
1.1775541602407231
1.1769130540279946
1.1769507427726933
1.1768853206090373
1.1766960640090716
1.1765588973296466
1.1766237765157643
1.1766913839845181
1.1765801078667466
1.1765803294381088
1.176728830245406
1.1766865478318067
1.1766420037153102
1.1768812499333361
1.1768777370122887
1.1768919531149302
1.1768423372179084
1.1768424639649619
1.1769116276299505
1.176909723662894
1.1770516608580979
1.1755830983667506
1.1771142601336237
1.1765505512142485
1.1759741762389078
1.1771186041154111
1.1767495367963676
1.1766910983412369
1.1767593995075718
1.1767821959261022
1.1768301721218817
1.1768500570657578
1.1761194428500099
1.1769225448337404
1.1769561241295079
1.1768093625663543
1.176744663825352
1.1767080065777895
1.1766721506110649
1.1766977688699756
1.1765862028513514
1.1764834453865873
1.1767639223030175
1.1767012990459662
1.176332806269452
1.1772432214960382
1.1768573866844041
1.1768670995639756
1.1770004482900622
1.1769978920182942
1.1769497626219447
1.1768978711394116
1.176837764046659
1.1774149047011391
1.1766556780548225
1.176738340135197
1.1767948191732356
1.1766207705133371
1.1768000991007415
1.1762821552354308
1.1771779120346828
1.1767871722907994
1.1767711733596864
1.1768048020282555
1.1768473697635951
1.1768742894438127
1.1768505178719679
1.1768506313027944
1.1768801282389973
1.1768247449907212
1.1767435155705774
1.176715654073802
1.1766985567537569
1.1766486845318145
1.1767079550750408
1.1767181612859803
1.1767517428355156
1.1768269238704991
1.1767863209650418
1.176810316218613
1.176875785487685
1.1768970998389352
1.1768828527815069
1.1768253508346338
1.1767482645400262
1.1766920153365199
1.1766860576269649
1.1766864535115829
1.1766887784602242
1.1767087800942422
1.1767246796802047
1.17668464598838
1.1767591728083271
1.1768091126373592
1.1768054972664872
1.1768323449691849
1.1769350071738403
1.1770033011138976
1.1769001649579365
1.1769079109669411
1.1770538048993049
1.1766838557689903
1.1767281340912454
1.1767561162466058
1.1767585847448585
1.1767310154681416
1.1767474456397751
1.17672624266304
1.1767582932953646
1.1767313666809307
1.1767720014290453
1.1768410948481329
1.1767719741625446
1.1768232097241378
1.1768092970464594
1.1767231883745433
1.1766234048375894
1.1764548783344519
1.176714044194739
1.1764682146113323
1.1765512443612178
1.1769715848942417
1.1767531851792261
1.1767131410023666
1.1767539114181806
1.1767893819057587
1.1766544697963601
1.1768683830991862
1.1769747518983229
1.1770704649513204
1.177012597704604
1.1767623091764701
1.1765472001178592
1.1767448140860335
1.1767912223663484
1.1768148360336426
1.1768148236670519
1.1767927494307082
1.1767340143081602
1.1766604958079079
1.1767259490467141
1.1765619795944653
1.1767239959719851
1.1768754510722643
1.1766086237246325
1.1771871635073901
1.176864836617123
1.1766945006066618
1.1765903153226143
1.1763048798208797
1.1768912004482526
1.1771234361099494
1.1767258604183537
1.1767450459411759
1.176756375602394
1.1767587907522743
1.1767573857454927
1.1768144395859221
1.1768562563684855
1.1769000252566382
1.1769011997667647
1.1768872489220308
1.176921713632243
1.1768440430574583
1.1769651556589651
1.1769267032594837
1.1768885555012099
1.1768794134513261
1.1768283577627816
1.1768224519381727
1.1768117163106921
1.1769715936690637
1.1769717637411414
1.1770707455603004
1.1769177493662748
1.1769658518200643
1.1770152650023606
1.1770251520007966
1.1770193518206236
1.1769329770471999
1.1769289572832811
1.1776485593495551
1.1768428579170103
1.1768515314274204
1.1768241370167087
1.1767057837207191
1.1762917864552385
1.1768044247064255
1.1768489481232476
1.1764135447525916
1.1772096864201966
1.177128641654644
1.1771828394440109
1.1769599731539864
1.1770069697451599
1.1768740867731007
1.1769094426305897
1.1769108437976066
1.1768881581875121
1.1769207862150675
1.1767984823898263
1.1768274352196293
1.1768077848441563
1.1768825954346505
1.1768957820626937
1.1769049359344599
1.1769202731605986
1.1769957551016899
1.1770804153564418
1.177099821491294
1.1770762115251425
1.1769042457084162
1.1769375315478519
1.1769124226003356
1.1768518758086168
1.1766251451186522
1.1765160611172107
1.1773770636114294
1.177310572045513
1.1768584095618047
1.1769108747076658
1.1767968165326519
1.1767591538942401
1.1769714375978741
1.1767877911289744
1.1768987816040903
1.17692710907416
1.1769368112116327
1.1769495465116231
1.1769721014908627
1.1769351304804552
1.1769328707180391
1.1768667966897286
1.1768600606174682
1.1768233700948803
1.1768995339349959
1.1769655239053523
1.1768937934116368
1.1769247086129213
1.1770248209223206
1.1770762163388486
1.1770747361083158
1.1769456450488522
1.1766832574919359
1.1760353822520759
1.1768158324014379
1.1770047428376536
1.1771626072101322
1.17700595349467
1.1770513720593523
1.176970505847877
1.1764227931956657
1.1773033729271134
1.1768372829875087
1.1767628412827331
1.1769061892140271
1.1768953010415573
1.1770185764397765
1.1770252661290281
1.1770160588705738
1.176971625260524
1.1769904598291443
1.1769434920080493
1.1769321191552025
1.1769133820449718
1.176848383633309
1.1768344381202374
1.1769289731211212
1.1769586899113971
1.1768619883160096
1.1769203322669897
1.1769570171136532
1.1770118907489968
1.1770699073609008
1.1771538081023221
1.1771658293444398
1.1776302855817862
1.1765502084893145
1.1769929819875193
1.177148633025249
1.176945798305715
1.1771236686206985
1.177021823498213
1.1768734107745167
1.1768538410377825
1.1767910898357319
1.1767165259677377
1.1768063216600626
1.1768672322614777
1.1767842191357294
1.1773964513863922
1.176955195736106
1.1768917505546483
1.176949407893902
1.176915063130725
1.1769078630609731
1.176876886138071
1.1768647424801608
1.1768016946261064
1.1769099353429566
1.1776312927723727
1.1761008798238406
1.176908470481673
1.1769179965392591
1.1770200742570378
1.177116805907739
1.1771442947748596
1.177069225132706
1.1770341395214929
1.1770336269083215
1.1770147867217118
1.1770918824918435
1.1762385939854845
1.1778737068034453
1.1770138347024763
1.1768699855264582
1.1767946934480236
1.1767558982116204
1.1767538437625169
1.1767605190982608
1.176870599270921
1.176931196637147
1.1771301084556671
1.1768135281369743
1.1765163673123484
1.176844120774964
1.1768392692081797
1.1767938924466808
1.1768229160628816
1.1768143932155797
1.1767325307644656
1.1768248862243873
1.1768842182604879
1.1767743793454917
1.1768785889705158
1.1768769667703116
1.1769614703724083
1.1770180437644822
1.1770628326539556
1.1769500621780133
1.1769210994020316
1.1768453577144411
1.1768917200237905
1.177023147240833
1.1768127025304309
1.1772533033577401
1.1770348477809067
1.1767969911467446
1.1767178229818267
1.1766803930301923
1.176712879609747
1.1766695128436122
1.1767634225572645
1.1768182077832778
1.1769815566451971
1.1770720289218166
1.1771098962466959
1.1768689957915244
1.1767948621215965
1.1766300604730715
1.1767314209573103
1.1768194843846249
1.1766888744115365
1.1767520800194655
1.1769961859540263
1.1766198212121781
1.176836392373009
1.176834426435903
1.1769023611058853
1.1769572876361021
1.177014444634003
1.1768758839452336
1.1768347918963264
1.1766863166144435
1.1763741001092132
1.177464331862254
1.176919760450384
1.1768968317055808
1.1769439512437296
1.1767749097009905
1.1765894434277757
1.1766571002245976
1.1759795209785839
1.1765787178190392
1.176779266986125
1.1767426636263003
1.1773676926290029
1.1768732674990054
1.1768858145313272
1.1767939051338254
1.1768068193268459
1.1768979776644448
1.1768277842771555
1.1768139475599033
1.1766459702951841
1.1766681578546323
1.1767998619018416
1.1768084482271262
1.1768339001352319
1.1768633454828965
1.1769112391516341
1.1769438598596669
1.1770257164196434
1.1769095759874191
1.1767230446308452
1.176712931993144
1.1768097709418528
1.1769385972691464
1.1768801413706327
1.1764909616779298
1.1770921859499694
1.1767613821010001
1.1761751621958916
1.1771419059261308
1.1774411334218737
1.1762628084335756
1.1774702953267564
1.1770165336464657
1.1770292570644703
1.1761544324724211
1.1767939689930842
1.1769147017687795
1.1768795506867549
1.1768767350608014
1.1767859173451634
1.1768071700517906
1.1766489784776337
1.176667858477515
1.1767241411707055
1.1767310887461366
1.1768079432290399
1.1768037248861853
1.1769041860537817
1.1768490251937138
1.1768357419430255
1.1766664144501282
1.1764033778466796
1.1770736985032644
1.1768199170142644
1.1767255940137662
1.1768722392150821
1.17675887853481
1.1768421511337561
1.1766751148348553
1.1766444003374092
1.1767564739255816
1.1766823223802869
1.1767451704471636
1.1769200795452555
1.1768977570279719
1.1758896082596895
1.1774123356669919
1.1768018605734079
1.1767832417812409
1.1767722273786774
1.1767739650950455
1.1766935530242326
1.1767750297715256
1.1766427173370486
1.1766840033727342
1.1767312558345016
1.1767359885936115
1.1767642483883074
1.176788511361756
1.1768719351331982
1.1769040780312381
1.1769078889081488
1.1775209471438031
1.1767219670630837
1.1768734978122697
1.1767555781974959
1.1767073446242877
1.1766816270888949
1.1767852115894537
1.1768142809466646
1.1766851158231577
1.1765892562481863
1.1767132378285314
1.1767983091505663
1.1768970611242429
1.1767878468761981
1.1768568810665092
1.1778008254749635
1.1769306354747764
1.1764947993370409
1.1766363471546011
1.1767230693581197
1.1766921960821344
1.1766254476525004
1.1767410416469661
1.1767159266418874
1.1766979413382965
1.1767108260450339
1.1767667204757748
1.1767836501916313
1.1767862599808727
1.177553909726377
1.1769130162590187
1.1769519568039835
1.1761107966700048
1.1767543761080044
1.1768226152421737
1.1767702700106761
1.1766809381292305
1.1766375027300404
1.1767100323367237
1.176696332647847
1.1766666099556411
1.176656824916771
1.1767471907891174
1.1768497163708345
1.1768772831410432
1.1767789990710475
1.1767585891105399
1.1769374633704464
1.1769133393564644
1.1770519374572919
1.1755817122012262
1.1771129831685525
1.1765500625217296
1.175973851848664
1.1771182710505379
1.1767491458008239
1.1766905071904787
1.1767585471551398
1.1767813236438249
1.1768293169520845
1.1768495978268831
1.1761191491831127
1.1769229537486128
1.176958487224103
1.1768915740894728
1.1767018274815988
1.1765593534226815
1.1766224811114585
1.1766913546545055
1.1765805611691829
1.1765810006090298
1.1767292382998369
1.1766865618175828
1.1766415963889123
1.1768804541446989
1.1768763534083908
1.1768894362613818
1.1768357629663122
1.1768373309196871
1.1769139407239115
1.1769002604653609
1.176837631899343
1.1774134120612372
1.1766543707190436
1.1767387954750688
1.1767945556149721
1.1766203834899518
1.1767992541563954
1.1762805670602559
1.177175680722087
1.1767846400004744
1.1767690112196556
1.1768036973496812
1.1768475557161264
1.1768746281957245
1.1768470913545526
1.1768036648134541
1.1767413516756802
1.1767069973095945
1.1766719332872455
1.1766977645339862
1.1765864749678794
1.1764837770872567
1.1767640634834693
1.176701156438837
1.1763325374032596
1.1772431707666888
1.1768575467199567
1.176866329328359
1.176997203352464
1.1769946905489566
1.1769512889254174
1.1768271794073508
1.1767485535312896
1.1766905686253413
1.1766831182495505
1.1766720269800846
1.1766870534078717
1.1767092650809468
1.1767240166396784
1.1766825585396874
1.1767552951258908
1.1768055313587629
1.1768027451917944
1.1768305927017249
1.1769350567658357
1.1770044376697752
1.1768959291054981
1.1768400826079053
1.1768742860152184
1.1768237525992831
1.1767435645139859
1.1767156887127876
1.1766986084747986
1.1766487755773791
1.1767079282139599
1.17671799730824
1.1767516324836411
1.1768268996027917
1.1767866573142678
1.1768103275426713
1.1768748298638192
1.1768963288850902
1.1768838131457922
1.1767237829741384
1.176622842179941
1.1764528908094563
1.176701503432964
1.1764197385774555
1.1765434665533243
1.1769768369773679
1.1767538119312477
1.1767120131755924
1.1767513985457829
1.1767865424908064
1.1766521501908758
1.1768669667144387
1.176974313505619
1.1770704172568951
1.1770110555313784
1.1769038436174493
1.1770519802753154
1.1766835716687525
1.1767284668901463
1.1767563805745951
1.1767587223267153
1.1767312046427367
1.17674758342671
1.1767265767446198
1.1767586677769186
1.1767315777126093
1.1767717326672971
1.1768406660115431
1.1767718921156671
1.1768233940260835
1.1768100366414063
1.1766940885546309
1.176589120592364
1.1763044318488241
1.1769005655072327
1.1771653830966948
1.1767372645624463
1.1767482555220816
1.1767576761641649
1.1767603428335347
1.1767592673890968
1.1768158643797353
1.1768565400411113
1.1768999215474929
1.1769007613849021
1.1768867706016866
1.1769210167405424
1.1767619826681612
1.1765468372532693
1.1767448976238852
1.1767924527718898
1.1768152614432543
1.1768151765879657
1.1767932697029682
1.1767343955501346
1.1766608725607937
1.1767263942024131
1.1765618927674579
1.1767232978134385
1.1768747530620673
1.1766085311646897
1.1771874830875482
1.1768652966082784
1.1769320778718715
1.1769273539515699
1.1776466863348307
1.1768454987656074
1.1768656478257511
1.1768279370085735
1.1767075532892619
1.1762935727022557
1.1768072367577622
1.1768526330134834
1.1764174418038698
1.1772119051492214
1.1771294398805092
1.1771826424452796
1.1769593699791707
1.1770063240140718
1.1768437542188483
1.1769649491970404
1.1769265011070571
1.1768889522052235
1.1768794873934425
1.1768287645162754
1.1768231266376064
1.1768122998257511
1.1769717594821787
1.1769718402975096
1.1770705357291891
1.1769168216789769
1.1769651568737376
1.1770152390910269
1.17702563592967
1.1770196439165772
1.1769028494017835
1.1769352432535054
1.1769138831675683
1.1768514605324383
1.1766258340572358
1.1765167838678123
1.1773780121817758
1.1773120212457246
1.1768608612884097
1.1769139348647513
1.1767998374528454
1.1767612248791923
1.1769721356201144
1.1767876387894634
1.1768982156202099
1.1769265739805361
1.1768737565287404
1.1769092450374812
1.1769107282874367
1.1768882002197898
1.1769209385311985
1.1767989135741237
1.1768282145130118
1.1768084917407831
1.1768828208804143
1.1768957740180279
1.1769045257321047
1.1769194073486577
1.1769945903419894
1.1770805313806358
1.1771005939412527
1.1770764864043992
1.1766793940167966
1.1760425197206748
1.1768703396522697
1.1770177841549589
1.1771617320043755
1.1770055587659285
1.177051442609071
1.1769711447828006
1.1764240402365806
1.1773050098407776
1.1768387306387065
1.1767637596507303
1.1769063114301663
1.17689501230351
1.177018129428524
1.1770249180061025
1.1769366333904769
1.1769494569426364
1.1769721525599091
1.1769352830532365
1.176933091541924
1.1768672314674022
1.1768606613690271
1.176824029173748
1.176899740709469
1.1769655082807384
1.176893528890308
1.1769241985624128
1.1770231718143291
1.1770761959659783
1.1770756221944305
1.176945724025489
1.177161478242301
1.1776656583259177
1.1767624606683929
1.1770319034545771
1.1771526396690799
1.1769437566998469
1.1771230516946254
1.1770218729320279
1.1768741037738342
1.176854495483137
1.1767915438259637
1.1767166982783543
1.1768060474706905
1.1768667528080974
1.1767838003698594
1.1773962149459334
1.1770159809115128
1.1769716129082777
1.176990477515343
1.1769435745317136
1.1769323072069038
1.1769137075835518
1.1768488449737762
1.1768349713909867
1.1769292196249106
1.1769585772183324
1.1768618551294774
1.1769203881065005
1.1769565012955816
1.1770122621891486
1.1770714418927932
1.1771539721037576
1.1770755176298204
1.1769972125586234
1.1768226730002336
1.1769635021772658
1.1770924200426136
1.1762392553844652
1.1778730466498311
1.1770136149796129
1.1768700910480998
1.1767946951011641
1.1767555237608232
1.1767531931775161
1.1767597232669555
1.1768697883595882
1.1769305617771542
1.1771297842012836
1.1769550928197456
1.1768917522156108
1.1769494036397479
1.1769150922694402
1.1769079520634762
1.1768770976683722
1.176865052924075
1.1768020507650687
1.1769101986386812
1.1776313460415164
1.1761009295362352
1.1769085840481086
1.1769181114183291
1.177020616672193
1.1771196233778682
1.1771494461630807
1.1768664065462504
1.1770627743816189
1.1769325066913394
1.1770733011039578
1.1771862416457299
1.1771731986920919
1.1771418110346661
1.1770269560404316
1.1768320439671092
1.1766836708741635
1.1766237258560619
1.1765179130306627
1.1764826753489683
1.1769118401993388
1.1769315118540031
1.1765351711227492
1.1764751890250043
1.1767115936462513
1.1769166375587661
1.1768827327669256
1.1768449190048034
1.176981844408288
1.1766789184889836
1.1767773323437551
1.1768893555918709
1.177507696246989
1.1760645133957903
1.1769392326306618
1.1769067856306477
1.1769897170364543
1.1770266644447132
1.1769930408880978
1.1767079090766752
1.1770989715404661
1.176867825146692
1.1769416901566345
1.1771443336295966
1.1771377976221722
1.1770100599876712
1.1769125490557308
1.1767775606736177
1.1766325004460267
1.1765679027730929
1.1764379919094754
1.1762628339336636
1.1776292254296132
1.176982136324912
1.1771587901036795
1.1771300129111117
1.1767072244745478
1.1769351217815995
1.1768861837654658
1.1767735397183576
1.1760430525464385
1.1767800830535293
1.1767033583635809
1.1767341669157352
1.1768211786548575
1.176862002372423
1.1769387099853836
1.1768472792310634
1.1769280869046568
1.1769613920106725
1.1769477685757816
1.1772795552513242
1.1769507564586372
1.1767956732019207
1.1768333682021979
1.1770108232259995
1.1770266050654197
1.1768675258681141
1.1769088372217207
1.1766923255032982
1.1766195403556408
1.1766642126042846
1.1765832535235385
1.1766750904786756
1.1766790705474968
1.177226858569334
1.1772374970982245
1.1770005757764057
1.1770374874369447
1.1769761126081011
1.1769038414230273
1.1766725871572556
1.1774586030277989
1.1763407491201727
1.1766220558896265
1.1766801970341429
1.1768315556151598
1.177042582263532
1.1768206850746643
1.1772614871254763
1.1769764174481248
1.176964988279712
1.177017399210186
1.1763192624475465
1.1767429027260092
1.1768156789851179
1.1767878822876314
1.1768790930160704
1.1769185072091803
1.1763822205770962
1.1772645858794546
1.1764281536713166
1.1768731618295005
1.1767380993698509
1.176615579778405
1.1766673269856391
1.1766575718571735
1.1769678201495897
1.1757879329764569
1.1767911098877879
1.1769018954284454
1.1769445875220725
1.1769433847443929
1.1769972358388909
1.1767570345679872
1.1772433536356635
1.1766272647799894
1.1766450421381842
1.1767148482936194
1.1766879973407782
1.1768352195615064
1.1763866873755535
1.1770166295534081
1.1769185939893754
1.1768115351643793
1.1768415603772164
1.1767901674125452
1.1768596743824675
1.1767496439299487
1.1767303884093636
1.1767370168312909
1.1767054952579754
1.1767963629884997
1.1766686920124028
1.1765782372579936
1.1767935256281681
1.1766374564340367
1.1767492880693016
1.176261462488482
1.1768851525241271
1.1774590573561659
1.1756701935565417
1.1774519773226753
1.1768836773505476
1.176829957258263
1.1768458097655248
1.1765571035463112
1.1767104862970794
1.1761318454529603
1.1766199196470652
1.1767416359292155
1.1766749942435597
1.1766134676096076
1.1774695868039389
1.1768059073827226
1.1769227998441547
1.176957311384786
1.1769436205011126
1.1767550175509263
1.1768027051372398
1.176739603537442
1.1767128057978946
1.1766734255716316
1.1766516895198333
1.176231952798787
1.1766576786066176
1.1771139295869399
1.1767649666154543
1.1768450294192756
1.1768380643228222
1.1771256408681294
1.1768016420142859
1.1777099234683561
1.1778744472251221
1.1768803731772419
1.1767345189874765
1.1767079309795432
1.1767166838597858
1.1766635520672895
1.1767457885638373
1.1770914419219196
1.1766947001817574
1.1766970014225346
1.1767042212044885
1.1767360147395094
1.1760408135306561
1.176762297684655
1.1769206629691811
1.1770463327293936
1.1769166550960919
1.1767121143068313
1.1765576515723573
1.1761626653714685
1.1779059244633792
1.1766905936416745
1.1766081067030305
1.1765652562037052
1.1766469684296486
1.176681683145405
1.1766310695321642
1.1767612913465977
1.1767638921784096
1.1764859126494722
1.1765628450536456
1.1768563394415095
1.1769028733940117
1.1768313096762131
1.1766941395336101
1.176686818746155
1.1766209723925161
1.1765555761758237
1.1766579548910965
1.176677747613958
1.1766749246966417
1.1767094693170024
1.1767691055730822
1.1768962232923668
1.1769208587412556
1.1768730179510918
1.1769476994614017
1.1769708493541544
1.176771801233595
1.1767106654150647
1.1766454328733515
1.176641521535182
1.1760664309854776
1.1766348127909645
1.1765869168924583
1.1766492445639936
1.1766570667308158
1.1766454877206731
1.1761715260015293
1.1767549332624039
1.176409188108088
1.177960040350152
1.1773211214880679
1.176993557099246
1.1769277582059214
1.1768116829331758
1.1765535251124848
1.1766630300791769
1.1763539473174318
1.1765542576336934
1.1765995209813442
1.1766806201037345
1.1766504246864211
1.1767061183246645
1.1766644766714707
1.1765564083785924
1.1767510598098201
1.1768271944342539
1.1769158648583899
1.1768702169860021
1.1767528028176846
1.1767800909654096
1.1767901766623061
1.1767444471452628
1.1766078251187733
1.1766406921093495
1.1766443745957846
1.1766495769895129
1.1766768854025904
1.176723304038704
1.1764112018177861
1.1767684842287478
1.1768357711459565
1.176939630171373
1.1769265893848146
1.1769073190120081
1.1768395836243135
1.1767815863175202
1.1768852313014104
1.1767394239051796
1.1768015294912089
1.1766498947263833
1.1766333893551233
1.1766318126807791
1.1766587991224433
1.1767009363777059
1.1766865241754128
1.1766523204968184
1.1766987466376175
1.1768042392444589
1.1770099433701726
1.1768670131589554
1.1768516667688833
1.176859011344749
1.1767800847657732
1.1767651183650145
1.1767031735959579
1.1766844092080462
1.1766845862044282
1.1766641561859101
1.1767064617598786
1.1767189942386409
1.1775061549502386
1.176775437939086
1.1768373134661523
1.1767752297573588
1.1765027154207377
1.1767155405158605
1.1766444726731498
1.176580762906269
1.176694463426835
1.1763538750751215
1.1769452645255845
1.176807907828386
1.176713411918801
1.1766072027766203
1.1766558023958154
1.1767095936867011
1.1767348625438938
1.176777987305365
1.1767891236811248
1.1768501482052693
1.1768412515462388
1.1771235347114024
1.1768307894583505
1.1769505227840906
1.1768726123671778
1.1768101506310025
1.1768155133425731
1.1767696618532391
1.1767329970192903
1.176691103106446
1.1766995525420116
1.1763008580325696
1.1766902891023794
1.1760393219298213
1.1768297467281195
1.1768679495990204
1.1771062493617677
1.1759597894703262
1.1765192365895307
1.1763349245686505
1.176794957387989
1.1771420565530555
1.1770697562936445
1.176498786326726
1.1765143570860859
1.1771984463527951
1.176696265190448
1.1764087822843357
1.1769180077344417
1.1769975739290646
1.1768481509600064
1.1768924111918395
1.1769127330279883
1.177006720147044
1.1769890148086446
1.176995853688479
1.1769349294118596
1.1769088771451106
1.1769005055377997
1.1767643101575032
1.1767655274483646
1.1767385721561654
1.1768683527731194
1.1773353922948073
1.1768817398933233
1.177561417522091
1.1767828964694727
1.1768243992111831
1.1767408910994759
1.1777131633787536
1.1768784993448602
1.176842153929446
1.176817522175075
1.1768091973362431
1.1768817129395497
1.1768517015315256
1.1767325204903807
1.1767079484530105
1.1767369292365917
1.1767775284580839
1.1768314852256243
1.176768081364002
1.1769620427193672
1.1770294741302629
1.1769544947290029
1.1771995805836024
1.1769181322759608
1.1769049353216221
1.1768992391568478
1.1768518426516181
1.1771538779022284
1.1765199441278735
1.176766259894398
1.1767648341593624
1.1768742055160226
1.1769401309492347
1.1768331740258804
1.1768791569953863
1.1768807106940931
1.1770587782218376
1.1768465687378675
1.17740145408323
1.1770433056808063
1.1771228853066367
1.1764421651662862
1.1768449854071508
1.1768979366281414
1.1769908539155551
1.1769287361347343
1.1763277431008192
1.1772090465939535
1.1762516287201608
1.1775060192448987
1.1765313428453061
1.1770704586232899
1.1769204726305977
1.176971727130113
1.1770007796018811
1.1769338573384036
1.176961084045633
1.1770033624900615
1.1769241221766165
1.1769577199465779
1.1768546561869349
1.1768065511366628
1.1768099579881641
1.1769007167581382
1.1769093723789399
1.1769259201565532
1.1769775725744849
1.17722977477135
1.1772166884330499
1.177283360443677
1.1771577461306526
1.1761884237978339
1.1771464147355066
1.1774564757547357
1.1771051146653093
1.1770473661243612
1.1760295573208055
1.1780238062261825
1.1769010920064809
1.1768315616867218
1.1768629232949679
1.1767517025645764
1.1766223094032056
1.1768348877703831
1.1765021322209277
1.1775722218458162
1.1770018713229631
1.1769651828065155
1.1769998345229731
1.1770588784531235
1.1769259572391901
1.1769647505756022
1.1771619127691106
1.1765810480388388
1.1768319337651039
1.1770225853152543
1.1769092566390058
1.1768936291986392
1.1769635438149946
1.1770481100560857
1.1771137904851836
1.1771435377393364
1.1771395967801117
1.1777547752936894
1.1770011872422645
1.1766837540820345
1.1773499435417645
1.1773928162637883
1.1764722072121663
1.1771195909474887
1.1770523309991172
1.1768913375535575
1.1767765041440337
1.1766833910054315
1.1764980763505908
1.1766744957725892
1.1770033555364086
1.1770855990947493
1.1770623686617976
1.1769014454655375
1.1769331189285379
1.1769884251620115
1.176924548281288
1.1769262438690116
1.1768930595335694
1.1768203726350359
1.176842107545129
1.1772365460884939
1.1766202236617829
1.1768139167276532
1.1769344006116369
1.176957992506825
1.177051852460492
1.177130677897803
1.1770598754832424
1.1768910059155326
1.1771688155040649
1.1769667594816253
1.1771945371076038
1.1772898880744458
1.1779990765432184
1.1771597247877175
1.1770728834887985
1.1768810797818914
1.1767369945290831
1.176689846716177
1.1765718521773549
1.1766128759788237
1.1770469850659362
1.177061321297515
1.1769875281599527
1.1764751740795572
1.1767115773675689
1.1769167460241319
1.1768828572586207
1.1768449814258812
1.1769817266561424
1.1766787769080831
1.1767771906286493
1.1768891878663954
1.177507473276229
1.1760642242930994
1.1769389955051672
1.1769067311426966
1.1769893078721883
1.177022146878117
1.1769829533404257
1.1768547659509045
1.1770644546535804
1.1769473894363749
1.1770792362658382
1.1771886219092582
1.1771744069231909
1.1771423943022534
1.1770278940709846
1.1768322049870068
1.1766837315585086
1.176623891892975
1.176518357513576
1.1764832605142301
1.1769124849651817
1.1769319119506445
1.1765352369370667
1.1771300596844065
1.1767072215202883
1.1769352409230951
1.1768862901881318
1.176773587228463
1.1760429927061216
1.1767799773298155
1.1767032281324901
1.1767340132953872
1.176820960674418
1.1768616484391639
1.1769383045784418
1.1768469471674428
1.1769280006618983
1.1769609995922625
1.1769457678557911
1.1767059299873746
1.1770998090946094
1.176868477988033
1.1769434603523041
1.1771448261734028
1.1771388200551716
1.1770108413410758
1.1769125945342751
1.1767775371027018
1.1766324593139423
1.1765682264077437
1.176438537374227
1.1762632998547426
1.1776299967218786
1.1769827074879733
1.1771590102785225
1.1770007552548385
1.1770375318437738
1.1769760827226372
1.1769038050862408
1.1766725688305484
1.1774585580828703
1.1763407088667683
1.1766220128198719
1.1766801406039138
1.1768313880894214
1.1770422761821673
1.1768203120417531
1.1772610763299827
1.1769762738329894
1.1769653388207315
1.1770183365740694
1.1772798635909267
1.1769509176807389
1.1768108021614232
1.176880407330257
1.1770210978224573
1.1770275991784442
1.1768677606400493
1.1769091665587668
1.1766922022607083
1.1766191779144093
1.1766643579451197
1.1765846347747051
1.176678637995809
1.1766816009885139
1.1772274639329336
1.1772379492399787
1.1767921370195054
1.1769020661351826
1.1769443468715661
1.1769431040154983
1.176997090606918
1.1767569998376215
1.1772433977934063
1.1766273872295165
1.1766451671319045
1.176714902477227
1.1766878925375779
1.1768350011619733
1.1763864283255978
1.1770165350600763
1.1769188420793439
1.1768118028928829
1.1763187791447327
1.1767417215034357
1.1768575709727811
1.1770072438848374
1.1769222075781085
1.176920694617136
1.1763811454735822
1.1772652363147513
1.1764282590125541
1.1768723105718444
1.1767379342599975
1.1766207146527516
1.1766827849491512
1.1766661679590631
1.176968751733346
1.1757888335618405
1.1756732518760875
1.1774527762869338
1.1768830456347368
1.1768292692572027
1.1768454253926695
1.1765570038941882
1.1767105700797145
1.176132075640832
1.1766202178765257
1.1767418671816106
1.1766750874876457
1.1766134251586116
1.1774694029319031
1.1768056228568637
1.17692322728318
1.1769593899666604
1.1768461965518133
1.1767861219177631
1.1768236070796816
1.1765401688469423
1.1766941511030133
1.1767329909529993
1.1767070281610006
1.1767975767846011
1.1766689323162427
1.1765770203531429
1.1767918016687335
1.1766446671511277
1.1767653021803774
1.1762684867420461
1.1768832600703301
1.1774605237740754
1.1778806821862733
1.1768817248321242
1.1767332817223557
1.1767067552094634
1.1767161107518553
1.1766633461228158
1.1767458094200223
1.1770915779031139
1.1766948951554714
1.1766971403968123
1.1767040188990088
1.1767357077914808
1.1760404767446535
1.1767617167220652
1.17692192129749
1.1770530625932067
1.1769519144593679
1.1767627563717291
1.1767919364335186
1.176686877127779
1.1767028075486785
1.1766737140116719
1.1766529436159801
1.1762330545703901
1.1766575646763893
1.1771121149678856
1.1767599317008486
1.1768324795819003
1.1768171026925627
1.1771097200403244
1.1767935229761266
1.1777130670804878
1.17690902583044
1.1768324853905521
1.1766926704480303
1.1766854438109695
1.1766213521104556
1.1765553919159191
1.1766577567009961
1.176677423410702
1.17667431512124
1.1767085668103212
1.1767676868570927
1.1768949222202783
1.1769200605170285
1.1768724369500168
1.1769484995329542
1.1769734868319457
1.1769131600717109
1.1767185912775402
1.1765596828547471
1.17615990421136
1.177906085184417
1.1766914249499101
1.1766090588917846
1.1765659611263213
1.1766466889174607
1.1766804764176602
1.1766296073787121
1.1767541480159551
1.1767491949017543
1.1764718439359019
1.1765548730244915
1.1768610173321767
1.1769320812218786
1.1768118790900532
1.1765513868348652
1.1766618935382458
1.1763585522795554
1.1765555820502025
1.1765992627101736
1.1766798560621574
1.1766488585203909
1.1767033330909555
1.1766608370539113
1.1765534134355962
1.1767494069409445
1.1768270919123607
1.1769150711504806
1.1768682777323227
1.1767860369774026
1.176706389428561
1.176643646563273
1.1766410374939871
1.1760669303825992
1.1766354760080331
1.1765875266647501
1.1766494942309509
1.1766571647685786
1.1766462168352947
1.1761736469672619
1.176755755833429
1.1764066729073672
1.1779539970330499
1.1773168160240706
1.176996131912772
1.1768415319803043
1.1767810636326925
1.176883334009647
1.1767212480600828
1.1767349661886892
1.1766376788650805
1.1766341420676891
1.1766317642856376
1.1766564156097907
1.1766964587893487
1.1766813467321313
1.176648188559819
1.1766962073867959
1.1768042895079043
1.177009931819218
1.1768563693763072
1.1767382413570879
1.1767689966370172
1.1767886680577964
1.1767452863804027
1.1766085668641173
1.1766410605441342
1.1766445928757929
1.176649731780852
1.1766778187048286
1.1767259168994884
1.1764145275057973
1.1767716023203509
1.1768365348476979
1.1769379797283179
1.1769251827082452
1.1769089210384287
1.1766448075508622
1.1765802380322112
1.1766891302760087
1.1763078912897462
1.1767362974289057
1.1767642083722303
1.1767189343091984
1.1766102733064792
1.1766545739109322
1.1767052891987737
1.1767301312362228
1.1767756745599673
1.1767870067169663
1.1768495179905147
1.1768405993115609
1.177118897009314
1.1768446087492366
1.1768550736183505
1.1767821640222447
1.1767745345231853
1.1767056913923413
1.1766849229891383
1.1766846701543867
1.1766645323595299
1.1767080473982612
1.1767224367803448
1.1775095858983677
1.1767765101844234
1.1768364436037537
1.1767744734912517
1.176502718832156
1.1767163868856634
1.1765195235025874
1.1763327832378314
1.1767958446247786
1.1771860241249661
1.1772733730849101
1.1765491527114276
1.1765250047058184
1.1771983460015369
1.1766977191919497
1.1764110653452757
1.1769178455817852
1.176995991212243
1.1768474382042335
1.176891673530309
1.1769119050098913
1.1770051730021538
1.1768292569747274
1.1769503029607864
1.1768742796268019
1.1768153319060728
1.1768172472506557
1.1767699579284754
1.1767329276544063
1.1766912737866497
1.1767005757182882
1.1763029845764779
1.1766924080226755
1.1760387322022952
1.1768281372777729
1.1768672953900139
1.1771066136479293
1.1759607414934847
1.1768781441987088
1.1768410782581511
1.1768179970775199
1.1768219587476292
1.1769332635270873
1.1768664436140837
1.1767339829757328
1.1767096494098599
1.1767398797340234
1.1767815797776735
1.1768355593777435
1.1767700574464852
1.1769628258541243
1.1770290004758186
1.1769533720344685
1.1771984789991528
1.1769884990311641
1.1769954312168371
1.1769345925239851
1.1769136242689446
1.1768997202141696
1.1767634829696718
1.1767655226245795
1.1767386526920682
1.1768685814896656
1.1773358366563644
1.1768820879085853
1.177560884148263
1.1767823303086016
1.1768243998247399
1.1767416856246085
1.1777138168431054
1.1770405603181213
1.1771196564987405
1.1764406463677546
1.1768459837711116
1.1769054740113938
1.1769919715910935
1.176929191353661
1.1763296784586694
1.1772120665818946
1.1762554150039959
1.1775099040742318
1.1765337797318933
1.177071657018099
1.1769201146453134
1.1769706551445469
1.1769996186654381
1.1769176109788715
1.1769045344084859
1.1768981832375829
1.1768513568770798
1.1771527674249058
1.176519586736767
1.1767664751398814
1.1767652164240161
1.1768743936727022
1.1769400592447548
1.1768330124584754
1.1768788149727829
1.1768805724523053
1.1770594852274894
1.1768475962052227
1.1774006077935935
1.1761814915678139
1.1771402949664056
1.1774573864213618
1.1771041879985726
1.1770450340887042
1.1760286523733843
1.1780235269345485
1.176902298719368
1.1768336059777558
1.1768658002389678
1.1767542686631129
1.1766239864460482
1.1768357939812155
1.1765018249099333
1.1775713912338306
1.1770011066717925
1.1769335025444974
1.1769609137994999
1.1770030254102342
1.1769236875314948
1.1769575567262354
1.1768547360582451
1.1768069605924774
1.1768104481095607
1.1769010981478891
1.1769094653146506
1.176925759077408
1.1769774454863453
1.1772300407656597
1.1772179115135628
1.177284889294357
1.1771550336956218
1.1777516395381269
1.1769984186869193
1.1767243093088762
1.1773499596478592
1.1773908876125236
1.1764711418487752
1.1771192981388647
1.1770514781108548
1.1768923383648464
1.176778180086508
1.1766846655471677
1.1764988561937451
1.1766747914560813
1.17700303202867
1.1770852598316885
1.1770622558805455
1.1769652097541834
1.176999862425919
1.1770588059045966
1.1769258269366698
1.176964777170348
1.1771620744945637
1.1765813527036504
1.1768322625664851
1.1770228727207404
1.1769093368223182
1.1768935934054157
1.1769634891248923
1.1770483473642916
1.1771152958100073
1.1771461958269076
1.1771406030983782
1.1769051778781439
1.1771565726295448
1.1769184246880997
1.1771767611044694
1.1772880031040478
1.1779994539071943
1.1771594196945658
1.1770713396530592
1.1768810848649771
1.1767375191763558
1.1766904350771066
1.1765718997682673
1.1766125597466841
1.1770465662020959
1.1770610763299405
1.1769876028374311
1.1769016232560034
1.1769331774971592
1.1769883520774955
1.1769244492411601
1.1769262488935606
1.1768932188733596
1.1768206039406437
1.1768423262140133
1.1772367305375673
1.1766203606444601
1.1768140607544524
1.176934503978861
1.1769581721497151
1.1770529490311825
1.1771374544234994
1.1770730276065251
1.1770333397014081
1.1772105286824828
1.1771227845282075
1.1772297824972253
1.1772849904944576
1.1772230112157913
1.1768720498543106
1.1770685830536647
1.1768290123999756
1.1766534270997775
1.1766439010383891
1.1766475843745756
1.1766828792596113
1.1768504650034612
1.1769854314940769
1.1769385372906322
1.1768736166264318
1.1769059858407274
1.1770068217138301
1.1768850028938729
1.1768087294365703
1.1767503474541945
1.1768319464390158
1.1768229992166015
1.1768505692271782
1.1776274672706113
1.1761317399401765
1.1769649898063814
1.1769941361344938
1.1770342074978768
1.1771113645467857
1.1770815501776362
1.1768414402908685
1.1770444207566018
1.1769655072432761
1.1770680585533697
1.1772401650695818
1.1772216912138298
1.176952304710329
1.1768469419848477
1.1767585113799732
1.1766326604889894
1.1766209498884952
1.1766558329724119
1.1767733919398791
1.1768076855208809
1.1769548570671133
1.17698268953692
1.1769148494727721
1.1768851738262007
1.1770641454563329
1.1766910711678493
1.1769094031461627
1.1767277627657877
1.1767736423577673
1.1767543822518138
1.1768082296596718
1.1768136089516119
1.1768341866137777
1.1769667290585224
1.1769680813945915
1.1769433406071774
1.1769797242066644
1.1769756791364077
1.1766910036621367
1.1771190257690882
1.1768854922041248
1.1769051790853953
1.1772327478445874
1.1772014833373385
1.1769742277849717
1.1768355578917946
1.1766751983007984
1.1766432634063342
1.1766327394473366
1.1766127745384656
1.176705894708955
1.1766719215620836
1.1769789898891352
1.1769957411245642
1.1769167731195664
1.1769290522578524
1.1770819803379848
1.1772049987944375
1.1768589230842668
1.1766778376114406
1.176705896650952
1.1766484993591768
1.1767094166040759
1.1768052775666378
1.1767736687359016
1.1767874197817494
1.1768424507749395
1.1769432625996623
1.1769409653721488
1.1768777211398775
1.1767842529302286
1.1768694500483852
1.1768781544612159
1.1775790999229097
1.1769595713763856
1.1771264676308266
1.176883072049451
1.1769036881909791
1.1767080162328729
1.1766658617600207
1.1766437457293448
1.1765354530508099
1.1759226950589277
1.177268477519694
1.1769417809615321
1.1769982850814922
1.1769295459991171
1.1769372362695472
1.1769561164360167
1.1769724512761466
1.1768382938261261
1.176686175597125
1.1760324617393221
1.1766217395113863
1.1766576448834019
1.1767542047677646
1.176746462432859
1.1770429638465036
1.1767895173299252
1.1769390158458999
1.176923781621658
1.1768880700782005
1.1769482448615975
1.1767248140073814
1.1768425239689579
1.1762349218822874
1.177450845438665
1.1767997416785549
1.1767219413264538
1.1767822089004698
1.1769115076639727
1.176712490921445
1.1766485244236182
1.1756577945246187
1.177521232905232
1.176922509601692
1.1769991726030071
1.176985776694738
1.1759886978278629
1.1769319927346649
1.1768932126584133
1.1769051564858464
1.1765750264560366
1.1766234885523534
1.1773924223985262
1.1765724363382311
1.1767105087433807
1.1770101974345974
1.1768545620870401
1.1759591769936102
1.1767094440084274
1.1768430016075864
1.1769632361268796
1.1770708759045732
1.1772942756286164
1.1767189693929114
1.1760527878873188
1.1774248239218195
1.1759656585465728
1.1767560678128877
1.1767478851416941
1.1770704790031121
1.1767090438251415
1.1767141750449222
1.1766829931220193
1.1766184313571479
1.1767179954227389
1.1763937053231213
1.1769855043229469
1.1770369508484246
1.1779441574322753
1.1769902031879877
1.1769051205151553
1.1767818643283021
1.1766520327747734
1.1766521378215149
1.1766300441456534
1.1766202888209738
1.1766742115283715
1.1766798023648772
1.1766861817963243
1.1766764909351306
1.1767760049885381
1.1768608905161837
1.1770151111069806
1.1772414752593863
1.1767805124331889
1.1766974786804423
1.1765950557392815
1.1765643750219987
1.1766918116542442
1.1766648571554978
1.1765399595914319
1.175876551190373
1.176639972698371
1.1767604818167345
1.1766529022438355
1.1766474498006905
1.1766214564720587
1.1773221615766964
1.1769993340940366
1.1769550043712256
1.1769555113241412
1.1768848425020972
1.1768045238678659
1.1767563075453695
1.1767537918143229
1.1766134254545926
1.1765345881513569
1.1765420956431762
1.1766301312683711
1.1766945927063197
1.1768817390724795
1.1767411152041543
1.1767673331224502
1.1768560548982072
1.17703717759436
1.1769360213660418
1.1765688137222354
1.1766589577874964
1.1766352623015064
1.1766156462887922
1.1766512976784398
1.176600693930576
1.1765122803601527
1.1764738135111563
1.1766050323637378
1.1766487422695042
1.1761183523779828
1.1765125214994669
1.1758956955848687
1.1774329567074804
1.1770682315274952
1.1770801828388606
1.1769939558033833
1.1768606621440232
1.176609483761331
1.1767781981194905
1.1766614738583372
1.1765656589431348
1.1766307323408414
1.1765540753822712
1.1766082323354434
1.1766235067794366
1.1765107024145611
1.1766437799107969
1.1767495372022798
1.1768382326908065
1.1771287985102656
1.1770446666200893
1.1766938594127492
1.1767167350443768
1.1768033877193924
1.1767933387446305
1.1766715739027813
1.1765646021523648
1.1765528772624494
1.1765721998082377
1.1766260594460731
1.1766365992471963
1.1766432506135356
1.1767723211811403
1.1772025409261551
1.1768898007660225
1.1769238053391562
1.1769297660923499
1.1768471932097211
1.1767805918739453
1.1768786373393634
1.1768244678726789
1.1767118259639235
1.1766111198918565
1.1765966726050356
1.1765449769653218
1.1766043821011114
1.1766643623785824
1.1765984986271356
1.1767643061931881
1.1768173765891383
1.1767635856343941
1.1766027286430381
1.1765441592975525
1.1767260698389568
1.1768005593973618
1.1768843710936667
1.1769411621876653
1.1767499129359893
1.1766471955321349
1.1765909127372862
1.1765848109847601
1.1766580020426161
1.1766670360977258
1.1771157881610084
1.1767912708531794
1.1768621284728584
1.1767445068917703
1.1767698450275654
1.1767461412709272
1.1766518009011526
1.1765636176183161
1.1765663950891054
1.1760679082139371
1.1763484577147529
1.1766575522742908
1.1765492237762865
1.1763548162459818
1.1765969118749182
1.1767824622153995
1.1765760895381574
1.1769939353799082
1.1768210836059108
1.1767693658195097
1.1768448967312777
1.176863133299227
1.1768579765469764
1.1769270029820014
1.1769018006507244
1.1768347072375871
1.1768076768508289
1.1766663912728772
1.1766486434299099
1.1766311893203256
1.176685880037033
1.1766677587534038
1.1766631566001091
1.1767531866701317
1.176643483591866
1.1768312792225526
1.1768069956234763
1.1767017857579356
1.1765734443866427
1.1764747664220123
1.1766604972005847
1.1775587418872142
1.1772816231266567
1.1759867603412824
1.1774695968177098
1.1767886800496312
1.1766728473079782
1.1766730479742591
1.1766957997214869
1.1767068148647708
1.1766914183419976
1.17681322591108
1.1769640805021648
1.1769390341933912
1.1769885519036298
1.1769544810919574
1.1769408752427954
1.1773886787360393
1.1768592712419848
1.1767454476100552
1.1767271240308543
1.1766846823250616
1.1767425417713606
1.1767975917954034
1.176826756023341
1.1768181830865427
1.1768770527540089
1.1765462702720801
1.1766855056547654
1.1767449378742014
1.1766633377626921
1.1766340023330628
1.1766460646241887
1.1766998691786799
1.1762646355717588
1.176934527671589
1.1767845827207484
1.1768213864224231
1.1762773454997622
1.1771129852720774
1.176751191808328
1.1761866100628031
1.177206105594983
1.1769237323907809
1.1770716763437488
1.1771219138317823
1.1762747995893557
1.1776915867361801
1.1768623051572669
1.1761864076734581
1.1775685323720697
1.1760290380271032
1.1767842304982274
1.1767354674638548
1.1767980205791744
1.1767822613897509
1.1765533980202678
1.1768770972673273
1.1770416653073803
1.1772528788222658
1.176818313637134
1.1769231180034727
1.1767879751354706
1.1769538516365035
1.1761377403615139
1.1771975093113014
1.1777401059518808
1.1771186638799611
1.1769612180962865
1.1768092911601564
1.1767724278362168
1.1767971207667702
1.1767487233992604
1.1766144205996303
1.176154938876667
1.177655799856743
1.1770666956577533
1.1773139173345331
1.1769667635299574
1.1770158266739346
1.1770466172628737
1.1768430524753006
1.1769021651357157
1.1768528845851016
1.1768160761153035
1.1767902011923155
1.1768755754042908
1.1767744119431951
1.1771882266877622
1.1770348247094242
1.1770864340439682
1.1771602902448119
1.1773126607727136
1.1771430114724626
1.1769734209271112
1.1772395048813351
1.177529893977652
1.1771425311721637
1.177096106843418
1.1769579216012442
1.1769514676190054
1.1767539480875651
1.1767750799523109
1.1767932041459619
1.1767775058152774
1.1767083622926224
1.1768410202096269
1.1768544314180107
1.177032173534436
1.1767192204928456
1.1769766274008073
1.1770361317548272
1.1773434025001197
1.1767346253733708
1.1769216896010595
1.1768660952872636
1.1768047766840903
1.1768132739341475
1.1770448427293954
1.1770942443183154
1.1769614689737062
1.177018448761423
1.1770835401219046
1.1771201159469471
1.1767112019927377
1.1771037379754594
1.1770214712941816
1.1770735951549316
1.1763150723690008
1.1769935197968322
1.177648404815127
1.1775283203031164
1.1770579006463402
1.177115776716287
1.1769047865632463
1.1767650025472847
1.1767440172733115
1.1767316861134831
1.176780659295912
1.1768816228377186
1.1770383263019715
1.1769999554236521
1.1769814841102724
1.1769813211244067
1.1770608177906132
1.1769674598270135
1.1769936729706696
1.1767690602324961
1.1772491056498313
1.1763953058814882
1.1769981154156373
1.1770266247573444
1.1769286509772499
1.1769426653547868
1.1770328808592094
1.1771032455052048
1.1776234772347791
1.1771501317840443
1.1770896654604865
1.1773042950065389
1.1779389035197572
1.1772923959341881
1.1773667742792344
1.1772930487449302
1.1769081407761501
1.1771676065742891
1.1769071824167123
1.1767000829008261
1.1767023497312032
1.1767127679655047
1.1767561014600698
1.1769061742475353
1.1770255623480419
1.1770630160245303
1.1768730928037798
1.1769057380166397
1.1770070554842205
1.1768852449845284
1.1768088377122714
1.1767502639075422
1.1768319567836567
1.1768230597062679
1.1768507053676638
1.1776274636434771
1.1761315902991123
1.1769648576085927
1.1769940782947028
1.1770335590637133
1.1771054083449266
1.1770693447994651
1.1770188071976835
1.1772079206941892
1.1771252163039616
1.1772366808139045
1.1772882634954798
1.1772214501282774
1.1768713801673198
1.1770727495006508
1.1768311004224405
1.176653358334157
1.1766438135098758
1.1766476336861489
1.1766828681514816
1.176850514941179
1.176985095476903
1.1769379092700698
1.176914685040849
1.176885155346163
1.1770643688462381
1.1766912754452405
1.1769095106968863
1.1767276908467115
1.1767735702140738
1.1767544016149043
1.1768082740441805
1.1768135795018915
1.1768339293437982
1.1769663429473418
1.1769677996588717
1.1769432891228573
1.1769791508467047
1.1769738763597832
1.1768386282173269
1.1770451574594536
1.1769678954430229
1.177072171180789
1.1772419161162468
1.1772228394386803
1.1769534643342272
1.1768471776606939
1.1767582784871062
1.1766326098846074
1.1766211016079895
1.1766562941859464
1.1767736003635958
1.1768080568848458
1.1769548676825827
1.1769825650038148
1.1769168692752099
1.1769290310084732
1.1770818871960953
1.1772049141406595
1.1768588148760026
1.1766776808081461
1.1767058342575478
1.1766485170972987
1.176709477609388
1.1768052277565522
1.1767734619274903
1.1767870635580155
1.1768420307290781
1.17694309737685
1.1769412775989168
1.1768786346815314
1.1766915426533808
1.1771194789718606
1.1768899604138274
1.1769238538269196
1.1772338240673923
1.1772014616520838
1.1769744554866683
1.1768357892876675
1.1766749302664834
1.1766428790037049
1.1766329477224557
1.1766150349928444
1.1767114608156475
1.1766766266357302
1.176979570830033
1.1769959684351508
1.1769302672024242
1.176937239404785
1.1769555906873661
1.1769718424677151
1.1768378135615443
1.1766858655705645
1.1760324163176301
1.1766219095916524
1.1766578780252541
1.1767543908693987
1.1767464458632753
1.1770427435930702
1.1767892169493142
1.1769388142961006
1.1769239886519169
1.1768887216247126
1.176784595233543
1.1768700004557366
1.1768940409914739
1.1776337574659677
1.1769712379509047
1.1771261375454236
1.1768829859028984
1.1769045217846794
1.1767081006234115
1.1766646103616074
1.1766441790372726
1.1765468116295001
1.1759549485969485
1.1772867711650736
1.1769442990196868
1.1769991775935247
1.1759910938405382
1.1769324702030597
1.1768926251157981
1.176904296223505
1.1765742211345245
1.1766230809432621
1.1773924780320395
1.176572746914057
1.1767109983291644
1.1770106816201691
1.1768548044809755
1.1759592158485681
1.17670924717193
1.1768427426366332
1.1769639180837901
1.1770719350352403
1.1769473229398379
1.1767250306730943
1.1768349711079351
1.1761862870451807
1.1774396445481137
1.1767987758674245
1.1767224262733587
1.1767832738524782
1.1769115382001636
1.176709816519675
1.1766457762016374
1.1756767278187965
1.1775693217736409
1.1769423804341426
1.1770002049596591
1.1769874810523944
1.1779492307977024
1.1769920653570314
1.1769042315790355
1.1767808397325843
1.176651324396558
1.1766517897689051
1.1766301067666958
1.1766206120814193
1.1766747435962202
1.1766801750323941
1.1766862139008027
1.176676332589726
1.1767757333579032
1.17686059761851
1.177018478096501
1.1772344293331605
1.1772536970643841
1.1767135233055444
1.1760510874423837
1.1774134727637739
1.1759631562715289
1.1767561016055597
1.1767488610976817
1.1770714699649925
1.17670834349154
1.1767106831414302
1.1766716507239485
1.1765936724751198
1.1766764396602087
1.1763713261671536
1.1769820698974267
1.1770417905021506
1.1769612278402708
1.1768865831769795
1.1768036865133447
1.1767552535718402
1.1767533728040318
1.1766131739331231
1.1765345718590094
1.1765422005935504
1.1766300559938894
1.1766939056890351
1.176880284883169
1.1767398354044587
1.1767664788992866
1.1768556117363274
1.1770343990719485
1.1769124166391767
1.1766852402976935
1.1766777212432726
1.1765967989766855
1.1765638215419376
1.1766921217055757
1.1766658502522245
1.1765410365518172
1.1758771969984139
1.1766390342397721
1.1767574568696049
1.1766467671966192
1.1766316676614805
1.1765934695524622
1.1773043847691209
1.176995282304119
1.1769598774070378
1.176997646272766
1.1768606055331325
1.1766078654460668
1.1767768677428636
1.1766606394558274
1.1765657409009735
1.1766308430268075
1.1765540090786422
1.176607371269526
1.1766209968106838
1.1765072052531871
1.176640806232
1.1767477515254925
1.1768365141879009
1.1771287500557301
1.1770654452683429
1.1766901719340161
1.1766798887541601
1.1766368987624249
1.1766156657592219
1.1766521713447415
1.1766016346310133
1.1765128851971263
1.176473970393529
1.1766052044405138
1.1766500351232696
1.1761223135233396
1.1765147846282988
1.1758909488312219
1.1774287270409953
1.1770664017139867
1.1770827990094508
1.1768483373565224
1.1767797474942578
1.1768765750149202
1.1768194175974713
1.1766946332265338
1.1766100651035545
1.1765971881965702
1.1765451352869332
1.1766030082548873
1.1766606406454014
1.1765935228401241
1.176759872052823
1.1768148930954347
1.1767624938981567
1.1766004689328309
1.1765427658356371
1.1767142644645776
1.1767191495429805
1.1768018906391482
1.1767955507697885
1.1766740274295178
1.1765653833783496
1.1765530996571283
1.1765717909611344
1.1766284756898091
1.1766432344922737
1.1766533192791757
1.176779213063829
1.1772043088776021
1.1768895710730358
1.1769234538173245
1.1769310818338721
1.1766521082356363
1.1765625958047121
1.1765640652801836
1.1760584479214122
1.1763076315995342
1.1766486699557552
1.1765507095978169
1.1763559508881671
1.1765963207771957
1.1767799145763369
1.1765718314493214
1.1769899686812719
1.1768186242771068
1.1767682272804607
1.1768435899706426
1.1768600650930336
1.1767227109927949
1.1767978293243155
1.1768868265290093
1.1769328362260747
1.1767562230567317
1.1766481730139682
1.176590286106451
1.1765842003833789
1.1766616707153641
1.1766746940010306
1.1771253636246466
1.1767934266243949
1.1768601199690971
1.1767424651014919
1.1767696010399062
1.1767468033441142
1.1765744516997683
1.1764743545357601
1.176660061284682
1.1775693793601945
1.1773289433485432
1.1760007759882882
1.1774724904997065
1.1767896804055349
1.1766738680785249
1.1766733476308953
1.1766946579356699
1.1767052270873335
1.1766902514896249
1.1768120200518297
1.1769626586118711
1.1769378330955038
1.1768562604943904
1.1769273642500289
1.1768997631132851
1.1768136550549975
1.1768023090422575
1.1766668216738161
1.1766480989046642
1.17663092168351
1.1766878887269265
1.1766732954413548
1.1766676174179946
1.1767524738463409
1.1766394353134528
1.1768291143180409
1.1768068405584244
1.1767029225277801
1.1766643511770625
1.1766346908756125
1.1766462776352395
1.1767026361063453
1.1762775089312467
1.1769380445566271
1.1767855824320059
1.1768225211976946
1.1762792871828707
1.1771152763429
1.17675368099907
1.1761881756629973
1.1772067990134611
1.1769227078747404
1.177069288574065
1.1771202002658856
1.1769877120555188
1.1769540609163132
1.1769458554913006
1.1774245615009451
1.1768622936799973
1.1767436417448738
1.1767268014321586
1.1766840910970331
1.1767433160227367
1.1767997587448484
1.1768284285919983
1.176818056780137
1.1768765685940425
1.1765463725437684
1.1766863574472146
1.1767461568498025
1.1767842094929888
1.1769498371913969
1.176136161604125
1.1771974288848923
1.1777412730805228
1.1771187826455685
1.1769610874155827
1.1768106502185907
1.1767748920298844
1.1768006808515137
1.1767521454402907
1.1766169179265127
1.1761560278130885
1.1776549800515026
1.1770642482792493
1.1773116582301881
1.1762736203911401
1.1776905970859193
1.1768602231820584
1.1761910807630545
1.1775650973288971
1.1760274427029596
1.1767845773049284
1.1767364230364861
1.1767989486366406
1.1767830027699433
1.1765538897731915
1.176877376056686
1.1770429096532851
1.1772544349399061
1.1768195883189045
1.1769219627693008
1.1769632716985035
1.1772265557249266
1.1775216234134016
1.177139783015281
1.1770949695134771
1.1769573812994443
1.1769515589454584
1.1767551916052714
1.1767776524029432
1.1767964719215653
1.1767805433127299
1.1767107395500678
1.1768424026798903
1.1768540388533884
1.1770308194208847
1.1767176740245844
1.176965929630055
1.177015230694767
1.1770449846004223
1.1768418275104575
1.176901047262578
1.1768526091208023
1.1768165486107161
1.1767909108347197
1.1768762319040422
1.1767748713460726
1.1771885055313722
1.1770349997823255
1.1770870596584686
1.1771618862043343
1.1773146685564189
1.1771397382434226
1.1770170819876924
1.1770599533800881
1.176299273875083
1.1769865404156592
1.177646242643527
1.1775302294101457
1.1770611829834643
1.1771089207020584
1.1769040295328859
1.1767673088715065
1.1767462255114374
1.1767331791982223
1.1767816636206962
1.1768818142278559
1.1770382450972816
1.1770000573855199
1.1769768016356645
1.1770362829956471
1.1773432643926647
1.1767341649428962
1.1769215441996292
1.1768661643137326
1.1768050238109777
1.1768135469419021
1.1770450746084693
1.1770944676935411
1.1769615706643943
1.17701837389024
1.1770839713333379
1.1771218746187444
1.1767152959466574
1.1771065626894255
1.1771029842578562
1.1773044555660659
1.1779366216905647
1.1772847947135723
1.1773638379471285
1.1772990177930462
1.1769163081246636
1.1771570713043908
1.1768996394255558
1.1767002031596032
1.1767032691015338
1.1767134746454144
1.1767564353543416
1.1769064693710143
1.1770260787661029
1.1770637298633029
1.1769819848574461
1.1769816431918447
1.1770606851435454
1.1769672754277882
1.1769935387616801
1.1767692364068634
1.1772492236236529
1.1763952654923593
1.1769980510644249
1.1770266219212073
1.1769286785681929
1.1769425672951896
1.1770331049373235
1.1771054873330482
1.1776315267570725
1.1771634141706846
1.1770765691477163
1.177445304168556
1.1774940707417827
1.1774991274238706
1.1773580956413037
1.1769950593032283
1.1755536991798612
1.1781116541716747
1.1768623592332892
1.1766633113290448
1.1766148968300085
1.1767062505528776
1.1768299161923683
1.1766580945536407
1.1768587756583913
1.1771619904058817
1.1770272120877241
1.1769554194094851
1.1770016764967504
1.1769536152354418
1.1769553796540833
1.176675603974791
1.1767933184193573
1.1768098929056441
1.1769098553502477
1.1769437842600208
1.1769820912510884
1.1769980922595547
1.1770201768227408
1.1769663221559377
1.1770578481722354
1.1770957057828262
1.1768714325450604
1.1777839829284071
1.1772541108457586
1.1772777788363979
1.1773029758882874
1.1771423586650525
1.1766386641350433
1.176820285602969
1.1767632957534639
1.1766652310151275
1.1765436620439305
1.1769439666477588
1.1767525858493078
1.1765698343192068
1.1764738703129212
1.1774728557560943
1.1769446981166245
1.176873079587899
1.1770051515860964
1.1769736020158172
1.1773513704217651
1.1762572473310717
1.1767272220315126
1.1767738491663242
1.1769090885229316
1.1767944636201924
1.1768027922696465
1.1769785263975157
1.1774711559226205
1.1765004704029804
1.1769777767959668
1.1770731719204381
1.1768032077012325
1.1763068461252033
1.1770103415898847
1.1770959752925134
1.1773353129872102
1.1772198160581153
1.1768754946893107
1.1767083753150998
1.1765005490953186
1.17681771725511
1.1766878912457845
1.1767765347747363
1.1767960991015716
1.1766819330132479
1.1768800719924577
1.1770385147078353
1.1769560080252295
1.1768841819838747
1.1769174295412099
1.1770370854453722
1.1767522570205791
1.1766865434342964
1.1767589713980242
1.1770044294473916
1.1763666862229132
1.1768081707020679
1.1766350801121639
1.1767658359418891
1.1769379538515889
1.1769459155107447
1.1769072798800946
1.1767660114725065
1.1768083601865993
1.1769743583383707
1.1765996035660047
1.1777668311072442
1.1774374348420014
1.1771110072747222
1.1769759059300224
1.1768823883594073
1.1766780555649587
1.1766123708079912
1.1766112385380714
1.1765397107940432
1.1759407539350097
1.1774738905950792
1.1762327622573434
1.1770400289356697
1.1769981557382243
1.1769644686557357
1.1769516905588755
1.1770361980368358
1.1769092778515917
1.1766313621972273
1.1766958275017423
1.1766068023012293
1.1767247302582464
1.1767549259941901
1.1766211666812736
1.1767646678194605
1.1768428211198976
1.177172027926418
1.1769387802874403
1.1768575343215935
1.1769002814637024
1.176900506720733
1.176650749163918
1.1769769797960619
1.1766466788173648
1.1767750506279118
1.1770771804387923
1.176943393354724
1.176737785427924
1.1766491136259201
1.1766992135487857
1.1764504443603452
1.1764911213627589
1.1768348229607459
1.1778103938984816
1.1770347637905463
1.1769629326785691
1.1769654540666998
1.1769257967067026
1.1768868611324022
1.1766939684451245
1.1768898992240633
1.1763120882802005
1.1765810413812363
1.1767681646169372
1.1766489619568958
1.1766043467977834
1.1766451671393956
1.1775060710139889
1.1766381892896693
1.1776535616813584
1.176977849648938
1.1768276137592351
1.1765087151611353
1.1767220804727525
1.1765881905679805
1.1767849848109362
1.1766412922274025
1.1771484207402132
1.1768048312065524
1.1766203622555984
1.1766298273401612
1.1766876083460365
1.1765607591995995
1.1764587414284091
1.1764151626423944
1.1773964837109685
1.177229441320893
1.1772009274973951
1.1771454847851546
1.1763619347257628
1.1769413413902969
1.1767902440586853
1.1766876171469725
1.1764614631793622
1.1765439996966975
1.1767121065905251
1.1765642465962192
1.1766128266518898
1.1767330303338532
1.1760669854518537
1.1772988819240666
1.1762187503382224
1.1769935048035542
1.1768023691092608
1.1765777805273707
1.1763154897131261
1.1765418690043605
1.1766541436270028
1.1766148571067778
1.1759056754467412
1.177208410954574
1.1764956969144027
1.1763471626015063
1.1768389584648578
1.1769131153033332
1.1761580230653785
1.1769409358501597
1.1774722313965582
1.1772575693159408
1.1771092973770758
1.1770757840973776
1.1777628634293946
1.1768649298588523
1.176736774575641
1.1765167373123528
1.1763236931551417
1.1764159337982323
1.1765824313812538
1.1765966199815945
1.1766778404925968
1.1767739905618546
1.1767194259013269
1.1763965958792406
1.1769199170691318
1.1768853215879431
1.1767866702511882
1.1766962644191494
1.1766316899712614
1.1765892737866599
1.1766231580450768
1.176954744103611
1.1764180940311788
1.1764635307327385
1.176572842993896
1.1766077453066206
1.176649672641497
1.1767018434315843
1.1773826422185509
1.1768041698891778
1.1762783489332302
1.1781494579478102
1.1770981187678957
1.1769625999251014
1.176870225109478
1.1768520413870414
1.1766036367857322
1.1764467394469214
1.1767959327954527
1.1763077100061161
1.1765347335165619
1.1765936929545679
1.1766474766686199
1.1766963372139094
1.1767511425435135
1.1768278122160285
1.1769952662338468
1.1769284450498745
1.177211052131319
1.1767369891141048
1.1775881946956077
1.1767552540085415
1.17664970116262
1.1761100847792898
1.1764507888750968
1.1765293866271844
1.1766013423867063
1.1766130116490419
1.1765980052774587
1.1766598211893633
1.1768533760499689
1.1768257764165788
1.1769463145427936
1.1769417305780387
1.176769483474714
1.176672245099385
1.1766826969813047
1.1768123224489473
1.1767580634963282
1.1766066996383822
1.1766424153858712
1.1768225110808126
1.1766027366910585
1.176644903813451
1.1766299886985216
1.1774924386409589
1.1768420548366192
1.1764553999186174
1.1771906114819437
1.1774901325557832
1.1766621112782449
1.1775704183065951
1.1761846975298742
1.1769737027447389
1.1767078113601293
1.1768074904885382
1.1765589502530185
1.1765715037215183
1.1766581190718477
1.176597017181261
1.1765849712683489
1.1766384337798992
1.1759877177934619
1.1763053329233892
1.1772475422886091
1.1768121282204975
1.176634762517903
1.1765789123582833
1.1765766971350868
1.1766726357044568
1.1765830609776331
1.1765715744781613
1.1755001021618587
1.1764599259601269
1.1766220024556915
1.1768022640047953
1.1759345370197971
1.1760595713469688
1.1776504208842824
1.1767321932426
1.176870520782028
1.1766035520715685
1.1768132034244234
1.176102593653374
1.1768371680749554
1.1775563927585386
1.1767439897627112
1.1763093022442481
1.1765530336185168
1.1765938549238346
1.176661306510089
1.1766056814695085
1.1765993277873565
1.1766904507514746
1.1774127636237943
1.1767390120770613
1.1767608049690099
1.1767049823142541
1.1766564312977754
1.1765199775294317
1.1766654611639948
1.1767264003733167
1.1766879251636431
1.1767857819810406
1.1779393706549748
1.1768268013488679
1.1767081979408591
1.1766433007307546
1.1766349595179422
1.1765540656758777
1.1764618220616609
1.1767787663019769
1.1769421366442592
1.1768426827373184
1.1768498761944068
1.1768985333101254
1.1768674179522072
1.1759812040709345
1.1767904829102926
1.1766799767466294
1.1766748075019926
1.1766341349661193
1.1766640986980206
1.1766237145925729
1.1767412170567733
1.1767378520109559
1.1767182689642857
1.1766857295091238
1.1766604408712837
1.1766055538777316
1.1764919223908634
1.1765590703556268
1.1765888307840446
1.176714785350975
1.1769146124300836
1.1769157303384798
1.1768788191275898
1.1769886576995523
1.1767355016129866
1.1766287643292999
1.1766348092727004
1.1765524733600978
1.1773826788077735
1.1769042893732546
1.1770914548601099
1.1769258340545896
1.1770131403827522
1.1770071749592101
1.1769686607598957
1.1767876683594496
1.1768431618702873
1.1768125070149171
1.1767873044091537
1.1767203680453588
1.1767367652083944
1.1766428859283975
1.1767925150886476
1.1768189250133243
1.1769340598756457
1.1769070129330843
1.1767609809022423
1.1766599433594418
1.1761543335201405
1.1769937181294012
1.1766333813025958
1.1771815063530733
1.1770780311753957
1.1771703564732472
1.1762360485311614
1.1769216772181215
1.1767580928111918
1.1767077565506017
1.1767324829739874
1.1766912851822966
1.1760347636852688
1.1768843812841663
1.1770752544699317
1.1770652833539994
1.1778175402904341
1.1770463786081913
1.1770499895309656
1.1769931541360357
1.1769192697824276
1.1768715261076104
1.1768000746848122
1.1767808344970527
1.176946977858329
1.1769656414462162
1.1774115284151818
1.1766392692522993
1.1770478908109381
1.1768083476861975
1.1771578020377698
1.1770543297386304
1.1769059102131265
1.1775257884198742
1.1772026922690957
1.1764179441263198
1.177901120857398
1.1771778981229974
1.1776444583167218
1.1767673308574249
1.1767315173648492
1.1768506259045075
1.1768225536524044
1.1769172479808159
1.1768519636385031
1.1766857226219039
1.1769326234744615
1.1770554416046191
1.1762805571798338
1.1769901360672299
1.177098693533833
1.1772884759434348
1.1767737475985633
1.1768536487632719
1.1767850574306467
1.1768117752349521
1.1774880128891458
1.1765117397479592
1.1769300836581855
1.1770152804886649
1.1771759124455567
1.1773639092036881
1.1771431899591445
1.1771209044828483
1.176315282091364
1.1780163537864543
1.1774815708448221
1.1763766204118722
1.1780738351455207
1.1772422792999575
1.1767958918313877
1.1770239028485545
1.1769028909130097
1.1767761347548178
1.176720407414509
1.1769832960582987
1.1768524798885005
1.1759007192493853
1.1776888007897679
1.1771069485491978
1.1770774091081639
1.1769895108960731
1.1770537468121907
1.1770549105187458
1.1770580098407437
1.1767457687222738
1.1768134811042821
1.1767620803842811
1.1770260925246221
1.1770467021656701
1.1771510865062165
1.176892324494146
1.177046658162902
1.1769975949178531
1.1770985088418342
1.1770890697429242
1.1770493315381769
1.1771013088826563
1.1778124362067794
1.1778352555574996
1.1774424872854838
1.1770097625268561
1.1758014504534242
1.1779888919389374
1.1769661539378184
1.1767096607904426
1.1766584780633351
1.1767488423913204
1.1769476993457655
1.1766946789903738
1.1767876106072457
1.1772966900659179
1.1770259052663523
1.176954915896534
1.1770020443396081
1.1769540800500797
1.176955716567726
1.1766756738661726
1.1767934766570922
1.176810314952486
1.1769103425863052
1.1769442875955385
1.1769822291373357
1.1769980786597587
1.177020076453527
1.1769657215303708
1.1770537694046381
1.1770873696104573
1.1770663905442091
1.1774414105805493
1.1774970788566395
1.1775042288663116
1.177360486811623
1.1769897256935318
1.1755382216343939
1.1781124163959809
1.1768685967676757
1.176663527441254
1.1766144642984775
1.176705954746281
1.1768296019495259
1.1766575809811761
1.1768574937680965
1.1771602513714756
1.1769442867020927
1.1768730863890255
1.1770055848716157
1.1769740203735755
1.1773515828654737
1.176257221780785
1.1767272721454407
1.1767741198127442
1.1769094317918056
1.1767947090810369
1.1768027569554025
1.1769782527592414
1.1774709808106074
1.1765005193576019
1.1769771677043219
1.1770707069505153
1.17686809906893
1.1777814508062645
1.1772550337648602
1.1772793317380983
1.1773042929983271
1.1771441641351685
1.1766462468445869
1.1768237793671203
1.1767633942353115
1.176664938901691
1.1765437550251703
1.17694435396049
1.1767531359641159
1.1765697035239338
1.17647357340612
1.1774722776794389
1.1769558687072279
1.176884107422641
1.1769175321570595
1.1770369748144049
1.1767519260825672
1.1766861968216542
1.1767588210883078
1.1770044631182195
1.1763669606642175
1.1768082916146785
1.1766350814249187
1.1767656167084388
1.1769376799598714
1.176945713076611
1.176907198330378
1.176765776269479
1.1768024367379837
1.176305203927277
1.1770090248588476
1.1770952007499773
1.1773344185330055
1.1772189936418009
1.1768751083446802
1.176708055328048
1.176499477531435
1.1768170733353593
1.1766876705742546
1.1767781388938334
1.1767991103550439
1.1766841493322164
1.1768801041177113
1.1770383647392784
1.1769983782619429
1.1769642432627996
1.1769511854520658
1.1770352553023979
1.1769083110649214
1.1766305136810562
1.1766954584538167
1.1766069656337643
1.1767251225785784
1.176755332581084
1.1766214580275793
1.1767647147563962
1.1768425789607955
1.1771716396919656
1.1769387072821189
1.1768581515416419
1.1768103909797376
1.1769758735035749
1.1765989526622338
1.1777694626821493
1.1774359753218031
1.1771087736393853
1.1769750045945744
1.1768826945670254
1.1766777768640155
1.1766105680407846
1.176609641352353
1.1765447996926848
1.1759559172018925
1.1774813505692894
1.1762330632522202
1.1770403066166912
1.1769635829938017
1.1769654710605362
1.176925260950382
1.1768859618882821
1.176692432966602
1.1768887574437126
1.1763117859582328
1.1765814509066721
1.1767688635038527
1.1766498120741939
1.1766050041175857
1.1766454783214075
1.1775059652589479
1.1766377441333851
1.1776537272492416
1.1769796304931006
1.1769035456358672
1.176903226498536
1.1766509944841606
1.1769788689481613
1.176645205379852
1.1767727940675838
1.1770770115544691
1.1769440979650412
1.1767372826030829
1.1766449148916243
1.1766926840958303
1.1764526611096415
1.1765090492369148
1.1768440539392273
1.1778140601462408
1.1770367053640938
1.1772032778882822
1.1771464604934443
1.17636268355985
1.1769408586795431
1.1767889611209579
1.1766868316917736
1.1764613603059317
1.1765445713807265
1.176712989488145
1.1765653009633603
1.1766135344059585
1.1767332681889422
1.1760668526985296
1.1772986013877522
1.1762195625015408
1.1769955829737921
1.1768204525765638
1.1765111110274777
1.17672345879217
1.1765885623104277
1.1767837582483773
1.1766398076798916
1.1771490030135889
1.1768062491319262
1.1766189948582086
1.1766237220270785
1.1766752026820018
1.1765369837310735
1.1764353605421605
1.1764059830338283
1.177400514816465
1.177235563682089
1.1771116919859548
1.177077130385952
1.1777638076037267
1.1768650079011631
1.176736074721374
1.176516229984182
1.1763237001049396
1.1764164490893061
1.1765833071206877
1.176596977877989
1.1766771081944125
1.1767732596028109
1.1767187615997623
1.1763957937689193
1.1769193438455061
1.1768811904346215
1.1767784828872405
1.1765711217720198
1.1763164994988295
1.1765421948133825
1.1766543389799047
1.1766150892465967
1.1759069439447103
1.1772092507858807
1.1764944390911545
1.1763419027765905
1.1768276230711594
1.1769019514880019
1.1761416674026539
1.17693435517866
1.177475718681998
1.1772612267669471
1.1770989958088902
1.1769626003443825
1.1768699782981236
1.1768517518972392
1.1766031009917004
1.1764465492077851
1.1767960330715108
1.1763083597048447
1.1765352325713743
1.1765928698652244
1.1766451070452408
1.1766939394234512
1.1767494498415458
1.1768255951765652
1.1769914777077752
1.1769326070353103
1.1768112245911404
1.1766976677762599
1.1766313191620834
1.176589703831868
1.1766241366077035
1.176955694728606
1.1764185208988092
1.1764634889826562
1.1765727672229163
1.1766088638479095
1.1766548798285847
1.176708743922328
1.1773802723948747
1.1768046356258004
1.1762800631291681
1.1781511271060667
1.1767691907853404
1.1766711667009713
1.1766815457109048
1.1768113417402188
1.1767570865744841
1.1766067580686019
1.1766425638301201
1.1768231183850517
1.1766030428698571
1.1766435541599158
1.1766263985982008
1.177488465140178
1.1768391486383296
1.1764527590368747
1.1771873185323645
1.1774848926805406
1.1772129749596241
1.1767350918195936
1.1775876915471559
1.1767521920816932
1.1766525085397037
1.1761111659899317
1.1764501831826271
1.1765279515043003
1.1766035523986975
1.176619827678733
1.1766113243998573
1.1766663743565475
1.176855695015854
1.1768264846012328
1.1769470364026831
1.1769424761055458
1.1766350619032993
1.1765785474844019
1.1765759323843441
1.1766719077998593
1.1765814517770146
1.1765717725340767
1.1755000061986922
1.1764606338902763
1.1766226530918962
1.1768010855068713
1.175931157933982
1.1760557039366502
1.177647941563998
1.1767303805466398
1.1768685406054986
1.1766007770676592
1.1766593779694403
1.1775698531147145
1.1761776422034818
1.1769289835446282
1.176703516746052
1.1768074876507228
1.1765583288361765
1.1765694283259474
1.1766605588000567
1.1766043402426516
1.1765948314297376
1.1766414616258558
1.1759829933253543
1.1763017234242243
1.177246620539397
1.1768124903566781
1.1766574465198294
1.1765203827495185
1.1766655125915948
1.1767277382221304
1.1766909414324116
1.1767866824570377
1.1779393406227465
1.1768271970402857
1.1767090063476031
1.1766432182814208
1.1766342620973032
1.1765526883759545
1.1764607947436703
1.1767772402231889
1.1769398885604923
1.1768412087760018
1.1768131062417062
1.1760999369652827
1.1768120984472854
1.1774418655589056
1.1767219783565175
1.1763092395091961
1.176552535353405
1.1765935683442121
1.1766633990936497
1.1766111882814501
1.1766036442694383
1.1766886689353155
1.1774057031755591
1.1767348590507969
1.1767598538505233
1.1767058272771032
1.176493035726168
1.1765600709610613
1.1765894161036741
1.1767156478730263
1.1769158441157215
1.176916285577412
1.1768786410845629
1.1769888473014121
1.176736266396373
1.1766278666767667
1.1766348201228065
1.1765546510164537
1.1773838349597834
1.1769029278135457
1.1770882679281711
1.1769232700087904
1.1768481177102759
1.1768995937375553
1.1768895384822535
1.1760894071157855
1.1768067659544188
1.1766781037072307
1.1766765342040499
1.1766359901064274
1.1766673349414669
1.1766273905306845
1.1767421803275178
1.17673744104805
1.1767176811672033
1.1766862340116877
1.1766617444951681
1.176606879381064
1.1761530550667805
1.1769918927608156
1.1766323134832459
1.1771813061828444
1.1770780016868743
1.1771703059718488
1.1762355691248345
1.1769221992636481
1.1767603703842735
1.1767122283008531
1.1767344502637522
1.1766910828436146
1.176035922500974
1.1768831436345639
1.1770718824298858
1.1770622648015088
1.1770115450642908
1.1770054357037005
1.1769708385155961
1.1768077585833399
1.1768410583718023
1.176809056230284
1.1767882688336584
1.1767230758903953
1.1767403483598877
1.1766459666293008
1.1767937733806242
1.1768198562405294
1.1769366835375912
1.1769101206499419
1.1767629511049682
1.1766604989972524
1.1768994468366931
1.1775160592223215
1.1771971724252854
1.1764157923243603
1.1779003206299916
1.1771783889680085
1.177644170949159
1.176765921785343
1.1767338297355863
1.1768542188807301
1.1768256971762936
1.176919356739399
1.1768532604211659
1.1766854877802082
1.1769304085501904
1.1770527430158355
1.1778164811340424
1.1770454834319024
1.1770480549446258
1.1769891107361559
1.1769167780712826
1.1768707883225662
1.17680092061949
1.1767822619756307
1.1769488387213782
1.176967012434712
1.1774123471673619
1.176639887191185
1.1770487363850053
1.1768101630214263
1.1771600405827278
1.1770532267034601
1.1763171023047476
1.178017262609151
1.1774769935335583
1.1763717083951595
1.1780723543087057
1.1772470969879574
1.1767937623007589
1.1770190067273758
1.1768977776560148
1.1767782896325534
1.1767229793742304
1.1769855634431827
1.1768538605286194
1.1759013818065798
1.1776887393457927
1.1771073341565024
1.1762808930401756
1.1769905267475778
1.1770984431159444
1.1772871899285011
1.1767733129476086
1.1768535882227438
1.1767851868121946
1.1768122337257214
1.1774884726023984
1.1765120962072926
1.1769303451660451
1.177015355176751
1.1771762652098059
1.1773655373462002
1.1771466791082976
1.1771241942637181
1.1770596702234053
1.1771059159192705
1.1778110074375183
1.1778301705229879
1.1774403619795391
1.1770278026283423
1.1755619743025532
1.1782384847004095
1.1769476251739437
1.1767079316422882
1.176659728123443
1.1767501151660458
1.1769487264377168
1.1766955714096992
1.1767890407384227
1.17729858191542
1.1770786362005905
1.1769900400941649
1.1770535828223725
1.1770544240993213
1.1770577447600299
1.1767457635373697
1.1768133607693867
1.1767617457781796
1.1770257522736036
1.1770464245892374
1.1771509176458252
1.1768922034700997
1.1770468685111197
1.1769989401018022
1.1771043108892167
1.17709913052337
1.1770030864182552
1.1767506933708676
1.1784505405130665
1.1777301723691325
1.1773730496765806
1.1769662075160645
1.176690483283904
1.1768525275730235
1.1763905517957629
1.1758040815017685
1.1778571390204637
1.1762779985085279
1.1771296995089973
1.1766356330667549
1.1767689454865866
1.177247222627837
1.1771070800244623
1.1769768840338919
1.1770060374739548
1.1768471937424942
1.1768825227756607
1.1768473781933235
1.1769147187905105
1.1766947357628728
1.1767349975031787
1.1769246690502992
1.1770308091628203
1.1771319172261865
1.1768820378524711
1.1769990141214832
1.1778154374228562
1.1770567657847906
1.1767116007944958
1.1770447798574841
1.1778650255946728
1.1775820576327665
1.1773097798542427
1.1769914714492808
1.1766626106392195
1.1767772751513055
1.176611975000341
1.1766765702697857
1.1767470390397758
1.1766682784221674
1.1768300095103297
1.1763464327021651
1.1761921085187053
1.1774801315085044
1.1765391929021496
1.1766024939492492
1.1768549803527499
1.1769482042113872
1.1769401752859998
1.176724095618328
1.1767109187216278
1.1767414783096815
1.17682044868443
1.1768653900219022
1.1769397768228429
1.1770221122113149
1.176991547649789
1.1769033796149109
1.1762723558936641
1.1769943991629654
1.1768670367237843
1.1771276196932141
1.1773328328760424
1.1772961274148961
1.1772451618285653
1.1771046432697141
1.176676233766772
1.1767499396120142
1.1766395754138108
1.1767149639808756
1.1767477119261072
1.1767687667192939
1.1767351404217721
1.1765656123642736
1.1769551922162753
1.1776816132949697
1.1775585118306409
1.1772272305592169
1.1768548226572655
1.1768836548875954
1.1769686327356217
1.1768040098310071
1.1765415829164754
1.1766415911248471
1.1768371786505638
1.1768259103999241
1.176716098511575
1.1768668112387355
1.1769912272389131
1.1768488839148341
1.1769052183220852
1.1776302420615927
1.1767156001762125
1.1770764939201901
1.1773021400208012
1.1771895097449041
1.1771179085446435
1.1770754026503425
1.1769754440935569
1.1768559105437624
1.1766418035010053
1.1761446564139812
1.1770870054669935
1.1764725687564497
1.1767080589954606
1.1767587360206364
1.1769624751588548
1.1771086599135294
1.1769893033030732
1.177021150841802
1.1770068664255733
1.1769458069721417
1.1768768878673339
1.1767772208239731
1.1769963286559286
1.1763695786636976
1.1767546027246776
1.177226084700554
1.1761593108762962
1.176711955957878
1.1768631966335348
1.1769362209139187
1.1769037256522605
1.1761006574692328
1.1766024644912458
1.1767598723509838
1.1769533321996024
1.1768655551010592
1.1768764927988415
1.1768422117021629
1.1778982718169564
1.1768978073842966
1.1766257784300158
1.1765628455380008
1.1766590073021719
1.1766274111695918
1.176505089074968
1.176615716300516
1.1770230013997014
1.1770656431887601
1.1771080649593706
1.1770484626666449
1.1770013443725191
1.1768789637886257
1.1768351558793799
1.1766743456910054
1.1765644456113591
1.1764829487364477
1.1766729642962184
1.1767279790873599
1.1765597836915358
1.1766408704948053
1.1775064278855414
1.1775684613227657
1.1768709312310734
1.1767363792370562
1.1766901118637363
1.1765473437079572
1.1760760304273794
1.1767924670351491
1.1769404130360102
1.1760734574182883
1.1768238128063047
1.1759112774242968
1.17716765062101
1.1766835224668195
1.1766859248256036
1.1767229777456489
1.1767634740354405
1.1773435196495261
1.1773823342603749
1.1774390371363264
1.1774148975623866
1.1773148615633975
1.1771827475451799
1.1770149991574068
1.1775161326843335
1.1758165620762739
1.1764167701734582
1.1763762086957767
1.1765627865844848
1.1765681403291983
1.1765716180428287
1.1767680753216496
1.1760024802524898
1.1761306773236961
1.1768727827813699
1.176819377309847
1.1767173754849911
1.1765511199353766
1.1760430032504301
1.1773143063037366
1.1767858448353357
1.1766054200115275
1.1764938621273617
1.1763968568428602
1.1759937983250535
1.1765566748233125
1.1764138661396732
1.1770291147315124
1.1768542247564595
1.1770523074912362
1.1772843289482247
1.1773934344563755
1.1773146425806107
1.1772244132564302
1.1770951121969402
1.1768952611489323
1.1766939900243014
1.1764552505373469
1.1764240200655123
1.1764026763832636
1.1765052098812587
1.1765293168837156
1.1764014799118994
1.1772757636336806
1.1767508717851793
1.1767307732261498
1.1768001673700899
1.1767952812029294
1.1768040504305191
1.1767512017259945
1.1766623755336532
1.1769788375448647
1.1766391833444101
1.1765554614841109
1.1764348944819412
1.1764742552471703
1.1769281598805155
1.1766075310712631
1.1766181519869601
1.1767040299770706
1.176780904538625
1.1769456558791445
1.1770958362100905
1.1771568905589687
1.1769998590776105
1.176918595665702
1.1769752724521476
1.1769401990923705
1.1766979349731812
1.1764688771105629
1.1765349687382383
1.1765086910126921
1.1765179657150209
1.1765621104384829
1.1770243604049395
1.1769018953693779
1.1767091128625098
1.1767460993029748
1.1768784028990682
1.1768715984898457
1.1771858125120953
1.1769533476664213
1.1768086950464405
1.1762347590135653
1.1768464361686686
1.1765574062928019
1.1764870364719666
1.1765344565919034
1.1765288472389293
1.1766130043409202
1.1765962206232095
1.1766326564522118
1.1767286592199828
1.1768837969583632
1.1768711845139117
1.176618397056187
1.1765423258277075
1.1765066103228414
1.1766817399031295
1.1767580217286115
1.176641487475983
1.1767576403732605
1.1765025958017001
1.176564925539394
1.1765309959274179
1.1765334940184387
1.1761363819297272
1.1761999819848092
1.1768534515080182
1.1770594911871746
1.1771361956479449
1.1772797411740268
1.1775056751604844
1.1771540934739495
1.1770615874106156
1.176698586174715
1.1763462289596285
1.1765590051879558
1.1765315766491959
1.1765888451638611
1.1767000789459785
1.1766009076165946
1.1765637281180503
1.1765801291003724
1.1765981865202577
1.1767063511218128
1.1768179273242771
1.1768846733087974
1.1764107569026436
1.1767118920825417
1.1766152363782758
1.176515335270186
1.1762000645232709
1.1768808183847019
1.1767649347459217
1.1767005039920437
1.1765976509805891
1.1765357727283119
1.1765073147490508
1.1766074958427819
1.1765890089380573
1.1769558635876345
1.1771136851019524
1.1778060911657702
1.1768431293456729
1.1768277112633385
1.1766448797377722
1.1768086333229224
1.1768386878890589
1.1764769626252234
1.1765258315437932
1.1765953483186136
1.1766942173192279
1.1766016912182706
1.176562007010318
1.1765721547611583
1.1763114218100166
1.1766184084348494
1.1767373116668616
1.1769528713429263
1.1772164472431215
1.1767045996335581
1.1766509046447531
1.1765427439127349
1.1764112315066084
1.1769172642887809
1.1765506056435693
1.1768138048983134
1.175960974705313
1.1772719784482499
1.1765416572653868
1.1756987544847184
1.1774116186759749
1.1768251307586237
1.1769135696957351
1.1769707751746252
1.1765027849137468
1.1767314500383934
1.1768260289860617
1.1767900206448214
1.1768181741642796
1.1767152752349186
1.176611602434519
1.1765764540082213
1.1766410349401066
1.1765496348731508
1.1766028262806676
1.1766823928464079
1.1768746021024121
1.1766524688173092
1.1766385318891321
1.1766300684994979
1.1766394559732956
1.176583457759306
1.1764849501847288
1.1765059866840557
1.176698607275789
1.1769368513472152
1.1774172159304486
1.17696046939634
1.1766910634437198
1.1765747743861603
1.1765982971023725
1.1765592715103981
1.1759169278694155
1.1777266043175141
1.1770073194812607
1.1763032693585289
1.1768803265893149
1.1769536495894688
1.1769981572821235
1.1769091318668776
1.1768628254897049
1.1767959807644068
1.1767808554876666
1.1766647414080404
1.1767196645843256
1.1765832538380634
1.1767750409212052
1.1768984015941946
1.1767560517849012
1.1768232516610651
1.1767628715105103
1.1765723687117022
1.1764625546021101
1.1767365339767109
1.1762269929193492
1.1766500979330492
1.1778678815168484
1.1772069876478168
1.1770229058820414
1.1768825270016126
1.1766810923076285
1.1766511047096666
1.1767190239330445
1.176744747574922
1.1767741969248497
1.176993213819113
1.177019103222146
1.1769524969343519
1.1771300314890174
1.177042575095393
1.1770446760765501
1.1770073207614917
1.176977331612888
1.1783502957455605
1.1753264973086965
1.176746817757266
1.1769414301600258
1.1768857695878283
1.1768738727497239
1.1770339686407718
1.1771084242326864
1.1770383664226987
1.1770337470325349
1.1768899402500139
1.1764453510556281
1.177119065040062
1.1774935684711101
1.1772270368379025
1.1772569669822615
1.1771438707611561
1.1767664601343628
1.1764457937674972
1.1772921135802179
1.1766711438626258
1.1767637477080179
1.1771087110961671
1.1768406704704353
1.1762477677795442
1.1767881462331058
1.1773264481173571
1.1771382466559241
1.1770360269751632
1.1770442252199751
1.1770236764331319
1.177021524121556
1.176998653863895
1.1768842469764063
1.176651708554161
1.1769588499811252
1.1770254581961641
1.1768626714109984
1.1771090082021693
1.1771377847856941
1.1771409295400406
1.1771257158943096
1.1771232953771245
1.1770020319421235
1.1772969686942885
1.1781333784053614
1.1776922501842835
1.1772948587923417
1.1770852187552878
1.1768837097704974
1.1769723415521214
1.1768687753749256
1.1767798618005822
1.1767765997429647
1.1767397524804486
1.1769427612499799
1.176533250777746
1.1761272827825051
1.1780370359351271
1.1772251035384034
1.1771206623822397
1.1771052513478948
1.1768639028493164
1.1769623255343677
1.1770349461737426
1.1773076686934567
1.1762456932509304
1.1767901945834491
1.1770076565318668
1.1770249546402145
1.1773231161668327
1.1767012405787849
1.1769836126122133
1.1770716246447939
1.1770697289855347
1.1770245752518038
1.1773924714554114
1.1778005834726162
1.177769109898295
1.1774860838222343
1.1770506452293017
1.1767524075120892
1.1769633106063784
1.1762528964643235
1.1772330365535351
1.1767105137497653
1.1758186465932199
1.1777078623160584
1.1767231578110677
1.1765816231146768
1.177559126635126
1.1771058093329443
1.1769768256986104
1.1770065835722199
1.1768479407798147
1.1768831784943756
1.1768478877959805
1.1769153027002339
1.1766956834738902
1.176736211024269
1.1769255951593078
1.177031089231344
1.1771318868674925
1.1768818406007187
1.1769984486544938
1.1778136829959263
1.1770525204547964
1.1769962197700052
1.1767453200093176
1.1784499939947963
1.1777315808829747
1.1773748604181156
1.1769641955645145
1.1766861377842113
1.1768561743964538
1.1763929314488977
1.175803890839173
1.1778567369426187
1.1762777386025962
1.177129508436783
1.1766351486186
1.1767678899745344
1.1772456453801254
1.1765388318676819
1.1766027525322917
1.1768557105586717
1.1769487955760154
1.1769405759530631
1.1767242148258363
1.1767110696787628
1.1767419726735235
1.176821065042029
1.1768659031750472
1.1769399335752533
1.1770219536197943
1.1769914008022861
1.1769033629374572
1.1762716538375872
1.1769916674117191
1.1767056568693881
1.1770374408757038
1.1778603843926654
1.1775803095994049
1.1773104744940157
1.1769920446436342
1.1766632804802208
1.1767772266526444
1.1766110512039605
1.176676283886857
1.1767470970954568
1.1766687572756804
1.1768305278767233
1.1763466481889908
1.1761912268718699
1.1774794133695508
1.1775582158686366
1.1772276078634534
1.1768554758126679
1.1768837074156797
1.176968078525569
1.1768031607002276
1.1765410476513711
1.1766416209394541
1.1768375222382561
1.1768262731812555
1.1767163872117188
1.1768668153921467
1.1769910664282193
1.1768487110604218
1.1769049144387131
1.1776291389093898
1.1768642976298465
1.1771226939927115
1.1773295993236375
1.177293394032692
1.177243717738492
1.177103402305143
1.1766752223985038
1.176749016678573
1.1766387581593791
1.1767146019697829
1.1767478347191589
1.1767695742632616
1.1767362840305009
1.1765656606160044
1.1769556870228972
1.1776811191195173
1.1769889427938747
1.1770214346040662
1.1770075803452305
1.1769453904575653
1.176875076243016
1.1767753507658509
1.1769951995542851
1.1763694690313518
1.1767550164568703
1.1772268894528111
1.1761602838317675
1.1767123986863619
1.1768631718239333
1.1769358060898225
1.1769033674633187
1.1761021789800428
1.1767201458507937
1.1770832842393821
1.1773053174427917
1.1771900755179749
1.1771156504405855
1.1770720315297909
1.1769733735438586
1.1768553762832819
1.1766410115914669
1.1761431345592364
1.1770852334771285
1.1764731490053446
1.1767098438262689
1.1767571240136707
1.176962897487652
1.1771084285171731
1.1771080633179056
1.1770489056575473
1.1770022220617529
1.1768785611179755
1.1768327907813774
1.1766713104254474
1.1765630728455032
1.1764829240028729
1.1766739857342563
1.1767291313982202
1.1765608591815857
1.1766416055106601
1.1775066426394794
1.1775680733414204
1.1768704267805785
1.1767378057222557
1.1766084139514339
1.1767680750297316
1.1769576101866766
1.1768660047404136
1.17687372333962
1.1768373787418696
1.1778965710428857
1.1768984728301199
1.176625241761442
1.1765586209288914
1.1766525907794212
1.1766214102427468
1.1765065518994566
1.1766187209662988
1.1770354102439986
1.1770707446223767
1.1774181421980725
1.1773170535670574
1.1771852057938137
1.1770150336885172
1.1775137885200466
1.1758140542070976
1.1764158463805121
1.1763765826806771
1.1765641856540667
1.1765695109427976
1.176572599224037
1.1767687383744223
1.1760027654668932
1.1761303934510183
1.1768721143662479
1.1768194961169378
1.1766924688747618
1.1765506161205332
1.176077603381273
1.1767921052967905
1.1769376424278768
1.1760710243812318
1.1768253933666368
1.17591472214468
1.1771680980128925
1.1766765802593417
1.1766743716385868
1.1767103201927731
1.1767536439144426
1.1773411078723712
1.1773725719136767
1.1774384400103448
1.1773170988489625
1.177226719231276
1.17709807592146
1.1768961308070165
1.1766924499935383
1.176453587473921
1.1764235642821772
1.1764033235983875
1.1765066598953478
1.1765303845288713
1.1764018971387811
1.1772757742553082
1.1767500235667867
1.176729639121443
1.1767992987022389
1.1767953525965478
1.1767153502661905
1.1765510668025558
1.176043599537111
1.1773143961804162
1.176785188061326
1.1766041096637785
1.176496475123082
1.1763998675188476
1.1759941765927859
1.1765507280577263
1.1764046141674112
1.1770208118929455
1.1768487563654109
1.1770548943780035
1.1772887658672662
1.1773962868233796
1.1770000876807944
1.1769193834772438
1.1769765887177459
1.1769408661077587
1.1766973076698526
1.1764679265131246
1.1765347650478057
1.1765095409017441
1.1765193922001995
1.176563025326997
1.1770238361976197
1.1769001806959827
1.1767063004156133
1.1767430022597309
1.1768769617552124
1.176869680433525
1.1768036655111822
1.1767485630568115
1.1766623002187551
1.1769801172354668
1.1766402081071765
1.1765558723943992
1.1764358174665499
1.1764750946860885
1.1769283105179544
1.1766075712760629
1.1766194297274843
1.1767058344602705
1.1767820920587011
1.1769490255847521
1.1770998778767863
1.1771595341757803
1.1765420539826286
1.1765063185020892
1.1766813037825721
1.1767579389453966
1.1766413924402173
1.176757020852542
1.17650224967859
1.1765657551890516
1.17653278109211
1.1765344572660077
1.1761345198331175
1.1761964417458701
1.1768493400129996
1.1770566247818051
1.1771363920841686
1.1772780127139544
1.1771829197315062
1.1769513735030654
1.1768102174219122
1.1762377347330559
1.1768484982966729
1.1765572992307209
1.1764856879484378
1.1765322240487317
1.1765279096090153
1.1766164922625528
1.1766031204279517
1.1766378106465465
1.1767302704246612
1.1768853074931633
1.1768723421921397
1.1766186052533876
1.1764109219969641
1.1767121254630564
1.17661511306639
1.1765151774549223
1.1762009184096587
1.176880218198362
1.1767642388363369
1.1767011465922965
1.1765998575848637
1.1765362957181764
1.1765056670651781
1.1766050108576489
1.1765870242405496
1.1769540074314402
1.1771119371899954
1.1778037434472775
1.1775035191362453
1.1771543462092449
1.1770627822891462
1.1766951642877226
1.1763473031165159
1.1765583735707674
1.176530258938763
1.176586277103812
1.1766992771415241
1.1766037914207528
1.1765683227632895
1.1765815898658174
1.176594331300175
1.1767030118624429
1.1768172374031023
1.176884622070695
1.1772174037704246
1.1767055303310687
1.1766511611532624
1.1765418762938311
1.1764099686209921
1.1769164696431851
1.1765496966295472
1.1768135274654532
1.1759620842235745
1.1772727422684905
1.176540935706283
1.1756980953615113
1.1774128152874714
1.1768254051426958
1.1769103652278574
1.1769672847849122
1.176842182711586
1.1768270629168711
1.176637960184959
1.1767878916873791
1.1768327371079956
1.1764746272905011
1.1765266067176887
1.1765964892757523
1.176695573456215
1.1766046602836631
1.1765635674075199
1.176569421966809
1.1763054363318928
1.1766157113373592
1.176736696839116
1.1769530861727
1.1766406648490604
1.1765824539651573
1.1764842078073099
1.1765064466539155
1.1767015216966537
1.1769376356964729
1.1774163823173545
1.1769600209963129
1.1766915455616656
1.1765751997116982
1.1765985549464633
1.1765600337730293
1.1759190904681411
1.1777267518087813
1.1770039703402408
1.1762998592966221
1.1765018192797292
1.1767300313881961
1.1768257484194211
1.1768126790495577
1.1768163898071593
1.1767098603853876
1.1766191742642773
1.1765856547745281
1.1766491189702191
1.1765542099086748
1.1766035921358609
1.17668032533277
1.176873581568888
1.176653415045549
1.1766394788549677
1.1766315188131777
1.1764595090302856
1.176721264963362
1.1762218213789664
1.1766493407008729
1.1778684288121024
1.1772074306632858
1.1770222709414642
1.1768822509935841
1.1766817608473028
1.1766527778926981
1.1767204122712174
1.1767462128531632
1.1767758296369213
1.176992331471405
1.1770158347368906
1.1769504998357032
1.1768790767124637
1.176952570638482
1.1769956471436249
1.1769039193692896
1.1768540388737396
1.1767920565877197
1.1767855034169292
1.1766727070763578
1.1767273266935374
1.1765894431152826
1.1767766484802542
1.1768982893320017
1.17675569057231
1.1768224683913702
1.1767643990739154
1.1765745793851032
1.1764346229611853
1.1770769147853513
1.1774828538844682
1.1772242734344238
1.177255592225311
1.1771432344140289
1.1767670278568167
1.1764450880273389
1.1772937016910141
1.1766732483181148
1.176765903673046
1.1771108179931755
1.1768416515196716
1.1762473064320402
1.1767847617060878
1.1773233943625809
1.1771293047610305
1.1770421335970545
1.1770433021629274
1.1770045714314563
1.1769743851406205
1.1783490276392532
1.1753279771545719
1.1767501266338356
1.1769452878492594
1.1768889265919504
1.1768754464359337
1.1770340963541761
1.1771082535335333
1.1770390347277742
1.1770366261035616
1.1768915950301546
1.1770123707928992
1.1773371657215166
1.1781480809019993
1.1776923260083569
1.1772925593583963
1.177086169600273
1.1768872608248373
1.1769716666531422
1.176867839863516
1.1767815311699128
1.1767786009622478
1.1767414658169106
1.1769435508975776
1.1765334504212446
1.1761277126970495
1.1780363464912431
1.1771378954953586
1.177036068295555
1.1770437977204515
1.1770226266574408
1.1770206120686
1.1769982037395399
1.1768842270951576
1.1766521415115692
1.1769598532696768
1.177026004937044
1.1768630999182916
1.1771091632813189
1.1771380919437222
1.1771421568255811
1.1771291665712225
1.1771299157686896
1.177033797856718
1.1774116155058334
1.1778039179107582
1.1777673501707666
1.1774837378527714
1.1770587774020735
1.1767649995833518
1.1769554243672231
1.1762446999053389
1.177232817694281
1.1767118295859258
1.175819551830164
1.1777085266247487
1.1767236477897431
1.1765827589086792
1.1775602986118776
1.1772261913529021
1.177120814126601
1.1771047823039711
1.1768631803412828
1.1769617329166955
1.1770344719307377
1.177307178398491
1.1762448730099651
1.1767891115245166
1.1770069827885126
1.1770246961456703
1.177323115687815
1.1767015231781945
1.1769845266126382
1.1770749282898478
1.1770758282381515
1.1769983178636505
1.1773180477806675
1.1774897325481777
1.1780560486620748
1.1772669907839861
1.1767532328265078
1.1769957547904537
1.1762204363898503
1.1762745012271283
1.1775277657492034
1.1769474171564618
1.1765180490427398
1.1769232968519872
1.176665686643217
1.1767525096083447
1.1771247680793475
1.1771612900004407
1.1778991867188355
1.1766850427606639
1.1771355917976043
1.1760282109546547
1.1778220547528613
1.1766090380672007
1.1762591736147496
1.1765379535398721
1.1768746691053444
1.1770311100460107
1.1771222825644678
1.1769419229670222
1.1774687553415757
1.1771141008824615
1.1770533282703135
1.1768724859829902
1.1769175777423355
1.1779077395791384
1.1776872331055819
1.1772740054135384
1.1769132190321809
1.1767096469174503
1.1767564203822647
1.1764402242206564
1.1761155777520138
1.1774838947905015
1.1765076413915578
1.1770513509718619
1.176661104520756
1.176735711181121
1.1768935225133677
1.1770315840223116
1.1771340879900094
1.1765617268821855
1.1768271962851027
1.1768662679411479
1.1768345248304219
1.177582637850521
1.1761915436237804
1.1764639952762217
1.1768667183751871
1.1769783966314213
1.1770567846685154
1.1769349491799408
1.1765162726494578
1.1770188685497069
1.1769981481458502
1.176949862983385
1.1763317606514259
1.1780898727511613
1.1773302633131848
1.1772311971075544
1.17705159315373
1.17649829989076
1.1769930638711588
1.1767983511409323
1.1766647452791577
1.1767916219909167
1.1766619836988377
1.1768103935987677
1.1766647686091003
1.1769220276879027
1.1774282985518789
1.1770915682427716
1.1771246522496728
1.176820010791334
1.176830645702138
1.1768472464368283
1.1767762893172566
1.1767710046671436
1.1767303933867479
1.1767738735996802
1.1768792693599941
1.1767841578386917
1.1769151855743281
1.1771851207021855
1.1765939534816658
1.1776559339253048
1.1769852931260332
1.177785276497191
1.1770651831775147
1.1770991253934333
1.1770932038487998
1.1770439271570714
1.1771006169832858
1.1771174701553331
1.1769247173040054
1.1759496229180191
1.1772765205959737
1.1767256812974118
1.1765799281491933
1.1767149039216274
1.1767224576993309
1.176604687887292
1.1773411212648826
1.1765783526836588
1.1769826698541233
1.1770605091995014
1.1776456439832952
1.1760969174328881
1.1767641143004584
1.1769279465384135
1.1770636502865592
1.176309473357547
1.1768693686628557
1.1767467856669664
1.1769222854762393
1.1769249234522861
1.1770347179406104
1.1761736987998199
1.1777947197276548
1.1755588253283031
1.1766578263655958
1.1767954573967623
1.1768632628956619
1.1763706807551817
1.1774259452703135
1.1767186523837674
1.1768179632714104
1.1766163316382652
1.1765037403477983
1.1766020844112071
1.1764483378336708
1.1765043108749609
1.1767740457033156
1.1768580698069764
1.1771536452891773
1.1776617157292664
1.1764261607070348
1.1770417615596307
1.1766805281739887
1.1760974768463304
1.1765517513529735
1.1765858326915788
1.1764387401700307
1.1764557755158138
1.1767779807005971
1.1767778033309813
1.1767202387457256
1.1767686423681427
1.1766394143133083
1.176724745763337
1.1756999748672909
1.1765650317523928
1.1765754340116521
1.1765174882486447
1.1768794383732799
1.176835188234912
1.1767627015077073
1.1767054803042549
1.1766823630722736
1.1764739344841864
1.1765282541385642
1.1767774121156502
1.1768197247512882
1.176837505557883
1.1771771747128306
1.1775107940921301
1.1775630323051867
1.1775409338604759
1.1781143907974501
1.1772417332713037
1.177352710137759
1.1774740773294288
1.1764106605379148
1.1763695579752989
1.1761704981604613
1.1764204430882272
1.1765060042203233
1.1765421231788584
1.1766608840447497
1.176336013790332
1.1766756438342056
1.1767592892966894
1.1766762177190333
1.1766906793564385
1.1765450992359929
1.1764235485047725
1.1771622266410662
1.1767258088657777
1.1765354636090199
1.1764655221980764
1.1765456705282429
1.1764545899154708
1.1765137902624989
1.176650523386497
1.1767580395750494
1.1769812612640973
1.1770701336610583
1.1772836161345213
1.1773405227107741
1.177236970552636
1.1771828506649089
1.177088366941698
1.176911420662361
1.1766257521428192
1.1763266714570921
1.1764352239229889
1.1766197821850886
1.1765285885705612
1.1764996947736284
1.1765225432839059
1.176662833017569
1.176649797263781
1.1768048834583573
1.1767768221784478
1.1767611852086004
1.1767795262131528
1.1767612429539402
1.1766673417536115
1.1764524735680617
1.1765993881992536
1.1765292606518771
1.1764478428300948
1.176547946902412
1.176507096502146
1.1765448656675588
1.1765624009288569
1.1764988952655648
1.1768295230723584
1.1770082593273545
1.1770212134038966
1.1766837198813129
1.176712564976178
1.1767302244293472
1.1769750363837972
1.1770089139979372
1.1768172143337665
1.1767908506041478
1.176541112825457
1.1765377402833201
1.1765146998462495
1.1765303393571405
1.1766330566151662
1.1766601150196863
1.1767267890608575
1.1766566918772181
1.1768292143875683
1.1768355993551227
1.17715757595158
1.1771017283994254
1.1769488958923369
1.1768706565438447
1.1767217483716481
1.1766134190026425
1.1764794525257765
1.176593300524855
1.1763355095296211
1.1767969047749034
1.1766631516021855
1.1767518000097954
1.1767623630338842
1.1768747457960451
1.1768178306218195
1.176829808332376
1.1766361381654897
1.176613274622234
1.1767270661490143
1.176735779250575
1.1762067242771066
1.1764296216185344
1.1765575823431822
1.176536627516652
1.1765157658492513
1.176546769017816
1.1766645167398397
1.1764115749493838
1.1774153621909256
1.1770726613410287
1.1771990564016033
1.1772292548577017
1.1772810827791853
1.1772370275869888
1.1769175884223986
1.1765311534701373
1.1766532061839194
1.1767507834087905
1.1765743262653088
1.176576932013909
1.1765141840213924
1.176633513946471
1.1766466809620932
1.1766831574032213
1.1766447188360107
1.1767088106754919
1.1767302270145772
1.1763113202551447
1.1764479936429688
1.1759852089427696
1.1766389777074668
1.1765010579138508
1.1763472059746749
1.1774366694379979
1.1766920699268029
1.1766841254890039
1.1765520987553608
1.1763901028484955
1.1763495869674185
1.1763787886106241
1.1768334163532721
1.1769292147538686
1.1772922599920148
1.1773755232983425
1.1770367146574903
1.1778712163091298
1.1768896138296587
1.17686968852286
1.1770892634552244
1.1765339458820581
1.1765278778337536
1.1766050848211351
1.1767533343838639
1.17662797637339
1.1765650771150111
1.1765895653734302
1.1765286979751604
1.1766305908920935
1.1768655141483155
1.1776605566686944
1.1773450452671659
1.1774904623808673
1.1766967856790769
1.1764948144374525
1.1761020191187073
1.1767756584064655
1.1770796063499316
1.1768865512292441
1.1766838750024611
1.1764485062403274
1.1765691617093261
1.1766186589162515
1.176889092502869
1.176799639685737
1.17688812590989
1.1769868410078468
1.1767374583870742
1.1766704157818058
1.1767631950340613
1.1767070441944392
1.1765288750127125
1.176773482946287
1.1765440069407289
1.1765456675752257
1.1766542292854059
1.1764950524631614
1.1765260602486358
1.1766214781461726
1.1765669098169793
1.1765931653214787
1.1766607907216893
1.1766607748013984
1.1766441212609269
1.176600691791609
1.176516114237385
1.176538413892545
1.1767767233693263
1.1768622737907966
1.1772342109778111
1.1769675492762852
1.1766687219563401
1.1766021016470127
1.1766685464692372
1.1768196209740169
1.1765460687527687
1.1769046316465253
1.1770347710664117
1.176896057373334
1.176811097364453
1.1759783462703557
1.1769068087589147
1.1768784653594206
1.1768435465307774
1.1768315683374828
1.1768378831928221
1.1773184147238107
1.1760246306714075
1.1764383234533597
1.1767233967349937
1.1769809222355099
1.1766709269057962
1.1767849170913152
1.1766654233603497
1.1761871078540069
1.176309945161095
1.1759817992243757
1.1766618335089283
1.1769376083888521
1.1771552472573936
1.1771366936383152
1.1769150035687082
1.1768900362487418
1.1765714865198069
1.1767446803765635
1.1767582808055606
1.1764141542156361
1.1766448132279304
1.1765642086122525
1.1770910074988035
1.1769678231362142
1.1770945916217397
1.1769915622958409
1.1770173254197844
1.1769993009768762
1.1769894914989514
1.1768659368507921
1.1767956027208399
1.1767832156144564
1.1770925486935793
1.1766425379506
1.1767276446778059
1.1769989324773846
1.1766455646949683
1.1769379102909798
1.176941326600039
1.1769955463557222
1.1765545778224364
1.177937433360142
1.1771707677423984
1.177134162530076
1.1776196083038584
1.1770955196691797
1.1766143829678035
1.1771321304375975
1.1769056092670875
1.1767423350971868
1.1767636732129831
1.1767616221405994
1.1768677692315135
1.1765484050344888
1.1766742144453148
1.1774710946099565
1.1772281490183836
1.177134799852676
1.177042902840657
1.1769673857142522
1.1769981060885248
1.1771008027199854
1.1768167524404121
1.1767560094198593
1.1768984512418155
1.1770667782573014
1.1769330495846744
1.1772453101859157
1.1773920549124728
1.1771409053837152
1.1771596265734321
1.1772269155972459
1.1771066559867149
1.1775488391848754
1.1777619802754402
1.177628760007839
1.1773351115571988
1.1768457339847922
1.1769946585639195
1.1771459937814783
1.1768590672639019
1.1767849052615056
1.1767830532180128
1.1764765832485293
1.1771287164487352
1.176647213284236
1.1767540917489787
1.1772682336571025
1.1773046124709614
1.177430679304398
1.1771500415205798
1.1770797024573385
1.1764116658931014
1.1772083128059392
1.1770239927884734
1.1766277029485328
1.1765178197671053
1.1769244324158228
1.1770078843046574
1.1771576475232044
1.1769907829323911
1.1770647667324905
1.1771111961239105
1.1771367949868548
1.1770978158717187
1.1774464377731113
1.177745734287811
1.1777827615055327
1.1773276940871165
1.1761525414951108
1.1776828024025037
1.1765956601231828
1.1766050550927174
1.176223833748691
1.1777556495767385
1.1765795143711373
1.176987992131528
1.1766963989238033
1.1767829700402423
1.1772954373597402
1.1771612541478365
1.1778998377584782
1.1766856984374567
1.1771357798598998
1.1760284458758163
1.1778228486891094
1.1766099939722587
1.1762604577798079
1.176539359265484
1.1768756076992504
1.1770313616579506
1.1771220593513985
1.1769414960061721
1.1774682315676854
1.1771133437307757
1.1770506421597393
1.1769931367134514
1.1773113251018896
1.1774863992355427
1.1780555222426421
1.1772676221194209
1.1767536305263171
1.1769958170598798
1.1762207284767314
1.1762744934464002
1.1775274885854286
1.1769472069268001
1.1765180946168383
1.176923699418932
1.1766659936496804
1.1767525490123323
1.1771243476834459
1.1770317019966863
1.1771346915936003
1.176561760700205
1.1768262471832349
1.1768651385706452
1.1768341486616238
1.1775827309785449
1.1761920998622275
1.1764648247655272
1.1768673782765759
1.176978632231513
1.1770567014440452
1.1769346874915603
1.1765160374325863
1.1770181885477917
1.176994784019989
1.176865138745151
1.1769071302202585
1.1779002691356044
1.1776837890786722
1.1772738713995201
1.1769134625773203
1.1767093917227212
1.1767559362803486
1.1764397062606575
1.1761153691027582
1.1774840822679633
1.1765082031005218
1.1770519967643152
1.1766613989002215
1.1767348527448511
1.1768919617636395
1.1770917249453041
1.1771254987372959
1.1768209211533143
1.1768302357390177
1.176845562819959
1.1767744945781116
1.1767699332455615
1.1767302547947249
1.1767743086475038
1.1768799639952268
1.1767848805658787
1.1769155053406353
1.1771850007239137
1.1765936571061861
1.1776548250374848
1.1769828921718255
1.1769481357721414
1.1763254169057533
1.1780856795369379
1.1773266481931306
1.1772291014558589
1.177050280821589
1.1764973521835809
1.1769919282292929
1.1767973567094132
1.1766642202460882
1.1767918956665444
1.1766627826652498
1.1768110908591298
1.1766648392945824
1.1769208593122014
1.177428264146992
1.1765779170026986
1.1769841871011795
1.1770638233442623
1.1776485809859425
1.1760951535806921
1.176761192003118
1.176925681713892
1.1770628774878418
1.1763100292470716
1.1768704498253251
1.176748114381853
1.1769232502328657
1.176925147126338
1.1770341694057214
1.176172572286424
1.1777964823992635
1.1777940426471671
1.1770783789744554
1.1771085514742725
1.1770935827757174
1.1770397425582313
1.1770963680505773
1.1771151340518209
1.1769237902668421
1.1759486434531023
1.1772749211911899
1.1767248505100067
1.176579675044938
1.1767136623029066
1.1767205602722761
1.1766170037604173
1.1773447059179851
1.1776614393701765
1.1764281583302689
1.1770460778250122
1.1766828466458561
1.1760958280512477
1.17654712187379
1.1765826897132727
1.1764382000746985
1.1764566039931654
1.1767794003209113
1.176779177641935
1.1767212000072074
1.1767695329574019
1.1766392175084377
1.1767237020955306
1.1757027232486519
1.1755678991470133
1.1766733783249943
1.1768027255734885
1.1768625488421269
1.1763668370681022
1.1774236510093126
1.1767151384792165
1.1768188260749071
1.1766167585701122
1.1764991773288234
1.1765977034876713
1.1764444643952299
1.1765003552226023
1.1767866081853922
1.1769224332687129
1.1771694144316587
1.1775455295890445
1.1781187510851789
1.1772451578148051
1.1773534747019216
1.1774709463542623
1.1764066356266656
1.1763676504949312
1.1761705133255724
1.176421653748053
1.1765076631443732
1.1765435020476376
1.1766613631072369
1.1763381122615668
1.1766758377562285
1.1767582680958151
1.1766760752908256
1.1765678437285305
1.1765790213578571
1.1765192239738129
1.1768787931685094
1.1768360073517823
1.1767713900082597
1.1767055189691857
1.1766856361431939
1.1764758294457078
1.1765211130633619
1.1767686426417079
1.176813283837904
1.1768331866691197
1.1771524130990394
1.1774567542209113
1.1775500694226371
1.1772407674997052
1.1771857004080917
1.1770914578444545
1.1769120828026149
1.1766233267931479
1.17632391714908
1.1764339308857412
1.1766201504490224
1.1765300262789351
1.1765013783897542
1.1765236415366755
1.176663093665882
1.1766490461299099
1.1768031713593929
1.1767770857890438
1.1767607131403803
1.1766898538114625
1.1765455983175745
1.1764240576387939
1.1771620756008265
1.1767266602931661
1.1765367541561598
1.1764611523778701
1.1765500205143584
1.1764568183613893
1.1765067044076032
1.1766412044539682
1.1767523354065603
1.1769806648466514
1.1770687464296032
1.1772744261118588
1.1773404961834939
1.1767134699317285
1.17673131018211
1.1769763505680875
1.1770093775470705
1.1768162245481157
1.1767893664724547
1.1765404422754668
1.1765382197547118
1.17651627837779
1.1765322055462182
1.176633895896763
1.1766593214960672
1.1767197064689181
1.1766516378456955
1.1768363585933417
1.1768381645131476
1.1767779999760606
1.1767597853506164
1.1766676110312793
1.1764534428986619
1.1766000522040521
1.1765298721879072
1.1764477937647255
1.1765493460689918
1.1765064319291847
1.1765406238445246
1.1765600108344882
1.1764982194392741
1.1768304442209427
1.1770119904012137
1.1770267055560204
1.1766872517902469
1.1766363484883637
1.1766135342275172
1.1767271844327134
1.1767359498659486
1.1762058798970281
1.176428547971361
1.1765568212908586
1.1765370942473736
1.1765175298718877
1.1765484945895452
1.1766643886955221
1.1764078921024794
1.1774067312465899
1.1770671775832817
1.1772054827622112
1.1772347078996399
1.1771565220617379
1.1771011174744328
1.1769498432998367
1.1768723172503004
1.1767221945837407
1.1766123249797678
1.1764779150582869
1.1765900103081142
1.1763320808592068
1.1767949944690501
1.1766633310554768
1.1767529139855164
1.1767633282959939
1.1768754492819871
1.176818150617106
1.1768302037901042
1.176448161633689
1.1759857017279978
1.1766390072844435
1.1764999790929642
1.1763451867281647
1.1774350158973212
1.1766910678257207
1.1766841380699971
1.1765542140095899
1.176391738142414
1.1763494809203006
1.1763783410638571
1.1768327501598905
1.1769274360755564
1.1772915653829592
1.1773739430582868
1.1772790587021122
1.1772368052419078
1.1769192472528327
1.1765333237309061
1.1766513996602823
1.1767478589245592
1.1765749555568397
1.1765771897197606
1.1765133560813954
1.1766324232793997
1.1766461978428913
1.1766827949238901
1.1766433046671123
1.1767074216146616
1.1767293840800579
1.1763106771260239
1.1773462226429252
1.1774917501373163
1.1766963866846982
1.1764916807741672
1.1760999755165555
1.1767718718802729
1.1770784899939051
1.176885990893288
1.1766848379814641
1.176449671297763
1.1765695363107436
1.17662137967202
1.176895720768673
1.176804192606099
1.1768860100913368
1.1769808532001547
1.1770337264132029
1.177871834984048
1.1768904598826078
1.1768688080633061
1.177081392502259
1.1765266715769589
1.1765339449115046
1.176613248731909
1.1767573538332616
1.1766271103526957
1.1765658264093539
1.1765892171228298
1.1765278258319867
1.1766325757071838
1.1768662153160927
1.177659784368867
1.1766442840098927
1.1765937076574415
1.176512890036687
1.176536767125671
1.1767848185825815
1.1768596156477011
1.1772325542706386
1.1769670443433271
1.1766688546841322
1.1766024624218843
1.1766690065860146
1.1768226502659467
1.1765529864998887
1.1769087137981527
1.1770334346195059
1.176891962407409
1.1767364741450199
1.1766711340250888
1.1767611123246615
1.1766972710490584
1.1765111722943045
1.1767629529878989
1.1765586340275211
1.1765624344593997
1.1766653965769978
1.1764998651171132
1.1765302566529965
1.1766214734851654
1.176567105669895
1.1765964402624873
1.1766624209305721
1.1766617173666845
1.176297206905988
1.1759396037145406
1.1766505070327409
1.1769370704400055
1.1771578596351056
1.1771371955226602
1.1769151570752825
1.1768894583648912
1.1765712874559224
1.176745034119699
1.1767587803707937
1.176416016762323
1.1766482256925901
1.1765664777283469
1.1770899337439726
1.1769661204892365
1.176811016050928
1.1759792653160459
1.1769046040443982
1.1768712131144621
1.1768305206041036
1.1768234909017699
1.1768452329535872
1.1773338497929153
1.1760361064173959
1.17644580571752
1.1767260152227337
1.1769781487136612
1.1766655061242894
1.1767781696561814
1.1766634204167012
1.1761872337001895
1.1765286321357484
1.1778328369051012
1.1771376383352821
1.1771270369809508
1.1776183436572889
1.1770950932787478
1.1766140689387028
1.1771319946986991
1.1769058663634309
1.1767431704651197
1.1767646930290487
1.1767625236308772
1.1768679962637318
1.1765477790373491
1.1766725230567907
1.1774693621109669
1.1770937698830504
1.1769914979683467
1.177016477983108
1.1769970552138909
1.1769852960843072
1.1768644166591107
1.1767988089141965
1.1767890805714041
1.1770987723224628
1.1766477305186582
1.1767297934942764
1.176997828227393
1.1766423246613571
1.1769357154632556
1.1769422014812272
1.1769971769102083
1.1771430799250262
1.1776518671961775
1.1777856395516868
1.1776269614888528
1.1773321018335983
1.1768446319807151
1.17699435261161
1.1771453396290559
1.1768595155623855
1.1767856902888907
1.176784030806165
1.1764770126830781
1.177128108231033
1.1766458566501194
1.1767524594447218
1.1772666558809821
1.1772273909407485
1.177134311239098
1.1770420647423272
1.1769661234586315
1.1769965493273462
1.1770995822501142
1.1768168918442985
1.1767570602907362
1.1768997017601208
1.1770675827963597
1.1769336933520584
1.1772456951828352
1.1773919126509012
1.1771419613703475
1.1771634571079164
1.1772388402932634
1.1771121629379806
1.1774889150857126
1.1777552999306786
1.1777829380728104
1.1773257804733048
1.1761520715053606
1.1776829810262663
1.1765946267037917
1.1766044047973205
1.1762243304423501
1.1777562095751937
1.1765798187647145
1.1769877997755487
1.1766956723582078
1.1767823809538669
1.1772948556948961
1.1773041938116651
1.177429959966612
1.177149083077317
1.1770787650494525
1.1764107335519951
1.1772073729858779
1.17702306638761
1.1766264142126721
1.1765164987516346
1.1769237122281182
1.1770076978316142
1.1771579892343185
1.1769916421324702
1.1770659277600319
1.1771133567683583
1.1771410593019602
)
;

boundaryField
{
    xmin
    {
        type            cyclic;
    }
    xmax
    {
        type            cyclic;
    }
    ymin
    {
        type            cyclic;
    }
    ymax
    {
        type            cyclic;
    }
    zmin
    {
        type            cyclic;
    }
    zmax
    {
        type            cyclic;
    }
}


// ************************************************************************* //
